Ax,Ay,Az,Gx,Gy,Gz,Label
0.6049196787148594,0.752,1.0,0.6047562664311946,0.7499680184213892,1.0,0
0.7028112449799198,0.752,1.0,0.7028015814084168,0.7499680184213892,1.0,0
0.8009538152610443,0.752,1.0,0.8008468963856388,0.7499680184213892,1.0,0
0.8990963855421688,0.752,1.0,0.8988922113628609,0.7499680184213892,1.0,0
0.9969879518072289,0.752,1.0,0.9969355194766099,0.7499680184213892,1.0,0
0.09111445783132532,0.752,1.0,0.09099921732324545,0.7499680184213892,1.0,0
0.1890060240963855,0.752,1.0,0.18904453230046758,0.7499680184213892,1.0,0
0.28714859437751006,0.752,1.0,0.28708984727768966,0.7499680184213892,1.0,0
0.38529116465863456,0.752,1.0,0.38513516225491173,0.7499680184213892,1.0,0
0.4831827309236948,0.752,1.0,0.48317847036866074,0.7499680184213892,1.0,0
0.5813253012048193,0.752,1.0,0.5812398402536675,0.7499680184213892,1.0,0
0.6794678714859438,0.752,1.0,0.6792851552308896,0.7499680184213892,1.0,0
0.777359437751004,0.752,1.0,0.7773304702081116,0.7499680184213892,1.0,0
0.8755020080321285,0.752,1.0,0.8753757851853338,0.7499680184213892,1.0,0
0.9733935742971888,0.752,1.0,0.9734211001625559,0.7499680184213892,1.0,0
0.06752008032128515,0.752,1.0,0.06748279114571831,0.7499680184213892,1.0,0
0.16566265060240964,0.752,1.0,0.1655281061229404,0.7499680184213892,1.0,0
0.26355421686746994,0.752,1.0,0.26357342110016246,0.7499680184213892,1.0,0
0.3616967871485944,0.752,1.0,0.3616187360773846,0.7499680184213892,1.0,0
0.4598393574297189,0.752,1.0,0.45966405105460667,0.7499680184213892,1.0,0
0.5577309236947792,0.752,1.0,0.5577254209396134,0.7499680184213892,1.0,0
0.6558734939759037,0.752,1.0,0.6557687290533625,0.7499680184213892,1.0,0
0.7540160642570282,0.752,1.0,0.7538140440305845,0.7499680184213892,1.0,0
0.8519076305220884,0.752,1.0,0.8518593590078066,0.7499680184213892,1.0,0
0.9500502008032129,0.752,1.0,0.9499046739850288,0.7499680184213892,1.0,0
0.04392570281124497,0.752,1.0,0.043968371831664244,0.7499680184213892,1.0,0
0.14206827309236952,0.752,1.0,0.14201167994541325,0.7499680184213892,1.0,0
0.24021084337349402,0.752,1.0,0.24005699492263533,0.7499680184213892,1.0,0
0.3381024096385542,0.752,1.0,0.33810230989985746,0.7499680184213892,1.0,0
0.4362449799196787,0.752,1.0,0.43614762487707953,0.7499680184213892,1.0,0
0.5343875502008032,0.752,1.0,0.5342089947620863,0.7499680184213892,1.0,0
0.6322791164658634,0.752,1.0,0.6322543097393083,0.7499680184213892,1.0,0
0.7304216867469879,0.752,1.0,0.7302996247165304,0.7499680184213892,1.0,0
0.8283132530120483,0.752,1.0,0.8283449396937526,0.7499680184213892,1.0,0
0.9264558232931728,0.752,1.0,0.9263902546709746,0.7499680184213892,1.0,0
0.02058232931726911,0.752,1.0,0.020451945654137105,0.7499680184213892,1.0,0
0.11847389558232929,0.752,1.0,0.11849726063135918,0.7499680184213892,1.0,0
0.21661646586345384,0.752,1.0,0.2165425756085813,0.7499680184213892,1.0,0
0.31475903614457834,0.752,1.0,0.3145878905858034,0.7499680184213892,1.0,0
0.4126506024096386,0.752,1.0,0.41263320556302546,0.7499680184213892,1.0,0
0.5107931726907631,0.752,1.0,0.5106925685845591,0.7499680184213892,1.0,0
0.6049196787148594,0.752,1.0,0.6048164723353869,0.7499680184213892,1.0,0
0.703062248995984,0.752,1.0,0.7028617873126091,0.7499680184213892,1.0,0
0.8009538152610443,0.752,1.0,0.8009071022898311,0.7499680184213892,1.0,0
0.8990963855421688,0.752,1.0,0.8989524172670532,0.7499680184213892,1.0,0
0.9969879518072289,0.752,1.0,0.9969977322442753,0.7499680184213892,1.0,0
0.09111445783132532,0.752,1.0,0.09105942322743776,0.7499680184213892,1.0,0
0.18925702811244982,0.752,1.0,0.1891047382046599,0.7499680184213892,1.0,0
0.28714859437751006,0.752,1.0,0.287150053181882,0.7499680184213892,1.0,0
0.38529116465863456,0.752,1.0,0.38519536815910405,0.7499680184213892,1.0,0
0.48343373493975905,0.752,1.0,0.4832406831363262,0.7499680184213892,1.0,0
0.5813253012048193,0.752,1.0,0.5813020530213329,0.7499680184213892,1.0,0
0.6794678714859438,0.752,1.0,0.679347367998555,0.7499680184213892,1.0,0
0.777359437751004,0.752,1.0,0.7773926829757771,0.7499680184213892,1.0,0
0.8755020080321285,0.752,1.0,0.8754379979529991,0.7499680184213892,1.0,0
0.973644578313253,0.752,1.0,0.9734813060667482,0.7499680184213892,1.0,0
0.06752008032128515,0.752,1.0,0.06754500391338375,0.7499680184213892,1.0,0
0.16566265060240964,0.752,1.0,0.16559031889060583,0.7499680184213892,1.0,0
0.2638052208835342,0.752,1.0,0.26363563386782796,0.7499680184213892,1.0,0
0.3616967871485944,0.752,1.0,0.36168094884505,0.7499680184213892,1.0,0
0.4598393574297189,0.752,1.0,0.45972425695879904,0.7499680184213892,1.0,0
0.5579819277108434,0.752,1.0,0.5577856268438057,0.7499680184213892,1.0,0
0.6558734939759037,0.752,1.0,0.6558309418210279,0.7499680184213892,1.0,0
0.7540160642570282,0.752,1.0,0.75387625679825,0.7499680184213892,1.0,0
0.8519076305220884,0.752,1.0,0.851921571775472,0.7499680184213892,1.0,0
0.9500502008032129,0.752,1.0,0.9499668867526941,0.7499680184213892,1.0,0
0.04417670682730923,0.752,1.0,0.044028577735856556,0.7499680184213892,1.0,0
0.14206827309236952,0.752,1.0,0.1420738927130787,0.7499680184213892,1.0,0
0.24021084337349402,0.752,1.0,0.24011920769030076,0.7499680184213892,1.0,0
0.33835341365461846,0.752,1.0,0.33816452266752284,0.7499680184213892,1.0,0
0.4362449799196787,0.752,1.0,0.43620983764474497,0.7499680184213892,1.0,0
0.5343875502008032,0.752,1.0,0.5342712075297517,0.7499680184213892,1.0,0
0.6322791164658634,0.752,1.0,0.6323145156435007,0.7499680184213892,1.0,0
0.7304216867469879,0.752,1.0,0.7303598306207228,0.7499680184213892,1.0,0
0.8285642570281124,0.752,1.0,0.8284051455979449,0.7499680184213892,1.0,0
0.9264558232931728,0.752,1.0,0.926450460575167,0.7499680184213892,1.0,0
0.02058232931726911,0.752,1.0,0.020514158421802542,0.7499680184213892,1.0,0
0.11872489959839361,0.752,1.0,0.11855746653555155,0.7499680184213892,1.0,0
0.21661646586345384,0.752,1.0,0.21660278151277368,0.7499680184213892,1.0,0
0.31475903614457834,0.752,1.0,0.3146480964899957,0.7499680184213892,1.0,0
0.4126506024096386,0.752,1.0,0.41269341146721783,0.7499680184213892,1.0,0
0.5107931726907631,0.752,1.0,0.5107547813522245,0.7499680184213892,1.0,0
0.6049196787148594,0.752,1.0,0.6048786851030523,0.7499680184213892,1.0,0
0.703062248995984,0.752,1.0,0.7029240000802744,0.7499680184213892,1.0,0
0.8009538152610443,0.752,1.0,0.8009693150574966,0.7499680184213892,1.0,0
0.8990963855421688,0.752,1.0,0.8990146300347186,0.7499680184213892,1.0,0
0.9972389558232932,0.752,1.0,0.9970599450119407,0.7499680184213892,1.0,0
0.09111445783132532,0.752,1.0,0.0911216359951032,0.7499680184213892,1.0,0
0.18925702811244982,0.752,1.0,0.18916695097232528,0.7499680184213892,1.0,0
0.2873995983935743,0.752,1.0,0.2872122659495474,0.7499680184213892,1.0,0
0.38529116465863456,0.752,1.0,0.3852575809267695,0.7499680184213892,1.0,0
0.48343373493975905,0.752,1.0,0.48330289590399156,0.7499680184213892,1.0,0
0.5813253012048193,0.752,1.0,0.5813622589255252,0.7499680184213892,1.0,0
0.6794678714859438,0.752,1.0,0.6794075739027473,0.7499680184213892,1.0,0
0.7776104417670684,0.752,1.0,0.7774528888799694,0.7499680184213892,1.0,0
0.8755020080321285,0.752,1.0,0.8754982038571915,0.7499680184213892,1.0,0
0.973644578313253,0.752,1.0,0.9735435188344136,0.7499680184213892,1.0,0
0.06777108433734941,0.752,1.0,0.06760520981757606,0.7499680184213892,1.0,0
0.16566265060240964,0.752,1.0,0.16565052479479814,0.7499680184213892,1.0,0
0.2638052208835342,0.752,1.0,0.26369583977202027,0.7499680184213892,1.0,0
0.3616967871485944,0.752,1.0,0.36174115474924234,0.7499680184213892,1.0,0
0.4598393574297189,0.752,1.0,0.4597864697264644,0.7499680184213892,1.0,0
0.5579819277108434,0.752,1.0,0.5578478396114712,0.7499680184213892,1.0,0
0.6558734939759037,0.752,1.0,0.6558931545886932,0.7499680184213892,1.0,0
0.7540160642570282,0.752,1.0,0.7539384695659154,0.7499680184213892,1.0,0
0.8521586345381527,0.752,1.0,0.8519817776796643,0.7499680184213892,1.0,0
0.9500502008032129,0.752,1.0,0.9500270926568866,0.7499680184213892,1.0,0
0.04417670682730923,0.752,1.0,0.04409079050352199,0.7499680184213892,1.0,0
0.14231927710843373,0.752,1.0,0.14213610548074407,0.7499680184213892,1.0,0
0.24021084337349402,0.752,1.0,0.2401814204579662,0.7499680184213892,1.0,0
0.33835341365461846,0.752,1.0,0.3382247285717152,0.7499680184213892,1.0,0
0.4362449799196787,0.752,1.0,0.4362700435489373,0.7499680184213892,1.0,0
0.5343875502008032,0.752,1.0,0.5343314134339441,0.7499680184213892,1.0,0
0.6325301204819278,0.752,1.0,0.6323767284111661,0.7499680184213892,1.0,0
0.7304216867469879,0.752,1.0,0.7304220433883882,0.7499680184213892,1.0,0
0.8285642570281124,0.752,1.0,0.8284673583656104,0.7499680184213892,1.0,0
0.9267068273092369,0.752,1.0,0.9265126733428324,0.7499680184213892,1.0,0
0.02058232931726911,0.752,1.0,0.020574364325994854,0.7499680184213892,1.0,0
0.11872489959839361,0.752,1.0,0.11861967930321693,0.7499680184213892,1.0,0
0.21661646586345384,0.752,1.0,0.216664994280439,0.7499680184213892,1.0,0
0.31475903614457834,0.752,1.0,0.31471030925766114,0.7499680184213892,1.0,0
0.41290160642570284,0.752,1.0,0.4127556242348832,0.7499680184213892,1.0,0
0.5107931726907631,0.752,1.0,0.5108149872564168,0.7499680184213892,1.0,0
0.6049196787148594,0.752,1.0,0.6049388910072447,0.7499680184213892,1.0,0
0.703062248995984,0.752,1.0,0.7029842059844669,0.7499680184213892,1.0,0
0.8012048192771084,0.752,1.0,0.8010295209616889,0.7499680184213892,1.0,0
0.8990963855421688,0.752,1.0,0.899074835938911,0.7499680184213892,1.0,0
0.9972389558232932,0.752,1.0,0.9971201509161332,0.7499680184213892,1.0,0
0.09136546184738958,0.752,1.0,0.09118184189929557,0.7499680184213892,1.0,0
0.18925702811244982,0.752,1.0,0.18922715687651764,0.7499680184213892,1.0,0
0.2873995983935743,0.752,1.0,0.2872724718537397,0.7499680184213892,1.0,0
0.38529116465863456,0.752,1.0,0.38531778683096185,0.7499680184213892,1.0,0
0.48343373493975905,0.752,1.0,0.4833631018081839,0.7499680184213892,1.0,0
0.5815763052208835,0.752,1.0,0.5814244716931907,0.7499680184213892,1.0,0
0.6794678714859438,0.752,1.0,0.6794697866704127,0.7499680184213892,1.0,0
0.7776104417670684,0.752,1.0,0.7775151016476348,0.7499680184213892,1.0,0
0.8757530120481929,0.752,1.0,0.875560416624857,0.7499680184213892,1.0,0
0.973644578313253,0.752,1.0,0.973605731602079,0.7499680184213892,1.0,0
0.06777108433734941,0.752,1.0,0.06766742258524144,0.7499680184213892,1.0,0
0.16566265060240964,0.752,1.0,0.16571273756246357,0.7499680184213892,1.0,0
0.2638052208835342,0.752,1.0,0.26375805253968565,0.7499680184213892,1.0,0
0.36194779116465864,0.752,1.0,0.3618033675169078,0.7499680184213892,1.0,0
0.4598393574297189,0.752,1.0,0.45984868249412986,0.7499680184213892,1.0,0
0.5579819277108434,0.752,1.0,0.5579080455156635,0.7499680184213892,1.0,0
0.6561244979919679,0.752,1.0,0.6559533604928856,0.7499680184213892,1.0,0
0.7540160642570282,0.752,1.0,0.7539986754701077,0.7499680184213892,1.0,0
0.8521586345381527,0.752,1.0,0.8520439904473298,0.7499680184213892,1.0,0
0.9503012048192772,0.752,1.0,0.9500893054245518,0.7499680184213892,1.0,0
0.04417670682730923,0.752,1.0,0.04415099640771436,0.7499680184213892,1.0,0
0.14231927710843373,0.752,1.0,0.14219631138493644,0.7499680184213892,1.0,0
0.24021084337349402,0.752,1.0,0.24024162636215857,0.7499680184213892,1.0,0
0.33835341365461846,0.752,1.0,0.33828694133938064,0.7499680184213892,1.0,0
0.43649598393574296,0.752,1.0,0.4363322563166027,0.7499680184213892,1.0,0
0.5343875502008032,0.752,1.0,0.5343936262016095,0.7499680184213892,1.0,0
0.6325301204819278,0.752,1.0,0.6324389411788316,0.7499680184213892,1.0,0
0.7306726907630523,0.752,1.0,0.7304822492925805,0.7499680184213892,1.0,0
0.8285642570281124,0.752,1.0,0.8285275642698027,0.7499680184213892,1.0,0
0.9267068273092369,0.752,1.0,0.9265728792470247,0.7499680184213892,1.0,0
0.02058232931726911,0.752,1.0,0.020636577093660236,0.7499680184213892,1.0,0
0.11872489959839361,0.752,1.0,0.11868189207088237,0.7499680184213892,1.0,0
0.2168674698795181,0.752,1.0,0.21672520018463137,0.7499680184213892,1.0,0
0.31475903614457834,0.752,1.0,0.3147705151618535,0.7499680184213892,1.0,0
0.41290160642570284,0.752,1.0,0.4128158301390756,0.7499680184213892,1.0,0
0.5110441767068273,0.752,1.0,0.5108772000240823,0.7499680184213892,1.0,0
0.6051706827309238,0.752,1.0,0.6050011037749101,0.7499680184213892,1.0,0
0.703062248995984,0.752,1.0,0.7030464187521323,0.7499680184213892,1.0,0
0.8012048192771084,0.752,1.0,0.8010917337293543,0.7499680184213892,1.0,0
0.8993473895582329,0.752,1.0,0.8991370487065764,0.7499680184213892,1.0,0
0.9972389558232932,0.752,1.0,0.9971823636837984,0.7499680184213892,1.0,0
0.09136546184738958,0.752,1.0,0.09124405466696095,0.7499680184213892,1.0,0
0.18925702811244982,0.752,1.0,0.18928936964418303,0.7499680184213892,1.0,0
0.2873995983935743,0.752,1.0,0.28733468462140516,0.7499680184213892,1.0,0
0.3855421686746988,0.752,1.0,0.38537999959862723,0.7499680184213892,1.0,0
0.48343373493975905,0.752,1.0,0.48342531457584936,0.7499680184213892,1.0,0
0.5815763052208835,0.752,1.0,0.581484677597383,0.7499680184213892,1.0,0
0.679718875502008,0.752,1.0,0.679529992574605,0.7499680184213892,1.0,0
0.7776104417670684,0.752,1.0,0.7775753075518272,0.7499680184213892,1.0,0
0.8757530120481929,0.752,1.0,0.8756206225290493,0.7499680184213892,1.0,0
0.973644578313253,0.752,1.0,0.9736659375062714,0.7499680184213892,1.0,0
0.06777108433734941,0.752,1.0,0.06772762848943381,0.7499680184213892,1.0,0
0.1659136546184739,0.752,1.0,0.16577294346665594,0.7499680184213892,1.0,0
0.2638052208835342,0.752,1.0,0.26381825844387796,0.7499680184213892,1.0,0
0.36194779116465864,0.752,1.0,0.3618635734211001,0.7499680184213892,1.0,0
0.46009036144578314,0.752,1.0,0.4599088883983222,0.7499680184213892,1.0,0
0.5579819277108434,0.752,1.0,0.5579702582833289,0.7499680184213892,1.0,0
0.6561244979919679,0.752,1.0,0.656015573260551,0.7499680184213892,1.0,0
0.7542670682730923,0.752,1.0,0.7540608882377731,0.7499680184213892,1.0,0
0.8521586345381527,0.752,1.0,0.8521062032149952,0.7499680184213892,1.0,0
0.9503012048192772,0.752,1.0,0.9501515181922173,0.7499680184213892,1.0,0
0.04417670682730923,0.752,1.0,0.04421320917537974,0.7499680184213892,1.0,0
0.14231927710843373,0.752,1.0,0.14225852415260182,0.7499680184213892,1.0,0
0.24046184738955823,0.752,1.0,0.2403038391298239,0.7499680184213892,1.0,0
0.33835341365461846,0.752,1.0,0.338349154107046,0.7499680184213892,1.0,0
0.43649598393574296,0.752,1.0,0.43639446908426816,0.7499680184213892,1.0,0
0.5346385542168675,0.752,1.0,0.5344538321058018,0.7499680184213892,1.0,0
0.6325301204819278,0.752,1.0,0.6324991470830239,0.7499680184213892,1.0,0
0.7306726907630523,0.752,1.0,0.7305444620602459,0.7499680184213892,1.0,0
0.8285642570281124,0.752,1.0,0.8285897770374681,0.7499680184213892,1.0,0
0.9267068273092369,0.752,1.0,0.9266350920146902,0.7499680184213892,1.0,0
0.020833333333333315,0.752,1.0,0.020696782997852603,0.7499680184213892,1.0,0
0.11872489959839361,0.752,1.0,0.11874209797507473,0.7499680184213892,1.0,0
0.2168674698795181,0.752,1.0,0.2167874129522968,0.7499680184213892,1.0,0
0.3150100401606426,0.752,1.0,0.3148327279295189,0.7499680184213892,1.0,0
0.41290160642570284,0.752,1.0,0.412878042906741,0.7499680184213892,1.0,0
0.5110441767068273,0.752,1.0,0.5109394127917477,0.7499680184213892,1.0,0
0.6051706827309238,0.752,1.0,0.6050613096791024,0.7499680184213892,1.0,0
0.7033132530120483,0.752,1.0,0.7031066246563246,0.7499680184213892,1.0,0
0.8012048192771084,0.752,1.0,0.8011519396335467,0.7499680184213892,1.0,0
0.8993473895582329,0.752,1.0,0.8991972546107687,0.7499680184213892,1.0,0
0.9972389558232932,0.752,1.0,0.9972425695879908,0.7499680184213892,1.0,0
0.09136546184738958,0.752,1.0,0.09130426057115332,0.7499680184213892,1.0,0
0.18950803212851403,0.752,1.0,0.1893495755483754,0.7499680184213892,1.0,0
0.2873995983935743,0.752,1.0,0.2873948905255975,0.7499680184213892,1.0,0
0.3855421686746988,0.752,1.0,0.3854402055028196,0.7499680184213892,1.0,0
0.4836847389558233,0.752,1.0,0.4834855204800417,0.7499680184213892,1.0,0
0.5815763052208835,0.752,1.0,0.5815468903650484,0.7499680184213892,1.0,0
0.679718875502008,0.752,1.0,0.6795922053422705,0.7499680184213892,1.0,0
0.7776104417670684,0.752,1.0,0.7776375203194926,0.7499680184213892,1.0,0
0.8757530120481929,0.752,1.0,0.8756828352967148,0.7499680184213892,1.0,0
0.9738955823293173,0.752,1.0,0.9737281502739368,0.7499680184213892,1.0,0
0.06777108433734941,0.752,1.0,0.06778984125709925,0.7499680184213892,1.0,0
0.1659136546184739,0.752,1.0,0.16583515623432132,0.7499680184213892,1.0,0
0.26405622489959846,0.752,1.0,0.26388047121154345,0.7499680184213892,1.0,0
0.36194779116465864,0.752,1.0,0.3619257861887655,0.7499680184213892,1.0,0
0.46009036144578314,0.752,1.0,0.4599711011659876,0.7499680184213892,1.0,0
0.5582329317269077,0.752,1.0,0.5580304641875212,0.7499680184213892,1.0,0
0.6561244979919679,0.752,1.0,0.6560757791647434,0.7499680184213892,1.0,0
0.7542670682730923,0.752,1.0,0.7541210941419654,0.7499680184213892,1.0,0
0.8521586345381527,0.752,1.0,0.8521664091191876,0.7499680184213892,1.0,0
0.9503012048192772,0.752,1.0,0.9502117240964096,0.7499680184213892,1.0,0
0.04442771084337349,0.752,1.0,0.04427341507957211,0.7499680184213892,1.0,0
0.14231927710843373,0.752,1.0,0.14231873005679418,0.7499680184213892,1.0,0
0.24046184738955823,0.752,1.0,0.24036404503401626,0.7499680184213892,1.0,0
0.3386044176706827,0.752,1.0,0.3384093600112384,0.7499680184213892,1.0,0
0.43649598393574296,0.752,1.0,0.43645467498846047,0.7499680184213892,1.0,0
0.5346385542168675,0.752,1.0,0.5345160448734672,0.7499680184213892,1.0,0
0.6325301204819278,0.752,1.0,0.6325613598506893,0.7499680184213892,1.0,0
0.7306726907630523,0.752,1.0,0.7306066748279114,0.7499680184213892,1.0,0
0.8288152610441768,0.752,1.0,0.8286519898051334,0.7499680184213892,1.0,0
0.9267068273092369,0.752,1.0,0.9266952979188825,0.7499680184213892,1.0,0
0.020833333333333315,0.752,1.0,0.020758995765517985,0.7499680184213892,1.0,0
0.11897590361445781,0.752,1.0,0.11880431074274012,0.7499680184213892,1.0,0
0.2168674698795181,0.752,1.0,0.21684962571996225,0.7499680184213892,1.0,0
0.3150100401606426,0.752,1.0,0.3148949406971843,0.7499680184213892,1.0,0
0.41290160642570284,0.752,1.0,0.41293824881093333,0.7499680184213892,1.0,0
0.5110441767068273,0.752,1.0,0.51099961869594,0.7499680184213892,1.0,0
0.6051706827309238,0.752,1.0,0.6051235224467679,0.7499680184213892,1.0,0
0.7033132530120483,0.752,1.0,0.70316883742399,0.7499680184213892,1.0,0
0.8012048192771084,0.752,1.0,0.8012141524012121,0.7499680184213892,1.0,0
0.8993473895582329,0.752,1.0,0.8992594673784342,0.7499680184213892,1.0,0
0.9974899598393574,0.752,1.0,0.9973047823556562,0.7499680184213892,1.0,0
0.09136546184738958,0.752,1.0,0.0913664733388187,0.7499680184213892,1.0,0
0.18950803212851403,0.752,1.0,0.18941178831604083,0.7499680184213892,1.0,0
0.2876506024096386,0.752,1.0,0.2874571032932629,0.7499680184213892,1.0,0
0.3855421686746988,0.752,1.0,0.385502418270485,0.7499680184213892,1.0,0
0.4836847389558233,0.752,1.0,0.4835477332477071,0.7499680184213892,1.0,0
0.5815763052208835,0.752,1.0,0.5816070962692408,0.7499680184213892,1.0,0
0.679718875502008,0.752,1.0,0.6796524112464628,0.7499680184213892,1.0,0
0.7778614457831325,0.752,1.0,0.7776977262236849,0.7499680184213892,1.0,0
0.8757530120481929,0.752,1.0,0.8757430412009071,0.7499680184213892,1.0,0
0.9738955823293173,0.752,1.0,0.9737883561781291,0.7499680184213892,1.0,0
0.06802208835341361,0.752,1.0,0.06785004716129156,0.7499680184213892,1.0,0
0.1659136546184739,0.752,1.0,0.16589536213851364,0.7499680184213892,1.0,0
0.26405622489959846,0.752,1.0,0.26394067711573577,0.7499680184213892,1.0,0
0.36194779116465864,0.752,1.0,0.36198599209295784,0.7499680184213892,1.0,0
0.46009036144578314,0.752,1.0,0.46003130707018,0.7499680184213892,1.0,0
0.5582329317269077,0.752,1.0,0.5580926769551867,0.7499680184213892,1.0,0
0.6561244979919679,0.752,1.0,0.6561379919324087,0.7499680184213892,1.0,0
0.7542670682730923,0.752,1.0,0.7541833069096309,0.7499680184213892,1.0,0
0.8524096385542168,0.752,1.0,0.852228621886853,0.7499680184213892,1.0,0
0.9503012048192772,0.752,1.0,0.9502739368640751,0.7499680184213892,1.0,0
0.04442771084337349,0.752,1.0,0.044335627847237546,0.7499680184213892,1.0,0
0.142570281124498,0.752,1.0,0.14238094282445962,0.7499680184213892,1.0,0
0.24046184738955823,0.752,1.0,0.2404262578016817,0.7499680184213892,1.0,0
0.3386044176706827,0.752,1.0,0.3384715727789038,0.7499680184213892,1.0,0
0.43649598393574296,0.752,1.0,0.4365168877561259,0.7499680184213892,1.0,0
0.5346385542168675,0.752,1.0,0.5345762507776596,0.7499680184213892,1.0,0
0.632781124497992,0.752,1.0,0.6326215657548816,0.7499680184213892,1.0,0
0.7306726907630523,0.752,1.0,0.7306668807321037,0.7499680184213892,1.0,0
0.8288152610441768,0.752,1.0,0.8287121957093257,0.7499680184213892,1.0,0
0.9269578313253013,0.752,1.0,0.926757510686548,0.7499680184213892,1.0,0
0.020833333333333315,0.752,1.0,0.020819201669710352,0.7499680184213892,1.0,0
0.11897590361445781,0.752,1.0,0.11886451664693248,0.7499680184213892,1.0,0
0.2168674698795181,0.752,1.0,0.21690983162415456,0.7499680184213892,1.0,0
0.3150100401606426,0.752,1.0,0.31495514660137663,0.7499680184213892,1.0,0
0.4131526104417671,0.752,1.0,0.4130004615785987,0.7499680184213892,1.0,0
0.5110441767068273,0.752,1.0,0.5110618314636055,0.7499680184213892,1.0,0
0.6051706827309238,0.752,1.0,0.6051837283509602,0.7499680184213892,1.0,0
0.7033132530120483,0.752,1.0,0.7032290433281823,0.7499680184213892,1.0,0
0.8014558232931728,0.752,1.0,0.8012743583054044,0.7499680184213892,1.0,0
0.8993473895582329,0.752,1.0,0.8993196732826265,0.7499680184213892,1.0,0
0.9974899598393574,0.752,1.0,0.9973649882598485,0.7499680184213892,1.0,0
0.09161646586345384,0.752,1.0,0.09142667924301101,0.7499680184213892,1.0,0
0.18950803212851403,0.752,1.0,0.18947199422023314,0.7499680184213892,1.0,0
0.2876506024096386,0.752,1.0,0.2875173091974552,0.7499680184213892,1.0,0
0.3855421686746988,0.752,1.0,0.38556262417467735,0.7499680184213892,1.0,0
0.4836847389558233,0.752,1.0,0.4836079391518994,0.7499680184213892,1.0,0
0.5818273092369478,0.752,1.0,0.5816693090369062,0.7499680184213892,1.0,0
0.679718875502008,0.752,1.0,0.6797146240141283,0.7499680184213892,1.0,0
0.7778614457831325,0.752,1.0,0.7777599389913503,0.7499680184213892,1.0,0
0.876004016064257,0.752,1.0,0.8758052539685725,0.7499680184213892,1.0,0
0.9738955823293173,0.752,1.0,0.9738505689457946,0.7499680184213892,1.0,0
0.06802208835341361,0.752,1.0,0.067912259928957,0.7499680184213892,1.0,0
0.1659136546184739,0.752,1.0,0.16595757490617907,0.7499680184213892,1.0,0
0.26405622489959846,0.752,1.0,0.26400288988340115,0.7499680184213892,1.0,0
0.3621987951807229,0.752,1.0,0.3620482048606233,0.7499680184213892,1.0,0
0.46009036144578314,0.752,1.0,0.46009351983784536,0.7499680184213892,1.0,0
0.5582329317269077,0.752,1.0,0.558152882859379,0.7499680184213892,1.0,0
0.6563755020080322,0.752,1.0,0.6561981978366012,0.7499680184213892,1.0,0
0.7542670682730923,0.752,1.0,0.7542435128138232,0.7499680184213892,1.0,0
0.8524096385542168,0.752,1.0,0.8522888277910453,0.7499680184213892,1.0,0
0.9503012048192772,0.752,1.0,0.9503341427682674,0.7499680184213892,1.0,0
0.04442771084337349,0.752,1.0,0.0443958337514298,0.7499680184213892,1.0,0
0.142570281124498,0.752,1.0,0.14244114872865193,0.7499680184213892,1.0,0
0.24046184738955823,0.752,1.0,0.240486463705874,0.7499680184213892,1.0,0
0.3386044176706827,0.752,1.0,0.33853177868309614,0.7499680184213892,1.0,0
0.4367469879518072,0.752,1.0,0.4365770936603182,0.7499680184213892,1.0,0
0.5346385542168675,0.752,1.0,0.534638463545325,0.7499680184213892,1.0,0
0.632781124497992,0.752,1.0,0.6326837785225471,0.7499680184213892,1.0,0
0.7309236947791165,0.752,1.0,0.7307290934997691,0.7499680184213892,1.0,0
0.8288152610441768,0.752,1.0,0.8287744084769912,0.7499680184213892,1.0,0
0.9269578313253013,0.752,1.0,0.9268197234542133,0.7499680184213892,1.0,0
0.020833333333333315,0.752,1.0,0.02088141443737579,0.7499680184213892,1.0,0
0.11897590361445781,0.752,1.0,0.11892672941459786,0.7499680184213892,1.0,0
0.21711847389558236,0.752,1.0,0.21697204439182,0.7499680184213892,1.0,0
0.3150100401606426,0.752,1.0,0.31501735936904207,0.7499680184213892,1.0,0
0.4131526104417671,0.752,1.0,0.41306267434626415,0.7499680184213892,1.0,0
0.5112951807228916,0.752,1.0,0.5111220373677978,0.7499680184213892,1.0,0
0.6054216867469879,0.752,1.0,0.6052459411186256,0.7499680184213892,1.0,0
0.7033132530120483,0.752,1.0,0.7032912560958477,0.7499680184213892,1.0,0
0.8014558232931728,0.752,1.0,0.8013365710730698,0.7499680184213892,1.0,0
0.8993473895582329,0.752,1.0,0.8993818860502919,0.7499680184213892,1.0,0
0.9974899598393574,0.752,1.0,0.997427201027514,0.7499680184213892,1.0,0
0.09161646586345384,0.752,1.0,0.09148889201067645,0.7499680184213892,1.0,0
0.18950803212851403,0.752,1.0,0.18953420698789858,0.7499680184213892,1.0,0
0.2876506024096386,0.752,1.0,0.28757952196512065,0.7499680184213892,1.0,0
0.3857931726907631,0.752,1.0,0.38562483694234273,0.7499680184213892,1.0,0
0.4836847389558233,0.752,1.0,0.48367015191956486,0.7499680184213892,1.0,0
0.5818273092369478,0.752,1.0,0.5817295149410985,0.7499680184213892,1.0,0
0.6799698795180723,0.752,1.0,0.6797748299183206,0.7499680184213892,1.0,0
0.7778614457831325,0.752,1.0,0.7778201448955426,0.7499680184213892,1.0,0
0.876004016064257,0.752,1.0,0.8758654598727648,0.7499680184213892,1.0,0
0.9738955823293173,0.752,1.0,0.9739107748499869,0.7499680184213892,1.0,0
0.06802208835341361,0.752,1.0,0.06797246583314931,0.7499680184213892,1.0,0
0.16616465863453816,0.752,1.0,0.16601778081037138,0.7499680184213892,1.0,0
0.26405622489959846,0.752,1.0,0.2640630957875935,0.7499680184213892,1.0,0
0.3621987951807229,0.752,1.0,0.3621084107648156,0.7499680184213892,1.0,0
0.4603413654618474,0.752,1.0,0.4601537257420377,0.7499680184213892,1.0,0
0.5582329317269077,0.752,1.0,0.5582150956270444,0.7499680184213892,1.0,0
0.6563755020080322,0.752,1.0,0.6562604106042665,0.7499680184213892,1.0,0
0.7542670682730923,0.752,1.0,0.7543057255814887,0.7499680184213892,1.0,0
0.8524096385542168,0.752,1.0,0.8523510405587107,0.7499680184213892,1.0,0
0.9505522088353414,0.752,1.0,0.9503963555359328,0.7499680184213892,1.0,0
0.04442771084337349,0.752,1.0,0.04445804651909524,0.7499680184213892,1.0,0
0.142570281124498,0.752,1.0,0.14250336149631737,0.7499680184213892,1.0,0
0.24071285140562254,0.752,1.0,0.24054867647353945,0.7499680184213892,1.0,0
0.3386044176706827,0.752,1.0,0.3385939914507615,0.7499680184213892,1.0,0
0.4367469879518072,0.752,1.0,0.43663930642798365,0.7499680184213892,1.0,0
0.5348895582329317,0.752,1.0,0.5346986694495173,0.7499680184213892,1.0,0
0.632781124497992,0.752,1.0,0.6327439844267394,0.7499680184213892,1.0,0
0.7309236947791165,0.752,1.0,0.7307892994039615,0.7499680184213892,1.0,0
0.8288152610441768,0.752,1.0,0.8288346143811836,0.7499680184213892,1.0,0
0.9269578313253013,0.752,1.0,0.9268799293584056,0.7499680184213892,1.0,0
0.02108433734939763,0.752,1.0,0.0209416203415681,0.7499680184213892,1.0,0
0.11897590361445781,0.752,1.0,0.11898693531879018,0.7499680184213892,1.0,0
0.21711847389558236,0.752,1.0,0.2170322502960123,0.7499680184213892,1.0,0
0.31526104417670686,0.752,1.0,0.3150775652732344,0.7499680184213892,1.0,0
0.4131526104417671,0.752,1.0,0.4131228802504565,0.7499680184213892,1.0,0
0.5112951807228916,0.752,1.0,0.5111842501354632,0.7499680184213892,1.0,0
0.6054216867469879,0.752,1.0,0.6053061470228179,0.7499680184213892,1.0,0
0.7033132530120483,0.752,1.0,0.7033514620000401,0.7499680184213892,1.0,0
0.8014558232931728,0.752,1.0,0.8013967769772622,0.7499680184213892,1.0,0
0.8995983935742973,0.752,1.0,0.8994420919544843,0.7499680184213892,1.0,0
0.9974899598393574,0.752,1.0,0.9974874069317063,0.7499680184213892,1.0,0
0.09161646586345384,0.752,1.0,0.09154909791486882,0.7499680184213892,1.0,0
0.18975903614457834,0.752,1.0,0.18959441289209095,0.7499680184213892,1.0,0
0.2876506024096386,0.752,1.0,0.287639727869313,0.7499680184213892,1.0,0
0.3857931726907631,0.752,1.0,0.3856850428465351,0.7499680184213892,1.0,0
0.4836847389558233,0.752,1.0,0.4837303578237572,0.7499680184213892,1.0,0
0.5818273092369478,0.752,1.0,0.5817917277087639,0.7499680184213892,1.0,0
0.6799698795180723,0.752,1.0,0.679837042685986,0.7499680184213892,1.0,0
0.7778614457831325,0.752,1.0,0.7778823576632081,0.7499680184213892,1.0,0
0.876004016064257,0.752,1.0,0.8759276726404301,0.7499680184213892,1.0,0
0.9741465863453815,0.752,1.0,0.9739729876176523,0.7499680184213892,1.0,0
0.06802208835341361,0.752,1.0,0.06803467860081475,0.7499680184213892,1.0,0
0.16616465863453816,0.752,1.0,0.16607999357803682,0.7499680184213892,1.0,0
0.26430722891566266,0.752,1.0,0.26412530855525895,0.7499680184213892,1.0,0
0.3621987951807229,0.752,1.0,0.362170623532481,0.7499680184213892,1.0,0
0.4603413654618474,0.752,1.0,0.4602159385097031,0.7499680184213892,1.0,0
0.5582329317269077,0.752,1.0,0.5582753015312367,0.7499680184213892,1.0,0
0.6563755020080322,0.752,1.0,0.6563206165084589,0.7499680184213892,1.0,0
0.7545180722891567,0.752,1.0,0.754365931485681,0.7499680184213892,1.0,0
0.8524096385542168,0.752,1.0,0.852411246462903,0.7499680184213892,1.0,0
0.9505522088353414,0.752,1.0,0.9504565614401252,0.7499680184213892,1.0,0
0.04467871485943775,0.752,1.0,0.04451825242328755,0.7499680184213892,1.0,0
0.142570281124498,0.752,1.0,0.14256356740050974,0.7499680184213892,1.0,0
0.24071285140562254,0.752,1.0,0.24060888237773181,0.7499680184213892,1.0,0
0.3386044176706827,0.752,1.0,0.3386541973549539,0.7499680184213892,1.0,0
0.4367469879518072,0.752,1.0,0.43669951233217597,0.7499680184213892,1.0,0
0.5348895582329317,0.752,1.0,0.5347608822171827,0.7499680184213892,1.0,0
0.632781124497992,0.752,1.0,0.6328061971944048,0.7499680184213892,1.0,0
0.7309236947791165,0.752,1.0,0.7308515121716269,0.7499680184213892,1.0,0
0.829066265060241,0.752,1.0,0.828896827148849,0.7499680184213892,1.0,0
0.9269578313253013,0.752,1.0,0.9269421421260711,0.7499680184213892,1.0,0
0.02108433734939763,0.752,1.0,0.02100383310923354,0.7499680184213892,1.0,0
0.11922690763052213,0.752,1.0,0.11904914808645561,0.7499680184213892,1.0,0
0.21711847389558236,0.752,1.0,0.2170944630636777,0.7499680184213892,1.0,0
0.31526104417670686,0.752,1.0,0.3151397780408998,0.7499680184213892,1.0,0
0.4131526104417671,0.752,1.0,0.4131850930181219,0.7499680184213892,1.0,0
0.5112951807228916,0.752,1.0,0.5112444560396555,0.7499680184213892,1.0,0
0.6054216867469879,0.752,1.0,0.6053683597904834,0.7499680184213892,1.0,0
0.7035642570281124,0.752,1.0,0.7034136747677056,0.7499680184213892,1.0,0
0.8014558232931728,0.752,1.0,0.8014589897449276,0.7499680184213892,1.0,0
0.8995983935742973,0.752,1.0,0.8995043047221496,0.7499680184213892,1.0,0
0.9977409638554218,0.752,1.0,0.9975496196993717,0.7499680184213892,1.0,0
0.09161646586345384,0.752,1.0,0.0916113106825342,0.7499680184213892,1.0,0
0.18975903614457834,0.752,1.0,0.18965662565975627,0.7499680184213892,1.0,0
0.2876506024096386,0.752,1.0,0.2877019406369784,0.7499680184213892,1.0,0
0.3857931726907631,0.752,1.0,0.38574725561420053,0.7499680184213892,1.0,0
0.4839357429718876,0.752,1.0,0.4837925705914226,0.7499680184213892,1.0,0
0.5818273092369478,0.752,1.0,0.5818519336129563,0.7499680184213892,1.0,0
0.6799698795180723,0.752,1.0,0.6798972485901783,0.7499680184213892,1.0,0
0.7781124497991969,0.752,1.0,0.7779425635674004,0.7499680184213892,1.0,0
0.876004016064257,0.752,1.0,0.8759878785446226,0.7499680184213892,1.0,0
0.9741465863453815,0.752,1.0,0.9740331935218447,0.7499680184213892,1.0,0
0.06827309236947793,0.752,1.0,0.06809488450500711,0.7499680184213892,1.0,0
0.16616465863453816,0.752,1.0,0.1661401994822292,0.7499680184213892,1.0,0
0.26430722891566266,0.752,1.0,0.26418551445945126,0.7499680184213892,1.0,0
0.3621987951807229,0.752,1.0,0.36223082943667334,0.7499680184213892,1.0,0
0.4603413654618474,0.752,1.0,0.46027614441389547,0.7499680184213892,1.0,0
0.558483935742972,0.752,1.0,0.5583375142989022,0.7499680184213892,1.0,0
0.6563755020080322,0.752,1.0,0.6563828292761242,0.7499680184213892,1.0,0
0.7545180722891567,0.752,1.0,0.7544281442533464,0.7499680184213892,1.0,0
0.8526606425702812,0.752,1.0,0.8524734592305685,0.7499680184213892,1.0,0
0.9505522088353414,0.752,1.0,0.9505187742077905,0.7499680184213892,1.0,0
0.04467871485943775,0.752,1.0,0.04458046519095299,0.7499680184213892,1.0,0
0.142570281124498,0.752,1.0,0.14262578016817506,0.7499680184213892,1.0,0
0.24071285140562254,0.752,1.0,0.2406710951453972,0.7499680184213892,1.0,0
0.338855421686747,0.752,1.0,0.3387164101226193,0.7499680184213892,1.0,0
0.4367469879518072,0.752,1.0,0.4367617250998414,0.7499680184213892,1.0,0
0.5348895582329317,0.752,1.0,0.5348210881213751,0.7499680184213892,1.0,0
0.6330321285140563,0.752,1.0,0.6328664030985971,0.7499680184213892,1.0,0
0.7309236947791165,0.752,1.0,0.7309117180758192,0.7499680184213892,1.0,0
0.829066265060241,0.752,1.0,0.8289570330530414,0.7499680184213892,1.0,0
0.9272088353413654,0.752,1.0,0.9270023480302634,0.7499680184213892,1.0,0
0.02108433734939763,0.752,1.0,0.021064039013425906,0.7499680184213892,1.0,0
0.11922690763052213,0.752,1.0,0.11910935399064798,0.7499680184213892,1.0,0
0.21711847389558236,0.752,1.0,0.21715466896787006,0.7499680184213892,1.0,0
0.31526104417670686,0.752,1.0,0.31519998394509213,0.7499680184213892,1.0,0
0.41340361445783136,0.752,1.0,0.41324529892231426,0.7499680184213892,1.0,0
0.5112951807228916,0.752,1.0,0.511306668807321,0.7499680184213892,1.0,0
0.6054216867469879,0.752,1.0,0.6054305725581488,0.7499680184213892,1.0,0
0.7035642570281124,0.752,1.0,0.7034738806718979,0.7499680184213892,1.0,0
0.8017068273092369,0.752,1.0,0.8015191956491199,0.7499680184213892,1.0,0
0.8995983935742973,0.752,1.0,0.899564510626342,0.7499680184213892,1.0,0
0.9977409638554218,0.752,1.0,0.9976098256035641,0.7499680184213892,1.0,0
0.09161646586345384,0.752,1.0,0.09167352345019963,0.7499680184213892,1.0,0
0.18975903614457834,0.752,1.0,0.18971683156394864,0.7499680184213892,1.0,0
0.28790160642570284,0.752,1.0,0.2877621465411707,0.7499680184213892,1.0,0
0.3857931726907631,0.752,1.0,0.38580746151839285,0.7499680184213892,1.0,0
0.4839357429718876,0.752,1.0,0.4838527764956149,0.7499680184213892,1.0,0
0.5820783132530121,0.752,1.0,0.5819141463806217,0.7499680184213892,1.0,0
0.6799698795180723,0.752,1.0,0.6799594613578437,0.7499680184213892,1.0,0
0.7781124497991969,0.752,1.0,0.7780047763350659,0.7499680184213892,1.0,0
0.8762550200803214,0.752,1.0,0.876050091312288,0.7499680184213892,1.0,0
0.9741465863453815,0.752,1.0,0.9740954062895101,0.7499680184213892,1.0,0
0.06827309236947793,0.752,1.0,0.06815709727267244,0.7499680184213892,1.0,0
0.16616465863453816,0.752,1.0,0.16620241224989463,0.7499680184213892,1.0,0
0.26430722891566266,0.752,1.0,0.26424772722711665,0.7499680184213892,1.0,0
0.36244979919678716,0.752,1.0,0.3622930422043388,0.7499680184213892,1.0,0
0.4603413654618474,0.752,1.0,0.46033835718156085,0.7499680184213892,1.0,0
0.558483935742972,0.752,1.0,0.5583977202030945,0.7499680184213892,1.0,0
0.6566265060240964,0.752,1.0,0.6564430351803167,0.7499680184213892,1.0,0
0.7545180722891567,0.752,1.0,0.7544883501575387,0.7499680184213892,1.0,0
0.8526606425702812,0.752,1.0,0.8525336651347608,0.7499680184213892,1.0,0
0.9505522088353414,0.752,1.0,0.9505789801119828,0.7499680184213892,1.0,0
0.04467871485943775,0.752,1.0,0.04464067109514536,0.7499680184213892,1.0,0
0.14282128514056225,0.752,1.0,0.14268598607236743,0.7499680184213892,1.0,0
0.24071285140562254,0.752,1.0,0.24073130104958956,0.7499680184213892,1.0,0
0.338855421686747,0.752,1.0,0.33877661602681164,0.7499680184213892,1.0,0
0.4369979919678715,0.752,1.0,0.43682193100403377,0.7499680184213892,1.0,0
0.5348895582329317,0.752,1.0,0.5348833008890405,0.7499680184213892,1.0,0
0.6330321285140563,0.752,1.0,0.6329286158662626,0.7499680184213892,1.0,0
0.7311746987951808,0.752,1.0,0.7309739308434846,0.7499680184213892,1.0,0
0.829066265060241,0.752,1.0,0.8290192458207069,0.7499680184213892,1.0,0
0.9272088353413654,0.752,1.0,0.9270645607979289,0.7499680184213892,1.0,0
0.02108433734939763,0.752,1.0,0.021126251781091232,0.7499680184213892,1.0,0
0.11922690763052213,0.752,1.0,0.11917156675831336,0.7499680184213892,1.0,0
0.21736947791164662,0.752,1.0,0.21721688173553544,0.7499680184213892,1.0,0
0.31526104417670686,0.752,1.0,0.31526219671275757,0.7499680184213892,1.0,0
0.41340361445783136,0.752,1.0,0.4133075116899797,0.7499680184213892,1.0,0
0.5115461847389559,0.752,1.0,0.5113668747115133,0.7499680184213892,1.0,0
0.6056726907630522,0.752,1.0,0.6054907784623411,0.7499680184213892,1.0,0
0.7035642570281124,0.752,1.0,0.7035360934395632,0.7499680184213892,1.0,0
0.8017068273092369,0.752,1.0,0.8015814084167854,0.7499680184213892,1.0,0
0.8995983935742973,0.752,1.0,0.8996267233940074,0.7499680184213892,1.0,0
0.9977409638554218,0.752,1.0,0.9976720383712295,0.7499680184213892,1.0,0
0.0918674698795181,0.752,1.0,0.091733729354392,0.7499680184213892,1.0,0
0.18975903614457834,0.752,1.0,0.18977904433161408,0.7499680184213892,1.0,0
0.28790160642570284,0.752,1.0,0.28782435930883615,0.7499680184213892,1.0,0
0.38604417670682734,0.752,1.0,0.38586967428605823,0.7499680184213892,1.0,0
0.4839357429718876,0.752,1.0,0.48391498926328036,0.7499680184213892,1.0,0
0.5820783132530121,0.752,1.0,0.581974352284814,0.7499680184213892,1.0,0
0.6802208835341366,0.752,1.0,0.6800196672620361,0.7499680184213892,1.0,0
0.7781124497991969,0.752,1.0,0.7780649822392582,0.7499680184213892,1.0,0
0.8762550200803214,0.752,1.0,0.8761102972164803,0.7499680184213892,1.0,0
0.9741465863453815,0.752,1.0,0.9741556121937024,0.7499680184213892,1.0,0
0.06827309236947793,0.752,1.0,0.06821730317686481,0.7499680184213892,1.0,0
0.16641566265060243,0.752,1.0,0.16626261815408694,0.7499680184213892,1.0,0
0.26430722891566266,0.752,1.0,0.264307933131309,0.7499680184213892,1.0,0
0.36244979919678716,0.752,1.0,0.3623532481085311,0.7499680184213892,1.0,0
0.46059236947791166,0.752,1.0,0.4603985630857532,0.7499680184213892,1.0,0
0.558483935742972,0.752,1.0,0.5584599329707599,0.7499680184213892,1.0,0
0.6566265060240964,0.752,1.0,0.656505247947982,0.7499680184213892,1.0,0
0.7545180722891567,0.752,1.0,0.7545505629252041,0.7499680184213892,1.0,0
0.8526606425702812,0.752,1.0,0.8525958779024263,0.7499680184213892,1.0,0
0.9508032128514057,0.752,1.0,0.9506411928796483,0.7499680184213892,1.0,0
0.04467871485943775,0.752,1.0,0.044702883862810794,0.7499680184213892,1.0,0
0.14282128514056225,0.752,1.0,0.14274819884003287,0.7499680184213892,1.0,0
0.24096385542168675,0.752,1.0,0.24079351381725494,0.7499680184213892,1.0,0
0.338855421686747,0.752,1.0,0.338838828794477,0.7499680184213892,1.0,0
0.4369979919678715,0.752,1.0,0.43688414377169915,0.7499680184213892,1.0,0
0.535140562248996,0.752,1.0,0.5349435067932328,0.7499680184213892,1.0,0
0.6330321285140563,0.752,1.0,0.6329888217704549,0.7499680184213892,1.0,0
0.7311746987951808,0.752,1.0,0.7310341367476769,0.7499680184213892,1.0,0
0.829066265060241,0.752,1.0,0.829079451724899,0.7499680184213892,1.0,0
0.9272088353413654,0.752,1.0,0.9271247667021212,0.7499680184213892,1.0,0
0.021335341365461835,0.752,1.0,0.0211864576852836,0.7499680184213892,1.0,0
0.11922690763052213,0.752,1.0,0.11923177266250573,0.7499680184213892,1.0,0
0.21736947791164662,0.752,1.0,0.2172770876397278,0.7499680184213892,1.0,0
0.3155120481927711,0.752,1.0,0.3153224026169499,0.7499680184213892,1.0,0
0.41340361445783136,0.752,1.0,0.413367717594172,0.7499680184213892,1.0,0
0.5115461847389559,0.752,1.0,0.5114290874791787,0.7499680184213892,1.0,0
0.6056726907630522,0.752,1.0,0.6055529912300066,0.7499680184213892,1.0,0
0.7035642570281124,0.752,1.0,0.7035983062072286,0.7499680184213892,1.0,0
0.8017068273092369,0.752,1.0,0.8016436211844508,0.7499680184213892,1.0,0
0.8998493975903614,0.752,1.0,0.8996869292981997,0.7499680184213892,1.0,0
0.9977409638554218,0.752,1.0,0.9977322442754218,0.7499680184213892,1.0,0
0.0918674698795181,0.752,1.0,0.09179594212205733,0.7499680184213892,1.0,0
0.19001004016064255,0.752,1.0,0.18984125709927951,0.7499680184213892,1.0,0
0.28790160642570284,0.752,1.0,0.2878865720765016,0.7499680184213892,1.0,0
0.38604417670682734,0.752,1.0,0.3859298801902506,0.7499680184213892,1.0,0
0.4839357429718876,0.752,1.0,0.48397519516747267,0.7499680184213892,1.0,0
0.5820783132530121,0.752,1.0,0.5820365650524794,0.7499680184213892,1.0,0
0.6802208835341366,0.752,1.0,0.6800818800297015,0.7499680184213892,1.0,0
0.7781124497991969,0.752,1.0,0.7781271950069236,0.7499680184213892,1.0,0
0.8762550200803214,0.752,1.0,0.8761725099841458,0.7499680184213892,1.0,0
0.9743975903614458,0.752,1.0,0.9742178249613678,0.7499680184213892,1.0,0
0.06827309236947793,0.752,1.0,0.06827951594453024,0.7499680184213892,1.0,0
0.16641566265060243,0.752,1.0,0.16632483092175232,0.7499680184213892,1.0,0
0.2645582329317269,0.752,1.0,0.26437014589897445,0.7499680184213892,1.0,0
0.36244979919678716,0.752,1.0,0.3624154608761965,0.7499680184213892,1.0,0
0.46059236947791166,0.752,1.0,0.4604607758534186,0.7499680184213892,1.0,0
0.558483935742972,0.752,1.0,0.5585201388749522,0.7499680184213892,1.0,0
0.6566265060240964,0.752,1.0,0.6565654538521744,0.7499680184213892,1.0,0
0.7547690763052208,0.752,1.0,0.7546107688293965,0.7499680184213892,1.0,0
0.8526606425702812,0.752,1.0,0.8526560838066186,0.7499680184213892,1.0,0
0.9508032128514057,0.752,1.0,0.9507013987838406,0.7499680184213892,1.0,0
0.04492971887550201,0.752,1.0,0.044763089767003106,0.7499680184213892,1.0,0
0.14282128514056225,0.752,1.0,0.14280840474422518,0.7499680184213892,1.0,0
0.24096385542168675,0.752,1.0,0.24085371972144726,0.7499680184213892,1.0,0
0.338855421686747,0.752,1.0,0.3388990346986694,0.7499680184213892,1.0,0
0.4369979919678715,0.752,1.0,0.43694434967589146,0.7499680184213892,1.0,0
0.535140562248996,0.752,1.0,0.5350057195608982,0.7499680184213892,1.0,0
0.6330321285140563,0.752,1.0,0.6330510345381203,0.7499680184213892,1.0,0
0.7311746987951808,0.752,1.0,0.7310963495153424,0.7499680184213892,1.0,0
0.8293172690763053,0.752,1.0,0.8291416644925644,0.7499680184213892,1.0,0
0.9272088353413654,0.752,1.0,0.9271869794697867,0.7499680184213892,1.0,0
0.021335341365461835,0.752,1.0,0.021248670452949037,0.7499680184213892,1.0,0
0.11947791164658633,0.752,1.0,0.11929398543017117,0.7499680184213892,1.0,0
0.21736947791164662,0.752,1.0,0.21733930040739324,0.7499680184213892,1.0,0
0.3155120481927711,0.752,1.0,0.3153846153846154,0.7499680184213892,1.0,0
0.41340361445783136,0.752,1.0,0.4134299303618374,0.7499680184213892,1.0,0
0.5115461847389559,0.752,1.0,0.511489293383371,0.7499680184213892,1.0,0
0.6056726907630522,0.752,1.0,0.6056131971341989,0.7499680184213892,1.0,0
0.7038152610441768,0.752,1.0,0.7036585121114209,0.7499680184213892,1.0,0
0.8017068273092369,0.752,1.0,0.8017038270886431,0.7499680184213892,1.0,0
0.8998493975903614,0.752,1.0,0.8997491420658652,0.7499680184213892,1.0,0
0.9979919678714859,0.752,1.0,0.9977944570430872,0.7499680184213892,1.0,0
0.0918674698795181,0.752,1.0,0.0918561480262497,0.7499680184213892,1.0,0
0.19001004016064255,0.752,1.0,0.18990146300347183,0.7499680184213892,1.0,0
0.28790160642570284,0.752,1.0,0.2879467779806939,0.7499680184213892,1.0,0
0.38604417670682734,0.752,1.0,0.38599209295791603,0.7499680184213892,1.0,0
0.48418674698795183,0.752,1.0,0.4840374079351381,0.7499680184213892,1.0,0
0.5820783132530121,0.752,1.0,0.5820987778201449,0.7499680184213892,1.0,0
0.6802208835341366,0.752,1.0,0.680144092797367,0.7499680184213892,1.0,0
0.7783634538152611,0.752,1.0,0.7781874009111159,0.7499680184213892,1.0,0
0.8762550200803214,0.752,1.0,0.8762327158883381,0.7499680184213892,1.0,0
0.9743975903614458,0.752,1.0,0.9742780308655601,0.7499680184213892,1.0,0
0.06852409638554213,0.752,1.0,0.06834172871219568,0.7499680184213892,1.0,0
0.16641566265060243,0.752,1.0,0.16638704368941776,0.7499680184213892,1.0,0
0.2645582329317269,0.752,1.0,0.26443035180316676,0.7499680184213892,1.0,0
0.36244979919678716,0.752,1.0,0.3624756667803889,0.7499680184213892,1.0,0
0.46059236947791166,0.752,1.0,0.46052098175761097,0.7499680184213892,1.0,0
0.5587349397590362,0.752,1.0,0.5585823516426177,0.7499680184213892,1.0,0
0.6566265060240964,0.752,1.0,0.6566276666198398,0.7499680184213892,1.0,0
0.7547690763052208,0.752,1.0,0.7546729815970619,0.7499680184213892,1.0,0
0.8529116465863453,0.752,1.0,0.852718296574284,0.7499680184213892,1.0,0
0.9508032128514057,0.752,1.0,0.9507636115515061,0.7499680184213892,1.0,0
0.04492971887550201,0.752,1.0,0.04482530253466854,0.7499680184213892,1.0,0
0.14282128514056225,0.752,1.0,0.14287061751189062,0.7499680184213892,1.0,0
0.24096385542168675,0.752,1.0,0.2409159324891127,0.7499680184213892,1.0,0
0.33910642570281124,0.752,1.0,0.3389612474663348,0.7499680184213892,1.0,0
0.4369979919678715,0.752,1.0,0.4370065624435569,0.7499680184213892,1.0,0
0.535140562248996,0.752,1.0,0.5350659254650906,0.7499680184213892,1.0,0
0.6332831325301205,0.752,1.0,0.6331112404423127,0.7499680184213892,1.0,0
0.7311746987951808,0.752,1.0,0.7311565554195347,0.7499680184213892,1.0,0
0.8293172690763053,0.752,1.0,0.8292018703967567,0.7499680184213892,1.0,0
0.9274598393574298,0.752,1.0,0.927247185373979,0.7499680184213892,1.0,0
0.021335341365461835,0.752,1.0,0.02130887635714135,0.7499680184213892,1.0,0
0.11947791164658633,0.752,1.0,0.11935419133436348,0.7499680184213892,1.0,0
0.21736947791164662,0.752,1.0,0.21739950631158556,0.7499680184213892,1.0,0
0.3155120481927711,0.752,1.0,0.3154448212888077,0.7499680184213892,1.0,0
0.4136546184738956,0.752,1.0,0.41349013626602976,0.7499680184213892,1.0,0
0.5115461847389559,0.752,1.0,0.5115515061510365,0.7499680184213892,1.0,0
0.6056726907630522,0.752,1.0,0.6056754099018643,0.7499680184213892,1.0,0
0.7038152610441768,0.752,1.0,0.7037207248790864,0.7499680184213892,1.0,0
0.8019578313253013,0.752,1.0,0.8017660398563085,0.7499680184213892,1.0,0
0.8998493975903614,0.752,1.0,0.8998113548335306,0.7499680184213892,1.0,0
0.9979919678714859,0.752,1.0,0.9978566698107527,0.7499680184213892,1.0,0
0.0918674698795181,0.752,1.0,0.09191836079391513,0.7499680184213892,1.0,0
0.19001004016064255,0.752,1.0,0.18996367577113726,0.7499680184213892,1.0,0
0.2881526104417671,0.752,1.0,0.28800899074835934,0.7499680184213892,1.0,0
0.38604417670682734,0.752,1.0,0.3860543057255814,0.7499680184213892,1.0,0
0.48418674698795183,0.752,1.0,0.48409962070280355,0.7499680184213892,1.0,0
0.5823293172690763,0.752,1.0,0.5821589837243372,0.7499680184213892,1.0,0
0.6802208835341366,0.752,1.0,0.6802042987015593,0.7499680184213892,1.0,0
0.7783634538152611,0.752,1.0,0.7782496136787813,0.7499680184213892,1.0,0
0.8765060240963856,0.752,1.0,0.8762949286560034,0.7499680184213892,1.0,0
0.9743975903614458,0.752,1.0,0.9743402436332256,0.7499680184213892,1.0,0
0.06852409638554213,0.752,1.0,0.068401934616388,0.7499680184213892,1.0,0
0.16641566265060243,0.752,1.0,0.16644724959361007,0.7499680184213892,1.0,0
0.2645582329317269,0.752,1.0,0.26449256457083214,0.7499680184213892,1.0,0
0.3627008032128514,0.752,1.0,0.3625378795480543,0.7499680184213892,1.0,0
0.46059236947791166,0.752,1.0,0.4605831945252764,0.7499680184213892,1.0,0
0.5587349397590362,0.752,1.0,0.5586445644102831,0.7499680184213892,1.0,0
0.6568775100401607,0.752,1.0,0.6566898793875052,0.7499680184213892,1.0,0
0.7547690763052208,0.752,1.0,0.7547331875012542,0.7499680184213892,1.0,0
0.8529116465863453,0.752,1.0,0.8527785024784764,0.7499680184213892,1.0,0
0.9508032128514057,0.752,1.0,0.9508238174556984,0.7499680184213892,1.0,0
0.04492971887550201,0.752,1.0,0.044887515302333925,0.7499680184213892,1.0,0
0.1430722891566265,0.752,1.0,0.14293283027955606,0.7499680184213892,1.0,0
0.24096385542168675,0.752,1.0,0.24097613839330506,0.7499680184213892,1.0,0
0.33910642570281124,0.752,1.0,0.33902145337052714,0.7499680184213892,1.0,0
0.43724899598393574,0.752,1.0,0.43706676834774927,0.7499680184213892,1.0,0
0.535140562248996,0.752,1.0,0.535128138232756,0.7499680184213892,1.0,0
0.6332831325301205,0.752,1.0,0.6331734532099781,0.7499680184213892,1.0,0
0.731425702811245,0.752,1.0,0.7312187681872001,0.7499680184213892,1.0,0
0.8293172690763053,0.752,1.0,0.8292640831644222,0.7499680184213892,1.0,0
0.9274598393574298,0.752,1.0,0.9273093981416443,0.7499680184213892,1.0,0
0.021335341365461835,0.752,1.0,0.021371089124806786,0.7499680184213892,1.0,0
0.11947791164658633,0.752,1.0,0.11941640410202886,0.7499680184213892,1.0,0
0.21762048192771083,0.752,1.0,0.217461719079251,0.7499680184213892,1.0,0
0.3155120481927711,0.752,1.0,0.31550703405647307,0.7499680184213892,1.0,0
0.4136546184738956,0.752,1.0,0.4135523490336952,0.7499680184213892,1.0,0
0.5117971887550201,0.752,1.0,0.5116117120552288,0.7499680184213892,1.0,0
0.6059236947791165,0.752,1.0,0.6057356158060566,0.7499680184213892,1.0,0
0.7038152610441768,0.752,1.0,0.7037809307832787,0.7499680184213892,1.0,0
0.8019578313253013,0.752,1.0,0.8018262457605008,0.7499680184213892,1.0,0
0.8998493975903614,0.752,1.0,0.8998715607377229,0.7499680184213892,1.0,0
0.9979919678714859,0.752,1.0,0.997916875714945,0.7499680184213892,1.0,0
0.09211847389558231,0.752,1.0,0.09197856669810744,0.7499680184213892,1.0,0
0.19001004016064255,0.752,1.0,0.19002388167532958,0.7499680184213892,1.0,0
0.2881526104417671,0.752,1.0,0.2880691966525517,0.7499680184213892,1.0,0
0.3862951807228916,0.752,1.0,0.3861145116297738,0.7499680184213892,1.0,0
0.48418674698795183,0.752,1.0,0.48415982660699586,0.7499680184213892,1.0,0
0.5823293172690763,0.752,1.0,0.5822211964920025,0.7499680184213892,1.0,0
0.6804718875502008,0.752,1.0,0.6802665114692247,0.7499680184213892,1.0,0
0.7783634538152611,0.752,1.0,0.7783118264464468,0.7499680184213892,1.0,0
0.8765060240963856,0.752,1.0,0.8763571414236688,0.7499680184213892,1.0,0
0.9743975903614458,0.752,1.0,0.9744004495374179,0.7499680184213892,1.0,0
0.06852409638554213,0.752,1.0,0.06846414738405343,0.7499680184213892,1.0,0
0.16666666666666663,0.752,1.0,0.1665094623612755,0.7499680184213892,1.0,0
0.2645582329317269,0.752,1.0,0.26455477733849764,0.7499680184213892,1.0,0
0.3627008032128514,0.752,1.0,0.36260009231571966,0.7499680184213892,1.0,0
0.4608433734939759,0.752,1.0,0.4606434004294687,0.7499680184213892,1.0,0
0.5587349397590362,0.752,1.0,0.5587047703144754,0.7499680184213892,1.0,0
0.6568775100401607,0.752,1.0,0.6567500852916975,0.7499680184213892,1.0,0
0.7547690763052208,0.752,1.0,0.7547954002689197,0.7499680184213892,1.0,0
0.8529116465863453,0.752,1.0,0.8528407152461417,0.7499680184213892,1.0,0
0.9510542168674698,0.752,1.0,0.9508860302233638,0.7499680184213892,1.0,0
0.04492971887550201,0.752,1.0,0.04494772120652624,0.7499680184213892,1.0,0
0.1430722891566265,0.752,1.0,0.14299303618374837,0.7499680184213892,1.0,0
0.24121485943775106,0.752,1.0,0.24103835116097044,0.7499680184213892,1.0,0
0.33910642570281124,0.752,1.0,0.3390836661381926,0.7499680184213892,1.0,0
0.43724899598393574,0.752,1.0,0.43712898111541465,0.7499680184213892,1.0,0
0.5353915662650602,0.752,1.0,0.5351903510004213,0.7499680184213892,1.0,0
0.6332831325301205,0.752,1.0,0.6332336591141704,0.7499680184213892,1.0,0
0.731425702811245,0.752,1.0,0.7312789740913925,0.7499680184213892,1.0,0
0.8293172690763053,0.752,1.0,0.8293242890686146,0.7499680184213892,1.0,0
0.9274598393574298,0.752,1.0,0.9273696040458367,0.7499680184213892,1.0,0
0.02158634538152615,0.752,1.0,0.021433301892472223,0.7499680184213892,1.0,0
0.11947791164658633,0.752,1.0,0.11947661000622123,0.7499680184213892,1.0,0
0.21762048192771083,0.752,1.0,0.21752192498344336,0.7499680184213892,1.0,0
0.3157630522088354,0.752,1.0,0.3155672399606654,0.7499680184213892,1.0,0
0.4136546184738956,0.752,1.0,0.4136125549378875,0.7499680184213892,1.0,0
0.5117971887550201,0.752,1.0,0.5116739248228942,0.7499680184213892,1.0,0
0.6059236947791165,0.752,1.0,0.6057978285737221,0.7499680184213892,1.0,0
0.7038152610441768,0.752,1.0,0.7038431435509441,0.7499680184213892,1.0,0
0.8019578313253013,0.752,1.0,0.8018884585281663,0.7499680184213892,1.0,0
0.9001004016064258,0.752,1.0,0.8999337735053883,0.7499680184213892,1.0,0
0.9979919678714859,0.752,1.0,0.9979790884826104,0.7499680184213892,1.0,0
0.09211847389558231,0.752,1.0,0.09204077946577288,0.7499680184213892,1.0,0
0.19026104417670686,0.752,1.0,0.19008609444299496,0.7499680184213892,1.0,0
0.2881526104417671,0.752,1.0,0.2881314094202171,0.7499680184213892,1.0,0
0.3862951807228916,0.752,1.0,0.38617672439743916,0.7499680184213892,1.0,0
0.48418674698795183,0.752,1.0,0.4842220393746613,0.7499680184213892,1.0,0
0.5823293172690763,0.752,1.0,0.5822814023961949,0.7499680184213892,1.0,0
0.6804718875502008,0.752,1.0,0.680326717373417,0.7499680184213892,1.0,0
0.7783634538152611,0.752,1.0,0.7783720323506391,0.7499680184213892,1.0,0
0.8765060240963856,0.752,1.0,0.8764173473278613,0.7499680184213892,1.0,0
0.9746485943775101,0.752,1.0,0.9744626623050834,0.7499680184213892,1.0,0
0.06852409638554213,0.752,1.0,0.06852435328824574,0.7499680184213892,1.0,0
0.16666666666666663,0.752,1.0,0.16656966826546782,0.7499680184213892,1.0,0
0.2648092369477912,0.752,1.0,0.26461498324268995,0.7499680184213892,1.0,0
0.3627008032128514,0.752,1.0,0.362660298219912,0.7499680184213892,1.0,0
0.4608433734939759,0.752,1.0,0.4607056131971341,0.7499680184213892,1.0,0
0.5587349397590362,0.752,1.0,0.5587669830821409,0.7499680184213892,1.0,0
0.6568775100401607,0.752,1.0,0.6568122980593629,0.7499680184213892,1.0,0
0.7550200803212852,0.752,1.0,0.754857613036585,0.7499680184213892,1.0,0
0.8529116465863453,0.752,1.0,0.852900921150334,0.7499680184213892,1.0,0
0.9510542168674698,0.752,1.0,0.9509462361275562,0.7499680184213892,1.0,0
0.04518072289156627,0.752,1.0,0.045009933974191674,0.7499680184213892,1.0,0
0.1430722891566265,0.752,1.0,0.14305524895141375,0.7499680184213892,1.0,0
0.24121485943775106,0.752,1.0,0.24110056392863588,0.7499680184213892,1.0,0
0.33910642570281124,0.752,1.0,0.33914387204238494,0.7499680184213892,1.0,0
0.43724899598393574,0.752,1.0,0.43718918701960696,0.7499680184213892,1.0,0
0.5353915662650602,0.752,1.0,0.5352505569046138,0.7499680184213892,1.0,0
0.6332831325301205,0.752,1.0,0.6332958718818358,0.7499680184213892,1.0,0
0.731425702811245,0.752,1.0,0.7313411868590579,0.7499680184213892,1.0,0
0.8295682730923695,0.752,1.0,0.82938650183628,0.7499680184213892,1.0,0
0.9274598393574298,0.752,1.0,0.9274318168135021,0.7499680184213892,1.0,0
0.02158634538152615,0.752,1.0,0.021493507796664535,0.7499680184213892,1.0,0
0.11972891566265065,0.752,1.0,0.11953882277388661,0.7499680184213892,1.0,0
0.21762048192771083,0.752,1.0,0.21758413775110869,0.7499680184213892,1.0,0
0.3157630522088354,0.752,1.0,0.3156294527283309,0.7499680184213892,1.0,0
0.4136546184738956,0.752,1.0,0.41367476770555295,0.7499680184213892,1.0,0
0.5117971887550201,0.752,1.0,0.5117341307270866,0.7499680184213892,1.0,0
0.6059236947791165,0.752,1.0,0.6058580344779144,0.7499680184213892,1.0,0
0.704066265060241,0.752,1.0,0.7039033494551366,0.7499680184213892,1.0,0
0.8019578313253013,0.752,1.0,0.8019486644323586,0.7499680184213892,1.0,0
0.9001004016064258,0.752,1.0,0.8999939794095807,0.7499680184213892,1.0,0
0.9982429718875503,0.752,1.0,0.9980392943868028,0.7499680184213892,1.0,0
0.09211847389558231,0.752,1.0,0.09210098536996525,0.7499680184213892,1.0,0
0.19026104417670686,0.752,1.0,0.19014630034718732,0.7499680184213892,1.0,0
0.2881526104417671,0.752,1.0,0.2881916153244094,0.7499680184213892,1.0,0
0.3862951807228916,0.752,1.0,0.38623693030163153,0.7499680184213892,1.0,0
0.4844377510040161,0.752,1.0,0.4842822452788536,0.7499680184213892,1.0,0
0.5823293172690763,0.752,1.0,0.5823436151638604,0.7499680184213892,1.0,0
0.6804718875502008,0.752,1.0,0.6803889301410825,0.7499680184213892,1.0,0
0.7786144578313254,0.752,1.0,0.7784342451183045,0.7499680184213892,1.0,0
0.8765060240963856,0.752,1.0,0.8764795600955266,0.7499680184213892,1.0,0
0.9746485943775101,0.752,1.0,0.9745248750727487,0.7499680184213892,1.0,0
0.06852409638554213,0.752,1.0,0.06858656605591112,0.7499680184213892,1.0,0
0.16666666666666663,0.752,1.0,0.16663188103313326,0.7499680184213892,1.0,0
0.2648092369477912,0.752,1.0,0.26467719601035533,0.7499680184213892,1.0,0
0.3627008032128514,0.752,1.0,0.36272251098757746,0.7499680184213892,1.0,0
0.4608433734939759,0.752,1.0,0.46076782596479954,0.7499680184213892,1.0,0
0.5589859437751005,0.752,1.0,0.5588271889863332,0.7499680184213892,1.0,0
0.6568775100401607,0.752,1.0,0.6568725039635552,0.7499680184213892,1.0,0
0.7550200803212852,0.752,1.0,0.7549178189407775,0.7499680184213892,1.0,0
0.8531626506024097,0.752,1.0,0.8529631339179995,0.7499680184213892,1.0,0
0.9510542168674698,0.752,1.0,0.9510084488952215,0.7499680184213892,1.0,0
0.04518072289156627,0.752,1.0,0.04507013987838404,0.7499680184213892,1.0,0
0.1430722891566265,0.752,1.0,0.14311545485560612,0.7499680184213892,1.0,0
0.24121485943775106,0.752,1.0,0.24116076983282825,0.7499680184213892,1.0,0
0.3393574297188755,0.752,1.0,0.3392060848100503,0.7499680184213892,1.0,0
0.43724899598393574,0.752,1.0,0.4372513997872724,0.7499680184213892,1.0,0
0.5353915662650602,0.752,1.0,0.5353127696722791,0.7499680184213892,1.0,0
0.6335341365461848,0.752,1.0,0.6333580846495013,0.7499680184213892,1.0,0
0.731425702811245,0.752,1.0,0.7314033996267233,0.7499680184213892,1.0,0
0.8295682730923695,0.752,1.0,0.8294467077404724,0.7499680184213892,1.0,0
0.9274598393574298,0.752,1.0,0.9274920227176944,0.7499680184213892,1.0,0
0.02158634538152615,0.752,1.0,0.021555720564329917,0.7499680184213892,1.0,0
0.11972891566265065,0.752,1.0,0.11960103554155205,0.7499680184213892,1.0,0
0.21762048192771083,0.752,1.0,0.21764635051877412,0.7499680184213892,1.0,0
0.3157630522088354,0.752,1.0,0.3156896586325232,0.7499680184213892,1.0,0
0.4139056224899599,0.752,1.0,0.41373497360974526,0.7499680184213892,1.0,0
0.5117971887550201,0.752,1.0,0.511796343494752,0.7499680184213892,1.0,0
0.6059236947791165,0.752,1.0,0.6059202472455798,0.7499680184213892,1.0,0
0.704066265060241,0.752,1.0,0.7039655622228019,0.7499680184213892,1.0,0
0.8022088353413654,0.752,1.0,0.8020108772000241,0.7499680184213892,1.0,0
0.9001004016064258,0.752,1.0,0.9000561921772461,0.7499680184213892,1.0,0
0.9982429718875503,0.752,1.0,0.9981015071544682,0.7499680184213892,1.0,0
0.09211847389558231,0.752,1.0,0.09216319813763063,0.7499680184213892,1.0,0
0.19026104417670686,0.752,1.0,0.19020851311485276,0.7499680184213892,1.0,0
0.28840361445783136,0.752,1.0,0.28825382809207484,0.7499680184213892,1.0,0
0.3862951807228916,0.752,1.0,0.3862991430692969,0.7499680184213892,1.0,0
0.4844377510040161,0.752,1.0,0.48434445804651904,0.7499680184213892,1.0,0
0.5825803212851406,0.752,1.0,0.5824038210680527,0.7499680184213892,1.0,0
0.6804718875502008,0.752,1.0,0.6804491360452748,0.7499680184213892,1.0,0
0.7786144578313254,0.752,1.0,0.7784944510224969,0.7499680184213892,1.0,0
0.8765060240963856,0.752,1.0,0.876539765999719,0.7499680184213892,1.0,0
0.9746485943775101,0.752,1.0,0.9745850809769411,0.7499680184213892,1.0,0
0.06877510040160645,0.752,1.0,0.06864677196010349,0.7499680184213892,1.0,0
0.16666666666666663,0.752,1.0,0.16669208693732562,0.7499680184213892,1.0,0
0.2648092369477912,0.752,1.0,0.2647374019145477,0.7499680184213892,1.0,0
0.3629518072289157,0.752,1.0,0.3627827168917698,0.7499680184213892,1.0,0
0.4608433734939759,0.752,1.0,0.4608280318689919,0.7499680184213892,1.0,0
0.5589859437751005,0.752,1.0,0.5588894017539986,0.7499680184213892,1.0,0
0.657128514056225,0.752,1.0,0.6569347167312207,0.7499680184213892,1.0,0
0.7550200803212852,0.752,1.0,0.7549800317084427,0.7499680184213892,1.0,0
0.8531626506024097,0.752,1.0,0.8530253466856649,0.7499680184213892,1.0,0
0.9510542168674698,0.752,1.0,0.951070661662887,0.7499680184213892,1.0,0
0.04518072289156627,0.752,1.0,0.04513235264604942,0.7499680184213892,1.0,0
0.14332329317269077,0.752,1.0,0.1431776676232715,0.7499680184213892,1.0,0
0.24121485943775106,0.752,1.0,0.24122298260049363,0.7499680184213892,1.0,0
0.3393574297188755,0.752,1.0,0.3392682975777157,0.7499680184213892,1.0,0
0.4375,0.752,1.0,0.43731361255493784,0.7499680184213892,1.0,0
0.5353915662650602,0.752,1.0,0.5353729755764715,0.7499680184213892,1.0,0
0.6335341365461848,0.752,1.0,0.6334182905536936,0.7499680184213892,1.0,0
0.731425702811245,0.752,1.0,0.7314636055309156,0.7499680184213892,1.0,0
0.8295682730923695,0.752,1.0,0.8295089205081378,0.7499680184213892,1.0,0
0.927710843373494,0.752,1.0,0.9275542354853599,0.7499680184213892,1.0,0
0.02158634538152615,0.752,1.0,0.021615926468522284,0.7499680184213892,1.0,0
0.11972891566265065,0.752,1.0,0.11966124144574442,0.7499680184213892,1.0,0
0.21787148594377514,0.752,1.0,0.2177065564229665,0.7499680184213892,1.0,0
0.3157630522088354,0.752,1.0,0.31575187140018857,0.7499680184213892,1.0,0
0.4139056224899599,0.752,1.0,0.4137971863774107,0.7499680184213892,1.0,0
0.5120481927710844,0.752,1.0,0.5118585562624174,0.7499680184213892,1.0,0
0.6061746987951807,0.752,1.0,0.6059804531497721,0.7499680184213892,1.0,0
0.704066265060241,0.752,1.0,0.7040257681269942,0.7499680184213892,1.0,0
0.8022088353413654,0.752,1.0,0.8020710831042164,0.7499680184213892,1.0,0
0.9001004016064258,0.752,1.0,0.9001163980814384,0.7499680184213892,1.0,0
0.9982429718875503,0.752,1.0,0.9981617130586605,0.7499680184213892,1.0,0
0.09236947791164662,0.752,1.0,0.092223404041823,0.7499680184213892,1.0,0
0.19026104417670686,0.752,1.0,0.19026871901904507,0.7499680184213892,1.0,0
0.28840361445783136,0.752,1.0,0.2883140339962672,0.7499680184213892,1.0,0
0.38654618473895586,0.752,1.0,0.3863593489734893,0.7499680184213892,1.0,0
0.4844377510040161,0.752,1.0,0.48440466395071136,0.7499680184213892,1.0,0
0.5825803212851406,0.752,1.0,0.5824660338357182,0.7499680184213892,1.0,0
0.6804718875502008,0.752,1.0,0.6805113488129402,0.7499680184213892,1.0,0
0.7786144578313254,0.752,1.0,0.7785566637901623,0.7499680184213892,1.0,0
0.8767570281124499,0.752,1.0,0.8766019787673844,0.7499680184213892,1.0,0
0.9746485943775101,0.752,1.0,0.9746472937446065,0.7499680184213892,1.0,0
0.06877510040160645,0.752,1.0,0.06870898472776893,0.7499680184213892,1.0,0
0.16691767068273095,0.752,1.0,0.16675429970499106,0.7499680184213892,1.0,0
0.2648092369477912,0.752,1.0,0.26479961468221314,0.7499680184213892,1.0,0
0.3629518072289157,0.752,1.0,0.36284492965943516,0.7499680184213892,1.0,0
0.4608433734939759,0.752,1.0,0.4608902446366573,0.7499680184213892,1.0,0
0.5589859437751005,0.752,1.0,0.5589496076581909,0.7499680184213892,1.0,0
0.657128514056225,0.752,1.0,0.656994922635413,0.7499680184213892,1.0,0
0.7550200803212852,0.752,1.0,0.7550402376126351,0.7499680184213892,1.0,0
0.8531626506024097,0.752,1.0,0.8530855525898573,0.7499680184213892,1.0,0
0.9513052208835342,0.752,1.0,0.9511308675670793,0.7499680184213892,1.0,0
0.04518072289156627,0.752,1.0,0.04519255855024179,0.7499680184213892,1.0,0
0.14332329317269077,0.752,1.0,0.14323787352746387,0.7499680184213892,1.0,0
0.24146586345381527,0.752,1.0,0.241283188504686,0.7499680184213892,1.0,0
0.3393574297188755,0.752,1.0,0.3393285034819081,0.7499680184213892,1.0,0
0.4375,0.752,1.0,0.43737381845913015,0.7499680184213892,1.0,0
0.5353915662650602,0.752,1.0,0.5354351883441368,0.7499680184213892,1.0,0
0.6335341365461848,0.752,1.0,0.633480503321359,0.7499680184213892,1.0,0
0.7316767068273093,0.752,1.0,0.7315258182985811,0.7499680184213892,1.0,0
0.8295682730923695,0.752,1.0,0.8295711332758031,0.7499680184213892,1.0,0
0.927710843373494,0.752,1.0,0.9276164482530254,0.7499680184213892,1.0,0
0.021837349397590355,0.752,1.0,0.02167813923618772,0.7499680184213892,1.0,0
0.11972891566265065,0.752,1.0,0.11972345421340985,0.7499680184213892,1.0,0
0.21787148594377514,0.752,1.0,0.21776876919063193,0.7499680184213892,1.0,0
0.3157630522088354,0.752,1.0,0.315814084167854,0.7499680184213892,1.0,0
0.4139056224899599,0.752,1.0,0.4138593991450761,0.7499680184213892,1.0,0
0.5120481927710844,0.752,1.0,0.5119187621666097,0.7499680184213892,1.0,0
0.6061746987951807,0.752,1.0,0.6060426659174376,0.7499680184213892,1.0,0
0.704066265060241,0.752,1.0,0.7040879808946596,0.7499680184213892,1.0,0
0.8022088353413654,0.752,1.0,0.8021332958718818,0.7499680184213892,1.0,0
0.9003514056224899,0.752,1.0,0.9001786108491039,0.7499680184213892,1.0,0
0.9982429718875503,0.752,1.0,0.9982239258263259,0.7499680184213892,1.0,0
0.09236947791164662,0.752,1.0,0.09228561680948838,0.7499680184213892,1.0,0
0.19051204819277107,0.752,1.0,0.1903309317867105,0.7499680184213892,1.0,0
0.28840361445783136,0.752,1.0,0.2883762467639326,0.7499680184213892,1.0,0
0.38654618473895586,0.752,1.0,0.38642156174115466,0.7499680184213892,1.0,0
0.4844377510040161,0.752,1.0,0.4844668767183768,0.7499680184213892,1.0,0
0.5825803212851406,0.752,1.0,0.5825262397399105,0.7499680184213892,1.0,0
0.6807228915662651,0.752,1.0,0.6805715547171325,0.7499680184213892,1.0,0
0.7786144578313254,0.752,1.0,0.7786168696943546,0.7499680184213892,1.0,0
0.8767570281124499,0.752,1.0,0.8766621846715767,0.7499680184213892,1.0,0
0.9748995983935743,0.752,1.0,0.9747074996487988,0.7499680184213892,1.0,0
0.06877510040160645,0.752,1.0,0.06876919063196124,0.7499680184213892,1.0,0
0.16691767068273095,0.752,1.0,0.16681450560918332,0.7499680184213892,1.0,0
0.2648092369477912,0.752,1.0,0.26485982058640545,0.7499680184213892,1.0,0
0.3629518072289157,0.752,1.0,0.3629051355636275,0.7499680184213892,1.0,0
0.4610943775100402,0.752,1.0,0.46095045054084965,0.7499680184213892,1.0,0
0.5589859437751005,0.752,1.0,0.5590118204258564,0.7499680184213892,1.0,0
0.657128514056225,0.752,1.0,0.6570571354030785,0.7499680184213892,1.0,0
0.7552710843373494,0.752,1.0,0.7551024503803005,0.7499680184213892,1.0,0
0.8531626506024097,0.752,1.0,0.8531477653575227,0.7499680184213892,1.0,0
0.9513052208835342,0.752,1.0,0.9511930803347448,0.7499680184213892,1.0,0
0.04543172690763053,0.752,1.0,0.04525477131790723,0.7499680184213892,1.0,0
0.14332329317269077,0.752,1.0,0.1433000862951293,0.7499680184213892,1.0,0
0.24146586345381527,0.752,1.0,0.24134540127235138,0.7499680184213892,1.0,0
0.3393574297188755,0.752,1.0,0.3393907162495735,0.7499680184213892,1.0,0
0.4375,0.752,1.0,0.4374360312267956,0.7499680184213892,1.0,0
0.5356425702811245,0.752,1.0,0.5354953942483293,0.7499680184213892,1.0,0
0.6335341365461848,0.752,1.0,0.6335407092255513,0.7499680184213892,1.0,0
0.7316767068273093,0.752,1.0,0.7315860242027734,0.7499680184213892,1.0,0
0.8298192771084338,0.752,1.0,0.8296313391799954,0.7499680184213892,1.0,0
0.927710843373494,0.752,1.0,0.9276766541572177,0.7499680184213892,1.0,0
0.021837349397590355,0.752,1.0,0.021738345140380033,0.7499680184213892,1.0,0
0.11972891566265065,0.752,1.0,0.11978366011760216,0.7499680184213892,1.0,0
0.21787148594377514,0.752,1.0,0.21782897509482424,0.7499680184213892,1.0,0
0.31601405622489964,0.752,1.0,0.31587429007204637,0.7499680184213892,1.0,0
0.4139056224899599,0.752,1.0,0.41391960504926845,0.7499680184213892,1.0,0
0.5120481927710844,0.752,1.0,0.5119809749342752,0.7499680184213892,1.0,0
0.6061746987951807,0.752,1.0,0.6061028718216299,0.7499680184213892,1.0,0
0.7043172690763053,0.752,1.0,0.704148186798852,0.7499680184213892,1.0,0
0.8022088353413654,0.752,1.0,0.8021935017760741,0.7499680184213892,1.0,0
0.9003514056224899,0.752,1.0,0.9002388167532962,0.7499680184213892,1.0,0
0.9984939759036144,0.752,1.0,0.9982841317305182,0.7499680184213892,1.0,0
0.09236947791164662,0.752,1.0,0.09234582271368069,0.7499680184213892,1.0,0
0.19051204819277107,0.752,1.0,0.19039113769090282,0.7499680184213892,1.0,0
0.28840361445783136,0.752,1.0,0.2884364526681249,0.7499680184213892,1.0,0
0.38654618473895586,0.752,1.0,0.38648176764534703,0.7499680184213892,1.0,0
0.48468875502008035,0.752,1.0,0.4845270826225691,0.7499680184213892,1.0,0
0.5825803212851406,0.752,1.0,0.5825884525075758,0.7499680184213892,1.0,0
0.6807228915662651,0.752,1.0,0.680633767484798,0.7499680184213892,1.0,0
0.7788654618473896,0.752,1.0,0.77867908246202,0.7499680184213892,1.0,0
0.8767570281124499,0.752,1.0,0.8767243974392421,0.7499680184213892,1.0,0
0.9748995983935743,0.752,1.0,0.9747697124164643,0.7499680184213892,1.0,0
0.06877510040160645,0.752,1.0,0.06883140339962668,0.7499680184213892,1.0,0
0.16691767068273095,0.752,1.0,0.16687671837684875,0.7499680184213892,1.0,0
0.26506024096385544,0.752,1.0,0.26492203335407083,0.7499680184213892,1.0,0
0.3629518072289157,0.752,1.0,0.36296734833129296,0.7499680184213892,1.0,0
0.4610943775100402,0.752,1.0,0.46101266330851504,0.7499680184213892,1.0,0
0.5592369477911647,0.752,1.0,0.5590720263300487,0.7499680184213892,1.0,0
0.657128514056225,0.752,1.0,0.6571173413072708,0.7499680184213892,1.0,0
0.7552710843373494,0.752,1.0,0.7551626562844929,0.7499680184213892,1.0,0
0.8534136546184738,0.752,1.0,0.853207971261715,0.7499680184213892,1.0,0
0.9513052208835342,0.752,1.0,0.9512532862389371,0.7499680184213892,1.0,0
0.04543172690763053,0.752,1.0,0.04531497722209954,0.7499680184213892,1.0,0
0.14332329317269077,0.752,1.0,0.14336029219932162,0.7499680184213892,1.0,0
0.24146586345381527,0.752,1.0,0.2414056071765437,0.7499680184213892,1.0,0
0.33960843373493976,0.752,1.0,0.3394509221537658,0.7499680184213892,1.0,0
0.4375,0.752,1.0,0.4374962371309879,0.7499680184213892,1.0,0
0.5356425702811245,0.752,1.0,0.5355576070159946,0.7499680184213892,1.0,0
0.633785140562249,0.752,1.0,0.6336029219932168,0.7499680184213892,1.0,0
0.7316767068273093,0.752,1.0,0.7316482369704388,0.7499680184213892,1.0,0
0.8298192771084338,0.752,1.0,0.8296935519476609,0.7499680184213892,1.0,0
0.927710843373494,0.752,1.0,0.9277388669248829,0.7499680184213892,1.0,0
0.021837349397590355,0.752,1.0,0.02180055790804547,0.7499680184213892,1.0,0
0.11997991967871485,0.752,1.0,0.11984587288526755,0.7499680184213892,1.0,0
0.21787148594377514,0.752,1.0,0.21789118786248968,0.7499680184213892,1.0,0
0.31601405622489964,0.752,1.0,0.31593650283971175,0.7499680184213892,1.0,0
0.41415662650602414,0.752,1.0,0.4139818178169339,0.7499680184213892,1.0,0
0.5120481927710844,0.752,1.0,0.5120411808384675,0.7499680184213892,1.0,0
0.6061746987951807,0.752,1.0,0.6061650845892953,0.7499680184213892,1.0,0
0.7043172690763053,0.752,1.0,0.7042103995665174,0.7499680184213892,1.0,0
0.8024598393574298,0.752,1.0,0.8022557145437395,0.7499680184213892,1.0,0
0.9003514056224899,0.752,1.0,0.9003010295209616,0.7499680184213892,1.0,0
0.9984939759036144,0.752,1.0,0.9983463444981837,0.7499680184213892,1.0,0
0.09236947791164662,0.752,1.0,0.09240803548134613,0.7499680184213892,1.0,0
0.19051204819277107,0.752,1.0,0.19045335045856826,0.7499680184213892,1.0,0
0.2886546184738956,0.752,1.0,0.28849866543579034,0.7499680184213892,1.0,0
0.38654618473895586,0.752,1.0,0.3865439804130124,0.7499680184213892,1.0,0
0.48468875502008035,0.752,1.0,0.48458929539023454,0.7499680184213892,1.0,0
0.5828313253012049,0.752,1.0,0.5826486584117682,0.7499680184213892,1.0,0
0.6807228915662651,0.752,1.0,0.6806939733889903,0.7499680184213892,1.0,0
0.7788654618473896,0.752,1.0,0.7787392883662124,0.7499680184213892,1.0,0
0.8767570281124499,0.752,1.0,0.8767846033434346,0.7499680184213892,1.0,0
0.9748995983935743,0.752,1.0,0.9748299183206566,0.7499680184213892,1.0,0
0.06902610441767065,0.752,1.0,0.06889160930381899,0.7499680184213892,1.0,0
0.16691767068273095,0.752,1.0,0.16693692428104107,0.7499680184213892,1.0,0
0.26506024096385544,0.752,1.0,0.2649822392582632,0.7499680184213892,1.0,0
0.36320281124497994,0.752,1.0,0.3630275542354853,0.7499680184213892,1.0,0
0.4610943775100402,0.752,1.0,0.4610728692127074,0.7499680184213892,1.0,0
0.5592369477911647,0.752,1.0,0.5591342390977141,0.7499680184213892,1.0,0
0.6573795180722892,0.752,1.0,0.6571795540749362,0.7499680184213892,1.0,0
0.7552710843373494,0.752,1.0,0.7552248690521584,0.7499680184213892,1.0,0
0.8534136546184738,0.752,1.0,0.8532701840293804,0.7499680184213892,1.0,0
0.9513052208835342,0.752,1.0,0.9513154990066025,0.7499680184213892,1.0,0
0.04543172690763053,0.752,1.0,0.04537718998976492,0.7499680184213892,1.0,0
0.14357429718875503,0.752,1.0,0.14342250496698705,0.7499680184213892,1.0,0
0.24146586345381527,0.752,1.0,0.24146781994420913,0.7499680184213892,1.0,0
0.33960843373493976,0.752,1.0,0.3395131349214312,0.7499680184213892,1.0,0
0.43775100401606426,0.752,1.0,0.43755844989865333,0.7499680184213892,1.0,0
0.5356425702811245,0.752,1.0,0.535617812920187,0.7499680184213892,1.0,0
0.633785140562249,0.752,1.0,0.6336631278974091,0.7499680184213892,1.0,0
0.7316767068273093,0.752,1.0,0.7317084428746312,0.7499680184213892,1.0,0
0.8298192771084338,0.752,1.0,0.8297537578518532,0.7499680184213892,1.0,0
0.9279618473895583,0.752,1.0,0.9277990728290753,0.7499680184213892,1.0,0
0.021837349397590355,0.752,1.0,0.021860763812237782,0.7499680184213892,1.0,0
0.11997991967871485,0.752,1.0,0.11990607878945986,0.7499680184213892,1.0,0
0.21812248995983935,0.752,1.0,0.217951393766682,0.7499680184213892,1.0,0
0.31601405622489964,0.752,1.0,0.31599670874390406,0.7499680184213892,1.0,0
0.41415662650602414,0.752,1.0,0.4140420237211262,0.7499680184213892,1.0,0
0.5122991967871486,0.752,1.0,0.5121033936061329,0.7499680184213892,1.0,0
0.606425702811245,0.752,1.0,0.6062252904934877,0.7499680184213892,1.0,0
0.7043172690763053,0.752,1.0,0.7042706054707097,0.7499680184213892,1.0,0
0.8024598393574298,0.752,1.0,0.8023159204479319,0.7499680184213892,1.0,0
0.9003514056224899,0.752,1.0,0.900361235425154,0.7499680184213892,1.0,0
0.9984939759036144,0.752,1.0,0.998406550402376,0.7499680184213892,1.0,0
0.09262048192771083,0.752,1.0,0.0924682413855385,0.7499680184213892,1.0,0
0.19051204819277107,0.752,1.0,0.19051355636276063,0.7499680184213892,1.0,0
0.2886546184738956,0.752,1.0,0.2885588713399827,0.7499680184213892,1.0,0
0.3867971887550201,0.752,1.0,0.3866041863172048,0.7499680184213892,1.0,0
0.48468875502008035,0.752,1.0,0.48464950129442685,0.7499680184213892,1.0,0
0.5828313253012049,0.752,1.0,0.5827108711794335,0.7499680184213892,1.0,0
0.6807228915662651,0.752,1.0,0.6807561861566557,0.7499680184213892,1.0,0
0.7788654618473896,0.752,1.0,0.7788015011338778,0.7499680184213892,1.0,0
0.8770080321285141,0.752,1.0,0.8768468161110998,0.7499680184213892,1.0,0
0.9748995983935743,0.752,1.0,0.974892131088322,0.7499680184213892,1.0,0
0.06902610441767065,0.752,1.0,0.06895382207148443,0.7499680184213892,1.0,0
0.16716867469879515,0.752,1.0,0.1669991370487065,0.7499680184213892,1.0,0
0.26506024096385544,0.752,1.0,0.26504445202592863,0.7499680184213892,1.0,0
0.36320281124497994,0.752,1.0,0.3630897670031507,0.7499680184213892,1.0,0
0.4610943775100402,0.752,1.0,0.4611350819803728,0.7499680184213892,1.0,0
0.5592369477911647,0.752,1.0,0.5591944450019064,0.7499680184213892,1.0,0
0.6573795180722892,0.752,1.0,0.6572397599791285,0.7499680184213892,1.0,0
0.7552710843373494,0.752,1.0,0.7552850749563507,0.7499680184213892,1.0,0
0.8534136546184738,0.752,1.0,0.8533303899335727,0.7499680184213892,1.0,0
0.9515562248995983,0.752,1.0,0.9513757049107949,0.7499680184213892,1.0,0
0.04543172690763053,0.752,1.0,0.04543739589395729,0.7499680184213892,1.0,0
0.14357429718875503,0.752,1.0,0.14348271087117942,0.7499680184213892,1.0,0
0.24171686746987953,0.752,1.0,0.2415280258484015,0.7499680184213892,1.0,0
0.33960843373493976,0.752,1.0,0.33957334082562357,0.7499680184213892,1.0,0
0.43775100401606426,0.752,1.0,0.43761865580284565,0.7499680184213892,1.0,0
0.5356425702811245,0.752,1.0,0.5356800256878524,0.7499680184213892,1.0,0
0.633785140562249,0.752,1.0,0.6337253406650745,0.7499680184213892,1.0,0
0.7319277108433735,0.752,1.0,0.7317706556422966,0.7499680184213892,1.0,0
0.8298192771084338,0.752,1.0,0.8298159706195187,0.7499680184213892,1.0,0
0.9279618473895583,0.752,1.0,0.9278612855967407,0.7499680184213892,1.0,0
0.022088353413654616,0.752,1.0,0.02192297657990322,0.7499680184213892,1.0,0
0.11997991967871485,0.752,1.0,0.1199682915571253,0.7499680184213892,1.0,0
0.21812248995983935,0.752,1.0,0.21801360653434737,0.7499680184213892,1.0,0
0.31601405622489964,0.752,1.0,0.31605892151156956,0.7499680184213892,1.0,0
0.41415662650602414,0.752,1.0,0.4141042364887916,0.7499680184213892,1.0,0
0.5122991967871486,0.752,1.0,0.5121635995103252,0.7499680184213892,1.0,0
0.606425702811245,0.752,1.0,0.6062875032611531,0.7499680184213892,1.0,0
0.7043172690763053,0.752,1.0,0.7043328182383752,0.7499680184213892,1.0,0
0.8024598393574298,0.752,1.0,0.8023781332155973,0.7499680184213892,1.0,0
0.9006024096385543,0.752,1.0,0.9004234481928194,0.7499680184213892,1.0,0
0.9984939759036144,0.752,1.0,0.9984687631700415,0.7499680184213892,1.0,0
0.09262048192771083,0.752,1.0,0.09253045415320388,0.7499680184213892,1.0,0
0.19076305220883533,0.752,1.0,0.19057576913042595,0.7499680184213892,1.0,0
0.2886546184738956,0.752,1.0,0.2886210841076481,0.7499680184213892,1.0,0
0.3867971887550201,0.752,1.0,0.3866663990848702,0.7499680184213892,1.0,0
0.48468875502008035,0.752,1.0,0.4847117140620923,0.7499680184213892,1.0,0
0.5828313253012049,0.752,1.0,0.582771077083626,0.7499680184213892,1.0,0
0.6809738955823293,0.752,1.0,0.6808163920608481,0.7499680184213892,1.0,0
0.7788654618473896,0.752,1.0,0.7788617070380701,0.7499680184213892,1.0,0
0.8770080321285141,0.752,1.0,0.8769070220152922,0.7499680184213892,1.0,0
0.9751506024096386,0.752,1.0,0.9749523369925144,0.7499680184213892,1.0,0
0.06902610441767065,0.752,1.0,0.0690140279756768,0.7499680184213892,1.0,0
0.16716867469879515,0.752,1.0,0.16705934295289887,0.7499680184213892,1.0,0
0.26506024096385544,0.752,1.0,0.26510465793012095,0.7499680184213892,1.0,0
0.36320281124497994,0.752,1.0,0.3631499729073431,0.7499680184213892,1.0,0
0.46134538152610444,0.752,1.0,0.46119528788456515,0.7499680184213892,1.0,0
0.5592369477911647,0.752,1.0,0.5592566577695719,0.7499680184213892,1.0,0
0.6573795180722892,0.752,1.0,0.6573019727467939,0.7499680184213892,1.0,0
0.7555220883534137,0.752,1.0,0.755347287724016,0.7499680184213892,1.0,0
0.8534136546184738,0.752,1.0,0.8533926027012382,0.7499680184213892,1.0,0
0.9515562248995983,0.752,1.0,0.9514379176784603,0.7499680184213892,1.0,0
0.04568273092369479,0.752,1.0,0.04549960866162267,0.7499680184213892,1.0,0
0.14357429718875503,0.752,1.0,0.14354492363884475,0.7499680184213892,1.0,0
0.24171686746987953,0.752,1.0,0.24159023861606688,0.7499680184213892,1.0,0
0.33960843373493976,0.752,1.0,0.339635553593289,0.7499680184213892,1.0,0
0.43775100401606426,0.752,1.0,0.4376808685705111,0.7499680184213892,1.0,0
0.5358935742971888,0.752,1.0,0.5357402315920448,0.7499680184213892,1.0,0
0.633785140562249,0.752,1.0,0.6337855465692668,0.7499680184213892,1.0,0
0.7319277108433735,0.752,1.0,0.7318308615464889,0.7499680184213892,1.0,0
0.830070281124498,0.752,1.0,0.829876176523711,0.7499680184213892,1.0,0
0.9279618473895583,0.752,1.0,0.9279214915009331,0.7499680184213892,1.0,0
0.022088353413654616,0.752,1.0,0.021983182484095587,0.7499680184213892,1.0,0
0.11997991967871485,0.752,1.0,0.12002849746131766,0.7499680184213892,1.0,0
0.21812248995983935,0.752,1.0,0.21807381243853974,0.7499680184213892,1.0,0
0.3162650602409639,0.752,1.0,0.31611912741576187,0.7499680184213892,1.0,0
0.41415662650602414,0.752,1.0,0.41416444239298394,0.7499680184213892,1.0,0
0.5122991967871486,0.752,1.0,0.5122258122779907,0.7499680184213892,1.0,0
0.606425702811245,0.752,1.0,0.6063497160288185,0.7499680184213892,1.0,0
0.7045682730923695,0.752,1.0,0.7043930241425675,0.7499680184213892,1.0,0
0.8024598393574298,0.752,1.0,0.8024383391197896,0.7499680184213892,1.0,0
0.9006024096385543,0.752,1.0,0.9004836540970117,0.7499680184213892,1.0,0
0.9987449799196788,0.752,1.0,0.9985289690742338,0.7499680184213892,1.0,0
0.09262048192771083,0.752,1.0,0.09259266692086932,0.7499680184213892,1.0,0
0.19076305220883533,0.752,1.0,0.19063597503461832,0.7499680184213892,1.0,0
0.2886546184738956,0.752,1.0,0.2886812900118404,0.7499680184213892,1.0,0
0.3867971887550201,0.752,1.0,0.38672660498906253,0.7499680184213892,1.0,0
0.4849397590361446,0.752,1.0,0.4847719199662846,0.7499680184213892,1.0,0
0.5828313253012049,0.752,1.0,0.5828332898512913,0.7499680184213892,1.0,0
0.6809738955823293,0.752,1.0,0.6808786048285135,0.7499680184213892,1.0,0
0.779116465863454,0.752,1.0,0.7789239198057356,0.7499680184213892,1.0,0
0.8770080321285141,0.752,1.0,0.8769692347829576,0.7499680184213892,1.0,0
0.9751506024096386,0.752,1.0,0.9750145497601798,0.7499680184213892,1.0,0
0.06902610441767065,0.752,1.0,0.06907624074334218,0.7499680184213892,1.0,0
0.16716867469879515,0.752,1.0,0.1671215557205643,0.7499680184213892,1.0,0
0.2653112449799197,0.752,1.0,0.2651668706977863,0.7499680184213892,1.0,0
0.36320281124497994,0.752,1.0,0.36321218567500846,0.7499680184213892,1.0,0
0.46134538152610444,0.752,1.0,0.4612575006522306,0.7499680184213892,1.0,0
0.559487951807229,0.752,1.0,0.5593168636737642,0.7499680184213892,1.0,0
0.6573795180722892,0.752,1.0,0.6573621786509863,0.7499680184213892,1.0,0
0.7555220883534137,0.752,1.0,0.7554074936282085,0.7499680184213892,1.0,0
0.8536646586345382,0.752,1.0,0.8534528086054305,0.7499680184213892,1.0,0
0.9515562248995983,0.752,1.0,0.9514981235826525,0.7499680184213892,1.0,0
0.04568273092369479,0.752,1.0,0.04555981456581504,0.7499680184213892,1.0,0
0.14357429718875503,0.752,1.0,0.1436051295430371,0.7499680184213892,1.0,0
0.24171686746987953,0.752,1.0,0.24165044452025924,0.7499680184213892,1.0,0
0.339859437751004,0.752,1.0,0.3396957594974813,0.7499680184213892,1.0,0
0.43775100401606426,0.752,1.0,0.43774107447470345,0.7499680184213892,1.0,0
0.5358935742971888,0.752,1.0,0.5358024443597101,0.7499680184213892,1.0,0
0.6340361445783133,0.752,1.0,0.6338477593369323,0.7499680184213892,1.0,0
0.7319277108433735,0.752,1.0,0.7318930743141543,0.7499680184213892,1.0,0
0.830070281124498,0.752,1.0,0.8299383892913765,0.7499680184213892,1.0,0
0.9279618473895583,0.752,1.0,0.9279837042685986,0.7499680184213892,1.0,0
0.022088353413654616,0.752,1.0,0.02204539525176097,0.7499680184213892,1.0,0
0.12023092369477917,0.752,1.0,0.1200907102289831,0.7499680184213892,1.0,0
0.21812248995983935,0.752,1.0,0.21813602520620518,0.7499680184213892,1.0,0
0.3162650602409639,0.752,1.0,0.31618134018342725,0.7499680184213892,1.0,0
0.4144076305220884,0.752,1.0,0.4142266551606494,0.7499680184213892,1.0,0
0.5122991967871486,0.752,1.0,0.512286018182183,0.7499680184213892,1.0,0
0.606425702811245,0.752,1.0,0.6064099219330108,0.7499680184213892,1.0,0
0.7045682730923695,0.752,1.0,0.7044552369102329,0.7499680184213892,1.0,0
0.802710843373494,0.752,1.0,0.8025005518874551,0.7499680184213892,1.0,0
0.9006024096385543,0.752,1.0,0.9005458668646771,0.7499680184213892,1.0,0
0.9987449799196788,0.752,1.0,0.9985911818418992,0.7499680184213892,1.0,0
0.09262048192771083,0.752,1.0,0.09265287282506168,0.7499680184213892,1.0,0
0.19076305220883533,0.752,1.0,0.19069818780228376,0.7499680184213892,1.0,0
0.2889056224899599,0.752,1.0,0.2887435027795059,0.7499680184213892,1.0,0
0.3867971887550201,0.752,1.0,0.3867888177567279,0.7499680184213892,1.0,0
0.4849397590361446,0.752,1.0,0.48483413273395004,0.7499680184213892,1.0,0
0.5830823293172691,0.752,1.0,0.5828955026189567,0.7499680184213892,1.0,0
0.6809738955823293,0.752,1.0,0.6809388107327058,0.7499680184213892,1.0,0
0.779116465863454,0.752,1.0,0.7789841257099279,0.7499680184213892,1.0,0
0.8770080321285141,0.752,1.0,0.8770294406871499,0.7499680184213892,1.0,0
0.9751506024096386,0.752,1.0,0.9750747556643721,0.7499680184213892,1.0,0
0.06927710843373497,0.752,1.0,0.06913845351100756,0.7499680184213892,1.0,0
0.16716867469879515,0.752,1.0,0.16718176162475662,0.7499680184213892,1.0,0
0.2653112449799197,0.752,1.0,0.2652270766019787,0.7499680184213892,1.0,0
0.36345381526104414,0.752,1.0,0.36327239157920077,0.7499680184213892,1.0,0
0.46134538152610444,0.752,1.0,0.4613177065564229,0.7499680184213892,1.0,0
0.559487951807229,0.752,1.0,0.5593790764414296,0.7499680184213892,1.0,0
0.6576305220883535,0.752,1.0,0.6574243914186517,0.7499680184213892,1.0,0
0.7555220883534137,0.752,1.0,0.7554697063958737,0.7499680184213892,1.0,0
0.8536646586345382,0.752,1.0,0.853515021373096,0.7499680184213892,1.0,0
0.9515562248995983,0.752,1.0,0.951560336350318,0.7499680184213892,1.0,0
0.04568273092369479,0.752,1.0,0.045622027333480475,0.7499680184213892,1.0,0
0.1438253012048193,0.752,1.0,0.14366734231070255,0.7499680184213892,1.0,0
0.24171686746987953,0.752,1.0,0.24171265728792468,0.7499680184213892,1.0,0
0.339859437751004,0.752,1.0,0.33975797226514676,0.7499680184213892,1.0,0
0.4380020080321285,0.752,1.0,0.43780328724236883,0.7499680184213892,1.0,0
0.5358935742971888,0.752,1.0,0.5358626502639025,0.7499680184213892,1.0,0
0.6340361445783133,0.752,1.0,0.6339079652411246,0.7499680184213892,1.0,0
0.7319277108433735,0.752,1.0,0.7319532802183466,0.7499680184213892,1.0,0
0.830070281124498,0.752,1.0,0.8299985951955688,0.7499680184213892,1.0,0
0.9282128514056225,0.752,1.0,0.9280439101727909,0.7499680184213892,1.0,0
0.022088353413654616,0.752,1.0,0.02210560115595328,0.7499680184213892,1.0,0
0.12023092369477917,0.752,1.0,0.12015091613317541,0.7499680184213892,1.0,0
0.21837349397590367,0.752,1.0,0.2181962311103975,0.7499680184213892,1.0,0
0.3162650602409639,0.752,1.0,0.31624154608761956,0.7499680184213892,1.0,0
0.4144076305220884,0.752,1.0,0.4142868610648417,0.7499680184213892,1.0,0
0.5125502008032129,0.752,1.0,0.5123482309498484,0.7499680184213892,1.0,0
0.6066767068273092,0.752,1.0,0.6064721347006763,0.7499680184213892,1.0,0
0.7045682730923695,0.752,1.0,0.7045174496778983,0.7499680184213892,1.0,0
0.802710843373494,0.752,1.0,0.8025627646551204,0.7499680184213892,1.0,0
0.9006024096385543,0.752,1.0,0.9006060727688694,0.7499680184213892,1.0,0
0.9987449799196788,0.752,1.0,0.9986513877460915,0.7499680184213892,1.0,0
0.09287148594377514,0.752,1.0,0.09271508559272712,0.7499680184213892,1.0,0
0.19076305220883533,0.752,1.0,0.1907604005699492,0.7499680184213892,1.0,0
0.2889056224899599,0.752,1.0,0.28880571554717127,0.7499680184213892,1.0,0
0.3870481927710844,0.752,1.0,0.3868490236609203,0.7499680184213892,1.0,0
0.4849397590361446,0.752,1.0,0.48489433863814235,0.7499680184213892,1.0,0
0.5830823293172691,0.752,1.0,0.5829557085231492,0.7499680184213892,1.0,0
0.6809738955823293,0.752,1.0,0.6810010235003712,0.7499680184213892,1.0,0
0.779116465863454,0.752,1.0,0.7790463384775933,0.7499680184213892,1.0,0
0.8772590361445785,0.752,1.0,0.8770916534548154,0.7499680184213892,1.0,0
0.9751506024096386,0.752,1.0,0.9751369684320375,0.7499680184213892,1.0,0
0.06927710843373497,0.752,1.0,0.06919865941519993,0.7499680184213892,1.0,0
0.16741967871485947,0.752,1.0,0.16724397439242206,0.7499680184213892,1.0,0
0.2653112449799197,0.752,1.0,0.26528928936964413,0.7499680184213892,1.0,0
0.36345381526104414,0.752,1.0,0.3633346043468662,0.7499680184213892,1.0,0
0.46134538152610444,0.752,1.0,0.46137991932408834,0.7499680184213892,1.0,0
0.559487951807229,0.752,1.0,0.559439282345622,0.7499680184213892,1.0,0
0.6576305220883535,0.752,1.0,0.657484597322844,0.7499680184213892,1.0,0
0.7555220883534137,0.752,1.0,0.7555299123000662,0.7499680184213892,1.0,0
0.8536646586345382,0.752,1.0,0.8535752272772883,0.7499680184213892,1.0,0
0.9518072289156627,0.752,1.0,0.9516205422545103,0.7499680184213892,1.0,0
0.04568273092369479,0.752,1.0,0.04568223323767279,0.7499680184213892,1.0,0
0.1438253012048193,0.752,1.0,0.14372754821489486,0.7499680184213892,1.0,0
0.2419678714859438,0.752,1.0,0.241772863192117,0.7499680184213892,1.0,0
0.339859437751004,0.752,1.0,0.3398181781693391,0.7499680184213892,1.0,0
0.4380020080321285,0.752,1.0,0.43786349314656114,0.7499680184213892,1.0,0
0.5358935742971888,0.752,1.0,0.5359248630315679,0.7499680184213892,1.0,0
0.6340361445783133,0.752,1.0,0.63397017800879,0.7499680184213892,1.0,0
0.7321787148594379,0.752,1.0,0.7320154929860121,0.7499680184213892,1.0,0
0.830070281124498,0.752,1.0,0.8300608079632341,0.7499680184213892,1.0,0
0.9282128514056225,0.752,1.0,0.9281061229404564,0.7499680184213892,1.0,0
0.022339357429718876,0.752,1.0,0.022167813923618718,0.7499680184213892,1.0,0
0.12023092369477917,0.752,1.0,0.12021312890084085,0.7499680184213892,1.0,0
0.21837349397590367,0.752,1.0,0.21825844387806292,0.7499680184213892,1.0,0
0.3162650602409639,0.752,1.0,0.31630375885528506,0.7499680184213892,1.0,0
0.4144076305220884,0.752,1.0,0.41434907383250713,0.7499680184213892,1.0,0
0.5125502008032129,0.752,1.0,0.5124084368540408,0.7499680184213892,1.0,0
0.6066767068273092,0.752,1.0,0.6065323406048686,0.7499680184213892,1.0,0
0.7045682730923695,0.752,1.0,0.7045776555820906,0.7499680184213892,1.0,0
0.802710843373494,0.752,1.0,0.8026229705593128,0.7499680184213892,1.0,0
0.9008534136546185,0.752,1.0,0.9006682855365349,0.7499680184213892,1.0,0
0.9987449799196788,0.752,1.0,0.9987136005137569,0.7499680184213892,1.0,0
0.09287148594377514,0.752,1.0,0.09277529149691943,0.7499680184213892,1.0,0
0.19076305220883533,0.752,1.0,0.1908206064741415,0.7499680184213892,1.0,0
0.2889056224899599,0.752,1.0,0.2888659214513636,0.7499680184213892,1.0,0
0.3870481927710844,0.752,1.0,0.3869112364285857,0.7499680184213892,1.0,0
0.4849397590361446,0.752,1.0,0.4849565514058078,0.7499680184213892,1.0,0
0.5830823293172691,0.752,1.0,0.5830179212908145,0.7499680184213892,1.0,0
0.6812248995983936,0.752,1.0,0.6810632362680367,0.7499680184213892,1.0,0
0.779116465863454,0.752,1.0,0.7791085512452587,0.7499680184213892,1.0,0
0.8772590361445785,0.752,1.0,0.8771518593590077,0.7499680184213892,1.0,0
0.9754016064257028,0.752,1.0,0.9751971743362299,0.7499680184213892,1.0,0
0.06927710843373497,0.752,1.0,0.06926087218286536,0.7499680184213892,1.0,0
0.16741967871485947,0.752,1.0,0.16730618716008744,0.7499680184213892,1.0,0
0.2653112449799197,0.752,1.0,0.2653515021373095,0.7499680184213892,1.0,0
0.36345381526104414,0.752,1.0,0.3633948102510586,0.7499680184213892,1.0,0
0.4615963855421687,0.752,1.0,0.46144012522828065,0.7499680184213892,1.0,0
0.559487951807229,0.752,1.0,0.5595014951132874,0.7499680184213892,1.0,0
0.6576305220883535,0.752,1.0,0.6575468100905095,0.7499680184213892,1.0,0
0.7557730923694779,0.752,1.0,0.7555921250677315,0.7499680184213892,1.0,0
0.8536646586345382,0.752,1.0,0.8536374400449537,0.7499680184213892,1.0,0
0.9518072289156627,0.752,1.0,0.9516827550221758,0.7499680184213892,1.0,0
0.04568273092369479,0.752,1.0,0.045744446005338224,0.7499680184213892,1.0,0
0.1438253012048193,0.752,1.0,0.1437897609825603,0.7499680184213892,1.0,0
0.2419678714859438,0.752,1.0,0.24183507595978238,0.7499680184213892,1.0,0
0.339859437751004,0.752,1.0,0.3398803909370045,0.7499680184213892,1.0,0
0.4380020080321285,0.752,1.0,0.4379257059142266,0.7499680184213892,1.0,0
0.536144578313253,0.752,1.0,0.5359850689357603,0.7499680184213892,1.0,0
0.6340361445783133,0.752,1.0,0.6340303839129824,0.7499680184213892,1.0,0
0.7321787148594379,0.752,1.0,0.7320756988902044,0.7499680184213892,1.0,0
0.8303212851405624,0.752,1.0,0.8301210138674264,0.7499680184213892,1.0,0
0.9282128514056225,0.752,1.0,0.9281663288446487,0.7499680184213892,1.0,0
0.022339357429718876,0.752,1.0,0.02222801982781103,0.7499680184213892,1.0,0
0.12023092369477917,0.752,1.0,0.12027333480503316,0.7499680184213892,1.0,0
0.21837349397590367,0.752,1.0,0.21831864978225524,0.7499680184213892,1.0,0
0.31651606425702816,0.752,1.0,0.31636396475947737,0.7499680184213892,1.0,0
0.4144076305220884,0.752,1.0,0.41440927973669944,0.7499680184213892,1.0,0
0.5125502008032129,0.752,1.0,0.5124706496217062,0.7499680184213892,1.0,0
0.6066767068273092,0.752,1.0,0.606594553372534,0.7499680184213892,1.0,0
0.7048192771084338,0.752,1.0,0.7046398683497561,0.7499680184213892,1.0,0
0.802710843373494,0.752,1.0,0.8026851833269781,0.7499680184213892,1.0,0
0.9008534136546185,0.752,1.0,0.9007304983042003,0.7499680184213892,1.0,0
0.9987449799196788,0.752,1.0,0.9987758132814224,0.7499680184213892,1.0,0
0.09287148594377514,0.752,1.0,0.09283750426458481,0.7499680184213892,1.0,0
0.1910140562248996,0.752,1.0,0.19088281924180694,0.7499680184213892,1.0,0
0.2889056224899599,0.752,1.0,0.288928134219029,0.7499680184213892,1.0,0
0.3870481927710844,0.752,1.0,0.3869734491962511,0.7499680184213892,1.0,0
0.4851907630522089,0.752,1.0,0.4850187641734732,0.7499680184213892,1.0,0
0.5830823293172691,0.752,1.0,0.5830781271950068,0.7499680184213892,1.0,0
0.6812248995983936,0.752,1.0,0.681123442172229,0.7499680184213892,1.0,0
0.7793674698795181,0.752,1.0,0.779168757149451,0.7499680184213892,1.0,0
0.8772590361445785,0.752,1.0,0.8772140721266731,0.7499680184213892,1.0,0
0.9754016064257028,0.752,1.0,0.9752593871038953,0.7499680184213892,1.0,0
0.06927710843373497,0.752,1.0,0.06932107808705767,0.7499680184213892,1.0,0
0.16741967871485947,0.752,1.0,0.16736639306427975,0.7499680184213892,1.0,0
0.26556224899598396,0.752,1.0,0.2654117080415019,0.7499680184213892,1.0,0
0.36345381526104414,0.752,1.0,0.36345702301872396,0.7499680184213892,1.0,0
0.4615963855421687,0.752,1.0,0.4615023379959461,0.7499680184213892,1.0,0
0.5597389558232932,0.752,1.0,0.5595637078809528,0.7499680184213892,1.0,0
0.6576305220883535,0.752,1.0,0.6576090228581749,0.7499680184213892,1.0,0
0.7557730923694779,0.752,1.0,0.7556523309719239,0.7499680184213892,1.0,0
0.8536646586345382,0.752,1.0,0.8536976459491461,0.7499680184213892,1.0,0
0.9518072289156627,0.752,1.0,0.9517429609263681,0.7499680184213892,1.0,0
0.04593373493975905,0.752,1.0,0.045806658773003606,0.7499680184213892,1.0,0
0.1438253012048193,0.752,1.0,0.14385197375022574,0.7499680184213892,1.0,0
0.2419678714859438,0.752,1.0,0.24189528186397474,0.7499680184213892,1.0,0
0.3401104417670683,0.752,1.0,0.3399405968411968,0.7499680184213892,1.0,0
0.4380020080321285,0.752,1.0,0.43798591181841895,0.7499680184213892,1.0,0
0.536144578313253,0.752,1.0,0.5360472817034256,0.7499680184213892,1.0,0
0.6342871485943775,0.752,1.0,0.6340925966806478,0.7499680184213892,1.0,0
0.7321787148594379,0.752,1.0,0.7321379116578698,0.7499680184213892,1.0,0
0.8303212851405624,0.752,1.0,0.8301832266350919,0.7499680184213892,1.0,0
0.9282128514056225,0.752,1.0,0.9282285416123139,0.7499680184213892,1.0,0
0.022339357429718876,0.752,1.0,0.022290232595476467,0.7499680184213892,1.0,0
0.12048192771084337,0.752,1.0,0.12033554757269854,0.7499680184213892,1.0,0
0.21837349397590367,0.752,1.0,0.21838086254992067,0.7499680184213892,1.0,0
0.31651606425702816,0.752,1.0,0.31642617752714275,0.7499680184213892,1.0,0
0.41465863453815266,0.752,1.0,0.4144714925043649,0.7499680184213892,1.0,0
0.5125502008032129,0.752,1.0,0.5125308555258985,0.7499680184213892,1.0,0
0.6066767068273092,0.752,1.0,0.6066547592767263,0.7499680184213892,1.0,0
0.7048192771084338,0.752,1.0,0.7047000742539484,0.7499680184213892,1.0,0
0.802710843373494,0.752,1.0,0.8027453892311704,0.7499680184213892,1.0,0
0.9008534136546185,0.752,1.0,0.9007907042083926,0.7499680184213892,1.0,0
0.998995983935743,0.752,1.0,0.9988360191856147,0.7499680184213892,1.0,0
0.09287148594377514,0.752,1.0,0.09289771016877713,0.7499680184213892,1.0,0
0.1910140562248996,0.752,1.0,0.19094302514599926,0.7499680184213892,1.0,0
0.28915662650602414,0.752,1.0,0.2889883401232214,0.7499680184213892,1.0,0
0.3870481927710844,0.752,1.0,0.38703365510044346,0.7499680184213892,1.0,0
0.4851907630522089,0.752,1.0,0.48507897007766554,0.7499680184213892,1.0,0
0.5833333333333334,0.752,1.0,0.5831403399626722,0.7499680184213892,1.0,0
0.6812248995983936,0.752,1.0,0.6811856549398944,0.7499680184213892,1.0,0
0.7793674698795181,0.752,1.0,0.7792309699171165,0.7499680184213892,1.0,0
0.8772590361445785,0.752,1.0,0.8772762848943385,0.7499680184213892,1.0,0
0.9754016064257028,0.752,1.0,0.9753195930080876,0.7499680184213892,1.0,0
0.06952811244979917,0.752,1.0,0.06938329085472311,0.7499680184213892,1.0,0
0.16741967871485947,0.752,1.0,0.1674286058319452,0.7499680184213892,1.0,0
0.26556224899598396,0.752,1.0,0.2654739208091673,0.7499680184213892,1.0,0
0.3637048192771084,0.752,1.0,0.3635192357863894,0.7499680184213892,1.0,0
0.4615963855421687,0.752,1.0,0.4615625439001384,0.7499680184213892,1.0,0
0.5597389558232932,0.752,1.0,0.5596239137851451,0.7499680184213892,1.0,0
0.6576305220883535,0.752,1.0,0.6576692287623672,0.7499680184213892,1.0,0
0.7557730923694779,0.752,1.0,0.7557145437395894,0.7499680184213892,1.0,0
0.8539156626506024,0.752,1.0,0.8537598587168114,0.7499680184213892,1.0,0
0.9518072289156627,0.752,1.0,0.9518051736940335,0.7499680184213892,1.0,0
0.04593373493975905,0.752,1.0,0.04586686467719592,0.7499680184213892,1.0,0
0.14407630522088355,0.752,1.0,0.14391217965441805,0.7499680184213892,1.0,0
0.2419678714859438,0.752,1.0,0.24195749463164012,0.7499680184213892,1.0,0
0.3401104417670683,0.752,1.0,0.34000280960886226,0.7499680184213892,1.0,0
0.4380020080321285,0.752,1.0,0.43804812458608433,0.7499680184213892,1.0,0
0.536144578313253,0.752,1.0,0.536109494471091,0.7499680184213892,1.0,0
0.6342871485943775,0.752,1.0,0.6341528025848401,0.7499680184213892,1.0,0
0.7321787148594379,0.752,1.0,0.7321981175620622,0.7499680184213892,1.0,0
0.8303212851405624,0.752,1.0,0.8302434325392842,0.7499680184213892,1.0,0
0.9284638554216869,0.752,1.0,0.9282887475165064,0.7499680184213892,1.0,0
0.022339357429718876,0.752,1.0,0.022352445363141904,0.7499680184213892,1.0,0
0.12048192771084337,0.752,1.0,0.12039575347689091,0.7499680184213892,1.0,0
0.21862449799196787,0.752,1.0,0.21844106845411304,0.7499680184213892,1.0,0
0.31651606425702816,0.752,1.0,0.3164863834313351,0.7499680184213892,1.0,0
0.41465863453815266,0.752,1.0,0.4145316984085572,0.7499680184213892,1.0,0
0.5125502008032129,0.752,1.0,0.5125930682935639,0.7499680184213892,1.0,0
0.6066767068273092,0.752,1.0,0.6067169720443918,0.7499680184213892,1.0,0
0.7048192771084338,0.752,1.0,0.7047622870216139,0.7499680184213892,1.0,0
0.8029618473895583,0.752,1.0,0.8028076019988359,0.7499680184213892,1.0,0
0.9008534136546185,0.752,1.0,0.900852916976058,0.7499680184213892,1.0,0
0.998995983935743,0.752,1.0,0.9988982319532801,0.7499680184213892,1.0,0
0.09312248995983935,0.752,1.0,0.09295992293644256,0.7499680184213892,1.0,0
0.1910140562248996,0.752,1.0,0.19100523791366464,0.7499680184213892,1.0,0
0.28915662650602414,0.752,1.0,0.28905055289088677,0.7499680184213892,1.0,0
0.3870481927710844,0.752,1.0,0.3870958678681089,0.7499680184213892,1.0,0
0.4851907630522089,0.752,1.0,0.485141182845331,0.7499680184213892,1.0,0
0.5833333333333334,0.752,1.0,0.5832005458668647,0.7499680184213892,1.0,0
0.6812248995983936,0.752,1.0,0.6812458608440867,0.7499680184213892,1.0,0
0.7793674698795181,0.752,1.0,0.7792911758213088,0.7499680184213892,1.0,0
0.8775100401606426,0.752,1.0,0.8773364907985309,0.7499680184213892,1.0,0
0.9754016064257028,0.752,1.0,0.9753818057757531,0.7499680184213892,1.0,0
0.06952811244979917,0.752,1.0,0.06944349675891548,0.7499680184213892,1.0,0
0.16767068273092367,0.752,1.0,0.16748881173613756,0.7499680184213892,1.0,0
0.26556224899598396,0.752,1.0,0.26553412671335963,0.7499680184213892,1.0,0
0.3637048192771084,0.752,1.0,0.36357944169058176,0.7499680184213892,1.0,0
0.4615963855421687,0.752,1.0,0.46162475666780384,0.7499680184213892,1.0,0
0.5597389558232932,0.752,1.0,0.5596861265528106,0.7499680184213892,1.0,0
0.6578815261044177,0.752,1.0,0.6577314415300326,0.7499680184213892,1.0,0
0.7557730923694779,0.752,1.0,0.7557767565072547,0.7499680184213892,1.0,0
0.8539156626506024,0.752,1.0,0.8538220714844769,0.7499680184213892,1.0,0
0.9520582329317269,0.752,1.0,0.9518653795982259,0.7499680184213892,1.0,0
0.04593373493975905,0.752,1.0,0.045929077444861355,0.7499680184213892,1.0,0
0.14407630522088355,0.752,1.0,0.14397439242208343,0.7499680184213892,1.0,0
0.2419678714859438,0.752,1.0,0.24201970739930556,0.7499680184213892,1.0,0
0.3401104417670683,0.752,1.0,0.3400650223765277,0.7499680184213892,1.0,0
0.4382530120481928,0.752,1.0,0.4381083304902767,0.7499680184213892,1.0,0
0.536144578313253,0.752,1.0,0.5361697003752834,0.7499680184213892,1.0,0
0.6342871485943775,0.752,1.0,0.6342150153525055,0.7499680184213892,1.0,0
0.732429718875502,0.752,1.0,0.7322603303297276,0.7499680184213892,1.0,0
0.8303212851405624,0.752,1.0,0.8303056453069497,0.7499680184213892,1.0,0
0.9284638554216869,0.752,1.0,0.9283509602841717,0.7499680184213892,1.0,0
0.022590361445783136,0.752,1.0,0.02241265126733427,0.7499680184213892,1.0,0
0.12048192771084337,0.752,1.0,0.12045796624455635,0.7499680184213892,1.0,0
0.21862449799196787,0.752,1.0,0.21850328122177842,0.7499680184213892,1.0,0
0.31651606425702816,0.752,1.0,0.31654859619900055,0.7499680184213892,1.0,0
0.41465863453815266,0.752,1.0,0.41459391117622263,0.7499680184213892,1.0,0
0.5128012048192772,0.752,1.0,0.5126552810612294,0.7499680184213892,1.0,0
0.6069277108433735,0.752,1.0,0.6067771779485841,0.7499680184213892,1.0,0
0.7048192771084338,0.752,1.0,0.7048224929258062,0.7499680184213892,1.0,0
0.8029618473895583,0.752,1.0,0.8028678079030283,0.7499680184213892,1.0,0
0.9011044176706828,0.752,1.0,0.9009131228802504,0.7499680184213892,1.0,0
0.998995983935743,0.752,1.0,0.9989584378574725,0.7499680184213892,1.0,0
0.09312248995983935,0.752,1.0,0.09302012884063493,0.7499680184213892,1.0,0
0.1910140562248996,0.752,1.0,0.191065443817857,0.7499680184213892,1.0,0
0.28915662650602414,0.752,1.0,0.2891107587950791,0.7499680184213892,1.0,0
0.38729919678714864,0.752,1.0,0.3871560737723012,0.7499680184213892,1.0,0
0.4851907630522089,0.752,1.0,0.4852013887495233,0.7499680184213892,1.0,0
0.5833333333333334,0.752,1.0,0.58326275863453,0.7499680184213892,1.0,0
0.6814759036144579,0.752,1.0,0.6813080736117522,0.7499680184213892,1.0,0
0.7793674698795181,0.752,1.0,0.7793533885889742,0.7499680184213892,1.0,0
0.8775100401606426,0.752,1.0,0.8773987035661963,0.7499680184213892,1.0,0
0.9756526104417671,0.752,1.0,0.9754440185434183,0.7499680184213892,1.0,0
0.06952811244979917,0.752,1.0,0.0695057095265808,0.7499680184213892,1.0,0
0.16767068273092367,0.752,1.0,0.16755102450380294,0.7499680184213892,1.0,0
0.26556224899598396,0.752,1.0,0.265596339481025,0.7499680184213892,1.0,0
0.3637048192771084,0.752,1.0,0.36364165445824714,0.7499680184213892,1.0,0
0.46184738955823296,0.752,1.0,0.4616869694354692,0.7499680184213892,1.0,0
0.5597389558232932,0.752,1.0,0.5597463324570029,0.7499680184213892,1.0,0
0.6578815261044177,0.752,1.0,0.6577916474342249,0.7499680184213892,1.0,0
0.7560240963855422,0.752,1.0,0.7558369624114472,0.7499680184213892,1.0,0
0.8539156626506024,0.752,1.0,0.8538822773886692,0.7499680184213892,1.0,0
0.9520582329317269,0.752,1.0,0.9519275923658913,0.7499680184213892,1.0,0
0.04593373493975905,0.752,1.0,0.04598928334905372,0.7499680184213892,1.0,0
0.14407630522088355,0.752,1.0,0.1440345983262758,0.7499680184213892,1.0,0
0.24221887550200805,0.752,1.0,0.24207991330349793,0.7499680184213892,1.0,0
0.3401104417670683,0.752,1.0,0.34012522828072,0.7499680184213892,1.0,0
0.4382530120481928,0.752,1.0,0.4381705432579421,0.7499680184213892,1.0,0
0.5363955823293173,0.752,1.0,0.5362319131429488,0.7499680184213892,1.0,0
0.6342871485943775,0.752,1.0,0.634277228120171,0.7499680184213892,1.0,0
0.732429718875502,0.752,1.0,0.732322543097393,0.7499680184213892,1.0,0
0.8305722891566265,0.752,1.0,0.830365851211142,0.7499680184213892,1.0,0
0.9284638554216869,0.752,1.0,0.9284111661883641,0.7499680184213892,1.0,0
0.022590361445783136,0.752,1.0,0.022474864034999653,0.7499680184213892,1.0,0
0.12048192771084337,0.752,1.0,0.12052017901222173,0.7499680184213892,1.0,0
0.21862449799196787,0.752,1.0,0.2185654939894438,0.7499680184213892,1.0,0
0.3167670682730924,0.752,1.0,0.31660880210319287,0.7499680184213892,1.0,0
0.41465863453815266,0.752,1.0,0.41465411708041494,0.7499680184213892,1.0,0
0.5128012048192772,0.752,1.0,0.5127154869654217,0.7499680184213892,1.0,0
0.6069277108433735,0.752,1.0,0.6068393907162495,0.7499680184213892,1.0,0
0.705070281124498,0.752,1.0,0.7048847056934716,0.7499680184213892,1.0,0
0.8029618473895583,0.752,1.0,0.8029300206706937,0.7499680184213892,1.0,0
0.9011044176706828,0.752,1.0,0.9009753356479158,0.7499680184213892,1.0,0
0.998995983935743,0.752,1.0,0.9990206506251379,0.7499680184213892,1.0,0
0.09312248995983935,0.752,1.0,0.09308234160830037,0.7499680184213892,1.0,0
0.19126506024096385,0.752,1.0,0.19112765658552244,0.7499680184213892,1.0,0
0.28915662650602414,0.752,1.0,0.2891729715627445,0.7499680184213892,1.0,0
0.38729919678714864,0.752,1.0,0.38721828653996665,0.7499680184213892,1.0,0
0.48544176706827313,0.752,1.0,0.4852636015171887,0.7499680184213892,1.0,0
0.5833333333333334,0.752,1.0,0.5833229645387223,0.7499680184213892,1.0,0
0.6814759036144579,0.752,1.0,0.6813682795159445,0.7499680184213892,1.0,0
0.7796184738955824,0.752,1.0,0.7794135944931666,0.7499680184213892,1.0,0
0.8775100401606426,0.752,1.0,0.8774589094703886,0.7499680184213892,1.0,0
0.9756526104417671,0.752,1.0,0.9755042244476108,0.7499680184213892,1.0,0
0.06952811244979917,0.752,1.0,0.06956591543077317,0.7499680184213892,1.0,0
0.16767068273092367,0.752,1.0,0.1676112304079953,0.7499680184213892,1.0,0
0.2658132530120482,0.752,1.0,0.2656565453852174,0.7499680184213892,1.0,0
0.3637048192771084,0.752,1.0,0.36370186036243946,0.7499680184213892,1.0,0
0.46184738955823296,0.752,1.0,0.4617471753396616,0.7499680184213892,1.0,0
0.5599899598393575,0.752,1.0,0.5598085452246683,0.7499680184213892,1.0,0
0.6578815261044177,0.752,1.0,0.6578538602018904,0.7499680184213892,1.0,0
0.7560240963855422,0.752,1.0,0.7558991751791124,0.7499680184213892,1.0,0
0.8539156626506024,0.752,1.0,0.8539444901563347,0.7499680184213892,1.0,0
0.9520582329317269,0.752,1.0,0.9519898051335567,0.7499680184213892,1.0,0
0.04618473895582326,0.752,1.0,0.04605149611671916,0.7499680184213892,1.0,0
0.14407630522088355,0.752,1.0,0.14409681109394123,0.7499680184213892,1.0,0
0.24221887550200805,0.752,1.0,0.24214212607116337,0.7499680184213892,1.0,0
0.34036144578313254,0.752,1.0,0.3401874410483854,0.7499680184213892,1.0,0
0.4382530120481928,0.752,1.0,0.4382327560256075,0.7499680184213892,1.0,0
0.5363955823293173,0.752,1.0,0.5362921190471411,0.7499680184213892,1.0,0
0.6345381526104418,0.752,1.0,0.6343374340243633,0.7499680184213892,1.0,0
0.732429718875502,0.752,1.0,0.7323827490015853,0.7499680184213892,1.0,0
0.8305722891566265,0.752,1.0,0.8304280639788075,0.7499680184213892,1.0,0
0.9284638554216869,0.752,1.0,0.9284733789560295,0.7499680184213892,1.0,0
0.022590361445783136,0.752,1.0,0.02253506993919202,0.7499680184213892,1.0,0
0.12073293172690763,0.752,1.0,0.1205803849164141,0.7499680184213892,1.0,0
0.21862449799196787,0.752,1.0,0.21862569989363617,0.7499680184213892,1.0,0
0.3167670682730924,0.752,1.0,0.31667101487085825,0.7499680184213892,1.0,0
0.4149096385542169,0.752,1.0,0.4147163298480804,0.7499680184213892,1.0,0
0.5128012048192772,0.752,1.0,0.5127776997330871,0.7499680184213892,1.0,0
0.6069277108433735,0.752,1.0,0.6068995966204418,0.7499680184213892,1.0,0
0.705070281124498,0.752,1.0,0.7049449115976639,0.7499680184213892,1.0,0
0.8029618473895583,0.752,1.0,0.8029902265748861,0.7499680184213892,1.0,0
0.9011044176706828,0.752,1.0,0.9010355415521081,0.7499680184213892,1.0,0
0.9992469879518073,0.752,1.0,0.9990808565293302,0.7499680184213892,1.0,0
0.09312248995983935,0.752,1.0,0.09314254751249268,0.7499680184213892,1.0,0
0.19126506024096385,0.752,1.0,0.19118786248971475,0.7499680184213892,1.0,0
0.2894076305220884,0.752,1.0,0.2892331774669369,0.7499680184213892,1.0,0
0.38729919678714864,0.752,1.0,0.38727849244415896,0.7499680184213892,1.0,0
0.48544176706827313,0.752,1.0,0.48532380742138104,0.7499680184213892,1.0,0
0.5835843373493976,0.752,1.0,0.5833851773063878,0.7499680184213892,1.0,0
0.6814759036144579,0.752,1.0,0.6814304922836099,0.7499680184213892,1.0,0
0.7796184738955824,0.752,1.0,0.779475807260832,0.7499680184213892,1.0,0
0.8775100401606426,0.752,1.0,0.8775211222380541,0.7499680184213892,1.0,0
0.9756526104417671,0.752,1.0,0.9755664372152761,0.7499680184213892,1.0,0
0.06977911646586349,0.752,1.0,0.06962812819843861,0.7499680184213892,1.0,0
0.16767068273092367,0.752,1.0,0.16767344317566074,0.7499680184213892,1.0,0
0.2658132530120482,0.752,1.0,0.2657187581528828,0.7499680184213892,1.0,0
0.36395582329317266,0.752,1.0,0.36376407313010495,0.7499680184213892,1.0,0
0.46184738955823296,0.752,1.0,0.46180938810732697,0.7499680184213892,1.0,0
0.5599899598393575,0.752,1.0,0.5598687511288606,0.7499680184213892,1.0,0
0.6578815261044177,0.752,1.0,0.6579140661060827,0.7499680184213892,1.0,0
0.7560240963855422,0.752,1.0,0.7559593810833048,0.7499680184213892,1.0,0
0.8541666666666667,0.752,1.0,0.854004696060527,0.7499680184213892,1.0,0
0.9520582329317269,0.752,1.0,0.952050011037749,0.7499680184213892,1.0,0
0.04618473895582326,0.752,1.0,0.04611170202091147,0.7499680184213892,1.0,0
0.1443273092369478,0.752,1.0,0.14415701699813355,0.7499680184213892,1.0,0
0.24221887550200805,0.752,1.0,0.24220233197535568,0.7499680184213892,1.0,0
0.34036144578313254,0.752,1.0,0.34024764695257775,0.7499680184213892,1.0,0
0.4382530120481928,0.752,1.0,0.43829296192979983,0.7499680184213892,1.0,0
0.5363955823293173,0.752,1.0,0.5363543318148065,0.7499680184213892,1.0,0
0.6345381526104418,0.752,1.0,0.6343996467920286,0.7499680184213892,1.0,0
0.732429718875502,0.752,1.0,0.7324449617692508,0.7499680184213892,1.0,0
0.8305722891566265,0.752,1.0,0.8304902767464728,0.7499680184213892,1.0,0
0.928714859437751,0.752,1.0,0.928535591723695,0.7499680184213892,1.0,0
0.022590361445783136,0.752,1.0,0.022597282706857402,0.7499680184213892,1.0,0
0.12073293172690763,0.752,1.0,0.12064259768407953,0.7499680184213892,1.0,0
0.21887550200803219,0.752,1.0,0.2186879126613016,0.7499680184213892,1.0,0
0.3167670682730924,0.752,1.0,0.3167332276385237,0.7499680184213892,1.0,0
0.4149096385542169,0.752,1.0,0.41477854261574576,0.7499680184213892,1.0,0
0.5128012048192772,0.752,1.0,0.5128379056372794,0.7499680184213892,1.0,0
0.6069277108433735,0.752,1.0,0.6069618093881073,0.7499680184213892,1.0,0
0.705070281124498,0.752,1.0,0.7050071243653293,0.7499680184213892,1.0,0
0.8032128514056225,0.752,1.0,0.8030524393425514,0.7499680184213892,1.0,0
0.9011044176706828,0.752,1.0,0.9010977543197736,0.7499680184213892,1.0,0
0.9992469879518073,0.752,1.0,0.9991430692969956,0.7499680184213892,1.0,0
0.09337349397590367,0.752,1.0,0.09320476028015812,0.7499680184213892,1.0,0
0.19126506024096385,0.752,1.0,0.1912500752573802,0.7499680184213892,1.0,0
0.2894076305220884,0.752,1.0,0.28929539023460227,0.7499680184213892,1.0,0
0.38729919678714864,0.752,1.0,0.3873407052118244,0.7499680184213892,1.0,0
0.48544176706827313,0.752,1.0,0.4853860201890465,0.7499680184213892,1.0,0
0.5835843373493976,0.752,1.0,0.5834453832105801,0.7499680184213892,1.0,0
0.6814759036144579,0.752,1.0,0.6814906981878022,0.7499680184213892,1.0,0
0.7796184738955824,0.752,1.0,0.7795360131650243,0.7499680184213892,1.0,0
0.877761044176707,0.752,1.0,0.8775813281422464,0.7499680184213892,1.0,0
0.9756526104417671,0.752,1.0,0.9756266431194685,0.7499680184213892,1.0,0
0.06977911646586349,0.752,1.0,0.06968833410263092,0.7499680184213892,1.0,0
0.16792168674698799,0.752,1.0,0.16773364907985305,0.7499680184213892,1.0,0
0.2658132530120482,0.752,1.0,0.26577896405707513,0.7499680184213892,1.0,0
0.36395582329317266,0.752,1.0,0.36382427903429726,0.7499680184213892,1.0,0
0.46184738955823296,0.752,1.0,0.46186959401151934,0.7499680184213892,1.0,0
0.5599899598393575,0.752,1.0,0.5599309638965261,0.7499680184213892,1.0,0
0.6581325301204819,0.752,1.0,0.6579762788737482,0.7499680184213892,1.0,0
0.7560240963855422,0.752,1.0,0.7560215938509702,0.7499680184213892,1.0,0
0.8541666666666667,0.752,1.0,0.8540669088281924,0.7499680184213892,1.0,0
0.9523092369477912,0.752,1.0,0.9521122238054145,0.7499680184213892,1.0,0
0.04618473895582326,0.752,1.0,0.04617391478857691,0.7499680184213892,1.0,0
0.1443273092369478,0.752,1.0,0.14421922976579898,0.7499680184213892,1.0,0
0.24221887550200805,0.752,1.0,0.24226454474302106,0.7499680184213892,1.0,0
0.34036144578313254,0.752,1.0,0.3403098597202432,0.7499680184213892,1.0,0
0.43850401606425704,0.752,1.0,0.43835517469746527,0.7499680184213892,1.0,0
0.5363955823293173,0.752,1.0,0.5364145377189989,0.7499680184213892,1.0,0
0.6345381526104418,0.752,1.0,0.634459852696221,0.7499680184213892,1.0,0
0.7326807228915663,0.752,1.0,0.7325051676734431,0.7499680184213892,1.0,0
0.8305722891566265,0.752,1.0,0.8305504826506651,0.7499680184213892,1.0,0
0.928714859437751,0.752,1.0,0.9285957976278874,0.7499680184213892,1.0,0
0.022841365461847396,0.752,1.0,0.022657488611049714,0.7499680184213892,1.0,0
0.12073293172690763,0.752,1.0,0.12070280358827185,0.7499680184213892,1.0,0
0.21887550200803219,0.752,1.0,0.21874811856549392,0.7499680184213892,1.0,0
0.3167670682730924,0.752,1.0,0.31679343354271605,0.7499680184213892,1.0,0
0.4149096385542169,0.752,1.0,0.4148387485199381,0.7499680184213892,1.0,0
0.5130522088353414,0.752,1.0,0.5129001184049449,0.7499680184213892,1.0,0
0.6071787148594378,0.752,1.0,0.6070220152922996,0.7499680184213892,1.0,0
0.705070281124498,0.752,1.0,0.7050673302695217,0.7499680184213892,1.0,0
0.8032128514056225,0.752,1.0,0.8031126452467438,0.7499680184213892,1.0,0
0.901355421686747,0.752,1.0,0.9011579602239659,0.7499680184213892,1.0,0
0.9992469879518073,0.752,1.0,0.999203275201188,0.7499680184213892,1.0,0
0.09337349397590367,0.752,1.0,0.09326496618435043,0.7499680184213892,1.0,0
0.19126506024096385,0.752,1.0,0.1913102811615725,0.7499680184213892,1.0,0
0.2894076305220884,0.752,1.0,0.2893555961387946,0.7499680184213892,1.0,0
0.3875502008032129,0.752,1.0,0.3874009111160167,0.7499680184213892,1.0,0
0.48544176706827313,0.752,1.0,0.4854462260932388,0.7499680184213892,1.0,0
0.5835843373493976,0.752,1.0,0.5835075959782455,0.7499680184213892,1.0,0
0.6817269076305221,0.752,1.0,0.6815529109554677,0.7499680184213892,1.0,0
0.7796184738955824,0.752,1.0,0.7795982259326897,0.7499680184213892,1.0,0
0.877761044176707,0.752,1.0,0.8776435409099118,0.7499680184213892,1.0,0
0.9759036144578314,0.752,1.0,0.9756888558871339,0.7499680184213892,1.0,0
0.06977911646586349,0.752,1.0,0.06975054687029636,0.7499680184213892,1.0,0
0.16792168674698799,0.752,1.0,0.16779586184751843,0.7499680184213892,1.0,0
0.2658132530120482,0.752,1.0,0.2658411768247405,0.7499680184213892,1.0,0
0.36395582329317266,0.752,1.0,0.36388649180196264,0.7499680184213892,1.0,0
0.4620983935742972,0.752,1.0,0.4619318067791848,0.7499680184213892,1.0,0
0.5599899598393575,0.752,1.0,0.5599911698007184,0.7499680184213892,1.0,0
0.6581325301204819,0.752,1.0,0.6580364847779405,0.7499680184213892,1.0,0
0.7562751004016064,0.752,1.0,0.7560817997551625,0.7499680184213892,1.0,0
0.8541666666666667,0.752,1.0,0.8541271147323847,0.7499680184213892,1.0,0
0.9523092369477912,0.752,1.0,0.9521724297096068,0.7499680184213892,1.0,0
0.04618473895582326,0.752,1.0,0.04623412069276922,0.7499680184213892,1.0,0
0.1443273092369478,0.752,1.0,0.1442794356699913,0.7499680184213892,1.0,0
0.2424698795180723,0.752,1.0,0.24232475064721337,0.7499680184213892,1.0,0
0.34036144578313254,0.752,1.0,0.3403700656244355,0.7499680184213892,1.0,0
0.43850401606425704,0.752,1.0,0.43841538060165763,0.7499680184213892,1.0,0
0.5366465863453815,0.752,1.0,0.5364767504866643,0.7499680184213892,1.0,0
0.6345381526104418,0.752,1.0,0.6345220654638865,0.7499680184213892,1.0,0
0.7326807228915663,0.752,1.0,0.7325673804411086,0.7499680184213892,1.0,0
0.8308232931726909,0.752,1.0,0.8306126954183306,0.7499680184213892,1.0,0
0.928714859437751,0.752,1.0,0.9286580103955526,0.7499680184213892,1.0,0
0.022841365461847396,0.752,1.0,0.02271970137871515,0.7499680184213892,1.0,0
0.12073293172690763,0.752,1.0,0.12076501635593723,0.7499680184213892,1.0,0
0.21887550200803219,0.752,1.0,0.21881033133315936,0.7499680184213892,1.0,0
0.3170180722891567,0.752,1.0,0.31685564631038143,0.7499680184213892,1.0,0
0.4149096385542169,0.752,1.0,0.41490096128760356,0.7499680184213892,1.0,0
0.5130522088353414,0.752,1.0,0.5129603243091372,0.7499680184213892,1.0,0
0.6071787148594378,0.752,1.0,0.607084228059965,0.7499680184213892,1.0,0
0.7053212851405624,0.752,1.0,0.7051295430371871,0.7499680184213892,1.0,0
0.8032128514056225,0.752,1.0,0.8031748580144091,0.7499680184213892,1.0,0
0.901355421686747,0.752,1.0,0.9012201729916313,0.7499680184213892,1.0,0
0.9992469879518073,0.752,1.0,0.9992654879688534,0.7499680184213892,1.0,0
0.09337349397590367,0.752,1.0,0.09332717895201581,0.7499680184213892,1.0,0
0.1915160642570281,0.752,1.0,0.19137249392923794,0.7499680184213892,1.0,0
0.2894076305220884,0.752,1.0,0.2894178089064601,0.7499680184213892,1.0,0
0.3875502008032129,0.752,1.0,0.38746312388368215,0.7499680184213892,1.0,0
0.4856927710843374,0.752,1.0,0.4855084388609042,0.7499680184213892,1.0,0
0.5835843373493976,0.752,1.0,0.5835678018824378,0.7499680184213892,1.0,0
0.6817269076305221,0.752,1.0,0.68161311685966,0.7499680184213892,1.0,0
0.7798694779116466,0.752,1.0,0.7796584318368821,0.7499680184213892,1.0,0
0.877761044176707,0.752,1.0,0.8777037468141042,0.7499680184213892,1.0,0
0.9759036144578314,0.752,1.0,0.9757490617913263,0.7499680184213892,1.0,0
0.06977911646586349,0.752,1.0,0.06981075277448873,0.7499680184213892,1.0,0
0.16792168674698799,0.752,1.0,0.1678560677517108,0.7499680184213892,1.0,0
0.2660642570281125,0.752,1.0,0.2659013827289329,0.7499680184213892,1.0,0
0.36395582329317266,0.752,1.0,0.36394669770615495,0.7499680184213892,1.0,0
0.4620983935742972,0.752,1.0,0.4619920126833771,0.7499680184213892,1.0,0
0.5602409638554218,0.752,1.0,0.5600533825683838,0.7499680184213892,1.0,0
0.6581325301204819,0.752,1.0,0.6580986975456059,0.7499680184213892,1.0,0
0.7562751004016064,0.752,1.0,0.756144012522828,0.7499680184213892,1.0,0
0.8541666666666667,0.752,1.0,0.85418932750005,0.7499680184213892,1.0,0
0.9523092369477912,0.752,1.0,0.9522346424772722,0.7499680184213892,1.0,0
0.04643574297188757,0.752,1.0,0.0462963334604346,0.7499680184213892,1.0,0
0.1443273092369478,0.752,1.0,0.14434164843765673,0.7499680184213892,1.0,0
0.2424698795180723,0.752,1.0,0.2423869634148788,0.7499680184213892,1.0,0
0.3406124497991968,0.752,1.0,0.34043227839210094,0.7499680184213892,1.0,0
0.43850401606425704,0.752,1.0,0.438477593369323,0.7499680184213892,1.0,0
0.5366465863453815,0.752,1.0,0.5365369563908566,0.7499680184213892,1.0,0
0.634789156626506,0.752,1.0,0.6345822713680788,0.7499680184213892,1.0,0
0.7326807228915663,0.752,1.0,0.7326275863453009,0.7499680184213892,1.0,0
0.8308232931726909,0.752,1.0,0.8306729013225229,0.7499680184213892,1.0,0
0.928714859437751,0.752,1.0,0.928718216299745,0.7499680184213892,1.0,0
0.022841365461847396,0.752,1.0,0.02277990728290752,0.7499680184213892,1.0,0
0.1209839357429719,0.752,1.0,0.1208252222601296,0.7499680184213892,1.0,0
0.21887550200803219,0.752,1.0,0.21887053723735173,0.7499680184213892,1.0,0
0.3170180722891567,0.752,1.0,0.31691585221457375,0.7499680184213892,1.0,0
0.4151606425702812,0.752,1.0,0.4149611671917959,0.7499680184213892,1.0,0
0.5130522088353414,0.752,1.0,0.5130225370768026,0.7499680184213892,1.0,0
0.6071787148594378,0.752,1.0,0.6071444339641574,0.7499680184213892,1.0,0
0.7053212851405624,0.752,1.0,0.7051897489413794,0.7499680184213892,1.0,0
0.8032128514056225,0.752,1.0,0.8032350639186016,0.7499680184213892,1.0,0
0.901355421686747,0.752,1.0,0.9012803788958237,0.7499680184213892,1.0,0
0.9994979919678715,0.752,1.0,0.9993256938730457,0.7499680184213892,1.0,0
0.09337349397590367,0.752,1.0,0.09338738485620818,0.7499680184213892,1.0,0
0.1915160642570281,0.752,1.0,0.1914326998334303,0.7499680184213892,1.0,0
0.28965863453815266,0.752,1.0,0.2894780148106524,0.7499680184213892,1.0,0
0.3875502008032129,0.752,1.0,0.38752332978787446,0.7499680184213892,1.0,0
0.4856927710843374,0.752,1.0,0.48556864476509654,0.7499680184213892,1.0,0
0.5838353413654619,0.752,1.0,0.5836300146501033,0.7499680184213892,1.0,0
0.6817269076305221,0.752,1.0,0.6816753296273254,0.7499680184213892,1.0,0
0.7798694779116466,0.752,1.0,0.7797206446045475,0.7499680184213892,1.0,0
0.877761044176707,0.752,1.0,0.8777659595817695,0.7499680184213892,1.0,0
0.9759036144578314,0.752,1.0,0.9758112745589916,0.7499680184213892,1.0,0
0.0700301204819277,0.752,1.0,0.06987296554215411,0.7499680184213892,1.0,0
0.16792168674698799,0.752,1.0,0.16791828051937618,0.7499680184213892,1.0,0
0.2660642570281125,0.752,1.0,0.2659635954965983,0.7499680184213892,1.0,0
0.3642068273092369,0.752,1.0,0.36400891047382045,0.7499680184213892,1.0,0
0.4620983935742972,0.752,1.0,0.4620542254510425,0.7499680184213892,1.0,0
0.5602409638554218,0.752,1.0,0.5601135884725762,0.7499680184213892,1.0,0
0.6581325301204819,0.752,1.0,0.6581589034497982,0.7499680184213892,1.0,0
0.7562751004016064,0.752,1.0,0.7562042184270203,0.7499680184213892,1.0,0
0.8544176706827309,0.752,1.0,0.8542495334042424,0.7499680184213892,1.0,0
0.9523092369477912,0.752,1.0,0.9522948483814646,0.7499680184213892,1.0,0
0.04643574297188757,0.752,1.0,0.04635653936462697,0.7499680184213892,1.0,0
0.14457831325301207,0.752,1.0,0.1444018543418491,0.7499680184213892,1.0,0
0.2424698795180723,0.752,1.0,0.24244716931907118,0.7499680184213892,1.0,0
0.3406124497991968,0.752,1.0,0.3404924842962933,0.7499680184213892,1.0,0
0.43850401606425704,0.752,1.0,0.4385377992735153,0.7499680184213892,1.0,0
0.5366465863453815,0.752,1.0,0.5365991691585221,0.7499680184213892,1.0,0
0.634789156626506,0.752,1.0,0.6346444841357441,0.7499680184213892,1.0,0
0.7326807228915663,0.752,1.0,0.7326897991129663,0.7499680184213892,1.0,0
0.8308232931726909,0.752,1.0,0.8307351140901884,0.7499680184213892,1.0,0
0.9289658634538154,0.752,1.0,0.9287804290674104,0.7499680184213892,1.0,0
0.022841365461847396,0.752,1.0,0.0228421200505729,0.7499680184213892,1.0,0
0.1209839357429719,0.752,1.0,0.12088743502779498,0.7499680184213892,1.0,0
0.21887550200803219,0.752,1.0,0.2189327500050171,0.7499680184213892,1.0,0
0.3170180722891567,0.752,1.0,0.31697806498223924,0.7499680184213892,1.0,0
0.4151606425702812,0.752,1.0,0.4150233799594613,0.7499680184213892,1.0,0
0.5130522088353414,0.752,1.0,0.513082742980995,0.7499680184213892,1.0,0
0.6071787148594378,0.752,1.0,0.6072066467318228,0.7499680184213892,1.0,0
0.7053212851405624,0.752,1.0,0.7052519617090449,0.7499680184213892,1.0,0
0.8034638554216869,0.752,1.0,0.8032972766862669,0.7499680184213892,1.0,0
0.901355421686747,0.752,1.0,0.9013425916634891,0.7499680184213892,1.0,0
0.9994979919678715,0.752,1.0,0.9993879066407112,0.7499680184213892,1.0,0
0.09362449799196787,0.752,1.0,0.09344959762387361,0.7499680184213892,1.0,0
0.1915160642570281,0.752,1.0,0.1914949126010957,0.7499680184213892,1.0,0
0.28965863453815266,0.752,1.0,0.28954022757831777,0.7499680184213892,1.0,0
0.3875502008032129,0.752,1.0,0.3875855425555399,0.7499680184213892,1.0,0
0.4856927710843374,0.752,1.0,0.485630857532762,0.7499680184213892,1.0,0
0.5838353413654619,0.752,1.0,0.5836902205542956,0.7499680184213892,1.0,0
0.6817269076305221,0.752,1.0,0.6817355355315178,0.7499680184213892,1.0,0
0.7798694779116466,0.752,1.0,0.7797808505087398,0.7499680184213892,1.0,0
0.8780120481927711,0.752,1.0,0.8778261654859619,0.7499680184213892,1.0,0
0.9759036144578314,0.752,1.0,0.9758714804631841,0.7499680184213892,1.0,0
0.0700301204819277,0.752,1.0,0.06993317144634648,0.7499680184213892,1.0,0
0.16792168674698799,0.752,1.0,0.16797848642356855,0.7499680184213892,1.0,0
0.2660642570281125,0.752,1.0,0.2660238014007906,0.7499680184213892,1.0,0
0.3642068273092369,0.752,1.0,0.36406911637801276,0.7499680184213892,1.0,0
0.4620983935742972,0.752,1.0,0.46211443135523483,0.7499680184213892,1.0,0
0.5602409638554218,0.752,1.0,0.5601758012402416,0.7499680184213892,1.0,0
0.6583835341365463,0.752,1.0,0.6582211162174636,0.7499680184213892,1.0,0
0.7562751004016064,0.752,1.0,0.7562664311946858,0.7499680184213892,1.0,0
0.8544176706827309,0.752,1.0,0.8543117461719079,0.7499680184213892,1.0,0
0.9525602409638554,0.752,1.0,0.95235706114913,0.7499680184213892,1.0,0
0.04643574297188757,0.752,1.0,0.04641875213229241,0.7499680184213892,1.0,0
0.14457831325301207,0.752,1.0,0.14446406710951448,0.7499680184213892,1.0,0
0.2424698795180723,0.752,1.0,0.2425093820867366,0.7499680184213892,1.0,0
0.3406124497991968,0.752,1.0,0.3405546970639587,0.7499680184213892,1.0,0
0.4387550200803213,0.752,1.0,0.43860001204118076,0.7499680184213892,1.0,0
0.5366465863453815,0.752,1.0,0.5366593750627144,0.7499680184213892,1.0,0
0.634789156626506,0.752,1.0,0.6347046900399365,0.7499680184213892,1.0,0
0.7329317269076305,0.752,1.0,0.7327500050171586,0.7499680184213892,1.0,0
0.8308232931726909,0.752,1.0,0.8307953199943807,0.7499680184213892,1.0,0
0.9289658634538154,0.752,1.0,0.9288406349716027,0.7499680184213892,1.0,0
0.022841365461847396,0.752,1.0,0.022902325954765268,0.7499680184213892,1.0,0
0.1209839357429719,0.752,1.0,0.12094764093198734,0.7499680184213892,1.0,0
0.2191265060240964,0.752,1.0,0.21899295590920942,0.7499680184213892,1.0,0
0.3170180722891567,0.752,1.0,0.31703827088643155,0.7499680184213892,1.0,0
0.4151606425702812,0.752,1.0,0.4150835858636536,0.7499680184213892,1.0,0
0.5133032128514057,0.752,1.0,0.5131449557486604,0.7499680184213892,1.0,0
0.607429718875502,0.752,1.0,0.6072688594994882,0.7499680184213892,1.0,0
0.7053212851405624,0.752,1.0,0.7053141744767103,0.7499680184213892,1.0,0
0.8034638554216869,0.752,1.0,0.8033574825904592,0.7499680184213892,1.0,0
0.9016064257028114,0.752,1.0,0.9014027975676814,0.7499680184213892,1.0,0
0.9994979919678715,0.752,1.0,0.9994481125449035,0.7499680184213892,1.0,0
0.09362449799196787,0.752,1.0,0.093511810391539,0.7499680184213892,1.0,0
0.1915160642570281,0.752,1.0,0.19155712536876107,0.7499680184213892,1.0,0
0.28965863453815266,0.752,1.0,0.2896004334825101,0.7499680184213892,1.0,0
0.38780120481927716,0.752,1.0,0.3876457484597322,0.7499680184213892,1.0,0
0.4856927710843374,0.752,1.0,0.48569106343695434,0.7499680184213892,1.0,0
0.5838353413654619,0.752,1.0,0.583752433321961,0.7499680184213892,1.0,0
0.6819779116465864,0.752,1.0,0.6817977482991832,0.7499680184213892,1.0,0
0.7798694779116466,0.752,1.0,0.7798430632764053,0.7499680184213892,1.0,0
0.8780120481927711,0.752,1.0,0.8778883782536273,0.7499680184213892,1.0,0
0.9759036144578314,0.752,1.0,0.9759336932308494,0.7499680184213892,1.0,0
0.0700301204819277,0.752,1.0,0.06999538421401186,0.7499680184213892,1.0,0
0.1681726907630522,0.752,1.0,0.168040699191234,0.7499680184213892,1.0,0
0.2660642570281125,0.752,1.0,0.26608601416845606,0.7499680184213892,1.0,0
0.3642068273092369,0.752,1.0,0.36413132914567814,0.7499680184213892,1.0,0
0.4623493975903615,0.752,1.0,0.46217664412290027,0.7499680184213892,1.0,0
0.5602409638554218,0.752,1.0,0.5602360071444339,0.7499680184213892,1.0,0
0.6583835341365463,0.752,1.0,0.658281322121656,0.7499680184213892,1.0,0
0.7565261044176708,0.752,1.0,0.7563266370988782,0.7499680184213892,1.0,0
0.8544176706827309,0.752,1.0,0.8543719520761002,0.7499680184213892,1.0,0
0.9525602409638554,0.752,1.0,0.9524172670533223,0.7499680184213892,1.0,0
0.04643574297188757,0.752,1.0,0.04647895803648472,0.7499680184213892,1.0,0
0.14457831325301207,0.752,1.0,0.1445242730137068,0.7499680184213892,1.0,0
0.24272088353413657,0.752,1.0,0.24256958799092893,0.7499680184213892,1.0,0
0.3406124497991968,0.752,1.0,0.340614902968151,0.7499680184213892,1.0,0
0.4387550200803213,0.752,1.0,0.43866021794537313,0.7499680184213892,1.0,0
0.5368975903614458,0.752,1.0,0.5367215878303798,0.7499680184213892,1.0,0
0.634789156626506,0.752,1.0,0.634766902807602,0.7499680184213892,1.0,0
0.7329317269076305,0.752,1.0,0.732812217784824,0.7499680184213892,1.0,0
0.8308232931726909,0.752,1.0,0.8308575327620462,0.7499680184213892,1.0,0
0.9289658634538154,0.752,1.0,0.9289028477392682,0.7499680184213892,1.0,0
0.023092369477911656,0.752,1.0,0.022964538722430705,0.7499680184213892,1.0,0
0.1209839357429719,0.752,1.0,0.12100985369965278,0.7499680184213892,1.0,0
0.2191265060240964,0.752,1.0,0.21905516867687486,0.7499680184213892,1.0,0
0.31726907630522094,0.752,1.0,0.31710048365409693,0.7499680184213892,1.0,0
0.4151606425702812,0.752,1.0,0.41514579863131906,0.7499680184213892,1.0,0
0.5133032128514057,0.752,1.0,0.5132051616528527,0.7499680184213892,1.0,0
0.607429718875502,0.752,1.0,0.6073290654036805,0.7499680184213892,1.0,0
0.7055722891566265,0.752,1.0,0.7053743803809026,0.7499680184213892,1.0,0
0.8034638554216869,0.752,1.0,0.8034196953581247,0.7499680184213892,1.0,0
0.9016064257028114,0.752,1.0,0.9014650103353468,0.7499680184213892,1.0,0
0.9994979919678715,0.752,1.0,0.9995103253125689,0.7499680184213892,1.0,0
0.09362449799196787,0.752,1.0,0.09357201629573136,0.7499680184213892,1.0,0
0.19176706827309237,0.752,1.0,0.19161733127295344,0.7499680184213892,1.0,0
0.28965863453815266,0.752,1.0,0.28966264625017557,0.7499680184213892,1.0,0
0.38780120481927716,0.752,1.0,0.38770796122739765,0.7499680184213892,1.0,0
0.48594377510040165,0.752,1.0,0.4857532762046197,0.7499680184213892,1.0,0
0.5838353413654619,0.752,1.0,0.5838146460896264,0.7499680184213892,1.0,0
0.6819779116465864,0.752,1.0,0.6818579542033755,0.7499680184213892,1.0,0
0.7798694779116466,0.752,1.0,0.7799032691805976,0.7499680184213892,1.0,0
0.8780120481927711,0.752,1.0,0.8779485841578196,0.7499680184213892,1.0,0
0.9761546184738956,0.752,1.0,0.9759938991350418,0.7499680184213892,1.0,0
0.0700301204819277,0.752,1.0,0.0700575969816773,0.7499680184213892,1.0,0
0.1681726907630522,0.752,1.0,0.1681009050954263,0.7499680184213892,1.0,0
0.26631526104417674,0.752,1.0,0.26614622007264843,0.7499680184213892,1.0,0
0.3642068273092369,0.752,1.0,0.3641915350498705,0.7499680184213892,1.0,0
0.4623493975903615,0.752,1.0,0.4622368500270926,0.7499680184213892,1.0,0
0.5604919678714859,0.752,1.0,0.5602982199120993,0.7499680184213892,1.0,0
0.6583835341365463,0.752,1.0,0.6583435348893214,0.7499680184213892,1.0,0
0.7565261044176708,0.752,1.0,0.7563888498665434,0.7499680184213892,1.0,0
0.8544176706827309,0.752,1.0,0.8544341648437657,0.7499680184213892,1.0,0
0.9525602409638554,0.752,1.0,0.9524794798209877,0.7499680184213892,1.0,0
0.04668674698795178,0.752,1.0,0.046541170804150156,0.7499680184213892,1.0,0
0.14457831325301207,0.752,1.0,0.14458648578137223,0.7499680184213892,1.0,0
0.24272088353413657,0.752,1.0,0.24263180075859436,0.7499680184213892,1.0,0
0.34086345381526106,0.752,1.0,0.34067711573581644,0.7499680184213892,1.0,0
0.4387550200803213,0.752,1.0,0.4387224307130385,0.7499680184213892,1.0,0
0.5368975903614458,0.752,1.0,0.5367817937345721,0.7499680184213892,1.0,0
0.634789156626506,0.752,1.0,0.6348271087117943,0.7499680184213892,1.0,0
0.7329317269076305,0.752,1.0,0.7328724236890163,0.7499680184213892,1.0,0
0.831074297188755,0.752,1.0,0.8309177386662385,0.7499680184213892,1.0,0
0.9289658634538154,0.752,1.0,0.9289630536434605,0.7499680184213892,1.0,0
0.023092369477911656,0.752,1.0,0.023024744626623017,0.7499680184213892,1.0,0
0.12123493975903615,0.752,1.0,0.12107005960384509,0.7499680184213892,1.0,0
0.2191265060240964,0.752,1.0,0.21911537458106717,0.7499680184213892,1.0,0
0.31726907630522094,0.752,1.0,0.31716068955828924,0.7499680184213892,1.0,0
0.4151606425702812,0.752,1.0,0.4152060045355114,0.7499680184213892,1.0,0
0.5133032128514057,0.752,1.0,0.5132673744205181,0.7499680184213892,1.0,0
0.607429718875502,0.752,1.0,0.607391278171346,0.7499680184213892,1.0,0
0.7055722891566265,0.752,1.0,0.705436593148568,0.7499680184213892,1.0,0
0.8034638554216869,0.752,1.0,0.8034819081257901,0.7499680184213892,1.0,0
0.9016064257028114,0.752,1.0,0.9015272231030123,0.7499680184213892,1.0,0
0.9997489959839359,0.752,1.0,0.9995705312167612,0.7499680184213892,1.0,0
0.09362449799196787,0.752,1.0,0.0936342290633968,0.7499680184213892,1.0,0
0.19176706827309237,0.752,1.0,0.19167954404061888,0.7499680184213892,1.0,0
0.2899096385542169,0.752,1.0,0.28972485901784095,0.7499680184213892,1.0,0
0.38780120481927716,0.752,1.0,0.3877701739950631,0.7499680184213892,1.0,0
0.48594377510040165,0.752,1.0,0.4858134821088121,0.7499680184213892,1.0,0
0.5838353413654619,0.752,1.0,0.5838748519938188,0.7499680184213892,1.0,0
0.6819779116465864,0.752,1.0,0.6819201669710409,0.7499680184213892,1.0,0
0.7801204819277109,0.752,1.0,0.779965481948263,0.7499680184213892,1.0,0
0.8780120481927711,0.752,1.0,0.8780107969254851,0.7499680184213892,1.0,0
0.9761546184738956,0.752,1.0,0.9760561119027071,0.7499680184213892,1.0,0
0.07028112449799195,0.752,1.0,0.0701178028858696,0.7499680184213892,1.0,0
0.1681726907630522,0.752,1.0,0.16816311786309174,0.7499680184213892,1.0,0
0.26631526104417674,0.752,1.0,0.2662084328403138,0.7499680184213892,1.0,0
0.3642068273092369,0.752,1.0,0.36425374781753594,0.7499680184213892,1.0,0
0.4623493975903615,0.752,1.0,0.462299062794758,0.7499680184213892,1.0,0
0.5604919678714859,0.752,1.0,0.5603604326797648,0.7499680184213892,1.0,0
0.6583835341365463,0.752,1.0,0.6584037407935137,0.7499680184213892,1.0,0
0.7565261044176708,0.752,1.0,0.7564490557707358,0.7499680184213892,1.0,0
0.8546686746987953,0.752,1.0,0.854494370747958,0.7499680184213892,1.0,0
0.9525602409638554,0.752,1.0,0.95253968572518,0.7499680184213892,1.0,0
0.04668674698795178,0.752,1.0,0.04660338357181559,0.7499680184213892,1.0,0
0.14482931726907627,0.752,1.0,0.14464669168556454,0.7499680184213892,1.0,0
0.24272088353413657,0.752,1.0,0.24269200666278667,0.7499680184213892,1.0,0
0.34086345381526106,0.752,1.0,0.3407373216400088,0.7499680184213892,1.0,0
0.4387550200803213,0.752,1.0,0.4387826366172309,0.7499680184213892,1.0,0
0.5368975903614458,0.752,1.0,0.5368440065022376,0.7499680184213892,1.0,0
0.6350401606425703,0.752,1.0,0.6348893214794596,0.7499680184213892,1.0,0
0.7329317269076305,0.752,1.0,0.7329346364566818,0.7499680184213892,1.0,0
0.831074297188755,0.752,1.0,0.8309799514339038,0.7499680184213892,1.0,0
0.9292168674698795,0.752,1.0,0.929025266411126,0.7499680184213892,1.0,0
0.023092369477911656,0.752,1.0,0.0230869573942884,0.7499680184213892,1.0,0
0.12123493975903615,0.752,1.0,0.12113227237151053,0.7499680184213892,1.0,0
0.2191265060240964,0.752,1.0,0.2191775873487326,0.7499680184213892,1.0,0
0.31726907630522094,0.752,1.0,0.31722290232595474,0.7499680184213892,1.0,0
0.41541164658634544,0.752,1.0,0.4152682173031768,0.7499680184213892,1.0,0
0.5133032128514057,0.752,1.0,0.5133275803247105,0.7499680184213892,1.0,0
0.607429718875502,0.752,1.0,0.6074514840755383,0.7499680184213892,1.0,0
0.7055722891566265,0.752,1.0,0.7054967990527604,0.7499680184213892,1.0,0
0.803714859437751,0.752,1.0,0.8035421140299824,0.7499680184213892,1.0,0
0.9016064257028114,0.752,1.0,0.9015874290072046,0.7499680184213892,1.0,0
0.9997489959839359,0.752,1.0,0.9996327439844266,0.7499680184213892,1.0,0
0.09387550200803219,0.752,1.0,0.09369443496758911,0.7499680184213892,1.0,0
0.19176706827309237,0.752,1.0,0.1917397499448112,0.7499680184213892,1.0,0
0.2899096385542169,0.752,1.0,0.2897850649220333,0.7499680184213892,1.0,0
0.38780120481927716,0.752,1.0,0.3878303798992554,0.7499680184213892,1.0,0
0.48594377510040165,0.752,1.0,0.48587569487647747,0.7499680184213892,1.0,0
0.5840863453815262,0.752,1.0,0.5839370647614842,0.7499680184213892,1.0,0
0.6819779116465864,0.752,1.0,0.6819823797387063,0.7499680184213892,1.0,0
0.7801204819277109,0.752,1.0,0.7800276947159284,0.7499680184213892,1.0,0
0.8782630522088355,0.752,1.0,0.8780710028296774,0.7499680184213892,1.0,0
0.9761546184738956,0.752,1.0,0.9761163178068996,0.7499680184213892,1.0,0
0.07028112449799195,0.752,1.0,0.07018001565353504,0.7499680184213892,1.0,0
0.1681726907630522,0.752,1.0,0.16822533063075712,0.7499680184213892,1.0,0
0.26631526104417674,0.752,1.0,0.2662706456079792,0.7499680184213892,1.0,0
0.3644578313253012,0.752,1.0,0.36431395372172826,0.7499680184213892,1.0,0
0.4623493975903615,0.752,1.0,0.46235926869895033,0.7499680184213892,1.0,0
0.5604919678714859,0.752,1.0,0.5604206385839571,0.7499680184213892,1.0,0
0.6586345381526104,0.752,1.0,0.6584659535611792,0.7499680184213892,1.0,0
0.7565261044176708,0.752,1.0,0.7565112685384012,0.7499680184213892,1.0,0
0.8546686746987953,0.752,1.0,0.8545565835156234,0.7499680184213892,1.0,0
0.9528112449799198,0.752,1.0,0.9526018984928455,0.7499680184213892,1.0,0
0.04668674698795178,0.752,1.0,0.046663589476007905,0.7499680184213892,1.0,0
0.14482931726907627,0.752,1.0,0.14470890445322998,0.7499680184213892,1.0,0
0.24272088353413657,0.752,1.0,0.24275421943045206,0.7499680184213892,1.0,0
0.34086345381526106,0.752,1.0,0.3407995344076742,0.7499680184213892,1.0,0
0.43900602409638556,0.752,1.0,0.4388448493848963,0.7499680184213892,1.0,0
0.5368975903614458,0.752,1.0,0.5369042124064299,0.7499680184213892,1.0,0
0.6350401606425703,0.752,1.0,0.6349495273836521,0.7499680184213892,1.0,0
0.7331827309236948,0.752,1.0,0.7329948423608741,0.7499680184213892,1.0,0
0.831074297188755,0.752,1.0,0.8310401573380962,0.7499680184213892,1.0,0
0.9292168674698795,0.752,1.0,0.9290854723153184,0.7499680184213892,1.0,0
0.023092369477911656,0.752,1.0,0.02314716329848071,0.7499680184213892,1.0,0
0.12123493975903615,0.752,1.0,0.1211924782757029,0.7499680184213892,1.0,0
0.2193775100401607,0.752,1.0,0.21923779325292497,0.7499680184213892,1.0,0
0.31726907630522094,0.752,1.0,0.31728310823014705,0.7499680184213892,1.0,0
0.41541164658634544,0.752,1.0,0.4153284232073691,0.7499680184213892,1.0,0
0.5135542168674699,0.752,1.0,0.5133897930923759,0.7499680184213892,1.0,0
0.6076807228915663,0.752,1.0,0.6075136968432037,0.7499680184213892,1.0,0
0.7055722891566265,0.752,1.0,0.7055590118204258,0.7499680184213892,1.0,0
0.803714859437751,0.752,1.0,0.8036043267976478,0.7499680184213892,1.0,0
0.9018574297188755,0.752,1.0,0.90164964177487,0.7499680184213892,1.0,0
0.9997489959839359,0.752,1.0,0.9996949567520921,0.7499680184213892,1.0,0
0.09387550200803219,0.752,1.0,0.0937566477352545,0.7499680184213892,1.0,0
0.19176706827309237,0.752,1.0,0.19180196271247663,0.7499680184213892,1.0,0
0.2899096385542169,0.752,1.0,0.2898472776896987,0.7499680184213892,1.0,0
0.38805220883534136,0.752,1.0,0.3878925926669208,0.7499680184213892,1.0,0
0.48594377510040165,0.752,1.0,0.4859379076441429,0.7499680184213892,1.0,0
0.5840863453815262,0.752,1.0,0.5839972706656765,0.7499680184213892,1.0,0
0.6822289156626506,0.752,1.0,0.6820425856428987,0.7499680184213892,1.0,0
0.7801204819277109,0.752,1.0,0.7800879006201207,0.7499680184213892,1.0,0
0.8782630522088355,0.752,1.0,0.8781332155973428,0.7499680184213892,1.0,0
0.9761546184738956,0.752,1.0,0.9761785305745649,0.7499680184213892,1.0,0
0.07028112449799195,0.752,1.0,0.07024022155772736,0.7499680184213892,1.0,0
0.1684236947791165,0.752,1.0,0.16828553653494943,0.7499680184213892,1.0,0
0.26631526104417674,0.752,1.0,0.26633085151217156,0.7499680184213892,1.0,0
0.3644578313253012,0.752,1.0,0.36437616648939364,0.7499680184213892,1.0,0
0.46260040160642574,0.752,1.0,0.46242148146661577,0.7499680184213892,1.0,0
0.5604919678714859,0.752,1.0,0.5604828513516225,0.7499680184213892,1.0,0
0.6586345381526104,0.752,1.0,0.6585281663288446,0.7499680184213892,1.0,0
0.7567771084337349,0.752,1.0,0.7565714744425935,0.7499680184213892,1.0,0
0.8546686746987953,0.752,1.0,0.8546167894198158,0.7499680184213892,1.0,0
0.9528112449799198,0.752,1.0,0.9526621043970378,0.7499680184213892,1.0,0
0.04668674698795178,0.752,1.0,0.04672580224367329,0.7499680184213892,1.0,0
0.14482931726907627,0.752,1.0,0.14477111722089542,0.7499680184213892,1.0,0
0.24297188755020083,0.752,1.0,0.24281442533464442,0.7499680184213892,1.0,0
0.34086345381526106,0.752,1.0,0.3408597403118665,0.7499680184213892,1.0,0
0.43900602409638556,0.752,1.0,0.43890505528908863,0.7499680184213892,1.0,0
0.5371485943775101,0.752,1.0,0.5369664251740953,0.7499680184213892,1.0,0
0.6350401606425703,0.752,1.0,0.6350117401513174,0.7499680184213892,1.0,0
0.7331827309236948,0.752,1.0,0.7330570551285396,0.7499680184213892,1.0,0
0.831074297188755,0.752,1.0,0.8311023701057616,0.7499680184213892,1.0,0
0.9292168674698795,0.752,1.0,0.9291476850829836,0.7499680184213892,1.0,0
0.023343373493975916,0.752,1.0,0.023209376066146148,0.7499680184213892,1.0,0
0.12123493975903615,0.752,1.0,0.12125469104336822,0.7499680184213892,1.0,0
0.2193775100401607,0.752,1.0,0.21930000602059035,0.7499680184213892,1.0,0
0.31752008032128515,0.752,1.0,0.31734532099781243,0.7499680184213892,1.0,0
0.41541164658634544,0.752,1.0,0.41539063597503456,0.7499680184213892,1.0,0
0.5135542168674699,0.752,1.0,0.5134499989965682,0.7499680184213892,1.0,0
0.6076807228915663,0.752,1.0,0.607573902747396,0.7499680184213892,1.0,0
0.7058232931726909,0.752,1.0,0.7056192177246181,0.7499680184213892,1.0,0
0.803714859437751,0.752,1.0,0.8036645327018402,0.7499680184213892,1.0,0
0.9018574297188755,0.752,1.0,0.9017098476790624,0.7499680184213892,1.0,0
0.9997489959839359,0.752,1.0,0.9997551626562844,0.7499680184213892,1.0,0
0.09387550200803219,0.752,1.0,0.09381685363944686,0.7499680184213892,1.0,0
0.19201807228915663,0.752,1.0,0.191862168616669,0.7499680184213892,1.0,0
0.2899096385542169,0.752,1.0,0.28990748359389107,0.7499680184213892,1.0,0
0.38805220883534136,0.752,1.0,0.38795279857111314,0.7499680184213892,1.0,0
0.4861947791164659,0.752,1.0,0.4859981135483352,0.7499680184213892,1.0,0
0.5840863453815262,0.752,1.0,0.5840594834333419,0.7499680184213892,1.0,0
0.6822289156626506,0.752,1.0,0.682104798410564,0.7499680184213892,1.0,0
0.7801204819277109,0.752,1.0,0.7801501133877862,0.7499680184213892,1.0,0
0.8782630522088355,0.752,1.0,0.8781954283650082,0.7499680184213892,1.0,0
0.9764056224899599,0.752,1.0,0.9762407433422303,0.7499680184213892,1.0,0
0.07028112449799195,0.752,1.0,0.07030243432539279,0.7499680184213892,1.0,0
0.1684236947791165,0.752,1.0,0.16834774930261487,0.7499680184213892,1.0,0
0.266566265060241,0.752,1.0,0.266393064279837,0.7499680184213892,1.0,0
0.3644578313253012,0.752,1.0,0.36443837925705913,0.7499680184213892,1.0,0
0.46260040160642574,0.752,1.0,0.46248369423428115,0.7499680184213892,1.0,0
0.5607429718875503,0.752,1.0,0.5605430572558148,0.7499680184213892,1.0,0
0.6586345381526104,0.752,1.0,0.6585883722330369,0.7499680184213892,1.0,0
0.7567771084337349,0.752,1.0,0.756633687210259,0.7499680184213892,1.0,0
0.8546686746987953,0.752,1.0,0.854679002187481,0.7499680184213892,1.0,0
0.9528112449799198,0.752,1.0,0.9527243171647033,0.7499680184213892,1.0,0
0.04693775100401609,0.752,1.0,0.0467860081478656,0.7499680184213892,1.0,0
0.14482931726907627,0.752,1.0,0.14483132312508779,0.7499680184213892,1.0,0
0.24297188755020083,0.752,1.0,0.24287663810230986,0.7499680184213892,1.0,0
0.3411144578313253,0.752,1.0,0.34092195307953194,0.7499680184213892,1.0,0
0.43900602409638556,0.752,1.0,0.438967268056754,0.7499680184213892,1.0,0
0.5371485943775101,0.752,1.0,0.5370286379417608,0.7499680184213892,1.0,0
0.6350401606425703,0.752,1.0,0.6350739529189828,0.7499680184213892,1.0,0
0.7331827309236948,0.752,1.0,0.7331172610327319,0.7499680184213892,1.0,0
0.8313253012048194,0.752,1.0,0.8311625760099539,0.7499680184213892,1.0,0
0.9292168674698795,0.752,1.0,0.929207890987176,0.7499680184213892,1.0,0
0.023343373493975916,0.752,1.0,0.023271588833811585,0.7499680184213892,1.0,0
0.12148594377510041,0.752,1.0,0.12131690381103366,0.7499680184213892,1.0,0
0.2193775100401607,0.752,1.0,0.21936021192478272,0.7499680184213892,1.0,0
0.31752008032128515,0.752,1.0,0.3174055269020048,0.7499680184213892,1.0,0
0.41541164658634544,0.752,1.0,0.4154508418792269,0.7499680184213892,1.0,0
0.5135542168674699,0.752,1.0,0.5135122117642336,0.7499680184213892,1.0,0
0.6076807228915663,0.752,1.0,0.6076361155150615,0.7499680184213892,1.0,0
0.7058232931726909,0.752,1.0,0.7056814304922836,0.7499680184213892,1.0,0
0.803714859437751,0.752,1.0,0.8037267454695056,0.7499680184213892,1.0,0
0.9018574297188755,0.752,1.0,0.9017720604467276,0.7499680184213892,1.0,0
1.0,0.752,1.0,0.9998173754239499,0.7499680184213892,1.0,0
0.09387550200803219,0.752,1.0,0.09387906640711224,0.7499680184213892,1.0,0
0.19201807228915663,0.752,1.0,0.19192438138433432,0.7499680184213892,1.0,0
0.2901606425702812,0.752,1.0,0.28996969636155645,0.7499680184213892,1.0,0
0.38805220883534136,0.752,1.0,0.3880150113387786,0.7499680184213892,1.0,0
0.4861947791164659,0.752,1.0,0.48606032631600066,0.7499680184213892,1.0,0
0.5840863453815262,0.752,1.0,0.5841196893375343,0.7499680184213892,1.0,0
0.6822289156626506,0.752,1.0,0.6821650043147564,0.7499680184213892,1.0,0
0.7803714859437751,0.752,1.0,0.7802103192919785,0.7499680184213892,1.0,0
0.8782630522088355,0.752,1.0,0.8782556342692006,0.7499680184213892,1.0,0
0.9764056224899599,0.752,1.0,0.9763009492464227,0.7499680184213892,1.0,0
0.07053212851405621,0.752,1.0,0.07036264022958516,0.7499680184213892,1.0,0
0.1684236947791165,0.752,1.0,0.16840795520680724,0.7499680184213892,1.0,0
0.266566265060241,0.752,1.0,0.2664532701840293,0.7499680184213892,1.0,0
0.3644578313253012,0.752,1.0,0.36449858516125144,0.7499680184213892,1.0,0
0.46260040160642574,0.752,1.0,0.4625439001384735,0.7499680184213892,1.0,0
0.5607429718875503,0.752,1.0,0.5606052700234803,0.7499680184213892,1.0,0
0.6586345381526104,0.752,1.0,0.6586505850007023,0.7499680184213892,1.0,0
0.7567771084337349,0.752,1.0,0.7566958999779244,0.7499680184213892,1.0,0
0.8549196787148594,0.752,1.0,0.8547412149551465,0.7499680184213892,1.0,0
0.9528112449799198,0.752,1.0,0.9527845230688956,0.7499680184213892,1.0,0
0.04693775100401609,0.752,1.0,0.046848220915531036,0.7499680184213892,1.0,0
0.1450803212851406,0.752,1.0,0.14489353589275317,0.7499680184213892,1.0,0
0.24297188755020083,0.752,1.0,0.24293885086997524,0.7499680184213892,1.0,0
0.3411144578313253,0.752,1.0,0.3409841658471974,0.7499680184213892,1.0,0
0.43900602409638556,0.752,1.0,0.4390274739609464,0.7499680184213892,1.0,0
0.5371485943775101,0.752,1.0,0.5370888438459531,0.7499680184213892,1.0,0
0.6352911646586346,0.752,1.0,0.6351341588231751,0.7499680184213892,1.0,0
0.7331827309236948,0.752,1.0,0.7331794738003973,0.7499680184213892,1.0,0
0.8313253012048194,0.752,1.0,0.8312247887776194,0.7499680184213892,1.0,0
0.9294678714859439,0.752,1.0,0.9292701037548414,0.7499680184213892,1.0,0
0.023343373493975916,0.752,1.0,0.023331794738003953,0.7499680184213892,1.0,0
0.12148594377510041,0.752,1.0,0.12137710971522603,0.7499680184213892,1.0,0
0.2193775100401607,0.752,1.0,0.21942242469244816,0.7499680184213892,1.0,0
0.31752008032128515,0.752,1.0,0.31746773966967023,0.7499680184213892,1.0,0
0.4156626506024097,0.752,1.0,0.4155130546468923,0.7499680184213892,1.0,0
0.5135542168674699,0.752,1.0,0.513574424531899,0.7499680184213892,1.0,0
0.6076807228915663,0.752,1.0,0.6076963214192538,0.7499680184213892,1.0,0
0.7058232931726909,0.752,1.0,0.7057416363964759,0.7499680184213892,1.0,0
0.8039658634538154,0.752,1.0,0.8037869513736979,0.7499680184213892,1.0,0
0.9018574297188755,0.752,1.0,0.9018322663509201,0.7499680184213892,1.0,0
1.0,0.752,1.0,0.9998775813281422,0.7499680184213892,1.0,0
0.09412650602409639,0.752,1.0,0.09393927231130461,0.7499680184213892,1.0,0
0.19201807228915663,0.752,1.0,0.1919845872885267,0.7499680184213892,1.0,0
0.2901606425702812,0.752,1.0,0.2900299022657488,0.7499680184213892,1.0,0
0.38805220883534136,0.752,1.0,0.3880752172429709,0.7499680184213892,1.0,0
0.4861947791164659,0.752,1.0,0.48612053222019297,0.7499680184213892,1.0,0
0.5843373493975904,0.752,1.0,0.5841819021051997,0.7499680184213892,1.0,0
0.6822289156626506,0.752,1.0,0.6822272170824218,0.7499680184213892,1.0,0
0.7803714859437751,0.752,1.0,0.780272532059644,0.7499680184213892,1.0,0
0.8785140562248996,0.752,1.0,0.878317847036866,0.7499680184213892,1.0,0
0.9764056224899599,0.752,1.0,0.9763631620140881,0.7499680184213892,1.0,0
0.07053212851405621,0.752,1.0,0.0704248529972506,0.7499680184213892,1.0,0
0.1684236947791165,0.752,1.0,0.16847016797447267,0.7499680184213892,1.0,0
0.266566265060241,0.752,1.0,0.2665154829516947,0.7499680184213892,1.0,0
0.36470883534136544,0.752,1.0,0.3645607979289168,0.7499680184213892,1.0,0
0.46260040160642574,0.752,1.0,0.46260611290613896,0.7499680184213892,1.0,0
0.5607429718875503,0.752,1.0,0.5606654759276726,0.7499680184213892,1.0,0
0.6588855421686748,0.752,1.0,0.6587107909048947,0.7499680184213892,1.0,0
0.7567771084337349,0.752,1.0,0.7567561058821168,0.7499680184213892,1.0,0
0.8549196787148594,0.752,1.0,0.8548014208593389,0.7499680184213892,1.0,0
0.9530622489959839,0.752,1.0,0.952846735836561,0.7499680184213892,1.0,0
0.04693775100401609,0.752,1.0,0.0469084268197234,0.7499680184213892,1.0,0
0.1450803212851406,0.752,1.0,0.14495374179694553,0.7499680184213892,1.0,0
0.24297188755020083,0.752,1.0,0.2429990567741676,0.7499680184213892,1.0,0
0.3411144578313253,0.752,1.0,0.3410443717513897,0.7499680184213892,1.0,0
0.4392570281124498,0.752,1.0,0.4390896867286118,0.7499680184213892,1.0,0
0.5371485943775101,0.752,1.0,0.5371510566136185,0.7499680184213892,1.0,0
0.6352911646586346,0.752,1.0,0.6351963715908406,0.7499680184213892,1.0,0
0.733433734939759,0.752,1.0,0.7332416865680627,0.7499680184213892,1.0,0
0.8313253012048194,0.752,1.0,0.8312870015452849,0.7499680184213892,1.0,0
0.9294678714859439,0.752,1.0,0.9293303096590337,0.7499680184213892,1.0,0
0.023343373493975916,0.752,1.0,0.023394007505669334,0.7499680184213892,1.0,0
0.12148594377510041,0.752,1.0,0.12143932248289141,0.7499680184213892,1.0,0
0.2196285140562249,0.752,1.0,0.21948463746011354,0.7499680184213892,1.0,0
0.31752008032128515,0.752,1.0,0.3175299524373356,0.7499680184213892,1.0,0
0.4156626506024097,0.752,1.0,0.4155732605510847,0.7499680184213892,1.0,0
0.5138052208835342,0.752,1.0,0.5136346304360914,0.7499680184213892,1.0,0
0.6079317269076305,0.752,1.0,0.6077585341869192,0.7499680184213892,1.0,0
0.7058232931726909,0.752,1.0,0.7058038491641413,0.7499680184213892,1.0,0
0.8039658634538154,0.752,1.0,0.8038491641413634,0.7499680184213892,1.0,0
0.9021084337349399,0.752,1.0,0.9018944791185854,0.7499680184213892,1.0,0
1.0,0.752,1.0,0.9999397940958076,0.7499680184213892,1.0,0
0.09412650602409639,0.752,1.0,0.09400148507897005,0.7499680184213892,1.0,0
0.19201807228915663,0.752,1.0,0.19204680005619212,0.7499680184213892,1.0,0
0.2901606425702812,0.752,1.0,0.2900921150334142,0.7499680184213892,1.0,0
0.3883032128514056,0.752,1.0,0.38813743001063633,0.7499680184213892,1.0,0
0.4861947791164659,0.752,1.0,0.4861827449878584,0.7499680184213892,1.0,0
0.5843373493975904,0.752,1.0,0.584242108009392,0.7499680184213892,1.0,0
0.6824799196787149,0.752,1.0,0.6822874229866142,0.7499680184213892,1.0,0
0.7803714859437751,0.752,1.0,0.7803327379638363,0.7499680184213892,1.0,0
0.8785140562248996,0.752,1.0,0.8783780529410583,0.7499680184213892,1.0,0
0.9764056224899599,0.752,1.0,0.9764233679182804,0.7499680184213892,1.0,0
0.07053212851405621,0.752,1.0,0.07048505890144285,0.7499680184213892,1.0,0
0.1686746987951807,0.752,1.0,0.16853037387866499,0.7499680184213892,1.0,0
0.266566265060241,0.752,1.0,0.26657568885588706,0.7499680184213892,1.0,0
0.36470883534136544,0.752,1.0,0.36462100383310914,0.7499680184213892,1.0,0
0.46285140562249,0.752,1.0,0.46266631881033127,0.7499680184213892,1.0,0
0.5607429718875503,0.752,1.0,0.560727688695338,0.7499680184213892,1.0,0
0.6588855421686748,0.752,1.0,0.6587730036725601,0.7499680184213892,1.0,0
0.7570281124497993,0.752,1.0,0.7568183186497821,0.7499680184213892,1.0,0
0.8549196787148594,0.752,1.0,0.8548636336270043,0.7499680184213892,1.0,0
0.9530622489959839,0.752,1.0,0.9529089486042264,0.7499680184213892,1.0,0
0.04693775100401609,0.752,1.0,0.04697063958738884,0.7499680184213892,1.0,0
0.1450803212851406,0.752,1.0,0.14501595456461092,0.7499680184213892,1.0,0
0.2432228915662651,0.752,1.0,0.24306126954183305,0.7499680184213892,1.0,0
0.3411144578313253,0.752,1.0,0.34110658451905507,0.7499680184213892,1.0,0
0.4392570281124498,0.752,1.0,0.4391518994962772,0.7499680184213892,1.0,0
0.5373995983935743,0.752,1.0,0.5372112625178108,0.7499680184213892,1.0,0
0.6352911646586346,0.752,1.0,0.635256577495033,0.7499680184213892,1.0,0
0.733433734939759,0.752,1.0,0.7333018924722551,0.7499680184213892,1.0,0
0.8313253012048194,0.752,1.0,0.8313472074494772,0.7499680184213892,1.0,0
0.9294678714859439,0.752,1.0,0.9293925224266992,0.7499680184213892,1.0,0
0.023594377510040176,0.752,1.0,0.0234542134098617,0.7499680184213892,1.0,0
0.12148594377510041,0.752,1.0,0.12149952838708378,0.7499680184213892,1.0,0
0.2196285140562249,0.752,1.0,0.21954484336430585,0.7499680184213892,1.0,0
0.3177710843373494,0.752,1.0,0.31759015834152793,0.7499680184213892,1.0,0
0.4156626506024097,0.752,1.0,0.41563547331875006,0.7499680184213892,1.0,0
0.509789156626506,0.872,1.0,0.5097734251138895,0.8749520276320838,1.0,0
0.6079317269076305,0.872,1.0,0.6078187400911115,0.8749520276320838,1.0,0
0.7058232931726909,0.872,1.0,0.7058640550683336,0.8749520276320838,1.0,0
0.8039658634538154,0.872,1.0,0.8039093700455557,0.8749520276320838,1.0,0
0.9021084337349399,0.872,1.0,0.9019546850227778,0.8749520276320838,1.0,0
1.0,0.872,1.0,0.9999999999999999,0.8749520276320838,1.0,0
0.09412650602409639,0.872,1.0,0.09406169098316236,0.8749520276320838,1.0,0
0.1922690763052209,0.872,1.0,0.19210700596038444,0.8749520276320838,1.0,0
0.2901606425702812,0.872,1.0,0.29015232093760657,0.8749520276320838,1.0,0
0.3883032128514056,0.872,1.0,0.38819763591482864,0.8749520276320838,1.0,0
0.4864457831325301,0.872,1.0,0.4862429508920508,0.8749520276320838,1.0,0
0.5843373493975904,0.872,1.0,0.5843043207770575,0.8749520276320838,1.0,0
0.6824799196787149,0.872,1.0,0.6823496357542795,0.8749520276320838,1.0,0
0.7803714859437751,0.872,1.0,0.7803949507315017,0.8749520276320838,1.0,0
0.8785140562248996,0.872,1.0,0.8784402657087238,0.8749520276320838,1.0,0
0.9766566265060241,0.872,1.0,0.9764855806859458,0.8749520276320838,1.0,0
0.07053212851405621,0.872,1.0,0.07054727166910829,0.8749520276320838,1.0,0
0.1686746987951807,0.872,1.0,0.16859258664633042,0.8749520276320838,1.0,0
0.2668172690763052,0.872,1.0,0.2666379016235525,0.8749520276320838,1.0,0
0.36470883534136544,0.872,1.0,0.36468321660077463,0.8749520276320838,1.0,0
0.46285140562249,0.872,1.0,0.4627285315779967,0.8749520276320838,1.0,0
0.5607429718875503,0.872,1.0,0.5607878945995304,0.8749520276320838,1.0,0
0.6588855421686748,0.872,1.0,0.6588332095767524,0.8749520276320838,1.0,0
0.7570281124497993,0.872,1.0,0.7568785245539745,0.8749520276320838,1.0,0
0.8549196787148594,0.872,1.0,0.8549238395311967,0.8749520276320838,1.0,0
0.9530622489959839,0.872,1.0,0.9529691545084187,0.8749520276320838,1.0,0
0.0471887550200803,0.872,1.0,0.04703084549158115,0.8749520276320838,1.0,0
0.1450803212851406,0.872,1.0,0.14507616046880323,0.8749520276320838,1.0,0
0.2432228915662651,0.872,1.0,0.24312147544602536,0.8749520276320838,1.0,0
0.3411144578313253,0.872,1.0,0.34116679042324743,0.8749520276320838,1.0,0
0.4392570281124498,0.872,1.0,0.4392121054004695,0.8749520276320838,1.0,0
0.5373995983935743,0.872,1.0,0.5372734752854763,0.8749520276320838,1.0,0
0.6352911646586346,0.872,1.0,0.6353187902626983,0.8749520276320838,1.0,0
0.733433734939759,0.872,1.0,0.7333641052399205,0.8749520276320838,1.0,0
0.8315763052208835,0.872,1.0,0.8314094202171425,0.8749520276320838,1.0,0
0.9294678714859439,0.872,1.0,0.9294547351943647,0.8749520276320838,1.0,0
0.023594377510040176,0.872,1.0,0.023516426177527083,0.8749520276320838,1.0,0
0.12173694779116467,0.872,1.0,0.12156174115474921,0.8749520276320838,1.0,0
0.2196285140562249,0.872,1.0,0.2196070561319713,0.8749520276320838,1.0,0
0.3177710843373494,0.872,1.0,0.3176523711091934,0.8749520276320838,1.0,0
0.4156626506024097,0.872,1.0,0.4156976860864155,0.8749520276320838,1.0,0
0.5138052208835342,0.872,1.0,0.5137570491079492,0.8749520276320838,1.0,0
0.6119477911646587,0.872,1.0,0.6118023640851712,0.8749520276320838,1.0,0
0.7098393574297189,0.872,1.0,0.7098476790623933,0.8749520276320838,1.0,0
0.8079819277108434,0.872,1.0,0.8078929940396153,0.8749520276320838,1.0,0
0.9061244979919679,0.872,1.0,0.9059383090168375,0.8749520276320838,1.0,0
0.0,0.872,1.0,0.0,0.8749520276320838,1.0,0
0.0981425702811245,0.872,1.0,0.09804531497722202,0.8749520276320838,1.0,0
0.19603413654618473,0.872,1.0,0.19609062995444415,0.8749520276320838,1.0,0
0.29417670682730923,0.872,1.0,0.2941359449316662,0.8749520276320838,1.0,0
0.39231927710843373,0.872,1.0,0.39218125990888836,0.8749520276320838,1.0,0
0.490210843373494,0.872,1.0,0.49022657488611043,0.8749520276320838,1.0,0
0.5883534136546185,0.872,1.0,0.5882879447711171,0.8749520276320838,1.0,0
0.686495983935743,0.872,1.0,0.6863312528848662,0.8749520276320838,1.0,0
0.7843875502008033,0.872,1.0,0.7843765678620882,0.8749520276320838,1.0,0
0.8825301204819278,0.872,1.0,0.8824218828393104,0.8749520276320838,1.0,0
0.9806726907630523,0.872,1.0,0.9804671978165325,0.8749520276320838,1.0,0
0.07454819277108432,0.872,1.0,0.074530895663168,0.8749520276320838,1.0,0
0.17269076305220882,0.872,1.0,0.17257420377691696,0.8749520276320838,1.0,0
0.2705823293172691,0.872,1.0,0.2706195187541391,0.8749520276320838,1.0,0
0.3687248995983936,0.872,1.0,0.36866483373136116,0.8749520276320838,1.0,0
0.4668674698795181,0.872,1.0,0.4667101487085833,0.8749520276320838,1.0,0
0.5647590361445783,0.872,1.0,0.56477151859359,0.8749520276320838,1.0,0
0.6629016064257028,0.872,1.0,0.6628168335708121,0.8749520276320838,1.0,0
0.7610441767068273,0.872,1.0,0.7608621485480342,0.8749520276320838,1.0,0
0.8589357429718876,0.872,1.0,0.8589074635252563,0.8749520276320838,1.0,0
0.9570783132530121,0.872,1.0,0.9569527785024784,0.8749520276320838,1.0,0
0.0509538152610442,0.872,1.0,0.05101446948564081,0.8749520276320838,1.0,0
0.1490963855421687,0.872,1.0,0.14905978446286294,0.8749520276320838,1.0,0
0.2472389558232932,0.872,1.0,0.24710509944008502,0.8749520276320838,1.0,0
0.34513052208835343,0.872,1.0,0.3451504144173071,0.8749520276320838,1.0,0
0.44327309236947793,0.872,1.0,0.4431957293945292,0.8749520276320838,1.0,0
0.5414156626506025,0.872,1.0,0.5412550924160628,0.8749520276320838,1.0,0
0.6393072289156627,0.872,1.0,0.639300407393285,0.8749520276320838,1.0,0
0.7374497991967872,0.872,1.0,0.7373457223705071,0.8749520276320838,1.0,0
0.8355923694779117,0.872,1.0,0.8353910373477291,0.8749520276320838,1.0,0
0.933483935742972,0.872,1.0,0.9334363523249511,0.8749520276320838,1.0,0
0.027610441767068283,0.872,1.0,0.027498043308113673,0.8749520276320838,1.0,0
0.12550200803212852,0.872,1.0,0.12554335828533575,0.8749520276320838,1.0,0
0.22364457831325302,0.872,1.0,0.22358867326255788,0.8749520276320838,1.0,0
0.3217871485943775,0.872,1.0,0.32163398823977996,0.8749520276320838,1.0,0
0.41967871485943775,0.872,1.0,0.4196793032170021,0.8749520276320838,1.0,0
0.5178212851405622,0.872,1.0,0.5177406731020088,0.8749520276320838,1.0,0
0.6119477911646587,0.872,1.0,0.6118645768528367,0.8749520276320838,1.0,0
0.7100903614457832,0.872,1.0,0.7099098918300587,0.8749520276320838,1.0,0
0.8079819277108434,0.872,1.0,0.8079552068072808,0.8749520276320838,1.0,0
0.9061244979919679,0.872,1.0,0.9060005217845029,0.8749520276320838,1.0,0
0.0,0.872,1.0,6.221276766538164e-05,0.8749520276320838,1.0,0
0.0981425702811245,0.872,1.0,0.09810752774488746,0.8749520276320838,1.0,0
0.196285140562249,0.872,1.0,0.19615284272210953,0.8749520276320838,1.0,0
0.29417670682730923,0.872,1.0,0.29419815769933166,0.8749520276320838,1.0,0
0.39231927710843373,0.872,1.0,0.39224347267655374,0.8749520276320838,1.0,0
0.4904618473895583,0.872,1.0,0.49028678079030275,0.8749520276320838,1.0,0
0.5883534136546185,0.872,1.0,0.5883481506753094,0.8749520276320838,1.0,0
0.686495983935743,0.872,1.0,0.6863934656525316,0.8749520276320838,1.0,0
0.7846385542168675,0.872,1.0,0.7844387806297537,0.8749520276320838,1.0,0
0.8825301204819278,0.872,1.0,0.8824840956069757,0.8749520276320838,1.0,0
0.9806726907630523,0.872,1.0,0.9805294105841978,0.8749520276320838,1.0,0
0.07454819277108432,0.872,1.0,0.07459110156736032,0.8749520276320838,1.0,0
0.17269076305220882,0.872,1.0,0.1726364165445824,0.8749520276320838,1.0,0
0.27083333333333337,0.872,1.0,0.2706817315218045,0.8749520276320838,1.0,0
0.3687248995983936,0.872,1.0,0.36872704649902666,0.8749520276320838,1.0,0
0.4668674698795181,0.872,1.0,0.46677236147624873,0.8749520276320838,1.0,0
0.5650100401606426,0.872,1.0,0.5648337313612555,0.8749520276320838,1.0,0
0.6629016064257028,0.872,1.0,0.6628770394750044,0.8749520276320838,1.0,0
0.7610441767068273,0.872,1.0,0.7609223544522266,0.8749520276320838,1.0,0
0.8589357429718876,0.872,1.0,0.8589676694294486,0.8749520276320838,1.0,0
0.9570783132530121,0.872,1.0,0.9570129844066708,0.8749520276320838,1.0,0
0.051204819277108404,0.872,1.0,0.05107668225330625,0.8749520276320838,1.0,0
0.1490963855421687,0.872,1.0,0.1491199903670553,0.8749520276320838,1.0,0
0.2472389558232932,0.872,1.0,0.2471653053442774,0.8749520276320838,1.0,0
0.3453815261044177,0.872,1.0,0.34521062032149946,0.8749520276320838,1.0,0
0.44327309236947793,0.872,1.0,0.44325593529872154,0.8749520276320838,1.0,0
0.5414156626506025,0.872,1.0,0.5413173051837283,0.8749520276320838,1.0,0
0.639558232931727,0.872,1.0,0.6393626201609504,0.8749520276320838,1.0,0
0.7374497991967872,0.872,1.0,0.7374079351381725,0.8749520276320838,1.0,0
0.8355923694779117,0.872,1.0,0.8354532501153946,0.8749520276320838,1.0,0
0.933483935742972,0.872,1.0,0.9334985650926166,0.8749520276320838,1.0,0
0.027610441767068283,0.872,1.0,0.02756025607577911,0.8749520276320838,1.0,0
0.12575301204819272,0.872,1.0,0.12560557105300119,0.8749520276320838,1.0,0
0.22364457831325302,0.872,1.0,0.22365088603022332,0.8749520276320838,1.0,0
0.3217871485943775,0.872,1.0,0.32169620100744545,0.8749520276320838,1.0,0
0.419929718875502,0.872,1.0,0.41974151598466747,0.8749520276320838,1.0,0
0.5178212851405622,0.872,1.0,0.5178008790062012,0.8749520276320838,1.0,0
0.6159638554216867,0.872,1.0,0.6158461939834232,0.8749520276320838,1.0,0
0.713855421686747,0.872,1.0,0.7138915089606453,0.8749520276320838,1.0,0
0.8119979919678715,0.872,1.0,0.8119368239378675,0.8749520276320838,1.0,0
0.910140562248996,0.872,1.0,0.9099821389150895,0.8749520276320838,1.0,0
0.004016064257028107,0.872,1.0,0.004043829898251972,0.8749520276320838,1.0,0
0.1021586345381526,0.872,1.0,0.1020891448754741,0.8749520276320838,1.0,0
0.20030120481927716,0.872,1.0,0.20013445985269618,0.8749520276320838,1.0,0
0.29819277108433734,0.872,1.0,0.29817977482991825,0.8749520276320838,1.0,0
0.3963353413654619,0.872,1.0,0.39622508980714033,0.8749520276320838,1.0,0
0.4942269076305221,0.872,1.0,0.49427040478436246,0.8749520276320838,1.0,0
0.5923694779116466,0.872,1.0,0.5923317746693691,0.8749520276320838,1.0,0
0.6905120481927711,0.872,1.0,0.6903770896465913,0.8749520276320838,1.0,0
0.7884036144578314,0.872,1.0,0.7884224046238133,0.8749520276320838,1.0,0
0.8865461847389559,0.872,1.0,0.8864677196010354,0.8749520276320838,1.0,0
0.9846887550200805,0.872,1.0,0.9845130345782576,0.8749520276320838,1.0,0
0.07856425702811243,0.872,1.0,0.07857472556141998,0.8749520276320838,1.0,0
0.17670682730923692,0.872,1.0,0.1766200405386421,0.8749520276320838,1.0,0
0.2748493975903614,0.872,1.0,0.2746653555158642,0.8749520276320838,1.0,0
0.3727409638554217,0.872,1.0,0.3727106704930863,0.8749520276320838,1.0,0
0.4708835341365462,0.872,1.0,0.4707559854703084,0.8749520276320838,1.0,0
0.5687751004016065,0.872,1.0,0.568815348491842,0.8749520276320838,1.0,0
0.666917670682731,0.872,1.0,0.6668606634690641,0.8749520276320838,1.0,0
0.7650602409638555,0.872,1.0,0.7649059784462863,0.8749520276320838,1.0,0
0.8629518072289157,0.872,1.0,0.8629512934235084,0.8749520276320838,1.0,0
0.9610943775100402,0.872,1.0,0.9609966084007304,0.8749520276320838,1.0,0
0.05522088353413657,0.872,1.0,0.055058299383892895,0.8749520276320838,1.0,0
0.1531124497991968,0.872,1.0,0.15310361436111497,0.8749520276320838,1.0,0
0.2512550200803213,0.872,1.0,0.25114892933833705,0.8749520276320838,1.0,0
0.34914658634538154,0.872,1.0,0.3491942443155591,0.8749520276320838,1.0,0
0.44728915662650603,0.872,1.0,0.44723955929278125,0.8749520276320838,1.0,0
0.5454317269076305,0.872,1.0,0.5453009291777879,0.8749520276320838,1.0,0
0.6433232931726908,0.872,1.0,0.6433462441550101,0.8749520276320838,1.0,0
0.7414658634538153,0.872,1.0,0.7413915591322322,0.8749520276320838,1.0,0
0.8396084337349399,0.872,1.0,0.8394368741094542,0.8749520276320838,1.0,0
0.9375,0.872,1.0,0.9374821890866764,0.8749520276320838,1.0,0
0.031626506024096335,0.872,1.0,0.03154388006983877,0.8749520276320838,1.0,0
0.1297690763052209,0.872,1.0,0.1295891950470609,0.8749520276320838,1.0,0
0.22766064257028112,0.872,1.0,0.22763451002428298,0.8749520276320838,1.0,0
0.3258032128514057,0.872,1.0,0.32567982500150505,0.8749520276320838,1.0,0
0.4236947791164659,0.872,1.0,0.4237251399787272,0.8749520276320838,1.0,0
0.5218373493975904,0.872,1.0,0.5217845030002608,0.8749520276320838,1.0,0
0.6199799196787149,0.872,1.0,0.6198298179774829,0.8749520276320838,1.0,0
0.7178714859437751,0.872,1.0,0.7178751329547051,0.8749520276320838,1.0,0
0.8160140562248996,0.872,1.0,0.8159204479319271,0.8749520276320838,1.0,0
0.9141566265060241,0.872,1.0,0.9139657629091492,0.8749520276320838,1.0,0
0.008032128514056214,0.872,1.0,0.008027453892311631,0.8749520276320838,1.0,0
0.10617469879518077,0.872,1.0,0.1060727688695337,0.8749520276320838,1.0,0
0.20406626506024095,0.872,1.0,0.2041180838467559,0.8749520276320838,1.0,0
0.30220883534136544,0.872,1.0,0.3021633988239779,0.8749520276320838,1.0,0
0.40035140562248994,0.872,1.0,0.40020871380120004,0.8749520276320838,1.0,0
0.49824297188755023,0.872,1.0,0.4982540287784221,0.8749520276320838,1.0,0
0.5963855421686748,0.872,1.0,0.5963153986634289,0.8749520276320838,1.0,0
0.6945281124497993,0.872,1.0,0.6943587067771779,0.8749520276320838,1.0,0
0.7924196787148594,0.872,1.0,0.7924040217544,0.8749520276320838,1.0,0
0.890562248995984,0.872,1.0,0.8904493367316221,0.8749520276320838,1.0,0
0.9887048192771085,0.872,1.0,0.9884946517088442,0.8749520276320838,1.0,0
0.08258032128514053,0.872,1.0,0.0825583495554797,0.8749520276320838,1.0,0
0.1807228915662651,0.872,1.0,0.1806016576692287,0.8749520276320838,1.0,0
0.2786144578313253,0.872,1.0,0.2786469726464508,0.8749520276320838,1.0,0
0.3767570281124498,0.872,1.0,0.3766922876236729,0.8749520276320838,1.0,0
0.4748995983935743,0.872,1.0,0.474737602600895,0.8749520276320838,1.0,0
0.5727911646586346,0.872,1.0,0.5727989724859017,0.8749520276320838,1.0,0
0.670933734939759,0.872,1.0,0.6708442874631239,0.8749520276320838,1.0,0
0.7690763052208835,0.872,1.0,0.7688896024403459,0.8749520276320838,1.0,0
0.8669678714859438,0.872,1.0,0.866934917417568,0.8749520276320838,1.0,0
0.9651104417670684,0.872,1.0,0.9649802323947901,0.8749520276320838,1.0,0
0.05898594377510041,0.872,1.0,0.0590419233779525,0.8749520276320838,1.0,0
0.15712851405622486,0.872,1.0,0.15708723835517463,0.8749520276320838,1.0,0
0.2552710843373494,0.872,1.0,0.2551325533323967,0.8749520276320838,1.0,0
0.3531626506024097,0.872,1.0,0.35317786830961884,0.8749520276320838,1.0,0
0.45130522088353414,0.872,1.0,0.4512231832868409,0.8749520276320838,1.0,0
0.5494477911646587,0.872,1.0,0.5492825463083746,0.8749520276320838,1.0,0
0.6473393574297189,0.872,1.0,0.6473278612855967,0.8749520276320838,1.0,0
0.7454819277108434,0.872,1.0,0.7453731762628188,0.8749520276320838,1.0,0
0.8436244979919679,0.872,1.0,0.8434184912400409,0.8749520276320838,1.0,0
0.9415160642570282,0.872,1.0,0.9414638062172629,0.8749520276320838,1.0,0
0.0356425702811245,0.872,1.0,0.035525497200425415,0.8749520276320838,1.0,0
0.13353413654618473,0.872,1.0,0.1335708121776475,0.8749520276320838,1.0,0
0.2316767068273093,0.872,1.0,0.23161612715486962,0.8749520276320838,1.0,0
0.32981927710843373,0.872,1.0,0.3296614421320917,0.8749520276320838,1.0,0
0.427710843373494,0.872,1.0,0.4277067571093138,0.8749520276320838,1.0,0
0.5258534136546185,0.872,1.0,0.5257681269943205,0.8749520276320838,1.0,0
0.623995983935743,0.872,1.0,0.6238134419715426,0.8749520276320838,1.0,0
0.7218875502008033,0.872,1.0,0.7218587569487647,0.8749520276320838,1.0,0
0.8200301204819278,0.872,1.0,0.8199040719259868,0.8749520276320838,1.0,0
0.9179216867469879,0.872,1.0,0.9179493869032089,0.8749520276320838,1.0,0
0.012048192771084376,0.872,1.0,0.01201107788637129,0.8749520276320838,1.0,0
0.11019076305220887,0.872,1.0,0.11005639286359342,0.8749520276320838,1.0,0
0.20808232931726905,0.872,1.0,0.2081017078408155,0.8749520276320838,1.0,0
0.3062248995983936,0.872,1.0,0.30614702281803763,0.8749520276320838,1.0,0
0.4043674698795181,0.872,1.0,0.40419233779525976,0.8749520276320838,1.0,0
0.5022590361445783,0.872,1.0,0.5022517008167934,0.8749520276320838,1.0,0
0.5963855421686748,0.872,1.0,0.5963756045676212,0.8749520276320838,1.0,0
0.6945281124497993,0.872,1.0,0.6944209195448433,0.8749520276320838,1.0,0
0.7926706827309238,0.872,1.0,0.7924662345220654,0.8749520276320838,1.0,0
0.890562248995984,0.872,1.0,0.8905115494992875,0.8749520276320838,1.0,0
0.9887048192771085,0.872,1.0,0.9885568644765096,0.8749520276320838,1.0,0
0.08258032128514053,0.872,1.0,0.08261855545967206,0.8749520276320838,1.0,0
0.1807228915662651,0.872,1.0,0.18066387043689414,0.8749520276320838,1.0,0
0.2788654618473896,0.872,1.0,0.2787091854141162,0.8749520276320838,1.0,0
0.3767570281124498,0.872,1.0,0.3767545003913383,0.8749520276320838,1.0,0
0.4748995983935743,0.872,1.0,0.4747998153685604,0.8749520276320838,1.0,0
0.5730421686746988,0.872,1.0,0.5728611852535671,0.8749520276320838,1.0,0
0.670933734939759,0.872,1.0,0.6709044933673162,0.8749520276320838,1.0,0
0.7690763052208835,0.872,1.0,0.7689498083445383,0.8749520276320838,1.0,0
0.8669678714859438,0.872,1.0,0.8669951233217603,0.8749520276320838,1.0,0
0.9651104417670684,0.872,1.0,0.9650404382989825,0.8749520276320838,1.0,0
0.059236947791164674,0.872,1.0,0.059104136145617936,0.8749520276320838,1.0,0
0.15712851405622486,0.872,1.0,0.157147444259367,0.8749520276320838,1.0,0
0.2552710843373494,0.872,1.0,0.2551927592365891,0.8749520276320838,1.0,0
0.35341365461847396,0.872,1.0,0.35323807421381115,0.8749520276320838,1.0,0
0.45130522088353414,0.872,1.0,0.4512833891910333,0.8749520276320838,1.0,0
0.5494477911646587,0.872,1.0,0.54934475907604,0.8749520276320838,1.0,0
0.6475903614457832,0.872,1.0,0.6473900740532621,0.8749520276320838,1.0,0
0.7454819277108434,0.872,1.0,0.7454353890304841,0.8749520276320838,1.0,0
0.8436244979919679,0.872,1.0,0.8434807040077064,0.8749520276320838,1.0,0
0.9415160642570282,0.872,1.0,0.9415260189849284,0.8749520276320838,1.0,0
0.0356425702811245,0.872,1.0,0.03558770996809085,0.8749520276320838,1.0,0
0.133785140562249,0.872,1.0,0.13363302494531293,0.8749520276320838,1.0,0
0.2316767068273093,0.872,1.0,0.23167833992253506,0.8749520276320838,1.0,0
0.32981927710843373,0.872,1.0,0.3297236548997571,0.8749520276320838,1.0,0
0.4279618473895582,0.872,1.0,0.4277689698769792,0.8749520276320838,1.0,0
0.5258534136546185,0.872,1.0,0.5258283328985128,0.8749520276320838,1.0,0
0.623995983935743,0.872,1.0,0.623873647875735,0.8749520276320838,1.0,0
0.7218875502008033,0.872,1.0,0.721918962852957,0.8749520276320838,1.0,0
0.8200301204819278,0.872,1.0,0.8199642778301792,0.8749520276320838,1.0,0
0.9181726907630523,0.872,1.0,0.9180095928074012,0.8749520276320838,1.0,0
0.012048192771084376,0.872,1.0,0.012071283790563658,0.8749520276320838,1.0,0
0.11019076305220887,0.872,1.0,0.11011659876778579,0.8749520276320838,1.0,0
0.20833333333333337,0.872,1.0,0.20816191374500786,0.8749520276320838,1.0,0
0.3062248995983936,0.872,1.0,0.30620722872222994,0.8749520276320838,1.0,0
0.4043674698795181,0.872,1.0,0.40425254369945207,0.8749520276320838,1.0,0
0.5025100401606426,0.872,1.0,0.5023139135844588,0.8749520276320838,1.0,0
0.5966365461847389,0.872,1.0,0.5964378173352867,0.8749520276320838,1.0,0
0.6945281124497993,0.872,1.0,0.6944831323125087,0.8749520276320838,1.0,0
0.7926706827309238,0.872,1.0,0.7925284472897307,0.8749520276320838,1.0,0
0.890562248995984,0.872,1.0,0.8905717554034798,0.8749520276320838,1.0,0
0.9887048192771085,0.872,1.0,0.9886170703807019,0.8749520276320838,1.0,0
0.08283132530120485,0.872,1.0,0.08268076822733744,0.8749520276320838,1.0,0
0.1807228915662651,0.872,1.0,0.18072608320455952,0.8749520276320838,1.0,0
0.2788654618473896,0.872,1.0,0.27877139818178165,0.8749520276320838,1.0,0
0.3770080321285141,0.872,1.0,0.37681470629553065,0.8749520276320838,1.0,0
0.4748995983935743,0.872,1.0,0.47486002127275273,0.8749520276320838,1.0,0
0.5730421686746988,0.872,1.0,0.5729213911577595,0.8749520276320838,1.0,0
0.670933734939759,0.872,1.0,0.6709667061349815,0.8749520276320838,1.0,0
0.7690763052208835,0.872,1.0,0.7690120211122037,0.8749520276320838,1.0,0
0.867218875502008,0.872,1.0,0.8670573360894258,0.8749520276320838,1.0,0
0.9651104417670684,0.872,1.0,0.9651026510666478,0.8749520276320838,1.0,0
0.059236947791164674,0.872,1.0,0.0591643420498103,0.8749520276320838,1.0,0
0.15737951807228917,0.872,1.0,0.15720965702703243,0.8749520276320838,1.0,0
0.2552710843373494,0.872,1.0,0.2552549720042545,0.8749520276320838,1.0,0
0.35341365461847396,0.872,1.0,0.3533002869814766,0.8749520276320838,1.0,0
0.45130522088353414,0.872,1.0,0.45134560195869866,0.8749520276320838,1.0,0
0.5494477911646587,0.872,1.0,0.5494049649802323,0.8749520276320838,1.0,0
0.6475903614457832,0.872,1.0,0.6474502799574544,0.8749520276320838,1.0,0
0.7454819277108434,0.872,1.0,0.7454955949346765,0.8749520276320838,1.0,0
0.8436244979919679,0.872,1.0,0.8435409099118987,0.8749520276320838,1.0,0
0.9417670682730924,0.872,1.0,0.9415862248891207,0.8749520276320838,1.0,0
0.0356425702811245,0.872,1.0,0.035647915872283165,0.8749520276320838,1.0,0
0.133785140562249,0.872,1.0,0.13369323084950524,0.8749520276320838,1.0,0
0.2319277108433735,0.872,1.0,0.23173854582672737,0.8749520276320838,1.0,0
0.32981927710843373,0.872,1.0,0.32978386080394945,0.8749520276320838,1.0,0
0.4279618473895582,0.872,1.0,0.4278291757811715,0.8749520276320838,1.0,0
0.5258534136546185,0.872,1.0,0.5258905456661782,0.8749520276320838,1.0,0
0.623995983935743,0.872,1.0,0.6239358606434003,0.8749520276320838,1.0,0
0.7221385542168675,0.872,1.0,0.7219811756206225,0.8749520276320838,1.0,0
0.8200301204819278,0.872,1.0,0.8200264905978445,0.8749520276320838,1.0,0
0.9181726907630523,0.872,1.0,0.9180718055750667,0.8749520276320838,1.0,0
0.01229919678714858,0.872,1.0,0.012133496558229095,0.8749520276320838,1.0,0
0.11019076305220887,0.872,1.0,0.11017881153545123,0.8749520276320838,1.0,0
0.20833333333333337,0.872,1.0,0.2082241265126733,0.8749520276320838,1.0,0
0.3062248995983936,0.872,1.0,0.30626944148989543,0.8749520276320838,1.0,0
0.4043674698795181,0.872,1.0,0.40431475646711745,0.8749520276320838,1.0,0
0.5025100401606426,0.872,1.0,0.5023741194886511,0.8749520276320838,1.0,0
0.5966365461847389,0.872,1.0,0.596498023239479,0.8749520276320838,1.0,0
0.6945281124497993,0.872,1.0,0.694543338216701,0.8749520276320838,1.0,0
0.7926706827309238,0.872,1.0,0.7925886531939231,0.8749520276320838,1.0,0
0.8908132530120483,0.872,1.0,0.8906339681711453,0.8749520276320838,1.0,0
0.9887048192771085,0.872,1.0,0.9886792831483673,0.8749520276320838,1.0,0
0.08283132530120485,0.872,1.0,0.08274097413152981,0.8749520276320838,1.0,0
0.18097389558232935,0.872,1.0,0.18078628910875189,0.8749520276320838,1.0,0
0.2788654618473896,0.872,1.0,0.27883160408597396,0.8749520276320838,1.0,0
0.3770080321285141,0.872,1.0,0.3768769190631961,0.8749520276320838,1.0,0
0.4748995983935743,0.872,1.0,0.47492223404041817,0.8749520276320838,1.0,0
0.5730421686746988,0.872,1.0,0.5729836039254249,0.8749520276320838,1.0,0
0.6711847389558233,0.872,1.0,0.671028918902647,0.8749520276320838,1.0,0
0.7690763052208835,0.872,1.0,0.7690742338798691,0.8749520276320838,1.0,0
0.867218875502008,0.872,1.0,0.8671175419936181,0.8749520276320838,1.0,0
0.9653614457831325,0.872,1.0,0.9651628569708401,0.8749520276320838,1.0,0
0.059236947791164674,0.872,1.0,0.05922655481747574,0.8749520276320838,1.0,0
0.15737951807228917,0.872,1.0,0.15727186979469782,0.8749520276320838,1.0,0
0.2552710843373494,0.872,1.0,0.2553171847719199,0.8749520276320838,1.0,0
0.35341365461847396,0.872,1.0,0.35336049288566895,0.8749520276320838,1.0,0
0.4515562248995984,0.872,1.0,0.45140580786289103,0.8749520276320838,1.0,0
0.5494477911646587,0.872,1.0,0.5494671777478978,0.8749520276320838,1.0,0
0.6475903614457832,0.872,1.0,0.6475124927251199,0.8749520276320838,1.0,0
0.7457329317269077,0.872,1.0,0.7455578077023419,0.8749520276320838,1.0,0
0.8436244979919679,0.872,1.0,0.843603122679564,0.8749520276320838,1.0,0
0.9417670682730924,0.872,1.0,0.9416484376567862,0.8749520276320838,1.0,0
0.03589357429718876,0.872,1.0,0.0357101286399486,0.8749520276320838,1.0,0
0.133785140562249,0.872,1.0,0.13375544361717068,0.8749520276320838,1.0,0
0.2319277108433735,0.872,1.0,0.23180075859439275,0.8749520276320838,1.0,0
0.32981927710843373,0.872,1.0,0.3298460735716149,0.8749520276320838,1.0,0
0.4279618473895582,0.872,1.0,0.42789138854883696,0.8749520276320838,1.0,0
0.5261044176706827,0.872,1.0,0.5259507515703706,0.8749520276320838,1.0,0
0.623995983935743,0.872,1.0,0.6239960665475927,0.8749520276320838,1.0,0
0.7221385542168675,0.872,1.0,0.7220413815248148,0.8749520276320838,1.0,0
0.820281124497992,0.872,1.0,0.8200866965020368,0.8749520276320838,1.0,0
0.9181726907630523,0.872,1.0,0.918132011479259,0.8749520276320838,1.0,0
0.01229919678714858,0.872,1.0,0.012193702462421407,0.8749520276320838,1.0,0
0.11019076305220887,0.872,1.0,0.11023901743964354,0.8749520276320838,1.0,0
0.20833333333333337,0.872,1.0,0.20828433241686561,0.8749520276320838,1.0,0
0.30647590361445787,0.872,1.0,0.30632964739408775,0.8749520276320838,1.0,0
0.4043674698795181,0.872,1.0,0.4043749623713098,0.8749520276320838,1.0,0
0.5025100401606426,0.872,1.0,0.5024363322563166,0.8749520276320838,1.0,0
0.5966365461847389,0.872,1.0,0.5965602360071444,0.8749520276320838,1.0,0
0.6947791164658634,0.872,1.0,0.6946055509843665,0.8749520276320838,1.0,0
0.7926706827309238,0.872,1.0,0.7926508659615885,0.8749520276320838,1.0,0
0.8908132530120483,0.872,1.0,0.8906961809388106,0.8749520276320838,1.0,0
0.9889558232931728,0.872,1.0,0.9887414959160328,0.8749520276320838,1.0,0
0.08283132530120485,0.872,1.0,0.08280318689919519,0.8749520276320838,1.0,0
0.18097389558232935,0.872,1.0,0.18084850187641732,0.8749520276320838,1.0,0
0.2788654618473896,0.872,1.0,0.2788938168536394,0.8749520276320838,1.0,0
0.3770080321285141,0.872,1.0,0.3769391318308615,0.8749520276320838,1.0,0
0.4751506024096386,0.872,1.0,0.4749844468080836,0.8749520276320838,1.0,0
0.5730421686746988,0.872,1.0,0.5730438098296172,0.8749520276320838,1.0,0
0.6711847389558233,0.872,1.0,0.6710891248068394,0.8749520276320838,1.0,0
0.7693273092369478,0.872,1.0,0.7691344397840614,0.8749520276320838,1.0,0
0.867218875502008,0.872,1.0,0.8671797547612835,0.8749520276320838,1.0,0
0.9653614457831325,0.872,1.0,0.9652250697385056,0.8749520276320838,1.0,0
0.059236947791164674,0.872,1.0,0.05928676072166805,0.8749520276320838,1.0,0
0.15737951807228917,0.872,1.0,0.15733207569889013,0.8749520276320838,1.0,0
0.25552208835341367,0.872,1.0,0.2553773906761122,0.8749520276320838,1.0,0
0.35341365461847396,0.872,1.0,0.35342270565333433,0.8749520276320838,1.0,0
0.4515562248995984,0.872,1.0,0.45146802063055647,0.8749520276320838,1.0,0
0.549698795180723,0.872,1.0,0.5495293905155632,0.8749520276320838,1.0,0
0.6475903614457832,0.872,1.0,0.6475747054927852,0.8749520276320838,1.0,0
0.7457329317269077,0.872,1.0,0.7456180136065342,0.8749520276320838,1.0,0
0.8438755020080322,0.872,1.0,0.8436633285837564,0.8749520276320838,1.0,0
0.9417670682730924,0.872,1.0,0.9417086435609785,0.8749520276320838,1.0,0
0.03589357429718876,0.872,1.0,0.03577234140761398,0.8749520276320838,1.0,0
0.133785140562249,0.872,1.0,0.13381765638483611,0.8749520276320838,1.0,0
0.2319277108433735,0.872,1.0,0.23186096449858506,0.8749520276320838,1.0,0
0.330070281124498,0.872,1.0,0.3299062794758072,0.8749520276320838,1.0,0
0.4279618473895582,0.872,1.0,0.4279515944530293,0.8749520276320838,1.0,0
0.5261044176706827,0.872,1.0,0.526012964338036,0.8749520276320838,1.0,0
0.6242469879518072,0.872,1.0,0.6240582793152581,0.8749520276320838,1.0,0
0.7221385542168675,0.872,1.0,0.7221035942924802,0.8749520276320838,1.0,0
0.820281124497992,0.872,1.0,0.8201489092697023,0.8749520276320838,1.0,0
0.9181726907630523,0.872,1.0,0.9181942242469243,0.8749520276320838,1.0,0
0.01229919678714858,0.872,1.0,0.012255915230086845,0.8749520276320838,1.0,0
0.11044176706827308,0.872,1.0,0.11030123020730892,0.8749520276320838,1.0,0
0.20833333333333337,0.872,1.0,0.20834654518453105,0.8749520276320838,1.0,0
0.30647590361445787,0.872,1.0,0.3063918601617531,0.8749520276320838,1.0,0
0.40461847389558236,0.872,1.0,0.40443717513897526,0.8749520276320838,1.0,0
0.5025100401606426,0.872,1.0,0.5024965381605089,0.8749520276320838,1.0,0
0.5966365461847389,0.872,1.0,0.5966204419113367,0.8749520276320838,1.0,0
0.6947791164658634,0.872,1.0,0.6946657568885588,0.8749520276320838,1.0,0
0.7929216867469879,0.872,1.0,0.7927110718657808,0.8749520276320838,1.0,0
0.8908132530120483,0.872,1.0,0.890756386843003,0.8749520276320838,1.0,0
0.9889558232931728,0.872,1.0,0.9888017018202251,0.8749520276320838,1.0,0
0.08283132530120485,0.872,1.0,0.0828633928033875,0.8749520276320838,1.0,0
0.18097389558232935,0.872,1.0,0.18090870778060963,0.8749520276320838,1.0,0
0.27911646586345384,0.872,1.0,0.27895402275783177,0.8749520276320838,1.0,0
0.3770080321285141,0.872,1.0,0.3769993377350538,0.8749520276320838,1.0,0
0.4751506024096386,0.872,1.0,0.4750446527122759,0.8749520276320838,1.0,0
0.5732931726907631,0.872,1.0,0.5731060225972826,0.8749520276320838,1.0,0
0.6711847389558233,0.872,1.0,0.6711513375745047,0.8749520276320838,1.0,0
0.7693273092369478,0.872,1.0,0.7691966525517269,0.8749520276320838,1.0,0
0.867218875502008,0.872,1.0,0.8672419675289489,0.8749520276320838,1.0,0
0.9653614457831325,0.872,1.0,0.965285275642698,0.8749520276320838,1.0,0
0.059487951807228934,0.872,1.0,0.05934897348933349,0.8749520276320838,1.0,0
0.15737951807228917,0.872,1.0,0.15739428846655557,0.8749520276320838,1.0,0
0.25552208835341367,0.872,1.0,0.2554396034437777,0.8749520276320838,1.0,0
0.35366465863453816,0.872,1.0,0.35348491842099977,0.8749520276320838,1.0,0
0.4515562248995984,0.872,1.0,0.4515282265347488,0.8749520276320838,1.0,0
0.549698795180723,0.872,1.0,0.5495895964197555,0.8749520276320838,1.0,0
0.6478413654618475,0.872,1.0,0.6476349113969776,0.8749520276320838,1.0,0
0.7457329317269077,0.872,1.0,0.7456802263741997,0.8749520276320838,1.0,0
0.8438755020080322,0.872,1.0,0.8437255413514217,0.8749520276320838,1.0,0
0.9417670682730924,0.872,1.0,0.9417708563286439,0.8749520276320838,1.0,0
0.03589357429718876,0.872,1.0,0.035832547311806295,0.8749520276320838,1.0,0
0.13403614457831325,0.872,1.0,0.13387786228902843,0.8749520276320838,1.0,0
0.2319277108433735,0.872,1.0,0.2319231772662505,0.8749520276320838,1.0,0
0.330070281124498,0.872,1.0,0.32996849224347263,0.8749520276320838,1.0,0
0.4282128514056225,0.872,1.0,0.4280138072206947,0.8749520276320838,1.0,0
0.5261044176706827,0.872,1.0,0.5260751771057014,0.8749520276320838,1.0,0
0.6242469879518072,0.872,1.0,0.6241184852194505,0.8749520276320838,1.0,0
0.7221385542168675,0.872,1.0,0.7221638001966726,0.8749520276320838,1.0,0
0.820281124497992,0.872,1.0,0.8202091151738946,0.8749520276320838,1.0,0
0.9184236947791165,0.872,1.0,0.9182544301511167,0.8749520276320838,1.0,0
0.01229919678714858,0.872,1.0,0.012318127997752282,0.8749520276320838,1.0,0
0.11044176706827308,0.872,1.0,0.11036143611150129,0.8749520276320838,1.0,0
0.20858433734939757,0.872,1.0,0.20840675108872342,0.8749520276320838,1.0,0
0.30647590361445787,0.872,1.0,0.30645206606594544,0.8749520276320838,1.0,0
0.40461847389558236,0.872,1.0,0.40449738104316757,0.8749520276320838,1.0,0
0.5027610441767069,0.872,1.0,0.5025587509281743,0.8749520276320838,1.0,0
0.5968875502008032,0.872,1.0,0.5966826546790021,0.8749520276320838,1.0,0
0.6947791164658634,0.872,1.0,0.6947279696562242,0.8749520276320838,1.0,0
0.7929216867469879,0.872,1.0,0.7927732846334463,0.8749520276320838,1.0,0
0.8908132530120483,0.872,1.0,0.8908185996106683,0.8749520276320838,1.0,0
0.9889558232931728,0.872,1.0,0.9888639145878905,0.8749520276320838,1.0,0
0.08308232931726905,0.872,1.0,0.08292560557105294,0.8749520276320838,1.0,0
0.18097389558232935,0.872,1.0,0.18097092054827502,0.8749520276320838,1.0,0
0.27911646586345384,0.872,1.0,0.27901623552549715,0.8749520276320838,1.0,0
0.37725903614457834,0.872,1.0,0.3770615505027193,0.8749520276320838,1.0,0
0.4751506024096386,0.872,1.0,0.47510686547994135,0.8749520276320838,1.0,0
0.5732931726907631,0.872,1.0,0.573166228501475,0.8749520276320838,1.0,0
0.6711847389558233,0.872,1.0,0.671211543478697,0.8749520276320838,1.0,0
0.7693273092369478,0.872,1.0,0.7692568584559192,0.8749520276320838,1.0,0
0.8674698795180723,0.872,1.0,0.8673021734331412,0.8749520276320838,1.0,0
0.9653614457831325,0.872,1.0,0.9653474884103633,0.8749520276320838,1.0,0
0.059487951807228934,0.872,1.0,0.0594091793935258,0.8749520276320838,1.0,0
0.15763052208835338,0.872,1.0,0.15745449437074788,0.8749520276320838,1.0,0
0.25552208835341367,0.872,1.0,0.25549980934797,0.8749520276320838,1.0,0
0.35366465863453816,0.872,1.0,0.35354512432519214,0.8749520276320838,1.0,0
0.4515562248995984,0.872,1.0,0.4515904393024142,0.8749520276320838,1.0,0
0.549698795180723,0.872,1.0,0.549651809187421,0.8749520276320838,1.0,0
0.6478413654618475,0.872,1.0,0.647697124164643,0.8749520276320838,1.0,0
0.7457329317269077,0.872,1.0,0.7457424391418651,0.8749520276320838,1.0,0
0.8438755020080322,0.872,1.0,0.8437877541190872,0.8749520276320838,1.0,0
0.9420180722891567,0.872,1.0,0.9418310622328363,0.8749520276320838,1.0,0
0.03589357429718876,0.872,1.0,0.03589476007947173,0.8749520276320838,1.0,0
0.13403614457831325,0.872,1.0,0.1339400750566938,0.8749520276320838,1.0,0
0.2319277108433735,0.872,1.0,0.23198539003391594,0.8749520276320838,1.0,0
0.330070281124498,0.872,1.0,0.330030705011138,0.8749520276320838,1.0,0
0.4282128514056225,0.872,1.0,0.428074013124887,0.8749520276320838,1.0,0
0.5261044176706827,0.872,1.0,0.5261353830098938,0.8749520276320838,1.0,0
0.6242469879518072,0.872,1.0,0.6241806979871158,0.8749520276320838,1.0,0
0.7223895582329318,0.872,1.0,0.722226012964338,0.8749520276320838,1.0,0
0.820281124497992,0.872,1.0,0.8202713279415601,0.8749520276320838,1.0,0
0.9184236947791165,0.872,1.0,0.9183166429187821,0.8749520276320838,1.0,0
0.012550200803212841,0.872,1.0,0.012378333901944594,0.8749520276320838,1.0,0
0.11044176706827308,0.872,1.0,0.11042364887916667,0.8749520276320838,1.0,0
0.20858433734939757,0.872,1.0,0.20846896385638874,0.8749520276320838,1.0,0
0.30647590361445787,0.872,1.0,0.30651427883361093,0.8749520276320838,1.0,0
0.40461847389558236,0.872,1.0,0.404559593810833,0.8749520276320838,1.0,0
0.5027610441767069,0.872,1.0,0.5026209636958398,0.8749520276320838,1.0,0
0.5968875502008032,0.872,1.0,0.5967428605831945,0.8749520276320838,1.0,0
0.6947791164658634,0.872,1.0,0.6947881755604166,0.8749520276320838,1.0,0
0.7929216867469879,0.872,1.0,0.7928334905376386,0.8749520276320838,1.0,0
0.8910642570281124,0.872,1.0,0.8908788055148608,0.8749520276320838,1.0,0
0.9889558232931728,0.872,1.0,0.9889241204920829,0.8749520276320838,1.0,0
0.08308232931726905,0.872,1.0,0.08298581147524531,0.8749520276320838,1.0,0
0.18097389558232935,0.872,1.0,0.18103112645246738,0.8749520276320838,1.0,0
0.27911646586345384,0.872,1.0,0.27907644142968946,0.8749520276320838,1.0,0
0.37725903614457834,0.872,1.0,0.3771217564069116,0.8749520276320838,1.0,0
0.4751506024096386,0.872,1.0,0.47516707138413367,0.8749520276320838,1.0,0
0.5732931726907631,0.872,1.0,0.5732284412691404,0.8749520276320838,1.0,0
0.6714357429718876,0.872,1.0,0.6712737562463625,0.8749520276320838,1.0,0
0.7693273092369478,0.872,1.0,0.7693190712235846,0.8749520276320838,1.0,0
0.8674698795180723,0.872,1.0,0.8673643862008067,0.8749520276320838,1.0,0
0.9656124497991968,0.872,1.0,0.9654097011780287,0.8749520276320838,1.0,0
0.059487951807228934,0.872,1.0,0.05947139216119118,0.8749520276320838,1.0,0
0.15763052208835338,0.872,1.0,0.15751670713841331,0.8749520276320838,1.0,0
0.25552208835341367,0.872,1.0,0.2555620221156354,0.8749520276320838,1.0,0
0.35366465863453816,0.872,1.0,0.3536073370928575,0.8749520276320838,1.0,0
0.45180722891566266,0.872,1.0,0.4516526520700796,0.8749520276320838,1.0,0
0.549698795180723,0.872,1.0,0.5497120150916133,0.8749520276320838,1.0,0
0.6478413654618475,0.872,1.0,0.6477573300688353,0.8749520276320838,1.0,0
0.745983935742972,0.872,1.0,0.7458026450460574,0.8749520276320838,1.0,0
0.8438755020080322,0.872,1.0,0.8438479600232796,0.8749520276320838,1.0,0
0.9420180722891567,0.872,1.0,0.9418932750005017,0.8749520276320838,1.0,0
0.03589357429718876,0.872,1.0,0.0359549659836641,0.8749520276320838,1.0,0
0.13403614457831325,0.872,1.0,0.13400028096088618,0.8749520276320838,1.0,0
0.23217871485943775,0.872,1.0,0.2320455959381083,0.8749520276320838,1.0,0
0.330070281124498,0.872,1.0,0.3300909109153304,0.8749520276320838,1.0,0
0.4282128514056225,0.872,1.0,0.42813622589255246,0.8749520276320838,1.0,0
0.526355421686747,0.872,1.0,0.5261975957775592,0.8749520276320838,1.0,0
0.6242469879518072,0.872,1.0,0.6242429107547813,0.8749520276320838,1.0,0
0.7223895582329318,0.872,1.0,0.7222882257320034,0.8749520276320838,1.0,0
0.8205321285140563,0.872,1.0,0.8203315338457524,0.8749520276320838,1.0,0
0.9184236947791165,0.872,1.0,0.9183768488229744,0.8749520276320838,1.0,0
0.012550200803212841,0.872,1.0,0.01244054666961003,0.8749520276320838,1.0,0
0.11044176706827308,0.872,1.0,0.1104858616468321,0.8749520276320838,1.0,0
0.20858433734939757,0.872,1.0,0.20853117662405418,0.8749520276320838,1.0,0
0.3067269076305221,0.872,1.0,0.30657448473780324,0.8749520276320838,1.0,0
0.40461847389558236,0.872,1.0,0.4046197997150253,0.8749520276320838,1.0,0
0.5027610441767069,0.872,1.0,0.5026811696000321,0.8749520276320838,1.0,0
0.5968875502008032,0.872,1.0,0.5968050733508599,0.8749520276320838,1.0,0
0.6950301204819278,0.872,1.0,0.694850388328082,0.8749520276320838,1.0,0
0.7929216867469879,0.872,1.0,0.7928957033053041,0.8749520276320838,1.0,0
0.8910642570281124,0.872,1.0,0.8909410182825261,0.8749520276320838,1.0,0
0.9889558232931728,0.872,1.0,0.9889863332597482,0.8749520276320838,1.0,0
0.08308232931726905,0.872,1.0,0.08304802424291069,0.8749520276320838,1.0,0
0.18122489959839355,0.872,1.0,0.18109333922013277,0.8749520276320838,1.0,0
0.27911646586345384,0.872,1.0,0.2791386541973549,0.8749520276320838,1.0,0
0.37725903614457834,0.872,1.0,0.37718396917457697,0.8749520276320838,1.0,0
0.47540160642570284,0.872,1.0,0.4752292841517991,0.8749520276320838,1.0,0
0.5732931726907631,0.872,1.0,0.5732886471733327,0.8749520276320838,1.0,0
0.6714357429718876,0.872,1.0,0.6713339621505549,0.8749520276320838,1.0,0
0.7695783132530121,0.872,1.0,0.769379277127777,0.8749520276320838,1.0,0
0.8674698795180723,0.872,1.0,0.867424592104999,0.8749520276320838,1.0,0
0.9656124497991968,0.872,1.0,0.9654699070822211,0.8749520276320838,1.0,0
0.059487951807228934,0.872,1.0,0.05953159806538355,0.8749520276320838,1.0,0
0.15763052208835338,0.872,1.0,0.15757691304260568,0.8749520276320838,1.0,0
0.25577309236947793,0.872,1.0,0.25562222801982776,0.8749520276320838,1.0,0
0.35366465863453816,0.872,1.0,0.35366754299704983,0.8749520276320838,1.0,0
0.45180722891566266,0.872,1.0,0.45171285797427196,0.8749520276320838,1.0,0
0.5499497991967872,0.872,1.0,0.5497742278592787,0.8749520276320838,1.0,0
0.6478413654618475,0.872,1.0,0.6478195428365008,0.8749520276320838,1.0,0
0.745983935742972,0.872,1.0,0.7458648578137228,0.8749520276320838,1.0,0
0.8438755020080322,0.872,1.0,0.8439101727909449,0.8749520276320838,1.0,0
0.9420180722891567,0.872,1.0,0.9419554877681671,0.8749520276320838,1.0,0
0.03614457831325302,0.872,1.0,0.03601717875132948,0.8749520276320838,1.0,0
0.13403614457831325,0.872,1.0,0.13406249372855156,0.8749520276320838,1.0,0
0.23217871485943775,0.872,1.0,0.2321078087057737,0.8749520276320838,1.0,0
0.33032128514056225,0.872,1.0,0.33015312368299576,0.8749520276320838,1.0,0
0.4282128514056225,0.872,1.0,0.4281984386602179,0.8749520276320838,1.0,0
0.526355421686747,0.872,1.0,0.5262578016817515,0.8749520276320838,1.0,0
0.6244979919678715,0.872,1.0,0.6243031166589736,0.8749520276320838,1.0,0
0.7223895582329318,0.872,1.0,0.7223484316361957,0.8749520276320838,1.0,0
0.8205321285140563,0.872,1.0,0.8203937466134179,0.8749520276320838,1.0,0
0.9184236947791165,0.872,1.0,0.9184390615906399,0.8749520276320838,1.0,0
0.012550200803212841,0.872,1.0,0.012500752573802398,0.8749520276320838,1.0,0
0.1106927710843374,0.872,1.0,0.11054606755102447,0.8749520276320838,1.0,0
0.20858433734939757,0.872,1.0,0.20859138252824655,0.8749520276320838,1.0,0
0.3067269076305221,0.872,1.0,0.3066366975054686,0.8749520276320838,1.0,0
0.4048694779116466,0.872,1.0,0.40468201248269076,0.8749520276320838,1.0,0
0.5027610441767069,0.872,1.0,0.5027433823676974,0.8749520276320838,1.0,0
0.5968875502008032,0.872,1.0,0.5968652792550522,0.8749520276320838,1.0,0
0.6950301204819278,0.872,1.0,0.6949105942322743,0.8749520276320838,1.0,0
0.7929216867469879,0.872,1.0,0.7929559092094964,0.8749520276320838,1.0,0
0.8910642570281124,0.872,1.0,0.8910012241867185,0.8749520276320838,1.0,0
0.989206827309237,0.872,1.0,0.9890465391639406,0.8749520276320838,1.0,0
0.08308232931726905,0.872,1.0,0.08310823014710306,0.8749520276320838,1.0,0
0.18122489959839355,0.872,1.0,0.18115354512432513,0.8749520276320838,1.0,0
0.2793674698795181,0.872,1.0,0.27919886010154726,0.8749520276320838,1.0,0
0.37725903614457834,0.872,1.0,0.37724417507876934,0.8749520276320838,1.0,0
0.47540160642570284,0.872,1.0,0.4752894900559914,0.8749520276320838,1.0,0
0.5735441767068273,0.872,1.0,0.5733508599409981,0.8749520276320838,1.0,0
0.6714357429718876,0.872,1.0,0.6713961749182202,0.8749520276320838,1.0,0
0.7695783132530121,0.872,1.0,0.7694414898954424,0.8749520276320838,1.0,0
0.8674698795180723,0.872,1.0,0.8674868048726645,0.8749520276320838,1.0,0
0.9656124497991968,0.872,1.0,0.9655321198498865,0.8749520276320838,1.0,0
0.059738955823293194,0.872,1.0,0.05959381083304899,0.8749520276320838,1.0,0
0.15763052208835338,0.872,1.0,0.15763912581027112,0.8749520276320838,1.0,0
0.25577309236947793,0.872,1.0,0.2556844407874932,0.8749520276320838,1.0,0
0.3539156626506024,0.872,1.0,0.35372975576471527,0.8749520276320838,1.0,0
0.45180722891566266,0.872,1.0,0.45177507074193735,0.8749520276320838,1.0,0
0.5499497991967872,0.872,1.0,0.549834433763471,0.8749520276320838,1.0,0
0.6478413654618475,0.872,1.0,0.6478797487406931,0.8749520276320838,1.0,0
0.745983935742972,0.872,1.0,0.7459250637179152,0.8749520276320838,1.0,0
0.8441265060240964,0.872,1.0,0.8439703786951374,0.8749520276320838,1.0,0
0.9420180722891567,0.872,1.0,0.9420156936723594,0.8749520276320838,1.0,0
0.03614457831325302,0.872,1.0,0.03607738465552185,0.8749520276320838,1.0,0
0.13428714859437751,0.872,1.0,0.13412269963274392,0.8749520276320838,1.0,0
0.23217871485943775,0.872,1.0,0.23216801460996606,0.8749520276320838,1.0,0
0.33032128514056225,0.872,1.0,0.33021332958718813,0.8749520276320838,1.0,0
0.4282128514056225,0.872,1.0,0.4282586445644102,0.8749520276320838,1.0,0
0.526355421686747,0.872,1.0,0.5263200144494169,0.8749520276320838,1.0,0
0.6244979919678715,0.872,1.0,0.624365329426639,0.8749520276320838,1.0,0
0.7223895582329318,0.872,1.0,0.7224106444038612,0.8749520276320838,1.0,0
0.8205321285140563,0.872,1.0,0.8204559593810832,0.8749520276320838,1.0,0
0.9186746987951808,0.872,1.0,0.9185012743583054,0.8749520276320838,1.0,0
0.012550200803212841,0.872,1.0,0.012562965341467724,0.8749520276320838,1.0,0
0.1106927710843374,0.872,1.0,0.11060828031868991,0.8749520276320838,1.0,0
0.2088353413654619,0.872,1.0,0.208653595295912,0.8749520276320838,1.0,0
0.3067269076305221,0.872,1.0,0.30669891027313406,0.8749520276320838,1.0,0
0.4048694779116466,0.872,1.0,0.40474422525035614,0.8749520276320838,1.0,0
0.5027610441767069,0.872,1.0,0.5028035882718898,0.8749520276320838,1.0,0
0.5968875502008032,0.872,1.0,0.5969274920227177,0.8749520276320838,1.0,0
0.6950301204819278,0.872,1.0,0.6949728069999397,0.8749520276320838,1.0,0
0.7931726907630523,0.872,1.0,0.7930181219771618,0.8749520276320838,1.0,0
0.8910642570281124,0.872,1.0,0.891063436954384,0.8749520276320838,1.0,0
0.989206827309237,0.872,1.0,0.989108751931606,0.8749520276320838,1.0,0
0.08333333333333337,0.872,1.0,0.0831704429147685,0.8749520276320838,1.0,0
0.18122489959839355,0.872,1.0,0.18121575789199057,0.8749520276320838,1.0,0
0.2793674698795181,0.872,1.0,0.27926107286921265,0.8749520276320838,1.0,0
0.37725903614457834,0.872,1.0,0.3773063878464348,0.8749520276320838,1.0,0
0.47540160642570284,0.872,1.0,0.47535170282365685,0.8749520276320838,1.0,0
0.5735441767068273,0.872,1.0,0.5734110658451905,0.8749520276320838,1.0,0
0.6714357429718876,0.872,1.0,0.6714563808224125,0.8749520276320838,1.0,0
0.7695783132530121,0.872,1.0,0.7695016957996347,0.8749520276320838,1.0,0
0.8677208835341366,0.872,1.0,0.8675470107768568,0.8749520276320838,1.0,0
0.9656124497991968,0.872,1.0,0.9655923257540788,0.8749520276320838,1.0,0
0.059738955823293194,0.872,1.0,0.0596540167372413,0.8749520276320838,1.0,0
0.1578815261044177,0.872,1.0,0.15769933171446343,0.8749520276320838,1.0,0
0.25577309236947793,0.872,1.0,0.2557446466916855,0.8749520276320838,1.0,0
0.3539156626506024,0.872,1.0,0.35378996166890764,0.8749520276320838,1.0,0
0.45180722891566266,0.872,1.0,0.4518352766461297,0.8749520276320838,1.0,0
0.5499497991967872,0.872,1.0,0.5498966465311365,0.8749520276320838,1.0,0
0.6480923694779117,0.872,1.0,0.6479419615083585,0.8749520276320838,1.0,0
0.745983935742972,0.872,1.0,0.7459872764855806,0.8749520276320838,1.0,0
0.8441265060240964,0.872,1.0,0.8440325914628027,0.8749520276320838,1.0,0
0.9422690763052209,0.872,1.0,0.9420779064400249,0.8749520276320838,1.0,0
0.03614457831325302,0.872,1.0,0.036139597423187286,0.8749520276320838,1.0,0
0.13428714859437751,0.872,1.0,0.13418491240040936,0.8749520276320838,1.0,0
0.23217871485943775,0.872,1.0,0.23223022737763144,0.8749520276320838,1.0,0
0.33032128514056225,0.872,1.0,0.3302755423548535,0.8749520276320838,1.0,0
0.42846385542168675,0.872,1.0,0.42832085733207564,0.8749520276320838,1.0,0
0.526355421686747,0.872,1.0,0.5263802203536093,0.8749520276320838,1.0,0
0.6244979919678715,0.872,1.0,0.6244255353308313,0.8749520276320838,1.0,0
0.722640562248996,0.872,1.0,0.7224708503080535,0.8749520276320838,1.0,0
0.8205321285140563,0.872,1.0,0.8205161652852755,0.8749520276320838,1.0,0
0.9186746987951808,0.872,1.0,0.9185614802624977,0.8749520276320838,1.0,0
0.012801204819277101,0.872,1.0,0.012623171245660092,0.8749520276320838,1.0,0
0.1106927710843374,0.872,1.0,0.11066848622288222,0.8749520276320838,1.0,0
0.2088353413654619,0.872,1.0,0.2087138012001043,0.8749520276320838,1.0,0
0.3067269076305221,0.872,1.0,0.30675911617732643,0.8749520276320838,1.0,0
0.4048694779116466,0.872,1.0,0.4048044311545485,0.8749520276320838,1.0,0
0.5030120481927711,0.872,1.0,0.5028658010395552,0.8749520276320838,1.0,0
0.5971385542168675,0.872,1.0,0.59698769792691,0.8749520276320838,1.0,0
0.6950301204819278,0.872,1.0,0.6950330129041321,0.8749520276320838,1.0,0
0.7931726907630523,0.872,1.0,0.7930783278813541,0.8749520276320838,1.0,0
0.8913152610441768,0.872,1.0,0.8911236428585763,0.8749520276320838,1.0,0
0.989206827309237,0.872,1.0,0.9891689578357983,0.8749520276320838,1.0,0
0.08333333333333337,0.872,1.0,0.0832306488189608,0.8749520276320838,1.0,0
0.18122489959839355,0.872,1.0,0.18127596379618288,0.8749520276320838,1.0,0
0.2793674698795181,0.872,1.0,0.27932127877340496,0.8749520276320838,1.0,0
0.3775100401606426,0.872,1.0,0.3773665937506271,0.8749520276320838,1.0,0
0.47540160642570284,0.872,1.0,0.47541190872784916,0.8749520276320838,1.0,0
0.5735441767068273,0.872,1.0,0.5734732786128559,0.8749520276320838,1.0,0
0.6716867469879518,0.872,1.0,0.671518593590078,0.8749520276320838,1.0,0
0.7695783132530121,0.872,1.0,0.7695639085673001,0.8749520276320838,1.0,0
0.8677208835341366,0.872,1.0,0.8676092235445222,0.8749520276320838,1.0,0
0.9658634538152611,0.872,1.0,0.9656545385217443,0.8749520276320838,1.0,0
0.059738955823293194,0.872,1.0,0.05971622950490674,0.8749520276320838,1.0,0
0.1578815261044177,0.872,1.0,0.1577615444821288,0.8749520276320838,1.0,0
0.25577309236947793,0.872,1.0,0.2558068594593509,0.8749520276320838,1.0,0
0.3539156626506024,0.872,1.0,0.353852174436573,0.8749520276320838,1.0,0
0.4520582329317269,0.872,1.0,0.4518974894137951,0.8749520276320838,1.0,0
0.5499497991967872,0.872,1.0,0.5499568524353288,0.8749520276320838,1.0,0
0.6480923694779117,0.872,1.0,0.6480021674125509,0.8749520276320838,1.0,0
0.7462349397590362,0.872,1.0,0.7460474823897729,0.8749520276320838,1.0,0
0.8441265060240964,0.872,1.0,0.844092797366995,0.8749520276320838,1.0,0
0.9422690763052209,0.872,1.0,0.9421381123442172,0.8749520276320838,1.0,0
0.03614457831325302,0.872,1.0,0.0361998033273796,0.8749520276320838,1.0,0
0.13428714859437751,0.872,1.0,0.13424511830460167,0.8749520276320838,1.0,0
0.232429718875502,0.872,1.0,0.23229043328182375,0.8749520276320838,1.0,0
0.33032128514056225,0.872,1.0,0.3303357482590459,0.8749520276320838,1.0,0
0.42846385542168675,0.872,1.0,0.42838106323626796,0.8749520276320838,1.0,0
0.5266064257028112,0.872,1.0,0.5264424331212747,0.8749520276320838,1.0,0
0.6244979919678715,0.872,1.0,0.6244877480984968,0.8749520276320838,1.0,0
0.722640562248996,0.872,1.0,0.722533063075719,0.8749520276320838,1.0,0
0.8207831325301205,0.872,1.0,0.820578378052941,0.8749520276320838,1.0,0
0.9186746987951808,0.872,1.0,0.918623693030163,0.8749520276320838,1.0,0
0.012801204819277101,0.872,1.0,0.012685384013325529,0.8749520276320838,1.0,0
0.1106927710843374,0.872,1.0,0.1107306989905476,0.8749520276320838,1.0,0
0.2088353413654619,0.872,1.0,0.20877601396776974,0.8749520276320838,1.0,0
0.3069779116465864,0.872,1.0,0.3068213289449918,0.8749520276320838,1.0,0
0.4048694779116466,0.872,1.0,0.40486664392221394,0.8749520276320838,1.0,0
0.5030120481927711,0.872,1.0,0.5029260069437476,0.8749520276320838,1.0,0
0.5971385542168675,0.872,1.0,0.5970499106945754,0.8749520276320838,1.0,0
0.695281124497992,0.872,1.0,0.6950952256717975,0.8749520276320838,1.0,0
0.7931726907630523,0.872,1.0,0.7931405406490195,0.8749520276320838,1.0,0
0.8913152610441768,0.872,1.0,0.8911858556262416,0.8749520276320838,1.0,0
0.989206827309237,0.872,1.0,0.9892311706034638,0.8749520276320838,1.0,0
0.08333333333333337,0.872,1.0,0.08329286158662619,0.8749520276320838,1.0,0
0.18147590361445787,0.872,1.0,0.18133817656384832,0.8749520276320838,1.0,0
0.2793674698795181,0.872,1.0,0.2793834915410704,0.8749520276320838,1.0,0
0.3775100401606426,0.872,1.0,0.3774288065182925,0.8749520276320838,1.0,0
0.4756526104417671,0.872,1.0,0.4754741214955146,0.8749520276320838,1.0,0
0.5735441767068273,0.872,1.0,0.5735334845170482,0.8749520276320838,1.0,0
0.6716867469879518,0.872,1.0,0.6715787994942704,0.8749520276320838,1.0,0
0.7698293172690763,0.872,1.0,0.7696241144714924,0.8749520276320838,1.0,0
0.8677208835341366,0.872,1.0,0.8676694294487145,0.8749520276320838,1.0,0
0.9658634538152611,0.872,1.0,0.9657147444259366,0.8749520276320838,1.0,0
0.059738955823293194,0.872,1.0,0.05977643540909905,0.8749520276320838,1.0,0
0.1578815261044177,0.872,1.0,0.15782175038632112,0.8749520276320838,1.0,0
0.2560240963855422,0.872,1.0,0.25586706536354326,0.8749520276320838,1.0,0
0.3539156626506024,0.872,1.0,0.35391238034076533,0.8749520276320838,1.0,0
0.4520582329317269,0.872,1.0,0.45195769531798746,0.8749520276320838,1.0,0
0.5502008032128515,0.872,1.0,0.5500190652029942,0.8749520276320838,1.0,0
0.6480923694779117,0.872,1.0,0.6480643801802163,0.8749520276320838,1.0,0
0.7462349397590362,0.872,1.0,0.7461096951574384,0.8749520276320838,1.0,0
0.8441265060240964,0.872,1.0,0.8441550101346604,0.8749520276320838,1.0,0
0.9422690763052209,0.872,1.0,0.9422003251118826,0.8749520276320838,1.0,0
0.03639558232931728,0.872,1.0,0.03626201609504498,0.8749520276320838,1.0,0
0.13428714859437751,0.872,1.0,0.1343073310722671,0.8749520276320838,1.0,0
0.232429718875502,0.872,1.0,0.2323526460494892,0.8749520276320838,1.0,0
0.3305722891566265,0.872,1.0,0.33039796102671126,0.8749520276320838,1.0,0
0.42846385542168675,0.872,1.0,0.4284432760039334,0.8749520276320838,1.0,0
0.5266064257028112,0.872,1.0,0.526502639025467,0.8749520276320838,1.0,0
0.6247489959839357,0.872,1.0,0.6245479540026891,0.8749520276320838,1.0,0
0.722640562248996,0.872,1.0,0.7225932689799113,0.8749520276320838,1.0,0
0.8207831325301205,0.872,1.0,0.8206385839571333,0.8749520276320838,1.0,0
0.9186746987951808,0.872,1.0,0.9186838989343553,0.8749520276320838,1.0,0
0.012801204819277101,0.872,1.0,0.012745589917517841,0.8749520276320838,1.0,0
0.1109437751004016,0.872,1.0,0.11079090489473992,0.8749520276320838,1.0,0
0.2088353413654619,0.872,1.0,0.20883621987196205,0.8749520276320838,1.0,0
0.3069779116465864,0.872,1.0,0.3068815348491841,0.8749520276320838,1.0,0
0.4051204819277109,0.872,1.0,0.40492684982640625,0.8749520276320838,1.0,0
0.5030120481927711,0.872,1.0,0.5029882197114129,0.8749520276320838,1.0,0
0.5971385542168675,0.872,1.0,0.5971101165987677,0.8749520276320838,1.0,0
0.695281124497992,0.872,1.0,0.6951554315759898,0.8749520276320838,1.0,0
0.7931726907630523,0.872,1.0,0.7932007465532119,0.8749520276320838,1.0,0
0.8913152610441768,0.872,1.0,0.8912460615304341,0.8749520276320838,1.0,0
0.9894578313253013,0.872,1.0,0.9892913765076561,0.8749520276320838,1.0,0
0.08333333333333337,0.872,1.0,0.08335306749081856,0.8749520276320838,1.0,0
0.18147590361445787,0.872,1.0,0.1813983824680407,0.8749520276320838,1.0,0
0.27961847389558236,0.872,1.0,0.27944369744526276,0.8749520276320838,1.0,0
0.3775100401606426,0.872,1.0,0.37748901242248484,0.8749520276320838,1.0,0
0.4756526104417671,0.872,1.0,0.4755343273997069,0.8749520276320838,1.0,0
0.5737951807228916,0.872,1.0,0.5735956972847136,0.8749520276320838,1.0,0
0.6716867469879518,0.872,1.0,0.6716410122619357,0.8749520276320838,1.0,0
0.7698293172690763,0.872,1.0,0.7696863272391579,0.8749520276320838,1.0,0
0.8677208835341366,0.872,1.0,0.8677316422163799,0.8749520276320838,1.0,0
0.9658634538152611,0.872,1.0,0.965776957193602,0.8749520276320838,1.0,0
0.059989959839357454,0.872,1.0,0.059838648176764486,0.8749520276320838,1.0,0
0.1578815261044177,0.872,1.0,0.15788396315398656,0.8749520276320838,1.0,0
0.2560240963855422,0.872,1.0,0.2559292781312087,0.8749520276320838,1.0,0
0.3541666666666667,0.872,1.0,0.3539745931084308,0.8749520276320838,1.0,0
0.4520582329317269,0.872,1.0,0.45201990808565284,0.8749520276320838,1.0,0
0.5502008032128515,0.872,1.0,0.5500792711071865,0.8749520276320838,1.0,0
0.6480923694779117,0.872,1.0,0.6481245860844086,0.8749520276320838,1.0,0
0.7462349397590362,0.872,1.0,0.7461699010616307,0.8749520276320838,1.0,0
0.8443775100401607,0.872,1.0,0.8442152160388527,0.8749520276320838,1.0,0
0.9422690763052209,0.872,1.0,0.942260531016075,0.8749520276320838,1.0,0
0.03639558232931728,0.872,1.0,0.03632222199923735,0.8749520276320838,1.0,0
0.13453815261044177,0.872,1.0,0.13436753697645948,0.8749520276320838,1.0,0
0.232429718875502,0.872,1.0,0.23241285195368155,0.8749520276320838,1.0,0
0.3305722891566265,0.872,1.0,0.33045816693090363,0.8749520276320838,1.0,0
0.42846385542168675,0.872,1.0,0.4285034819081257,0.8749520276320838,1.0,0
0.5266064257028112,0.872,1.0,0.5265648517931325,0.8749520276320838,1.0,0
0.6247489959839357,0.872,1.0,0.6246101667703545,0.8749520276320838,1.0,0
0.722640562248996,0.872,1.0,0.7226554817475767,0.8749520276320838,1.0,0
0.8207831325301205,0.872,1.0,0.8207007967247988,0.8749520276320838,1.0,0
0.918925702811245,0.872,1.0,0.9187461117020208,0.8749520276320838,1.0,0
0.012801204819277101,0.872,1.0,0.012807802685183278,0.8749520276320838,1.0,0
0.1109437751004016,0.872,1.0,0.11085311766240535,0.8749520276320838,1.0,0
0.2090863453815261,0.872,1.0,0.20889843263962748,0.8749520276320838,1.0,0
0.3069779116465864,0.872,1.0,0.30694374761684956,0.8749520276320838,1.0,0
0.4051204819277109,0.872,1.0,0.40498906259407164,0.8749520276320838,1.0,0
0.5030120481927711,0.872,1.0,0.5030484256156053,0.8749520276320838,1.0,0
0.5971385542168675,0.872,1.0,0.5971723293664332,0.8749520276320838,1.0,0
0.695281124497992,0.872,1.0,0.6952176443436553,0.8749520276320838,1.0,0
0.7934236947791165,0.872,1.0,0.7932629593208773,0.8749520276320838,1.0,0
0.8913152610441768,0.872,1.0,0.8913082742980993,0.8749520276320838,1.0,0
0.9894578313253013,0.872,1.0,0.9893535892753215,0.8749520276320838,1.0,0
0.08358433734939757,0.872,1.0,0.08341528025848394,0.8749520276320838,1.0,0
0.18147590361445787,0.872,1.0,0.181460595235706,0.8749520276320838,1.0,0
0.27961847389558236,0.872,1.0,0.27950591021292814,0.8749520276320838,1.0,0
0.3775100401606426,0.872,1.0,0.3775512251901503,0.8749520276320838,1.0,0
0.4756526104417671,0.872,1.0,0.47559654016737235,0.8749520276320838,1.0,0
0.5737951807228916,0.872,1.0,0.573655903188906,0.8749520276320838,1.0,0
0.6716867469879518,0.872,1.0,0.671701218166128,0.8749520276320838,1.0,0
0.7698293172690763,0.872,1.0,0.7697465331433502,0.8749520276320838,1.0,0
0.8679718875502008,0.872,1.0,0.8677918481205723,0.8749520276320838,1.0,0
0.9658634538152611,0.872,1.0,0.9658371630977944,0.8749520276320838,1.0,0
0.059989959839357454,0.872,1.0,0.059898854080956854,0.8749520276320838,1.0,0
0.1581325301204819,0.872,1.0,0.15794416905817893,0.8749520276320838,1.0,0
0.2560240963855422,0.872,1.0,0.255989484035401,0.8749520276320838,1.0,0
0.3541666666666667,0.872,1.0,0.35403479901262314,0.8749520276320838,1.0,0
0.4520582329317269,0.872,1.0,0.4520801139898452,0.8749520276320838,1.0,0
0.5502008032128515,0.872,1.0,0.550141483874852,0.8749520276320838,1.0,0
0.6483433734939759,0.872,1.0,0.648186798852074,0.8749520276320838,1.0,0
0.7462349397590362,0.872,1.0,0.7462321138292961,0.8749520276320838,1.0,0
0.8443775100401607,0.872,1.0,0.8442774288065182,0.8749520276320838,1.0,0
0.9425200803212852,0.872,1.0,0.9423227437837403,0.8749520276320838,1.0,0
0.03639558232931728,0.872,1.0,0.03638443476690273,0.8749520276320838,1.0,0
0.13453815261044177,0.872,1.0,0.1344297497441248,0.8749520276320838,1.0,0
0.232429718875502,0.872,1.0,0.23247506472134694,0.8749520276320838,1.0,0
0.3305722891566265,0.872,1.0,0.33052037969856907,0.8749520276320838,1.0,0
0.428714859437751,0.872,1.0,0.42856569467579114,0.8749520276320838,1.0,0
0.5266064257028112,0.872,1.0,0.5266250576973248,0.8749520276320838,1.0,0
0.6247489959839357,0.872,1.0,0.6246703726745468,0.8749520276320838,1.0,0
0.7228915662650602,0.872,1.0,0.722715687651769,0.8749520276320838,1.0,0
0.8207831325301205,0.872,1.0,0.8207610026289911,0.8749520276320838,1.0,0
0.918925702811245,0.872,1.0,0.9188063176062131,0.8749520276320838,1.0,0
0.013052208835341361,0.872,1.0,0.012868008589375646,0.8749520276320838,1.0,0
0.1109437751004016,0.872,1.0,0.11091332356659772,0.8749520276320838,1.0,0
0.2090863453815261,0.872,1.0,0.2089586385438198,0.8749520276320838,1.0,0
0.3069779116465864,0.872,1.0,0.30700395352104193,0.8749520276320838,1.0,0
0.4051204819277109,0.872,1.0,0.405049268498264,0.8749520276320838,1.0,0
0.5032630522088354,0.872,1.0,0.5031106383832707,0.8749520276320838,1.0,0
0.5973895582329317,0.872,1.0,0.5972345421340985,0.8749520276320838,1.0,0
0.695281124497992,0.872,1.0,0.6952798571113206,0.8749520276320838,1.0,0
0.7934236947791165,0.872,1.0,0.7933231652250696,0.8749520276320838,1.0,0
0.891566265060241,0.872,1.0,0.8913684802022918,0.8749520276320838,1.0,0
0.9894578313253013,0.872,1.0,0.9894137951795139,0.8749520276320838,1.0,0
0.08358433734939757,0.872,1.0,0.08347749302614937,0.8749520276320838,1.0,0
0.18147590361445787,0.872,1.0,0.18152280800337145,0.8749520276320838,1.0,0
0.27961847389558236,0.872,1.0,0.27956611611712046,0.8749520276320838,1.0,0
0.37776104417670686,0.872,1.0,0.3776114310943426,0.8749520276320838,1.0,0
0.4756526104417671,0.872,1.0,0.47565674607156466,0.8749520276320838,1.0,0
0.5737951807228916,0.872,1.0,0.5737181159565714,0.8749520276320838,1.0,0
0.6719377510040161,0.872,1.0,0.6717634309337935,0.8749520276320838,1.0,0
0.7698293172690763,0.872,1.0,0.7698087459110157,0.8749520276320838,1.0,0
0.8679718875502008,0.872,1.0,0.8678540608882377,0.8749520276320838,1.0,0
0.9661144578313253,0.872,1.0,0.9658993758654598,0.8749520276320838,1.0,0
0.059989959839357454,0.872,1.0,0.059961066848622235,0.8749520276320838,1.0,0
0.1581325301204819,0.872,1.0,0.15800638182584437,0.8749520276320838,1.0,0
0.2560240963855422,0.872,1.0,0.2560516968030664,0.8749520276320838,1.0,0
0.3541666666666667,0.872,1.0,0.3540970117802885,0.8749520276320838,1.0,0
0.4523092369477912,0.872,1.0,0.45214232675751065,0.8749520276320838,1.0,0
0.5502008032128515,0.872,1.0,0.5502016897790443,0.8749520276320838,1.0,0
0.6483433734939759,0.872,1.0,0.6482470047562664,0.8749520276320838,1.0,0
0.7464859437751005,0.872,1.0,0.7462923197334885,0.8749520276320838,1.0,0
0.8443775100401607,0.872,1.0,0.8443376347107105,0.8749520276320838,1.0,0
0.9425200803212852,0.872,1.0,0.9423829496879327,0.8749520276320838,1.0,0
0.03639558232931728,0.872,1.0,0.036444640671095097,0.8749520276320838,1.0,0
0.13453815261044177,0.872,1.0,0.13448995564831717,0.8749520276320838,1.0,0
0.23268072289156627,0.872,1.0,0.2325352706255393,0.8749520276320838,1.0,0
0.3305722891566265,0.872,1.0,0.3305805856027614,0.8749520276320838,1.0,0
0.428714859437751,0.872,1.0,0.4286259005799835,0.8749520276320838,1.0,0
0.5268574297188755,0.872,1.0,0.5266872704649902,0.8749520276320838,1.0,0
0.6247489959839357,0.872,1.0,0.6247325854422123,0.8749520276320838,1.0,0
0.7228915662650602,0.872,1.0,0.7227779004194343,0.8749520276320838,1.0,0
0.8210341365461847,0.872,1.0,0.8208232153966566,0.8749520276320838,1.0,0
0.918925702811245,0.872,1.0,0.9188685303738786,0.8749520276320838,1.0,0
0.013052208835341361,0.872,1.0,0.012930221357041083,0.8749520276320838,1.0,0
0.1109437751004016,0.872,1.0,0.11097553633426316,0.8749520276320838,1.0,0
0.2090863453815261,0.872,1.0,0.20902085131148523,0.8749520276320838,1.0,0
0.30722891566265065,0.872,1.0,0.3070661662887073,0.8749520276320838,1.0,0
0.4051204819277109,0.872,1.0,0.40511148126592944,0.8749520276320838,1.0,0
0.5032630522088354,0.872,1.0,0.5031708442874631,0.8749520276320838,1.0,0
0.5973895582329317,0.872,1.0,0.5972947480382909,0.8749520276320838,1.0,0
0.6955321285140563,0.872,1.0,0.695340063015513,0.8749520276320838,1.0,0
0.7934236947791165,0.872,1.0,0.7933853779927351,0.8749520276320838,1.0,0
0.891566265060241,0.872,1.0,0.8914306929699571,0.8749520276320838,1.0,0
0.9894578313253013,0.872,1.0,0.9894760079471793,0.8749520276320838,1.0,0
0.08358433734939757,0.872,1.0,0.08353769893034174,0.8749520276320838,1.0,0
0.18172690763052207,0.872,1.0,0.18158301390756382,0.8749520276320838,1.0,0
0.27961847389558236,0.872,1.0,0.27962832888478595,0.8749520276320838,1.0,0
0.37776104417670686,0.872,1.0,0.377673643862008,0.8749520276320838,1.0,0
0.47590361445783136,0.872,1.0,0.4757189588392301,0.8749520276320838,1.0,0
0.5737951807228916,0.872,1.0,0.5737803287242368,0.8749520276320838,1.0,0
0.6719377510040161,0.872,1.0,0.6718236368379858,0.8749520276320838,1.0,0
0.7700803212851406,0.872,1.0,0.769868951815208,0.8749520276320838,1.0,0
0.8679718875502008,0.872,1.0,0.86791426679243,0.8749520276320838,1.0,0
0.9661144578313253,0.872,1.0,0.9659595817696521,0.8749520276320838,1.0,0
0.059989959839357454,0.872,1.0,0.06002327961628762,0.8749520276320838,1.0,0
0.1581325301204819,0.872,1.0,0.15806658773003668,0.8749520276320838,1.0,0
0.25627510040160645,0.872,1.0,0.25611190270725875,0.8749520276320838,1.0,0
0.3541666666666667,0.872,1.0,0.35415721768448083,0.8749520276320838,1.0,0
0.4523092369477912,0.872,1.0,0.45220253266170296,0.8749520276320838,1.0,0
0.5504518072289157,0.872,1.0,0.5502639025467096,0.8749520276320838,1.0,0
0.6483433734939759,0.872,1.0,0.6483092175239318,0.8749520276320838,1.0,0
0.7464859437751005,0.872,1.0,0.7463545325011538,0.8749520276320838,1.0,0
0.8443775100401607,0.872,1.0,0.844399847478376,0.8749520276320838,1.0,0
0.9425200803212852,0.872,1.0,0.9424451624555981,0.8749520276320838,1.0,0
0.03664658634538148,0.872,1.0,0.036506853438760534,0.8749520276320838,1.0,0
0.13453815261044177,0.872,1.0,0.1345521684159826,0.8749520276320838,1.0,0
0.23268072289156627,0.872,1.0,0.23259748339320474,0.8749520276320838,1.0,0
0.33082329317269077,0.872,1.0,0.33064279837042676,0.8749520276320838,1.0,0
0.428714859437751,0.872,1.0,0.4286881133476489,0.8749520276320838,1.0,0
0.5268574297188755,0.872,1.0,0.5267474763691825,0.8749520276320838,1.0,0
0.625,0.872,1.0,0.6247927913464046,0.8749520276320838,1.0,0
0.7228915662650602,0.872,1.0,0.7228381063236267,0.8749520276320838,1.0,0
0.8210341365461847,0.872,1.0,0.8208834213008489,0.8749520276320838,1.0,0
0.918925702811245,0.872,1.0,0.9189287362780709,0.8749520276320838,1.0,0
0.013052208835341361,0.872,1.0,0.012990427261233395,0.8749520276320838,1.0,0
0.11119477911646586,0.872,1.0,0.11103574223845547,0.8749520276320838,1.0,0
0.2090863453815261,0.872,1.0,0.20908105721567755,0.8749520276320838,1.0,0
0.30722891566265065,0.872,1.0,0.3071263721928996,0.8749520276320838,1.0,0
0.40537148594377514,0.872,1.0,0.40517168717012175,0.8749520276320838,1.0,0
0.5032630522088354,0.872,1.0,0.5032330570551284,0.8749520276320838,1.0,0
0.5973895582329317,0.872,1.0,0.5973569608059563,0.8749520276320838,1.0,0
0.6955321285140563,0.872,1.0,0.6954022757831784,0.8749520276320838,1.0,0
0.7934236947791165,0.872,1.0,0.7934475907604005,0.8749520276320838,1.0,0
0.891566265060241,0.872,1.0,0.8914929057376226,0.8749520276320838,1.0,0
0.9897088353413654,0.872,1.0,0.9895362138513716,0.8749520276320838,1.0,0
0.08358433734939757,0.872,1.0,0.08359991169800718,0.8749520276320838,1.0,0
0.18172690763052207,0.872,1.0,0.18164522667522925,0.8749520276320838,1.0,0
0.2798694779116466,0.872,1.0,0.27969054165245133,0.8749520276320838,1.0,0
0.37776104417670686,0.872,1.0,0.3777358566296734,0.8749520276320838,1.0,0
0.47590361445783136,0.872,1.0,0.4757791647434224,0.8749520276320838,1.0,0
0.5737951807228916,0.872,1.0,0.5738405346284292,0.8749520276320838,1.0,0
0.6719377510040161,0.872,1.0,0.6718858496056512,0.8749520276320838,1.0,0
0.7700803212851406,0.872,1.0,0.7699311645828734,0.8749520276320838,1.0,0
0.8679718875502008,0.872,1.0,0.8679764795600955,0.8749520276320838,1.0,0
0.9661144578313253,0.872,1.0,0.9660217945373175,0.8749520276320838,1.0,0
0.060240963855421714,0.872,1.0,0.060083485520479984,0.8749520276320838,1.0,0
0.1581325301204819,0.872,1.0,0.15812880049770212,0.8749520276320838,1.0,0
0.25627510040160645,0.872,1.0,0.2561741154749242,0.8749520276320838,1.0,0
0.3541666666666667,0.872,1.0,0.3542194304521463,0.8749520276320838,1.0,0
0.4523092369477912,0.872,1.0,0.4522647454293684,0.8749520276320838,1.0,0
0.5504518072289157,0.872,1.0,0.5503261153143751,0.8749520276320838,1.0,0
0.6483433734939759,0.872,1.0,0.6483694234281241,0.8749520276320838,1.0,0
0.7464859437751005,0.872,1.0,0.7464147384053462,0.8749520276320838,1.0,0
0.844628514056225,0.872,1.0,0.8444600533825684,0.8749520276320838,1.0,0
0.9425200803212852,0.872,1.0,0.9425053683597904,0.8749520276320838,1.0,0
0.03664658634538148,0.872,1.0,0.03656906620642597,0.8749520276320838,1.0,0
0.13478915662650603,0.872,1.0,0.13461237432017492,0.8749520276320838,1.0,0
0.23268072289156627,0.872,1.0,0.23265768929739705,0.8749520276320838,1.0,0
0.33082329317269077,0.872,1.0,0.33070300427461913,0.8749520276320838,1.0,0
0.428714859437751,0.872,1.0,0.4287483192518412,0.8749520276320838,1.0,0
0.5268574297188755,0.872,1.0,0.526809689136848,0.8749520276320838,1.0,0
0.625,0.872,1.0,0.62485500411407,0.8749520276320838,1.0,0
0.7228915662650602,0.872,1.0,0.7229003190912922,0.8749520276320838,1.0,0
0.8210341365461847,0.872,1.0,0.8209456340685142,0.8749520276320838,1.0,0
0.9191767068273093,0.872,1.0,0.9189909490457364,0.8749520276320838,1.0,0
0.013052208835341361,0.872,1.0,0.013052640028898777,0.8749520276320838,1.0,0
0.11119477911646586,0.872,1.0,0.11109795500612091,0.8749520276320838,1.0,0
0.2090863453815261,0.872,1.0,0.20914326998334298,0.8749520276320838,1.0,0
0.30722891566265065,0.872,1.0,0.3071885849605651,0.8749520276320838,1.0,0
0.40537148594377514,0.872,1.0,0.4052338999377872,0.8749520276320838,1.0,0
0.5032630522088354,0.872,1.0,0.5032932629593209,0.8749520276320838,1.0,0
0.5973895582329317,0.872,1.0,0.5974171667101487,0.8749520276320838,1.0,0
0.6955321285140563,0.872,1.0,0.6954624816873707,0.8749520276320838,1.0,0
0.7936746987951808,0.872,1.0,0.7935077966645928,0.8749520276320838,1.0,0
0.891566265060241,0.872,1.0,0.8915531116418149,0.8749520276320838,1.0,0
0.9897088353413654,0.872,1.0,0.989598426619037,0.8749520276320838,1.0,0
0.08383534136546189,0.872,1.0,0.08366011760219949,0.8749520276320838,1.0,0
0.18172690763052207,0.872,1.0,0.18170543257942157,0.8749520276320838,1.0,0
0.2798694779116466,0.872,1.0,0.27975074755664364,0.8749520276320838,1.0,0
0.37776104417670686,0.872,1.0,0.3777960625338658,0.8749520276320838,1.0,0
0.47590361445783136,0.872,1.0,0.47584137751108785,0.8749520276320838,1.0,0
0.5740461847389559,0.872,1.0,0.5739027473960946,0.8749520276320838,1.0,0
0.6719377510040161,0.872,1.0,0.6719480623733167,0.8749520276320838,1.0,0
0.7700803212851406,0.872,1.0,0.7699933773505387,0.8749520276320838,1.0,0
0.8682228915662651,0.872,1.0,0.8680366854642878,0.8749520276320838,1.0,0
0.9661144578313253,0.872,1.0,0.9660820004415098,0.8749520276320838,1.0,0
0.060240963855421714,0.872,1.0,0.06014569828814542,0.8749520276320838,1.0,0
0.1581325301204819,0.872,1.0,0.1581910132653675,0.8749520276320838,1.0,0
0.25627510040160645,0.872,1.0,0.2562363282425896,0.8749520276320838,1.0,0
0.35441767068273095,0.872,1.0,0.35427963635633863,0.8749520276320838,1.0,0
0.4523092369477912,0.872,1.0,0.4523249513335607,0.8749520276320838,1.0,0
0.5504518072289157,0.872,1.0,0.5503863212185675,0.8749520276320838,1.0,0
0.6485943775100402,0.872,1.0,0.6484316361957896,0.8749520276320838,1.0,0
0.7464859437751005,0.872,1.0,0.7464769511730116,0.8749520276320838,1.0,0
0.844628514056225,0.872,1.0,0.8445222661502337,0.8749520276320838,1.0,0
0.9427710843373495,0.872,1.0,0.9425675811274559,0.8749520276320838,1.0,0
0.03664658634538148,0.872,1.0,0.03662927211061828,0.8749520276320838,1.0,0
0.13478915662650603,0.872,1.0,0.13467458708784036,0.8749520276320838,1.0,0
0.23268072289156627,0.872,1.0,0.23271990206506243,0.8749520276320838,1.0,0
0.33082329317269077,0.872,1.0,0.33076521704228456,0.8749520276320838,1.0,0
0.42896586345381527,0.872,1.0,0.42881053201950664,0.8749520276320838,1.0,0
0.5268574297188755,0.872,1.0,0.5268698950410403,0.8749520276320838,1.0,0
0.625,0.872,1.0,0.6249152100182623,0.8749520276320838,1.0,0
0.7231425702811245,0.872,1.0,0.7229605249954845,0.8749520276320838,1.0,0
0.8210341365461847,0.872,1.0,0.8210058399727065,0.8749520276320838,1.0,0
0.9191767068273093,0.872,1.0,0.9190511549499287,0.8749520276320838,1.0,0
0.013052208835341361,0.872,1.0,0.013112845933091088,0.8749520276320838,1.0,0
0.11119477911646586,0.872,1.0,0.11115816091031322,0.8749520276320838,1.0,0
0.2093373493975904,0.872,1.0,0.2092034758875353,0.8749520276320838,1.0,0
0.8629518072289157,1.0,1.0,0.862812819843866,0.9999999999999999,1.0,1
0.960843373493976,1.0,1.0,0.9608581348210881,0.9999999999999999,1.0,1
0.05496987951807231,1.0,1.0,0.05492183266772355,0.9999999999999999,1.0,1
0.1531124497991968,1.0,1.0,0.15296714764494568,0.9999999999999999,1.0,1
0.25100401606425704,1.0,1.0,0.2510104557586947,0.9999999999999999,1.0,1
0.34914658634538154,1.0,1.0,0.34905577073591676,0.9999999999999999,1.0,1
0.44728915662650603,1.0,1.0,0.4471010857131389,0.9999999999999999,1.0,1
0.5451807228915663,1.0,1.0,0.5451624555981456,0.9999999999999999,1.0,1
0.6433232931726908,1.0,1.0,0.6432077705753677,0.9999999999999999,1.0,1
0.741214859437751,1.0,1.0,0.7412530855525898,0.9999999999999999,1.0,1
0.8393574297188755,1.0,1.0,0.8392984005298119,0.9999999999999999,1.0,1
0.9375,1.0,1.0,0.9373437155070339,0.9999999999999999,1.0,1
0.03137550200803213,1.0,1.0,0.03140540649019641,0.9999999999999999,1.0,1
0.12951807228915663,1.0,1.0,0.12945072146741848,0.9999999999999999,1.0,1
0.22766064257028112,1.0,1.0,0.22749603644464061,0.9999999999999999,1.0,1
0.3255522088353414,1.0,1.0,0.3255413514218627,0.9999999999999999,1.0,1
0.4236947791164659,1.0,1.0,0.4235866663990848,0.9999999999999999,1.0,1
0.5218373493975904,1.0,1.0,0.5216460294206184,0.9999999999999999,1.0,1
0.6159638554216867,1.0,1.0,0.6157699331714462,0.9999999999999999,1.0,1
0.713855421686747,1.0,1.0,0.7138152481486684,0.9999999999999999,1.0,1
0.8119979919678715,1.0,1.0,0.8118605631258905,0.9999999999999999,1.0,1
0.9098895582329318,1.0,1.0,0.9099058781031126,0.9999999999999999,1.0,1
0.004016064257028107,1.0,1.0,0.003967569086275047,0.9999999999999999,1.0,1
0.1021586345381526,1.0,1.0,0.10201288406349712,0.9999999999999999,1.0,1
0.20005020080321284,1.0,1.0,0.20005819904071925,0.9999999999999999,1.0,1
0.29819277108433734,1.0,1.0,0.29810351401794133,0.9999999999999999,1.0,1
0.3963353413654619,1.0,1.0,0.3961488289951634,0.9999999999999999,1.0,1
0.4942269076305221,1.0,1.0,0.4941941439723855,0.9999999999999999,1.0,1
0.5923694779116466,1.0,1.0,0.5922555138573922,0.9999999999999999,1.0,1
0.6902610441767069,1.0,1.0,0.6903008288346143,0.9999999999999999,1.0,1
0.7884036144578314,1.0,1.0,0.7883461438118364,0.9999999999999999,1.0,1
0.8865461847389559,1.0,1.0,0.8863914587890585,0.9999999999999999,1.0,1
0.9844377510040161,1.0,1.0,0.9844347669028075,0.9999999999999999,1.0,1
0.07856425702811243,1.0,1.0,0.07849846474944305,0.9999999999999999,1.0,1
0.17670682730923692,1.0,1.0,0.17654377972666513,0.9999999999999999,1.0,1
0.27459839357429716,1.0,1.0,0.27458909470388726,0.9999999999999999,1.0,1
0.3727409638554217,1.0,1.0,0.3726344096811093,0.9999999999999999,1.0,1
0.47063253012048195,1.0,1.0,0.47067771779485834,0.9999999999999999,1.0,1
0.5687751004016065,1.0,1.0,0.568739087679865,0.9999999999999999,1.0,1
0.666917670682731,1.0,1.0,0.6667844026570872,0.9999999999999999,1.0,1
0.7648092369477912,1.0,1.0,0.7648297176343093,0.9999999999999999,1.0,1
0.8629518072289157,1.0,1.0,0.8628750326115313,0.9999999999999999,1.0,1
0.9610943775100402,1.0,1.0,0.9609203475887536,0.9999999999999999,1.0,1
0.05496987951807231,1.0,1.0,0.05498203857191586,0.9999999999999999,1.0,1
0.1531124497991968,1.0,1.0,0.153027353549138,0.9999999999999999,1.0,1
0.2512550200803213,1.0,1.0,0.2510726685263601,0.9999999999999999,1.0,1
0.34914658634538154,1.0,1.0,0.3491179835035822,0.9999999999999999,1.0,1
0.44728915662650603,1.0,1.0,0.44716329848080427,0.9999999999999999,1.0,1
0.5451807228915663,1.0,1.0,0.545224668365811,0.9999999999999999,1.0,1
0.6433232931726908,1.0,1.0,0.64326797647956,0.9999999999999999,1.0,1
0.7414658634538153,1.0,1.0,0.7413132914567822,0.9999999999999999,1.0,1
0.8393574297188755,1.0,1.0,0.8393586064340042,0.9999999999999999,1.0,1
0.9375,1.0,1.0,0.9374039214112263,0.9999999999999999,1.0,1
0.031626506024096335,1.0,1.0,0.031467619257861845,0.9999999999999999,1.0,1
0.12951807228915663,1.0,1.0,0.12951092737161085,0.9999999999999999,1.0,1
0.22766064257028112,1.0,1.0,0.22755624234883298,0.9999999999999999,1.0,1
0.3255522088353414,1.0,1.0,0.32560155732605506,0.9999999999999999,1.0,1
0.4236947791164659,1.0,1.0,0.42364687230327713,0.9999999999999999,1.0,1
0.5218373493975904,1.0,1.0,0.5217082421882838,0.9999999999999999,1.0,1
0.6159638554216867,1.0,1.0,0.6158321459391117,0.9999999999999999,1.0,1
0.713855421686747,1.0,1.0,0.7138774609163339,0.9999999999999999,1.0,1
0.8119979919678715,1.0,1.0,0.8119227758935559,0.9999999999999999,1.0,1
0.910140562248996,1.0,1.0,0.9099680908707779,0.9999999999999999,1.0,1
0.004016064257028107,1.0,1.0,0.004029781853940428,0.9999999999999999,1.0,1
0.1021586345381526,1.0,1.0,0.1020750968311625,0.9999999999999999,1.0,1
0.20030120481927716,1.0,1.0,0.20012041180838458,0.9999999999999999,1.0,1
0.29819277108433734,1.0,1.0,0.2981657267856067,0.9999999999999999,1.0,1
0.3963353413654619,1.0,1.0,0.39621104176282884,0.9999999999999999,1.0,1
0.4942269076305221,1.0,1.0,0.4942563567400509,0.9999999999999999,1.0,1
0.5923694779116466,1.0,1.0,0.5923157197615846,0.9999999999999999,1.0,1
0.6905120481927711,1.0,1.0,0.6903610347388066,0.9999999999999999,1.0,1
0.7884036144578314,1.0,1.0,0.7884063497160287,0.9999999999999999,1.0,1
0.8865461847389559,1.0,1.0,0.8864516646932509,0.9999999999999999,1.0,1
0.9846887550200805,1.0,1.0,0.984496979670473,0.9999999999999999,1.0,1
0.07856425702811243,1.0,1.0,0.07855867065363542,0.9999999999999999,1.0,1
0.17670682730923692,1.0,1.0,0.1766039856308575,0.9999999999999999,1.0,1
0.27459839357429716,1.0,1.0,0.27464930060807957,0.9999999999999999,1.0,1
0.3727409638554217,1.0,1.0,0.37269461558530165,0.9999999999999999,1.0,1
0.4708835341365462,1.0,1.0,0.4707399305625238,0.9999999999999999,1.0,1
0.5687751004016065,1.0,1.0,0.5688013004475305,0.9999999999999999,1.0,1
0.666917670682731,1.0,1.0,0.6668466154247525,0.9999999999999999,1.0,1
0.7650602409638555,1.0,1.0,0.7648919304019747,0.9999999999999999,1.0,1
0.8629518072289157,1.0,1.0,0.8629352385157236,0.9999999999999999,1.0,1
0.9610943775100402,1.0,1.0,0.9609805534929459,0.9999999999999999,1.0,1
0.05522088353413657,1.0,1.0,0.055044251339581296,0.9999999999999999,1.0,1
0.1531124497991968,1.0,1.0,0.15308956631680337,0.9999999999999999,1.0,1
0.2512550200803213,1.0,1.0,0.2511348812940255,0.9999999999999999,1.0,1
0.34914658634538154,1.0,1.0,0.34917818940777456,0.9999999999999999,1.0,1
0.44728915662650603,1.0,1.0,0.44722350438499664,0.9999999999999999,1.0,1
0.5454317269076305,1.0,1.0,0.5452848742700034,0.9999999999999999,1.0,1
0.6433232931726908,1.0,1.0,0.6433301892472254,0.9999999999999999,1.0,1
0.7414658634538153,1.0,1.0,0.7413755042244475,0.9999999999999999,1.0,1
0.8396084337349399,1.0,1.0,0.8394208192016697,0.9999999999999999,1.0,1
0.9375,1.0,1.0,0.9374661341788917,0.9999999999999999,1.0,1
0.031626506024096335,1.0,1.0,0.03152782516205421,0.9999999999999999,1.0,1
0.12951807228915663,1.0,1.0,0.1295731401392763,0.9999999999999999,1.0,1
0.22766064257028112,1.0,1.0,0.22761845511649836,0.9999999999999999,1.0,1
0.3258032128514057,1.0,1.0,0.3256637700937205,0.9999999999999999,1.0,1
0.4236947791164659,1.0,1.0,0.42370908507094257,0.9999999999999999,1.0,1
0.5218373493975904,1.0,1.0,0.5217684480924762,0.9999999999999999,1.0,1
0.6159638554216867,1.0,1.0,0.615892351843304,0.9999999999999999,1.0,1
0.7141064257028112,1.0,1.0,0.7139376668205262,0.9999999999999999,1.0,1
0.8119979919678715,1.0,1.0,0.8119829817977482,0.9999999999999999,1.0,1
0.910140562248996,1.0,1.0,0.9100282967749703,0.9999999999999999,1.0,1
0.004267068273092367,1.0,1.0,0.004089987758132796,0.9999999999999999,1.0,1
0.1021586345381526,1.0,1.0,0.10213530273535487,0.9999999999999999,1.0,1
0.20030120481927716,1.0,1.0,0.20018061771257695,0.9999999999999999,1.0,1
0.29819277108433734,1.0,1.0,0.298225932689799,0.9999999999999999,1.0,1
0.3963353413654619,1.0,1.0,0.39627124766702115,0.9999999999999999,1.0,1
0.4944779116465864,1.0,1.0,0.49431656264424323,0.9999999999999999,1.0,1
0.5923694779116466,1.0,1.0,0.59237793252925,0.9999999999999999,1.0,1
0.6905120481927711,1.0,1.0,0.6904232475064721,0.9999999999999999,1.0,1
0.7886546184738956,1.0,1.0,0.7884685624836942,0.9999999999999999,1.0,1
0.8865461847389559,1.0,1.0,0.8865138774609163,0.9999999999999999,1.0,1
0.9846887550200805,1.0,1.0,0.9845591924381384,0.9999999999999999,1.0,1
0.07856425702811243,1.0,1.0,0.07862088342130075,0.9999999999999999,1.0,1
0.17670682730923692,1.0,1.0,0.17666619839852293,0.9999999999999999,1.0,1
0.2748493975903614,1.0,1.0,0.27471151337574495,0.9999999999999999,1.0,1
0.3727409638554217,1.0,1.0,0.3727568283529671,0.9999999999999999,1.0,1
0.4708835341365462,1.0,1.0,0.47080214333018916,0.9999999999999999,1.0,1
0.5690261044176708,1.0,1.0,0.5688615063517228,0.9999999999999999,1.0,1
0.666917670682731,1.0,1.0,0.666906821328945,0.9999999999999999,1.0,1
0.7650602409638555,1.0,1.0,0.7649521363061671,0.9999999999999999,1.0,1
0.86320281124498,1.0,1.0,0.8629974512833891,0.9999999999999999,1.0,1
0.9610943775100402,1.0,1.0,0.9610427662606111,0.9999999999999999,1.0,1
0.05522088353413657,1.0,1.0,0.055104457243773663,0.9999999999999999,1.0,1
0.1531124497991968,1.0,1.0,0.15314977222099574,0.9999999999999999,1.0,1
0.2512550200803213,1.0,1.0,0.25119508719821787,0.9999999999999999,1.0,1
0.3493975903614458,1.0,1.0,0.34924040217543995,0.9999999999999999,1.0,1
0.44728915662650603,1.0,1.0,0.447285717152662,0.9999999999999999,1.0,1
0.5454317269076305,1.0,1.0,0.5453470870376688,0.9999999999999999,1.0,1
0.643574297188755,1.0,1.0,0.6433924020148909,0.9999999999999999,1.0,1
0.7414658634538153,1.0,1.0,0.7414377169921129,0.9999999999999999,1.0,1
0.8396084337349399,1.0,1.0,0.839481025105862,0.9999999999999999,1.0,1
0.9375,1.0,1.0,0.937526340083084,0.9999999999999999,1.0,1
0.031626506024096335,1.0,1.0,0.03159003792971954,0.9999999999999999,1.0,1
0.1297690763052209,1.0,1.0,0.12963535290694167,0.9999999999999999,1.0,1
0.22766064257028112,1.0,1.0,0.22768066788416375,0.9999999999999999,1.0,1
0.3258032128514057,1.0,1.0,0.3257239759979128,0.9999999999999999,1.0,1
0.4239457831325302,1.0,1.0,0.4237692909751349,0.9999999999999999,1.0,1
0.5218373493975904,1.0,1.0,0.5218306608601416,0.9999999999999999,1.0,1
0.6159638554216867,1.0,1.0,0.6159545646109694,0.9999999999999999,1.0,1
0.7141064257028112,1.0,1.0,0.7139998795881916,0.9999999999999999,1.0,1
0.8122489959839359,1.0,1.0,0.8120451945654137,0.9999999999999999,1.0,1
0.910140562248996,1.0,1.0,0.9100905095426357,0.9999999999999999,1.0,1
0.004267068273092367,1.0,1.0,0.0041522005257981776,0.9999999999999999,1.0,1
0.1021586345381526,1.0,1.0,0.10219751550302031,0.9999999999999999,1.0,1
0.20030120481927716,1.0,1.0,0.20024283048024238,0.9999999999999999,1.0,1
0.2984437751004016,1.0,1.0,0.29828814545746446,0.9999999999999999,1.0,1
0.3963353413654619,1.0,1.0,0.39633346043468654,0.9999999999999999,1.0,1
0.4944779116465864,1.0,1.0,0.49437877541190867,0.9999999999999999,1.0,1
0.5926204819277109,1.0,1.0,0.5924381384334423,0.9999999999999999,1.0,1
0.6905120481927711,1.0,1.0,0.6904834534106644,0.9999999999999999,1.0,1
0.7886546184738956,1.0,1.0,0.7885287683878865,0.9999999999999999,1.0,1
0.8865461847389559,1.0,1.0,0.8865740833651086,0.9999999999999999,1.0,1
0.9846887550200805,1.0,1.0,0.9846193983423307,0.9999999999999999,1.0,1
0.07881526104417674,1.0,1.0,0.07868108932549311,0.9999999999999999,1.0,1
0.17670682730923692,1.0,1.0,0.17672640430271525,0.9999999999999999,1.0,1
0.2748493975903614,1.0,1.0,0.2747717192799373,0.9999999999999999,1.0,1
0.3729919678714859,1.0,1.0,0.3728170342571594,0.9999999999999999,1.0,1
0.4708835341365462,1.0,1.0,0.4708623492343815,0.9999999999999999,1.0,1
0.5690261044176708,1.0,1.0,0.5689237191193882,0.9999999999999999,1.0,1
0.6671686746987953,1.0,1.0,0.6669690340966103,0.9999999999999999,1.0,1
0.7650602409638555,1.0,1.0,0.7650143490738325,0.9999999999999999,1.0,1
0.86320281124498,1.0,1.0,0.8630596640510546,0.9999999999999999,1.0,1
0.9610943775100402,1.0,1.0,0.9611049790282766,0.9999999999999999,1.0,1
0.05522088353413657,1.0,1.0,0.0551666700114391,0.9999999999999999,1.0,1
0.15336345381526106,1.0,1.0,0.15321198498866118,0.9999999999999999,1.0,1
0.2512550200803213,1.0,1.0,0.25125729996588325,0.9999999999999999,1.0,1
0.3493975903614458,1.0,1.0,0.3493026149431053,0.9999999999999999,1.0,1
0.4475401606425703,1.0,1.0,0.44734792992032746,0.9999999999999999,1.0,1
0.5454317269076305,1.0,1.0,0.5454072929418611,0.9999999999999999,1.0,1
0.643574297188755,1.0,1.0,0.6434526079190832,0.9999999999999999,1.0,1
0.7414658634538153,1.0,1.0,0.7414979228963052,0.9999999999999999,1.0,1
0.8396084337349399,1.0,1.0,0.8395432378735275,0.9999999999999999,1.0,1
0.9377510040160644,1.0,1.0,0.9375885528507495,0.9999999999999999,1.0,1
0.031626506024096335,1.0,1.0,0.031650243833911906,0.9999999999999999,1.0,1
0.1297690763052209,1.0,1.0,0.12969555881113404,0.9999999999999999,1.0,1
0.22791164658634538,1.0,1.0,0.2277408737883561,0.9999999999999999,1.0,1
0.3258032128514057,1.0,1.0,0.3257861887655782,0.9999999999999999,1.0,1
0.4239457831325302,1.0,1.0,0.4238315037428003,0.9999999999999999,1.0,1
0.5220883534136547,1.0,1.0,0.521892873627807,0.9999999999999999,1.0,1
0.616214859437751,1.0,1.0,0.6160147705151617,0.9999999999999999,1.0,1
0.7141064257028112,1.0,1.0,0.7140600854923839,0.9999999999999999,1.0,1
0.8122489959839359,1.0,1.0,0.812105400469606,0.9999999999999999,1.0,1
0.910140562248996,1.0,1.0,0.910150715446828,0.9999999999999999,1.0,1
0.004267068273092367,1.0,1.0,0.0042124064299904895,0.9999999999999999,1.0,1
0.10240963855421686,1.0,1.0,0.10225772140721262,0.9999999999999999,1.0,1
0.20030120481927716,1.0,1.0,0.2003030363844347,0.9999999999999999,1.0,1
0.2984437751004016,1.0,1.0,0.2983483513616568,0.9999999999999999,1.0,1
0.39658634538152615,1.0,1.0,0.3963936663388789,0.9999999999999999,1.0,1
0.4944779116465864,1.0,1.0,0.494438981316101,0.9999999999999999,1.0,1
0.5926204819277109,1.0,1.0,0.5925003512011078,0.9999999999999999,1.0,1
0.6905120481927711,1.0,1.0,0.6905456661783298,0.9999999999999999,1.0,1
0.7886546184738956,1.0,1.0,0.7885909811555519,0.9999999999999999,1.0,1
0.8867971887550201,1.0,1.0,0.8866362961327741,0.9999999999999999,1.0,1
0.9846887550200805,1.0,1.0,0.9846816111099961,0.9999999999999999,1.0,1
0.07881526104417674,1.0,1.0,0.07874330209315855,0.9999999999999999,1.0,1
0.17695783132530124,1.0,1.0,0.17678861707038068,0.9999999999999999,1.0,1
0.2748493975903614,1.0,1.0,0.27483393204760276,0.9999999999999999,1.0,1
0.3729919678714859,1.0,1.0,0.37287924702482483,0.9999999999999999,1.0,1
0.4708835341365462,1.0,1.0,0.4709245620020469,0.9999999999999999,1.0,1
0.5690261044176708,1.0,1.0,0.5689839250235805,0.9999999999999999,1.0,1
0.6671686746987953,1.0,1.0,0.6670292400008027,0.9999999999999999,1.0,1
0.7650602409638555,1.0,1.0,0.7650745549780248,0.9999999999999999,1.0,1
0.86320281124498,1.0,1.0,0.8631198699552469,0.9999999999999999,1.0,1
0.9613453815261045,1.0,1.0,0.9611651849324689,0.9999999999999999,1.0,1
0.05522088353413657,1.0,1.0,0.05522687591563141,0.9999999999999999,1.0,1
0.15336345381526106,1.0,1.0,0.1532721908928535,0.9999999999999999,1.0,1
0.25150602409638556,1.0,1.0,0.2513175058700756,0.9999999999999999,1.0,1
0.3493975903614458,1.0,1.0,0.3493628208472977,0.9999999999999999,1.0,1
0.4475401606425703,1.0,1.0,0.44740813582451977,0.9999999999999999,1.0,1
0.5454317269076305,1.0,1.0,0.5454695057095265,0.9999999999999999,1.0,1
0.643574297188755,1.0,1.0,0.6435148206867486,0.9999999999999999,1.0,1
0.7417168674698795,1.0,1.0,0.7415601356639707,0.9999999999999999,1.0,1
0.8396084337349399,1.0,1.0,0.8396054506411927,0.9999999999999999,1.0,1
0.9377510040160644,1.0,1.0,0.937650765618415,0.9999999999999999,1.0,1
0.03187751004016065,1.0,1.0,0.031712456601577343,0.9999999999999999,1.0,1
0.1297690763052209,1.0,1.0,0.12975777157879947,0.9999999999999999,1.0,1
0.22791164658634538,1.0,1.0,0.22780308655602155,0.9999999999999999,1.0,1
0.3258032128514057,1.0,1.0,0.3258484015332437,0.9999999999999999,1.0,1
0.4239457831325302,1.0,1.0,0.4238937165104657,0.9999999999999999,1.0,1
0.5220883534136547,1.0,1.0,0.5219530795319993,0.9999999999999999,1.0,1
0.616214859437751,1.0,1.0,0.6160769832828272,0.9999999999999999,1.0,1
0.7141064257028112,1.0,1.0,0.7141222982600492,0.9999999999999999,1.0,1
0.8122489959839359,1.0,1.0,0.8121676132372714,0.9999999999999999,1.0,1
0.9103915662650603,1.0,1.0,0.9102129282144935,0.9999999999999999,1.0,1
0.004267068273092367,1.0,1.0,0.004274619197655927,0.9999999999999999,1.0,1
0.10240963855421686,1.0,1.0,0.102319934174878,0.9999999999999999,1.0,1
0.20055220883534136,1.0,1.0,0.20036524915210013,0.9999999999999999,1.0,1
0.2984437751004016,1.0,1.0,0.2984105641293222,0.9999999999999999,1.0,1
0.39658634538152615,1.0,1.0,0.39645587910654434,0.9999999999999999,1.0,1
0.4944779116465864,1.0,1.0,0.4945011940837664,0.9999999999999999,1.0,1
0.5926204819277109,1.0,1.0,0.5925605571053001,0.9999999999999999,1.0,1
0.6907630522088354,1.0,1.0,0.6906058720825221,0.9999999999999999,1.0,1
0.7886546184738956,1.0,1.0,0.7886511870597442,0.9999999999999999,1.0,1
0.8867971887550201,1.0,1.0,0.8866965020369664,0.9999999999999999,1.0,1
0.9849397590361446,1.0,1.0,0.9847418170141884,0.9999999999999999,1.0,1
0.07881526104417674,1.0,1.0,0.07880350799735086,0.9999999999999999,1.0,1
0.17695783132530124,1.0,1.0,0.17684882297457294,0.9999999999999999,1.0,1
0.2748493975903614,1.0,1.0,0.27489413795179507,0.9999999999999999,1.0,1
0.3729919678714859,1.0,1.0,0.3729394529290172,0.9999999999999999,1.0,1
0.47113453815261047,1.0,1.0,0.4709847679062393,0.9999999999999999,1.0,1
0.5690261044176708,1.0,1.0,0.569046137791246,0.9999999999999999,1.0,1
0.6671686746987953,1.0,1.0,0.6670914527684682,0.9999999999999999,1.0,1
0.7653112449799198,1.0,1.0,0.7651367677456902,0.9999999999999999,1.0,1
0.86320281124498,1.0,1.0,0.8631820827229123,0.9999999999999999,1.0,1
0.9613453815261045,1.0,1.0,0.9612273977001344,0.9999999999999999,1.0,1
0.05547188755020083,1.0,1.0,0.05528908868329685,0.9999999999999999,1.0,1
0.15336345381526106,1.0,1.0,0.15333440366051893,0.9999999999999999,1.0,1
0.25150602409638556,1.0,1.0,0.251379718637741,0.9999999999999999,1.0,1
0.3493975903614458,1.0,1.0,0.34942503361496313,0.9999999999999999,1.0,1
0.4475401606425703,1.0,1.0,0.4474703485921852,0.9999999999999999,1.0,1
0.5456827309236948,1.0,1.0,0.5455297116137189,0.9999999999999999,1.0,1
0.643574297188755,1.0,1.0,0.643575026590941,0.9999999999999999,1.0,1
0.7417168674698795,1.0,1.0,0.741620341568163,0.9999999999999999,1.0,1
0.839859437751004,1.0,1.0,0.839665656545385,0.9999999999999999,1.0,1
0.9377510040160644,1.0,1.0,0.9377109715226073,0.9999999999999999,1.0,1
0.03187751004016065,1.0,1.0,0.031772662505769655,0.9999999999999999,1.0,1
0.1297690763052209,1.0,1.0,0.1298179774829918,0.9999999999999999,1.0,1
0.22791164658634538,1.0,1.0,0.22786329246021386,0.9999999999999999,1.0,1
0.32605421686746994,1.0,1.0,0.325908607437436,0.9999999999999999,1.0,1
0.4239457831325302,1.0,1.0,0.42395392241465807,0.9999999999999999,1.0,1
0.5220883534136547,1.0,1.0,0.5220152922996648,0.9999999999999999,1.0,1
0.6202309236947792,1.0,1.0,0.6200606072768868,0.9999999999999999,1.0,1
0.7181224899598394,1.0,1.0,0.718105922254109,0.9999999999999999,1.0,1
0.8162650602409639,1.0,1.0,0.8161512372313311,0.9999999999999999,1.0,1
0.9144076305220884,1.0,1.0,0.9141945453450802,0.9999999999999999,1.0,1
0.008283132530120474,1.0,1.0,0.008258243191715642,0.9999999999999999,1.0,1
0.10642570281124497,1.0,1.0,0.10630355816893772,0.9999999999999999,1.0,1
0.20431726907630526,1.0,1.0,0.2043488731461598,0.9999999999999999,1.0,1
0.3024598393574297,1.0,1.0,0.3023941881233819,0.9999999999999999,1.0,1
0.4006024096385542,1.0,1.0,0.40043749623713093,0.9999999999999999,1.0,1
0.4984939759036145,1.0,1.0,0.498482811214353,0.9999999999999999,1.0,1
0.5966365461847389,1.0,1.0,0.5965441810993597,0.9999999999999999,1.0,1
0.6947791164658634,1.0,1.0,0.6945894960765818,0.9999999999999999,1.0,1
0.7926706827309238,1.0,1.0,0.792634811053804,0.9999999999999999,1.0,1
0.8908132530120483,1.0,1.0,0.890680126031026,0.9999999999999999,1.0,1
0.9887048192771085,1.0,1.0,0.9887254410082481,0.9999999999999999,1.0,1
0.08283132530120485,1.0,1.0,0.08278713199141058,0.9999999999999999,1.0,1
0.18097389558232935,1.0,1.0,0.18083244696863265,0.9999999999999999,1.0,1
0.2788654618473896,1.0,1.0,0.2788777619458548,0.9999999999999999,1.0,1
0.3770080321285141,1.0,1.0,0.37692307692307686,0.9999999999999999,1.0,1
0.4751506024096386,1.0,1.0,0.47496839190029894,0.9999999999999999,1.0,1
0.5730421686746988,1.0,1.0,0.5730277549218326,0.9999999999999999,1.0,1
0.6711847389558233,1.0,1.0,0.6710730698990547,0.9999999999999999,1.0,1
0.7693273092369478,1.0,1.0,0.7691183848762768,0.9999999999999999,1.0,1
0.867218875502008,1.0,1.0,0.8671636998534988,0.9999999999999999,1.0,1
0.9653614457831325,1.0,1.0,0.9652090148307211,0.9999999999999999,1.0,1
0.059236947791164674,1.0,1.0,0.05927070581388344,0.9999999999999999,1.0,1
0.15737951807228917,1.0,1.0,0.15731602079110557,0.9999999999999999,1.0,1
0.25552208835341367,1.0,1.0,0.25536133576832765,0.9999999999999999,1.0,1
0.35341365461847396,1.0,1.0,0.3534066507455497,0.9999999999999999,1.0,1
0.4515562248995984,1.0,1.0,0.4514519657227718,0.9999999999999999,1.0,1
0.549698795180723,1.0,1.0,0.5495133356077785,0.9999999999999999,1.0,1
0.6475903614457832,1.0,1.0,0.6475586505850006,0.9999999999999999,1.0,1
0.7457329317269077,1.0,1.0,0.7456039655622227,0.9999999999999999,1.0,1
0.8436244979919679,1.0,1.0,0.8436492805394449,0.9999999999999999,1.0,1
0.9417670682730924,1.0,1.0,0.9416945955166669,0.9999999999999999,1.0,1
0.03589357429718876,1.0,1.0,0.03575628649982937,0.9999999999999999,1.0,1
0.133785140562249,1.0,1.0,0.13380160147705145,0.9999999999999999,1.0,1
0.2319277108433735,1.0,1.0,0.23184691645427352,0.9999999999999999,1.0,1
0.330070281124498,1.0,1.0,0.32989223143149565,0.9999999999999999,1.0,1
0.4279618473895582,1.0,1.0,0.42793754640871773,0.9999999999999999,1.0,1
0.5261044176706827,1.0,1.0,0.5259969094302513,0.9999999999999999,1.0,1
0.6242469879518072,1.0,1.0,0.6240422244074735,0.9999999999999999,1.0,1
0.7221385542168675,1.0,1.0,0.7220875393846956,0.9999999999999999,1.0,1
0.820281124497992,1.0,1.0,0.8201328543619177,0.9999999999999999,1.0,1
0.9181726907630523,1.0,1.0,0.9181781693391398,0.9999999999999999,1.0,1
0.01229919678714858,1.0,1.0,0.012239860322302176,0.9999999999999999,1.0,1
0.11044176706827308,1.0,1.0,0.11028517529952436,0.9999999999999999,1.0,1
0.20833333333333337,1.0,1.0,0.20833049027674644,0.9999999999999999,1.0,1
0.30647590361445787,1.0,1.0,0.3063758052539685,0.9999999999999999,1.0,1
0.40461847389558236,1.0,1.0,0.4044211202311906,0.9999999999999999,1.0,1
0.5025100401606426,1.0,1.0,0.5024824901161973,0.9999999999999999,1.0,1
0.5966365461847389,1.0,1.0,0.5966063938670252,0.9999999999999999,1.0,1
0.6947791164658634,1.0,1.0,0.6946517088442472,0.9999999999999999,1.0,1
0.7926706827309238,1.0,1.0,0.7926950169579963,0.9999999999999999,1.0,1
0.8908132530120483,1.0,1.0,0.8907403319352184,0.9999999999999999,1.0,1
0.9889558232931728,1.0,1.0,0.9887856469124405,0.9999999999999999,1.0,1
0.08283132530120485,1.0,1.0,0.08284934475907596,0.9999999999999999,1.0,1
0.18097389558232935,1.0,1.0,0.1808946597362981,0.9999999999999999,1.0,1
0.27911646586345384,1.0,1.0,0.2789379678500471,0.9999999999999999,1.0,1
0.3770080321285141,1.0,1.0,0.37698328282726923,0.9999999999999999,1.0,1
0.4751506024096386,1.0,1.0,0.4750285978044913,0.9999999999999999,1.0,1
0.5732931726907631,1.0,1.0,0.573089967689498,0.9999999999999999,1.0,1
0.6711847389558233,1.0,1.0,0.6711352826667201,0.9999999999999999,1.0,1
0.7693273092369478,1.0,1.0,0.7691805976439422,0.9999999999999999,1.0,1
0.867218875502008,1.0,1.0,0.8672259126211643,0.9999999999999999,1.0,1
0.9653614457831325,1.0,1.0,0.9652712275983863,0.9999999999999999,1.0,1
0.059487951807228934,1.0,1.0,0.05933291858154882,0.9999999999999999,1.0,1
0.15737951807228917,1.0,1.0,0.1573782335587709,0.9999999999999999,1.0,1
0.25552208835341367,1.0,1.0,0.25542354853599303,0.9999999999999999,1.0,1
0.35366465863453816,1.0,1.0,0.35346886351321516,0.9999999999999999,1.0,1
0.4515562248995984,1.0,1.0,0.45151417849043723,0.9999999999999999,1.0,1
0.549698795180723,1.0,1.0,0.5495735415119709,0.9999999999999999,1.0,1
0.6475903614457832,1.0,1.0,0.6476188564891929,0.9999999999999999,1.0,1
0.7457329317269077,1.0,1.0,0.7456641714664151,0.9999999999999999,1.0,1
0.8438755020080322,1.0,1.0,0.8437094864436372,0.9999999999999999,1.0,1
0.9417670682730924,1.0,1.0,0.9417548014208592,0.9999999999999999,1.0,1
0.03589357429718876,1.0,1.0,0.03581649240402174,0.9999999999999999,1.0,1
0.13403614457831325,1.0,1.0,0.1338618073812438,0.9999999999999999,1.0,1
0.2319277108433735,1.0,1.0,0.2319071223584659,0.9999999999999999,1.0,1
0.330070281124498,1.0,1.0,0.329952437335688,0.9999999999999999,1.0,1
0.4279618473895582,1.0,1.0,0.4279977523129101,0.9999999999999999,1.0,1
0.5261044176706827,1.0,1.0,0.5260591221979168,0.9999999999999999,1.0,1
0.6242469879518072,1.0,1.0,0.6241044371751389,0.9999999999999999,1.0,1
0.7221385542168675,1.0,1.0,0.722149752152361,0.9999999999999999,1.0,1
0.820281124497992,1.0,1.0,0.820195067129583,0.9999999999999999,1.0,1
0.9184236947791165,1.0,1.0,0.9182403821068053,0.9999999999999999,1.0,1
0.01229919678714858,1.0,1.0,0.012302073089967613,0.9999999999999999,1.0,1
0.11044176706827308,1.0,1.0,0.11034738806718969,0.9999999999999999,1.0,1
0.20858433734939757,1.0,1.0,0.20839270304441182,0.9999999999999999,1.0,1
0.30647590361445787,1.0,1.0,0.30643801802163395,0.9999999999999999,1.0,1
0.40461847389558236,1.0,1.0,0.404483332998856,0.9999999999999999,1.0,1
0.5025100401606426,1.0,1.0,0.5025426960203897,0.9999999999999999,1.0,1
0.5966365461847389,1.0,1.0,0.5966665997712175,0.9999999999999999,1.0,1
0.6947791164658634,1.0,1.0,0.6947119147484396,0.9999999999999999,1.0,1
0.7929216867469879,1.0,1.0,0.7927572297256618,0.9999999999999999,1.0,1
0.8908132530120483,1.0,1.0,0.8908025447028838,0.9999999999999999,1.0,1
0.9889558232931728,1.0,1.0,0.9888478596801059,0.9999999999999999,1.0,1
0.08308232931726905,1.0,1.0,0.08290955066326833,0.9999999999999999,1.0,1
0.18097389558232935,1.0,1.0,0.18095486564049046,0.9999999999999999,1.0,1
0.27911646586345384,1.0,1.0,0.2790001806177125,0.9999999999999999,1.0,1
0.3770080321285141,1.0,1.0,0.3770454955949346,0.9999999999999999,1.0,1
0.4751506024096386,1.0,1.0,0.4750908105721567,0.9999999999999999,1.0,1
0.5732931726907631,1.0,1.0,0.5731521804571634,0.9999999999999999,1.0,1
0.6711847389558233,1.0,1.0,0.6711974954343856,0.9999999999999999,1.0,1
0.7693273092369478,1.0,1.0,0.7692408035481346,0.9999999999999999,1.0,1
0.8674698795180723,1.0,1.0,0.8672861185253566,0.9999999999999999,1.0,1
0.9653614457831325,1.0,1.0,0.9653314335025787,0.9999999999999999,1.0,1
0.059487951807228934,1.0,1.0,0.05939513134921426,0.9999999999999999,1.0,1
0.15763052208835338,1.0,1.0,0.15744044632643633,0.9999999999999999,1.0,1
0.25552208835341367,1.0,1.0,0.25548375444018534,0.9999999999999999,1.0,1
0.35366465863453816,1.0,1.0,0.35352906941740747,0.9999999999999999,1.0,1
0.4515562248995984,1.0,1.0,0.4515743843946296,0.9999999999999999,1.0,1
0.549698795180723,1.0,1.0,0.5496357542796363,0.9999999999999999,1.0,1
0.6478413654618475,1.0,1.0,0.6476810692568584,0.9999999999999999,1.0,1
0.7457329317269077,1.0,1.0,0.7457263842340804,0.9999999999999999,1.0,1
0.8438755020080322,1.0,1.0,0.8437716992113027,0.9999999999999999,1.0,1
0.9420180722891567,1.0,1.0,0.9418170141885247,0.9999999999999999,1.0,1
0.03589357429718876,1.0,1.0,0.035878705171687064,0.9999999999999999,1.0,1
0.13403614457831325,1.0,1.0,0.13392402014890925,0.9999999999999999,1.0,1
0.2319277108433735,1.0,1.0,0.23196933512613133,0.9999999999999999,1.0,1
0.330070281124498,1.0,1.0,0.3300146501033534,0.9999999999999999,1.0,1
0.4282128514056225,1.0,1.0,0.42805996508057553,0.9999999999999999,1.0,1
0.5261044176706827,1.0,1.0,0.5261193281021092,0.9999999999999999,1.0,1
0.6242469879518072,1.0,1.0,0.6241646430793313,0.9999999999999999,1.0,1
0.7223895582329318,1.0,1.0,0.7222099580565533,0.9999999999999999,1.0,1
0.820281124497992,1.0,1.0,0.8202552730337754,0.9999999999999999,1.0,1
0.9184236947791165,1.0,1.0,0.9183005880109976,0.9999999999999999,1.0,1
0.01229919678714858,1.0,1.0,0.012362278994159981,0.9999999999999999,1.0,1
0.11044176706827308,1.0,1.0,0.11040759397138206,0.9999999999999999,1.0,1
0.20858433734939757,1.0,1.0,0.2084529089486042,0.9999999999999999,1.0,1
0.30647590361445787,1.0,1.0,0.30649822392582626,0.9999999999999999,1.0,1
0.40461847389558236,1.0,1.0,0.4045435389030484,0.9999999999999999,1.0,1
0.5027610441767069,1.0,1.0,0.5026049087880551,0.9999999999999999,1.0,1
0.5968875502008032,1.0,1.0,0.5967288125388829,0.9999999999999999,1.0,1
0.6947791164658634,1.0,1.0,0.694774127516105,0.9999999999999999,1.0,1
0.7929216867469879,1.0,1.0,0.792819442493327,0.9999999999999999,1.0,1
0.8910642570281124,1.0,1.0,0.8908647574705492,0.9999999999999999,1.0,1
0.9889558232931728,1.0,1.0,0.9889080655842982,0.9999999999999999,1.0,1
0.08308232931726905,1.0,1.0,0.08297176343093371,0.9999999999999999,1.0,1
0.18097389558232935,1.0,1.0,0.18101707840815584,0.9999999999999999,1.0,1
0.27911646586345384,1.0,1.0,0.27906239338537797,0.9999999999999999,1.0,1
0.37725903614457834,1.0,1.0,0.37710770836260005,0.9999999999999999,1.0,1
0.4751506024096386,1.0,1.0,0.47515101647634905,0.9999999999999999,1.0,1
0.5732931726907631,1.0,1.0,0.5732123863613557,0.9999999999999999,1.0,1
0.6714357429718876,1.0,1.0,0.6712577013385779,0.9999999999999999,1.0,1
0.7693273092369478,1.0,1.0,0.7693030163158,0.9999999999999999,1.0,1
0.8674698795180723,1.0,1.0,0.8673483312930221,0.9999999999999999,1.0,1
0.9653614457831325,1.0,1.0,0.9653936462702442,0.9999999999999999,1.0,1
0.059487951807228934,1.0,1.0,0.059455337253406626,0.9999999999999999,1.0,1
0.15763052208835338,1.0,1.0,0.1575006522306287,0.9999999999999999,1.0,1
0.25552208835341367,1.0,1.0,0.2555459672078508,0.9999999999999999,1.0,1
0.35366465863453816,1.0,1.0,0.3535912821850729,0.9999999999999999,1.0,1
0.45180722891566266,1.0,1.0,0.451636597162295,0.9999999999999999,1.0,1
0.549698795180723,1.0,1.0,0.5496979670473017,0.9999999999999999,1.0,1
0.6478413654618475,1.0,1.0,0.6477412751610507,0.9999999999999999,1.0,1
0.745983935742972,1.0,1.0,0.7457865901382728,0.9999999999999999,1.0,1
0.8438755020080322,1.0,1.0,0.843831905115495,0.9999999999999999,1.0,1
0.9420180722891567,1.0,1.0,0.941877220092717,0.9999999999999999,1.0,1
0.03589357429718876,1.0,1.0,0.0359409179393525,0.9999999999999999,1.0,1
0.13403614457831325,1.0,1.0,0.13398422605310156,0.9999999999999999,1.0,1
0.23217871485943775,1.0,1.0,0.23202954103032364,0.9999999999999999,1.0,1
0.330070281124498,1.0,1.0,0.3300748560075457,0.9999999999999999,1.0,1
0.4282128514056225,1.0,1.0,0.42812017098476784,0.9999999999999999,1.0,1
0.526355421686747,1.0,1.0,0.5261815408697745,0.9999999999999999,1.0,1
0.6242469879518072,1.0,1.0,0.6242268558469967,0.9999999999999999,1.0,1
0.7223895582329318,1.0,1.0,0.7222721708242188,0.9999999999999999,1.0,1
0.820281124497992,1.0,1.0,0.8203174858014408,0.9999999999999999,1.0,1
0.9184236947791165,1.0,1.0,0.918362800778663,0.9999999999999999,1.0,1
0.012550200803212841,1.0,1.0,0.012424491761825418,0.9999999999999999,1.0,1
0.11044176706827308,1.0,1.0,0.1104698067390475,0.9999999999999999,1.0,1
0.20858433734939757,1.0,1.0,0.20851512171626962,0.9999999999999999,1.0,1
0.3067269076305221,1.0,1.0,0.30656043669349164,0.9999999999999999,1.0,1
0.40461847389558236,1.0,1.0,0.4046057516707138,0.9999999999999999,1.0,1
0.5027610441767069,1.0,1.0,0.5026651146922474,0.9999999999999999,1.0,1
0.5968875502008032,1.0,1.0,0.5967890184430753,0.9999999999999999,1.0,1
0.6950301204819278,1.0,1.0,0.6948343334202973,0.9999999999999999,1.0,1
0.7929216867469879,1.0,1.0,0.7928796483975195,0.9999999999999999,1.0,1
0.8910642570281124,1.0,1.0,0.8909249633747416,0.9999999999999999,1.0,1
0.9889558232931728,1.0,1.0,0.9889702783519636,0.9999999999999999,1.0,1
0.08308232931726905,1.0,1.0,0.08303196933512608,0.9999999999999999,1.0,1
0.18122489959839355,1.0,1.0,0.1810772843123482,0.9999999999999999,1.0,1
0.27911646586345384,1.0,1.0,0.2791225992895703,0.9999999999999999,1.0,1
0.37725903614457834,1.0,1.0,0.37716791426679236,0.9999999999999999,1.0,1
0.47540160642570284,1.0,1.0,0.47521322924401443,0.9999999999999999,1.0,1
0.5732931726907631,1.0,1.0,0.5732745991290211,0.9999999999999999,1.0,1
0.6714357429718876,1.0,1.0,0.6713199141062433,0.9999999999999999,1.0,1
0.7693273092369478,1.0,1.0,0.7693652290834654,0.9999999999999999,1.0,1
0.8674698795180723,1.0,1.0,0.8674105440606875,0.9999999999999999,1.0,1
0.9656124497991968,1.0,1.0,0.9654538521744365,0.9999999999999999,1.0,1
0.059487951807228934,1.0,1.0,0.05951755002107206,0.9999999999999999,1.0,1
0.15763052208835338,1.0,1.0,0.15756286499829414,0.9999999999999999,1.0,1
0.25577309236947793,1.0,1.0,0.2556081799755162,0.9999999999999999,1.0,1
0.35366465863453816,1.0,1.0,0.3536534949527383,0.9999999999999999,1.0,1
0.45180722891566266,1.0,1.0,0.4516968030664873,0.9999999999999999,1.0,1
0.5499497991967872,1.0,1.0,0.5497581729514941,0.9999999999999999,1.0,1
0.6478413654618475,1.0,1.0,0.6478034879287161,0.9999999999999999,1.0,1
0.745983935742972,1.0,1.0,0.7458488029059382,0.9999999999999999,1.0,1
0.8438755020080322,1.0,1.0,0.8438941178831603,0.9999999999999999,1.0,1
0.9420180722891567,1.0,1.0,0.9419394328603825,0.9999999999999999,1.0,1
0.03614457831325302,1.0,1.0,0.03600112384354487,0.9999999999999999,1.0,1
0.13403614457831325,1.0,1.0,0.134046438820767,0.9999999999999999,1.0,1
0.23217871485943775,1.0,1.0,0.23209175379798908,0.9999999999999999,1.0,1
0.33032128514056225,1.0,1.0,0.3301370687752112,0.9999999999999999,1.0,1
0.4282128514056225,1.0,1.0,0.4281823837524333,0.9999999999999999,1.0,1
0.526355421686747,1.0,1.0,0.52624375363744,0.9999999999999999,1.0,1
0.6242469879518072,1.0,1.0,0.624287061751189,0.9999999999999999,1.0,1
0.7223895582329318,1.0,1.0,0.7223323767284111,0.9999999999999999,1.0,1
0.8205321285140563,1.0,1.0,0.8203776917056331,0.9999999999999999,1.0,1
0.9184236947791165,1.0,1.0,0.9184230066828553,0.9999999999999999,1.0,1
0.012550200803212841,1.0,1.0,0.0124867045294908,0.9999999999999999,1.0,1
0.1106927710843374,1.0,1.0,0.1105300126432398,0.9999999999999999,1.0,1
0.20858433734939757,1.0,1.0,0.20857532762046194,0.9999999999999999,1.0,1
0.3067269076305221,1.0,1.0,0.306620642597684,0.9999999999999999,1.0,1
0.40461847389558236,1.0,1.0,0.4046659575749061,0.9999999999999999,1.0,1
0.5027610441767069,1.0,1.0,0.5027273274599129,0.9999999999999999,1.0,1
0.5968875502008032,1.0,1.0,0.5968512312107407,0.9999999999999999,1.0,1
0.6950301204819278,1.0,1.0,0.6948965461879628,0.9999999999999999,1.0,1
0.7929216867469879,1.0,1.0,0.7929418611651848,0.9999999999999999,1.0,1
0.8910642570281124,1.0,1.0,0.890987176142407,0.9999999999999999,1.0,1
0.989206827309237,1.0,1.0,0.9890324911196291,0.9999999999999999,1.0,1
0.08308232931726905,1.0,1.0,0.08309418210279151,0.9999999999999999,1.0,1
0.18122489959839355,1.0,1.0,0.1811394970800136,0.9999999999999999,1.0,1
0.2793674698795181,1.0,1.0,0.27918481205723567,0.9999999999999999,1.0,1
0.37725903614457834,1.0,1.0,0.3772301270344578,0.9999999999999999,1.0,1
0.47540160642570284,1.0,1.0,0.47527544201167987,0.9999999999999999,1.0,1
0.5732931726907631,1.0,1.0,0.5733348050332135,0.9999999999999999,1.0,1
0.6714357429718876,1.0,1.0,0.6713801200104357,0.9999999999999999,1.0,1
0.7695783132530121,1.0,1.0,0.7694254349876577,0.9999999999999999,1.0,1
0.8674698795180723,1.0,1.0,0.8674707499648798,0.9999999999999999,1.0,1
0.9656124497991968,1.0,1.0,0.965516064942102,0.9999999999999999,1.0,1
0.059738955823293194,1.0,1.0,0.059577755925264375,0.9999999999999999,1.0,1
0.15763052208835338,1.0,1.0,0.15762307090248645,0.9999999999999999,1.0,1
0.25577309236947793,1.0,1.0,0.2556683858797085,0.9999999999999999,1.0,1
0.35366465863453816,1.0,1.0,0.35371370085693066,0.9999999999999999,1.0,1
0.45180722891566266,1.0,1.0,0.45175901583415273,0.9999999999999999,1.0,1
0.5499497991967872,1.0,1.0,0.5498203857191595,0.9999999999999999,1.0,1
0.6478413654618475,1.0,1.0,0.6478657006963815,0.9999999999999999,1.0,1
0.745983935742972,1.0,1.0,0.7459110156736036,0.9999999999999999,1.0,1
0.8441265060240964,1.0,1.0,0.8439543237873526,0.9999999999999999,1.0,1
0.9420180722891567,1.0,1.0,0.9419996387645748,0.9999999999999999,1.0,1
0.03614457831325302,1.0,1.0,0.036063336611210306,0.9999999999999999,1.0,1
0.13428714859437751,1.0,1.0,0.13410865158843238,0.9999999999999999,1.0,1
0.23217871485943775,1.0,1.0,0.2321539665656545,0.9999999999999999,1.0,1
0.33032128514056225,1.0,1.0,0.3301972746794035,0.9999999999999999,1.0,1
0.4282128514056225,1.0,1.0,0.4282425896566256,0.9999999999999999,1.0,1
0.526355421686747,1.0,1.0,0.5263039595416323,0.9999999999999999,1.0,1
0.6244979919678715,1.0,1.0,0.6243492745188544,0.9999999999999999,1.0,1
0.7223895582329318,1.0,1.0,0.7223945894960765,0.9999999999999999,1.0,1
0.8205321285140563,1.0,1.0,0.8204399044732986,0.9999999999999999,1.0,1
0.9186746987951808,1.0,1.0,0.9184852194505206,0.9999999999999999,1.0,1
0.012550200803212841,1.0,1.0,0.012546910433683167,0.9999999999999999,1.0,1
0.1106927710843374,1.0,1.0,0.11059222541090524,0.9999999999999999,1.0,1
0.20858433734939757,1.0,1.0,0.20863754038812732,0.9999999999999999,1.0,1
0.3067269076305221,1.0,1.0,0.30668285536534945,0.9999999999999999,1.0,1
0.4048694779116466,1.0,1.0,0.4047281703425715,0.9999999999999999,1.0,1
0.5027610441767069,1.0,1.0,0.5027875333641052,0.9999999999999999,1.0,1
0.5968875502008032,1.0,1.0,0.596911437114933,0.9999999999999999,1.0,1
0.6950301204819278,1.0,1.0,0.6949567520921551,0.9999999999999999,1.0,1
0.7931726907630523,1.0,1.0,0.7930020670693771,0.9999999999999999,1.0,1
0.8910642570281124,1.0,1.0,0.8910473820465993,0.9999999999999999,1.0,1
0.989206827309237,1.0,1.0,0.9890926970238214,0.9999999999999999,1.0,1
0.08333333333333337,1.0,1.0,0.08315438800698383,0.9999999999999999,1.0,1
0.18122489959839355,1.0,1.0,0.1811997029842059,0.9999999999999999,1.0,1
0.2793674698795181,1.0,1.0,0.279245017961428,0.9999999999999999,1.0,1
0.37725903614457834,1.0,1.0,0.3772903329386501,0.9999999999999999,1.0,1
0.47540160642570284,1.0,1.0,0.47533564791587224,0.9999999999999999,1.0,1
0.5735441767068273,1.0,1.0,0.5733970178008789,0.9999999999999999,1.0,1
0.6714357429718876,1.0,1.0,0.6714423327781011,0.9999999999999999,1.0,1
0.7695783132530121,1.0,1.0,0.7694876477553232,0.9999999999999999,1.0,1
0.8677208835341366,1.0,1.0,0.8675329627325452,0.9999999999999999,1.0,1
0.9656124497991968,1.0,1.0,0.9655782777097673,0.9999999999999999,1.0,1
0.059738955823293194,1.0,1.0,0.05963996869292976,0.9999999999999999,1.0,1
0.15763052208835338,1.0,1.0,0.1576852836701519,0.9999999999999999,1.0,1
0.25577309236947793,1.0,1.0,0.25573059864737396,0.9999999999999999,1.0,1
0.3539156626506024,1.0,1.0,0.35377591362459604,0.9999999999999999,1.0,1
0.45180722891566266,1.0,1.0,0.45182122860181817,0.9999999999999999,1.0,1
0.5499497991967872,1.0,1.0,0.5498805916233518,0.9999999999999999,1.0,1
0.6480923694779117,1.0,1.0,0.6479259066005739,0.9999999999999999,1.0,1
0.745983935742972,1.0,1.0,0.7459712215777959,0.9999999999999999,1.0,1
0.8441265060240964,1.0,1.0,0.8440165365550181,0.9999999999999999,1.0,1
0.9422690763052209,1.0,1.0,0.9420618515322401,0.9999999999999999,1.0,1
0.03614457831325302,1.0,1.0,0.03612354251540262,0.9999999999999999,1.0,1
0.13428714859437751,1.0,1.0,0.1341688574926247,0.9999999999999999,1.0,1
0.23217871485943775,1.0,1.0,0.23221417246984682,0.9999999999999999,1.0,1
0.33032128514056225,1.0,1.0,0.3302594874470689,0.9999999999999999,1.0,1
0.42846385542168675,1.0,1.0,0.42830480242429103,0.9999999999999999,1.0,1
0.526355421686747,1.0,1.0,0.5263661723092977,0.9999999999999999,1.0,1
0.6244979919678715,1.0,1.0,0.6244114872865199,0.9999999999999999,1.0,1
0.722640562248996,1.0,1.0,0.7224547954002689,0.9999999999999999,1.0,1
0.8205321285140563,1.0,1.0,0.8205001103774909,0.9999999999999999,1.0,1
0.9186746987951808,1.0,1.0,0.9185454253547131,0.9999999999999999,1.0,1
0.012550200803212841,1.0,1.0,0.012609123201348549,0.9999999999999999,1.0,1
0.1106927710843374,1.0,1.0,0.11065443817857068,0.9999999999999999,1.0,1
0.2088353413654619,1.0,1.0,0.20869774629231969,0.9999999999999999,1.0,1
0.3067269076305221,1.0,1.0,0.30674306126954176,0.9999999999999999,1.0,1
0.4048694779116466,1.0,1.0,0.4047883762467639,0.9999999999999999,1.0,1
0.5030120481927711,1.0,1.0,0.5028497461317706,0.9999999999999999,1.0,1
0.5971385542168675,1.0,1.0,0.5969736498825984,0.9999999999999999,1.0,1
0.6950301204819278,1.0,1.0,0.6950189648598205,0.9999999999999999,1.0,1
0.7931726907630523,1.0,1.0,0.7930642798370426,0.9999999999999999,1.0,1
0.8913152610441768,1.0,1.0,0.8911095948142647,0.9999999999999999,1.0,1
0.989206827309237,1.0,1.0,0.9891549097914868,0.9999999999999999,1.0,1
0.08333333333333337,1.0,1.0,0.08321660077464926,0.9999999999999999,1.0,1
0.18122489959839355,1.0,1.0,0.18126191575187134,0.9999999999999999,1.0,1
0.2793674698795181,1.0,1.0,0.27930723072909347,0.9999999999999999,1.0,1
0.3775100401606426,1.0,1.0,0.37735254570631555,0.9999999999999999,1.0,1
0.47540160642570284,1.0,1.0,0.4753978606835376,0.9999999999999999,1.0,1
0.5735441767068273,1.0,1.0,0.5734572237050712,0.9999999999999999,1.0,1
0.6716867469879518,1.0,1.0,0.6715025386822934,0.9999999999999999,1.0,1
0.7695783132530121,1.0,1.0,0.7695478536595155,0.9999999999999999,1.0,1
0.8677208835341366,1.0,1.0,0.8675931686367375,0.9999999999999999,1.0,1
0.9656124497991968,1.0,1.0,0.9656384836139597,0.9999999999999999,1.0,1
0.059738955823293194,1.0,1.0,0.05970017459712207,0.9999999999999999,1.0,1
0.1578815261044177,1.0,1.0,0.1577454895743442,0.9999999999999999,1.0,1
0.25577309236947793,1.0,1.0,0.25579080455156633,0.9999999999999999,1.0,1
0.3539156626506024,1.0,1.0,0.3538361195287884,0.9999999999999999,1.0,1
0.4520582329317269,1.0,1.0,0.4518814345060105,0.9999999999999999,1.0,1
0.5499497991967872,1.0,1.0,0.5499428043910172,0.9999999999999999,1.0,1
0.6480923694779117,1.0,1.0,0.6479881193682393,0.9999999999999999,1.0,1
0.7462349397590362,1.0,1.0,0.7460334343454614,0.9999999999999999,1.0,1
0.8441265060240964,1.0,1.0,0.8440787493226836,0.9999999999999999,1.0,1
0.9422690763052209,1.0,1.0,0.9421240642999056,0.9999999999999999,1.0,1
0.03614457831325302,1.0,1.0,0.036185755283068055,0.9999999999999999,1.0,1
0.13428714859437751,1.0,1.0,0.13423107026029013,0.9999999999999999,1.0,1
0.232429718875502,1.0,1.0,0.2322763852375122,0.9999999999999999,1.0,1
0.33032128514056225,1.0,1.0,0.33032170021473434,0.9999999999999999,1.0,1
0.42846385542168675,1.0,1.0,0.4283670151919564,0.9999999999999999,1.0,1
0.5266064257028112,1.0,1.0,0.52642637821349,0.9999999999999999,1.0,1
0.6244979919678715,1.0,1.0,0.6244716931907122,0.9999999999999999,1.0,1
0.722640562248996,1.0,1.0,0.7225170081679343,0.9999999999999999,1.0,1
0.8205321285140563,1.0,1.0,0.8205623231451563,0.9999999999999999,1.0,1
0.9186746987951808,1.0,1.0,0.9186076381223784,0.9999999999999999,1.0,1
0.012801204819277101,1.0,1.0,0.01266932910554086,0.9999999999999999,1.0,1
0.1106927710843374,1.0,1.0,0.11071464408276299,0.9999999999999999,1.0,1
0.2088353413654619,1.0,1.0,0.20875995905998507,0.9999999999999999,1.0,1
0.3069779116465864,1.0,1.0,0.3068052740372072,0.9999999999999999,1.0,1
0.4048694779116466,1.0,1.0,0.4048505890144293,0.9999999999999999,1.0,1
0.5030120481927711,1.0,1.0,0.502911958899436,0.9999999999999999,1.0,1
0.5971385542168675,1.0,1.0,0.5970338557867908,0.9999999999999999,1.0,1
0.695281124497992,1.0,1.0,0.6950791707640128,0.9999999999999999,1.0,1
0.7931726907630523,1.0,1.0,0.793124485741235,0.9999999999999999,1.0,1
0.8913152610441768,1.0,1.0,0.8911698007184571,0.9999999999999999,1.0,1
0.989206827309237,1.0,1.0,0.9892151156956792,0.9999999999999999,1.0,1
0.08333333333333337,1.0,1.0,0.08327680667884163,0.9999999999999999,1.0,1
0.18147590361445787,1.0,1.0,0.1813221216560637,0.9999999999999999,1.0,1
0.2793674698795181,1.0,1.0,0.2793674366332858,0.9999999999999999,1.0,1
0.3775100401606426,1.0,1.0,0.37741275161050786,0.9999999999999999,1.0,1
0.4756526104417671,1.0,1.0,0.47545806658773,0.9999999999999999,1.0,1
0.5735441767068273,1.0,1.0,0.5735194364727367,0.9999999999999999,1.0,1
0.6716867469879518,1.0,1.0,0.6715647514499588,0.9999999999999999,1.0,1
0.7695783132530121,1.0,1.0,0.7696100664271809,0.9999999999999999,1.0,1
0.8677208835341366,1.0,1.0,0.867655381404403,0.9999999999999999,1.0,1
0.9658634538152611,1.0,1.0,0.965700696381625,0.9999999999999999,1.0,1
0.059738955823293194,1.0,1.0,0.059762387364787506,0.9999999999999999,1.0,1
0.1578815261044177,1.0,1.0,0.15780770234200958,0.9999999999999999,1.0,1
0.2560240963855422,1.0,1.0,0.2558530173192317,0.9999999999999999,1.0,1
0.3539156626506024,1.0,1.0,0.3538983322964538,0.9999999999999999,1.0,1
0.4520582329317269,1.0,1.0,0.4519436472736759,0.9999999999999999,1.0,1
0.5502008032128515,1.0,1.0,0.5500030102952096,0.9999999999999999,1.0,1
0.6480923694779117,1.0,1.0,0.6480483252724316,0.9999999999999999,1.0,1
0.7462349397590362,1.0,1.0,0.7460936402496537,0.9999999999999999,1.0,1
0.8441265060240964,1.0,1.0,0.8441389552268759,0.9999999999999999,1.0,1
0.9422690763052209,1.0,1.0,0.9421842702040979,0.9999999999999999,1.0,1
0.03639558232931728,1.0,1.0,0.03624596118726037,0.9999999999999999,1.0,1
0.13428714859437751,1.0,1.0,0.1342912761644825,0.9999999999999999,1.0,1
0.232429718875502,1.0,1.0,0.23233659114170457,0.9999999999999999,1.0,1
0.3305722891566265,1.0,1.0,0.3303819061189267,0.9999999999999999,1.0,1
0.42846385542168675,1.0,1.0,0.4284272210961488,0.9999999999999999,1.0,1
0.5266064257028112,1.0,1.0,0.5264885909811555,0.9999999999999999,1.0,1
0.6244979919678715,1.0,1.0,0.6245339059583775,0.9999999999999999,1.0,1
0.722640562248996,1.0,1.0,0.7225792209355997,0.9999999999999999,1.0,1
0.8207831325301205,1.0,1.0,0.8206245359128217,0.9999999999999999,1.0,1
0.9186746987951808,1.0,1.0,0.9186678440265708,0.9999999999999999,1.0,1
0.012801204819277101,1.0,1.0,0.012731541873206298,0.9999999999999999,1.0,1
0.1109437751004016,1.0,1.0,0.11077685685042843,0.9999999999999999,1.0,1
0.2088353413654619,1.0,1.0,0.2088221718276505,0.9999999999999999,1.0,1
0.3069779116465864,1.0,1.0,0.30686748680487264,0.9999999999999999,1.0,1
0.4048694779116466,1.0,1.0,0.40491079491862164,0.9999999999999999,1.0,1
0.5030120481927711,1.0,1.0,0.5029721648036284,0.9999999999999999,1.0,1
0.5971385542168675,1.0,1.0,0.5970960685544562,0.9999999999999999,1.0,1
0.695281124497992,1.0,1.0,0.6951413835316783,0.9999999999999999,1.0,1
0.7931726907630523,1.0,1.0,0.7931866985089003,0.9999999999999999,1.0,1
0.8913152610441768,1.0,1.0,0.8912320134861225,0.9999999999999999,1.0,1
0.9894578313253013,1.0,1.0,0.9892773284633445,0.9999999999999999,1.0,1
0.08333333333333337,1.0,1.0,0.08333901944650696,0.9999999999999999,1.0,1
0.18147590361445787,1.0,1.0,0.1813843344237291,0.9999999999999999,1.0,1
0.27961847389558236,1.0,1.0,0.27942964940095116,0.9999999999999999,1.0,1
0.3775100401606426,1.0,1.0,0.3774749643781733,0.9999999999999999,1.0,1
0.4756526104417671,1.0,1.0,0.47552027935539537,0.9999999999999999,1.0,1
0.5735441767068273,1.0,1.0,0.573579642376929,0.9999999999999999,1.0,1
0.6716867469879518,1.0,1.0,0.6716249573541511,0.9999999999999999,1.0,1
0.7698293172690763,1.0,1.0,0.7696702723313733,0.9999999999999999,1.0,1
0.8677208835341366,1.0,1.0,0.8677155873085953,0.9999999999999999,1.0,1
0.9658634538152611,1.0,1.0,0.9657609022858175,0.9999999999999999,1.0,1
0.059989959839357454,1.0,1.0,0.05982259326897987,0.9999999999999999,1.0,1
0.1578815261044177,1.0,1.0,0.15786790824620195,0.9999999999999999,1.0,1
0.2560240963855422,1.0,1.0,0.255913223223424,0.9999999999999999,1.0,1
0.3539156626506024,1.0,1.0,0.35395853820064616,0.9999999999999999,1.0,1
0.4520582329317269,1.0,1.0,0.45200385317786823,0.9999999999999999,1.0,1
0.5502008032128515,1.0,1.0,0.550065223062875,0.9999999999999999,1.0,1
0.6480923694779117,1.0,1.0,0.6481105380400971,0.9999999999999999,1.0,1
0.7462349397590362,1.0,1.0,0.7461558530173191,0.9999999999999999,1.0,1
0.8443775100401607,1.0,1.0,0.8442011679945413,0.9999999999999999,1.0,1
0.9422690763052209,1.0,1.0,0.9422464829717634,0.9999999999999999,1.0,1
0.03639558232931728,1.0,1.0,0.036308173954925804,0.9999999999999999,1.0,1
0.13453815261044177,1.0,1.0,0.13435348893214788,0.9999999999999999,1.0,1
0.232429718875502,1.0,1.0,0.23239880390936996,0.9999999999999999,1.0,1
0.3305722891566265,1.0,1.0,0.3304441188865921,0.9999999999999999,1.0,1
0.42846385542168675,1.0,1.0,0.4284894338638142,0.9999999999999999,1.0,1
0.5266064257028112,1.0,1.0,0.5265487968853478,0.9999999999999999,1.0,1
0.6247489959839357,1.0,1.0,0.62459411186257,0.9999999999999999,1.0,1
0.722640562248996,1.0,1.0,0.722639426839792,0.9999999999999999,1.0,1
0.8207831325301205,1.0,1.0,0.8206847418170141,0.9999999999999999,1.0,1
0.918925702811245,1.0,1.0,0.9187300567942362,0.9999999999999999,1.0,1
0.012801204819277101,1.0,1.0,0.012791747777398665,0.9999999999999999,1.0,1
0.1109437751004016,1.0,1.0,0.1108370627546208,0.9999999999999999,1.0,1
0.2088353413654619,1.0,1.0,0.20888237773184287,0.9999999999999999,1.0,1
0.3069779116465864,1.0,1.0,0.30692769270906495,0.9999999999999999,1.0,1
0.4051204819277109,1.0,1.0,0.404973007686287,0.9999999999999999,1.0,1
0.5030120481927711,1.0,1.0,0.5030343775712938,0.9999999999999999,1.0,1
0.5971385542168675,1.0,1.0,0.5971562744586485,0.9999999999999999,1.0,1
0.695281124497992,1.0,1.0,0.6952015894358706,0.9999999999999999,1.0,1
0.7934236947791165,1.0,1.0,0.7932469044130928,0.9999999999999999,1.0,1
0.8913152610441768,1.0,1.0,0.8912922193903148,0.9999999999999999,1.0,1
0.9894578313253013,1.0,1.0,0.9893375343675369,0.9999999999999999,1.0,1
0.08358433734939757,1.0,1.0,0.08339922535069932,0.9999999999999999,1.0,1
0.18147590361445787,1.0,1.0,0.18144454032792146,0.9999999999999999,1.0,1
0.27961847389558236,1.0,1.0,0.27948985530514353,0.9999999999999999,1.0,1
0.3775100401606426,1.0,1.0,0.3775351702823656,0.9999999999999999,1.0,1
0.4756526104417671,1.0,1.0,0.47558048525958774,0.9999999999999999,1.0,1
0.5737951807228916,1.0,1.0,0.5736418551445944,0.9999999999999999,1.0,1
0.6716867469879518,1.0,1.0,0.6716871701218166,0.9999999999999999,1.0,1
0.7698293172690763,1.0,1.0,0.7697324850990387,0.9999999999999999,1.0,1
0.8679718875502008,1.0,1.0,0.8677778000762608,0.9999999999999999,1.0,1
0.9658634538152611,1.0,1.0,0.9658231150534828,0.9999999999999999,1.0,1
0.059989959839357454,1.0,1.0,0.05988480603664531,0.9999999999999999,1.0,1
0.1578815261044177,1.0,1.0,0.15793012101386739,0.9999999999999999,1.0,1
0.2560240963855422,1.0,1.0,0.25597543599108946,0.9999999999999999,1.0,1
0.3541666666666667,1.0,1.0,0.35402075096831154,0.9999999999999999,1.0,1
0.4520582329317269,1.0,1.0,0.45206606594553367,0.9999999999999999,1.0,1
0.5502008032128515,1.0,1.0,0.5501254289670673,0.9999999999999999,1.0,1
0.6483433734939759,1.0,1.0,0.6481707439442894,0.9999999999999999,1.0,1
0.7462349397590362,1.0,1.0,0.7462160589215114,0.9999999999999999,1.0,1
0.8443775100401607,1.0,1.0,0.8442613738987337,0.9999999999999999,1.0,1
0.9425200803212852,1.0,1.0,0.9423066888759557,0.9999999999999999,1.0,1
0.03639558232931728,1.0,1.0,0.036368379859118116,0.9999999999999999,1.0,1
0.13453815261044177,1.0,1.0,0.13441369483634025,0.9999999999999999,1.0,1
0.232429718875502,1.0,1.0,0.23245900981356232,0.9999999999999999,1.0,1
0.3305722891566265,1.0,1.0,0.3305043247907844,0.9999999999999999,1.0,1
0.428714859437751,1.0,1.0,0.42854963976800653,0.9999999999999999,1.0,1
0.5266064257028112,1.0,1.0,0.5266110096530132,0.9999999999999999,1.0,1
0.6247489959839357,1.0,1.0,0.6246563246302353,0.9999999999999999,1.0,1
0.7228915662650602,1.0,1.0,0.7227016396074575,0.9999999999999999,1.0,1
0.8207831325301205,1.0,1.0,0.8207469545846795,0.9999999999999999,1.0,1
0.918925702811245,1.0,1.0,0.9187922695619016,0.9999999999999999,1.0,1
0.012801204819277101,1.0,1.0,0.012853960545064047,0.9999999999999999,1.0,1
0.1109437751004016,1.0,1.0,0.11089927552228612,0.9999999999999999,1.0,1
0.2090863453815261,1.0,1.0,0.20894459049950825,0.9999999999999999,1.0,1
0.3069779116465864,1.0,1.0,0.30698990547673033,0.9999999999999999,1.0,1
0.4051204819277109,1.0,1.0,0.40503522045395246,0.9999999999999999,1.0,1
0.5032630522088354,1.0,1.0,0.5030945834754861,0.9999999999999999,1.0,1
0.5973895582329317,1.0,1.0,0.597218487226314,0.9999999999999999,1.0,1
0.695281124497992,1.0,1.0,0.695263802203536,0.9999999999999999,1.0,1
0.7934236947791165,1.0,1.0,0.7933091171807581,0.9999999999999999,1.0,1
0.891566265060241,1.0,1.0,0.8913544321579803,0.9999999999999999,1.0,1
0.9894578313253013,1.0,1.0,0.9893997471352023,0.9999999999999999,1.0,1
0.08358433734939757,1.0,1.0,0.08346143811836476,0.9999999999999999,1.0,1
0.18147590361445787,1.0,1.0,0.1815067530955869,0.9999999999999999,1.0,1
0.27961847389558236,1.0,1.0,0.27955206807280897,0.9999999999999999,1.0,1
0.37776104417670686,1.0,1.0,0.37759738305003104,0.9999999999999999,1.0,1
0.4756526104417671,1.0,1.0,0.4756426980272531,0.9999999999999999,1.0,1
0.5737951807228916,1.0,1.0,0.5737020610487867,0.9999999999999999,1.0,1
0.6719377510040161,1.0,1.0,0.6717473760260089,0.9999999999999999,1.0,1
0.7698293172690763,1.0,1.0,0.769792691003231,0.9999999999999999,1.0,1
0.8679718875502008,1.0,1.0,0.8678380059804531,0.9999999999999999,1.0,1
0.9658634538152611,1.0,1.0,0.9658833209576752,0.9999999999999999,1.0,1
0.059989959839357454,1.0,1.0,0.05994501194083762,0.9999999999999999,1.0,1
0.1581325301204819,1.0,1.0,0.1579903269180597,0.9999999999999999,1.0,1
0.2560240963855422,1.0,1.0,0.25603564189528183,0.9999999999999999,1.0,1
0.3541666666666667,1.0,1.0,0.3540809568725039,0.9999999999999999,1.0,1
0.4523092369477912,1.0,1.0,0.452126271849726,0.9999999999999999,1.0,1
0.5502008032128515,1.0,1.0,0.5501876417347327,0.9999999999999999,1.0,1
0.6483433734939759,1.0,1.0,0.6482329567119548,0.9999999999999999,1.0,1
0.7464859437751005,1.0,1.0,0.7462782716891769,0.9999999999999999,1.0,1
0.8443775100401607,1.0,1.0,0.844323586666399,0.9999999999999999,1.0,1
0.9425200803212852,1.0,1.0,0.9423689016436212,0.9999999999999999,1.0,1
0.03639558232931728,1.0,1.0,0.03643059262678355,0.9999999999999999,1.0,1
0.13453815261044177,1.0,1.0,0.13447590760400568,0.9999999999999999,1.0,1
0.23268072289156627,1.0,1.0,0.23252122258122776,0.9999999999999999,1.0,1
0.3305722891566265,1.0,1.0,0.33056653755844984,0.9999999999999999,1.0,1
0.428714859437751,1.0,1.0,0.4286118525356719,0.9999999999999999,1.0,1
0.5268574297188755,1.0,1.0,0.5266712155572055,0.9999999999999999,1.0,1
0.6247489959839357,1.0,1.0,0.6247165305344277,0.9999999999999999,1.0,1
0.7228915662650602,1.0,1.0,0.7227618455116498,0.9999999999999999,1.0,1
0.8207831325301205,1.0,1.0,0.8208071604888718,0.9999999999999999,1.0,1
0.918925702811245,1.0,1.0,0.9188524754660939,0.9999999999999999,1.0,1
0.013052208835341361,1.0,1.0,0.012914166449256415,0.9999999999999999,1.0,1
0.1109437751004016,1.0,1.0,0.11095948142647849,0.9999999999999999,1.0,1
0.2090863453815261,1.0,1.0,0.20900479640370062,0.9999999999999999,1.0,1
0.30722891566265065,1.0,1.0,0.3070501113809227,0.9999999999999999,1.0,1
0.4051204819277109,1.0,1.0,0.4050954263581448,0.9999999999999999,1.0,1
0.5032630522088354,1.0,1.0,0.5031567962431515,0.9999999999999999,1.0,1
0.5973895582329317,1.0,1.0,0.5972786931305063,0.9999999999999999,1.0,1
0.6955321285140563,1.0,1.0,0.6953240081077283,0.9999999999999999,1.0,1
0.7934236947791165,1.0,1.0,0.7933693230849505,0.9999999999999999,1.0,1
0.891566265060241,1.0,1.0,0.8914146380621726,0.9999999999999999,1.0,1
0.9894578313253013,1.0,1.0,0.9894599530393946,0.9999999999999999,1.0,1
0.08358433734939757,1.0,1.0,0.08352164402255707,0.9999999999999999,1.0,1
0.18172690763052207,1.0,1.0,0.1815669589997792,0.9999999999999999,1.0,1
0.27961847389558236,1.0,1.0,0.2796122739770013,0.9999999999999999,1.0,1
0.37776104417670686,1.0,1.0,0.3776575889542234,0.9999999999999999,1.0,1
0.47590361445783136,1.0,1.0,0.4757029039314455,0.9999999999999999,1.0,1
0.5737951807228916,1.0,1.0,0.5737642738164522,0.9999999999999999,1.0,1
0.6719377510040161,1.0,1.0,0.6718095887936744,0.9999999999999999,1.0,1
0.7698293172690763,1.0,1.0,0.7698549037708964,0.9999999999999999,1.0,1
0.8679718875502008,1.0,1.0,0.8679002187481185,0.9999999999999999,1.0,1
0.9661144578313253,1.0,1.0,0.9659455337253406,0.9999999999999999,1.0,1
0.059989959839357454,1.0,1.0,0.06000722470850306,0.9999999999999999,1.0,1
0.1581325301204819,1.0,1.0,0.15805253968572514,0.9999999999999999,1.0,1
0.25627510040160645,1.0,1.0,0.2560978546629472,0.9999999999999999,1.0,1
0.3541666666666667,1.0,1.0,0.35414316964016934,0.9999999999999999,1.0,1
0.4523092369477912,1.0,1.0,0.4521884846173914,0.9999999999999999,1.0,1
0.5504518072289157,1.0,1.0,0.5502478476389251,0.9999999999999999,1.0,1
0.6483433734939759,1.0,1.0,0.6482931626161471,0.9999999999999999,1.0,1
0.7464859437751005,1.0,1.0,0.7463384775933692,0.9999999999999999,1.0,1
0.8443775100401607,1.0,1.0,0.8443837925705913,0.9999999999999999,1.0,1
0.9425200803212852,1.0,1.0,0.9424291075478135,0.9999999999999999,1.0,1
0.03664658634538148,1.0,1.0,0.036490798530975865,0.9999999999999999,1.0,1
0.13453815261044177,1.0,1.0,0.134536113508198,0.9999999999999999,1.0,1
0.23268072289156627,1.0,1.0,0.23258142848542007,0.9999999999999999,1.0,1
0.33082329317269077,1.0,1.0,0.3306267434626422,0.9999999999999999,1.0,1
0.428714859437751,1.0,1.0,0.4286720584398643,0.9999999999999999,1.0,1
0.5268574297188755,1.0,1.0,0.526733428324871,0.9999999999999999,1.0,1
0.6247489959839357,1.0,1.0,0.624778743302093,0.9999999999999999,1.0,1
0.7228915662650602,1.0,1.0,0.7228240582793152,0.9999999999999999,1.0,1
0.8210341365461847,1.0,1.0,0.8208693732565373,0.9999999999999999,1.0,1
0.918925702811245,1.0,1.0,0.9189146882337593,0.9999999999999999,1.0,1
0.013052208835341361,1.0,1.0,0.012976379216921852,0.9999999999999999,1.0,1
0.11119477911646586,1.0,1.0,0.11102169419414393,0.9999999999999999,1.0,1
0.2090863453815261,1.0,1.0,0.209067009171366,0.9999999999999999,1.0,1
0.30722891566265065,1.0,1.0,0.30711232414858813,0.9999999999999999,1.0,1
0.4051204819277109,1.0,1.0,0.4051576391258102,0.9999999999999999,1.0,1
0.5032630522088354,1.0,1.0,0.5032170021473439,0.9999999999999999,1.0,1
0.5973895582329317,1.0,1.0,0.5973409058981717,0.9999999999999999,1.0,1
0.6955321285140563,1.0,1.0,0.6953862208753938,0.9999999999999999,1.0,1
0.7934236947791165,1.0,1.0,0.7934315358526158,0.9999999999999999,1.0,1
0.891566265060241,1.0,1.0,0.891476850829838,0.9999999999999999,1.0,1
0.9897088353413654,1.0,1.0,0.9895221658070601,0.9999999999999999,1.0,1
0.08358433734939757,1.0,1.0,0.08358385679022251,0.9999999999999999,1.0,1
0.18172690763052207,1.0,1.0,0.18162917176744459,0.9999999999999999,1.0,1
0.2798694779116466,1.0,1.0,0.27967448674466666,0.9999999999999999,1.0,1
0.37776104417670686,1.0,1.0,0.3777198017218888,0.9999999999999999,1.0,1
0.47590361445783136,1.0,1.0,0.47576511669911087,0.9999999999999999,1.0,1
0.5737951807228916,1.0,1.0,0.5738244797206445,0.9999999999999999,1.0,1
0.6719377510040161,1.0,1.0,0.6718697946978667,0.9999999999999999,1.0,1
0.7700803212851406,1.0,1.0,0.7699151096750887,0.9999999999999999,1.0,1
0.8679718875502008,1.0,1.0,0.8679604246523108,0.9999999999999999,1.0,1
0.9661144578313253,1.0,1.0,0.966005739629533,0.9999999999999999,1.0,1
0.060240963855421714,1.0,1.0,0.06006743061269537,0.9999999999999999,1.0,1
0.1581325301204819,1.0,1.0,0.15811274558991745,0.9999999999999999,1.0,1
0.25627510040160645,1.0,1.0,0.2561580605671396,0.9999999999999999,1.0,1
0.3541666666666667,1.0,1.0,0.35420337554436165,0.9999999999999999,1.0,1
0.4523092369477912,1.0,1.0,0.45224869052158373,0.9999999999999999,1.0,1
0.5504518072289157,1.0,1.0,0.5503100604065905,0.9999999999999999,1.0,1
0.6483433734939759,1.0,1.0,0.6483553753838126,0.9999999999999999,1.0,1
0.7464859437751005,1.0,1.0,0.7464006903610346,0.9999999999999999,1.0,1
0.844628514056225,1.0,1.0,0.8444460053382568,0.9999999999999999,1.0,1
0.9425200803212852,1.0,1.0,0.9424913203154788,0.9999999999999999,1.0,1
0.03664658634538148,1.0,1.0,0.0365530112986413,0.9999999999999999,1.0,1
0.13453815261044177,1.0,1.0,0.13459832627586338,0.9999999999999999,1.0,1
0.23268072289156627,1.0,1.0,0.2326436412530855,0.9999999999999999,1.0,1
0.33082329317269077,1.0,1.0,0.3306889562303076,0.9999999999999999,1.0,1
0.428714859437751,1.0,1.0,0.4287342712075297,0.9999999999999999,1.0,1
0.5268574297188755,1.0,1.0,0.5267936342290633,0.9999999999999999,1.0,1
0.625,1.0,1.0,0.6248389492062855,0.9999999999999999,1.0,1
0.7228915662650602,1.0,1.0,0.7228842641835076,0.9999999999999999,1.0,1
0.8210341365461847,1.0,1.0,0.8209295791607296,0.9999999999999999,1.0,1
0.9191767068273093,1.0,1.0,0.9189748941379516,0.9999999999999999,1.0,1
0.013052208835341361,1.0,1.0,0.013036585121114164,0.9999999999999999,1.0,1
0.11119477911646586,1.0,1.0,0.11108190009833624,0.9999999999999999,1.0,1
0.2090863453815261,1.0,1.0,0.20912721507555831,0.9999999999999999,1.0,1
0.30722891566265065,1.0,1.0,0.30717253005278045,0.9999999999999999,1.0,1
0.40537148594377514,1.0,1.0,0.4052178450300025,0.9999999999999999,1.0,1
0.5032630522088354,1.0,1.0,0.5032792149150093,0.9999999999999999,1.0,1
0.5973895582329317,1.0,1.0,0.5974031186658371,0.9999999999999999,1.0,1
0.6955321285140563,1.0,1.0,0.6954464267795861,0.9999999999999999,1.0,1
0.7936746987951808,1.0,1.0,0.7934917417568083,0.9999999999999999,1.0,1
0.891566265060241,1.0,1.0,0.8915370567340304,0.9999999999999999,1.0,1
0.9897088353413654,1.0,1.0,0.9895823717112524,0.9999999999999999,1.0,1
0.08358433734939757,1.0,1.0,0.08364606955788795,0.9999999999999999,1.0,1
0.18172690763052207,1.0,1.0,0.18168937767163695,0.9999999999999999,1.0,1
0.2798694779116466,1.0,1.0,0.27973469264885903,0.9999999999999999,1.0,1
0.37776104417670686,1.0,1.0,0.3777800076260811,0.9999999999999999,1.0,1
0.47590361445783136,1.0,1.0,0.47582532260330324,0.9999999999999999,1.0,1
0.5740461847389559,1.0,1.0,0.5738866924883099,0.9999999999999999,1.0,1
0.6719377510040161,1.0,1.0,0.671932007465532,0.9999999999999999,1.0,1
0.7700803212851406,1.0,1.0,0.7699773224427542,0.9999999999999999,1.0,1
0.8682228915662651,1.0,1.0,0.8680226374199762,0.9999999999999999,1.0,1
0.9661144578313253,1.0,1.0,0.9660679523971983,0.9999999999999999,1.0,1
0.060240963855421714,1.0,1.0,0.06012964338036075,0.9999999999999999,1.0,1
0.1581325301204819,1.0,1.0,0.15817495835758288,0.9999999999999999,1.0,1
0.25627510040160645,1.0,1.0,0.25622027333480496,0.9999999999999999,1.0,1
0.35441767068273095,1.0,1.0,0.35426558831202704,0.9999999999999999,1.0,1
0.4523092369477912,1.0,1.0,0.45231090328924917,0.9999999999999999,1.0,1
0.5504518072289157,1.0,1.0,0.5503702663107828,0.9999999999999999,1.0,1
0.6485943775100402,1.0,1.0,0.6484155812880049,0.9999999999999999,1.0,1
0.7464859437751005,1.0,1.0,0.746460896265227,0.9999999999999999,1.0,1
0.844628514056225,1.0,1.0,0.8445062112424491,0.9999999999999999,1.0,1
0.9425200803212852,1.0,1.0,0.9425515262196712,0.9999999999999999,1.0,1
0.03664658634538148,1.0,1.0,0.036613217202833614,0.9999999999999999,1.0,1
0.13478915662650603,1.0,1.0,0.1346585321800557,0.9999999999999999,1.0,1
0.23268072289156627,1.0,1.0,0.23270384715727788,0.9999999999999999,1.0,1
0.33082329317269077,1.0,1.0,0.3307491621344999,0.9999999999999999,1.0,1
0.42896586345381527,1.0,1.0,0.428794477111722,0.9999999999999999,1.0,1
0.5268574297188755,1.0,1.0,0.5268558469967287,0.9999999999999999,1.0,1
0.625,1.0,1.0,0.6249011619739508,0.9999999999999999,1.0,1
0.7231425702811245,1.0,1.0,0.7229464769511729,0.9999999999999999,1.0,1
0.8210341365461847,1.0,1.0,0.8209917919283951,0.9999999999999999,1.0,1
0.9191767068273093,1.0,1.0,0.9190371069056171,0.9999999999999999,1.0,1
0.013052208835341361,1.0,1.0,0.013098797888779545,0.9999999999999999,1.0,1
0.11119477911646586,1.0,1.0,0.11114411286600168,0.9999999999999999,1.0,1
0.2093373493975904,1.0,1.0,0.20918942784322375,0.9999999999999999,1.0,1
0.30722891566265065,1.0,1.0,0.3072347428204458,0.9999999999999999,1.0,1
0.40537148594377514,1.0,1.0,0.40528005779766796,0.9999999999999999,1.0,1
0.5035140562248996,1.0,1.0,0.5033394208192016,0.9999999999999999,1.0,1
0.597640562248996,1.0,1.0,0.5974633245700294,0.9999999999999999,1.0,1
0.6955321285140563,1.0,1.0,0.6955086395472515,0.9999999999999999,1.0,1
0.7936746987951808,1.0,1.0,0.7935539545244736,0.9999999999999999,1.0,1
0.891566265060241,1.0,1.0,0.8915992695016957,0.9999999999999999,1.0,1
0.9897088353413654,1.0,1.0,0.9896445844789178,0.9999999999999999,1.0,1
0.08383534136546189,1.0,1.0,0.08370627546208026,0.9999999999999999,1.0,1
0.18172690763052207,1.0,1.0,0.18175159043930234,0.9999999999999999,1.0,1
0.2798694779116466,1.0,1.0,0.27979690541652447,0.9999999999999999,1.0,1
0.3780120481927711,1.0,1.0,0.37784222039374654,0.9999999999999999,1.0,1
0.47590361445783136,1.0,1.0,0.4758875353709687,0.9999999999999999,1.0,1
0.5740461847389559,1.0,1.0,0.5739468983925022,0.9999999999999999,1.0,1
0.6721887550200804,1.0,1.0,0.6719922133697244,0.9999999999999999,1.0,1
0.7700803212851406,1.0,1.0,0.7700375283469465,0.9999999999999999,1.0,1
0.8682228915662651,1.0,1.0,0.8680828433241685,0.9999999999999999,1.0,1
0.9661144578313253,1.0,1.0,0.9661281583013908,0.9999999999999999,1.0,1
0.060240963855421714,1.0,1.0,0.06018984928455312,0.9999999999999999,1.0,1
0.1583835341365462,1.0,1.0,0.15823516426177525,0.9999999999999999,1.0,1
0.25627510040160645,1.0,1.0,0.2562804792389973,0.9999999999999999,1.0,1
0.35441767068273095,1.0,1.0,0.3543257942162194,0.9999999999999999,1.0,1
0.45256024096385544,1.0,1.0,0.4523711091934415,0.9999999999999999,1.0,1
0.5504518072289157,1.0,1.0,0.5504324790784483,0.9999999999999999,1.0,1
0.6485943775100402,1.0,1.0,0.6484777940556703,0.9999999999999999,1.0,1
0.7464859437751005,1.0,1.0,0.7465231090328924,0.9999999999999999,1.0,1
0.844628514056225,1.0,1.0,0.8445684240101146,0.9999999999999999,1.0,1
0.9427710843373495,1.0,1.0,0.9426137389873366,0.9999999999999999,1.0,1
0.03664658634538148,1.0,1.0,0.03667542997049905,0.9999999999999999,1.0,1
0.13478915662650603,1.0,1.0,0.13472074494772113,0.9999999999999999,1.0,1
0.23293172690763053,1.0,1.0,0.2327660599249432,0.9999999999999999,1.0,1
0.33082329317269077,1.0,1.0,0.3308113749021654,0.9999999999999999,1.0,1
0.42896586345381527,1.0,1.0,0.4288566898793874,0.9999999999999999,1.0,1
0.5271084337349398,1.0,1.0,0.5269160529009211,0.9999999999999999,1.0,1
0.625,1.0,1.0,0.6249613678781432,0.9999999999999999,1.0,1
0.7231425702811245,1.0,1.0,0.7230066828553653,0.9999999999999999,1.0,1
0.8210341365461847,1.0,1.0,0.8210519978325874,0.9999999999999999,1.0,1
0.9191767068273093,1.0,1.0,0.9190973128098094,0.9999999999999999,1.0,1
0.013303212851405621,1.0,1.0,0.013159003792971913,0.9999999999999999,1.0,1
0.11119477911646586,1.0,1.0,0.11120431877019404,0.9999999999999999,1.0,1
0.2093373493975904,1.0,1.0,0.20924963374741612,0.9999999999999999,1.0,1
0.3074799196787149,1.0,1.0,0.3072949487246382,0.9999999999999999,1.0,1
0.40537148594377514,1.0,1.0,0.40534026370186027,0.9999999999999999,1.0,1
0.5035140562248996,1.0,1.0,0.5034016335868671,0.9999999999999999,1.0,1
0.597640562248996,1.0,1.0,0.5975255373376949,0.9999999999999999,1.0,1
0.6955321285140563,1.0,1.0,0.6955708523149169,0.9999999999999999,1.0,1
0.7936746987951808,1.0,1.0,0.793616167292139,0.9999999999999999,1.0,1
0.8918172690763053,1.0,1.0,0.8916594754058881,0.9999999999999999,1.0,1
0.9897088353413654,1.0,1.0,0.9897047903831102,0.9999999999999999,1.0,1
0.08383534136546189,1.0,1.0,0.08376848822974564,0.9999999999999999,1.0,1
0.1819779116465864,1.0,1.0,0.18181380320696777,0.9999999999999999,1.0,1
0.2798694779116466,1.0,1.0,0.27985911818418985,0.9999999999999999,1.0,1
0.3780120481927711,1.0,1.0,0.3779024262979389,0.9999999999999999,1.0,1
0.47590361445783136,1.0,1.0,0.475947741275161,0.9999999999999999,1.0,1
0.5740461847389559,1.0,1.0,0.5740091111601677,0.9999999999999999,1.0,1
0.6721887550200804,1.0,1.0,0.6720544261373897,0.9999999999999999,1.0,1
0.7700803212851406,1.0,1.0,0.770099741114612,0.9999999999999999,1.0,1
0.8682228915662651,1.0,1.0,0.868145056091834,0.9999999999999999,1.0,1
0.9663654618473896,1.0,1.0,0.9661903710690561,0.9999999999999999,1.0,1
0.060240963855421714,1.0,1.0,0.0602520620522185,0.9999999999999999,1.0,1
0.1583835341365462,1.0,1.0,0.15829737702944058,0.9999999999999999,1.0,1
0.2565261044176707,1.0,1.0,0.2563426920066627,0.9999999999999999,1.0,1
0.35441767068273095,1.0,1.0,0.35438800698388484,0.9999999999999999,1.0,1
0.45256024096385544,1.0,1.0,0.4524333219611069,0.9999999999999999,1.0,1
0.5504518072289157,1.0,1.0,0.5504926849826406,0.9999999999999999,1.0,1
0.6485943775100402,1.0,1.0,0.6485379999598626,0.9999999999999999,1.0,1
0.7467369477911647,1.0,1.0,0.7465833149370847,0.9999999999999999,1.0,1
0.844628514056225,1.0,1.0,0.8446286299143069,0.9999999999999999,1.0,1
0.9427710843373495,1.0,1.0,0.9426739448915289,0.9999999999999999,1.0,1
0.0368975903614458,1.0,1.0,0.03673563587469142,0.9999999999999999,1.0,1
0.13478915662650603,1.0,1.0,0.1347809508519135,0.9999999999999999,1.0,1
0.23293172690763053,1.0,1.0,0.23282626582913557,0.9999999999999999,1.0,1
0.33082329317269077,1.0,1.0,0.3308715808063577,0.9999999999999999,1.0,1
0.42896586345381527,1.0,1.0,0.4289168957835798,0.9999999999999999,1.0,1
0.5271084337349398,1.0,1.0,0.5269782656685865,0.9999999999999999,1.0,1
0.625,1.0,1.0,0.6250235806458087,0.9999999999999999,1.0,1
0.7231425702811245,1.0,1.0,0.7230688956230307,0.9999999999999999,1.0,1
0.821285140562249,1.0,1.0,0.8211142106002527,0.9999999999999999,1.0,1
0.9191767068273093,1.0,1.0,0.9191595255774749,0.9999999999999999,1.0,1
0.013303212851405621,1.0,1.0,0.013221216560637294,0.9999999999999999,1.0,1
0.11144578313253012,1.0,1.0,0.11126653153785943,0.9999999999999999,1.0,1
0.2093373493975904,1.0,1.0,0.2093118465150815,0.9999999999999999,1.0,1
0.3074799196787149,1.0,1.0,0.30735716149230363,0.9999999999999999,1.0,1
0.40537148594377514,1.0,1.0,0.4054024764695257,0.9999999999999999,1.0,1
0.5035140562248996,1.0,1.0,0.5034618394910594,0.9999999999999999,1.0,1
0.597640562248996,1.0,1.0,0.5975857432418872,0.9999999999999999,1.0,1
0.6957831325301205,1.0,1.0,0.6956310582191093,0.9999999999999999,1.0,1
0.7936746987951808,1.0,1.0,0.7936763731963314,0.9999999999999999,1.0,1
0.8918172690763053,1.0,1.0,0.8917216881735535,0.9999999999999999,1.0,1
0.9899598393574298,1.0,1.0,0.9897670031507756,0.9999999999999999,1.0,1
0.08383534136546189,1.0,1.0,0.08382869413393801,0.9999999999999999,1.0,1
0.1819779116465864,1.0,1.0,0.18187400911116014,0.9999999999999999,1.0,1
0.2798694779116466,1.0,1.0,0.27991932408838216,0.9999999999999999,1.0,1
0.3780120481927711,1.0,1.0,0.3779646390656043,0.9999999999999999,1.0,1
0.4761546184738956,1.0,1.0,0.4760099540428264,0.9999999999999999,1.0,1
0.5740461847389559,1.0,1.0,0.5740713239278331,0.9999999999999999,1.0,1
0.6721887550200804,1.0,1.0,0.6721166389050552,0.9999999999999999,1.0,1
0.7703313253012049,1.0,1.0,0.7701599470188043,0.9999999999999999,1.0,1
0.8682228915662651,1.0,1.0,0.8682052619960263,0.9999999999999999,1.0,1
0.9663654618473896,1.0,1.0,0.9662505769732485,0.9999999999999999,1.0,1
0.060491967871485974,1.0,1.0,0.06031427481988394,0.9999999999999999,1.0,1
0.1583835341365462,1.0,1.0,0.15835958979710602,0.9999999999999999,1.0,1
0.2565261044176707,1.0,1.0,0.2564028979108551,0.9999999999999999,1.0,1
0.35441767068273095,1.0,1.0,0.35444821288807715,0.9999999999999999,1.0,1
0.45256024096385544,1.0,1.0,0.4524935278652993,0.9999999999999999,1.0,1
0.55070281124498,1.0,1.0,0.550554897750306,0.9999999999999999,1.0,1
0.6485943775100402,1.0,1.0,0.6486002127275281,0.9999999999999999,1.0,1
0.7467369477911647,1.0,1.0,0.7466455277047501,0.9999999999999999,1.0,1
0.8448795180722892,1.0,1.0,0.8446908426819724,0.9999999999999999,1.0,1
0.9427710843373495,1.0,1.0,0.9427361576591944,0.9999999999999999,1.0,1
0.0368975903614458,1.0,1.0,0.036797848642356856,0.9999999999999999,1.0,1
0.13478915662650603,1.0,1.0,0.13484316361957893,0.9999999999999999,1.0,1
0.23293172690763053,1.0,1.0,0.232888478596801,0.9999999999999999,1.0,1
0.33107429718875503,1.0,1.0,0.3309337935740231,0.9999999999999999,1.0,1
0.42896586345381527,1.0,1.0,0.4289791085512452,0.9999999999999999,1.0,1
0.5271084337349398,1.0,1.0,0.5270384715727788,0.9999999999999999,1.0,1
0.6252510040160643,1.0,1.0,0.625083786550001,0.9999999999999999,1.0,1
0.7231425702811245,1.0,1.0,0.723129101527223,0.9999999999999999,1.0,1
0.821285140562249,1.0,1.0,0.8211744165044451,0.9999999999999999,1.0,1
0.9194277108433735,1.0,1.0,0.9192197314816672,0.9999999999999999,1.0,1
0.013303212851405621,1.0,1.0,0.013281422464829662,0.9999999999999999,1.0,1
0.11144578313253012,1.0,1.0,0.11132673744205179,0.9999999999999999,1.0,1
0.2093373493975904,1.0,1.0,0.20937205241927387,0.9999999999999999,1.0,1
0.3074799196787149,1.0,1.0,0.30741736739649594,0.9999999999999999,1.0,1
0.4056224899598394,1.0,1.0,0.4054626823737181,0.9999999999999999,1.0,1
0.5035140562248996,1.0,1.0,0.5035240522587248,0.9999999999999999,1.0,1
0.597640562248996,1.0,1.0,0.5976479560095526,0.9999999999999999,1.0,1
0.6957831325301205,1.0,1.0,0.6956932709867747,0.9999999999999999,1.0,1
0.793925702811245,1.0,1.0,0.7937385859639968,0.9999999999999999,1.0,1
0.8918172690763053,1.0,1.0,0.891783900941219,0.9999999999999999,1.0,1
0.9899598393574298,1.0,1.0,0.989829215918441,0.9999999999999999,1.0,1
0.08383534136546189,1.0,1.0,0.08389090690160339,0.9999999999999999,1.0,1
0.1819779116465864,1.0,1.0,0.18193622187882558,0.9999999999999999,1.0,1
0.2801204819277109,1.0,1.0,0.27998153685604765,0.9999999999999999,1.0,1
0.3780120481927711,1.0,1.0,0.37802685183326973,0.9999999999999999,1.0,1
0.4761546184738956,1.0,1.0,0.4760721668104918,0.9999999999999999,1.0,1
0.5742971887550201,1.0,1.0,0.5741315298320254,0.9999999999999999,1.0,1
0.6721887550200804,1.0,1.0,0.6721768448092476,0.9999999999999999,1.0,1
0.7703313253012049,1.0,1.0,0.7702221597864697,0.9999999999999999,1.0,1
0.8684738955823293,1.0,1.0,0.8682674747636918,0.9999999999999999,1.0,1
0.9663654618473896,1.0,1.0,0.9663127897409138,0.9999999999999999,1.0,1
0.060491967871485974,1.0,1.0,0.06037448072407631,0.9999999999999999,1.0,1
0.1583835341365462,1.0,1.0,0.15841979570129838,0.9999999999999999,1.0,1
0.2565261044176707,1.0,1.0,0.2564651106785205,0.9999999999999999,1.0,1
0.3546686746987952,1.0,1.0,0.3545104256557426,0.9999999999999999,1.0,1
0.45256024096385544,1.0,1.0,0.45255574063296466,0.9999999999999999,1.0,1
0.55070281124498,1.0,1.0,0.5506171105179714,0.9999999999999999,1.0,1
0.6488453815261044,1.0,1.0,0.6486624254951935,0.9999999999999999,1.0,1
0.7467369477911647,1.0,1.0,0.7467057336089424,0.9999999999999999,1.0,1
0.8448795180722892,1.0,1.0,0.8447510485861647,0.9999999999999999,1.0,1
0.9427710843373495,1.0,1.0,0.9427963635633867,0.9999999999999999,1.0,1
0.0368975903614458,1.0,1.0,0.03686006141002218,0.9999999999999999,1.0,1
0.1350401606425703,1.0,1.0,0.1349053763872443,0.9999999999999999,1.0,1
0.23293172690763053,1.0,1.0,0.23294868450099332,0.9999999999999999,1.0,1
0.33107429718875503,1.0,1.0,0.3309939994782154,0.9999999999999999,1.0,1
0.4292168674698795,1.0,1.0,0.4290393144554375,0.9999999999999999,1.0,1
0.5271084337349398,1.0,1.0,0.5271006843404442,0.9999999999999999,1.0,1
0.6252510040160643,1.0,1.0,0.6251459993176663,0.9999999999999999,1.0,1
0.7233935742971888,1.0,1.0,0.7231913142948885,0.9999999999999999,1.0,1
0.821285140562249,1.0,1.0,0.8212366292721105,0.9999999999999999,1.0,1
0.9194277108433735,1.0,1.0,0.9192819442493326,0.9999999999999999,1.0,1
0.013303212851405621,1.0,1.0,0.013343635232495099,0.9999999999999999,1.0,1
0.11144578313253012,1.0,1.0,0.11138895020971717,0.9999999999999999,1.0,1
0.20958835341365462,1.0,1.0,0.2094342651869393,0.9999999999999999,1.0,1
0.3074799196787149,1.0,1.0,0.3074795801641614,0.9999999999999999,1.0,1
0.4056224899598394,1.0,1.0,0.40552489514138346,0.9999999999999999,1.0,1
0.5037650602409639,1.0,1.0,0.5035842581629171,0.9999999999999999,1.0,1
0.5978915662650602,1.0,1.0,0.597708161913745,0.9999999999999999,1.0,1
0.6957831325301205,1.0,1.0,0.695753476890967,0.9999999999999999,1.0,1
0.793925702811245,1.0,1.0,0.7937987918681891,0.9999999999999999,1.0,1
0.8918172690763053,1.0,1.0,0.8918441068454113,0.9999999999999999,1.0,1
0.9899598393574298,1.0,1.0,0.9898894218226333,0.9999999999999999,1.0,1
0.0840863453815261,1.0,1.0,0.08395111280579576,0.9999999999999999,1.0,1
0.1819779116465864,1.0,1.0,0.1819964277830179,0.9999999999999999,1.0,1
0.2801204819277109,1.0,1.0,0.28004174276023996,0.9999999999999999,1.0,1
0.3782630522088354,1.0,1.0,0.37808705773746204,0.9999999999999999,1.0,1
0.4761546184738956,1.0,1.0,0.47613237271468417,0.9999999999999999,1.0,1
0.5742971887550201,1.0,1.0,0.5741937425996909,0.9999999999999999,1.0,1
0.6724397590361446,1.0,1.0,0.6722390575769129,0.9999999999999999,1.0,1
0.7703313253012049,1.0,1.0,0.7702843725541351,0.9999999999999999,1.0,1
0.8684738955823293,1.0,1.0,0.8683296875313572,0.9999999999999999,1.0,1
0.9663654618473896,1.0,1.0,0.9663729956451061,0.9999999999999999,1.0,1
0.060491967871485974,1.0,1.0,0.060436693491741744,0.9999999999999999,1.0,1
0.15863453815261042,1.0,1.0,0.15848200846896382,0.9999999999999999,1.0,1
0.2565261044176707,1.0,1.0,0.2565273234461859,0.9999999999999999,1.0,1
0.3546686746987952,1.0,1.0,0.35457263842340797,0.9999999999999999,1.0,1
0.4528112449799197,1.0,1.0,0.45261594653715703,0.9999999999999999,1.0,1
0.55070281124498,1.0,1.0,0.5506773164221638,0.9999999999999999,1.0,1
0.6488453815261044,1.0,1.0,0.6487226313993858,0.9999999999999999,1.0,1
0.7467369477911647,1.0,1.0,0.7467679463766079,0.9999999999999999,1.0,1
0.8448795180722892,1.0,1.0,0.84481326135383,0.9999999999999999,1.0,1
0.9430220883534137,1.0,1.0,0.9428585763310522,0.9999999999999999,1.0,1
0.0368975903614458,1.0,1.0,0.03692026731421455,0.9999999999999999,1.0,1
0.1350401606425703,1.0,1.0,0.13496558229143668,0.9999999999999999,1.0,1
0.2331827309236948,1.0,1.0,0.23301089726865876,0.9999999999999999,1.0,1
0.33107429718875503,1.0,1.0,0.3310562122458809,0.9999999999999999,1.0,1
0.4292168674698795,1.0,1.0,0.42910152722310296,0.9999999999999999,1.0,1
0.527359437751004,1.0,1.0,0.5271628971081097,0.9999999999999999,1.0,1
0.6252510040160643,1.0,1.0,0.6252062052218587,0.9999999999999999,1.0,1
0.7233935742971888,1.0,1.0,0.7232515201990808,0.9999999999999999,1.0,1
0.821285140562249,1.0,1.0,0.8212968351763028,0.9999999999999999,1.0,1
0.9194277108433735,1.0,1.0,0.9193421501535249,0.9999999999999999,1.0,1
0.013554216867469882,1.0,1.0,0.013405848000160536,0.9999999999999999,1.0,1
0.11144578313253012,1.0,1.0,0.11144915611390949,0.9999999999999999,1.0,1
0.20958835341365462,1.0,1.0,0.20949447109113162,0.9999999999999999,1.0,1
0.3077309236947791,1.0,1.0,0.30753978606835375,0.9999999999999999,1.0,1
0.4056224899598394,1.0,1.0,0.40558510104557577,0.9999999999999999,1.0,1
0.5037650602409639,1.0,1.0,0.5036464709305826,0.9999999999999999,1.0,1
0.5978915662650602,1.0,1.0,0.5977703746814104,0.9999999999999999,1.0,1
0.6957831325301205,1.0,1.0,0.6958156896586325,0.9999999999999999,1.0,1
0.793925702811245,1.0,1.0,0.7938610046358545,0.9999999999999999,1.0,1
0.8920682730923695,1.0,1.0,0.8919063196130766,0.9999999999999999,1.0,1
0.9899598393574298,1.0,1.0,0.9899516345902988,0.9999999999999999,1.0,1
0.0840863453815261,1.0,1.0,0.0840133255734612,0.9999999999999999,1.0,1
0.1822289156626506,1.0,1.0,0.18205864055068327,0.9999999999999999,1.0,1
0.2801204819277109,1.0,1.0,0.28010395552790535,0.9999999999999999,1.0,1
0.3782630522088354,1.0,1.0,0.3781492705051275,0.9999999999999999,1.0,1
0.4761546184738956,1.0,1.0,0.47619458548234955,0.9999999999999999,1.0,1
0.5742971887550201,1.0,1.0,0.5742539485038832,0.9999999999999999,1.0,1
0.6724397590361446,1.0,1.0,0.6722992634811054,0.9999999999999999,1.0,1
0.7703313253012049,1.0,1.0,0.7703445784583274,0.9999999999999999,1.0,1
0.8684738955823293,1.0,1.0,0.8683898934355495,0.9999999999999999,1.0,1
0.9666164658634538,1.0,1.0,0.9664352084127716,0.9999999999999999,1.0,1
0.060491967871485974,1.0,1.0,0.060496899395934056,0.9999999999999999,1.0,1
0.15863453815261042,1.0,1.0,0.15854221437315613,0.9999999999999999,1.0,1
0.25677710843373497,1.0,1.0,0.2565875293503782,0.9999999999999999,1.0,1
0.3546686746987952,1.0,1.0,0.35463284432760034,0.9999999999999999,1.0,1
0.4528112449799197,1.0,1.0,0.4526781593048224,0.9999999999999999,1.0,1
0.55070281124498,1.0,1.0,0.5507395291898292,0.9999999999999999,1.0,1
0.6488453815261044,1.0,1.0,0.6487848441670513,0.9999999999999999,1.0,1
0.7469879518072289,1.0,1.0,0.7468301591442734,0.9999999999999999,1.0,1
0.8448795180722892,1.0,1.0,0.8448734672580224,0.9999999999999999,1.0,1
0.9430220883534137,1.0,1.0,0.9429187822352445,0.9999999999999999,1.0,1
0.03714859437751,1.0,1.0,0.03698248008187999,0.9999999999999999,1.0,1
0.1350401606425703,1.0,1.0,0.13502779505910206,0.9999999999999999,1.0,1
0.2331827309236948,1.0,1.0,0.2330731100363242,0.9999999999999999,1.0,1
0.33107429718875503,1.0,1.0,0.3311164181500732,0.9999999999999999,1.0,1
0.4292168674698795,1.0,1.0,0.4291617331272953,0.9999999999999999,1.0,1
0.527359437751004,1.0,1.0,0.527223103012302,0.9999999999999999,1.0,1
0.6252510040160643,1.0,1.0,0.625268417989524,0.9999999999999999,1.0,1
0.7233935742971888,1.0,1.0,0.7233137329667462,0.9999999999999999,1.0,1
0.8215361445783133,1.0,1.0,0.8213590479439683,0.9999999999999999,1.0,1
0.9194277108433735,1.0,1.0,0.9194043629211903,0.9999999999999999,1.0,1
0.013554216867469882,1.0,1.0,0.013466053904352848,0.9999999999999999,1.0,1
0.11169678714859438,1.0,1.0,0.11151136888157492,0.9999999999999999,1.0,1
0.20958835341365462,1.0,1.0,0.209556683858797,0.9999999999999999,1.0,1
0.3077309236947791,1.0,1.0,0.30760199883601913,0.9999999999999999,1.0,1
0.4056224899598394,1.0,1.0,0.40564731381324126,0.9999999999999999,1.0,1
0.5037650602409639,1.0,1.0,0.5037066768347749,0.9999999999999999,1.0,1
0.5978915662650602,1.0,1.0,0.5978305805856027,0.9999999999999999,1.0,1
0.6960341365461848,1.0,1.0,0.6958758955628248,0.9999999999999999,1.0,1
0.793925702811245,1.0,1.0,0.7939212105400468,0.9999999999999999,1.0,1
0.8920682730923695,1.0,1.0,0.891966525517269,0.9999999999999999,1.0,1
0.990210843373494,1.0,1.0,0.9900118404944911,0.9999999999999999,1.0,1
0.0840863453815261,1.0,1.0,0.08407353147765351,0.9999999999999999,1.0,1
0.1822289156626506,1.0,1.0,0.18211884645487558,0.9999999999999999,1.0,1
0.2801204819277109,1.0,1.0,0.2801641614320977,0.9999999999999999,1.0,1
0.3782630522088354,1.0,1.0,0.3782094764093198,0.9999999999999999,1.0,1
0.4764056224899599,1.0,1.0,0.4762547913865419,0.9999999999999999,1.0,1
0.5742971887550201,1.0,1.0,0.5743161612715486,0.9999999999999999,1.0,1
0.6724397590361446,1.0,1.0,0.6723614762487707,0.9999999999999999,1.0,1
0.7705823293172691,1.0,1.0,0.7704067912259929,0.9999999999999999,1.0,1
0.8684738955823293,1.0,1.0,0.8684521062032149,0.9999999999999999,1.0,1
0.9666164658634538,1.0,1.0,0.966497421180437,0.9999999999999999,1.0,1
0.06074297188755018,1.0,1.0,0.06055911216359944,0.9999999999999999,1.0,1
0.15863453815261042,1.0,1.0,0.15860442714082157,0.9999999999999999,1.0,1
0.25677710843373497,1.0,1.0,0.25664974211804364,0.9999999999999999,1.0,1
0.3546686746987952,1.0,1.0,0.3546950570952657,0.9999999999999999,1.0,1
0.4528112449799197,1.0,1.0,0.45274037207248785,0.9999999999999999,1.0,1
0.5509538152610443,1.0,1.0,0.5507997350940215,0.9999999999999999,1.0,1
0.6488453815261044,1.0,1.0,0.6488450500712436,0.9999999999999999,1.0,1
0.7469879518072289,1.0,1.0,0.7468903650484657,0.9999999999999999,1.0,1
0.8451305220883534,1.0,1.0,0.8449356800256878,0.9999999999999999,1.0,1
0.9430220883534137,1.0,1.0,0.9429809950029098,0.9999999999999999,1.0,1
0.03714859437751,1.0,1.0,0.0370426859860723,0.9999999999999999,1.0,1
0.1350401606425703,1.0,1.0,0.13508800096329437,0.9999999999999999,1.0,1
0.2331827309236948,1.0,1.0,0.2331333159405165,0.9999999999999999,1.0,1
0.3313253012048193,1.0,1.0,0.3311786309177386,0.9999999999999999,1.0,1
0.4292168674698795,1.0,1.0,0.4292239458949607,0.9999999999999999,1.0,1
0.527359437751004,1.0,1.0,0.5272853157799674,0.9999999999999999,1.0,1
0.6255020080321285,1.0,1.0,0.6253306307571895,0.9999999999999999,1.0,1
0.7233935742971888,1.0,1.0,0.7233759457344116,0.9999999999999999,1.0,1
0.8215361445783133,1.0,1.0,0.8214192538481606,0.9999999999999999,1.0,1
0.9196787148594378,1.0,1.0,0.9194645688253827,0.9999999999999999,1.0,1
0.013554216867469882,1.0,1.0,0.01352826667201823,0.9999999999999999,1.0,1
0.11169678714859438,1.0,1.0,0.11157358164924036,0.9999999999999999,1.0,1
0.20958835341365462,1.0,1.0,0.20961889662646244,0.9999999999999999,1.0,1
0.3077309236947791,1.0,1.0,0.30766220474021144,0.9999999999999999,1.0,1
0.40587349397590367,1.0,1.0,0.4057075197174336,0.9999999999999999,1.0,1
0.5037650602409639,1.0,1.0,0.5037688896024403,0.9999999999999999,1.0,1
0.5978915662650602,1.0,1.0,0.5978927933532681,0.9999999999999999,1.0,1
0.6960341365461848,1.0,1.0,0.6959381083304902,0.9999999999999999,1.0,1
0.7941767068273092,1.0,1.0,0.7939834233077123,0.9999999999999999,1.0,1
0.8920682730923695,1.0,1.0,0.8920287382849343,0.9999999999999999,1.0,1
0.990210843373494,1.0,1.0,0.9900740532621565,0.9999999999999999,1.0,1
0.0840863453815261,1.0,1.0,0.08413574424531894,0.9999999999999999,1.0,1
0.1822289156626506,1.0,1.0,0.18218105922254102,0.9999999999999999,1.0,1
0.28037148594377514,1.0,1.0,0.28022637419976315,0.9999999999999999,1.0,1
0.3782630522088354,1.0,1.0,0.3782716891769852,0.9999999999999999,1.0,1
0.4764056224899599,1.0,1.0,0.4763170041542073,0.9999999999999999,1.0,1
0.5745481927710844,1.0,1.0,0.5743763671757409,0.9999999999999999,1.0,1
0.6724397590361446,1.0,1.0,0.672421682152963,0.9999999999999999,1.0,1
0.7705823293172691,1.0,1.0,0.7704669971301852,0.9999999999999999,1.0,1
0.8687248995983936,1.0,1.0,0.8685123121074072,0.9999999999999999,1.0,1
0.9666164658634538,1.0,1.0,0.9665576270846294,0.9999999999999999,1.0,1
0.06074297188755018,1.0,1.0,0.06061931806779175,0.9999999999999999,1.0,1
0.15863453815261042,1.0,1.0,0.15866463304501388,0.9999999999999999,1.0,1
0.25677710843373497,1.0,1.0,0.256709948022236,0.9999999999999999,1.0,1
0.35491967871485947,1.0,1.0,0.3547552629994581,0.9999999999999999,1.0,1
0.4528112449799197,1.0,1.0,0.45280057797668016,0.9999999999999999,1.0,1
0.5509538152610443,1.0,1.0,0.550861947861687,0.9999999999999999,1.0,1
0.6490963855421688,1.0,1.0,0.648907262838909,0.9999999999999999,1.0,1
0.7469879518072289,1.0,1.0,0.7469525778161311,0.9999999999999999,1.0,1
0.8451305220883534,1.0,1.0,0.8449978927933532,0.9999999999999999,1.0,1
0.9430220883534137,1.0,1.0,0.9430432077705753,0.9999999999999999,1.0,1
0.03714859437751,1.0,1.0,0.037104898753737736,0.9999999999999999,1.0,1
0.1352911646586345,1.0,1.0,0.1351502137309598,0.9999999999999999,1.0,1
0.2331827309236948,1.0,1.0,0.23319552870818194,0.9999999999999999,1.0,1
0.3313253012048193,1.0,1.0,0.331240843685404,0.9999999999999999,1.0,1
0.4294678714859438,1.0,1.0,0.4292861586626261,0.9999999999999999,1.0,1
0.527359437751004,1.0,1.0,0.5273455216841597,0.9999999999999999,1.0,1
0.6255020080321285,1.0,1.0,0.6253908366613818,0.9999999999999999,1.0,1
0.723644578313253,1.0,1.0,0.723436151638604,0.9999999999999999,1.0,1
0.8215361445783133,1.0,1.0,0.8214814666158261,0.9999999999999999,1.0,1
0.9196787148594378,1.0,1.0,0.9195267815930481,0.9999999999999999,1.0,1
0.013554216867469882,1.0,1.0,0.013588472576210542,0.9999999999999999,1.0,1
0.11169678714859438,1.0,1.0,0.11163378755343267,0.9999999999999999,1.0,1
0.20983935742971893,1.0,1.0,0.20967910253065475,0.9999999999999999,1.0,1
0.3077309236947791,1.0,1.0,0.3077244175078769,0.9999999999999999,1.0,1
0.40587349397590367,1.0,1.0,0.40576973248509896,0.9999999999999999,1.0,1
0.5040160642570282,1.0,1.0,0.5038311023701056,0.9999999999999999,1.0,1
0.5981425702811245,1.0,1.0,0.5979529992574605,0.9999999999999999,1.0,1
0.6960341365461848,1.0,1.0,0.6959983142346825,0.9999999999999999,1.0,1
0.7941767068273092,1.0,1.0,0.7940436292119046,0.9999999999999999,1.0,1
0.8920682730923695,1.0,1.0,0.8920889441891268,0.9999999999999999,1.0,1
0.990210843373494,1.0,1.0,0.9901342591663489,0.9999999999999999,1.0,1
0.08433734939759041,1.0,1.0,0.08419595014951131,0.9999999999999999,1.0,1
0.1822289156626506,1.0,1.0,0.1822412651267334,0.9999999999999999,1.0,1
0.28037148594377514,1.0,1.0,0.28028658010395546,0.9999999999999999,1.0,1
0.37851405622489964,1.0,1.0,0.3783318950811776,0.9999999999999999,1.0,1
0.4764056224899599,1.0,1.0,0.47637721005839967,0.9999999999999999,1.0,1
0.5745481927710844,1.0,1.0,0.5744385799434064,0.9999999999999999,1.0,1
0.6726907630522089,1.0,1.0,0.6724838949206284,0.9999999999999999,1.0,1
0.7705823293172691,1.0,1.0,0.7705292098978506,0.9999999999999999,1.0,1
0.8687248995983936,1.0,1.0,0.8685745248750727,0.9999999999999999,1.0,1
0.9666164658634538,1.0,1.0,0.9666198398522947,0.9999999999999999,1.0,1
0.06074297188755018,1.0,1.0,0.06068153083545719,0.9999999999999999,1.0,1
0.15888554216867473,1.0,1.0,0.15872684581267932,0.9999999999999999,1.0,1
0.25677710843373497,1.0,1.0,0.2567721607899014,0.9999999999999999,1.0,1
0.35491967871485947,1.0,1.0,0.3548174757671235,0.9999999999999999,1.0,1
0.45306224899598396,1.0,1.0,0.4528627907443456,0.9999999999999999,1.0,1
0.5509538152610443,1.0,1.0,0.5509221537658793,0.9999999999999999,1.0,1
0.6490963855421688,1.0,1.0,0.6489674687431013,0.9999999999999999,1.0,1
0.7469879518072289,1.0,1.0,0.7470127837203234,0.9999999999999999,1.0,1
0.8451305220883534,1.0,1.0,0.8450580986975456,0.9999999999999999,1.0,1
0.943273092369478,1.0,1.0,0.9431034136747676,0.9999999999999999,1.0,1
0.03714859437751,1.0,1.0,0.037165104657930104,0.9999999999999999,1.0,1
0.1352911646586345,1.0,1.0,0.13521041963515218,0.9999999999999999,1.0,1
0.23343373493975905,1.0,1.0,0.2332557346123743,0.9999999999999999,1.0,1
0.3313253012048193,1.0,1.0,0.3313010495895964,0.9999999999999999,1.0,1
0.4294678714859438,1.0,1.0,0.42934636456681846,0.9999999999999999,1.0,1
0.5276104417670683,1.0,1.0,0.5274077344518252,0.9999999999999999,1.0,1
0.6255020080321285,1.0,1.0,0.6254530494290472,0.9999999999999999,1.0,1
0.723644578313253,1.0,1.0,0.7234983644062694,0.9999999999999999,1.0,1
0.8215361445783133,1.0,1.0,0.8215436793834914,0.9999999999999999,1.0,1
0.9196787148594378,1.0,1.0,0.9195889943607136,0.9999999999999999,1.0,1
0.013805220883534142,1.0,1.0,0.013650685343875979,0.9999999999999999,1.0,1
0.11169678714859438,1.0,1.0,0.11169600032109811,0.9999999999999999,1.0,1
0.20983935742971893,1.0,1.0,0.20974131529832019,0.9999999999999999,1.0,1
0.3079819277108434,1.0,1.0,0.3077866302755423,0.9999999999999999,1.0,1
0.40587349397590367,1.0,1.0,0.4058319452527644,0.9999999999999999,1.0,1
0.5040160642570282,1.0,1.0,0.5038913082742981,0.9999999999999999,1.0,1
0.5981425702811245,1.0,1.0,0.5980152120251259,0.9999999999999999,1.0,1
0.6960341365461848,1.0,1.0,0.696060527002348,0.9999999999999999,1.0,1
0.7941767068273092,1.0,1.0,0.7941058419795701,0.9999999999999999,1.0,1
0.8923192771084338,1.0,1.0,0.8921511569567921,0.9999999999999999,1.0,1
0.990210843373494,1.0,1.0,0.9901964719340143,0.9999999999999999,1.0,1
0.08433734939759041,1.0,1.0,0.08425816291717664,0.9999999999999999,1.0,1
0.1824799196787149,1.0,1.0,0.18230347789439877,0.9999999999999999,1.0,1
0.28037148594377514,1.0,1.0,0.28034879287162084,0.9999999999999999,1.0,1
0.37851405622489964,1.0,1.0,0.378394107848843,0.9999999999999999,1.0,1
0.4764056224899599,1.0,1.0,0.4764394228260651,0.9999999999999999,1.0,1
0.5745481927710844,1.0,1.0,0.5744987858475987,0.9999999999999999,1.0,1
0.6726907630522089,1.0,1.0,0.6725441008248209,0.9999999999999999,1.0,1
0.7705823293172691,1.0,1.0,0.770589415802043,0.9999999999999999,1.0,1
0.8687248995983936,1.0,1.0,0.868634730779265,0.9999999999999999,1.0,1
0.9668674698795181,1.0,1.0,0.9666800457564871,0.9999999999999999,1.0,1
0.06074297188755018,1.0,1.0,0.060741736739649554,0.9999999999999999,1.0,1
0.15888554216867473,1.0,1.0,0.15878705171687163,0.9999999999999999,1.0,1
0.25677710843373497,1.0,1.0,0.25683236669409376,0.9999999999999999,1.0,1
0.35491967871485947,1.0,1.0,0.35487768167131584,0.9999999999999999,1.0,1
0.45306224899598396,1.0,1.0,0.4529229966485379,0.9999999999999999,1.0,1
0.5509538152610443,1.0,1.0,0.5509843665335447,0.9999999999999999,1.0,1
0.6490963855421688,1.0,1.0,0.6490296815107668,0.9999999999999999,1.0,1
0.7472389558232932,1.0,1.0,0.7470749964879888,0.9999999999999999,1.0,1
0.8451305220883534,1.0,1.0,0.8451203114652109,0.9999999999999999,1.0,1
0.943273092369478,1.0,1.0,0.9431656264424331,0.9999999999999999,1.0,1
0.03739959839357432,1.0,1.0,0.037227317425595485,0.9999999999999999,1.0,1
0.1352911646586345,1.0,1.0,0.13527263240281756,0.9999999999999999,1.0,1
0.23343373493975905,1.0,1.0,0.23331794738003964,0.9999999999999999,1.0,1
0.3313253012048193,1.0,1.0,0.33136326235726177,0.9999999999999999,1.0,1
0.4294678714859438,1.0,1.0,0.4294085773344839,0.9999999999999999,1.0,1
0.5276104417670683,1.0,1.0,0.5274679403560175,0.9999999999999999,1.0,1
0.6255020080321285,1.0,1.0,0.6255132553332396,0.9999999999999999,1.0,1
0.723644578313253,1.0,1.0,0.7235585703104617,0.9999999999999999,1.0,1
0.8217871485943775,1.0,1.0,0.8216038852876838,0.9999999999999999,1.0,1
0.9196787148594378,1.0,1.0,0.9196492002649059,0.9999999999999999,1.0,1
0.013805220883534142,1.0,1.0,0.013710891248068346,0.9999999999999999,1.0,1
0.11169678714859438,1.0,1.0,0.11175620622529048,0.9999999999999999,1.0,1
0.20983935742971893,1.0,1.0,0.20980152120251255,0.9999999999999999,1.0,1
0.3079819277108434,1.0,1.0,0.30784683617973463,0.9999999999999999,1.0,1
0.40587349397590367,1.0,1.0,0.40589215115695676,0.9999999999999999,1.0,1
0.5040160642570282,1.0,1.0,0.5039535210419634,0.9999999999999999,1.0,1
0.5981425702811245,1.0,1.0,0.5980754179293182,0.9999999999999999,1.0,1
0.696285140562249,1.0,1.0,0.6961207329065403,0.9999999999999999,1.0,1
0.7941767068273092,1.0,1.0,0.7941660478837624,0.9999999999999999,1.0,1
0.8923192771084338,1.0,1.0,0.8922113628609845,0.9999999999999999,1.0,1
0.9904618473895583,1.0,1.0,0.9902566778382066,0.9999999999999999,1.0,1
0.08433734939759041,1.0,1.0,0.084318368821369,0.9999999999999999,1.0,1
0.1824799196787149,1.0,1.0,0.18236368379859114,0.9999999999999999,1.0,1
0.28037148594377514,1.0,1.0,0.2804089987758132,0.9999999999999999,1.0,1
0.37851405622489964,1.0,1.0,0.3784543137530353,0.9999999999999999,1.0,1
0.47665662650602414,1.0,1.0,0.4764996287302574,0.9999999999999999,1.0,1
0.5745481927710844,1.0,1.0,0.5745609986152641,0.9999999999999999,1.0,1
0.6726907630522089,1.0,1.0,0.6726063135924862,0.9999999999999999,1.0,1
0.7708333333333334,1.0,1.0,0.7706516285697084,0.9999999999999999,1.0,1
0.8687248995983936,1.0,1.0,0.8686969435469305,0.9999999999999999,1.0,1
0.9668674698795181,1.0,1.0,0.9667422585241525,0.9999999999999999,1.0,1
0.06074297188755018,1.0,1.0,0.06080394950731499,0.9999999999999999,1.0,1
0.15888554216867473,1.0,1.0,0.15884926448453707,0.9999999999999999,1.0,1
0.25702811244979923,1.0,1.0,0.25689457946175914,0.9999999999999999,1.0,1
0.35491967871485947,1.0,1.0,0.3549398944389812,0.9999999999999999,1.0,1
0.45306224899598396,1.0,1.0,0.45298520941620335,0.9999999999999999,1.0,1
0.5512048192771084,1.0,1.0,0.551044572437737,0.9999999999999999,1.0,1
0.6490963855421688,1.0,1.0,0.6490898874149591,0.9999999999999999,1.0,1
0.7472389558232932,1.0,1.0,0.7471352023921812,0.9999999999999999,1.0,1
0.8453815261044177,1.0,1.0,0.8451805173694034,0.9999999999999999,1.0,1
0.943273092369478,1.0,1.0,0.9432258323466254,0.9999999999999999,1.0,1
0.03739959839357432,1.0,1.0,0.03728752332978785,0.9999999999999999,1.0,1
0.1352911646586345,1.0,1.0,0.13533283830700993,0.9999999999999999,1.0,1
0.23343373493975905,1.0,1.0,0.233378153284232,0.9999999999999999,1.0,1
0.33157630522088355,1.0,1.0,0.3314234682614541,0.9999999999999999,1.0,1
0.4294678714859438,1.0,1.0,0.4294687832386762,0.9999999999999999,1.0,1
0.5276104417670683,1.0,1.0,0.5275301531236829,0.9999999999999999,1.0,1
0.6257530120481928,1.0,1.0,0.625575468100905,0.9999999999999999,1.0,1
0.723644578313253,1.0,1.0,0.7236207830781272,0.9999999999999999,1.0,1
0.8217871485943775,1.0,1.0,0.8216660980553492,0.9999999999999999,1.0,1
0.9196787148594378,1.0,1.0,0.9197114130325713,0.9999999999999999,1.0,1
0.013805220883534142,1.0,1.0,0.013773104015733784,0.9999999999999999,1.0,1
0.11194779116465864,1.0,1.0,0.11181841899295586,0.9999999999999999,1.0,1
0.20983935742971893,1.0,1.0,0.209863733970178,0.9999999999999999,1.0,1
0.3079819277108434,1.0,1.0,0.3079090489474,0.9999999999999999,1.0,1
0.40612449799196787,1.0,1.0,0.40595436392462214,0.9999999999999999,1.0,1
0.5040160642570282,1.0,1.0,0.5040137269461558,0.9999999999999999,1.0,1
0.5981425702811245,1.0,1.0,0.5981376306969837,0.9999999999999999,1.0,1
0.696285140562249,1.0,1.0,0.6961829456742057,0.9999999999999999,1.0,1
0.7944277108433735,1.0,1.0,0.7942282606514278,0.9999999999999999,1.0,1
0.8923192771084338,1.0,1.0,0.89227357562865,0.9999999999999999,1.0,1
0.9904618473895583,1.0,1.0,0.990318890605872,0.9999999999999999,1.0,1
0.08433734939759041,1.0,1.0,0.08438058158903444,0.9999999999999999,1.0,1
0.1824799196787149,1.0,1.0,0.18242589656625657,0.9999999999999999,1.0,1
0.2806224899598394,1.0,1.0,0.28047121154347865,0.9999999999999999,1.0,1
0.37851405622489964,1.0,1.0,0.3785165265207007,0.9999999999999999,1.0,1
0.47665662650602414,1.0,1.0,0.47656184149792286,0.9999999999999999,1.0,1
0.5747991967871486,1.0,1.0,0.5746212045194564,0.9999999999999999,1.0,1
0.6726907630522089,1.0,1.0,0.6726665194966785,0.9999999999999999,1.0,1
0.7708333333333334,1.0,1.0,0.7707118344739007,0.9999999999999999,1.0,1
0.8687248995983936,1.0,1.0,0.8687571494511228,0.9999999999999999,1.0,1
0.9668674698795181,1.0,1.0,0.9668024644283448,0.9999999999999999,1.0,1
0.060993975903614495,1.0,1.0,0.060864155411507304,0.9999999999999999,1.0,1
0.15888554216867473,1.0,1.0,0.15890947038872938,0.9999999999999999,1.0,1
0.25702811244979923,1.0,1.0,0.2569547853659515,0.9999999999999999,1.0,1
0.3551706827309237,1.0,1.0,0.3550001003431736,0.9999999999999999,1.0,1
0.45306224899598396,1.0,1.0,0.45304541532039566,0.9999999999999999,1.0,1
0.5512048192771084,1.0,1.0,0.5511067852054025,0.9999999999999999,1.0,1
0.6493473895582329,1.0,1.0,0.6491521001826245,0.9999999999999999,1.0,1
0.7472389558232932,1.0,1.0,0.7471974151598466,0.9999999999999999,1.0,1
0.8453815261044177,1.0,1.0,0.8452427301370686,0.9999999999999999,1.0,1
0.943273092369478,1.0,1.0,0.9432880451142909,0.9999999999999999,1.0,1
0.03739959839357432,1.0,1.0,0.037349736097453234,0.9999999999999999,1.0,1
0.13554216867469882,1.0,1.0,0.13539505107467537,0.9999999999999999,1.0,1
0.23343373493975905,1.0,1.0,0.23344036605189744,0.9999999999999999,1.0,1
0.33157630522088355,1.0,1.0,0.33148568102911957,0.9999999999999999,1.0,1
0.42971887550200805,1.0,1.0,0.4295309960063416,0.9999999999999999,1.0,1
0.5276104417670683,1.0,1.0,0.5275903590278752,0.9999999999999999,1.0,1
0.6257530120481928,1.0,1.0,0.6256356740050973,0.9999999999999999,1.0,1
0.723644578313253,1.0,1.0,0.7236809889823195,0.9999999999999999,1.0,1
0.8217871485943775,1.0,1.0,0.8217263039595415,0.9999999999999999,1.0,1
0.919929718875502,1.0,1.0,0.9197716189367636,0.9999999999999999,1.0,1
0.013805220883534142,1.0,1.0,0.013833309919926096,0.9999999999999999,1.0,1
0.11194779116465864,1.0,1.0,0.11187862489714817,0.9999999999999999,1.0,1
0.21009036144578314,1.0,1.0,0.2099239398743703,0.9999999999999999,1.0,1
0.3079819277108434,1.0,1.0,0.3079692548515924,0.9999999999999999,1.0,1
0.40612449799196787,1.0,1.0,0.4060145698288145,0.9999999999999999,1.0,1
0.5042670682730924,1.0,1.0,0.5040759397138213,0.9999999999999999,1.0,1
0.5983935742971888,1.0,1.0,0.598197836601176,0.9999999999999999,1.0,1
0.696285140562249,1.0,1.0,0.696243151578398,0.9999999999999999,1.0,1
0.7944277108433735,1.0,1.0,0.7942884665556201,0.9999999999999999,1.0,1
0.8923192771084338,1.0,1.0,0.8923337815328423,0.9999999999999999,1.0,1
0.9904618473895583,1.0,1.0,0.9903790965100643,0.9999999999999999,1.0,1
0.08458835341365462,1.0,1.0,0.08444078749322675,0.9999999999999999,1.0,1
0.1824799196787149,1.0,1.0,0.18248610247044889,0.9999999999999999,1.0,1
0.2806224899598394,1.0,1.0,0.28053141744767096,0.9999999999999999,1.0,1
0.3787650602409639,1.0,1.0,0.3785767324248931,0.9999999999999999,1.0,1
0.47665662650602414,1.0,1.0,0.47662204740211517,0.9999999999999999,1.0,1
0.5747991967871486,1.0,1.0,0.5746834172871219,0.9999999999999999,1.0,1
0.6726907630522089,1.0,1.0,0.672728732264344,0.9999999999999999,1.0,1
0.7708333333333334,1.0,1.0,0.7707740472415661,0.9999999999999999,1.0,1
0.8689759036144579,1.0,1.0,0.8688193622187882,0.9999999999999999,1.0,1
0.9668674698795181,1.0,1.0,0.9668646771960103,0.9999999999999999,1.0,1
0.060993975903614495,1.0,1.0,0.06092636817917274,0.9999999999999999,1.0,1
0.15913654618473894,1.0,1.0,0.15897168315639482,0.9999999999999999,1.0,1
0.25702811244979923,1.0,1.0,0.2570169981336169,0.9999999999999999,1.0,1
0.3551706827309237,1.0,1.0,0.355062313110839,0.9999999999999999,1.0,1
0.45306224899598396,1.0,1.0,0.4531076280880611,0.9999999999999999,1.0,1
0.5512048192771084,1.0,1.0,0.5511669911095948,0.9999999999999999,1.0,1
0.6493473895582329,1.0,1.0,0.6492123060868169,0.9999999999999999,1.0,1
0.7472389558232932,1.0,1.0,0.7472576210640389,0.9999999999999999,1.0,1
0.8453815261044177,1.0,1.0,0.8453029360412609,0.9999999999999999,1.0,1
0.9435240963855422,1.0,1.0,0.9433482510184832,0.9999999999999999,1.0,1
0.03739959839357432,1.0,1.0,0.037409942001645546,0.9999999999999999,1.0,1
0.13554216867469882,1.0,1.0,0.13545525697886768,0.9999999999999999,1.0,1
0.2336847389558233,1.0,1.0,0.23350057195608975,0.9999999999999999,1.0,1
0.33157630522088355,1.0,1.0,0.3315458869333119,0.9999999999999999,1.0,1
0.42971887550200805,1.0,1.0,0.42959120191053396,0.9999999999999999,1.0,1
0.5276104417670683,1.0,1.0,0.5276525717955407,0.9999999999999999,1.0,1
0.6257530120481928,1.0,1.0,0.6256978867727627,0.9999999999999999,1.0,1
0.7238955823293173,1.0,1.0,0.7237432017499849,0.9999999999999999,1.0,1
0.8217871485943775,1.0,1.0,0.821788516727207,0.9999999999999999,1.0,1
0.919929718875502,1.0,1.0,0.919833831704429,0.9999999999999999,1.0,1
0.014056224899598402,1.0,1.0,0.013895522687591533,0.9999999999999999,1.0,1
0.11194779116465864,1.0,1.0,0.11194083766481361,0.9999999999999999,1.0,1
0.21009036144578314,1.0,1.0,0.20998615264203568,0.9999999999999999,1.0,1
0.3079819277108434,1.0,1.0,0.3080314676192578,0.9999999999999999,1.0,1
0.40612449799196787,1.0,1.0,0.4060767825964799,0.9999999999999999,1.0,1
0.5042670682730924,1.0,1.0,0.5041361456180136,0.9999999999999999,1.0,1
0.5983935742971888,1.0,1.0,0.5982600493688414,0.9999999999999999,1.0,1
0.696285140562249,1.0,1.0,0.6963053643460635,0.9999999999999999,1.0,1
0.7944277108433735,1.0,1.0,0.7943506793232855,0.9999999999999999,1.0,1
0.892570281124498,1.0,1.0,0.8923959943005076,0.9999999999999999,1.0,1
0.9904618473895583,1.0,1.0,0.9904413092777298,0.9999999999999999,1.0,1
0.08458835341365462,1.0,1.0,0.08450300026089219,0.9999999999999999,1.0,1
0.1827309236947791,1.0,1.0,0.18254831523811427,0.9999999999999999,1.0,1
0.2806224899598394,1.0,1.0,0.28059363021533634,0.9999999999999999,1.0,1
0.3787650602409639,1.0,1.0,0.3786389451925585,0.9999999999999999,1.0,1
0.47665662650602414,1.0,1.0,0.4766842601697806,0.9999999999999999,1.0,1
0.5747991967871486,1.0,1.0,0.5747436231913142,0.9999999999999999,1.0,1
0.6729417670682731,1.0,1.0,0.6727889381685364,0.9999999999999999,1.0,1
0.7708333333333334,1.0,1.0,0.7708342531457584,0.9999999999999999,1.0,1
0.8689759036144579,1.0,1.0,0.8688795681229806,0.9999999999999999,1.0,1
0.9671184738955824,1.0,1.0,0.9669248831002026,0.9999999999999999,1.0,1
0.060993975903614495,1.0,1.0,0.06098657408336505,0.9999999999999999,1.0,1
0.15913654618473894,1.0,1.0,0.15903188906058713,0.9999999999999999,1.0,1
0.25702811244979923,1.0,1.0,0.25707720403780926,0.9999999999999999,1.0,1
0.3551706827309237,1.0,1.0,0.35512251901503133,0.9999999999999999,1.0,1
0.4533132530120482,1.0,1.0,0.45316783399225347,0.9999999999999999,1.0,1
0.5512048192771084,1.0,1.0,0.5512292038772602,0.9999999999999999,1.0,1
0.6493473895582329,1.0,1.0,0.6492745188544823,0.9999999999999999,1.0,1
0.7474899598393574,1.0,1.0,0.7473198338317044,0.9999999999999999,1.0,1
0.8453815261044177,1.0,1.0,0.8453651488089264,0.9999999999999999,1.0,1
0.9435240963855422,1.0,1.0,0.9434104637861486,0.9999999999999999,1.0,1
0.03765060240963852,1.0,1.0,0.037472154769310984,0.9999999999999999,1.0,1
0.13554216867469882,1.0,1.0,0.13551746974653306,0.9999999999999999,1.0,1
0.2336847389558233,1.0,1.0,0.2335627847237552,0.9999999999999999,1.0,1
0.33157630522088355,1.0,1.0,0.33160809970097727,0.9999999999999999,1.0,1
0.42971887550200805,1.0,1.0,0.4296534146781994,0.9999999999999999,1.0,1
0.5278614457831325,1.0,1.0,0.527712777699733,0.9999999999999999,1.0,1
0.6257530120481928,1.0,1.0,0.6257580926769551,0.9999999999999999,1.0,1
0.7238955823293173,1.0,1.0,0.7238034076541773,0.9999999999999999,1.0,1
0.8220381526104418,1.0,1.0,0.8218487226313993,0.9999999999999999,1.0,1
0.919929718875502,1.0,1.0,0.9198940376086213,0.9999999999999999,1.0,1
0.014056224899598402,1.0,1.0,0.013955728591783845,0.9999999999999999,1.0,1
0.11194779116465864,1.0,1.0,0.11200104356900592,0.9999999999999999,1.0,1
0.21009036144578314,1.0,1.0,0.210046358546228,0.9999999999999999,1.0,1
0.30823293172690763,1.0,1.0,0.3080916735234501,0.9999999999999999,1.0,1
0.40612449799196787,1.0,1.0,0.40613698850067226,0.9999999999999999,1.0,1
0.5042670682730924,1.0,1.0,0.504198358385679,0.9999999999999999,1.0,1
0.5983935742971888,1.0,1.0,0.5983222621365067,0.9999999999999999,1.0,1
0.6965361445783133,1.0,1.0,0.6963655702502558,0.9999999999999999,1.0,1
0.7944277108433735,1.0,1.0,0.7944108852274779,0.9999999999999999,1.0,1
0.892570281124498,1.0,1.0,0.8924562002047001,0.9999999999999999,1.0,1
0.9907128514056225,1.0,1.0,0.9905015151819221,0.9999999999999999,1.0,1
0.08458835341365462,1.0,1.0,0.08456521302855763,0.9999999999999999,1.0,1
0.1827309236947791,1.0,1.0,0.18260852114230663,0.9999999999999999,1.0,1
0.2806224899598394,1.0,1.0,0.2806538361195287,0.9999999999999999,1.0,1
0.3787650602409639,1.0,1.0,0.37869915109675084,0.9999999999999999,1.0,1
0.4769076305220884,1.0,1.0,0.4767444660739729,0.9999999999999999,1.0,1
0.5747991967871486,1.0,1.0,0.5748058359589796,0.9999999999999999,1.0,1
0.6729417670682731,1.0,1.0,0.6728511509362017,0.9999999999999999,1.0,1
0.7710843373493976,1.0,1.0,0.7708964659134239,0.9999999999999999,1.0,1
0.8689759036144579,1.0,1.0,0.8689417808906459,0.9999999999999999,1.0,1
0.9671184738955824,1.0,1.0,0.966987095867868,0.9999999999999999,1.0,1
0.060993975903614495,1.0,1.0,0.061048786851030434,0.9999999999999999,1.0,1
0.15913654618473894,1.0,1.0,0.15909410182825257,0.9999999999999999,1.0,1
0.25727911646586343,1.0,1.0,0.2571394168054747,0.9999999999999999,1.0,1
0.3551706827309237,1.0,1.0,0.35518473178269677,0.9999999999999999,1.0,1
0.4533132530120482,1.0,1.0,0.45323004675991885,0.9999999999999999,1.0,1
0.5514558232931728,1.0,1.0,0.5512894097814525,0.9999999999999999,1.0,1
0.6493473895582329,1.0,1.0,0.6493347247586746,0.9999999999999999,1.0,1
0.7474899598393574,1.0,1.0,0.7473800397358967,0.9999999999999999,1.0,1
0.8456325301204819,1.0,1.0,0.8454253547131187,0.9999999999999999,1.0,1
0.9435240963855422,1.0,1.0,0.9434706696903409,0.9999999999999999,1.0,1
0.03765060240963852,1.0,1.0,0.03753236067350335,0.9999999999999999,1.0,1
0.13554216867469882,1.0,1.0,0.13557767565072543,0.9999999999999999,1.0,1
0.2336847389558233,1.0,1.0,0.23362299062794756,0.9999999999999999,1.0,1
0.3318273092369478,1.0,1.0,0.3316683056051696,0.9999999999999999,1.0,1
0.42971887550200805,1.0,1.0,0.4297136205823917,0.9999999999999999,1.0,1
0.5278614457831325,1.0,1.0,0.5277749904673984,0.9999999999999999,1.0,1
0.626004016064257,1.0,1.0,0.6258203054446205,0.9999999999999999,1.0,1
0.7238955823293173,1.0,1.0,0.7238656204218425,0.9999999999999999,1.0,1
0.8220381526104418,1.0,1.0,0.8219109353990648,0.9999999999999999,1.0,1
0.919929718875502,1.0,1.0,0.9199562503762868,0.9999999999999999,1.0,1
0.014056224899598402,1.0,1.0,0.014017941359449226,0.9999999999999999,1.0,1
0.1121987951807229,1.0,1.0,0.11206325633667136,0.9999999999999999,1.0,1
0.21009036144578314,1.0,1.0,0.21010857131389343,0.9999999999999999,1.0,1
0.30823293172690763,1.0,1.0,0.30815388629111556,0.9999999999999999,1.0,1
0.40637550200803213,1.0,1.0,0.40619920126833764,0.9999999999999999,1.0,1
0.5042670682730924,1.0,1.0,0.5042585642898713,0.9999999999999999,1.0,1
0.5983935742971888,1.0,1.0,0.5983824680406992,0.9999999999999999,1.0,1
0.6965361445783133,1.0,1.0,0.6964277830179212,0.9999999999999999,1.0,1
0.7946787148594378,1.0,1.0,0.7944730979951433,0.9999999999999999,1.0,1
0.892570281124498,1.0,1.0,0.8925184129723654,0.9999999999999999,1.0,1
0.9907128514056225,1.0,1.0,0.9905637279495876,0.9999999999999999,1.0,1
0.08458835341365462,1.0,1.0,0.08462541893274994,0.9999999999999999,1.0,1
0.1827309236947791,1.0,1.0,0.18267073390997202,0.9999999999999999,1.0,1
0.28087349397590367,1.0,1.0,0.28071604888719415,0.9999999999999999,1.0,1
0.3787650602409639,1.0,1.0,0.3787613638644162,0.9999999999999999,1.0,1
0.4769076305220884,1.0,1.0,0.47680667884163835,0.9999999999999999,1.0,1
0.5750502008032129,1.0,1.0,0.5748680487266451,0.9999999999999999,1.0,1
0.6729417670682731,1.0,1.0,0.672911356840394,0.9999999999999999,1.0,1
0.7710843373493976,1.0,1.0,0.7709566718176162,0.9999999999999999,1.0,1
0.8689759036144579,1.0,1.0,0.8690019867948382,0.9999999999999999,1.0,1
0.9671184738955824,1.0,1.0,0.9670473017720604,0.9999999999999999,1.0,1
0.0612449799196787,1.0,1.0,0.06111099961869587,0.9999999999999999,1.0,1
0.15913654618473894,1.0,1.0,0.15915430773244493,0.9999999999999999,1.0,1
0.25727911646586343,1.0,1.0,0.257199622709667,0.9999999999999999,1.0,1
0.355421686746988,1.0,1.0,0.35524493768688914,0.9999999999999999,1.0,1
0.4533132530120482,1.0,1.0,0.4532902526641112,0.9999999999999999,1.0,1
0.5514558232931728,1.0,1.0,0.551351622549118,0.9999999999999999,1.0,1
0.6495983935742973,1.0,1.0,0.64939693752634,0.9999999999999999,1.0,1
0.7474899598393574,1.0,1.0,0.7474422525035621,0.9999999999999999,1.0,1
0.8456325301204819,1.0,1.0,0.8454875674807842,0.9999999999999999,1.0,1
0.9435240963855422,1.0,1.0,0.9435328824580063,0.9999999999999999,1.0,1
0.03765060240963852,1.0,1.0,0.03759457344116873,0.9999999999999999,1.0,1
0.13579317269076302,1.0,1.0,0.1356398884183908,0.9999999999999999,1.0,1
0.2336847389558233,1.0,1.0,0.23368520339561294,0.9999999999999999,1.0,1
0.3318273092369478,1.0,1.0,0.33173051837283507,0.9999999999999999,1.0,1
0.4299698795180723,1.0,1.0,0.42977583335005715,0.9999999999999999,1.0,1
0.5278614457831325,1.0,1.0,0.5278351963715908,0.9999999999999999,1.0,1
0.626004016064257,1.0,1.0,0.6258805113488128,0.9999999999999999,1.0,1
0.7238955823293173,1.0,1.0,0.723925826326035,0.9999999999999999,1.0,1
0.8220381526104418,1.0,1.0,0.8219711413032571,0.9999999999999999,1.0,1
0.9201807228915663,1.0,1.0,0.9200164562804791,0.9999999999999999,1.0,1
0.014056224899598402,1.0,1.0,0.014078147263641594,0.9999999999999999,1.0,1
0.1121987951807229,1.0,1.0,0.11212346224086372,0.9999999999999999,1.0,1
0.2103413654618474,1.0,1.0,0.2101687772180858,0.9999999999999999,1.0,1
0.30823293172690763,1.0,1.0,0.30821409219530793,0.9999999999999999,1.0,1
0.40637550200803213,1.0,1.0,0.40625940717253,0.9999999999999999,1.0,1
0.5045180722891567,1.0,1.0,0.5043207770575368,0.9999999999999999,1.0,1
0.598644578313253,1.0,1.0,0.5984446808083645,0.9999999999999999,1.0,1
0.6965361445783133,1.0,1.0,0.6964899957855867,0.9999999999999999,1.0,1
0.7946787148594378,1.0,1.0,0.7945353107628087,0.9999999999999999,1.0,1
0.5020080321285141,0.0,0.0,0.5019306026611009,0.0,0.0,1
0.4236947791164659,0.0,1.0,0.423540508539204,0.0,1.0,1
0.5215863453815262,0.0,1.0,0.5216018784242107,0.0,1.0,1
0.6157128514056225,0.0,1.0,0.6157237753115655,0.0,1.0,1
0.7098393574297189,0.0,1.0,0.7098476790623933,0.0,1.0,1
0.8079819277108434,0.0,1.0,0.8078929940396153,0.0,1.0,1
0.9061244979919679,0.0,1.0,0.9059383090168375,0.0,1.0,1
0.0,0.0,1.0,0.0,0.0,1.0,1
0.0981425702811245,0.0,1.0,0.09804531497722202,0.0,1.0,1
0.19603413654618473,0.0,1.0,0.19609062995444415,0.0,1.0,1
0.29417670682730923,0.0,1.0,0.2941359449316662,0.0,1.0,1
0.39231927710843373,0.0,1.0,0.39218125990888836,0.0,1.0,1
0.490210843373494,0.0,1.0,0.49022657488611043,0.0,1.0,1
0.5883534136546185,0.0,1.0,0.5882879447711171,0.0,1.0,1
0.6824799196787149,0.0,1.0,0.6824098416584718,0.0,1.0,1
0.7766064257028114,0.0,1.0,0.7765337454092998,0.0,1.0,1
0.8747489959839359,0.0,1.0,0.8745790603865218,0.0,1.0,1
0.972640562248996,0.0,1.0,0.9726243753637439,0.0,1.0,1
0.06676706827309237,0.0,1.0,0.06668606634690638,0.0,1.0,1
0.16490963855421686,0.0,1.0,0.16473138132412846,0.0,1.0,1
0.26280120481927716,0.0,1.0,0.2627766963013506,0.0,1.0,1
0.3609437751004016,0.0,1.0,0.36082201127857266,0.0,1.0,1
0.4588353413654619,0.0,1.0,0.45886732625579474,0.0,1.0,1
0.5569779116465864,0.0,1.0,0.5569286961408014,0.0,1.0,1
0.6511044176706827,0.0,1.0,0.6510505930281563,0.0,1.0,1
0.7452309236947792,0.0,1.0,0.7451744967789841,0.0,1.0,1
0.8433734939759037,0.0,1.0,0.8432198117562062,0.0,1.0,1
0.9412650602409639,0.0,1.0,0.9412651267334282,0.0,1.0,1
0.03539156626506024,0.0,1.0,0.035326817716590686,0.0,1.0,1
0.13353413654618473,0.0,1.0,0.13337213269381276,0.0,1.0,1
0.23142570281124497,0.0,1.0,0.23141744767103484,0.0,1.0,1
0.32956827309236947,0.0,1.0,0.329462762648257,0.0,1.0,1
0.42745983935742976,0.0,1.0,0.42750807762547904,0.0,1.0,1
0.5256024096385542,0.0,1.0,0.5255694475104858,0.0,1.0,1
0.6197289156626506,0.0,1.0,0.6196913443978406,0.0,1.0,1
0.713855421686747,0.0,1.0,0.7138152481486684,0.0,1.0,1
0.8119979919678715,0.0,1.0,0.8118605631258905,0.0,1.0,1
0.9098895582329318,0.0,1.0,0.9099058781031126,0.0,1.0,1
0.004016064257028107,0.0,1.0,0.003967569086275047,0.0,1.0,1
0.1021586345381526,0.0,1.0,0.10201288406349712,0.0,1.0,1
0.20005020080321284,0.0,1.0,0.20005819904071925,0.0,1.0,1
0.29819277108433734,0.0,1.0,0.29810351401794133,0.0,1.0,1
0.3963353413654619,0.0,1.0,0.3961488289951634,0.0,1.0,1
0.4942269076305221,0.0,1.0,0.4941941439723855,0.0,1.0,1
0.5923694779116466,0.0,1.0,0.5922555138573922,0.0,1.0,1
0.686495983935743,0.0,1.0,0.686377410744747,0.0,1.0,1
0.7806224899598394,0.0,1.0,0.7805013144955748,0.0,1.0,1
0.8785140562248996,0.0,1.0,0.8785466294727968,0.0,1.0,1
0.9766566265060241,0.0,1.0,0.9765919444500191,0.0,1.0,1
0.07078313253012047,0.0,1.0,0.07065363543318143,0.0,1.0,1
0.1686746987951807,0.0,1.0,0.16869895041040356,0.0,1.0,1
0.2668172690763052,0.0,1.0,0.26674426538762563,0.0,1.0,1
0.3649598393574297,0.0,1.0,0.3647895803648477,0.0,1.0,1
0.46285140562249,0.0,1.0,0.4628348953420698,0.0,1.0,1
0.5609939759036144,0.0,1.0,0.5608962652270766,0.0,1.0,1
0.6551204819277109,0.0,1.0,0.6550181621144313,0.0,1.0,1
0.7492469879518073,0.0,1.0,0.7491420658652591,0.0,1.0,1
0.8473895582329317,0.0,1.0,0.8471873808424812,0.0,1.0,1
0.945281124497992,0.0,1.0,0.9452326958197033,0.0,1.0,1
0.039407630522088344,0.0,1.0,0.03929438680286579,0.0,1.0,1
0.13729919678714858,0.0,1.0,0.13733970178008786,0.0,1.0,1
0.23544176706827308,0.0,1.0,0.23538501675730994,0.0,1.0,1
0.33358433734939763,0.0,1.0,0.33343033173453207,0.0,1.0,1
0.43147590361445787,0.0,1.0,0.43147564671175415,0.0,1.0,1
0.5296184738955824,0.0,1.0,0.5295370165967609,0.0,1.0,1
0.6237449799196787,0.0,1.0,0.6236589134841156,0.0,1.0,1
0.7178714859437751,0.0,1.0,0.7177828172349434,0.0,1.0,1
0.8160140562248996,0.0,1.0,0.8158281322121655,0.0,1.0,1
0.9139056224899599,0.0,1.0,0.9138734471893877,0.0,1.0,1
0.008032128514056214,0.0,1.0,0.007935138172550094,0.0,1.0,1
0.10592369477911645,0.0,1.0,0.10598045314977217,0.0,1.0,1
0.20406626506024095,0.0,1.0,0.20402576812699424,0.0,1.0,1
0.30220883534136544,0.0,1.0,0.3020710831042164,0.0,1.0,1
0.4001004016064257,0.0,1.0,0.40011639808143845,0.0,1.0,1
0.49824297188755023,0.0,1.0,0.4981617130586605,0.0,1.0,1
0.5963855421686748,0.0,1.0,0.5962230829436672,0.0,1.0,1
0.6905120481927711,0.0,1.0,0.690344979831022,0.0,1.0,1
0.7846385542168675,0.0,1.0,0.7844688835818499,0.0,1.0,1
0.8825301204819278,0.0,1.0,0.8825141985590719,0.0,1.0,1
0.9806726907630523,0.0,1.0,0.9805595135362941,0.0,1.0,1
0.07479919678714864,0.0,1.0,0.07462120451945647,0.0,1.0,1
0.17269076305220882,0.0,1.0,0.1726665194966786,0.0,1.0,1
0.27083333333333337,0.0,1.0,0.2707118344739007,0.0,1.0,1
0.3687248995983936,0.0,1.0,0.3687571494511228,0.0,1.0,1
0.4668674698795181,0.0,1.0,0.4668024644283449,0.0,1.0,1
0.5650100401606426,0.0,1.0,0.5648638343133516,0.0,1.0,1
0.6591365461847389,0.0,1.0,0.6589877380641794,0.0,1.0,1
0.7532630522088353,0.0,1.0,0.7531096349515342,0.0,1.0,1
0.8511546184738956,0.0,1.0,0.8511549499287563,0.0,1.0,1
0.9492971887550201,0.0,1.0,0.9492002649059783,0.0,1.0,1
0.043423694779116506,0.0,1.0,0.04326195588914078,0.0,1.0,1
0.1413152610441767,0.0,1.0,0.1413072708663629,0.0,1.0,1
0.23945783132530118,0.0,1.0,0.239352585843585,0.0,1.0,1
0.3373493975903614,0.0,1.0,0.3373979008208071,0.0,1.0,1
0.435491967871486,0.0,1.0,0.4354432157980292,0.0,1.0,1
0.5336345381526104,0.0,1.0,0.5335045856830359,0.0,1.0,1
0.6277610441767069,0.0,1.0,0.6276284894338637,0.0,1.0,1
0.7218875502008033,0.0,1.0,0.7217503863212185,0.0,1.0,1
0.8197791164658634,0.0,1.0,0.8197957012984406,0.0,1.0,1
0.9179216867469879,0.0,1.0,0.9178410162756627,0.0,1.0,1
0.012048192771084376,0.0,1.0,0.01190270725882514,0.0,1.0,1
0.10993975903614456,0.0,1.0,0.10994802223604722,0.0,1.0,1
0.20808232931726905,0.0,1.0,0.2079933372132693,0.0,1.0,1
0.3062248995983936,0.0,1.0,0.3060386521904914,0.0,1.0,1
0.40411646586345384,0.0,1.0,0.4040839671677135,0.0,1.0,1
0.5022590361445783,0.0,1.0,0.5021453370527202,0.0,1.0,1
0.5963855421686748,0.0,1.0,0.596269240803548,0.0,1.0,1
0.6905120481927711,0.0,1.0,0.6903911376909029,0.0,1.0,1
0.7846385542168675,0.0,1.0,0.7845150414417306,0.0,1.0,1
0.8825301204819278,0.0,1.0,0.8825603564189527,0.0,1.0,1
0.9806726907630523,0.0,1.0,0.9806056713961748,0.0,1.0,1
0.07479919678714864,0.0,1.0,0.07466736237933724,0.0,1.0,1
0.17269076305220882,0.0,1.0,0.17271267735655937,0.0,1.0,1
0.27083333333333337,0.0,1.0,0.2707579923337815,0.0,1.0,1
0.36897590361445787,0.0,1.0,0.3688033073110036,0.0,1.0,1
0.4668674698795181,0.0,1.0,0.46684862228822566,0.0,1.0,1
0.5650100401606426,0.0,1.0,0.5649099921732323,0.0,1.0,1
0.6591365461847389,0.0,1.0,0.6590318890605871,0.0,1.0,1
0.7532630522088353,0.0,1.0,0.753155792811415,0.0,1.0,1
0.8514056224899599,0.0,1.0,0.8512011077886371,0.0,1.0,1
0.9492971887550201,0.0,1.0,0.9492464227658592,0.0,1.0,1
0.043423694779116506,0.0,1.0,0.043308113749021604,0.0,1.0,1
0.1413152610441767,0.0,1.0,0.14135342872624368,0.0,1.0,1
0.23945783132530118,0.0,1.0,0.23939874370346576,0.0,1.0,1
0.3376004016064257,0.0,1.0,0.3374440586806879,0.0,1.0,1
0.435491967871486,0.0,1.0,0.43548937365790996,0.0,1.0,1
0.5336345381526104,0.0,1.0,0.5335507435429168,0.0,1.0,1
0.6277610441767069,0.0,1.0,0.6276726404302715,0.0,1.0,1
0.7218875502008033,0.0,1.0,0.7217965441810993,0.0,1.0,1
0.8200301204819278,0.0,1.0,0.8198418591583214,0.0,1.0,1
0.9179216867469879,0.0,1.0,0.9178871741355434,0.0,1.0,1
0.012048192771084376,0.0,1.0,0.011948865118705965,0.0,1.0,1
0.10993975903614456,0.0,1.0,0.10999418009592804,0.0,1.0,1
0.20808232931726905,0.0,1.0,0.20803949507315012,0.0,1.0,1
0.3062248995983936,0.0,1.0,0.30608481005037225,0.0,1.0,1
0.40411646586345384,0.0,1.0,0.4041301250275943,0.0,1.0,1
0.5022590361445783,0.0,1.0,0.5021914949126011,0.0,1.0,1
0.5963855421686748,0.0,1.0,0.5963153986634289,0.0,1.0,1
0.6905120481927711,0.0,1.0,0.6904372955507836,0.0,1.0,1
0.7846385542168675,0.0,1.0,0.7845611993016115,0.0,1.0,1
0.882781124497992,0.0,1.0,0.8826065142788335,0.0,1.0,1
0.9806726907630523,0.0,1.0,0.9806518292560557,0.0,1.0,1
0.07479919678714864,0.0,1.0,0.07471352023921812,0.0,1.0,1
0.17294176706827313,0.0,1.0,0.1727588352164402,0.0,1.0,1
0.27083333333333337,0.0,1.0,0.2708041501936622,0.0,1.0,1
0.36897590361445787,0.0,1.0,0.36884946517088435,0.0,1.0,1
0.4668674698795181,0.0,1.0,0.4668947801481065,0.0,1.0,1
0.5650100401606426,0.0,1.0,0.5649561500331132,0.0,1.0,1
0.6591365461847389,0.0,1.0,0.659078046920468,0.0,1.0,1
0.7532630522088353,0.0,1.0,0.7532019506712957,0.0,1.0,1
0.8514056224899599,0.0,1.0,0.8512472656485179,0.0,1.0,1
0.9492971887550201,0.0,1.0,0.94929258062574,0.0,1.0,1
0.043423694779116506,0.0,1.0,0.04335427160890243,0.0,1.0,1
0.141566265060241,0.0,1.0,0.1413995865861245,0.0,1.0,1
0.23945783132530118,0.0,1.0,0.23944490156334658,0.0,1.0,1
0.3376004016064257,0.0,1.0,0.3374902165405687,0.0,1.0,1
0.435491967871486,0.0,1.0,0.4355355315177908,0.0,1.0,1
0.5336345381526104,0.0,1.0,0.5335969014027975,0.0,1.0,1
0.6277610441767069,0.0,1.0,0.6277187982901522,0.0,1.0,1
0.7218875502008033,0.0,1.0,0.7218427020409801,0.0,1.0,1
0.8200301204819278,0.0,1.0,0.8198880170182021,0.0,1.0,1
0.9179216867469879,0.0,1.0,0.9179333319954243,0.0,1.0,1
0.012048192771084376,0.0,1.0,0.011995022978586733,0.0,1.0,1
0.11019076305220887,0.0,1.0,0.11004033795580881,0.0,1.0,1
0.20808232931726905,0.0,1.0,0.20808565293303094,0.0,1.0,1
0.3062248995983936,0.0,1.0,0.306130967910253,0.0,1.0,1
0.4043674698795181,0.0,1.0,0.4041762828874751,0.0,1.0,1
0.5022590361445783,0.0,1.0,0.5022376527724818,0.0,1.0,1
0.5963855421686748,0.0,1.0,0.5963595496598366,0.0,1.0,1
0.6905120481927711,0.0,1.0,0.6904834534106644,0.0,1.0,1
0.7846385542168675,0.0,1.0,0.7846073571614922,0.0,1.0,1
0.882781124497992,0.0,1.0,0.8826526721387143,0.0,1.0,1
0.9806726907630523,0.0,1.0,0.9806979871159365,0.0,1.0,1
0.07479919678714864,0.0,1.0,0.07475967809909889,0.0,1.0,1
0.17294176706827313,0.0,1.0,0.17280499307632097,0.0,1.0,1
0.27083333333333337,0.0,1.0,0.27085030805354304,0.0,1.0,1
0.36897590361445787,0.0,1.0,0.3688956230307652,0.0,1.0,1
0.46711847389558236,0.0,1.0,0.46694093800798725,0.0,1.0,1
0.5650100401606426,0.0,1.0,0.5650003010295209,0.0,1.0,1
0.6591365461847389,0.0,1.0,0.6591242047803487,0.0,1.0,1
0.7532630522088353,0.0,1.0,0.7532481085311766,0.0,1.0,1
0.8514056224899599,0.0,1.0,0.8512934235083987,0.0,1.0,1
0.9495481927710844,0.0,1.0,0.9493387384856207,0.0,1.0,1
0.043423694779116506,0.0,1.0,0.0434004294687832,0.0,1.0,1
0.141566265060241,0.0,1.0,0.14144574444600527,0.0,1.0,1
0.23945783132530118,0.0,1.0,0.2394910594232274,0.0,1.0,1
0.3376004016064257,0.0,1.0,0.3375363744004495,0.0,1.0,1
0.43574297188755023,0.0,1.0,0.43558168937767155,0.0,1.0,1
0.5336345381526104,0.0,1.0,0.5336430592626783,0.0,1.0,1
0.6277610441767069,0.0,1.0,0.627764956150033,0.0,1.0,1
0.7218875502008033,0.0,1.0,0.7218888599008608,0.0,1.0,1
0.8200301204819278,0.0,1.0,0.819934174878083,0.0,1.0,1
0.9181726907630523,0.0,1.0,0.9179794898553051,0.0,1.0,1
0.012048192771084376,0.0,1.0,0.012041180838467502,0.0,1.0,1
0.11019076305220887,0.0,1.0,0.11008649581568958,0.0,1.0,1
0.20808232931726905,0.0,1.0,0.2081318107929117,0.0,1.0,1
0.3062248995983936,0.0,1.0,0.3061771257701338,0.0,1.0,1
0.4043674698795181,0.0,1.0,0.4042224407473559,0.0,1.0,1
0.5022590361445783,0.0,1.0,0.5022838106323626,0.0,1.0,1
0.5963855421686748,0.0,1.0,0.5964057075197173,0.0,1.0,1
0.6905120481927711,0.0,1.0,0.6905296112705452,0.0,1.0,1
0.7846385542168675,0.0,1.0,0.7846535150213729,0.0,1.0,1
0.882781124497992,0.0,1.0,0.8826988299985952,0.0,1.0,1
0.9809236947791165,0.0,1.0,0.9807441449758172,0.0,1.0,1
0.07479919678714864,0.0,1.0,0.07480583595897966,0.0,1.0,1
0.17294176706827313,0.0,1.0,0.17285115093620174,0.0,1.0,1
0.27108433734939763,0.0,1.0,0.27089646591342387,0.0,1.0,1
0.36897590361445787,0.0,1.0,0.36894178089064594,0.0,1.0,1
0.46711847389558236,0.0,1.0,0.466987095867868,0.0,1.0,1
0.5650100401606426,0.0,1.0,0.5650464588894016,0.0,1.0,1
0.6591365461847389,0.0,1.0,0.6591703626402295,0.0,1.0,1
0.7532630522088353,0.0,1.0,0.7532942663910573,0.0,1.0,1
0.8514056224899599,0.0,1.0,0.8513395813682794,0.0,1.0,1
0.9495481927710844,0.0,1.0,0.9493848963455015,0.0,1.0,1
0.043423694779116506,0.0,1.0,0.043446587328663966,0.0,1.0,1
0.141566265060241,0.0,1.0,0.14149190230588604,0.0,1.0,1
0.2397088353413655,0.0,1.0,0.23953721728310817,0.0,1.0,1
0.3376004016064257,0.0,1.0,0.3375825322603303,0.0,1.0,1
0.43574297188755023,0.0,1.0,0.4356278472375524,0.0,1.0,1
0.5338855421686747,0.0,1.0,0.533687210259086,0.0,1.0,1
0.6280120481927711,0.0,1.0,0.6278111140099139,0.0,1.0,1
0.7221385542168675,0.0,1.0,0.7219350177607416,0.0,1.0,1
0.8200301204819278,0.0,1.0,0.8199803327379638,0.0,1.0,1
0.9181726907630523,0.0,1.0,0.9180256477151859,0.0,1.0,1
0.012048192771084376,0.0,1.0,0.012087338698348271,0.0,1.0,1
0.11019076305220887,0.0,1.0,0.11013265367557035,0.0,1.0,1
0.20833333333333337,0.0,1.0,0.20817796865279248,0.0,1.0,1
0.3062248995983936,0.0,1.0,0.3062232836300146,0.0,1.0,1
0.4043674698795181,0.0,1.0,0.4042685986072367,0.0,1.0,1
0.5025100401606426,0.0,1.0,0.5023279616287704,0.0,1.0,1
0.5966365461847389,0.0,1.0,0.5964518653795982,0.0,1.0,1
0.6907630522088354,0.0,1.0,0.690575769130426,0.0,1.0,1
0.7848895582329318,0.0,1.0,0.7846996728812539,0.0,1.0,1
0.882781124497992,0.0,1.0,0.8827449878584759,0.0,1.0,1
0.9809236947791165,0.0,1.0,0.980790302835698,0.0,1.0,1
0.07479919678714864,0.0,1.0,0.07485199381886043,0.0,1.0,1
0.17294176706827313,0.0,1.0,0.1728973087960825,0.0,1.0,1
0.27108433734939763,0.0,1.0,0.27094262377330464,0.0,1.0,1
0.36897590361445787,0.0,1.0,0.3689879387505267,0.0,1.0,1
0.46711847389558236,0.0,1.0,0.46703325372774884,0.0,1.0,1
0.5652610441767069,0.0,1.0,0.5650926167492825,0.0,1.0,1
0.6593875502008033,0.0,1.0,0.6592165205001103,0.0,1.0,1
0.7535140562248996,0.0,1.0,0.7533404242509382,0.0,1.0,1
0.8514056224899599,0.0,1.0,0.8513857392281603,0.0,1.0,1
0.9495481927710844,0.0,1.0,0.9494310542053823,0.0,1.0,1
0.04367469879518071,0.0,1.0,0.04349274518854479,0.0,1.0,1
0.141566265060241,0.0,1.0,0.14153806016576687,0.0,1.0,1
0.2397088353413655,0.0,1.0,0.239583375142989,0.0,1.0,1
0.3376004016064257,0.0,1.0,0.337628690120211,0.0,1.0,1
0.43574297188755023,0.0,1.0,0.43567400509743315,0.0,1.0,1
0.5338855421686747,0.0,1.0,0.5337333681189668,0.0,1.0,1
0.6280120481927711,0.0,1.0,0.6278572718697946,0.0,1.0,1
0.7221385542168675,0.0,1.0,0.7219811756206225,0.0,1.0,1
0.8200301204819278,0.0,1.0,0.8200264905978445,0.0,1.0,1
0.9181726907630523,0.0,1.0,0.9180718055750667,0.0,1.0,1
0.01229919678714858,0.0,1.0,0.012133496558229095,0.0,1.0,1
0.11019076305220887,0.0,1.0,0.11017881153545123,0.0,1.0,1
0.20833333333333337,0.0,1.0,0.2082241265126733,0.0,1.0,1
0.3062248995983936,0.0,1.0,0.30626944148989543,0.0,1.0,1
0.4043674698795181,0.0,1.0,0.40431475646711745,0.0,1.0,1
0.5025100401606426,0.0,1.0,0.5023741194886511,0.0,1.0,1
0.5966365461847389,0.0,1.0,0.596498023239479,0.0,1.0,1
0.6907630522088354,0.0,1.0,0.6906219269903068,0.0,1.0,1
0.7848895582329318,0.0,1.0,0.7847458307411346,0.0,1.0,1
0.882781124497992,0.0,1.0,0.8827911457183567,0.0,1.0,1
0.9809236947791165,0.0,1.0,0.9808364606955788,0.0,1.0,1
0.07505020080321284,0.0,1.0,0.07489815167874125,0.0,1.0,1
0.17294176706827313,0.0,1.0,0.17294346665596333,0.0,1.0,1
0.27108433734939763,0.0,1.0,0.27098878163318546,0.0,1.0,1
0.3692269076305221,0.0,1.0,0.36903409661040754,0.0,1.0,1
0.46711847389558236,0.0,1.0,0.4670794115876296,0.0,1.0,1
0.5652610441767069,0.0,1.0,0.5651387746091633,0.0,1.0,1
0.6593875502008033,0.0,1.0,0.6592626783599911,0.0,1.0,1
0.7535140562248996,0.0,1.0,0.753386582110819,0.0,1.0,1
0.8514056224899599,0.0,1.0,0.851431897088041,0.0,1.0,1
0.9495481927710844,0.0,1.0,0.9494772120652631,0.0,1.0,1
0.04367469879518071,0.0,1.0,0.04353890304842556,0.0,1.0,1
0.141566265060241,0.0,1.0,0.1415842180256477,0.0,1.0,1
0.2397088353413655,0.0,1.0,0.23962953300286977,0.0,1.0,1
0.33785140562248994,0.0,1.0,0.33767484798009184,0.0,1.0,1
0.43574297188755023,0.0,1.0,0.435720162957314,0.0,1.0,1
0.5338855421686747,0.0,1.0,0.5337795259788476,0.0,1.0,1
0.6280120481927711,0.0,1.0,0.6279034297296754,0.0,1.0,1
0.7221385542168675,0.0,1.0,0.7220273334805032,0.0,1.0,1
0.820281124497992,0.0,1.0,0.8200726484577253,0.0,1.0,1
0.9181726907630523,0.0,1.0,0.9181179634349474,0.0,1.0,1
0.01229919678714858,0.0,1.0,0.012179654418109864,0.0,1.0,1
0.11019076305220887,0.0,1.0,0.110224969395332,0.0,1.0,1
0.20833333333333337,0.0,1.0,0.20827028437255407,0.0,1.0,1
0.30647590361445787,0.0,1.0,0.30631559934977615,0.0,1.0,1
0.4043674698795181,0.0,1.0,0.4043609143269983,0.0,1.0,1
0.5025100401606426,0.0,1.0,0.5024202773485319,0.0,1.0,1
0.5966365461847389,0.0,1.0,0.5965441810993597,0.0,1.0,1
0.6907630522088354,0.0,1.0,0.6906680848501876,0.0,1.0,1
0.7848895582329318,0.0,1.0,0.7847919886010154,0.0,1.0,1
0.8830321285140563,0.0,1.0,0.8828373035782375,0.0,1.0,1
0.9809236947791165,0.0,1.0,0.9808806116919866,0.0,1.0,1
0.07505020080321284,0.0,1.0,0.07494430953862202,0.0,1.0,1
0.17294176706827313,0.0,1.0,0.17298962451584415,0.0,1.0,1
0.27108433734939763,0.0,1.0,0.27103493949306623,0.0,1.0,1
0.3692269076305221,0.0,1.0,0.36908025447028836,0.0,1.0,1
0.46711847389558236,0.0,1.0,0.4671235625840373,0.0,1.0,1
0.5652610441767069,0.0,1.0,0.5651849324690441,0.0,1.0,1
0.6593875502008033,0.0,1.0,0.6593088362198719,0.0,1.0,1
0.7535140562248996,0.0,1.0,0.7534327399706997,0.0,1.0,1
0.8516566265060241,0.0,1.0,0.8514780549479217,0.0,1.0,1
0.9495481927710844,0.0,1.0,0.949523369925144,0.0,1.0,1
0.04367469879518071,0.0,1.0,0.04358506090830633,0.0,1.0,1
0.1418172690763052,0.0,1.0,0.14163037588552846,0.0,1.0,1
0.2397088353413655,0.0,1.0,0.23967569086275053,0.0,1.0,1
0.33785140562248994,0.0,1.0,0.33772100583997267,0.0,1.0,1
0.43574297188755023,0.0,1.0,0.43576632081719474,0.0,1.0,1
0.5338855421686747,0.0,1.0,0.5338256838387284,0.0,1.0,1
0.6280120481927711,0.0,1.0,0.6279495875895562,0.0,1.0,1
0.7221385542168675,0.0,1.0,0.722073491340384,0.0,1.0,1
0.820281124497992,0.0,1.0,0.8201188063176061,0.0,1.0,1
0.9181726907630523,0.0,1.0,0.9181641212948282,0.0,1.0,1
0.01229919678714858,0.0,1.0,0.012225812277990689,0.0,1.0,1
0.11044176706827308,0.0,1.0,0.11027112725521276,0.0,1.0,1
0.20833333333333337,0.0,1.0,0.20831644223243484,0.0,1.0,1
0.30647590361445787,0.0,1.0,0.30636175720965697,0.0,1.0,1
0.4043674698795181,0.0,1.0,0.40440707218687905,0.0,1.0,1
0.5025100401606426,0.0,1.0,0.5024664352084127,0.0,1.0,1
0.5966365461847389,0.0,1.0,0.5965903389592405,0.0,1.0,1
0.6907630522088354,0.0,1.0,0.6907142427100683,0.0,1.0,1
0.7848895582329318,0.0,1.0,0.784836139597423,0.0,1.0,1
0.8830321285140563,0.0,1.0,0.8828814545746453,0.0,1.0,1
0.9809236947791165,0.0,1.0,0.9809267695518673,0.0,1.0,1
0.07505020080321284,0.0,1.0,0.07499046739850279,0.0,1.0,1
0.17319277108433734,0.0,1.0,0.17303578237572492,0.0,1.0,1
0.27108433734939763,0.0,1.0,0.27107909048947393,0.0,1.0,1
0.3692269076305221,0.0,1.0,0.369124405466696,0.0,1.0,1
0.4673694779116466,0.0,1.0,0.46716972044391814,0.0,1.0,1
0.5652610441767069,0.0,1.0,0.5652310903289248,0.0,1.0,1
0.6593875502008033,0.0,1.0,0.6593549940797527,0.0,1.0,1
0.7535140562248996,0.0,1.0,0.7534788978305804,0.0,1.0,1
0.8516566265060241,0.0,1.0,0.8515222059443295,0.0,1.0,1
0.9495481927710844,0.0,1.0,0.9495675209215516,0.0,1.0,1
0.04367469879518071,0.0,1.0,0.0436312187681871,0.0,1.0,1
0.1418172690763052,0.0,1.0,0.14167653374540923,0.0,1.0,1
0.2397088353413655,0.0,1.0,0.2397218487226313,0.0,1.0,1
0.33785140562248994,0.0,1.0,0.3377651568363803,0.0,1.0,1
0.4359939759036145,0.0,1.0,0.43581047181360244,0.0,1.0,1
0.5338855421686747,0.0,1.0,0.5338718416986091,0.0,1.0,1
0.6280120481927711,0.0,1.0,0.627995745449437,0.0,1.0,1
0.7221385542168675,0.0,1.0,0.7221196492002648,0.0,1.0,1
0.820281124497992,0.0,1.0,0.820164964177487,0.0,1.0,1
0.9184236947791165,0.0,1.0,0.9182082722912359,0.0,1.0,1
0.01229919678714858,0.0,1.0,0.012271970137871513,0.0,1.0,1
0.11044176706827308,0.0,1.0,0.11031728511509359,0.0,1.0,1
0.20833333333333337,0.0,1.0,0.20836260009231566,0.0,1.0,1
0.30647590361445787,0.0,1.0,0.30640791506953774,0.0,1.0,1
0.40461847389558236,0.0,1.0,0.40445122318328675,0.0,1.0,1
0.5025100401606426,0.0,1.0,0.5025125930682935,0.0,1.0,1
0.5966365461847389,0.0,1.0,0.5966364968191213,0.0,1.0,1
0.6907630522088354,0.0,1.0,0.6907604005699491,0.0,1.0,1
0.7848895582329318,0.0,1.0,0.7848822974573039,0.0,1.0,1
0.8830321285140563,0.0,1.0,0.882927612434526,0.0,1.0,1
0.9811746987951808,0.0,1.0,0.980972927411748,0.0,1.0,1
0.07505020080321284,0.0,1.0,0.07503461839491055,0.0,1.0,1
0.17319277108433734,0.0,1.0,0.17307993337213262,0.0,1.0,1
0.27108433734939763,0.0,1.0,0.27112524834935475,0.0,1.0,1
0.3692269076305221,0.0,1.0,0.36917056332657683,0.0,1.0,1
0.4673694779116466,0.0,1.0,0.46721587830379896,0.0,1.0,1
0.5652610441767069,0.0,1.0,0.5652772481888056,0.0,1.0,1
0.6593875502008033,0.0,1.0,0.6594011519396334,0.0,1.0,1
0.7535140562248996,0.0,1.0,0.7535230488269882,0.0,1.0,1
0.8516566265060241,0.0,1.0,0.8515683638042103,0.0,1.0,1
0.9497991967871486,0.0,1.0,0.9496136787814324,0.0,1.0,1
0.04367469879518071,0.0,1.0,0.04367536976459485,0.0,1.0,1
0.1418172690763052,0.0,1.0,0.14172068474181693,0.0,1.0,1
0.2399598393574297,0.0,1.0,0.23976599971903906,0.0,1.0,1
0.33785140562248994,0.0,1.0,0.33781131469626113,0.0,1.0,1
0.4359939759036145,0.0,1.0,0.43585662967348326,0.0,1.0,1
0.5338855421686747,0.0,1.0,0.53391799955849,0.0,1.0,1
0.6280120481927711,0.0,1.0,0.6280419033093179,0.0,1.0,1
0.7221385542168675,0.0,1.0,0.7221638001966726,0.0,1.0,1
0.820281124497992,0.0,1.0,0.8202091151738946,0.0,1.0,1
0.9184236947791165,0.0,1.0,0.9182544301511167,0.0,1.0,1
0.01229919678714858,0.0,1.0,0.012318127997752282,0.0,1.0,1
0.11044176706827308,0.0,1.0,0.11036143611150129,0.0,1.0,1
0.20858433734939757,0.0,1.0,0.20840675108872342,0.0,1.0,1
0.30647590361445787,0.0,1.0,0.30645206606594544,0.0,1.0,1
0.40461847389558236,0.0,1.0,0.40449738104316757,0.0,1.0,1
0.5027610441767069,0.0,1.0,0.5025587509281743,0.0,1.0,1
0.5968875502008032,0.0,1.0,0.5966826546790021,0.0,1.0,1
0.6910140562248996,0.0,1.0,0.69080655842983,0.0,1.0,1
0.785140562248996,0.0,1.0,0.7849284553171847,0.0,1.0,1
0.8830321285140563,0.0,1.0,0.8829737702944068,0.0,1.0,1
0.9811746987951808,0.0,1.0,0.981019085271629,0.0,1.0,1
0.07505020080321284,0.0,1.0,0.07508077625479137,0.0,1.0,1
0.17319277108433734,0.0,1.0,0.17312609123201345,0.0,1.0,1
0.2713353413654619,0.0,1.0,0.2711714062092355,0.0,1.0,1
0.3692269076305221,0.0,1.0,0.36921672118645765,0.0,1.0,1
0.4673694779116466,0.0,1.0,0.46726203616367973,0.0,1.0,1
0.5655120481927711,0.0,1.0,0.5653234060486865,0.0,1.0,1
0.6596385542168675,0.0,1.0,0.6594473097995143,0.0,1.0,1
0.7537650602409638,0.0,1.0,0.753569206686869,0.0,1.0,1
0.8516566265060241,0.0,1.0,0.8516145216640911,0.0,1.0,1
0.9497991967871486,0.0,1.0,0.9496598366413131,0.0,1.0,1
0.04367469879518071,0.0,1.0,0.043721527624475676,0.0,1.0,1
0.1418172690763052,0.0,1.0,0.14176684260169775,0.0,1.0,1
0.2399598393574297,0.0,1.0,0.23981215757891988,0.0,1.0,1
0.33785140562248994,0.0,1.0,0.33785747255614196,0.0,1.0,1
0.4359939759036145,0.0,1.0,0.43590278753336403,0.0,1.0,1
0.5341365461847389,0.0,1.0,0.5339641574183708,0.0,1.0,1
0.6282630522088354,0.0,1.0,0.6280880611691986,0.0,1.0,1
0.7223895582329318,0.0,1.0,0.7222099580565533,0.0,1.0,1
0.820281124497992,0.0,1.0,0.8202552730337754,0.0,1.0,1
0.9184236947791165,0.0,1.0,0.9183005880109976,0.0,1.0,1
0.01229919678714858,0.0,1.0,0.012362278994159981,0.0,1.0,1
0.11044176706827308,0.0,1.0,0.11040759397138206,0.0,1.0,1
0.20858433734939757,0.0,1.0,0.2084529089486042,0.0,1.0,1
0.30647590361445787,0.0,1.0,0.30649822392582626,0.0,1.0,1
0.40461847389558236,0.0,1.0,0.4045435389030484,0.0,1.0,1
0.5027610441767069,0.0,1.0,0.5026049087880551,0.0,1.0,1
0.5968875502008032,0.0,1.0,0.5967288125388829,0.0,1.0,1
0.6910140562248996,0.0,1.0,0.6908507094262377,0.0,1.0,1
0.785140562248996,0.0,1.0,0.7849746131770655,0.0,1.0,1
0.8830321285140563,0.0,1.0,0.8830199281542876,0.0,1.0,1
0.9811746987951808,0.0,1.0,0.9810652431315097,0.0,1.0,1
0.0753012048192771,0.0,1.0,0.07512693411467214,0.0,1.0,1
0.17319277108433734,0.0,1.0,0.17317224909189421,0.0,1.0,1
0.2713353413654619,0.0,1.0,0.27121756406911635,0.0,1.0,1
0.3692269076305221,0.0,1.0,0.3692628790463384,0.0,1.0,1
0.4673694779116466,0.0,1.0,0.4673081940235605,0.0,1.0,1
0.5655120481927711,0.0,1.0,0.5653695639085672,0.0,1.0,1
0.6596385542168675,0.0,1.0,0.6594914607959219,0.0,1.0,1
0.7537650602409638,0.0,1.0,0.7536153645467498,0.0,1.0,1
0.8516566265060241,0.0,1.0,0.8516606795239718,0.0,1.0,1
0.9497991967871486,0.0,1.0,0.9497059945011941,0.0,1.0,1
0.04392570281124497,0.0,1.0,0.043767685484356444,0.0,1.0,1
0.1418172690763052,0.0,1.0,0.14181300046157852,0.0,1.0,1
0.2399598393574297,0.0,1.0,0.23985831543880065,0.0,1.0,1
0.33785140562248994,0.0,1.0,0.3379036304160227,0.0,1.0,1
0.4359939759036145,0.0,1.0,0.4359489453932448,0.0,1.0,1
0.5341365461847389,0.0,1.0,0.5340103152782516,0.0,1.0,1
0.6282630522088354,0.0,1.0,0.6281322121656063,0.0,1.0,1
0.7223895582329318,0.0,1.0,0.7222561159164341,0.0,1.0,1
0.820281124497992,0.0,1.0,0.8203014308936563,0.0,1.0,1
0.9184236947791165,0.0,1.0,0.9183467458708783,0.0,1.0,1
0.012550200803212841,0.0,1.0,0.01240843685404075,0.0,1.0,1
0.11044176706827308,0.0,1.0,0.11045375183126288,0.0,1.0,1
0.20858433734939757,0.0,1.0,0.20849906680848496,0.0,1.0,1
0.3067269076305221,0.0,1.0,0.3065443817857071,0.0,1.0,1
0.40461847389558236,0.0,1.0,0.40458969676292916,0.0,1.0,1
0.5027610441767069,0.0,1.0,0.5026510666479359,0.0,1.0,1
0.5968875502008032,0.0,1.0,0.5967749703987637,0.0,1.0,1
0.6910140562248996,0.0,1.0,0.6908968672861184,0.0,1.0,1
0.785140562248996,0.0,1.0,0.7850207710369463,0.0,1.0,1
0.8830321285140563,0.0,1.0,0.8830660860141684,0.0,1.0,1
0.9811746987951808,0.0,1.0,0.9811114009913904,0.0,1.0,1
0.0753012048192771,0.0,1.0,0.07517309197455291,0.0,1.0,1
0.17319277108433734,0.0,1.0,0.17321840695177498,0.0,1.0,1
0.2713353413654619,0.0,1.0,0.2712637219289971,0.0,1.0,1
0.3694779116465864,0.0,1.0,0.3693090369062192,0.0,1.0,1
0.4673694779116466,0.0,1.0,0.4673543518834413,0.0,1.0,1
0.5655120481927711,0.0,1.0,0.565415721768448,0.0,1.0,1
0.6596385542168675,0.0,1.0,0.6595376186558028,0.0,1.0,1
0.7537650602409638,0.0,1.0,0.7536615224066305,0.0,1.0,1
0.8519076305220884,0.0,1.0,0.8517068373838527,0.0,1.0,1
0.9497991967871486,0.0,1.0,0.9497521523610748,0.0,1.0,1
0.04392570281124497,0.0,1.0,0.04381384334423721,0.0,1.0,1
0.1418172690763052,0.0,1.0,0.14185915832145934,0.0,1.0,1
0.2399598393574297,0.0,1.0,0.23990447329868142,0.0,1.0,1
0.3381024096385542,0.0,1.0,0.33794978827590355,0.0,1.0,1
0.4359939759036145,0.0,1.0,0.4359951032531256,0.0,1.0,1
0.5341365461847389,0.0,1.0,0.5340564731381323,0.0,1.0,1
0.6282630522088354,0.0,1.0,0.628178370025487,0.0,1.0,1
0.7223895582329318,0.0,1.0,0.722302273776315,0.0,1.0,1
0.8205321285140563,0.0,1.0,0.820347588753537,0.0,1.0,1
0.9184236947791165,0.0,1.0,0.9183929037307591,0.0,1.0,1
0.012550200803212841,0.0,1.0,0.012454594713921519,0.0,1.0,1
0.11044176706827308,0.0,1.0,0.11049990969114365,0.0,1.0,1
0.20858433734939757,0.0,1.0,0.20854522466836573,0.0,1.0,1
0.3067269076305221,0.0,1.0,0.30659053964558786,0.0,1.0,1
0.40461847389558236,0.0,1.0,0.40463585462280993,0.0,1.0,1
0.5027610441767069,0.0,1.0,0.5026972245078166,0.0,1.0,1
0.5968875502008032,0.0,1.0,0.5968191213951715,0.0,1.0,1
0.6910140562248996,0.0,1.0,0.6909430251459993,0.0,1.0,1
0.785140562248996,0.0,1.0,0.785066928896827,0.0,1.0,1
0.8832831325301205,0.0,1.0,0.8831122438740491,0.0,1.0,1
0.9811746987951808,0.0,1.0,0.9811575588512713,0.0,1.0,1
0.0753012048192771,0.0,1.0,0.07521924983443368,0.0,1.0,1
0.17344377510040165,0.0,1.0,0.1732645648116558,0.0,1.0,1
0.2713353413654619,0.0,1.0,0.2713098797888779,0.0,1.0,1
0.3694779116465864,0.0,1.0,0.3693551947661,0.0,1.0,1
0.4673694779116466,0.0,1.0,0.4674005097433221,0.0,1.0,1
0.5655120481927711,0.0,1.0,0.5654598727648558,0.0,1.0,1
0.6596385542168675,0.0,1.0,0.6595837765156836,0.0,1.0,1
0.7537650602409638,0.0,1.0,0.7537076802665115,0.0,1.0,1
0.8519076305220884,0.0,1.0,0.8517529952437335,0.0,1.0,1
0.9497991967871486,0.0,1.0,0.9497983102209556,0.0,1.0,1
0.04392570281124497,0.0,1.0,0.04386000120411804,0.0,1.0,1
0.14206827309236952,0.0,1.0,0.14190531618134017,0.0,1.0,1
0.2399598393574297,0.0,1.0,0.23995063115856224,0.0,1.0,1
0.3381024096385542,0.0,1.0,0.3379959461357843,0.0,1.0,1
0.4359939759036145,0.0,1.0,0.43604126111300645,0.0,1.0,1
0.5341365461847389,0.0,1.0,0.5341026309980131,0.0,1.0,1
0.6282630522088354,0.0,1.0,0.6282245278853679,0.0,1.0,1
0.7223895582329318,0.0,1.0,0.7223484316361957,0.0,1.0,1
0.8205321285140563,0.0,1.0,0.8203937466134179,0.0,1.0,1
0.9184236947791165,0.0,1.0,0.9184390615906399,0.0,1.0,1
0.012550200803212841,0.0,1.0,0.012500752573802398,0.0,1.0,1
0.1106927710843374,0.0,1.0,0.11054606755102447,0.0,1.0,1
0.20858433734939757,0.0,1.0,0.20859138252824655,0.0,1.0,1
0.3067269076305221,0.0,1.0,0.3066366975054686,0.0,1.0,1
0.4048694779116466,0.0,1.0,0.40468201248269076,0.0,1.0,1
0.5027610441767069,0.0,1.0,0.5027433823676974,0.0,1.0,1
0.5968875502008032,0.0,1.0,0.5968652792550522,0.0,1.0,1
0.6910140562248996,0.0,1.0,0.6909891830058801,0.0,1.0,1
0.785140562248996,0.0,1.0,0.7851130867567079,0.0,1.0,1
0.8832831325301205,0.0,1.0,0.88315840173393,0.0,1.0,1
0.9811746987951808,0.0,1.0,0.981203716711152,0.0,1.0,1
0.0753012048192771,0.0,1.0,0.0752654076943145,0.0,1.0,1
0.17344377510040165,0.0,1.0,0.17331072267153663,0.0,1.0,1
0.2713353413654619,0.0,1.0,0.2713560376487587,0.0,1.0,1
0.3694779116465864,0.0,1.0,0.36940135262598084,0.0,1.0,1
0.4676204819277109,0.0,1.0,0.46744666760320286,0.0,1.0,1
0.5655120481927711,0.0,1.0,0.5655060306247366,0.0,1.0,1
0.6596385542168675,0.0,1.0,0.6596299343755644,0.0,1.0,1
0.7537650602409638,0.0,1.0,0.7537538381263922,0.0,1.0,1
0.8519076305220884,0.0,1.0,0.8517991531036143,0.0,1.0,1
0.9500502008032129,0.0,1.0,0.9498444680808364,0.0,1.0,1
0.04392570281124497,0.0,1.0,0.043906159063998806,0.0,1.0,1
0.14206827309236952,0.0,1.0,0.14195147404122094,0.0,1.0,1
0.2399598393574297,0.0,1.0,0.239996789018443,0.0,1.0,1
0.3381024096385542,0.0,1.0,0.33804210399566514,0.0,1.0,1
0.4362449799196787,0.0,1.0,0.4360874189728872,0.0,1.0,1
0.5341365461847389,0.0,1.0,0.5341467819944209,0.0,1.0,1
0.6282630522088354,0.0,1.0,0.6282706857452487,0.0,1.0,1
0.7223895582329318,0.0,1.0,0.7223945894960765,0.0,1.0,1
0.8205321285140563,0.0,1.0,0.8204399044732986,0.0,1.0,1
0.9186746987951808,0.0,1.0,0.9184852194505206,0.0,1.0,1
0.012550200803212841,0.0,1.0,0.012546910433683167,0.0,1.0,1
0.1106927710843374,0.0,1.0,0.11059222541090524,0.0,1.0,1
0.20858433734939757,0.0,1.0,0.20863754038812732,0.0,1.0,1
0.3067269076305221,0.0,1.0,0.30668285536534945,0.0,1.0,1
0.4048694779116466,0.0,1.0,0.4047281703425715,0.0,1.0,1
0.5027610441767069,0.0,1.0,0.5027875333641052,0.0,1.0,1
0.5968875502008032,0.0,1.0,0.596911437114933,0.0,1.0,1
0.6910140562248996,0.0,1.0,0.6910353408657608,0.0,1.0,1
0.785140562248996,0.0,1.0,0.7851592446165887,0.0,1.0,1
0.8832831325301205,0.0,1.0,0.8832045595938107,0.0,1.0,1
0.981425702811245,0.0,1.0,0.9812498745710329,0.0,1.0,1
0.0753012048192771,0.0,1.0,0.07531156555419527,0.0,1.0,1
0.17344377510040165,0.0,1.0,0.1733568805314174,0.0,1.0,1
0.2715863453815261,0.0,1.0,0.2714021955086395,0.0,1.0,1
0.3694779116465864,0.0,1.0,0.36944751048586155,0.0,1.0,1
0.4676204819277109,0.0,1.0,0.4674928254630837,0.0,1.0,1
0.5655120481927711,0.0,1.0,0.5655521884846173,0.0,1.0,1
0.6596385542168675,0.0,1.0,0.6596760922354451,0.0,1.0,1
0.7537650602409638,0.0,1.0,0.753799995986273,0.0,1.0,1
0.8519076305220884,0.0,1.0,0.8518453109634951,0.0,1.0,1
0.9500502008032129,0.0,1.0,0.9498906259407172,0.0,1.0,1
0.04392570281124497,0.0,1.0,0.04395231692387963,0.0,1.0,1
0.14206827309236952,0.0,1.0,0.1419976319011017,0.0,1.0,1
0.24021084337349402,0.0,1.0,0.24004294687832378,0.0,1.0,1
0.3381024096385542,0.0,1.0,0.33808826185554586,0.0,1.0,1
0.4362449799196787,0.0,1.0,0.436133576832768,0.0,1.0,1
0.5343875502008032,0.0,1.0,0.5341929398543016,0.0,1.0,1
0.6285140562248996,0.0,1.0,0.6283168436051294,0.0,1.0,1
0.722640562248996,0.0,1.0,0.7224407473559573,0.0,1.0,1
0.8205321285140563,0.0,1.0,0.8204860623331793,0.0,1.0,1
0.9186746987951808,0.0,1.0,0.9185313773104015,0.0,1.0,1
0.012550200803212841,0.0,1.0,0.012593068293563936,0.0,1.0,1
0.1106927710843374,0.0,1.0,0.11063838327078601,0.0,1.0,1
0.2088353413654619,0.0,1.0,0.2086836982480081,0.0,1.0,1
0.3067269076305221,0.0,1.0,0.3067290132252303,0.0,1.0,1
0.4048694779116466,0.0,1.0,0.4047743282024523,0.0,1.0,1
0.5030120481927711,0.0,1.0,0.5028336912239859,0.0,1.0,1
0.5971385542168675,0.0,1.0,0.5969575949748138,0.0,1.0,1
0.6912650602409639,0.0,1.0,0.6910814987256416,0.0,1.0,1
0.7853915662650603,0.0,1.0,0.7852054024764694,0.0,1.0,1
0.8832831325301205,0.0,1.0,0.8832507174536915,0.0,1.0,1
0.981425702811245,0.0,1.0,0.9812960324309137,0.0,1.0,1
0.0753012048192771,0.0,1.0,0.0753577234140761,0.0,1.0,1
0.17344377510040165,0.0,1.0,0.17340303839129817,0.0,1.0,1
0.2715863453815261,0.0,1.0,0.2714483533685203,0.0,1.0,1
0.3694779116465864,0.0,1.0,0.3694936683457424,0.0,1.0,1
0.4676204819277109,0.0,1.0,0.46753898332296445,0.0,1.0,1
0.5657630522088354,0.0,1.0,0.5655983463444981,0.0,1.0,1
0.6598895582329318,0.0,1.0,0.6597222500953259,0.0,1.0,1
0.7540160642570282,0.0,1.0,0.7538461538461538,0.0,1.0,1
0.8519076305220884,0.0,1.0,0.8518914688233759,0.0,1.0,1
0.9500502008032129,0.0,1.0,0.9499367838005979,0.0,1.0,1
0.04417670682730923,0.0,1.0,0.0439984747837604,0.0,1.0,1
0.14206827309236952,0.0,1.0,0.14204378976098248,0.0,1.0,1
0.24021084337349402,0.0,1.0,0.24008910473820455,0.0,1.0,1
0.3381024096385542,0.0,1.0,0.3381344197154267,0.0,1.0,1
0.4362449799196787,0.0,1.0,0.4361797346926488,0.0,1.0,1
0.5343875502008032,0.0,1.0,0.5342390977141824,0.0,1.0,1
0.6285140562248996,0.0,1.0,0.6283630014650102,0.0,1.0,1
0.722640562248996,0.0,1.0,0.722486905215838,0.0,1.0,1
0.8205321285140563,0.0,1.0,0.8205322201930603,0.0,1.0,1
0.9186746987951808,0.0,1.0,0.9185775351702823,0.0,1.0,1
0.012801204819277101,0.0,1.0,0.01263922615344476,0.0,1.0,1
0.1106927710843374,0.0,1.0,0.11068454113066684,0.0,1.0,1
0.2088353413654619,0.0,1.0,0.20872985610788897,0.0,1.0,1
0.3067269076305221,0.0,1.0,0.306775171085111,0.0,1.0,1
0.4048694779116466,0.0,1.0,0.4048204860623331,0.0,1.0,1
0.5030120481927711,0.0,1.0,0.5028798490838667,0.0,1.0,1
0.5971385542168675,0.0,1.0,0.5970037528346945,0.0,1.0,1
0.6912650602409639,0.0,1.0,0.6911276565855224,0.0,1.0,1
0.7853915662650603,0.0,1.0,0.7852515603363502,0.0,1.0,1
0.8832831325301205,0.0,1.0,0.8832968753135724,0.0,1.0,1
0.981425702811245,0.0,1.0,0.9813401834273213,0.0,1.0,1
0.07555220883534136,0.0,1.0,0.07540388127395692,0.0,1.0,1
0.17344377510040165,0.0,1.0,0.173449196251179,0.0,1.0,1
0.2715863453815261,0.0,1.0,0.27149451122840107,0.0,1.0,1
0.36972891566265065,0.0,1.0,0.3695398262056232,0.0,1.0,1
0.4676204819277109,0.0,1.0,0.4675831343193722,0.0,1.0,1
0.5657630522088354,0.0,1.0,0.565644504204379,0.0,1.0,1
0.6598895582329318,0.0,1.0,0.6597684079552067,0.0,1.0,1
0.7540160642570282,0.0,1.0,0.7538923117060345,0.0,1.0,1
0.8519076305220884,0.0,1.0,0.8519376266832567,0.0,1.0,1
0.9500502008032129,0.0,1.0,0.9499829416604788,0.0,1.0,1
0.04417670682730923,0.0,1.0,0.044044632643641224,0.0,1.0,1
0.14206827309236952,0.0,1.0,0.1420899476208633,0.0,1.0,1
0.24021084337349402,0.0,1.0,0.24013526259808543,0.0,1.0,1
0.33835341365461846,0.0,1.0,0.3381805775753075,0.0,1.0,1
0.4362449799196787,0.0,1.0,0.4362258925525296,0.0,1.0,1
0.5343875502008032,0.0,1.0,0.5342852555740633,0.0,1.0,1
0.6285140562248996,0.0,1.0,0.628409159324891,0.0,1.0,1
0.722640562248996,0.0,1.0,0.722533063075719,0.0,1.0,1
0.8207831325301205,0.0,1.0,0.820578378052941,0.0,1.0,1
0.9186746987951808,0.0,1.0,0.918623693030163,0.0,1.0,1
0.012801204819277101,0.0,1.0,0.012685384013325529,0.0,1.0,1
0.1106927710843374,0.0,1.0,0.1107306989905476,0.0,1.0,1
0.2088353413654619,0.0,1.0,0.20877601396776974,0.0,1.0,1
0.3069779116465864,0.0,1.0,0.3068213289449918,0.0,1.0,1
0.4048694779116466,0.0,1.0,0.40486664392221394,0.0,1.0,1
0.5030120481927711,0.0,1.0,0.5029260069437476,0.0,1.0,1
0.5971385542168675,0.0,1.0,0.5970499106945754,0.0,1.0,1
0.6912650602409639,0.0,1.0,0.6911738144454032,0.0,1.0,1
0.7853915662650603,0.0,1.0,0.785295711332758,0.0,1.0,1
0.8835341365461848,0.0,1.0,0.8833410263099801,0.0,1.0,1
0.981425702811245,0.0,1.0,0.9813863412872021,0.0,1.0,1
0.07555220883534136,0.0,1.0,0.07545003913383769,0.0,1.0,1
0.17344377510040165,0.0,1.0,0.17349535411105976,0.0,1.0,1
0.2715863453815261,0.0,1.0,0.27153866222480877,0.0,1.0,1
0.36972891566265065,0.0,1.0,0.36958397720203084,0.0,1.0,1
0.4676204819277109,0.0,1.0,0.467629292179253,0.0,1.0,1
0.5657630522088354,0.0,1.0,0.5656906620642597,0.0,1.0,1
0.6598895582329318,0.0,1.0,0.6598145658150876,0.0,1.0,1
0.7540160642570282,0.0,1.0,0.7539384695659154,0.0,1.0,1
0.8521586345381527,0.0,1.0,0.8519817776796643,0.0,1.0,1
0.9500502008032129,0.0,1.0,0.9500270926568866,0.0,1.0,1
0.04417670682730923,0.0,1.0,0.04409079050352199,0.0,1.0,1
0.14231927710843373,0.0,1.0,0.14213610548074407,0.0,1.0,1
0.24021084337349402,0.0,1.0,0.2401814204579662,0.0,1.0,1
0.33835341365461846,0.0,1.0,0.3382247285717152,0.0,1.0,1
0.4362449799196787,0.0,1.0,0.4362700435489373,0.0,1.0,1
0.5343875502008032,0.0,1.0,0.5343314134339441,0.0,1.0,1
0.6285140562248996,0.0,1.0,0.6284553171847719,0.0,1.0,1
0.722640562248996,0.0,1.0,0.7225792209355997,0.0,1.0,1
0.8207831325301205,0.0,1.0,0.8206245359128217,0.0,1.0,1
0.9186746987951808,0.0,1.0,0.9186678440265708,0.0,1.0,1
0.012801204819277101,0.0,1.0,0.012731541873206298,0.0,1.0,1
0.1109437751004016,0.0,1.0,0.11077685685042843,0.0,1.0,1
0.2088353413654619,0.0,1.0,0.2088221718276505,0.0,1.0,1
0.3069779116465864,0.0,1.0,0.30686748680487264,0.0,1.0,1
0.4048694779116466,0.0,1.0,0.40491079491862164,0.0,1.0,1
0.5030120481927711,0.0,1.0,0.5029721648036284,0.0,1.0,1
0.5971385542168675,0.0,1.0,0.5970960685544562,0.0,1.0,1
0.6912650602409639,0.0,1.0,0.691219972305284,0.0,1.0,1
0.7853915662650603,0.0,1.0,0.7853418691926388,0.0,1.0,1
0.8835341365461848,0.0,1.0,0.8833871841698608,0.0,1.0,1
0.981425702811245,0.0,1.0,0.981432499147083,0.0,1.0,1
0.07555220883534136,0.0,1.0,0.07549419013024539,0.0,1.0,1
0.17369477911646586,0.0,1.0,0.17353950510746752,0.0,1.0,1
0.2715863453815261,0.0,1.0,0.2715848200846896,0.0,1.0,1
0.36972891566265065,0.0,1.0,0.36963013506191167,0.0,1.0,1
0.46787148594377514,0.0,1.0,0.4676754500391338,0.0,1.0,1
0.5657630522088354,0.0,1.0,0.5657368199241405,0.0,1.0,1
0.6598895582329318,0.0,1.0,0.6598607236749683,0.0,1.0,1
0.7540160642570282,0.0,1.0,0.753982620562323,0.0,1.0,1
0.8521586345381527,0.0,1.0,0.8520279355395451,0.0,1.0,1
0.9500502008032129,0.0,1.0,0.9500732505167673,0.0,1.0,1
0.04417670682730923,0.0,1.0,0.04413494149992969,0.0,1.0,1
0.14231927710843373,0.0,1.0,0.14218025647715182,0.0,1.0,1
0.24021084337349402,0.0,1.0,0.2402255714543739,0.0,1.0,1
0.33835341365461846,0.0,1.0,0.338270886431596,0.0,1.0,1
0.43649598393574296,0.0,1.0,0.4363162014088181,0.0,1.0,1
0.5343875502008032,0.0,1.0,0.5343775712938248,0.0,1.0,1
0.6285140562248996,0.0,1.0,0.6285014750446527,0.0,1.0,1
0.722640562248996,0.0,1.0,0.7226233719320074,0.0,1.0,1
0.8207831325301205,0.0,1.0,0.8206686869092295,0.0,1.0,1
0.918925702811245,0.0,1.0,0.9187140018864516,0.0,1.0,1
0.012801204819277101,0.0,1.0,0.012777699733087067,0.0,1.0,1
0.1109437751004016,0.0,1.0,0.1108230147103092,0.0,1.0,1
0.2088353413654619,0.0,1.0,0.2088663228240582,0.0,1.0,1
0.3069779116465864,0.0,1.0,0.3069116378012803,0.0,1.0,1
0.4051204819277109,0.0,1.0,0.4049569527785024,0.0,1.0,1
0.5030120481927711,0.0,1.0,0.5030183226635091,0.0,1.0,1
0.5971385542168675,0.0,1.0,0.597142226414337,0.0,1.0,1
0.6912650602409639,0.0,1.0,0.6912661301651648,0.0,1.0,1
0.7853915662650603,0.0,1.0,0.7853880270525195,0.0,1.0,1
0.8835341365461848,0.0,1.0,0.8834333420297416,0.0,1.0,1
0.9816767068273093,0.0,1.0,0.9814786570069638,0.0,1.0,1
0.07555220883534136,0.0,1.0,0.07554034799012616,0.0,1.0,1
0.17369477911646586,0.0,1.0,0.1735856629673483,0.0,1.0,1
0.2715863453815261,0.0,1.0,0.27163097794457036,0.0,1.0,1
0.36972891566265065,0.0,1.0,0.3696762929217925,0.0,1.0,1
0.46787148594377514,0.0,1.0,0.46772160789901457,0.0,1.0,1
0.5657630522088354,0.0,1.0,0.5657829777840213,0.0,1.0,1
0.6598895582329318,0.0,1.0,0.6599068815348491,0.0,1.0,1
0.7540160642570282,0.0,1.0,0.7540287784222038,0.0,1.0,1
0.8521586345381527,0.0,1.0,0.852074093399426,0.0,1.0,1
0.9503012048192772,0.0,1.0,0.950119408376648,0.0,1.0,1
0.04417670682730923,0.0,1.0,0.04418109935981046,0.0,1.0,1
0.14231927710843373,0.0,1.0,0.1422264143370326,0.0,1.0,1
0.24046184738955823,0.0,1.0,0.24027172931425467,0.0,1.0,1
0.33835341365461846,0.0,1.0,0.3383170442914768,0.0,1.0,1
0.43649598393574296,0.0,1.0,0.4363623592686989,0.0,1.0,1
0.5343875502008032,0.0,1.0,0.5344237291537056,0.0,1.0,1
0.6285140562248996,0.0,1.0,0.6285476329045334,0.0,1.0,1
0.722640562248996,0.0,1.0,0.7226695297918881,0.0,1.0,1
0.8207831325301205,0.0,1.0,0.8207148447691103,0.0,1.0,1
0.918925702811245,0.0,1.0,0.9187601597463324,0.0,1.0,1
0.012801204819277101,0.0,1.0,0.012821850729494821,0.0,1.0,1
0.1109437751004016,0.0,1.0,0.1108671657067169,0.0,1.0,1
0.2090863453815261,0.0,1.0,0.20891248068393897,0.0,1.0,1
0.3069779116465864,0.0,1.0,0.3069577956611611,0.0,1.0,1
0.4051204819277109,0.0,1.0,0.40500311063838323,0.0,1.0,1
0.5032630522088354,0.0,1.0,0.5030644805233899,0.0,1.0,1
0.5973895582329317,0.0,1.0,0.5971883842742177,0.0,1.0,1
0.6915160642570282,0.0,1.0,0.6913102811615726,0.0,1.0,1
0.7856425702811245,0.0,1.0,0.7854341849124002,0.0,1.0,1
0.8835341365461848,0.0,1.0,0.8834794998896225,0.0,1.0,1
0.9816767068273093,0.0,1.0,0.9815248148668445,0.0,1.0,1
0.07555220883534136,0.0,1.0,0.07558650585000692,0.0,1.0,1
0.17369477911646586,0.0,1.0,0.17363182082722906,0.0,1.0,1
0.27183734939759036,0.0,1.0,0.2716771358044512,0.0,1.0,1
0.36972891566265065,0.0,1.0,0.36972245078167326,0.0,1.0,1
0.46787148594377514,0.0,1.0,0.46776776575889534,0.0,1.0,1
0.5660140562248996,0.0,1.0,0.565829135643902,0.0,1.0,1
0.660140562248996,0.0,1.0,0.6599510325312568,0.0,1.0,1
0.7542670682730923,0.0,1.0,0.7540749362820847,0.0,1.0,1
0.8521586345381527,0.0,1.0,0.8521202512593068,0.0,1.0,1
0.9503012048192772,0.0,1.0,0.9501655662365289,0.0,1.0,1
0.04417670682730923,0.0,1.0,0.04422725721969134,0.0,1.0,1
0.14231927710843373,0.0,1.0,0.14227257219691342,0.0,1.0,1
0.24046184738955823,0.0,1.0,0.2403178871741355,0.0,1.0,1
0.33835341365461846,0.0,1.0,0.33836320215135757,0.0,1.0,1
0.43649598393574296,0.0,1.0,0.43640851712857964,0.0,1.0,1
0.5346385542168675,0.0,1.0,0.5344698870135864,0.0,1.0,1
0.6287650602409639,0.0,1.0,0.6285937907644142,0.0,1.0,1
0.7228915662650602,0.0,1.0,0.722715687651769,0.0,1.0,1
0.8207831325301205,0.0,1.0,0.8207610026289911,0.0,1.0,1
0.918925702811245,0.0,1.0,0.9188063176062131,0.0,1.0,1
0.013052208835341361,0.0,1.0,0.012868008589375646,0.0,1.0,1
0.1109437751004016,0.0,1.0,0.11091332356659772,0.0,1.0,1
0.2090863453815261,0.0,1.0,0.2089586385438198,0.0,1.0,1
0.3069779116465864,0.0,1.0,0.30700395352104193,0.0,1.0,1
0.4051204819277109,0.0,1.0,0.405049268498264,0.0,1.0,1
0.5032630522088354,0.0,1.0,0.5031106383832707,0.0,1.0,1
0.5973895582329317,0.0,1.0,0.5972345421340985,0.0,1.0,1
0.6915160642570282,0.0,1.0,0.6913564390214533,0.0,1.0,1
0.7856425702811245,0.0,1.0,0.7854803427722812,0.0,1.0,1
0.8835341365461848,0.0,1.0,0.8835256577495032,0.0,1.0,1
0.9816767068273093,0.0,1.0,0.9815709727267253,0.0,1.0,1
0.07580321285140562,0.0,1.0,0.0756326637098878,0.0,1.0,1
0.17369477911646586,0.0,1.0,0.17367797868710988,0.0,1.0,1
0.27183734939759036,0.0,1.0,0.271723293664332,0.0,1.0,1
0.36972891566265065,0.0,1.0,0.36976860864155403,0.0,1.0,1
0.46787148594377514,0.0,1.0,0.46781392361877616,0.0,1.0,1
0.5660140562248996,0.0,1.0,0.5658752935037829,0.0,1.0,1
0.660140562248996,0.0,1.0,0.6599971903911377,0.0,1.0,1
0.7542670682730923,0.0,1.0,0.7541210941419654,0.0,1.0,1
0.8521586345381527,0.0,1.0,0.8521664091191876,0.0,1.0,1
0.9503012048192772,0.0,1.0,0.9502117240964096,0.0,1.0,1
0.04442771084337349,0.0,1.0,0.04427341507957211,0.0,1.0,1
0.14231927710843373,0.0,1.0,0.14231873005679418,0.0,1.0,1
0.24046184738955823,0.0,1.0,0.24036404503401626,0.0,1.0,1
0.3386044176706827,0.0,1.0,0.3384093600112384,0.0,1.0,1
0.43649598393574296,0.0,1.0,0.43645467498846047,0.0,1.0,1
0.5346385542168675,0.0,1.0,0.5345160448734672,0.0,1.0,1
0.6287650602409639,0.0,1.0,0.6286379417608219,0.0,1.0,1
0.7228915662650602,0.0,1.0,0.7227618455116498,0.0,1.0,1
0.8207831325301205,0.0,1.0,0.8208071604888718,0.0,1.0,1
0.918925702811245,0.0,1.0,0.9188524754660939,0.0,1.0,1
0.013052208835341361,0.0,1.0,0.012914166449256415,0.0,1.0,1
0.1109437751004016,0.0,1.0,0.11095948142647849,0.0,1.0,1
0.2090863453815261,0.0,1.0,0.20900479640370062,0.0,1.0,1
0.30722891566265065,0.0,1.0,0.3070501113809227,0.0,1.0,1
0.4051204819277109,0.0,1.0,0.4050954263581448,0.0,1.0,1
0.5032630522088354,0.0,1.0,0.5031567962431515,0.0,1.0,1
0.5973895582329317,0.0,1.0,0.5972786931305063,0.0,1.0,1
0.6915160642570282,0.0,1.0,0.6914025968813341,0.0,1.0,1
0.7856425702811245,0.0,1.0,0.7855265006321619,0.0,1.0,1
0.883785140562249,0.0,1.0,0.883571815609384,0.0,1.0,1
0.9816767068273093,0.0,1.0,0.9816171305866062,0.0,1.0,1
0.07580321285140562,0.0,1.0,0.07567882156976857,0.0,1.0,1
0.17369477911646586,0.0,1.0,0.17372413654699065,0.0,1.0,1
0.27183734939759036,0.0,1.0,0.2717694515242127,0.0,1.0,1
0.3699799196787149,0.0,1.0,0.36981476650143486,0.0,1.0,1
0.46787148594377514,0.0,1.0,0.46786008147865693,0.0,1.0,1
0.5660140562248996,0.0,1.0,0.5659194445001906,0.0,1.0,1
0.660140562248996,0.0,1.0,0.6600433482510184,0.0,1.0,1
0.7542670682730923,0.0,1.0,0.7541672520018463,0.0,1.0,1
0.8524096385542168,0.0,1.0,0.8522125669790683,0.0,1.0,1
0.9503012048192772,0.0,1.0,0.9502578819562904,0.0,1.0,1
0.04442771084337349,0.0,1.0,0.04431957293945288,0.0,1.0,1
0.14231927710843373,0.0,1.0,0.14236488791667495,0.0,1.0,1
0.24046184738955823,0.0,1.0,0.24041020289389708,0.0,1.0,1
0.3386044176706827,0.0,1.0,0.33845551787111916,0.0,1.0,1
0.43649598393574296,0.0,1.0,0.4365008328483413,0.0,1.0,1
0.5346385542168675,0.0,1.0,0.534562202733348,0.0,1.0,1
0.6287650602409639,0.0,1.0,0.6286840996207027,0.0,1.0,1
0.7228915662650602,0.0,1.0,0.7228080033715306,0.0,1.0,1
0.8210341365461847,0.0,1.0,0.8208533183487526,0.0,1.0,1
0.918925702811245,0.0,1.0,0.9188986333259748,0.0,1.0,1
0.013052208835341361,0.0,1.0,0.012960324309137183,0.0,1.0,1
0.11119477911646586,0.0,1.0,0.11100563928635926,0.0,1.0,1
0.2090863453815261,0.0,1.0,0.2090509542635814,0.0,1.0,1
0.30722891566265065,0.0,1.0,0.30709626924080347,0.0,1.0,1
0.4051204819277109,0.0,1.0,0.4051415842180256,0.0,1.0,1
0.5032630522088354,0.0,1.0,0.5032029541030323,0.0,1.0,1
0.5973895582329317,0.0,1.0,0.597324850990387,0.0,1.0,1
0.6915160642570282,0.0,1.0,0.6914487547412149,0.0,1.0,1
0.7856425702811245,0.0,1.0,0.7855726584920427,0.0,1.0,1
0.883785140562249,0.0,1.0,0.8836179734692649,0.0,1.0,1
0.9816767068273093,0.0,1.0,0.9816632884464869,0.0,1.0,1
0.07580321285140562,0.0,1.0,0.07572497942964934,0.0,1.0,1
0.17394578313253012,0.0,1.0,0.17377029440687142,0.0,1.0,1
0.27183734939759036,0.0,1.0,0.27181560938409355,0.0,1.0,1
0.3699799196787149,0.0,1.0,0.3698609243613157,0.0,1.0,1
0.46787148594377514,0.0,1.0,0.46790623933853775,0.0,1.0,1
0.5660140562248996,0.0,1.0,0.5659656023600714,0.0,1.0,1
0.660140562248996,0.0,1.0,0.6600895061108992,0.0,1.0,1
0.7542670682730923,0.0,1.0,0.754213409861727,0.0,1.0,1
0.8524096385542168,0.0,1.0,0.852258724838949,0.0,1.0,1
0.9503012048192772,0.0,1.0,0.9503040398161712,0.0,1.0,1
0.04442771084337349,0.0,1.0,0.04436573079933365,0.0,1.0,1
0.142570281124498,0.0,1.0,0.14241104577655572,0.0,1.0,1
0.24046184738955823,0.0,1.0,0.24045636075377785,0.0,1.0,1
0.3386044176706827,0.0,1.0,0.338501675731,0.0,1.0,1
0.4367469879518072,0.0,1.0,0.43654699070822206,0.0,1.0,1
0.5346385542168675,0.0,1.0,0.5346063537297557,0.0,1.0,1
0.6287650602409639,0.0,1.0,0.6287302574805835,0.0,1.0,1
0.7228915662650602,0.0,1.0,0.7228541612314113,0.0,1.0,1
0.8210341365461847,0.0,1.0,0.8208994762086335,0.0,1.0,1
0.918925702811245,0.0,1.0,0.9189447911858556,0.0,1.0,1
0.013052208835341361,0.0,1.0,0.013006482169018008,0.0,1.0,1
0.11119477911646586,0.0,1.0,0.11105179714624014,0.0,1.0,1
0.2090863453815261,0.0,1.0,0.20909711212346221,0.0,1.0,1
0.30722891566265065,0.0,1.0,0.3071424271006843,0.0,1.0,1
0.40537148594377514,0.0,1.0,0.40518774207790637,0.0,1.0,1
0.5032630522088354,0.0,1.0,0.50324710509944,0.0,1.0,1
0.5973895582329317,0.0,1.0,0.5973710088502678,0.0,1.0,1
0.6915160642570282,0.0,1.0,0.6914949126010956,0.0,1.0,1
0.7856425702811245,0.0,1.0,0.7856188163519235,0.0,1.0,1
0.883785140562249,0.0,1.0,0.8836641313291456,0.0,1.0,1
0.9816767068273093,0.0,1.0,0.9817094463063677,0.0,1.0,1
0.07580321285140562,0.0,1.0,0.07577113728953017,0.0,1.0,1
0.17394578313253012,0.0,1.0,0.17381645226675224,0.0,1.0,1
0.27183734939759036,0.0,1.0,0.2718617672439743,0.0,1.0,1
0.3699799196787149,0.0,1.0,0.3699070822211964,0.0,1.0,1
0.4681224899598394,0.0,1.0,0.4679523971984185,0.0,1.0,1
0.5660140562248996,0.0,1.0,0.5660117602199521,0.0,1.0,1
0.660140562248996,0.0,1.0,0.66013566397078,0.0,1.0,1
0.7542670682730923,0.0,1.0,0.7542595677216078,0.0,1.0,1
0.8524096385542168,0.0,1.0,0.85230488269883,0.0,1.0,1
0.9505522088353414,0.0,1.0,0.950350197676052,0.0,1.0,1
0.04442771084337349,0.0,1.0,0.04441188865921447,0.0,1.0,1
0.142570281124498,0.0,1.0,0.14245720363643655,0.0,1.0,1
0.24046184738955823,0.0,1.0,0.24050251861365868,0.0,1.0,1
0.3386044176706827,0.0,1.0,0.3385478335908807,0.0,1.0,1
0.4367469879518072,0.0,1.0,0.43659314856810283,0.0,1.0,1
0.5346385542168675,0.0,1.0,0.5346525115896364,0.0,1.0,1
0.6287650602409639,0.0,1.0,0.6287764153404644,0.0,1.0,1
0.7228915662650602,0.0,1.0,0.7229003190912922,0.0,1.0,1
0.8210341365461847,0.0,1.0,0.8209456340685142,0.0,1.0,1
0.9191767068273093,0.0,1.0,0.9189909490457364,0.0,1.0,1
0.013052208835341361,0.0,1.0,0.013052640028898777,0.0,1.0,1
0.11119477911646586,0.0,1.0,0.11109795500612091,0.0,1.0,1
0.2090863453815261,0.0,1.0,0.20914326998334298,0.0,1.0,1
0.30722891566265065,0.0,1.0,0.3071885849605651,0.0,1.0,1
0.40537148594377514,0.0,1.0,0.4052338999377872,0.0,1.0,1
0.5032630522088354,0.0,1.0,0.5032932629593209,0.0,1.0,1
0.5973895582329317,0.0,1.0,0.5974171667101487,0.0,1.0,1
0.6915160642570282,0.0,1.0,0.6915410704609765,0.0,1.0,1
0.7856425702811245,0.0,1.0,0.7856649742118043,0.0,1.0,1
0.883785140562249,0.0,1.0,0.8837102891890264,0.0,1.0,1
0.9819277108433735,0.0,1.0,0.9817556041662485,0.0,1.0,1
0.07580321285140562,0.0,1.0,0.07581729514941093,0.0,1.0,1
0.17394578313253012,0.0,1.0,0.173862610126633,0.0,1.0,1
0.2720883534136546,0.0,1.0,0.27190792510385514,0.0,1.0,1
0.3699799196787149,0.0,1.0,0.3699532400810772,0.0,1.0,1
0.4681224899598394,0.0,1.0,0.4679985550582993,0.0,1.0,1
0.5660140562248996,0.0,1.0,0.566057918079833,0.0,1.0,1
0.660140562248996,0.0,1.0,0.6601818218306608,0.0,1.0,1
0.7542670682730923,0.0,1.0,0.7543057255814887,0.0,1.0,1
0.8524096385542168,0.0,1.0,0.8523510405587107,0.0,1.0,1
0.9505522088353414,0.0,1.0,0.9503963555359328,0.0,1.0,1
0.04442771084337349,0.0,1.0,0.04445804651909524,0.0,1.0,1
0.142570281124498,0.0,1.0,0.14250336149631737,0.0,1.0,1
0.24071285140562254,0.0,1.0,0.24054867647353945,0.0,1.0,1
0.3386044176706827,0.0,1.0,0.3385939914507615,0.0,1.0,1
0.4367469879518072,0.0,1.0,0.43663930642798365,0.0,1.0,1
0.5348895582329317,0.0,1.0,0.5346986694495173,0.0,1.0,1
0.6290160642570282,0.0,1.0,0.6288225732003451,0.0,1.0,1
0.7231425702811245,0.0,1.0,0.7229464769511729,0.0,1.0,1
0.8210341365461847,0.0,1.0,0.8209917919283951,0.0,1.0,1
0.9191767068273093,0.0,1.0,0.9190371069056171,0.0,1.0,1
0.013052208835341361,0.0,1.0,0.013098797888779545,0.0,1.0,1
0.11119477911646586,0.0,1.0,0.11114411286600168,0.0,1.0,1
0.2093373493975904,0.0,1.0,0.20918942784322375,0.0,1.0,1
0.30722891566265065,0.0,1.0,0.3072347428204458,0.0,1.0,1
0.40537148594377514,0.0,1.0,0.40528005779766796,0.0,1.0,1
0.5035140562248996,0.0,1.0,0.5033394208192016,0.0,1.0,1
0.597640562248996,0.0,1.0,0.5974633245700294,0.0,1.0,1
0.6917670682730924,0.0,1.0,0.6915872283208573,0.0,1.0,1
0.7858935742971889,0.0,1.0,0.7857111320716851,0.0,1.0,1
0.883785140562249,0.0,1.0,0.8837564470489072,0.0,1.0,1
0.9819277108433735,0.0,1.0,0.9818017620261292,0.0,1.0,1
0.07580321285140562,0.0,1.0,0.0758634530092917,0.0,1.0,1
0.17394578313253012,0.0,1.0,0.17390876798651383,0.0,1.0,1
0.2720883534136546,0.0,1.0,0.2719540829637359,0.0,1.0,1
0.3699799196787149,0.0,1.0,0.36999939794095804,0.0,1.0,1
0.4681224899598394,0.0,1.0,0.4680447129181801,0.0,1.0,1
0.5662650602409639,0.0,1.0,0.5661040759397138,0.0,1.0,1
0.6603915662650602,0.0,1.0,0.6602279796905416,0.0,1.0,1
0.7545180722891567,0.0,1.0,0.7543518834413694,0.0,1.0,1
0.8524096385542168,0.0,1.0,0.8523971984185914,0.0,1.0,1
0.9505522088353414,0.0,1.0,0.9504425133958136,0.0,1.0,1
0.04467871485943775,0.0,1.0,0.04450420437897601,0.0,1.0,1
0.142570281124498,0.0,1.0,0.14254951935619814,0.0,1.0,1
0.24071285140562254,0.0,1.0,0.24059483433342022,0.0,1.0,1
0.3386044176706827,0.0,1.0,0.33864014931064235,0.0,1.0,1
0.4367469879518072,0.0,1.0,0.4366854642878644,0.0,1.0,1
0.5348895582329317,0.0,1.0,0.5347448273093981,0.0,1.0,1
0.6290160642570282,0.0,1.0,0.6288687310602259,0.0,1.0,1
0.7231425702811245,0.0,1.0,0.7229926348110538,0.0,1.0,1
0.8210341365461847,0.0,1.0,0.8210379497882758,0.0,1.0,1
0.9191767068273093,0.0,1.0,0.9190832647654978,0.0,1.0,1
0.013303212851405621,0.0,1.0,0.01314495574866037,0.0,1.0,1
0.11119477911646586,0.0,1.0,0.11119027072588245,0.0,1.0,1
0.2093373493975904,0.0,1.0,0.20923558570310452,0.0,1.0,1
0.30722891566265065,0.0,1.0,0.30728090068032665,0.0,1.0,1
0.40537148594377514,0.0,1.0,0.4053262156575488,0.0,1.0,1
0.5035140562248996,0.0,1.0,0.5033855786790824,0.0,1.0,1
0.597640562248996,0.0,1.0,0.5975094824299102,0.0,1.0,1
0.6917670682730924,0.0,1.0,0.691633386180738,0.0,1.0,1
0.7858935742971889,0.0,1.0,0.7857552830680927,0.0,1.0,1
0.883785140562249,0.0,1.0,0.883800598045315,0.0,1.0,1
0.9819277108433735,0.0,1.0,0.981845913022537,0.0,1.0,1
0.07605421686746988,0.0,1.0,0.07590961086917247,0.0,1.0,1
0.17394578313253012,0.0,1.0,0.1739549258463946,0.0,1.0,1
0.2720883534136546,0.0,1.0,0.27199823396014366,0.0,1.0,1
0.37023092369477917,0.0,1.0,0.3700435489373657,0.0,1.0,1
0.4681224899598394,0.0,1.0,0.4680888639145878,0.0,1.0,1
0.5662650602409639,0.0,1.0,0.5661502337995945,0.0,1.0,1
0.6603915662650602,0.0,1.0,0.6602741375504224,0.0,1.0,1
0.7545180722891567,0.0,1.0,0.7543980413012502,0.0,1.0,1
0.8524096385542168,0.0,1.0,0.8524413494149992,0.0,1.0,1
0.9505522088353414,0.0,1.0,0.9504866643922213,0.0,1.0,1
0.04467871485943775,0.0,1.0,0.04455036223885689,0.0,1.0,1
0.142570281124498,0.0,1.0,0.14259567721607896,0.0,1.0,1
0.24071285140562254,0.0,1.0,0.24064099219330104,0.0,1.0,1
0.338855421686747,0.0,1.0,0.3386843003070501,0.0,1.0,1
0.4367469879518072,0.0,1.0,0.4367296152842721,0.0,1.0,1
0.5348895582329317,0.0,1.0,0.5347909851692789,0.0,1.0,1
0.6290160642570282,0.0,1.0,0.6289148889201067,0.0,1.0,1
0.7231425702811245,0.0,1.0,0.7230387926709345,0.0,1.0,1
0.821285140562249,0.0,1.0,0.8210841076481566,0.0,1.0,1
0.9191767068273093,0.0,1.0,0.9191274157619056,0.0,1.0,1
0.013303212851405621,0.0,1.0,0.013191113608541194,0.0,1.0,1
0.11119477911646586,0.0,1.0,0.11123642858576327,0.0,1.0,1
0.2093373493975904,0.0,1.0,0.20928174356298535,0.0,1.0,1
0.3074799196787149,0.0,1.0,0.3073270585402075,0.0,1.0,1
0.40537148594377514,0.0,1.0,0.4053703666539565,0.0,1.0,1
0.5035140562248996,0.0,1.0,0.5034317365389632,0.0,1.0,1
0.597640562248996,0.0,1.0,0.597555640289791,0.0,1.0,1
0.6917670682730924,0.0,1.0,0.6916795440406188,0.0,1.0,1
0.7858935742971889,0.0,1.0,0.7858014409279735,0.0,1.0,1
0.8840361445783134,0.0,1.0,0.8838467559051957,0.0,1.0,1
0.9819277108433735,0.0,1.0,0.9818920708824177,0.0,1.0,1
0.07605421686746988,0.0,1.0,0.07595376186558023,0.0,1.0,1
0.17394578313253012,0.0,1.0,0.1739990768428023,0.0,1.0,1
0.2720883534136546,0.0,1.0,0.27204439182002443,0.0,1.0,1
0.37023092369477917,0.0,1.0,0.3700897067972465,0.0,1.0,1
0.4681224899598394,0.0,1.0,0.46813502177446864,0.0,1.0,1
0.5662650602409639,0.0,1.0,0.5661963916594753,0.0,1.0,1
0.6603915662650602,0.0,1.0,0.6603202954103031,0.0,1.0,1
0.7545180722891567,0.0,1.0,0.7544421922976579,0.0,1.0,1
0.8526606425702812,0.0,1.0,0.8524875072748801,0.0,1.0,1
0.9505522088353414,0.0,1.0,0.9505328222521021,0.0,1.0,1
0.04467871485943775,0.0,1.0,0.04459652009873766,0.0,1.0,1
0.14282128514056225,0.0,1.0,0.14263982821248666,0.0,1.0,1
0.24071285140562254,0.0,1.0,0.2406851431897088,0.0,1.0,1
0.338855421686747,0.0,1.0,0.3387304581669308,0.0,1.0,1
0.4367469879518072,0.0,1.0,0.43677577314415295,0.0,1.0,1
0.5348895582329317,0.0,1.0,0.5348371430291596,0.0,1.0,1
0.6290160642570282,0.0,1.0,0.6289610467799875,0.0,1.0,1
0.7231425702811245,0.0,1.0,0.7230829436673423,0.0,1.0,1
0.821285140562249,0.0,1.0,0.8211282586445643,0.0,1.0,1
0.9191767068273093,0.0,1.0,0.9191735736217864,0.0,1.0,1
0.013303212851405621,0.0,1.0,0.013237271468421963,0.0,1.0,1
0.11144578313253012,0.0,1.0,0.11128258644564404,0.0,1.0,1
0.2093373493975904,0.0,1.0,0.2093258945593931,0.0,1.0,1
0.3074799196787149,0.0,1.0,0.3073712095366151,0.0,1.0,1
0.40537148594377514,0.0,1.0,0.40541652451383725,0.0,1.0,1
0.5035140562248996,0.0,1.0,0.5034778943988439,0.0,1.0,1
0.597640562248996,0.0,1.0,0.5976017981496718,0.0,1.0,1
0.6917670682730924,0.0,1.0,0.6917257019004996,0.0,1.0,1
0.7858935742971889,0.0,1.0,0.7858475987878544,0.0,1.0,1
0.8840361445783134,0.0,1.0,0.8838929137650765,0.0,1.0,1
0.9819277108433735,0.0,1.0,0.9819382287422986,0.0,1.0,1
0.07605421686746988,0.0,1.0,0.07599991972546105,0.0,1.0,1
0.17419678714859438,0.0,1.0,0.17404523470268313,0.0,1.0,1
0.2720883534136546,0.0,1.0,0.2720905496799052,0.0,1.0,1
0.37023092369477917,0.0,1.0,0.37013586465712733,0.0,1.0,1
0.46837349397590367,0.0,1.0,0.4681811796343494,0.0,1.0,1
0.5662650602409639,0.0,1.0,0.5662425495193562,0.0,1.0,1
0.6603915662650602,0.0,1.0,0.660366453270184,0.0,1.0,1
0.7545180722891567,0.0,1.0,0.7544883501575387,0.0,1.0,1
0.8526606425702812,0.0,1.0,0.8525336651347608,0.0,1.0,1
0.9505522088353414,0.0,1.0,0.9505789801119828,0.0,1.0,1
0.04467871485943775,0.0,1.0,0.04464067109514536,0.0,1.0,1
0.14282128514056225,0.0,1.0,0.14268598607236743,0.0,1.0,1
0.24071285140562254,0.0,1.0,0.24073130104958956,0.0,1.0,1
0.338855421686747,0.0,1.0,0.33877661602681164,0.0,1.0,1
0.4369979919678715,0.0,1.0,0.43682193100403377,0.0,1.0,1
0.5348895582329317,0.0,1.0,0.5348833008890405,0.0,1.0,1
0.6290160642570282,0.0,1.0,0.6290072046398683,0.0,1.0,1
0.7231425702811245,0.0,1.0,0.723129101527223,0.0,1.0,1
0.821285140562249,0.0,1.0,0.8211744165044451,0.0,1.0,1
0.9194277108433735,0.0,1.0,0.9192197314816672,0.0,1.0,1
0.013303212851405621,0.0,1.0,0.013281422464829662,0.0,1.0,1
0.11144578313253012,0.0,1.0,0.11132673744205179,0.0,1.0,1
0.2093373493975904,0.0,1.0,0.20937205241927387,0.0,1.0,1
0.3074799196787149,0.0,1.0,0.30741736739649594,0.0,1.0,1
0.4056224899598394,0.0,1.0,0.4054626823737181,0.0,1.0,1
0.5035140562248996,0.0,1.0,0.5035240522587248,0.0,1.0,1
0.597640562248996,0.0,1.0,0.5976479560095526,0.0,1.0,1
0.6917670682730924,0.0,1.0,0.6917698528969074,0.0,1.0,1
0.7858935742971889,0.0,1.0,0.7858937566477352,0.0,1.0,1
0.8840361445783134,0.0,1.0,0.8839390716249573,0.0,1.0,1
0.9821787148594379,0.0,1.0,0.9819843866021793,0.0,1.0,1
0.07605421686746988,0.0,1.0,0.07604607758534182,0.0,1.0,1
0.17419678714859438,0.0,1.0,0.1740913925625639,0.0,1.0,1
0.2720883534136546,0.0,1.0,0.272136707539786,0.0,1.0,1
0.37023092369477917,0.0,1.0,0.3701820225170081,0.0,1.0,1
0.46837349397590367,0.0,1.0,0.4682273374942302,0.0,1.0,1
0.5662650602409639,0.0,1.0,0.5662887073792369,0.0,1.0,1
0.6603915662650602,0.0,1.0,0.6604106042665916,0.0,1.0,1
0.7545180722891567,0.0,1.0,0.7545345080174195,0.0,1.0,1
0.8526606425702812,0.0,1.0,0.8525798229946415,0.0,1.0,1
0.9508032128514057,0.0,1.0,0.9506251379718638,0.0,1.0,1
0.04467871485943775,0.0,1.0,0.044686828955026126,0.0,1.0,1
0.14282128514056225,0.0,1.0,0.1427321439322482,0.0,1.0,1
0.24096385542168675,0.0,1.0,0.24077745890947033,0.0,1.0,1
0.338855421686747,0.0,1.0,0.3388227738866924,0.0,1.0,1
0.4369979919678715,0.0,1.0,0.43686808886391454,0.0,1.0,1
0.5348895582329317,0.0,1.0,0.5349294587489213,0.0,1.0,1
0.6290160642570282,0.0,1.0,0.6290533624997491,0.0,1.0,1
0.7231425702811245,0.0,1.0,0.7231752593871038,0.0,1.0,1
0.821285140562249,0.0,1.0,0.8212205743643259,0.0,1.0,1
0.9194277108433735,0.0,1.0,0.919265889341548,0.0,1.0,1
0.013303212851405621,0.0,1.0,0.01332758032471043,0.0,1.0,1
0.11144578313253012,0.0,1.0,0.11137289530193256,0.0,1.0,1
0.20958835341365462,0.0,1.0,0.20941821027915464,0.0,1.0,1
0.3074799196787149,0.0,1.0,0.30746352525637677,0.0,1.0,1
0.4056224899598394,0.0,1.0,0.40550884023359884,0.0,1.0,1
0.5037650602409639,0.0,1.0,0.5035702101186056,0.0,1.0,1
0.5978915662650602,0.0,1.0,0.5976941138694334,0.0,1.0,1
0.6920180722891567,0.0,1.0,0.6918160107567881,0.0,1.0,1
0.786144578313253,0.0,1.0,0.785939914507616,0.0,1.0,1
0.8840361445783134,0.0,1.0,0.883985229484838,0.0,1.0,1
0.9821787148594379,0.0,1.0,0.9820305444620602,0.0,1.0,1
0.07605421686746988,0.0,1.0,0.07609223544522259,0.0,1.0,1
0.17419678714859438,0.0,1.0,0.17413755042244466,0.0,1.0,1
0.2723393574297189,0.0,1.0,0.27218286539966685,0.0,1.0,1
0.37023092369477917,0.0,1.0,0.37022818037688887,0.0,1.0,1
0.46837349397590367,0.0,1.0,0.468273495354111,0.0,1.0,1
0.5665160642570282,0.0,1.0,0.5663348652391177,0.0,1.0,1
0.6606425702811245,0.0,1.0,0.6604567621264725,0.0,1.0,1
0.7547690763052208,0.0,1.0,0.7545806658773002,0.0,1.0,1
0.8526606425702812,0.0,1.0,0.8526259808545223,0.0,1.0,1
0.9508032128514057,0.0,1.0,0.9506712958317445,0.0,1.0,1
0.04467871485943775,0.0,1.0,0.044732986814906894,0.0,1.0,1
0.14282128514056225,0.0,1.0,0.14277830179212903,0.0,1.0,1
0.24096385542168675,0.0,1.0,0.2408236167693511,0.0,1.0,1
0.338855421686747,0.0,1.0,0.33886893174657323,0.0,1.0,1
0.4369979919678715,0.0,1.0,0.4369142467237953,0.0,1.0,1
0.535140562248996,0.0,1.0,0.534975616608802,0.0,1.0,1
0.6292670682730924,0.0,1.0,0.6290975134961567,0.0,1.0,1
0.7233935742971888,0.0,1.0,0.7232214172469846,0.0,1.0,1
0.821285140562249,0.0,1.0,0.8212667322242068,0.0,1.0,1
0.9194277108433735,0.0,1.0,0.9193120472014289,0.0,1.0,1
0.013554216867469882,0.0,1.0,0.0133737381845912,0.0,1.0,1
0.11144578313253012,0.0,1.0,0.11141905316181339,0.0,1.0,1
0.20958835341365462,0.0,1.0,0.20946436813903546,0.0,1.0,1
0.3074799196787149,0.0,1.0,0.30750968311625754,0.0,1.0,1
0.4056224899598394,0.0,1.0,0.4055549980934796,0.0,1.0,1
0.5037650602409639,0.0,1.0,0.5036163679784864,0.0,1.0,1
0.5978915662650602,0.0,1.0,0.5977382648658411,0.0,1.0,1
0.6920180722891567,0.0,1.0,0.6918621686166689,0.0,1.0,1
0.786144578313253,0.0,1.0,0.7859860723674967,0.0,1.0,1
0.8840361445783134,0.0,1.0,0.8840313873447189,0.0,1.0,1
0.9821787148594379,0.0,1.0,0.982076702321941,0.0,1.0,1
0.07630522088353414,0.0,1.0,0.07613839330510341,0.0,1.0,1
0.17419678714859438,0.0,1.0,0.17418370828232554,0.0,1.0,1
0.2723393574297189,0.0,1.0,0.27222902325954756,0.0,1.0,1
0.37023092369477917,0.0,1.0,0.3702743382367697,0.0,1.0,1
0.46837349397590367,0.0,1.0,0.46831965321399177,0.0,1.0,1
0.5665160642570282,0.0,1.0,0.5663810230989985,0.0,1.0,1
0.6606425702811245,0.0,1.0,0.6605029199863532,0.0,1.0,1
0.7547690763052208,0.0,1.0,0.7546268237371812,0.0,1.0,1
0.8526606425702812,0.0,1.0,0.8526721387144032,0.0,1.0,1
0.9508032128514057,0.0,1.0,0.9507174536916253,0.0,1.0,1
0.04492971887550201,0.0,1.0,0.04477914467478772,0.0,1.0,1
0.14282128514056225,0.0,1.0,0.14282445965200985,0.0,1.0,1
0.24096385542168675,0.0,1.0,0.24086977462923193,0.0,1.0,1
0.33910642570281124,0.0,1.0,0.338915089606454,0.0,1.0,1
0.4369979919678715,0.0,1.0,0.43696040458367613,0.0,1.0,1
0.535140562248996,0.0,1.0,0.5350217744686828,0.0,1.0,1
0.6292670682730924,0.0,1.0,0.6291436713560375,0.0,1.0,1
0.7233935742971888,0.0,1.0,0.7232675751068655,0.0,1.0,1
0.821285140562249,0.0,1.0,0.8213128900840876,0.0,1.0,1
0.9194277108433735,0.0,1.0,0.9193582050613096,0.0,1.0,1
0.013554216867469882,0.0,1.0,0.01341989604447208,0.0,1.0,1
0.11144578313253012,0.0,1.0,0.11146521102169415,0.0,1.0,1
0.20958835341365462,0.0,1.0,0.20951052599891623,0.0,1.0,1
0.3077309236947791,0.0,1.0,0.3075558409761383,0.0,1.0,1
0.4056224899598394,0.0,1.0,0.40560115595336044,0.0,1.0,1
0.5037650602409639,0.0,1.0,0.5036625258383671,0.0,1.0,1
0.5978915662650602,0.0,1.0,0.5977844227257219,0.0,1.0,1
0.6920180722891567,0.0,1.0,0.6919083264765498,0.0,1.0,1
0.786144578313253,0.0,1.0,0.7860322302273776,0.0,1.0,1
0.8842871485943775,0.0,1.0,0.8840775452045997,0.0,1.0,1
0.9821787148594379,0.0,1.0,0.9821228601818217,0.0,1.0,1
0.07630522088353414,0.0,1.0,0.07618455116498418,0.0,1.0,1
0.17419678714859438,0.0,1.0,0.1742298661422063,0.0,1.0,1
0.2723393574297189,0.0,1.0,0.2722751811194284,0.0,1.0,1
0.3704819277108434,0.0,1.0,0.3703204960966505,0.0,1.0,1
0.46837349397590367,0.0,1.0,0.4683658110738726,0.0,1.0,1
0.5665160642570282,0.0,1.0,0.5664251740954063,0.0,1.0,1
0.6606425702811245,0.0,1.0,0.6605490778462341,0.0,1.0,1
0.7547690763052208,0.0,1.0,0.7546729815970619,0.0,1.0,1
0.8529116465863453,0.0,1.0,0.852718296574284,0.0,1.0,1
0.9508032128514057,0.0,1.0,0.9507636115515061,0.0,1.0,1
0.04492971887550201,0.0,1.0,0.04482530253466854,0.0,1.0,1
0.14282128514056225,0.0,1.0,0.14287061751189062,0.0,1.0,1
0.24096385542168675,0.0,1.0,0.2409159324891127,0.0,1.0,1
0.33910642570281124,0.0,1.0,0.3389612474663348,0.0,1.0,1
0.4369979919678715,0.0,1.0,0.4370065624435569,0.0,1.0,1
0.535140562248996,0.0,1.0,0.5350659254650906,0.0,1.0,1
0.6292670682730924,0.0,1.0,0.6291898292159184,0.0,1.0,1
0.7233935742971888,0.0,1.0,0.7233137329667462,0.0,1.0,1
0.8215361445783133,0.0,1.0,0.8213590479439683,0.0,1.0,1
0.9194277108433735,0.0,1.0,0.9194043629211903,0.0,1.0,1
0.013554216867469882,0.0,1.0,0.013466053904352848,0.0,1.0,1
0.11169678714859438,0.0,1.0,0.11151136888157492,0.0,1.0,1
0.20958835341365462,0.0,1.0,0.209556683858797,0.0,1.0,1
0.3077309236947791,0.0,1.0,0.30760199883601913,0.0,1.0,1
0.4056224899598394,0.0,1.0,0.40564731381324126,0.0,1.0,1
0.5037650602409639,0.0,1.0,0.5037066768347749,0.0,1.0,1
0.5978915662650602,0.0,1.0,0.5978305805856027,0.0,1.0,1
0.6920180722891567,0.0,1.0,0.6919544843364305,0.0,1.0,1
0.786144578313253,0.0,1.0,0.7860783880872584,0.0,1.0,1
0.8842871485943775,0.0,1.0,0.8841237030644804,0.0,1.0,1
0.9821787148594379,0.0,1.0,0.9821690180417025,0.0,1.0,1
0.07630522088353414,0.0,1.0,0.07623070902486495,0.0,1.0,1
0.17444779116465864,0.0,1.0,0.17427602400208708,0.0,1.0,1
0.2723393574297189,0.0,1.0,0.27232133897930916,0.0,1.0,1
0.3704819277108434,0.0,1.0,0.37036665395653123,0.0,1.0,1
0.46837349397590367,0.0,1.0,0.46841196893375336,0.0,1.0,1
0.5665160642570282,0.0,1.0,0.566471331955287,0.0,1.0,1
0.6606425702811245,0.0,1.0,0.6605952357061149,0.0,1.0,1
0.7547690763052208,0.0,1.0,0.7547191394569427,0.0,1.0,1
0.8529116465863453,0.0,1.0,0.8527644544341648,0.0,1.0,1
0.9508032128514057,0.0,1.0,0.9508097694113868,0.0,1.0,1
0.04492971887550201,0.0,1.0,0.04487146039454931,0.0,1.0,1
0.1430722891566265,0.0,1.0,0.1429167753717714,0.0,1.0,1
0.24096385542168675,0.0,1.0,0.24096209034899346,0.0,1.0,1
0.33910642570281124,0.0,1.0,0.3390074053262156,0.0,1.0,1
0.43724899598393574,0.0,1.0,0.43705272030343767,0.0,1.0,1
0.535140562248996,0.0,1.0,0.5351120833249713,0.0,1.0,1
0.6292670682730924,0.0,1.0,0.6292359870757992,0.0,1.0,1
0.7233935742971888,0.0,1.0,0.723359890826627,0.0,1.0,1
0.8215361445783133,0.0,1.0,0.821405205803849,0.0,1.0,1
0.9194277108433735,0.0,1.0,0.9194505207810711,0.0,1.0,1
0.013554216867469882,0.0,1.0,0.013512211764233617,0.0,1.0,1
0.11169678714859438,0.0,1.0,0.11155752674145569,0.0,1.0,1
0.20958835341365462,0.0,1.0,0.20960284171867782,0.0,1.0,1
0.3077309236947791,0.0,1.0,0.30764815669589995,0.0,1.0,1
0.40587349397590367,0.0,1.0,0.40569347167312203,0.0,1.0,1
0.5037650602409639,0.0,1.0,0.5037528346946557,0.0,1.0,1
0.5978915662650602,0.0,1.0,0.5978767384454835,0.0,1.0,1
0.6920180722891567,0.0,1.0,0.6920006421963113,0.0,1.0,1
0.786144578313253,0.0,1.0,0.7861245459471391,0.0,1.0,1
0.8842871485943775,0.0,1.0,0.8841698609243612,0.0,1.0,1
0.982429718875502,0.0,1.0,0.9822151759015834,0.0,1.0,1
0.07630522088353414,0.0,1.0,0.07627686688474578,0.0,1.0,1
0.17444779116465864,0.0,1.0,0.17432218186196785,0.0,1.0,1
0.2723393574297189,0.0,1.0,0.27236749683919,0.0,1.0,1
0.3704819277108434,0.0,1.0,0.37041281181641206,0.0,1.0,1
0.46862449799196787,0.0,1.0,0.4684581267936342,0.0,1.0,1
0.5665160642570282,0.0,1.0,0.5665174898151678,0.0,1.0,1
0.6606425702811245,0.0,1.0,0.6606413935659956,0.0,1.0,1
0.7547690763052208,0.0,1.0,0.7547652973168235,0.0,1.0,1
0.8529116465863453,0.0,1.0,0.8528106122940455,0.0,1.0,1
0.9510542168674698,0.0,1.0,0.9508559272712677,0.0,1.0,1
0.04492971887550201,0.0,1.0,0.044917618254430136,0.0,1.0,1
0.1430722891566265,0.0,1.0,0.1429629332316522,0.0,1.0,1
0.24096385542168675,0.0,1.0,0.24100824820887434,0.0,1.0,1
0.33910642570281124,0.0,1.0,0.33905356318609636,0.0,1.0,1
0.43724899598393574,0.0,1.0,0.4370988781633185,0.0,1.0,1
0.535140562248996,0.0,1.0,0.5351582411848521,0.0,1.0,1
0.6292670682730924,0.0,1.0,0.62928214493568,0.0,1.0,1
0.7233935742971888,0.0,1.0,0.7234060486865077,0.0,1.0,1
0.8215361445783133,0.0,1.0,0.82145136366373,0.0,1.0,1
0.9196787148594378,0.0,1.0,0.919496678640952,0.0,1.0,1
0.013554216867469882,0.0,1.0,0.013558369624114441,0.0,1.0,1
0.11169678714859438,0.0,1.0,0.11160368460133652,0.0,1.0,1
0.20983935742971893,0.0,1.0,0.20964899957855865,0.0,1.0,1
0.3077309236947791,0.0,1.0,0.30769431455578067,0.0,1.0,1
0.40587349397590367,0.0,1.0,0.4057396295330028,0.0,1.0,1
0.5037650602409639,0.0,1.0,0.5037989925545364,0.0,1.0,1
0.5978915662650602,0.0,1.0,0.5979228963053643,0.0,1.0,1
0.6920180722891567,0.0,1.0,0.6920468000561921,0.0,1.0,1
0.786144578313253,0.0,1.0,0.7861707038070199,0.0,1.0,1
0.8842871485943775,0.0,1.0,0.884216018784242,0.0,1.0,1
0.982429718875502,0.0,1.0,0.9822613337614641,0.0,1.0,1
0.07630522088353414,0.0,1.0,0.0763230247446266,0.0,1.0,1
0.17444779116465864,0.0,1.0,0.17436833972184868,0.0,1.0,1
0.27259036144578314,0.0,1.0,0.27241365469907075,0.0,1.0,1
0.3704819277108434,0.0,1.0,0.3704589696762929,0.0,1.0,1
0.46862449799196787,0.0,1.0,0.46850428465351496,0.0,1.0,1
0.5667670682730924,0.0,1.0,0.5665636476750486,0.0,1.0,1
0.6608935742971888,0.0,1.0,0.6606875514258764,0.0,1.0,1
0.7550200803212852,0.0,1.0,0.7548114551767042,0.0,1.0,1
0.8529116465863453,0.0,1.0,0.8528567701539264,0.0,1.0,1
0.9510542168674698,0.0,1.0,0.9509020851311485,0.0,1.0,1
0.04492971887550201,0.0,1.0,0.044963776114310905,0.0,1.0,1
0.1430722891566265,0.0,1.0,0.14300909109153298,0.0,1.0,1
0.24121485943775106,0.0,1.0,0.2410544060687551,0.0,1.0,1
0.33910642570281124,0.0,1.0,0.3390997210459772,0.0,1.0,1
0.43724899598393574,0.0,1.0,0.4371450360231993,0.0,1.0,1
0.5353915662650602,0.0,1.0,0.5352043990447329,0.0,1.0,1
0.6295180722891567,0.0,1.0,0.6293283027955607,0.0,1.0,1
0.723644578313253,0.0,1.0,0.7234522065463886,0.0,1.0,1
0.8215361445783133,0.0,1.0,0.8214975215236107,0.0,1.0,1
0.9196787148594378,0.0,1.0,0.9195428365008328,0.0,1.0,1
0.013554216867469882,0.0,1.0,0.01360452748399521,0.0,1.0,1
0.11169678714859438,0.0,1.0,0.11164984246121729,0.0,1.0,1
0.20983935742971893,0.0,1.0,0.20969515743843942,0.0,1.0,1
0.3077309236947791,0.0,1.0,0.3077404724156615,0.0,1.0,1
0.40587349397590367,0.0,1.0,0.4057857873928836,0.0,1.0,1
0.5040160642570282,0.0,1.0,0.5038451504144172,0.0,1.0,1
0.5981425702811245,0.0,1.0,0.597969054165245,0.0,1.0,1
0.6922690763052209,0.0,1.0,0.6920929579160728,0.0,1.0,1
0.7863955823293174,0.0,1.0,0.7862148548034277,0.0,1.0,1
0.8842871485943775,0.0,1.0,0.8842601697806498,0.0,1.0,1
0.982429718875502,0.0,1.0,0.9823054847578718,0.0,1.0,1
0.0765562248995984,0.0,1.0,0.07636918260450737,0.0,1.0,1
0.17444779116465864,0.0,1.0,0.17441449758172944,0.0,1.0,1
0.27259036144578314,0.0,1.0,0.2724578056954785,0.0,1.0,1
0.3704819277108434,0.0,1.0,0.3705031206727005,0.0,1.0,1
0.46862449799196787,0.0,1.0,0.46854843564992266,0.0,1.0,1
0.5667670682730924,0.0,1.0,0.5666098055349293,0.0,1.0,1
0.6608935742971888,0.0,1.0,0.6607337092857573,0.0,1.0,1
0.7550200803212852,0.0,1.0,0.754857613036585,0.0,1.0,1
0.8529116465863453,0.0,1.0,0.852900921150334,0.0,1.0,1
0.9510542168674698,0.0,1.0,0.9509462361275562,0.0,1.0,1
0.04518072289156627,0.0,1.0,0.045009933974191674,0.0,1.0,1
0.1430722891566265,0.0,1.0,0.14305524895141375,0.0,1.0,1
0.24121485943775106,0.0,1.0,0.24110056392863588,0.0,1.0,1
0.33910642570281124,0.0,1.0,0.33914387204238494,0.0,1.0,1
0.43724899598393574,0.0,1.0,0.43718918701960696,0.0,1.0,1
0.5353915662650602,0.0,1.0,0.5352505569046138,0.0,1.0,1
0.6295180722891567,0.0,1.0,0.6293744606554416,0.0,1.0,1
0.723644578313253,0.0,1.0,0.7234983644062694,0.0,1.0,1
0.8215361445783133,0.0,1.0,0.8215436793834914,0.0,1.0,1
0.9196787148594378,0.0,1.0,0.9195889943607136,0.0,1.0,1
0.013805220883534142,0.0,1.0,0.013650685343875979,0.0,1.0,1
0.11169678714859438,0.0,1.0,0.11169600032109811,0.0,1.0,1
0.20983935742971893,0.0,1.0,0.20974131529832019,0.0,1.0,1
0.3079819277108434,0.0,1.0,0.3077866302755423,0.0,1.0,1
0.40587349397590367,0.0,1.0,0.4058319452527644,0.0,1.0,1
0.5040160642570282,0.0,1.0,0.5038913082742981,0.0,1.0,1
0.5981425702811245,0.0,1.0,0.5980152120251259,0.0,1.0,1
0.6922690763052209,0.0,1.0,0.6921391157759537,0.0,1.0,1
0.7863955823293174,0.0,1.0,0.7862610126633085,0.0,1.0,1
0.8842871485943775,0.0,1.0,0.8843063276405305,0.0,1.0,1
0.982429718875502,0.0,1.0,0.9823516426177527,0.0,1.0,1
0.0765562248995984,0.0,1.0,0.07641333360091507,0.0,1.0,1
0.17444779116465864,0.0,1.0,0.1744586485781372,0.0,1.0,1
0.27259036144578314,0.0,1.0,0.2725039635553593,0.0,1.0,1
0.37073293172690763,0.0,1.0,0.37054927853258135,0.0,1.0,1
0.46862449799196787,0.0,1.0,0.4685945935098035,0.0,1.0,1
0.5667670682730924,0.0,1.0,0.5666559633948102,0.0,1.0,1
0.6608935742971888,0.0,1.0,0.660779867145638,0.0,1.0,1
0.7550200803212852,0.0,1.0,0.7549017640329927,0.0,1.0,1
0.8529116465863453,0.0,1.0,0.8529470790102148,0.0,1.0,1
0.9510542168674698,0.0,1.0,0.950992393987437,0.0,1.0,1
0.04518072289156627,0.0,1.0,0.04505609183407244,0.0,1.0,1
0.1430722891566265,0.0,1.0,0.1430993999478215,0.0,1.0,1
0.24121485943775106,0.0,1.0,0.24114471492504358,0.0,1.0,1
0.3393574297188755,0.0,1.0,0.33919002990226566,0.0,1.0,1
0.43724899598393574,0.0,1.0,0.4372353448794878,0.0,1.0,1
0.5353915662650602,0.0,1.0,0.5352967147644945,0.0,1.0,1
0.6295180722891567,0.0,1.0,0.6294206185153224,0.0,1.0,1
0.723644578313253,0.0,1.0,0.7235425154026771,0.0,1.0,1
0.8217871485943775,0.0,1.0,0.8215878303798991,0.0,1.0,1
0.9196787148594378,0.0,1.0,0.9196331453571213,0.0,1.0,1
0.013805220883534142,0.0,1.0,0.013696843203756803,0.0,1.0,1
0.11169678714859438,0.0,1.0,0.11174215818097893,0.0,1.0,1
0.20983935742971893,0.0,1.0,0.20978546629472788,0.0,1.0,1
0.3079819277108434,0.0,1.0,0.30783078127195,0.0,1.0,1
0.40587349397590367,0.0,1.0,0.4058760962491721,0.0,1.0,1
0.5040160642570282,0.0,1.0,0.5039374661341788,0.0,1.0,1
0.5981425702811245,0.0,1.0,0.5980613698850067,0.0,1.0,1
0.6922690763052209,0.0,1.0,0.6921852736358345,0.0,1.0,1
0.7863955823293174,0.0,1.0,0.7863071705231892,0.0,1.0,1
0.8845381526104419,0.0,1.0,0.8843524855004112,0.0,1.0,1
0.982429718875502,0.0,1.0,0.9823978004776335,0.0,1.0,1
0.0765562248995984,0.0,1.0,0.07645949146079584,0.0,1.0,1
0.17444779116465864,0.0,1.0,0.17450480643801797,0.0,1.0,1
0.27259036144578314,0.0,1.0,0.27255012141524004,0.0,1.0,1
0.37073293172690763,0.0,1.0,0.3705954363924622,0.0,1.0,1
0.46862449799196787,0.0,1.0,0.46864075136968425,0.0,1.0,1
0.5667670682730924,0.0,1.0,0.566702121254691,0.0,1.0,1
0.6608935742971888,0.0,1.0,0.6608260250055188,0.0,1.0,1
0.7550200803212852,0.0,1.0,0.7549479218928735,0.0,1.0,1
0.8531626506024097,0.0,1.0,0.8529932368700957,0.0,1.0,1
0.9510542168674698,0.0,1.0,0.9510385518473177,0.0,1.0,1
0.04518072289156627,0.0,1.0,0.0451002428304802,0.0,1.0,1
0.14332329317269077,0.0,1.0,0.14314555780770227,0.0,1.0,1
0.24121485943775106,0.0,1.0,0.24119087278492435,0.0,1.0,1
0.3393574297188755,0.0,1.0,0.3392361877621465,0.0,1.0,1
0.43724899598393574,0.0,1.0,0.4372815027393686,0.0,1.0,1
0.5353915662650602,0.0,1.0,0.5353428726243753,0.0,1.0,1
0.6295180722891567,0.0,1.0,0.6294667763752031,0.0,1.0,1
0.723644578313253,0.0,1.0,0.7235886732625578,0.0,1.0,1
0.8217871485943775,0.0,1.0,0.8216339882397801,0.0,1.0,1
0.9196787148594378,0.0,1.0,0.9196793032170021,0.0,1.0,1
0.013805220883534142,0.0,1.0,0.013740994200164502,0.0,1.0,1
0.11194779116465864,0.0,1.0,0.11178630917738663,0.0,1.0,1
0.20983935742971893,0.0,1.0,0.2098316241546087,0.0,1.0,1
0.3079819277108434,0.0,1.0,0.3078769391318308,0.0,1.0,1
0.40587349397590367,0.0,1.0,0.4059222541090529,0.0,1.0,1
0.5040160642570282,0.0,1.0,0.5039836239940596,0.0,1.0,1
0.5981425702811245,0.0,1.0,0.5981075277448874,0.0,1.0,1
0.6922690763052209,0.0,1.0,0.6922294246322422,0.0,1.0,1
0.7863955823293174,0.0,1.0,0.78635332838307,0.0,1.0,1
0.8845381526104419,0.0,1.0,0.8843986433602922,0.0,1.0,1
0.982429718875502,0.0,1.0,0.9824439583375142,0.0,1.0,1
0.0765562248995984,0.0,1.0,0.07650564932067666,0.0,1.0,1
0.1746987951807229,0.0,1.0,0.1745509642978988,0.0,1.0,1
0.27259036144578314,0.0,1.0,0.27259627927512087,0.0,1.0,1
0.37073293172690763,0.0,1.0,0.37064159425234294,0.0,1.0,1
0.46887550200803213,0.0,1.0,0.468686909229565,0.0,1.0,1
0.5667670682730924,0.0,1.0,0.5667482791145718,0.0,1.0,1
0.6608935742971888,0.0,1.0,0.6608701760019265,0.0,1.0,1
0.7550200803212852,0.0,1.0,0.7549940797527543,0.0,1.0,1
0.8531626506024097,0.0,1.0,0.8530393947299765,0.0,1.0,1
0.9510542168674698,0.0,1.0,0.9510847097071986,0.0,1.0,1
0.04518072289156627,0.0,1.0,0.04514640069036102,0.0,1.0,1
0.14332329317269077,0.0,1.0,0.1431917156675831,0.0,1.0,1
0.24121485943775106,0.0,1.0,0.24123703064480517,0.0,1.0,1
0.3393574297188755,0.0,1.0,0.33928234562202725,0.0,1.0,1
0.4375,0.0,1.0,0.4373276605992494,0.0,1.0,1
0.5353915662650602,0.0,1.0,0.5353890304842561,0.0,1.0,1
0.6295180722891567,0.0,1.0,0.6295129342350839,0.0,1.0,1
0.723644578313253,0.0,1.0,0.7236348311224386,0.0,1.0,1
0.8217871485943775,0.0,1.0,0.8216801460996608,0.0,1.0,1
0.919929718875502,0.0,1.0,0.9197254610768828,0.0,1.0,1
0.013805220883534142,0.0,1.0,0.013787152060045327,0.0,1.0,1
0.11194779116465864,0.0,1.0,0.1118324670372674,0.0,1.0,1
0.20983935742971893,0.0,1.0,0.20987778201448953,0.0,1.0,1
0.3079819277108434,0.0,1.0,0.3079230969917116,0.0,1.0,1
0.40612449799196787,0.0,1.0,0.4059684119689337,0.0,1.0,1
0.5040160642570282,0.0,1.0,0.5040297818539404,0.0,1.0,1
0.5981425702811245,0.0,1.0,0.5981536856047682,0.0,1.0,1
0.6922690763052209,0.0,1.0,0.692275582492123,0.0,1.0,1
0.7863955823293174,0.0,1.0,0.7863994862429509,0.0,1.0,1
0.8845381526104419,0.0,1.0,0.8844448012201729,0.0,1.0,1
0.9826807228915664,0.0,1.0,0.982490116197395,0.0,1.0,1
0.0765562248995984,0.0,1.0,0.07655180718055749,0.0,1.0,1
0.1746987951807229,0.0,1.0,0.17459712215777956,0.0,1.0,1
0.27259036144578314,0.0,1.0,0.2726424371350017,0.0,1.0,1
0.37073293172690763,0.0,1.0,0.3706877521122237,0.0,1.0,1
0.46887550200803213,0.0,1.0,0.46873306708944584,0.0,1.0,1
0.5667670682730924,0.0,1.0,0.5667944369744525,0.0,1.0,1
0.6608935742971888,0.0,1.0,0.6609163338618074,0.0,1.0,1
0.7550200803212852,0.0,1.0,0.7550402376126351,0.0,1.0,1
0.8531626506024097,0.0,1.0,0.8530855525898573,0.0,1.0,1
0.9513052208835342,0.0,1.0,0.9511308675670793,0.0,1.0,1
0.04518072289156627,0.0,1.0,0.04519255855024179,0.0,1.0,1
0.14332329317269077,0.0,1.0,0.14323787352746387,0.0,1.0,1
0.24146586345381527,0.0,1.0,0.241283188504686,0.0,1.0,1
0.3393574297188755,0.0,1.0,0.3393285034819081,0.0,1.0,1
0.4375,0.0,1.0,0.43737381845913015,0.0,1.0,1
0.5353915662650602,0.0,1.0,0.5354351883441368,0.0,1.0,1
0.6295180722891567,0.0,1.0,0.6295570852314916,0.0,1.0,1
0.723644578313253,0.0,1.0,0.7236809889823195,0.0,1.0,1
0.8217871485943775,0.0,1.0,0.8217263039595415,0.0,1.0,1
0.919929718875502,0.0,1.0,0.9197716189367636,0.0,1.0,1
0.013805220883534142,0.0,1.0,0.013833309919926096,0.0,1.0,1
0.11194779116465864,0.0,1.0,0.11187862489714817,0.0,1.0,1
0.21009036144578314,0.0,1.0,0.2099239398743703,0.0,1.0,1
0.3079819277108434,0.0,1.0,0.3079692548515924,0.0,1.0,1
0.40612449799196787,0.0,1.0,0.4060145698288145,0.0,1.0,1
0.5042670682730924,0.0,1.0,0.5040759397138213,0.0,1.0,1
0.5983935742971888,0.0,1.0,0.598197836601176,0.0,1.0,1
0.6925200803212852,0.0,1.0,0.6923217403520038,0.0,1.0,1
0.7866465863453815,0.0,1.0,0.7864456441028316,0.0,1.0,1
0.8845381526104419,0.0,1.0,0.8844909590800537,0.0,1.0,1
0.9826807228915664,0.0,1.0,0.9825362740572758,0.0,1.0,1
0.0765562248995984,0.0,1.0,0.07659796504043825,0.0,1.0,1
0.1746987951807229,0.0,1.0,0.17464328001766033,0.0,1.0,1
0.2728413654618474,0.0,1.0,0.2726885949948824,0.0,1.0,1
0.37073293172690763,0.0,1.0,0.37073390997210454,0.0,1.0,1
0.46887550200803213,0.0,1.0,0.46877922494932667,0.0,1.0,1
0.5670180722891567,0.0,1.0,0.5668405948343334,0.0,1.0,1
0.661144578313253,0.0,1.0,0.6609624917216881,0.0,1.0,1
0.7552710843373494,0.0,1.0,0.755086395472516,0.0,1.0,1
0.8531626506024097,0.0,1.0,0.853131710449738,0.0,1.0,1
0.9513052208835342,0.0,1.0,0.95117702542696,0.0,1.0,1
0.04518072289156627,0.0,1.0,0.04523871641012256,0.0,1.0,1
0.14332329317269077,0.0,1.0,0.14328403138734463,0.0,1.0,1
0.24146586345381527,0.0,1.0,0.24132934636456677,0.0,1.0,1
0.3393574297188755,0.0,1.0,0.33937466134178884,0.0,1.0,1
0.4375,0.0,1.0,0.437419976319011,0.0,1.0,1
0.5356425702811245,0.0,1.0,0.5354813462040177,0.0,1.0,1
0.6297690763052209,0.0,1.0,0.6296032430913724,0.0,1.0,1
0.7238955823293173,0.0,1.0,0.7237271468422003,0.0,1.0,1
0.8217871485943775,0.0,1.0,0.8217724618194223,0.0,1.0,1
0.919929718875502,0.0,1.0,0.9198177767966444,0.0,1.0,1
0.014056224899598402,0.0,1.0,0.013879467779806864,0.0,1.0,1
0.11194779116465864,0.0,1.0,0.11192478275702894,0.0,1.0,1
0.21009036144578314,0.0,1.0,0.20997009773425107,0.0,1.0,1
0.3079819277108434,0.0,1.0,0.30801541271147315,0.0,1.0,1
0.40612449799196787,0.0,1.0,0.4060607276886953,0.0,1.0,1
0.5042670682730924,0.0,1.0,0.504122097573702,0.0,1.0,1
0.5983935742971888,0.0,1.0,0.5982439944610567,0.0,1.0,1
0.6925200803212852,0.0,1.0,0.6923678982118846,0.0,1.0,1
0.7866465863453815,0.0,1.0,0.7864918019627124,0.0,1.0,1
0.8845381526104419,0.0,1.0,0.8845371169399345,0.0,1.0,1
0.9826807228915664,0.0,1.0,0.9825824319171566,0.0,1.0,1
0.07680722891566266,0.0,1.0,0.07664412290031902,0.0,1.0,1
0.1746987951807229,0.0,1.0,0.1746894378775411,0.0,1.0,1
0.2728413654618474,0.0,1.0,0.27273475285476323,0.0,1.0,1
0.37073293172690763,0.0,1.0,0.37078006783198536,0.0,1.0,1
0.46887550200803213,0.0,1.0,0.46882538280920744,0.0,1.0,1
0.5670180722891567,0.0,1.0,0.5668847458307411,0.0,1.0,1
0.661144578313253,0.0,1.0,0.6610086495815689,0.0,1.0,1
0.7552710843373494,0.0,1.0,0.7551325533323967,0.0,1.0,1
0.6021586345381527,0.0,1.0,0.8531778683096188,0.0,1.0,2
0.9513052208835342,0.0,1.0,0.951223183286841,0.0,1.0,2
0.04543172690763053,0.0,1.0,0.045284874270003384,0.0,1.0,2
0.14332329317269077,0.0,1.0,0.14333018924722546,0.0,1.0,2
0.24146586345381527,0.0,1.0,0.2413755042244476,0.0,1.0,2
0.33960843373493976,0.0,1.0,0.33942081920166967,0.0,1.0,2
0.4375,0.0,1.0,0.43746613417889174,0.0,1.0,2
0.5356425702811245,0.0,1.0,0.5355254972004254,0.0,1.0,2
0.6297690763052209,0.0,1.0,0.6296494009512532,0.0,1.0,2
0.7238955823293173,0.0,1.0,0.723773304702081,0.0,1.0,2
0.21134538152610444,0.0,1.0,0.21139497080013642,0.0,1.0,2
0.30948795180722893,0.0,1.0,0.3094402857773585,0.0,1.0,2
0.40763052208835343,0.0,1.0,0.4074856007545806,0.0,1.0,2
0.5055220883534137,0.0,1.0,0.5055469706395873,0.0,1.0,2
0.5996485943775101,0.0,1.0,0.599668867526942,0.0,1.0,2
0.6937751004016065,0.0,1.0,0.6937927712777698,0.0,1.0,2
0.7879016064257028,0.0,1.0,0.7879166750285977,0.0,1.0,2
0.8860441767068273,0.0,1.0,0.8859619900058198,0.0,1.0,2
0.9841867469879519,0.0,1.0,0.9840073049830419,0.0,1.0,2
0.07806224899598391,0.0,1.0,0.07806899596620437,0.0,1.0,2
0.1762048192771084,0.0,1.0,0.17611431094342644,0.0,1.0,2
0.2743473895582329,0.0,1.0,0.2741596259206486,0.0,1.0,2
0.3722389558232932,0.0,1.0,0.37220494089787065,0.0,1.0,2
0.4703815261044177,0.0,1.0,0.4702502558750927,0.0,1.0,2
0.568273092369478,0.0,1.0,0.5683096188966263,0.0,1.0,2
0.6623995983935743,0.0,1.0,0.6624335226474543,0.0,1.0,2
0.7565261044176708,0.0,1.0,0.756557426398282,0.0,1.0,2
0.8546686746987953,0.0,1.0,0.8546027413755042,0.0,1.0,2
0.9528112449799198,0.0,1.0,0.9526480563527262,0.0,1.0,2
0.04668674698795178,0.0,1.0,0.046709747335888674,0.0,1.0,2
0.14482931726907627,0.0,1.0,0.14475506231311075,0.0,1.0,2
0.24297188755020083,0.0,1.0,0.24280037729033283,0.0,1.0,2
0.34086345381526106,0.0,1.0,0.340845692267555,0.0,1.0,2
0.43900602409638556,0.0,1.0,0.4388910072447771,0.0,1.0,2
0.5371485943775101,0.0,1.0,0.5369503702663108,0.0,1.0,2
0.6312751004016064,0.0,1.0,0.6310742740171386,0.0,1.0,2
0.7254016064257028,0.0,1.0,0.7251981777679664,0.0,1.0,2
0.8232931726907631,0.0,1.0,0.8232434927451885,0.0,1.0,2
0.9214357429718876,0.0,1.0,0.9212888077224106,0.0,1.0,2
0.015311244979919647,0.0,1.0,0.015350498705573035,0.0,1.0,2
0.11345381526104414,0.0,1.0,0.11339581368279511,0.0,1.0,2
0.2115963855421687,0.0,1.0,0.21144112866001724,0.0,1.0,2
0.30948795180722893,0.0,1.0,0.3094864436372393,0.0,1.0,2
0.40763052208835343,0.0,1.0,0.4075317586144614,0.0,1.0,2
0.505773092369478,0.0,1.0,0.5055911216359951,0.0,1.0,2
0.5998995983935743,0.0,1.0,0.5997150253868229,0.0,1.0,2
0.6940261044176708,0.0,1.0,0.6938389291376508,0.0,1.0,2
0.7881526104417671,0.0,1.0,0.7879628328884785,0.0,1.0,2
0.8860441767068273,0.0,1.0,0.8860081478657007,0.0,1.0,2
0.9841867469879519,0.0,1.0,0.9840534628429227,0.0,1.0,2
0.07806224899598391,0.0,1.0,0.07811515382608519,0.0,1.0,2
0.1762048192771084,0.0,1.0,0.17616046880330727,0.0,1.0,2
0.2743473895582329,0.0,1.0,0.27420578378052934,0.0,1.0,2
0.3722389558232932,0.0,1.0,0.3722510987577514,0.0,1.0,2
0.4703815261044177,0.0,1.0,0.47029641373497355,0.0,1.0,2
0.5685240963855422,0.0,1.0,0.5683557767565072,0.0,1.0,2
0.6626506024096386,0.0,1.0,0.662479680507335,0.0,1.0,2
0.7567771084337349,0.0,1.0,0.7566035842581629,0.0,1.0,2
0.8546686746987953,0.0,1.0,0.8546488992353849,0.0,1.0,2
0.9528112449799198,0.0,1.0,0.952694214212607,0.0,1.0,2
0.04693775100401609,0.0,1.0,0.0467559051957695,0.0,1.0,2
0.14482931726907627,0.0,1.0,0.14480122017299157,0.0,1.0,2
0.24297188755020083,0.0,1.0,0.2428465351502137,0.0,1.0,2
0.34086345381526106,0.0,1.0,0.3408918501274358,0.0,1.0,2
0.43900602409638556,0.0,1.0,0.43893716510465786,0.0,1.0,2
0.5371485943775101,0.0,1.0,0.5369965281261915,0.0,1.0,2
0.6312751004016064,0.0,1.0,0.6311204318770194,0.0,1.0,2
0.7254016064257028,0.0,1.0,0.7252443356278472,0.0,1.0,2
0.8232931726907631,0.0,1.0,0.8232896506050693,0.0,1.0,2
0.9214357429718876,0.0,1.0,0.9213349655822913,0.0,1.0,2
0.015562248995983963,0.0,1.0,0.015396656565453803,0.0,1.0,2
0.11345381526104414,0.0,1.0,0.11344197154267588,0.0,1.0,2
0.2115963855421687,0.0,1.0,0.211487286519898,0.0,1.0,2
0.30948795180722893,0.0,1.0,0.3095326014971201,0.0,1.0,2
0.40763052208835343,0.0,1.0,0.40757791647434216,0.0,1.0,2
0.505773092369478,0.0,1.0,0.5056372794958758,0.0,1.0,2
0.5998995983935743,0.0,1.0,0.5997611832467037,0.0,1.0,2
0.6940261044176708,0.0,1.0,0.6938850869975315,0.0,1.0,2
0.7881526104417671,0.0,1.0,0.7880089907483594,0.0,1.0,2
0.8860441767068273,0.0,1.0,0.8860543057255814,0.0,1.0,2
0.9841867469879519,0.0,1.0,0.9840996207028034,0.0,1.0,2
0.07831325301204822,0.0,1.0,0.07816131168596596,0.0,1.0,2
0.1762048192771084,0.0,1.0,0.17620662666318804,0.0,1.0,2
0.2743473895582329,0.0,1.0,0.2742519416404101,0.0,1.0,2
0.37248995983935745,0.0,1.0,0.37229725661763224,0.0,1.0,2
0.4703815261044177,0.0,1.0,0.4703425715948543,0.0,1.0,2
0.5685240963855422,0.0,1.0,0.568401934616388,0.0,1.0,2
0.6626506024096386,0.0,1.0,0.6625258383672158,0.0,1.0,2
0.7567771084337349,0.0,1.0,0.7566497421180436,0.0,1.0,2
0.8546686746987953,0.0,1.0,0.8546950570952657,0.0,1.0,2
0.9528112449799198,0.0,1.0,0.9527403720724879,0.0,1.0,2
0.04693775100401609,0.0,1.0,0.04680206305565027,0.0,1.0,2
0.14482931726907627,0.0,1.0,0.14484737803287234,0.0,1.0,2
0.24297188755020083,0.0,1.0,0.24289269301009447,0.0,1.0,2
0.3411144578313253,0.0,1.0,0.34093800798731655,0.0,1.0,2
0.43900602409638556,0.0,1.0,0.4389833229645387,0.0,1.0,2
0.5371485943775101,0.0,1.0,0.5370426859860723,0.0,1.0,2
0.6312751004016064,0.0,1.0,0.6311665897369001,0.0,1.0,2
0.7254016064257028,0.0,1.0,0.725290493487728,0.0,1.0,2
0.8235441767068273,0.0,1.0,0.82333580846495,0.0,1.0,2
0.9214357429718876,0.0,1.0,0.9213811234421722,0.0,1.0,2
0.015562248995983963,0.0,1.0,0.015442814425334572,0.0,1.0,2
0.11345381526104414,0.0,1.0,0.1134881294025567,0.0,1.0,2
0.2115963855421687,0.0,1.0,0.21153344437977878,0.0,1.0,2
0.3097389558232932,0.0,1.0,0.30957875935700085,0.0,1.0,2
0.40763052208835343,0.0,1.0,0.407624074334223,0.0,1.0,2
0.505773092369478,0.0,1.0,0.5056834373557566,0.0,1.0,2
0.5998995983935743,0.0,1.0,0.5998073411065845,0.0,1.0,2
0.6940261044176708,0.0,1.0,0.6939312448574123,0.0,1.0,2
0.7881526104417671,0.0,1.0,0.7880551486082401,0.0,1.0,2
0.8862951807228916,0.0,1.0,0.8860984567219892,0.0,1.0,2
0.9841867469879519,0.0,1.0,0.9841437716992112,0.0,1.0,2
0.07831325301204822,0.0,1.0,0.07820746954584673,0.0,1.0,2
0.1762048192771084,0.0,1.0,0.1762527845230688,0.0,1.0,2
0.2743473895582329,0.0,1.0,0.27429809950029094,0.0,1.0,2
0.37248995983935745,0.0,1.0,0.37234140761404,0.0,1.0,2
0.4703815261044177,0.0,1.0,0.4703867225912621,0.0,1.0,2
0.5685240963855422,0.0,1.0,0.5684480924762688,0.0,1.0,2
0.6626506024096386,0.0,1.0,0.6625719962270966,0.0,1.0,2
0.7567771084337349,0.0,1.0,0.7566958999779244,0.0,1.0,2
0.8549196787148594,0.0,1.0,0.8547412149551465,0.0,1.0,2
0.9528112449799198,0.0,1.0,0.9527845230688956,0.0,1.0,2
0.04693775100401609,0.0,1.0,0.046848220915531036,0.0,1.0,2
0.1450803212851406,0.0,1.0,0.14489353589275317,0.0,1.0,2
0.24297188755020083,0.0,1.0,0.24293885086997524,0.0,1.0,2
0.3411144578313253,0.0,1.0,0.3409841658471974,0.0,1.0,2
0.43900602409638556,0.0,1.0,0.4390274739609464,0.0,1.0,2
0.5371485943775101,0.0,1.0,0.5370888438459531,0.0,1.0,2
0.6312751004016064,0.0,1.0,0.6312127475967809,0.0,1.0,2
0.7254016064257028,0.0,1.0,0.7253366513476087,0.0,1.0,2
0.8235441767068273,0.0,1.0,0.8233819663248308,0.0,1.0,2
0.9214357429718876,0.0,1.0,0.921427281302053,0.0,1.0,2
0.015562248995983963,0.0,1.0,0.015488972285215341,0.0,1.0,2
0.11370481927710846,0.0,1.0,0.11353428726243747,0.0,1.0,2
0.2115963855421687,0.0,1.0,0.21157960223965955,0.0,1.0,2
0.3097389558232932,0.0,1.0,0.3096249172168817,0.0,1.0,2
0.40763052208835343,0.0,1.0,0.40767023219410375,0.0,1.0,2
0.505773092369478,0.0,1.0,0.5057295952156374,0.0,1.0,2
0.5998995983935743,0.0,1.0,0.5998534989664652,0.0,1.0,2
0.6940261044176708,0.0,1.0,0.693977402717293,0.0,1.0,2
0.7881526104417671,0.0,1.0,0.7880992996046479,0.0,1.0,2
0.8862951807228916,0.0,1.0,0.8861446145818699,0.0,1.0,2
0.9841867469879519,0.0,1.0,0.984189929559092,0.0,1.0,2
0.07831325301204822,0.0,1.0,0.07825162054225443,0.0,1.0,2
0.17645582329317272,0.0,1.0,0.17629693551947656,0.0,1.0,2
0.2743473895582329,0.0,1.0,0.27434225049669864,0.0,1.0,2
0.37248995983935745,0.0,1.0,0.3723875654739207,0.0,1.0,2
0.47063253012048195,0.0,1.0,0.47043288045114284,0.0,1.0,2
0.5685240963855422,0.0,1.0,0.5684942503361495,0.0,1.0,2
0.6626506024096386,0.0,1.0,0.6626181540869773,0.0,1.0,2
0.7567771084337349,0.0,1.0,0.7567400509743321,0.0,1.0,2
0.8549196787148594,0.0,1.0,0.8547853659515543,0.0,1.0,2
0.9528112449799198,0.0,1.0,0.9528306809287763,0.0,1.0,2
0.04693775100401609,0.0,1.0,0.04689437877541186,0.0,1.0,2
0.1450803212851406,0.0,1.0,0.144939693752634,0.0,1.0,2
0.24297188755020083,0.0,1.0,0.24298300186638294,0.0,1.0,2
0.3411144578313253,0.0,1.0,0.3410283168436051,0.0,1.0,2
0.4392570281124498,0.0,1.0,0.43907363182082715,0.0,1.0,2
0.5371485943775101,0.0,1.0,0.5371350017058338,0.0,1.0,2
0.6312751004016064,0.0,1.0,0.6312589054566617,0.0,1.0,2
0.7254016064257028,0.0,1.0,0.7253828092074895,0.0,1.0,2
0.8235441767068273,0.0,1.0,0.8234261173212385,0.0,1.0,2
0.9216867469879518,0.0,1.0,0.9214714322984607,0.0,1.0,2
0.015562248995983963,0.0,1.0,0.015535130145096165,0.0,1.0,2
0.11370481927710846,0.0,1.0,0.1135804451223183,0.0,1.0,2
0.2115963855421687,0.0,1.0,0.21162576009954037,0.0,1.0,2
0.3097389558232932,0.0,1.0,0.3096690682132894,0.0,1.0,2
0.4078815261044177,0.0,1.0,0.40771438319051145,0.0,1.0,2
0.505773092369478,0.0,1.0,0.5057757530755183,0.0,1.0,2
0.5998995983935743,0.0,1.0,0.599899656826346,0.0,1.0,2
0.6940261044176708,0.0,1.0,0.6940235605771738,0.0,1.0,2
0.7881526104417671,0.0,1.0,0.7881454574645286,0.0,1.0,2
0.8862951807228916,0.0,1.0,0.8861907724417508,0.0,1.0,2
0.9844377510040161,0.0,1.0,0.9842360874189728,0.0,1.0,2
0.07831325301204822,0.0,1.0,0.0782977784021352,0.0,1.0,2
0.17645582329317272,0.0,1.0,0.17634309337935733,0.0,1.0,2
0.2743473895582329,0.0,1.0,0.2743884083565794,0.0,1.0,2
0.37248995983935745,0.0,1.0,0.37243372333380154,0.0,1.0,2
0.47063253012048195,0.0,1.0,0.4704790383110236,0.0,1.0,2
0.5685240963855422,0.0,1.0,0.5685404081960304,0.0,1.0,2
0.6626506024096386,0.0,1.0,0.6626643119468582,0.0,1.0,2
0.7567771084337349,0.0,1.0,0.756786208834213,0.0,1.0,2
0.8549196787148594,0.0,1.0,0.854831523811435,0.0,1.0,2
0.9530622489959839,0.0,1.0,0.9528768387886571,0.0,1.0,2
0.04693775100401609,0.0,1.0,0.046938529771819615,0.0,1.0,2
0.1450803212851406,0.0,1.0,0.1449838447490417,0.0,1.0,2
0.2432228915662651,0.0,1.0,0.24302915972626377,0.0,1.0,2
0.3411144578313253,0.0,1.0,0.34107447470348584,0.0,1.0,2
0.4392570281124498,0.0,1.0,0.439119789680708,0.0,1.0,2
0.5371485943775101,0.0,1.0,0.5371811595657147,0.0,1.0,2
0.6312751004016064,0.0,1.0,0.6313050633165425,0.0,1.0,2
0.7254016064257028,0.0,1.0,0.7254269602038973,0.0,1.0,2
0.8235441767068273,0.0,1.0,0.8234722751811194,0.0,1.0,2
0.9216867469879518,0.0,1.0,0.9215175901583414,0.0,1.0,2
0.015562248995983963,0.0,1.0,0.01557928114150392,0.0,1.0,2
0.11370481927710846,0.0,1.0,0.113624596118726,0.0,1.0,2
0.21184738955823296,0.0,1.0,0.21166991109594813,0.0,1.0,2
0.3097389558232932,0.0,1.0,0.3097152260731702,0.0,1.0,2
0.4078815261044177,0.0,1.0,0.4077605410503923,0.0,1.0,2
0.5060240963855422,0.0,1.0,0.505821910935399,0.0,1.0,2
0.6001506024096386,0.0,1.0,0.5999458146862269,0.0,1.0,2
0.6942771084337349,0.0,1.0,0.6940677115735816,0.0,1.0,2
0.7884036144578314,0.0,1.0,0.7881916153244094,0.0,1.0,2
0.8862951807228916,0.0,1.0,0.8862369303016315,0.0,1.0,2
0.9844377510040161,0.0,1.0,0.9842822452788536,0.0,1.0,2
0.07831325301204822,0.0,1.0,0.07834393626201608,0.0,1.0,2
0.17645582329317272,0.0,1.0,0.17638925123923815,0.0,1.0,2
0.27459839357429716,0.0,1.0,0.27443456621646023,0.0,1.0,2
0.37248995983935745,0.0,1.0,0.37247988119368236,0.0,1.0,2
0.47063253012048195,0.0,1.0,0.47052519617090444,0.0,1.0,2
0.5687751004016065,0.0,1.0,0.5685865660559112,0.0,1.0,2
0.6629016064257028,0.0,1.0,0.662710469806739,0.0,1.0,2
0.7570281124497993,0.0,1.0,0.7568323666940937,0.0,1.0,2
0.8549196787148594,0.0,1.0,0.8548776816713158,0.0,1.0,2
0.9530622489959839,0.0,1.0,0.952922996648538,0.0,1.0,2
0.04693775100401609,0.0,1.0,0.046984687631700384,0.0,1.0,2
0.1450803212851406,0.0,1.0,0.14503000260892246,0.0,1.0,2
0.2432228915662651,0.0,1.0,0.24307531758614453,0.0,1.0,2
0.3411144578313253,0.0,1.0,0.34112063256336667,0.0,1.0,2
0.4392570281124498,0.0,1.0,0.43916594754058874,0.0,1.0,2
0.5333835341365463,0.128,1.0,0.5333059061992012,0.12498400921069462,1.0,2
0.6275100401606426,0.128,1.0,0.627427803086556,0.12498400921069462,1.0,2
0.7216365461847389,0.128,1.0,0.7215517068373838,0.12498400921069462,1.0,2
0.8197791164658634,0.128,1.0,0.8195970218146058,0.12498400921069462,1.0,2
0.9176706827309238,0.128,1.0,0.917642336791828,0.12498400921069462,1.0,2
0.01179718875502006,0.128,1.0,0.011704027774990411,0.12498400921069462,1.0,2
0.10993975903614456,0.128,1.0,0.10974934275221254,0.12498400921069462,1.0,2
0.20783132530120485,0.128,1.0,0.20779465772943462,0.12498400921069462,1.0,2
0.30597389558232935,0.128,1.0,0.30583997270665675,0.12498400921069462,1.0,2
0.4038654618473896,0.128,1.0,0.4038852876838788,0.12498400921069462,1.0,2
0.5020080321285141,0.128,1.0,0.5019466575688856,0.12498400921069462,1.0,2
0.5961345381526104,0.128,1.0,0.5960685544562403,0.12498400921069462,1.0,2
0.6902610441767069,0.128,1.0,0.6901924582070681,0.12498400921069462,1.0,2
0.7843875502008033,0.128,1.0,0.7843163619578959,0.12498400921069462,1.0,2
0.8825301204819278,0.128,1.0,0.882361676935118,0.12498400921069462,1.0,2
0.9804216867469879,0.128,1.0,0.9804069919123402,0.12498400921069462,1.0,2
0.07454819277108432,0.128,1.0,0.07446868289550257,0.12498400921069462,1.0,2
0.17269076305220882,0.128,1.0,0.17251399787272464,0.12498400921069462,1.0,2
0.2705823293172691,0.128,1.0,0.2705593128499467,0.12498400921069462,1.0,2
0.3687248995983936,0.128,1.0,0.36860462782716885,0.12498400921069462,1.0,2
0.46661646586345384,0.128,1.0,0.466649942804391,0.12498400921069462,1.0,2
0.5647590361445783,0.128,1.0,0.5647093058259246,0.12498400921069462,1.0,2
0.6588855421686748,0.128,1.0,0.6588332095767524,0.12498400921069462,1.0,2
0.7530120481927711,0.128,1.0,0.7529571133275803,0.12498400921069462,1.0,2
0.8511546184738956,0.128,1.0,0.8510024283048023,0.12498400921069462,1.0,2
0.9490461847389559,0.128,1.0,0.9490477432820245,0.12498400921069462,1.0,2
0.04317269076305219,0.128,1.0,0.043109434265186874,0.12498400921069462,1.0,2
0.1413152610441767,0.128,1.0,0.141154749242409,0.12498400921069462,1.0,2
0.23920682730923698,0.128,1.0,0.23920006421963108,0.12498400921069462,1.0,2
0.3373493975903614,0.128,1.0,0.33724537919685316,0.12498400921069462,1.0,2
0.4352409638554217,0.128,1.0,0.4352906941740753,0.12498400921069462,1.0,2
0.5333835341365463,0.128,1.0,0.5333500571956089,0.12498400921069462,1.0,2
0.6275100401606426,0.128,1.0,0.6274739609464368,0.12498400921069462,1.0,2
0.7216365461847389,0.128,1.0,0.7215978646972645,0.12498400921069462,1.0,2
0.8197791164658634,0.128,1.0,0.8196431796744866,0.12498400921069462,1.0,2
0.9176706827309238,0.128,1.0,0.9176884946517088,0.12498400921069462,1.0,2
0.01179718875502006,0.128,1.0,0.01175018563487118,0.12498400921069462,1.0,2
0.10993975903614456,0.128,1.0,0.10979550061209331,0.12498400921069462,1.0,2
0.20783132530120485,0.128,1.0,0.2078408155893154,0.12498400921069462,1.0,2
0.30597389558232935,0.128,1.0,0.3058861305665375,0.12498400921069462,1.0,2
0.40411646586345384,0.128,1.0,0.4039314455437596,0.12498400921069462,1.0,2
0.5020080321285141,0.128,1.0,0.5019928154287663,0.12498400921069462,1.0,2
0.5961345381526104,0.128,1.0,0.596114712316121,0.12498400921069462,1.0,2
0.6902610441767069,0.128,1.0,0.6902386160669489,0.12498400921069462,1.0,2
0.7843875502008033,0.128,1.0,0.7843625198177767,0.12498400921069462,1.0,2
0.8825301204819278,0.128,1.0,0.8824078347949988,0.12498400921069462,1.0,2
0.9804216867469879,0.128,1.0,0.9804531497722209,0.12498400921069462,1.0,2
0.07454819277108432,0.128,1.0,0.07451484075538334,0.12498400921069462,1.0,2
0.17269076305220882,0.128,1.0,0.1725601557326054,0.12498400921069462,1.0,2
0.2705823293172691,0.128,1.0,0.27060547070982754,0.12498400921069462,1.0,2
0.3687248995983936,0.128,1.0,0.3686507856870497,0.12498400921069462,1.0,2
0.4668674698795181,0.128,1.0,0.46669610066427175,0.12498400921069462,1.0,2
0.5647590361445783,0.128,1.0,0.5647554636858054,0.12498400921069462,1.0,2
0.6588855421686748,0.128,1.0,0.6588793674366332,0.12498400921069462,1.0,2
0.7530120481927711,0.128,1.0,0.753003271187461,0.12498400921069462,1.0,2
0.8511546184738956,0.128,1.0,0.851048586164683,0.12498400921069462,1.0,2
0.9492971887550201,0.128,1.0,0.9490939011419053,0.12498400921069462,1.0,2
0.04317269076305219,0.128,1.0,0.04315559212506764,0.12498400921069462,1.0,2
0.1413152610441767,0.128,1.0,0.14120090710228977,0.12498400921069462,1.0,2
0.23920682730923698,0.128,1.0,0.23924622207951185,0.12498400921069462,1.0,2
0.3373493975903614,0.128,1.0,0.337291537056734,0.12498400921069462,1.0,2
0.435491967871486,0.128,1.0,0.43533685203395606,0.12498400921069462,1.0,2
0.5333835341365463,0.128,1.0,0.5333962150554897,0.12498400921069462,1.0,2
0.6275100401606426,0.128,1.0,0.6275201188063175,0.12498400921069462,1.0,2
0.7216365461847389,0.128,1.0,0.7216440225571453,0.12498400921069462,1.0,2
0.8197791164658634,0.128,1.0,0.8196893375343675,0.12498400921069462,1.0,2
0.9179216867469879,0.128,1.0,0.9177346525115896,0.12498400921069462,1.0,2
0.01179718875502006,0.128,1.0,0.011796343494751949,0.12498400921069462,1.0,2
0.10993975903614456,0.128,1.0,0.10984165847197414,0.12498400921069462,1.0,2
0.20783132530120485,0.128,1.0,0.2078869734491962,0.12498400921069462,1.0,2
0.30597389558232935,0.128,1.0,0.3059322884264183,0.12498400921069462,1.0,2
0.40411646586345384,0.128,1.0,0.4039776034036404,0.12498400921069462,1.0,2
0.5020080321285141,0.128,1.0,0.502036966425174,0.12498400921069462,1.0,2
0.5961345381526104,0.128,1.0,0.5961608701760018,0.12498400921069462,1.0,2
0.6902610441767069,0.128,1.0,0.6902847739268296,0.12498400921069462,1.0,2
0.7843875502008033,0.128,1.0,0.7844086776776575,0.12498400921069462,1.0,2
0.8825301204819278,0.128,1.0,0.8824539926548796,0.12498400921069462,1.0,2
0.9806726907630523,0.128,1.0,0.9804993076321018,0.12498400921069462,1.0,2
0.07454819277108432,0.128,1.0,0.07456099861526416,0.12498400921069462,1.0,2
0.17269076305220882,0.128,1.0,0.1726063135924863,0.12498400921069462,1.0,2
0.27083333333333337,0.128,1.0,0.27065162856970837,0.12498400921069462,1.0,2
0.3687248995983936,0.128,1.0,0.36869694354693044,0.12498400921069462,1.0,2
0.4668674698795181,0.128,1.0,0.4667422585241525,0.12498400921069462,1.0,2
0.5647590361445783,0.128,1.0,0.5648016215456861,0.12498400921069462,1.0,2
0.6629016064257028,0.128,1.0,0.6628469365229083,0.12498400921069462,1.0,2
0.7570281124497993,0.128,1.0,0.7569708402737361,0.12498400921069462,1.0,2
0.8551706827309238,0.128,1.0,0.8550161552509582,0.12498400921069462,1.0,2
0.9530622489959839,0.128,1.0,0.9530614702281803,0.12498400921069462,1.0,2
0.0471887550200803,0.128,1.0,0.047123161211342746,0.12498400921069462,1.0,2
0.1453313253012048,0.128,1.0,0.14516847618856488,0.12498400921069462,1.0,2
0.2432228915662651,0.128,1.0,0.24321379116578695,0.12498400921069462,1.0,2
0.3413654618473896,0.128,1.0,0.34125910614300903,0.12498400921069462,1.0,2
0.4392570281124498,0.128,1.0,0.43930442112023116,0.12498400921069462,1.0,2
0.5373995983935743,0.128,1.0,0.5373637841417648,0.12498400921069462,1.0,2
0.6315261044176708,0.128,1.0,0.6314876878925926,0.12498400921069462,1.0,2
0.7256526104417671,0.128,1.0,0.7256115916434205,0.12498400921069462,1.0,2
0.8237951807228916,0.128,1.0,0.8236569066206425,0.12498400921069462,1.0,2
0.9216867469879518,0.128,1.0,0.9217022215978646,0.12498400921069462,1.0,2
0.015813253012048167,0.128,1.0,0.01576391258102705,0.12498400921069462,1.0,2
0.11395582329317266,0.128,1.0,0.11380922755824918,0.12498400921069462,1.0,2
0.21184738955823296,0.128,1.0,0.21185454253547126,0.12498400921069462,1.0,2
0.30998995983935745,0.128,1.0,0.30989985751269333,0.12498400921069462,1.0,2
0.40813253012048195,0.128,1.0,0.40794517248991546,0.12498400921069462,1.0,2
0.5060240963855422,0.128,1.0,0.5060065423749222,0.12498400921069462,1.0,2
0.6001506024096386,0.128,1.0,0.6001284392622769,0.12498400921069462,1.0,2
0.6942771084337349,0.128,1.0,0.6942523430131047,0.12498400921069462,1.0,2
0.7884036144578314,0.128,1.0,0.7883762467639326,0.12498400921069462,1.0,2
0.8865461847389559,0.128,1.0,0.8864215617411546,0.12498400921069462,1.0,2
0.9844377510040161,0.128,1.0,0.9844668767183768,0.12498400921069462,1.0,2
0.07856425702811243,0.128,1.0,0.07852856770153921,0.12498400921069462,1.0,2
0.17670682730923692,0.128,1.0,0.17657388267876128,0.12498400921069462,1.0,2
0.27459839357429716,0.128,1.0,0.2746191976559834,0.12498400921069462,1.0,2
0.3727409638554217,0.128,1.0,0.3726645126332055,0.12498400921069462,1.0,2
0.4708835341365462,0.128,1.0,0.4707098276104276,0.12498400921069462,1.0,2
0.5687751004016065,0.128,1.0,0.5687691906319612,0.12498400921069462,1.0,2
0.6629016064257028,0.128,1.0,0.6628930943827891,0.12498400921069462,1.0,2
0.7570281124497993,0.128,1.0,0.7570169981336169,0.12498400921069462,1.0,2
0.8551706827309238,0.128,1.0,0.855062313110839,0.12498400921069462,1.0,2
0.9533132530120483,0.128,1.0,0.953107628088061,0.12498400921069462,1.0,2
0.0471887550200803,0.128,1.0,0.047169319071223514,0.12498400921069462,1.0,2
0.1453313253012048,0.128,1.0,0.14521463404844565,0.12498400921069462,1.0,2
0.2432228915662651,0.128,1.0,0.24325994902566772,0.12498400921069462,1.0,2
0.3413654618473896,0.128,1.0,0.34130526400288985,0.12498400921069462,1.0,2
0.4395080321285141,0.128,1.0,0.4393505789801119,0.12498400921069462,1.0,2
0.5373995983935743,0.128,1.0,0.5374099420016456,0.12498400921069462,1.0,2
0.6315261044176708,0.128,1.0,0.6315338457524734,0.12498400921069462,1.0,2
0.7256526104417671,0.128,1.0,0.7256577495033012,0.12498400921069462,1.0,2
0.8237951807228916,0.128,1.0,0.8237030644805233,0.12498400921069462,1.0,2
0.9219377510040161,0.128,1.0,0.9217483794577455,0.12498400921069462,1.0,2
0.015813253012048167,0.128,1.0,0.01581007044090782,0.12498400921069462,1.0,2
0.11395582329317266,0.128,1.0,0.11385538541812995,0.12498400921069462,1.0,2
0.21184738955823296,0.128,1.0,0.21190070039535203,0.12498400921069462,1.0,2
0.30998995983935745,0.128,1.0,0.30994601537257416,0.12498400921069462,1.0,2
0.40813253012048195,0.128,1.0,0.40799133034979623,0.12498400921069462,1.0,2
0.5060240963855422,0.128,1.0,0.5060506933713299,0.12498400921069462,1.0,2
0.6001506024096386,0.128,1.0,0.6001745971221577,0.12498400921069462,1.0,2
0.6942771084337349,0.128,1.0,0.6942985008729856,0.12498400921069462,1.0,2
0.7884036144578314,0.128,1.0,0.7884224046238133,0.12498400921069462,1.0,2
0.8865461847389559,0.128,1.0,0.8864677196010354,0.12498400921069462,1.0,2
0.9846887550200805,0.128,1.0,0.9845130345782576,0.12498400921069462,1.0,2
0.07856425702811243,0.128,1.0,0.07857472556141998,0.12498400921069462,1.0,2
0.17670682730923692,0.128,1.0,0.1766200405386421,0.12498400921069462,1.0,2
0.2748493975903614,0.128,1.0,0.2746653555158642,0.12498400921069462,1.0,2
0.3727409638554217,0.128,1.0,0.3727106704930863,0.12498400921069462,1.0,2
0.4708835341365462,0.128,1.0,0.4707559854703084,0.12498400921069462,1.0,2
0.5687751004016065,0.128,1.0,0.568815348491842,0.12498400921069462,1.0,2
0.6629016064257028,0.128,1.0,0.6629392522426698,0.12498400921069462,1.0,2
0.7570281124497993,0.128,1.0,0.7570631559934977,0.12498400921069462,1.0,2
0.8551706827309238,0.128,1.0,0.8551084709707197,0.12498400921069462,1.0,2
0.9533132530120483,0.128,1.0,0.9531537859479419,0.12498400921069462,1.0,2
0.0471887550200803,0.128,1.0,0.04721547693110428,0.12498400921069462,1.0,2
0.1453313253012048,0.128,1.0,0.14526079190832641,0.12498400921069462,1.0,2
0.24347389558232935,0.128,1.0,0.2433061068855485,0.12498400921069462,1.0,2
0.3413654618473896,0.128,1.0,0.3413514218627706,0.12498400921069462,1.0,2
0.4395080321285141,0.128,1.0,0.4393967368399927,0.12498400921069462,1.0,2
0.5376506024096386,0.128,1.0,0.5374560998615263,0.12498400921069462,1.0,2
0.6317771084337349,0.128,1.0,0.6315800036123542,0.12498400921069462,1.0,2
0.7259036144578314,0.128,1.0,0.725703907363182,0.12498400921069462,1.0,2
0.8237951807228916,0.128,1.0,0.8237492223404042,0.12498400921069462,1.0,2
0.9219377510040161,0.128,1.0,0.9217945373176262,0.12498400921069462,1.0,2
0.015813253012048167,0.128,1.0,0.015856228300788644,0.12498400921069462,1.0,2
0.11395582329317266,0.128,1.0,0.11390154327801072,0.12498400921069462,1.0,2
0.21209839357429722,0.128,1.0,0.2119468582552328,0.12498400921069462,1.0,2
0.30998995983935745,0.128,1.0,0.3099921732324549,0.12498400921069462,1.0,2
0.40813253012048195,0.128,1.0,0.408037488209677,0.12498400921069462,1.0,2
0.5062751004016065,0.128,1.0,0.5060968512312106,0.12498400921069462,1.0,2
0.6004016064257028,0.128,1.0,0.6002207549820385,0.12498400921069462,1.0,2
0.6945281124497993,0.128,1.0,0.6943446587328663,0.12498400921069462,1.0,2
0.7886546184738956,0.128,1.0,0.7884685624836942,0.12498400921069462,1.0,2
0.8865461847389559,0.128,1.0,0.8865138774609163,0.12498400921069462,1.0,2
0.9846887550200805,0.128,1.0,0.9845591924381384,0.12498400921069462,1.0,2
0.07856425702811243,0.128,1.0,0.07862088342130075,0.12498400921069462,1.0,2
0.17670682730923692,0.128,1.0,0.17666619839852293,0.12498400921069462,1.0,2
0.2748493975903614,0.128,1.0,0.27471151337574495,0.12498400921069462,1.0,2
0.3727409638554217,0.128,1.0,0.3727568283529671,0.12498400921069462,1.0,2
0.4708835341365462,0.128,1.0,0.47080214333018916,0.12498400921069462,1.0,2
0.5690261044176708,0.128,1.0,0.5688615063517228,0.12498400921069462,1.0,2
0.6631526104417671,0.128,1.0,0.6629854101025506,0.12498400921069462,1.0,2
0.7572791164658634,0.128,1.0,0.7571093138533784,0.12498400921069462,1.0,2
0.8551706827309238,0.128,1.0,0.8551546288306007,0.12498400921069462,1.0,2
0.9533132530120483,0.128,1.0,0.9531999438078227,0.12498400921069462,1.0,2
0.04743975903614461,0.128,1.0,0.04726163479098516,0.12498400921069462,1.0,2
0.1453313253012048,0.128,1.0,0.14530694976820724,0.12498400921069462,1.0,2
0.24347389558232935,0.128,1.0,0.24335226474542931,0.12498400921069462,1.0,2
0.3413654618473896,0.128,1.0,0.3413975797226514,0.12498400921069462,1.0,2
0.4395080321285141,0.128,1.0,0.4394428946998735,0.12498400921069462,1.0,2
0.5376506024096386,0.128,1.0,0.5375022577214071,0.12498400921069462,1.0,2
0.6317771084337349,0.128,1.0,0.6316261614722349,0.12498400921069462,1.0,2
0.7259036144578314,0.128,1.0,0.7257500652230628,0.12498400921069462,1.0,2
0.8237951807228916,0.128,1.0,0.8237953802002849,0.12498400921069462,1.0,2
0.9219377510040161,0.128,1.0,0.921840695177507,0.12498400921069462,1.0,2
0.016064257028112483,0.128,1.0,0.01590238616066947,0.12498400921069462,1.0,2
0.11395582329317266,0.128,1.0,0.11394770113789154,0.12498400921069462,1.0,2
0.21209839357429722,0.128,1.0,0.21199301611511362,0.12498400921069462,1.0,2
0.30998995983935745,0.128,1.0,0.31003833109233575,0.12498400921069462,1.0,2
0.40813253012048195,0.128,1.0,0.4080836460695578,0.12498400921069462,1.0,2
0.5062751004016065,0.128,1.0,0.5061430090910914,0.12498400921069462,1.0,2
0.6004016064257028,0.128,1.0,0.6002669128419194,0.12498400921069462,1.0,2
0.6945281124497993,0.128,1.0,0.6943908165927472,0.12498400921069462,1.0,2
0.7886546184738956,0.128,1.0,0.788514720343575,0.12498400921069462,1.0,2
0.8865461847389559,0.128,1.0,0.886558028457324,0.12498400921069462,1.0,2
0.9846887550200805,0.128,1.0,0.984603343434546,0.12498400921069462,1.0,2
0.07881526104417674,0.128,1.0,0.07866704128118163,0.12498400921069462,1.0,2
0.17670682730923692,0.128,1.0,0.1767123562584037,0.12498400921069462,1.0,2
0.2748493975903614,0.128,1.0,0.2747576712356258,0.12498400921069462,1.0,2
0.3729919678714859,0.128,1.0,0.37280097934937484,0.12498400921069462,1.0,2
0.4708835341365462,0.128,1.0,0.4708462943265969,0.12498400921069462,1.0,2
0.5690261044176708,0.128,1.0,0.5689076642116037,0.12498400921069462,1.0,2
0.6631526104417671,0.128,1.0,0.6630315679624315,0.12498400921069462,1.0,2
0.7572791164658634,0.128,1.0,0.7571554717132593,0.12498400921069462,1.0,2
0.8551706827309238,0.128,1.0,0.8552007866904814,0.12498400921069462,1.0,2
0.9533132530120483,0.128,1.0,0.9532440948042304,0.12498400921069462,1.0,2
0.04743975903614461,0.128,1.0,0.04730779265086593,0.12498400921069462,1.0,2
0.1453313253012048,0.128,1.0,0.145353107628088,0.12498400921069462,1.0,2
0.24347389558232935,0.128,1.0,0.24339842260531008,0.12498400921069462,1.0,2
0.34161646586345384,0.128,1.0,0.3414437375825322,0.12498400921069462,1.0,2
0.4395080321285141,0.128,1.0,0.4394870456962812,0.12498400921069462,1.0,2
0.5376506024096386,0.128,1.0,0.537548415581288,0.12498400921069462,1.0,2
0.6317771084337349,0.128,1.0,0.6316723193321158,0.12498400921069462,1.0,2
0.7259036144578314,0.128,1.0,0.7257962230829436,0.12498400921069462,1.0,2
0.8240461847389559,0.128,1.0,0.8238415380601657,0.12498400921069462,1.0,2
0.9219377510040161,0.128,1.0,0.9218868530373878,0.12498400921069462,1.0,2
0.016064257028112483,0.128,1.0,0.015948544020550237,0.12498400921069462,1.0,2
0.11395582329317266,0.128,1.0,0.11399385899777231,0.12498400921069462,1.0,2
0.21209839357429722,0.128,1.0,0.21203917397499444,0.12498400921069462,1.0,2
0.31024096385542166,0.128,1.0,0.3100844889522165,0.12498400921069462,1.0,2
0.40813253012048195,0.128,1.0,0.4081298039294386,0.12498400921069462,1.0,2
0.5062751004016065,0.128,1.0,0.5061891669509723,0.12498400921069462,1.0,2
0.6004016064257028,0.128,1.0,0.6003130707018001,0.12498400921069462,1.0,2
0.6945281124497993,0.128,1.0,0.694436974452628,0.12498400921069462,1.0,2
0.7886546184738956,0.128,1.0,0.7885588713399827,0.12498400921069462,1.0,2
0.8867971887550201,0.128,1.0,0.8866041863172047,0.12498400921069462,1.0,2
0.9846887550200805,0.128,1.0,0.9846495012944269,0.12498400921069462,1.0,2
0.07881526104417674,0.128,1.0,0.0787131991410624,0.12498400921069462,1.0,2
0.17670682730923692,0.128,1.0,0.1767565072548114,0.12498400921069462,1.0,2
0.2748493975903614,0.128,1.0,0.27480182223203353,0.12498400921069462,1.0,2
0.3729919678714859,0.128,1.0,0.3728471372092556,0.12498400921069462,1.0,2
0.4708835341365462,0.128,1.0,0.4708924521864777,0.12498400921069462,1.0,2
0.5690261044176708,0.128,1.0,0.5689538220714844,0.12498400921069462,1.0,2
0.6631526104417671,0.128,1.0,0.6630777258223123,0.12498400921069462,1.0,2
0.7572791164658634,0.128,1.0,0.7571996227096669,0.12498400921069462,1.0,2
0.8554216867469879,0.128,1.0,0.8552449376868891,0.12498400921069462,1.0,2
0.9533132530120483,0.128,1.0,0.9532902526641112,0.12498400921069462,1.0,2
0.04743975903614461,0.128,1.0,0.0473539505107467,0.12498400921069462,1.0,2
0.1455823293172691,0.128,1.0,0.14539926548796878,0.12498400921069462,1.0,2
0.24347389558232935,0.128,1.0,0.24344257360171784,0.12498400921069462,1.0,2
0.34161646586345384,0.128,1.0,0.3414878885789399,0.12498400921069462,1.0,2
0.4395080321285141,0.128,1.0,0.439533203556162,0.12498400921069462,1.0,2
0.5376506024096386,0.128,1.0,0.5375945734411687,0.12498400921069462,1.0,2
0.6317771084337349,0.128,1.0,0.6317184771919966,0.12498400921069462,1.0,2
0.7259036144578314,0.128,1.0,0.7258423809428244,0.12498400921069462,1.0,2
0.8240461847389559,0.128,1.0,0.8238856890565733,0.12498400921069462,1.0,2
0.9219377510040161,0.128,1.0,0.9219310040337956,0.12498400921069462,1.0,2
0.016064257028112483,0.128,1.0,0.015994701880431006,0.12498400921069462,1.0,2
0.11420682730923698,0.128,1.0,0.11404001685765308,0.12498400921069462,1.0,2
0.21209839357429722,0.128,1.0,0.2120853318348752,0.12498400921069462,1.0,2
0.31024096385542166,0.128,1.0,0.3101286399486243,0.12498400921069462,1.0,2
0.40813253012048195,0.128,1.0,0.4081739549258463,0.12498400921069462,1.0,2
0.5062751004016065,0.128,1.0,0.5062353248108531,0.12498400921069462,1.0,2
0.6004016064257028,0.128,1.0,0.6003592285616809,0.12498400921069462,1.0,2
0.6945281124497993,0.128,1.0,0.6944831323125087,0.12498400921069462,1.0,2
0.7886546184738956,0.128,1.0,0.7886050291998634,0.12498400921069462,1.0,2
0.8867971887550201,0.128,1.0,0.8866503441770855,0.12498400921069462,1.0,2
0.9846887550200805,0.128,1.0,0.9846956591543077,0.12498400921069462,1.0,2
0.07881526104417674,0.128,1.0,0.0787573501374701,0.12498400921069462,1.0,2
0.17695783132530124,0.128,1.0,0.17680266511469217,0.12498400921069462,1.0,2
0.2748493975903614,0.128,1.0,0.27484798009191425,0.12498400921069462,1.0,2
0.3729919678714859,0.128,1.0,0.3728932950691364,0.12498400921069462,1.0,2
0.47113453815261047,0.128,1.0,0.4709386100463585,0.12498400921069462,1.0,2
0.5690261044176708,0.128,1.0,0.5689999799313652,0.12498400921069462,1.0,2
0.6631526104417671,0.128,1.0,0.663123883682193,0.12498400921069462,1.0,2
0.7572791164658634,0.128,1.0,0.7572457805695478,0.12498400921069462,1.0,2
0.8554216867469879,0.128,1.0,0.8552910955467699,0.12498400921069462,1.0,2
0.9533132530120483,0.128,1.0,0.953336410523992,0.12498400921069462,1.0,2
0.04743975903614461,0.128,1.0,0.0473981015071544,0.12498400921069462,1.0,2
0.1455823293172691,0.128,1.0,0.14544341648437653,0.12498400921069462,1.0,2
0.24347389558232935,0.128,1.0,0.2434887314615986,0.12498400921069462,1.0,2
0.34161646586345384,0.128,1.0,0.3415340464388207,0.12498400921069462,1.0,2
0.43975903614457834,0.128,1.0,0.4395793614160428,0.12498400921069462,1.0,2
0.5376506024096386,0.128,1.0,0.5376407313010495,0.12498400921069462,1.0,2
0.6317771084337349,0.128,1.0,0.6317646350518773,0.12498400921069462,1.0,2
0.7259036144578314,0.128,1.0,0.7258865319392321,0.12498400921069462,1.0,2
0.8240461847389559,0.128,1.0,0.8239318469164542,0.12498400921069462,1.0,2
0.9221887550200804,0.128,1.0,0.9219771618936763,0.12498400921069462,1.0,2
0.016064257028112483,0.128,1.0,0.016038852876838705,0.12498400921069462,1.0,2
0.11420682730923698,0.128,1.0,0.11408416785406084,0.12498400921069462,1.0,2
0.21209839357429722,0.128,1.0,0.2121294828312829,0.12498400921069462,1.0,2
0.31024096385542166,0.128,1.0,0.31017479780850504,0.12498400921069462,1.0,2
0.4083835341365462,0.128,1.0,0.4082201127857271,0.12498400921069462,1.0,2
0.5062751004016065,0.128,1.0,0.5062814826707338,0.12498400921069462,1.0,2
0.6004016064257028,0.128,1.0,0.6004053864215617,0.12498400921069462,1.0,2
0.6945281124497993,0.128,1.0,0.6945272833089164,0.12498400921069462,1.0,2
0.7886546184738956,0.128,1.0,0.7886511870597442,0.12498400921069462,1.0,2
0.8867971887550201,0.128,1.0,0.8866965020369664,0.12498400921069462,1.0,2
0.9849397590361446,0.128,1.0,0.9847418170141884,0.12498400921069462,1.0,2
0.07881526104417674,0.128,1.0,0.07880350799735086,0.12498400921069462,1.0,2
0.17695783132530124,0.128,1.0,0.17684882297457294,0.12498400921069462,1.0,2
0.2748493975903614,0.128,1.0,0.27489413795179507,0.12498400921069462,1.0,2
0.3729919678714859,0.128,1.0,0.3729394529290172,0.12498400921069462,1.0,2
0.47113453815261047,0.128,1.0,0.4709847679062393,0.12498400921069462,1.0,2
0.5690261044176708,0.128,1.0,0.569046137791246,0.12498400921069462,1.0,2
0.6631526104417671,0.128,1.0,0.6631700415420738,0.12498400921069462,1.0,2
0.7572791164658634,0.128,1.0,0.7572919384294285,0.12498400921069462,1.0,2
0.8554216867469879,0.128,1.0,0.8553372534066506,0.12498400921069462,1.0,2
0.9535642570281124,0.128,1.0,0.9533825683838728,0.12498400921069462,1.0,2
0.04743975903614461,0.128,1.0,0.04744425936703517,0.12498400921069462,1.0,2
0.1455823293172691,0.128,1.0,0.1454895743442573,0.12498400921069462,1.0,2
0.2437248995983936,0.128,1.0,0.24353488932147938,0.12498400921069462,1.0,2
0.34161646586345384,0.128,1.0,0.3415802042987015,0.12498400921069462,1.0,2
0.43975903614457834,0.128,1.0,0.4396255192759236,0.12498400921069462,1.0,2
0.5376506024096386,0.128,1.0,0.5376868891609303,0.12498400921069462,1.0,2
0.6317771084337349,0.128,1.0,0.6318107929117581,0.12498400921069462,1.0,2
0.7259036144578314,0.128,1.0,0.7259326897991129,0.12498400921069462,1.0,2
0.8240461847389559,0.128,1.0,0.823978004776335,0.12498400921069462,1.0,2
0.9221887550200804,0.128,1.0,0.9220233197535571,0.12498400921069462,1.0,2
0.016064257028112483,0.128,1.0,0.01608501073671953,0.12498400921069462,1.0,2
0.11420682730923698,0.128,1.0,0.11413032571394166,0.12498400921069462,1.0,2
0.21234939759036148,0.128,1.0,0.21217564069116374,0.12498400921069462,1.0,2
0.31024096385542166,0.128,1.0,0.3102209556683858,0.12498400921069462,1.0,2
0.4083835341365462,0.128,1.0,0.40826627064560794,0.12498400921069462,1.0,2
0.5065261044176707,0.128,1.0,0.5063276405306146,0.12498400921069462,1.0,2
0.6006526104417671,0.128,1.0,0.6004515442814424,0.12498400921069462,1.0,2
0.6947791164658634,0.128,1.0,0.6945734411687972,0.12498400921069462,1.0,2
0.7889056224899599,0.128,1.0,0.7886973449196251,0.12498400921069462,1.0,2
0.8867971887550201,0.128,1.0,0.8867426598968471,0.12498400921069462,1.0,2
0.9849397590361446,0.128,1.0,0.9847879748740693,0.12498400921069462,1.0,2
0.07881526104417674,0.128,1.0,0.07884966585723169,0.12498400921069462,1.0,2
0.17695783132530124,0.128,1.0,0.17689498083445382,0.12498400921069462,1.0,2
0.2751004016064257,0.128,1.0,0.2749402958116759,0.12498400921069462,1.0,2
0.3729919678714859,0.128,1.0,0.37298561078889797,0.12498400921069462,1.0,2
0.47113453815261047,0.128,1.0,0.47103092576612005,0.12498400921069462,1.0,2
0.5692771084337349,0.128,1.0,0.5690922956511268,0.12498400921069462,1.0,2
0.6634036144578314,0.128,1.0,0.6632141925384816,0.12498400921069462,1.0,2
0.7575301204819278,0.128,1.0,0.7573380962893094,0.12498400921069462,1.0,2
0.8554216867469879,0.128,1.0,0.8553834112665315,0.12498400921069462,1.0,2
0.9535642570281124,0.128,1.0,0.9534287262437535,0.12498400921069462,1.0,2
0.04743975903614461,0.128,1.0,0.04749041722691599,0.12498400921069462,1.0,2
0.1455823293172691,0.128,1.0,0.14553573220413812,0.12498400921069462,1.0,2
0.2437248995983936,0.128,1.0,0.2435810471813602,0.12498400921069462,1.0,2
0.34161646586345384,0.128,1.0,0.34162636215858233,0.12498400921069462,1.0,2
0.43975903614457834,0.128,1.0,0.4396716771358044,0.12498400921069462,1.0,2
0.5379016064257028,0.128,1.0,0.5377330470208112,0.12498400921069462,1.0,2
0.6320281124497993,0.128,1.0,0.6318549439081659,0.12498400921069462,1.0,2
0.7261546184738956,0.128,1.0,0.7259788476589937,0.12498400921069462,1.0,2
0.8240461847389559,0.128,1.0,0.8240241626362158,0.12498400921069462,1.0,2
0.9221887550200804,0.128,1.0,0.9220694776134379,0.12498400921069462,1.0,2
0.016315261044176688,0.128,1.0,0.016131168596600354,0.12498400921069462,1.0,2
0.11420682730923698,0.128,1.0,0.11417648357382243,0.12498400921069462,1.0,2
0.21234939759036148,0.128,1.0,0.2122217985510445,0.12498400921069462,1.0,2
0.31024096385542166,0.128,1.0,0.31026711352826664,0.12498400921069462,1.0,2
0.4083835341365462,0.128,1.0,0.4083124285054887,0.12498400921069462,1.0,2
0.5065261044176707,0.128,1.0,0.5063737983904955,0.12498400921069462,1.0,2
0.6006526104417671,0.128,1.0,0.6004977021413233,0.12498400921069462,1.0,2
0.6947791164658634,0.128,1.0,0.694619599028678,0.12498400921069462,1.0,2
0.7889056224899599,0.128,1.0,0.7887435027795058,0.12498400921069462,1.0,2
0.8867971887550201,0.128,1.0,0.8867888177567279,0.12498400921069462,1.0,2
0.9849397590361446,0.128,1.0,0.98483413273395,0.12498400921069462,1.0,2
0.07906626506024095,0.128,1.0,0.07889582371711246,0.12498400921069462,1.0,2
0.17695783132530124,0.128,1.0,0.1769411386943346,0.12498400921069462,1.0,2
0.2751004016064257,0.128,1.0,0.27498645367155666,0.12498400921069462,1.0,2
0.3729919678714859,0.128,1.0,0.37303176864877874,0.12498400921069462,1.0,2
0.47113453815261047,0.128,1.0,0.47107708362600087,0.12498400921069462,1.0,2
0.5692771084337349,0.128,1.0,0.5691384535110076,0.12498400921069462,1.0,2
0.6634036144578314,0.128,1.0,0.6632603503983623,0.12498400921069462,1.0,2
0.7575301204819278,0.128,1.0,0.7573842541491902,0.12498400921069462,1.0,2
0.8554216867469879,0.128,1.0,0.8554295691264122,0.12498400921069462,1.0,2
0.9535642570281124,0.128,1.0,0.9534748841036343,0.12498400921069462,1.0,2
0.04769076305220882,0.128,1.0,0.04753657508679682,0.12498400921069462,1.0,2
0.1455823293172691,0.128,1.0,0.1455818900640189,0.12498400921069462,1.0,2
0.2437248995983936,0.128,1.0,0.24362720504124097,0.12498400921069462,1.0,2
0.3418674698795181,0.128,1.0,0.34167252001846304,0.12498400921069462,1.0,2
0.43975903614457834,0.128,1.0,0.4397178349956852,0.12498400921069462,1.0,2
0.5379016064257028,0.128,1.0,0.5377792048806919,0.12498400921069462,1.0,2
0.6320281124497993,0.128,1.0,0.6319011017680467,0.12498400921069462,1.0,2
0.7261546184738956,0.128,1.0,0.7260250055188745,0.12498400921069462,1.0,2
0.8240461847389559,0.128,1.0,0.8240703204960966,0.12498400921069462,1.0,2
0.9221887550200804,0.128,1.0,0.9221156354733187,0.12498400921069462,1.0,2
0.016315261044176688,0.128,1.0,0.016177326456481123,0.12498400921069462,1.0,2
0.11420682730923698,0.128,1.0,0.1142226414337032,0.12498400921069462,1.0,2
0.21234939759036148,0.128,1.0,0.21226795641092527,0.12498400921069462,1.0,2
0.3104919678714859,0.128,1.0,0.3103132713881474,0.12498400921069462,1.0,2
0.4083835341365462,0.128,1.0,0.4083585863653695,0.12498400921069462,1.0,2
0.5065261044176707,0.128,1.0,0.5064199562503762,0.12498400921069462,1.0,2
0.6006526104417671,0.128,1.0,0.600541853137731,0.12498400921069462,1.0,2
0.6947791164658634,0.128,1.0,0.6946657568885588,0.12498400921069462,1.0,2
0.7889056224899599,0.128,1.0,0.7887896606393866,0.12498400921069462,1.0,2
0.8870481927710844,0.128,1.0,0.8868349756166087,0.12498400921069462,1.0,2
0.9849397590361446,0.128,1.0,0.9848802905938308,0.12498400921069462,1.0,2
0.07906626506024095,0.128,1.0,0.07894198157699328,0.12498400921069462,1.0,2
0.17695783132530124,0.128,1.0,0.17698729655421536,0.12498400921069462,1.0,2
0.2751004016064257,0.128,1.0,0.27503261153143743,0.12498400921069462,1.0,2
0.3732429718875502,0.128,1.0,0.37307792650865956,0.12498400921069462,1.0,2
0.47113453815261047,0.128,1.0,0.47112324148588164,0.12498400921069462,1.0,2
0.5692771084337349,0.128,1.0,0.5691826045074153,0.12498400921069462,1.0,2
0.6634036144578314,0.128,1.0,0.6633065082582431,0.12498400921069462,1.0,2
0.7575301204819278,0.128,1.0,0.7574304120090709,0.12498400921069462,1.0,2
0.8556726907630523,0.128,1.0,0.855475726986293,0.12498400921069462,1.0,2
0.9535642570281124,0.128,1.0,0.9535210419635152,0.12498400921069462,1.0,2
0.04769076305220882,0.128,1.0,0.047582732946677586,0.12498400921069462,1.0,2
0.1455823293172691,0.128,1.0,0.14562804792389966,0.12498400921069462,1.0,2
0.2437248995983936,0.128,1.0,0.24367336290112174,0.12498400921069462,1.0,2
0.3418674698795181,0.128,1.0,0.34171867787834387,0.12498400921069462,1.0,2
0.43975903614457834,0.128,1.0,0.439763992855566,0.12498400921069462,1.0,2
0.5379016064257028,0.128,1.0,0.5378233558770996,0.12498400921069462,1.0,2
0.6320281124497993,0.128,1.0,0.6319472596279274,0.12498400921069462,1.0,2
0.7261546184738956,0.128,1.0,0.7260711633787553,0.12498400921069462,1.0,2
0.8242971887550201,0.128,1.0,0.8241164783559773,0.12498400921069462,1.0,2
0.9221887550200804,0.128,1.0,0.9221617933331994,0.12498400921069462,1.0,2
0.016315261044176688,0.128,1.0,0.01622348431636189,0.12498400921069462,1.0,2
0.11445783132530118,0.128,1.0,0.11426879929358397,0.12498400921069462,1.0,2
0.21234939759036148,0.128,1.0,0.2123141142708061,0.12498400921069462,1.0,2
0.3104919678714859,0.128,1.0,0.3103594292480282,0.12498400921069462,1.0,2
0.4083835341365462,0.128,1.0,0.4084047442252503,0.12498400921069462,1.0,2
0.5065261044176707,0.128,1.0,0.506466114110257,0.12498400921069462,1.0,2
0.6006526104417671,0.128,1.0,0.6005880109976117,0.12498400921069462,1.0,2
0.6947791164658634,0.128,1.0,0.6947119147484396,0.12498400921069462,1.0,2
0.7889056224899599,0.128,1.0,0.7888358184992674,0.12498400921069462,1.0,2
0.8870481927710844,0.128,1.0,0.8868811334764896,0.12498400921069462,1.0,2
0.9849397590361446,0.128,1.0,0.9849264484537117,0.12498400921069462,1.0,2
0.07906626506024095,0.128,1.0,0.07898813943687405,0.12498400921069462,1.0,2
0.17720883534136544,0.128,1.0,0.17703345441409613,0.12498400921069462,1.0,2
0.2751004016064257,0.128,1.0,0.27507876939131826,0.12498400921069462,1.0,2
0.3732429718875502,0.128,1.0,0.37312408436854033,0.12498400921069462,1.0,2
0.47113453815261047,0.128,1.0,0.47116939934576246,0.12498400921069462,1.0,2
0.5692771084337349,0.128,1.0,0.569228762367296,0.12498400921069462,1.0,2
0.6634036144578314,0.128,1.0,0.6633526661181239,0.12498400921069462,1.0,2
0.7575301204819278,0.128,1.0,0.7574765698689517,0.12498400921069462,1.0,2
0.8556726907630523,0.128,1.0,0.8555218848461739,0.12498400921069462,1.0,2
0.9535642570281124,0.128,1.0,0.9535671998233959,0.12498400921069462,1.0,2
0.04769076305220882,0.128,1.0,0.04762889080655841,0.12498400921069462,1.0,2
0.14583333333333331,0.128,1.0,0.14567420578378049,0.12498400921069462,1.0,2
0.2437248995983936,0.128,1.0,0.24371952076100262,0.12498400921069462,1.0,2
0.3418674698795181,0.128,1.0,0.3417648357382247,0.12498400921069462,1.0,2
0.4400100401606426,0.128,1.0,0.43981015071544677,0.12498400921069462,1.0,2
0.5379016064257028,0.128,1.0,0.5378695137369804,0.12498400921069462,1.0,2
0.6320281124497993,0.128,1.0,0.6319934174878082,0.12498400921069462,1.0,2
0.7261546184738956,0.128,1.0,0.726117321238636,0.12498400921069462,1.0,2
0.8242971887550201,0.128,1.0,0.8241626362158582,0.12498400921069462,1.0,2
0.9221887550200804,0.128,1.0,0.9222079511930803,0.12498400921069462,1.0,2
0.016315261044176688,0.128,1.0,0.016269642176242716,0.12498400921069462,1.0,2
0.11445783132530118,0.128,1.0,0.11431495715346479,0.12498400921069462,1.0,2
0.21234939759036148,0.128,1.0,0.21236027213068692,0.12498400921069462,1.0,2
0.3104919678714859,0.128,1.0,0.310405587107909,0.12498400921069462,1.0,2
0.40863453815261047,0.128,1.0,0.4084509020851311,0.12498400921069462,1.0,2
0.5065261044176707,0.128,1.0,0.5065102651066647,0.12498400921069462,1.0,2
0.6006526104417671,0.128,1.0,0.6006341688574925,0.12498400921069462,1.0,2
0.6947791164658634,0.128,1.0,0.6947580726083205,0.12498400921069462,1.0,2
0.7889056224899599,0.128,1.0,0.7888819763591483,0.12498400921069462,1.0,2
0.8870481927710844,0.128,1.0,0.8869272913363704,0.12498400921069462,1.0,2
0.9849397590361446,0.128,1.0,0.9849726063135924,0.12498400921069462,1.0,2
0.07906626506024095,0.128,1.0,0.07903429729675487,0.12498400921069462,1.0,2
0.17720883534136544,0.128,1.0,0.17707961227397695,0.12498400921069462,1.0,2
0.2751004016064257,0.128,1.0,0.2751249272511991,0.12498400921069462,1.0,2
0.3732429718875502,0.128,1.0,0.37317024222842116,0.12498400921069462,1.0,2
0.47138554216867473,0.128,1.0,0.47121555720564323,0.12498400921069462,1.0,2
0.5692771084337349,0.128,1.0,0.5692749202271769,0.12498400921069462,1.0,2
0.6634036144578314,0.128,1.0,0.6633988239780046,0.12498400921069462,1.0,2
0.7575301204819278,0.128,1.0,0.7575227277288326,0.12498400921069462,1.0,2
0.8556726907630523,0.128,1.0,0.8555680427060546,0.12498400921069462,1.0,2
0.9538152610441768,0.128,1.0,0.9536133576832767,0.12498400921069462,1.0,2
0.04769076305220882,0.128,1.0,0.04767504866643918,0.12498400921069462,1.0,2
0.14583333333333331,0.128,1.0,0.14572036364366125,0.12498400921069462,1.0,2
0.2437248995983936,0.128,1.0,0.24376567862088339,0.12498400921069462,1.0,2
0.3418674698795181,0.128,1.0,0.34181099359810546,0.12498400921069462,1.0,2
0.4400100401606426,0.128,1.0,0.43985630857532754,0.12498400921069462,1.0,2
0.5379016064257028,0.128,1.0,0.5379156715968612,0.12498400921069462,1.0,2
0.6320281124497993,0.128,1.0,0.6320395753476891,0.12498400921069462,1.0,2
0.7261546184738956,0.128,1.0,0.7261634790985169,0.12498400921069462,1.0,2
0.8242971887550201,0.128,1.0,0.824208794075739,0.12498400921069462,1.0,2
0.9224397590361446,0.128,1.0,0.922254109052961,0.12498400921069462,1.0,2
0.016315261044176688,0.128,1.0,0.016315800036123485,0.12498400921069462,1.0,2
0.11445783132530118,0.128,1.0,0.11436111501334556,0.12498400921069462,1.0,2
0.21234939759036148,0.128,1.0,0.2124064299905677,0.12498400921069462,1.0,2
0.3104919678714859,0.128,1.0,0.31045174496778977,0.12498400921069462,1.0,2
0.40863453815261047,0.128,1.0,0.40849705994501184,0.12498400921069462,1.0,2
0.5065261044176707,0.128,1.0,0.5065564229665456,0.12498400921069462,1.0,2
0.6006526104417671,0.128,1.0,0.6006803267173734,0.12498400921069462,1.0,2
0.6947791164658634,0.128,1.0,0.6948042304682012,0.12498400921069462,1.0,2
0.7889056224899599,0.128,1.0,0.7889281342190291,0.12498400921069462,1.0,2
0.8870481927710844,0.128,1.0,0.8869734491962511,0.12498400921069462,1.0,2
0.9851907630522089,0.128,1.0,0.9850187641734731,0.12498400921069462,1.0,2
0.07906626506024095,0.128,1.0,0.07908045515663564,0.12498400921069462,1.0,2
0.17720883534136544,0.128,1.0,0.17712577013385772,0.12498400921069462,1.0,2
0.27535140562248994,0.128,1.0,0.2751710851110798,0.12498400921069462,1.0,2
0.3732429718875502,0.128,1.0,0.3732164000883019,0.12498400921069462,1.0,2
0.47138554216867473,0.128,1.0,0.47126171506552406,0.12498400921069462,1.0,2
0.5692771084337349,0.128,1.0,0.5693210780870577,0.12498400921069462,1.0,2
0.6634036144578314,0.128,1.0,0.6634449818378855,0.12498400921069462,1.0,2
0.7575301204819278,0.128,1.0,0.7575688855887133,0.12498400921069462,1.0,2
0.8556726907630523,0.128,1.0,0.8556142005659354,0.12498400921069462,1.0,2
0.9538152610441768,0.128,1.0,0.9536595155431575,0.12498400921069462,1.0,2
0.04769076305220882,0.128,1.0,0.04772120652631995,0.12498400921069462,1.0,2
0.14583333333333331,0.128,1.0,0.14576652150354202,0.12498400921069462,1.0,2
0.2439759036144578,0.128,1.0,0.24381183648076415,0.12498400921069462,1.0,2
0.3418674698795181,0.128,1.0,0.34185715145798623,0.12498400921069462,1.0,2
0.4400100401606426,0.128,1.0,0.43990246643520836,0.12498400921069462,1.0,2
0.5381526104417671,0.128,1.0,0.537961829456742,0.12498400921069462,1.0,2
0.6322791164658634,0.128,1.0,0.6320857332075698,0.12498400921069462,1.0,2
0.7264056224899599,0.128,1.0,0.7262096369583977,0.12498400921069462,1.0,2
0.8242971887550201,0.128,1.0,0.8242549519356197,0.12498400921069462,1.0,2
0.9224397590361446,0.128,1.0,0.9223002669128418,0.12498400921069462,1.0,2
0.016315261044176688,0.128,1.0,0.016361957896004253,0.12498400921069462,1.0,2
0.11445783132530118,0.128,1.0,0.11440727287322638,0.12498400921069462,1.0,2
0.21260040160642568,0.128,1.0,0.21245258785044846,0.12498400921069462,1.0,2
0.3104919678714859,0.128,1.0,0.3104979028276706,0.12498400921069462,1.0,2
0.40863453815261047,0.128,1.0,0.40854321780489267,0.12498400921069462,1.0,2
0.5067771084337349,0.128,1.0,0.5066025808264263,0.12498400921069462,1.0,2
0.6009036144578314,0.128,1.0,0.6007264845772542,0.12498400921069462,1.0,2
0.6950301204819278,0.128,1.0,0.694850388328082,0.12498400921069462,1.0,2
0.7891566265060241,0.128,1.0,0.7889742920789098,0.12498400921069462,1.0,2
0.8870481927710844,0.128,1.0,0.8870176001926589,0.12498400921069462,1.0,2
0.9851907630522089,0.128,1.0,0.9850629151698809,0.12498400921069462,1.0,2
0.07906626506024095,0.128,1.0,0.07912661301651641,0.12498400921069462,1.0,2
0.17720883534136544,0.128,1.0,0.1771719279937385,0.12498400921069462,1.0,2
0.27535140562248994,0.128,1.0,0.2752172429709606,0.12498400921069462,1.0,2
0.3732429718875502,0.128,1.0,0.3732605510847097,0.12498400921069462,1.0,2
0.47138554216867473,0.128,1.0,0.47130586606193176,0.12498400921069462,1.0,2
0.5695281124497993,0.128,1.0,0.5693672359469385,0.12498400921069462,1.0,2
0.6636546184738956,0.128,1.0,0.6634911396977663,0.12498400921069462,1.0,2
0.757781124497992,0.128,1.0,0.7576150434485941,0.12498400921069462,1.0,2
0.8556726907630523,0.128,1.0,0.8556603584258162,0.12498400921069462,1.0,2
0.9538152610441768,0.128,1.0,0.9537056734030384,0.12498400921069462,1.0,2
0.04794176706827313,0.128,1.0,0.04776736438620072,0.12498400921069462,1.0,2
0.14583333333333331,0.128,1.0,0.14581267936342285,0.12498400921069462,1.0,2
0.2439759036144578,0.128,1.0,0.24385799434064492,0.12498400921069462,1.0,2
0.3418674698795181,0.128,1.0,0.34190330931786705,0.12498400921069462,1.0,2
0.4400100401606426,0.128,1.0,0.43994862429508913,0.12498400921069462,1.0,2
0.5381526104417671,0.128,1.0,0.5380079873166228,0.12498400921069462,1.0,2
0.6322791164658634,0.128,1.0,0.6321318910674506,0.12498400921069462,1.0,2
0.7264056224899599,0.128,1.0,0.7262557948182784,0.12498400921069462,1.0,2
0.8242971887550201,0.128,1.0,0.8243011097955005,0.12498400921069462,1.0,2
0.9224397590361446,0.128,1.0,0.9223464247727227,0.12498400921069462,1.0,2
0.016566265060241003,0.128,1.0,0.016408115755885078,0.12498400921069462,1.0,2
0.11445783132530118,0.128,1.0,0.11445343073310721,0.12498400921069462,1.0,2
0.21260040160642568,0.128,1.0,0.21249874571032928,0.12498400921069462,1.0,2
0.3104919678714859,0.128,1.0,0.31054406068755136,0.12498400921069462,1.0,2
0.40863453815261047,0.128,1.0,0.4085893756647735,0.12498400921069462,1.0,2
0.5067771084337349,0.128,1.0,0.5066487386863071,0.12498400921069462,1.0,2
0.6009036144578314,0.128,1.0,0.6007726424371349,0.12498400921069462,1.0,2
0.6950301204819278,0.128,1.0,0.6948965461879628,0.12498400921069462,1.0,2
0.7891566265060241,0.128,1.0,0.7890184430753175,0.12498400921069462,1.0,2
0.8870481927710844,0.128,1.0,0.8870637580525396,0.12498400921069462,1.0,2
0.9851907630522089,0.128,1.0,0.9851090730297617,0.12498400921069462,1.0,2
0.07931726907630526,0.128,1.0,0.07917277087639724,0.12498400921069462,1.0,2
0.17720883534136544,0.128,1.0,0.17721607899014624,0.12498400921069462,1.0,2
0.27535140562248994,0.128,1.0,0.2752613939673684,0.12498400921069462,1.0,2
0.37349397590361444,0.128,1.0,0.37330670894459045,0.12498400921069462,1.0,2
0.47138554216867473,0.128,1.0,0.4713520239218125,0.12498400921069462,1.0,2
0.5695281124497993,0.128,1.0,0.5694133938068192,0.12498400921069462,1.0,2
0.6636546184738956,0.128,1.0,0.6635372975576471,0.12498400921069462,1.0,2
0.757781124497992,0.128,1.0,0.7576591944450018,0.12498400921069462,1.0,2
0.8556726907630523,0.128,1.0,0.855704509422224,0.12498400921069462,1.0,2
0.9538152610441768,0.128,1.0,0.953749824399446,0.12498400921069462,1.0,2
0.04794176706827313,0.128,1.0,0.04781352224608154,0.12498400921069462,1.0,2
0.14583333333333331,0.128,1.0,0.14585883722330367,0.12498400921069462,1.0,2
0.2439759036144578,0.128,1.0,0.24390214533705262,0.12498400921069462,1.0,2
0.34211847389558236,0.128,1.0,0.34194746031427475,0.12498400921069462,1.0,2
0.4400100401606426,0.128,1.0,0.43999277529149683,0.12498400921069462,1.0,2
0.5381526104417671,0.128,1.0,0.5380541451765035,0.12498400921069462,1.0,2
0.6322791164658634,0.128,1.0,0.6321780489273314,0.12498400921069462,1.0,2
0.7264056224899599,0.128,1.0,0.7263019526781592,0.12498400921069462,1.0,2
0.8245481927710844,0.128,1.0,0.8243452607919083,0.12498400921069462,1.0,2
0.9224397590361446,0.128,1.0,0.9223905757691304,0.12498400921069462,1.0,2
0.016566265060241003,0.128,1.0,0.016454273615765902,0.12498400921069462,1.0,2
0.11445783132530118,0.128,1.0,0.11449958859298798,0.12498400921069462,1.0,2
0.21260040160642568,0.128,1.0,0.21254490357021005,0.12498400921069462,1.0,2
0.3107429718875502,0.128,1.0,0.3105882116839591,0.12498400921069462,1.0,2
0.40863453815261047,0.128,1.0,0.4086335266611812,0.12498400921069462,1.0,2
0.5067771084337349,0.128,1.0,0.5066948965461879,0.12498400921069462,1.0,2
0.6009036144578314,0.128,1.0,0.6008188002970157,0.12498400921069462,1.0,2
0.6950301204819278,0.128,1.0,0.6949427040478435,0.12498400921069462,1.0,2
0.7891566265060241,0.128,1.0,0.7890646009351983,0.12498400921069462,1.0,2
0.8872991967871486,0.128,1.0,0.8871099159124205,0.12498400921069462,1.0,2
0.9851907630522089,0.128,1.0,0.9851552308896425,0.12498400921069462,1.0,2
0.07931726907630526,0.128,1.0,0.07921692187280499,0.12498400921069462,1.0,2
0.17720883534136544,0.128,1.0,0.17726223685002707,0.12498400921069462,1.0,2
0.27535140562248994,0.128,1.0,0.2753075518272491,0.12498400921069462,1.0,2
0.37349397590361444,0.128,1.0,0.3733528668044712,0.12498400921069462,1.0,2
0.47138554216867473,0.128,1.0,0.47139818178169335,0.12498400921069462,1.0,2
0.5695281124497993,0.128,1.0,0.5694595516667,0.12498400921069462,1.0,2
0.6636546184738956,0.128,1.0,0.6635834554175278,0.12498400921069462,1.0,2
0.757781124497992,0.128,1.0,0.7577053523048827,0.12498400921069462,1.0,2
0.8559236947791165,0.128,1.0,0.8557506672821047,0.12498400921069462,1.0,2
0.9538152610441768,0.128,1.0,0.9537959822593268,0.12498400921069462,1.0,2
0.04794176706827313,0.128,1.0,0.047857673242489296,0.12498400921069462,1.0,2
0.14608433734939763,0.128,1.0,0.14590298821971137,0.12498400921069462,1.0,2
0.2439759036144578,0.128,1.0,0.24394830319693345,0.12498400921069462,1.0,2
0.34211847389558236,0.128,1.0,0.3419936181741556,0.12498400921069462,1.0,2
0.4400100401606426,0.128,1.0,0.44003893315137765,0.12498400921069462,1.0,2
0.5381526104417671,0.128,1.0,0.5381003030363843,0.12498400921069462,1.0,2
0.6322791164658634,0.128,1.0,0.6322242067872123,0.12498400921069462,1.0,2
0.7264056224899599,0.128,1.0,0.726346103674567,0.12498400921069462,1.0,2
0.8245481927710844,0.128,1.0,0.8243914186517891,0.12498400921069462,1.0,2
0.9224397590361446,0.128,1.0,0.9224367336290111,0.12498400921069462,1.0,2
0.016566265060241003,0.128,1.0,0.01650043147564667,0.12498400921069462,1.0,2
0.1147088353413655,0.128,1.0,0.11454373958939568,0.12498400921069462,1.0,2
0.21260040160642568,0.128,1.0,0.2125890545666178,0.12498400921069462,1.0,2
0.3107429718875502,0.128,1.0,0.3106343695438399,0.12498400921069462,1.0,2
0.40863453815261047,0.128,1.0,0.40867968452106196,0.12498400921069462,1.0,2
0.5067771084337349,0.128,1.0,0.5067410544060686,0.12498400921069462,1.0,2
0.6009036144578314,0.128,1.0,0.6008649581568966,0.12498400921069462,1.0,2
0.6950301204819278,0.128,1.0,0.6949868550442513,0.12498400921069462,1.0,2
0.7891566265060241,0.128,1.0,0.7891107587950791,0.12498400921069462,1.0,2
0.8872991967871486,0.128,1.0,0.8871560737723012,0.12498400921069462,1.0,2
0.9851907630522089,0.128,1.0,0.9852013887495232,0.12498400921069462,1.0,2
0.07931726907630526,0.128,1.0,0.07926307973268576,0.12498400921069462,1.0,2
0.17745983935742976,0.128,1.0,0.17730839470990784,0.12498400921069462,1.0,2
0.27535140562248994,0.128,1.0,0.2753537096871299,0.12498400921069462,1.0,2
0.37349397590361444,0.128,1.0,0.37339902466435204,0.12498400921069462,1.0,2
0.471636546184739,0.128,1.0,0.4714443396415741,0.12498400921069462,1.0,2
0.5695281124497993,0.128,1.0,0.5695057095265809,0.12498400921069462,1.0,2
0.6636546184738956,0.128,1.0,0.6636296132774087,0.12498400921069462,1.0,2
0.757781124497992,0.128,1.0,0.7577515101647634,0.12498400921069462,1.0,2
0.8559236947791165,0.128,1.0,0.8557968251419855,0.12498400921069462,1.0,2
0.9538152610441768,0.128,1.0,0.9538421401192076,0.12498400921069462,1.0,2
0.04794176706827313,0.128,1.0,0.047903831102370065,0.12498400921069462,1.0,2
0.14608433734939763,0.128,1.0,0.14594914607959214,0.12498400921069462,1.0,2
0.2439759036144578,0.128,1.0,0.24399446105681427,0.12498400921069462,1.0,2
0.34211847389558236,0.128,1.0,0.34203977603403635,0.12498400921069462,1.0,2
0.44026104417670686,0.128,1.0,0.4400850910112584,0.12498400921069462,1.0,2
0.5381526104417671,0.128,1.0,0.5381464608962652,0.12498400921069462,1.0,2
0.6322791164658634,0.128,1.0,0.632270364647093,0.12498400921069462,1.0,2
0.7264056224899599,0.128,1.0,0.7263922615344477,0.12498400921069462,1.0,2
0.8245481927710844,0.128,1.0,0.8244375765116698,0.12498400921069462,1.0,2
0.9226907630522089,0.128,1.0,0.9224828914888918,0.12498400921069462,1.0,2
0.016566265060241003,0.128,1.0,0.01654458247205437,0.12498400921069462,1.0,2
0.1147088353413655,0.128,1.0,0.11458989744927645,0.12498400921069462,1.0,2
0.21260040160642568,0.128,1.0,0.21263521242649858,0.12498400921069462,1.0,2
0.3107429718875502,0.128,1.0,0.31068052740372065,0.12498400921069462,1.0,2
0.40888554216867473,0.128,1.0,0.4087258423809428,0.12498400921069462,1.0,2
0.5067771084337349,0.128,1.0,0.5067872122659495,0.12498400921069462,1.0,2
0.6009036144578314,0.128,1.0,0.6009111160167773,0.12498400921069462,1.0,2
0.6950301204819278,0.128,1.0,0.6950330129041321,0.12498400921069462,1.0,2
0.7891566265060241,0.128,1.0,0.7891569166549599,0.12498400921069462,1.0,2
0.8872991967871486,0.128,1.0,0.8872022316321819,0.12498400921069462,1.0,2
0.9854417670682731,0.128,1.0,0.9852475466094041,0.12498400921069462,1.0,2
0.07931726907630526,0.128,1.0,0.07930923759256653,0.12498400921069462,1.0,2
0.17745983935742976,0.128,1.0,0.1773545525697886,0.12498400921069462,1.0,2
0.27535140562248994,0.128,1.0,0.27539986754701073,0.12498400921069462,1.0,2
0.37349397590361444,0.128,1.0,0.3734451825242328,0.12498400921069462,1.0,2
0.471636546184739,0.128,1.0,0.4714904975014549,0.12498400921069462,1.0,2
0.5695281124497993,0.128,1.0,0.5695518673864617,0.12498400921069462,1.0,2
0.6636546184738956,0.128,1.0,0.6636737642738164,0.12498400921069462,1.0,2
0.757781124497992,0.128,1.0,0.7577976680246442,0.12498400921069462,1.0,2
0.8559236947791165,0.128,1.0,0.8558429830018663,0.12498400921069462,1.0,2
0.954066265060241,0.128,1.0,0.9538882979790884,0.12498400921069462,1.0,2
0.04794176706827313,0.128,1.0,0.047949988962250834,0.12498400921069462,1.0,2
0.14608433734939763,0.128,1.0,0.1459953039394729,0.12498400921069462,1.0,2
0.24422690763052213,0.128,1.0,0.24404061891669504,0.12498400921069462,1.0,2
0.34211847389558236,0.128,1.0,0.34208593389391717,0.12498400921069462,1.0,2
0.44026104417670686,0.128,1.0,0.44013124887113925,0.12498400921069462,1.0,2
0.5381526104417671,0.128,1.0,0.538192618756146,0.12498400921069462,1.0,2
0.6322791164658634,0.128,1.0,0.6323145156435007,0.12498400921069462,1.0,2
0.7264056224899599,0.128,1.0,0.7264384193943285,0.12498400921069462,1.0,2
0.8245481927710844,0.128,1.0,0.8244837343715505,0.12498400921069462,1.0,2
0.9226907630522089,0.128,1.0,0.9225290493487728,0.12498400921069462,1.0,2
0.016566265060241003,0.128,1.0,0.01659074033193514,0.12498400921069462,1.0,2
0.1147088353413655,0.128,1.0,0.11463605530915721,0.12498400921069462,1.0,2
0.21285140562249,0.128,1.0,0.21268137028637935,0.12498400921069462,1.0,2
0.3107429718875502,0.128,1.0,0.3107266852636015,0.12498400921069462,1.0,2
0.40888554216867473,0.128,1.0,0.40877200024082355,0.12498400921069462,1.0,2
0.5070281124497992,0.128,1.0,0.5068333701258303,0.12498400921069462,1.0,2
0.6011546184738956,0.128,1.0,0.6009572738766581,0.12498400921069462,1.0,2
0.695281124497992,0.128,1.0,0.6950791707640128,0.12498400921069462,1.0,2
0.7894076305220884,0.128,1.0,0.7892030745148406,0.12498400921069462,1.0,2
0.8872991967871486,0.128,1.0,0.8872483894920628,0.12498400921069462,1.0,2
0.9854417670682731,0.128,1.0,0.9852937044692849,0.12498400921069462,1.0,2
0.07931726907630526,0.128,1.0,0.0793553954524473,0.12498400921069462,1.0,2
0.17745983935742976,0.128,1.0,0.17740071042966937,0.12498400921069462,1.0,2
0.2756024096385542,0.128,1.0,0.2754460254068915,0.12498400921069462,1.0,2
0.37349397590361444,0.128,1.0,0.3734913403841136,0.12498400921069462,1.0,2
0.471636546184739,0.128,1.0,0.4715366553613357,0.12498400921069462,1.0,2
0.5697791164658634,0.128,1.0,0.5695980252463424,0.12498400921069462,1.0,2
0.6639056224899599,0.128,1.0,0.6637199221336971,0.12498400921069462,1.0,2
0.7580321285140563,0.128,1.0,0.757843825884525,0.12498400921069462,1.0,2
0.8559236947791165,0.128,1.0,0.855889140861747,0.12498400921069462,1.0,2
0.954066265060241,0.128,1.0,0.9539344558389693,0.12498400921069462,1.0,2
0.04794176706827313,0.128,1.0,0.04799614682213166,0.12498400921069462,1.0,2
0.14608433734939763,0.128,1.0,0.14604146179935373,0.12498400921069462,1.0,2
0.24422690763052213,0.128,1.0,0.24408677677657586,0.12498400921069462,1.0,2
0.34211847389558236,0.128,1.0,0.3421320917537979,0.12498400921069462,1.0,2
0.44026104417670686,0.128,1.0,0.44017740673102,0.12498400921069462,1.0,2
0.5384036144578314,0.128,1.0,0.5382387766160267,0.12498400921069462,1.0,2
0.6325301204819278,0.128,1.0,0.6323606735033815,0.12498400921069462,1.0,2
0.7266566265060241,0.128,1.0,0.7264845772542093,0.12498400921069462,1.0,2
0.8245481927710844,0.128,1.0,0.8245298922314315,0.12498400921069462,1.0,2
0.9226907630522089,0.128,1.0,0.9225752072086535,0.12498400921069462,1.0,2
0.016817269076305208,0.128,1.0,0.016636898191815963,0.12498400921069462,1.0,2
0.1147088353413655,0.128,1.0,0.1146822131690381,0.12498400921069462,1.0,2
0.21285140562249,0.128,1.0,0.21272752814626017,0.12498400921069462,1.0,2
0.3107429718875502,0.128,1.0,0.31077284312348225,0.12498400921069462,1.0,2
0.40888554216867473,0.128,1.0,0.4088181581007043,0.12498400921069462,1.0,2
0.5070281124497992,0.128,1.0,0.5068795279857111,0.12498400921069462,1.0,2
0.6011546184738956,0.128,1.0,0.6010014248730658,0.12498400921069462,1.0,2
0.695281124497992,0.128,1.0,0.6951253286238936,0.12498400921069462,1.0,2
0.7894076305220884,0.128,1.0,0.7892492323747216,0.12498400921069462,1.0,2
0.8872991967871486,0.128,1.0,0.8872945473519436,0.12498400921069462,1.0,2
0.9854417670682731,0.128,1.0,0.9853398623291656,0.12498400921069462,1.0,2
0.07956827309236947,0.128,1.0,0.07940155331232812,0.12498400921069462,1.0,2
0.17745983935742976,0.128,1.0,0.1774468682895502,0.12498400921069462,1.0,2
0.2756024096385542,0.128,1.0,0.27549218326677233,0.12498400921069462,1.0,2
0.37349397590361444,0.128,1.0,0.3735374982439944,0.12498400921069462,1.0,2
0.471636546184739,0.128,1.0,0.4715828132212165,0.12498400921069462,1.0,2
0.5697791164658634,0.128,1.0,0.5696421762427502,0.12498400921069462,1.0,2
0.6639056224899599,0.128,1.0,0.663766079993578,0.12498400921069462,1.0,2
0.7580321285140563,0.128,1.0,0.7578899837444057,0.12498400921069462,1.0,2
0.8559236947791165,0.128,1.0,0.8559352987216279,0.12498400921069462,1.0,2
0.954066265060241,0.128,1.0,0.95398061369885,0.12498400921069462,1.0,2
0.04819277108433734,0.128,1.0,0.04804230468201243,0.12498400921069462,1.0,2
0.14608433734939763,0.128,1.0,0.14608761965923456,0.12498400921069462,1.0,2
0.24422690763052213,0.128,1.0,0.24413293463645663,0.12498400921069462,1.0,2
0.3423694779116466,0.128,1.0,0.3421782496136787,0.12498400921069462,1.0,2
0.44026104417670686,0.128,1.0,0.44022356459090084,0.12498400921069462,1.0,2
0.5384036144578314,0.128,1.0,0.5382849344759075,0.12498400921069462,1.0,2
0.6325301204819278,0.128,1.0,0.6324068313632623,0.12498400921069462,1.0,2
0.7266566265060241,0.128,1.0,0.7265307351140902,0.12498400921069462,1.0,2
0.8245481927710844,0.128,1.0,0.8245760500913122,0.12498400921069462,1.0,2
0.9226907630522089,0.128,1.0,0.9226213650685343,0.12498400921069462,1.0,2
0.016817269076305208,0.128,1.0,0.016683056051696732,0.12498400921069462,1.0,2
0.1147088353413655,0.128,1.0,0.11472837102891886,0.12498400921069462,1.0,2
0.21285140562249,0.128,1.0,0.21277368600614094,0.12498400921069462,1.0,2
0.31099397590361444,0.128,1.0,0.310819000983363,0.12498400921069462,1.0,2
0.40888554216867473,0.128,1.0,0.40886431596058515,0.12498400921069462,1.0,2
0.5070281124497992,0.128,1.0,0.5069256858455918,0.12498400921069462,1.0,2
0.6011546184738956,0.128,1.0,0.6010475827329467,0.12498400921069462,1.0,2
0.695281124497992,0.128,1.0,0.6951714864837745,0.12498400921069462,1.0,2
0.7894076305220884,0.128,1.0,0.7892953902346023,0.12498400921069462,1.0,2
0.8875502008032129,0.128,1.0,0.8873407052118243,0.12498400921069462,1.0,2
0.9854417670682731,0.128,1.0,0.9853860201890465,0.12498400921069462,1.0,2
0.07956827309236947,0.128,1.0,0.07944771117220889,0.12498400921069462,1.0,2
0.17745983935742976,0.128,1.0,0.17749302614943102,0.12498400921069462,1.0,2
0.2756024096385542,0.128,1.0,0.2755383411266531,0.12498400921069462,1.0,2
0.3737449799196787,0.128,1.0,0.37358365610387523,0.12498400921069462,1.0,2
0.471636546184739,0.128,1.0,0.4716289710810973,0.12498400921069462,1.0,2
0.5697791164658634,0.128,1.0,0.5696883341026309,0.12498400921069462,1.0,2
0.6639056224899599,0.128,1.0,0.6638122378534588,0.12498400921069462,1.0,2
0.7580321285140563,0.128,1.0,0.7579361416042866,0.12498400921069462,1.0,2
0.8561746987951808,0.128,1.0,0.8559814565815087,0.12498400921069462,1.0,2
0.954066265060241,0.128,1.0,0.9540267715587307,0.12498400921069462,1.0,2
0.04819277108433734,0.128,1.0,0.048088462541893195,0.12498400921069462,1.0,2
0.14608433734939763,0.128,1.0,0.14613377751911533,0.12498400921069462,1.0,2
0.24422690763052213,0.128,1.0,0.2441790924963374,0.12498400921069462,1.0,2
0.3423694779116466,0.128,1.0,0.34222440747355953,0.12498400921069462,1.0,2
0.44026104417670686,0.128,1.0,0.4402697224507816,0.12498400921069462,1.0,2
0.5384036144578314,0.128,1.0,0.5383290854723153,0.12498400921069462,1.0,2
0.6325301204819278,0.128,1.0,0.6324529892231431,0.12498400921069462,1.0,2
0.7266566265060241,0.128,1.0,0.7265768929739709,0.12498400921069462,1.0,2
0.8247991967871486,0.128,1.0,0.824622207951193,0.12498400921069462,1.0,2
0.9226907630522089,0.128,1.0,0.9226675229284151,0.12498400921069462,1.0,2
0.016817269076305208,0.128,1.0,0.016729213911577556,0.12498400921069462,1.0,2
0.1149598393574297,0.128,1.0,0.11477452888879963,0.12498400921069462,1.0,2
0.21285140562249,0.128,1.0,0.2128198438660217,0.12498400921069462,1.0,2
0.31099397590361444,0.128,1.0,0.31086515884324384,0.12498400921069462,1.0,2
0.40888554216867473,0.128,1.0,0.4089104738204659,0.12498400921069462,1.0,2
0.5070281124497992,0.128,1.0,0.5069698368419996,0.12498400921069462,1.0,2
0.6011546184738956,0.128,1.0,0.6010937405928274,0.12498400921069462,1.0,2
0.695281124497992,0.128,1.0,0.6952176443436553,0.12498400921069462,1.0,2
0.7894076305220884,0.128,1.0,0.789341548094483,0.12498400921069462,1.0,2
0.8875502008032129,0.128,1.0,0.8873868630717051,0.12498400921069462,1.0,2
0.9854417670682731,0.128,1.0,0.9854321780489272,0.12498400921069462,1.0,2
0.07956827309236947,0.128,1.0,0.07949386903208966,0.12498400921069462,1.0,2
0.17771084337349397,0.128,1.0,0.1775391840093118,0.12498400921069462,1.0,2
0.2756024096385542,0.128,1.0,0.2755844989865339,0.12498400921069462,1.0,2
0.3737449799196787,0.128,1.0,0.373629813963756,0.12498400921069462,1.0,2
0.471636546184739,0.128,1.0,0.4716751289409781,0.12498400921069462,1.0,2
0.5697791164658634,0.128,1.0,0.5697344919625117,0.12498400921069462,1.0,2
0.6639056224899599,0.128,1.0,0.6638583957133395,0.12498400921069462,1.0,2
0.7580321285140563,0.128,1.0,0.7579822994641674,0.12498400921069462,1.0,2
0.8561746987951808,0.128,1.0,0.8560276144413894,0.12498400921069462,1.0,2
0.954066265060241,0.128,1.0,0.9540729294186117,0.12498400921069462,1.0,2
0.04819277108433734,0.128,1.0,0.048134620401773964,0.12498400921069462,1.0,2
0.14633534136546184,0.128,1.0,0.1461799353789961,0.12498400921069462,1.0,2
0.5020080321285141,0.0,0.0,0.5019306026611009,0.0,0.0,2
0.4236947791164659,0.0,1.0,0.423540508539204,0.0,1.0,2
0.5215863453815262,0.0,1.0,0.5216018784242107,0.0,1.0,2
0.6157128514056225,0.0,1.0,0.6157237753115655,0.0,1.0,2
0.7098393574297189,0.0,1.0,0.7098476790623933,0.0,1.0,2
0.8079819277108434,0.0,1.0,0.8078929940396153,0.0,1.0,2
0.9061244979919679,0.0,1.0,0.9059383090168375,0.0,1.0,2
0.0,0.0,1.0,0.0,0.0,1.0,2
0.0981425702811245,0.0,1.0,0.09804531497722202,0.0,1.0,2
0.19603413654618473,0.0,1.0,0.19609062995444415,0.0,1.0,2
0.29417670682730923,0.0,1.0,0.2941359449316662,0.0,1.0,2
0.39231927710843373,0.0,1.0,0.39218125990888836,0.0,1.0,2
0.490210843373494,0.0,1.0,0.49022657488611043,0.0,1.0,2
0.5883534136546185,0.0,1.0,0.5882879447711171,0.0,1.0,2
0.6824799196787149,0.0,1.0,0.6824098416584718,0.0,1.0,2
0.7766064257028114,0.0,1.0,0.7765337454092998,0.0,1.0,2
0.8747489959839359,0.0,1.0,0.8745790603865218,0.0,1.0,2
0.972640562248996,0.0,1.0,0.9726243753637439,0.0,1.0,2
0.06676706827309237,0.0,1.0,0.06668606634690638,0.0,1.0,2
0.16490963855421686,0.0,1.0,0.16473138132412846,0.0,1.0,2
0.26280120481927716,0.0,1.0,0.2627766963013506,0.0,1.0,2
0.3609437751004016,0.0,1.0,0.36082201127857266,0.0,1.0,2
0.4588353413654619,0.0,1.0,0.45886732625579474,0.0,1.0,2
0.5569779116465864,0.0,1.0,0.5569286961408014,0.0,1.0,2
0.6511044176706827,0.0,1.0,0.6510505930281563,0.0,1.0,2
0.7452309236947792,0.0,1.0,0.7451744967789841,0.0,1.0,2
0.8433734939759037,0.0,1.0,0.8432198117562062,0.0,1.0,2
0.9412650602409639,0.0,1.0,0.9412651267334282,0.0,1.0,2
0.03539156626506024,0.0,1.0,0.035326817716590686,0.0,1.0,2
0.13353413654618473,0.0,1.0,0.13337213269381276,0.0,1.0,2
0.23142570281124497,0.0,1.0,0.23141744767103484,0.0,1.0,2
0.32956827309236947,0.0,1.0,0.329462762648257,0.0,1.0,2
0.42745983935742976,0.0,1.0,0.42750807762547904,0.0,1.0,2
0.5256024096385542,0.0,1.0,0.5255694475104858,0.0,1.0,2
0.6197289156626506,0.0,1.0,0.6196913443978406,0.0,1.0,2
0.713855421686747,0.0,1.0,0.7138152481486684,0.0,1.0,2
0.8119979919678715,0.0,1.0,0.8118605631258905,0.0,1.0,2
0.9098895582329318,0.0,1.0,0.9099058781031126,0.0,1.0,2
0.004016064257028107,0.0,1.0,0.003967569086275047,0.0,1.0,2
0.1021586345381526,0.0,1.0,0.10201288406349712,0.0,1.0,2
0.20005020080321284,0.0,1.0,0.20005819904071925,0.0,1.0,2
0.29819277108433734,0.0,1.0,0.29810351401794133,0.0,1.0,2
0.3963353413654619,0.0,1.0,0.3961488289951634,0.0,1.0,2
0.4942269076305221,0.0,1.0,0.4941941439723855,0.0,1.0,2
0.5923694779116466,0.0,1.0,0.5922555138573922,0.0,1.0,2
0.686495983935743,0.0,1.0,0.686377410744747,0.0,1.0,2
0.7806224899598394,0.0,1.0,0.7805013144955748,0.0,1.0,2
0.8785140562248996,0.0,1.0,0.8785466294727968,0.0,1.0,2
0.9766566265060241,0.0,1.0,0.9765919444500191,0.0,1.0,2
0.07078313253012047,0.0,1.0,0.07065363543318143,0.0,1.0,2
0.1686746987951807,0.0,1.0,0.16869895041040356,0.0,1.0,2
0.2668172690763052,0.0,1.0,0.26674426538762563,0.0,1.0,2
0.3649598393574297,0.0,1.0,0.3647895803648477,0.0,1.0,2
0.46285140562249,0.0,1.0,0.4628348953420698,0.0,1.0,2
0.5609939759036144,0.0,1.0,0.5608962652270766,0.0,1.0,2
0.6551204819277109,0.0,1.0,0.6550181621144313,0.0,1.0,2
0.7492469879518073,0.0,1.0,0.7491420658652591,0.0,1.0,2
0.8473895582329317,0.0,1.0,0.8471873808424812,0.0,1.0,2
0.945281124497992,0.0,1.0,0.9452326958197033,0.0,1.0,2
0.039407630522088344,0.0,1.0,0.03929438680286579,0.0,1.0,2
0.13729919678714858,0.0,1.0,0.13733970178008786,0.0,1.0,2
0.23544176706827308,0.0,1.0,0.23538501675730994,0.0,1.0,2
0.33358433734939763,0.0,1.0,0.33343033173453207,0.0,1.0,2
0.43147590361445787,0.0,1.0,0.43147564671175415,0.0,1.0,2
0.5296184738955824,0.0,1.0,0.5295370165967609,0.0,1.0,2
0.6237449799196787,0.0,1.0,0.6236589134841156,0.0,1.0,2
0.7178714859437751,0.0,1.0,0.7177828172349434,0.0,1.0,2
0.8160140562248996,0.0,1.0,0.8158281322121655,0.0,1.0,2
0.9139056224899599,0.0,1.0,0.9138734471893877,0.0,1.0,2
0.008032128514056214,0.0,1.0,0.007935138172550094,0.0,1.0,2
0.10592369477911645,0.0,1.0,0.10598045314977217,0.0,1.0,2
0.20406626506024095,0.0,1.0,0.20402576812699424,0.0,1.0,2
0.30220883534136544,0.0,1.0,0.3020710831042164,0.0,1.0,2
0.4001004016064257,0.0,1.0,0.40011639808143845,0.0,1.0,2
0.49824297188755023,0.0,1.0,0.4981617130586605,0.0,1.0,2
0.5963855421686748,0.0,1.0,0.5962230829436672,0.0,1.0,2
0.6905120481927711,0.0,1.0,0.690344979831022,0.0,1.0,2
0.7846385542168675,0.0,1.0,0.7844688835818499,0.0,1.0,2
0.8825301204819278,0.0,1.0,0.8825141985590719,0.0,1.0,2
0.9806726907630523,0.0,1.0,0.9805595135362941,0.0,1.0,2
0.07479919678714864,0.0,1.0,0.07462120451945647,0.0,1.0,2
0.17269076305220882,0.0,1.0,0.1726665194966786,0.0,1.0,2
0.27083333333333337,0.0,1.0,0.2707118344739007,0.0,1.0,2
0.3687248995983936,0.0,1.0,0.3687571494511228,0.0,1.0,2
0.4668674698795181,0.0,1.0,0.4668024644283449,0.0,1.0,2
0.5650100401606426,0.0,1.0,0.5648638343133516,0.0,1.0,2
0.6591365461847389,0.0,1.0,0.6589877380641794,0.0,1.0,2
0.7532630522088353,0.0,1.0,0.7531096349515342,0.0,1.0,2
0.8511546184738956,0.0,1.0,0.8511549499287563,0.0,1.0,2
0.9492971887550201,0.0,1.0,0.9492002649059783,0.0,1.0,2
0.043423694779116506,0.0,1.0,0.04326195588914078,0.0,1.0,2
0.1413152610441767,0.0,1.0,0.1413072708663629,0.0,1.0,2
0.23945783132530118,0.0,1.0,0.239352585843585,0.0,1.0,2
0.3373493975903614,0.0,1.0,0.3373979008208071,0.0,1.0,2
0.435491967871486,0.0,1.0,0.4354432157980292,0.0,1.0,2
0.5336345381526104,0.0,1.0,0.5335045856830359,0.0,1.0,2
0.6277610441767069,0.0,1.0,0.6276284894338637,0.0,1.0,2
0.7218875502008033,0.0,1.0,0.7217503863212185,0.0,1.0,2
0.8197791164658634,0.0,1.0,0.8197957012984406,0.0,1.0,2
0.9179216867469879,0.0,1.0,0.9178410162756627,0.0,1.0,2
0.012048192771084376,0.0,1.0,0.01190270725882514,0.0,1.0,2
0.10993975903614456,0.0,1.0,0.10994802223604722,0.0,1.0,2
0.20808232931726905,0.0,1.0,0.2079933372132693,0.0,1.0,2
0.3062248995983936,0.0,1.0,0.3060386521904914,0.0,1.0,2
0.40411646586345384,0.0,1.0,0.4040839671677135,0.0,1.0,2
0.5022590361445783,0.0,1.0,0.5021453370527202,0.0,1.0,2
0.5963855421686748,0.0,1.0,0.596269240803548,0.0,1.0,2
0.6905120481927711,0.0,1.0,0.6903911376909029,0.0,1.0,2
0.7846385542168675,0.0,1.0,0.7845150414417306,0.0,1.0,2
0.8825301204819278,0.0,1.0,0.8825603564189527,0.0,1.0,2
0.9806726907630523,0.0,1.0,0.9806056713961748,0.0,1.0,2
0.07479919678714864,0.0,1.0,0.07466736237933724,0.0,1.0,2
0.17269076305220882,0.0,1.0,0.17271267735655937,0.0,1.0,2
0.27083333333333337,0.0,1.0,0.2707579923337815,0.0,1.0,2
0.36897590361445787,0.0,1.0,0.3688033073110036,0.0,1.0,2
0.4668674698795181,0.0,1.0,0.46684862228822566,0.0,1.0,2
0.5650100401606426,0.0,1.0,0.5649099921732323,0.0,1.0,2
0.6591365461847389,0.0,1.0,0.6590318890605871,0.0,1.0,2
0.7532630522088353,0.0,1.0,0.753155792811415,0.0,1.0,2
0.8514056224899599,0.0,1.0,0.8512011077886371,0.0,1.0,2
0.9492971887550201,0.0,1.0,0.9492464227658592,0.0,1.0,2
0.043423694779116506,0.0,1.0,0.043308113749021604,0.0,1.0,2
0.1413152610441767,0.0,1.0,0.14135342872624368,0.0,1.0,2
0.23945783132530118,0.0,1.0,0.23939874370346576,0.0,1.0,2
0.3376004016064257,0.0,1.0,0.3374440586806879,0.0,1.0,2
0.435491967871486,0.0,1.0,0.43548937365790996,0.0,1.0,2
0.5336345381526104,0.0,1.0,0.5335507435429168,0.0,1.0,2
0.6277610441767069,0.0,1.0,0.6276726404302715,0.0,1.0,2
0.7218875502008033,0.0,1.0,0.7217965441810993,0.0,1.0,2
0.8200301204819278,0.0,1.0,0.8198418591583214,0.0,1.0,2
0.9179216867469879,0.0,1.0,0.9178871741355434,0.0,1.0,2
0.012048192771084376,0.0,1.0,0.011948865118705965,0.0,1.0,2
0.10993975903614456,0.0,1.0,0.10999418009592804,0.0,1.0,2
0.20808232931726905,0.0,1.0,0.20803949507315012,0.0,1.0,2
0.3062248995983936,0.0,1.0,0.30608481005037225,0.0,1.0,2
0.40411646586345384,0.0,1.0,0.4041301250275943,0.0,1.0,2
0.5022590361445783,0.0,1.0,0.5021914949126011,0.0,1.0,2
0.5963855421686748,0.0,1.0,0.5963153986634289,0.0,1.0,2
0.6905120481927711,0.0,1.0,0.6904372955507836,0.0,1.0,2
0.7846385542168675,0.0,1.0,0.7845611993016115,0.0,1.0,2
0.882781124497992,0.0,1.0,0.8826065142788335,0.0,1.0,2
0.9806726907630523,0.0,1.0,0.9806518292560557,0.0,1.0,2
0.07479919678714864,0.0,1.0,0.07471352023921812,0.0,1.0,2
0.17294176706827313,0.0,1.0,0.1727588352164402,0.0,1.0,2
0.27083333333333337,0.0,1.0,0.2708041501936622,0.0,1.0,2
0.36897590361445787,0.0,1.0,0.36884946517088435,0.0,1.0,2
0.4668674698795181,0.0,1.0,0.4668947801481065,0.0,1.0,2
0.5650100401606426,0.0,1.0,0.5649561500331132,0.0,1.0,2
0.6591365461847389,0.0,1.0,0.659078046920468,0.0,1.0,2
0.7532630522088353,0.0,1.0,0.7532019506712957,0.0,1.0,2
0.8514056224899599,0.0,1.0,0.8512472656485179,0.0,1.0,2
0.9492971887550201,0.0,1.0,0.94929258062574,0.0,1.0,2
0.043423694779116506,0.0,1.0,0.04335427160890243,0.0,1.0,2
0.141566265060241,0.0,1.0,0.1413995865861245,0.0,1.0,2
0.23945783132530118,0.0,1.0,0.23944490156334658,0.0,1.0,2
0.3376004016064257,0.0,1.0,0.3374902165405687,0.0,1.0,2
0.435491967871486,0.0,1.0,0.4355355315177908,0.0,1.0,2
0.5336345381526104,0.0,1.0,0.5335969014027975,0.0,1.0,2
0.6277610441767069,0.0,1.0,0.6277187982901522,0.0,1.0,2
0.7218875502008033,0.0,1.0,0.7218427020409801,0.0,1.0,2
0.8200301204819278,0.0,1.0,0.8198880170182021,0.0,1.0,2
0.9179216867469879,0.0,1.0,0.9179333319954243,0.0,1.0,2
0.012048192771084376,0.0,1.0,0.011995022978586733,0.0,1.0,2
0.11019076305220887,0.0,1.0,0.11004033795580881,0.0,1.0,2
0.20808232931726905,0.0,1.0,0.20808565293303094,0.0,1.0,2
0.3062248995983936,0.0,1.0,0.306130967910253,0.0,1.0,2
0.4043674698795181,0.0,1.0,0.4041762828874751,0.0,1.0,2
0.5022590361445783,0.0,1.0,0.5022376527724818,0.0,1.0,2
0.5963855421686748,0.0,1.0,0.5963595496598366,0.0,1.0,2
0.6905120481927711,0.0,1.0,0.6904834534106644,0.0,1.0,2
0.7846385542168675,0.0,1.0,0.7846073571614922,0.0,1.0,2
0.882781124497992,0.0,1.0,0.8826526721387143,0.0,1.0,2
0.9806726907630523,0.0,1.0,0.9806979871159365,0.0,1.0,2
0.07479919678714864,0.0,1.0,0.07475967809909889,0.0,1.0,2
0.17294176706827313,0.0,1.0,0.17280499307632097,0.0,1.0,2
0.27083333333333337,0.0,1.0,0.27085030805354304,0.0,1.0,2
0.36897590361445787,0.0,1.0,0.3688956230307652,0.0,1.0,2
0.46711847389558236,0.0,1.0,0.46694093800798725,0.0,1.0,2
0.5650100401606426,0.0,1.0,0.5650003010295209,0.0,1.0,2
0.6591365461847389,0.0,1.0,0.6591242047803487,0.0,1.0,2
0.7532630522088353,0.0,1.0,0.7532481085311766,0.0,1.0,2
0.8514056224899599,0.0,1.0,0.8512934235083987,0.0,1.0,2
0.9495481927710844,0.0,1.0,0.9493387384856207,0.0,1.0,2
0.043423694779116506,0.0,1.0,0.0434004294687832,0.0,1.0,2
0.141566265060241,0.0,1.0,0.14144574444600527,0.0,1.0,2
0.23945783132530118,0.0,1.0,0.2394910594232274,0.0,1.0,2
0.3376004016064257,0.0,1.0,0.3375363744004495,0.0,1.0,2
0.5020080321285141,0.0,0.0,0.5019306026611009,0.0,0.0,2
0.4236947791164659,0.0,1.0,0.423540508539204,0.0,1.0,2
0.5215863453815262,0.0,1.0,0.5216018784242107,0.0,1.0,2
0.6157128514056225,0.0,1.0,0.6157237753115655,0.0,1.0,2
0.7098393574297189,0.0,1.0,0.7098476790623933,0.0,1.0,2
0.8079819277108434,0.0,1.0,0.8078929940396153,0.0,1.0,2
0.9061244979919679,0.0,1.0,0.9059383090168375,0.0,1.0,2
0.0,0.0,1.0,0.0,0.0,1.0,2
0.0981425702811245,0.0,1.0,0.09804531497722202,0.0,1.0,2
0.19603413654618473,0.0,1.0,0.19609062995444415,0.0,1.0,2
0.29417670682730923,0.0,1.0,0.2941359449316662,0.0,1.0,2
0.39231927710843373,0.0,1.0,0.39218125990888836,0.0,1.0,2
0.490210843373494,0.0,1.0,0.49022657488611043,0.0,1.0,2
0.5883534136546185,0.0,1.0,0.5882879447711171,0.0,1.0,2
0.6824799196787149,0.0,1.0,0.6824098416584718,0.0,1.0,2
0.7766064257028114,0.0,1.0,0.7765337454092998,0.0,1.0,2
0.8747489959839359,0.0,1.0,0.8745790603865218,0.0,1.0,2
0.972640562248996,0.0,1.0,0.9726243753637439,0.0,1.0,2
0.06676706827309237,0.0,1.0,0.06668606634690638,0.0,1.0,2
0.16490963855421686,0.0,1.0,0.16473138132412846,0.0,1.0,2
0.26280120481927716,0.0,1.0,0.2627766963013506,0.0,1.0,2
0.3609437751004016,0.0,1.0,0.36082201127857266,0.0,1.0,2
0.4588353413654619,0.0,1.0,0.45886732625579474,0.0,1.0,2
0.5569779116465864,0.0,1.0,0.5569286961408014,0.0,1.0,2
0.6511044176706827,0.0,1.0,0.6510505930281563,0.0,1.0,2
0.7452309236947792,0.0,1.0,0.7451744967789841,0.0,1.0,2
0.8433734939759037,0.0,1.0,0.8432198117562062,0.0,1.0,2
0.9412650602409639,0.0,1.0,0.9412651267334282,0.0,1.0,2
0.03539156626506024,0.0,1.0,0.035326817716590686,0.0,1.0,2
0.13353413654618473,0.0,1.0,0.13337213269381276,0.0,1.0,2
0.23142570281124497,0.0,1.0,0.23141744767103484,0.0,1.0,2
0.32956827309236947,0.0,1.0,0.329462762648257,0.0,1.0,2
0.42745983935742976,0.0,1.0,0.42750807762547904,0.0,1.0,2
0.5256024096385542,0.0,1.0,0.5255694475104858,0.0,1.0,2
0.6197289156626506,0.0,1.0,0.6196913443978406,0.0,1.0,2
0.713855421686747,0.0,1.0,0.7138152481486684,0.0,1.0,2
0.8119979919678715,0.0,1.0,0.8118605631258905,0.0,1.0,2
0.9098895582329318,0.0,1.0,0.9099058781031126,0.0,1.0,2
0.004016064257028107,0.0,1.0,0.003967569086275047,0.0,1.0,2
0.1021586345381526,0.0,1.0,0.10201288406349712,0.0,1.0,2
0.20005020080321284,0.0,1.0,0.20005819904071925,0.0,1.0,2
0.29819277108433734,0.0,1.0,0.29810351401794133,0.0,1.0,2
0.3963353413654619,0.0,1.0,0.3961488289951634,0.0,1.0,2
0.4942269076305221,0.0,1.0,0.4941941439723855,0.0,1.0,2
0.5923694779116466,0.0,1.0,0.5922555138573922,0.0,1.0,2
0.686495983935743,0.0,1.0,0.686377410744747,0.0,1.0,2
0.7806224899598394,0.0,1.0,0.7805013144955748,0.0,1.0,2
0.8785140562248996,0.0,1.0,0.8785466294727968,0.0,1.0,2
0.9766566265060241,0.0,1.0,0.9765919444500191,0.0,1.0,2
0.07078313253012047,0.0,1.0,0.07065363543318143,0.0,1.0,2
0.1686746987951807,0.0,1.0,0.16869895041040356,0.0,1.0,2
0.2668172690763052,0.0,1.0,0.26674426538762563,0.0,1.0,2
0.3649598393574297,0.0,1.0,0.3647895803648477,0.0,1.0,2
0.46285140562249,0.0,1.0,0.4628348953420698,0.0,1.0,2
0.5609939759036144,0.0,1.0,0.5608962652270766,0.0,1.0,2
0.6551204819277109,0.0,1.0,0.6550181621144313,0.0,1.0,2
0.7492469879518073,0.0,1.0,0.7491420658652591,0.0,1.0,2
0.8473895582329317,0.0,1.0,0.8471873808424812,0.0,1.0,2
0.945281124497992,0.0,1.0,0.9452326958197033,0.0,1.0,2
0.039407630522088344,0.0,1.0,0.03929438680286579,0.0,1.0,2
0.13729919678714858,0.0,1.0,0.13733970178008786,0.0,1.0,2
0.23544176706827308,0.0,1.0,0.23538501675730994,0.0,1.0,2
0.33358433734939763,0.0,1.0,0.33343033173453207,0.0,1.0,2
0.43147590361445787,0.0,1.0,0.43147564671175415,0.0,1.0,2
0.5296184738955824,0.0,1.0,0.5295370165967609,0.0,1.0,2
0.6237449799196787,0.0,1.0,0.6236589134841156,0.0,1.0,2
0.7178714859437751,0.0,1.0,0.7177828172349434,0.0,1.0,2
0.8160140562248996,0.0,1.0,0.8158281322121655,0.0,1.0,2
0.9139056224899599,0.0,1.0,0.9138734471893877,0.0,1.0,2
0.008032128514056214,0.0,1.0,0.007935138172550094,0.0,1.0,2
0.10592369477911645,0.0,1.0,0.10598045314977217,0.0,1.0,2
0.20406626506024095,0.0,1.0,0.20402576812699424,0.0,1.0,2
0.30220883534136544,0.0,1.0,0.3020710831042164,0.0,1.0,2
0.4001004016064257,0.0,1.0,0.40011639808143845,0.0,1.0,2
0.49824297188755023,0.0,1.0,0.4981617130586605,0.0,1.0,2
0.5963855421686748,0.0,1.0,0.5962230829436672,0.0,1.0,2
0.6905120481927711,0.0,1.0,0.690344979831022,0.0,1.0,2
0.7846385542168675,0.0,1.0,0.7844688835818499,0.0,1.0,2
0.8825301204819278,0.0,1.0,0.8825141985590719,0.0,1.0,2
0.9806726907630523,0.0,1.0,0.9805595135362941,0.0,1.0,2
0.07479919678714864,0.0,1.0,0.07462120451945647,0.0,1.0,2
0.17269076305220882,0.0,1.0,0.1726665194966786,0.0,1.0,2
0.27083333333333337,0.0,1.0,0.2707118344739007,0.0,1.0,2
0.3687248995983936,0.0,1.0,0.3687571494511228,0.0,1.0,2
0.4668674698795181,0.0,1.0,0.4668024644283449,0.0,1.0,2
0.5650100401606426,0.0,1.0,0.5648638343133516,0.0,1.0,2
0.6591365461847389,0.0,1.0,0.6589877380641794,0.0,1.0,2
0.7532630522088353,0.0,1.0,0.7531096349515342,0.0,1.0,2
0.8511546184738956,0.0,1.0,0.8511549499287563,0.0,1.0,2
0.9492971887550201,0.0,1.0,0.9492002649059783,0.0,1.0,2
0.043423694779116506,0.0,1.0,0.04326195588914078,0.0,1.0,2
0.1413152610441767,0.0,1.0,0.1413072708663629,0.0,1.0,2
0.23945783132530118,0.0,1.0,0.239352585843585,0.0,1.0,2
0.3373493975903614,0.0,1.0,0.3373979008208071,0.0,1.0,2
0.435491967871486,0.0,1.0,0.4354432157980292,0.0,1.0,2
0.5336345381526104,0.0,1.0,0.5335045856830359,0.0,1.0,2
0.6277610441767069,0.0,1.0,0.6276284894338637,0.0,1.0,2
0.7218875502008033,0.0,1.0,0.7217503863212185,0.0,1.0,2
0.8197791164658634,0.0,1.0,0.8197957012984406,0.0,1.0,2
0.9179216867469879,0.0,1.0,0.9178410162756627,0.0,1.0,2
0.012048192771084376,0.0,1.0,0.01190270725882514,0.0,1.0,2
0.10993975903614456,0.0,1.0,0.10994802223604722,0.0,1.0,2
0.20808232931726905,0.0,1.0,0.2079933372132693,0.0,1.0,2
0.3062248995983936,0.0,1.0,0.3060386521904914,0.0,1.0,2
0.40411646586345384,0.0,1.0,0.4040839671677135,0.0,1.0,2
0.5022590361445783,0.0,1.0,0.5021453370527202,0.0,1.0,2
0.5963855421686748,0.0,1.0,0.596269240803548,0.0,1.0,2
0.6905120481927711,0.0,1.0,0.6903911376909029,0.0,1.0,2
0.7846385542168675,0.0,1.0,0.7845150414417306,0.0,1.0,2
0.8825301204819278,0.0,1.0,0.8825603564189527,0.0,1.0,2
0.9806726907630523,0.0,1.0,0.9806056713961748,0.0,1.0,2
0.07479919678714864,0.0,1.0,0.07466736237933724,0.0,1.0,2
0.17269076305220882,0.0,1.0,0.17271267735655937,0.0,1.0,2
0.27083333333333337,0.0,1.0,0.2707579923337815,0.0,1.0,2
0.36897590361445787,0.0,1.0,0.3688033073110036,0.0,1.0,2
0.4668674698795181,0.0,1.0,0.46684862228822566,0.0,1.0,2
0.5650100401606426,0.0,1.0,0.5649099921732323,0.0,1.0,2
0.6591365461847389,0.0,1.0,0.6590318890605871,0.0,1.0,2
0.7532630522088353,0.0,1.0,0.753155792811415,0.0,1.0,2
0.8514056224899599,0.0,1.0,0.8512011077886371,0.0,1.0,2
0.9492971887550201,0.0,1.0,0.9492464227658592,0.0,1.0,2
0.043423694779116506,0.0,1.0,0.043308113749021604,0.0,1.0,2
0.1413152610441767,0.0,1.0,0.14135342872624368,0.0,1.0,2
0.23945783132530118,0.0,1.0,0.23939874370346576,0.0,1.0,2
0.3376004016064257,0.0,1.0,0.3374440586806879,0.0,1.0,2
0.435491967871486,0.0,1.0,0.43548937365790996,0.0,1.0,2
0.5336345381526104,0.0,1.0,0.5335507435429168,0.0,1.0,2
0.6277610441767069,0.0,1.0,0.6276726404302715,0.0,1.0,2
0.7218875502008033,0.0,1.0,0.7217965441810993,0.0,1.0,2
0.8200301204819278,0.0,1.0,0.8198418591583214,0.0,1.0,2
0.9179216867469879,0.0,1.0,0.9178871741355434,0.0,1.0,2
0.012048192771084376,0.0,1.0,0.011948865118705965,0.0,1.0,2
0.10993975903614456,0.0,1.0,0.10999418009592804,0.0,1.0,2
0.20808232931726905,0.0,1.0,0.20803949507315012,0.0,1.0,2
0.3062248995983936,0.0,1.0,0.30608481005037225,0.0,1.0,2
0.40411646586345384,0.0,1.0,0.4041301250275943,0.0,1.0,2
0.5022590361445783,0.0,1.0,0.5021914949126011,0.0,1.0,2
0.5963855421686748,0.0,1.0,0.5963153986634289,0.0,1.0,2
0.6905120481927711,0.0,1.0,0.6904372955507836,0.0,1.0,2
0.7846385542168675,0.0,1.0,0.7845611993016115,0.0,1.0,2
0.882781124497992,0.0,1.0,0.8826065142788335,0.0,1.0,2
0.9806726907630523,0.0,1.0,0.9806518292560557,0.0,1.0,2
0.07479919678714864,0.0,1.0,0.07471352023921812,0.0,1.0,2
0.17294176706827313,0.0,1.0,0.1727588352164402,0.0,1.0,2
0.27083333333333337,0.0,1.0,0.2708041501936622,0.0,1.0,2
0.36897590361445787,0.0,1.0,0.36884946517088435,0.0,1.0,2
0.4668674698795181,0.0,1.0,0.4668947801481065,0.0,1.0,2
0.5650100401606426,0.0,1.0,0.5649561500331132,0.0,1.0,2
0.6591365461847389,0.0,1.0,0.659078046920468,0.0,1.0,2
0.7532630522088353,0.0,1.0,0.7532019506712957,0.0,1.0,2
0.8514056224899599,0.0,1.0,0.8512472656485179,0.0,1.0,2
0.9492971887550201,0.0,1.0,0.94929258062574,0.0,1.0,2
0.043423694779116506,0.0,1.0,0.04335427160890243,0.0,1.0,2
0.141566265060241,0.0,1.0,0.1413995865861245,0.0,1.0,2
0.23945783132530118,0.0,1.0,0.23944490156334658,0.0,1.0,2
0.3376004016064257,0.0,1.0,0.3374902165405687,0.0,1.0,2
0.435491967871486,0.0,1.0,0.4355355315177908,0.0,1.0,2
0.5336345381526104,0.0,1.0,0.5335969014027975,0.0,1.0,2
0.6277610441767069,0.0,1.0,0.6277187982901522,0.0,1.0,2
0.7218875502008033,0.0,1.0,0.7218427020409801,0.0,1.0,2
0.8200301204819278,0.0,1.0,0.8198880170182021,0.0,1.0,2
0.9179216867469879,0.0,1.0,0.9179333319954243,0.0,1.0,2
0.012048192771084376,0.0,1.0,0.011995022978586733,0.0,1.0,2
0.11019076305220887,0.0,1.0,0.11004033795580881,0.0,1.0,2
0.20808232931726905,0.0,1.0,0.20808565293303094,0.0,1.0,2
0.3062248995983936,0.0,1.0,0.306130967910253,0.0,1.0,2
0.4043674698795181,0.0,1.0,0.4041762828874751,0.0,1.0,2
0.5022590361445783,0.0,1.0,0.5022376527724818,0.0,1.0,2
0.5963855421686748,0.0,1.0,0.5963595496598366,0.0,1.0,2
0.6905120481927711,0.0,1.0,0.6904834534106644,0.0,1.0,2
0.7846385542168675,0.0,1.0,0.7846073571614922,0.0,1.0,2
0.882781124497992,0.0,1.0,0.8826526721387143,0.0,1.0,2
0.9806726907630523,0.0,1.0,0.9806979871159365,0.0,1.0,2
0.07479919678714864,0.0,1.0,0.07475967809909889,0.0,1.0,2
0.17294176706827313,0.0,1.0,0.17280499307632097,0.0,1.0,2
0.27083333333333337,0.0,1.0,0.27085030805354304,0.0,1.0,2
0.36897590361445787,0.0,1.0,0.3688956230307652,0.0,1.0,2
0.46711847389558236,0.0,1.0,0.46694093800798725,0.0,1.0,2
0.5650100401606426,0.0,1.0,0.5650003010295209,0.0,1.0,2
0.6591365461847389,0.0,1.0,0.6591242047803487,0.0,1.0,2
0.7532630522088353,0.0,1.0,0.7532481085311766,0.0,1.0,2
0.8514056224899599,0.0,1.0,0.8512934235083987,0.0,1.0,2
0.9495481927710844,0.0,1.0,0.9493387384856207,0.0,1.0,2
0.043423694779116506,0.0,1.0,0.0434004294687832,0.0,1.0,2
0.141566265060241,0.0,1.0,0.14144574444600527,0.0,1.0,2
0.23945783132530118,0.0,1.0,0.2394910594232274,0.0,1.0,2
0.3376004016064257,0.0,1.0,0.3375363744004495,0.0,1.0,2
0.43574297188755023,0.0,1.0,0.43558168937767155,0.0,1.0,2
0.5336345381526104,0.0,1.0,0.5336430592626783,0.0,1.0,2
0.6277610441767069,0.0,1.0,0.627764956150033,0.0,1.0,2
0.7218875502008033,0.0,1.0,0.7218888599008608,0.0,1.0,2
0.8200301204819278,0.0,1.0,0.819934174878083,0.0,1.0,2
0.9181726907630523,0.0,1.0,0.9179794898553051,0.0,1.0,2
0.012048192771084376,0.0,1.0,0.012041180838467502,0.0,1.0,2
0.11019076305220887,0.0,1.0,0.11008649581568958,0.0,1.0,2
0.20808232931726905,0.0,1.0,0.2081318107929117,0.0,1.0,2
0.3062248995983936,0.0,1.0,0.3061771257701338,0.0,1.0,2
0.4043674698795181,0.0,1.0,0.4042224407473559,0.0,1.0,2
0.5022590361445783,0.0,1.0,0.5022838106323626,0.0,1.0,2
0.5963855421686748,0.0,1.0,0.5964057075197173,0.0,1.0,2
0.6905120481927711,0.0,1.0,0.6905296112705452,0.0,1.0,2
0.7846385542168675,0.0,1.0,0.7846535150213729,0.0,1.0,2
0.882781124497992,0.0,1.0,0.8826988299985952,0.0,1.0,2
0.9809236947791165,0.0,1.0,0.9807441449758172,0.0,1.0,2
0.07479919678714864,0.0,1.0,0.07480583595897966,0.0,1.0,2
0.17294176706827313,0.0,1.0,0.17285115093620174,0.0,1.0,2
0.27108433734939763,0.0,1.0,0.27089646591342387,0.0,1.0,2
0.36897590361445787,0.0,1.0,0.36894178089064594,0.0,1.0,2
0.46711847389558236,0.0,1.0,0.466987095867868,0.0,1.0,2
0.5650100401606426,0.0,1.0,0.5650464588894016,0.0,1.0,2
0.6591365461847389,0.0,1.0,0.6591703626402295,0.0,1.0,2
0.7532630522088353,0.0,1.0,0.7532942663910573,0.0,1.0,2
0.8514056224899599,0.0,1.0,0.8513395813682794,0.0,1.0,2
0.9495481927710844,0.0,1.0,0.9493848963455015,0.0,1.0,2
0.043423694779116506,0.0,1.0,0.043446587328663966,0.0,1.0,2
0.141566265060241,0.0,1.0,0.14149190230588604,0.0,1.0,2
0.2397088353413655,0.0,1.0,0.23953721728310817,0.0,1.0,2
0.3376004016064257,0.0,1.0,0.3375825322603303,0.0,1.0,2
0.43574297188755023,0.0,1.0,0.4356278472375524,0.0,1.0,2
0.5338855421686747,0.0,1.0,0.533687210259086,0.0,1.0,2
0.6280120481927711,0.0,1.0,0.6278111140099139,0.0,1.0,2
0.7221385542168675,0.0,1.0,0.7219350177607416,0.0,1.0,2
0.8200301204819278,0.0,1.0,0.8199803327379638,0.0,1.0,2
0.9181726907630523,0.0,1.0,0.9180256477151859,0.0,1.0,2
0.012048192771084376,0.0,1.0,0.012087338698348271,0.0,1.0,2
0.11019076305220887,0.0,1.0,0.11013265367557035,0.0,1.0,2
0.20833333333333337,0.0,1.0,0.20817796865279248,0.0,1.0,2
0.3062248995983936,0.0,1.0,0.3062232836300146,0.0,1.0,2
0.4043674698795181,0.0,1.0,0.4042685986072367,0.0,1.0,2
0.5025100401606426,0.0,1.0,0.5023279616287704,0.0,1.0,2
0.5966365461847389,0.0,1.0,0.5964518653795982,0.0,1.0,2
0.6907630522088354,0.0,1.0,0.690575769130426,0.0,1.0,2
0.7848895582329318,0.0,1.0,0.7846996728812539,0.0,1.0,2
0.882781124497992,0.0,1.0,0.8827449878584759,0.0,1.0,2
0.9809236947791165,0.0,1.0,0.980790302835698,0.0,1.0,2
0.07479919678714864,0.0,1.0,0.07485199381886043,0.0,1.0,2
0.17294176706827313,0.0,1.0,0.1728973087960825,0.0,1.0,2
0.27108433734939763,0.0,1.0,0.27094262377330464,0.0,1.0,2
0.36897590361445787,0.0,1.0,0.3689879387505267,0.0,1.0,2
0.46711847389558236,0.0,1.0,0.46703325372774884,0.0,1.0,2
0.5652610441767069,0.0,1.0,0.5650926167492825,0.0,1.0,2
0.6593875502008033,0.0,1.0,0.6592165205001103,0.0,1.0,2
0.7535140562248996,0.0,1.0,0.7533404242509382,0.0,1.0,2
0.8514056224899599,0.0,1.0,0.8513857392281603,0.0,1.0,2
0.9495481927710844,0.0,1.0,0.9494310542053823,0.0,1.0,2
0.04367469879518071,0.0,1.0,0.04349274518854479,0.0,1.0,2
0.141566265060241,0.0,1.0,0.14153806016576687,0.0,1.0,2
0.2397088353413655,0.0,1.0,0.239583375142989,0.0,1.0,2
0.3376004016064257,0.0,1.0,0.337628690120211,0.0,1.0,2
0.43574297188755023,0.0,1.0,0.43567400509743315,0.0,1.0,2
0.5338855421686747,0.0,1.0,0.5337333681189668,0.0,1.0,2
0.6280120481927711,0.0,1.0,0.6278572718697946,0.0,1.0,2
0.7221385542168675,0.0,1.0,0.7219811756206225,0.0,1.0,2
0.8200301204819278,0.0,1.0,0.8200264905978445,0.0,1.0,2
0.9181726907630523,0.0,1.0,0.9180718055750667,0.0,1.0,2
0.01229919678714858,0.0,1.0,0.012133496558229095,0.0,1.0,2
0.11019076305220887,0.0,1.0,0.11017881153545123,0.0,1.0,2
0.20833333333333337,0.0,1.0,0.2082241265126733,0.0,1.0,2
0.3062248995983936,0.0,1.0,0.30626944148989543,0.0,1.0,2
0.4043674698795181,0.0,1.0,0.40431475646711745,0.0,1.0,2
0.5025100401606426,0.0,1.0,0.5023741194886511,0.0,1.0,2
0.5966365461847389,0.0,1.0,0.596498023239479,0.0,1.0,2
0.6907630522088354,0.0,1.0,0.6906219269903068,0.0,1.0,2
0.7848895582329318,0.0,1.0,0.7847458307411346,0.0,1.0,2
0.882781124497992,0.0,1.0,0.8827911457183567,0.0,1.0,2
0.9809236947791165,0.0,1.0,0.9808364606955788,0.0,1.0,2
0.07505020080321284,0.0,1.0,0.07489815167874125,0.0,1.0,2
0.17294176706827313,0.0,1.0,0.17294346665596333,0.0,1.0,2
0.27108433734939763,0.0,1.0,0.27098878163318546,0.0,1.0,2
0.3692269076305221,0.0,1.0,0.36903409661040754,0.0,1.0,2
0.46711847389558236,0.0,1.0,0.4670794115876296,0.0,1.0,2
0.5652610441767069,0.0,1.0,0.5651387746091633,0.0,1.0,2
0.6593875502008033,0.0,1.0,0.6592626783599911,0.0,1.0,2
0.7535140562248996,0.0,1.0,0.753386582110819,0.0,1.0,2
0.8514056224899599,0.0,1.0,0.851431897088041,0.0,1.0,2
0.9495481927710844,0.0,1.0,0.9494772120652631,0.0,1.0,2
0.04367469879518071,0.0,1.0,0.04353890304842556,0.0,1.0,2
0.141566265060241,0.0,1.0,0.1415842180256477,0.0,1.0,2
0.2397088353413655,0.0,1.0,0.23962953300286977,0.0,1.0,2
0.33785140562248994,0.0,1.0,0.33767484798009184,0.0,1.0,2
0.43574297188755023,0.0,1.0,0.435720162957314,0.0,1.0,2
0.5338855421686747,0.0,1.0,0.5337795259788476,0.0,1.0,2
0.6280120481927711,0.0,1.0,0.6279034297296754,0.0,1.0,2
0.7221385542168675,0.0,1.0,0.7220273334805032,0.0,1.0,2
0.820281124497992,0.0,1.0,0.8200726484577253,0.0,1.0,2
0.9181726907630523,0.0,1.0,0.9181179634349474,0.0,1.0,2
0.01229919678714858,0.0,1.0,0.012179654418109864,0.0,1.0,2
0.11019076305220887,0.0,1.0,0.110224969395332,0.0,1.0,2
0.20833333333333337,0.0,1.0,0.20827028437255407,0.0,1.0,2
0.30647590361445787,0.0,1.0,0.30631559934977615,0.0,1.0,2
0.4043674698795181,0.0,1.0,0.4043609143269983,0.0,1.0,2
0.5025100401606426,0.0,1.0,0.5024202773485319,0.0,1.0,2
0.5966365461847389,0.0,1.0,0.5965441810993597,0.0,1.0,2
0.6907630522088354,0.0,1.0,0.6906680848501876,0.0,1.0,2
0.7848895582329318,0.0,1.0,0.7847919886010154,0.0,1.0,2
0.8830321285140563,0.0,1.0,0.8828373035782375,0.0,1.0,2
0.9809236947791165,0.0,1.0,0.9808806116919866,0.0,1.0,2
0.07505020080321284,0.0,1.0,0.07494430953862202,0.0,1.0,2
0.17294176706827313,0.0,1.0,0.17298962451584415,0.0,1.0,2
0.27108433734939763,0.0,1.0,0.27103493949306623,0.0,1.0,2
0.3692269076305221,0.0,1.0,0.36908025447028836,0.0,1.0,2
0.46711847389558236,0.0,1.0,0.4671235625840373,0.0,1.0,2
0.5652610441767069,0.0,1.0,0.5651849324690441,0.0,1.0,2
0.6593875502008033,0.0,1.0,0.6593088362198719,0.0,1.0,2
0.7535140562248996,0.0,1.0,0.7534327399706997,0.0,1.0,2
0.8516566265060241,0.0,1.0,0.8514780549479217,0.0,1.0,2
0.9495481927710844,0.0,1.0,0.949523369925144,0.0,1.0,2
0.04367469879518071,0.0,1.0,0.04358506090830633,0.0,1.0,2
0.1418172690763052,0.0,1.0,0.14163037588552846,0.0,1.0,2
0.2397088353413655,0.0,1.0,0.23967569086275053,0.0,1.0,2
0.33785140562248994,0.0,1.0,0.33772100583997267,0.0,1.0,2
0.43574297188755023,0.0,1.0,0.43576632081719474,0.0,1.0,2
0.5338855421686747,0.0,1.0,0.5338256838387284,0.0,1.0,2
0.6280120481927711,0.0,1.0,0.6279495875895562,0.0,1.0,2
0.7221385542168675,0.0,1.0,0.722073491340384,0.0,1.0,2
0.820281124497992,0.0,1.0,0.8201188063176061,0.0,1.0,2
0.9181726907630523,0.0,1.0,0.9181641212948282,0.0,1.0,2
0.01229919678714858,0.0,1.0,0.012225812277990689,0.0,1.0,2
0.11044176706827308,0.0,1.0,0.11027112725521276,0.0,1.0,2
0.20833333333333337,0.0,1.0,0.20831644223243484,0.0,1.0,2
0.30647590361445787,0.0,1.0,0.30636175720965697,0.0,1.0,2
0.4043674698795181,0.0,1.0,0.40440707218687905,0.0,1.0,2
0.5025100401606426,0.0,1.0,0.5024664352084127,0.0,1.0,2
0.5966365461847389,0.0,1.0,0.5965903389592405,0.0,1.0,2
0.6907630522088354,0.0,1.0,0.6907142427100683,0.0,1.0,2
0.7848895582329318,0.0,1.0,0.784836139597423,0.0,1.0,2
0.8830321285140563,0.0,1.0,0.8828814545746453,0.0,1.0,2
0.9809236947791165,0.0,1.0,0.9809267695518673,0.0,1.0,2
0.07505020080321284,0.0,1.0,0.07499046739850279,0.0,1.0,2
0.17319277108433734,0.0,1.0,0.17303578237572492,0.0,1.0,2
0.27108433734939763,0.0,1.0,0.27107909048947393,0.0,1.0,2
0.3692269076305221,0.0,1.0,0.369124405466696,0.0,1.0,2
0.4673694779116466,0.0,1.0,0.46716972044391814,0.0,1.0,2
0.5652610441767069,0.0,1.0,0.5652310903289248,0.0,1.0,2
0.6593875502008033,0.0,1.0,0.6593549940797527,0.0,1.0,2
0.7535140562248996,0.0,1.0,0.7534788978305804,0.0,1.0,2
0.8516566265060241,0.0,1.0,0.8515222059443295,0.0,1.0,2
0.9495481927710844,0.0,1.0,0.9495675209215516,0.0,1.0,2
0.04367469879518071,0.0,1.0,0.0436312187681871,0.0,1.0,2
0.1418172690763052,0.0,1.0,0.14167653374540923,0.0,1.0,2
0.2397088353413655,0.0,1.0,0.2397218487226313,0.0,1.0,2
0.33785140562248994,0.0,1.0,0.3377651568363803,0.0,1.0,2
0.4359939759036145,0.0,1.0,0.43581047181360244,0.0,1.0,2
0.5338855421686747,0.0,1.0,0.5338718416986091,0.0,1.0,2
0.6280120481927711,0.0,1.0,0.627995745449437,0.0,1.0,2
0.7221385542168675,0.0,1.0,0.7221196492002648,0.0,1.0,2
0.820281124497992,0.0,1.0,0.820164964177487,0.0,1.0,2
0.9184236947791165,0.0,1.0,0.9182082722912359,0.0,1.0,2
0.01229919678714858,0.0,1.0,0.012271970137871513,0.0,1.0,2
0.11044176706827308,0.0,1.0,0.11031728511509359,0.0,1.0,2
0.20833333333333337,0.0,1.0,0.20836260009231566,0.0,1.0,2
0.30647590361445787,0.0,1.0,0.30640791506953774,0.0,1.0,2
0.40461847389558236,0.0,1.0,0.40445122318328675,0.0,1.0,2
0.5025100401606426,0.0,1.0,0.5025125930682935,0.0,1.0,2
0.5966365461847389,0.0,1.0,0.5966364968191213,0.0,1.0,2
0.6907630522088354,0.0,1.0,0.6907604005699491,0.0,1.0,2
0.7848895582329318,0.0,1.0,0.7848822974573039,0.0,1.0,2
0.8830321285140563,0.0,1.0,0.882927612434526,0.0,1.0,2
0.9811746987951808,0.0,1.0,0.980972927411748,0.0,1.0,2
0.07505020080321284,0.0,1.0,0.07503461839491055,0.0,1.0,2
0.17319277108433734,0.0,1.0,0.17307993337213262,0.0,1.0,2
0.27108433734939763,0.0,1.0,0.27112524834935475,0.0,1.0,2
0.3692269076305221,0.0,1.0,0.36917056332657683,0.0,1.0,2
0.4673694779116466,0.0,1.0,0.46721587830379896,0.0,1.0,2
0.5652610441767069,0.0,1.0,0.5652772481888056,0.0,1.0,2
0.6593875502008033,0.0,1.0,0.6594011519396334,0.0,1.0,2
0.7535140562248996,0.0,1.0,0.7535230488269882,0.0,1.0,2
0.8516566265060241,0.0,1.0,0.8515683638042103,0.0,1.0,2
0.9497991967871486,0.0,1.0,0.9496136787814324,0.0,1.0,2
0.04367469879518071,0.0,1.0,0.04367536976459485,0.0,1.0,2
0.1418172690763052,0.0,1.0,0.14172068474181693,0.0,1.0,2
0.2399598393574297,0.0,1.0,0.23976599971903906,0.0,1.0,2
0.33785140562248994,0.0,1.0,0.33781131469626113,0.0,1.0,2
0.4359939759036145,0.0,1.0,0.43585662967348326,0.0,1.0,2
0.5338855421686747,0.0,1.0,0.53391799955849,0.0,1.0,2
0.6280120481927711,0.0,1.0,0.6280419033093179,0.0,1.0,2
0.7221385542168675,0.0,1.0,0.7221638001966726,0.0,1.0,2
0.820281124497992,0.0,1.0,0.8202091151738946,0.0,1.0,2
0.9184236947791165,0.0,1.0,0.9182544301511167,0.0,1.0,2
0.01229919678714858,0.0,1.0,0.012318127997752282,0.0,1.0,2
0.11044176706827308,0.0,1.0,0.11036143611150129,0.0,1.0,2
0.20858433734939757,0.0,1.0,0.20840675108872342,0.0,1.0,2
0.30647590361445787,0.0,1.0,0.30645206606594544,0.0,1.0,2
0.40461847389558236,0.0,1.0,0.40449738104316757,0.0,1.0,2
0.5027610441767069,0.0,1.0,0.5025587509281743,0.0,1.0,2
0.5968875502008032,0.0,1.0,0.5966826546790021,0.0,1.0,2
0.6910140562248996,0.0,1.0,0.69080655842983,0.0,1.0,2
0.785140562248996,0.0,1.0,0.7849284553171847,0.0,1.0,2
0.8830321285140563,0.0,1.0,0.8829737702944068,0.0,1.0,2
0.9811746987951808,0.0,1.0,0.981019085271629,0.0,1.0,2
0.07505020080321284,0.0,1.0,0.07508077625479137,0.0,1.0,2
0.17319277108433734,0.0,1.0,0.17312609123201345,0.0,1.0,2
0.2713353413654619,0.0,1.0,0.2711714062092355,0.0,1.0,2
0.3692269076305221,0.0,1.0,0.36921672118645765,0.0,1.0,2
0.4673694779116466,0.0,1.0,0.46726203616367973,0.0,1.0,2
0.5655120481927711,0.0,1.0,0.5653234060486865,0.0,1.0,2
0.6596385542168675,0.0,1.0,0.6594473097995143,0.0,1.0,2
0.7537650602409638,0.0,1.0,0.753569206686869,0.0,1.0,2
0.8516566265060241,0.0,1.0,0.8516145216640911,0.0,1.0,2
0.9497991967871486,0.0,1.0,0.9496598366413131,0.0,1.0,2
0.04367469879518071,0.0,1.0,0.043721527624475676,0.0,1.0,2
0.1418172690763052,0.0,1.0,0.14176684260169775,0.0,1.0,2
0.2399598393574297,0.0,1.0,0.23981215757891988,0.0,1.0,2
0.33785140562248994,0.0,1.0,0.33785747255614196,0.0,1.0,2
0.4359939759036145,0.0,1.0,0.43590278753336403,0.0,1.0,2
0.5341365461847389,0.0,1.0,0.5339641574183708,0.0,1.0,2
0.6282630522088354,0.0,1.0,0.6280880611691986,0.0,1.0,2
0.7223895582329318,0.0,1.0,0.7222099580565533,0.0,1.0,2
0.820281124497992,0.0,1.0,0.8202552730337754,0.0,1.0,2
0.9184236947791165,0.0,1.0,0.9183005880109976,0.0,1.0,2
0.01229919678714858,0.0,1.0,0.012362278994159981,0.0,1.0,2
0.11044176706827308,0.0,1.0,0.11040759397138206,0.0,1.0,2
0.20858433734939757,0.0,1.0,0.2084529089486042,0.0,1.0,2
0.30647590361445787,0.0,1.0,0.30649822392582626,0.0,1.0,2
0.40461847389558236,0.0,1.0,0.4045435389030484,0.0,1.0,2
0.5027610441767069,0.0,1.0,0.5026049087880551,0.0,1.0,2
0.5968875502008032,0.0,1.0,0.5967288125388829,0.0,1.0,2
0.6910140562248996,0.0,1.0,0.6908507094262377,0.0,1.0,2
0.785140562248996,0.0,1.0,0.7849746131770655,0.0,1.0,2
0.8830321285140563,0.0,1.0,0.8830199281542876,0.0,1.0,2
0.9811746987951808,0.0,1.0,0.9810652431315097,0.0,1.0,2
0.0753012048192771,0.0,1.0,0.07512693411467214,0.0,1.0,2
0.17319277108433734,0.0,1.0,0.17317224909189421,0.0,1.0,2
0.2713353413654619,0.0,1.0,0.27121756406911635,0.0,1.0,2
0.3692269076305221,0.0,1.0,0.3692628790463384,0.0,1.0,2
0.4673694779116466,0.0,1.0,0.4673081940235605,0.0,1.0,2
0.5655120481927711,0.0,1.0,0.5653695639085672,0.0,1.0,2
0.6596385542168675,0.0,1.0,0.6594914607959219,0.0,1.0,2
0.7537650602409638,0.0,1.0,0.7536153645467498,0.0,1.0,2
0.8516566265060241,0.0,1.0,0.8516606795239718,0.0,1.0,2
0.9497991967871486,0.0,1.0,0.9497059945011941,0.0,1.0,2
0.04392570281124497,0.0,1.0,0.043767685484356444,0.0,1.0,2
0.1418172690763052,0.0,1.0,0.14181300046157852,0.0,1.0,2
0.2399598393574297,0.0,1.0,0.23985831543880065,0.0,1.0,2
0.33785140562248994,0.0,1.0,0.3379036304160227,0.0,1.0,2
0.4359939759036145,0.0,1.0,0.4359489453932448,0.0,1.0,2
0.5341365461847389,0.0,1.0,0.5340103152782516,0.0,1.0,2
0.6282630522088354,0.0,1.0,0.6281322121656063,0.0,1.0,2
0.7223895582329318,0.0,1.0,0.7222561159164341,0.0,1.0,2
0.820281124497992,0.0,1.0,0.8203014308936563,0.0,1.0,2
0.9184236947791165,0.0,1.0,0.9183467458708783,0.0,1.0,2
0.012550200803212841,0.0,1.0,0.01240843685404075,0.0,1.0,2
0.11044176706827308,0.0,1.0,0.11045375183126288,0.0,1.0,2
0.20858433734939757,0.0,1.0,0.20849906680848496,0.0,1.0,2
0.3067269076305221,0.0,1.0,0.3065443817857071,0.0,1.0,2
0.40461847389558236,0.0,1.0,0.40458969676292916,0.0,1.0,2
0.5027610441767069,0.0,1.0,0.5026510666479359,0.0,1.0,2
0.5968875502008032,0.0,1.0,0.5967749703987637,0.0,1.0,2
0.6910140562248996,0.0,1.0,0.6908968672861184,0.0,1.0,2
0.785140562248996,0.0,1.0,0.7850207710369463,0.0,1.0,2
0.8830321285140563,0.0,1.0,0.8830660860141684,0.0,1.0,2
0.9811746987951808,0.0,1.0,0.9811114009913904,0.0,1.0,2
0.0753012048192771,0.0,1.0,0.07517309197455291,0.0,1.0,2
0.17319277108433734,0.0,1.0,0.17321840695177498,0.0,1.0,2
0.2713353413654619,0.0,1.0,0.2712637219289971,0.0,1.0,2
0.3694779116465864,0.0,1.0,0.3693090369062192,0.0,1.0,2
0.4673694779116466,0.0,1.0,0.4673543518834413,0.0,1.0,2
0.5655120481927711,0.0,1.0,0.565415721768448,0.0,1.0,2
0.6596385542168675,0.0,1.0,0.6595376186558028,0.0,1.0,2
0.7537650602409638,0.0,1.0,0.7536615224066305,0.0,1.0,2
0.8519076305220884,0.0,1.0,0.8517068373838527,0.0,1.0,2
0.9497991967871486,0.0,1.0,0.9497521523610748,0.0,1.0,2
0.04392570281124497,0.0,1.0,0.04381384334423721,0.0,1.0,2
0.1418172690763052,0.0,1.0,0.14185915832145934,0.0,1.0,2
0.2399598393574297,0.0,1.0,0.23990447329868142,0.0,1.0,2
0.3381024096385542,0.0,1.0,0.33794978827590355,0.0,1.0,2
0.4359939759036145,0.0,1.0,0.4359951032531256,0.0,1.0,2
0.5341365461847389,0.0,1.0,0.5340564731381323,0.0,1.0,2
0.6282630522088354,0.0,1.0,0.628178370025487,0.0,1.0,2
0.7223895582329318,0.0,1.0,0.722302273776315,0.0,1.0,2
0.8205321285140563,0.0,1.0,0.820347588753537,0.0,1.0,2
0.9184236947791165,0.0,1.0,0.9183929037307591,0.0,1.0,2
0.012550200803212841,0.0,1.0,0.012454594713921519,0.0,1.0,2
0.11044176706827308,0.0,1.0,0.11049990969114365,0.0,1.0,2
0.20858433734939757,0.0,1.0,0.20854522466836573,0.0,1.0,2
0.3067269076305221,0.0,1.0,0.30659053964558786,0.0,1.0,2
0.40461847389558236,0.0,1.0,0.40463585462280993,0.0,1.0,2
0.5027610441767069,0.0,1.0,0.5026972245078166,0.0,1.0,2
0.5968875502008032,0.0,1.0,0.5968191213951715,0.0,1.0,2
0.6910140562248996,0.0,1.0,0.6909430251459993,0.0,1.0,2
0.785140562248996,0.0,1.0,0.785066928896827,0.0,1.0,2
0.8832831325301205,0.0,1.0,0.8831122438740491,0.0,1.0,2
0.9811746987951808,0.0,1.0,0.9811575588512713,0.0,1.0,2
0.0753012048192771,0.0,1.0,0.07521924983443368,0.0,1.0,2
0.17344377510040165,0.0,1.0,0.1732645648116558,0.0,1.0,2
0.2713353413654619,0.0,1.0,0.2713098797888779,0.0,1.0,2
0.3694779116465864,0.0,1.0,0.3693551947661,0.0,1.0,2
0.4673694779116466,0.0,1.0,0.4674005097433221,0.0,1.0,2
0.5655120481927711,0.0,1.0,0.5654598727648558,0.0,1.0,2
0.6596385542168675,0.0,1.0,0.6595837765156836,0.0,1.0,2
0.7537650602409638,0.0,1.0,0.7537076802665115,0.0,1.0,2
0.8519076305220884,0.0,1.0,0.8517529952437335,0.0,1.0,2
0.9497991967871486,0.0,1.0,0.9497983102209556,0.0,1.0,2
0.04392570281124497,0.0,1.0,0.04386000120411804,0.0,1.0,2
0.14206827309236952,0.0,1.0,0.14190531618134017,0.0,1.0,2
0.2399598393574297,0.0,1.0,0.23995063115856224,0.0,1.0,2
0.3381024096385542,0.0,1.0,0.3379959461357843,0.0,1.0,2
0.4359939759036145,0.0,1.0,0.43604126111300645,0.0,1.0,2
0.5341365461847389,0.0,1.0,0.5341026309980131,0.0,1.0,2
0.6282630522088354,0.0,1.0,0.6282245278853679,0.0,1.0,2
0.7223895582329318,0.0,1.0,0.7223484316361957,0.0,1.0,2
0.8205321285140563,0.0,1.0,0.8203937466134179,0.0,1.0,2
0.9184236947791165,0.0,1.0,0.9184390615906399,0.0,1.0,2
0.012550200803212841,0.0,1.0,0.012500752573802398,0.0,1.0,2
0.1106927710843374,0.0,1.0,0.11054606755102447,0.0,1.0,2
0.20858433734939757,0.0,1.0,0.20859138252824655,0.0,1.0,2
0.3067269076305221,0.0,1.0,0.3066366975054686,0.0,1.0,2
0.4048694779116466,0.0,1.0,0.40468201248269076,0.0,1.0,2
0.5027610441767069,0.0,1.0,0.5027433823676974,0.0,1.0,2
0.5968875502008032,0.0,1.0,0.5968652792550522,0.0,1.0,2
0.6910140562248996,0.0,1.0,0.6909891830058801,0.0,1.0,2
0.785140562248996,0.0,1.0,0.7851130867567079,0.0,1.0,2
0.8832831325301205,0.0,1.0,0.88315840173393,0.0,1.0,2
0.9811746987951808,0.0,1.0,0.981203716711152,0.0,1.0,2
0.0753012048192771,0.0,1.0,0.0752654076943145,0.0,1.0,2
0.17344377510040165,0.0,1.0,0.17331072267153663,0.0,1.0,2
0.2713353413654619,0.0,1.0,0.2713560376487587,0.0,1.0,2
0.3694779116465864,0.0,1.0,0.36940135262598084,0.0,1.0,2
0.4676204819277109,0.0,1.0,0.46744666760320286,0.0,1.0,2
0.5655120481927711,0.0,1.0,0.5655060306247366,0.0,1.0,2
0.6596385542168675,0.0,1.0,0.6596299343755644,0.0,1.0,2
0.7537650602409638,0.0,1.0,0.7537538381263922,0.0,1.0,2
0.8519076305220884,0.0,1.0,0.8517991531036143,0.0,1.0,2
0.9500502008032129,0.0,1.0,0.9498444680808364,0.0,1.0,2
0.04392570281124497,0.0,1.0,0.043906159063998806,0.0,1.0,2
0.14206827309236952,0.0,1.0,0.14195147404122094,0.0,1.0,2
0.2399598393574297,0.0,1.0,0.239996789018443,0.0,1.0,2
0.3381024096385542,0.0,1.0,0.33804210399566514,0.0,1.0,2
0.4362449799196787,0.0,1.0,0.4360874189728872,0.0,1.0,2
0.5341365461847389,0.0,1.0,0.5341467819944209,0.0,1.0,2
0.6282630522088354,0.0,1.0,0.6282706857452487,0.0,1.0,2
0.7223895582329318,0.0,1.0,0.7223945894960765,0.0,1.0,2
0.8205321285140563,0.0,1.0,0.8204399044732986,0.0,1.0,2
0.9186746987951808,0.0,1.0,0.9184852194505206,0.0,1.0,2
0.012550200803212841,0.0,1.0,0.012546910433683167,0.0,1.0,2
0.1106927710843374,0.0,1.0,0.11059222541090524,0.0,1.0,2
0.20858433734939757,0.0,1.0,0.20863754038812732,0.0,1.0,2
0.3067269076305221,0.0,1.0,0.30668285536534945,0.0,1.0,2
0.4048694779116466,0.0,1.0,0.4047281703425715,0.0,1.0,2
0.5027610441767069,0.0,1.0,0.5027875333641052,0.0,1.0,2
0.5968875502008032,0.0,1.0,0.596911437114933,0.0,1.0,2
0.6910140562248996,0.0,1.0,0.6910353408657608,0.0,1.0,2
0.785140562248996,0.0,1.0,0.7851592446165887,0.0,1.0,2
0.8832831325301205,0.0,1.0,0.8832045595938107,0.0,1.0,2
0.981425702811245,0.0,1.0,0.9812498745710329,0.0,1.0,2
0.0753012048192771,0.0,1.0,0.07531156555419527,0.0,1.0,2
0.17344377510040165,0.0,1.0,0.1733568805314174,0.0,1.0,2
0.2715863453815261,0.0,1.0,0.2714021955086395,0.0,1.0,2
0.3694779116465864,0.0,1.0,0.36944751048586155,0.0,1.0,2
0.4676204819277109,0.0,1.0,0.4674928254630837,0.0,1.0,2
0.5655120481927711,0.0,1.0,0.5655521884846173,0.0,1.0,2
0.6596385542168675,0.0,1.0,0.6596760922354451,0.0,1.0,2
0.7537650602409638,0.0,1.0,0.753799995986273,0.0,1.0,2
0.8519076305220884,0.0,1.0,0.8518453109634951,0.0,1.0,2
0.9500502008032129,0.0,1.0,0.9498906259407172,0.0,1.0,2
0.04392570281124497,0.0,1.0,0.04395231692387963,0.0,1.0,2
0.14206827309236952,0.0,1.0,0.1419976319011017,0.0,1.0,2
0.24021084337349402,0.0,1.0,0.24004294687832378,0.0,1.0,2
0.3381024096385542,0.0,1.0,0.33808826185554586,0.0,1.0,2
0.4362449799196787,0.0,1.0,0.436133576832768,0.0,1.0,2
0.5343875502008032,0.0,1.0,0.5341929398543016,0.0,1.0,2
0.6285140562248996,0.0,1.0,0.6283168436051294,0.0,1.0,2
0.722640562248996,0.0,1.0,0.7224407473559573,0.0,1.0,2
0.8205321285140563,0.0,1.0,0.8204860623331793,0.0,1.0,2
0.9186746987951808,0.0,1.0,0.9185313773104015,0.0,1.0,2
0.012550200803212841,0.0,1.0,0.012593068293563936,0.0,1.0,2
0.1106927710843374,0.0,1.0,0.11063838327078601,0.0,1.0,2
0.2088353413654619,0.0,1.0,0.2086836982480081,0.0,1.0,2
0.3067269076305221,0.0,1.0,0.3067290132252303,0.0,1.0,2
0.4048694779116466,0.0,1.0,0.4047743282024523,0.0,1.0,2
0.5030120481927711,0.0,1.0,0.5028336912239859,0.0,1.0,2
0.5971385542168675,0.0,1.0,0.5969575949748138,0.0,1.0,2
0.6912650602409639,0.0,1.0,0.6910814987256416,0.0,1.0,2
0.7853915662650603,0.0,1.0,0.7852054024764694,0.0,1.0,2
0.8832831325301205,0.0,1.0,0.8832507174536915,0.0,1.0,2
0.981425702811245,0.0,1.0,0.9812960324309137,0.0,1.0,2
0.0753012048192771,0.0,1.0,0.0753577234140761,0.0,1.0,2
0.17344377510040165,0.0,1.0,0.17340303839129817,0.0,1.0,2
0.2715863453815261,0.0,1.0,0.2714483533685203,0.0,1.0,2
0.3694779116465864,0.0,1.0,0.3694936683457424,0.0,1.0,2
0.4676204819277109,0.0,1.0,0.46753898332296445,0.0,1.0,2
0.5657630522088354,0.0,1.0,0.5655983463444981,0.0,1.0,2
0.6598895582329318,0.0,1.0,0.6597222500953259,0.0,1.0,2
0.7540160642570282,0.0,1.0,0.7538461538461538,0.0,1.0,2
0.8519076305220884,0.0,1.0,0.8518914688233759,0.0,1.0,2
0.9500502008032129,0.0,1.0,0.9499367838005979,0.0,1.0,2
0.04417670682730923,0.0,1.0,0.0439984747837604,0.0,1.0,2
0.14206827309236952,0.0,1.0,0.14204378976098248,0.0,1.0,2
0.24021084337349402,0.0,1.0,0.24008910473820455,0.0,1.0,2
0.3381024096385542,0.0,1.0,0.3381344197154267,0.0,1.0,2
0.4362449799196787,0.0,1.0,0.4361797346926488,0.0,1.0,2
0.5343875502008032,0.0,1.0,0.5342390977141824,0.0,1.0,2
0.6285140562248996,0.0,1.0,0.6283630014650102,0.0,1.0,2
0.722640562248996,0.0,1.0,0.722486905215838,0.0,1.0,2
0.8205321285140563,0.0,1.0,0.8205322201930603,0.0,1.0,2
0.9186746987951808,0.0,1.0,0.9185775351702823,0.0,1.0,2
0.012801204819277101,0.0,1.0,0.01263922615344476,0.0,1.0,2
0.1106927710843374,0.0,1.0,0.11068454113066684,0.0,1.0,2
0.2088353413654619,0.0,1.0,0.20872985610788897,0.0,1.0,2
0.3067269076305221,0.0,1.0,0.306775171085111,0.0,1.0,2
0.4048694779116466,0.0,1.0,0.4048204860623331,0.0,1.0,2
0.5030120481927711,0.0,1.0,0.5028798490838667,0.0,1.0,2
0.5971385542168675,0.0,1.0,0.5970037528346945,0.0,1.0,2
0.6912650602409639,0.0,1.0,0.6911276565855224,0.0,1.0,2
0.7853915662650603,0.0,1.0,0.7852515603363502,0.0,1.0,2
0.8832831325301205,0.0,1.0,0.8832968753135724,0.0,1.0,2
0.981425702811245,0.0,1.0,0.9813401834273213,0.0,1.0,2
0.07555220883534136,0.0,1.0,0.07540388127395692,0.0,1.0,2
0.17344377510040165,0.0,1.0,0.173449196251179,0.0,1.0,2
0.2715863453815261,0.0,1.0,0.27149451122840107,0.0,1.0,2
0.36972891566265065,0.0,1.0,0.3695398262056232,0.0,1.0,2
0.4676204819277109,0.0,1.0,0.4675831343193722,0.0,1.0,2
0.5657630522088354,0.0,1.0,0.565644504204379,0.0,1.0,2
0.6598895582329318,0.0,1.0,0.6597684079552067,0.0,1.0,2
0.7540160642570282,0.0,1.0,0.7538923117060345,0.0,1.0,2
0.8519076305220884,0.0,1.0,0.8519376266832567,0.0,1.0,2
0.9500502008032129,0.0,1.0,0.9499829416604788,0.0,1.0,2
0.04417670682730923,0.0,1.0,0.044044632643641224,0.0,1.0,2
0.14206827309236952,0.0,1.0,0.1420899476208633,0.0,1.0,2
0.24021084337349402,0.0,1.0,0.24013526259808543,0.0,1.0,2
0.33835341365461846,0.0,1.0,0.3381805775753075,0.0,1.0,2
0.4362449799196787,0.0,1.0,0.4362258925525296,0.0,1.0,2
0.5343875502008032,0.0,1.0,0.5342852555740633,0.0,1.0,2
0.6285140562248996,0.0,1.0,0.628409159324891,0.0,1.0,2
0.722640562248996,0.0,1.0,0.722533063075719,0.0,1.0,2
0.8207831325301205,0.0,1.0,0.820578378052941,0.0,1.0,2
0.9186746987951808,0.0,1.0,0.918623693030163,0.0,1.0,2
0.012801204819277101,0.0,1.0,0.012685384013325529,0.0,1.0,2
0.1106927710843374,0.0,1.0,0.1107306989905476,0.0,1.0,2
0.2088353413654619,0.0,1.0,0.20877601396776974,0.0,1.0,2
0.3069779116465864,0.0,1.0,0.3068213289449918,0.0,1.0,2
0.4048694779116466,0.0,1.0,0.40486664392221394,0.0,1.0,2
0.5030120481927711,0.0,1.0,0.5029260069437476,0.0,1.0,2
0.5971385542168675,0.0,1.0,0.5970499106945754,0.0,1.0,2
0.6912650602409639,0.0,1.0,0.6911738144454032,0.0,1.0,2
0.7853915662650603,0.0,1.0,0.785295711332758,0.0,1.0,2
0.8835341365461848,0.0,1.0,0.8833410263099801,0.0,1.0,2
0.981425702811245,0.0,1.0,0.9813863412872021,0.0,1.0,2
0.07555220883534136,0.0,1.0,0.07545003913383769,0.0,1.0,2
0.17344377510040165,0.0,1.0,0.17349535411105976,0.0,1.0,2
0.2715863453815261,0.0,1.0,0.27153866222480877,0.0,1.0,2
0.36972891566265065,0.0,1.0,0.36958397720203084,0.0,1.0,2
0.4676204819277109,0.0,1.0,0.467629292179253,0.0,1.0,2
0.5657630522088354,0.0,1.0,0.5656906620642597,0.0,1.0,2
0.6598895582329318,0.0,1.0,0.6598145658150876,0.0,1.0,2
0.7540160642570282,0.0,1.0,0.7539384695659154,0.0,1.0,2
0.8521586345381527,0.0,1.0,0.8519817776796643,0.0,1.0,2
0.9500502008032129,0.0,1.0,0.9500270926568866,0.0,1.0,2
0.04417670682730923,0.0,1.0,0.04409079050352199,0.0,1.0,2
0.14231927710843373,0.0,1.0,0.14213610548074407,0.0,1.0,2
0.24021084337349402,0.0,1.0,0.2401814204579662,0.0,1.0,2
0.33835341365461846,0.0,1.0,0.3382247285717152,0.0,1.0,2
0.4362449799196787,0.0,1.0,0.4362700435489373,0.0,1.0,2
0.5343875502008032,0.0,1.0,0.5343314134339441,0.0,1.0,2
0.6285140562248996,0.0,1.0,0.6284553171847719,0.0,1.0,2
0.722640562248996,0.0,1.0,0.7225792209355997,0.0,1.0,2
0.8207831325301205,0.0,1.0,0.8206245359128217,0.0,1.0,2
0.9186746987951808,0.0,1.0,0.9186678440265708,0.0,1.0,2
0.012801204819277101,0.0,1.0,0.012731541873206298,0.0,1.0,2
0.1109437751004016,0.0,1.0,0.11077685685042843,0.0,1.0,2
0.2088353413654619,0.0,1.0,0.2088221718276505,0.0,1.0,2
0.3069779116465864,0.0,1.0,0.30686748680487264,0.0,1.0,2
0.4048694779116466,0.0,1.0,0.40491079491862164,0.0,1.0,2
0.5030120481927711,0.0,1.0,0.5029721648036284,0.0,1.0,2
0.5971385542168675,0.0,1.0,0.5970960685544562,0.0,1.0,2
0.6912650602409639,0.0,1.0,0.691219972305284,0.0,1.0,2
0.7853915662650603,0.0,1.0,0.7853418691926388,0.0,1.0,2
0.8835341365461848,0.0,1.0,0.8833871841698608,0.0,1.0,2
0.981425702811245,0.0,1.0,0.981432499147083,0.0,1.0,2
0.07555220883534136,0.0,1.0,0.07549419013024539,0.0,1.0,2
0.17369477911646586,0.0,1.0,0.17353950510746752,0.0,1.0,2
0.2715863453815261,0.0,1.0,0.2715848200846896,0.0,1.0,2
0.36972891566265065,0.0,1.0,0.36963013506191167,0.0,1.0,2
0.46787148594377514,0.0,1.0,0.4676754500391338,0.0,1.0,2
0.5657630522088354,0.0,1.0,0.5657368199241405,0.0,1.0,2
0.6598895582329318,0.0,1.0,0.6598607236749683,0.0,1.0,2
0.7540160642570282,0.0,1.0,0.753982620562323,0.0,1.0,2
0.8521586345381527,0.0,1.0,0.8520279355395451,0.0,1.0,2
0.9500502008032129,0.0,1.0,0.9500732505167673,0.0,1.0,2
0.04417670682730923,0.0,1.0,0.04413494149992969,0.0,1.0,2
0.14231927710843373,0.0,1.0,0.14218025647715182,0.0,1.0,2
0.24021084337349402,0.0,1.0,0.2402255714543739,0.0,1.0,2
0.33835341365461846,0.0,1.0,0.338270886431596,0.0,1.0,2
0.43649598393574296,0.0,1.0,0.4363162014088181,0.0,1.0,2
0.5343875502008032,0.0,1.0,0.5343775712938248,0.0,1.0,2
0.6285140562248996,0.0,1.0,0.6285014750446527,0.0,1.0,2
0.722640562248996,0.0,1.0,0.7226233719320074,0.0,1.0,2
0.8207831325301205,0.0,1.0,0.8206686869092295,0.0,1.0,2
0.918925702811245,0.0,1.0,0.9187140018864516,0.0,1.0,2
0.012801204819277101,0.0,1.0,0.012777699733087067,0.0,1.0,2
0.1109437751004016,0.0,1.0,0.1108230147103092,0.0,1.0,2
0.2088353413654619,0.0,1.0,0.2088663228240582,0.0,1.0,2
0.3069779116465864,0.0,1.0,0.3069116378012803,0.0,1.0,2
0.4051204819277109,0.0,1.0,0.4049569527785024,0.0,1.0,2
0.5030120481927711,0.0,1.0,0.5030183226635091,0.0,1.0,2
0.5971385542168675,0.0,1.0,0.597142226414337,0.0,1.0,2
0.6912650602409639,0.0,1.0,0.6912661301651648,0.0,1.0,2
0.7853915662650603,0.0,1.0,0.7853880270525195,0.0,1.0,2
0.8835341365461848,0.0,1.0,0.8834333420297416,0.0,1.0,2
0.9816767068273093,0.0,1.0,0.9814786570069638,0.0,1.0,2
0.07555220883534136,0.0,1.0,0.07554034799012616,0.0,1.0,2
0.17369477911646586,0.0,1.0,0.1735856629673483,0.0,1.0,2
0.2715863453815261,0.0,1.0,0.27163097794457036,0.0,1.0,2
0.36972891566265065,0.0,1.0,0.3696762929217925,0.0,1.0,2
0.46787148594377514,0.0,1.0,0.46772160789901457,0.0,1.0,2
0.5657630522088354,0.0,1.0,0.5657829777840213,0.0,1.0,2
0.6598895582329318,0.0,1.0,0.6599068815348491,0.0,1.0,2
0.7540160642570282,0.0,1.0,0.7540287784222038,0.0,1.0,2
0.8521586345381527,0.0,1.0,0.852074093399426,0.0,1.0,2
0.9503012048192772,0.0,1.0,0.950119408376648,0.0,1.0,2
0.04417670682730923,0.0,1.0,0.04418109935981046,0.0,1.0,2
0.14231927710843373,0.0,1.0,0.1422264143370326,0.0,1.0,2
0.24046184738955823,0.0,1.0,0.24027172931425467,0.0,1.0,2
0.33835341365461846,0.0,1.0,0.3383170442914768,0.0,1.0,2
0.43649598393574296,0.0,1.0,0.4363623592686989,0.0,1.0,2
0.5343875502008032,0.0,1.0,0.5344237291537056,0.0,1.0,2
0.6285140562248996,0.0,1.0,0.6285476329045334,0.0,1.0,2
0.722640562248996,0.0,1.0,0.7226695297918881,0.0,1.0,2
0.8207831325301205,0.0,1.0,0.8207148447691103,0.0,1.0,2
0.918925702811245,0.0,1.0,0.9187601597463324,0.0,1.0,2
0.012801204819277101,0.0,1.0,0.012821850729494821,0.0,1.0,2
0.1109437751004016,0.0,1.0,0.1108671657067169,0.0,1.0,2
0.2090863453815261,0.0,1.0,0.20891248068393897,0.0,1.0,2
0.3069779116465864,0.0,1.0,0.3069577956611611,0.0,1.0,2
0.4051204819277109,0.0,1.0,0.40500311063838323,0.0,1.0,2
0.5032630522088354,0.0,1.0,0.5030644805233899,0.0,1.0,2
0.5973895582329317,0.0,1.0,0.5971883842742177,0.0,1.0,2
0.6915160642570282,0.0,1.0,0.6913102811615726,0.0,1.0,2
0.7856425702811245,0.0,1.0,0.7854341849124002,0.0,1.0,2
0.8835341365461848,0.0,1.0,0.8834794998896225,0.0,1.0,2
0.9816767068273093,0.0,1.0,0.9815248148668445,0.0,1.0,2
0.07555220883534136,0.0,1.0,0.07558650585000692,0.0,1.0,2
0.17369477911646586,0.0,1.0,0.17363182082722906,0.0,1.0,2
0.27183734939759036,0.0,1.0,0.2716771358044512,0.0,1.0,2
0.36972891566265065,0.0,1.0,0.36972245078167326,0.0,1.0,2
0.46787148594377514,0.0,1.0,0.46776776575889534,0.0,1.0,2
0.5660140562248996,0.0,1.0,0.565829135643902,0.0,1.0,2
0.660140562248996,0.0,1.0,0.6599510325312568,0.0,1.0,2
0.7542670682730923,0.0,1.0,0.7540749362820847,0.0,1.0,2
0.8521586345381527,0.0,1.0,0.8521202512593068,0.0,1.0,2
0.9503012048192772,0.0,1.0,0.9501655662365289,0.0,1.0,2
0.04417670682730923,0.0,1.0,0.04422725721969134,0.0,1.0,2
0.14231927710843373,0.0,1.0,0.14227257219691342,0.0,1.0,2
0.24046184738955823,0.0,1.0,0.2403178871741355,0.0,1.0,2
0.33835341365461846,0.0,1.0,0.33836320215135757,0.0,1.0,2
0.43649598393574296,0.0,1.0,0.43640851712857964,0.0,1.0,2
0.5346385542168675,0.0,1.0,0.5344698870135864,0.0,1.0,2
0.6287650602409639,0.0,1.0,0.6285937907644142,0.0,1.0,2
0.7228915662650602,0.0,1.0,0.722715687651769,0.0,1.0,2
0.8207831325301205,0.0,1.0,0.8207610026289911,0.0,1.0,2
0.918925702811245,0.0,1.0,0.9188063176062131,0.0,1.0,2
0.013052208835341361,0.0,1.0,0.012868008589375646,0.0,1.0,2
0.1109437751004016,0.0,1.0,0.11091332356659772,0.0,1.0,2
0.2090863453815261,0.0,1.0,0.2089586385438198,0.0,1.0,2
0.3069779116465864,0.0,1.0,0.30700395352104193,0.0,1.0,2
0.4051204819277109,0.0,1.0,0.405049268498264,0.0,1.0,2
0.5032630522088354,0.0,1.0,0.5031106383832707,0.0,1.0,2
0.5973895582329317,0.0,1.0,0.5972345421340985,0.0,1.0,2
0.6915160642570282,0.0,1.0,0.6913564390214533,0.0,1.0,2
0.7856425702811245,0.0,1.0,0.7854803427722812,0.0,1.0,2
0.8835341365461848,0.0,1.0,0.8835256577495032,0.0,1.0,2
0.9816767068273093,0.0,1.0,0.9815709727267253,0.0,1.0,2
0.07580321285140562,0.0,1.0,0.0756326637098878,0.0,1.0,2
0.17369477911646586,0.0,1.0,0.17367797868710988,0.0,1.0,2
0.27183734939759036,0.0,1.0,0.271723293664332,0.0,1.0,2
0.36972891566265065,0.0,1.0,0.36976860864155403,0.0,1.0,2
0.46787148594377514,0.0,1.0,0.46781392361877616,0.0,1.0,2
0.5660140562248996,0.0,1.0,0.5658752935037829,0.0,1.0,2
0.660140562248996,0.0,1.0,0.6599971903911377,0.0,1.0,2
0.7542670682730923,0.0,1.0,0.7541210941419654,0.0,1.0,2
0.8521586345381527,0.0,1.0,0.8521664091191876,0.0,1.0,2
0.9503012048192772,0.0,1.0,0.9502117240964096,0.0,1.0,2
0.04442771084337349,0.0,1.0,0.04427341507957211,0.0,1.0,2
0.14231927710843373,0.0,1.0,0.14231873005679418,0.0,1.0,2
0.24046184738955823,0.0,1.0,0.24036404503401626,0.0,1.0,2
0.3386044176706827,0.0,1.0,0.3384093600112384,0.0,1.0,2
0.43649598393574296,0.0,1.0,0.43645467498846047,0.0,1.0,2
0.5346385542168675,0.0,1.0,0.5345160448734672,0.0,1.0,2
0.6287650602409639,0.0,1.0,0.6286379417608219,0.0,1.0,2
0.7228915662650602,0.0,1.0,0.7227618455116498,0.0,1.0,2
0.8207831325301205,0.0,1.0,0.8208071604888718,0.0,1.0,2
0.918925702811245,0.0,1.0,0.9188524754660939,0.0,1.0,2
0.013052208835341361,0.0,1.0,0.012914166449256415,0.0,1.0,2
0.1109437751004016,0.0,1.0,0.11095948142647849,0.0,1.0,2
0.2090863453815261,0.0,1.0,0.20900479640370062,0.0,1.0,2
0.30722891566265065,0.0,1.0,0.3070501113809227,0.0,1.0,2
0.4051204819277109,0.0,1.0,0.4050954263581448,0.0,1.0,2
0.5032630522088354,0.0,1.0,0.5031567962431515,0.0,1.0,2
0.5973895582329317,0.0,1.0,0.5972786931305063,0.0,1.0,2
0.6915160642570282,0.0,1.0,0.6914025968813341,0.0,1.0,2
0.7856425702811245,0.0,1.0,0.7855265006321619,0.0,1.0,2
0.883785140562249,0.0,1.0,0.883571815609384,0.0,1.0,2
0.9816767068273093,0.0,1.0,0.9816171305866062,0.0,1.0,2
0.07580321285140562,0.0,1.0,0.07567882156976857,0.0,1.0,2
0.17369477911646586,0.0,1.0,0.17372413654699065,0.0,1.0,2
0.27183734939759036,0.0,1.0,0.2717694515242127,0.0,1.0,2
0.3699799196787149,0.0,1.0,0.36981476650143486,0.0,1.0,2
0.46787148594377514,0.0,1.0,0.46786008147865693,0.0,1.0,2
0.5660140562248996,0.0,1.0,0.5659194445001906,0.0,1.0,2
0.660140562248996,0.0,1.0,0.6600433482510184,0.0,1.0,2
0.7542670682730923,0.0,1.0,0.7541672520018463,0.0,1.0,2
0.8524096385542168,0.0,1.0,0.8522125669790683,0.0,1.0,2
0.9503012048192772,0.0,1.0,0.9502578819562904,0.0,1.0,2
0.04442771084337349,0.0,1.0,0.04431957293945288,0.0,1.0,2
0.14231927710843373,0.0,1.0,0.14236488791667495,0.0,1.0,2
0.24046184738955823,0.0,1.0,0.24041020289389708,0.0,1.0,2
0.3386044176706827,0.0,1.0,0.33845551787111916,0.0,1.0,2
0.43649598393574296,0.0,1.0,0.4365008328483413,0.0,1.0,2
0.5346385542168675,0.0,1.0,0.534562202733348,0.0,1.0,2
0.6287650602409639,0.0,1.0,0.6286840996207027,0.0,1.0,2
0.7228915662650602,0.0,1.0,0.7228080033715306,0.0,1.0,2
0.8210341365461847,0.0,1.0,0.8208533183487526,0.0,1.0,2
0.918925702811245,0.0,1.0,0.9188986333259748,0.0,1.0,2
0.013052208835341361,0.0,1.0,0.012960324309137183,0.0,1.0,2
0.11119477911646586,0.0,1.0,0.11100563928635926,0.0,1.0,2
0.2090863453815261,0.0,1.0,0.2090509542635814,0.0,1.0,2
0.30722891566265065,0.0,1.0,0.30709626924080347,0.0,1.0,2
0.4051204819277109,0.0,1.0,0.4051415842180256,0.0,1.0,2
0.5032630522088354,0.0,1.0,0.5032029541030323,0.0,1.0,2
0.5973895582329317,0.0,1.0,0.597324850990387,0.0,1.0,2
0.6915160642570282,0.0,1.0,0.6914487547412149,0.0,1.0,2
0.7856425702811245,0.0,1.0,0.7855726584920427,0.0,1.0,2
0.883785140562249,0.0,1.0,0.8836179734692649,0.0,1.0,2
0.9816767068273093,0.0,1.0,0.9816632884464869,0.0,1.0,2
0.07580321285140562,0.0,1.0,0.07572497942964934,0.0,1.0,2
0.17394578313253012,0.0,1.0,0.17377029440687142,0.0,1.0,2
0.27183734939759036,0.0,1.0,0.27181560938409355,0.0,1.0,2
0.3699799196787149,0.0,1.0,0.3698609243613157,0.0,1.0,2
0.46787148594377514,0.0,1.0,0.46790623933853775,0.0,1.0,2
0.5660140562248996,0.0,1.0,0.5659656023600714,0.0,1.0,2
0.660140562248996,0.0,1.0,0.6600895061108992,0.0,1.0,2
0.7542670682730923,0.0,1.0,0.754213409861727,0.0,1.0,2
0.8524096385542168,0.0,1.0,0.852258724838949,0.0,1.0,2
0.9503012048192772,0.0,1.0,0.9503040398161712,0.0,1.0,2
0.04442771084337349,0.0,1.0,0.04436573079933365,0.0,1.0,2
0.142570281124498,0.0,1.0,0.14241104577655572,0.0,1.0,2
0.24046184738955823,0.0,1.0,0.24045636075377785,0.0,1.0,2
0.3386044176706827,0.0,1.0,0.338501675731,0.0,1.0,2
0.4367469879518072,0.0,1.0,0.43654699070822206,0.0,1.0,2
0.5346385542168675,0.0,1.0,0.5346063537297557,0.0,1.0,2
0.6287650602409639,0.0,1.0,0.6287302574805835,0.0,1.0,2
0.7228915662650602,0.0,1.0,0.7228541612314113,0.0,1.0,2
0.8210341365461847,0.0,1.0,0.8208994762086335,0.0,1.0,2
0.918925702811245,0.0,1.0,0.9189447911858556,0.0,1.0,2
0.013052208835341361,0.0,1.0,0.013006482169018008,0.0,1.0,2
0.11119477911646586,0.0,1.0,0.11105179714624014,0.0,1.0,2
0.2090863453815261,0.0,1.0,0.20909711212346221,0.0,1.0,2
0.30722891566265065,0.0,1.0,0.3071424271006843,0.0,1.0,2
0.40537148594377514,0.0,1.0,0.40518774207790637,0.0,1.0,2
0.5032630522088354,0.0,1.0,0.50324710509944,0.0,1.0,2
0.5973895582329317,0.0,1.0,0.5973710088502678,0.0,1.0,2
0.6915160642570282,0.0,1.0,0.6914949126010956,0.0,1.0,2
0.7856425702811245,0.0,1.0,0.7856188163519235,0.0,1.0,2
0.883785140562249,0.0,1.0,0.8836641313291456,0.0,1.0,2
0.9816767068273093,0.0,1.0,0.9817094463063677,0.0,1.0,2
0.07580321285140562,0.0,1.0,0.07577113728953017,0.0,1.0,2
0.17394578313253012,0.0,1.0,0.17381645226675224,0.0,1.0,2
0.27183734939759036,0.0,1.0,0.2718617672439743,0.0,1.0,2
0.3699799196787149,0.0,1.0,0.3699070822211964,0.0,1.0,2
0.4681224899598394,0.0,1.0,0.4679523971984185,0.0,1.0,2
0.5660140562248996,0.0,1.0,0.5660117602199521,0.0,1.0,2
0.660140562248996,0.0,1.0,0.66013566397078,0.0,1.0,2
0.7542670682730923,0.0,1.0,0.7542595677216078,0.0,1.0,2
0.8524096385542168,0.0,1.0,0.85230488269883,0.0,1.0,2
0.9505522088353414,0.0,1.0,0.950350197676052,0.0,1.0,2
0.04442771084337349,0.0,1.0,0.04441188865921447,0.0,1.0,2
0.142570281124498,0.0,1.0,0.14245720363643655,0.0,1.0,2
0.24046184738955823,0.0,1.0,0.24050251861365868,0.0,1.0,2
0.3386044176706827,0.0,1.0,0.3385478335908807,0.0,1.0,2
0.4367469879518072,0.0,1.0,0.43659314856810283,0.0,1.0,2
0.5346385542168675,0.0,1.0,0.5346525115896364,0.0,1.0,2
0.6287650602409639,0.0,1.0,0.6287764153404644,0.0,1.0,2
0.7228915662650602,0.0,1.0,0.7229003190912922,0.0,1.0,2
0.8210341365461847,0.0,1.0,0.8209456340685142,0.0,1.0,2
0.9191767068273093,0.0,1.0,0.9189909490457364,0.0,1.0,2
0.013052208835341361,0.0,1.0,0.013052640028898777,0.0,1.0,2
0.11119477911646586,0.0,1.0,0.11109795500612091,0.0,1.0,2
0.2090863453815261,0.0,1.0,0.20914326998334298,0.0,1.0,2
0.30722891566265065,0.0,1.0,0.3071885849605651,0.0,1.0,2
0.40537148594377514,0.0,1.0,0.4052338999377872,0.0,1.0,2
0.5032630522088354,0.0,1.0,0.5032932629593209,0.0,1.0,2
0.5973895582329317,0.0,1.0,0.5974171667101487,0.0,1.0,2
0.6915160642570282,0.0,1.0,0.6915410704609765,0.0,1.0,2
0.7856425702811245,0.0,1.0,0.7856649742118043,0.0,1.0,2
0.883785140562249,0.0,1.0,0.8837102891890264,0.0,1.0,2
0.9819277108433735,0.0,1.0,0.9817556041662485,0.0,1.0,2
0.07580321285140562,0.0,1.0,0.07581729514941093,0.0,1.0,2
0.17394578313253012,0.0,1.0,0.173862610126633,0.0,1.0,2
0.2720883534136546,0.0,1.0,0.27190792510385514,0.0,1.0,2
0.3699799196787149,0.0,1.0,0.3699532400810772,0.0,1.0,2
0.4681224899598394,0.0,1.0,0.4679985550582993,0.0,1.0,2
0.5660140562248996,0.0,1.0,0.566057918079833,0.0,1.0,2
0.660140562248996,0.0,1.0,0.6601818218306608,0.0,1.0,2
0.7542670682730923,0.0,1.0,0.7543057255814887,0.0,1.0,2
0.8524096385542168,0.0,1.0,0.8523510405587107,0.0,1.0,2
0.9505522088353414,0.0,1.0,0.9503963555359328,0.0,1.0,2
0.04442771084337349,0.0,1.0,0.04445804651909524,0.0,1.0,2
0.142570281124498,0.0,1.0,0.14250336149631737,0.0,1.0,2
0.24071285140562254,0.0,1.0,0.24054867647353945,0.0,1.0,2
0.3386044176706827,0.0,1.0,0.3385939914507615,0.0,1.0,2
0.4367469879518072,0.0,1.0,0.43663930642798365,0.0,1.0,2
0.5348895582329317,0.0,1.0,0.5346986694495173,0.0,1.0,2
0.6290160642570282,0.0,1.0,0.6288225732003451,0.0,1.0,2
0.7231425702811245,0.0,1.0,0.7229464769511729,0.0,1.0,2
0.8210341365461847,0.0,1.0,0.8209917919283951,0.0,1.0,2
0.9191767068273093,0.0,1.0,0.9190371069056171,0.0,1.0,2
0.013052208835341361,0.0,1.0,0.013098797888779545,0.0,1.0,2
0.11119477911646586,0.0,1.0,0.11114411286600168,0.0,1.0,2
0.2093373493975904,0.0,1.0,0.20918942784322375,0.0,1.0,2
0.30722891566265065,0.0,1.0,0.3072347428204458,0.0,1.0,2
0.40537148594377514,0.0,1.0,0.40528005779766796,0.0,1.0,2
0.5035140562248996,0.0,1.0,0.5033394208192016,0.0,1.0,2
0.597640562248996,0.0,1.0,0.5974633245700294,0.0,1.0,2
0.6917670682730924,0.0,1.0,0.6915872283208573,0.0,1.0,2
0.7858935742971889,0.0,1.0,0.7857111320716851,0.0,1.0,2
0.883785140562249,0.0,1.0,0.8837564470489072,0.0,1.0,2
0.9819277108433735,0.0,1.0,0.9818017620261292,0.0,1.0,2
0.07580321285140562,0.0,1.0,0.0758634530092917,0.0,1.0,2
0.17394578313253012,0.0,1.0,0.17390876798651383,0.0,1.0,2
0.2720883534136546,0.0,1.0,0.2719540829637359,0.0,1.0,2
0.3699799196787149,0.0,1.0,0.36999939794095804,0.0,1.0,2
0.4681224899598394,0.0,1.0,0.4680447129181801,0.0,1.0,2
0.5662650602409639,0.0,1.0,0.5661040759397138,0.0,1.0,2
0.6603915662650602,0.0,1.0,0.6602279796905416,0.0,1.0,2
0.7545180722891567,0.0,1.0,0.7543518834413694,0.0,1.0,2
0.8524096385542168,0.0,1.0,0.8523971984185914,0.0,1.0,2
0.9505522088353414,0.0,1.0,0.9504425133958136,0.0,1.0,2
0.04467871485943775,0.0,1.0,0.04450420437897601,0.0,1.0,2
0.142570281124498,0.0,1.0,0.14254951935619814,0.0,1.0,2
0.24071285140562254,0.0,1.0,0.24059483433342022,0.0,1.0,2
0.3386044176706827,0.0,1.0,0.33864014931064235,0.0,1.0,2
0.4367469879518072,0.0,1.0,0.4366854642878644,0.0,1.0,2
0.5348895582329317,0.0,1.0,0.5347448273093981,0.0,1.0,2
0.6290160642570282,0.0,1.0,0.6288687310602259,0.0,1.0,2
0.7231425702811245,0.0,1.0,0.7229926348110538,0.0,1.0,2
0.8210341365461847,0.0,1.0,0.8210379497882758,0.0,1.0,2
0.9191767068273093,0.0,1.0,0.9190832647654978,0.0,1.0,2
0.013303212851405621,0.0,1.0,0.01314495574866037,0.0,1.0,2
0.11119477911646586,0.0,1.0,0.11119027072588245,0.0,1.0,2
0.2093373493975904,0.0,1.0,0.20923558570310452,0.0,1.0,2
0.30722891566265065,0.0,1.0,0.30728090068032665,0.0,1.0,2
0.40537148594377514,0.0,1.0,0.4053262156575488,0.0,1.0,2
0.5035140562248996,0.0,1.0,0.5033855786790824,0.0,1.0,2
0.597640562248996,0.0,1.0,0.5975094824299102,0.0,1.0,2
0.6917670682730924,0.0,1.0,0.691633386180738,0.0,1.0,2
0.7858935742971889,0.0,1.0,0.7857552830680927,0.0,1.0,2
0.883785140562249,0.0,1.0,0.883800598045315,0.0,1.0,2
0.9819277108433735,0.0,1.0,0.981845913022537,0.0,1.0,2
0.07605421686746988,0.0,1.0,0.07590961086917247,0.0,1.0,2
0.17394578313253012,0.0,1.0,0.1739549258463946,0.0,1.0,2
0.2720883534136546,0.0,1.0,0.27199823396014366,0.0,1.0,2
0.37023092369477917,0.0,1.0,0.3700435489373657,0.0,1.0,2
0.4681224899598394,0.0,1.0,0.4680888639145878,0.0,1.0,2
0.5662650602409639,0.0,1.0,0.5661502337995945,0.0,1.0,2
0.6603915662650602,0.0,1.0,0.6602741375504224,0.0,1.0,2
0.7545180722891567,0.0,1.0,0.7543980413012502,0.0,1.0,2
0.8524096385542168,0.0,1.0,0.8524413494149992,0.0,1.0,2
0.9505522088353414,0.0,1.0,0.9504866643922213,0.0,1.0,2
0.04467871485943775,0.0,1.0,0.04455036223885689,0.0,1.0,2
0.142570281124498,0.0,1.0,0.14259567721607896,0.0,1.0,2
0.24071285140562254,0.0,1.0,0.24064099219330104,0.0,1.0,2
0.338855421686747,0.0,1.0,0.3386843003070501,0.0,1.0,2
0.4367469879518072,0.0,1.0,0.4367296152842721,0.0,1.0,2
0.5348895582329317,0.0,1.0,0.5347909851692789,0.0,1.0,2
0.6290160642570282,0.0,1.0,0.6289148889201067,0.0,1.0,2
0.7231425702811245,0.0,1.0,0.7230387926709345,0.0,1.0,2
0.821285140562249,0.0,1.0,0.8210841076481566,0.0,1.0,2
0.9191767068273093,0.0,1.0,0.9191274157619056,0.0,1.0,2
0.013303212851405621,0.0,1.0,0.013191113608541194,0.0,1.0,2
0.11119477911646586,0.0,1.0,0.11123642858576327,0.0,1.0,2
0.2093373493975904,0.0,1.0,0.20928174356298535,0.0,1.0,2
0.3074799196787149,0.0,1.0,0.3073270585402075,0.0,1.0,2
0.40537148594377514,0.0,1.0,0.4053703666539565,0.0,1.0,2
0.5035140562248996,0.0,1.0,0.5034317365389632,0.0,1.0,2
0.597640562248996,0.0,1.0,0.597555640289791,0.0,1.0,2
0.6917670682730924,0.0,1.0,0.6916795440406188,0.0,1.0,2
0.7858935742971889,0.0,1.0,0.7858014409279735,0.0,1.0,2
0.8840361445783134,0.0,1.0,0.8838467559051957,0.0,1.0,2
0.9819277108433735,0.0,1.0,0.9818920708824177,0.0,1.0,2
0.07605421686746988,0.0,1.0,0.07595376186558023,0.0,1.0,2
0.17394578313253012,0.0,1.0,0.1739990768428023,0.0,1.0,2
0.2720883534136546,0.0,1.0,0.27204439182002443,0.0,1.0,2
0.37023092369477917,0.0,1.0,0.3700897067972465,0.0,1.0,2
0.4681224899598394,0.0,1.0,0.46813502177446864,0.0,1.0,2
0.5662650602409639,0.0,1.0,0.5661963916594753,0.0,1.0,2
0.6603915662650602,0.0,1.0,0.6603202954103031,0.0,1.0,2
0.7545180722891567,0.0,1.0,0.7544421922976579,0.0,1.0,2
0.8526606425702812,0.0,1.0,0.8524875072748801,0.0,1.0,2
0.9505522088353414,0.0,1.0,0.9505328222521021,0.0,1.0,2
0.04467871485943775,0.0,1.0,0.04459652009873766,0.0,1.0,2
0.14282128514056225,0.0,1.0,0.14263982821248666,0.0,1.0,2
0.24071285140562254,0.0,1.0,0.2406851431897088,0.0,1.0,2
0.338855421686747,0.0,1.0,0.3387304581669308,0.0,1.0,2
0.4367469879518072,0.0,1.0,0.43677577314415295,0.0,1.0,2
0.5348895582329317,0.0,1.0,0.5348371430291596,0.0,1.0,2
0.6290160642570282,0.0,1.0,0.6289610467799875,0.0,1.0,2
0.7231425702811245,0.0,1.0,0.7230829436673423,0.0,1.0,2
0.821285140562249,0.0,1.0,0.8211282586445643,0.0,1.0,2
0.9191767068273093,0.0,1.0,0.9191735736217864,0.0,1.0,2
0.013303212851405621,0.0,1.0,0.013237271468421963,0.0,1.0,2
0.11144578313253012,0.0,1.0,0.11128258644564404,0.0,1.0,2
0.2093373493975904,0.0,1.0,0.2093258945593931,0.0,1.0,2
0.3074799196787149,0.0,1.0,0.3073712095366151,0.0,1.0,2
0.40537148594377514,0.0,1.0,0.40541652451383725,0.0,1.0,2
0.5035140562248996,0.0,1.0,0.5034778943988439,0.0,1.0,2
0.597640562248996,0.0,1.0,0.5976017981496718,0.0,1.0,2
0.6917670682730924,0.0,1.0,0.6917257019004996,0.0,1.0,2
0.7858935742971889,0.0,1.0,0.7858475987878544,0.0,1.0,2
0.8840361445783134,0.0,1.0,0.8838929137650765,0.0,1.0,2
0.9819277108433735,0.0,1.0,0.9819382287422986,0.0,1.0,2
0.07605421686746988,0.0,1.0,0.07599991972546105,0.0,1.0,2
0.17419678714859438,0.0,1.0,0.17404523470268313,0.0,1.0,2
0.2720883534136546,0.0,1.0,0.2720905496799052,0.0,1.0,2
0.37023092369477917,0.0,1.0,0.37013586465712733,0.0,1.0,2
0.46837349397590367,0.0,1.0,0.4681811796343494,0.0,1.0,2
0.5662650602409639,0.0,1.0,0.5662425495193562,0.0,1.0,2
0.6603915662650602,0.0,1.0,0.660366453270184,0.0,1.0,2
0.7545180722891567,0.0,1.0,0.7544883501575387,0.0,1.0,2
0.8526606425702812,0.0,1.0,0.8525336651347608,0.0,1.0,2
0.9505522088353414,0.0,1.0,0.9505789801119828,0.0,1.0,2
0.04467871485943775,0.0,1.0,0.04464067109514536,0.0,1.0,2
0.14282128514056225,0.0,1.0,0.14268598607236743,0.0,1.0,2
0.24071285140562254,0.0,1.0,0.24073130104958956,0.0,1.0,2
0.338855421686747,0.0,1.0,0.33877661602681164,0.0,1.0,2
0.4369979919678715,0.0,1.0,0.43682193100403377,0.0,1.0,2
0.5348895582329317,0.0,1.0,0.5348833008890405,0.0,1.0,2
0.6290160642570282,0.0,1.0,0.6290072046398683,0.0,1.0,2
0.7231425702811245,0.0,1.0,0.723129101527223,0.0,1.0,2
0.821285140562249,0.0,1.0,0.8211744165044451,0.0,1.0,2
0.9194277108433735,0.0,1.0,0.9192197314816672,0.0,1.0,2
0.013303212851405621,0.0,1.0,0.013281422464829662,0.0,1.0,2
0.11144578313253012,0.0,1.0,0.11132673744205179,0.0,1.0,2
0.2093373493975904,0.0,1.0,0.20937205241927387,0.0,1.0,2
0.3074799196787149,0.0,1.0,0.30741736739649594,0.0,1.0,2
0.4056224899598394,0.0,1.0,0.4054626823737181,0.0,1.0,2
0.5035140562248996,0.0,1.0,0.5035240522587248,0.0,1.0,2
0.597640562248996,0.0,1.0,0.5976479560095526,0.0,1.0,2
0.6917670682730924,0.0,1.0,0.6917698528969074,0.0,1.0,2
0.7858935742971889,0.0,1.0,0.7858937566477352,0.0,1.0,2
0.8840361445783134,0.0,1.0,0.8839390716249573,0.0,1.0,2
0.9821787148594379,0.0,1.0,0.9819843866021793,0.0,1.0,2
0.07605421686746988,0.0,1.0,0.07604607758534182,0.0,1.0,2
0.17419678714859438,0.0,1.0,0.1740913925625639,0.0,1.0,2
0.2720883534136546,0.0,1.0,0.272136707539786,0.0,1.0,2
0.37023092369477917,0.0,1.0,0.3701820225170081,0.0,1.0,2
0.46837349397590367,0.0,1.0,0.4682273374942302,0.0,1.0,2
0.5662650602409639,0.0,1.0,0.5662887073792369,0.0,1.0,2
0.6603915662650602,0.0,1.0,0.6604106042665916,0.0,1.0,2
0.7545180722891567,0.0,1.0,0.7545345080174195,0.0,1.0,2
0.8526606425702812,0.0,1.0,0.8525798229946415,0.0,1.0,2
0.9508032128514057,0.0,1.0,0.9506251379718638,0.0,1.0,2
0.04467871485943775,0.0,1.0,0.044686828955026126,0.0,1.0,2
0.14282128514056225,0.0,1.0,0.1427321439322482,0.0,1.0,2
0.24096385542168675,0.0,1.0,0.24077745890947033,0.0,1.0,2
0.338855421686747,0.0,1.0,0.3388227738866924,0.0,1.0,2
0.4369979919678715,0.0,1.0,0.43686808886391454,0.0,1.0,2
0.5348895582329317,0.0,1.0,0.5349294587489213,0.0,1.0,2
0.6290160642570282,0.0,1.0,0.6290533624997491,0.0,1.0,2
0.7231425702811245,0.0,1.0,0.7231752593871038,0.0,1.0,2
0.821285140562249,0.0,1.0,0.8212205743643259,0.0,1.0,2
0.9194277108433735,0.0,1.0,0.919265889341548,0.0,1.0,2
0.013303212851405621,0.0,1.0,0.01332758032471043,0.0,1.0,2
0.11144578313253012,0.0,1.0,0.11137289530193256,0.0,1.0,2
0.20958835341365462,0.0,1.0,0.20941821027915464,0.0,1.0,2
0.3074799196787149,0.0,1.0,0.30746352525637677,0.0,1.0,2
0.4056224899598394,0.0,1.0,0.40550884023359884,0.0,1.0,2
0.5037650602409639,0.0,1.0,0.5035702101186056,0.0,1.0,2
0.5978915662650602,0.0,1.0,0.5976941138694334,0.0,1.0,2
0.6920180722891567,0.0,1.0,0.6918160107567881,0.0,1.0,2
0.786144578313253,0.0,1.0,0.785939914507616,0.0,1.0,2
0.8840361445783134,0.0,1.0,0.883985229484838,0.0,1.0,2
0.9821787148594379,0.0,1.0,0.9820305444620602,0.0,1.0,2
0.07605421686746988,0.0,1.0,0.07609223544522259,0.0,1.0,2
0.17419678714859438,0.0,1.0,0.17413755042244466,0.0,1.0,2
0.2723393574297189,0.0,1.0,0.27218286539966685,0.0,1.0,2
0.37023092369477917,0.0,1.0,0.37022818037688887,0.0,1.0,2
0.46837349397590367,0.0,1.0,0.468273495354111,0.0,1.0,2
0.5665160642570282,0.0,1.0,0.5663348652391177,0.0,1.0,2
0.6606425702811245,0.0,1.0,0.6604567621264725,0.0,1.0,2
0.7547690763052208,0.0,1.0,0.7545806658773002,0.0,1.0,2
0.8526606425702812,0.0,1.0,0.8526259808545223,0.0,1.0,2
0.9508032128514057,0.0,1.0,0.9506712958317445,0.0,1.0,2
0.04467871485943775,0.0,1.0,0.044732986814906894,0.0,1.0,2
0.14282128514056225,0.0,1.0,0.14277830179212903,0.0,1.0,2
0.24096385542168675,0.0,1.0,0.2408236167693511,0.0,1.0,2
0.338855421686747,0.0,1.0,0.33886893174657323,0.0,1.0,2
0.4369979919678715,0.0,1.0,0.4369142467237953,0.0,1.0,2
0.535140562248996,0.0,1.0,0.534975616608802,0.0,1.0,2
0.6292670682730924,0.0,1.0,0.6290975134961567,0.0,1.0,2
0.7233935742971888,0.0,1.0,0.7232214172469846,0.0,1.0,2
0.821285140562249,0.0,1.0,0.8212667322242068,0.0,1.0,2
0.9194277108433735,0.0,1.0,0.9193120472014289,0.0,1.0,2
0.013554216867469882,0.0,1.0,0.0133737381845912,0.0,1.0,2
0.11144578313253012,0.0,1.0,0.11141905316181339,0.0,1.0,2
0.20958835341365462,0.0,1.0,0.20946436813903546,0.0,1.0,2
0.3074799196787149,0.0,1.0,0.30750968311625754,0.0,1.0,2
0.4056224899598394,0.0,1.0,0.4055549980934796,0.0,1.0,2
0.5037650602409639,0.0,1.0,0.5036163679784864,0.0,1.0,2
0.5978915662650602,0.0,1.0,0.5977382648658411,0.0,1.0,2
0.6920180722891567,0.0,1.0,0.6918621686166689,0.0,1.0,2
0.786144578313253,0.0,1.0,0.7859860723674967,0.0,1.0,2
0.8840361445783134,0.0,1.0,0.8840313873447189,0.0,1.0,2
0.9821787148594379,0.0,1.0,0.982076702321941,0.0,1.0,2
0.07630522088353414,0.0,1.0,0.07613839330510341,0.0,1.0,2
0.17419678714859438,0.0,1.0,0.17418370828232554,0.0,1.0,2
0.2723393574297189,0.0,1.0,0.27222902325954756,0.0,1.0,2
0.37023092369477917,0.0,1.0,0.3702743382367697,0.0,1.0,2
0.46837349397590367,0.0,1.0,0.46831965321399177,0.0,1.0,2
0.5665160642570282,0.0,1.0,0.5663810230989985,0.0,1.0,2
0.6606425702811245,0.0,1.0,0.6605029199863532,0.0,1.0,2
0.7547690763052208,0.0,1.0,0.7546268237371812,0.0,1.0,2
0.8526606425702812,0.0,1.0,0.8526721387144032,0.0,1.0,2
0.9508032128514057,0.0,1.0,0.9507174536916253,0.0,1.0,2
0.04492971887550201,0.0,1.0,0.04477914467478772,0.0,1.0,2
0.14282128514056225,0.0,1.0,0.14282445965200985,0.0,1.0,2
0.24096385542168675,0.0,1.0,0.24086977462923193,0.0,1.0,2
0.33910642570281124,0.0,1.0,0.338915089606454,0.0,1.0,2
0.4369979919678715,0.0,1.0,0.43696040458367613,0.0,1.0,2
0.535140562248996,0.0,1.0,0.5350217744686828,0.0,1.0,2
0.6292670682730924,0.0,1.0,0.6291436713560375,0.0,1.0,2
0.7233935742971888,0.0,1.0,0.7232675751068655,0.0,1.0,2
0.821285140562249,0.0,1.0,0.8213128900840876,0.0,1.0,2
0.9194277108433735,0.0,1.0,0.9193582050613096,0.0,1.0,2
0.013554216867469882,0.0,1.0,0.01341989604447208,0.0,1.0,2
0.11144578313253012,0.0,1.0,0.11146521102169415,0.0,1.0,2
0.20958835341365462,0.0,1.0,0.20951052599891623,0.0,1.0,2
0.3077309236947791,0.0,1.0,0.3075558409761383,0.0,1.0,2
0.4056224899598394,0.0,1.0,0.40560115595336044,0.0,1.0,2
0.5037650602409639,0.0,1.0,0.5036625258383671,0.0,1.0,2
0.5978915662650602,0.0,1.0,0.5977844227257219,0.0,1.0,2
0.6920180722891567,0.0,1.0,0.6919083264765498,0.0,1.0,2
0.786144578313253,0.0,1.0,0.7860322302273776,0.0,1.0,2
0.8842871485943775,0.0,1.0,0.8840775452045997,0.0,1.0,2
0.9821787148594379,0.0,1.0,0.9821228601818217,0.0,1.0,2
0.07630522088353414,0.0,1.0,0.07618455116498418,0.0,1.0,2
0.17419678714859438,0.0,1.0,0.1742298661422063,0.0,1.0,2
0.2723393574297189,0.0,1.0,0.2722751811194284,0.0,1.0,2
0.3704819277108434,0.0,1.0,0.3703204960966505,0.0,1.0,2
0.46837349397590367,0.0,1.0,0.4683658110738726,0.0,1.0,2
0.5665160642570282,0.0,1.0,0.5664251740954063,0.0,1.0,2
0.6606425702811245,0.0,1.0,0.6605490778462341,0.0,1.0,2
0.7547690763052208,0.0,1.0,0.7546729815970619,0.0,1.0,2
0.8529116465863453,0.0,1.0,0.852718296574284,0.0,1.0,2
0.9508032128514057,0.0,1.0,0.9507636115515061,0.0,1.0,2
0.04492971887550201,0.0,1.0,0.04482530253466854,0.0,1.0,2
0.14282128514056225,0.0,1.0,0.14287061751189062,0.0,1.0,2
0.24096385542168675,0.0,1.0,0.2409159324891127,0.0,1.0,2
0.33910642570281124,0.0,1.0,0.3389612474663348,0.0,1.0,2
0.4369979919678715,0.0,1.0,0.4370065624435569,0.0,1.0,2
0.535140562248996,0.0,1.0,0.5350659254650906,0.0,1.0,2
0.6292670682730924,0.0,1.0,0.6291898292159184,0.0,1.0,2
0.7233935742971888,0.0,1.0,0.7233137329667462,0.0,1.0,2
0.8215361445783133,0.0,1.0,0.8213590479439683,0.0,1.0,2
0.9194277108433735,0.0,1.0,0.9194043629211903,0.0,1.0,2
0.013554216867469882,0.0,1.0,0.013466053904352848,0.0,1.0,2
0.11169678714859438,0.0,1.0,0.11151136888157492,0.0,1.0,2
0.20958835341365462,0.0,1.0,0.209556683858797,0.0,1.0,2
0.3077309236947791,0.0,1.0,0.30760199883601913,0.0,1.0,2
0.4056224899598394,0.0,1.0,0.40564731381324126,0.0,1.0,2
0.5037650602409639,0.0,1.0,0.5037066768347749,0.0,1.0,2
0.5978915662650602,0.0,1.0,0.5978305805856027,0.0,1.0,2
0.6920180722891567,0.0,1.0,0.6919544843364305,0.0,1.0,2
0.786144578313253,0.0,1.0,0.7860783880872584,0.0,1.0,2
0.8842871485943775,0.0,1.0,0.8841237030644804,0.0,1.0,2
0.9821787148594379,0.0,1.0,0.9821690180417025,0.0,1.0,2
0.07630522088353414,0.0,1.0,0.07623070902486495,0.0,1.0,2
0.17444779116465864,0.0,1.0,0.17427602400208708,0.0,1.0,2
0.2723393574297189,0.0,1.0,0.27232133897930916,0.0,1.0,2
0.3704819277108434,0.0,1.0,0.37036665395653123,0.0,1.0,2
0.46837349397590367,0.0,1.0,0.46841196893375336,0.0,1.0,2
0.5665160642570282,0.0,1.0,0.566471331955287,0.0,1.0,2
0.6606425702811245,0.0,1.0,0.6605952357061149,0.0,1.0,2
0.7547690763052208,0.0,1.0,0.7547191394569427,0.0,1.0,2
0.8529116465863453,0.0,1.0,0.8527644544341648,0.0,1.0,2
0.9508032128514057,0.0,1.0,0.9508097694113868,0.0,1.0,2
0.04492971887550201,0.0,1.0,0.04487146039454931,0.0,1.0,2
0.1430722891566265,0.0,1.0,0.1429167753717714,0.0,1.0,2
0.24096385542168675,0.0,1.0,0.24096209034899346,0.0,1.0,2
0.33910642570281124,0.0,1.0,0.3390074053262156,0.0,1.0,2
0.43724899598393574,0.0,1.0,0.43705272030343767,0.0,1.0,2
0.535140562248996,0.0,1.0,0.5351120833249713,0.0,1.0,2
0.6292670682730924,0.0,1.0,0.6292359870757992,0.0,1.0,2
0.7233935742971888,0.0,1.0,0.723359890826627,0.0,1.0,2
0.8215361445783133,0.0,1.0,0.821405205803849,0.0,1.0,2
0.9194277108433735,0.0,1.0,0.9194505207810711,0.0,1.0,2
0.013554216867469882,0.0,1.0,0.013512211764233617,0.0,1.0,2
0.11169678714859438,0.0,1.0,0.11155752674145569,0.0,1.0,2
0.20958835341365462,0.0,1.0,0.20960284171867782,0.0,1.0,2
0.3077309236947791,0.0,1.0,0.30764815669589995,0.0,1.0,2
0.40587349397590367,0.0,1.0,0.40569347167312203,0.0,1.0,2
0.5037650602409639,0.0,1.0,0.5037528346946557,0.0,1.0,2
0.5978915662650602,0.0,1.0,0.5978767384454835,0.0,1.0,2
0.6920180722891567,0.0,1.0,0.6920006421963113,0.0,1.0,2
0.786144578313253,0.0,1.0,0.7861245459471391,0.0,1.0,2
0.8842871485943775,0.0,1.0,0.8841698609243612,0.0,1.0,2
0.982429718875502,0.0,1.0,0.9822151759015834,0.0,1.0,2
0.07630522088353414,0.0,1.0,0.07627686688474578,0.0,1.0,2
0.17444779116465864,0.0,1.0,0.17432218186196785,0.0,1.0,2
0.2723393574297189,0.0,1.0,0.27236749683919,0.0,1.0,2
0.3704819277108434,0.0,1.0,0.37041281181641206,0.0,1.0,2
0.46862449799196787,0.0,1.0,0.4684581267936342,0.0,1.0,2
0.5665160642570282,0.0,1.0,0.5665174898151678,0.0,1.0,2
0.6606425702811245,0.0,1.0,0.6606413935659956,0.0,1.0,2
0.7547690763052208,0.0,1.0,0.7547652973168235,0.0,1.0,2
0.8529116465863453,0.0,1.0,0.8528106122940455,0.0,1.0,2
0.9510542168674698,0.0,1.0,0.9508559272712677,0.0,1.0,2
0.04492971887550201,0.0,1.0,0.044917618254430136,0.0,1.0,2
0.1430722891566265,0.0,1.0,0.1429629332316522,0.0,1.0,2
0.24096385542168675,0.0,1.0,0.24100824820887434,0.0,1.0,2
0.33910642570281124,0.0,1.0,0.33905356318609636,0.0,1.0,2
0.43724899598393574,0.0,1.0,0.4370988781633185,0.0,1.0,2
0.535140562248996,0.0,1.0,0.5351582411848521,0.0,1.0,2
0.6292670682730924,0.0,1.0,0.62928214493568,0.0,1.0,2
0.7233935742971888,0.0,1.0,0.7234060486865077,0.0,1.0,2
0.8215361445783133,0.0,1.0,0.82145136366373,0.0,1.0,2
0.9196787148594378,0.0,1.0,0.919496678640952,0.0,1.0,2
0.013554216867469882,0.0,1.0,0.013558369624114441,0.0,1.0,2
0.11169678714859438,0.0,1.0,0.11160368460133652,0.0,1.0,2
0.20983935742971893,0.0,1.0,0.20964899957855865,0.0,1.0,2
0.3077309236947791,0.0,1.0,0.30769431455578067,0.0,1.0,2
0.40587349397590367,0.0,1.0,0.4057396295330028,0.0,1.0,2
0.5037650602409639,0.0,1.0,0.5037989925545364,0.0,1.0,2
0.5978915662650602,0.0,1.0,0.5979228963053643,0.0,1.0,2
0.6920180722891567,0.0,1.0,0.6920468000561921,0.0,1.0,2
0.786144578313253,0.0,1.0,0.7861707038070199,0.0,1.0,2
0.8842871485943775,0.0,1.0,0.884216018784242,0.0,1.0,2
0.982429718875502,0.0,1.0,0.9822613337614641,0.0,1.0,2
0.07630522088353414,0.0,1.0,0.0763230247446266,0.0,1.0,2
0.17444779116465864,0.0,1.0,0.17436833972184868,0.0,1.0,2
0.27259036144578314,0.0,1.0,0.27241365469907075,0.0,1.0,2
0.3704819277108434,0.0,1.0,0.3704589696762929,0.0,1.0,2
0.46862449799196787,0.0,1.0,0.46850428465351496,0.0,1.0,2
0.5667670682730924,0.0,1.0,0.5665636476750486,0.0,1.0,2
0.6608935742971888,0.0,1.0,0.6606875514258764,0.0,1.0,2
0.7550200803212852,0.0,1.0,0.7548114551767042,0.0,1.0,2
0.8529116465863453,0.0,1.0,0.8528567701539264,0.0,1.0,2
0.9510542168674698,0.0,1.0,0.9509020851311485,0.0,1.0,2
0.04492971887550201,0.0,1.0,0.044963776114310905,0.0,1.0,2
0.1430722891566265,0.0,1.0,0.14300909109153298,0.0,1.0,2
0.24121485943775106,0.0,1.0,0.2410544060687551,0.0,1.0,2
0.33910642570281124,0.0,1.0,0.3390997210459772,0.0,1.0,2
0.43724899598393574,0.0,1.0,0.4371450360231993,0.0,1.0,2
0.5353915662650602,0.0,1.0,0.5352043990447329,0.0,1.0,2
0.6295180722891567,0.0,1.0,0.6293283027955607,0.0,1.0,2
0.723644578313253,0.0,1.0,0.7234522065463886,0.0,1.0,2
0.8215361445783133,0.0,1.0,0.8214975215236107,0.0,1.0,2
0.9196787148594378,0.0,1.0,0.9195428365008328,0.0,1.0,2
0.013554216867469882,0.0,1.0,0.01360452748399521,0.0,1.0,2
0.11169678714859438,0.0,1.0,0.11164984246121729,0.0,1.0,2
0.20983935742971893,0.0,1.0,0.20969515743843942,0.0,1.0,2
0.3077309236947791,0.0,1.0,0.3077404724156615,0.0,1.0,2
0.40587349397590367,0.0,1.0,0.4057857873928836,0.0,1.0,2
0.5040160642570282,0.0,1.0,0.5038451504144172,0.0,1.0,2
0.5981425702811245,0.0,1.0,0.597969054165245,0.0,1.0,2
0.6922690763052209,0.0,1.0,0.6920929579160728,0.0,1.0,2
0.7863955823293174,0.0,1.0,0.7862148548034277,0.0,1.0,2
0.8842871485943775,0.0,1.0,0.8842601697806498,0.0,1.0,2
0.982429718875502,0.0,1.0,0.9823054847578718,0.0,1.0,2
0.0765562248995984,0.0,1.0,0.07636918260450737,0.0,1.0,2
0.17444779116465864,0.0,1.0,0.17441449758172944,0.0,1.0,2
0.27259036144578314,0.0,1.0,0.2724578056954785,0.0,1.0,2
0.3704819277108434,0.0,1.0,0.3705031206727005,0.0,1.0,2
0.46862449799196787,0.0,1.0,0.46854843564992266,0.0,1.0,2
0.5667670682730924,0.0,1.0,0.5666098055349293,0.0,1.0,2
0.6608935742971888,0.0,1.0,0.6607337092857573,0.0,1.0,2
0.7550200803212852,0.0,1.0,0.754857613036585,0.0,1.0,2
0.8529116465863453,0.0,1.0,0.852900921150334,0.0,1.0,2
0.9510542168674698,0.0,1.0,0.9509462361275562,0.0,1.0,2
0.04518072289156627,0.0,1.0,0.045009933974191674,0.0,1.0,2
0.1430722891566265,0.0,1.0,0.14305524895141375,0.0,1.0,2
0.24121485943775106,0.0,1.0,0.24110056392863588,0.0,1.0,2
0.33910642570281124,0.0,1.0,0.33914387204238494,0.0,1.0,2
0.43724899598393574,0.0,1.0,0.43718918701960696,0.0,1.0,2
0.5353915662650602,0.0,1.0,0.5352505569046138,0.0,1.0,2
0.6295180722891567,0.0,1.0,0.6293744606554416,0.0,1.0,2
0.723644578313253,0.0,1.0,0.7234983644062694,0.0,1.0,2
0.8215361445783133,0.0,1.0,0.8215436793834914,0.0,1.0,2
0.9196787148594378,0.0,1.0,0.9195889943607136,0.0,1.0,2
0.013805220883534142,0.0,1.0,0.013650685343875979,0.0,1.0,2
0.11169678714859438,0.0,1.0,0.11169600032109811,0.0,1.0,2
0.20983935742971893,0.0,1.0,0.20974131529832019,0.0,1.0,2
0.3079819277108434,0.0,1.0,0.3077866302755423,0.0,1.0,2
0.40587349397590367,0.0,1.0,0.4058319452527644,0.0,1.0,2
0.5040160642570282,0.0,1.0,0.5038913082742981,0.0,1.0,2
0.5981425702811245,0.0,1.0,0.5980152120251259,0.0,1.0,2
0.6922690763052209,0.0,1.0,0.6921391157759537,0.0,1.0,2
0.7863955823293174,0.0,1.0,0.7862610126633085,0.0,1.0,2
0.8842871485943775,0.0,1.0,0.8843063276405305,0.0,1.0,2
0.982429718875502,0.0,1.0,0.9823516426177527,0.0,1.0,2
0.0765562248995984,0.0,1.0,0.07641333360091507,0.0,1.0,2
0.17444779116465864,0.0,1.0,0.1744586485781372,0.0,1.0,2
0.27259036144578314,0.0,1.0,0.2725039635553593,0.0,1.0,2
0.37073293172690763,0.0,1.0,0.37054927853258135,0.0,1.0,2
0.46862449799196787,0.0,1.0,0.4685945935098035,0.0,1.0,2
0.5667670682730924,0.0,1.0,0.5666559633948102,0.0,1.0,2
0.6608935742971888,0.0,1.0,0.660779867145638,0.0,1.0,2
0.7550200803212852,0.0,1.0,0.7549017640329927,0.0,1.0,2
0.8529116465863453,0.0,1.0,0.8529470790102148,0.0,1.0,2
0.9510542168674698,0.0,1.0,0.950992393987437,0.0,1.0,2
0.04518072289156627,0.0,1.0,0.04505609183407244,0.0,1.0,2
0.1430722891566265,0.0,1.0,0.1430993999478215,0.0,1.0,2
0.24121485943775106,0.0,1.0,0.24114471492504358,0.0,1.0,2
0.3393574297188755,0.0,1.0,0.33919002990226566,0.0,1.0,2
0.43724899598393574,0.0,1.0,0.4372353448794878,0.0,1.0,2
0.5353915662650602,0.0,1.0,0.5352967147644945,0.0,1.0,2
0.6295180722891567,0.0,1.0,0.6294206185153224,0.0,1.0,2
0.723644578313253,0.0,1.0,0.7235425154026771,0.0,1.0,2
0.8217871485943775,0.0,1.0,0.8215878303798991,0.0,1.0,2
0.9196787148594378,0.0,1.0,0.9196331453571213,0.0,1.0,2
0.013805220883534142,0.0,1.0,0.013696843203756803,0.0,1.0,2
0.11169678714859438,0.0,1.0,0.11174215818097893,0.0,1.0,2
0.20983935742971893,0.0,1.0,0.20978546629472788,0.0,1.0,2
0.3079819277108434,0.0,1.0,0.30783078127195,0.0,1.0,2
0.40587349397590367,0.0,1.0,0.4058760962491721,0.0,1.0,2
0.5040160642570282,0.0,1.0,0.5039374661341788,0.0,1.0,2
0.5981425702811245,0.0,1.0,0.5980613698850067,0.0,1.0,2
0.6922690763052209,0.0,1.0,0.6921852736358345,0.0,1.0,2
0.7863955823293174,0.0,1.0,0.7863071705231892,0.0,1.0,2
0.8845381526104419,0.0,1.0,0.8843524855004112,0.0,1.0,2
0.982429718875502,0.0,1.0,0.9823978004776335,0.0,1.0,2
0.0765562248995984,0.0,1.0,0.07645949146079584,0.0,1.0,2
0.17444779116465864,0.0,1.0,0.17450480643801797,0.0,1.0,2
0.27259036144578314,0.0,1.0,0.27255012141524004,0.0,1.0,2
0.37073293172690763,0.0,1.0,0.3705954363924622,0.0,1.0,2
0.46862449799196787,0.0,1.0,0.46864075136968425,0.0,1.0,2
0.5667670682730924,0.0,1.0,0.566702121254691,0.0,1.0,2
0.6608935742971888,0.0,1.0,0.6608260250055188,0.0,1.0,2
0.7550200803212852,0.0,1.0,0.7549479218928735,0.0,1.0,2
0.8531626506024097,0.0,1.0,0.8529932368700957,0.0,1.0,2
0.9510542168674698,0.0,1.0,0.9510385518473177,0.0,1.0,2
0.04518072289156627,0.0,1.0,0.0451002428304802,0.0,1.0,2
0.14332329317269077,0.0,1.0,0.14314555780770227,0.0,1.0,2
0.24121485943775106,0.0,1.0,0.24119087278492435,0.0,1.0,2
0.3393574297188755,0.0,1.0,0.3392361877621465,0.0,1.0,2
0.43724899598393574,0.0,1.0,0.4372815027393686,0.0,1.0,2
0.5353915662650602,0.0,1.0,0.5353428726243753,0.0,1.0,2
0.6295180722891567,0.0,1.0,0.6294667763752031,0.0,1.0,2
0.723644578313253,0.0,1.0,0.7235886732625578,0.0,1.0,2
0.8217871485943775,0.0,1.0,0.8216339882397801,0.0,1.0,2
0.9196787148594378,0.0,1.0,0.9196793032170021,0.0,1.0,2
0.013805220883534142,0.0,1.0,0.013740994200164502,0.0,1.0,2
0.11194779116465864,0.0,1.0,0.11178630917738663,0.0,1.0,2
0.20983935742971893,0.0,1.0,0.2098316241546087,0.0,1.0,2
0.3079819277108434,0.0,1.0,0.3078769391318308,0.0,1.0,2
0.40587349397590367,0.0,1.0,0.4059222541090529,0.0,1.0,2
0.5040160642570282,0.0,1.0,0.5039836239940596,0.0,1.0,2
0.5981425702811245,0.0,1.0,0.5981075277448874,0.0,1.0,2
0.6922690763052209,0.0,1.0,0.6922294246322422,0.0,1.0,2
0.7863955823293174,0.0,1.0,0.78635332838307,0.0,1.0,2
0.8845381526104419,0.0,1.0,0.8843986433602922,0.0,1.0,2
0.982429718875502,0.0,1.0,0.9824439583375142,0.0,1.0,2
0.0765562248995984,0.0,1.0,0.07650564932067666,0.0,1.0,2
0.1746987951807229,0.0,1.0,0.1745509642978988,0.0,1.0,2
0.27259036144578314,0.0,1.0,0.27259627927512087,0.0,1.0,2
0.37073293172690763,0.0,1.0,0.37064159425234294,0.0,1.0,2
0.46887550200803213,0.0,1.0,0.468686909229565,0.0,1.0,2
0.5667670682730924,0.0,1.0,0.5667482791145718,0.0,1.0,2
0.6608935742971888,0.0,1.0,0.6608701760019265,0.0,1.0,2
0.7550200803212852,0.0,1.0,0.7549940797527543,0.0,1.0,2
0.8531626506024097,0.0,1.0,0.8530393947299765,0.0,1.0,2
0.9510542168674698,0.0,1.0,0.9510847097071986,0.0,1.0,2
0.04518072289156627,0.0,1.0,0.04514640069036102,0.0,1.0,2
0.14332329317269077,0.0,1.0,0.1431917156675831,0.0,1.0,2
0.24121485943775106,0.0,1.0,0.24123703064480517,0.0,1.0,2
0.3393574297188755,0.0,1.0,0.33928234562202725,0.0,1.0,2
0.4375,0.0,1.0,0.4373276605992494,0.0,1.0,2
0.5353915662650602,0.0,1.0,0.5353890304842561,0.0,1.0,2
0.6295180722891567,0.0,1.0,0.6295129342350839,0.0,1.0,2
0.723644578313253,0.0,1.0,0.7236348311224386,0.0,1.0,2
0.8217871485943775,0.0,1.0,0.8216801460996608,0.0,1.0,2
0.919929718875502,0.0,1.0,0.9197254610768828,0.0,1.0,2
0.013805220883534142,0.0,1.0,0.013787152060045327,0.0,1.0,2
0.11194779116465864,0.0,1.0,0.1118324670372674,0.0,1.0,2
0.20983935742971893,0.0,1.0,0.20987778201448953,0.0,1.0,2
0.3079819277108434,0.0,1.0,0.3079230969917116,0.0,1.0,2
0.40612449799196787,0.0,1.0,0.4059684119689337,0.0,1.0,2
0.5040160642570282,0.0,1.0,0.5040297818539404,0.0,1.0,2
0.5981425702811245,0.0,1.0,0.5981536856047682,0.0,1.0,2
0.6922690763052209,0.0,1.0,0.692275582492123,0.0,1.0,2
0.7863955823293174,0.0,1.0,0.7863994862429509,0.0,1.0,2
0.8845381526104419,0.0,1.0,0.8844448012201729,0.0,1.0,2
0.9826807228915664,0.0,1.0,0.982490116197395,0.0,1.0,2
0.0765562248995984,0.0,1.0,0.07655180718055749,0.0,1.0,2
0.1746987951807229,0.0,1.0,0.17459712215777956,0.0,1.0,2
0.27259036144578314,0.0,1.0,0.2726424371350017,0.0,1.0,2
0.37073293172690763,0.0,1.0,0.3706877521122237,0.0,1.0,2
0.46887550200803213,0.0,1.0,0.46873306708944584,0.0,1.0,2
0.5667670682730924,0.0,1.0,0.5667944369744525,0.0,1.0,2
0.6608935742971888,0.0,1.0,0.6609163338618074,0.0,1.0,2
0.7550200803212852,0.0,1.0,0.7550402376126351,0.0,1.0,2
0.8531626506024097,0.0,1.0,0.8530855525898573,0.0,1.0,2
0.9513052208835342,0.0,1.0,0.9511308675670793,0.0,1.0,2
0.04518072289156627,0.0,1.0,0.04519255855024179,0.0,1.0,2
0.14332329317269077,0.0,1.0,0.14323787352746387,0.0,1.0,2
0.24146586345381527,0.0,1.0,0.241283188504686,0.0,1.0,2
0.3393574297188755,0.0,1.0,0.3393285034819081,0.0,1.0,2
0.4375,0.0,1.0,0.43737381845913015,0.0,1.0,2
0.5353915662650602,0.0,1.0,0.5354351883441368,0.0,1.0,2
0.6295180722891567,0.0,1.0,0.6295570852314916,0.0,1.0,2
0.723644578313253,0.0,1.0,0.7236809889823195,0.0,1.0,2
0.8217871485943775,0.0,1.0,0.8217263039595415,0.0,1.0,2
0.919929718875502,0.0,1.0,0.9197716189367636,0.0,1.0,2
0.013805220883534142,0.0,1.0,0.013833309919926096,0.0,1.0,2
0.11194779116465864,0.0,1.0,0.11187862489714817,0.0,1.0,2
0.21009036144578314,0.0,1.0,0.2099239398743703,0.0,1.0,2
0.3079819277108434,0.0,1.0,0.3079692548515924,0.0,1.0,2
0.40612449799196787,0.0,1.0,0.4060145698288145,0.0,1.0,2
0.5042670682730924,0.0,1.0,0.5040759397138213,0.0,1.0,2
0.5983935742971888,0.0,1.0,0.598197836601176,0.0,1.0,2
0.6925200803212852,0.0,1.0,0.6923217403520038,0.0,1.0,2
0.7866465863453815,0.0,1.0,0.7864456441028316,0.0,1.0,2
0.8845381526104419,0.0,1.0,0.8844909590800537,0.0,1.0,2
0.9826807228915664,0.0,1.0,0.9825362740572758,0.0,1.0,2
0.0765562248995984,0.0,1.0,0.07659796504043825,0.0,1.0,2
0.1746987951807229,0.0,1.0,0.17464328001766033,0.0,1.0,2
0.2728413654618474,0.0,1.0,0.2726885949948824,0.0,1.0,2
0.37073293172690763,0.0,1.0,0.37073390997210454,0.0,1.0,2
0.46887550200803213,0.0,1.0,0.46877922494932667,0.0,1.0,2
0.5670180722891567,0.0,1.0,0.5668405948343334,0.0,1.0,2
0.661144578313253,0.0,1.0,0.6609624917216881,0.0,1.0,2
0.7552710843373494,0.0,1.0,0.755086395472516,0.0,1.0,2
0.8531626506024097,0.0,1.0,0.853131710449738,0.0,1.0,2
0.9513052208835342,0.0,1.0,0.95117702542696,0.0,1.0,2
0.04518072289156627,0.0,1.0,0.04523871641012256,0.0,1.0,2
0.14332329317269077,0.0,1.0,0.14328403138734463,0.0,1.0,2
0.24146586345381527,0.0,1.0,0.24132934636456677,0.0,1.0,2
0.3393574297188755,0.0,1.0,0.33937466134178884,0.0,1.0,2
0.4375,0.0,1.0,0.437419976319011,0.0,1.0,2
0.5356425702811245,0.0,1.0,0.5354813462040177,0.0,1.0,2
0.6297690763052209,0.0,1.0,0.6296032430913724,0.0,1.0,2
0.7238955823293173,0.0,1.0,0.7237271468422003,0.0,1.0,2
0.8217871485943775,0.0,1.0,0.8217724618194223,0.0,1.0,2
0.919929718875502,0.0,1.0,0.9198177767966444,0.0,1.0,2
0.014056224899598402,0.0,1.0,0.013879467779806864,0.0,1.0,2
0.11194779116465864,0.0,1.0,0.11192478275702894,0.0,1.0,2
0.21009036144578314,0.0,1.0,0.20997009773425107,0.0,1.0,2
0.3079819277108434,0.0,1.0,0.30801541271147315,0.0,1.0,2
0.40612449799196787,0.0,1.0,0.4060607276886953,0.0,1.0,2
0.5042670682730924,0.0,1.0,0.504122097573702,0.0,1.0,2
0.5983935742971888,0.0,1.0,0.5982439944610567,0.0,1.0,2
0.6925200803212852,0.0,1.0,0.6923678982118846,0.0,1.0,2
0.7866465863453815,0.0,1.0,0.7864918019627124,0.0,1.0,2
0.8845381526104419,0.0,1.0,0.8845371169399345,0.0,1.0,2
0.9826807228915664,0.0,1.0,0.9825824319171566,0.0,1.0,2
0.07680722891566266,0.0,1.0,0.07664412290031902,0.0,1.0,2
0.1746987951807229,0.0,1.0,0.1746894378775411,0.0,1.0,2
0.2728413654618474,0.0,1.0,0.27273475285476323,0.0,1.0,2
0.37073293172690763,0.0,1.0,0.37078006783198536,0.0,1.0,2
0.46887550200803213,0.0,1.0,0.46882538280920744,0.0,1.0,2
0.5670180722891567,0.0,1.0,0.5668847458307411,0.0,1.0,2
0.661144578313253,0.0,1.0,0.6610086495815689,0.0,1.0,2
0.7552710843373494,0.0,1.0,0.7551325533323967,0.0,1.0,2
0.8531626506024097,0.0,1.0,0.8531778683096188,0.0,1.0,2
0.9513052208835342,0.0,1.0,0.951223183286841,0.0,1.0,2
0.04543172690763053,0.0,1.0,0.045284874270003384,0.0,1.0,2
0.14332329317269077,0.0,1.0,0.14333018924722546,0.0,1.0,2
0.24146586345381527,0.0,1.0,0.2413755042244476,0.0,1.0,2
0.33960843373493976,0.0,1.0,0.33942081920166967,0.0,1.0,2
0.4375,0.0,1.0,0.43746613417889174,0.0,1.0,2
0.5356425702811245,0.0,1.0,0.5355254972004254,0.0,1.0,2
0.6297690763052209,0.0,1.0,0.6296494009512532,0.0,1.0,2
0.7238955823293173,0.0,1.0,0.723773304702081,0.0,1.0,2
0.8217871485943775,0.0,1.0,0.8218186196793031,0.0,1.0,2
0.919929718875502,0.0,1.0,0.9198639346565253,0.0,1.0,2
0.014056224899598402,0.0,1.0,0.013925625639687689,0.0,1.0,2
0.11194779116465864,0.0,1.0,0.11197094061690982,0.0,1.0,2
0.21009036144578314,0.0,1.0,0.2100162555941319,0.0,1.0,2
0.30823293172690763,0.0,1.0,0.30806157057135397,0.0,1.0,2
0.40612449799196787,0.0,1.0,0.4061068855485761,0.0,1.0,2
0.5042670682730924,0.0,1.0,0.5041682554335828,0.0,1.0,2
0.5983935742971888,0.0,1.0,0.5982901523209375,0.0,1.0,2
0.6925200803212852,0.0,1.0,0.6924140560717653,0.0,1.0,2
0.7866465863453815,0.0,1.0,0.7865379598225932,0.0,1.0,2
0.884789156626506,0.0,1.0,0.8845832747998152,0.0,1.0,2
0.9826807228915664,0.0,1.0,0.9826285897770374,0.0,1.0,2
0.07680722891566266,0.0,1.0,0.07669028076019985,0.0,1.0,2
0.1746987951807229,0.0,1.0,0.17473559573742192,0.0,1.0,2
0.2728413654618474,0.0,1.0,0.272780910714644,0.0,1.0,2
0.3709839357429719,0.0,1.0,0.3708262256918661,0.0,1.0,2
0.46887550200803213,0.0,1.0,0.4688715406690882,0.0,1.0,2
0.5670180722891567,0.0,1.0,0.5669309036906218,0.0,1.0,2
0.661144578313253,0.0,1.0,0.6610548074414497,0.0,1.0,2
0.7552710843373494,0.0,1.0,0.7551787111922775,0.0,1.0,2
0.8534136546184738,0.0,1.0,0.8532240261694997,0.0,1.0,2
0.9513052208835342,0.0,1.0,0.9512693411467217,0.0,1.0,2
0.04543172690763053,0.0,1.0,0.04533103212988415,0.0,1.0,2
0.14332329317269077,0.0,1.0,0.14337634710710628,0.0,1.0,2
0.24146586345381527,0.0,1.0,0.24142166208432836,0.0,1.0,2
0.33960843373493976,0.0,1.0,0.3394669770615505,0.0,1.0,2
0.4375,0.0,1.0,0.43751229203877257,0.0,1.0,2
0.5356425702811245,0.0,1.0,0.5355716550603062,0.0,1.0,2
0.6297690763052209,0.0,1.0,0.629695558811134,0.0,1.0,2
0.7238955823293173,0.0,1.0,0.7238194625619618,0.0,1.0,2
0.8220381526104418,0.0,1.0,0.8218647775391839,0.0,1.0,2
0.919929718875502,0.0,1.0,0.9199100925164061,0.0,1.0,2
0.014056224899598402,0.0,1.0,0.013971783499568458,0.0,1.0,2
0.1121987951807229,0.0,1.0,0.11201709847679059,0.0,1.0,2
0.21009036144578314,0.0,1.0,0.21006241345401266,0.0,1.0,2
0.30823293172690763,0.0,1.0,0.3081077284312348,0.0,1.0,2
0.40612449799196787,0.0,1.0,0.40615304340845687,0.0,1.0,2
0.5042670682730924,0.0,1.0,0.5042124064299905,0.0,1.0,2
0.5983935742971888,0.0,1.0,0.5983363101808183,0.0,1.0,2
0.6925200803212852,0.0,1.0,0.6924602139316461,0.0,1.0,2
0.7866465863453815,0.0,1.0,0.7865841176824739,0.0,1.0,2
0.884789156626506,0.0,1.0,0.8846294326596961,0.0,1.0,2
0.9826807228915664,0.0,1.0,0.9826747476369182,0.0,1.0,2
0.07680722891566266,0.0,1.0,0.07673643862008062,0.0,1.0,2
0.17494979919678716,0.0,1.0,0.17478175359730275,0.0,1.0,2
0.2728413654618474,0.0,1.0,0.2728270685745248,0.0,1.0,2
0.3709839357429719,0.0,1.0,0.3708723835517469,0.0,1.0,2
0.46887550200803213,0.0,1.0,0.46891769852896903,0.0,1.0,2
0.5670180722891567,0.0,1.0,0.5669770615505026,0.0,1.0,2
0.661144578313253,0.0,1.0,0.6611009653013304,0.0,1.0,2
0.7552710843373494,0.0,1.0,0.7552248690521584,0.0,1.0,2
0.8534136546184738,0.0,1.0,0.8532701840293804,0.0,1.0,2
0.9513052208835342,0.0,1.0,0.9513154990066025,0.0,1.0,2
0.04543172690763053,0.0,1.0,0.04537718998976492,0.0,1.0,2
0.14357429718875503,0.0,1.0,0.14342250496698705,0.0,1.0,2
0.24146586345381527,0.0,1.0,0.24146781994420913,0.0,1.0,2
0.33960843373493976,0.0,1.0,0.3395131349214312,0.0,1.0,2
0.43775100401606426,0.0,1.0,0.43755844989865333,0.0,1.0,2
0.5356425702811245,0.0,1.0,0.535617812920187,0.0,1.0,2
0.6297690763052209,0.0,1.0,0.6297417166710149,0.0,1.0,2
0.7238955823293173,0.0,1.0,0.7238656204218425,0.0,1.0,2
0.8220381526104418,0.0,1.0,0.8219109353990648,0.0,1.0,2
0.919929718875502,0.0,1.0,0.9199562503762868,0.0,1.0,2
0.014056224899598402,0.0,1.0,0.014017941359449226,0.0,1.0,2
0.1121987951807229,0.0,1.0,0.11206325633667136,0.0,1.0,2
0.21009036144578314,0.0,1.0,0.21010857131389343,0.0,1.0,2
0.30823293172690763,0.0,1.0,0.30815388629111556,0.0,1.0,2
0.40637550200803213,0.0,1.0,0.40619920126833764,0.0,1.0,2
0.5042670682730924,0.0,1.0,0.5042585642898713,0.0,1.0,2
0.5983935742971888,0.0,1.0,0.5983824680406992,0.0,1.0,2
0.6925200803212852,0.0,1.0,0.692506371791527,0.0,1.0,2
0.7866465863453815,0.0,1.0,0.7866302755423548,0.0,1.0,2
0.884789156626506,0.0,1.0,0.8846755905195769,0.0,1.0,2
0.9829317269076305,0.0,1.0,0.9827209054967989,0.0,1.0,2
0.07680722891566266,0.0,1.0,0.07678259647996138,0.0,1.0,2
0.17494979919678716,0.0,1.0,0.17482791145718352,0.0,1.0,2
0.2728413654618474,0.0,1.0,0.2728732264344056,0.0,1.0,2
0.3709839357429719,0.0,1.0,0.3709185414116277,0.0,1.0,2
0.4691265060240964,0.0,1.0,0.4689638563888498,0.0,1.0,2
0.5670180722891567,0.0,1.0,0.5670232194103835,0.0,1.0,2
0.661144578313253,0.0,1.0,0.6611471231612113,0.0,1.0,2
0.7552710843373494,0.0,1.0,0.7552710269120391,0.0,1.0,2
0.8534136546184738,0.0,1.0,0.8533163418892612,0.0,1.0,2
0.9515562248995983,0.0,1.0,0.9513616568664833,0.0,1.0,2
0.04543172690763053,0.0,1.0,0.04542334784964569,0.0,1.0,2
0.14357429718875503,0.0,1.0,0.14346866282686782,0.0,1.0,2
0.24146586345381527,0.0,1.0,0.2415139778040899,0.0,1.0,2
0.33960843373493976,0.0,1.0,0.339559292781312,0.0,1.0,2
0.43775100401606426,0.0,1.0,0.43760460775853416,0.0,1.0,2
0.5356425702811245,0.0,1.0,0.5356639707800678,0.0,1.0,2
0.6297690763052209,0.0,1.0,0.6297878745308956,0.0,1.0,2
0.7238955823293173,0.0,1.0,0.7239117782817235,0.0,1.0,2
0.8220381526104418,0.0,1.0,0.8219570932589455,0.0,1.0,2
0.9201807228915663,0.0,1.0,0.9200024082361676,0.0,1.0,2
0.014056224899598402,0.0,1.0,0.014064099219330106,0.0,1.0,2
0.1121987951807229,0.0,1.0,0.11210941419655218,0.0,1.0,2
0.2103413654618474,0.0,1.0,0.21015472917377426,0.0,1.0,2
0.30823293172690763,0.0,1.0,0.30820004415099633,0.0,1.0,2
0.40637550200803213,0.0,1.0,0.40624535912821846,0.0,1.0,2
0.5042670682730924,0.0,1.0,0.5043047221497521,0.0,1.0,2
0.5983935742971888,0.0,1.0,0.5984286259005799,0.0,1.0,2
0.6925200803212852,0.0,1.0,0.6925525296514077,0.0,1.0,2
0.7866465863453815,0.0,1.0,0.7866744265387624,0.0,1.0,2
0.884789156626506,0.0,1.0,0.8847197415159846,0.0,1.0,2
0.9829317269076305,0.0,1.0,0.9827650564932067,0.0,1.0,2
0.07680722891566266,0.0,1.0,0.07682875433984221,0.0,1.0,2
0.17494979919678716,0.0,1.0,0.17487406931706434,0.0,1.0,2
0.27309236947791166,0.0,1.0,0.27291737743081335,0.0,1.0,2
0.3709839357429719,0.0,1.0,0.3709626924080354,0.0,1.0,2
0.4691265060240964,0.0,1.0,0.4690080073852575,0.0,1.0,2
0.5672690763052209,0.0,1.0,0.5670693772702642,0.0,1.0,2
0.6613955823293173,0.0,1.0,0.6611932810210921,0.0,1.0,2
0.7555220883534137,0.0,1.0,0.7553171847719199,0.0,1.0,2
0.8534136546184738,0.0,1.0,0.853362499749142,0.0,1.0,2
0.9515562248995983,0.0,1.0,0.951405807862891,0.0,1.0,2
0.04543172690763053,0.0,1.0,0.04546950570952657,0.0,1.0,2
0.14357429718875503,0.0,1.0,0.14351482068674865,0.0,1.0,2
0.24171686746987953,0.0,1.0,0.24156013566397072,0.0,1.0,2
0.33960843373493976,0.0,1.0,0.3396054506411928,0.0,1.0,2
0.43775100401606426,0.0,1.0,0.43764875875494186,0.0,1.0,2
0.5358935742971888,0.0,1.0,0.5357101286399486,0.0,1.0,2
0.6300200803212852,0.0,1.0,0.6298340323907764,0.0,1.0,2
0.7241465863453815,0.0,1.0,0.7239579361416042,0.0,1.0,2
0.8220381526104418,0.0,1.0,0.8220032511188263,0.0,1.0,2
0.9201807228915663,0.0,1.0,0.9200485660960485,0.0,1.0,2
0.014056224899598402,0.0,1.0,0.014110257079210875,0.0,1.0,2
0.1121987951807229,0.0,1.0,0.11215557205643295,0.0,1.0,2
0.2103413654618474,0.0,1.0,0.21020088703365503,0.0,1.0,2
0.30823293172690763,0.0,1.0,0.30824620201087716,0.0,1.0,2
0.40637550200803213,0.0,1.0,0.40629151698809923,0.0,1.0,2
0.5045180722891567,0.0,1.0,0.5043508800096329,0.0,1.0,2
0.598644578313253,0.0,1.0,0.5984747837604607,0.0,1.0,2
0.6927710843373495,0.0,1.0,0.6925986875112885,0.0,1.0,2
0.7868975903614458,0.0,1.0,0.7867205843986433,0.0,1.0,2
0.884789156626506,0.0,1.0,0.8847658993758654,0.0,1.0,2
0.9829317269076305,0.0,1.0,0.9828112143530875,0.0,1.0,2
0.07705823293172692,0.0,1.0,0.07687290533624996,0.0,1.0,2
0.17494979919678716,0.0,1.0,0.17491822031347204,0.0,1.0,2
0.27309236947791166,0.0,1.0,0.2729635352906941,0.0,1.0,2
0.3709839357429719,0.0,1.0,0.3710088502679162,0.0,1.0,2
0.4691265060240964,0.0,1.0,0.4690541652451383,0.0,1.0,2
0.5672690763052209,0.0,1.0,0.567115535130145,0.0,1.0,2
0.6613955823293173,0.0,1.0,0.6612394388809728,0.0,1.0,2
0.7555220883534137,0.0,1.0,0.7553613357683275,0.0,1.0,2
0.8534136546184738,0.0,1.0,0.8534066507455498,0.0,1.0,2
0.9515562248995983,0.0,1.0,0.9514519657227718,0.0,1.0,2
0.04568273092369479,0.0,1.0,0.04551566356940734,0.0,1.0,2
0.14357429718875503,0.0,1.0,0.14355897168315634,0.0,1.0,2
0.24171686746987953,0.0,1.0,0.24160428666037848,0.0,1.0,2
0.33960843373493976,0.0,1.0,0.3396496016376005,0.0,1.0,2
0.43775100401606426,0.0,1.0,0.4376949166148226,0.0,1.0,2
0.5358935742971888,0.0,1.0,0.5357562864998293,0.0,1.0,2
0.6300200803212852,0.0,1.0,0.6298801902506572,0.0,1.0,2
0.7241465863453815,0.0,1.0,0.724002087138012,0.0,1.0,2
0.8220381526104418,0.0,1.0,0.822047402115234,0.0,1.0,2
0.9201807228915663,0.0,1.0,0.9200927170924562,0.0,1.0,2
0.014307228915662662,0.0,1.0,0.014156414939091644,0.0,1.0,2
0.1121987951807229,0.0,1.0,0.11220172991631372,0.0,1.0,2
0.2103413654618474,0.0,1.0,0.21024503803006278,0.0,1.0,2
0.3084839357429719,0.0,1.0,0.30829035300728486,0.0,1.0,2
0.40637550200803213,0.0,1.0,0.40633566798450693,0.0,1.0,2
0.5045180722891567,0.0,1.0,0.5043970378695136,0.0,1.0,2
0.598644578313253,0.0,1.0,0.5985209416203415,0.0,1.0,2
0.6927710843373495,0.0,1.0,0.6926448453711693,0.0,1.0,2
0.7868975903614458,0.0,1.0,0.786766742258524,0.0,1.0,2
0.884789156626506,0.0,1.0,0.8848120572357462,0.0,1.0,2
0.9829317269076305,0.0,1.0,0.9828573722129683,0.0,1.0,2
0.07705823293172692,0.0,1.0,0.07691906319613073,0.0,1.0,2
0.17494979919678716,0.0,1.0,0.1749643781733528,0.0,1.0,2
0.27309236947791166,0.0,1.0,0.2730096931505749,0.0,1.0,2
0.37123493975903615,0.0,1.0,0.371055008127797,0.0,1.0,2
0.4691265060240964,0.0,1.0,0.4691003231050191,0.0,1.0,2
0.5672690763052209,0.0,1.0,0.5671616929900258,0.0,1.0,2
0.6613955823293173,0.0,1.0,0.6612855967408536,0.0,1.0,2
0.7555220883534137,0.0,1.0,0.7554074936282085,0.0,1.0,2
0.8536646586345382,0.0,1.0,0.8534528086054305,0.0,1.0,2
0.9515562248995983,0.0,1.0,0.9514981235826525,0.0,1.0,2
0.04568273092369479,0.0,1.0,0.04555981456581504,0.0,1.0,2
0.14357429718875503,0.0,1.0,0.1436051295430371,0.0,1.0,2
0.24171686746987953,0.0,1.0,0.24165044452025924,0.0,1.0,2
0.339859437751004,0.0,1.0,0.3396957594974813,0.0,1.0,2
0.43775100401606426,0.0,1.0,0.43774107447470345,0.0,1.0,2
0.5358935742971888,0.0,1.0,0.5358024443597101,0.0,1.0,2
0.6300200803212852,0.0,1.0,0.6299263481105379,0.0,1.0,2
0.7241465863453815,0.0,1.0,0.7240482449978927,0.0,1.0,2
0.822289156626506,0.0,1.0,0.8220935599751148,0.0,1.0,2
0.9201807228915663,0.0,1.0,0.9201388749523369,0.0,1.0,2
0.014307228915662662,0.0,1.0,0.014200565935499343,0.0,1.0,2
0.1121987951807229,0.0,1.0,0.11224588091272147,0.0,1.0,2
0.2103413654618474,0.0,1.0,0.21029119588994355,0.0,1.0,2
0.3084839357429719,0.0,1.0,0.3083365108671656,0.0,1.0,2
0.40637550200803213,0.0,1.0,0.40638182584438776,0.0,1.0,2
0.5045180722891567,0.0,1.0,0.5044431957293944,0.0,1.0,2
0.598644578313253,0.0,1.0,0.5985670994802222,0.0,1.0,2
0.6927710843373495,0.0,1.0,0.6926889963675771,0.0,1.0,2
0.7868975903614458,0.0,1.0,0.7868129001184049,0.0,1.0,2
0.8850401606425704,0.0,1.0,0.884858215095627,0.0,1.0,2
0.9829317269076305,0.0,1.0,0.982903530072849,0.0,1.0,2
0.07705823293172692,0.0,1.0,0.0769652210560115,0.0,1.0,2
0.17520080321285142,0.0,1.0,0.17501053603323358,0.0,1.0,2
0.27309236947791166,0.0,1.0,0.2730558510104557,0.0,1.0,2
0.37123493975903615,0.0,1.0,0.3711011659876778,0.0,1.0,2
0.4691265060240964,0.0,1.0,0.4691464809648999,0.0,1.0,2
0.5672690763052209,0.0,1.0,0.5672078508499067,0.0,1.0,2
0.6613955823293173,0.0,1.0,0.6613297477372614,0.0,1.0,2
0.7555220883534137,0.0,1.0,0.7554536514880892,0.0,1.0,2
0.8536646586345382,0.0,1.0,0.8534989664653112,0.0,1.0,2
0.9515562248995983,0.0,1.0,0.9515442814425334,0.0,1.0,2
0.04568273092369479,0.0,1.0,0.04560597242569581,0.0,1.0,2
0.1438253012048193,0.0,1.0,0.14365128740291794,0.0,1.0,2
0.24171686746987953,0.0,1.0,0.24169660238014,0.0,1.0,2
0.339859437751004,0.0,1.0,0.33974191735736214,0.0,1.0,2
0.43775100401606426,0.0,1.0,0.4377872323345842,0.0,1.0,2
0.5358935742971888,0.0,1.0,0.535848602219591,0.0,1.0,2
0.6300200803212852,0.0,1.0,0.6299725059704188,0.0,1.0,2
0.7241465863453815,0.0,1.0,0.7240944028577735,0.0,1.0,2
0.822289156626506,0.0,1.0,0.8221397178349956,0.0,1.0,2
0.9201807228915663,0.0,1.0,0.9201850328122176,0.0,1.0,2
0.014307228915662662,0.0,1.0,0.014246723795380112,0.0,1.0,2
0.11244979919678716,0.0,1.0,0.11229203877260224,0.0,1.0,2
0.2103413654618474,0.0,1.0,0.21033735374982432,0.0,1.0,2
0.3084839357429719,0.0,1.0,0.30838266872704645,0.0,1.0,2
0.4066265060240964,0.0,1.0,0.4064279837042685,0.0,1.0,2
0.5045180722891567,0.0,1.0,0.5044893535892753,0.0,1.0,2
0.598644578313253,0.0,1.0,0.5986132573401031,0.0,1.0,2
0.6927710843373495,0.0,1.0,0.6927351542274578,0.0,1.0,2
0.7868975903614458,0.0,1.0,0.7868590579782857,0.0,1.0,2
0.8850401606425704,0.0,1.0,0.8849043729555077,0.0,1.0,2
0.9829317269076305,0.0,1.0,0.9829496879327299,0.0,1.0,2
0.07705823293172692,0.0,1.0,0.07701137891589227,0.0,1.0,2
0.17520080321285142,0.0,1.0,0.1750566938931144,0.0,1.0,2
0.27309236947791166,0.0,1.0,0.27310200887033653,0.0,1.0,2
0.37123493975903615,0.0,1.0,0.37114732384755855,0.0,1.0,2
0.46937751004016065,0.0,1.0,0.4691926388247807,0.0,1.0,2
0.5672690763052209,0.0,1.0,0.5672540087097874,0.0,1.0,2
0.6613955823293173,0.0,1.0,0.6613759055971422,0.0,1.0,2
0.7555220883534137,0.0,1.0,0.75549980934797,0.0,1.0,2
0.8536646586345382,0.0,1.0,0.8535451243251921,0.0,1.0,2
0.9518072289156627,0.0,1.0,0.9515904393024142,0.0,1.0,2
0.04568273092369479,0.0,1.0,0.045652130285576575,0.0,1.0,2
0.1438253012048193,0.0,1.0,0.14369744526279876,0.0,1.0,2
0.24171686746987953,0.0,1.0,0.24174276024002084,0.0,1.0,2
0.339859437751004,0.0,1.0,0.3397880752172429,0.0,1.0,2
0.4380020080321285,0.0,1.0,0.437833390194465,0.0,1.0,2
0.5358935742971888,0.0,1.0,0.5358947600794717,0.0,1.0,2
0.6300200803212852,0.0,1.0,0.6300166569668264,0.0,1.0,2
0.7241465863453815,0.0,1.0,0.7241405607176543,0.0,1.0,2
0.822289156626506,0.0,1.0,0.8221858756948764,0.0,1.0,2
0.9204317269076305,0.0,1.0,0.9202311906720986,0.0,1.0,2
0.014307228915662662,0.0,1.0,0.014292881655260936,0.0,1.0,2
0.11244979919678716,0.0,1.0,0.11233819663248307,0.0,1.0,2
0.2103413654618474,0.0,1.0,0.21038351160970514,0.0,1.0,2
0.3084839357429719,0.0,1.0,0.3084288265869272,0.0,1.0,2
0.4066265060240964,0.0,1.0,0.40647414156414935,0.0,1.0,2
0.5045180722891567,0.0,1.0,0.5045355114491561,0.0,1.0,2
0.598644578313253,0.0,1.0,0.5986574083365108,0.0,1.0,2
0.6927710843373495,0.0,1.0,0.6927813120873386,0.0,1.0,2
0.7868975903614458,0.0,1.0,0.7869052158381664,0.0,1.0,2
0.8850401606425704,0.0,1.0,0.8849505308153885,0.0,1.0,2
0.9831827309236949,0.0,1.0,0.9829958457926107,0.0,1.0,2
0.07705823293172692,0.0,1.0,0.0770575367757731,0.0,1.0,2
0.17520080321285142,0.0,1.0,0.17510285175299523,0.0,1.0,2
0.2733433734939759,0.0,1.0,0.27314816673021725,0.0,1.0,2
0.37123493975903615,0.0,1.0,0.3711934817074394,0.0,1.0,2
0.46937751004016065,0.0,1.0,0.4692387966846615,0.0,1.0,2
0.5672690763052209,0.0,1.0,0.5673001665696682,0.0,1.0,2
0.6613955823293173,0.0,1.0,0.6614220634570229,0.0,1.0,2
0.7555220883534137,0.0,1.0,0.7555459672078508,0.0,1.0,2
0.8536646586345382,0.0,1.0,0.8535912821850729,0.0,1.0,2
0.9518072289156627,0.0,1.0,0.951636597162295,0.0,1.0,2
0.04568273092369479,0.0,1.0,0.0456982881454574,0.0,1.0,2
0.1438253012048193,0.0,1.0,0.14374360312267953,0.0,1.0,2
0.2419678714859438,0.0,1.0,0.2417889180999016,0.0,1.0,2
0.339859437751004,0.0,1.0,0.3398342330771237,0.0,1.0,2
0.4380020080321285,0.0,1.0,0.4378795480543458,0.0,1.0,2
0.5358935742971888,0.0,1.0,0.5359409179393525,0.0,1.0,2
0.6300200803212852,0.0,1.0,0.6300628148267073,0.0,1.0,2
0.7241465863453815,0.0,1.0,0.7241867185775351,0.0,1.0,2
0.822289156626506,0.0,1.0,0.8222320335547573,0.0,1.0,2
0.9204317269076305,0.0,1.0,0.9202773485319793,0.0,1.0,2
0.014307228915662662,0.0,1.0,0.01433903951514176,0.0,1.0,2
0.11244979919678716,0.0,1.0,0.11238435449236384,0.0,1.0,2
0.21059236947791166,0.0,1.0,0.2104296694695859,0.0,1.0,2
0.3084839357429719,0.0,1.0,0.308474984446808,0.0,1.0,2
0.4066265060240964,0.0,1.0,0.4065202994240301,0.0,1.0,2
0.5047690763052209,0.0,1.0,0.5045816693090368,0.0,1.0,2
0.5988955823293173,0.0,1.0,0.5987035661963915,0.0,1.0,2
0.6930220883534137,0.0,1.0,0.6928274699472194,0.0,1.0,2
0.7871485943775101,0.0,1.0,0.7869513736980472,0.0,1.0,2
0.8850401606425704,0.0,1.0,0.8849966886752694,0.0,1.0,2
0.9831827309236949,0.0,1.0,0.9830420036524914,0.0,1.0,2
0.07705823293172692,0.0,1.0,0.07710369463565386,0.0,1.0,2
0.17520080321285142,0.0,1.0,0.175149009612876,0.0,1.0,2
0.2733433734939759,0.0,1.0,0.27319432459009807,0.0,1.0,2
0.37123493975903615,0.0,1.0,0.3712396395673202,0.0,1.0,2
0.46937751004016065,0.0,1.0,0.4692849545445423,0.0,1.0,2
0.5675200803212852,0.0,1.0,0.567344317566076,0.0,1.0,2
0.6616465863453815,0.0,1.0,0.6614682213169037,0.0,1.0,2
0.7557730923694779,0.0,1.0,0.7555921250677315,0.0,1.0,2
0.8536646586345382,0.0,1.0,0.8536374400449537,0.0,1.0,2
0.9518072289156627,0.0,1.0,0.9516827550221758,0.0,1.0,2
0.04568273092369479,0.0,1.0,0.045744446005338224,0.0,1.0,2
0.1438253012048193,0.0,1.0,0.1437897609825603,0.0,1.0,2
0.2419678714859438,0.0,1.0,0.24183507595978238,0.0,1.0,2
0.339859437751004,0.0,1.0,0.3398803909370045,0.0,1.0,2
0.4380020080321285,0.0,1.0,0.4379257059142266,0.0,1.0,2
0.536144578313253,0.0,1.0,0.5359850689357603,0.0,1.0,2
0.6302710843373495,0.0,1.0,0.630108972686588,0.0,1.0,2
0.7243975903614458,0.0,1.0,0.7242328764374159,0.0,1.0,2
0.822289156626506,0.0,1.0,0.822278191414638,0.0,1.0,2
0.9204317269076305,0.0,1.0,0.92032350639186,0.0,1.0,2
0.014558232931726922,0.0,1.0,0.01438519737502253,0.0,1.0,2
0.11244979919678716,0.0,1.0,0.1124305123522446,0.0,1.0,2
0.21059236947791166,0.0,1.0,0.21047582732946668,0.0,1.0,2
0.3084839357429719,0.0,1.0,0.3085211423066888,0.0,1.0,2
0.4066265060240964,0.0,1.0,0.40656645728391094,0.0,1.0,2
0.5047690763052209,0.0,1.0,0.5046278271689176,0.0,1.0,2
0.5988955823293173,0.0,1.0,0.5987497240562724,0.0,1.0,2
0.6930220883534137,0.0,1.0,0.6928736278071002,0.0,1.0,2
0.7871485943775101,0.0,1.0,0.7869975315579281,0.0,1.0,2
0.8850401606425704,0.0,1.0,0.8850428465351501,0.0,1.0,2
0.9831827309236949,0.0,1.0,0.9830881615123722,0.0,1.0,2
0.07730923694779118,0.0,1.0,0.07714985249553469,0.0,1.0,2
0.17520080321285142,0.0,1.0,0.17519516747275676,0.0,1.0,2
0.2733433734939759,0.0,1.0,0.2732404824499789,0.0,1.0,2
0.37123493975903615,0.0,1.0,0.37128579742720097,0.0,1.0,2
0.46937751004016065,0.0,1.0,0.46933111240442305,0.0,1.0,2
0.5675200803212852,0.0,1.0,0.5673904754259567,0.0,1.0,2
0.6616465863453815,0.0,1.0,0.6615143791767846,0.0,1.0,2
0.7557730923694779,0.0,1.0,0.7556382829276124,0.0,1.0,2
0.8536646586345382,0.0,1.0,0.8536835979048345,0.0,1.0,2
0.9518072289156627,0.0,1.0,0.9517289128820565,0.0,1.0,2
0.04593373493975905,0.0,1.0,0.04579060386521899,0.0,1.0,2
0.1438253012048193,0.0,1.0,0.14383591884244107,0.0,1.0,2
0.2419678714859438,0.0,1.0,0.24188123381966314,0.0,1.0,2
0.3401104417670683,0.0,1.0,0.33992654879688533,0.0,1.0,2
0.4380020080321285,0.0,1.0,0.43797186377410735,0.0,1.0,2
0.536144578313253,0.0,1.0,0.5360312267956411,0.0,1.0,2
0.6302710843373495,0.0,1.0,0.6301551305464689,0.0,1.0,2
0.7243975903614458,0.0,1.0,0.7242790342972967,0.0,1.0,2
0.822289156626506,0.0,1.0,0.8223243492745188,0.0,1.0,2
0.9204317269076305,0.0,1.0,0.9203696642517409,0.0,1.0,2
0.014558232931726922,0.0,1.0,0.014431355234903298,0.0,1.0,2
0.11244979919678716,0.0,1.0,0.11247667021212537,0.0,1.0,2
0.21059236947791166,0.0,1.0,0.21052198518934756,0.0,1.0,2
0.30873493975903615,0.0,1.0,0.30856730016656964,0.0,1.0,2
0.4066265060240964,0.0,1.0,0.4066126151437917,0.0,1.0,2
0.5047690763052209,0.0,1.0,0.5046719781653254,0.0,1.0,2
0.5988955823293173,0.0,1.0,0.5987958819161532,0.0,1.0,2
0.6930220883534137,0.0,1.0,0.692919785666981,0.0,1.0,2
0.7871485943775101,0.0,1.0,0.7870436894178088,0.0,1.0,2
0.8852911646586346,0.0,1.0,0.885089004395031,0.0,1.0,2
0.9831827309236949,0.0,1.0,0.983134319372253,0.0,1.0,2
0.07730923694779118,0.0,1.0,0.07719601035541551,0.0,1.0,2
0.17520080321285142,0.0,1.0,0.1752413253326376,0.0,1.0,2
0.2733433734939759,0.0,1.0,0.27328664030985966,0.0,1.0,2
0.3714859437751004,0.0,1.0,0.37133195528708174,0.0,1.0,2
0.46937751004016065,0.0,1.0,0.46937727026430387,0.0,1.0,2
0.1453313253012048,0.128,1.0,0.145353107628088,0.12498400921069462,1.0,4
0.24347389558232935,0.128,1.0,0.24339842260531008,0.12498400921069462,1.0,4
0.34161646586345384,0.128,1.0,0.3414437375825322,0.12498400921069462,1.0,4
0.4395080321285141,0.128,1.0,0.4394870456962812,0.12498400921069462,1.0,4
0.5376506024096386,0.128,1.0,0.537548415581288,0.12498400921069462,1.0,4
0.6317771084337349,0.128,1.0,0.6316723193321158,0.12498400921069462,1.0,4
0.7259036144578314,0.128,1.0,0.7257962230829436,0.12498400921069462,1.0,4
0.8240461847389559,0.128,1.0,0.8238415380601657,0.12498400921069462,1.0,4
0.9219377510040161,0.128,1.0,0.9218868530373878,0.12498400921069462,1.0,4
0.016064257028112483,0.128,1.0,0.015948544020550237,0.12498400921069462,1.0,4
0.11395582329317266,0.128,1.0,0.11399385899777231,0.12498400921069462,1.0,4
0.21209839357429722,0.128,1.0,0.21203917397499444,0.12498400921069462,1.0,4
0.31024096385542166,0.128,1.0,0.3100844889522165,0.12498400921069462,1.0,4
0.40813253012048195,0.128,1.0,0.4081298039294386,0.12498400921069462,1.0,4
0.5062751004016065,0.128,1.0,0.5061891669509723,0.12498400921069462,1.0,4
0.6004016064257028,0.128,1.0,0.6003130707018001,0.12498400921069462,1.0,4
0.6945281124497993,0.128,1.0,0.694436974452628,0.12498400921069462,1.0,4
0.7886546184738956,0.128,1.0,0.7885588713399827,0.12498400921069462,1.0,4
0.8867971887550201,0.128,1.0,0.8866041863172047,0.12498400921069462,1.0,4
0.9846887550200805,0.128,1.0,0.9846495012944269,0.12498400921069462,1.0,4
0.07881526104417674,0.128,1.0,0.0787131991410624,0.12498400921069462,1.0,4
0.17670682730923692,0.128,1.0,0.1767565072548114,0.12498400921069462,1.0,4
0.2748493975903614,0.128,1.0,0.27480182223203353,0.12498400921069462,1.0,4
0.3729919678714859,0.128,1.0,0.3728471372092556,0.12498400921069462,1.0,4
0.4708835341365462,0.128,1.0,0.4708924521864777,0.12498400921069462,1.0,4
0.5690261044176708,0.128,1.0,0.5689538220714844,0.12498400921069462,1.0,4
0.6631526104417671,0.128,1.0,0.6630777258223123,0.12498400921069462,1.0,4
0.7572791164658634,0.128,1.0,0.7571996227096669,0.12498400921069462,1.0,4
0.8554216867469879,0.128,1.0,0.8552449376868891,0.12498400921069462,1.0,4
0.9533132530120483,0.128,1.0,0.9532902526641112,0.12498400921069462,1.0,4
0.04743975903614461,0.128,1.0,0.0473539505107467,0.12498400921069462,1.0,4
0.1455823293172691,0.128,1.0,0.14539926548796878,0.12498400921069462,1.0,4
0.24347389558232935,0.128,1.0,0.24344257360171784,0.12498400921069462,1.0,4
0.34161646586345384,0.128,1.0,0.3414878885789399,0.12498400921069462,1.0,4
0.4395080321285141,0.128,1.0,0.439533203556162,0.12498400921069462,1.0,4
0.5376506024096386,0.128,1.0,0.5375945734411687,0.12498400921069462,1.0,4
0.6317771084337349,0.128,1.0,0.6317184771919966,0.12498400921069462,1.0,4
0.7259036144578314,0.128,1.0,0.7258423809428244,0.12498400921069462,1.0,4
0.8240461847389559,0.128,1.0,0.8238856890565733,0.12498400921069462,1.0,4
0.9219377510040161,0.128,1.0,0.9219310040337956,0.12498400921069462,1.0,4
0.016064257028112483,0.128,1.0,0.015994701880431006,0.12498400921069462,1.0,4
0.11420682730923698,0.128,1.0,0.11404001685765308,0.12498400921069462,1.0,4
0.21209839357429722,0.128,1.0,0.2120853318348752,0.12498400921069462,1.0,4
0.31024096385542166,0.128,1.0,0.3101286399486243,0.12498400921069462,1.0,4
0.40813253012048195,0.128,1.0,0.4081739549258463,0.12498400921069462,1.0,4
0.5062751004016065,0.128,1.0,0.5062353248108531,0.12498400921069462,1.0,4
0.6004016064257028,0.128,1.0,0.6003592285616809,0.12498400921069462,1.0,4
0.6945281124497993,0.128,1.0,0.6944831323125087,0.12498400921069462,1.0,4
0.7886546184738956,0.128,1.0,0.7886050291998634,0.12498400921069462,1.0,4
0.8867971887550201,0.128,1.0,0.8866503441770855,0.12498400921069462,1.0,4
0.9846887550200805,0.128,1.0,0.9846956591543077,0.12498400921069462,1.0,4
0.07881526104417674,0.128,1.0,0.0787573501374701,0.12498400921069462,1.0,4
0.17695783132530124,0.128,1.0,0.17680266511469217,0.12498400921069462,1.0,4
0.2748493975903614,0.128,1.0,0.27484798009191425,0.12498400921069462,1.0,4
0.3729919678714859,0.128,1.0,0.3728932950691364,0.12498400921069462,1.0,4
0.47113453815261047,0.128,1.0,0.4709386100463585,0.12498400921069462,1.0,4
0.5690261044176708,0.128,1.0,0.5689999799313652,0.12498400921069462,1.0,4
0.6631526104417671,0.128,1.0,0.663123883682193,0.12498400921069462,1.0,4
0.7572791164658634,0.128,1.0,0.7572457805695478,0.12498400921069462,1.0,4
0.8554216867469879,0.128,1.0,0.8552910955467699,0.12498400921069462,1.0,4
0.9533132530120483,0.128,1.0,0.953336410523992,0.12498400921069462,1.0,4
0.04743975903614461,0.128,1.0,0.0473981015071544,0.12498400921069462,1.0,4
0.1455823293172691,0.128,1.0,0.14544341648437653,0.12498400921069462,1.0,4
0.24347389558232935,0.128,1.0,0.2434887314615986,0.12498400921069462,1.0,4
0.34161646586345384,0.128,1.0,0.3415340464388207,0.12498400921069462,1.0,4
0.43975903614457834,0.128,1.0,0.4395793614160428,0.12498400921069462,1.0,4
0.5376506024096386,0.128,1.0,0.5376407313010495,0.12498400921069462,1.0,4
0.6317771084337349,0.128,1.0,0.6317646350518773,0.12498400921069462,1.0,4
0.7259036144578314,0.128,1.0,0.7258865319392321,0.12498400921069462,1.0,4
0.8240461847389559,0.128,1.0,0.8239318469164542,0.12498400921069462,1.0,4
0.9221887550200804,0.128,1.0,0.9219771618936763,0.12498400921069462,1.0,4
0.016064257028112483,0.128,1.0,0.016038852876838705,0.12498400921069462,1.0,4
0.11420682730923698,0.128,1.0,0.11408416785406084,0.12498400921069462,1.0,4
0.21209839357429722,0.128,1.0,0.2121294828312829,0.12498400921069462,1.0,4
0.31024096385542166,0.128,1.0,0.31017479780850504,0.12498400921069462,1.0,4
0.4083835341365462,0.128,1.0,0.4082201127857271,0.12498400921069462,1.0,4
0.5062751004016065,0.128,1.0,0.5062814826707338,0.12498400921069462,1.0,4
0.6004016064257028,0.128,1.0,0.6004053864215617,0.12498400921069462,1.0,4
0.6945281124497993,0.128,1.0,0.6945272833089164,0.12498400921069462,1.0,4
0.7886546184738956,0.128,1.0,0.7886511870597442,0.12498400921069462,1.0,4
0.8867971887550201,0.128,1.0,0.8866965020369664,0.12498400921069462,1.0,4
0.9849397590361446,0.128,1.0,0.9847418170141884,0.12498400921069462,1.0,4
0.07881526104417674,0.128,1.0,0.07880350799735086,0.12498400921069462,1.0,4
0.17695783132530124,0.128,1.0,0.17684882297457294,0.12498400921069462,1.0,4
0.2748493975903614,0.128,1.0,0.27489413795179507,0.12498400921069462,1.0,4
0.3729919678714859,0.128,1.0,0.3729394529290172,0.12498400921069462,1.0,4
0.47113453815261047,0.128,1.0,0.4709847679062393,0.12498400921069462,1.0,4
0.5690261044176708,0.128,1.0,0.569046137791246,0.12498400921069462,1.0,4
0.6631526104417671,0.128,1.0,0.6631700415420738,0.12498400921069462,1.0,4
0.7572791164658634,0.128,1.0,0.7572919384294285,0.12498400921069462,1.0,4
0.8554216867469879,0.128,1.0,0.8553372534066506,0.12498400921069462,1.0,4
0.9535642570281124,0.128,1.0,0.9533825683838728,0.12498400921069462,1.0,4
0.04743975903614461,0.128,1.0,0.04744425936703517,0.12498400921069462,1.0,4
0.1455823293172691,0.128,1.0,0.1454895743442573,0.12498400921069462,1.0,4
0.2437248995983936,0.128,1.0,0.24353488932147938,0.12498400921069462,1.0,4
0.34161646586345384,0.128,1.0,0.3415802042987015,0.12498400921069462,1.0,4
0.43975903614457834,0.128,1.0,0.4396255192759236,0.12498400921069462,1.0,4
0.5376506024096386,0.128,1.0,0.5376868891609303,0.12498400921069462,1.0,4
0.6317771084337349,0.128,1.0,0.6318107929117581,0.12498400921069462,1.0,4
0.7259036144578314,0.128,1.0,0.7259326897991129,0.12498400921069462,1.0,4
0.8240461847389559,0.128,1.0,0.823978004776335,0.12498400921069462,1.0,4
0.9221887550200804,0.128,1.0,0.9220233197535571,0.12498400921069462,1.0,4
0.016064257028112483,0.128,1.0,0.01608501073671953,0.12498400921069462,1.0,4
0.11420682730923698,0.128,1.0,0.11413032571394166,0.12498400921069462,1.0,4
0.21234939759036148,0.128,1.0,0.21217564069116374,0.12498400921069462,1.0,4
0.31024096385542166,0.128,1.0,0.3102209556683858,0.12498400921069462,1.0,4
0.4083835341365462,0.128,1.0,0.40826627064560794,0.12498400921069462,1.0,4
0.5065261044176707,0.128,1.0,0.5063276405306146,0.12498400921069462,1.0,4
0.6006526104417671,0.128,1.0,0.6004515442814424,0.12498400921069462,1.0,4
0.6947791164658634,0.128,1.0,0.6945734411687972,0.12498400921069462,1.0,4
0.7889056224899599,0.128,1.0,0.7886973449196251,0.12498400921069462,1.0,4
0.8867971887550201,0.128,1.0,0.8867426598968471,0.12498400921069462,1.0,4
0.9849397590361446,0.128,1.0,0.9847879748740693,0.12498400921069462,1.0,4
0.07881526104417674,0.128,1.0,0.07884966585723169,0.12498400921069462,1.0,4
0.17695783132530124,0.128,1.0,0.17689498083445382,0.12498400921069462,1.0,4
0.2751004016064257,0.128,1.0,0.2749402958116759,0.12498400921069462,1.0,4
0.3729919678714859,0.128,1.0,0.37298561078889797,0.12498400921069462,1.0,4
0.47113453815261047,0.128,1.0,0.47103092576612005,0.12498400921069462,1.0,4
0.5692771084337349,0.128,1.0,0.5690922956511268,0.12498400921069462,1.0,4
0.6634036144578314,0.128,1.0,0.6632141925384816,0.12498400921069462,1.0,4
0.7575301204819278,0.128,1.0,0.7573380962893094,0.12498400921069462,1.0,4
0.8554216867469879,0.128,1.0,0.8553834112665315,0.12498400921069462,1.0,4
0.9535642570281124,0.128,1.0,0.9534287262437535,0.12498400921069462,1.0,4
0.04743975903614461,0.128,1.0,0.04749041722691599,0.12498400921069462,1.0,4
0.1455823293172691,0.128,1.0,0.14553573220413812,0.12498400921069462,1.0,4
0.2437248995983936,0.128,1.0,0.2435810471813602,0.12498400921069462,1.0,4
0.34161646586345384,0.128,1.0,0.34162636215858233,0.12498400921069462,1.0,4
0.43975903614457834,0.128,1.0,0.4396716771358044,0.12498400921069462,1.0,4
0.5379016064257028,0.128,1.0,0.5377330470208112,0.12498400921069462,1.0,4
0.6320281124497993,0.128,1.0,0.6318549439081659,0.12498400921069462,1.0,4
0.7261546184738956,0.128,1.0,0.7259788476589937,0.12498400921069462,1.0,4
0.8240461847389559,0.128,1.0,0.8240241626362158,0.12498400921069462,1.0,4
0.9221887550200804,0.128,1.0,0.9220694776134379,0.12498400921069462,1.0,4
0.016315261044176688,0.128,1.0,0.016131168596600354,0.12498400921069462,1.0,4
0.11420682730923698,0.128,1.0,0.11417648357382243,0.12498400921069462,1.0,4
0.21234939759036148,0.128,1.0,0.2122217985510445,0.12498400921069462,1.0,4
0.31024096385542166,0.128,1.0,0.31026711352826664,0.12498400921069462,1.0,4
0.4083835341365462,0.128,1.0,0.4083124285054887,0.12498400921069462,1.0,4
0.5065261044176707,0.128,1.0,0.5063737983904955,0.12498400921069462,1.0,4
0.6006526104417671,0.128,1.0,0.6004977021413233,0.12498400921069462,1.0,4
0.6947791164658634,0.128,1.0,0.694619599028678,0.12498400921069462,1.0,4
0.7889056224899599,0.128,1.0,0.7887435027795058,0.12498400921069462,1.0,4
0.8867971887550201,0.128,1.0,0.8867888177567279,0.12498400921069462,1.0,4
0.9849397590361446,0.128,1.0,0.98483413273395,0.12498400921069462,1.0,4
0.07906626506024095,0.128,1.0,0.07889582371711246,0.12498400921069462,1.0,4
0.17695783132530124,0.128,1.0,0.1769411386943346,0.12498400921069462,1.0,4
0.2751004016064257,0.128,1.0,0.27498645367155666,0.12498400921069462,1.0,4
0.3729919678714859,0.128,1.0,0.37303176864877874,0.12498400921069462,1.0,4
0.47113453815261047,0.128,1.0,0.47107708362600087,0.12498400921069462,1.0,4
0.5692771084337349,0.128,1.0,0.5691384535110076,0.12498400921069462,1.0,4
0.6634036144578314,0.128,1.0,0.6632603503983623,0.12498400921069462,1.0,4
0.7575301204819278,0.128,1.0,0.7573842541491902,0.12498400921069462,1.0,4
0.8554216867469879,0.128,1.0,0.8554295691264122,0.12498400921069462,1.0,4
0.9535642570281124,0.128,1.0,0.9534748841036343,0.12498400921069462,1.0,4
0.04769076305220882,0.128,1.0,0.04753657508679682,0.12498400921069462,1.0,4
0.1455823293172691,0.128,1.0,0.1455818900640189,0.12498400921069462,1.0,4
0.2437248995983936,0.128,1.0,0.24362720504124097,0.12498400921069462,1.0,4
0.3418674698795181,0.128,1.0,0.34167252001846304,0.12498400921069462,1.0,4
0.43975903614457834,0.128,1.0,0.4397178349956852,0.12498400921069462,1.0,4
0.5379016064257028,0.128,1.0,0.5377792048806919,0.12498400921069462,1.0,4
0.5020080321285141,0.0,0.0,0.5019306026611009,0.0,0.0,4
0.4236947791164659,0.0,1.0,0.423540508539204,0.0,1.0,4
0.5215863453815262,0.0,1.0,0.5216018784242107,0.0,1.0,4
0.6157128514056225,0.0,1.0,0.6157237753115655,0.0,1.0,4
0.7098393574297189,0.0,1.0,0.7098476790623933,0.0,1.0,4
0.8079819277108434,0.0,1.0,0.8078929940396153,0.0,1.0,4
0.9061244979919679,0.0,1.0,0.9059383090168375,0.0,1.0,4
0.0,0.0,1.0,0.0,0.0,1.0,4
0.0981425702811245,0.0,1.0,0.09804531497722202,0.0,1.0,4
0.19603413654618473,0.0,1.0,0.19609062995444415,0.0,1.0,4
0.29417670682730923,0.0,1.0,0.2941359449316662,0.0,1.0,4
0.39231927710843373,0.0,1.0,0.39218125990888836,0.0,1.0,4
0.490210843373494,0.0,1.0,0.49022657488611043,0.0,1.0,4
0.5883534136546185,0.0,1.0,0.5882879447711171,0.0,1.0,4
0.6824799196787149,0.0,1.0,0.6824098416584718,0.0,1.0,4
0.7766064257028114,0.0,1.0,0.7765337454092998,0.0,1.0,4
0.8747489959839359,0.0,1.0,0.8745790603865218,0.0,1.0,4
0.972640562248996,0.0,1.0,0.9726243753637439,0.0,1.0,4
0.06676706827309237,0.0,1.0,0.06668606634690638,0.0,1.0,4
0.16490963855421686,0.0,1.0,0.16473138132412846,0.0,1.0,4
0.26280120481927716,0.0,1.0,0.2627766963013506,0.0,1.0,4
0.3609437751004016,0.0,1.0,0.36082201127857266,0.0,1.0,4
0.4588353413654619,0.0,1.0,0.45886732625579474,0.0,1.0,4
0.5569779116465864,0.0,1.0,0.5569286961408014,0.0,1.0,4
0.6511044176706827,0.0,1.0,0.6510505930281563,0.0,1.0,4
0.7452309236947792,0.0,1.0,0.7451744967789841,0.0,1.0,4
0.8433734939759037,0.0,1.0,0.8432198117562062,0.0,1.0,4
0.9412650602409639,0.0,1.0,0.9412651267334282,0.0,1.0,4
0.03539156626506024,0.0,1.0,0.035326817716590686,0.0,1.0,4
0.13353413654618473,0.0,1.0,0.13337213269381276,0.0,1.0,4
0.23142570281124497,0.0,1.0,0.23141744767103484,0.0,1.0,4
0.32956827309236947,0.0,1.0,0.329462762648257,0.0,1.0,4
0.42745983935742976,0.0,1.0,0.42750807762547904,0.0,1.0,4
0.5256024096385542,0.0,1.0,0.5255694475104858,0.0,1.0,4
0.6197289156626506,0.0,1.0,0.6196913443978406,0.0,1.0,4
0.713855421686747,0.0,1.0,0.7138152481486684,0.0,1.0,4
0.8119979919678715,0.0,1.0,0.8118605631258905,0.0,1.0,4
0.9098895582329318,0.0,1.0,0.9099058781031126,0.0,1.0,4
0.004016064257028107,0.0,1.0,0.003967569086275047,0.0,1.0,4
0.1021586345381526,0.0,1.0,0.10201288406349712,0.0,1.0,4
0.20005020080321284,0.0,1.0,0.20005819904071925,0.0,1.0,4
0.29819277108433734,0.0,1.0,0.29810351401794133,0.0,1.0,4
0.3963353413654619,0.0,1.0,0.3961488289951634,0.0,1.0,4
0.4942269076305221,0.0,1.0,0.4941941439723855,0.0,1.0,4
0.5923694779116466,0.0,1.0,0.5922555138573922,0.0,1.0,4
0.686495983935743,0.0,1.0,0.686377410744747,0.0,1.0,4
0.7806224899598394,0.0,1.0,0.7805013144955748,0.0,1.0,4
0.8785140562248996,0.0,1.0,0.8785466294727968,0.0,1.0,4
0.9766566265060241,0.0,1.0,0.9765919444500191,0.0,1.0,4
0.07078313253012047,0.0,1.0,0.07065363543318143,0.0,1.0,4
0.1686746987951807,0.0,1.0,0.16869895041040356,0.0,1.0,4
0.2668172690763052,0.0,1.0,0.26674426538762563,0.0,1.0,4
0.3649598393574297,0.0,1.0,0.3647895803648477,0.0,1.0,4
0.46285140562249,0.0,1.0,0.4628348953420698,0.0,1.0,4
0.5609939759036144,0.0,1.0,0.5608962652270766,0.0,1.0,4
0.6551204819277109,0.0,1.0,0.6550181621144313,0.0,1.0,4
0.7492469879518073,0.0,1.0,0.7491420658652591,0.0,1.0,4
0.8473895582329317,0.0,1.0,0.8471873808424812,0.0,1.0,4
0.945281124497992,0.0,1.0,0.9452326958197033,0.0,1.0,4
0.039407630522088344,0.0,1.0,0.03929438680286579,0.0,1.0,4
0.13729919678714858,0.0,1.0,0.13733970178008786,0.0,1.0,4
0.23544176706827308,0.0,1.0,0.23538501675730994,0.0,1.0,4
0.33358433734939763,0.0,1.0,0.33343033173453207,0.0,1.0,4
0.43147590361445787,0.0,1.0,0.43147564671175415,0.0,1.0,4
0.5296184738955824,0.0,1.0,0.5295370165967609,0.0,1.0,4
0.6237449799196787,0.0,1.0,0.6236589134841156,0.0,1.0,4
0.7178714859437751,0.0,1.0,0.7177828172349434,0.0,1.0,4
0.8160140562248996,0.0,1.0,0.8158281322121655,0.0,1.0,4
0.9139056224899599,0.0,1.0,0.9138734471893877,0.0,1.0,4
0.008032128514056214,0.0,1.0,0.007935138172550094,0.0,1.0,4
0.10592369477911645,0.0,1.0,0.10598045314977217,0.0,1.0,4
0.20406626506024095,0.0,1.0,0.20402576812699424,0.0,1.0,4
0.30220883534136544,0.0,1.0,0.3020710831042164,0.0,1.0,4
0.4001004016064257,0.0,1.0,0.40011639808143845,0.0,1.0,4
0.49824297188755023,0.0,1.0,0.4981617130586605,0.0,1.0,4
0.5963855421686748,0.0,1.0,0.5962230829436672,0.0,1.0,4
0.6905120481927711,0.0,1.0,0.690344979831022,0.0,1.0,4
0.7846385542168675,0.0,1.0,0.7844688835818499,0.0,1.0,4
0.8825301204819278,0.0,1.0,0.8825141985590719,0.0,1.0,4
0.9806726907630523,0.0,1.0,0.9805595135362941,0.0,1.0,4
0.07479919678714864,0.0,1.0,0.07462120451945647,0.0,1.0,4
0.17269076305220882,0.0,1.0,0.1726665194966786,0.0,1.0,4
0.27083333333333337,0.0,1.0,0.2707118344739007,0.0,1.0,4
0.3687248995983936,0.0,1.0,0.3687571494511228,0.0,1.0,4
0.4668674698795181,0.0,1.0,0.4668024644283449,0.0,1.0,4
0.5650100401606426,0.0,1.0,0.5648638343133516,0.0,1.0,4
0.6591365461847389,0.0,1.0,0.6589877380641794,0.0,1.0,4
0.7532630522088353,0.0,1.0,0.7531096349515342,0.0,1.0,4
0.8511546184738956,0.0,1.0,0.8511549499287563,0.0,1.0,4
0.9492971887550201,0.0,1.0,0.9492002649059783,0.0,1.0,4
0.043423694779116506,0.0,1.0,0.04326195588914078,0.0,1.0,4
0.1413152610441767,0.0,1.0,0.1413072708663629,0.0,1.0,4
0.23945783132530118,0.0,1.0,0.239352585843585,0.0,1.0,4
0.3373493975903614,0.0,1.0,0.3373979008208071,0.0,1.0,4
0.435491967871486,0.0,1.0,0.4354432157980292,0.0,1.0,4
0.5336345381526104,0.0,1.0,0.5335045856830359,0.0,1.0,4
0.6277610441767069,0.0,1.0,0.6276284894338637,0.0,1.0,4
0.7218875502008033,0.0,1.0,0.7217503863212185,0.0,1.0,4
0.8197791164658634,0.0,1.0,0.8197957012984406,0.0,1.0,4
0.9179216867469879,0.0,1.0,0.9178410162756627,0.0,1.0,4
0.012048192771084376,0.0,1.0,0.01190270725882514,0.0,1.0,4
0.10993975903614456,0.0,1.0,0.10994802223604722,0.0,1.0,4
0.20808232931726905,0.0,1.0,0.2079933372132693,0.0,1.0,4
0.3062248995983936,0.0,1.0,0.3060386521904914,0.0,1.0,4
0.40411646586345384,0.0,1.0,0.4040839671677135,0.0,1.0,4
0.5022590361445783,0.0,1.0,0.5021453370527202,0.0,1.0,4
0.5963855421686748,0.0,1.0,0.596269240803548,0.0,1.0,4
0.6905120481927711,0.0,1.0,0.6903911376909029,0.0,1.0,4
0.7846385542168675,0.0,1.0,0.7845150414417306,0.0,1.0,4
0.8825301204819278,0.0,1.0,0.8825603564189527,0.0,1.0,4
0.9806726907630523,0.0,1.0,0.9806056713961748,0.0,1.0,4
0.07479919678714864,0.0,1.0,0.07466736237933724,0.0,1.0,4
0.17269076305220882,0.0,1.0,0.17271267735655937,0.0,1.0,4
0.27083333333333337,0.0,1.0,0.2707579923337815,0.0,1.0,4
0.36897590361445787,0.0,1.0,0.3688033073110036,0.0,1.0,4
0.4668674698795181,0.0,1.0,0.46684862228822566,0.0,1.0,4
0.5650100401606426,0.0,1.0,0.5649099921732323,0.0,1.0,4
0.6591365461847389,0.0,1.0,0.6590318890605871,0.0,1.0,4
0.7532630522088353,0.0,1.0,0.753155792811415,0.0,1.0,4
0.8514056224899599,0.0,1.0,0.8512011077886371,0.0,1.0,4
0.9492971887550201,0.0,1.0,0.9492464227658592,0.0,1.0,4
0.043423694779116506,0.0,1.0,0.043308113749021604,0.0,1.0,4
0.1413152610441767,0.0,1.0,0.14135342872624368,0.0,1.0,4
0.23945783132530118,0.0,1.0,0.23939874370346576,0.0,1.0,4
0.3376004016064257,0.0,1.0,0.3374440586806879,0.0,1.0,4
0.435491967871486,0.0,1.0,0.43548937365790996,0.0,1.0,4
0.5336345381526104,0.0,1.0,0.5335507435429168,0.0,1.0,4
0.6277610441767069,0.0,1.0,0.6276726404302715,0.0,1.0,4
0.7218875502008033,0.0,1.0,0.7217965441810993,0.0,1.0,4
0.8200301204819278,0.0,1.0,0.8198418591583214,0.0,1.0,4
0.9179216867469879,0.0,1.0,0.9178871741355434,0.0,1.0,4
0.012048192771084376,0.0,1.0,0.011948865118705965,0.0,1.0,4
0.10993975903614456,0.0,1.0,0.10999418009592804,0.0,1.0,4
0.20808232931726905,0.0,1.0,0.20803949507315012,0.0,1.0,4
0.3062248995983936,0.0,1.0,0.30608481005037225,0.0,1.0,4
0.40411646586345384,0.0,1.0,0.4041301250275943,0.0,1.0,4
0.5022590361445783,0.0,1.0,0.5021914949126011,0.0,1.0,4
0.5963855421686748,0.0,1.0,0.5963153986634289,0.0,1.0,4
0.6905120481927711,0.0,1.0,0.6904372955507836,0.0,1.0,4
0.7846385542168675,0.0,1.0,0.7845611993016115,0.0,1.0,4
0.882781124497992,0.0,1.0,0.8826065142788335,0.0,1.0,4
0.9806726907630523,0.0,1.0,0.9806518292560557,0.0,1.0,4
0.07479919678714864,0.0,1.0,0.07471352023921812,0.0,1.0,4
0.17294176706827313,0.0,1.0,0.1727588352164402,0.0,1.0,4
0.27083333333333337,0.0,1.0,0.2708041501936622,0.0,1.0,4
0.36897590361445787,0.0,1.0,0.36884946517088435,0.0,1.0,4
0.4668674698795181,0.0,1.0,0.4668947801481065,0.0,1.0,4
0.5650100401606426,0.0,1.0,0.5649561500331132,0.0,1.0,4
0.6591365461847389,0.0,1.0,0.659078046920468,0.0,1.0,4
0.7532630522088353,0.0,1.0,0.7532019506712957,0.0,1.0,4
0.8514056224899599,0.0,1.0,0.8512472656485179,0.0,1.0,4
0.9492971887550201,0.0,1.0,0.94929258062574,0.0,1.0,4
0.043423694779116506,0.0,1.0,0.04335427160890243,0.0,1.0,4
0.141566265060241,0.0,1.0,0.1413995865861245,0.0,1.0,4
0.23945783132530118,0.0,1.0,0.23944490156334658,0.0,1.0,4
0.3376004016064257,0.0,1.0,0.3374902165405687,0.0,1.0,4
0.435491967871486,0.0,1.0,0.4355355315177908,0.0,1.0,4
0.5336345381526104,0.0,1.0,0.5335969014027975,0.0,1.0,4
0.6277610441767069,0.0,1.0,0.6277187982901522,0.0,1.0,4
0.7218875502008033,0.0,1.0,0.7218427020409801,0.0,1.0,4
0.8200301204819278,0.0,1.0,0.8198880170182021,0.0,1.0,4
0.9179216867469879,0.0,1.0,0.9179333319954243,0.0,1.0,4
0.012048192771084376,0.0,1.0,0.011995022978586733,0.0,1.0,4
0.11019076305220887,0.0,1.0,0.11004033795580881,0.0,1.0,4
0.20808232931726905,0.0,1.0,0.20808565293303094,0.0,1.0,4
0.3062248995983936,0.0,1.0,0.306130967910253,0.0,1.0,4
0.4043674698795181,0.0,1.0,0.4041762828874751,0.0,1.0,4
0.5022590361445783,0.0,1.0,0.5022376527724818,0.0,1.0,4
0.5963855421686748,0.0,1.0,0.5963595496598366,0.0,1.0,4
0.6905120481927711,0.0,1.0,0.6904834534106644,0.0,1.0,4
0.7846385542168675,0.0,1.0,0.7846073571614922,0.0,1.0,4
0.882781124497992,0.0,1.0,0.8826526721387143,0.0,1.0,4
0.9806726907630523,0.0,1.0,0.9806979871159365,0.0,1.0,4
0.07479919678714864,0.0,1.0,0.07475967809909889,0.0,1.0,4
0.17294176706827313,0.0,1.0,0.17280499307632097,0.0,1.0,4
0.27083333333333337,0.0,1.0,0.27085030805354304,0.0,1.0,4
0.36897590361445787,0.0,1.0,0.3688956230307652,0.0,1.0,4
0.46711847389558236,0.0,1.0,0.46694093800798725,0.0,1.0,4
0.5650100401606426,0.0,1.0,0.5650003010295209,0.0,1.0,4
0.6591365461847389,0.0,1.0,0.6591242047803487,0.0,1.0,4
0.7532630522088353,0.0,1.0,0.7532481085311766,0.0,1.0,4
0.8514056224899599,0.0,1.0,0.8512934235083987,0.0,1.0,4
0.9495481927710844,0.0,1.0,0.9493387384856207,0.0,1.0,4
0.043423694779116506,0.0,1.0,0.0434004294687832,0.0,1.0,4
0.141566265060241,0.0,1.0,0.14144574444600527,0.0,1.0,4
0.23945783132530118,0.0,1.0,0.2394910594232274,0.0,1.0,4
0.3376004016064257,0.0,1.0,0.3375363744004495,0.0,1.0,4
0.43574297188755023,0.0,1.0,0.43558168937767155,0.0,1.0,4
0.5336345381526104,0.0,1.0,0.5336430592626783,0.0,1.0,4
0.6277610441767069,0.0,1.0,0.627764956150033,0.0,1.0,4
0.7218875502008033,0.0,1.0,0.7218888599008608,0.0,1.0,4
0.8200301204819278,0.0,1.0,0.819934174878083,0.0,1.0,4
0.9181726907630523,0.0,1.0,0.9179794898553051,0.0,1.0,4
0.012048192771084376,0.0,1.0,0.012041180838467502,0.0,1.0,4
0.11019076305220887,0.0,1.0,0.11008649581568958,0.0,1.0,4
0.20808232931726905,0.0,1.0,0.2081318107929117,0.0,1.0,4
0.3062248995983936,0.0,1.0,0.3061771257701338,0.0,1.0,4
0.4043674698795181,0.0,1.0,0.4042224407473559,0.0,1.0,4
0.5022590361445783,0.0,1.0,0.5022838106323626,0.0,1.0,4
0.5963855421686748,0.0,1.0,0.5964057075197173,0.0,1.0,4
0.6905120481927711,0.0,1.0,0.6905296112705452,0.0,1.0,4
0.7846385542168675,0.0,1.0,0.7846535150213729,0.0,1.0,4
0.882781124497992,0.0,1.0,0.8826988299985952,0.0,1.0,4
0.9809236947791165,0.0,1.0,0.9807441449758172,0.0,1.0,4
0.07479919678714864,0.0,1.0,0.07480583595897966,0.0,1.0,4
0.17294176706827313,0.0,1.0,0.17285115093620174,0.0,1.0,4
0.27108433734939763,0.0,1.0,0.27089646591342387,0.0,1.0,4
0.36897590361445787,0.0,1.0,0.36894178089064594,0.0,1.0,4
0.46711847389558236,0.0,1.0,0.466987095867868,0.0,1.0,4
0.5650100401606426,0.0,1.0,0.5650464588894016,0.0,1.0,4
0.6591365461847389,0.0,1.0,0.6591703626402295,0.0,1.0,4
0.7532630522088353,0.0,1.0,0.7532942663910573,0.0,1.0,4
0.8514056224899599,0.0,1.0,0.8513395813682794,0.0,1.0,4
0.9495481927710844,0.0,1.0,0.9493848963455015,0.0,1.0,4
0.043423694779116506,0.0,1.0,0.043446587328663966,0.0,1.0,4
0.141566265060241,0.0,1.0,0.14149190230588604,0.0,1.0,4
0.2397088353413655,0.0,1.0,0.23953721728310817,0.0,1.0,4
0.3376004016064257,0.0,1.0,0.3375825322603303,0.0,1.0,4
0.43574297188755023,0.0,1.0,0.4356278472375524,0.0,1.0,4
0.5338855421686747,0.0,1.0,0.533687210259086,0.0,1.0,4
0.6280120481927711,0.0,1.0,0.6278111140099139,0.0,1.0,4
0.7221385542168675,0.0,1.0,0.7219350177607416,0.0,1.0,4
0.8200301204819278,0.0,1.0,0.8199803327379638,0.0,1.0,4
0.9181726907630523,0.0,1.0,0.9180256477151859,0.0,1.0,4
0.012048192771084376,0.0,1.0,0.012087338698348271,0.0,1.0,4
0.11019076305220887,0.0,1.0,0.11013265367557035,0.0,1.0,4
0.20833333333333337,0.0,1.0,0.20817796865279248,0.0,1.0,4
0.3062248995983936,0.0,1.0,0.3062232836300146,0.0,1.0,4
0.4043674698795181,0.0,1.0,0.4042685986072367,0.0,1.0,4
0.5025100401606426,0.0,1.0,0.5023279616287704,0.0,1.0,4
0.5966365461847389,0.0,1.0,0.5964518653795982,0.0,1.0,4
0.6907630522088354,0.0,1.0,0.690575769130426,0.0,1.0,4
0.7848895582329318,0.0,1.0,0.7846996728812539,0.0,1.0,4
0.882781124497992,0.0,1.0,0.8827449878584759,0.0,1.0,4
0.9809236947791165,0.0,1.0,0.980790302835698,0.0,1.0,4
0.07479919678714864,0.0,1.0,0.07485199381886043,0.0,1.0,4
0.17294176706827313,0.0,1.0,0.1728973087960825,0.0,1.0,4
0.27108433734939763,0.0,1.0,0.27094262377330464,0.0,1.0,4
0.36897590361445787,0.0,1.0,0.3689879387505267,0.0,1.0,4
0.46711847389558236,0.0,1.0,0.46703325372774884,0.0,1.0,4
0.5652610441767069,0.0,1.0,0.5650926167492825,0.0,1.0,4
0.6593875502008033,0.0,1.0,0.6592165205001103,0.0,1.0,4
0.7535140562248996,0.0,1.0,0.7533404242509382,0.0,1.0,4
0.8514056224899599,0.0,1.0,0.8513857392281603,0.0,1.0,4
0.9495481927710844,0.0,1.0,0.9494310542053823,0.0,1.0,4
0.04367469879518071,0.0,1.0,0.04349274518854479,0.0,1.0,4
0.141566265060241,0.0,1.0,0.14153806016576687,0.0,1.0,4
0.2397088353413655,0.0,1.0,0.239583375142989,0.0,1.0,4
0.3376004016064257,0.0,1.0,0.337628690120211,0.0,1.0,4
0.43574297188755023,0.0,1.0,0.43567400509743315,0.0,1.0,4
0.5338855421686747,0.0,1.0,0.5337333681189668,0.0,1.0,4
0.6280120481927711,0.0,1.0,0.6278572718697946,0.0,1.0,4
0.7221385542168675,0.0,1.0,0.7219811756206225,0.0,1.0,4
0.8200301204819278,0.0,1.0,0.8200264905978445,0.0,1.0,4
0.9181726907630523,0.0,1.0,0.9180718055750667,0.0,1.0,4
0.01229919678714858,0.0,1.0,0.012133496558229095,0.0,1.0,4
0.11019076305220887,0.0,1.0,0.11017881153545123,0.0,1.0,4
0.20833333333333337,0.0,1.0,0.2082241265126733,0.0,1.0,4
0.3062248995983936,0.0,1.0,0.30626944148989543,0.0,1.0,4
0.4043674698795181,0.0,1.0,0.40431475646711745,0.0,1.0,4
0.5025100401606426,0.0,1.0,0.5023741194886511,0.0,1.0,4
0.5966365461847389,0.0,1.0,0.596498023239479,0.0,1.0,4
0.6907630522088354,0.0,1.0,0.6906219269903068,0.0,1.0,4
0.7848895582329318,0.0,1.0,0.7847458307411346,0.0,1.0,4
0.882781124497992,0.0,1.0,0.8827911457183567,0.0,1.0,4
0.9809236947791165,0.0,1.0,0.9808364606955788,0.0,1.0,4
0.07505020080321284,0.0,1.0,0.07489815167874125,0.0,1.0,4
0.17294176706827313,0.0,1.0,0.17294346665596333,0.0,1.0,4
0.27108433734939763,0.0,1.0,0.27098878163318546,0.0,1.0,4
0.3692269076305221,0.0,1.0,0.36903409661040754,0.0,1.0,4
0.46711847389558236,0.0,1.0,0.4670794115876296,0.0,1.0,4
0.5652610441767069,0.0,1.0,0.5651387746091633,0.0,1.0,4
0.6593875502008033,0.0,1.0,0.6592626783599911,0.0,1.0,4
0.7535140562248996,0.0,1.0,0.753386582110819,0.0,1.0,4
0.8514056224899599,0.0,1.0,0.851431897088041,0.0,1.0,4
0.9495481927710844,0.0,1.0,0.9494772120652631,0.0,1.0,4
0.04367469879518071,0.0,1.0,0.04353890304842556,0.0,1.0,4
0.141566265060241,0.0,1.0,0.1415842180256477,0.0,1.0,4
0.2397088353413655,0.0,1.0,0.23962953300286977,0.0,1.0,4
0.33785140562248994,0.0,1.0,0.33767484798009184,0.0,1.0,4
0.43574297188755023,0.0,1.0,0.435720162957314,0.0,1.0,4
0.5338855421686747,0.0,1.0,0.5337795259788476,0.0,1.0,4
0.6280120481927711,0.0,1.0,0.6279034297296754,0.0,1.0,4
0.7221385542168675,0.0,1.0,0.7220273334805032,0.0,1.0,4
0.820281124497992,0.0,1.0,0.8200726484577253,0.0,1.0,4
0.9181726907630523,0.0,1.0,0.9181179634349474,0.0,1.0,4
0.01229919678714858,0.0,1.0,0.012179654418109864,0.0,1.0,4
0.11019076305220887,0.0,1.0,0.110224969395332,0.0,1.0,4
0.20833333333333337,0.0,1.0,0.20827028437255407,0.0,1.0,4
0.30647590361445787,0.0,1.0,0.30631559934977615,0.0,1.0,4
0.4043674698795181,0.0,1.0,0.4043609143269983,0.0,1.0,4
0.5025100401606426,0.0,1.0,0.5024202773485319,0.0,1.0,4
0.5966365461847389,0.0,1.0,0.5965441810993597,0.0,1.0,4
0.6907630522088354,0.0,1.0,0.6906680848501876,0.0,1.0,4
0.7848895582329318,0.0,1.0,0.7847919886010154,0.0,1.0,4
0.8830321285140563,0.0,1.0,0.8828373035782375,0.0,1.0,4
0.9809236947791165,0.0,1.0,0.9808806116919866,0.0,1.0,4
0.07505020080321284,0.0,1.0,0.07494430953862202,0.0,1.0,4
0.17294176706827313,0.0,1.0,0.17298962451584415,0.0,1.0,4
0.27108433734939763,0.0,1.0,0.27103493949306623,0.0,1.0,4
0.3692269076305221,0.0,1.0,0.36908025447028836,0.0,1.0,4
0.46711847389558236,0.0,1.0,0.4671235625840373,0.0,1.0,4
0.5652610441767069,0.0,1.0,0.5651849324690441,0.0,1.0,4
0.6593875502008033,0.0,1.0,0.6593088362198719,0.0,1.0,4
0.7535140562248996,0.0,1.0,0.7534327399706997,0.0,1.0,4
0.8516566265060241,0.0,1.0,0.8514780549479217,0.0,1.0,4
0.9495481927710844,0.0,1.0,0.949523369925144,0.0,1.0,4
0.04367469879518071,0.0,1.0,0.04358506090830633,0.0,1.0,4
0.1418172690763052,0.0,1.0,0.14163037588552846,0.0,1.0,4
0.2397088353413655,0.0,1.0,0.23967569086275053,0.0,1.0,4
0.33785140562248994,0.0,1.0,0.33772100583997267,0.0,1.0,4
0.43574297188755023,0.0,1.0,0.43576632081719474,0.0,1.0,4
0.5338855421686747,0.0,1.0,0.5338256838387284,0.0,1.0,4
0.6280120481927711,0.0,1.0,0.6279495875895562,0.0,1.0,4
0.7221385542168675,0.0,1.0,0.722073491340384,0.0,1.0,4
0.820281124497992,0.0,1.0,0.8201188063176061,0.0,1.0,4
0.9181726907630523,0.0,1.0,0.9181641212948282,0.0,1.0,4
0.01229919678714858,0.0,1.0,0.012225812277990689,0.0,1.0,4
0.11044176706827308,0.0,1.0,0.11027112725521276,0.0,1.0,4
0.20833333333333337,0.0,1.0,0.20831644223243484,0.0,1.0,4
0.30647590361445787,0.0,1.0,0.30636175720965697,0.0,1.0,4
0.4043674698795181,0.0,1.0,0.40440707218687905,0.0,1.0,4
0.5025100401606426,0.0,1.0,0.5024664352084127,0.0,1.0,4
0.5966365461847389,0.0,1.0,0.5965903389592405,0.0,1.0,4
0.6907630522088354,0.0,1.0,0.6907142427100683,0.0,1.0,4
0.7848895582329318,0.0,1.0,0.784836139597423,0.0,1.0,4
0.8830321285140563,0.0,1.0,0.8828814545746453,0.0,1.0,4
0.9809236947791165,0.0,1.0,0.9809267695518673,0.0,1.0,4
0.07505020080321284,0.0,1.0,0.07499046739850279,0.0,1.0,4
0.17319277108433734,0.0,1.0,0.17303578237572492,0.0,1.0,4
0.27108433734939763,0.0,1.0,0.27107909048947393,0.0,1.0,4
0.3692269076305221,0.0,1.0,0.369124405466696,0.0,1.0,4
0.4673694779116466,0.0,1.0,0.46716972044391814,0.0,1.0,4
0.5652610441767069,0.0,1.0,0.5652310903289248,0.0,1.0,4
0.6593875502008033,0.0,1.0,0.6593549940797527,0.0,1.0,4
0.7535140562248996,0.0,1.0,0.7534788978305804,0.0,1.0,4
0.8516566265060241,0.0,1.0,0.8515222059443295,0.0,1.0,4
0.9495481927710844,0.0,1.0,0.9495675209215516,0.0,1.0,4
0.04367469879518071,0.0,1.0,0.0436312187681871,0.0,1.0,4
0.1418172690763052,0.0,1.0,0.14167653374540923,0.0,1.0,4
0.2397088353413655,0.0,1.0,0.2397218487226313,0.0,1.0,4
0.33785140562248994,0.0,1.0,0.3377651568363803,0.0,1.0,4
0.4359939759036145,0.0,1.0,0.43581047181360244,0.0,1.0,4
0.5338855421686747,0.0,1.0,0.5338718416986091,0.0,1.0,4
0.6280120481927711,0.0,1.0,0.627995745449437,0.0,1.0,4
0.7221385542168675,0.0,1.0,0.7221196492002648,0.0,1.0,4
0.820281124497992,0.0,1.0,0.820164964177487,0.0,1.0,4
0.9184236947791165,0.0,1.0,0.9182082722912359,0.0,1.0,4
0.01229919678714858,0.0,1.0,0.012271970137871513,0.0,1.0,4
0.11044176706827308,0.0,1.0,0.11031728511509359,0.0,1.0,4
0.20833333333333337,0.0,1.0,0.20836260009231566,0.0,1.0,4
0.30647590361445787,0.0,1.0,0.30640791506953774,0.0,1.0,4
0.40461847389558236,0.0,1.0,0.40445122318328675,0.0,1.0,4
0.5025100401606426,0.0,1.0,0.5025125930682935,0.0,1.0,4
0.5966365461847389,0.0,1.0,0.5966364968191213,0.0,1.0,4
0.6907630522088354,0.0,1.0,0.6907604005699491,0.0,1.0,4
0.7848895582329318,0.0,1.0,0.7848822974573039,0.0,1.0,4
0.8830321285140563,0.0,1.0,0.882927612434526,0.0,1.0,4
0.9811746987951808,0.0,1.0,0.980972927411748,0.0,1.0,4
0.07505020080321284,0.0,1.0,0.07503461839491055,0.0,1.0,4
0.17319277108433734,0.0,1.0,0.17307993337213262,0.0,1.0,4
0.27108433734939763,0.0,1.0,0.27112524834935475,0.0,1.0,4
0.3692269076305221,0.0,1.0,0.36917056332657683,0.0,1.0,4
0.4673694779116466,0.0,1.0,0.46721587830379896,0.0,1.0,4
0.5652610441767069,0.0,1.0,0.5652772481888056,0.0,1.0,4
0.6593875502008033,0.0,1.0,0.6594011519396334,0.0,1.0,4
0.7535140562248996,0.0,1.0,0.7535230488269882,0.0,1.0,4
0.8516566265060241,0.0,1.0,0.8515683638042103,0.0,1.0,4
0.9497991967871486,0.0,1.0,0.9496136787814324,0.0,1.0,4
0.04367469879518071,0.0,1.0,0.04367536976459485,0.0,1.0,4
0.1418172690763052,0.0,1.0,0.14172068474181693,0.0,1.0,4
0.2399598393574297,0.0,1.0,0.23976599971903906,0.0,1.0,4
0.33785140562248994,0.0,1.0,0.33781131469626113,0.0,1.0,4
0.4359939759036145,0.0,1.0,0.43585662967348326,0.0,1.0,4
0.5338855421686747,0.0,1.0,0.53391799955849,0.0,1.0,4
0.6280120481927711,0.0,1.0,0.6280419033093179,0.0,1.0,4
0.7221385542168675,0.0,1.0,0.7221638001966726,0.0,1.0,4
0.820281124497992,0.0,1.0,0.8202091151738946,0.0,1.0,4
0.9184236947791165,0.0,1.0,0.9182544301511167,0.0,1.0,4
0.01229919678714858,0.0,1.0,0.012318127997752282,0.0,1.0,4
0.11044176706827308,0.0,1.0,0.11036143611150129,0.0,1.0,4
0.20858433734939757,0.0,1.0,0.20840675108872342,0.0,1.0,4
0.30647590361445787,0.0,1.0,0.30645206606594544,0.0,1.0,4
0.40461847389558236,0.0,1.0,0.40449738104316757,0.0,1.0,4
0.5027610441767069,0.0,1.0,0.5025587509281743,0.0,1.0,4
0.5968875502008032,0.0,1.0,0.5966826546790021,0.0,1.0,4
0.6910140562248996,0.0,1.0,0.69080655842983,0.0,1.0,4
0.785140562248996,0.0,1.0,0.7849284553171847,0.0,1.0,4
0.8830321285140563,0.0,1.0,0.8829737702944068,0.0,1.0,4
0.9811746987951808,0.0,1.0,0.981019085271629,0.0,1.0,4
0.07505020080321284,0.0,1.0,0.07508077625479137,0.0,1.0,4
0.17319277108433734,0.0,1.0,0.17312609123201345,0.0,1.0,4
0.2713353413654619,0.0,1.0,0.2711714062092355,0.0,1.0,4
0.3692269076305221,0.0,1.0,0.36921672118645765,0.0,1.0,4
0.4673694779116466,0.0,1.0,0.46726203616367973,0.0,1.0,4
0.5655120481927711,0.0,1.0,0.5653234060486865,0.0,1.0,4
0.6596385542168675,0.0,1.0,0.6594473097995143,0.0,1.0,4
0.7537650602409638,0.0,1.0,0.753569206686869,0.0,1.0,4
0.8516566265060241,0.0,1.0,0.8516145216640911,0.0,1.0,4
0.9497991967871486,0.0,1.0,0.9496598366413131,0.0,1.0,4
0.04367469879518071,0.0,1.0,0.043721527624475676,0.0,1.0,4
0.1418172690763052,0.0,1.0,0.14176684260169775,0.0,1.0,4
0.2399598393574297,0.0,1.0,0.23981215757891988,0.0,1.0,4
0.33785140562248994,0.0,1.0,0.33785747255614196,0.0,1.0,4
0.4359939759036145,0.0,1.0,0.43590278753336403,0.0,1.0,4
0.5341365461847389,0.0,1.0,0.5339641574183708,0.0,1.0,4
0.6282630522088354,0.0,1.0,0.6280880611691986,0.0,1.0,4
0.7223895582329318,0.0,1.0,0.7222099580565533,0.0,1.0,4
0.820281124497992,0.0,1.0,0.8202552730337754,0.0,1.0,4
0.9184236947791165,0.0,1.0,0.9183005880109976,0.0,1.0,4
0.01229919678714858,0.0,1.0,0.012362278994159981,0.0,1.0,4
0.11044176706827308,0.0,1.0,0.11040759397138206,0.0,1.0,4
0.20858433734939757,0.0,1.0,0.2084529089486042,0.0,1.0,4
0.30647590361445787,0.0,1.0,0.30649822392582626,0.0,1.0,4
0.40461847389558236,0.0,1.0,0.4045435389030484,0.0,1.0,4
0.5027610441767069,0.0,1.0,0.5026049087880551,0.0,1.0,4
0.5968875502008032,0.0,1.0,0.5967288125388829,0.0,1.0,4
0.6910140562248996,0.0,1.0,0.6908507094262377,0.0,1.0,4
0.785140562248996,0.0,1.0,0.7849746131770655,0.0,1.0,4
0.8830321285140563,0.0,1.0,0.8830199281542876,0.0,1.0,4
0.9811746987951808,0.0,1.0,0.9810652431315097,0.0,1.0,4
0.0753012048192771,0.0,1.0,0.07512693411467214,0.0,1.0,4
0.17319277108433734,0.0,1.0,0.17317224909189421,0.0,1.0,4
0.2713353413654619,0.0,1.0,0.27121756406911635,0.0,1.0,4
0.3692269076305221,0.0,1.0,0.3692628790463384,0.0,1.0,4
0.4673694779116466,0.0,1.0,0.4673081940235605,0.0,1.0,4
0.5655120481927711,0.0,1.0,0.5653695639085672,0.0,1.0,4
0.6596385542168675,0.0,1.0,0.6594914607959219,0.0,1.0,4
0.7537650602409638,0.0,1.0,0.7536153645467498,0.0,1.0,4
0.8516566265060241,0.0,1.0,0.8516606795239718,0.0,1.0,4
0.9497991967871486,0.0,1.0,0.9497059945011941,0.0,1.0,4
0.04392570281124497,0.0,1.0,0.043767685484356444,0.0,1.0,4
0.1418172690763052,0.0,1.0,0.14181300046157852,0.0,1.0,4
0.2399598393574297,0.0,1.0,0.23985831543880065,0.0,1.0,4
0.33785140562248994,0.0,1.0,0.3379036304160227,0.0,1.0,4
0.4359939759036145,0.0,1.0,0.4359489453932448,0.0,1.0,4
0.5341365461847389,0.0,1.0,0.5340103152782516,0.0,1.0,4
0.6282630522088354,0.0,1.0,0.6281322121656063,0.0,1.0,4
0.7223895582329318,0.0,1.0,0.7222561159164341,0.0,1.0,4
0.820281124497992,0.0,1.0,0.8203014308936563,0.0,1.0,4
0.9184236947791165,0.0,1.0,0.9183467458708783,0.0,1.0,4
0.012550200803212841,0.0,1.0,0.01240843685404075,0.0,1.0,4
0.11044176706827308,0.0,1.0,0.11045375183126288,0.0,1.0,4
0.20858433734939757,0.0,1.0,0.20849906680848496,0.0,1.0,4
0.3067269076305221,0.0,1.0,0.3065443817857071,0.0,1.0,4
0.40461847389558236,0.0,1.0,0.40458969676292916,0.0,1.0,4
0.5027610441767069,0.0,1.0,0.5026510666479359,0.0,1.0,4
0.5968875502008032,0.0,1.0,0.5967749703987637,0.0,1.0,4
0.6910140562248996,0.0,1.0,0.6908968672861184,0.0,1.0,4
0.785140562248996,0.0,1.0,0.7850207710369463,0.0,1.0,4
0.8830321285140563,0.0,1.0,0.8830660860141684,0.0,1.0,4
0.9811746987951808,0.0,1.0,0.9811114009913904,0.0,1.0,4
0.0753012048192771,0.0,1.0,0.07517309197455291,0.0,1.0,4
0.17319277108433734,0.0,1.0,0.17321840695177498,0.0,1.0,4
0.2713353413654619,0.0,1.0,0.2712637219289971,0.0,1.0,4
0.3694779116465864,0.0,1.0,0.3693090369062192,0.0,1.0,4
0.4673694779116466,0.0,1.0,0.4673543518834413,0.0,1.0,4
0.5655120481927711,0.0,1.0,0.565415721768448,0.0,1.0,4
0.6596385542168675,0.0,1.0,0.6595376186558028,0.0,1.0,4
0.7537650602409638,0.0,1.0,0.7536615224066305,0.0,1.0,4
0.8519076305220884,0.0,1.0,0.8517068373838527,0.0,1.0,4
0.9497991967871486,0.0,1.0,0.9497521523610748,0.0,1.0,4
0.04392570281124497,0.0,1.0,0.04381384334423721,0.0,1.0,4
0.1418172690763052,0.0,1.0,0.14185915832145934,0.0,1.0,4
0.2399598393574297,0.0,1.0,0.23990447329868142,0.0,1.0,4
0.3381024096385542,0.0,1.0,0.33794978827590355,0.0,1.0,4
0.4359939759036145,0.0,1.0,0.4359951032531256,0.0,1.0,4
0.5341365461847389,0.0,1.0,0.5340564731381323,0.0,1.0,4
0.6282630522088354,0.0,1.0,0.628178370025487,0.0,1.0,4
0.7223895582329318,0.0,1.0,0.722302273776315,0.0,1.0,4
0.8205321285140563,0.0,1.0,0.820347588753537,0.0,1.0,4
0.9184236947791165,0.0,1.0,0.9183929037307591,0.0,1.0,4
0.012550200803212841,0.0,1.0,0.012454594713921519,0.0,1.0,4
0.11044176706827308,0.0,1.0,0.11049990969114365,0.0,1.0,4
0.20858433734939757,0.0,1.0,0.20854522466836573,0.0,1.0,4
0.3067269076305221,0.0,1.0,0.30659053964558786,0.0,1.0,4
0.40461847389558236,0.0,1.0,0.40463585462280993,0.0,1.0,4
0.5027610441767069,0.0,1.0,0.5026972245078166,0.0,1.0,4
0.5968875502008032,0.0,1.0,0.5968191213951715,0.0,1.0,4
0.6910140562248996,0.0,1.0,0.6909430251459993,0.0,1.0,4
0.785140562248996,0.0,1.0,0.785066928896827,0.0,1.0,4
0.8832831325301205,0.0,1.0,0.8831122438740491,0.0,1.0,4
0.9811746987951808,0.0,1.0,0.9811575588512713,0.0,1.0,4
0.0753012048192771,0.0,1.0,0.07521924983443368,0.0,1.0,4
0.17344377510040165,0.0,1.0,0.1732645648116558,0.0,1.0,4
0.2713353413654619,0.0,1.0,0.2713098797888779,0.0,1.0,4
0.3694779116465864,0.0,1.0,0.3693551947661,0.0,1.0,4
0.4673694779116466,0.0,1.0,0.4674005097433221,0.0,1.0,4
0.5655120481927711,0.0,1.0,0.5654598727648558,0.0,1.0,4
0.6596385542168675,0.0,1.0,0.6595837765156836,0.0,1.0,4
0.7537650602409638,0.0,1.0,0.7537076802665115,0.0,1.0,4
0.8519076305220884,0.0,1.0,0.8517529952437335,0.0,1.0,4
0.9497991967871486,0.0,1.0,0.9497983102209556,0.0,1.0,4
0.04392570281124497,0.0,1.0,0.04386000120411804,0.0,1.0,4
0.14206827309236952,0.0,1.0,0.14190531618134017,0.0,1.0,4
0.2399598393574297,0.0,1.0,0.23995063115856224,0.0,1.0,4
0.3381024096385542,0.0,1.0,0.3379959461357843,0.0,1.0,4
0.4359939759036145,0.0,1.0,0.43604126111300645,0.0,1.0,4
0.5341365461847389,0.0,1.0,0.5341026309980131,0.0,1.0,4
0.6282630522088354,0.0,1.0,0.6282245278853679,0.0,1.0,4
0.7223895582329318,0.0,1.0,0.7223484316361957,0.0,1.0,4
0.8205321285140563,0.0,1.0,0.8203937466134179,0.0,1.0,4
0.9184236947791165,0.0,1.0,0.9184390615906399,0.0,1.0,4
0.012550200803212841,0.0,1.0,0.012500752573802398,0.0,1.0,4
0.1106927710843374,0.0,1.0,0.11054606755102447,0.0,1.0,4
0.20858433734939757,0.0,1.0,0.20859138252824655,0.0,1.0,4
0.3067269076305221,0.0,1.0,0.3066366975054686,0.0,1.0,4
0.4048694779116466,0.0,1.0,0.40468201248269076,0.0,1.0,4
0.5027610441767069,0.0,1.0,0.5027433823676974,0.0,1.0,4
0.5968875502008032,0.0,1.0,0.5968652792550522,0.0,1.0,4
0.6910140562248996,0.0,1.0,0.6909891830058801,0.0,1.0,4
0.785140562248996,0.0,1.0,0.7851130867567079,0.0,1.0,4
0.8832831325301205,0.0,1.0,0.88315840173393,0.0,1.0,4
0.9811746987951808,0.0,1.0,0.981203716711152,0.0,1.0,4
0.0753012048192771,0.0,1.0,0.0752654076943145,0.0,1.0,4
0.17344377510040165,0.0,1.0,0.17331072267153663,0.0,1.0,4
0.2713353413654619,0.0,1.0,0.2713560376487587,0.0,1.0,4
0.3694779116465864,0.0,1.0,0.36940135262598084,0.0,1.0,4
0.4676204819277109,0.0,1.0,0.46744666760320286,0.0,1.0,4
0.5655120481927711,0.0,1.0,0.5655060306247366,0.0,1.0,4
0.6596385542168675,0.0,1.0,0.6596299343755644,0.0,1.0,4
0.7537650602409638,0.0,1.0,0.7537538381263922,0.0,1.0,4
0.8519076305220884,0.0,1.0,0.8517991531036143,0.0,1.0,4
0.9500502008032129,0.0,1.0,0.9498444680808364,0.0,1.0,4
0.04392570281124497,0.0,1.0,0.043906159063998806,0.0,1.0,4
0.14206827309236952,0.0,1.0,0.14195147404122094,0.0,1.0,4
0.2399598393574297,0.0,1.0,0.239996789018443,0.0,1.0,4
0.3381024096385542,0.0,1.0,0.33804210399566514,0.0,1.0,4
0.4362449799196787,0.0,1.0,0.4360874189728872,0.0,1.0,4
0.5341365461847389,0.0,1.0,0.5341467819944209,0.0,1.0,4
0.6282630522088354,0.0,1.0,0.6282706857452487,0.0,1.0,4
0.7223895582329318,0.0,1.0,0.7223945894960765,0.0,1.0,4
0.8205321285140563,0.0,1.0,0.8204399044732986,0.0,1.0,4
0.9186746987951808,0.0,1.0,0.9184852194505206,0.0,1.0,4
0.012550200803212841,0.0,1.0,0.012546910433683167,0.0,1.0,4
0.1106927710843374,0.0,1.0,0.11059222541090524,0.0,1.0,4
0.20858433734939757,0.0,1.0,0.20863754038812732,0.0,1.0,4
0.3067269076305221,0.0,1.0,0.30668285536534945,0.0,1.0,4
0.4048694779116466,0.0,1.0,0.4047281703425715,0.0,1.0,4
0.5027610441767069,0.0,1.0,0.5027875333641052,0.0,1.0,4
0.5968875502008032,0.0,1.0,0.596911437114933,0.0,1.0,4
0.6910140562248996,0.0,1.0,0.6910353408657608,0.0,1.0,4
0.785140562248996,0.0,1.0,0.7851592446165887,0.0,1.0,4
0.8832831325301205,0.0,1.0,0.8832045595938107,0.0,1.0,4
0.981425702811245,0.0,1.0,0.9812498745710329,0.0,1.0,4
0.0753012048192771,0.0,1.0,0.07531156555419527,0.0,1.0,4
0.17344377510040165,0.0,1.0,0.1733568805314174,0.0,1.0,4
0.2715863453815261,0.0,1.0,0.2714021955086395,0.0,1.0,4
0.3694779116465864,0.0,1.0,0.36944751048586155,0.0,1.0,4
0.4676204819277109,0.0,1.0,0.4674928254630837,0.0,1.0,4
0.5655120481927711,0.0,1.0,0.5655521884846173,0.0,1.0,4
0.6596385542168675,0.0,1.0,0.6596760922354451,0.0,1.0,4
0.7537650602409638,0.0,1.0,0.753799995986273,0.0,1.0,4
0.8519076305220884,0.0,1.0,0.8518453109634951,0.0,1.0,4
0.9500502008032129,0.0,1.0,0.9498906259407172,0.0,1.0,4
0.04392570281124497,0.0,1.0,0.04395231692387963,0.0,1.0,4
0.14206827309236952,0.0,1.0,0.1419976319011017,0.0,1.0,4
0.24021084337349402,0.0,1.0,0.24004294687832378,0.0,1.0,4
0.3381024096385542,0.0,1.0,0.33808826185554586,0.0,1.0,4
0.4362449799196787,0.0,1.0,0.436133576832768,0.0,1.0,4
0.5343875502008032,0.0,1.0,0.5341929398543016,0.0,1.0,4
0.6285140562248996,0.0,1.0,0.6283168436051294,0.0,1.0,4
0.722640562248996,0.0,1.0,0.7224407473559573,0.0,1.0,4
0.8205321285140563,0.0,1.0,0.8204860623331793,0.0,1.0,4
0.9186746987951808,0.0,1.0,0.9185313773104015,0.0,1.0,4
0.012550200803212841,0.0,1.0,0.012593068293563936,0.0,1.0,4
0.1106927710843374,0.0,1.0,0.11063838327078601,0.0,1.0,4
0.2088353413654619,0.0,1.0,0.2086836982480081,0.0,1.0,4
0.3067269076305221,0.0,1.0,0.3067290132252303,0.0,1.0,4
0.4048694779116466,0.0,1.0,0.4047743282024523,0.0,1.0,4
0.5030120481927711,0.0,1.0,0.5028336912239859,0.0,1.0,4
0.5971385542168675,0.0,1.0,0.5969575949748138,0.0,1.0,4
0.6912650602409639,0.0,1.0,0.6910814987256416,0.0,1.0,4
0.7853915662650603,0.0,1.0,0.7852054024764694,0.0,1.0,4
0.8832831325301205,0.0,1.0,0.8832507174536915,0.0,1.0,4
0.981425702811245,0.0,1.0,0.9812960324309137,0.0,1.0,4
0.0753012048192771,0.0,1.0,0.0753577234140761,0.0,1.0,4
0.17344377510040165,0.0,1.0,0.17340303839129817,0.0,1.0,4
0.2715863453815261,0.0,1.0,0.2714483533685203,0.0,1.0,4
0.3694779116465864,0.0,1.0,0.3694936683457424,0.0,1.0,4
0.4676204819277109,0.0,1.0,0.46753898332296445,0.0,1.0,4
0.5657630522088354,0.0,1.0,0.5655983463444981,0.0,1.0,4
0.6598895582329318,0.0,1.0,0.6597222500953259,0.0,1.0,4
0.7540160642570282,0.0,1.0,0.7538461538461538,0.0,1.0,4
0.8519076305220884,0.0,1.0,0.8518914688233759,0.0,1.0,4
0.9500502008032129,0.0,1.0,0.9499367838005979,0.0,1.0,4
0.04417670682730923,0.0,1.0,0.0439984747837604,0.0,1.0,4
0.14206827309236952,0.0,1.0,0.14204378976098248,0.0,1.0,4
0.24021084337349402,0.0,1.0,0.24008910473820455,0.0,1.0,4
0.3381024096385542,0.0,1.0,0.3381344197154267,0.0,1.0,4
0.4362449799196787,0.0,1.0,0.4361797346926488,0.0,1.0,4
0.5343875502008032,0.0,1.0,0.5342390977141824,0.0,1.0,4
0.6285140562248996,0.0,1.0,0.6283630014650102,0.0,1.0,4
0.722640562248996,0.0,1.0,0.722486905215838,0.0,1.0,4
0.8205321285140563,0.0,1.0,0.8205322201930603,0.0,1.0,4
0.9186746987951808,0.0,1.0,0.9185775351702823,0.0,1.0,4
0.012801204819277101,0.0,1.0,0.01263922615344476,0.0,1.0,4
0.1106927710843374,0.0,1.0,0.11068454113066684,0.0,1.0,4
0.2088353413654619,0.0,1.0,0.20872985610788897,0.0,1.0,4
0.3067269076305221,0.0,1.0,0.306775171085111,0.0,1.0,4
0.4048694779116466,0.0,1.0,0.4048204860623331,0.0,1.0,4
0.5030120481927711,0.0,1.0,0.5028798490838667,0.0,1.0,4
0.5971385542168675,0.0,1.0,0.5970037528346945,0.0,1.0,4
0.6912650602409639,0.0,1.0,0.6911276565855224,0.0,1.0,4
0.7853915662650603,0.0,1.0,0.7852515603363502,0.0,1.0,4
0.8832831325301205,0.0,1.0,0.8832968753135724,0.0,1.0,4
0.981425702811245,0.0,1.0,0.9813401834273213,0.0,1.0,4
0.07555220883534136,0.0,1.0,0.07540388127395692,0.0,1.0,4
0.17344377510040165,0.0,1.0,0.173449196251179,0.0,1.0,4
0.2715863453815261,0.0,1.0,0.27149451122840107,0.0,1.0,4
0.36972891566265065,0.0,1.0,0.3695398262056232,0.0,1.0,4
0.4676204819277109,0.0,1.0,0.4675831343193722,0.0,1.0,4
0.5657630522088354,0.0,1.0,0.565644504204379,0.0,1.0,4
0.6598895582329318,0.0,1.0,0.6597684079552067,0.0,1.0,4
0.7540160642570282,0.0,1.0,0.7538923117060345,0.0,1.0,4
0.8519076305220884,0.0,1.0,0.8519376266832567,0.0,1.0,4
0.9500502008032129,0.0,1.0,0.9499829416604788,0.0,1.0,4
0.04417670682730923,0.0,1.0,0.044044632643641224,0.0,1.0,4
0.14206827309236952,0.0,1.0,0.1420899476208633,0.0,1.0,4
0.24021084337349402,0.0,1.0,0.24013526259808543,0.0,1.0,4
0.33835341365461846,0.0,1.0,0.3381805775753075,0.0,1.0,4
0.4362449799196787,0.0,1.0,0.4362258925525296,0.0,1.0,4
0.5343875502008032,0.0,1.0,0.5342852555740633,0.0,1.0,4
0.6285140562248996,0.0,1.0,0.628409159324891,0.0,1.0,4
0.722640562248996,0.0,1.0,0.722533063075719,0.0,1.0,4
0.8207831325301205,0.0,1.0,0.820578378052941,0.0,1.0,4
0.9186746987951808,0.0,1.0,0.918623693030163,0.0,1.0,4
0.012801204819277101,0.0,1.0,0.012685384013325529,0.0,1.0,4
0.1106927710843374,0.0,1.0,0.1107306989905476,0.0,1.0,4
0.2088353413654619,0.0,1.0,0.20877601396776974,0.0,1.0,4
0.3069779116465864,0.0,1.0,0.3068213289449918,0.0,1.0,4
0.4048694779116466,0.0,1.0,0.40486664392221394,0.0,1.0,4
0.5030120481927711,0.0,1.0,0.5029260069437476,0.0,1.0,4
0.5971385542168675,0.0,1.0,0.5970499106945754,0.0,1.0,4
0.6912650602409639,0.0,1.0,0.6911738144454032,0.0,1.0,4
0.7853915662650603,0.0,1.0,0.785295711332758,0.0,1.0,4
0.8835341365461848,0.0,1.0,0.8833410263099801,0.0,1.0,4
0.981425702811245,0.0,1.0,0.9813863412872021,0.0,1.0,4
0.07555220883534136,0.0,1.0,0.07545003913383769,0.0,1.0,4
0.17344377510040165,0.0,1.0,0.17349535411105976,0.0,1.0,4
0.2715863453815261,0.0,1.0,0.27153866222480877,0.0,1.0,4
0.36972891566265065,0.0,1.0,0.36958397720203084,0.0,1.0,4
0.4676204819277109,0.0,1.0,0.467629292179253,0.0,1.0,4
0.5657630522088354,0.0,1.0,0.5656906620642597,0.0,1.0,4
0.6598895582329318,0.0,1.0,0.6598145658150876,0.0,1.0,4
0.7540160642570282,0.0,1.0,0.7539384695659154,0.0,1.0,4
0.8521586345381527,0.0,1.0,0.8519817776796643,0.0,1.0,4
0.9500502008032129,0.0,1.0,0.9500270926568866,0.0,1.0,4
0.04417670682730923,0.0,1.0,0.04409079050352199,0.0,1.0,4
0.14231927710843373,0.0,1.0,0.14213610548074407,0.0,1.0,4
0.24021084337349402,0.0,1.0,0.2401814204579662,0.0,1.0,4
0.33835341365461846,0.0,1.0,0.3382247285717152,0.0,1.0,4
0.4362449799196787,0.0,1.0,0.4362700435489373,0.0,1.0,4
0.5343875502008032,0.0,1.0,0.5343314134339441,0.0,1.0,4
0.6285140562248996,0.0,1.0,0.6284553171847719,0.0,1.0,4
0.722640562248996,0.0,1.0,0.7225792209355997,0.0,1.0,4
0.8207831325301205,0.0,1.0,0.8206245359128217,0.0,1.0,4
0.9186746987951808,0.0,1.0,0.9186678440265708,0.0,1.0,4
0.012801204819277101,0.0,1.0,0.012731541873206298,0.0,1.0,4
0.1109437751004016,0.0,1.0,0.11077685685042843,0.0,1.0,4
0.2088353413654619,0.0,1.0,0.2088221718276505,0.0,1.0,4
0.3069779116465864,0.0,1.0,0.30686748680487264,0.0,1.0,4
0.4048694779116466,0.0,1.0,0.40491079491862164,0.0,1.0,4
0.5030120481927711,0.0,1.0,0.5029721648036284,0.0,1.0,4
0.5971385542168675,0.0,1.0,0.5970960685544562,0.0,1.0,4
0.6912650602409639,0.0,1.0,0.691219972305284,0.0,1.0,4
0.7853915662650603,0.0,1.0,0.7853418691926388,0.0,1.0,4
0.8835341365461848,0.0,1.0,0.8833871841698608,0.0,1.0,4
0.981425702811245,0.0,1.0,0.981432499147083,0.0,1.0,4
0.07555220883534136,0.0,1.0,0.07549419013024539,0.0,1.0,4
0.17369477911646586,0.0,1.0,0.17353950510746752,0.0,1.0,4
0.2715863453815261,0.0,1.0,0.2715848200846896,0.0,1.0,4
0.36972891566265065,0.0,1.0,0.36963013506191167,0.0,1.0,4
0.46787148594377514,0.0,1.0,0.4676754500391338,0.0,1.0,4
0.5657630522088354,0.0,1.0,0.5657368199241405,0.0,1.0,4
0.6598895582329318,0.0,1.0,0.6598607236749683,0.0,1.0,4
0.7540160642570282,0.0,1.0,0.753982620562323,0.0,1.0,4
0.8521586345381527,0.0,1.0,0.8520279355395451,0.0,1.0,4
0.9500502008032129,0.0,1.0,0.9500732505167673,0.0,1.0,4
0.04417670682730923,0.0,1.0,0.04413494149992969,0.0,1.0,4
0.14231927710843373,0.0,1.0,0.14218025647715182,0.0,1.0,4
0.24021084337349402,0.0,1.0,0.2402255714543739,0.0,1.0,4
0.33835341365461846,0.0,1.0,0.338270886431596,0.0,1.0,4
0.43649598393574296,0.0,1.0,0.4363162014088181,0.0,1.0,4
0.5343875502008032,0.0,1.0,0.5343775712938248,0.0,1.0,4
0.6285140562248996,0.0,1.0,0.6285014750446527,0.0,1.0,4
0.722640562248996,0.0,1.0,0.7226233719320074,0.0,1.0,4
0.8207831325301205,0.0,1.0,0.8206686869092295,0.0,1.0,4
0.918925702811245,0.0,1.0,0.9187140018864516,0.0,1.0,4
0.012801204819277101,0.0,1.0,0.012777699733087067,0.0,1.0,4
0.1109437751004016,0.0,1.0,0.1108230147103092,0.0,1.0,4
0.2088353413654619,0.0,1.0,0.2088663228240582,0.0,1.0,4
0.3069779116465864,0.0,1.0,0.3069116378012803,0.0,1.0,4
0.4051204819277109,0.0,1.0,0.4049569527785024,0.0,1.0,4
0.5030120481927711,0.0,1.0,0.5030183226635091,0.0,1.0,4
0.5971385542168675,0.0,1.0,0.597142226414337,0.0,1.0,4
0.6912650602409639,0.0,1.0,0.6912661301651648,0.0,1.0,4
0.7853915662650603,0.0,1.0,0.7853880270525195,0.0,1.0,4
0.8835341365461848,0.0,1.0,0.8834333420297416,0.0,1.0,4
0.9816767068273093,0.0,1.0,0.9814786570069638,0.0,1.0,4
0.07555220883534136,0.0,1.0,0.07554034799012616,0.0,1.0,4
0.17369477911646586,0.0,1.0,0.1735856629673483,0.0,1.0,4
0.2715863453815261,0.0,1.0,0.27163097794457036,0.0,1.0,4
0.36972891566265065,0.0,1.0,0.3696762929217925,0.0,1.0,4
0.46787148594377514,0.0,1.0,0.46772160789901457,0.0,1.0,4
0.5657630522088354,0.0,1.0,0.5657829777840213,0.0,1.0,4
0.6598895582329318,0.0,1.0,0.6599068815348491,0.0,1.0,4
0.7540160642570282,0.0,1.0,0.7540287784222038,0.0,1.0,4
0.8521586345381527,0.0,1.0,0.852074093399426,0.0,1.0,4
0.9503012048192772,0.0,1.0,0.950119408376648,0.0,1.0,4
0.04417670682730923,0.0,1.0,0.04418109935981046,0.0,1.0,4
0.14231927710843373,0.0,1.0,0.1422264143370326,0.0,1.0,4
0.24046184738955823,0.0,1.0,0.24027172931425467,0.0,1.0,4
0.33835341365461846,0.0,1.0,0.3383170442914768,0.0,1.0,4
0.43649598393574296,0.0,1.0,0.4363623592686989,0.0,1.0,4
0.5343875502008032,0.0,1.0,0.5344237291537056,0.0,1.0,4
0.6285140562248996,0.0,1.0,0.6285476329045334,0.0,1.0,4
0.722640562248996,0.0,1.0,0.7226695297918881,0.0,1.0,4
0.8207831325301205,0.0,1.0,0.8207148447691103,0.0,1.0,4
0.918925702811245,0.0,1.0,0.9187601597463324,0.0,1.0,4
0.012801204819277101,0.0,1.0,0.012821850729494821,0.0,1.0,4
0.1109437751004016,0.0,1.0,0.1108671657067169,0.0,1.0,4
0.2090863453815261,0.0,1.0,0.20891248068393897,0.0,1.0,4
0.3069779116465864,0.0,1.0,0.3069577956611611,0.0,1.0,4
0.4051204819277109,0.0,1.0,0.40500311063838323,0.0,1.0,4
0.5032630522088354,0.0,1.0,0.5030644805233899,0.0,1.0,4
0.5973895582329317,0.0,1.0,0.5971883842742177,0.0,1.0,4
0.6915160642570282,0.0,1.0,0.6913102811615726,0.0,1.0,4
0.7856425702811245,0.0,1.0,0.7854341849124002,0.0,1.0,4
0.8835341365461848,0.0,1.0,0.8834794998896225,0.0,1.0,4
0.9816767068273093,0.0,1.0,0.9815248148668445,0.0,1.0,4
0.07555220883534136,0.0,1.0,0.07558650585000692,0.0,1.0,4
0.17369477911646586,0.0,1.0,0.17363182082722906,0.0,1.0,4
0.27183734939759036,0.0,1.0,0.2716771358044512,0.0,1.0,4
0.36972891566265065,0.0,1.0,0.36972245078167326,0.0,1.0,4
0.46787148594377514,0.0,1.0,0.46776776575889534,0.0,1.0,4
0.5660140562248996,0.0,1.0,0.565829135643902,0.0,1.0,4
0.660140562248996,0.0,1.0,0.6599510325312568,0.0,1.0,4
0.7542670682730923,0.0,1.0,0.7540749362820847,0.0,1.0,4
0.8521586345381527,0.0,1.0,0.8521202512593068,0.0,1.0,4
0.9503012048192772,0.0,1.0,0.9501655662365289,0.0,1.0,4
0.04417670682730923,0.0,1.0,0.04422725721969134,0.0,1.0,4
0.14231927710843373,0.0,1.0,0.14227257219691342,0.0,1.0,4
0.24046184738955823,0.0,1.0,0.2403178871741355,0.0,1.0,4
0.33835341365461846,0.0,1.0,0.33836320215135757,0.0,1.0,4
0.43649598393574296,0.0,1.0,0.43640851712857964,0.0,1.0,4
0.5346385542168675,0.0,1.0,0.5344698870135864,0.0,1.0,4
0.6287650602409639,0.0,1.0,0.6285937907644142,0.0,1.0,4
0.7228915662650602,0.0,1.0,0.722715687651769,0.0,1.0,4
0.8207831325301205,0.0,1.0,0.8207610026289911,0.0,1.0,4
0.918925702811245,0.0,1.0,0.9188063176062131,0.0,1.0,4
0.013052208835341361,0.0,1.0,0.012868008589375646,0.0,1.0,4
0.1109437751004016,0.0,1.0,0.11091332356659772,0.0,1.0,4
0.2090863453815261,0.0,1.0,0.2089586385438198,0.0,1.0,4
0.3069779116465864,0.0,1.0,0.30700395352104193,0.0,1.0,4
0.4051204819277109,0.0,1.0,0.405049268498264,0.0,1.0,4
0.5032630522088354,0.0,1.0,0.5031106383832707,0.0,1.0,4
0.5973895582329317,0.0,1.0,0.5972345421340985,0.0,1.0,4
0.6915160642570282,0.0,1.0,0.6913564390214533,0.0,1.0,4
0.7856425702811245,0.0,1.0,0.7854803427722812,0.0,1.0,4
0.8835341365461848,0.0,1.0,0.8835256577495032,0.0,1.0,4
0.9816767068273093,0.0,1.0,0.9815709727267253,0.0,1.0,4
0.07580321285140562,0.0,1.0,0.0756326637098878,0.0,1.0,4
0.17369477911646586,0.0,1.0,0.17367797868710988,0.0,1.0,4
0.27183734939759036,0.0,1.0,0.271723293664332,0.0,1.0,4
0.36972891566265065,0.0,1.0,0.36976860864155403,0.0,1.0,4
0.46787148594377514,0.0,1.0,0.46781392361877616,0.0,1.0,4
0.5660140562248996,0.0,1.0,0.5658752935037829,0.0,1.0,4
0.660140562248996,0.0,1.0,0.6599971903911377,0.0,1.0,4
0.7542670682730923,0.0,1.0,0.7541210941419654,0.0,1.0,4
0.8521586345381527,0.0,1.0,0.8521664091191876,0.0,1.0,4
0.9503012048192772,0.0,1.0,0.9502117240964096,0.0,1.0,4
0.04442771084337349,0.0,1.0,0.04427341507957211,0.0,1.0,4
0.14231927710843373,0.0,1.0,0.14231873005679418,0.0,1.0,4
0.24046184738955823,0.0,1.0,0.24036404503401626,0.0,1.0,4
0.3386044176706827,0.0,1.0,0.3384093600112384,0.0,1.0,4
0.43649598393574296,0.0,1.0,0.43645467498846047,0.0,1.0,4
0.5346385542168675,0.0,1.0,0.5345160448734672,0.0,1.0,4
0.6287650602409639,0.0,1.0,0.6286379417608219,0.0,1.0,4
0.7228915662650602,0.0,1.0,0.7227618455116498,0.0,1.0,4
0.8207831325301205,0.0,1.0,0.8208071604888718,0.0,1.0,4
0.918925702811245,0.0,1.0,0.9188524754660939,0.0,1.0,4
0.013052208835341361,0.0,1.0,0.012914166449256415,0.0,1.0,4
0.1109437751004016,0.0,1.0,0.11095948142647849,0.0,1.0,4
0.2090863453815261,0.0,1.0,0.20900479640370062,0.0,1.0,4
0.30722891566265065,0.0,1.0,0.3070501113809227,0.0,1.0,4
0.4051204819277109,0.0,1.0,0.4050954263581448,0.0,1.0,4
0.5032630522088354,0.0,1.0,0.5031567962431515,0.0,1.0,4
0.5973895582329317,0.0,1.0,0.5972786931305063,0.0,1.0,4
0.6915160642570282,0.0,1.0,0.6914025968813341,0.0,1.0,4
0.7856425702811245,0.0,1.0,0.7855265006321619,0.0,1.0,4
0.883785140562249,0.0,1.0,0.883571815609384,0.0,1.0,4
0.9816767068273093,0.0,1.0,0.9816171305866062,0.0,1.0,4
0.07580321285140562,0.0,1.0,0.07567882156976857,0.0,1.0,4
0.17369477911646586,0.0,1.0,0.17372413654699065,0.0,1.0,4
0.27183734939759036,0.0,1.0,0.2717694515242127,0.0,1.0,4
0.3699799196787149,0.0,1.0,0.36981476650143486,0.0,1.0,4
0.46787148594377514,0.0,1.0,0.46786008147865693,0.0,1.0,4
0.5660140562248996,0.0,1.0,0.5659194445001906,0.0,1.0,4
0.660140562248996,0.0,1.0,0.6600433482510184,0.0,1.0,4
0.7542670682730923,0.0,1.0,0.7541672520018463,0.0,1.0,4
0.8524096385542168,0.0,1.0,0.8522125669790683,0.0,1.0,4
0.9503012048192772,0.0,1.0,0.9502578819562904,0.0,1.0,4
0.04442771084337349,0.0,1.0,0.04431957293945288,0.0,1.0,4
0.14231927710843373,0.0,1.0,0.14236488791667495,0.0,1.0,4
0.24046184738955823,0.0,1.0,0.24041020289389708,0.0,1.0,4
0.3386044176706827,0.0,1.0,0.33845551787111916,0.0,1.0,4
0.43649598393574296,0.0,1.0,0.4365008328483413,0.0,1.0,4
0.5346385542168675,0.0,1.0,0.534562202733348,0.0,1.0,4
0.6287650602409639,0.0,1.0,0.6286840996207027,0.0,1.0,4
0.7228915662650602,0.0,1.0,0.7228080033715306,0.0,1.0,4
0.8210341365461847,0.0,1.0,0.8208533183487526,0.0,1.0,4
0.918925702811245,0.0,1.0,0.9188986333259748,0.0,1.0,4
0.013052208835341361,0.0,1.0,0.012960324309137183,0.0,1.0,4
0.11119477911646586,0.0,1.0,0.11100563928635926,0.0,1.0,4
0.2090863453815261,0.0,1.0,0.2090509542635814,0.0,1.0,4
0.30722891566265065,0.0,1.0,0.30709626924080347,0.0,1.0,4
0.4051204819277109,0.0,1.0,0.4051415842180256,0.0,1.0,4
0.5032630522088354,0.0,1.0,0.5032029541030323,0.0,1.0,4
0.5973895582329317,0.0,1.0,0.597324850990387,0.0,1.0,4
0.6915160642570282,0.0,1.0,0.6914487547412149,0.0,1.0,4
0.7856425702811245,0.0,1.0,0.7855726584920427,0.0,1.0,4
0.883785140562249,0.0,1.0,0.8836179734692649,0.0,1.0,4
0.9816767068273093,0.0,1.0,0.9816632884464869,0.0,1.0,4
0.07580321285140562,0.0,1.0,0.07572497942964934,0.0,1.0,4
0.17394578313253012,0.0,1.0,0.17377029440687142,0.0,1.0,4
0.27183734939759036,0.0,1.0,0.27181560938409355,0.0,1.0,4
0.3699799196787149,0.0,1.0,0.3698609243613157,0.0,1.0,4
0.46787148594377514,0.0,1.0,0.46790623933853775,0.0,1.0,4
0.5660140562248996,0.0,1.0,0.5659656023600714,0.0,1.0,4
0.660140562248996,0.0,1.0,0.6600895061108992,0.0,1.0,4
0.7542670682730923,0.0,1.0,0.754213409861727,0.0,1.0,4
0.8524096385542168,0.0,1.0,0.852258724838949,0.0,1.0,4
0.9503012048192772,0.0,1.0,0.9503040398161712,0.0,1.0,4
0.04442771084337349,0.0,1.0,0.04436573079933365,0.0,1.0,4
0.142570281124498,0.0,1.0,0.14241104577655572,0.0,1.0,4
0.24046184738955823,0.0,1.0,0.24045636075377785,0.0,1.0,4
0.3386044176706827,0.0,1.0,0.338501675731,0.0,1.0,4
0.4367469879518072,0.0,1.0,0.43654699070822206,0.0,1.0,4
0.5346385542168675,0.0,1.0,0.5346063537297557,0.0,1.0,4
0.6287650602409639,0.0,1.0,0.6287302574805835,0.0,1.0,4
0.7228915662650602,0.0,1.0,0.7228541612314113,0.0,1.0,4
0.8210341365461847,0.0,1.0,0.8208994762086335,0.0,1.0,4
0.918925702811245,0.0,1.0,0.9189447911858556,0.0,1.0,4
0.013052208835341361,0.0,1.0,0.013006482169018008,0.0,1.0,4
0.11119477911646586,0.0,1.0,0.11105179714624014,0.0,1.0,4
0.2090863453815261,0.0,1.0,0.20909711212346221,0.0,1.0,4
0.30722891566265065,0.0,1.0,0.3071424271006843,0.0,1.0,4
0.40537148594377514,0.0,1.0,0.40518774207790637,0.0,1.0,4
0.5032630522088354,0.0,1.0,0.50324710509944,0.0,1.0,4
0.5973895582329317,0.0,1.0,0.5973710088502678,0.0,1.0,4
0.6915160642570282,0.0,1.0,0.6914949126010956,0.0,1.0,4
0.7856425702811245,0.0,1.0,0.7856188163519235,0.0,1.0,4
0.883785140562249,0.0,1.0,0.8836641313291456,0.0,1.0,4
0.9816767068273093,0.0,1.0,0.9817094463063677,0.0,1.0,4
0.07580321285140562,0.0,1.0,0.07577113728953017,0.0,1.0,4
0.17394578313253012,0.0,1.0,0.17381645226675224,0.0,1.0,4
0.27183734939759036,0.0,1.0,0.2718617672439743,0.0,1.0,4
0.3699799196787149,0.0,1.0,0.3699070822211964,0.0,1.0,4
0.4681224899598394,0.0,1.0,0.4679523971984185,0.0,1.0,4
0.5660140562248996,0.0,1.0,0.5660117602199521,0.0,1.0,4
0.660140562248996,0.0,1.0,0.66013566397078,0.0,1.0,4
0.7542670682730923,0.0,1.0,0.7542595677216078,0.0,1.0,4
0.8524096385542168,0.0,1.0,0.85230488269883,0.0,1.0,4
0.9505522088353414,0.0,1.0,0.950350197676052,0.0,1.0,4
0.04442771084337349,0.0,1.0,0.04441188865921447,0.0,1.0,4
0.142570281124498,0.0,1.0,0.14245720363643655,0.0,1.0,4
0.24046184738955823,0.0,1.0,0.24050251861365868,0.0,1.0,4
0.3386044176706827,0.0,1.0,0.3385478335908807,0.0,1.0,4
0.4367469879518072,0.0,1.0,0.43659314856810283,0.0,1.0,4
0.5346385542168675,0.0,1.0,0.5346525115896364,0.0,1.0,4
0.6287650602409639,0.0,1.0,0.6287764153404644,0.0,1.0,4
0.7228915662650602,0.0,1.0,0.7229003190912922,0.0,1.0,4
0.8210341365461847,0.0,1.0,0.8209456340685142,0.0,1.0,4
0.9191767068273093,0.0,1.0,0.9189909490457364,0.0,1.0,4
0.013052208835341361,0.0,1.0,0.013052640028898777,0.0,1.0,4
0.11119477911646586,0.0,1.0,0.11109795500612091,0.0,1.0,4
0.2090863453815261,0.0,1.0,0.20914326998334298,0.0,1.0,4
0.30722891566265065,0.0,1.0,0.3071885849605651,0.0,1.0,4
0.40537148594377514,0.0,1.0,0.4052338999377872,0.0,1.0,4
0.5032630522088354,0.0,1.0,0.5032932629593209,0.0,1.0,4
0.5973895582329317,0.0,1.0,0.5974171667101487,0.0,1.0,4
0.6915160642570282,0.0,1.0,0.6915410704609765,0.0,1.0,4
0.7856425702811245,0.0,1.0,0.7856649742118043,0.0,1.0,4
0.883785140562249,0.0,1.0,0.8837102891890264,0.0,1.0,4
0.9819277108433735,0.0,1.0,0.9817556041662485,0.0,1.0,4
0.07580321285140562,0.0,1.0,0.07581729514941093,0.0,1.0,4
0.17394578313253012,0.0,1.0,0.173862610126633,0.0,1.0,4
0.2720883534136546,0.0,1.0,0.27190792510385514,0.0,1.0,4
0.3699799196787149,0.0,1.0,0.3699532400810772,0.0,1.0,4
0.4681224899598394,0.0,1.0,0.4679985550582993,0.0,1.0,4
0.5660140562248996,0.0,1.0,0.566057918079833,0.0,1.0,4
0.660140562248996,0.0,1.0,0.6601818218306608,0.0,1.0,4
0.7542670682730923,0.0,1.0,0.7543057255814887,0.0,1.0,4
0.8524096385542168,0.0,1.0,0.8523510405587107,0.0,1.0,4
0.9505522088353414,0.0,1.0,0.9503963555359328,0.0,1.0,4
0.04442771084337349,0.0,1.0,0.04445804651909524,0.0,1.0,4
0.142570281124498,0.0,1.0,0.14250336149631737,0.0,1.0,4
0.24071285140562254,0.0,1.0,0.24054867647353945,0.0,1.0,4
0.3386044176706827,0.0,1.0,0.3385939914507615,0.0,1.0,4
0.4367469879518072,0.0,1.0,0.43663930642798365,0.0,1.0,4
0.5348895582329317,0.0,1.0,0.5346986694495173,0.0,1.0,4
0.6290160642570282,0.0,1.0,0.6288225732003451,0.0,1.0,4
0.7231425702811245,0.0,1.0,0.7229464769511729,0.0,1.0,4
0.8210341365461847,0.0,1.0,0.8209917919283951,0.0,1.0,4
0.9191767068273093,0.0,1.0,0.9190371069056171,0.0,1.0,4
0.013052208835341361,0.0,1.0,0.013098797888779545,0.0,1.0,4
0.11119477911646586,0.0,1.0,0.11114411286600168,0.0,1.0,4
0.2093373493975904,0.0,1.0,0.20918942784322375,0.0,1.0,4
0.30722891566265065,0.0,1.0,0.3072347428204458,0.0,1.0,4
0.40537148594377514,0.0,1.0,0.40528005779766796,0.0,1.0,4
0.5035140562248996,0.0,1.0,0.5033394208192016,0.0,1.0,4
0.597640562248996,0.0,1.0,0.5974633245700294,0.0,1.0,4
0.6917670682730924,0.0,1.0,0.6915872283208573,0.0,1.0,4
0.7858935742971889,0.0,1.0,0.7857111320716851,0.0,1.0,4
0.883785140562249,0.0,1.0,0.8837564470489072,0.0,1.0,4
0.9819277108433735,0.0,1.0,0.9818017620261292,0.0,1.0,4
0.07580321285140562,0.0,1.0,0.0758634530092917,0.0,1.0,4
0.17394578313253012,0.0,1.0,0.17390876798651383,0.0,1.0,4
0.2720883534136546,0.0,1.0,0.2719540829637359,0.0,1.0,4
0.3699799196787149,0.0,1.0,0.36999939794095804,0.0,1.0,4
0.4681224899598394,0.0,1.0,0.4680447129181801,0.0,1.0,4
0.5662650602409639,0.0,1.0,0.5661040759397138,0.0,1.0,4
0.6603915662650602,0.0,1.0,0.6602279796905416,0.0,1.0,4
0.7545180722891567,0.0,1.0,0.7543518834413694,0.0,1.0,4
0.8524096385542168,0.0,1.0,0.8523971984185914,0.0,1.0,4
0.9505522088353414,0.0,1.0,0.9504425133958136,0.0,1.0,4
0.04467871485943775,0.0,1.0,0.04450420437897601,0.0,1.0,4
0.142570281124498,0.0,1.0,0.14254951935619814,0.0,1.0,4
0.24071285140562254,0.0,1.0,0.24059483433342022,0.0,1.0,4
0.3386044176706827,0.0,1.0,0.33864014931064235,0.0,1.0,4
0.4367469879518072,0.0,1.0,0.4366854642878644,0.0,1.0,4
0.5348895582329317,0.0,1.0,0.5347448273093981,0.0,1.0,4
0.6290160642570282,0.0,1.0,0.6288687310602259,0.0,1.0,4
0.7231425702811245,0.0,1.0,0.7229926348110538,0.0,1.0,4
0.8210341365461847,0.0,1.0,0.8210379497882758,0.0,1.0,4
0.9191767068273093,0.0,1.0,0.9190832647654978,0.0,1.0,4
0.013303212851405621,0.0,1.0,0.01314495574866037,0.0,1.0,4
0.11119477911646586,0.0,1.0,0.11119027072588245,0.0,1.0,4
0.2093373493975904,0.0,1.0,0.20923558570310452,0.0,1.0,4
0.30722891566265065,0.0,1.0,0.30728090068032665,0.0,1.0,4
0.5020080321285141,0.0,0.0,0.5019306026611009,0.0,0.0,4
0.4236947791164659,0.0,1.0,0.423540508539204,0.0,1.0,4
0.5215863453815262,0.0,1.0,0.5216018784242107,0.0,1.0,4
0.6157128514056225,0.0,1.0,0.6157237753115655,0.0,1.0,4
0.7098393574297189,0.0,1.0,0.7098476790623933,0.0,1.0,4
0.8079819277108434,0.0,1.0,0.8078929940396153,0.0,1.0,4
0.9061244979919679,0.0,1.0,0.9059383090168375,0.0,1.0,4
0.0,0.0,1.0,0.0,0.0,1.0,4
0.0981425702811245,0.0,1.0,0.09804531497722202,0.0,1.0,4
0.19603413654618473,0.0,1.0,0.19609062995444415,0.0,1.0,4
0.29417670682730923,0.0,1.0,0.2941359449316662,0.0,1.0,4
0.39231927710843373,0.0,1.0,0.39218125990888836,0.0,1.0,4
0.490210843373494,0.0,1.0,0.49022657488611043,0.0,1.0,4
0.5883534136546185,0.0,1.0,0.5882879447711171,0.0,1.0,4
0.6824799196787149,0.0,1.0,0.6824098416584718,0.0,1.0,4
0.7766064257028114,0.0,1.0,0.7765337454092998,0.0,1.0,4
0.8747489959839359,0.0,1.0,0.8745790603865218,0.0,1.0,4
0.972640562248996,0.0,1.0,0.9726243753637439,0.0,1.0,4
0.06676706827309237,0.0,1.0,0.06668606634690638,0.0,1.0,4
0.16490963855421686,0.0,1.0,0.16473138132412846,0.0,1.0,4
0.26280120481927716,0.0,1.0,0.2627766963013506,0.0,1.0,4
0.3609437751004016,0.0,1.0,0.36082201127857266,0.0,1.0,4
0.4588353413654619,0.0,1.0,0.45886732625579474,0.0,1.0,4
0.5569779116465864,0.0,1.0,0.5569286961408014,0.0,1.0,4
0.6511044176706827,0.0,1.0,0.6510505930281563,0.0,1.0,4
0.7452309236947792,0.0,1.0,0.7451744967789841,0.0,1.0,4
0.8433734939759037,0.0,1.0,0.8432198117562062,0.0,1.0,4
0.9412650602409639,0.0,1.0,0.9412651267334282,0.0,1.0,4
0.03539156626506024,0.0,1.0,0.035326817716590686,0.0,1.0,4
0.13353413654618473,0.0,1.0,0.13337213269381276,0.0,1.0,4
0.23142570281124497,0.0,1.0,0.23141744767103484,0.0,1.0,4
0.32956827309236947,0.0,1.0,0.329462762648257,0.0,1.0,4
0.42745983935742976,0.0,1.0,0.42750807762547904,0.0,1.0,4
0.5256024096385542,0.0,1.0,0.5255694475104858,0.0,1.0,4
0.6197289156626506,0.0,1.0,0.6196913443978406,0.0,1.0,4
0.713855421686747,0.0,1.0,0.7138152481486684,0.0,1.0,4
0.8119979919678715,0.0,1.0,0.8118605631258905,0.0,1.0,4
0.9098895582329318,0.0,1.0,0.9099058781031126,0.0,1.0,4
0.004016064257028107,0.0,1.0,0.003967569086275047,0.0,1.0,4
0.1021586345381526,0.0,1.0,0.10201288406349712,0.0,1.0,4
0.20005020080321284,0.0,1.0,0.20005819904071925,0.0,1.0,4
0.29819277108433734,0.0,1.0,0.29810351401794133,0.0,1.0,4
0.3963353413654619,0.0,1.0,0.3961488289951634,0.0,1.0,4
0.4942269076305221,0.0,1.0,0.4941941439723855,0.0,1.0,4
0.5923694779116466,0.0,1.0,0.5922555138573922,0.0,1.0,4
0.686495983935743,0.0,1.0,0.686377410744747,0.0,1.0,4
0.7806224899598394,0.0,1.0,0.7805013144955748,0.0,1.0,4
0.8785140562248996,0.0,1.0,0.8785466294727968,0.0,1.0,4
0.9766566265060241,0.0,1.0,0.9765919444500191,0.0,1.0,4
0.07078313253012047,0.0,1.0,0.07065363543318143,0.0,1.0,4
0.1686746987951807,0.0,1.0,0.16869895041040356,0.0,1.0,4
0.2668172690763052,0.0,1.0,0.26674426538762563,0.0,1.0,4
0.3649598393574297,0.0,1.0,0.3647895803648477,0.0,1.0,4
0.46285140562249,0.0,1.0,0.4628348953420698,0.0,1.0,4
0.5609939759036144,0.0,1.0,0.5608962652270766,0.0,1.0,4
0.6551204819277109,0.0,1.0,0.6550181621144313,0.0,1.0,4
0.7492469879518073,0.0,1.0,0.7491420658652591,0.0,1.0,4
0.8473895582329317,0.0,1.0,0.8471873808424812,0.0,1.0,4
0.945281124497992,0.0,1.0,0.9452326958197033,0.0,1.0,4
0.039407630522088344,0.0,1.0,0.03929438680286579,0.0,1.0,4
0.13729919678714858,0.0,1.0,0.13733970178008786,0.0,1.0,4
0.23544176706827308,0.0,1.0,0.23538501675730994,0.0,1.0,4
0.33358433734939763,0.0,1.0,0.33343033173453207,0.0,1.0,4
0.43147590361445787,0.0,1.0,0.43147564671175415,0.0,1.0,4
0.5296184738955824,0.0,1.0,0.5295370165967609,0.0,1.0,4
0.6237449799196787,0.0,1.0,0.6236589134841156,0.0,1.0,4
0.7178714859437751,0.0,1.0,0.7177828172349434,0.0,1.0,4
0.8160140562248996,0.0,1.0,0.8158281322121655,0.0,1.0,4
0.9139056224899599,0.0,1.0,0.9138734471893877,0.0,1.0,4
0.008032128514056214,0.0,1.0,0.007935138172550094,0.0,1.0,4
0.10592369477911645,0.0,1.0,0.10598045314977217,0.0,1.0,4
0.20406626506024095,0.0,1.0,0.20402576812699424,0.0,1.0,4
0.30220883534136544,0.0,1.0,0.3020710831042164,0.0,1.0,4
0.4001004016064257,0.0,1.0,0.40011639808143845,0.0,1.0,4
0.49824297188755023,0.0,1.0,0.4981617130586605,0.0,1.0,4
0.5963855421686748,0.0,1.0,0.5962230829436672,0.0,1.0,4
0.6905120481927711,0.0,1.0,0.690344979831022,0.0,1.0,4
0.7846385542168675,0.0,1.0,0.7844688835818499,0.0,1.0,4
0.8825301204819278,0.0,1.0,0.8825141985590719,0.0,1.0,4
0.9806726907630523,0.0,1.0,0.9805595135362941,0.0,1.0,4
0.07479919678714864,0.0,1.0,0.07462120451945647,0.0,1.0,4
0.17269076305220882,0.0,1.0,0.1726665194966786,0.0,1.0,4
0.27083333333333337,0.0,1.0,0.2707118344739007,0.0,1.0,4
0.3687248995983936,0.0,1.0,0.3687571494511228,0.0,1.0,4
0.4668674698795181,0.0,1.0,0.4668024644283449,0.0,1.0,4
0.5650100401606426,0.0,1.0,0.5648638343133516,0.0,1.0,4
0.6591365461847389,0.0,1.0,0.6589877380641794,0.0,1.0,4
0.7532630522088353,0.0,1.0,0.7531096349515342,0.0,1.0,4
0.8511546184738956,0.0,1.0,0.8511549499287563,0.0,1.0,4
0.9492971887550201,0.0,1.0,0.9492002649059783,0.0,1.0,4
0.043423694779116506,0.0,1.0,0.04326195588914078,0.0,1.0,4
0.1413152610441767,0.0,1.0,0.1413072708663629,0.0,1.0,4
0.23945783132530118,0.0,1.0,0.239352585843585,0.0,1.0,4
0.3373493975903614,0.0,1.0,0.3373979008208071,0.0,1.0,4
0.435491967871486,0.0,1.0,0.4354432157980292,0.0,1.0,4
0.5336345381526104,0.0,1.0,0.5335045856830359,0.0,1.0,4
0.6277610441767069,0.0,1.0,0.6276284894338637,0.0,1.0,4
0.7218875502008033,0.0,1.0,0.7217503863212185,0.0,1.0,4
0.8197791164658634,0.0,1.0,0.8197957012984406,0.0,1.0,4
0.9179216867469879,0.0,1.0,0.9178410162756627,0.0,1.0,4
0.012048192771084376,0.0,1.0,0.01190270725882514,0.0,1.0,4
0.10993975903614456,0.0,1.0,0.10994802223604722,0.0,1.0,4
0.20808232931726905,0.0,1.0,0.2079933372132693,0.0,1.0,4
0.3062248995983936,0.0,1.0,0.3060386521904914,0.0,1.0,4
0.40411646586345384,0.0,1.0,0.4040839671677135,0.0,1.0,4
0.5022590361445783,0.0,1.0,0.5021453370527202,0.0,1.0,4
0.5963855421686748,0.0,1.0,0.596269240803548,0.0,1.0,4
0.6905120481927711,0.0,1.0,0.6903911376909029,0.0,1.0,4
0.7846385542168675,0.0,1.0,0.7845150414417306,0.0,1.0,4
0.8825301204819278,0.0,1.0,0.8825603564189527,0.0,1.0,4
0.9806726907630523,0.0,1.0,0.9806056713961748,0.0,1.0,4
0.07479919678714864,0.0,1.0,0.07466736237933724,0.0,1.0,4
0.17269076305220882,0.0,1.0,0.17271267735655937,0.0,1.0,4
0.27083333333333337,0.0,1.0,0.2707579923337815,0.0,1.0,4
0.36897590361445787,0.0,1.0,0.3688033073110036,0.0,1.0,4
0.4668674698795181,0.0,1.0,0.46684862228822566,0.0,1.0,4
0.5650100401606426,0.0,1.0,0.5649099921732323,0.0,1.0,4
0.6591365461847389,0.0,1.0,0.6590318890605871,0.0,1.0,4
0.7532630522088353,0.0,1.0,0.753155792811415,0.0,1.0,4
0.8514056224899599,0.0,1.0,0.8512011077886371,0.0,1.0,4
0.9492971887550201,0.0,1.0,0.9492464227658592,0.0,1.0,4
0.043423694779116506,0.0,1.0,0.043308113749021604,0.0,1.0,4
0.1413152610441767,0.0,1.0,0.14135342872624368,0.0,1.0,4
0.23945783132530118,0.0,1.0,0.23939874370346576,0.0,1.0,4
0.3376004016064257,0.0,1.0,0.3374440586806879,0.0,1.0,4
0.435491967871486,0.0,1.0,0.43548937365790996,0.0,1.0,4
0.5336345381526104,0.0,1.0,0.5335507435429168,0.0,1.0,4
0.6277610441767069,0.0,1.0,0.6276726404302715,0.0,1.0,4
0.7218875502008033,0.0,1.0,0.7217965441810993,0.0,1.0,4
0.8200301204819278,0.0,1.0,0.8198418591583214,0.0,1.0,4
0.9179216867469879,0.0,1.0,0.9178871741355434,0.0,1.0,4
0.012048192771084376,0.0,1.0,0.011948865118705965,0.0,1.0,4
0.10993975903614456,0.0,1.0,0.10999418009592804,0.0,1.0,4
0.20808232931726905,0.0,1.0,0.20803949507315012,0.0,1.0,4
0.3062248995983936,0.0,1.0,0.30608481005037225,0.0,1.0,4
0.40411646586345384,0.0,1.0,0.4041301250275943,0.0,1.0,4
0.5022590361445783,0.0,1.0,0.5021914949126011,0.0,1.0,4
0.5963855421686748,0.0,1.0,0.5963153986634289,0.0,1.0,4
0.6905120481927711,0.0,1.0,0.6904372955507836,0.0,1.0,4
0.7846385542168675,0.0,1.0,0.7845611993016115,0.0,1.0,4
0.882781124497992,0.0,1.0,0.8826065142788335,0.0,1.0,4
0.9806726907630523,0.0,1.0,0.9806518292560557,0.0,1.0,4
0.07479919678714864,0.0,1.0,0.07471352023921812,0.0,1.0,4
0.17294176706827313,0.0,1.0,0.1727588352164402,0.0,1.0,4
0.27083333333333337,0.0,1.0,0.2708041501936622,0.0,1.0,4
0.36897590361445787,0.0,1.0,0.36884946517088435,0.0,1.0,4
0.4668674698795181,0.0,1.0,0.4668947801481065,0.0,1.0,4
0.5650100401606426,0.0,1.0,0.5649561500331132,0.0,1.0,4
0.6591365461847389,0.0,1.0,0.659078046920468,0.0,1.0,4
0.7532630522088353,0.0,1.0,0.7532019506712957,0.0,1.0,4
0.8514056224899599,0.0,1.0,0.8512472656485179,0.0,1.0,4
0.9492971887550201,0.0,1.0,0.94929258062574,0.0,1.0,4
0.043423694779116506,0.0,1.0,0.04335427160890243,0.0,1.0,4
0.141566265060241,0.0,1.0,0.1413995865861245,0.0,1.0,4
0.23945783132530118,0.0,1.0,0.23944490156334658,0.0,1.0,4
0.3376004016064257,0.0,1.0,0.3374902165405687,0.0,1.0,4
0.435491967871486,0.0,1.0,0.4355355315177908,0.0,1.0,4
0.5336345381526104,0.0,1.0,0.5335969014027975,0.0,1.0,4
0.6277610441767069,0.0,1.0,0.6277187982901522,0.0,1.0,4
0.7218875502008033,0.0,1.0,0.7218427020409801,0.0,1.0,4
0.8200301204819278,0.0,1.0,0.8198880170182021,0.0,1.0,4
0.9179216867469879,0.0,1.0,0.9179333319954243,0.0,1.0,4
0.012048192771084376,0.0,1.0,0.011995022978586733,0.0,1.0,4
0.11019076305220887,0.0,1.0,0.11004033795580881,0.0,1.0,4
0.20808232931726905,0.0,1.0,0.20808565293303094,0.0,1.0,4
0.3062248995983936,0.0,1.0,0.306130967910253,0.0,1.0,4
0.4043674698795181,0.0,1.0,0.4041762828874751,0.0,1.0,4
0.5022590361445783,0.0,1.0,0.5022376527724818,0.0,1.0,4
0.5963855421686748,0.0,1.0,0.5963595496598366,0.0,1.0,4
0.6905120481927711,0.0,1.0,0.6904834534106644,0.0,1.0,4
0.7846385542168675,0.0,1.0,0.7846073571614922,0.0,1.0,4
0.882781124497992,0.0,1.0,0.8826526721387143,0.0,1.0,4
0.9806726907630523,0.0,1.0,0.9806979871159365,0.0,1.0,4
0.07479919678714864,0.0,1.0,0.07475967809909889,0.0,1.0,4
0.17294176706827313,0.0,1.0,0.17280499307632097,0.0,1.0,4
0.27083333333333337,0.0,1.0,0.27085030805354304,0.0,1.0,4
0.36897590361445787,0.0,1.0,0.3688956230307652,0.0,1.0,4
0.46711847389558236,0.0,1.0,0.46694093800798725,0.0,1.0,4
0.5650100401606426,0.0,1.0,0.5650003010295209,0.0,1.0,4
0.6591365461847389,0.0,1.0,0.6591242047803487,0.0,1.0,4
0.7532630522088353,0.0,1.0,0.7532481085311766,0.0,1.0,4
0.8514056224899599,0.0,1.0,0.8512934235083987,0.0,1.0,4
0.9495481927710844,0.0,1.0,0.9493387384856207,0.0,1.0,4
0.043423694779116506,0.0,1.0,0.0434004294687832,0.0,1.0,4
0.141566265060241,0.0,1.0,0.14144574444600527,0.0,1.0,4
0.23945783132530118,0.0,1.0,0.2394910594232274,0.0,1.0,4
0.3376004016064257,0.0,1.0,0.3375363744004495,0.0,1.0,4
0.43574297188755023,0.0,1.0,0.43558168937767155,0.0,1.0,4
0.5336345381526104,0.0,1.0,0.5336430592626783,0.0,1.0,4
0.6277610441767069,0.0,1.0,0.627764956150033,0.0,1.0,4
0.7218875502008033,0.0,1.0,0.7218888599008608,0.0,1.0,4
0.8200301204819278,0.0,1.0,0.819934174878083,0.0,1.0,4
0.9181726907630523,0.0,1.0,0.9179794898553051,0.0,1.0,4
0.012048192771084376,0.0,1.0,0.012041180838467502,0.0,1.0,4
0.11019076305220887,0.0,1.0,0.11008649581568958,0.0,1.0,4
0.20808232931726905,0.0,1.0,0.2081318107929117,0.0,1.0,4
0.3062248995983936,0.0,1.0,0.3061771257701338,0.0,1.0,4
0.4043674698795181,0.0,1.0,0.4042224407473559,0.0,1.0,4
0.5022590361445783,0.0,1.0,0.5022838106323626,0.0,1.0,4
0.5963855421686748,0.0,1.0,0.5964057075197173,0.0,1.0,4
0.6905120481927711,0.0,1.0,0.6905296112705452,0.0,1.0,4
0.7846385542168675,0.0,1.0,0.7846535150213729,0.0,1.0,4
0.882781124497992,0.0,1.0,0.8826988299985952,0.0,1.0,4
0.9809236947791165,0.0,1.0,0.9807441449758172,0.0,1.0,4
0.07479919678714864,0.0,1.0,0.07480583595897966,0.0,1.0,4
0.17294176706827313,0.0,1.0,0.17285115093620174,0.0,1.0,4
0.27108433734939763,0.0,1.0,0.27089646591342387,0.0,1.0,4
0.36897590361445787,0.0,1.0,0.36894178089064594,0.0,1.0,4
0.46711847389558236,0.0,1.0,0.466987095867868,0.0,1.0,4
0.5650100401606426,0.0,1.0,0.5650464588894016,0.0,1.0,4
0.6591365461847389,0.0,1.0,0.6591703626402295,0.0,1.0,4
0.7532630522088353,0.0,1.0,0.7532942663910573,0.0,1.0,4
0.8514056224899599,0.0,1.0,0.8513395813682794,0.0,1.0,4
0.9495481927710844,0.0,1.0,0.9493848963455015,0.0,1.0,4
0.043423694779116506,0.0,1.0,0.043446587328663966,0.0,1.0,4
0.141566265060241,0.0,1.0,0.14149190230588604,0.0,1.0,4
0.2397088353413655,0.0,1.0,0.23953721728310817,0.0,1.0,4
0.3376004016064257,0.0,1.0,0.3375825322603303,0.0,1.0,4
0.43574297188755023,0.0,1.0,0.4356278472375524,0.0,1.0,4
0.5338855421686747,0.0,1.0,0.533687210259086,0.0,1.0,4
0.6280120481927711,0.0,1.0,0.6278111140099139,0.0,1.0,4
0.7221385542168675,0.0,1.0,0.7219350177607416,0.0,1.0,4
0.8200301204819278,0.0,1.0,0.8199803327379638,0.0,1.0,4
0.9181726907630523,0.0,1.0,0.9180256477151859,0.0,1.0,4
0.012048192771084376,0.0,1.0,0.012087338698348271,0.0,1.0,4
0.11019076305220887,0.0,1.0,0.11013265367557035,0.0,1.0,4
0.20833333333333337,0.0,1.0,0.20817796865279248,0.0,1.0,4
0.3062248995983936,0.0,1.0,0.3062232836300146,0.0,1.0,4
0.4043674698795181,0.0,1.0,0.4042685986072367,0.0,1.0,4
0.5025100401606426,0.0,1.0,0.5023279616287704,0.0,1.0,4
0.5966365461847389,0.0,1.0,0.5964518653795982,0.0,1.0,4
0.6907630522088354,0.0,1.0,0.690575769130426,0.0,1.0,4
0.7848895582329318,0.0,1.0,0.7846996728812539,0.0,1.0,4
0.882781124497992,0.0,1.0,0.8827449878584759,0.0,1.0,4
0.9809236947791165,0.0,1.0,0.980790302835698,0.0,1.0,4
0.07479919678714864,0.0,1.0,0.07485199381886043,0.0,1.0,4
0.17294176706827313,0.0,1.0,0.1728973087960825,0.0,1.0,4
0.27108433734939763,0.0,1.0,0.27094262377330464,0.0,1.0,4
0.36897590361445787,0.0,1.0,0.3689879387505267,0.0,1.0,4
0.46711847389558236,0.0,1.0,0.46703325372774884,0.0,1.0,4
0.5652610441767069,0.0,1.0,0.5650926167492825,0.0,1.0,4
0.6593875502008033,0.0,1.0,0.6592165205001103,0.0,1.0,4
0.7535140562248996,0.0,1.0,0.7533404242509382,0.0,1.0,4
0.8514056224899599,0.0,1.0,0.8513857392281603,0.0,1.0,4
0.9495481927710844,0.0,1.0,0.9494310542053823,0.0,1.0,4
0.04367469879518071,0.0,1.0,0.04349274518854479,0.0,1.0,4
0.141566265060241,0.0,1.0,0.14153806016576687,0.0,1.0,4
0.2397088353413655,0.0,1.0,0.239583375142989,0.0,1.0,4
0.3376004016064257,0.0,1.0,0.337628690120211,0.0,1.0,4
0.43574297188755023,0.0,1.0,0.43567400509743315,0.0,1.0,4
0.5338855421686747,0.0,1.0,0.5337333681189668,0.0,1.0,4
0.6280120481927711,0.0,1.0,0.6278572718697946,0.0,1.0,4
0.7221385542168675,0.0,1.0,0.7219811756206225,0.0,1.0,4
0.8200301204819278,0.0,1.0,0.8200264905978445,0.0,1.0,4
0.9181726907630523,0.0,1.0,0.9180718055750667,0.0,1.0,4
0.01229919678714858,0.0,1.0,0.012133496558229095,0.0,1.0,4
0.11019076305220887,0.0,1.0,0.11017881153545123,0.0,1.0,4
0.20833333333333337,0.0,1.0,0.2082241265126733,0.0,1.0,4
0.3062248995983936,0.0,1.0,0.30626944148989543,0.0,1.0,4
0.4043674698795181,0.0,1.0,0.40431475646711745,0.0,1.0,4
0.5025100401606426,0.0,1.0,0.5023741194886511,0.0,1.0,4
0.5966365461847389,0.0,1.0,0.596498023239479,0.0,1.0,4
0.6907630522088354,0.0,1.0,0.6906219269903068,0.0,1.0,4
0.7848895582329318,0.0,1.0,0.7847458307411346,0.0,1.0,4
0.882781124497992,0.0,1.0,0.8827911457183567,0.0,1.0,4
0.9809236947791165,0.0,1.0,0.9808364606955788,0.0,1.0,4
0.07505020080321284,0.0,1.0,0.07489815167874125,0.0,1.0,4
0.17294176706827313,0.0,1.0,0.17294346665596333,0.0,1.0,4
0.27108433734939763,0.0,1.0,0.27098878163318546,0.0,1.0,4
0.3692269076305221,0.0,1.0,0.36903409661040754,0.0,1.0,4
0.46711847389558236,0.0,1.0,0.4670794115876296,0.0,1.0,4
0.5652610441767069,0.0,1.0,0.5651387746091633,0.0,1.0,4
0.6593875502008033,0.0,1.0,0.6592626783599911,0.0,1.0,4
0.7535140562248996,0.0,1.0,0.753386582110819,0.0,1.0,4
0.8514056224899599,0.0,1.0,0.851431897088041,0.0,1.0,4
0.9495481927710844,0.0,1.0,0.9494772120652631,0.0,1.0,4
0.04367469879518071,0.0,1.0,0.04353890304842556,0.0,1.0,4
0.141566265060241,0.0,1.0,0.1415842180256477,0.0,1.0,4
0.2397088353413655,0.0,1.0,0.23962953300286977,0.0,1.0,4
0.33785140562248994,0.0,1.0,0.33767484798009184,0.0,1.0,4
0.43574297188755023,0.0,1.0,0.435720162957314,0.0,1.0,4
0.5338855421686747,0.0,1.0,0.5337795259788476,0.0,1.0,4
0.6280120481927711,0.0,1.0,0.6279034297296754,0.0,1.0,4
0.7221385542168675,0.0,1.0,0.7220273334805032,0.0,1.0,4
0.820281124497992,0.0,1.0,0.8200726484577253,0.0,1.0,4
0.9181726907630523,0.0,1.0,0.9181179634349474,0.0,1.0,4
0.01229919678714858,0.0,1.0,0.012179654418109864,0.0,1.0,4
0.11019076305220887,0.0,1.0,0.110224969395332,0.0,1.0,4
0.20833333333333337,0.0,1.0,0.20827028437255407,0.0,1.0,4
0.30647590361445787,0.0,1.0,0.30631559934977615,0.0,1.0,4
0.4043674698795181,0.0,1.0,0.4043609143269983,0.0,1.0,4
0.5025100401606426,0.0,1.0,0.5024202773485319,0.0,1.0,4
0.5966365461847389,0.0,1.0,0.5965441810993597,0.0,1.0,4
0.6907630522088354,0.0,1.0,0.6906680848501876,0.0,1.0,4
0.7848895582329318,0.0,1.0,0.7847919886010154,0.0,1.0,4
0.8830321285140563,0.0,1.0,0.8828373035782375,0.0,1.0,4
0.9809236947791165,0.0,1.0,0.9808806116919866,0.0,1.0,4
0.07505020080321284,0.0,1.0,0.07494430953862202,0.0,1.0,4
0.17294176706827313,0.0,1.0,0.17298962451584415,0.0,1.0,4
0.27108433734939763,0.0,1.0,0.27103493949306623,0.0,1.0,4
0.3692269076305221,0.0,1.0,0.36908025447028836,0.0,1.0,4
0.46711847389558236,0.0,1.0,0.4671235625840373,0.0,1.0,4
0.5652610441767069,0.0,1.0,0.5651849324690441,0.0,1.0,4
0.6593875502008033,0.0,1.0,0.6593088362198719,0.0,1.0,4
0.7535140562248996,0.0,1.0,0.7534327399706997,0.0,1.0,4
0.8516566265060241,0.0,1.0,0.8514780549479217,0.0,1.0,4
0.9495481927710844,0.0,1.0,0.949523369925144,0.0,1.0,4
0.04367469879518071,0.0,1.0,0.04358506090830633,0.0,1.0,4
0.1418172690763052,0.0,1.0,0.14163037588552846,0.0,1.0,4
0.2397088353413655,0.0,1.0,0.23967569086275053,0.0,1.0,4
0.33785140562248994,0.0,1.0,0.33772100583997267,0.0,1.0,4
0.43574297188755023,0.0,1.0,0.43576632081719474,0.0,1.0,4
0.5338855421686747,0.0,1.0,0.5338256838387284,0.0,1.0,4
0.6280120481927711,0.0,1.0,0.6279495875895562,0.0,1.0,4
0.7221385542168675,0.0,1.0,0.722073491340384,0.0,1.0,4
0.820281124497992,0.0,1.0,0.8201188063176061,0.0,1.0,4
0.9181726907630523,0.0,1.0,0.9181641212948282,0.0,1.0,4
0.01229919678714858,0.0,1.0,0.012225812277990689,0.0,1.0,4
0.11044176706827308,0.0,1.0,0.11027112725521276,0.0,1.0,4
0.20833333333333337,0.0,1.0,0.20831644223243484,0.0,1.0,4
0.30647590361445787,0.0,1.0,0.30636175720965697,0.0,1.0,4
0.4043674698795181,0.0,1.0,0.40440707218687905,0.0,1.0,4
0.5025100401606426,0.0,1.0,0.5024664352084127,0.0,1.0,4
0.5966365461847389,0.0,1.0,0.5965903389592405,0.0,1.0,4
0.6907630522088354,0.0,1.0,0.6907142427100683,0.0,1.0,4
0.7848895582329318,0.0,1.0,0.784836139597423,0.0,1.0,4
0.8830321285140563,0.0,1.0,0.8828814545746453,0.0,1.0,4
0.9809236947791165,0.0,1.0,0.9809267695518673,0.0,1.0,4
0.07505020080321284,0.0,1.0,0.07499046739850279,0.0,1.0,4
0.17319277108433734,0.0,1.0,0.17303578237572492,0.0,1.0,4
0.27108433734939763,0.0,1.0,0.27107909048947393,0.0,1.0,4
0.3692269076305221,0.0,1.0,0.369124405466696,0.0,1.0,4
0.4673694779116466,0.0,1.0,0.46716972044391814,0.0,1.0,4
0.5652610441767069,0.0,1.0,0.5652310903289248,0.0,1.0,4
0.6593875502008033,0.0,1.0,0.6593549940797527,0.0,1.0,4
0.7535140562248996,0.0,1.0,0.7534788978305804,0.0,1.0,4
0.8516566265060241,0.0,1.0,0.8515222059443295,0.0,1.0,4
0.9495481927710844,0.0,1.0,0.9495675209215516,0.0,1.0,4
0.04367469879518071,0.0,1.0,0.0436312187681871,0.0,1.0,4
0.1418172690763052,0.0,1.0,0.14167653374540923,0.0,1.0,4
0.2397088353413655,0.0,1.0,0.2397218487226313,0.0,1.0,4
0.33785140562248994,0.0,1.0,0.3377651568363803,0.0,1.0,4
0.4359939759036145,0.0,1.0,0.43581047181360244,0.0,1.0,4
0.5338855421686747,0.0,1.0,0.5338718416986091,0.0,1.0,4
0.6280120481927711,0.0,1.0,0.627995745449437,0.0,1.0,4
0.7221385542168675,0.0,1.0,0.7221196492002648,0.0,1.0,4
0.820281124497992,0.0,1.0,0.820164964177487,0.0,1.0,4
0.9184236947791165,0.0,1.0,0.9182082722912359,0.0,1.0,4
0.01229919678714858,0.0,1.0,0.012271970137871513,0.0,1.0,4
0.11044176706827308,0.0,1.0,0.11031728511509359,0.0,1.0,4
0.20833333333333337,0.0,1.0,0.20836260009231566,0.0,1.0,4
0.30647590361445787,0.0,1.0,0.30640791506953774,0.0,1.0,4
0.40461847389558236,0.0,1.0,0.40445122318328675,0.0,1.0,4
0.5025100401606426,0.0,1.0,0.5025125930682935,0.0,1.0,4
0.5966365461847389,0.0,1.0,0.5966364968191213,0.0,1.0,4
0.6907630522088354,0.0,1.0,0.6907604005699491,0.0,1.0,4
0.7848895582329318,0.0,1.0,0.7848822974573039,0.0,1.0,4
0.8830321285140563,0.0,1.0,0.882927612434526,0.0,1.0,4
0.9811746987951808,0.0,1.0,0.980972927411748,0.0,1.0,4
0.07505020080321284,0.0,1.0,0.07503461839491055,0.0,1.0,4
0.17319277108433734,0.0,1.0,0.17307993337213262,0.0,1.0,4
0.27108433734939763,0.0,1.0,0.27112524834935475,0.0,1.0,4
0.3692269076305221,0.0,1.0,0.36917056332657683,0.0,1.0,4
0.4673694779116466,0.0,1.0,0.46721587830379896,0.0,1.0,4
0.5652610441767069,0.0,1.0,0.5652772481888056,0.0,1.0,4
0.6593875502008033,0.0,1.0,0.6594011519396334,0.0,1.0,4
0.7535140562248996,0.0,1.0,0.7535230488269882,0.0,1.0,4
0.8516566265060241,0.0,1.0,0.8515683638042103,0.0,1.0,4
0.9497991967871486,0.0,1.0,0.9496136787814324,0.0,1.0,4
0.04367469879518071,0.0,1.0,0.04367536976459485,0.0,1.0,4
0.1418172690763052,0.0,1.0,0.14172068474181693,0.0,1.0,4
0.2399598393574297,0.0,1.0,0.23976599971903906,0.0,1.0,4
0.33785140562248994,0.0,1.0,0.33781131469626113,0.0,1.0,4
0.4359939759036145,0.0,1.0,0.43585662967348326,0.0,1.0,4
0.5338855421686747,0.0,1.0,0.53391799955849,0.0,1.0,4
0.6280120481927711,0.0,1.0,0.6280419033093179,0.0,1.0,4
0.7221385542168675,0.0,1.0,0.7221638001966726,0.0,1.0,4
0.820281124497992,0.0,1.0,0.8202091151738946,0.0,1.0,4
0.9184236947791165,0.0,1.0,0.9182544301511167,0.0,1.0,4
0.01229919678714858,0.0,1.0,0.012318127997752282,0.0,1.0,4
0.11044176706827308,0.0,1.0,0.11036143611150129,0.0,1.0,4
0.20858433734939757,0.0,1.0,0.20840675108872342,0.0,1.0,4
0.30647590361445787,0.0,1.0,0.30645206606594544,0.0,1.0,4
0.40461847389558236,0.0,1.0,0.40449738104316757,0.0,1.0,4
0.5027610441767069,0.0,1.0,0.5025587509281743,0.0,1.0,4
0.5968875502008032,0.0,1.0,0.5966826546790021,0.0,1.0,4
0.6910140562248996,0.0,1.0,0.69080655842983,0.0,1.0,4
0.785140562248996,0.0,1.0,0.7849284553171847,0.0,1.0,4
0.8830321285140563,0.0,1.0,0.8829737702944068,0.0,1.0,4
0.9811746987951808,0.0,1.0,0.981019085271629,0.0,1.0,4
0.07505020080321284,0.0,1.0,0.07508077625479137,0.0,1.0,4
0.17319277108433734,0.0,1.0,0.17312609123201345,0.0,1.0,4
0.2713353413654619,0.0,1.0,0.2711714062092355,0.0,1.0,4
0.3692269076305221,0.0,1.0,0.36921672118645765,0.0,1.0,4
0.4673694779116466,0.0,1.0,0.46726203616367973,0.0,1.0,4
0.5655120481927711,0.0,1.0,0.5653234060486865,0.0,1.0,4
0.6596385542168675,0.0,1.0,0.6594473097995143,0.0,1.0,4
0.7537650602409638,0.0,1.0,0.753569206686869,0.0,1.0,4
0.8516566265060241,0.0,1.0,0.8516145216640911,0.0,1.0,4
0.9497991967871486,0.0,1.0,0.9496598366413131,0.0,1.0,4
0.04367469879518071,0.0,1.0,0.043721527624475676,0.0,1.0,4
0.1418172690763052,0.0,1.0,0.14176684260169775,0.0,1.0,4
0.2399598393574297,0.0,1.0,0.23981215757891988,0.0,1.0,4
0.33785140562248994,0.0,1.0,0.33785747255614196,0.0,1.0,4
0.4359939759036145,0.0,1.0,0.43590278753336403,0.0,1.0,4
0.5341365461847389,0.0,1.0,0.5339641574183708,0.0,1.0,4
0.6282630522088354,0.0,1.0,0.6280880611691986,0.0,1.0,4
0.7223895582329318,0.0,1.0,0.7222099580565533,0.0,1.0,4
0.820281124497992,0.0,1.0,0.8202552730337754,0.0,1.0,4
0.9184236947791165,0.0,1.0,0.9183005880109976,0.0,1.0,4
0.01229919678714858,0.0,1.0,0.012362278994159981,0.0,1.0,4
0.11044176706827308,0.0,1.0,0.11040759397138206,0.0,1.0,4
0.20858433734939757,0.0,1.0,0.2084529089486042,0.0,1.0,4
0.30647590361445787,0.0,1.0,0.30649822392582626,0.0,1.0,4
0.40461847389558236,0.0,1.0,0.4045435389030484,0.0,1.0,4
0.5027610441767069,0.0,1.0,0.5026049087880551,0.0,1.0,4
0.5968875502008032,0.0,1.0,0.5967288125388829,0.0,1.0,4
0.6910140562248996,0.0,1.0,0.6908507094262377,0.0,1.0,4
0.785140562248996,0.0,1.0,0.7849746131770655,0.0,1.0,4
0.8830321285140563,0.0,1.0,0.8830199281542876,0.0,1.0,4
0.9811746987951808,0.0,1.0,0.9810652431315097,0.0,1.0,4
0.0753012048192771,0.0,1.0,0.07512693411467214,0.0,1.0,4
0.17319277108433734,0.0,1.0,0.17317224909189421,0.0,1.0,4
0.2713353413654619,0.0,1.0,0.27121756406911635,0.0,1.0,4
0.3692269076305221,0.0,1.0,0.3692628790463384,0.0,1.0,4
0.4673694779116466,0.0,1.0,0.4673081940235605,0.0,1.0,4
0.5655120481927711,0.0,1.0,0.5653695639085672,0.0,1.0,4
0.6596385542168675,0.0,1.0,0.6594914607959219,0.0,1.0,4
0.7537650602409638,0.0,1.0,0.7536153645467498,0.0,1.0,4
0.8516566265060241,0.0,1.0,0.8516606795239718,0.0,1.0,4
0.9497991967871486,0.0,1.0,0.9497059945011941,0.0,1.0,4
0.04392570281124497,0.0,1.0,0.043767685484356444,0.0,1.0,4
0.1418172690763052,0.0,1.0,0.14181300046157852,0.0,1.0,4
0.2399598393574297,0.0,1.0,0.23985831543880065,0.0,1.0,4
0.33785140562248994,0.0,1.0,0.3379036304160227,0.0,1.0,4
0.4359939759036145,0.0,1.0,0.4359489453932448,0.0,1.0,4
0.5341365461847389,0.0,1.0,0.5340103152782516,0.0,1.0,4
0.6282630522088354,0.0,1.0,0.6281322121656063,0.0,1.0,4
0.7223895582329318,0.0,1.0,0.7222561159164341,0.0,1.0,4
0.820281124497992,0.0,1.0,0.8203014308936563,0.0,1.0,4
0.9184236947791165,0.0,1.0,0.9183467458708783,0.0,1.0,4
0.012550200803212841,0.0,1.0,0.01240843685404075,0.0,1.0,4
0.11044176706827308,0.0,1.0,0.11045375183126288,0.0,1.0,4
0.20858433734939757,0.0,1.0,0.20849906680848496,0.0,1.0,4
0.3067269076305221,0.0,1.0,0.3065443817857071,0.0,1.0,4
0.40461847389558236,0.0,1.0,0.40458969676292916,0.0,1.0,4
0.5027610441767069,0.0,1.0,0.5026510666479359,0.0,1.0,4
0.5968875502008032,0.0,1.0,0.5967749703987637,0.0,1.0,4
0.6910140562248996,0.0,1.0,0.6908968672861184,0.0,1.0,4
0.785140562248996,0.0,1.0,0.7850207710369463,0.0,1.0,4
0.8830321285140563,0.0,1.0,0.8830660860141684,0.0,1.0,4
0.9811746987951808,0.0,1.0,0.9811114009913904,0.0,1.0,4
0.0753012048192771,0.0,1.0,0.07517309197455291,0.0,1.0,4
0.17319277108433734,0.0,1.0,0.17321840695177498,0.0,1.0,4
0.2713353413654619,0.0,1.0,0.2712637219289971,0.0,1.0,4
0.3694779116465864,0.0,1.0,0.3693090369062192,0.0,1.0,4
0.4673694779116466,0.0,1.0,0.4673543518834413,0.0,1.0,4
0.5655120481927711,0.0,1.0,0.565415721768448,0.0,1.0,4
0.6596385542168675,0.0,1.0,0.6595376186558028,0.0,1.0,4
0.7537650602409638,0.0,1.0,0.7536615224066305,0.0,1.0,4
0.8519076305220884,0.0,1.0,0.8517068373838527,0.0,1.0,4
0.9497991967871486,0.0,1.0,0.9497521523610748,0.0,1.0,4
0.04392570281124497,0.0,1.0,0.04381384334423721,0.0,1.0,4
0.1418172690763052,0.0,1.0,0.14185915832145934,0.0,1.0,4
0.2399598393574297,0.0,1.0,0.23990447329868142,0.0,1.0,4
0.3381024096385542,0.0,1.0,0.33794978827590355,0.0,1.0,4
0.4359939759036145,0.0,1.0,0.4359951032531256,0.0,1.0,4
0.5341365461847389,0.0,1.0,0.5340564731381323,0.0,1.0,4
0.6282630522088354,0.0,1.0,0.628178370025487,0.0,1.0,4
0.7223895582329318,0.0,1.0,0.722302273776315,0.0,1.0,4
0.8205321285140563,0.0,1.0,0.820347588753537,0.0,1.0,4
0.9184236947791165,0.0,1.0,0.9183929037307591,0.0,1.0,4
0.012550200803212841,0.0,1.0,0.012454594713921519,0.0,1.0,4
0.11044176706827308,0.0,1.0,0.11049990969114365,0.0,1.0,4
0.20858433734939757,0.0,1.0,0.20854522466836573,0.0,1.0,4
0.3067269076305221,0.0,1.0,0.30659053964558786,0.0,1.0,4
0.40461847389558236,0.0,1.0,0.40463585462280993,0.0,1.0,4
0.5027610441767069,0.0,1.0,0.5026972245078166,0.0,1.0,4
0.5968875502008032,0.0,1.0,0.5968191213951715,0.0,1.0,4
0.6910140562248996,0.0,1.0,0.6909430251459993,0.0,1.0,4
0.785140562248996,0.0,1.0,0.785066928896827,0.0,1.0,4
0.8832831325301205,0.0,1.0,0.8831122438740491,0.0,1.0,4
0.9811746987951808,0.0,1.0,0.9811575588512713,0.0,1.0,4
0.0753012048192771,0.0,1.0,0.07521924983443368,0.0,1.0,4
0.17344377510040165,0.0,1.0,0.1732645648116558,0.0,1.0,4
0.2713353413654619,0.0,1.0,0.2713098797888779,0.0,1.0,4
0.3694779116465864,0.0,1.0,0.3693551947661,0.0,1.0,4
0.4673694779116466,0.0,1.0,0.4674005097433221,0.0,1.0,4
0.5655120481927711,0.0,1.0,0.5654598727648558,0.0,1.0,4
0.6596385542168675,0.0,1.0,0.6595837765156836,0.0,1.0,4
0.7537650602409638,0.0,1.0,0.7537076802665115,0.0,1.0,4
0.8519076305220884,0.0,1.0,0.8517529952437335,0.0,1.0,4
0.9497991967871486,0.0,1.0,0.9497983102209556,0.0,1.0,4
0.04392570281124497,0.0,1.0,0.04386000120411804,0.0,1.0,4
0.14206827309236952,0.0,1.0,0.14190531618134017,0.0,1.0,4
0.2399598393574297,0.0,1.0,0.23995063115856224,0.0,1.0,4
0.3381024096385542,0.0,1.0,0.3379959461357843,0.0,1.0,4
0.4359939759036145,0.0,1.0,0.43604126111300645,0.0,1.0,4
0.5341365461847389,0.0,1.0,0.5341026309980131,0.0,1.0,4
0.6282630522088354,0.0,1.0,0.6282245278853679,0.0,1.0,4
0.7223895582329318,0.0,1.0,0.7223484316361957,0.0,1.0,4
0.8205321285140563,0.0,1.0,0.8203937466134179,0.0,1.0,4
0.9184236947791165,0.0,1.0,0.9184390615906399,0.0,1.0,4
0.012550200803212841,0.0,1.0,0.012500752573802398,0.0,1.0,4
0.1106927710843374,0.0,1.0,0.11054606755102447,0.0,1.0,4
0.20858433734939757,0.0,1.0,0.20859138252824655,0.0,1.0,4
0.3067269076305221,0.0,1.0,0.3066366975054686,0.0,1.0,4
0.4048694779116466,0.0,1.0,0.40468201248269076,0.0,1.0,4
0.5027610441767069,0.0,1.0,0.5027433823676974,0.0,1.0,4
0.5968875502008032,0.0,1.0,0.5968652792550522,0.0,1.0,4
0.6910140562248996,0.0,1.0,0.6909891830058801,0.0,1.0,4
0.785140562248996,0.0,1.0,0.7851130867567079,0.0,1.0,4
0.8832831325301205,0.0,1.0,0.88315840173393,0.0,1.0,4
0.9811746987951808,0.0,1.0,0.981203716711152,0.0,1.0,4
0.0753012048192771,0.0,1.0,0.0752654076943145,0.0,1.0,4
0.17344377510040165,0.0,1.0,0.17331072267153663,0.0,1.0,4
0.2713353413654619,0.0,1.0,0.2713560376487587,0.0,1.0,4
0.3694779116465864,0.0,1.0,0.36940135262598084,0.0,1.0,4
0.4676204819277109,0.0,1.0,0.46744666760320286,0.0,1.0,4
0.5655120481927711,0.0,1.0,0.5655060306247366,0.0,1.0,4
0.6596385542168675,0.0,1.0,0.6596299343755644,0.0,1.0,4
0.7537650602409638,0.0,1.0,0.7537538381263922,0.0,1.0,4
0.8519076305220884,0.0,1.0,0.8517991531036143,0.0,1.0,4
0.9500502008032129,0.0,1.0,0.9498444680808364,0.0,1.0,4
0.04392570281124497,0.0,1.0,0.043906159063998806,0.0,1.0,4
0.14206827309236952,0.0,1.0,0.14195147404122094,0.0,1.0,4
0.2399598393574297,0.0,1.0,0.239996789018443,0.0,1.0,4
0.3381024096385542,0.0,1.0,0.33804210399566514,0.0,1.0,4
0.4362449799196787,0.0,1.0,0.4360874189728872,0.0,1.0,4
0.5341365461847389,0.0,1.0,0.5341467819944209,0.0,1.0,4
0.6282630522088354,0.0,1.0,0.6282706857452487,0.0,1.0,4
0.7223895582329318,0.0,1.0,0.7223945894960765,0.0,1.0,4
0.8205321285140563,0.0,1.0,0.8204399044732986,0.0,1.0,4
0.9186746987951808,0.0,1.0,0.9184852194505206,0.0,1.0,4
0.012550200803212841,0.0,1.0,0.012546910433683167,0.0,1.0,4
0.1106927710843374,0.0,1.0,0.11059222541090524,0.0,1.0,4
0.20858433734939757,0.0,1.0,0.20863754038812732,0.0,1.0,4
0.3067269076305221,0.0,1.0,0.30668285536534945,0.0,1.0,4
0.4048694779116466,0.0,1.0,0.4047281703425715,0.0,1.0,4
0.5027610441767069,0.0,1.0,0.5027875333641052,0.0,1.0,4
0.5968875502008032,0.0,1.0,0.596911437114933,0.0,1.0,4
0.6910140562248996,0.0,1.0,0.6910353408657608,0.0,1.0,4
0.785140562248996,0.0,1.0,0.7851592446165887,0.0,1.0,4
0.8832831325301205,0.0,1.0,0.8832045595938107,0.0,1.0,4
0.981425702811245,0.0,1.0,0.9812498745710329,0.0,1.0,4
0.0753012048192771,0.0,1.0,0.07531156555419527,0.0,1.0,4
0.17344377510040165,0.0,1.0,0.1733568805314174,0.0,1.0,4
0.2715863453815261,0.0,1.0,0.2714021955086395,0.0,1.0,4
0.3694779116465864,0.0,1.0,0.36944751048586155,0.0,1.0,4
0.4676204819277109,0.0,1.0,0.4674928254630837,0.0,1.0,4
0.5655120481927711,0.0,1.0,0.5655521884846173,0.0,1.0,4
0.6596385542168675,0.0,1.0,0.6596760922354451,0.0,1.0,4
0.7537650602409638,0.0,1.0,0.753799995986273,0.0,1.0,4
0.8519076305220884,0.0,1.0,0.8518453109634951,0.0,1.0,4
0.9500502008032129,0.0,1.0,0.9498906259407172,0.0,1.0,4
0.04392570281124497,0.0,1.0,0.04395231692387963,0.0,1.0,4
0.14206827309236952,0.0,1.0,0.1419976319011017,0.0,1.0,4
0.24021084337349402,0.0,1.0,0.24004294687832378,0.0,1.0,4
0.3381024096385542,0.0,1.0,0.33808826185554586,0.0,1.0,4
0.4362449799196787,0.0,1.0,0.436133576832768,0.0,1.0,4
0.5343875502008032,0.0,1.0,0.5341929398543016,0.0,1.0,4
0.6285140562248996,0.0,1.0,0.6283168436051294,0.0,1.0,4
0.722640562248996,0.0,1.0,0.7224407473559573,0.0,1.0,4
0.8205321285140563,0.0,1.0,0.8204860623331793,0.0,1.0,4
0.9186746987951808,0.0,1.0,0.9185313773104015,0.0,1.0,4
0.012550200803212841,0.0,1.0,0.012593068293563936,0.0,1.0,4
0.1106927710843374,0.0,1.0,0.11063838327078601,0.0,1.0,4
0.2088353413654619,0.0,1.0,0.2086836982480081,0.0,1.0,4
0.3067269076305221,0.0,1.0,0.3067290132252303,0.0,1.0,4
0.4048694779116466,0.0,1.0,0.4047743282024523,0.0,1.0,4
0.5030120481927711,0.0,1.0,0.5028336912239859,0.0,1.0,4
0.5971385542168675,0.0,1.0,0.5969575949748138,0.0,1.0,4
0.6912650602409639,0.0,1.0,0.6910814987256416,0.0,1.0,4
0.7853915662650603,0.0,1.0,0.7852054024764694,0.0,1.0,4
0.8832831325301205,0.0,1.0,0.8832507174536915,0.0,1.0,4
0.981425702811245,0.0,1.0,0.9812960324309137,0.0,1.0,4
0.0753012048192771,0.0,1.0,0.0753577234140761,0.0,1.0,4
0.17344377510040165,0.0,1.0,0.17340303839129817,0.0,1.0,4
0.2715863453815261,0.0,1.0,0.2714483533685203,0.0,1.0,4
0.3694779116465864,0.0,1.0,0.3694936683457424,0.0,1.0,4
0.4676204819277109,0.0,1.0,0.46753898332296445,0.0,1.0,4
0.5657630522088354,0.0,1.0,0.5655983463444981,0.0,1.0,4
0.6598895582329318,0.0,1.0,0.6597222500953259,0.0,1.0,4
0.7540160642570282,0.0,1.0,0.7538461538461538,0.0,1.0,4
0.8519076305220884,0.0,1.0,0.8518914688233759,0.0,1.0,4
0.9500502008032129,0.0,1.0,0.9499367838005979,0.0,1.0,4
0.04417670682730923,0.0,1.0,0.0439984747837604,0.0,1.0,4
0.14206827309236952,0.0,1.0,0.14204378976098248,0.0,1.0,4
0.24021084337349402,0.0,1.0,0.24008910473820455,0.0,1.0,4
0.3381024096385542,0.0,1.0,0.3381344197154267,0.0,1.0,4
0.4362449799196787,0.0,1.0,0.4361797346926488,0.0,1.0,4
0.5343875502008032,0.0,1.0,0.5342390977141824,0.0,1.0,4
0.6285140562248996,0.0,1.0,0.6283630014650102,0.0,1.0,4
0.722640562248996,0.0,1.0,0.722486905215838,0.0,1.0,4
0.8205321285140563,0.0,1.0,0.8205322201930603,0.0,1.0,4
0.9186746987951808,0.0,1.0,0.9185775351702823,0.0,1.0,4
0.012801204819277101,0.0,1.0,0.01263922615344476,0.0,1.0,4
0.1106927710843374,0.0,1.0,0.11068454113066684,0.0,1.0,4
0.2088353413654619,0.0,1.0,0.20872985610788897,0.0,1.0,4
0.3067269076305221,0.0,1.0,0.306775171085111,0.0,1.0,4
0.4048694779116466,0.0,1.0,0.4048204860623331,0.0,1.0,4
0.5030120481927711,0.0,1.0,0.5028798490838667,0.0,1.0,4
0.5971385542168675,0.0,1.0,0.5970037528346945,0.0,1.0,4
0.6912650602409639,0.0,1.0,0.6911276565855224,0.0,1.0,4
0.7853915662650603,0.0,1.0,0.7852515603363502,0.0,1.0,4
0.8832831325301205,0.0,1.0,0.8832968753135724,0.0,1.0,4
0.981425702811245,0.0,1.0,0.9813401834273213,0.0,1.0,4
0.07555220883534136,0.0,1.0,0.07540388127395692,0.0,1.0,4
0.17344377510040165,0.0,1.0,0.173449196251179,0.0,1.0,4
0.2715863453815261,0.0,1.0,0.27149451122840107,0.0,1.0,4
0.36972891566265065,0.0,1.0,0.3695398262056232,0.0,1.0,4
0.4676204819277109,0.0,1.0,0.4675831343193722,0.0,1.0,4
0.5657630522088354,0.0,1.0,0.565644504204379,0.0,1.0,4
0.6598895582329318,0.0,1.0,0.6597684079552067,0.0,1.0,4
0.7540160642570282,0.0,1.0,0.7538923117060345,0.0,1.0,4
0.8519076305220884,0.0,1.0,0.8519376266832567,0.0,1.0,4
0.9500502008032129,0.0,1.0,0.9499829416604788,0.0,1.0,4
0.04417670682730923,0.0,1.0,0.044044632643641224,0.0,1.0,4
0.14206827309236952,0.0,1.0,0.1420899476208633,0.0,1.0,4
0.24021084337349402,0.0,1.0,0.24013526259808543,0.0,1.0,4
0.33835341365461846,0.0,1.0,0.3381805775753075,0.0,1.0,4
0.4362449799196787,0.0,1.0,0.4362258925525296,0.0,1.0,4
0.5343875502008032,0.0,1.0,0.5342852555740633,0.0,1.0,4
0.6285140562248996,0.0,1.0,0.628409159324891,0.0,1.0,4
0.722640562248996,0.0,1.0,0.722533063075719,0.0,1.0,4
0.8207831325301205,0.0,1.0,0.820578378052941,0.0,1.0,4
0.9186746987951808,0.0,1.0,0.918623693030163,0.0,1.0,4
0.012801204819277101,0.0,1.0,0.012685384013325529,0.0,1.0,4
0.1106927710843374,0.0,1.0,0.1107306989905476,0.0,1.0,4
0.2088353413654619,0.0,1.0,0.20877601396776974,0.0,1.0,4
0.3069779116465864,0.0,1.0,0.3068213289449918,0.0,1.0,4
0.4048694779116466,0.0,1.0,0.40486664392221394,0.0,1.0,4
0.5030120481927711,0.0,1.0,0.5029260069437476,0.0,1.0,4
0.5971385542168675,0.0,1.0,0.5970499106945754,0.0,1.0,4
0.6912650602409639,0.0,1.0,0.6911738144454032,0.0,1.0,4
0.7853915662650603,0.0,1.0,0.785295711332758,0.0,1.0,4
0.8835341365461848,0.0,1.0,0.8833410263099801,0.0,1.0,4
0.981425702811245,0.0,1.0,0.9813863412872021,0.0,1.0,4
0.07555220883534136,0.0,1.0,0.07545003913383769,0.0,1.0,4
0.17344377510040165,0.0,1.0,0.17349535411105976,0.0,1.0,4
0.2715863453815261,0.0,1.0,0.27153866222480877,0.0,1.0,4
0.36972891566265065,0.0,1.0,0.36958397720203084,0.0,1.0,4
0.4676204819277109,0.0,1.0,0.467629292179253,0.0,1.0,4
0.5657630522088354,0.0,1.0,0.5656906620642597,0.0,1.0,4
0.6598895582329318,0.0,1.0,0.6598145658150876,0.0,1.0,4
0.7540160642570282,0.0,1.0,0.7539384695659154,0.0,1.0,4
0.8521586345381527,0.0,1.0,0.8519817776796643,0.0,1.0,4
0.9500502008032129,0.0,1.0,0.9500270926568866,0.0,1.0,4
0.04417670682730923,0.0,1.0,0.04409079050352199,0.0,1.0,4
0.14231927710843373,0.0,1.0,0.14213610548074407,0.0,1.0,4
0.24021084337349402,0.0,1.0,0.2401814204579662,0.0,1.0,4
0.33835341365461846,0.0,1.0,0.3382247285717152,0.0,1.0,4
0.4362449799196787,0.0,1.0,0.4362700435489373,0.0,1.0,4
0.5343875502008032,0.0,1.0,0.5343314134339441,0.0,1.0,4
0.6285140562248996,0.0,1.0,0.6284553171847719,0.0,1.0,4
0.722640562248996,0.0,1.0,0.7225792209355997,0.0,1.0,4
0.8207831325301205,0.0,1.0,0.8206245359128217,0.0,1.0,4
0.9186746987951808,0.0,1.0,0.9186678440265708,0.0,1.0,4
0.012801204819277101,0.0,1.0,0.012731541873206298,0.0,1.0,4
0.1109437751004016,0.0,1.0,0.11077685685042843,0.0,1.0,4
0.2088353413654619,0.0,1.0,0.2088221718276505,0.0,1.0,4
0.3069779116465864,0.0,1.0,0.30686748680487264,0.0,1.0,4
0.4048694779116466,0.0,1.0,0.40491079491862164,0.0,1.0,4
0.5030120481927711,0.0,1.0,0.5029721648036284,0.0,1.0,4
0.5971385542168675,0.0,1.0,0.5970960685544562,0.0,1.0,4
0.6912650602409639,0.0,1.0,0.691219972305284,0.0,1.0,4
0.7853915662650603,0.0,1.0,0.7853418691926388,0.0,1.0,4
0.8835341365461848,0.0,1.0,0.8833871841698608,0.0,1.0,4
0.981425702811245,0.0,1.0,0.981432499147083,0.0,1.0,4
0.07555220883534136,0.0,1.0,0.07549419013024539,0.0,1.0,4
0.17369477911646586,0.0,1.0,0.17353950510746752,0.0,1.0,4
0.2715863453815261,0.0,1.0,0.2715848200846896,0.0,1.0,4
0.36972891566265065,0.0,1.0,0.36963013506191167,0.0,1.0,4
0.46787148594377514,0.0,1.0,0.4676754500391338,0.0,1.0,4
0.5657630522088354,0.0,1.0,0.5657368199241405,0.0,1.0,4
0.6598895582329318,0.0,1.0,0.6598607236749683,0.0,1.0,4
0.7540160642570282,0.0,1.0,0.753982620562323,0.0,1.0,4
0.8521586345381527,0.0,1.0,0.8520279355395451,0.0,1.0,4
0.9500502008032129,0.0,1.0,0.9500732505167673,0.0,1.0,4
0.04417670682730923,0.0,1.0,0.04413494149992969,0.0,1.0,4
0.14231927710843373,0.0,1.0,0.14218025647715182,0.0,1.0,4
0.24021084337349402,0.0,1.0,0.2402255714543739,0.0,1.0,4
0.33835341365461846,0.0,1.0,0.338270886431596,0.0,1.0,4
0.43649598393574296,0.0,1.0,0.4363162014088181,0.0,1.0,4
0.5343875502008032,0.0,1.0,0.5343775712938248,0.0,1.0,4
0.6285140562248996,0.0,1.0,0.6285014750446527,0.0,1.0,4
0.722640562248996,0.0,1.0,0.7226233719320074,0.0,1.0,4
0.8207831325301205,0.0,1.0,0.8206686869092295,0.0,1.0,4
0.918925702811245,0.0,1.0,0.9187140018864516,0.0,1.0,4
0.012801204819277101,0.0,1.0,0.012777699733087067,0.0,1.0,4
0.1109437751004016,0.0,1.0,0.1108230147103092,0.0,1.0,4
0.2088353413654619,0.0,1.0,0.2088663228240582,0.0,1.0,4
0.3069779116465864,0.0,1.0,0.3069116378012803,0.0,1.0,4
0.4051204819277109,0.0,1.0,0.4049569527785024,0.0,1.0,4
0.5030120481927711,0.0,1.0,0.5030183226635091,0.0,1.0,4
0.5971385542168675,0.0,1.0,0.597142226414337,0.0,1.0,4
0.6912650602409639,0.0,1.0,0.6912661301651648,0.0,1.0,4
0.7853915662650603,0.0,1.0,0.7853880270525195,0.0,1.0,4
0.8835341365461848,0.0,1.0,0.8834333420297416,0.0,1.0,4
0.9816767068273093,0.0,1.0,0.9814786570069638,0.0,1.0,4
0.07555220883534136,0.0,1.0,0.07554034799012616,0.0,1.0,4
0.17369477911646586,0.0,1.0,0.1735856629673483,0.0,1.0,4
0.2715863453815261,0.0,1.0,0.27163097794457036,0.0,1.0,4
0.36972891566265065,0.0,1.0,0.3696762929217925,0.0,1.0,4
0.46787148594377514,0.0,1.0,0.46772160789901457,0.0,1.0,4
0.5657630522088354,0.0,1.0,0.5657829777840213,0.0,1.0,4
0.6598895582329318,0.0,1.0,0.6599068815348491,0.0,1.0,4
0.7540160642570282,0.0,1.0,0.7540287784222038,0.0,1.0,4
0.8521586345381527,0.0,1.0,0.852074093399426,0.0,1.0,4
0.9503012048192772,0.0,1.0,0.950119408376648,0.0,1.0,4
0.04417670682730923,0.0,1.0,0.04418109935981046,0.0,1.0,4
0.14231927710843373,0.0,1.0,0.1422264143370326,0.0,1.0,4
0.24046184738955823,0.0,1.0,0.24027172931425467,0.0,1.0,4
0.33835341365461846,0.0,1.0,0.3383170442914768,0.0,1.0,4
0.43649598393574296,0.0,1.0,0.4363623592686989,0.0,1.0,4
0.5343875502008032,0.0,1.0,0.5344237291537056,0.0,1.0,4
0.6285140562248996,0.0,1.0,0.6285476329045334,0.0,1.0,4
0.722640562248996,0.0,1.0,0.7226695297918881,0.0,1.0,4
0.8207831325301205,0.0,1.0,0.8207148447691103,0.0,1.0,4
0.918925702811245,0.0,1.0,0.9187601597463324,0.0,1.0,4
0.012801204819277101,0.0,1.0,0.012821850729494821,0.0,1.0,4
0.1109437751004016,0.0,1.0,0.1108671657067169,0.0,1.0,4
0.2090863453815261,0.0,1.0,0.20891248068393897,0.0,1.0,4
0.3069779116465864,0.0,1.0,0.3069577956611611,0.0,1.0,4
0.4051204819277109,0.0,1.0,0.40500311063838323,0.0,1.0,4
0.5032630522088354,0.0,1.0,0.5030644805233899,0.0,1.0,4
0.5973895582329317,0.0,1.0,0.5971883842742177,0.0,1.0,4
0.6915160642570282,0.0,1.0,0.6913102811615726,0.0,1.0,4
0.7856425702811245,0.0,1.0,0.7854341849124002,0.0,1.0,4
0.8835341365461848,0.0,1.0,0.8834794998896225,0.0,1.0,4
0.9816767068273093,0.0,1.0,0.9815248148668445,0.0,1.0,4
0.07555220883534136,0.0,1.0,0.07558650585000692,0.0,1.0,4
0.17369477911646586,0.0,1.0,0.17363182082722906,0.0,1.0,4
0.27183734939759036,0.0,1.0,0.2716771358044512,0.0,1.0,4
0.36972891566265065,0.0,1.0,0.36972245078167326,0.0,1.0,4
0.46787148594377514,0.0,1.0,0.46776776575889534,0.0,1.0,4
0.5660140562248996,0.0,1.0,0.565829135643902,0.0,1.0,4
0.660140562248996,0.0,1.0,0.6599510325312568,0.0,1.0,4
0.7542670682730923,0.0,1.0,0.7540749362820847,0.0,1.0,4
0.5020080321285141,0.0,0.0,0.5019306026611009,0.0,0.0,4
0.4236947791164659,0.0,1.0,0.423540508539204,0.0,1.0,4
0.5215863453815262,0.0,1.0,0.5216018784242107,0.0,1.0,4
0.6157128514056225,0.0,1.0,0.6157237753115655,0.0,1.0,4
0.7098393574297189,0.0,1.0,0.7098476790623933,0.0,1.0,4
0.8079819277108434,0.0,1.0,0.8078929940396153,0.0,1.0,4
0.9061244979919679,0.0,1.0,0.9059383090168375,0.0,1.0,4
0.0,0.0,1.0,0.0,0.0,1.0,4
0.0981425702811245,0.0,1.0,0.09804531497722202,0.0,1.0,4
0.19603413654618473,0.0,1.0,0.19609062995444415,0.0,1.0,4
0.29417670682730923,0.0,1.0,0.2941359449316662,0.0,1.0,4
0.39231927710843373,0.0,1.0,0.39218125990888836,0.0,1.0,4
0.490210843373494,0.0,1.0,0.49022657488611043,0.0,1.0,4
0.5883534136546185,0.0,1.0,0.5882879447711171,0.0,1.0,4
0.6824799196787149,0.0,1.0,0.6824098416584718,0.0,1.0,4
0.7766064257028114,0.0,1.0,0.7765337454092998,0.0,1.0,4
0.8747489959839359,0.0,1.0,0.8745790603865218,0.0,1.0,4
0.972640562248996,0.0,1.0,0.9726243753637439,0.0,1.0,4
0.06676706827309237,0.0,1.0,0.06668606634690638,0.0,1.0,4
0.16490963855421686,0.0,1.0,0.16473138132412846,0.0,1.0,4
0.26280120481927716,0.0,1.0,0.2627766963013506,0.0,1.0,4
0.3609437751004016,0.0,1.0,0.36082201127857266,0.0,1.0,4
0.4588353413654619,0.0,1.0,0.45886732625579474,0.0,1.0,4
0.5569779116465864,0.0,1.0,0.5569286961408014,0.0,1.0,4
0.6511044176706827,0.0,1.0,0.6510505930281563,0.0,1.0,4
0.7452309236947792,0.0,1.0,0.7451744967789841,0.0,1.0,4
0.8433734939759037,0.0,1.0,0.8432198117562062,0.0,1.0,4
0.9412650602409639,0.0,1.0,0.9412651267334282,0.0,1.0,4
0.03539156626506024,0.0,1.0,0.035326817716590686,0.0,1.0,4
0.13353413654618473,0.0,1.0,0.13337213269381276,0.0,1.0,4
0.23142570281124497,0.0,1.0,0.23141744767103484,0.0,1.0,4
0.32956827309236947,0.0,1.0,0.329462762648257,0.0,1.0,4
0.42745983935742976,0.0,1.0,0.42750807762547904,0.0,1.0,4
0.5256024096385542,0.0,1.0,0.5255694475104858,0.0,1.0,4
0.6197289156626506,0.0,1.0,0.6196913443978406,0.0,1.0,4
0.713855421686747,0.0,1.0,0.7138152481486684,0.0,1.0,4
0.8119979919678715,0.0,1.0,0.8118605631258905,0.0,1.0,4
0.9098895582329318,0.0,1.0,0.9099058781031126,0.0,1.0,4
0.004016064257028107,0.0,1.0,0.003967569086275047,0.0,1.0,4
0.1021586345381526,0.0,1.0,0.10201288406349712,0.0,1.0,4
0.20005020080321284,0.0,1.0,0.20005819904071925,0.0,1.0,4
0.29819277108433734,0.0,1.0,0.29810351401794133,0.0,1.0,4
0.3963353413654619,0.0,1.0,0.3961488289951634,0.0,1.0,4
0.4942269076305221,0.0,1.0,0.4941941439723855,0.0,1.0,4
0.5923694779116466,0.0,1.0,0.5922555138573922,0.0,1.0,4
0.686495983935743,0.0,1.0,0.686377410744747,0.0,1.0,4
0.7806224899598394,0.0,1.0,0.7805013144955748,0.0,1.0,4
0.8785140562248996,0.0,1.0,0.8785466294727968,0.0,1.0,4
0.9766566265060241,0.0,1.0,0.9765919444500191,0.0,1.0,4
0.07078313253012047,0.0,1.0,0.07065363543318143,0.0,1.0,4
0.1686746987951807,0.0,1.0,0.16869895041040356,0.0,1.0,4
0.2668172690763052,0.0,1.0,0.26674426538762563,0.0,1.0,4
0.3649598393574297,0.0,1.0,0.3647895803648477,0.0,1.0,4
0.46285140562249,0.0,1.0,0.4628348953420698,0.0,1.0,4
0.5609939759036144,0.0,1.0,0.5608962652270766,0.0,1.0,4
0.6551204819277109,0.0,1.0,0.6550181621144313,0.0,1.0,4
0.7492469879518073,0.0,1.0,0.7491420658652591,0.0,1.0,4
0.8473895582329317,0.0,1.0,0.8471873808424812,0.0,1.0,4
0.945281124497992,0.0,1.0,0.9452326958197033,0.0,1.0,4
0.039407630522088344,0.0,1.0,0.03929438680286579,0.0,1.0,4
0.13729919678714858,0.0,1.0,0.13733970178008786,0.0,1.0,4
0.23544176706827308,0.0,1.0,0.23538501675730994,0.0,1.0,4
0.33358433734939763,0.0,1.0,0.33343033173453207,0.0,1.0,4
0.43147590361445787,0.0,1.0,0.43147564671175415,0.0,1.0,4
0.5296184738955824,0.0,1.0,0.5295370165967609,0.0,1.0,4
0.6237449799196787,0.0,1.0,0.6236589134841156,0.0,1.0,4
0.7178714859437751,0.0,1.0,0.7177828172349434,0.0,1.0,4
0.8160140562248996,0.0,1.0,0.8158281322121655,0.0,1.0,4
0.9139056224899599,0.0,1.0,0.9138734471893877,0.0,1.0,4
0.008032128514056214,0.0,1.0,0.007935138172550094,0.0,1.0,4
0.10592369477911645,0.0,1.0,0.10598045314977217,0.0,1.0,4
0.20406626506024095,0.0,1.0,0.20402576812699424,0.0,1.0,4
0.30220883534136544,0.0,1.0,0.3020710831042164,0.0,1.0,4
0.4001004016064257,0.0,1.0,0.40011639808143845,0.0,1.0,4
0.49824297188755023,0.0,1.0,0.4981617130586605,0.0,1.0,4
0.5963855421686748,0.0,1.0,0.5962230829436672,0.0,1.0,4
0.6905120481927711,0.0,1.0,0.690344979831022,0.0,1.0,4
0.7846385542168675,0.0,1.0,0.7844688835818499,0.0,1.0,4
0.8825301204819278,0.0,1.0,0.8825141985590719,0.0,1.0,4
0.9806726907630523,0.0,1.0,0.9805595135362941,0.0,1.0,4
0.07479919678714864,0.0,1.0,0.07462120451945647,0.0,1.0,4
0.17269076305220882,0.0,1.0,0.1726665194966786,0.0,1.0,4
0.27083333333333337,0.0,1.0,0.2707118344739007,0.0,1.0,4
0.3687248995983936,0.0,1.0,0.3687571494511228,0.0,1.0,4
0.4668674698795181,0.0,1.0,0.4668024644283449,0.0,1.0,4
0.5650100401606426,0.0,1.0,0.5648638343133516,0.0,1.0,4
0.6591365461847389,0.0,1.0,0.6589877380641794,0.0,1.0,4
0.7532630522088353,0.0,1.0,0.7531096349515342,0.0,1.0,4
0.8511546184738956,0.0,1.0,0.8511549499287563,0.0,1.0,4
0.9492971887550201,0.0,1.0,0.9492002649059783,0.0,1.0,4
0.043423694779116506,0.0,1.0,0.04326195588914078,0.0,1.0,4
0.1413152610441767,0.0,1.0,0.1413072708663629,0.0,1.0,4
0.23945783132530118,0.0,1.0,0.239352585843585,0.0,1.0,4
0.3373493975903614,0.0,1.0,0.3373979008208071,0.0,1.0,4
0.435491967871486,0.0,1.0,0.4354432157980292,0.0,1.0,4
0.5336345381526104,0.0,1.0,0.5335045856830359,0.0,1.0,4
0.6277610441767069,0.0,1.0,0.6276284894338637,0.0,1.0,4
0.7218875502008033,0.0,1.0,0.7217503863212185,0.0,1.0,4
0.8197791164658634,0.0,1.0,0.8197957012984406,0.0,1.0,4
0.9179216867469879,0.0,1.0,0.9178410162756627,0.0,1.0,4
0.012048192771084376,0.0,1.0,0.01190270725882514,0.0,1.0,4
0.10993975903614456,0.0,1.0,0.10994802223604722,0.0,1.0,4
0.20808232931726905,0.0,1.0,0.2079933372132693,0.0,1.0,4
0.3062248995983936,0.0,1.0,0.3060386521904914,0.0,1.0,4
0.40411646586345384,0.0,1.0,0.4040839671677135,0.0,1.0,4
0.5022590361445783,0.0,1.0,0.5021453370527202,0.0,1.0,4
0.5963855421686748,0.0,1.0,0.596269240803548,0.0,1.0,4
0.6905120481927711,0.0,1.0,0.6903911376909029,0.0,1.0,4
0.7846385542168675,0.0,1.0,0.7845150414417306,0.0,1.0,4
0.8825301204819278,0.0,1.0,0.8825603564189527,0.0,1.0,4
0.9806726907630523,0.0,1.0,0.9806056713961748,0.0,1.0,4
0.07479919678714864,0.0,1.0,0.07466736237933724,0.0,1.0,4
0.17269076305220882,0.0,1.0,0.17271267735655937,0.0,1.0,4
0.27083333333333337,0.0,1.0,0.2707579923337815,0.0,1.0,4
0.36897590361445787,0.0,1.0,0.3688033073110036,0.0,1.0,4
0.4668674698795181,0.0,1.0,0.46684862228822566,0.0,1.0,4
0.5650100401606426,0.0,1.0,0.5649099921732323,0.0,1.0,4
0.6591365461847389,0.0,1.0,0.6590318890605871,0.0,1.0,4
0.7532630522088353,0.0,1.0,0.753155792811415,0.0,1.0,4
0.8514056224899599,0.0,1.0,0.8512011077886371,0.0,1.0,4
0.9492971887550201,0.0,1.0,0.9492464227658592,0.0,1.0,4
0.043423694779116506,0.0,1.0,0.043308113749021604,0.0,1.0,4
0.1413152610441767,0.0,1.0,0.14135342872624368,0.0,1.0,4
0.23945783132530118,0.0,1.0,0.23939874370346576,0.0,1.0,4
0.3376004016064257,0.0,1.0,0.3374440586806879,0.0,1.0,4
0.435491967871486,0.0,1.0,0.43548937365790996,0.0,1.0,4
0.5336345381526104,0.0,1.0,0.5335507435429168,0.0,1.0,4
0.6277610441767069,0.0,1.0,0.6276726404302715,0.0,1.0,4
0.7218875502008033,0.0,1.0,0.7217965441810993,0.0,1.0,4
0.8200301204819278,0.0,1.0,0.8198418591583214,0.0,1.0,4
0.9179216867469879,0.0,1.0,0.9178871741355434,0.0,1.0,4
0.012048192771084376,0.0,1.0,0.011948865118705965,0.0,1.0,4
0.10993975903614456,0.0,1.0,0.10999418009592804,0.0,1.0,4
0.20808232931726905,0.0,1.0,0.20803949507315012,0.0,1.0,4
0.3062248995983936,0.0,1.0,0.30608481005037225,0.0,1.0,4
0.40411646586345384,0.0,1.0,0.4041301250275943,0.0,1.0,4
0.5022590361445783,0.0,1.0,0.5021914949126011,0.0,1.0,4
0.5963855421686748,0.0,1.0,0.5963153986634289,0.0,1.0,4
0.6905120481927711,0.0,1.0,0.6904372955507836,0.0,1.0,4
0.7846385542168675,0.0,1.0,0.7845611993016115,0.0,1.0,4
0.882781124497992,0.0,1.0,0.8826065142788335,0.0,1.0,4
0.9806726907630523,0.0,1.0,0.9806518292560557,0.0,1.0,4
0.07479919678714864,0.0,1.0,0.07471352023921812,0.0,1.0,4
0.17294176706827313,0.0,1.0,0.1727588352164402,0.0,1.0,4
0.27083333333333337,0.0,1.0,0.2708041501936622,0.0,1.0,4
0.36897590361445787,0.0,1.0,0.36884946517088435,0.0,1.0,4
0.4668674698795181,0.0,1.0,0.4668947801481065,0.0,1.0,4
0.5650100401606426,0.0,1.0,0.5649561500331132,0.0,1.0,4
0.6591365461847389,0.0,1.0,0.659078046920468,0.0,1.0,4
0.7532630522088353,0.0,1.0,0.7532019506712957,0.0,1.0,4
0.8514056224899599,0.0,1.0,0.8512472656485179,0.0,1.0,4
0.9492971887550201,0.0,1.0,0.94929258062574,0.0,1.0,4
0.043423694779116506,0.0,1.0,0.04335427160890243,0.0,1.0,4
0.141566265060241,0.0,1.0,0.1413995865861245,0.0,1.0,4
0.23945783132530118,0.0,1.0,0.23944490156334658,0.0,1.0,4
0.3376004016064257,0.0,1.0,0.3374902165405687,0.0,1.0,4
0.435491967871486,0.0,1.0,0.4355355315177908,0.0,1.0,4
0.5336345381526104,0.0,1.0,0.5335969014027975,0.0,1.0,4
0.6277610441767069,0.0,1.0,0.6277187982901522,0.0,1.0,4
0.7218875502008033,0.0,1.0,0.7218427020409801,0.0,1.0,4
0.8200301204819278,0.0,1.0,0.8198880170182021,0.0,1.0,4
0.9179216867469879,0.0,1.0,0.9179333319954243,0.0,1.0,4
0.012048192771084376,0.0,1.0,0.011995022978586733,0.0,1.0,4
0.11019076305220887,0.0,1.0,0.11004033795580881,0.0,1.0,4
0.20808232931726905,0.0,1.0,0.20808565293303094,0.0,1.0,4
0.3062248995983936,0.0,1.0,0.306130967910253,0.0,1.0,4
0.4043674698795181,0.0,1.0,0.4041762828874751,0.0,1.0,4
0.5022590361445783,0.0,1.0,0.5022376527724818,0.0,1.0,4
0.5963855421686748,0.0,1.0,0.5963595496598366,0.0,1.0,4
0.6905120481927711,0.0,1.0,0.6904834534106644,0.0,1.0,4
0.7846385542168675,0.0,1.0,0.7846073571614922,0.0,1.0,4
0.882781124497992,0.0,1.0,0.8826526721387143,0.0,1.0,4
0.9806726907630523,0.0,1.0,0.9806979871159365,0.0,1.0,4
0.07479919678714864,0.0,1.0,0.07475967809909889,0.0,1.0,4
0.17294176706827313,0.0,1.0,0.17280499307632097,0.0,1.0,4
0.27083333333333337,0.0,1.0,0.27085030805354304,0.0,1.0,4
0.36897590361445787,0.0,1.0,0.3688956230307652,0.0,1.0,4
0.46711847389558236,0.0,1.0,0.46694093800798725,0.0,1.0,4
0.5650100401606426,0.0,1.0,0.5650003010295209,0.0,1.0,4
0.6591365461847389,0.0,1.0,0.6591242047803487,0.0,1.0,4
0.7532630522088353,0.0,1.0,0.7532481085311766,0.0,1.0,4
0.8514056224899599,0.0,1.0,0.8512934235083987,0.0,1.0,4
0.9495481927710844,0.0,1.0,0.9493387384856207,0.0,1.0,4
0.043423694779116506,0.0,1.0,0.0434004294687832,0.0,1.0,4
0.141566265060241,0.0,1.0,0.14144574444600527,0.0,1.0,4
0.23945783132530118,0.0,1.0,0.2394910594232274,0.0,1.0,4
0.3376004016064257,0.0,1.0,0.3375363744004495,0.0,1.0,4
0.43574297188755023,0.0,1.0,0.43558168937767155,0.0,1.0,4
0.5336345381526104,0.0,1.0,0.5336430592626783,0.0,1.0,4
0.6277610441767069,0.0,1.0,0.627764956150033,0.0,1.0,4
0.7218875502008033,0.0,1.0,0.7218888599008608,0.0,1.0,4
0.8200301204819278,0.0,1.0,0.819934174878083,0.0,1.0,4
0.9181726907630523,0.0,1.0,0.9179794898553051,0.0,1.0,4
0.012048192771084376,0.0,1.0,0.012041180838467502,0.0,1.0,4
0.11019076305220887,0.0,1.0,0.11008649581568958,0.0,1.0,4
0.20808232931726905,0.0,1.0,0.2081318107929117,0.0,1.0,4
0.3062248995983936,0.0,1.0,0.3061771257701338,0.0,1.0,4
0.4043674698795181,0.0,1.0,0.4042224407473559,0.0,1.0,4
0.5022590361445783,0.0,1.0,0.5022838106323626,0.0,1.0,4
0.5963855421686748,0.0,1.0,0.5964057075197173,0.0,1.0,4
0.6905120481927711,0.0,1.0,0.6905296112705452,0.0,1.0,4
0.7846385542168675,0.0,1.0,0.7846535150213729,0.0,1.0,4
0.882781124497992,0.0,1.0,0.8826988299985952,0.0,1.0,4
0.9809236947791165,0.0,1.0,0.9807441449758172,0.0,1.0,4
0.07479919678714864,0.0,1.0,0.07480583595897966,0.0,1.0,4
0.17294176706827313,0.0,1.0,0.17285115093620174,0.0,1.0,4
0.27108433734939763,0.0,1.0,0.27089646591342387,0.0,1.0,4
0.36897590361445787,0.0,1.0,0.36894178089064594,0.0,1.0,4
0.46711847389558236,0.0,1.0,0.466987095867868,0.0,1.0,4
0.5650100401606426,0.0,1.0,0.5650464588894016,0.0,1.0,4
0.6591365461847389,0.0,1.0,0.6591703626402295,0.0,1.0,4
0.7532630522088353,0.0,1.0,0.7532942663910573,0.0,1.0,4
0.8514056224899599,0.0,1.0,0.8513395813682794,0.0,1.0,4
0.9495481927710844,0.0,1.0,0.9493848963455015,0.0,1.0,4
0.043423694779116506,0.0,1.0,0.043446587328663966,0.0,1.0,4
0.141566265060241,0.0,1.0,0.14149190230588604,0.0,1.0,4
0.2397088353413655,0.0,1.0,0.23953721728310817,0.0,1.0,4
0.3376004016064257,0.0,1.0,0.3375825322603303,0.0,1.0,4
0.43574297188755023,0.0,1.0,0.4356278472375524,0.0,1.0,4
0.5338855421686747,0.0,1.0,0.533687210259086,0.0,1.0,4
0.6280120481927711,0.0,1.0,0.6278111140099139,0.0,1.0,4
0.7221385542168675,0.0,1.0,0.7219350177607416,0.0,1.0,4
0.8200301204819278,0.0,1.0,0.8199803327379638,0.0,1.0,4
0.9181726907630523,0.0,1.0,0.9180256477151859,0.0,1.0,4
0.012048192771084376,0.0,1.0,0.012087338698348271,0.0,1.0,4
0.11019076305220887,0.0,1.0,0.11013265367557035,0.0,1.0,4
0.20833333333333337,0.0,1.0,0.20817796865279248,0.0,1.0,4
0.3062248995983936,0.0,1.0,0.3062232836300146,0.0,1.0,4
0.4043674698795181,0.0,1.0,0.4042685986072367,0.0,1.0,4
0.5025100401606426,0.0,1.0,0.5023279616287704,0.0,1.0,4
0.5966365461847389,0.0,1.0,0.5964518653795982,0.0,1.0,4
0.6907630522088354,0.0,1.0,0.690575769130426,0.0,1.0,4
0.7848895582329318,0.0,1.0,0.7846996728812539,0.0,1.0,4
0.882781124497992,0.0,1.0,0.8827449878584759,0.0,1.0,4
0.9809236947791165,0.0,1.0,0.980790302835698,0.0,1.0,4
0.07479919678714864,0.0,1.0,0.07485199381886043,0.0,1.0,4
0.17294176706827313,0.0,1.0,0.1728973087960825,0.0,1.0,4
0.27108433734939763,0.0,1.0,0.27094262377330464,0.0,1.0,4
0.36897590361445787,0.0,1.0,0.3689879387505267,0.0,1.0,4
0.46711847389558236,0.0,1.0,0.46703325372774884,0.0,1.0,4
0.5652610441767069,0.0,1.0,0.5650926167492825,0.0,1.0,4
0.6593875502008033,0.0,1.0,0.6592165205001103,0.0,1.0,4
0.7535140562248996,0.0,1.0,0.7533404242509382,0.0,1.0,4
0.8514056224899599,0.0,1.0,0.8513857392281603,0.0,1.0,4
0.9495481927710844,0.0,1.0,0.9494310542053823,0.0,1.0,4
0.04367469879518071,0.0,1.0,0.04349274518854479,0.0,1.0,4
0.141566265060241,0.0,1.0,0.14153806016576687,0.0,1.0,4
0.2397088353413655,0.0,1.0,0.239583375142989,0.0,1.0,4
0.3376004016064257,0.0,1.0,0.337628690120211,0.0,1.0,4
0.43574297188755023,0.0,1.0,0.43567400509743315,0.0,1.0,4
0.5338855421686747,0.0,1.0,0.5337333681189668,0.0,1.0,4
0.6280120481927711,0.0,1.0,0.6278572718697946,0.0,1.0,4
0.7221385542168675,0.0,1.0,0.7219811756206225,0.0,1.0,4
0.8200301204819278,0.0,1.0,0.8200264905978445,0.0,1.0,4
0.9181726907630523,0.0,1.0,0.9180718055750667,0.0,1.0,4
0.01229919678714858,0.0,1.0,0.012133496558229095,0.0,1.0,4
0.11019076305220887,0.0,1.0,0.11017881153545123,0.0,1.0,4
0.20833333333333337,0.0,1.0,0.2082241265126733,0.0,1.0,4
0.3062248995983936,0.0,1.0,0.30626944148989543,0.0,1.0,4
0.4043674698795181,0.0,1.0,0.40431475646711745,0.0,1.0,4
0.5025100401606426,0.0,1.0,0.5023741194886511,0.0,1.0,4
0.5966365461847389,0.0,1.0,0.596498023239479,0.0,1.0,4
0.6907630522088354,0.0,1.0,0.6906219269903068,0.0,1.0,4
0.7848895582329318,0.0,1.0,0.7847458307411346,0.0,1.0,4
0.882781124497992,0.0,1.0,0.8827911457183567,0.0,1.0,4
0.9809236947791165,0.0,1.0,0.9808364606955788,0.0,1.0,4
0.07505020080321284,0.0,1.0,0.07489815167874125,0.0,1.0,4
0.17294176706827313,0.0,1.0,0.17294346665596333,0.0,1.0,4
0.27108433734939763,0.0,1.0,0.27098878163318546,0.0,1.0,4
0.3692269076305221,0.0,1.0,0.36903409661040754,0.0,1.0,4
0.46711847389558236,0.0,1.0,0.4670794115876296,0.0,1.0,4
0.5652610441767069,0.0,1.0,0.5651387746091633,0.0,1.0,4
0.6593875502008033,0.0,1.0,0.6592626783599911,0.0,1.0,4
0.7535140562248996,0.0,1.0,0.753386582110819,0.0,1.0,4
0.8514056224899599,0.0,1.0,0.851431897088041,0.0,1.0,4
0.9495481927710844,0.0,1.0,0.9494772120652631,0.0,1.0,4
0.04367469879518071,0.0,1.0,0.04353890304842556,0.0,1.0,4
0.141566265060241,0.0,1.0,0.1415842180256477,0.0,1.0,4
0.2397088353413655,0.0,1.0,0.23962953300286977,0.0,1.0,4
0.33785140562248994,0.0,1.0,0.33767484798009184,0.0,1.0,4
0.43574297188755023,0.0,1.0,0.435720162957314,0.0,1.0,4
0.5338855421686747,0.0,1.0,0.5337795259788476,0.0,1.0,4
0.6280120481927711,0.0,1.0,0.6279034297296754,0.0,1.0,4
0.7221385542168675,0.0,1.0,0.7220273334805032,0.0,1.0,4
0.820281124497992,0.0,1.0,0.8200726484577253,0.0,1.0,4
0.9181726907630523,0.0,1.0,0.9181179634349474,0.0,1.0,4
0.01229919678714858,0.0,1.0,0.012179654418109864,0.0,1.0,4
0.11019076305220887,0.0,1.0,0.110224969395332,0.0,1.0,4
0.20833333333333337,0.0,1.0,0.20827028437255407,0.0,1.0,4
0.30647590361445787,0.0,1.0,0.30631559934977615,0.0,1.0,4
0.4043674698795181,0.0,1.0,0.4043609143269983,0.0,1.0,4
0.5025100401606426,0.0,1.0,0.5024202773485319,0.0,1.0,4
0.5966365461847389,0.0,1.0,0.5965441810993597,0.0,1.0,4
0.6907630522088354,0.0,1.0,0.6906680848501876,0.0,1.0,4
0.7848895582329318,0.0,1.0,0.7847919886010154,0.0,1.0,4
0.8830321285140563,0.0,1.0,0.8828373035782375,0.0,1.0,4
0.9809236947791165,0.0,1.0,0.9808806116919866,0.0,1.0,4
0.07505020080321284,0.0,1.0,0.07494430953862202,0.0,1.0,4
0.17294176706827313,0.0,1.0,0.17298962451584415,0.0,1.0,4
0.27108433734939763,0.0,1.0,0.27103493949306623,0.0,1.0,4
0.3692269076305221,0.0,1.0,0.36908025447028836,0.0,1.0,4
0.46711847389558236,0.0,1.0,0.4671235625840373,0.0,1.0,4
0.5652610441767069,0.0,1.0,0.5651849324690441,0.0,1.0,4
0.6593875502008033,0.0,1.0,0.6593088362198719,0.0,1.0,4
0.7535140562248996,0.0,1.0,0.7534327399706997,0.0,1.0,4
0.8516566265060241,0.0,1.0,0.8514780549479217,0.0,1.0,4
0.9495481927710844,0.0,1.0,0.949523369925144,0.0,1.0,4
0.04367469879518071,0.0,1.0,0.04358506090830633,0.0,1.0,4
0.1418172690763052,0.0,1.0,0.14163037588552846,0.0,1.0,4
0.2397088353413655,0.0,1.0,0.23967569086275053,0.0,1.0,4
0.33785140562248994,0.0,1.0,0.33772100583997267,0.0,1.0,4
0.43574297188755023,0.0,1.0,0.43576632081719474,0.0,1.0,4
0.5338855421686747,0.0,1.0,0.5338256838387284,0.0,1.0,4
0.6280120481927711,0.0,1.0,0.6279495875895562,0.0,1.0,4
0.7221385542168675,0.0,1.0,0.722073491340384,0.0,1.0,4
0.820281124497992,0.0,1.0,0.8201188063176061,0.0,1.0,4
0.9181726907630523,0.0,1.0,0.9181641212948282,0.0,1.0,4
0.01229919678714858,0.0,1.0,0.012225812277990689,0.0,1.0,4
0.11044176706827308,0.0,1.0,0.11027112725521276,0.0,1.0,4
0.20833333333333337,0.0,1.0,0.20831644223243484,0.0,1.0,4
0.30647590361445787,0.0,1.0,0.30636175720965697,0.0,1.0,4
0.4043674698795181,0.0,1.0,0.40440707218687905,0.0,1.0,4
0.5025100401606426,0.0,1.0,0.5024664352084127,0.0,1.0,4
0.5966365461847389,0.0,1.0,0.5965903389592405,0.0,1.0,4
0.6907630522088354,0.0,1.0,0.6907142427100683,0.0,1.0,4
0.7848895582329318,0.0,1.0,0.784836139597423,0.0,1.0,4
0.8830321285140563,0.0,1.0,0.8828814545746453,0.0,1.0,4
0.9809236947791165,0.0,1.0,0.9809267695518673,0.0,1.0,4
0.07505020080321284,0.0,1.0,0.07499046739850279,0.0,1.0,4
0.17319277108433734,0.0,1.0,0.17303578237572492,0.0,1.0,4
0.27108433734939763,0.0,1.0,0.27107909048947393,0.0,1.0,4
0.3692269076305221,0.0,1.0,0.369124405466696,0.0,1.0,4
0.4673694779116466,0.0,1.0,0.46716972044391814,0.0,1.0,4
0.5652610441767069,0.0,1.0,0.5652310903289248,0.0,1.0,4
0.6593875502008033,0.0,1.0,0.6593549940797527,0.0,1.0,4
0.7535140562248996,0.0,1.0,0.7534788978305804,0.0,1.0,4
0.8516566265060241,0.0,1.0,0.8515222059443295,0.0,1.0,4
0.9495481927710844,0.0,1.0,0.9495675209215516,0.0,1.0,4
0.04367469879518071,0.0,1.0,0.0436312187681871,0.0,1.0,4
0.1418172690763052,0.0,1.0,0.14167653374540923,0.0,1.0,4
0.2397088353413655,0.0,1.0,0.2397218487226313,0.0,1.0,4
0.33785140562248994,0.0,1.0,0.3377651568363803,0.0,1.0,4
0.4359939759036145,0.0,1.0,0.43581047181360244,0.0,1.0,4
0.5338855421686747,0.0,1.0,0.5338718416986091,0.0,1.0,4
0.6280120481927711,0.0,1.0,0.627995745449437,0.0,1.0,4
0.7221385542168675,0.0,1.0,0.7221196492002648,0.0,1.0,4
0.820281124497992,0.0,1.0,0.820164964177487,0.0,1.0,4
0.9184236947791165,0.0,1.0,0.9182082722912359,0.0,1.0,4
0.01229919678714858,0.0,1.0,0.012271970137871513,0.0,1.0,4
0.11044176706827308,0.0,1.0,0.11031728511509359,0.0,1.0,4
0.20833333333333337,0.0,1.0,0.20836260009231566,0.0,1.0,4
0.30647590361445787,0.0,1.0,0.30640791506953774,0.0,1.0,4
0.40461847389558236,0.0,1.0,0.40445122318328675,0.0,1.0,4
0.5025100401606426,0.0,1.0,0.5025125930682935,0.0,1.0,4
0.5966365461847389,0.0,1.0,0.5966364968191213,0.0,1.0,4
0.6907630522088354,0.0,1.0,0.6907604005699491,0.0,1.0,4
0.7848895582329318,0.0,1.0,0.7848822974573039,0.0,1.0,4
0.8830321285140563,0.0,1.0,0.882927612434526,0.0,1.0,4
0.9811746987951808,0.0,1.0,0.980972927411748,0.0,1.0,4
0.07505020080321284,0.0,1.0,0.07503461839491055,0.0,1.0,4
0.17319277108433734,0.0,1.0,0.17307993337213262,0.0,1.0,4
0.27108433734939763,0.0,1.0,0.27112524834935475,0.0,1.0,4
0.3692269076305221,0.0,1.0,0.36917056332657683,0.0,1.0,4
0.4673694779116466,0.0,1.0,0.46721587830379896,0.0,1.0,4
0.5652610441767069,0.0,1.0,0.5652772481888056,0.0,1.0,4
0.6593875502008033,0.0,1.0,0.6594011519396334,0.0,1.0,4
0.7535140562248996,0.0,1.0,0.7535230488269882,0.0,1.0,4
0.8516566265060241,0.0,1.0,0.8515683638042103,0.0,1.0,4
0.9497991967871486,0.0,1.0,0.9496136787814324,0.0,1.0,4
0.04367469879518071,0.0,1.0,0.04367536976459485,0.0,1.0,4
0.1418172690763052,0.0,1.0,0.14172068474181693,0.0,1.0,4
0.2399598393574297,0.0,1.0,0.23976599971903906,0.0,1.0,4
0.33785140562248994,0.0,1.0,0.33781131469626113,0.0,1.0,4
0.4359939759036145,0.0,1.0,0.43585662967348326,0.0,1.0,4
0.5338855421686747,0.0,1.0,0.53391799955849,0.0,1.0,4
0.6280120481927711,0.0,1.0,0.6280419033093179,0.0,1.0,4
0.7221385542168675,0.0,1.0,0.7221638001966726,0.0,1.0,4
0.820281124497992,0.0,1.0,0.8202091151738946,0.0,1.0,4
0.9184236947791165,0.0,1.0,0.9182544301511167,0.0,1.0,4
0.01229919678714858,0.0,1.0,0.012318127997752282,0.0,1.0,4
0.11044176706827308,0.0,1.0,0.11036143611150129,0.0,1.0,4
0.20858433734939757,0.0,1.0,0.20840675108872342,0.0,1.0,4
0.30647590361445787,0.0,1.0,0.30645206606594544,0.0,1.0,4
0.40461847389558236,0.0,1.0,0.40449738104316757,0.0,1.0,4
0.5027610441767069,0.0,1.0,0.5025587509281743,0.0,1.0,4
0.5968875502008032,0.0,1.0,0.5966826546790021,0.0,1.0,4
0.6910140562248996,0.0,1.0,0.69080655842983,0.0,1.0,4
0.785140562248996,0.0,1.0,0.7849284553171847,0.0,1.0,4
0.8830321285140563,0.0,1.0,0.8829737702944068,0.0,1.0,4
0.9811746987951808,0.0,1.0,0.981019085271629,0.0,1.0,4
0.07505020080321284,0.0,1.0,0.07508077625479137,0.0,1.0,4
0.17319277108433734,0.0,1.0,0.17312609123201345,0.0,1.0,4
0.2713353413654619,0.0,1.0,0.2711714062092355,0.0,1.0,4
0.3692269076305221,0.0,1.0,0.36921672118645765,0.0,1.0,4
0.4673694779116466,0.0,1.0,0.46726203616367973,0.0,1.0,4
0.5655120481927711,0.0,1.0,0.5653234060486865,0.0,1.0,4
0.6596385542168675,0.0,1.0,0.6594473097995143,0.0,1.0,4
0.7537650602409638,0.0,1.0,0.753569206686869,0.0,1.0,4
0.8516566265060241,0.0,1.0,0.8516145216640911,0.0,1.0,4
0.9497991967871486,0.0,1.0,0.9496598366413131,0.0,1.0,4
0.04367469879518071,0.0,1.0,0.043721527624475676,0.0,1.0,4
0.1418172690763052,0.0,1.0,0.14176684260169775,0.0,1.0,4
0.2399598393574297,0.0,1.0,0.23981215757891988,0.0,1.0,4
0.33785140562248994,0.0,1.0,0.33785747255614196,0.0,1.0,4
0.4359939759036145,0.0,1.0,0.43590278753336403,0.0,1.0,4
0.5341365461847389,0.0,1.0,0.5339641574183708,0.0,1.0,4
0.6282630522088354,0.0,1.0,0.6280880611691986,0.0,1.0,4
0.7223895582329318,0.0,1.0,0.7222099580565533,0.0,1.0,4
0.820281124497992,0.0,1.0,0.8202552730337754,0.0,1.0,4
0.9184236947791165,0.0,1.0,0.9183005880109976,0.0,1.0,4
0.01229919678714858,0.0,1.0,0.012362278994159981,0.0,1.0,4
0.11044176706827308,0.0,1.0,0.11040759397138206,0.0,1.0,4
0.20858433734939757,0.0,1.0,0.2084529089486042,0.0,1.0,4
0.30647590361445787,0.0,1.0,0.30649822392582626,0.0,1.0,4
0.40461847389558236,0.0,1.0,0.4045435389030484,0.0,1.0,4
0.5027610441767069,0.0,1.0,0.5026049087880551,0.0,1.0,4
0.5968875502008032,0.0,1.0,0.5967288125388829,0.0,1.0,4
0.6910140562248996,0.0,1.0,0.6908507094262377,0.0,1.0,4
0.785140562248996,0.0,1.0,0.7849746131770655,0.0,1.0,4
0.8830321285140563,0.0,1.0,0.8830199281542876,0.0,1.0,4
0.9811746987951808,0.0,1.0,0.9810652431315097,0.0,1.0,4
0.0753012048192771,0.0,1.0,0.07512693411467214,0.0,1.0,4
0.17319277108433734,0.0,1.0,0.17317224909189421,0.0,1.0,4
0.2713353413654619,0.0,1.0,0.27121756406911635,0.0,1.0,4
0.3692269076305221,0.0,1.0,0.3692628790463384,0.0,1.0,4
0.4673694779116466,0.0,1.0,0.4673081940235605,0.0,1.0,4
0.5655120481927711,0.0,1.0,0.5653695639085672,0.0,1.0,4
0.6596385542168675,0.0,1.0,0.6594914607959219,0.0,1.0,4
0.7537650602409638,0.0,1.0,0.7536153645467498,0.0,1.0,4
0.8516566265060241,0.0,1.0,0.8516606795239718,0.0,1.0,4
0.9497991967871486,0.0,1.0,0.9497059945011941,0.0,1.0,4
0.04392570281124497,0.0,1.0,0.043767685484356444,0.0,1.0,4
0.1418172690763052,0.0,1.0,0.14181300046157852,0.0,1.0,4
0.2399598393574297,0.0,1.0,0.23985831543880065,0.0,1.0,4
0.33785140562248994,0.0,1.0,0.3379036304160227,0.0,1.0,4
0.4359939759036145,0.0,1.0,0.4359489453932448,0.0,1.0,4
0.5341365461847389,0.0,1.0,0.5340103152782516,0.0,1.0,4
0.6282630522088354,0.0,1.0,0.6281322121656063,0.0,1.0,4
0.7223895582329318,0.0,1.0,0.7222561159164341,0.0,1.0,4
0.820281124497992,0.0,1.0,0.8203014308936563,0.0,1.0,4
0.9184236947791165,0.0,1.0,0.9183467458708783,0.0,1.0,4
0.012550200803212841,0.0,1.0,0.01240843685404075,0.0,1.0,4
0.11044176706827308,0.0,1.0,0.11045375183126288,0.0,1.0,4
0.20858433734939757,0.0,1.0,0.20849906680848496,0.0,1.0,4
0.3067269076305221,0.0,1.0,0.3065443817857071,0.0,1.0,4
0.40461847389558236,0.0,1.0,0.40458969676292916,0.0,1.0,4
0.5027610441767069,0.0,1.0,0.5026510666479359,0.0,1.0,4
0.5968875502008032,0.0,1.0,0.5967749703987637,0.0,1.0,4
0.6910140562248996,0.0,1.0,0.6908968672861184,0.0,1.0,4
0.785140562248996,0.0,1.0,0.7850207710369463,0.0,1.0,4
0.8830321285140563,0.0,1.0,0.8830660860141684,0.0,1.0,4
0.9811746987951808,0.0,1.0,0.9811114009913904,0.0,1.0,4
0.0753012048192771,0.0,1.0,0.07517309197455291,0.0,1.0,4
0.17319277108433734,0.0,1.0,0.17321840695177498,0.0,1.0,4
0.2713353413654619,0.0,1.0,0.2712637219289971,0.0,1.0,4
0.3694779116465864,0.0,1.0,0.3693090369062192,0.0,1.0,4
0.4673694779116466,0.0,1.0,0.4673543518834413,0.0,1.0,4
0.5655120481927711,0.0,1.0,0.565415721768448,0.0,1.0,4
0.6596385542168675,0.0,1.0,0.6595376186558028,0.0,1.0,4
0.7537650602409638,0.0,1.0,0.7536615224066305,0.0,1.0,4
0.8519076305220884,0.0,1.0,0.8517068373838527,0.0,1.0,4
0.9497991967871486,0.0,1.0,0.9497521523610748,0.0,1.0,4
0.04392570281124497,0.0,1.0,0.04381384334423721,0.0,1.0,4
0.1418172690763052,0.0,1.0,0.14185915832145934,0.0,1.0,4
0.2399598393574297,0.0,1.0,0.23990447329868142,0.0,1.0,4
0.3381024096385542,0.0,1.0,0.33794978827590355,0.0,1.0,4
0.4359939759036145,0.0,1.0,0.4359951032531256,0.0,1.0,4
0.5341365461847389,0.0,1.0,0.5340564731381323,0.0,1.0,4
0.6282630522088354,0.0,1.0,0.628178370025487,0.0,1.0,4
0.7223895582329318,0.0,1.0,0.722302273776315,0.0,1.0,4
0.8205321285140563,0.0,1.0,0.820347588753537,0.0,1.0,4
0.9184236947791165,0.0,1.0,0.9183929037307591,0.0,1.0,4
0.012550200803212841,0.0,1.0,0.012454594713921519,0.0,1.0,4
0.11044176706827308,0.0,1.0,0.11049990969114365,0.0,1.0,4
0.20858433734939757,0.0,1.0,0.20854522466836573,0.0,1.0,4
0.3067269076305221,0.0,1.0,0.30659053964558786,0.0,1.0,4
0.40461847389558236,0.0,1.0,0.40463585462280993,0.0,1.0,4
0.5027610441767069,0.0,1.0,0.5026972245078166,0.0,1.0,4
0.5968875502008032,0.0,1.0,0.5968191213951715,0.0,1.0,4
0.6910140562248996,0.0,1.0,0.6909430251459993,0.0,1.0,4
0.785140562248996,0.0,1.0,0.785066928896827,0.0,1.0,4
0.8832831325301205,0.0,1.0,0.8831122438740491,0.0,1.0,4
0.9811746987951808,0.0,1.0,0.9811575588512713,0.0,1.0,4
0.0753012048192771,0.0,1.0,0.07521924983443368,0.0,1.0,4
0.17344377510040165,0.0,1.0,0.1732645648116558,0.0,1.0,4
0.2713353413654619,0.0,1.0,0.2713098797888779,0.0,1.0,4
0.3694779116465864,0.0,1.0,0.3693551947661,0.0,1.0,4
0.4673694779116466,0.0,1.0,0.4674005097433221,0.0,1.0,4
0.5655120481927711,0.0,1.0,0.5654598727648558,0.0,1.0,4
0.6596385542168675,0.0,1.0,0.6595837765156836,0.0,1.0,4
0.7537650602409638,0.0,1.0,0.7537076802665115,0.0,1.0,4
0.8519076305220884,0.0,1.0,0.8517529952437335,0.0,1.0,4
0.9497991967871486,0.0,1.0,0.9497983102209556,0.0,1.0,4
0.04392570281124497,0.0,1.0,0.04386000120411804,0.0,1.0,4
0.14206827309236952,0.0,1.0,0.14190531618134017,0.0,1.0,4
0.2399598393574297,0.0,1.0,0.23995063115856224,0.0,1.0,4
0.3381024096385542,0.0,1.0,0.3379959461357843,0.0,1.0,4
0.4359939759036145,0.0,1.0,0.43604126111300645,0.0,1.0,4
0.5341365461847389,0.0,1.0,0.5341026309980131,0.0,1.0,4
0.6282630522088354,0.0,1.0,0.6282245278853679,0.0,1.0,4
0.7223895582329318,0.0,1.0,0.7223484316361957,0.0,1.0,4
0.8205321285140563,0.0,1.0,0.8203937466134179,0.0,1.0,4
0.9184236947791165,0.0,1.0,0.9184390615906399,0.0,1.0,4
0.012550200803212841,0.0,1.0,0.012500752573802398,0.0,1.0,4
0.1106927710843374,0.0,1.0,0.11054606755102447,0.0,1.0,4
0.20858433734939757,0.0,1.0,0.20859138252824655,0.0,1.0,4
0.3067269076305221,0.0,1.0,0.3066366975054686,0.0,1.0,4
0.4048694779116466,0.0,1.0,0.40468201248269076,0.0,1.0,4
0.5027610441767069,0.0,1.0,0.5027433823676974,0.0,1.0,4
0.5968875502008032,0.0,1.0,0.5968652792550522,0.0,1.0,4
0.6910140562248996,0.0,1.0,0.6909891830058801,0.0,1.0,4
0.785140562248996,0.0,1.0,0.7851130867567079,0.0,1.0,4
0.8832831325301205,0.0,1.0,0.88315840173393,0.0,1.0,4
0.9811746987951808,0.0,1.0,0.981203716711152,0.0,1.0,4
0.0753012048192771,0.0,1.0,0.0752654076943145,0.0,1.0,4
0.17344377510040165,0.0,1.0,0.17331072267153663,0.0,1.0,4
0.2713353413654619,0.0,1.0,0.2713560376487587,0.0,1.0,4
0.3694779116465864,0.0,1.0,0.36940135262598084,0.0,1.0,4
0.4676204819277109,0.0,1.0,0.46744666760320286,0.0,1.0,4
0.5655120481927711,0.0,1.0,0.5655060306247366,0.0,1.0,4
0.6596385542168675,0.0,1.0,0.6596299343755644,0.0,1.0,4
0.7537650602409638,0.0,1.0,0.7537538381263922,0.0,1.0,4
0.8519076305220884,0.0,1.0,0.8517991531036143,0.0,1.0,4
0.9500502008032129,0.0,1.0,0.9498444680808364,0.0,1.0,4
0.04392570281124497,0.0,1.0,0.043906159063998806,0.0,1.0,4
0.14206827309236952,0.0,1.0,0.14195147404122094,0.0,1.0,4
0.2399598393574297,0.0,1.0,0.239996789018443,0.0,1.0,4
0.3381024096385542,0.0,1.0,0.33804210399566514,0.0,1.0,4
0.4362449799196787,0.0,1.0,0.4360874189728872,0.0,1.0,4
0.5341365461847389,0.0,1.0,0.5341467819944209,0.0,1.0,4
0.6282630522088354,0.0,1.0,0.6282706857452487,0.0,1.0,4
0.7223895582329318,0.0,1.0,0.7223945894960765,0.0,1.0,4
0.8205321285140563,0.0,1.0,0.8204399044732986,0.0,1.0,4
0.9186746987951808,0.0,1.0,0.9184852194505206,0.0,1.0,4
0.012550200803212841,0.0,1.0,0.012546910433683167,0.0,1.0,4
0.1106927710843374,0.0,1.0,0.11059222541090524,0.0,1.0,4
0.20858433734939757,0.0,1.0,0.20863754038812732,0.0,1.0,4
0.3067269076305221,0.0,1.0,0.30668285536534945,0.0,1.0,4
0.4048694779116466,0.0,1.0,0.4047281703425715,0.0,1.0,4
0.5027610441767069,0.0,1.0,0.5027875333641052,0.0,1.0,4
0.5968875502008032,0.0,1.0,0.596911437114933,0.0,1.0,4
0.6910140562248996,0.0,1.0,0.6910353408657608,0.0,1.0,4
0.785140562248996,0.0,1.0,0.7851592446165887,0.0,1.0,4
0.8832831325301205,0.0,1.0,0.8832045595938107,0.0,1.0,4
0.981425702811245,0.0,1.0,0.9812498745710329,0.0,1.0,4
0.0753012048192771,0.0,1.0,0.07531156555419527,0.0,1.0,4
0.17344377510040165,0.0,1.0,0.1733568805314174,0.0,1.0,4
0.2715863453815261,0.0,1.0,0.2714021955086395,0.0,1.0,4
0.3694779116465864,0.0,1.0,0.36944751048586155,0.0,1.0,4
0.4676204819277109,0.0,1.0,0.4674928254630837,0.0,1.0,4
0.5655120481927711,0.0,1.0,0.5655521884846173,0.0,1.0,4
0.6596385542168675,0.0,1.0,0.6596760922354451,0.0,1.0,4
0.7537650602409638,0.0,1.0,0.753799995986273,0.0,1.0,4
0.8519076305220884,0.0,1.0,0.8518453109634951,0.0,1.0,4
0.9500502008032129,0.0,1.0,0.9498906259407172,0.0,1.0,4
0.04392570281124497,0.0,1.0,0.04395231692387963,0.0,1.0,4
0.14206827309236952,0.0,1.0,0.1419976319011017,0.0,1.0,4
0.24021084337349402,0.0,1.0,0.24004294687832378,0.0,1.0,4
0.3381024096385542,0.0,1.0,0.33808826185554586,0.0,1.0,4
0.4362449799196787,0.0,1.0,0.436133576832768,0.0,1.0,4
0.5343875502008032,0.0,1.0,0.5341929398543016,0.0,1.0,4
0.6285140562248996,0.0,1.0,0.6283168436051294,0.0,1.0,4
0.722640562248996,0.0,1.0,0.7224407473559573,0.0,1.0,4
0.8205321285140563,0.0,1.0,0.8204860623331793,0.0,1.0,4
0.9186746987951808,0.0,1.0,0.9185313773104015,0.0,1.0,4
0.012550200803212841,0.0,1.0,0.012593068293563936,0.0,1.0,4
0.1106927710843374,0.0,1.0,0.11063838327078601,0.0,1.0,4
0.2088353413654619,0.0,1.0,0.2086836982480081,0.0,1.0,4
0.3067269076305221,0.0,1.0,0.3067290132252303,0.0,1.0,4
0.4048694779116466,0.0,1.0,0.4047743282024523,0.0,1.0,4
0.5030120481927711,0.0,1.0,0.5028336912239859,0.0,1.0,4
0.5971385542168675,0.0,1.0,0.5969575949748138,0.0,1.0,4
0.6912650602409639,0.0,1.0,0.6910814987256416,0.0,1.0,4
0.7853915662650603,0.0,1.0,0.7852054024764694,0.0,1.0,4
0.8832831325301205,0.0,1.0,0.8832507174536915,0.0,1.0,4
0.981425702811245,0.0,1.0,0.9812960324309137,0.0,1.0,4
0.0753012048192771,0.0,1.0,0.0753577234140761,0.0,1.0,4
0.17344377510040165,0.0,1.0,0.17340303839129817,0.0,1.0,4
0.2715863453815261,0.0,1.0,0.2714483533685203,0.0,1.0,4
0.3694779116465864,0.0,1.0,0.3694936683457424,0.0,1.0,4
0.4676204819277109,0.0,1.0,0.46753898332296445,0.0,1.0,4
0.5657630522088354,0.0,1.0,0.5655983463444981,0.0,1.0,4
0.6598895582329318,0.0,1.0,0.6597222500953259,0.0,1.0,4
0.7540160642570282,0.0,1.0,0.7538461538461538,0.0,1.0,4
0.8519076305220884,0.0,1.0,0.8518914688233759,0.0,1.0,4
0.9500502008032129,0.0,1.0,0.9499367838005979,0.0,1.0,4
0.04417670682730923,0.0,1.0,0.0439984747837604,0.0,1.0,4
0.14206827309236952,0.0,1.0,0.14204378976098248,0.0,1.0,4
0.24021084337349402,0.0,1.0,0.24008910473820455,0.0,1.0,4
0.3381024096385542,0.0,1.0,0.3381344197154267,0.0,1.0,4
0.4362449799196787,0.0,1.0,0.4361797346926488,0.0,1.0,4
0.5343875502008032,0.0,1.0,0.5342390977141824,0.0,1.0,4
0.6285140562248996,0.0,1.0,0.6283630014650102,0.0,1.0,4
0.722640562248996,0.0,1.0,0.722486905215838,0.0,1.0,4
0.8205321285140563,0.0,1.0,0.8205322201930603,0.0,1.0,4
0.9186746987951808,0.0,1.0,0.9185775351702823,0.0,1.0,4
0.012801204819277101,0.0,1.0,0.01263922615344476,0.0,1.0,4
0.1106927710843374,0.0,1.0,0.11068454113066684,0.0,1.0,4
0.2088353413654619,0.0,1.0,0.20872985610788897,0.0,1.0,4
0.3067269076305221,0.0,1.0,0.306775171085111,0.0,1.0,4
0.4048694779116466,0.0,1.0,0.4048204860623331,0.0,1.0,4
0.5030120481927711,0.0,1.0,0.5028798490838667,0.0,1.0,4
0.5971385542168675,0.0,1.0,0.5970037528346945,0.0,1.0,4
0.6912650602409639,0.0,1.0,0.6911276565855224,0.0,1.0,4
0.7853915662650603,0.0,1.0,0.7852515603363502,0.0,1.0,4
0.8832831325301205,0.0,1.0,0.8832968753135724,0.0,1.0,4
0.981425702811245,0.0,1.0,0.9813401834273213,0.0,1.0,4
0.07555220883534136,0.0,1.0,0.07540388127395692,0.0,1.0,4
0.17344377510040165,0.0,1.0,0.173449196251179,0.0,1.0,4
0.2715863453815261,0.0,1.0,0.27149451122840107,0.0,1.0,4
0.36972891566265065,0.0,1.0,0.3695398262056232,0.0,1.0,4
0.4676204819277109,0.0,1.0,0.4675831343193722,0.0,1.0,4
0.5657630522088354,0.0,1.0,0.565644504204379,0.0,1.0,4
0.6598895582329318,0.0,1.0,0.6597684079552067,0.0,1.0,4
0.7540160642570282,0.0,1.0,0.7538923117060345,0.0,1.0,4
0.8519076305220884,0.0,1.0,0.8519376266832567,0.0,1.0,4
0.9500502008032129,0.0,1.0,0.9499829416604788,0.0,1.0,4
0.04417670682730923,0.0,1.0,0.044044632643641224,0.0,1.0,4
0.14206827309236952,0.0,1.0,0.1420899476208633,0.0,1.0,4
0.24021084337349402,0.0,1.0,0.24013526259808543,0.0,1.0,4
0.33835341365461846,0.0,1.0,0.3381805775753075,0.0,1.0,4
0.4362449799196787,0.0,1.0,0.4362258925525296,0.0,1.0,4
0.5343875502008032,0.0,1.0,0.5342852555740633,0.0,1.0,4
0.6285140562248996,0.0,1.0,0.628409159324891,0.0,1.0,4
0.722640562248996,0.0,1.0,0.722533063075719,0.0,1.0,4
0.8207831325301205,0.0,1.0,0.820578378052941,0.0,1.0,4
0.9186746987951808,0.0,1.0,0.918623693030163,0.0,1.0,4
0.012801204819277101,0.0,1.0,0.012685384013325529,0.0,1.0,4
0.1106927710843374,0.0,1.0,0.1107306989905476,0.0,1.0,4
0.2088353413654619,0.0,1.0,0.20877601396776974,0.0,1.0,4
0.3069779116465864,0.0,1.0,0.3068213289449918,0.0,1.0,4
0.4048694779116466,0.0,1.0,0.40486664392221394,0.0,1.0,4
0.5030120481927711,0.0,1.0,0.5029260069437476,0.0,1.0,4
0.5971385542168675,0.0,1.0,0.5970499106945754,0.0,1.0,4
0.6912650602409639,0.0,1.0,0.6911738144454032,0.0,1.0,4
0.7853915662650603,0.0,1.0,0.785295711332758,0.0,1.0,4
0.8835341365461848,0.0,1.0,0.8833410263099801,0.0,1.0,4
0.981425702811245,0.0,1.0,0.9813863412872021,0.0,1.0,4
0.07555220883534136,0.0,1.0,0.07545003913383769,0.0,1.0,4
0.17344377510040165,0.0,1.0,0.17349535411105976,0.0,1.0,4
0.2715863453815261,0.0,1.0,0.27153866222480877,0.0,1.0,4
0.36972891566265065,0.0,1.0,0.36958397720203084,0.0,1.0,4
0.4676204819277109,0.0,1.0,0.467629292179253,0.0,1.0,4
0.5657630522088354,0.0,1.0,0.5656906620642597,0.0,1.0,4
0.6598895582329318,0.0,1.0,0.6598145658150876,0.0,1.0,4
0.7540160642570282,0.0,1.0,0.7539384695659154,0.0,1.0,4
0.8521586345381527,0.0,1.0,0.8519817776796643,0.0,1.0,4
0.9500502008032129,0.0,1.0,0.9500270926568866,0.0,1.0,4
0.04417670682730923,0.0,1.0,0.04409079050352199,0.0,1.0,4
0.14231927710843373,0.0,1.0,0.14213610548074407,0.0,1.0,4
0.24021084337349402,0.0,1.0,0.2401814204579662,0.0,1.0,4
0.33835341365461846,0.0,1.0,0.3382247285717152,0.0,1.0,4
0.4362449799196787,0.0,1.0,0.4362700435489373,0.0,1.0,4
0.5343875502008032,0.0,1.0,0.5343314134339441,0.0,1.0,4
0.6285140562248996,0.0,1.0,0.6284553171847719,0.0,1.0,4
0.722640562248996,0.0,1.0,0.7225792209355997,0.0,1.0,4
0.8207831325301205,0.0,1.0,0.8206245359128217,0.0,1.0,4
0.9186746987951808,0.0,1.0,0.9186678440265708,0.0,1.0,4
0.012801204819277101,0.0,1.0,0.012731541873206298,0.0,1.0,4
0.1109437751004016,0.0,1.0,0.11077685685042843,0.0,1.0,4
0.2088353413654619,0.0,1.0,0.2088221718276505,0.0,1.0,4
0.3069779116465864,0.0,1.0,0.30686748680487264,0.0,1.0,4
0.4048694779116466,0.0,1.0,0.40491079491862164,0.0,1.0,4
0.5030120481927711,0.0,1.0,0.5029721648036284,0.0,1.0,4
0.5971385542168675,0.0,1.0,0.5970960685544562,0.0,1.0,4
0.6912650602409639,0.0,1.0,0.691219972305284,0.0,1.0,4
0.7853915662650603,0.0,1.0,0.7853418691926388,0.0,1.0,4
0.8835341365461848,0.0,1.0,0.8833871841698608,0.0,1.0,4
0.981425702811245,0.0,1.0,0.981432499147083,0.0,1.0,4
0.07555220883534136,0.0,1.0,0.07549419013024539,0.0,1.0,4
0.17369477911646586,0.0,1.0,0.17353950510746752,0.0,1.0,4
0.2715863453815261,0.0,1.0,0.2715848200846896,0.0,1.0,4
0.36972891566265065,0.0,1.0,0.36963013506191167,0.0,1.0,4
0.46787148594377514,0.0,1.0,0.4676754500391338,0.0,1.0,4
0.5657630522088354,0.0,1.0,0.5657368199241405,0.0,1.0,4
0.6598895582329318,0.0,1.0,0.6598607236749683,0.0,1.0,4
0.7540160642570282,0.0,1.0,0.753982620562323,0.0,1.0,4
0.8521586345381527,0.0,1.0,0.8520279355395451,0.0,1.0,4
0.9500502008032129,0.0,1.0,0.9500732505167673,0.0,1.0,4
0.04417670682730923,0.0,1.0,0.04413494149992969,0.0,1.0,4
0.14231927710843373,0.0,1.0,0.14218025647715182,0.0,1.0,4
0.24021084337349402,0.0,1.0,0.2402255714543739,0.0,1.0,4
0.33835341365461846,0.0,1.0,0.338270886431596,0.0,1.0,4
0.43649598393574296,0.0,1.0,0.4363162014088181,0.0,1.0,4
0.5343875502008032,0.0,1.0,0.5343775712938248,0.0,1.0,4
0.6285140562248996,0.0,1.0,0.6285014750446527,0.0,1.0,4
0.722640562248996,0.0,1.0,0.7226233719320074,0.0,1.0,4
0.8207831325301205,0.0,1.0,0.8206686869092295,0.0,1.0,4
0.918925702811245,0.0,1.0,0.9187140018864516,0.0,1.0,4
0.012801204819277101,0.0,1.0,0.012777699733087067,0.0,1.0,4
0.1109437751004016,0.0,1.0,0.1108230147103092,0.0,1.0,4
0.2088353413654619,0.0,1.0,0.2088663228240582,0.0,1.0,4
0.3069779116465864,0.0,1.0,0.3069116378012803,0.0,1.0,4
0.4051204819277109,0.0,1.0,0.4049569527785024,0.0,1.0,4
0.5030120481927711,0.0,1.0,0.5030183226635091,0.0,1.0,4
0.5971385542168675,0.0,1.0,0.597142226414337,0.0,1.0,4
0.6912650602409639,0.0,1.0,0.6912661301651648,0.0,1.0,4
0.7853915662650603,0.0,1.0,0.7853880270525195,0.0,1.0,4
0.8835341365461848,0.0,1.0,0.8834333420297416,0.0,1.0,4
0.9816767068273093,0.0,1.0,0.9814786570069638,0.0,1.0,4
0.07555220883534136,0.0,1.0,0.07554034799012616,0.0,1.0,4
0.17369477911646586,0.0,1.0,0.1735856629673483,0.0,1.0,4
0.2715863453815261,0.0,1.0,0.27163097794457036,0.0,1.0,4
0.36972891566265065,0.0,1.0,0.3696762929217925,0.0,1.0,4
0.46787148594377514,0.0,1.0,0.46772160789901457,0.0,1.0,4
0.5657630522088354,0.0,1.0,0.5657829777840213,0.0,1.0,4
0.6598895582329318,0.0,1.0,0.6599068815348491,0.0,1.0,4
0.7540160642570282,0.0,1.0,0.7540287784222038,0.0,1.0,4
0.8521586345381527,0.0,1.0,0.852074093399426,0.0,1.0,4
0.9503012048192772,0.0,1.0,0.950119408376648,0.0,1.0,4
0.04417670682730923,0.0,1.0,0.04418109935981046,0.0,1.0,4
0.14231927710843373,0.0,1.0,0.1422264143370326,0.0,1.0,4
0.24046184738955823,0.0,1.0,0.24027172931425467,0.0,1.0,4
0.33835341365461846,0.0,1.0,0.3383170442914768,0.0,1.0,4
0.43649598393574296,0.0,1.0,0.4363623592686989,0.0,1.0,4
0.5343875502008032,0.0,1.0,0.5344237291537056,0.0,1.0,4
0.6285140562248996,0.0,1.0,0.6285476329045334,0.0,1.0,4
0.722640562248996,0.0,1.0,0.7226695297918881,0.0,1.0,4
0.8207831325301205,0.0,1.0,0.8207148447691103,0.0,1.0,4
0.918925702811245,0.0,1.0,0.9187601597463324,0.0,1.0,4
0.012801204819277101,0.0,1.0,0.012821850729494821,0.0,1.0,4
0.1109437751004016,0.0,1.0,0.1108671657067169,0.0,1.0,4
0.2090863453815261,0.0,1.0,0.20891248068393897,0.0,1.0,4
0.3069779116465864,0.0,1.0,0.3069577956611611,0.0,1.0,4
0.4051204819277109,0.0,1.0,0.40500311063838323,0.0,1.0,4
0.5032630522088354,0.0,1.0,0.5030644805233899,0.0,1.0,4
0.5973895582329317,0.0,1.0,0.5971883842742177,0.0,1.0,4
0.6915160642570282,0.0,1.0,0.6913102811615726,0.0,1.0,4
0.7856425702811245,0.0,1.0,0.7854341849124002,0.0,1.0,4
0.8835341365461848,0.0,1.0,0.8834794998896225,0.0,1.0,4
0.9816767068273093,0.0,1.0,0.9815248148668445,0.0,1.0,4
0.07555220883534136,0.0,1.0,0.07558650585000692,0.0,1.0,4
0.17369477911646586,0.0,1.0,0.17363182082722906,0.0,1.0,4
0.27183734939759036,0.0,1.0,0.2716771358044512,0.0,1.0,4
0.36972891566265065,0.0,1.0,0.36972245078167326,0.0,1.0,4
0.46787148594377514,0.0,1.0,0.46776776575889534,0.0,1.0,4
0.5660140562248996,0.0,1.0,0.565829135643902,0.0,1.0,4
0.660140562248996,0.0,1.0,0.6599510325312568,0.0,1.0,4
0.7542670682730923,0.0,1.0,0.7540749362820847,0.0,1.0,4
0.8521586345381527,0.0,1.0,0.8521202512593068,0.0,1.0,4
0.9503012048192772,0.0,1.0,0.9501655662365289,0.0,1.0,4
0.04417670682730923,0.0,1.0,0.04422725721969134,0.0,1.0,4
0.14231927710843373,0.0,1.0,0.14227257219691342,0.0,1.0,4
0.24046184738955823,0.0,1.0,0.2403178871741355,0.0,1.0,4
0.33835341365461846,0.0,1.0,0.33836320215135757,0.0,1.0,4
0.43649598393574296,0.0,1.0,0.43640851712857964,0.0,1.0,4
0.5346385542168675,0.0,1.0,0.5344698870135864,0.0,1.0,4
0.6287650602409639,0.0,1.0,0.6285937907644142,0.0,1.0,4
0.7228915662650602,0.0,1.0,0.722715687651769,0.0,1.0,4
0.8207831325301205,0.0,1.0,0.8207610026289911,0.0,1.0,4
0.918925702811245,0.0,1.0,0.9188063176062131,0.0,1.0,4
0.013052208835341361,0.0,1.0,0.012868008589375646,0.0,1.0,4
0.1109437751004016,0.0,1.0,0.11091332356659772,0.0,1.0,4
0.2090863453815261,0.0,1.0,0.2089586385438198,0.0,1.0,4
0.3069779116465864,0.0,1.0,0.30700395352104193,0.0,1.0,4
0.4051204819277109,0.0,1.0,0.405049268498264,0.0,1.0,4
0.5032630522088354,0.0,1.0,0.5031106383832707,0.0,1.0,4
0.5973895582329317,0.0,1.0,0.5972345421340985,0.0,1.0,4
0.6915160642570282,0.0,1.0,0.6913564390214533,0.0,1.0,4
0.7856425702811245,0.0,1.0,0.7854803427722812,0.0,1.0,4
0.8835341365461848,0.0,1.0,0.8835256577495032,0.0,1.0,4
0.9816767068273093,0.0,1.0,0.9815709727267253,0.0,1.0,4
0.07580321285140562,0.0,1.0,0.0756326637098878,0.0,1.0,4
0.17369477911646586,0.0,1.0,0.17367797868710988,0.0,1.0,4
0.27183734939759036,0.0,1.0,0.271723293664332,0.0,1.0,4
0.36972891566265065,0.0,1.0,0.36976860864155403,0.0,1.0,4
0.46787148594377514,0.0,1.0,0.46781392361877616,0.0,1.0,4
0.5660140562248996,0.0,1.0,0.5658752935037829,0.0,1.0,4
0.660140562248996,0.0,1.0,0.6599971903911377,0.0,1.0,4
0.7542670682730923,0.0,1.0,0.7541210941419654,0.0,1.0,4
0.8521586345381527,0.0,1.0,0.8521664091191876,0.0,1.0,4
0.9503012048192772,0.0,1.0,0.9502117240964096,0.0,1.0,4
0.04442771084337349,0.0,1.0,0.04427341507957211,0.0,1.0,4
0.14231927710843373,0.0,1.0,0.14231873005679418,0.0,1.0,4
0.24046184738955823,0.0,1.0,0.24036404503401626,0.0,1.0,4
0.3386044176706827,0.0,1.0,0.3384093600112384,0.0,1.0,4
0.43649598393574296,0.0,1.0,0.43645467498846047,0.0,1.0,4
0.5346385542168675,0.0,1.0,0.5345160448734672,0.0,1.0,4
0.6287650602409639,0.0,1.0,0.6286379417608219,0.0,1.0,4
0.7228915662650602,0.0,1.0,0.7227618455116498,0.0,1.0,4
0.8207831325301205,0.0,1.0,0.8208071604888718,0.0,1.0,4
0.918925702811245,0.0,1.0,0.9188524754660939,0.0,1.0,4
0.013052208835341361,0.0,1.0,0.012914166449256415,0.0,1.0,4
0.1109437751004016,0.0,1.0,0.11095948142647849,0.0,1.0,4
0.2090863453815261,0.0,1.0,0.20900479640370062,0.0,1.0,4
0.30722891566265065,0.0,1.0,0.3070501113809227,0.0,1.0,4
0.4051204819277109,0.0,1.0,0.4050954263581448,0.0,1.0,4
0.5032630522088354,0.0,1.0,0.5031567962431515,0.0,1.0,4
0.5973895582329317,0.0,1.0,0.5972786931305063,0.0,1.0,4
0.6915160642570282,0.0,1.0,0.6914025968813341,0.0,1.0,4
0.7856425702811245,0.0,1.0,0.7855265006321619,0.0,1.0,4
0.883785140562249,0.0,1.0,0.883571815609384,0.0,1.0,4
0.9816767068273093,0.0,1.0,0.9816171305866062,0.0,1.0,4
0.07580321285140562,0.0,1.0,0.07567882156976857,0.0,1.0,4
0.17369477911646586,0.0,1.0,0.17372413654699065,0.0,1.0,4
0.27183734939759036,0.0,1.0,0.2717694515242127,0.0,1.0,4
0.3699799196787149,0.0,1.0,0.36981476650143486,0.0,1.0,4
0.46787148594377514,0.0,1.0,0.46786008147865693,0.0,1.0,4
0.5660140562248996,0.0,1.0,0.5659194445001906,0.0,1.0,4
0.660140562248996,0.0,1.0,0.6600433482510184,0.0,1.0,4
0.7542670682730923,0.0,1.0,0.7541672520018463,0.0,1.0,4
0.8524096385542168,0.0,1.0,0.8522125669790683,0.0,1.0,4
0.9503012048192772,0.0,1.0,0.9502578819562904,0.0,1.0,4
0.04442771084337349,0.0,1.0,0.04431957293945288,0.0,1.0,4
0.14231927710843373,0.0,1.0,0.14236488791667495,0.0,1.0,4
0.24046184738955823,0.0,1.0,0.24041020289389708,0.0,1.0,4
0.3386044176706827,0.0,1.0,0.33845551787111916,0.0,1.0,4
0.43649598393574296,0.0,1.0,0.4365008328483413,0.0,1.0,4
0.5346385542168675,0.0,1.0,0.534562202733348,0.0,1.0,4
0.6287650602409639,0.0,1.0,0.6286840996207027,0.0,1.0,4
0.7228915662650602,0.0,1.0,0.7228080033715306,0.0,1.0,4
0.8210341365461847,0.0,1.0,0.8208533183487526,0.0,1.0,4
0.918925702811245,0.0,1.0,0.9188986333259748,0.0,1.0,4
0.013052208835341361,0.0,1.0,0.012960324309137183,0.0,1.0,4
0.11119477911646586,0.0,1.0,0.11100563928635926,0.0,1.0,4
0.2090863453815261,0.0,1.0,0.2090509542635814,0.0,1.0,4
0.30722891566265065,0.0,1.0,0.30709626924080347,0.0,1.0,4
0.4051204819277109,0.0,1.0,0.4051415842180256,0.0,1.0,4
0.5032630522088354,0.0,1.0,0.5032029541030323,0.0,1.0,4
0.5973895582329317,0.0,1.0,0.597324850990387,0.0,1.0,4
0.6915160642570282,0.0,1.0,0.6914487547412149,0.0,1.0,4
0.7856425702811245,0.0,1.0,0.7855726584920427,0.0,1.0,4
0.883785140562249,0.0,1.0,0.8836179734692649,0.0,1.0,4
0.9816767068273093,0.0,1.0,0.9816632884464869,0.0,1.0,4
0.07580321285140562,0.0,1.0,0.07572497942964934,0.0,1.0,4
0.17394578313253012,0.0,1.0,0.17377029440687142,0.0,1.0,4
0.27183734939759036,0.0,1.0,0.27181560938409355,0.0,1.0,4
0.3699799196787149,0.0,1.0,0.3698609243613157,0.0,1.0,4
0.46787148594377514,0.0,1.0,0.46790623933853775,0.0,1.0,4
0.5660140562248996,0.0,1.0,0.5659656023600714,0.0,1.0,4
0.660140562248996,0.0,1.0,0.6600895061108992,0.0,1.0,4
0.7542670682730923,0.0,1.0,0.754213409861727,0.0,1.0,4
0.8524096385542168,0.0,1.0,0.852258724838949,0.0,1.0,4
0.9503012048192772,0.0,1.0,0.9503040398161712,0.0,1.0,4
0.04442771084337349,0.0,1.0,0.04436573079933365,0.0,1.0,4
0.142570281124498,0.0,1.0,0.14241104577655572,0.0,1.0,4
0.24046184738955823,0.0,1.0,0.24045636075377785,0.0,1.0,4
0.3386044176706827,0.0,1.0,0.338501675731,0.0,1.0,4
0.4367469879518072,0.0,1.0,0.43654699070822206,0.0,1.0,4
0.5346385542168675,0.0,1.0,0.5346063537297557,0.0,1.0,4
0.6287650602409639,0.0,1.0,0.6287302574805835,0.0,1.0,4
0.7228915662650602,0.0,1.0,0.7228541612314113,0.0,1.0,4
0.8210341365461847,0.0,1.0,0.8208994762086335,0.0,1.0,4
0.918925702811245,0.0,1.0,0.9189447911858556,0.0,1.0,4
0.013052208835341361,0.0,1.0,0.013006482169018008,0.0,1.0,4
0.11119477911646586,0.0,1.0,0.11105179714624014,0.0,1.0,4
0.2090863453815261,0.0,1.0,0.20909711212346221,0.0,1.0,4
0.30722891566265065,0.0,1.0,0.3071424271006843,0.0,1.0,4
0.40537148594377514,0.0,1.0,0.40518774207790637,0.0,1.0,4
0.5032630522088354,0.0,1.0,0.50324710509944,0.0,1.0,4
0.5973895582329317,0.0,1.0,0.5973710088502678,0.0,1.0,4
0.6915160642570282,0.0,1.0,0.6914949126010956,0.0,1.0,4
0.7856425702811245,0.0,1.0,0.7856188163519235,0.0,1.0,4
0.883785140562249,0.0,1.0,0.8836641313291456,0.0,1.0,4
0.9816767068273093,0.0,1.0,0.9817094463063677,0.0,1.0,4
0.07580321285140562,0.0,1.0,0.07577113728953017,0.0,1.0,4
0.17394578313253012,0.0,1.0,0.17381645226675224,0.0,1.0,4
0.27183734939759036,0.0,1.0,0.2718617672439743,0.0,1.0,4
0.3699799196787149,0.0,1.0,0.3699070822211964,0.0,1.0,4
0.4681224899598394,0.0,1.0,0.4679523971984185,0.0,1.0,4
0.5660140562248996,0.0,1.0,0.5660117602199521,0.0,1.0,4
0.660140562248996,0.0,1.0,0.66013566397078,0.0,1.0,4
0.7542670682730923,0.0,1.0,0.7542595677216078,0.0,1.0,4
0.8524096385542168,0.0,1.0,0.85230488269883,0.0,1.0,4
0.9505522088353414,0.0,1.0,0.950350197676052,0.0,1.0,4
0.04442771084337349,0.0,1.0,0.04441188865921447,0.0,1.0,4
0.142570281124498,0.0,1.0,0.14245720363643655,0.0,1.0,4
0.24046184738955823,0.0,1.0,0.24050251861365868,0.0,1.0,4
0.3386044176706827,0.0,1.0,0.3385478335908807,0.0,1.0,4
0.4367469879518072,0.0,1.0,0.43659314856810283,0.0,1.0,4
0.5346385542168675,0.0,1.0,0.5346525115896364,0.0,1.0,4
0.6287650602409639,0.0,1.0,0.6287764153404644,0.0,1.0,4
0.7228915662650602,0.0,1.0,0.7229003190912922,0.0,1.0,4
0.8210341365461847,0.0,1.0,0.8209456340685142,0.0,1.0,4
0.9191767068273093,0.0,1.0,0.9189909490457364,0.0,1.0,4
0.013052208835341361,0.0,1.0,0.013052640028898777,0.0,1.0,4
0.11119477911646586,0.0,1.0,0.11109795500612091,0.0,1.0,4
0.2090863453815261,0.0,1.0,0.20914326998334298,0.0,1.0,4
0.30722891566265065,0.0,1.0,0.3071885849605651,0.0,1.0,4
0.40537148594377514,0.0,1.0,0.4052338999377872,0.0,1.0,4
0.5032630522088354,0.0,1.0,0.5032932629593209,0.0,1.0,4
0.5973895582329317,0.0,1.0,0.5974171667101487,0.0,1.0,4
0.6915160642570282,0.0,1.0,0.6915410704609765,0.0,1.0,4
0.7856425702811245,0.0,1.0,0.7856649742118043,0.0,1.0,4
0.883785140562249,0.0,1.0,0.8837102891890264,0.0,1.0,4
0.9819277108433735,0.0,1.0,0.9817556041662485,0.0,1.0,4
0.07580321285140562,0.0,1.0,0.07581729514941093,0.0,1.0,4
0.17394578313253012,0.0,1.0,0.173862610126633,0.0,1.0,4
0.2720883534136546,0.0,1.0,0.27190792510385514,0.0,1.0,4
0.3699799196787149,0.0,1.0,0.3699532400810772,0.0,1.0,4
0.4681224899598394,0.0,1.0,0.4679985550582993,0.0,1.0,4
0.5660140562248996,0.0,1.0,0.566057918079833,0.0,1.0,4
0.660140562248996,0.0,1.0,0.6601818218306608,0.0,1.0,4
0.7542670682730923,0.0,1.0,0.7543057255814887,0.0,1.0,4
0.8524096385542168,0.0,1.0,0.8523510405587107,0.0,1.0,4
0.9505522088353414,0.0,1.0,0.9503963555359328,0.0,1.0,4
0.04442771084337349,0.0,1.0,0.04445804651909524,0.0,1.0,4
0.142570281124498,0.0,1.0,0.14250336149631737,0.0,1.0,4
0.24071285140562254,0.0,1.0,0.24054867647353945,0.0,1.0,4
0.3386044176706827,0.0,1.0,0.3385939914507615,0.0,1.0,4
0.4367469879518072,0.0,1.0,0.43663930642798365,0.0,1.0,4
0.5348895582329317,0.0,1.0,0.5346986694495173,0.0,1.0,4
0.6290160642570282,0.0,1.0,0.6288225732003451,0.0,1.0,4
0.7231425702811245,0.0,1.0,0.7229464769511729,0.0,1.0,4
0.8210341365461847,0.0,1.0,0.8209917919283951,0.0,1.0,4
0.9191767068273093,0.0,1.0,0.9190371069056171,0.0,1.0,4
0.013052208835341361,0.0,1.0,0.013098797888779545,0.0,1.0,4
0.11119477911646586,0.0,1.0,0.11114411286600168,0.0,1.0,4
0.2093373493975904,0.0,1.0,0.20918942784322375,0.0,1.0,4
0.30722891566265065,0.0,1.0,0.3072347428204458,0.0,1.0,4
0.40537148594377514,0.0,1.0,0.40528005779766796,0.0,1.0,4
0.5035140562248996,0.0,1.0,0.5033394208192016,0.0,1.0,4
0.597640562248996,0.0,1.0,0.5974633245700294,0.0,1.0,4
0.6917670682730924,0.0,1.0,0.6915872283208573,0.0,1.0,4
0.7858935742971889,0.0,1.0,0.7857111320716851,0.0,1.0,4
0.883785140562249,0.0,1.0,0.8837564470489072,0.0,1.0,4
0.9819277108433735,0.0,1.0,0.9818017620261292,0.0,1.0,4
0.07580321285140562,0.0,1.0,0.0758634530092917,0.0,1.0,4
0.17394578313253012,0.0,1.0,0.17390876798651383,0.0,1.0,4
0.2720883534136546,0.0,1.0,0.2719540829637359,0.0,1.0,4
0.3699799196787149,0.0,1.0,0.36999939794095804,0.0,1.0,4
0.4681224899598394,0.0,1.0,0.4680447129181801,0.0,1.0,4
0.5662650602409639,0.0,1.0,0.5661040759397138,0.0,1.0,4
0.6603915662650602,0.0,1.0,0.6602279796905416,0.0,1.0,4
0.7545180722891567,0.0,1.0,0.7543518834413694,0.0,1.0,4
0.8524096385542168,0.0,1.0,0.8523971984185914,0.0,1.0,4
0.9505522088353414,0.0,1.0,0.9504425133958136,0.0,1.0,4
0.04467871485943775,0.0,1.0,0.04450420437897601,0.0,1.0,4
0.142570281124498,0.0,1.0,0.14254951935619814,0.0,1.0,4
0.24071285140562254,0.0,1.0,0.24059483433342022,0.0,1.0,4
0.3386044176706827,0.0,1.0,0.33864014931064235,0.0,1.0,4
0.4367469879518072,0.0,1.0,0.4366854642878644,0.0,1.0,4
0.5348895582329317,0.0,1.0,0.5347448273093981,0.0,1.0,4
0.6290160642570282,0.0,1.0,0.6288687310602259,0.0,1.0,4
0.7231425702811245,0.0,1.0,0.7229926348110538,0.0,1.0,4
0.8210341365461847,0.0,1.0,0.8210379497882758,0.0,1.0,4
0.9191767068273093,0.0,1.0,0.9190832647654978,0.0,1.0,4
0.013303212851405621,0.0,1.0,0.01314495574866037,0.0,1.0,4
0.11119477911646586,0.0,1.0,0.11119027072588245,0.0,1.0,4
0.2093373493975904,0.0,1.0,0.20923558570310452,0.0,1.0,4
0.30722891566265065,0.0,1.0,0.30728090068032665,0.0,1.0,4
0.40537148594377514,0.0,1.0,0.4053262156575488,0.0,1.0,4
0.5035140562248996,0.0,1.0,0.5033855786790824,0.0,1.0,4
0.597640562248996,0.0,1.0,0.5975094824299102,0.0,1.0,4
0.6917670682730924,0.0,1.0,0.691633386180738,0.0,1.0,4
0.7858935742971889,0.0,1.0,0.7857552830680927,0.0,1.0,4
0.883785140562249,0.0,1.0,0.883800598045315,0.0,1.0,4
0.9819277108433735,0.0,1.0,0.981845913022537,0.0,1.0,4
0.07605421686746988,0.0,1.0,0.07590961086917247,0.0,1.0,4
0.17394578313253012,0.0,1.0,0.1739549258463946,0.0,1.0,4
0.2720883534136546,0.0,1.0,0.27199823396014366,0.0,1.0,4
0.37023092369477917,0.0,1.0,0.3700435489373657,0.0,1.0,4
0.4681224899598394,0.0,1.0,0.4680888639145878,0.0,1.0,4
0.5662650602409639,0.0,1.0,0.5661502337995945,0.0,1.0,4
0.6603915662650602,0.0,1.0,0.6602741375504224,0.0,1.0,4
0.7545180722891567,0.0,1.0,0.7543980413012502,0.0,1.0,4
0.8524096385542168,0.0,1.0,0.8524413494149992,0.0,1.0,4
0.9505522088353414,0.0,1.0,0.9504866643922213,0.0,1.0,4
0.04467871485943775,0.0,1.0,0.04455036223885689,0.0,1.0,4
0.142570281124498,0.0,1.0,0.14259567721607896,0.0,1.0,4
0.24071285140562254,0.0,1.0,0.24064099219330104,0.0,1.0,4
0.338855421686747,0.0,1.0,0.3386843003070501,0.0,1.0,4
0.4367469879518072,0.0,1.0,0.4367296152842721,0.0,1.0,4
0.5348895582329317,0.0,1.0,0.5347909851692789,0.0,1.0,4
0.6290160642570282,0.0,1.0,0.6289148889201067,0.0,1.0,4
0.7231425702811245,0.0,1.0,0.7230387926709345,0.0,1.0,4
0.821285140562249,0.0,1.0,0.8210841076481566,0.0,1.0,4
0.9191767068273093,0.0,1.0,0.9191274157619056,0.0,1.0,4
0.013303212851405621,0.0,1.0,0.013191113608541194,0.0,1.0,4
0.11119477911646586,0.0,1.0,0.11123642858576327,0.0,1.0,4
0.2093373493975904,0.0,1.0,0.20928174356298535,0.0,1.0,4
0.3074799196787149,0.0,1.0,0.3073270585402075,0.0,1.0,4
0.40537148594377514,0.0,1.0,0.4053703666539565,0.0,1.0,4
0.5035140562248996,0.0,1.0,0.5034317365389632,0.0,1.0,4
0.597640562248996,0.0,1.0,0.597555640289791,0.0,1.0,4
0.6917670682730924,0.0,1.0,0.6916795440406188,0.0,1.0,4
0.7858935742971889,0.0,1.0,0.7858014409279735,0.0,1.0,4
0.8840361445783134,0.0,1.0,0.8838467559051957,0.0,1.0,4
0.9819277108433735,0.0,1.0,0.9818920708824177,0.0,1.0,4
0.07605421686746988,0.0,1.0,0.07595376186558023,0.0,1.0,4
0.17394578313253012,0.0,1.0,0.1739990768428023,0.0,1.0,4
0.2720883534136546,0.0,1.0,0.27204439182002443,0.0,1.0,4
0.37023092369477917,0.0,1.0,0.3700897067972465,0.0,1.0,4
0.4681224899598394,0.0,1.0,0.46813502177446864,0.0,1.0,4
0.5662650602409639,0.0,1.0,0.5661963916594753,0.0,1.0,4
0.6603915662650602,0.0,1.0,0.6603202954103031,0.0,1.0,4
0.7545180722891567,0.0,1.0,0.7544421922976579,0.0,1.0,4
0.8526606425702812,0.0,1.0,0.8524875072748801,0.0,1.0,4
0.9505522088353414,0.0,1.0,0.9505328222521021,0.0,1.0,4
0.04467871485943775,0.0,1.0,0.04459652009873766,0.0,1.0,4
0.14282128514056225,0.0,1.0,0.14263982821248666,0.0,1.0,4
0.24071285140562254,0.0,1.0,0.2406851431897088,0.0,1.0,4
0.338855421686747,0.0,1.0,0.3387304581669308,0.0,1.0,4
0.4367469879518072,0.0,1.0,0.43677577314415295,0.0,1.0,4
0.5348895582329317,0.0,1.0,0.5348371430291596,0.0,1.0,4
0.6290160642570282,0.0,1.0,0.6289610467799875,0.0,1.0,4
0.7231425702811245,0.0,1.0,0.7230829436673423,0.0,1.0,4
0.821285140562249,0.0,1.0,0.8211282586445643,0.0,1.0,4
0.9191767068273093,0.0,1.0,0.9191735736217864,0.0,1.0,4
0.013303212851405621,0.0,1.0,0.013237271468421963,0.0,1.0,4
0.11144578313253012,0.0,1.0,0.11128258644564404,0.0,1.0,4
0.2093373493975904,0.0,1.0,0.2093258945593931,0.0,1.0,4
0.3074799196787149,0.0,1.0,0.3073712095366151,0.0,1.0,4
0.40537148594377514,0.0,1.0,0.40541652451383725,0.0,1.0,4
0.5035140562248996,0.0,1.0,0.5034778943988439,0.0,1.0,4
0.597640562248996,0.0,1.0,0.5976017981496718,0.0,1.0,4
0.6917670682730924,0.0,1.0,0.6917257019004996,0.0,1.0,4
0.7858935742971889,0.0,1.0,0.7858475987878544,0.0,1.0,4
0.8840361445783134,0.0,1.0,0.8838929137650765,0.0,1.0,4
0.9819277108433735,0.0,1.0,0.9819382287422986,0.0,1.0,4
0.07605421686746988,0.0,1.0,0.07599991972546105,0.0,1.0,4
0.17419678714859438,0.0,1.0,0.17404523470268313,0.0,1.0,4
0.2720883534136546,0.0,1.0,0.2720905496799052,0.0,1.0,4
0.37023092369477917,0.0,1.0,0.37013586465712733,0.0,1.0,4
0.46837349397590367,0.0,1.0,0.4681811796343494,0.0,1.0,4
0.5662650602409639,0.0,1.0,0.5662425495193562,0.0,1.0,4
0.6603915662650602,0.0,1.0,0.660366453270184,0.0,1.0,4
0.7545180722891567,0.0,1.0,0.7544883501575387,0.0,1.0,4
0.8526606425702812,0.0,1.0,0.8525336651347608,0.0,1.0,4
0.9505522088353414,0.0,1.0,0.9505789801119828,0.0,1.0,4
0.04467871485943775,0.0,1.0,0.04464067109514536,0.0,1.0,4
0.14282128514056225,0.0,1.0,0.14268598607236743,0.0,1.0,4
0.24071285140562254,0.0,1.0,0.24073130104958956,0.0,1.0,4
0.338855421686747,0.0,1.0,0.33877661602681164,0.0,1.0,4
0.4369979919678715,0.0,1.0,0.43682193100403377,0.0,1.0,4
0.5348895582329317,0.0,1.0,0.5348833008890405,0.0,1.0,4
0.6290160642570282,0.0,1.0,0.6290072046398683,0.0,1.0,4
0.7231425702811245,0.0,1.0,0.723129101527223,0.0,1.0,4
0.821285140562249,0.0,1.0,0.8211744165044451,0.0,1.0,4
0.9194277108433735,0.0,1.0,0.9192197314816672,0.0,1.0,4
0.013303212851405621,0.0,1.0,0.013281422464829662,0.0,1.0,4
0.11144578313253012,0.0,1.0,0.11132673744205179,0.0,1.0,4
0.2093373493975904,0.0,1.0,0.20937205241927387,0.0,1.0,4
0.3074799196787149,0.0,1.0,0.30741736739649594,0.0,1.0,4
0.4056224899598394,0.0,1.0,0.4054626823737181,0.0,1.0,4
0.5035140562248996,0.0,1.0,0.5035240522587248,0.0,1.0,4
0.597640562248996,0.0,1.0,0.5976479560095526,0.0,1.0,4
0.6917670682730924,0.0,1.0,0.6917698528969074,0.0,1.0,4
0.7858935742971889,0.0,1.0,0.7858937566477352,0.0,1.0,4
0.8840361445783134,0.0,1.0,0.8839390716249573,0.0,1.0,4
0.9821787148594379,0.0,1.0,0.9819843866021793,0.0,1.0,4
0.07605421686746988,0.0,1.0,0.07604607758534182,0.0,1.0,4
0.17419678714859438,0.0,1.0,0.1740913925625639,0.0,1.0,4
0.2720883534136546,0.0,1.0,0.272136707539786,0.0,1.0,4
0.37023092369477917,0.0,1.0,0.3701820225170081,0.0,1.0,4
0.46837349397590367,0.0,1.0,0.4682273374942302,0.0,1.0,4
0.5662650602409639,0.0,1.0,0.5662887073792369,0.0,1.0,4
0.6603915662650602,0.0,1.0,0.6604106042665916,0.0,1.0,4
0.7545180722891567,0.0,1.0,0.7545345080174195,0.0,1.0,4
0.8526606425702812,0.0,1.0,0.8525798229946415,0.0,1.0,4
0.9508032128514057,0.0,1.0,0.9506251379718638,0.0,1.0,4
0.04467871485943775,0.0,1.0,0.044686828955026126,0.0,1.0,4
0.14282128514056225,0.0,1.0,0.1427321439322482,0.0,1.0,4
0.24096385542168675,0.0,1.0,0.24077745890947033,0.0,1.0,4
0.338855421686747,0.0,1.0,0.3388227738866924,0.0,1.0,4
0.4369979919678715,0.0,1.0,0.43686808886391454,0.0,1.0,4
0.5348895582329317,0.0,1.0,0.5349294587489213,0.0,1.0,4
0.6290160642570282,0.0,1.0,0.6290533624997491,0.0,1.0,4
0.7231425702811245,0.0,1.0,0.7231752593871038,0.0,1.0,4
0.821285140562249,0.0,1.0,0.8212205743643259,0.0,1.0,4
0.9194277108433735,0.0,1.0,0.919265889341548,0.0,1.0,4
0.013303212851405621,0.0,1.0,0.01332758032471043,0.0,1.0,4
0.11144578313253012,0.0,1.0,0.11137289530193256,0.0,1.0,4
0.20958835341365462,0.0,1.0,0.20941821027915464,0.0,1.0,4
0.3074799196787149,0.0,1.0,0.30746352525637677,0.0,1.0,4
0.4056224899598394,0.0,1.0,0.40550884023359884,0.0,1.0,4
0.5037650602409639,0.0,1.0,0.5035702101186056,0.0,1.0,4
0.5978915662650602,0.0,1.0,0.5976941138694334,0.0,1.0,4
0.6920180722891567,0.0,1.0,0.6918160107567881,0.0,1.0,4
0.786144578313253,0.0,1.0,0.785939914507616,0.0,1.0,4
0.8840361445783134,0.0,1.0,0.883985229484838,0.0,1.0,4
0.9821787148594379,0.0,1.0,0.9820305444620602,0.0,1.0,4
0.07605421686746988,0.0,1.0,0.07609223544522259,0.0,1.0,4
0.17419678714859438,0.0,1.0,0.17413755042244466,0.0,1.0,4
0.2723393574297189,0.0,1.0,0.27218286539966685,0.0,1.0,4
0.37023092369477917,0.0,1.0,0.37022818037688887,0.0,1.0,4
0.46837349397590367,0.0,1.0,0.468273495354111,0.0,1.0,4
0.5665160642570282,0.0,1.0,0.5663348652391177,0.0,1.0,4
0.6606425702811245,0.0,1.0,0.6604567621264725,0.0,1.0,4
0.7547690763052208,0.0,1.0,0.7545806658773002,0.0,1.0,4
0.8526606425702812,0.0,1.0,0.8526259808545223,0.0,1.0,4
0.9508032128514057,0.0,1.0,0.9506712958317445,0.0,1.0,4
0.04467871485943775,0.0,1.0,0.044732986814906894,0.0,1.0,4
0.14282128514056225,0.0,1.0,0.14277830179212903,0.0,1.0,4
0.24096385542168675,0.0,1.0,0.2408236167693511,0.0,1.0,4
0.338855421686747,0.0,1.0,0.33886893174657323,0.0,1.0,4
0.4369979919678715,0.0,1.0,0.4369142467237953,0.0,1.0,4
0.535140562248996,0.0,1.0,0.534975616608802,0.0,1.0,4
0.6292670682730924,0.0,1.0,0.6290975134961567,0.0,1.0,4
0.7233935742971888,0.0,1.0,0.7232214172469846,0.0,1.0,4
0.821285140562249,0.0,1.0,0.8212667322242068,0.0,1.0,4
0.9194277108433735,0.0,1.0,0.9193120472014289,0.0,1.0,4
0.013554216867469882,0.0,1.0,0.0133737381845912,0.0,1.0,4
0.11144578313253012,0.0,1.0,0.11141905316181339,0.0,1.0,4
0.20958835341365462,0.0,1.0,0.20946436813903546,0.0,1.0,4
0.3074799196787149,0.0,1.0,0.30750968311625754,0.0,1.0,4
0.4056224899598394,0.0,1.0,0.4055549980934796,0.0,1.0,4
0.5037650602409639,0.0,1.0,0.5036163679784864,0.0,1.0,4
0.5978915662650602,0.0,1.0,0.5977382648658411,0.0,1.0,4
0.6920180722891567,0.0,1.0,0.6918621686166689,0.0,1.0,4
0.786144578313253,0.0,1.0,0.7859860723674967,0.0,1.0,4
0.8840361445783134,0.0,1.0,0.8840313873447189,0.0,1.0,4
0.9821787148594379,0.0,1.0,0.982076702321941,0.0,1.0,4
0.07630522088353414,0.0,1.0,0.07613839330510341,0.0,1.0,4
0.17419678714859438,0.0,1.0,0.17418370828232554,0.0,1.0,4
0.2723393574297189,0.0,1.0,0.27222902325954756,0.0,1.0,4
0.37023092369477917,0.0,1.0,0.3702743382367697,0.0,1.0,4
0.46837349397590367,0.0,1.0,0.46831965321399177,0.0,1.0,4
0.5665160642570282,0.0,1.0,0.5663810230989985,0.0,1.0,4
0.6606425702811245,0.0,1.0,0.6605029199863532,0.0,1.0,4
0.7547690763052208,0.0,1.0,0.7546268237371812,0.0,1.0,4
0.8526606425702812,0.0,1.0,0.8526721387144032,0.0,1.0,4
0.9508032128514057,0.0,1.0,0.9507174536916253,0.0,1.0,4
0.04492971887550201,0.0,1.0,0.04477914467478772,0.0,1.0,4
0.14282128514056225,0.0,1.0,0.14282445965200985,0.0,1.0,4
0.24096385542168675,0.0,1.0,0.24086977462923193,0.0,1.0,4
0.33910642570281124,0.0,1.0,0.338915089606454,0.0,1.0,4
0.4369979919678715,0.0,1.0,0.43696040458367613,0.0,1.0,4
0.535140562248996,0.0,1.0,0.5350217744686828,0.0,1.0,4
0.6292670682730924,0.0,1.0,0.6291436713560375,0.0,1.0,4
0.7233935742971888,0.0,1.0,0.7232675751068655,0.0,1.0,4
0.821285140562249,0.0,1.0,0.8213128900840876,0.0,1.0,4
0.9194277108433735,0.0,1.0,0.9193582050613096,0.0,1.0,4
0.013554216867469882,0.0,1.0,0.01341989604447208,0.0,1.0,4
0.11144578313253012,0.0,1.0,0.11146521102169415,0.0,1.0,4
0.20958835341365462,0.0,1.0,0.20951052599891623,0.0,1.0,4
0.3077309236947791,0.0,1.0,0.3075558409761383,0.0,1.0,4
0.4056224899598394,0.0,1.0,0.40560115595336044,0.0,1.0,4
0.5037650602409639,0.0,1.0,0.5036625258383671,0.0,1.0,4
0.5978915662650602,0.0,1.0,0.5977844227257219,0.0,1.0,4
0.6920180722891567,0.0,1.0,0.6919083264765498,0.0,1.0,4
0.786144578313253,0.0,1.0,0.7860322302273776,0.0,1.0,4
0.8842871485943775,0.0,1.0,0.8840775452045997,0.0,1.0,4
0.9821787148594379,0.0,1.0,0.9821228601818217,0.0,1.0,4
0.07630522088353414,0.0,1.0,0.07618455116498418,0.0,1.0,4
0.17419678714859438,0.0,1.0,0.1742298661422063,0.0,1.0,4
0.2723393574297189,0.0,1.0,0.2722751811194284,0.0,1.0,4
0.3704819277108434,0.0,1.0,0.3703204960966505,0.0,1.0,4
0.46837349397590367,0.0,1.0,0.4683658110738726,0.0,1.0,4
0.5665160642570282,0.0,1.0,0.5664251740954063,0.0,1.0,4
0.6606425702811245,0.0,1.0,0.6605490778462341,0.0,1.0,4
0.7547690763052208,0.0,1.0,0.7546729815970619,0.0,1.0,4
0.8529116465863453,0.0,1.0,0.852718296574284,0.0,1.0,4
0.9508032128514057,0.0,1.0,0.9507636115515061,0.0,1.0,4
0.04492971887550201,0.0,1.0,0.04482530253466854,0.0,1.0,4
0.14282128514056225,0.0,1.0,0.14287061751189062,0.0,1.0,4
0.24096385542168675,0.0,1.0,0.2409159324891127,0.0,1.0,4
0.33910642570281124,0.0,1.0,0.3389612474663348,0.0,1.0,4
0.4369979919678715,0.0,1.0,0.4370065624435569,0.0,1.0,4
0.535140562248996,0.0,1.0,0.5350659254650906,0.0,1.0,4
0.6292670682730924,0.0,1.0,0.6291898292159184,0.0,1.0,4
0.7233935742971888,0.0,1.0,0.7233137329667462,0.0,1.0,4
0.8215361445783133,0.0,1.0,0.8213590479439683,0.0,1.0,4
0.9194277108433735,0.0,1.0,0.9194043629211903,0.0,1.0,4
0.013554216867469882,0.0,1.0,0.013466053904352848,0.0,1.0,4
0.11169678714859438,0.0,1.0,0.11151136888157492,0.0,1.0,4
0.20958835341365462,0.0,1.0,0.209556683858797,0.0,1.0,4
0.3077309236947791,0.0,1.0,0.30760199883601913,0.0,1.0,4
0.4056224899598394,0.0,1.0,0.40564731381324126,0.0,1.0,4
0.5037650602409639,0.0,1.0,0.5037066768347749,0.0,1.0,4
0.17570281124497994,0.0,1.0,0.17560858134821083,0.0,1.0,3
0.27384538152610444,0.0,1.0,0.2736538963254329,0.0,1.0,3
0.3717369477911647,0.0,1.0,0.37169921130265504,0.0,1.0,3
0.46987951807228917,0.0,1.0,0.4697445262798771,0.0,1.0,3
0.5677710843373495,0.0,1.0,0.5678038893014108,0.0,1.0,3
0.6618975903614458,0.0,1.0,0.6619277930522386,0.0,1.0,3
0.7560240963855422,0.0,1.0,0.7560516968030664,0.0,1.0,3
0.8541666666666667,0.0,1.0,0.8540970117802885,0.0,1.0,3
0.9523092369477912,0.0,1.0,0.9521423267575106,0.0,1.0,3
0.04618473895582326,0.0,1.0,0.046204017740673065,0.0,1.0,3
0.1443273092369478,0.0,1.0,0.14424933271789514,0.0,1.0,3
0.2424698795180723,0.0,1.0,0.24229464769511727,0.0,1.0,3
0.34036144578313254,0.0,1.0,0.34033996267233935,0.0,1.0,3
0.43850401606425704,0.0,1.0,0.4383852776495614,0.0,1.0,3
0.5366465863453815,0.0,1.0,0.5364446406710951,0.0,1.0,3
0.630773092369478,0.0,1.0,0.6305685444219229,0.0,1.0,3
0.7248995983935743,0.0,1.0,0.7246924481727508,0.0,1.0,3
0.8227911646586346,0.0,1.0,0.8227377631499728,0.0,1.0,3
0.920933734939759,0.0,1.0,0.920783078127195,0.0,1.0,3
0.014809236947791127,0.0,1.0,0.01484476911035737,0.0,1.0,3
0.11295180722891568,0.0,1.0,0.1128900840875795,0.0,1.0,3
0.21109437751004018,0.0,1.0,0.21093539906480158,0.0,1.0,3
0.3089859437751004,0.0,1.0,0.30898071404202365,0.0,1.0,3
0.4071285140562249,0.0,1.0,0.4070260290192458,0.0,1.0,3
0.5052710843373495,0.0,1.0,0.5050873989042525,0.0,1.0,3
0.5993975903614458,0.0,1.0,0.5992092957916072,0.0,1.0,3
0.6935240963855422,0.0,1.0,0.693333199542435,0.0,1.0,3
0.7876506024096386,0.0,1.0,0.7874571032932629,0.0,1.0,3
0.8855421686746989,0.0,1.0,0.8855024182704849,0.0,1.0,3
0.9836847389558234,0.0,1.0,0.9835477332477072,0.0,1.0,3
0.07756024096385539,0.0,1.0,0.07760942423086953,0.0,1.0,3
0.17570281124497994,0.0,1.0,0.1756547392080916,0.0,1.0,3
0.27384538152610444,0.0,1.0,0.27370005418531373,0.0,1.0,3
0.3717369477911647,0.0,1.0,0.3717453691625358,0.0,1.0,3
0.46987951807228917,0.0,1.0,0.4697906841397579,0.0,1.0,3
0.5680220883534137,0.0,1.0,0.5678500471612915,0.0,1.0,3
0.6621485943775101,0.0,1.0,0.6619739509121194,0.0,1.0,3
0.7562751004016064,0.0,1.0,0.7560978546629472,0.0,1.0,3
0.8541666666666667,0.0,1.0,0.8541431696401693,0.0,1.0,3
0.9523092369477912,0.0,1.0,0.9521884846173914,0.0,1.0,3
0.04643574297188757,0.0,1.0,0.04625017560055383,0.0,1.0,3
0.1443273092369478,0.0,1.0,0.14429549057777596,0.0,1.0,3
0.2424698795180723,0.0,1.0,0.24234080555499804,0.0,1.0,3
0.34036144578313254,0.0,1.0,0.34038612053222017,0.0,1.0,3
0.43850401606425704,0.0,1.0,0.43843143550944225,0.0,1.0,3
0.5366465863453815,0.0,1.0,0.5364907985309759,0.0,1.0,3
0.630773092369478,0.0,1.0,0.6306147022818037,0.0,1.0,3
0.7248995983935743,0.0,1.0,0.7247386060326315,0.0,1.0,3
0.8227911646586346,0.0,1.0,0.8227839210098535,0.0,1.0,3
0.920933734939759,0.0,1.0,0.9208292359870758,0.0,1.0,3
0.015060240963855442,0.0,1.0,0.014890926970238139,0.0,1.0,3
0.11295180722891568,0.0,1.0,0.11293624194746027,0.0,1.0,3
0.21109437751004018,0.0,1.0,0.21098155692468235,0.0,1.0,3
0.3089859437751004,0.0,1.0,0.3090268719019045,0.0,1.0,3
0.4071285140562249,0.0,1.0,0.40707218687912655,0.0,1.0,3
0.5052710843373495,0.0,1.0,0.5051315499006602,0.0,1.0,3
0.5993975903614458,0.0,1.0,0.599255453651488,0.0,1.0,3
0.6935240963855422,0.0,1.0,0.6933793574023158,0.0,1.0,3
0.7876506024096386,0.0,1.0,0.7875032611531436,0.0,1.0,3
0.8855421686746989,0.0,1.0,0.8855485761303657,0.0,1.0,3
0.9836847389558234,0.0,1.0,0.9835938911075879,0.0,1.0,3
0.0778112449799197,0.0,1.0,0.0776555820907503,0.0,1.0,3
0.17570281124497994,0.0,1.0,0.17570089706797243,0.0,1.0,3
0.27384538152610444,0.0,1.0,0.2737462120451945,0.0,1.0,3
0.37198795180722893,0.0,1.0,0.3717915270224166,0.0,1.0,3
0.46987951807228917,0.0,1.0,0.4698368419996387,0.0,1.0,3
0.5680220883534137,0.0,1.0,0.5678962050211723,0.0,1.0,3
0.6621485943775101,0.0,1.0,0.6620201087720001,0.0,1.0,3
0.7562751004016064,0.0,1.0,0.756144012522828,0.0,1.0,3
0.8541666666666667,0.0,1.0,0.85418932750005,0.0,1.0,3
0.9523092369477912,0.0,1.0,0.9522346424772722,0.0,1.0,3
0.04643574297188757,0.0,1.0,0.0462963334604346,0.0,1.0,3
0.1443273092369478,0.0,1.0,0.14434164843765673,0.0,1.0,3
0.2424698795180723,0.0,1.0,0.2423869634148788,0.0,1.0,3
0.3406124497991968,0.0,1.0,0.34043227839210094,0.0,1.0,3
0.43850401606425704,0.0,1.0,0.438477593369323,0.0,1.0,3
0.5366465863453815,0.0,1.0,0.5365369563908566,0.0,1.0,3
0.630773092369478,0.0,1.0,0.6306608601416845,0.0,1.0,3
0.7248995983935743,0.0,1.0,0.7247847638925123,0.0,1.0,3
0.8230421686746988,0.0,1.0,0.8228300788697345,0.0,1.0,3
0.920933734939759,0.0,1.0,0.9208753938469565,0.0,1.0,3
0.015060240963855442,0.0,1.0,0.014937084830118963,0.0,1.0,3
0.11295180722891568,0.0,1.0,0.11298239980734104,0.0,1.0,3
0.21109437751004018,0.0,1.0,0.21102771478456311,0.0,1.0,3
0.3092369477911647,0.0,1.0,0.30907302976178525,0.0,1.0,3
0.4071285140562249,0.0,1.0,0.4071183447390073,0.0,1.0,3
0.5052710843373495,0.0,1.0,0.5051777077605409,0.0,1.0,3
0.5993975903614458,0.0,1.0,0.5993016115113688,0.0,1.0,3
0.6935240963855422,0.0,1.0,0.6934255152621966,0.0,1.0,3
0.7876506024096386,0.0,1.0,0.7875494190130244,0.0,1.0,3
0.8857931726907631,0.0,1.0,0.8855947339902466,0.0,1.0,3
0.9836847389558234,0.0,1.0,0.9836400489674686,0.0,1.0,3
0.0778112449799197,0.0,1.0,0.07770173995063107,0.0,1.0,3
0.17570281124497994,0.0,1.0,0.1757470549278532,0.0,1.0,3
0.27384538152610444,0.0,1.0,0.2737923699050753,0.0,1.0,3
0.37198795180722893,0.0,1.0,0.3718376848822974,0.0,1.0,3
0.46987951807228917,0.0,1.0,0.4698829998595195,0.0,1.0,3
0.5680220883534137,0.0,1.0,0.5679423628810532,0.0,1.0,3
0.6621485943775101,0.0,1.0,0.662066266631881,0.0,1.0,3
0.7562751004016064,0.0,1.0,0.7561901703827087,0.0,1.0,3
0.8544176706827309,0.0,1.0,0.854235485359931,0.0,1.0,3
0.9523092369477912,0.0,1.0,0.952280800337153,0.0,1.0,3
0.04643574297188757,0.0,1.0,0.04634249132031548,0.0,1.0,3
0.14457831325301207,0.0,1.0,0.14438780629753756,0.0,1.0,3
0.2424698795180723,0.0,1.0,0.24243312127475963,0.0,1.0,3
0.3406124497991968,0.0,1.0,0.3404784362519817,0.0,1.0,3
0.43850401606425704,0.0,1.0,0.43852375122920384,0.0,1.0,3
0.5366465863453815,0.0,1.0,0.5365831142507375,0.0,1.0,3
0.630773092369478,0.0,1.0,0.6307070180015653,0.0,1.0,3
0.7248995983935743,0.0,1.0,0.7248309217523932,0.0,1.0,3
0.8230421686746988,0.0,1.0,0.8228762367296152,0.0,1.0,3
0.920933734939759,0.0,1.0,0.9209215517068373,0.0,1.0,3
0.015060240963855442,0.0,1.0,0.014983242689999787,0.0,1.0,3
0.11320281124497994,0.0,1.0,0.11302855766722186,0.0,1.0,3
0.21109437751004018,0.0,1.0,0.21107387264444394,0.0,1.0,3
0.3092369477911647,0.0,1.0,0.309119187621666,0.0,1.0,3
0.4071285140562249,0.0,1.0,0.40716450259888815,0.0,1.0,3
0.5052710843373495,0.0,1.0,0.5052238656204218,0.0,1.0,3
0.5993975903614458,0.0,1.0,0.5993477693712496,0.0,1.0,3
0.6935240963855422,0.0,1.0,0.6934716731220775,0.0,1.0,3
0.7876506024096386,0.0,1.0,0.7875955768729053,0.0,1.0,3
0.8857931726907631,0.0,1.0,0.8856388849866543,0.0,1.0,3
0.9836847389558234,0.0,1.0,0.9836841999638763,0.0,1.0,3
0.0778112449799197,0.0,1.0,0.07774789781051189,0.0,1.0,3
0.1759538152610442,0.0,1.0,0.17579321278773402,0.0,1.0,3
0.27384538152610444,0.0,1.0,0.2738385277649561,0.0,1.0,3
0.37198795180722893,0.0,1.0,0.3718818358787051,0.0,1.0,3
0.46987951807228917,0.0,1.0,0.4699271508559272,0.0,1.0,3
0.5680220883534137,0.0,1.0,0.5679885207409339,0.0,1.0,3
0.6621485943775101,0.0,1.0,0.6621124244917618,0.0,1.0,3
0.7562751004016064,0.0,1.0,0.7562363282425896,0.0,1.0,3
0.8544176706827309,0.0,1.0,0.8542816432198117,0.0,1.0,3
0.9523092369477912,0.0,1.0,0.9523249513335608,0.0,1.0,3
0.04643574297188757,0.0,1.0,0.04638864918019625,0.0,1.0,3
0.14457831325301207,0.0,1.0,0.14443396415741833,0.0,1.0,3
0.2424698795180723,0.0,1.0,0.2424792791346404,0.0,1.0,3
0.3406124497991968,0.0,1.0,0.34052459411186253,0.0,1.0,3
0.4387550200803213,0.0,1.0,0.43856790222561154,0.0,1.0,3
0.5366465863453815,0.0,1.0,0.5366292721106183,0.0,1.0,3
0.630773092369478,0.0,1.0,0.6307531758614461,0.0,1.0,3
0.7248995983935743,0.0,1.0,0.7248770796122739,0.0,1.0,3
0.8230421686746988,0.0,1.0,0.822922394589496,0.0,1.0,3
0.920933734939759,0.0,1.0,0.9209677095667181,0.0,1.0,3
0.015060240963855442,0.0,1.0,0.015029400549880556,0.0,1.0,3
0.11320281124497994,0.0,1.0,0.11307471552710263,0.0,1.0,3
0.21109437751004018,0.0,1.0,0.21112003050432476,0.0,1.0,3
0.3092369477911647,0.0,1.0,0.30916534548154684,0.0,1.0,3
0.40737951807228917,0.0,1.0,0.4072106604587689,0.0,1.0,3
0.5052710843373495,0.0,1.0,0.5052700234803026,0.0,1.0,3
0.5993975903614458,0.0,1.0,0.5993939272311304,0.0,1.0,3
0.6935240963855422,0.0,1.0,0.6935178309819582,0.0,1.0,3
0.7876506024096386,0.0,1.0,0.787639727869313,0.0,1.0,3
0.8857931726907631,0.0,1.0,0.885685042846535,0.0,1.0,3
0.9839357429718876,0.0,1.0,0.9837303578237572,0.0,1.0,3
0.0778112449799197,0.0,1.0,0.07779204880691964,0.0,1.0,3
0.1759538152610442,0.0,1.0,0.17583736378414172,0.0,1.0,3
0.27384538152610444,0.0,1.0,0.2738826787613638,0.0,1.0,3
0.37198795180722893,0.0,1.0,0.37192799373858587,0.0,1.0,3
0.47013052208835343,0.0,1.0,0.469973308715808,0.0,1.0,3
0.5680220883534137,0.0,1.0,0.5680346786008147,0.0,1.0,3
0.6621485943775101,0.0,1.0,0.6621585823516425,0.0,1.0,3
0.7562751004016064,0.0,1.0,0.7562804792389972,0.0,1.0,3
0.8544176706827309,0.0,1.0,0.8543257942162195,0.0,1.0,3
0.9525602409638554,0.0,1.0,0.9523711091934415,0.0,1.0,3
0.04643574297188757,0.0,1.0,0.04643480704007702,0.0,1.0,3
0.14457831325301207,0.0,1.0,0.14447811515382603,0.0,1.0,3
0.2424698795180723,0.0,1.0,0.24252343013104816,0.0,1.0,3
0.3406124497991968,0.0,1.0,0.34056874510827023,0.0,1.0,3
0.4387550200803213,0.0,1.0,0.4386140600854923,0.0,1.0,3
0.5366465863453815,0.0,1.0,0.536675429970499,0.0,1.0,3
0.630773092369478,0.0,1.0,0.6307993337213269,0.0,1.0,3
0.7248995983935743,0.0,1.0,0.7249232374721547,0.0,1.0,3
0.8230421686746988,0.0,1.0,0.8229665455859037,0.0,1.0,3
0.9211847389558233,0.0,1.0,0.9210118605631259,0.0,1.0,3
0.015060240963855442,0.0,1.0,0.015075558409761325,0.0,1.0,3
0.11320281124497994,0.0,1.0,0.1131208733869834,0.0,1.0,3
0.21134538152610444,0.0,1.0,0.21116618836420553,0.0,1.0,3
0.3092369477911647,0.0,1.0,0.30920949647795454,0.0,1.0,3
0.40737951807228917,0.0,1.0,0.4072548114551766,0.0,1.0,3
0.5052710843373495,0.0,1.0,0.5053161813401834,0.0,1.0,3
0.5993975903614458,0.0,1.0,0.5994400850910112,0.0,1.0,3
0.6935240963855422,0.0,1.0,0.693563988841839,0.0,1.0,3
0.7876506024096386,0.0,1.0,0.7876858857291937,0.0,1.0,3
0.8857931726907631,0.0,1.0,0.8857312007064159,0.0,1.0,3
0.9839357429718876,0.0,1.0,0.983776515683638,0.0,1.0,3
0.0778112449799197,0.0,1.0,0.07783820666680041,0.0,1.0,3
0.1759538152610442,0.0,1.0,0.1758835216440225,0.0,1.0,3
0.27409638554216864,0.0,1.0,0.27392883662124456,0.0,1.0,3
0.37198795180722893,0.0,1.0,0.3719741515984667,0.0,1.0,3
0.47013052208835343,0.0,1.0,0.47001946657568877,0.0,1.0,3
0.568273092369478,0.0,1.0,0.5680808364606955,0.0,1.0,3
0.6623995983935743,0.0,1.0,0.6622047402115233,0.0,1.0,3
0.7565261044176708,0.0,1.0,0.7563266370988782,0.0,1.0,3
0.8544176706827309,0.0,1.0,0.8543719520761002,0.0,1.0,3
0.9525602409638554,0.0,1.0,0.9524172670533223,0.0,1.0,3
0.04643574297188757,0.0,1.0,0.04647895803648472,0.0,1.0,3
0.14457831325301207,0.0,1.0,0.1445242730137068,0.0,1.0,3
0.24272088353413657,0.0,1.0,0.24256958799092893,0.0,1.0,3
0.3406124497991968,0.0,1.0,0.340614902968151,0.0,1.0,3
0.4387550200803213,0.0,1.0,0.43866021794537313,0.0,1.0,3
0.5368975903614458,0.0,1.0,0.5367215878303798,0.0,1.0,3
0.6310240963855422,0.0,1.0,0.6308454915812076,0.0,1.0,3
0.7251506024096386,0.0,1.0,0.7249673884685623,0.0,1.0,3
0.8230421686746988,0.0,1.0,0.8230127034457845,0.0,1.0,3
0.9211847389558233,0.0,1.0,0.9210580184230066,0.0,1.0,3
0.015060240963855442,0.0,1.0,0.015119709406169024,0.0,1.0,3
0.11320281124497994,0.0,1.0,0.11316502438339116,0.0,1.0,3
0.21134538152610444,0.0,1.0,0.21121033936061323,0.0,1.0,3
0.3092369477911647,0.0,1.0,0.3092556543378353,0.0,1.0,3
0.40737951807228917,0.0,1.0,0.40730096931505744,0.0,1.0,3
0.5055220883534137,0.0,1.0,0.5053623392000641,0.0,1.0,3
0.5996485943775101,0.0,1.0,0.599486242950892,0.0,1.0,3
0.6937751004016065,0.0,1.0,0.6936081398382468,0.0,1.0,3
0.7879016064257028,0.0,1.0,0.7877320435890746,0.0,1.0,3
0.8857931726907631,0.0,1.0,0.8857773585662967,0.0,1.0,3
0.9839357429718876,0.0,1.0,0.9838226735435187,0.0,1.0,3
0.07806224899598391,0.0,1.0,0.07788436452668118,0.0,1.0,3
0.1759538152610442,0.0,1.0,0.17592967950390326,0.0,1.0,3
0.27409638554216864,0.0,1.0,0.2739749944811254,0.0,1.0,3
0.37198795180722893,0.0,1.0,0.3720203094583475,0.0,1.0,3
0.47013052208835343,0.0,1.0,0.4700656244355696,0.0,1.0,3
0.568273092369478,0.0,1.0,0.5681269943205763,0.0,1.0,3
0.6623995983935743,0.0,1.0,0.6622488912079311,0.0,1.0,3
0.7565261044176708,0.0,1.0,0.7563727949587589,0.0,1.0,3
0.8544176706827309,0.0,1.0,0.8544181099359809,0.0,1.0,3
0.9525602409638554,0.0,1.0,0.9524634249132031,0.0,1.0,3
0.04668674698795178,0.0,1.0,0.04652511589636549,0.0,1.0,3
0.14457831325301207,0.0,1.0,0.14457043087358762,0.0,1.0,3
0.24272088353413657,0.0,1.0,0.2426157458508097,0.0,1.0,3
0.3406124497991968,0.0,1.0,0.3406610608280318,0.0,1.0,3
0.4387550200803213,0.0,1.0,0.4387063758052539,0.0,1.0,3
0.5368975903614458,0.0,1.0,0.5367677456902606,0.0,1.0,3
0.6310240963855422,0.0,1.0,0.6308916494410884,0.0,1.0,3
0.7251506024096386,0.0,1.0,0.7250135463284432,0.0,1.0,3
0.8230421686746988,0.0,1.0,0.8230588613056653,0.0,1.0,3
0.9211847389558233,0.0,1.0,0.9211041762828874,0.0,1.0,3
0.015311244979919647,0.0,1.0,0.015165867266049793,0.0,1.0,3
0.11320281124497994,0.0,1.0,0.11321118224327192,0.0,1.0,3
0.21134538152610444,0.0,1.0,0.211256497220494,0.0,1.0,3
0.30948795180722893,0.0,1.0,0.30930181219771613,0.0,1.0,3
0.40737951807228917,0.0,1.0,0.4073471271749382,0.0,1.0,3
0.5055220883534137,0.0,1.0,0.505408497059945,0.0,1.0,3
0.5996485943775101,0.0,1.0,0.5995324008107727,0.0,1.0,3
0.6937751004016065,0.0,1.0,0.6936542976981275,0.0,1.0,3
0.7879016064257028,0.0,1.0,0.7877782014489554,0.0,1.0,3
0.8857931726907631,0.0,1.0,0.8858235164261774,0.0,1.0,3
0.9839357429718876,0.0,1.0,0.9838688314033996,0.0,1.0,3
0.07806224899598391,0.0,1.0,0.07793052238656195,0.0,1.0,3
0.1759538152610442,0.0,1.0,0.17597583736378414,0.0,1.0,3
0.27409638554216864,0.0,1.0,0.2740211523410062,0.0,1.0,3
0.3722389558232932,0.0,1.0,0.3720664673182283,0.0,1.0,3
0.47013052208835343,0.0,1.0,0.47011178229545036,0.0,1.0,3
0.568273092369478,0.0,1.0,0.568173152180457,0.0,1.0,3
0.6623995983935743,0.0,1.0,0.6622950490678119,0.0,1.0,3
0.7565261044176708,0.0,1.0,0.7564189528186397,0.0,1.0,3
0.8546686746987953,0.0,1.0,0.8544642677958618,0.0,1.0,3
0.9525602409638554,0.0,1.0,0.9525095827730838,0.0,1.0,3
0.04668674698795178,0.0,1.0,0.04657127375624631,0.0,1.0,3
0.14457831325301207,0.0,1.0,0.14461658873346844,0.0,1.0,3
0.24272088353413657,0.0,1.0,0.24266190371069052,0.0,1.0,3
0.34086345381526106,0.0,1.0,0.3407072186879126,0.0,1.0,3
0.4387550200803213,0.0,1.0,0.43875253366513467,0.0,1.0,3
0.5368975903614458,0.0,1.0,0.5368139035501415,0.0,1.0,3
0.6310240963855422,0.0,1.0,0.6309358004374962,0.0,1.0,3
0.7251506024096386,0.0,1.0,0.725059704188324,0.0,1.0,3
0.8232931726907631,0.0,1.0,0.8231050191655461,0.0,1.0,3
0.9211847389558233,0.0,1.0,0.9211503341427683,0.0,1.0,3
0.015311244979919647,0.0,1.0,0.015212025125930673,0.0,1.0,3
0.11320281124497994,0.0,1.0,0.11325734010315275,0.0,1.0,3
0.21134538152610444,0.0,1.0,0.21130265508037482,0.0,1.0,3
0.30948795180722893,0.0,1.0,0.30934797005759695,0.0,1.0,3
0.40737951807228917,0.0,1.0,0.40739328503481903,0.0,1.0,3
0.5055220883534137,0.0,1.0,0.5054546549198258,0.0,1.0,3
0.5996485943775101,0.0,1.0,0.5995765518071805,0.0,1.0,3
0.6937751004016065,0.0,1.0,0.6937004555580083,0.0,1.0,3
0.7879016064257028,0.0,1.0,0.7878243593088361,0.0,1.0,3
0.8860441767068273,0.0,1.0,0.8858696742860582,0.0,1.0,3
0.9839357429718876,0.0,1.0,0.9839149892632804,0.0,1.0,3
0.07806224899598391,0.0,1.0,0.07797668024644278,0.0,1.0,3
0.1762048192771084,0.0,1.0,0.1760219952236649,0.0,1.0,3
0.27409638554216864,0.0,1.0,0.274067310200887,0.0,1.0,3
0.3722389558232932,0.0,1.0,0.37211262517810906,0.0,1.0,3
0.47013052208835343,0.0,1.0,0.4701579401553312,0.0,1.0,3
0.568273092369478,0.0,1.0,0.5682193100403379,0.0,1.0,3
0.6623995983935743,0.0,1.0,0.6623412069276926,0.0,1.0,3
0.7565261044176708,0.0,1.0,0.7564651106785205,0.0,1.0,3
0.8546686746987953,0.0,1.0,0.8545104256557425,0.0,1.0,3
0.9525602409638554,0.0,1.0,0.9525557406329647,0.0,1.0,3
0.04668674698795178,0.0,1.0,0.046617431616127136,0.0,1.0,3
0.14482931726907627,0.0,1.0,0.1446627465933492,0.0,1.0,3
0.24272088353413657,0.0,1.0,0.2427080615705713,0.0,1.0,3
0.34086345381526106,0.0,1.0,0.34075337654779336,0.0,1.0,3
0.4387550200803213,0.0,1.0,0.4387986915250155,0.0,1.0,3
0.5368975903614458,0.0,1.0,0.5368600614100222,0.0,1.0,3
0.6310240963855422,0.0,1.0,0.630981958297377,0.0,1.0,3
0.7251506024096386,0.0,1.0,0.7251058620482048,0.0,1.0,3
0.8232931726907631,0.0,1.0,0.823151177025427,0.0,1.0,3
0.9211847389558233,0.0,1.0,0.921196492002649,0.0,1.0,3
0.015311244979919647,0.0,1.0,0.015258182985811442,0.0,1.0,3
0.11345381526104414,0.0,1.0,0.11330349796303352,0.0,1.0,3
0.21134538152610444,0.0,1.0,0.2113488129402556,0.0,1.0,3
0.30948795180722893,0.0,1.0,0.3093941279174777,0.0,1.0,3
0.40763052208835343,0.0,1.0,0.4074394428946998,0.0,1.0,3
0.5055220883534137,0.0,1.0,0.5055008127797065,0.0,1.0,3
0.5996485943775101,0.0,1.0,0.5996227096670613,0.0,1.0,3
0.6937751004016065,0.0,1.0,0.6937466134178891,0.0,1.0,3
0.7879016064257028,0.0,1.0,0.7878705171687169,0.0,1.0,3
0.8860441767068273,0.0,1.0,0.885915832145939,0.0,1.0,3
0.9839357429718876,0.0,1.0,0.9839611471231611,0.0,1.0,3
0.07806224899598391,0.0,1.0,0.07802283810632354,0.0,1.0,3
0.1762048192771084,0.0,1.0,0.17606815308354568,0.0,1.0,3
0.27409638554216864,0.0,1.0,0.27411346806076775,0.0,1.0,3
0.3722389558232932,0.0,1.0,0.3721587830379899,0.0,1.0,3
0.4703815261044177,0.0,1.0,0.47020409801521196,0.0,1.0,3
0.568273092369478,0.0,1.0,0.5682634610367456,0.0,1.0,3
0.6623995983935743,0.0,1.0,0.6623873647875734,0.0,1.0,3
0.7565261044176708,0.0,1.0,0.7565112685384012,0.0,1.0,3
0.8546686746987953,0.0,1.0,0.8545565835156234,0.0,1.0,3
0.9528112449799198,0.0,1.0,0.9526018984928455,0.0,1.0,3
0.04668674698795178,0.0,1.0,0.046663589476007905,0.0,1.0,3
0.14482931726907627,0.0,1.0,0.14470890445322998,0.0,1.0,3
0.24272088353413657,0.0,1.0,0.24275421943045206,0.0,1.0,3
0.34086345381526106,0.0,1.0,0.3407995344076742,0.0,1.0,3
0.43900602409638556,0.0,1.0,0.4388448493848963,0.0,1.0,3
0.5368975903614458,0.0,1.0,0.5369042124064299,0.0,1.0,3
0.6310240963855422,0.0,1.0,0.6310281161572577,0.0,1.0,3
0.7251506024096386,0.0,1.0,0.7251520199080856,0.0,1.0,3
0.8232931726907631,0.0,1.0,0.8231973348853077,0.0,1.0,3
0.9214357429718876,0.0,1.0,0.9212426498625297,0.0,1.0,3
0.015311244979919647,0.0,1.0,0.01530434084569221,0.0,1.0,3
0.11345381526104414,0.0,1.0,0.11334965582291429,0.0,1.0,3
0.21134538152610444,0.0,1.0,0.21139497080013642,0.0,1.0,3
0.30948795180722893,0.0,1.0,0.3094402857773585,0.0,1.0,3
0.40763052208835343,0.0,1.0,0.4074856007545806,0.0,1.0,3
0.5055220883534137,0.0,1.0,0.5055469706395873,0.0,1.0,3
0.5996485943775101,0.0,1.0,0.599668867526942,0.0,1.0,3
0.6937751004016065,0.0,1.0,0.6937927712777698,0.0,1.0,3
0.7879016064257028,0.0,1.0,0.7879166750285977,0.0,1.0,3
0.8860441767068273,0.0,1.0,0.8859619900058198,0.0,1.0,3
0.9841867469879519,0.0,1.0,0.9840073049830419,0.0,1.0,3
0.07806224899598391,0.0,1.0,0.07806899596620437,0.0,1.0,3
0.1762048192771084,0.0,1.0,0.17611431094342644,0.0,1.0,3
0.2743473895582329,0.0,1.0,0.2741596259206486,0.0,1.0,3
0.3722389558232932,0.0,1.0,0.37220494089787065,0.0,1.0,3
0.4703815261044177,0.0,1.0,0.4702502558750927,0.0,1.0,3
0.568273092369478,0.0,1.0,0.5683096188966263,0.0,1.0,3
0.6623995983935743,0.0,1.0,0.6624335226474543,0.0,1.0,3
0.7565261044176708,0.0,1.0,0.756557426398282,0.0,1.0,3
0.8546686746987953,0.0,1.0,0.8546027413755042,0.0,1.0,3
0.9528112449799198,0.0,1.0,0.9526480563527262,0.0,1.0,3
0.04668674698795178,0.0,1.0,0.046709747335888674,0.0,1.0,3
0.14482931726907627,0.0,1.0,0.14475506231311075,0.0,1.0,3
0.24297188755020083,0.0,1.0,0.24280037729033283,0.0,1.0,3
0.34086345381526106,0.0,1.0,0.340845692267555,0.0,1.0,3
0.43900602409638556,0.0,1.0,0.4388910072447771,0.0,1.0,3
0.5371485943775101,0.0,1.0,0.5369503702663108,0.0,1.0,3
0.6312751004016064,0.0,1.0,0.6310742740171386,0.0,1.0,3
0.7254016064257028,0.0,1.0,0.7251981777679664,0.0,1.0,3
0.8232931726907631,0.0,1.0,0.8232434927451885,0.0,1.0,3
0.9214357429718876,0.0,1.0,0.9212888077224106,0.0,1.0,3
0.015311244979919647,0.0,1.0,0.015350498705573035,0.0,1.0,3
0.11345381526104414,0.0,1.0,0.11339581368279511,0.0,1.0,3
0.2115963855421687,0.0,1.0,0.21144112866001724,0.0,1.0,3
0.30948795180722893,0.0,1.0,0.3094864436372393,0.0,1.0,3
0.40763052208835343,0.0,1.0,0.4075317586144614,0.0,1.0,3
0.505773092369478,0.0,1.0,0.5055911216359951,0.0,1.0,3
0.5998995983935743,0.0,1.0,0.5997150253868229,0.0,1.0,3
0.6940261044176708,0.0,1.0,0.6938389291376508,0.0,1.0,3
0.7881526104417671,0.0,1.0,0.7879628328884785,0.0,1.0,3
0.8860441767068273,0.0,1.0,0.8860081478657007,0.0,1.0,3
0.9841867469879519,0.0,1.0,0.9840534628429227,0.0,1.0,3
0.07806224899598391,0.0,1.0,0.07811515382608519,0.0,1.0,3
0.1762048192771084,0.0,1.0,0.17616046880330727,0.0,1.0,3
0.2743473895582329,0.0,1.0,0.27420578378052934,0.0,1.0,3
0.3722389558232932,0.0,1.0,0.3722510987577514,0.0,1.0,3
0.4703815261044177,0.0,1.0,0.47029641373497355,0.0,1.0,3
0.5685240963855422,0.0,1.0,0.5683557767565072,0.0,1.0,3
0.6626506024096386,0.0,1.0,0.662479680507335,0.0,1.0,3
0.7567771084337349,0.0,1.0,0.7566035842581629,0.0,1.0,3
0.8546686746987953,0.0,1.0,0.8546488992353849,0.0,1.0,3
0.9528112449799198,0.0,1.0,0.952694214212607,0.0,1.0,3
0.04693775100401609,0.0,1.0,0.0467559051957695,0.0,1.0,3
0.14482931726907627,0.0,1.0,0.14480122017299157,0.0,1.0,3
0.24297188755020083,0.0,1.0,0.2428465351502137,0.0,1.0,3
0.34086345381526106,0.0,1.0,0.3408918501274358,0.0,1.0,3
0.43900602409638556,0.0,1.0,0.43893716510465786,0.0,1.0,3
0.5371485943775101,0.0,1.0,0.5369965281261915,0.0,1.0,3
0.6312751004016064,0.0,1.0,0.6311204318770194,0.0,1.0,3
0.7254016064257028,0.0,1.0,0.7252443356278472,0.0,1.0,3
0.8232931726907631,0.0,1.0,0.8232896506050693,0.0,1.0,3
0.9214357429718876,0.0,1.0,0.9213349655822913,0.0,1.0,3
0.015562248995983963,0.0,1.0,0.015396656565453803,0.0,1.0,3
0.11345381526104414,0.0,1.0,0.11344197154267588,0.0,1.0,3
0.2115963855421687,0.0,1.0,0.211487286519898,0.0,1.0,3
0.30948795180722893,0.0,1.0,0.3095326014971201,0.0,1.0,3
0.40763052208835343,0.0,1.0,0.40757791647434216,0.0,1.0,3
0.505773092369478,0.0,1.0,0.5056372794958758,0.0,1.0,3
0.5998995983935743,0.0,1.0,0.5997611832467037,0.0,1.0,3
0.6940261044176708,0.0,1.0,0.6938850869975315,0.0,1.0,3
0.7881526104417671,0.0,1.0,0.7880089907483594,0.0,1.0,3
0.8860441767068273,0.0,1.0,0.8860543057255814,0.0,1.0,3
0.9841867469879519,0.0,1.0,0.9840996207028034,0.0,1.0,3
0.07831325301204822,0.0,1.0,0.07816131168596596,0.0,1.0,3
0.1762048192771084,0.0,1.0,0.17620662666318804,0.0,1.0,3
0.2743473895582329,0.0,1.0,0.2742519416404101,0.0,1.0,3
0.37248995983935745,0.0,1.0,0.37229725661763224,0.0,1.0,3
0.4703815261044177,0.0,1.0,0.4703425715948543,0.0,1.0,3
0.5685240963855422,0.0,1.0,0.568401934616388,0.0,1.0,3
0.6626506024096386,0.0,1.0,0.6625258383672158,0.0,1.0,3
0.7567771084337349,0.0,1.0,0.7566497421180436,0.0,1.0,3
0.8546686746987953,0.0,1.0,0.8546950570952657,0.0,1.0,3
0.9528112449799198,0.0,1.0,0.9527403720724879,0.0,1.0,3
0.04693775100401609,0.0,1.0,0.04680206305565027,0.0,1.0,3
0.14482931726907627,0.0,1.0,0.14484737803287234,0.0,1.0,3
0.24297188755020083,0.0,1.0,0.24289269301009447,0.0,1.0,3
0.3411144578313253,0.0,1.0,0.34093800798731655,0.0,1.0,3
0.43900602409638556,0.0,1.0,0.4389833229645387,0.0,1.0,3
0.5371485943775101,0.0,1.0,0.5370426859860723,0.0,1.0,3
0.6312751004016064,0.0,1.0,0.6311665897369001,0.0,1.0,3
0.7254016064257028,0.0,1.0,0.725290493487728,0.0,1.0,3
0.8235441767068273,0.0,1.0,0.82333580846495,0.0,1.0,3
0.9214357429718876,0.0,1.0,0.9213811234421722,0.0,1.0,3
0.015562248995983963,0.0,1.0,0.015442814425334572,0.0,1.0,3
0.11345381526104414,0.0,1.0,0.1134881294025567,0.0,1.0,3
0.2115963855421687,0.0,1.0,0.21153344437977878,0.0,1.0,3
0.3097389558232932,0.0,1.0,0.30957875935700085,0.0,1.0,3
0.40763052208835343,0.0,1.0,0.407624074334223,0.0,1.0,3
0.505773092369478,0.0,1.0,0.5056834373557566,0.0,1.0,3
0.5998995983935743,0.0,1.0,0.5998073411065845,0.0,1.0,3
0.6940261044176708,0.0,1.0,0.6939312448574123,0.0,1.0,3
0.7881526104417671,0.0,1.0,0.7880551486082401,0.0,1.0,3
0.8862951807228916,0.0,1.0,0.8860984567219892,0.0,1.0,3
0.9841867469879519,0.0,1.0,0.9841437716992112,0.0,1.0,3
0.07831325301204822,0.0,1.0,0.07820746954584673,0.0,1.0,3
0.1762048192771084,0.0,1.0,0.1762527845230688,0.0,1.0,3
0.2743473895582329,0.0,1.0,0.27429809950029094,0.0,1.0,3
0.37248995983935745,0.0,1.0,0.37234140761404,0.0,1.0,3
0.4703815261044177,0.0,1.0,0.4703867225912621,0.0,1.0,3
0.5685240963855422,0.0,1.0,0.5684480924762688,0.0,1.0,3
0.6626506024096386,0.0,1.0,0.6625719962270966,0.0,1.0,3
0.7567771084337349,0.0,1.0,0.7566958999779244,0.0,1.0,3
0.8549196787148594,0.0,1.0,0.8547412149551465,0.0,1.0,3
0.9528112449799198,0.0,1.0,0.9527845230688956,0.0,1.0,3
0.04693775100401609,0.0,1.0,0.046848220915531036,0.0,1.0,3
0.1450803212851406,0.0,1.0,0.14489353589275317,0.0,1.0,3
0.24297188755020083,0.0,1.0,0.24293885086997524,0.0,1.0,3
0.3411144578313253,0.0,1.0,0.3409841658471974,0.0,1.0,3
0.43900602409638556,0.0,1.0,0.4390274739609464,0.0,1.0,3
0.5371485943775101,0.0,1.0,0.5370888438459531,0.0,1.0,3
0.6312751004016064,0.0,1.0,0.6312127475967809,0.0,1.0,3
0.7254016064257028,0.0,1.0,0.7253366513476087,0.0,1.0,3
0.8235441767068273,0.0,1.0,0.8233819663248308,0.0,1.0,3
0.9214357429718876,0.0,1.0,0.921427281302053,0.0,1.0,3
0.015562248995983963,0.0,1.0,0.015488972285215341,0.0,1.0,3
0.11370481927710846,0.0,1.0,0.11353428726243747,0.0,1.0,3
0.2115963855421687,0.0,1.0,0.21157960223965955,0.0,1.0,3
0.3097389558232932,0.0,1.0,0.3096249172168817,0.0,1.0,3
0.40763052208835343,0.0,1.0,0.40767023219410375,0.0,1.0,3
0.505773092369478,0.0,1.0,0.5057295952156374,0.0,1.0,3
0.5998995983935743,0.0,1.0,0.5998534989664652,0.0,1.0,3
0.6940261044176708,0.0,1.0,0.693977402717293,0.0,1.0,3
0.7881526104417671,0.0,1.0,0.7880992996046479,0.0,1.0,3
0.8862951807228916,0.0,1.0,0.8861446145818699,0.0,1.0,3
0.9841867469879519,0.0,1.0,0.984189929559092,0.0,1.0,3
0.07831325301204822,0.0,1.0,0.07825162054225443,0.0,1.0,3
0.17645582329317272,0.0,1.0,0.17629693551947656,0.0,1.0,3
0.2743473895582329,0.0,1.0,0.27434225049669864,0.0,1.0,3
0.37248995983935745,0.0,1.0,0.3723875654739207,0.0,1.0,3
0.47063253012048195,0.0,1.0,0.47043288045114284,0.0,1.0,3
0.5685240963855422,0.0,1.0,0.5684942503361495,0.0,1.0,3
0.6626506024096386,0.0,1.0,0.6626181540869773,0.0,1.0,3
0.7567771084337349,0.0,1.0,0.7567400509743321,0.0,1.0,3
0.8549196787148594,0.0,1.0,0.8547853659515543,0.0,1.0,3
0.9528112449799198,0.0,1.0,0.9528306809287763,0.0,1.0,3
0.04693775100401609,0.0,1.0,0.04689437877541186,0.0,1.0,3
0.1450803212851406,0.0,1.0,0.144939693752634,0.0,1.0,3
0.24297188755020083,0.0,1.0,0.24298300186638294,0.0,1.0,3
0.3411144578313253,0.0,1.0,0.3410283168436051,0.0,1.0,3
0.4392570281124498,0.0,1.0,0.43907363182082715,0.0,1.0,3
0.5371485943775101,0.0,1.0,0.5371350017058338,0.0,1.0,3
0.6312751004016064,0.0,1.0,0.6312589054566617,0.0,1.0,3
0.7254016064257028,0.0,1.0,0.7253828092074895,0.0,1.0,3
0.8235441767068273,0.0,1.0,0.8234261173212385,0.0,1.0,3
0.9216867469879518,0.0,1.0,0.9214714322984607,0.0,1.0,3
0.015562248995983963,0.0,1.0,0.015535130145096165,0.0,1.0,3
0.11370481927710846,0.0,1.0,0.1135804451223183,0.0,1.0,3
0.2115963855421687,0.0,1.0,0.21162576009954037,0.0,1.0,3
0.3097389558232932,0.0,1.0,0.3096690682132894,0.0,1.0,3
0.4078815261044177,0.0,1.0,0.40771438319051145,0.0,1.0,3
0.505773092369478,0.0,1.0,0.5057757530755183,0.0,1.0,3
0.5998995983935743,0.0,1.0,0.599899656826346,0.0,1.0,3
0.6940261044176708,0.0,1.0,0.6940235605771738,0.0,1.0,3
0.7881526104417671,0.0,1.0,0.7881454574645286,0.0,1.0,3
0.8862951807228916,0.0,1.0,0.8861907724417508,0.0,1.0,3
0.9844377510040161,0.0,1.0,0.9842360874189728,0.0,1.0,3
0.07831325301204822,0.0,1.0,0.0782977784021352,0.0,1.0,3
0.17645582329317272,0.0,1.0,0.17634309337935733,0.0,1.0,3
0.2743473895582329,0.0,1.0,0.2743884083565794,0.0,1.0,3
0.37248995983935745,0.0,1.0,0.37243372333380154,0.0,1.0,3
0.47063253012048195,0.0,1.0,0.4704790383110236,0.0,1.0,3
0.5685240963855422,0.0,1.0,0.5685404081960304,0.0,1.0,3
0.6626506024096386,0.0,1.0,0.6626643119468582,0.0,1.0,3
0.7567771084337349,0.0,1.0,0.756786208834213,0.0,1.0,3
0.8549196787148594,0.0,1.0,0.854831523811435,0.0,1.0,3
0.9530622489959839,0.0,1.0,0.9528768387886571,0.0,1.0,3
0.04693775100401609,0.0,1.0,0.046938529771819615,0.0,1.0,3
0.1450803212851406,0.0,1.0,0.1449838447490417,0.0,1.0,3
0.2432228915662651,0.0,1.0,0.24302915972626377,0.0,1.0,3
0.3411144578313253,0.0,1.0,0.34107447470348584,0.0,1.0,3
0.4392570281124498,0.0,1.0,0.439119789680708,0.0,1.0,3
0.5371485943775101,0.0,1.0,0.5371811595657147,0.0,1.0,3
0.6312751004016064,0.0,1.0,0.6313050633165425,0.0,1.0,3
0.7254016064257028,0.0,1.0,0.7254269602038973,0.0,1.0,3
0.8235441767068273,0.0,1.0,0.8234722751811194,0.0,1.0,3
0.9216867469879518,0.0,1.0,0.9215175901583414,0.0,1.0,3
0.015562248995983963,0.0,1.0,0.01557928114150392,0.0,1.0,3
0.11370481927710846,0.0,1.0,0.113624596118726,0.0,1.0,3
0.21184738955823296,0.0,1.0,0.21166991109594813,0.0,1.0,3
0.3097389558232932,0.0,1.0,0.3097152260731702,0.0,1.0,3
0.4078815261044177,0.0,1.0,0.4077605410503923,0.0,1.0,3
0.5060240963855422,0.0,1.0,0.505821910935399,0.0,1.0,3
0.6001506024096386,0.0,1.0,0.5999458146862269,0.0,1.0,3
0.6942771084337349,0.0,1.0,0.6940677115735816,0.0,1.0,3
0.7884036144578314,0.0,1.0,0.7881916153244094,0.0,1.0,3
0.8862951807228916,0.0,1.0,0.8862369303016315,0.0,1.0,3
0.9844377510040161,0.0,1.0,0.9842822452788536,0.0,1.0,3
0.07831325301204822,0.0,1.0,0.07834393626201608,0.0,1.0,3
0.17645582329317272,0.0,1.0,0.17638925123923815,0.0,1.0,3
0.27459839357429716,0.0,1.0,0.27443456621646023,0.0,1.0,3
0.37248995983935745,0.0,1.0,0.37247988119368236,0.0,1.0,3
0.47063253012048195,0.0,1.0,0.47052519617090444,0.0,1.0,3
0.5687751004016065,0.0,1.0,0.5685865660559112,0.0,1.0,3
0.6629016064257028,0.0,1.0,0.662710469806739,0.0,1.0,3
0.7570281124497993,0.0,1.0,0.7568323666940937,0.0,1.0,3
0.8549196787148594,0.0,1.0,0.8548776816713158,0.0,1.0,3
0.9530622489959839,0.0,1.0,0.952922996648538,0.0,1.0,3
0.04693775100401609,0.0,1.0,0.046984687631700384,0.0,1.0,3
0.1450803212851406,0.0,1.0,0.14503000260892246,0.0,1.0,3
0.2432228915662651,0.0,1.0,0.24307531758614453,0.0,1.0,3
0.3411144578313253,0.0,1.0,0.34112063256336667,0.0,1.0,3
0.4392570281124498,0.0,1.0,0.43916594754058874,0.0,1.0,3
0.5333835341365463,0.128,1.0,0.5333059061992012,0.12498400921069462,1.0,3
0.6275100401606426,0.128,1.0,0.627427803086556,0.12498400921069462,1.0,3
0.7216365461847389,0.128,1.0,0.7215517068373838,0.12498400921069462,1.0,3
0.8197791164658634,0.128,1.0,0.8195970218146058,0.12498400921069462,1.0,3
0.9176706827309238,0.128,1.0,0.917642336791828,0.12498400921069462,1.0,3
0.01179718875502006,0.128,1.0,0.011704027774990411,0.12498400921069462,1.0,3
0.10993975903614456,0.128,1.0,0.10974934275221254,0.12498400921069462,1.0,3
0.20783132530120485,0.128,1.0,0.20779465772943462,0.12498400921069462,1.0,3
0.30597389558232935,0.128,1.0,0.30583997270665675,0.12498400921069462,1.0,3
0.4038654618473896,0.128,1.0,0.4038852876838788,0.12498400921069462,1.0,3
0.5020080321285141,0.128,1.0,0.5019466575688856,0.12498400921069462,1.0,3
0.5961345381526104,0.128,1.0,0.5960685544562403,0.12498400921069462,1.0,3
0.6902610441767069,0.128,1.0,0.6901924582070681,0.12498400921069462,1.0,3
0.7843875502008033,0.128,1.0,0.7843163619578959,0.12498400921069462,1.0,3
0.8825301204819278,0.128,1.0,0.882361676935118,0.12498400921069462,1.0,3
0.9804216867469879,0.128,1.0,0.9804069919123402,0.12498400921069462,1.0,3
0.07454819277108432,0.128,1.0,0.07446868289550257,0.12498400921069462,1.0,3
0.17269076305220882,0.128,1.0,0.17251399787272464,0.12498400921069462,1.0,3
0.2705823293172691,0.128,1.0,0.2705593128499467,0.12498400921069462,1.0,3
0.3687248995983936,0.128,1.0,0.36860462782716885,0.12498400921069462,1.0,3
0.46661646586345384,0.128,1.0,0.466649942804391,0.12498400921069462,1.0,3
0.5647590361445783,0.128,1.0,0.5647093058259246,0.12498400921069462,1.0,3
0.6588855421686748,0.128,1.0,0.6588332095767524,0.12498400921069462,1.0,3
0.7530120481927711,0.128,1.0,0.7529571133275803,0.12498400921069462,1.0,3
0.8511546184738956,0.128,1.0,0.8510024283048023,0.12498400921069462,1.0,3
0.9490461847389559,0.128,1.0,0.9490477432820245,0.12498400921069462,1.0,3
0.04317269076305219,0.128,1.0,0.043109434265186874,0.12498400921069462,1.0,3
0.1413152610441767,0.128,1.0,0.141154749242409,0.12498400921069462,1.0,3
0.23920682730923698,0.128,1.0,0.23920006421963108,0.12498400921069462,1.0,3
0.3373493975903614,0.128,1.0,0.33724537919685316,0.12498400921069462,1.0,3
0.4352409638554217,0.128,1.0,0.4352906941740753,0.12498400921069462,1.0,3
0.5333835341365463,0.128,1.0,0.5333500571956089,0.12498400921069462,1.0,3
0.6275100401606426,0.128,1.0,0.6274739609464368,0.12498400921069462,1.0,3
0.7216365461847389,0.128,1.0,0.7215978646972645,0.12498400921069462,1.0,3
0.8197791164658634,0.128,1.0,0.8196431796744866,0.12498400921069462,1.0,3
0.9176706827309238,0.128,1.0,0.9176884946517088,0.12498400921069462,1.0,3
0.01179718875502006,0.128,1.0,0.01175018563487118,0.12498400921069462,1.0,3
0.10993975903614456,0.128,1.0,0.10979550061209331,0.12498400921069462,1.0,3
0.20783132530120485,0.128,1.0,0.2078408155893154,0.12498400921069462,1.0,3
0.30597389558232935,0.128,1.0,0.3058861305665375,0.12498400921069462,1.0,3
0.40411646586345384,0.128,1.0,0.4039314455437596,0.12498400921069462,1.0,3
0.5020080321285141,0.128,1.0,0.5019928154287663,0.12498400921069462,1.0,3
0.5961345381526104,0.128,1.0,0.596114712316121,0.12498400921069462,1.0,3
0.6902610441767069,0.128,1.0,0.6902386160669489,0.12498400921069462,1.0,3
0.7843875502008033,0.128,1.0,0.7843625198177767,0.12498400921069462,1.0,3
0.8825301204819278,0.128,1.0,0.8824078347949988,0.12498400921069462,1.0,3
0.9804216867469879,0.128,1.0,0.9804531497722209,0.12498400921069462,1.0,3
0.07454819277108432,0.128,1.0,0.07451484075538334,0.12498400921069462,1.0,3
0.17269076305220882,0.128,1.0,0.1725601557326054,0.12498400921069462,1.0,3
0.2705823293172691,0.128,1.0,0.27060547070982754,0.12498400921069462,1.0,3
0.3687248995983936,0.128,1.0,0.3686507856870497,0.12498400921069462,1.0,3
0.4668674698795181,0.128,1.0,0.46669610066427175,0.12498400921069462,1.0,3
0.5647590361445783,0.128,1.0,0.5647554636858054,0.12498400921069462,1.0,3
0.6588855421686748,0.128,1.0,0.6588793674366332,0.12498400921069462,1.0,3
0.7530120481927711,0.128,1.0,0.753003271187461,0.12498400921069462,1.0,3
0.8511546184738956,0.128,1.0,0.851048586164683,0.12498400921069462,1.0,3
0.9492971887550201,0.128,1.0,0.9490939011419053,0.12498400921069462,1.0,3
0.04317269076305219,0.128,1.0,0.04315559212506764,0.12498400921069462,1.0,3
0.1413152610441767,0.128,1.0,0.14120090710228977,0.12498400921069462,1.0,3
0.23920682730923698,0.128,1.0,0.23924622207951185,0.12498400921069462,1.0,3
0.3373493975903614,0.128,1.0,0.337291537056734,0.12498400921069462,1.0,3
0.435491967871486,0.128,1.0,0.43533685203395606,0.12498400921069462,1.0,3
0.5333835341365463,0.128,1.0,0.5333962150554897,0.12498400921069462,1.0,3
0.6275100401606426,0.128,1.0,0.6275201188063175,0.12498400921069462,1.0,3
0.7216365461847389,0.128,1.0,0.7216440225571453,0.12498400921069462,1.0,3
0.8197791164658634,0.128,1.0,0.8196893375343675,0.12498400921069462,1.0,3
0.9179216867469879,0.128,1.0,0.9177346525115896,0.12498400921069462,1.0,3
0.01179718875502006,0.128,1.0,0.011796343494751949,0.12498400921069462,1.0,3
0.10993975903614456,0.128,1.0,0.10984165847197414,0.12498400921069462,1.0,3
0.20783132530120485,0.128,1.0,0.2078869734491962,0.12498400921069462,1.0,3
0.30597389558232935,0.128,1.0,0.3059322884264183,0.12498400921069462,1.0,3
0.40411646586345384,0.128,1.0,0.4039776034036404,0.12498400921069462,1.0,3
0.5020080321285141,0.128,1.0,0.502036966425174,0.12498400921069462,1.0,3
0.5961345381526104,0.128,1.0,0.5961608701760018,0.12498400921069462,1.0,3
0.6902610441767069,0.128,1.0,0.6902847739268296,0.12498400921069462,1.0,3
0.7843875502008033,0.128,1.0,0.7844086776776575,0.12498400921069462,1.0,3
0.8825301204819278,0.128,1.0,0.8824539926548796,0.12498400921069462,1.0,3
0.9806726907630523,0.128,1.0,0.9804993076321018,0.12498400921069462,1.0,3
0.07454819277108432,0.128,1.0,0.07456099861526416,0.12498400921069462,1.0,3
0.17269076305220882,0.128,1.0,0.1726063135924863,0.12498400921069462,1.0,3
0.27083333333333337,0.128,1.0,0.27065162856970837,0.12498400921069462,1.0,3
0.3687248995983936,0.128,1.0,0.36869694354693044,0.12498400921069462,1.0,3
0.4668674698795181,0.128,1.0,0.4667422585241525,0.12498400921069462,1.0,3
0.5647590361445783,0.128,1.0,0.5648016215456861,0.12498400921069462,1.0,3
0.6629016064257028,0.128,1.0,0.6628469365229083,0.12498400921069462,1.0,3
0.7570281124497993,0.128,1.0,0.7569708402737361,0.12498400921069462,1.0,3
0.8551706827309238,0.128,1.0,0.8550161552509582,0.12498400921069462,1.0,3
0.9530622489959839,0.128,1.0,0.9530614702281803,0.12498400921069462,1.0,3
0.0471887550200803,0.128,1.0,0.047123161211342746,0.12498400921069462,1.0,3
0.1453313253012048,0.128,1.0,0.14516847618856488,0.12498400921069462,1.0,3
0.2432228915662651,0.128,1.0,0.24321379116578695,0.12498400921069462,1.0,3
0.3413654618473896,0.128,1.0,0.34125910614300903,0.12498400921069462,1.0,3
0.4392570281124498,0.128,1.0,0.43930442112023116,0.12498400921069462,1.0,3
0.5373995983935743,0.128,1.0,0.5373637841417648,0.12498400921069462,1.0,3
0.6315261044176708,0.128,1.0,0.6314876878925926,0.12498400921069462,1.0,3
0.7256526104417671,0.128,1.0,0.7256115916434205,0.12498400921069462,1.0,3
0.8237951807228916,0.128,1.0,0.8236569066206425,0.12498400921069462,1.0,3
0.9216867469879518,0.128,1.0,0.9217022215978646,0.12498400921069462,1.0,3
0.015813253012048167,0.128,1.0,0.01576391258102705,0.12498400921069462,1.0,3
0.11395582329317266,0.128,1.0,0.11380922755824918,0.12498400921069462,1.0,3
0.21184738955823296,0.128,1.0,0.21185454253547126,0.12498400921069462,1.0,3
0.30998995983935745,0.128,1.0,0.30989985751269333,0.12498400921069462,1.0,3
0.40813253012048195,0.128,1.0,0.40794517248991546,0.12498400921069462,1.0,3
0.5060240963855422,0.128,1.0,0.5060065423749222,0.12498400921069462,1.0,3
0.6001506024096386,0.128,1.0,0.6001284392622769,0.12498400921069462,1.0,3
0.6942771084337349,0.128,1.0,0.6942523430131047,0.12498400921069462,1.0,3
0.7884036144578314,0.128,1.0,0.7883762467639326,0.12498400921069462,1.0,3
0.8865461847389559,0.128,1.0,0.8864215617411546,0.12498400921069462,1.0,3
0.9844377510040161,0.128,1.0,0.9844668767183768,0.12498400921069462,1.0,3
0.07856425702811243,0.128,1.0,0.07852856770153921,0.12498400921069462,1.0,3
0.17670682730923692,0.128,1.0,0.17657388267876128,0.12498400921069462,1.0,3
0.27459839357429716,0.128,1.0,0.2746191976559834,0.12498400921069462,1.0,3
0.3727409638554217,0.128,1.0,0.3726645126332055,0.12498400921069462,1.0,3
0.4708835341365462,0.128,1.0,0.4707098276104276,0.12498400921069462,1.0,3
0.5687751004016065,0.128,1.0,0.5687691906319612,0.12498400921069462,1.0,3
0.6629016064257028,0.128,1.0,0.6628930943827891,0.12498400921069462,1.0,3
0.7570281124497993,0.128,1.0,0.7570169981336169,0.12498400921069462,1.0,3
0.8551706827309238,0.128,1.0,0.855062313110839,0.12498400921069462,1.0,3
0.9533132530120483,0.128,1.0,0.953107628088061,0.12498400921069462,1.0,3
0.0471887550200803,0.128,1.0,0.047169319071223514,0.12498400921069462,1.0,3
0.1453313253012048,0.128,1.0,0.14521463404844565,0.12498400921069462,1.0,3
0.2432228915662651,0.128,1.0,0.24325994902566772,0.12498400921069462,1.0,3
0.3413654618473896,0.128,1.0,0.34130526400288985,0.12498400921069462,1.0,3
0.4395080321285141,0.128,1.0,0.4393505789801119,0.12498400921069462,1.0,3
0.5373995983935743,0.128,1.0,0.5374099420016456,0.12498400921069462,1.0,3
0.6315261044176708,0.128,1.0,0.6315338457524734,0.12498400921069462,1.0,3
0.7256526104417671,0.128,1.0,0.7256577495033012,0.12498400921069462,1.0,3
0.8237951807228916,0.128,1.0,0.8237030644805233,0.12498400921069462,1.0,3
0.9219377510040161,0.128,1.0,0.9217483794577455,0.12498400921069462,1.0,3
0.015813253012048167,0.128,1.0,0.01581007044090782,0.12498400921069462,1.0,3
0.11395582329317266,0.128,1.0,0.11385538541812995,0.12498400921069462,1.0,3
0.21184738955823296,0.128,1.0,0.21190070039535203,0.12498400921069462,1.0,3
0.30998995983935745,0.128,1.0,0.30994601537257416,0.12498400921069462,1.0,3
0.40813253012048195,0.128,1.0,0.40799133034979623,0.12498400921069462,1.0,3
0.5060240963855422,0.128,1.0,0.5060506933713299,0.12498400921069462,1.0,3
0.6001506024096386,0.128,1.0,0.6001745971221577,0.12498400921069462,1.0,3
0.6942771084337349,0.128,1.0,0.6942985008729856,0.12498400921069462,1.0,3
0.7884036144578314,0.128,1.0,0.7884224046238133,0.12498400921069462,1.0,3
0.8865461847389559,0.128,1.0,0.8864677196010354,0.12498400921069462,1.0,3
0.9846887550200805,0.128,1.0,0.9845130345782576,0.12498400921069462,1.0,3
0.07856425702811243,0.128,1.0,0.07857472556141998,0.12498400921069462,1.0,3
0.17670682730923692,0.128,1.0,0.1766200405386421,0.12498400921069462,1.0,3
0.2748493975903614,0.128,1.0,0.2746653555158642,0.12498400921069462,1.0,3
0.3727409638554217,0.128,1.0,0.3727106704930863,0.12498400921069462,1.0,3
0.4708835341365462,0.128,1.0,0.4707559854703084,0.12498400921069462,1.0,3
0.5687751004016065,0.128,1.0,0.568815348491842,0.12498400921069462,1.0,3
0.6629016064257028,0.128,1.0,0.6629392522426698,0.12498400921069462,1.0,3
0.7570281124497993,0.128,1.0,0.7570631559934977,0.12498400921069462,1.0,3
0.8551706827309238,0.128,1.0,0.8551084709707197,0.12498400921069462,1.0,3
0.9533132530120483,0.128,1.0,0.9531537859479419,0.12498400921069462,1.0,3
0.0471887550200803,0.128,1.0,0.04721547693110428,0.12498400921069462,1.0,3
0.1453313253012048,0.128,1.0,0.14526079190832641,0.12498400921069462,1.0,3
0.24347389558232935,0.128,1.0,0.2433061068855485,0.12498400921069462,1.0,3
0.3413654618473896,0.128,1.0,0.3413514218627706,0.12498400921069462,1.0,3
0.4395080321285141,0.128,1.0,0.4393967368399927,0.12498400921069462,1.0,3
0.5376506024096386,0.128,1.0,0.5374560998615263,0.12498400921069462,1.0,3
0.6317771084337349,0.128,1.0,0.6315800036123542,0.12498400921069462,1.0,3
0.7259036144578314,0.128,1.0,0.725703907363182,0.12498400921069462,1.0,3
0.8237951807228916,0.128,1.0,0.8237492223404042,0.12498400921069462,1.0,3
0.9219377510040161,0.128,1.0,0.9217945373176262,0.12498400921069462,1.0,3
0.015813253012048167,0.128,1.0,0.015856228300788644,0.12498400921069462,1.0,3
0.11395582329317266,0.128,1.0,0.11390154327801072,0.12498400921069462,1.0,3
0.21209839357429722,0.128,1.0,0.2119468582552328,0.12498400921069462,1.0,3
0.30998995983935745,0.128,1.0,0.3099921732324549,0.12498400921069462,1.0,3
0.40813253012048195,0.128,1.0,0.408037488209677,0.12498400921069462,1.0,3
0.5062751004016065,0.128,1.0,0.5060968512312106,0.12498400921069462,1.0,3
0.6004016064257028,0.128,1.0,0.6002207549820385,0.12498400921069462,1.0,3
0.6945281124497993,0.128,1.0,0.6943446587328663,0.12498400921069462,1.0,3
0.7886546184738956,0.128,1.0,0.7884685624836942,0.12498400921069462,1.0,3
0.8865461847389559,0.128,1.0,0.8865138774609163,0.12498400921069462,1.0,3
0.9846887550200805,0.128,1.0,0.9845591924381384,0.12498400921069462,1.0,3
0.07856425702811243,0.128,1.0,0.07862088342130075,0.12498400921069462,1.0,3
0.17670682730923692,0.128,1.0,0.17666619839852293,0.12498400921069462,1.0,3
0.2748493975903614,0.128,1.0,0.27471151337574495,0.12498400921069462,1.0,3
0.3727409638554217,0.128,1.0,0.3727568283529671,0.12498400921069462,1.0,3
0.4708835341365462,0.128,1.0,0.47080214333018916,0.12498400921069462,1.0,3
0.5690261044176708,0.128,1.0,0.5688615063517228,0.12498400921069462,1.0,3
0.6631526104417671,0.128,1.0,0.6629854101025506,0.12498400921069462,1.0,3
0.7572791164658634,0.128,1.0,0.7571093138533784,0.12498400921069462,1.0,3
0.8551706827309238,0.128,1.0,0.8551546288306007,0.12498400921069462,1.0,3
0.9533132530120483,0.128,1.0,0.9531999438078227,0.12498400921069462,1.0,3
0.04743975903614461,0.128,1.0,0.04726163479098516,0.12498400921069462,1.0,3
0.1453313253012048,0.128,1.0,0.14530694976820724,0.12498400921069462,1.0,3
0.24347389558232935,0.128,1.0,0.24335226474542931,0.12498400921069462,1.0,3
0.3413654618473896,0.128,1.0,0.3413975797226514,0.12498400921069462,1.0,3
0.4395080321285141,0.128,1.0,0.4394428946998735,0.12498400921069462,1.0,3
0.5376506024096386,0.128,1.0,0.5375022577214071,0.12498400921069462,1.0,3
0.6317771084337349,0.128,1.0,0.6316261614722349,0.12498400921069462,1.0,3
0.7259036144578314,0.128,1.0,0.7257500652230628,0.12498400921069462,1.0,3
0.8237951807228916,0.128,1.0,0.8237953802002849,0.12498400921069462,1.0,3
0.9219377510040161,0.128,1.0,0.921840695177507,0.12498400921069462,1.0,3
0.016064257028112483,0.128,1.0,0.01590238616066947,0.12498400921069462,1.0,3
0.11395582329317266,0.128,1.0,0.11394770113789154,0.12498400921069462,1.0,3
0.21209839357429722,0.128,1.0,0.21199301611511362,0.12498400921069462,1.0,3
0.30998995983935745,0.128,1.0,0.31003833109233575,0.12498400921069462,1.0,3
0.40813253012048195,0.128,1.0,0.4080836460695578,0.12498400921069462,1.0,3
0.5062751004016065,0.128,1.0,0.5061430090910914,0.12498400921069462,1.0,3
0.6004016064257028,0.128,1.0,0.6002669128419194,0.12498400921069462,1.0,3
0.6945281124497993,0.128,1.0,0.6943908165927472,0.12498400921069462,1.0,3
0.7886546184738956,0.128,1.0,0.788514720343575,0.12498400921069462,1.0,3
0.8865461847389559,0.128,1.0,0.886558028457324,0.12498400921069462,1.0,3
0.9846887550200805,0.128,1.0,0.984603343434546,0.12498400921069462,1.0,3
0.07881526104417674,0.128,1.0,0.07866704128118163,0.12498400921069462,1.0,3
0.17670682730923692,0.128,1.0,0.1767123562584037,0.12498400921069462,1.0,3
0.2748493975903614,0.128,1.0,0.2747576712356258,0.12498400921069462,1.0,3
0.3729919678714859,0.128,1.0,0.37280097934937484,0.12498400921069462,1.0,3
0.4708835341365462,0.128,1.0,0.4708462943265969,0.12498400921069462,1.0,3
0.5690261044176708,0.128,1.0,0.5689076642116037,0.12498400921069462,1.0,3
0.6631526104417671,0.128,1.0,0.6630315679624315,0.12498400921069462,1.0,3
0.7572791164658634,0.128,1.0,0.7571554717132593,0.12498400921069462,1.0,3
0.8551706827309238,0.128,1.0,0.8552007866904814,0.12498400921069462,1.0,3
0.9533132530120483,0.128,1.0,0.9532440948042304,0.12498400921069462,1.0,3
0.04743975903614461,0.128,1.0,0.04730779265086593,0.12498400921069462,1.0,3
0.1453313253012048,0.128,1.0,0.145353107628088,0.12498400921069462,1.0,3
0.24347389558232935,0.128,1.0,0.24339842260531008,0.12498400921069462,1.0,3
0.34161646586345384,0.128,1.0,0.3414437375825322,0.12498400921069462,1.0,3
0.4395080321285141,0.128,1.0,0.4394870456962812,0.12498400921069462,1.0,3
0.5376506024096386,0.128,1.0,0.537548415581288,0.12498400921069462,1.0,3
0.6317771084337349,0.128,1.0,0.6316723193321158,0.12498400921069462,1.0,3
0.7259036144578314,0.128,1.0,0.7257962230829436,0.12498400921069462,1.0,3
0.8240461847389559,0.128,1.0,0.8238415380601657,0.12498400921069462,1.0,3
0.9219377510040161,0.128,1.0,0.9218868530373878,0.12498400921069462,1.0,3
0.016064257028112483,0.128,1.0,0.015948544020550237,0.12498400921069462,1.0,3
0.11395582329317266,0.128,1.0,0.11399385899777231,0.12498400921069462,1.0,3
0.21209839357429722,0.128,1.0,0.21203917397499444,0.12498400921069462,1.0,3
0.31024096385542166,0.128,1.0,0.3100844889522165,0.12498400921069462,1.0,3
0.40813253012048195,0.128,1.0,0.4081298039294386,0.12498400921069462,1.0,3
0.5062751004016065,0.128,1.0,0.5061891669509723,0.12498400921069462,1.0,3
0.6004016064257028,0.128,1.0,0.6003130707018001,0.12498400921069462,1.0,3
0.6945281124497993,0.128,1.0,0.694436974452628,0.12498400921069462,1.0,3
0.7886546184738956,0.128,1.0,0.7885588713399827,0.12498400921069462,1.0,3
0.8867971887550201,0.128,1.0,0.8866041863172047,0.12498400921069462,1.0,3
0.9846887550200805,0.128,1.0,0.9846495012944269,0.12498400921069462,1.0,3
0.07881526104417674,0.128,1.0,0.0787131991410624,0.12498400921069462,1.0,3
0.17670682730923692,0.128,1.0,0.1767565072548114,0.12498400921069462,1.0,3
0.2748493975903614,0.128,1.0,0.27480182223203353,0.12498400921069462,1.0,3
0.3729919678714859,0.128,1.0,0.3728471372092556,0.12498400921069462,1.0,3
0.4708835341365462,0.128,1.0,0.4708924521864777,0.12498400921069462,1.0,3
0.5690261044176708,0.128,1.0,0.5689538220714844,0.12498400921069462,1.0,3
0.6631526104417671,0.128,1.0,0.6630777258223123,0.12498400921069462,1.0,3
0.7572791164658634,0.128,1.0,0.7571996227096669,0.12498400921069462,1.0,3
0.8554216867469879,0.128,1.0,0.8552449376868891,0.12498400921069462,1.0,3
0.9533132530120483,0.128,1.0,0.9532902526641112,0.12498400921069462,1.0,3
0.04743975903614461,0.128,1.0,0.0473539505107467,0.12498400921069462,1.0,3
0.1455823293172691,0.128,1.0,0.14539926548796878,0.12498400921069462,1.0,3
0.24347389558232935,0.128,1.0,0.24344257360171784,0.12498400921069462,1.0,3
0.34161646586345384,0.128,1.0,0.3414878885789399,0.12498400921069462,1.0,3
0.4395080321285141,0.128,1.0,0.439533203556162,0.12498400921069462,1.0,3
0.5376506024096386,0.128,1.0,0.5375945734411687,0.12498400921069462,1.0,3
0.6317771084337349,0.128,1.0,0.6317184771919966,0.12498400921069462,1.0,3
0.7259036144578314,0.128,1.0,0.7258423809428244,0.12498400921069462,1.0,3
0.8240461847389559,0.128,1.0,0.8238856890565733,0.12498400921069462,1.0,3
0.9219377510040161,0.128,1.0,0.9219310040337956,0.12498400921069462,1.0,3
0.016064257028112483,0.128,1.0,0.015994701880431006,0.12498400921069462,1.0,3
0.11420682730923698,0.128,1.0,0.11404001685765308,0.12498400921069462,1.0,3
0.21209839357429722,0.128,1.0,0.2120853318348752,0.12498400921069462,1.0,3
0.31024096385542166,0.128,1.0,0.3101286399486243,0.12498400921069462,1.0,3
0.40813253012048195,0.128,1.0,0.4081739549258463,0.12498400921069462,1.0,3
0.5062751004016065,0.128,1.0,0.5062353248108531,0.12498400921069462,1.0,3
0.6004016064257028,0.128,1.0,0.6003592285616809,0.12498400921069462,1.0,3
0.6945281124497993,0.128,1.0,0.6944831323125087,0.12498400921069462,1.0,3
0.7886546184738956,0.128,1.0,0.7886050291998634,0.12498400921069462,1.0,3
0.8867971887550201,0.128,1.0,0.8866503441770855,0.12498400921069462,1.0,3
0.9846887550200805,0.128,1.0,0.9846956591543077,0.12498400921069462,1.0,3
0.07881526104417674,0.128,1.0,0.0787573501374701,0.12498400921069462,1.0,3
0.17695783132530124,0.128,1.0,0.17680266511469217,0.12498400921069462,1.0,3
0.2748493975903614,0.128,1.0,0.27484798009191425,0.12498400921069462,1.0,3
0.3729919678714859,0.128,1.0,0.3728932950691364,0.12498400921069462,1.0,3
0.47113453815261047,0.128,1.0,0.4709386100463585,0.12498400921069462,1.0,3
0.5690261044176708,0.128,1.0,0.5689999799313652,0.12498400921069462,1.0,3
0.6631526104417671,0.128,1.0,0.663123883682193,0.12498400921069462,1.0,3
0.7572791164658634,0.128,1.0,0.7572457805695478,0.12498400921069462,1.0,3
0.8554216867469879,0.128,1.0,0.8552910955467699,0.12498400921069462,1.0,3
0.9533132530120483,0.128,1.0,0.953336410523992,0.12498400921069462,1.0,3
0.04743975903614461,0.128,1.0,0.0473981015071544,0.12498400921069462,1.0,3
0.1455823293172691,0.128,1.0,0.14544341648437653,0.12498400921069462,1.0,3
0.24347389558232935,0.128,1.0,0.2434887314615986,0.12498400921069462,1.0,3
0.34161646586345384,0.128,1.0,0.3415340464388207,0.12498400921069462,1.0,3
0.43975903614457834,0.128,1.0,0.4395793614160428,0.12498400921069462,1.0,3
0.5376506024096386,0.128,1.0,0.5376407313010495,0.12498400921069462,1.0,3
0.6317771084337349,0.128,1.0,0.6317646350518773,0.12498400921069462,1.0,3
0.7259036144578314,0.128,1.0,0.7258865319392321,0.12498400921069462,1.0,3
0.8240461847389559,0.128,1.0,0.8239318469164542,0.12498400921069462,1.0,3
0.9221887550200804,0.128,1.0,0.9219771618936763,0.12498400921069462,1.0,3
0.016064257028112483,0.128,1.0,0.016038852876838705,0.12498400921069462,1.0,3
0.11420682730923698,0.128,1.0,0.11408416785406084,0.12498400921069462,1.0,3
0.21209839357429722,0.128,1.0,0.2121294828312829,0.12498400921069462,1.0,3
0.31024096385542166,0.128,1.0,0.31017479780850504,0.12498400921069462,1.0,3
0.4083835341365462,0.128,1.0,0.4082201127857271,0.12498400921069462,1.0,3
0.5062751004016065,0.128,1.0,0.5062814826707338,0.12498400921069462,1.0,3
0.6004016064257028,0.128,1.0,0.6004053864215617,0.12498400921069462,1.0,3
0.6945281124497993,0.128,1.0,0.6945272833089164,0.12498400921069462,1.0,3
0.7886546184738956,0.128,1.0,0.7886511870597442,0.12498400921069462,1.0,3
0.8867971887550201,0.128,1.0,0.8866965020369664,0.12498400921069462,1.0,3
0.9849397590361446,0.128,1.0,0.9847418170141884,0.12498400921069462,1.0,3
0.07881526104417674,0.128,1.0,0.07880350799735086,0.12498400921069462,1.0,3
0.17695783132530124,0.128,1.0,0.17684882297457294,0.12498400921069462,1.0,3
0.2748493975903614,0.128,1.0,0.27489413795179507,0.12498400921069462,1.0,3
0.3729919678714859,0.128,1.0,0.3729394529290172,0.12498400921069462,1.0,3
0.47113453815261047,0.128,1.0,0.4709847679062393,0.12498400921069462,1.0,3
0.5690261044176708,0.128,1.0,0.569046137791246,0.12498400921069462,1.0,3
0.6631526104417671,0.128,1.0,0.6631700415420738,0.12498400921069462,1.0,3
0.7572791164658634,0.128,1.0,0.7572919384294285,0.12498400921069462,1.0,3
0.8554216867469879,0.128,1.0,0.8553372534066506,0.12498400921069462,1.0,3
0.9535642570281124,0.128,1.0,0.9533825683838728,0.12498400921069462,1.0,3
0.04743975903614461,0.128,1.0,0.04744425936703517,0.12498400921069462,1.0,3
0.1455823293172691,0.128,1.0,0.1454895743442573,0.12498400921069462,1.0,3
0.2437248995983936,0.128,1.0,0.24353488932147938,0.12498400921069462,1.0,3
0.34161646586345384,0.128,1.0,0.3415802042987015,0.12498400921069462,1.0,3
0.43975903614457834,0.128,1.0,0.4396255192759236,0.12498400921069462,1.0,3
0.5376506024096386,0.128,1.0,0.5376868891609303,0.12498400921069462,1.0,3
0.6317771084337349,0.128,1.0,0.6318107929117581,0.12498400921069462,1.0,3
0.7259036144578314,0.128,1.0,0.7259326897991129,0.12498400921069462,1.0,3
0.8240461847389559,0.128,1.0,0.823978004776335,0.12498400921069462,1.0,3
0.9221887550200804,0.128,1.0,0.9220233197535571,0.12498400921069462,1.0,3
0.016064257028112483,0.128,1.0,0.01608501073671953,0.12498400921069462,1.0,3
0.11420682730923698,0.128,1.0,0.11413032571394166,0.12498400921069462,1.0,3
0.21234939759036148,0.128,1.0,0.21217564069116374,0.12498400921069462,1.0,3
0.31024096385542166,0.128,1.0,0.3102209556683858,0.12498400921069462,1.0,3
0.4083835341365462,0.128,1.0,0.40826627064560794,0.12498400921069462,1.0,3
0.5065261044176707,0.128,1.0,0.5063276405306146,0.12498400921069462,1.0,3
0.6006526104417671,0.128,1.0,0.6004515442814424,0.12498400921069462,1.0,3
0.6947791164658634,0.128,1.0,0.6945734411687972,0.12498400921069462,1.0,3
0.7889056224899599,0.128,1.0,0.7886973449196251,0.12498400921069462,1.0,3
0.8867971887550201,0.128,1.0,0.8867426598968471,0.12498400921069462,1.0,3
0.9849397590361446,0.128,1.0,0.9847879748740693,0.12498400921069462,1.0,3
0.07881526104417674,0.128,1.0,0.07884966585723169,0.12498400921069462,1.0,3
0.17695783132530124,0.128,1.0,0.17689498083445382,0.12498400921069462,1.0,3
0.2751004016064257,0.128,1.0,0.2749402958116759,0.12498400921069462,1.0,3
0.3729919678714859,0.128,1.0,0.37298561078889797,0.12498400921069462,1.0,3
0.47113453815261047,0.128,1.0,0.47103092576612005,0.12498400921069462,1.0,3
0.5692771084337349,0.128,1.0,0.5690922956511268,0.12498400921069462,1.0,3
0.6634036144578314,0.128,1.0,0.6632141925384816,0.12498400921069462,1.0,3
0.7575301204819278,0.128,1.0,0.7573380962893094,0.12498400921069462,1.0,3
0.8554216867469879,0.128,1.0,0.8553834112665315,0.12498400921069462,1.0,3
0.9535642570281124,0.128,1.0,0.9534287262437535,0.12498400921069462,1.0,3
0.04743975903614461,0.128,1.0,0.04749041722691599,0.12498400921069462,1.0,3
0.1455823293172691,0.128,1.0,0.14553573220413812,0.12498400921069462,1.0,3
0.2437248995983936,0.128,1.0,0.2435810471813602,0.12498400921069462,1.0,3
0.34161646586345384,0.128,1.0,0.34162636215858233,0.12498400921069462,1.0,3
0.43975903614457834,0.128,1.0,0.4396716771358044,0.12498400921069462,1.0,3
0.5379016064257028,0.128,1.0,0.5377330470208112,0.12498400921069462,1.0,3
0.6320281124497993,0.128,1.0,0.6318549439081659,0.12498400921069462,1.0,3
0.7261546184738956,0.128,1.0,0.7259788476589937,0.12498400921069462,1.0,3
0.8240461847389559,0.128,1.0,0.8240241626362158,0.12498400921069462,1.0,3
0.9221887550200804,0.128,1.0,0.9220694776134379,0.12498400921069462,1.0,3
0.016315261044176688,0.128,1.0,0.016131168596600354,0.12498400921069462,1.0,3
0.11420682730923698,0.128,1.0,0.11417648357382243,0.12498400921069462,1.0,3
0.21234939759036148,0.128,1.0,0.2122217985510445,0.12498400921069462,1.0,3
0.31024096385542166,0.128,1.0,0.31026711352826664,0.12498400921069462,1.0,3
0.4083835341365462,0.128,1.0,0.4083124285054887,0.12498400921069462,1.0,3
0.5065261044176707,0.128,1.0,0.5063737983904955,0.12498400921069462,1.0,3
0.6006526104417671,0.128,1.0,0.6004977021413233,0.12498400921069462,1.0,3
0.6947791164658634,0.128,1.0,0.694619599028678,0.12498400921069462,1.0,3
0.7889056224899599,0.128,1.0,0.7887435027795058,0.12498400921069462,1.0,3
0.8867971887550201,0.128,1.0,0.8867888177567279,0.12498400921069462,1.0,3
0.9849397590361446,0.128,1.0,0.98483413273395,0.12498400921069462,1.0,3
0.07906626506024095,0.128,1.0,0.07889582371711246,0.12498400921069462,1.0,3
0.17695783132530124,0.128,1.0,0.1769411386943346,0.12498400921069462,1.0,3
0.2751004016064257,0.128,1.0,0.27498645367155666,0.12498400921069462,1.0,3
0.3729919678714859,0.128,1.0,0.37303176864877874,0.12498400921069462,1.0,3
0.47113453815261047,0.128,1.0,0.47107708362600087,0.12498400921069462,1.0,3
0.5692771084337349,0.128,1.0,0.5691384535110076,0.12498400921069462,1.0,3
0.6634036144578314,0.128,1.0,0.6632603503983623,0.12498400921069462,1.0,3
0.7575301204819278,0.128,1.0,0.7573842541491902,0.12498400921069462,1.0,3
0.8554216867469879,0.128,1.0,0.8554295691264122,0.12498400921069462,1.0,3
0.9535642570281124,0.128,1.0,0.9534748841036343,0.12498400921069462,1.0,3
0.04769076305220882,0.128,1.0,0.04753657508679682,0.12498400921069462,1.0,3
0.1455823293172691,0.128,1.0,0.1455818900640189,0.12498400921069462,1.0,3
0.2437248995983936,0.128,1.0,0.24362720504124097,0.12498400921069462,1.0,3
0.3418674698795181,0.128,1.0,0.34167252001846304,0.12498400921069462,1.0,3
0.43975903614457834,0.128,1.0,0.4397178349956852,0.12498400921069462,1.0,3
0.5379016064257028,0.128,1.0,0.5377792048806919,0.12498400921069462,1.0,3
0.6320281124497993,0.128,1.0,0.6319011017680467,0.12498400921069462,1.0,3
0.7261546184738956,0.128,1.0,0.7260250055188745,0.12498400921069462,1.0,3
0.8240461847389559,0.128,1.0,0.8240703204960966,0.12498400921069462,1.0,3
0.9221887550200804,0.128,1.0,0.9221156354733187,0.12498400921069462,1.0,3
0.016315261044176688,0.128,1.0,0.016177326456481123,0.12498400921069462,1.0,3
0.11420682730923698,0.128,1.0,0.1142226414337032,0.12498400921069462,1.0,3
0.21234939759036148,0.128,1.0,0.21226795641092527,0.12498400921069462,1.0,3
0.3104919678714859,0.128,1.0,0.3103132713881474,0.12498400921069462,1.0,3
0.4083835341365462,0.128,1.0,0.4083585863653695,0.12498400921069462,1.0,3
0.5065261044176707,0.128,1.0,0.5064199562503762,0.12498400921069462,1.0,3
0.6006526104417671,0.128,1.0,0.600541853137731,0.12498400921069462,1.0,3
0.6947791164658634,0.128,1.0,0.6946657568885588,0.12498400921069462,1.0,3
0.7889056224899599,0.128,1.0,0.7887896606393866,0.12498400921069462,1.0,3
0.8870481927710844,0.128,1.0,0.8868349756166087,0.12498400921069462,1.0,3
0.9849397590361446,0.128,1.0,0.9848802905938308,0.12498400921069462,1.0,3
0.07906626506024095,0.128,1.0,0.07894198157699328,0.12498400921069462,1.0,3
0.17695783132530124,0.128,1.0,0.17698729655421536,0.12498400921069462,1.0,3
0.2751004016064257,0.128,1.0,0.27503261153143743,0.12498400921069462,1.0,3
0.3732429718875502,0.128,1.0,0.37307792650865956,0.12498400921069462,1.0,3
0.47113453815261047,0.128,1.0,0.47112324148588164,0.12498400921069462,1.0,3
0.5692771084337349,0.128,1.0,0.5691826045074153,0.12498400921069462,1.0,3
0.6634036144578314,0.128,1.0,0.6633065082582431,0.12498400921069462,1.0,3
0.7575301204819278,0.128,1.0,0.7574304120090709,0.12498400921069462,1.0,3
0.8556726907630523,0.128,1.0,0.855475726986293,0.12498400921069462,1.0,3
0.9535642570281124,0.128,1.0,0.9535210419635152,0.12498400921069462,1.0,3
0.04769076305220882,0.128,1.0,0.047582732946677586,0.12498400921069462,1.0,3
0.1455823293172691,0.128,1.0,0.14562804792389966,0.12498400921069462,1.0,3
0.2437248995983936,0.128,1.0,0.24367336290112174,0.12498400921069462,1.0,3
0.3418674698795181,0.128,1.0,0.34171867787834387,0.12498400921069462,1.0,3
0.43975903614457834,0.128,1.0,0.439763992855566,0.12498400921069462,1.0,3
0.5379016064257028,0.128,1.0,0.5378233558770996,0.12498400921069462,1.0,3
0.6320281124497993,0.128,1.0,0.6319472596279274,0.12498400921069462,1.0,3
0.7261546184738956,0.128,1.0,0.7260711633787553,0.12498400921069462,1.0,3
0.8242971887550201,0.128,1.0,0.8241164783559773,0.12498400921069462,1.0,3
0.9221887550200804,0.128,1.0,0.9221617933331994,0.12498400921069462,1.0,3
0.016315261044176688,0.128,1.0,0.01622348431636189,0.12498400921069462,1.0,3
0.11445783132530118,0.128,1.0,0.11426879929358397,0.12498400921069462,1.0,3
0.21234939759036148,0.128,1.0,0.2123141142708061,0.12498400921069462,1.0,3
0.3104919678714859,0.128,1.0,0.3103594292480282,0.12498400921069462,1.0,3
0.4083835341365462,0.128,1.0,0.4084047442252503,0.12498400921069462,1.0,3
0.5065261044176707,0.128,1.0,0.506466114110257,0.12498400921069462,1.0,3
0.6006526104417671,0.128,1.0,0.6005880109976117,0.12498400921069462,1.0,3
0.6947791164658634,0.128,1.0,0.6947119147484396,0.12498400921069462,1.0,3
0.7889056224899599,0.128,1.0,0.7888358184992674,0.12498400921069462,1.0,3
0.8870481927710844,0.128,1.0,0.8868811334764896,0.12498400921069462,1.0,3
0.9849397590361446,0.128,1.0,0.9849264484537117,0.12498400921069462,1.0,3
0.07906626506024095,0.128,1.0,0.07898813943687405,0.12498400921069462,1.0,3
0.17720883534136544,0.128,1.0,0.17703345441409613,0.12498400921069462,1.0,3
0.2751004016064257,0.128,1.0,0.27507876939131826,0.12498400921069462,1.0,3
0.3732429718875502,0.128,1.0,0.37312408436854033,0.12498400921069462,1.0,3
0.47113453815261047,0.128,1.0,0.47116939934576246,0.12498400921069462,1.0,3
0.5692771084337349,0.128,1.0,0.569228762367296,0.12498400921069462,1.0,3
0.6634036144578314,0.128,1.0,0.6633526661181239,0.12498400921069462,1.0,3
0.7575301204819278,0.128,1.0,0.7574765698689517,0.12498400921069462,1.0,3
0.8556726907630523,0.128,1.0,0.8555218848461739,0.12498400921069462,1.0,3
0.9535642570281124,0.128,1.0,0.9535671998233959,0.12498400921069462,1.0,3
0.04769076305220882,0.128,1.0,0.04762889080655841,0.12498400921069462,1.0,3
0.14583333333333331,0.128,1.0,0.14567420578378049,0.12498400921069462,1.0,3
0.2437248995983936,0.128,1.0,0.24371952076100262,0.12498400921069462,1.0,3
0.3418674698795181,0.128,1.0,0.3417648357382247,0.12498400921069462,1.0,3
0.4400100401606426,0.128,1.0,0.43981015071544677,0.12498400921069462,1.0,3
0.5379016064257028,0.128,1.0,0.5378695137369804,0.12498400921069462,1.0,3
0.6320281124497993,0.128,1.0,0.6319934174878082,0.12498400921069462,1.0,3
0.7261546184738956,0.128,1.0,0.726117321238636,0.12498400921069462,1.0,3
0.8242971887550201,0.128,1.0,0.8241626362158582,0.12498400921069462,1.0,3
0.9221887550200804,0.128,1.0,0.9222079511930803,0.12498400921069462,1.0,3
0.016315261044176688,0.128,1.0,0.016269642176242716,0.12498400921069462,1.0,3
0.11445783132530118,0.128,1.0,0.11431495715346479,0.12498400921069462,1.0,3
0.21234939759036148,0.128,1.0,0.21236027213068692,0.12498400921069462,1.0,3
0.3104919678714859,0.128,1.0,0.310405587107909,0.12498400921069462,1.0,3
0.40863453815261047,0.128,1.0,0.4084509020851311,0.12498400921069462,1.0,3
0.5065261044176707,0.128,1.0,0.5065102651066647,0.12498400921069462,1.0,3
0.6006526104417671,0.128,1.0,0.6006341688574925,0.12498400921069462,1.0,3
0.6947791164658634,0.128,1.0,0.6947580726083205,0.12498400921069462,1.0,3
0.7889056224899599,0.128,1.0,0.7888819763591483,0.12498400921069462,1.0,3
0.8870481927710844,0.128,1.0,0.8869272913363704,0.12498400921069462,1.0,3
0.9849397590361446,0.128,1.0,0.9849726063135924,0.12498400921069462,1.0,3
0.07906626506024095,0.128,1.0,0.07903429729675487,0.12498400921069462,1.0,3
0.17720883534136544,0.128,1.0,0.17707961227397695,0.12498400921069462,1.0,3
0.2751004016064257,0.128,1.0,0.2751249272511991,0.12498400921069462,1.0,3
0.3732429718875502,0.128,1.0,0.37317024222842116,0.12498400921069462,1.0,3
0.47138554216867473,0.128,1.0,0.47121555720564323,0.12498400921069462,1.0,3
0.5692771084337349,0.128,1.0,0.5692749202271769,0.12498400921069462,1.0,3
0.6634036144578314,0.128,1.0,0.6633988239780046,0.12498400921069462,1.0,3
0.7575301204819278,0.128,1.0,0.7575227277288326,0.12498400921069462,1.0,3
0.8556726907630523,0.128,1.0,0.8555680427060546,0.12498400921069462,1.0,3
0.9538152610441768,0.128,1.0,0.9536133576832767,0.12498400921069462,1.0,3
0.04769076305220882,0.128,1.0,0.04767504866643918,0.12498400921069462,1.0,3
0.14583333333333331,0.128,1.0,0.14572036364366125,0.12498400921069462,1.0,3
0.2437248995983936,0.128,1.0,0.24376567862088339,0.12498400921069462,1.0,3
0.3418674698795181,0.128,1.0,0.34181099359810546,0.12498400921069462,1.0,3
0.4400100401606426,0.128,1.0,0.43985630857532754,0.12498400921069462,1.0,3
0.5379016064257028,0.128,1.0,0.5379156715968612,0.12498400921069462,1.0,3
0.6320281124497993,0.128,1.0,0.6320395753476891,0.12498400921069462,1.0,3
0.7261546184738956,0.128,1.0,0.7261634790985169,0.12498400921069462,1.0,3
0.8242971887550201,0.128,1.0,0.824208794075739,0.12498400921069462,1.0,3
0.9224397590361446,0.128,1.0,0.922254109052961,0.12498400921069462,1.0,3
0.016315261044176688,0.128,1.0,0.016315800036123485,0.12498400921069462,1.0,3
0.11445783132530118,0.128,1.0,0.11436111501334556,0.12498400921069462,1.0,3
0.21234939759036148,0.128,1.0,0.2124064299905677,0.12498400921069462,1.0,3
0.3104919678714859,0.128,1.0,0.31045174496778977,0.12498400921069462,1.0,3
0.40863453815261047,0.128,1.0,0.40849705994501184,0.12498400921069462,1.0,3
0.5065261044176707,0.128,1.0,0.5065564229665456,0.12498400921069462,1.0,3
0.6006526104417671,0.128,1.0,0.6006803267173734,0.12498400921069462,1.0,3
0.6947791164658634,0.128,1.0,0.6948042304682012,0.12498400921069462,1.0,3
0.7889056224899599,0.128,1.0,0.7889281342190291,0.12498400921069462,1.0,3
0.8870481927710844,0.128,1.0,0.8869734491962511,0.12498400921069462,1.0,3
0.9851907630522089,0.128,1.0,0.9850187641734731,0.12498400921069462,1.0,3
0.07906626506024095,0.128,1.0,0.07908045515663564,0.12498400921069462,1.0,3
0.17720883534136544,0.128,1.0,0.17712577013385772,0.12498400921069462,1.0,3
0.27535140562248994,0.128,1.0,0.2751710851110798,0.12498400921069462,1.0,3
0.3732429718875502,0.128,1.0,0.3732164000883019,0.12498400921069462,1.0,3
0.47138554216867473,0.128,1.0,0.47126171506552406,0.12498400921069462,1.0,3
0.5692771084337349,0.128,1.0,0.5693210780870577,0.12498400921069462,1.0,3
0.6634036144578314,0.128,1.0,0.6634449818378855,0.12498400921069462,1.0,3
0.7575301204819278,0.128,1.0,0.7575688855887133,0.12498400921069462,1.0,3
0.8556726907630523,0.128,1.0,0.8556142005659354,0.12498400921069462,1.0,3
0.9538152610441768,0.128,1.0,0.9536595155431575,0.12498400921069462,1.0,3
0.04769076305220882,0.128,1.0,0.04772120652631995,0.12498400921069462,1.0,3
0.14583333333333331,0.128,1.0,0.14576652150354202,0.12498400921069462,1.0,3
0.2439759036144578,0.128,1.0,0.24381183648076415,0.12498400921069462,1.0,3
0.3418674698795181,0.128,1.0,0.34185715145798623,0.12498400921069462,1.0,3
0.4400100401606426,0.128,1.0,0.43990246643520836,0.12498400921069462,1.0,3
0.5381526104417671,0.128,1.0,0.537961829456742,0.12498400921069462,1.0,3
0.6322791164658634,0.128,1.0,0.6320857332075698,0.12498400921069462,1.0,3
0.7264056224899599,0.128,1.0,0.7262096369583977,0.12498400921069462,1.0,3
0.8242971887550201,0.128,1.0,0.8242549519356197,0.12498400921069462,1.0,3
0.9224397590361446,0.128,1.0,0.9223002669128418,0.12498400921069462,1.0,3
0.016315261044176688,0.128,1.0,0.016361957896004253,0.12498400921069462,1.0,3
0.11445783132530118,0.128,1.0,0.11440727287322638,0.12498400921069462,1.0,3
0.21260040160642568,0.128,1.0,0.21245258785044846,0.12498400921069462,1.0,3
0.3104919678714859,0.128,1.0,0.3104979028276706,0.12498400921069462,1.0,3
0.40863453815261047,0.128,1.0,0.40854321780489267,0.12498400921069462,1.0,3
0.5067771084337349,0.128,1.0,0.5066025808264263,0.12498400921069462,1.0,3
0.6009036144578314,0.128,1.0,0.6007264845772542,0.12498400921069462,1.0,3
0.6950301204819278,0.128,1.0,0.694850388328082,0.12498400921069462,1.0,3
0.7891566265060241,0.128,1.0,0.7889742920789098,0.12498400921069462,1.0,3
0.8870481927710844,0.128,1.0,0.8870176001926589,0.12498400921069462,1.0,3
0.9851907630522089,0.128,1.0,0.9850629151698809,0.12498400921069462,1.0,3
0.07906626506024095,0.128,1.0,0.07912661301651641,0.12498400921069462,1.0,3
0.17720883534136544,0.128,1.0,0.1771719279937385,0.12498400921069462,1.0,3
0.27535140562248994,0.128,1.0,0.2752172429709606,0.12498400921069462,1.0,3
0.3732429718875502,0.128,1.0,0.3732605510847097,0.12498400921069462,1.0,3
0.47138554216867473,0.128,1.0,0.47130586606193176,0.12498400921069462,1.0,3
0.5695281124497993,0.128,1.0,0.5693672359469385,0.12498400921069462,1.0,3
0.6636546184738956,0.128,1.0,0.6634911396977663,0.12498400921069462,1.0,3
0.757781124497992,0.128,1.0,0.7576150434485941,0.12498400921069462,1.0,3
0.8556726907630523,0.128,1.0,0.8556603584258162,0.12498400921069462,1.0,3
0.9538152610441768,0.128,1.0,0.9537056734030384,0.12498400921069462,1.0,3
0.04794176706827313,0.128,1.0,0.04776736438620072,0.12498400921069462,1.0,3
0.14583333333333331,0.128,1.0,0.14581267936342285,0.12498400921069462,1.0,3
0.2439759036144578,0.128,1.0,0.24385799434064492,0.12498400921069462,1.0,3
0.3418674698795181,0.128,1.0,0.34190330931786705,0.12498400921069462,1.0,3
0.4400100401606426,0.128,1.0,0.43994862429508913,0.12498400921069462,1.0,3
0.5381526104417671,0.128,1.0,0.5380079873166228,0.12498400921069462,1.0,3
0.6322791164658634,0.128,1.0,0.6321318910674506,0.12498400921069462,1.0,3
0.7264056224899599,0.128,1.0,0.7262557948182784,0.12498400921069462,1.0,3
0.8242971887550201,0.128,1.0,0.8243011097955005,0.12498400921069462,1.0,3
0.9224397590361446,0.128,1.0,0.9223464247727227,0.12498400921069462,1.0,3
0.016566265060241003,0.128,1.0,0.016408115755885078,0.12498400921069462,1.0,3
0.11445783132530118,0.128,1.0,0.11445343073310721,0.12498400921069462,1.0,3
0.21260040160642568,0.128,1.0,0.21249874571032928,0.12498400921069462,1.0,3
0.3104919678714859,0.128,1.0,0.31054406068755136,0.12498400921069462,1.0,3
0.40863453815261047,0.128,1.0,0.4085893756647735,0.12498400921069462,1.0,3
0.5067771084337349,0.128,1.0,0.5066487386863071,0.12498400921069462,1.0,3
0.6009036144578314,0.128,1.0,0.6007726424371349,0.12498400921069462,1.0,3
0.6950301204819278,0.128,1.0,0.6948965461879628,0.12498400921069462,1.0,3
0.7891566265060241,0.128,1.0,0.7890184430753175,0.12498400921069462,1.0,3
0.8870481927710844,0.128,1.0,0.8870637580525396,0.12498400921069462,1.0,3
0.9851907630522089,0.128,1.0,0.9851090730297617,0.12498400921069462,1.0,3
0.07931726907630526,0.128,1.0,0.07917277087639724,0.12498400921069462,1.0,3
0.17720883534136544,0.128,1.0,0.17721607899014624,0.12498400921069462,1.0,3
0.27535140562248994,0.128,1.0,0.2752613939673684,0.12498400921069462,1.0,3
0.37349397590361444,0.128,1.0,0.37330670894459045,0.12498400921069462,1.0,3
0.47138554216867473,0.128,1.0,0.4713520239218125,0.12498400921069462,1.0,3
0.5695281124497993,0.128,1.0,0.5694133938068192,0.12498400921069462,1.0,3
0.6636546184738956,0.128,1.0,0.6635372975576471,0.12498400921069462,1.0,3
0.757781124497992,0.128,1.0,0.7576591944450018,0.12498400921069462,1.0,3
0.8556726907630523,0.128,1.0,0.855704509422224,0.12498400921069462,1.0,3
0.9538152610441768,0.128,1.0,0.953749824399446,0.12498400921069462,1.0,3
0.04794176706827313,0.128,1.0,0.04781352224608154,0.12498400921069462,1.0,3
0.14583333333333331,0.128,1.0,0.14585883722330367,0.12498400921069462,1.0,3
0.2439759036144578,0.128,1.0,0.24390214533705262,0.12498400921069462,1.0,3
0.34211847389558236,0.128,1.0,0.34194746031427475,0.12498400921069462,1.0,3
0.4400100401606426,0.128,1.0,0.43999277529149683,0.12498400921069462,1.0,3
0.5381526104417671,0.128,1.0,0.5380541451765035,0.12498400921069462,1.0,3
0.6322791164658634,0.128,1.0,0.6321780489273314,0.12498400921069462,1.0,3
0.7264056224899599,0.128,1.0,0.7263019526781592,0.12498400921069462,1.0,3
0.8245481927710844,0.128,1.0,0.8243452607919083,0.12498400921069462,1.0,3
0.9224397590361446,0.128,1.0,0.9223905757691304,0.12498400921069462,1.0,3
0.016566265060241003,0.128,1.0,0.016454273615765902,0.12498400921069462,1.0,3
0.11445783132530118,0.128,1.0,0.11449958859298798,0.12498400921069462,1.0,3
0.21260040160642568,0.128,1.0,0.21254490357021005,0.12498400921069462,1.0,3
0.3107429718875502,0.128,1.0,0.3105882116839591,0.12498400921069462,1.0,3
0.40863453815261047,0.128,1.0,0.4086335266611812,0.12498400921069462,1.0,3
0.5067771084337349,0.128,1.0,0.5066948965461879,0.12498400921069462,1.0,3
0.6009036144578314,0.128,1.0,0.6008188002970157,0.12498400921069462,1.0,3
0.6950301204819278,0.128,1.0,0.6949427040478435,0.12498400921069462,1.0,3
0.7891566265060241,0.128,1.0,0.7890646009351983,0.12498400921069462,1.0,3
0.8872991967871486,0.128,1.0,0.8871099159124205,0.12498400921069462,1.0,3
0.9851907630522089,0.128,1.0,0.9851552308896425,0.12498400921069462,1.0,3
0.07931726907630526,0.128,1.0,0.07921692187280499,0.12498400921069462,1.0,3
0.17720883534136544,0.128,1.0,0.17726223685002707,0.12498400921069462,1.0,3
0.27535140562248994,0.128,1.0,0.2753075518272491,0.12498400921069462,1.0,3
0.37349397590361444,0.128,1.0,0.3733528668044712,0.12498400921069462,1.0,3
0.47138554216867473,0.128,1.0,0.47139818178169335,0.12498400921069462,1.0,3
0.5695281124497993,0.128,1.0,0.5694595516667,0.12498400921069462,1.0,3
0.6636546184738956,0.128,1.0,0.6635834554175278,0.12498400921069462,1.0,3
0.757781124497992,0.128,1.0,0.7577053523048827,0.12498400921069462,1.0,3
0.8559236947791165,0.128,1.0,0.8557506672821047,0.12498400921069462,1.0,3
0.9538152610441768,0.128,1.0,0.9537959822593268,0.12498400921069462,1.0,3
0.04794176706827313,0.128,1.0,0.047857673242489296,0.12498400921069462,1.0,3
0.14608433734939763,0.128,1.0,0.14590298821971137,0.12498400921069462,1.0,3
0.2439759036144578,0.128,1.0,0.24394830319693345,0.12498400921069462,1.0,3
0.34211847389558236,0.128,1.0,0.3419936181741556,0.12498400921069462,1.0,3
0.4400100401606426,0.128,1.0,0.44003893315137765,0.12498400921069462,1.0,3
0.5381526104417671,0.128,1.0,0.5381003030363843,0.12498400921069462,1.0,3
0.6322791164658634,0.128,1.0,0.6322242067872123,0.12498400921069462,1.0,3
0.7264056224899599,0.128,1.0,0.726346103674567,0.12498400921069462,1.0,3
0.8245481927710844,0.128,1.0,0.8243914186517891,0.12498400921069462,1.0,3
0.9224397590361446,0.128,1.0,0.9224367336290111,0.12498400921069462,1.0,3
0.016566265060241003,0.128,1.0,0.01650043147564667,0.12498400921069462,1.0,3
0.1147088353413655,0.128,1.0,0.11454373958939568,0.12498400921069462,1.0,3
0.21260040160642568,0.128,1.0,0.2125890545666178,0.12498400921069462,1.0,3
0.3107429718875502,0.128,1.0,0.3106343695438399,0.12498400921069462,1.0,3
0.40863453815261047,0.128,1.0,0.40867968452106196,0.12498400921069462,1.0,3
0.5067771084337349,0.128,1.0,0.5067410544060686,0.12498400921069462,1.0,3
0.6009036144578314,0.128,1.0,0.6008649581568966,0.12498400921069462,1.0,3
0.6950301204819278,0.128,1.0,0.6949868550442513,0.12498400921069462,1.0,3
0.7891566265060241,0.128,1.0,0.7891107587950791,0.12498400921069462,1.0,3
0.8872991967871486,0.128,1.0,0.8871560737723012,0.12498400921069462,1.0,3
0.9851907630522089,0.128,1.0,0.9852013887495232,0.12498400921069462,1.0,3
0.07931726907630526,0.128,1.0,0.07926307973268576,0.12498400921069462,1.0,3
0.17745983935742976,0.128,1.0,0.17730839470990784,0.12498400921069462,1.0,3
0.27535140562248994,0.128,1.0,0.2753537096871299,0.12498400921069462,1.0,3
0.37349397590361444,0.128,1.0,0.37339902466435204,0.12498400921069462,1.0,3
0.471636546184739,0.128,1.0,0.4714443396415741,0.12498400921069462,1.0,3
0.5695281124497993,0.128,1.0,0.5695057095265809,0.12498400921069462,1.0,3
0.6636546184738956,0.128,1.0,0.6636296132774087,0.12498400921069462,1.0,3
0.757781124497992,0.128,1.0,0.7577515101647634,0.12498400921069462,1.0,3
0.8559236947791165,0.128,1.0,0.8557968251419855,0.12498400921069462,1.0,3
0.9538152610441768,0.128,1.0,0.9538421401192076,0.12498400921069462,1.0,3
0.04794176706827313,0.128,1.0,0.047903831102370065,0.12498400921069462,1.0,3
0.14608433734939763,0.128,1.0,0.14594914607959214,0.12498400921069462,1.0,3
0.2439759036144578,0.128,1.0,0.24399446105681427,0.12498400921069462,1.0,3
0.34211847389558236,0.128,1.0,0.34203977603403635,0.12498400921069462,1.0,3
0.44026104417670686,0.128,1.0,0.4400850910112584,0.12498400921069462,1.0,3
0.5381526104417671,0.128,1.0,0.5381464608962652,0.12498400921069462,1.0,3
0.6322791164658634,0.128,1.0,0.632270364647093,0.12498400921069462,1.0,3
0.7264056224899599,0.128,1.0,0.7263922615344477,0.12498400921069462,1.0,3
0.8245481927710844,0.128,1.0,0.8244375765116698,0.12498400921069462,1.0,3
0.9226907630522089,0.128,1.0,0.9224828914888918,0.12498400921069462,1.0,3
0.016566265060241003,0.128,1.0,0.01654458247205437,0.12498400921069462,1.0,3
0.1147088353413655,0.128,1.0,0.11458989744927645,0.12498400921069462,1.0,3
0.21260040160642568,0.128,1.0,0.21263521242649858,0.12498400921069462,1.0,3
0.3107429718875502,0.128,1.0,0.31068052740372065,0.12498400921069462,1.0,3
0.40888554216867473,0.128,1.0,0.4087258423809428,0.12498400921069462,1.0,3
0.5067771084337349,0.128,1.0,0.5067872122659495,0.12498400921069462,1.0,3
0.6009036144578314,0.128,1.0,0.6009111160167773,0.12498400921069462,1.0,3
0.6950301204819278,0.128,1.0,0.6950330129041321,0.12498400921069462,1.0,3
0.7891566265060241,0.128,1.0,0.7891569166549599,0.12498400921069462,1.0,3
0.8872991967871486,0.128,1.0,0.8872022316321819,0.12498400921069462,1.0,3
0.9854417670682731,0.128,1.0,0.9852475466094041,0.12498400921069462,1.0,3
0.07931726907630526,0.128,1.0,0.07930923759256653,0.12498400921069462,1.0,3
0.17745983935742976,0.128,1.0,0.1773545525697886,0.12498400921069462,1.0,3
0.27535140562248994,0.128,1.0,0.27539986754701073,0.12498400921069462,1.0,3
0.37349397590361444,0.128,1.0,0.3734451825242328,0.12498400921069462,1.0,3
0.471636546184739,0.128,1.0,0.4714904975014549,0.12498400921069462,1.0,3
0.5695281124497993,0.128,1.0,0.5695518673864617,0.12498400921069462,1.0,3
0.6636546184738956,0.128,1.0,0.6636737642738164,0.12498400921069462,1.0,3
0.757781124497992,0.128,1.0,0.7577976680246442,0.12498400921069462,1.0,3
0.8559236947791165,0.128,1.0,0.8558429830018663,0.12498400921069462,1.0,3
0.954066265060241,0.128,1.0,0.9538882979790884,0.12498400921069462,1.0,3
0.04794176706827313,0.128,1.0,0.047949988962250834,0.12498400921069462,1.0,3
0.14608433734939763,0.128,1.0,0.1459953039394729,0.12498400921069462,1.0,3
0.24422690763052213,0.128,1.0,0.24404061891669504,0.12498400921069462,1.0,3
0.34211847389558236,0.128,1.0,0.34208593389391717,0.12498400921069462,1.0,3
0.44026104417670686,0.128,1.0,0.44013124887113925,0.12498400921069462,1.0,3
0.5381526104417671,0.128,1.0,0.538192618756146,0.12498400921069462,1.0,3
0.6322791164658634,0.128,1.0,0.6323145156435007,0.12498400921069462,1.0,3
0.7264056224899599,0.128,1.0,0.7264384193943285,0.12498400921069462,1.0,3
0.8245481927710844,0.128,1.0,0.8244837343715505,0.12498400921069462,1.0,3
0.9226907630522089,0.128,1.0,0.9225290493487728,0.12498400921069462,1.0,3
0.016566265060241003,0.128,1.0,0.01659074033193514,0.12498400921069462,1.0,3
0.1147088353413655,0.128,1.0,0.11463605530915721,0.12498400921069462,1.0,3
0.21285140562249,0.128,1.0,0.21268137028637935,0.12498400921069462,1.0,3
0.3107429718875502,0.128,1.0,0.3107266852636015,0.12498400921069462,1.0,3
0.40888554216867473,0.128,1.0,0.40877200024082355,0.12498400921069462,1.0,3
0.5070281124497992,0.128,1.0,0.5068333701258303,0.12498400921069462,1.0,3
0.6011546184738956,0.128,1.0,0.6009572738766581,0.12498400921069462,1.0,3
0.695281124497992,0.128,1.0,0.6950791707640128,0.12498400921069462,1.0,3
0.7894076305220884,0.128,1.0,0.7892030745148406,0.12498400921069462,1.0,3
0.8872991967871486,0.128,1.0,0.8872483894920628,0.12498400921069462,1.0,3
0.9854417670682731,0.128,1.0,0.9852937044692849,0.12498400921069462,1.0,3
0.07931726907630526,0.128,1.0,0.0793553954524473,0.12498400921069462,1.0,3
0.17745983935742976,0.128,1.0,0.17740071042966937,0.12498400921069462,1.0,3
0.2756024096385542,0.128,1.0,0.2754460254068915,0.12498400921069462,1.0,3
0.37349397590361444,0.128,1.0,0.3734913403841136,0.12498400921069462,1.0,3
0.471636546184739,0.128,1.0,0.4715366553613357,0.12498400921069462,1.0,3
0.5697791164658634,0.128,1.0,0.5695980252463424,0.12498400921069462,1.0,3
0.6639056224899599,0.128,1.0,0.6637199221336971,0.12498400921069462,1.0,3
0.7580321285140563,0.128,1.0,0.757843825884525,0.12498400921069462,1.0,3
0.8559236947791165,0.128,1.0,0.855889140861747,0.12498400921069462,1.0,3
0.954066265060241,0.128,1.0,0.9539344558389693,0.12498400921069462,1.0,3
0.04794176706827313,0.128,1.0,0.04799614682213166,0.12498400921069462,1.0,3
0.14608433734939763,0.128,1.0,0.14604146179935373,0.12498400921069462,1.0,3
0.24422690763052213,0.128,1.0,0.24408677677657586,0.12498400921069462,1.0,3
0.34211847389558236,0.128,1.0,0.3421320917537979,0.12498400921069462,1.0,3
0.44026104417670686,0.128,1.0,0.44017740673102,0.12498400921069462,1.0,3
0.5384036144578314,0.128,1.0,0.5382387766160267,0.12498400921069462,1.0,3
0.6325301204819278,0.128,1.0,0.6323606735033815,0.12498400921069462,1.0,3
0.7266566265060241,0.128,1.0,0.7264845772542093,0.12498400921069462,1.0,3
0.8245481927710844,0.128,1.0,0.8245298922314315,0.12498400921069462,1.0,3
0.9226907630522089,0.128,1.0,0.9225752072086535,0.12498400921069462,1.0,3
0.016817269076305208,0.128,1.0,0.016636898191815963,0.12498400921069462,1.0,3
0.1147088353413655,0.128,1.0,0.1146822131690381,0.12498400921069462,1.0,3
0.21285140562249,0.128,1.0,0.21272752814626017,0.12498400921069462,1.0,3
0.3107429718875502,0.128,1.0,0.31077284312348225,0.12498400921069462,1.0,3
0.40888554216867473,0.128,1.0,0.4088181581007043,0.12498400921069462,1.0,3
0.5070281124497992,0.128,1.0,0.5068795279857111,0.12498400921069462,1.0,3
0.6011546184738956,0.128,1.0,0.6010014248730658,0.12498400921069462,1.0,3
0.695281124497992,0.128,1.0,0.6951253286238936,0.12498400921069462,1.0,3
0.7894076305220884,0.128,1.0,0.7892492323747216,0.12498400921069462,1.0,3
0.8872991967871486,0.128,1.0,0.8872945473519436,0.12498400921069462,1.0,3
0.9854417670682731,0.128,1.0,0.9853398623291656,0.12498400921069462,1.0,3
0.07956827309236947,0.128,1.0,0.07940155331232812,0.12498400921069462,1.0,3
0.17745983935742976,0.128,1.0,0.1774468682895502,0.12498400921069462,1.0,3
0.2756024096385542,0.128,1.0,0.27549218326677233,0.12498400921069462,1.0,3
0.37349397590361444,0.128,1.0,0.3735374982439944,0.12498400921069462,1.0,3
0.471636546184739,0.128,1.0,0.4715828132212165,0.12498400921069462,1.0,3
0.5697791164658634,0.128,1.0,0.5696421762427502,0.12498400921069462,1.0,3
0.6639056224899599,0.128,1.0,0.663766079993578,0.12498400921069462,1.0,3
0.7580321285140563,0.128,1.0,0.7578899837444057,0.12498400921069462,1.0,3
0.8559236947791165,0.128,1.0,0.8559352987216279,0.12498400921069462,1.0,3
0.954066265060241,0.128,1.0,0.95398061369885,0.12498400921069462,1.0,3
0.04819277108433734,0.128,1.0,0.04804230468201243,0.12498400921069462,1.0,3
0.14608433734939763,0.128,1.0,0.14608761965923456,0.12498400921069462,1.0,3
0.24422690763052213,0.128,1.0,0.24413293463645663,0.12498400921069462,1.0,3
0.3423694779116466,0.128,1.0,0.3421782496136787,0.12498400921069462,1.0,3
0.44026104417670686,0.128,1.0,0.44022356459090084,0.12498400921069462,1.0,3
0.5384036144578314,0.128,1.0,0.5382849344759075,0.12498400921069462,1.0,3
0.6325301204819278,0.128,1.0,0.6324068313632623,0.12498400921069462,1.0,3
0.7266566265060241,0.128,1.0,0.7265307351140902,0.12498400921069462,1.0,3
0.8245481927710844,0.128,1.0,0.8245760500913122,0.12498400921069462,1.0,3
0.9226907630522089,0.128,1.0,0.9226213650685343,0.12498400921069462,1.0,3
0.016817269076305208,0.128,1.0,0.016683056051696732,0.12498400921069462,1.0,3
0.1147088353413655,0.128,1.0,0.11472837102891886,0.12498400921069462,1.0,3
0.21285140562249,0.128,1.0,0.21277368600614094,0.12498400921069462,1.0,3
0.31099397590361444,0.128,1.0,0.310819000983363,0.12498400921069462,1.0,3
0.40888554216867473,0.128,1.0,0.40886431596058515,0.12498400921069462,1.0,3
0.5070281124497992,0.128,1.0,0.5069256858455918,0.12498400921069462,1.0,3
0.6011546184738956,0.128,1.0,0.6010475827329467,0.12498400921069462,1.0,3
0.695281124497992,0.128,1.0,0.6951714864837745,0.12498400921069462,1.0,3
0.7894076305220884,0.128,1.0,0.7892953902346023,0.12498400921069462,1.0,3
0.8875502008032129,0.128,1.0,0.8873407052118243,0.12498400921069462,1.0,3
0.9854417670682731,0.128,1.0,0.9853860201890465,0.12498400921069462,1.0,3
0.07956827309236947,0.128,1.0,0.07944771117220889,0.12498400921069462,1.0,3
0.17745983935742976,0.128,1.0,0.17749302614943102,0.12498400921069462,1.0,3
0.2756024096385542,0.128,1.0,0.2755383411266531,0.12498400921069462,1.0,3
0.3737449799196787,0.128,1.0,0.37358365610387523,0.12498400921069462,1.0,3
0.471636546184739,0.128,1.0,0.4716289710810973,0.12498400921069462,1.0,3
0.5697791164658634,0.128,1.0,0.5696883341026309,0.12498400921069462,1.0,3
0.6639056224899599,0.128,1.0,0.6638122378534588,0.12498400921069462,1.0,3
0.7580321285140563,0.128,1.0,0.7579361416042866,0.12498400921069462,1.0,3
0.8561746987951808,0.128,1.0,0.8559814565815087,0.12498400921069462,1.0,3
0.954066265060241,0.128,1.0,0.9540267715587307,0.12498400921069462,1.0,3
0.04819277108433734,0.128,1.0,0.048088462541893195,0.12498400921069462,1.0,3
0.14608433734939763,0.128,1.0,0.14613377751911533,0.12498400921069462,1.0,3
0.24422690763052213,0.128,1.0,0.2441790924963374,0.12498400921069462,1.0,3
0.3423694779116466,0.128,1.0,0.34222440747355953,0.12498400921069462,1.0,3
0.44026104417670686,0.128,1.0,0.4402697224507816,0.12498400921069462,1.0,3
0.5384036144578314,0.128,1.0,0.5383290854723153,0.12498400921069462,1.0,3
0.6325301204819278,0.128,1.0,0.6324529892231431,0.12498400921069462,1.0,3
0.7266566265060241,0.128,1.0,0.7265768929739709,0.12498400921069462,1.0,3
0.8247991967871486,0.128,1.0,0.824622207951193,0.12498400921069462,1.0,3
0.9226907630522089,0.128,1.0,0.9226675229284151,0.12498400921069462,1.0,3
0.016817269076305208,0.128,1.0,0.016729213911577556,0.12498400921069462,1.0,3
0.1149598393574297,0.128,1.0,0.11477452888879963,0.12498400921069462,1.0,3
0.21285140562249,0.128,1.0,0.2128198438660217,0.12498400921069462,1.0,3
0.31099397590361444,0.128,1.0,0.31086515884324384,0.12498400921069462,1.0,3
0.40888554216867473,0.128,1.0,0.4089104738204659,0.12498400921069462,1.0,3
0.5070281124497992,0.128,1.0,0.5069698368419996,0.12498400921069462,1.0,3
0.6011546184738956,0.128,1.0,0.6010937405928274,0.12498400921069462,1.0,3
0.695281124497992,0.128,1.0,0.6952176443436553,0.12498400921069462,1.0,3
0.7894076305220884,0.128,1.0,0.789341548094483,0.12498400921069462,1.0,3
0.8875502008032129,0.128,1.0,0.8873868630717051,0.12498400921069462,1.0,3
0.9854417670682731,0.128,1.0,0.9854321780489272,0.12498400921069462,1.0,3
0.07956827309236947,0.128,1.0,0.07949386903208966,0.12498400921069462,1.0,3
0.17771084337349397,0.128,1.0,0.1775391840093118,0.12498400921069462,1.0,3
0.2756024096385542,0.128,1.0,0.2755844989865339,0.12498400921069462,1.0,3
0.3737449799196787,0.128,1.0,0.373629813963756,0.12498400921069462,1.0,3
0.471636546184739,0.128,1.0,0.4716751289409781,0.12498400921069462,1.0,3
0.5697791164658634,0.128,1.0,0.5697344919625117,0.12498400921069462,1.0,3
0.6639056224899599,0.128,1.0,0.6638583957133395,0.12498400921069462,1.0,3
0.7580321285140563,0.128,1.0,0.7579822994641674,0.12498400921069462,1.0,3
0.8561746987951808,0.128,1.0,0.8560276144413894,0.12498400921069462,1.0,3
0.954066265060241,0.128,1.0,0.9540729294186117,0.12498400921069462,1.0,3
0.04819277108433734,0.128,1.0,0.048134620401773964,0.12498400921069462,1.0,3
0.14633534136546184,0.128,1.0,0.1461799353789961,0.12498400921069462,1.0,3
0.24422690763052213,0.128,1.0,0.24422525035621817,0.12498400921069462,1.0,3
0.3423694779116466,0.128,1.0,0.3422705653334403,0.12498400921069462,1.0,3
0.4405120481927711,0.128,1.0,0.4403158803106624,0.12498400921069462,1.0,3
0.5384036144578314,0.128,1.0,0.538375243332196,0.12498400921069462,1.0,3
0.6325301204819278,0.128,1.0,0.6324991470830239,0.12498400921069462,1.0,3
0.7266566265060241,0.128,1.0,0.7266230508338517,0.12498400921069462,1.0,3
0.8247991967871486,0.128,1.0,0.8246683658110738,0.12498400921069462,1.0,3
0.9226907630522089,0.128,1.0,0.9227136807882959,0.12498400921069462,1.0,3
0.016817269076305208,0.128,1.0,0.01677537177145838,0.12498400921069462,1.0,3
0.1149598393574297,0.128,1.0,0.11482068674868046,0.12498400921069462,1.0,3
0.21285140562249,0.128,1.0,0.21286600172590253,0.12498400921069462,1.0,3
0.31099397590361444,0.128,1.0,0.3109113167031246,0.12498400921069462,1.0,3
0.409136546184739,0.128,1.0,0.4089566316803467,0.12498400921069462,1.0,3
0.5070281124497992,0.128,1.0,0.5070159947018804,0.12498400921069462,1.0,3
0.6011546184738956,0.128,1.0,0.6011398984527082,0.12498400921069462,1.0,3
0.695281124497992,0.128,1.0,0.695263802203536,0.12498400921069462,1.0,3
0.7894076305220884,0.128,1.0,0.7893877059543639,0.12498400921069462,1.0,3
0.8875502008032129,0.128,1.0,0.8874330209315859,0.12498400921069462,1.0,3
0.9856927710843374,0.128,1.0,0.9854783359088081,0.12498400921069462,1.0,3
0.07956827309236947,0.128,1.0,0.07954002689197048,0.12498400921069462,1.0,3
0.17771084337349397,0.128,1.0,0.17758534186919261,0.12498400921069462,1.0,3
0.2756024096385542,0.128,1.0,0.27563065684641463,0.12498400921069462,1.0,3
0.3737449799196787,0.128,1.0,0.37367597182363677,0.12498400921069462,1.0,3
0.47188755020080325,0.128,1.0,0.4717212868008589,0.12498400921069462,1.0,3
0.5697791164658634,0.128,1.0,0.5697806498223925,0.12498400921069462,1.0,3
0.6639056224899599,0.128,1.0,0.6639045535732203,0.12498400921069462,1.0,3
0.7580321285140563,0.128,1.0,0.7580284573240481,0.12498400921069462,1.0,3
0.8561746987951808,0.128,1.0,0.8560737723012704,0.12498400921069462,1.0,3
0.9543172690763053,0.128,1.0,0.9541190872784924,0.12498400921069462,1.0,3
0.04819277108433734,0.128,1.0,0.048180778261654844,0.12498400921069462,1.0,3
0.14633534136546184,0.128,1.0,0.14622609323887692,0.12498400921069462,1.0,3
0.24422690763052213,0.128,1.0,0.244271408216099,0.12498400921069462,1.0,3
0.3423694779116466,0.128,1.0,0.34231672319332107,0.12498400921069462,1.0,3
0.4405120481927711,0.128,1.0,0.4403620381705432,0.12498400921069462,1.0,3
0.5384036144578314,0.128,1.0,0.5384214011920768,0.12498400921069462,1.0,3
0.6325301204819278,0.128,1.0,0.6325453049429046,0.12498400921069462,1.0,3
0.7266566265060241,0.128,1.0,0.7266692086937325,0.12498400921069462,1.0,3
0.8247991967871486,0.128,1.0,0.8247145236709545,0.12498400921069462,1.0,3
0.9229417670682731,0.128,1.0,0.9227598386481767,0.12498400921069462,1.0,3
0.016817269076305208,0.128,1.0,0.01682152963133915,0.12498400921069462,1.0,3
0.1149598393574297,0.128,1.0,0.11486684460856122,0.12498400921069462,1.0,3
0.2131024096385542,0.128,1.0,0.21291215958578336,0.12498400921069462,1.0,3
0.31099397590361444,0.128,1.0,0.31095747456300543,0.12498400921069462,1.0,3
0.409136546184739,0.128,1.0,0.4090027895402275,0.12498400921069462,1.0,3
0.5070281124497992,0.128,1.0,0.5070621525617611,0.12498400921069462,1.0,3
0.6011546184738956,0.128,1.0,0.601186056312589,0.12498400921069462,1.0,3
0.695281124497992,0.128,1.0,0.6953099600634168,0.12498400921069462,1.0,3
0.7894076305220884,0.128,1.0,0.7894338638142446,0.12498400921069462,1.0,3
0.8875502008032129,0.128,1.0,0.8874791787914668,0.12498400921069462,1.0,3
0.9856927710843374,0.128,1.0,0.9855224869052157,0.12498400921069462,1.0,3
0.07956827309236947,0.128,1.0,0.07958618475185131,0.12498400921069462,1.0,3
0.17771084337349397,0.128,1.0,0.17763149972907338,0.12498400921069462,1.0,3
0.27585341365461846,0.128,1.0,0.27567681470629546,0.12498400921069462,1.0,3
0.3737449799196787,0.128,1.0,0.3737221296835176,0.12498400921069462,1.0,3
0.47188755020080325,0.128,1.0,0.4717654377972666,0.12498400921069462,1.0,3
0.5700301204819278,0.128,1.0,0.5698268076822733,0.12498400921069462,1.0,3
0.6641566265060241,0.128,1.0,0.6639507114331011,0.12498400921069462,1.0,3
0.7582831325301205,0.128,1.0,0.758074615183929,0.12498400921069462,1.0,3
0.8561746987951808,0.128,1.0,0.8561199301611511,0.12498400921069462,1.0,3
0.9543172690763053,0.128,1.0,0.9541652451383731,0.12498400921069462,1.0,3
0.04819277108433734,0.128,1.0,0.04822693612153561,0.12498400921069462,1.0,3
0.14633534136546184,0.128,1.0,0.1462722510987577,0.12498400921069462,1.0,3
0.24447791164658633,0.128,1.0,0.24431756607597976,0.12498400921069462,1.0,3
0.3423694779116466,0.128,1.0,0.3423628810532019,0.12498400921069462,1.0,3
0.4405120481927711,0.128,1.0,0.44040819603042397,0.12498400921069462,1.0,3
0.5386546184738956,0.128,1.0,0.5384675590519576,0.12498400921069462,1.0,3
0.632781124497992,0.128,1.0,0.6325914628027854,0.12498400921069462,1.0,3
0.7269076305220884,0.128,1.0,0.7267153665536132,0.12498400921069462,1.0,3
0.8247991967871486,0.128,1.0,0.8247606815308354,0.12498400921069462,1.0,3
0.9229417670682731,0.128,1.0,0.9228059965080575,0.12498400921069462,1.0,3
0.016817269076305208,0.128,1.0,0.016867687491219918,0.12498400921069462,1.0,3
0.1149598393574297,0.128,1.0,0.114913002468442,0.12498400921069462,1.0,3
0.2131024096385542,0.128,1.0,0.21295831744566412,0.12498400921069462,1.0,3
0.31099397590361444,0.128,1.0,0.3110036324228862,0.12498400921069462,1.0,3
0.409136546184739,0.128,1.0,0.40904894740010833,0.12498400921069462,1.0,3
0.5072791164658634,0.128,1.0,0.507108310421642,0.12498400921069462,1.0,3
0.6014056224899599,0.128,1.0,0.6012322141724697,0.12498400921069462,1.0,3
0.6955321285140563,0.128,1.0,0.6953561179232977,0.12498400921069462,1.0,3
0.7896586345381527,0.128,1.0,0.7894780148106524,0.12498400921069462,1.0,3
0.8875502008032129,0.128,1.0,0.8875233297878744,0.12498400921069462,1.0,3
0.9856927710843374,0.128,1.0,0.9855686447650965,0.12498400921069462,1.0,3
0.07981927710843373,0.128,1.0,0.07963234261173208,0.12498400921069462,1.0,3
0.17771084337349397,0.128,1.0,0.17767565072548108,0.12498400921069462,1.0,3
0.27585341365461846,0.128,1.0,0.2757209657027032,0.12498400921069462,1.0,3
0.3737449799196787,0.128,1.0,0.3737662806799253,0.12498400921069462,1.0,3
0.47188755020080325,0.128,1.0,0.47181159565714736,0.12498400921069462,1.0,3
0.5700301204819278,0.128,1.0,0.569872965542154,0.12498400921069462,1.0,3
0.6641566265060241,0.128,1.0,0.663996869292982,0.12498400921069462,1.0,3
0.7582831325301205,0.128,1.0,0.7581187661803367,0.12498400921069462,1.0,3
0.8561746987951808,0.128,1.0,0.8561640811575588,0.12498400921069462,1.0,3
0.9543172690763053,0.128,1.0,0.9542093961347808,0.12498400921069462,1.0,3
0.0484437751004016,0.128,1.0,0.04827309398141638,0.12498400921069462,1.0,3
0.14633534136546184,0.128,1.0,0.14631840895863846,0.12498400921069462,1.0,3
0.24447791164658633,0.128,1.0,0.24436171707238752,0.12498400921069462,1.0,3
0.3423694779116466,0.128,1.0,0.3424070320496096,0.12498400921069462,1.0,3
0.4405120481927711,0.128,1.0,0.44045234702683167,0.12498400921069462,1.0,3
0.5386546184738956,0.128,1.0,0.5385137169118385,0.12498400921069462,1.0,3
0.632781124497992,0.128,1.0,0.6326376206626663,0.12498400921069462,1.0,3
0.7269076305220884,0.128,1.0,0.7267615244134941,0.12498400921069462,1.0,3
0.8247991967871486,0.128,1.0,0.824804832527243,0.12498400921069462,1.0,3
0.9229417670682731,0.128,1.0,0.9228501475044653,0.12498400921069462,1.0,3
0.017068273092369468,0.128,1.0,0.016913845351100687,0.12498400921069462,1.0,3
0.1149598393574297,0.128,1.0,0.11495916032832276,0.12498400921069462,1.0,3
0.2131024096385542,0.128,1.0,0.2130044753055449,0.12498400921069462,1.0,3
0.3112449799196787,0.128,1.0,0.31104778341929396,0.12498400921069462,1.0,3
0.409136546184739,0.128,1.0,0.40909309839651603,0.12498400921069462,1.0,3
0.5072791164658634,0.128,1.0,0.5071544682815228,0.12498400921069462,1.0,3
0.6014056224899599,0.128,1.0,0.6012783720323506,0.12498400921069462,1.0,3
0.6955321285140563,0.128,1.0,0.6954022757831784,0.12498400921069462,1.0,3
0.7896586345381527,0.128,1.0,0.7895241726705331,0.12498400921069462,1.0,3
0.8875502008032129,0.128,1.0,0.8875694876477552,0.12498400921069462,1.0,3
0.9856927710843374,0.128,1.0,0.9856148026249774,0.12498400921069462,1.0,3
0.07981927710843373,0.128,1.0,0.07967649360813978,0.12498400921069462,1.0,3
0.17771084337349397,0.128,1.0,0.17772180858536185,0.12498400921069462,1.0,3
0.27585341365461846,0.128,1.0,0.275767123562584,0.12498400921069462,1.0,3
0.37399598393574296,0.128,1.0,0.37381243853980606,0.12498400921069462,1.0,3
0.47188755020080325,0.128,1.0,0.4718577535170282,0.12498400921069462,1.0,3
0.5700301204819278,0.128,1.0,0.5699191234020349,0.12498400921069462,1.0,3
0.6641566265060241,0.128,1.0,0.6640430271528627,0.12498400921069462,1.0,3
0.7582831325301205,0.128,1.0,0.7581649240402175,0.12498400921069462,1.0,3
0.8561746987951808,0.128,1.0,0.8562102390174395,0.12498400921069462,1.0,3
0.9543172690763053,0.128,1.0,0.9542555539946617,0.12498400921069462,1.0,3
0.0484437751004016,0.128,1.0,0.04831724497782408,0.12498400921069462,1.0,3
0.14633534136546184,0.128,1.0,0.1463625599550462,0.12498400921069462,1.0,3
0.24447791164658633,0.128,1.0,0.2444078749322683,0.12498400921069462,1.0,3
0.3426204819277109,0.128,1.0,0.3424531899094904,0.12498400921069462,1.0,3
0.4405120481927711,0.128,1.0,0.4404985048867125,0.12498400921069462,1.0,3
0.5386546184738956,0.128,1.0,0.5385598747717192,0.12498400921069462,1.0,3
0.632781124497992,0.128,1.0,0.6326837785225471,0.12498400921069462,1.0,3
0.7269076305220884,0.128,1.0,0.7268056754099018,0.12498400921069462,1.0,3
0.8250502008032129,0.128,1.0,0.8248509903871238,0.12498400921069462,1.0,3
0.9229417670682731,0.128,1.0,0.922896305364346,0.12498400921069462,1.0,3
0.017068273092369468,0.128,1.0,0.01696000321098151,0.12498400921069462,1.0,3
0.1149598393574297,0.128,1.0,0.11500331132473052,0.12498400921069462,1.0,3
0.2131024096385542,0.128,1.0,0.2130486263019526,0.12498400921069462,1.0,3
0.3112449799196787,0.128,1.0,0.3110939412791747,0.12498400921069462,1.0,3
0.409136546184739,0.128,1.0,0.4091392562563968,0.12498400921069462,1.0,3
0.5072791164658634,0.128,1.0,0.5072006261414035,0.12498400921069462,1.0,3
0.6014056224899599,0.128,1.0,0.6013245298922314,0.12498400921069462,1.0,3
0.6955321285140563,0.128,1.0,0.6954464267795861,0.12498400921069462,1.0,3
0.7896586345381527,0.128,1.0,0.7895703305304139,0.12498400921069462,1.0,3
0.8878012048192772,0.128,1.0,0.887615645507636,0.12498400921069462,1.0,3
0.9856927710843374,0.128,1.0,0.9856609604848582,0.12498400921069462,1.0,3
0.07981927710843373,0.128,1.0,0.07972265146802054,0.12498400921069462,1.0,3
0.17771084337349397,0.128,1.0,0.17776796644524268,0.12498400921069462,1.0,3
0.27585341365461846,0.128,1.0,0.27581328142246475,0.12498400921069462,1.0,3
0.37399598393574296,0.128,1.0,0.3738585963996869,0.12498400921069462,1.0,3
0.47188755020080325,0.128,1.0,0.47190391137690896,0.12498400921069462,1.0,3
0.5700301204819278,0.128,1.0,0.5699652812619157,0.12498400921069462,1.0,3
0.6641566265060241,0.128,1.0,0.6640891850127435,0.12498400921069462,1.0,3
0.7582831325301205,0.128,1.0,0.7582110819000982,0.12498400921069462,1.0,3
0.856425702811245,0.128,1.0,0.8562563968773204,0.12498400921069462,1.0,3
0.9543172690763053,0.128,1.0,0.9543017118545425,0.12498400921069462,1.0,3
0.0484437751004016,0.128,1.0,0.048363402837704905,0.12498400921069462,1.0,3
0.14658634538152615,0.128,1.0,0.14640871781492704,0.12498400921069462,1.0,3
0.24447791164658633,0.128,1.0,0.2444540327921491,0.12498400921069462,1.0,3
0.3426204819277109,0.128,1.0,0.3424993477693712,0.12498400921069462,1.0,3
0.4405120481927711,0.128,1.0,0.44054466274659326,0.12498400921069462,1.0,3
0.5386546184738956,0.128,1.0,0.5386060326316,0.12498400921069462,1.0,3
0.632781124497992,0.128,1.0,0.6327299363824278,0.12498400921069462,1.0,3
0.7269076305220884,0.128,1.0,0.7268518332697825,0.12498400921069462,1.0,3
0.8250502008032129,0.128,1.0,0.8248971482470047,0.12498400921069462,1.0,3
0.9229417670682731,0.128,1.0,0.9229424632242268,0.12498400921069462,1.0,3
0.017068273092369468,0.128,1.0,0.017004154207389266,0.12498400921069462,1.0,3
0.11521084337349402,0.128,1.0,0.11504946918461134,0.12498400921069462,1.0,3
0.2131024096385542,0.128,1.0,0.21309478416183342,0.12498400921069462,1.0,3
0.3112449799196787,0.128,1.0,0.3111400991390555,0.12498400921069462,1.0,3
0.409136546184739,0.128,1.0,0.4091854141162776,0.12498400921069462,1.0,3
0.5072791164658634,0.128,1.0,0.5072467840012843,0.12498400921069462,1.0,3
0.6014056224899599,0.128,1.0,0.6013706877521121,0.12498400921069462,1.0,3
0.6955321285140563,0.128,1.0,0.695492584639467,0.12498400921069462,1.0,3
0.7896586345381527,0.128,1.0,0.7896164883902947,0.12498400921069462,1.0,3
0.8878012048192772,0.128,1.0,0.8876618033675168,0.12498400921069462,1.0,3
0.9856927710843374,0.128,1.0,0.985707118344739,0.12498400921069462,1.0,3
0.07981927710843373,0.128,1.0,0.07976880932790137,0.12498400921069462,1.0,3
0.17796184738955828,0.128,1.0,0.1778141243051235,0.12498400921069462,1.0,3
0.27585341365461846,0.128,1.0,0.2758594392823456,0.12498400921069462,1.0,3
0.37399598393574296,0.128,1.0,0.3739047542595677,0.12498400921069462,1.0,3
0.4721385542168675,0.128,1.0,0.4719500692367898,0.12498400921069462,1.0,3
0.5700301204819278,0.128,1.0,0.5700114391217965,0.12498400921069462,1.0,3
0.6641566265060241,0.128,1.0,0.6641333360091513,0.12498400921069462,1.0,3
0.7582831325301205,0.128,1.0,0.758257239759979,0.12498400921069462,1.0,3
0.856425702811245,0.128,1.0,0.8563025547372012,0.12498400921069462,1.0,3
0.9543172690763053,0.128,1.0,0.9543478697144232,0.12498400921069462,1.0,3
0.0484437751004016,0.128,1.0,0.048409560697585674,0.12498400921069462,1.0,3
0.14658634538152615,0.128,1.0,0.1464548756748078,0.12498400921069462,1.0,3
0.24447791164658633,0.128,1.0,0.24450019065202988,0.12498400921069462,1.0,3
0.3426204819277109,0.128,1.0,0.342545505629252,0.12498400921069462,1.0,3
0.4407630522088354,0.128,1.0,0.4405908206064741,0.12498400921069462,1.0,3
0.5386546184738956,0.128,1.0,0.5386521904914808,0.12498400921069462,1.0,3
0.632781124497992,0.128,1.0,0.6327740873788356,0.12498400921069462,1.0,3
0.7269076305220884,0.128,1.0,0.7268979911296634,0.12498400921069462,1.0,3
0.8250502008032129,0.128,1.0,0.8249433061068855,0.12498400921069462,1.0,3
0.9231927710843374,0.128,1.0,0.9229886210841076,0.12498400921069462,1.0,3
0.017068273092369468,0.128,1.0,0.017050312067270035,0.12498400921069462,1.0,3
0.11521084337349402,0.128,1.0,0.11509562704449211,0.12498400921069462,1.0,3
0.2131024096385542,0.128,1.0,0.21314094202171419,0.12498400921069462,1.0,3
0.3112449799196787,0.128,1.0,0.3111862569989363,0.12498400921069462,1.0,3
0.40938755020080325,0.128,1.0,0.4092315719761584,0.12498400921069462,1.0,3
0.5072791164658634,0.128,1.0,0.5072929418611651,0.12498400921069462,1.0,3
0.6014056224899599,0.128,1.0,0.6014168456119929,0.12498400921069462,1.0,3
0.6955321285140563,0.128,1.0,0.6955387424993477,0.12498400921069462,1.0,3
0.7896586345381527,0.128,1.0,0.7896626462501755,0.12498400921069462,1.0,3
0.8878012048192772,0.128,1.0,0.8877079612273977,0.12498400921069462,1.0,3
0.9859437751004017,0.128,1.0,0.9857532762046197,0.12498400921069462,1.0,3
0.07981927710843373,0.128,1.0,0.07981496718778214,0.12498400921069462,1.0,3
0.17796184738955828,0.128,1.0,0.17786028216500427,0.12498400921069462,1.0,3
0.27585341365461846,0.128,1.0,0.27590559714222634,0.12498400921069462,1.0,3
0.37399598393574296,0.128,1.0,0.3739509121194484,0.12498400921069462,1.0,3
0.4721385542168675,0.128,1.0,0.47199622709667055,0.12498400921069462,1.0,3
0.5700301204819278,0.128,1.0,0.5700575969816772,0.12498400921069462,1.0,3
0.6641566265060241,0.128,1.0,0.664179493869032,0.12498400921069462,1.0,3
0.7582831325301205,0.128,1.0,0.7583033976198599,0.12498400921069462,1.0,3
0.856425702811245,0.128,1.0,0.8563487125970819,0.12498400921069462,1.0,3
0.9545682730923695,0.128,1.0,0.954394027574304,0.12498400921069462,1.0,3
0.0484437751004016,0.128,1.0,0.0484557185574665,0.12498400921069462,1.0,3
0.14658634538152615,0.128,1.0,0.14650103353468857,0.12498400921069462,1.0,3
0.24472891566265065,0.128,1.0,0.24454634851191065,0.12498400921069462,1.0,3
0.3426204819277109,0.128,1.0,0.3425916634891327,0.12498400921069462,1.0,3
0.4407630522088354,0.128,1.0,0.44063697846635486,0.12498400921069462,1.0,3
0.5386546184738956,0.128,1.0,0.5386983483513615,0.12498400921069462,1.0,3
0.632781124497992,0.128,1.0,0.6328202452387164,0.12498400921069462,1.0,3
0.7269076305220884,0.128,1.0,0.7269441489895442,0.12498400921069462,1.0,3
0.8250502008032129,0.128,1.0,0.8249894639667663,0.12498400921069462,1.0,3
0.9231927710843374,0.128,1.0,0.9230347789439883,0.12498400921069462,1.0,3
0.017068273092369468,0.128,1.0,0.017096469927150804,0.12498400921069462,1.0,3
0.11521084337349402,0.128,1.0,0.11514178490437288,0.12498400921069462,1.0,3
0.21335341365461852,0.128,1.0,0.213187099881595,0.12498400921069462,1.0,3
0.3112449799196787,0.128,1.0,0.31123241485881714,0.12498400921069462,1.0,3
0.40938755020080325,0.128,1.0,0.40927772983603916,0.12498400921069462,1.0,3
0.5075301204819277,0.128,1.0,0.507339099721046,0.12498400921069462,1.0,3
0.6016566265060241,0.128,1.0,0.6014609966084007,0.12498400921069462,1.0,3
0.6957831325301205,0.128,1.0,0.6955849003592285,0.12498400921069462,1.0,3
0.7899096385542169,0.128,1.0,0.7897088041100563,0.12498400921069462,1.0,3
0.8878012048192772,0.128,1.0,0.8877541190872784,0.12498400921069462,1.0,3
0.9859437751004017,0.128,1.0,0.9857994340645004,0.12498400921069462,1.0,3
0.07981927710843373,0.128,1.0,0.07986112504766296,0.12498400921069462,1.0,3
0.17796184738955828,0.128,1.0,0.17790644002488504,0.12498400921069462,1.0,3
0.2761044176706827,0.128,1.0,0.27595175500210717,0.12498400921069462,1.0,3
0.37399598393574296,0.128,1.0,0.37399706997932924,0.12498400921069462,1.0,3
0.4721385542168675,0.128,1.0,0.4720423849565513,0.12498400921069462,1.0,3
0.570281124497992,0.128,1.0,0.570101747978085,0.12498400921069462,1.0,3
0.6644076305220884,0.128,1.0,0.6642256517289128,0.12498400921069462,1.0,3
0.7585341365461848,0.128,1.0,0.7583495554797406,0.12498400921069462,1.0,3
0.856425702811245,0.128,1.0,0.8563948704569627,0.12498400921069462,1.0,3
0.9545682730923695,0.128,1.0,0.9544401854341849,0.12498400921069462,1.0,3
0.0484437751004016,0.128,1.0,0.04850187641734727,0.12498400921069462,1.0,3
0.14658634538152615,0.128,1.0,0.14654719139456934,0.12498400921069462,1.0,3
0.24472891566265065,0.128,1.0,0.24459250637179142,0.12498400921069462,1.0,3
0.3426204819277109,0.128,1.0,0.34263782134901355,0.12498400921069462,1.0,3
0.4407630522088354,0.128,1.0,0.4406831363262357,0.12498400921069462,1.0,3
0.5389056224899599,0.128,1.0,0.5387445062112424,0.12498400921069462,1.0,3
0.6330321285140563,0.128,1.0,0.6328664030985971,0.12498400921069462,1.0,3
0.7271586345381527,0.128,1.0,0.726990306849425,0.12498400921069462,1.0,3
0.8250502008032129,0.128,1.0,0.825035621826647,0.12498400921069462,1.0,3
0.9231927710843374,0.128,1.0,0.9230809368038692,0.12498400921069462,1.0,3
0.017319277108433728,0.128,1.0,0.017142627787031628,0.12498400921069462,1.0,3
0.11521084337349402,0.128,1.0,0.1151879427642537,0.12498400921069462,1.0,3
0.21335341365461852,0.128,1.0,0.21323325774147583,0.12498400921069462,1.0,3
0.3112449799196787,0.128,1.0,0.31127857271869785,0.12498400921069462,1.0,3
0.40938755020080325,0.128,1.0,0.40932388769592,0.12498400921069462,1.0,3
0.5075301204819277,0.128,1.0,0.5073852575809267,0.12498400921069462,1.0,3
0.6016566265060241,0.128,1.0,0.6015071544682815,0.12498400921069462,1.0,3
0.6957831325301205,0.128,1.0,0.6956310582191093,0.12498400921069462,1.0,3
0.7899096385542169,0.128,1.0,0.7897549619699371,0.12498400921069462,1.0,3
0.8878012048192772,0.128,1.0,0.8878002769471592,0.12498400921069462,1.0,3
0.9859437751004017,0.128,1.0,0.9858455919243814,0.12498400921069462,1.0,3
0.08007028112449799,0.128,1.0,0.07990728290754379,0.12498400921069462,1.0,3
0.17796184738955828,0.128,1.0,0.17795259788476586,0.12498400921069462,1.0,3
0.2761044176706827,0.128,1.0,0.27599791286198794,0.12498400921069462,1.0,3
0.37399598393574296,0.128,1.0,0.37404322783921007,0.12498400921069462,1.0,3
0.4721385542168675,0.128,1.0,0.47208854281643214,0.12498400921069462,1.0,3
0.570281124497992,0.128,1.0,0.5701479058379658,0.12498400921069462,1.0,3
0.6644076305220884,0.128,1.0,0.6642718095887936,0.12498400921069462,1.0,3
0.7585341365461848,0.128,1.0,0.7583957133396214,0.12498400921069462,1.0,3
0.856425702811245,0.128,1.0,0.8564410283168435,0.12498400921069462,1.0,3
0.9545682730923695,0.128,1.0,0.9544863432940656,0.12498400921069462,1.0,3
0.04869477911646586,0.128,1.0,0.04854803427722809,0.12498400921069462,1.0,3
0.14658634538152615,0.128,1.0,0.14659334925445017,0.12498400921069462,1.0,3
0.24472891566265065,0.128,1.0,0.2446386642316723,0.12498400921069462,1.0,3
0.34287148594377514,0.128,1.0,0.3426839792088944,0.12498400921069462,1.0,3
0.4407630522088354,0.128,1.0,0.44072929418611645,0.12498400921069462,1.0,3
0.5389056224899599,0.128,1.0,0.5387886572076501,0.12498400921069462,1.0,3
0.6330321285140563,0.128,1.0,0.6329125609584779,0.12498400921069462,1.0,3
0.7271586345381527,0.128,1.0,0.7270364647093057,0.12498400921069462,1.0,3
0.8250502008032129,0.128,1.0,0.8250817796865278,0.12498400921069462,1.0,3
0.9231927710843374,0.128,1.0,0.92312709466375,0.12498400921069462,1.0,3
0.017319277108433728,0.128,1.0,0.017188785646912397,0.12498400921069462,1.0,3
0.11521084337349402,0.128,1.0,0.11523410062413447,0.12498400921069462,1.0,3
0.21335341365461852,0.128,1.0,0.2132794156013566,0.12498400921069462,1.0,3
0.31149598393574296,0.128,1.0,0.3113247305785787,0.12498400921069462,1.0,3
0.40938755020080325,0.128,1.0,0.4093700455558008,0.12498400921069462,1.0,3
0.5075301204819277,0.128,1.0,0.5074294085773344,0.12498400921069462,1.0,3
0.6016566265060241,0.128,1.0,0.6015533123281622,0.12498400921069462,1.0,3
0.6957831325301205,0.128,1.0,0.6956772160789901,0.12498400921069462,1.0,3
0.7899096385542169,0.128,1.0,0.7898011198298179,0.12498400921069462,1.0,3
0.8880522088353414,0.128,1.0,0.8878464348070401,0.12498400921069462,1.0,3
0.9859437751004017,0.128,1.0,0.9858917497842621,0.12498400921069462,1.0,3
0.08007028112449799,0.128,1.0,0.07995344076742456,0.12498400921069462,1.0,3
0.17796184738955828,0.128,1.0,0.17799875574464663,0.12498400921069462,1.0,3
0.2761044176706827,0.128,1.0,0.27604407072186876,0.12498400921069462,1.0,3
0.3742469879518072,0.128,1.0,0.37408938569909084,0.12498400921069462,1.0,3
0.4721385542168675,0.128,1.0,0.4721347006763129,0.12498400921069462,1.0,3
0.570281124497992,0.128,1.0,0.5701940636978465,0.12498400921069462,1.0,3
0.6644076305220884,0.128,1.0,0.6643179674486743,0.12498400921069462,1.0,3
0.7585341365461848,0.128,1.0,0.7584418711995022,0.12498400921069462,1.0,3
0.8566767068273093,0.128,1.0,0.8564871861767243,0.12498400921069462,1.0,3
0.9545682730923695,0.128,1.0,0.9545325011539464,0.12498400921069462,1.0,3
0.04869477911646586,0.128,1.0,0.04859419213710886,0.12498400921069462,1.0,3
0.14658634538152615,0.128,1.0,0.14663950711433094,0.12498400921069462,1.0,3
0.24472891566265065,0.128,1.0,0.24468482209155307,0.12498400921069462,1.0,3
0.34287148594377514,0.128,1.0,0.34273013706877514,0.12498400921069462,1.0,3
0.4407630522088354,0.128,1.0,0.4407754520459972,0.12498400921069462,1.0,3
0.5389056224899599,0.128,1.0,0.5388348150675308,0.12498400921069462,1.0,3
0.6330321285140563,0.128,1.0,0.6329587188183587,0.12498400921069462,1.0,3
0.7271586345381527,0.128,1.0,0.7270826225691865,0.12498400921069462,1.0,3
0.8253012048192772,0.128,1.0,0.8251279375464087,0.12498400921069462,1.0,3
0.9231927710843374,0.128,1.0,0.9231732525236307,0.12498400921069462,1.0,3
0.017319277108433728,0.128,1.0,0.017234943506793166,0.12498400921069462,1.0,3
0.11546184738955823,0.128,1.0,0.1152802584840153,0.12498400921069462,1.0,3
0.21335341365461852,0.128,1.0,0.21332557346123737,0.12498400921069462,1.0,3
0.31149598393574296,0.128,1.0,0.3113708884384595,0.12498400921069462,1.0,3
0.40938755020080325,0.128,1.0,0.4094162034156816,0.12498400921069462,1.0,3
0.5075301204819277,0.128,1.0,0.5074755664372153,0.12498400921069462,1.0,3
0.6016566265060241,0.128,1.0,0.601599470188043,0.12498400921069462,1.0,3
0.6957831325301205,0.128,1.0,0.6957233739388708,0.12498400921069462,1.0,3
0.7899096385542169,0.128,1.0,0.7898472776896988,0.12498400921069462,1.0,3
0.8880522088353414,0.128,1.0,0.8878925926669208,0.12498400921069462,1.0,3
0.9859437751004017,0.128,1.0,0.9859379076441428,0.12498400921069462,1.0,3
0.08007028112449799,0.128,1.0,0.07999959862730532,0.12498400921069462,1.0,3
0.17821285140562249,0.128,1.0,0.1780449136045274,0.12498400921069462,1.0,3
0.2761044176706827,0.128,1.0,0.2760902285817495,0.12498400921069462,1.0,3
0.3742469879518072,0.128,1.0,0.3741355435589716,0.12498400921069462,1.0,3
0.4721385542168675,0.128,1.0,0.47218085853619374,0.12498400921069462,1.0,3
0.570281124497992,0.128,1.0,0.5702402215577274,0.12498400921069462,1.0,3
0.6644076305220884,0.128,1.0,0.6643641253085552,0.12498400921069462,1.0,3
0.7585341365461848,0.128,1.0,0.758488029059383,0.12498400921069462,1.0,3
0.8566767068273093,0.128,1.0,0.8565333440366051,0.12498400921069462,1.0,3
0.9545682730923695,0.128,1.0,0.9545786590138272,0.12498400921069462,1.0,3
0.04869477911646586,0.128,1.0,0.04864034999698963,0.12498400921069462,1.0,3
0.14683734939759036,0.128,1.0,0.14668566497421176,0.12498400921069462,1.0,3
0.24472891566265065,0.128,1.0,0.24473097995143384,0.12498400921069462,1.0,3
0.34287148594377514,0.128,1.0,0.3427762949286559,0.12498400921069462,1.0,3
0.44101405622489964,0.128,1.0,0.44082160990587804,0.12498400921069462,1.0,3
0.5389056224899599,0.128,1.0,0.5388809729274117,0.12498400921069462,1.0,3
0.6330321285140563,0.128,1.0,0.6330048766782395,0.12498400921069462,1.0,3
0.7271586345381527,0.128,1.0,0.7271287804290674,0.12498400921069462,1.0,3
0.8253012048192772,0.128,1.0,0.8251740954062894,0.12498400921069462,1.0,3
0.9231927710843374,0.128,1.0,0.9232194103835115,0.12498400921069462,1.0,3
0.017319277108433728,0.128,1.0,0.017281101366673934,0.12498400921069462,1.0,3
0.11546184738955823,0.128,1.0,0.11532641634389607,0.12498400921069462,1.0,3
0.21335341365461852,0.128,1.0,0.21337173132111814,0.12498400921069462,1.0,3
0.31149598393574296,0.128,1.0,0.31141704629834027,0.12498400921069462,1.0,3
0.4096385542168675,0.128,1.0,0.40946236127556235,0.12498400921069462,1.0,3
0.5075301204819277,0.128,1.0,0.507521724297096,0.12498400921069462,1.0,3
0.6016566265060241,0.128,1.0,0.6016456280479239,0.12498400921069462,1.0,3
0.6957831325301205,0.128,1.0,0.6957695317987517,0.12498400921069462,1.0,3
0.7899096385542169,0.128,1.0,0.7898934355495795,0.12498400921069462,1.0,3
0.8880522088353414,0.128,1.0,0.8879387505268015,0.12498400921069462,1.0,3
0.9861947791164659,0.128,1.0,0.9859820586405506,0.12498400921069462,1.0,3
0.08007028112449799,0.128,1.0,0.08004575648718609,0.12498400921069462,1.0,3
0.17821285140562249,0.128,1.0,0.17809107146440817,0.12498400921069462,1.0,3
0.2761044176706827,0.128,1.0,0.2761363864416303,0.12498400921069462,1.0,3
0.3742469879518072,0.128,1.0,0.37418170141885243,0.12498400921069462,1.0,3
0.47238955823293177,0.128,1.0,0.47222500953260144,0.12498400921069462,1.0,3
0.570281124497992,0.128,1.0,0.5702863794176082,0.12498400921069462,1.0,3
0.6644076305220884,0.128,1.0,0.664410283168436,0.12498400921069462,1.0,3
0.7585341365461848,0.128,1.0,0.7585341869192639,0.12498400921069462,1.0,3
0.8566767068273093,0.128,1.0,0.8565795018964859,0.12498400921069462,1.0,3
0.9548192771084338,0.128,1.0,0.954624816873708,0.12498400921069462,1.0,3
0.04869477911646586,0.128,1.0,0.04868650785687045,0.12498400921069462,1.0,3
0.14683734939759036,0.128,1.0,0.14673182283409258,0.12498400921069462,1.0,3
0.24472891566265065,0.128,1.0,0.24477713781131466,0.12498400921069462,1.0,3
0.34287148594377514,0.128,1.0,0.34282245278853674,0.12498400921069462,1.0,3
0.44101405622489964,0.128,1.0,0.4408677677657588,0.12498400921069462,1.0,3
0.5389056224899599,0.128,1.0,0.5389271307872925,0.12498400921069462,1.0,3
0.6330321285140563,0.128,1.0,0.6330510345381203,0.12498400921069462,1.0,3
0.7271586345381527,0.128,1.0,0.7271749382889481,0.12498400921069462,1.0,3
0.8253012048192772,0.128,1.0,0.8252202532661703,0.12498400921069462,1.0,3
0.9234437751004017,0.128,1.0,0.9232655682433923,0.12498400921069462,1.0,3
0.017319277108433728,0.128,1.0,0.01732725922655476,0.12498400921069462,1.0,3
0.11546184738955823,0.128,1.0,0.11537257420377689,0.12498400921069462,1.0,3
0.21360441767068272,0.128,1.0,0.21341788918099897,0.12498400921069462,1.0,3
0.31149598393574296,0.128,1.0,0.31146320415822104,0.12498400921069462,1.0,3
0.4096385542168675,0.128,1.0,0.40950851913544317,0.12498400921069462,1.0,3
0.5075301204819277,0.128,1.0,0.5075678821569768,0.12498400921069462,1.0,3
0.6016566265060241,0.128,1.0,0.6016917859078046,0.12498400921069462,1.0,3
0.6957831325301205,0.128,1.0,0.6958156896586325,0.12498400921069462,1.0,3
0.7899096385542169,0.128,1.0,0.7899375865459872,0.12498400921069462,1.0,3
0.8880522088353414,0.128,1.0,0.8879829015232092,0.12498400921069462,1.0,3
0.9861947791164659,0.128,1.0,0.9860282165004314,0.12498400921069462,1.0,3
0.08007028112449799,0.128,1.0,0.08009191434706692,0.12498400921069462,1.0,3
0.17821285140562249,0.128,1.0,0.17813522246081592,0.12498400921069462,1.0,3
0.276355421686747,0.128,1.0,0.27618053743803805,0.12498400921069462,1.0,3
0.3742469879518072,0.128,1.0,0.37422585241526013,0.12498400921069462,1.0,3
0.47238955823293177,0.128,1.0,0.4722711673924822,0.12498400921069462,1.0,3
0.5705321285140562,0.128,1.0,0.570332537277489,0.12498400921069462,1.0,3
0.6646586345381527,0.128,1.0,0.6644564410283168,0.12498400921069462,1.0,3
0.758785140562249,0.128,1.0,0.7585783379156715,0.12498400921069462,1.0,3
0.8566767068273093,0.128,1.0,0.8566236528928937,0.12498400921069462,1.0,3
0.9548192771084338,0.128,1.0,0.9546689678701157,0.12498400921069462,1.0,3
0.04869477911646586,0.128,1.0,0.04873266571675122,0.12498400921069462,1.0,3
0.14683734939759036,0.128,1.0,0.14677798069397335,0.12498400921069462,1.0,3
0.24497991967871485,0.128,1.0,0.24482128880772236,0.12498400921069462,1.0,3
0.34287148594377514,0.128,1.0,0.34286660378494443,0.12498400921069462,1.0,3
0.44101405622489964,0.128,1.0,0.44091191876216657,0.12498400921069462,1.0,3
0.5391566265060241,0.128,1.0,0.5389732886471733,0.12498400921069462,1.0,3
0.6332831325301205,0.128,1.0,0.6330971923980011,0.12498400921069462,1.0,3
0.7274096385542169,0.128,1.0,0.7272210961488289,0.12498400921069462,1.0,3
0.8253012048192772,0.128,1.0,0.825266411126051,0.12498400921069462,1.0,3
0.9234437751004017,0.128,1.0,0.9233097192398001,0.12498400921069462,1.0,3
0.017319277108433728,0.128,1.0,0.017373417086435583,0.12498400921069462,1.0,3
0.11546184738955823,0.128,1.0,0.11541873206365766,0.12498400921069462,1.0,3
0.21360441767068272,0.128,1.0,0.21346404704087973,0.12498400921069462,1.0,3
0.31149598393574296,0.128,1.0,0.31150936201810187,0.12498400921069462,1.0,3
0.4096385542168675,0.128,1.0,0.40955267013185087,0.12498400921069462,1.0,3
0.507781124497992,0.128,1.0,0.5076140400168576,0.12498400921069462,1.0,3
0.6019076305220884,0.128,1.0,0.6017379437676854,0.12498400921069462,1.0,3
0.6960341365461848,0.128,1.0,0.6958618475185132,0.12498400921069462,1.0,3
0.7901606425702812,0.128,1.0,0.7899837444058679,0.12498400921069462,1.0,3
0.8880522088353414,0.128,1.0,0.8880290593830902,0.12498400921069462,1.0,3
0.9861947791164659,0.128,1.0,0.9860743743603122,0.12498400921069462,1.0,3
0.08032128514056225,0.128,1.0,0.08013606534347467,0.12498400921069462,1.0,3
0.17821285140562249,0.128,1.0,0.17818138032069675,0.12498400921069462,1.0,3
0.276355421686747,0.128,1.0,0.2762266952979188,0.12498400921069462,1.0,3
0.3742469879518072,0.128,1.0,0.3742720102751409,0.12498400921069462,1.0,3
0.47238955823293177,0.128,1.0,0.47231732525236303,0.12498400921069462,1.0,3
0.5705321285140562,0.128,1.0,0.5703786951373697,0.12498400921069462,1.0,3
0.6646586345381527,0.128,1.0,0.6645025988881975,0.12498400921069462,1.0,3
0.758785140562249,0.128,1.0,0.7586244957755524,0.12498400921069462,1.0,3
0.8566767068273093,0.128,1.0,0.8566698107527744,0.12498400921069462,1.0,3
0.9548192771084338,0.128,1.0,0.9547151257299965,0.12498400921069462,1.0,3
0.04894578313253012,0.128,1.0,0.04877681671315898,0.12498400921069462,1.0,3
0.14683734939759036,0.128,1.0,0.14682213169038105,0.12498400921069462,1.0,3
0.24497991967871485,0.128,1.0,0.24486744666760313,0.12498400921069462,1.0,3
0.34287148594377514,0.128,1.0,0.34291276164482526,0.12498400921069462,1.0,3
0.44101405622489964,0.128,1.0,0.44095807662204733,0.12498400921069462,1.0,3
0.5391566265060241,0.128,1.0,0.539019446507054,0.12498400921069462,1.0,3
0.6332831325301205,0.128,1.0,0.6331433502578819,0.12498400921069462,1.0,3
0.7274096385542169,0.128,1.0,0.7272652471452367,0.12498400921069462,1.0,3
0.8253012048192772,0.128,1.0,0.8253105621224588,0.12498400921069462,1.0,3
0.9234437751004017,0.128,1.0,0.9233558770996808,0.12498400921069462,1.0,3
0.01757028112449799,0.128,1.0,0.017419574946316352,0.12498400921069462,1.0,3
0.11546184738955823,0.128,1.0,0.11546288306006536,0.12498400921069462,1.0,3
0.21360441767068272,0.128,1.0,0.2135081980372875,0.12498400921069462,1.0,3
0.3117469879518072,0.128,1.0,0.31155351301450956,0.12498400921069462,1.0,3
0.4096385542168675,0.128,1.0,0.40959882799173164,0.12498400921069462,1.0,3
0.507781124497992,0.128,1.0,0.5076601978767383,0.12498400921069462,1.0,3
0.6019076305220884,0.128,1.0,0.6017841016275662,0.12498400921069462,1.0,3
0.6960341365461848,0.128,1.0,0.695905998514921,0.12498400921069462,1.0,3
0.7901606425702812,0.128,1.0,0.7900299022657488,0.12498400921069462,1.0,3
0.8880522088353414,0.128,1.0,0.8880752172429709,0.12498400921069462,1.0,3
0.9861947791164659,0.128,1.0,0.9861205322201929,0.12498400921069462,1.0,3
0.08032128514056225,0.128,1.0,0.08018222320335544,0.12498400921069462,1.0,3
0.17821285140562249,0.128,1.0,0.17822753818057752,0.12498400921069462,1.0,3
0.276355421686747,0.128,1.0,0.2762728531577996,0.12498400921069462,1.0,3
0.3744979919678715,0.128,1.0,0.3743181681350217,0.12498400921069462,1.0,3
0.47238955823293177,0.128,1.0,0.4723634831122438,0.12498400921069462,1.0,3
0.5705321285140562,0.128,1.0,0.5704248529972505,0.12498400921069462,1.0,3
0.6646586345381527,0.128,1.0,0.6645487567480783,0.12498400921069462,1.0,3
0.758785140562249,0.128,1.0,0.7586706536354331,0.12498400921069462,1.0,3
0.8569277108433735,0.128,1.0,0.8567159686126552,0.12498400921069462,1.0,3
0.9548192771084338,0.128,1.0,0.9547612835898773,0.12498400921069462,1.0,3
0.04894578313253012,0.128,1.0,0.048822974573039746,0.12498400921069462,1.0,3
0.14683734939759036,0.128,1.0,0.14686828955026182,0.12498400921069462,1.0,3
0.24497991967871485,0.128,1.0,0.24491360452748395,0.12498400921069462,1.0,3
0.3431224899598394,0.128,1.0,0.34295891950470603,0.12498400921069462,1.0,3
0.44101405622489964,0.128,1.0,0.4410042344819281,0.12498400921069462,1.0,3
0.5391566265060241,0.128,1.0,0.5390656043669348,0.12498400921069462,1.0,3
0.6332831325301205,0.128,1.0,0.6331895081177626,0.12498400921069462,1.0,3
0.7274096385542169,0.128,1.0,0.7273114050051175,0.12498400921069462,1.0,3
0.8255522088353413,0.128,1.0,0.8253567199823395,0.12498400921069462,1.0,3
0.9234437751004017,0.128,1.0,0.9234020349595615,0.12498400921069462,1.0,3
0.01757028112449799,0.128,1.0,0.01746372594272405,0.12498400921069462,1.0,3
0.11546184738955823,0.128,1.0,0.11550904091994613,0.12498400921069462,1.0,3
0.21360441767068272,0.128,1.0,0.21355435589716826,0.12498400921069462,1.0,3
0.3117469879518072,0.128,1.0,0.31159967087439033,0.12498400921069462,1.0,3
0.4096385542168675,0.128,1.0,0.40964498585161246,0.12498400921069462,1.0,3
0.507781124497992,0.128,1.0,0.5077063557366192,0.12498400921069462,1.0,3
0.6019076305220884,0.128,1.0,0.601830259487447,0.12498400921069462,1.0,3
0.6960341365461848,0.128,1.0,0.6959521563748018,0.12498400921069462,1.0,3
0.7901606425702812,0.128,1.0,0.7900760601256296,0.12498400921069462,1.0,3
0.8883032128514057,0.128,1.0,0.8881213751028516,0.12498400921069462,1.0,3
0.9861947791164659,0.128,1.0,0.9861666900800737,0.12498400921069462,1.0,3
0.08032128514056225,0.128,1.0,0.08022838106323621,0.12498400921069462,1.0,3
0.1784638554216868,0.128,1.0,0.17827369604045828,0.12498400921069462,1.0,3
0.276355421686747,0.128,1.0,0.2763190110176804,0.12498400921069462,1.0,3
0.3744979919678715,0.128,1.0,0.37436432599490255,0.12498400921069462,1.0,3
0.47238955823293177,0.128,1.0,0.4724096409721246,0.12498400921069462,1.0,3
0.5705321285140562,0.128,1.0,0.5704710108571314,0.12498400921069462,1.0,3
0.6646586345381527,0.128,1.0,0.6645929077444861,0.12498400921069462,1.0,3
0.758785140562249,0.128,1.0,0.7587168114953139,0.12498400921069462,1.0,3
0.8569277108433735,0.128,1.0,0.856762126472536,0.12498400921069462,1.0,3
0.9548192771084338,0.128,1.0,0.954807441449758,0.12498400921069462,1.0,3
0.04894578313253012,0.128,1.0,0.048869132432920515,0.12498400921069462,1.0,3
0.14708835341365467,0.128,1.0,0.1469144474101426,0.12498400921069462,1.0,3
0.24497991967871485,0.128,1.0,0.24495976238736472,0.12498400921069462,1.0,3
0.3431224899598394,0.128,1.0,0.34300507736458685,0.12498400921069462,1.0,3
0.44101405622489964,0.128,1.0,0.44105039234180893,0.12498400921069462,1.0,3
0.5391566265060241,0.128,1.0,0.5391117622268157,0.12498400921069462,1.0,3
0.6332831325301205,0.128,1.0,0.6332336591141704,0.12498400921069462,1.0,3
0.7274096385542169,0.128,1.0,0.7273575628649982,0.12498400921069462,1.0,3
0.8255522088353413,0.128,1.0,0.8254028778422203,0.12498400921069462,1.0,3
0.9234437751004017,0.128,1.0,0.9234481928194425,0.12498400921069462,1.0,3
0.01757028112449799,0.128,1.0,0.017509883802604875,0.12498400921069462,1.0,3
0.11571285140562254,0.128,1.0,0.115555198779827,0.12498400921069462,1.0,3
0.21360441767068272,0.128,1.0,0.21360051375704908,0.12498400921069462,1.0,3
0.3117469879518072,0.128,1.0,0.31164582873427116,0.12498400921069462,1.0,3
0.4098895582329317,0.128,1.0,0.40969114371149323,0.12498400921069462,1.0,3
0.507781124497992,0.128,1.0,0.5077525135965,0.12498400921069462,1.0,3
0.6019076305220884,0.128,1.0,0.6018764173473278,0.12498400921069462,1.0,3
0.6960341365461848,0.128,1.0,0.6959983142346825,0.12498400921069462,1.0,3
0.7901606425702812,0.128,1.0,0.7901222179855104,0.12498400921069462,1.0,3
0.8883032128514057,0.128,1.0,0.8881675329627325,0.12498400921069462,1.0,3
0.9861947791164659,0.128,1.0,0.9862128479399546,0.12498400921069462,1.0,3
0.08032128514056225,0.128,1.0,0.08027453892311703,0.12498400921069462,1.0,3
0.1784638554216868,0.128,1.0,0.1783198539003391,0.12498400921069462,1.0,3
0.276355421686747,0.128,1.0,0.2763651688775612,0.12498400921069462,1.0,3
0.3744979919678715,0.128,1.0,0.37441048385478326,0.12498400921069462,1.0,3
0.472640562248996,0.128,1.0,0.4724557988320054,0.12498400921069462,1.0,3
0.5705321285140562,0.128,1.0,0.5705171687170121,0.12498400921069462,1.0,3
0.6646586345381527,0.128,1.0,0.6646390656043668,0.12498400921069462,1.0,3
0.758785140562249,0.128,1.0,0.7587629693551947,0.12498400921069462,1.0,3
0.8569277108433735,0.128,1.0,0.8568082843324167,0.12498400921069462,1.0,3
0.955070281124498,0.128,1.0,0.954853599309639,0.12498400921069462,1.0,3
0.04894578313253012,0.128,1.0,0.04891529029280134,0.12498400921069462,1.0,3
0.14708835341365467,0.128,1.0,0.14696060527002347,0.12498400921069462,1.0,3
0.24497991967871485,0.128,1.0,0.24500592024724555,0.12498400921069462,1.0,3
0.3431224899598394,0.128,1.0,0.34305123522446757,0.12498400921069462,1.0,3
0.4412650602409639,0.128,1.0,0.4410965502016897,0.12498400921069462,1.0,3
0.5391566265060241,0.128,1.0,0.5391579200866964,0.12498400921069462,1.0,3
0.6332831325301205,0.128,1.0,0.6332798169740512,0.12498400921069462,1.0,3
0.7274096385542169,0.128,1.0,0.727403720724879,0.12498400921069462,1.0,3
0.8255522088353413,0.128,1.0,0.8254490357021012,0.12498400921069462,1.0,3
0.9236947791164659,0.128,1.0,0.9234943506793232,0.12498400921069462,1.0,3
0.01757028112449799,0.128,1.0,0.017556041662485644,0.12498400921069462,1.0,3
0.11571285140562254,0.128,1.0,0.11560135663970778,0.12498400921069462,1.0,3
0.21360441767068272,0.128,1.0,0.21364667161692985,0.12498400921069462,1.0,3
0.3117469879518072,0.128,1.0,0.311691986594152,0.12498400921069462,1.0,3
0.4098895582329317,0.128,1.0,0.409737301571374,0.12498400921069462,1.0,3
0.507781124497992,0.128,1.0,0.5077986714563808,0.12498400921069462,1.0,3
0.6019076305220884,0.128,1.0,0.6019205683437355,0.12498400921069462,1.0,3
0.6960341365461848,0.128,1.0,0.6960444720945633,0.12498400921069462,1.0,3
0.7901606425702812,0.128,1.0,0.7901683758453912,0.12498400921069462,1.0,3
0.8883032128514057,0.128,1.0,0.8882136908226133,0.12498400921069462,1.0,3
0.9864457831325302,0.128,1.0,0.9862590057998354,0.12498400921069462,1.0,3
0.08032128514056225,0.128,1.0,0.0803206967829978,0.12498400921069462,1.0,3
0.1784638554216868,0.128,1.0,0.17836601176021988,0.12498400921069462,1.0,3
0.27660642570281124,0.128,1.0,0.276411326737442,0.12498400921069462,1.0,3
0.3744979919678715,0.128,1.0,0.3744566417146641,0.12498400921069462,1.0,3
0.472640562248996,0.128,1.0,0.4725019566918862,0.12498400921069462,1.0,3
0.5705321285140562,0.128,1.0,0.5705613197134198,0.12498400921069462,1.0,3
0.6646586345381527,0.128,1.0,0.6646852234642476,0.12498400921069462,1.0,3
0.758785140562249,0.128,1.0,0.7588091272150754,0.12498400921069462,1.0,3
0.8569277108433735,0.128,1.0,0.8568544421922976,0.12498400921069462,1.0,3
0.955070281124498,0.128,1.0,0.9548997571695197,0.12498400921069462,1.0,3
0.04894578313253012,0.128,1.0,0.04896144815268211,0.12498400921069462,1.0,3
0.14708835341365467,0.128,1.0,0.14700676312990424,0.12498400921069462,1.0,3
0.24523092369477917,0.128,1.0,0.24505207810712631,0.12498400921069462,1.0,3
0.3431224899598394,0.128,1.0,0.3430973930843484,0.12498400921069462,1.0,3
0.4412650602409639,0.128,1.0,0.4411427080615705,0.12498400921069462,1.0,3
0.5391566265060241,0.128,1.0,0.5392040779465772,0.12498400921069462,1.0,3
0.6332831325301205,0.128,1.0,0.6333259748339319,0.12498400921069462,1.0,3
0.7274096385542169,0.128,1.0,0.7274498785847598,0.12498400921069462,1.0,3
0.8255522088353413,0.128,1.0,0.8254951935619819,0.12498400921069462,1.0,3
0.9236947791164659,0.128,1.0,0.923540508539204,0.12498400921069462,1.0,3
0.01757028112449799,0.128,1.0,0.017602199522366413,0.12498400921069462,1.0,3
0.11571285140562254,0.128,1.0,0.11564751449958854,0.12498400921069462,1.0,3
0.21385542168674704,0.128,1.0,0.21369282947681062,0.12498400921069462,1.0,3
0.3117469879518072,0.128,1.0,0.3117381444540327,0.12498400921069462,1.0,3
0.4098895582329317,0.128,1.0,0.4097834594312548,0.12498400921069462,1.0,3
0.5080321285140562,0.128,1.0,0.5078448293162615,0.12498400921069462,1.0,3
0.6021586345381527,0.128,1.0,0.6019667262036164,0.12498400921069462,1.0,3
0.696285140562249,0.128,1.0,0.6960906299544442,0.12498400921069462,1.0,3
0.7904116465863454,0.128,1.0,0.790214533705272,0.12498400921069462,1.0,3
0.8883032128514057,0.128,1.0,0.888259848682494,0.12498400921069462,1.0,3
0.9864457831325302,0.128,1.0,0.9863051636597162,0.12498400921069462,1.0,3
0.08032128514056225,0.128,1.0,0.08036685464287857,0.12498400921069462,1.0,3
0.1784638554216868,0.128,1.0,0.1784121696201007,0.12498400921069462,1.0,3
0.27660642570281124,0.128,1.0,0.2764574845973228,0.12498400921069462,1.0,3
0.3744979919678715,0.128,1.0,0.3745027995745449,0.12498400921069462,1.0,3
0.472640562248996,0.128,1.0,0.472548114551767,0.12498400921069462,1.0,3
0.5707831325301205,0.128,1.0,0.5706074775733007,0.12498400921069462,1.0,3
0.6649096385542169,0.128,1.0,0.6647313813241285,0.12498400921069462,1.0,3
0.7590361445783134,0.128,1.0,0.7588552850749563,0.12498400921069462,1.0,3
0.8569277108433735,0.128,1.0,0.8569006000521784,0.12498400921069462,1.0,3
0.955070281124498,0.128,1.0,0.9549459150294004,0.12498400921069462,1.0,3
0.04894578313253012,0.128,1.0,0.049007606012562877,0.12498400921069462,1.0,3
0.14708835341365467,0.128,1.0,0.147052920989785,0.12498400921069462,1.0,3
0.24523092369477917,0.128,1.0,0.24509823596700708,0.12498400921069462,1.0,3
0.3431224899598394,0.128,1.0,0.3431435509442292,0.12498400921069462,1.0,3
0.4412650602409639,0.128,1.0,0.4411888659214513,0.12498400921069462,1.0,3
0.5394076305220884,0.128,1.0,0.539248228942985,0.12498400921069462,1.0,3
0.6335341365461848,0.128,1.0,0.6333721326938128,0.12498400921069462,1.0,3
0.7276606425702812,0.128,1.0,0.7274960364446406,0.12498400921069462,1.0,3
0.8255522088353413,0.128,1.0,0.8255413514218627,0.12498400921069462,1.0,3
0.9236947791164659,0.128,1.0,0.9235866663990848,0.12498400921069462,1.0,3
0.01782128514056225,0.128,1.0,0.017648357382247237,0.12498400921069462,1.0,3
0.11571285140562254,0.128,1.0,0.11569367235946931,0.12498400921069462,1.0,3
0.21385542168674704,0.128,1.0,0.2137389873366914,0.12498400921069462,1.0,3
0.3117469879518072,0.128,1.0,0.3117843023139135,0.12498400921069462,1.0,3
0.4098895582329317,0.128,1.0,0.40982961729113565,0.12498400921069462,1.0,3
0.5080321285140562,0.128,1.0,0.5078889803126693,0.12498400921069462,1.0,3
0.6021586345381527,0.128,1.0,0.6020128840634971,0.12498400921069462,1.0,3
0.696285140562249,0.128,1.0,0.696136787814325,0.12498400921069462,1.0,3
0.7904116465863454,0.128,1.0,0.7902606915651527,0.12498400921069462,1.0,3
0.8883032128514057,0.128,1.0,0.8883060065423748,0.12498400921069462,1.0,3
0.9864457831325302,0.128,1.0,0.9863513215195969,0.12498400921069462,1.0,3
0.08057228915662651,0.128,1.0,0.08041301250275934,0.12498400921069462,1.0,3
0.1784638554216868,0.128,1.0,0.17845832747998147,0.12498400921069462,1.0,3
0.27660642570281124,0.128,1.0,0.2765036424572036,0.12498400921069462,1.0,3
0.3744979919678715,0.128,1.0,0.3745489574344257,0.12498400921069462,1.0,3
0.472640562248996,0.128,1.0,0.47259427241164775,0.12498400921069462,1.0,3
0.5707831325301205,0.128,1.0,0.5706536354331814,0.12498400921069462,1.0,3
0.6649096385542169,0.128,1.0,0.6647775391840092,0.12498400921069462,1.0,3
0.7590361445783134,0.128,1.0,0.7589014429348371,0.12498400921069462,1.0,3
0.8569277108433735,0.128,1.0,0.8569467579120592,0.12498400921069462,1.0,3
0.955070281124498,0.128,1.0,0.9549920728892813,0.12498400921069462,1.0,3
0.04919678714859438,0.128,1.0,0.049053763872443756,0.12498400921069462,1.0,3
0.14708835341365467,0.128,1.0,0.14709907884966583,0.12498400921069462,1.0,3
0.24523092369477917,0.128,1.0,0.2451443938268879,0.12498400921069462,1.0,3
0.34337349397590367,0.128,1.0,0.34318970880411,0.12498400921069462,1.0,3
0.4412650602409639,0.128,1.0,0.4412350237813321,0.12498400921069462,1.0,3
0.5394076305220884,0.128,1.0,0.5392943868028657,0.12498400921069462,1.0,3
0.6335341365461848,0.128,1.0,0.6334182905536936,0.12498400921069462,1.0,3
0.7276606425702812,0.128,1.0,0.7275421943045214,0.12498400921069462,1.0,3
0.8255522088353413,0.128,1.0,0.8255875092817435,0.12498400921069462,1.0,3
0.9236947791164659,0.128,1.0,0.9236328242589655,0.12498400921069462,1.0,3
0.01782128514056225,0.128,1.0,0.01769451524212806,0.12498400921069462,1.0,3
0.11571285140562254,0.128,1.0,0.11573983021935014,0.12498400921069462,1.0,3
0.21385542168674704,0.128,1.0,0.2137851451965722,0.12498400921069462,1.0,3
0.3119979919678715,0.128,1.0,0.31183046017379434,0.12498400921069462,1.0,3
0.4098895582329317,0.128,1.0,0.4098757751510164,0.12498400921069462,1.0,3
0.5080321285140562,0.128,1.0,0.5079351381725501,0.12498400921069462,1.0,3
0.6021586345381527,0.128,1.0,0.6020590419233779,0.12498400921069462,1.0,3
0.696285140562249,0.128,1.0,0.6961829456742057,0.12498400921069462,1.0,3
0.7904116465863454,0.128,1.0,0.7903068494250336,0.12498400921069462,1.0,3
0.8885542168674699,0.128,1.0,0.8883521644022556,0.12498400921069462,1.0,3
0.9864457831325302,0.128,1.0,0.9863974793794777,0.12498400921069462,1.0,3
0.08057228915662651,0.128,1.0,0.08045917036264022,0.12498400921069462,1.0,3
0.1784638554216868,0.128,1.0,0.1785044853398623,0.12498400921069462,1.0,3
0.27660642570281124,0.128,1.0,0.2765498003170843,0.12498400921069462,1.0,3
0.37474899598393574,0.128,1.0,0.37459511529430645,0.12498400921069462,1.0,3
0.472640562248996,0.128,1.0,0.4726404302715286,0.12498400921069462,1.0,3
0.5707831325301205,0.128,1.0,0.5706997932930622,0.12498400921069462,1.0,3
0.6649096385542169,0.128,1.0,0.6648236970438901,0.12498400921069462,1.0,3
0.7590361445783134,0.128,1.0,0.7589476007947178,0.12498400921069462,1.0,3
0.8571787148594379,0.128,1.0,0.85699291577194,0.12498400921069462,1.0,3
0.955070281124498,0.128,1.0,0.955038230749162,0.12498400921069462,1.0,3
0.04919678714859438,0.128,1.0,0.049099921732324525,0.12498400921069462,1.0,3
0.14708835341365467,0.128,1.0,0.1471452367095466,0.12498400921069462,1.0,3
0.24523092369477917,0.128,1.0,0.24519055168676868,0.12498400921069462,1.0,3
0.34337349397590367,0.128,1.0,0.3432358666639908,0.12498400921069462,1.0,3
0.4412650602409639,0.128,1.0,0.4412811816412129,0.12498400921069462,1.0,3
0.5394076305220884,0.128,1.0,0.5393405446627465,0.12498400921069462,1.0,3
0.6335341365461848,0.128,1.0,0.6334644484135743,0.12498400921069462,1.0,3
0.7276606425702812,0.128,1.0,0.7275883521644022,0.12498400921069462,1.0,3
0.8258032128514057,0.128,1.0,0.8256336671416242,0.12498400921069462,1.0,3
0.9236947791164659,0.128,1.0,0.9236789821188464,0.12498400921069462,1.0,3
0.01782128514056225,0.128,1.0,0.01774067310200883,0.12498400921069462,1.0,3
0.11596385542168675,0.128,1.0,0.1157859880792309,0.12498400921069462,1.0,3
0.21385542168674704,0.128,1.0,0.21383130305645304,0.12498400921069462,1.0,3
0.3119979919678715,0.128,1.0,0.3118766180336751,0.12498400921069462,1.0,3
0.4098895582329317,0.128,1.0,0.4099219330108972,0.12498400921069462,1.0,3
0.5080321285140562,0.128,1.0,0.5079812960324308,0.12498400921069462,1.0,3
0.6021586345381527,0.128,1.0,0.6021051997832587,0.12498400921069462,1.0,3
0.696285140562249,0.128,1.0,0.6962291035340865,0.12498400921069462,1.0,3
0.7904116465863454,0.128,1.0,0.7903530072849143,0.12498400921069462,1.0,3
0.8885542168674699,0.128,1.0,0.8883983222621364,0.12498400921069462,1.0,3
0.9864457831325302,0.128,1.0,0.9864416303758854,0.12498400921069462,1.0,3
0.08057228915662651,0.128,1.0,0.08050532822252099,0.12498400921069462,1.0,3
0.178714859437751,0.128,1.0,0.17855064319974306,0.12498400921069462,1.0,3
0.27660642570281124,0.128,1.0,0.27659595817696514,0.12498400921069462,1.0,3
0.37474899598393574,0.128,1.0,0.37464127315418727,0.12498400921069462,1.0,3
0.472640562248996,0.128,1.0,0.4726845812679363,0.12498400921069462,1.0,3
0.5707831325301205,0.128,1.0,0.570745951152943,0.12498400921069462,1.0,3
0.6649096385542169,0.128,1.0,0.6648698549037708,0.12498400921069462,1.0,3
0.7590361445783134,0.128,1.0,0.7589937586545987,0.12498400921069462,1.0,3
0.8571787148594379,0.128,1.0,0.8570390736318207,0.12498400921069462,1.0,3
0.955070281124498,0.128,1.0,0.9550843886090428,0.12498400921069462,1.0,3
0.04919678714859438,0.128,1.0,0.049146079592205294,0.12498400921069462,1.0,3
0.14733935742971888,0.128,1.0,0.14719139456942737,0.12498400921069462,1.0,3
0.24523092369477917,0.128,1.0,0.2452367095466495,0.12498400921069462,1.0,3
0.34337349397590367,0.128,1.0,0.3432820245238716,0.12498400921069462,1.0,3
0.44151606425702816,0.128,1.0,0.4413273395010937,0.12498400921069462,1.0,3
0.5394076305220884,0.128,1.0,0.5393867025226273,0.12498400921069462,1.0,3
0.6335341365461848,0.128,1.0,0.6335106062734551,0.12498400921069462,1.0,3
0.7276606425702812,0.128,1.0,0.7276345100242829,0.12498400921069462,1.0,3
0.8258032128514057,0.128,1.0,0.825679825001505,0.12498400921069462,1.0,3
0.9236947791164659,0.128,1.0,0.9237251399787272,0.12498400921069462,1.0,3
0.01782128514056225,0.128,1.0,0.0177868309618896,0.12498400921069462,1.0,3
0.11596385542168675,0.128,1.0,0.11583214593911167,0.12498400921069462,1.0,3
0.21385542168674704,0.128,1.0,0.2138774609163338,0.12498400921069462,1.0,3
0.3119979919678715,0.128,1.0,0.3119227758935559,0.12498400921069462,1.0,3
0.410140562248996,0.128,1.0,0.409968090870778,0.12498400921069462,1.0,3
0.5080321285140562,0.128,1.0,0.5080274538923116,0.12498400921069462,1.0,3
0.6021586345381527,0.128,1.0,0.6021513576431394,0.12498400921069462,1.0,3
0.696285140562249,0.128,1.0,0.6962752613939673,0.12498400921069462,1.0,3
0.7904116465863454,0.128,1.0,0.7903971582813221,0.12498400921069462,1.0,3
0.8885542168674699,0.128,1.0,0.8884424732585441,0.12498400921069462,1.0,3
0.9866967871485944,0.128,1.0,0.9864877882357662,0.12498400921069462,1.0,3
0.08057228915662651,0.128,1.0,0.08055148608240176,0.12498400921069462,1.0,3
0.178714859437751,0.128,1.0,0.17859479419615076,0.12498400921069462,1.0,3
0.27660642570281124,0.128,1.0,0.2766401091733729,0.12498400921069462,1.0,3
0.37474899598393574,0.128,1.0,0.37468542415059497,0.12498400921069462,1.0,3
0.47289156626506024,0.128,1.0,0.47273073912781705,0.12498400921069462,1.0,3
0.5707831325301205,0.128,1.0,0.5707921090128238,0.12498400921069462,1.0,3
0.6649096385542169,0.128,1.0,0.6649160127636516,0.12498400921069462,1.0,3
0.7590361445783134,0.128,1.0,0.7590399165144794,0.12498400921069462,1.0,3
0.8571787148594379,0.128,1.0,0.8570832246282285,0.12498400921069462,1.0,3
0.9553212851405624,0.128,1.0,0.9551285396054505,0.12498400921069462,1.0,3
0.04919678714859438,0.128,1.0,0.04919223745208606,0.12498400921069462,1.0,3
0.14733935742971888,0.128,1.0,0.14723755242930814,0.12498400921069462,1.0,3
0.24523092369477917,0.128,1.0,0.24528286740653027,0.12498400921069462,1.0,3
0.34337349397590367,0.128,1.0,0.3433261755202793,0.12498400921069462,1.0,3
0.44151606425702816,0.128,1.0,0.4413714904975014,0.12498400921069462,1.0,3
0.5394076305220884,0.128,1.0,0.5394328603825082,0.12498400921069462,1.0,3
0.6335341365461848,0.128,1.0,0.633556764133336,0.12498400921069462,1.0,3
0.7276606425702812,0.128,1.0,0.7276806678841637,0.12498400921069462,1.0,3
0.8258032128514057,0.128,1.0,0.8257259828613859,0.12498400921069462,1.0,3
0.9239457831325302,0.128,1.0,0.9237692909751349,0.12498400921069462,1.0,3
0.01782128514056225,0.128,1.0,0.017832988821770424,0.12498400921069462,1.0,3
0.11596385542168675,0.128,1.0,0.1158783037989925,0.12498400921069462,1.0,3
0.21410642570281124,0.128,1.0,0.21392361877621463,0.12498400921069462,1.0,3
0.3119979919678715,0.128,1.0,0.3119689337534367,0.12498400921069462,1.0,3
0.410140562248996,0.128,1.0,0.4100122418671857,0.12498400921069462,1.0,3
0.5080321285140562,0.128,1.0,0.5080736117521925,0.12498400921069462,1.0,3
0.6021586345381527,0.128,1.0,0.6021975155030203,0.12498400921069462,1.0,3
0.696285140562249,0.128,1.0,0.696321419253848,0.12498400921069462,1.0,3
0.7904116465863454,0.128,1.0,0.7904433161412028,0.12498400921069462,1.0,3
0.8885542168674699,0.128,1.0,0.8884886311184249,0.12498400921069462,1.0,3
0.9866967871485944,0.128,1.0,0.986533946095647,0.12498400921069462,1.0,3
0.08057228915662651,0.128,1.0,0.08059563707880946,0.12498400921069462,1.0,3
0.178714859437751,0.128,1.0,0.17864095205603153,0.12498400921069462,1.0,3
0.2768574297188755,0.128,1.0,0.2766862670332537,0.12498400921069462,1.0,3
0.37474899598393574,0.128,1.0,0.37473158201047574,0.12498400921069462,1.0,3
0.47289156626506024,0.128,1.0,0.47277689698769787,0.12498400921069462,1.0,3
0.5710341365461847,0.128,1.0,0.5708382668727046,0.12498400921069462,1.0,3
0.6651606425702812,0.128,1.0,0.6649621706235325,0.12498400921069462,1.0,3
0.7592871485943775,0.128,1.0,0.7590840675108872,0.12498400921069462,1.0,3
0.8571787148594379,0.128,1.0,0.8571293824881092,0.12498400921069462,1.0,3
0.9553212851405624,0.128,1.0,0.9551746974653313,0.12498400921069462,1.0,3
0.04919678714859438,0.128,1.0,0.04923638844849376,0.12498400921069462,1.0,3
0.14733935742971888,0.128,1.0,0.1472817034257159,0.12498400921069462,1.0,3
0.24548192771084337,0.128,1.0,0.24532701840293797,0.12498400921069462,1.0,3
0.34337349397590367,0.128,1.0,0.3433723333801601,0.12498400921069462,1.0,3
0.44151606425702816,0.128,1.0,0.4414176483573822,0.12498400921069462,1.0,3
0.5396586345381527,0.128,1.0,0.5394790182423889,0.12498400921069462,1.0,3
0.633785140562249,0.128,1.0,0.6336029219932168,0.12498400921069462,1.0,3
0.7279116465863454,0.128,1.0,0.7277248188805715,0.12498400921069462,1.0,3
0.8258032128514057,0.128,1.0,0.8257701338577936,0.12498400921069462,1.0,3
0.9239457831325302,0.128,1.0,0.9238154488350157,0.12498400921069462,1.0,3
0.01782128514056225,0.128,1.0,0.017879146681651192,0.12498400921069462,1.0,3
0.11596385542168675,0.128,1.0,0.11592245479540025,0.12498400921069462,1.0,3
0.21410642570281124,0.128,1.0,0.21396776977262233,0.12498400921069462,1.0,3
0.3119979919678715,0.128,1.0,0.3120130847498444,0.12498400921069462,1.0,3
0.410140562248996,0.128,1.0,0.4100583997270665,0.12498400921069462,1.0,3
0.5082831325301205,0.128,1.0,0.5081197696120733,0.12498400921069462,1.0,3
0.6024096385542169,0.128,1.0,0.6022436733629011,0.12498400921069462,1.0,3
0.6965361445783133,0.128,1.0,0.6963655702502558,0.12498400921069462,1.0,3
0.7906626506024097,0.128,1.0,0.7904894740010837,0.12498400921069462,1.0,3
0.8885542168674699,0.128,1.0,0.8885347889783057,0.12498400921069462,1.0,3
0.9866967871485944,0.128,1.0,0.9865801039555279,0.12498400921069462,1.0,3
0.08082329317269077,0.128,1.0,0.08064179493869028,0.12498400921069462,1.0,3
0.178714859437751,0.128,1.0,0.1786871099159124,0.12498400921069462,1.0,3
0.2768574297188755,0.128,1.0,0.27673242489313443,0.12498400921069462,1.0,3
0.37474899598393574,0.128,1.0,0.37477773987035656,0.12498400921069462,1.0,3
0.47289156626506024,0.128,1.0,0.47282305484757864,0.12498400921069462,1.0,3
0.5710341365461847,0.128,1.0,0.5708844247325854,0.12498400921069462,1.0,3
0.6651606425702812,0.128,1.0,0.6650083284834132,0.12498400921069462,1.0,3
0.7592871485943775,0.128,1.0,0.7591302253707679,0.12498400921069462,1.0,3
0.8571787148594379,0.128,1.0,0.85717554034799,0.12498400921069462,1.0,3
0.9553212851405624,0.128,1.0,0.9552208553252122,0.12498400921069462,1.0,3
0.04944779116465864,0.128,1.0,0.049282546308374586,0.12498400921069462,1.0,3
0.14733935742971888,0.128,1.0,0.14732786128559672,0.12498400921069462,1.0,3
0.24548192771084337,0.128,1.0,0.2453731762628188,0.12498400921069462,1.0,3
0.34337349397590367,0.128,1.0,0.34341849124004087,0.12498400921069462,1.0,3
0.44151606425702816,0.128,1.0,0.441463806217263,0.12498400921069462,1.0,3
0.5396586345381527,0.128,1.0,0.5395251761022697,0.12498400921069462,1.0,3
0.633785140562249,0.128,1.0,0.6336490798530975,0.12498400921069462,1.0,3
0.7279116465863454,0.128,1.0,0.7277709767404523,0.12498400921069462,1.0,3
0.8258032128514057,0.128,1.0,0.8258162917176743,0.12498400921069462,1.0,3
0.9239457831325302,0.128,1.0,0.9238616066948965,0.12498400921069462,1.0,3
0.01807228915662651,0.128,1.0,0.017923297678058947,0.12498400921069462,1.0,3
0.11596385542168675,0.128,1.0,0.11596861265528102,0.12498400921069462,1.0,3
0.21410642570281124,0.128,1.0,0.2140139276325031,0.12498400921069462,1.0,3
0.31224899598393574,0.128,1.0,0.3120592426097252,0.12498400921069462,1.0,3
0.410140562248996,0.128,1.0,0.4101045575869473,0.12498400921069462,1.0,3
0.5082831325301205,0.128,1.0,0.508165927471954,0.12498400921069462,1.0,3
0.6024096385542169,0.128,1.0,0.6022898312227818,0.12498400921069462,1.0,3
0.6965361445783133,0.128,1.0,0.6964117281101366,0.12498400921069462,1.0,3
0.7906626506024097,0.128,1.0,0.7905356318609644,0.12498400921069462,1.0,3
0.8885542168674699,0.128,1.0,0.8885809468381864,0.12498400921069462,1.0,3
0.9866967871485944,0.128,1.0,0.9866262618154087,0.12498400921069462,1.0,3
0.08082329317269077,0.128,1.0,0.08068795279857105,0.12498400921069462,1.0,3
0.178714859437751,0.128,1.0,0.17873326777579318,0.12498400921069462,1.0,3
0.2768574297188755,0.128,1.0,0.27677858275301526,0.12498400921069462,1.0,3
0.375,0.128,1.0,0.3748238977302374,0.12498400921069462,1.0,3
0.47289156626506024,0.128,1.0,0.47286921270745946,0.12498400921069462,1.0,3
0.5710341365461847,0.128,1.0,0.5709305825924662,0.12498400921069462,1.0,3
0.6651606425702812,0.128,1.0,0.6650524794798209,0.12498400921069462,1.0,3
0.7592871485943775,0.128,1.0,0.7591763832306487,0.12498400921069462,1.0,3
0.857429718875502,0.128,1.0,0.8572216982078709,0.12498400921069462,1.0,3
0.9553212851405624,0.128,1.0,0.9552670131850929,0.12498400921069462,1.0,3
0.04944779116465864,0.128,1.0,0.04932870416825541,0.12498400921069462,1.0,3
0.14733935742971888,0.128,1.0,0.1473740191454775,0.12498400921069462,1.0,3
0.24548192771084337,0.128,1.0,0.24541933412269956,0.12498400921069462,1.0,3
0.3436244979919679,0.128,1.0,0.3434646490999217,0.12498400921069462,1.0,3
0.44151606425702816,0.128,1.0,0.44150996407714377,0.12498400921069462,1.0,3
0.5396586345381527,0.128,1.0,0.5395713339621505,0.12498400921069462,1.0,3
0.633785140562249,0.128,1.0,0.6336932308495052,0.12498400921069462,1.0,3
0.7279116465863454,0.128,1.0,0.727817134600333,0.12498400921069462,1.0,3
0.8260542168674698,0.128,1.0,0.8258624495775552,0.12498400921069462,1.0,3
0.9239457831325302,0.128,1.0,0.9239077645547773,0.12498400921069462,1.0,3
0.01807228915662651,0.128,1.0,0.017969455537939716,0.12498400921069462,1.0,3
0.11596385542168675,0.128,1.0,0.11601477051516179,0.12498400921069462,1.0,3
0.21410642570281124,0.128,1.0,0.21406008549238387,0.12498400921069462,1.0,3
0.31224899598393574,0.128,1.0,0.312105400469606,0.12498400921069462,1.0,3
0.410140562248996,0.128,1.0,0.41015071544682813,0.12498400921069462,1.0,3
0.5082831325301205,0.128,1.0,0.5082120853318348,0.12498400921069462,1.0,3
0.6024096385542169,0.128,1.0,0.6023359890826626,0.12498400921069462,1.0,3
0.6965361445783133,0.128,1.0,0.6964578859700173,0.12498400921069462,1.0,3
0.7906626506024097,0.128,1.0,0.7905817897208451,0.12498400921069462,1.0,3
0.8888052208835342,0.128,1.0,0.8886271046980674,0.12498400921069462,1.0,3
0.9866967871485944,0.128,1.0,0.9866724196752894,0.12498400921069462,1.0,3
0.08082329317269077,0.128,1.0,0.08073411065845187,0.12498400921069462,1.0,3
0.17896586345381527,0.128,1.0,0.17877942563567395,0.12498400921069462,1.0,3
0.2768574297188755,0.128,1.0,0.276824740612896,0.12498400921069462,1.0,3
0.375,0.128,1.0,0.3748700555901181,0.12498400921069462,1.0,3
0.47289156626506024,0.128,1.0,0.47291537056734023,0.12498400921069462,1.0,3
0.5710341365461847,0.128,1.0,0.5709767404523469,0.12498400921069462,1.0,3
0.6651606425702812,0.128,1.0,0.6650986373397018,0.12498400921069462,1.0,3
0.7592871485943775,0.128,1.0,0.7592225410905296,0.12498400921069462,1.0,3
0.857429718875502,0.128,1.0,0.8572678560677516,0.12498400921069462,1.0,3
0.9553212851405624,0.128,1.0,0.9553131710449737,0.12498400921069462,1.0,3
0.04944779116465864,0.128,1.0,0.04937486202813618,0.12498400921069462,1.0,3
0.14759036144578314,0.128,1.0,0.14742017700535825,0.12498400921069462,1.0,3
0.24548192771084337,0.128,1.0,0.24546549198258039,0.12498400921069462,1.0,3
0.3436244979919679,0.128,1.0,0.3435108069598025,0.12498400921069462,1.0,3
0.44151606425702816,0.128,1.0,0.44155612193702454,0.12498400921069462,1.0,3
0.5396586345381527,0.128,1.0,0.5396174918220313,0.12498400921069462,1.0,3
0.633785140562249,0.128,1.0,0.6337393887093861,0.12498400921069462,1.0,3
0.7279116465863454,0.128,1.0,0.7278632924602139,0.12498400921069462,1.0,3
0.8260542168674698,0.128,1.0,0.825908607437436,0.12498400921069462,1.0,3
0.9239457831325302,0.128,1.0,0.923953922414658,0.12498400921069462,1.0,3
0.01807228915662651,0.128,1.0,0.018015613397820485,0.12498400921069462,1.0,3
0.116214859437751,0.128,1.0,0.11606092837504256,0.12498400921069462,1.0,3
0.21410642570281124,0.128,1.0,0.2141062433522647,0.12498400921069462,1.0,3
0.31224899598393574,0.128,1.0,0.3121515583294868,0.12498400921069462,1.0,3
0.41039156626506024,0.128,1.0,0.4101968733067089,0.12498400921069462,1.0,3
0.5082831325301205,0.128,1.0,0.5082582431917156,0.12498400921069462,1.0,3
0.6024096385542169,0.128,1.0,0.6023801400790704,0.12498400921069462,1.0,3
0.6965361445783133,0.128,1.0,0.6965040438298982,0.12498400921069462,1.0,3
0.7906626506024097,0.128,1.0,0.790627947580726,0.12498400921069462,1.0,3
0.8888052208835342,0.128,1.0,0.8886732625579481,0.12498400921069462,1.0,3
0.9866967871485944,0.128,1.0,0.9867185775351701,0.12498400921069462,1.0,3
0.08082329317269077,0.128,1.0,0.08078026851833264,0.12498400921069462,1.0,3
0.17896586345381527,0.128,1.0,0.17882558349555472,0.12498400921069462,1.0,3
0.2768574297188755,0.128,1.0,0.27687089847277685,0.12498400921069462,1.0,3
0.375,0.128,1.0,0.3749162134499989,0.12498400921069462,1.0,3
0.4731425702811245,0.128,1.0,0.47296152842722106,0.12498400921069462,1.0,3
0.5710341365461847,0.128,1.0,0.5710208914487547,0.12498400921069462,1.0,3
0.6651606425702812,0.128,1.0,0.6651447951995825,0.12498400921069462,1.0,3
0.7592871485943775,0.128,1.0,0.7592686989504104,0.12498400921069462,1.0,3
0.857429718875502,0.128,1.0,0.8573140139276325,0.12498400921069462,1.0,3
0.9555722891566265,0.128,1.0,0.9553593289048545,0.12498400921069462,1.0,3
0.04944779116465864,0.128,1.0,0.049421019888017004,0.12498400921069462,1.0,3
0.14759036144578314,0.128,1.0,0.14746633486523908,0.12498400921069462,1.0,3
0.24548192771084337,0.128,1.0,0.24551164984246115,0.12498400921069462,1.0,3
0.3436244979919679,0.128,1.0,0.34355696481968323,0.12498400921069462,1.0,3
0.4417670682730924,0.128,1.0,0.44160227979690536,0.12498400921069462,1.0,3
0.5396586345381527,0.128,1.0,0.539663649681912,0.12498400921069462,1.0,3
0.633785140562249,0.128,1.0,0.6337855465692668,0.12498400921069462,1.0,3
0.7279116465863454,0.128,1.0,0.7279094503200947,0.12498400921069462,1.0,3
0.8260542168674698,0.128,1.0,0.8259547652973167,0.12498400921069462,1.0,3
0.9241967871485944,0.128,1.0,0.9240000802745388,0.12498400921069462,1.0,3
0.01807228915662651,0.128,1.0,0.01806177125770131,0.12498400921069462,1.0,3
0.116214859437751,0.128,1.0,0.11610708623492338,0.12498400921069462,1.0,3
0.21410642570281124,0.128,1.0,0.21415240121214552,0.12498400921069462,1.0,3
0.31224899598393574,0.128,1.0,0.31219771618936754,0.12498400921069462,1.0,3
0.41039156626506024,0.128,1.0,0.41024303116658967,0.12498400921069462,1.0,3
0.5082831325301205,0.128,1.0,0.5083044010515964,0.12498400921069462,1.0,3
0.6024096385542169,0.128,1.0,0.6024262979389512,0.12498400921069462,1.0,3
0.6965361445783133,0.128,1.0,0.696550201689779,0.12498400921069462,1.0,3
0.7906626506024097,0.128,1.0,0.7906741054406068,0.12498400921069462,1.0,3
0.8888052208835342,0.128,1.0,0.8887194204178289,0.12498400921069462,1.0,3
0.9869477911646587,0.128,1.0,0.986764735395051,0.12498400921069462,1.0,3
0.08082329317269077,0.128,1.0,0.08082642637821347,0.12498400921069462,1.0,3
0.17896586345381527,0.128,1.0,0.17887174135543554,0.12498400921069462,1.0,3
0.27710843373493976,0.128,1.0,0.2769170563326576,0.12498400921069462,1.0,3
0.375,0.128,1.0,0.37496237130987975,0.12498400921069462,1.0,3
0.4731425702811245,0.128,1.0,0.4730076862871018,0.12498400921069462,1.0,3
0.5710341365461847,0.128,1.0,0.5710670493086355,0.12498400921069462,1.0,3
0.6651606425702812,0.128,1.0,0.6651909530594633,0.12498400921069462,1.0,3
0.7592871485943775,0.128,1.0,0.7593148568102912,0.12498400921069462,1.0,3
0.857429718875502,0.128,1.0,0.8573601717875132,0.12498400921069462,1.0,3
0.9555722891566265,0.128,1.0,0.9554054867647352,0.12498400921069462,1.0,3
0.04944779116465864,0.128,1.0,0.04946717774789777,0.12498400921069462,1.0,3
0.14759036144578314,0.128,1.0,0.14751249272511985,0.12498400921069462,1.0,3
0.2457329317269077,0.128,1.0,0.24555780770234192,0.12498400921069462,1.0,3
0.3436244979919679,0.128,1.0,0.34360312267956405,0.12498400921069462,1.0,3
0.4417670682730924,0.128,1.0,0.44164843765678613,0.12498400921069462,1.0,3
0.5399096385542169,0.128,1.0,0.5397078006783198,0.12498400921069462,1.0,3
0.6340361445783133,0.128,1.0,0.6338317044291476,0.12498400921069462,1.0,3
0.7281626506024097,0.128,1.0,0.7279556081799754,0.12498400921069462,1.0,3
0.8260542168674698,0.128,1.0,0.8260009231571975,0.12498400921069462,1.0,3
0.9241967871485944,0.128,1.0,0.9240462381344197,0.12498400921069462,1.0,3
0.01807228915662651,0.128,1.0,0.018107929117582078,0.12498400921069462,1.0,3
0.116214859437751,0.128,1.0,0.11615324409480415,0.12498400921069462,1.0,3
0.21435742971887556,0.128,1.0,0.21419855907202628,0.12498400921069462,1.0,3
0.31224899598393574,0.128,1.0,0.31224387404924836,0.12498400921069462,1.0,3
0.41039156626506024,0.128,1.0,0.4102891890264705,0.12498400921069462,1.0,3
0.5085341365461847,0.128,1.0,0.5083485520480041,0.12498400921069462,1.0,3
0.6026606425702812,0.128,1.0,0.6024724557988319,0.12498400921069462,1.0,3
0.6967871485943775,0.128,1.0,0.6965963595496598,0.12498400921069462,1.0,3
0.790913654618474,0.128,1.0,0.7907202633004876,0.12498400921069462,1.0,3
0.8888052208835342,0.128,1.0,0.8887655782777097,0.12498400921069462,1.0,3
0.9869477911646587,0.128,1.0,0.9868108932549318,0.12498400921069462,1.0,3
0.08082329317269077,0.128,1.0,0.08087258423809424,0.12498400921069462,1.0,3
0.17896586345381527,0.128,1.0,0.1789178992153163,0.12498400921069462,1.0,3
0.27710843373493976,0.128,1.0,0.27696321419253844,0.12498400921069462,1.0,3
0.375,0.128,1.0,0.3750085291697605,0.12498400921069462,1.0,3
0.4731425702811245,0.128,1.0,0.4730538441469826,0.12498400921069462,1.0,3
0.571285140562249,0.128,1.0,0.5711132071685162,0.12498400921069462,1.0,3
0.6654116465863454,0.128,1.0,0.665237110919344,0.12498400921069462,1.0,3
0.7595381526104419,0.128,1.0,0.7593610146701719,0.12498400921069462,1.0,3
0.857429718875502,0.128,1.0,0.8574063296473939,0.12498400921069462,1.0,3
0.9555722891566265,0.128,1.0,0.9554516446246162,0.12498400921069462,1.0,3
0.0496987951807229,0.128,1.0,0.04951333560777854,0.12498400921069462,1.0,3
0.14759036144578314,0.128,1.0,0.14755865058500062,0.12498400921069462,1.0,3
0.2457329317269077,0.128,1.0,0.24560396556222275,0.12498400921069462,1.0,3
0.3436244979919679,0.128,1.0,0.3436492805394448,0.12498400921069462,1.0,3
0.4417670682730924,0.128,1.0,0.44169459551666695,0.12498400921069462,1.0,3
0.5399096385542169,0.128,1.0,0.5397539585382006,0.12498400921069462,1.0,3
0.6340361445783133,0.128,1.0,0.6338778622890284,0.12498400921069462,1.0,3
0.7281626506024097,0.128,1.0,0.7280017660398562,0.12498400921069462,1.0,3
0.8260542168674698,0.128,1.0,0.8260470810170784,0.12498400921069462,1.0,3
0.9241967871485944,0.128,1.0,0.9240923959943004,0.12498400921069462,1.0,3
0.01832329317269077,0.128,1.0,0.018154086977462847,0.12498400921069462,1.0,3
0.116214859437751,0.128,1.0,0.11619940195468498,0.12498400921069462,1.0,3
0.21435742971887556,0.128,1.0,0.21424471693190705,0.12498400921069462,1.0,3
0.31224899598393574,0.128,1.0,0.3122900319091292,0.12498400921069462,1.0,3
0.41039156626506024,0.128,1.0,0.41033534688635126,0.12498400921069462,1.0,3
0.5085341365461847,0.128,1.0,0.5083947099078849,0.12498400921069462,1.0,3
0.6026606425702812,0.128,1.0,0.6025186136587127,0.12498400921069462,1.0,3
0.6967871485943775,0.128,1.0,0.6966425174095405,0.12498400921069462,1.0,3
0.790913654618474,0.128,1.0,0.7907664211603684,0.12498400921069462,1.0,3
0.8888052208835342,0.128,1.0,0.8888117361375905,0.12498400921069462,1.0,3
0.9869477911646587,0.128,1.0,0.9868570511148125,0.12498400921069462,1.0,3
0.08107429718875503,0.128,1.0,0.080918742097975,0.12498400921069462,1.0,3
0.17896586345381527,0.128,1.0,0.17896405707519708,0.12498400921069462,1.0,3
0.27710843373493976,0.128,1.0,0.27700937205241927,0.12498400921069462,1.0,3
0.37525100401606426,0.128,1.0,0.3750546870296413,0.12498400921069462,1.0,3
0.4731425702811245,0.128,1.0,0.4731000020068634,0.12498400921069462,1.0,3
0.571285140562249,0.128,1.0,0.571159365028397,0.12498400921069462,1.0,3
0.6654116465863454,0.128,1.0,0.665283268779225,0.12498400921069462,1.0,3
0.7595381526104419,0.128,1.0,0.7594071725300526,0.12498400921069462,1.0,3
0.857429718875502,0.128,1.0,0.8574524875072748,0.12498400921069462,1.0,3
0.9555722891566265,0.128,1.0,0.9554978024844969,0.12498400921069462,1.0,3
0.0496987951807229,0.128,1.0,0.04955949346765931,0.12498400921069462,1.0,3
0.14759036144578314,0.128,1.0,0.14760480844488144,0.12498400921069462,1.0,3
0.2457329317269077,0.128,1.0,0.24565012342210352,0.12498400921069462,1.0,3
0.3438755020080322,0.128,1.0,0.34369543839932565,0.12498400921069462,1.0,3
0.4417670682730924,0.128,1.0,0.4417407533765477,0.12498400921069462,1.0,3
0.5399096385542169,0.128,1.0,0.5398001163980813,0.12498400921069462,1.0,3
0.6340361445783133,0.128,1.0,0.6339240201489091,0.12498400921069462,1.0,3
0.7281626506024097,0.128,1.0,0.728047923899737,0.12498400921069462,1.0,3
0.8263052208835342,0.128,1.0,0.8260932388769591,0.12498400921069462,1.0,3
0.9241967871485944,0.128,1.0,0.9241385538541813,0.12498400921069462,1.0,3
0.01832329317269077,0.128,1.0,0.018200244837343615,0.12498400921069462,1.0,3
0.116214859437751,0.128,1.0,0.1162455598145658,0.12498400921069462,1.0,3
0.21435742971887556,0.128,1.0,0.21429087479178788,0.12498400921069462,1.0,3
0.3125,0.128,1.0,0.31233618976900995,0.12498400921069462,1.0,3
0.41039156626506024,0.128,1.0,0.41038150474623203,0.12498400921069462,1.0,3
0.5085341365461847,0.128,1.0,0.5084408677677656,0.12498400921069462,1.0,3
0.6026606425702812,0.128,1.0,0.6025647715185936,0.12498400921069462,1.0,3
0.6967871485943775,0.128,1.0,0.6966886752694214,0.12498400921069462,1.0,3
0.790913654618474,0.128,1.0,0.7908125790202492,0.12498400921069462,1.0,3
0.8890562248995985,0.128,1.0,0.8888578939974713,0.12498400921069462,1.0,3
0.9869477911646587,0.128,1.0,0.9869012021112202,0.12498400921069462,1.0,3
0.08107429718875503,0.128,1.0,0.08096489995785583,0.12498400921069462,1.0,3
0.17896586345381527,0.128,1.0,0.17901021493507796,0.12498400921069462,1.0,3
0.27710843373493976,0.128,1.0,0.2770555299123,0.12498400921069462,1.0,3
0.37525100401606426,0.128,1.0,0.3751008448895221,0.12498400921069462,1.0,3
0.4731425702811245,0.128,1.0,0.4731441530032711,0.12498400921069462,1.0,3
0.571285140562249,0.128,1.0,0.5712055228882779,0.12498400921069462,1.0,3
0.6654116465863454,0.128,1.0,0.6653294266391057,0.12498400921069462,1.0,3
0.7595381526104419,0.128,1.0,0.7594533303899336,0.12498400921069462,1.0,3
0.8576807228915664,0.128,1.0,0.8574986453671556,0.12498400921069462,1.0,3
0.9555722891566265,0.128,1.0,0.9555439603443777,0.12498400921069462,1.0,3
0.0496987951807229,0.128,1.0,0.049605651327540135,0.12498400921069462,1.0,3
0.1478413654618474,0.128,1.0,0.14765096630476227,0.12498400921069462,1.0,3
0.2457329317269077,0.128,1.0,0.24569628128198434,0.12498400921069462,1.0,3
0.3438755020080322,0.128,1.0,0.3437415962592064,0.12498400921069462,1.0,3
0.4417670682730924,0.128,1.0,0.44178691123642855,0.12498400921069462,1.0,3
0.5399096385542169,0.128,1.0,0.5398462742579622,0.12498400921069462,1.0,3
0.6340361445783133,0.128,1.0,0.63397017800879,0.12498400921069462,1.0,3
0.7281626506024097,0.128,1.0,0.7280940817596178,0.12498400921069462,1.0,3
0.8263052208835342,0.128,1.0,0.82613939673684,0.12498400921069462,1.0,3
0.9241967871485944,0.128,1.0,0.924184711714062,0.12498400921069462,1.0,3
0.01832329317269077,0.128,1.0,0.018246402697224495,0.12498400921069462,1.0,3
0.11646586345381527,0.128,1.0,0.11629171767444657,0.12498400921069462,1.0,3
0.21435742971887556,0.128,1.0,0.21433703265166865,0.12498400921069462,1.0,3
0.3125,0.128,1.0,0.3123823476288907,0.12498400921069462,1.0,3
0.41039156626506024,0.128,1.0,0.41042766260611285,0.12498400921069462,1.0,3
0.5085341365461847,0.128,1.0,0.5084870256276465,0.12498400921069462,1.0,3
0.6026606425702812,0.128,1.0,0.6026109293784743,0.12498400921069462,1.0,3
0.6967871485943775,0.128,1.0,0.6967348331293022,0.12498400921069462,1.0,3
0.790913654618474,0.128,1.0,0.7908567300166569,0.12498400921069462,1.0,3
0.8890562248995985,0.128,1.0,0.888902044993879,0.12498400921069462,1.0,3
0.9869477911646587,0.128,1.0,0.9869473599711012,0.12498400921069462,1.0,3
0.08107429718875503,0.128,1.0,0.0810110578177366,0.12498400921069462,1.0,3
0.17921686746987953,0.128,1.0,0.17905637279495873,0.12498400921069462,1.0,3
0.27710843373493976,0.128,1.0,0.27709968090870774,0.12498400921069462,1.0,3
0.37525100401606426,0.128,1.0,0.3751449958859298,0.12498400921069462,1.0,3
0.4731425702811245,0.128,1.0,0.4731903108631519,0.12498400921069462,1.0,3
0.571285140562249,0.128,1.0,0.5712516807481587,0.12498400921069462,1.0,3
0.6654116465863454,0.128,1.0,0.6653755844989865,0.12498400921069462,1.0,3
0.7595381526104419,0.128,1.0,0.7594994882498143,0.12498400921069462,1.0,3
0.8576807228915664,0.128,1.0,0.8575427963635633,0.12498400921069462,1.0,3
0.9555722891566265,0.128,1.0,0.9555881113407854,0.12498400921069462,1.0,3
0.0496987951807229,0.128,1.0,0.0496518091874209,0.12498400921069462,1.0,3
0.1478413654618474,0.128,1.0,0.14769712416464303,0.12498400921069462,1.0,3
0.2457329317269077,0.128,1.0,0.2457424391418651,0.12498400921069462,1.0,3
0.3438755020080322,0.128,1.0,0.3437857472556141,0.12498400921069462,1.0,3
0.4420180722891566,0.128,1.0,0.44183106223283625,0.12498400921069462,1.0,3
0.5399096385542169,0.128,1.0,0.539892432117843,0.12498400921069462,1.0,3
0.6340361445783133,0.128,1.0,0.6340163358686708,0.12498400921069462,1.0,3
0.7281626506024097,0.128,1.0,0.7281402396194986,0.12498400921069462,1.0,3
0.8263052208835342,0.128,1.0,0.8261855545967207,0.12498400921069462,1.0,3
0.9241967871485944,0.128,1.0,0.9242288627104698,0.12498400921069462,1.0,3
0.01832329317269077,0.128,1.0,0.018292560557105264,0.12498400921069462,1.0,3
0.11646586345381527,0.128,1.0,0.11633787553432734,0.12498400921069462,1.0,3
0.21435742971887556,0.128,1.0,0.21438319051154942,0.12498400921069462,1.0,3
0.3125,0.128,1.0,0.31242850548877155,0.12498400921069462,1.0,3
0.4106425702811245,0.128,1.0,0.41047181360252055,0.12498400921069462,1.0,3
0.5085341365461847,0.128,1.0,0.5085331834875273,0.12498400921069462,1.0,3
0.6026606425702812,0.128,1.0,0.6026570872383551,0.12498400921069462,1.0,3
0.6967871485943775,0.128,1.0,0.6967809909891829,0.12498400921069462,1.0,3
0.790913654618474,0.128,1.0,0.7909028878765376,0.12498400921069462,1.0,3
0.8890562248995985,0.128,1.0,0.8889482028537599,0.12498400921069462,1.0,3
0.987198795180723,0.128,1.0,0.9869935178309819,0.12498400921069462,1.0,3
0.08107429718875503,0.128,1.0,0.08105520881414435,0.12498400921069462,1.0,3
0.17921686746987953,0.128,1.0,0.17910052379136643,0.12498400921069462,1.0,3
0.27710843373493976,0.128,1.0,0.27714583876858856,0.12498400921069462,1.0,3
0.37525100401606426,0.128,1.0,0.3751911537458106,0.12498400921069462,1.0,3
0.47339357429718876,0.128,1.0,0.4732364687230327,0.12498400921069462,1.0,3
0.571285140562249,0.128,1.0,0.5712978386080394,0.12498400921069462,1.0,3
0.6654116465863454,0.128,1.0,0.6654217423588673,0.12498400921069462,1.0,3
0.7595381526104419,0.128,1.0,0.759543639246222,0.12498400921069462,1.0,3
0.8576807228915664,0.128,1.0,0.857588954223444,0.12498400921069462,1.0,3
0.9558232931726909,0.128,1.0,0.9556342692006662,0.12498400921069462,1.0,3
0.0496987951807229,0.128,1.0,0.04969596018382866,0.12498400921069462,1.0,3
0.1478413654618474,0.128,1.0,0.14774127516105073,0.12498400921069462,1.0,3
0.2457329317269077,0.128,1.0,0.2457865901382728,0.12498400921069462,1.0,3
0.3438755020080322,0.128,1.0,0.34383190511549494,0.12498400921069462,1.0,3
0.4420180722891566,0.128,1.0,0.441877220092717,0.12498400921069462,1.0,3
0.5399096385542169,0.128,1.0,0.5399385899777237,0.12498400921069462,1.0,3
0.6340361445783133,0.128,1.0,0.6340624937285516,0.12498400921069462,1.0,3
0.7281626506024097,0.128,1.0,0.7281843906159063,0.12498400921069462,1.0,3
0.8263052208835342,0.128,1.0,0.8262297055931285,0.12498400921069462,1.0,3
0.9244477911646587,0.128,1.0,0.9242750205703505,0.12498400921069462,1.0,3
0.01832329317269077,0.128,1.0,0.018338718416986033,0.12498400921069462,1.0,3
0.11646586345381527,0.128,1.0,0.11638202653073504,0.12498400921069462,1.0,3
0.21460843373493976,0.128,1.0,0.21442734150795717,0.12498400921069462,1.0,3
0.3125,0.128,1.0,0.31247265648517925,0.12498400921069462,1.0,3
0.4106425702811245,0.128,1.0,0.4105179714624014,0.12498400921069462,1.0,3
0.5085341365461847,0.128,1.0,0.5085793413474081,0.12498400921069462,1.0,3
0.6026606425702812,0.128,1.0,0.6027032450982359,0.12498400921069462,1.0,3
0.6967871485943775,0.128,1.0,0.6968271488490637,0.12498400921069462,1.0,3
0.790913654618474,0.128,1.0,0.7909490457364184,0.12498400921069462,1.0,3
0.8890562248995985,0.128,1.0,0.8889943607136406,0.12498400921069462,1.0,3
0.987198795180723,0.128,1.0,0.9870396756908626,0.12498400921069462,1.0,3
0.08107429718875503,0.128,1.0,0.08110136667402512,0.12498400921069462,1.0,3
0.17921686746987953,0.128,1.0,0.1791466816512472,0.12498400921069462,1.0,3
0.277359437751004,0.128,1.0,0.2771919966284693,0.12498400921069462,1.0,3
0.37525100401606426,0.128,1.0,0.3752373116056914,0.12498400921069462,1.0,3
0.47339357429718876,0.128,1.0,0.4732826265829135,0.12498400921069462,1.0,3
0.5715361445783133,0.128,1.0,0.5713439964679202,0.12498400921069462,1.0,3
0.6656626506024097,0.128,1.0,0.665467900218748,0.12498400921069462,1.0,3
0.759789156626506,0.128,1.0,0.7595897971061027,0.12498400921069462,1.0,3
0.8576807228915664,0.128,1.0,0.8576351120833249,0.12498400921069462,1.0,3
0.9558232931726909,0.128,1.0,0.955680427060547,0.12498400921069462,1.0,3
0.0496987951807229,0.128,1.0,0.04974211804370943,0.12498400921069462,1.0,3
0.1478413654618474,0.128,1.0,0.1477874330209315,0.12498400921069462,1.0,3
0.2459839357429719,0.128,1.0,0.24583274799815363,0.12498400921069462,1.0,3
0.3438755020080322,0.128,1.0,0.3438780629753757,0.12498400921069462,1.0,3
0.4420180722891566,0.128,1.0,0.44192337795259784,0.12498400921069462,1.0,3
0.5401606425702812,0.128,1.0,0.5399847478376045,0.12498400921069462,1.0,3
0.6342871485943775,0.128,1.0,0.6341086515884324,0.12498400921069462,1.0,3
0.728413654618474,0.128,1.0,0.7282305484757872,0.12498400921069462,1.0,3
0.8263052208835342,0.128,1.0,0.8262758634530092,0.12498400921069462,1.0,3
0.9244477911646587,0.128,1.0,0.9243211784302313,0.12498400921069462,1.0,3
0.01832329317269077,0.128,1.0,0.018382869413393732,0.12498400921069462,1.0,3
0.11646586345381527,0.128,1.0,0.11642818439061581,0.12498400921069462,1.0,3
0.21460843373493976,0.128,1.0,0.21447349936783794,0.12498400921069462,1.0,3
0.3125,0.128,1.0,0.31251881434506,0.12498400921069462,1.0,3
0.4106425702811245,0.128,1.0,0.41056412932228215,0.12498400921069462,1.0,3
0.508785140562249,0.128,1.0,0.5086254992072888,0.12498400921069462,1.0,3
0.6029116465863454,0.128,1.0,0.6027494029581167,0.12498400921069462,1.0,3
0.6970381526104418,0.128,1.0,0.6968712998454715,0.12498400921069462,1.0,3
0.7911646586345382,0.128,1.0,0.7909952035962993,0.12498400921069462,1.0,3
0.8890562248995985,0.128,1.0,0.8890405185735213,0.12498400921069462,1.0,3
0.987198795180723,0.128,1.0,0.9870858335507434,0.12498400921069462,1.0,3
0.08132530120481929,0.128,1.0,0.08114752453390589,0.12498400921069462,1.0,3
0.17921686746987953,0.128,1.0,0.17919283951112797,0.12498400921069462,1.0,3
0.277359437751004,0.128,1.0,0.2772381544883501,0.12498400921069462,1.0,3
0.37525100401606426,0.128,1.0,0.37528346946557223,0.12498400921069462,1.0,3
0.47339357429718876,0.128,1.0,0.4733287844427943,0.12498400921069462,1.0,3
0.5715361445783133,0.128,1.0,0.571390154327801,0.12498400921069462,1.0,3
0.6656626506024097,0.128,1.0,0.6655120512151558,0.12498400921069462,1.0,3
0.759789156626506,0.128,1.0,0.7596359549659837,0.12498400921069462,1.0,3
0.8576807228915664,0.128,1.0,0.8576812699432057,0.12498400921069462,1.0,3
0.9558232931726909,0.128,1.0,0.9557265849204278,0.12498400921069462,1.0,3
0.04994979919678716,0.128,1.0,0.049788275903590196,0.12498400921069462,1.0,3
0.1478413654618474,0.128,1.0,0.14783359088081233,0.12498400921069462,1.0,3
0.2459839357429719,0.128,1.0,0.24587890585803446,0.12498400921069462,1.0,3
0.3438755020080322,0.128,1.0,0.34392422083525653,0.12498400921069462,1.0,3
0.4420180722891566,0.128,1.0,0.4419695358124786,0.12498400921069462,1.0,3
0.5401606425702812,0.128,1.0,0.5400309056974854,0.12498400921069462,1.0,3
0.6342871485943775,0.128,1.0,0.6341528025848401,0.12498400921069462,1.0,3
0.728413654618474,0.128,1.0,0.7282767063356679,0.12498400921069462,1.0,3
0.8263052208835342,0.128,1.0,0.82632202131289,0.12498400921069462,1.0,3
0.9244477911646587,0.128,1.0,0.9243673362901121,0.12498400921069462,1.0,3
0.01857429718875503,0.128,1.0,0.018429027273274556,0.12498400921069462,1.0,3
0.11646586345381527,0.128,1.0,0.11647434225049669,0.12498400921069462,1.0,3
0.21460843373493976,0.128,1.0,0.21451965722771876,0.12498400921069462,1.0,3
0.31275100401606426,0.128,1.0,0.31256497220494084,0.12498400921069462,1.0,3
0.4106425702811245,0.128,1.0,0.41061028718216297,0.12498400921069462,1.0,3
0.508785140562249,0.128,1.0,0.5086716570671697,0.12498400921069462,1.0,3
0.6029116465863454,0.128,1.0,0.6027955608179975,0.12498400921069462,1.0,3
0.6970381526104418,0.128,1.0,0.6969174577053523,0.12498400921069462,1.0,3
0.7911646586345382,0.128,1.0,0.7910413614561801,0.12498400921069462,1.0,3
0.8890562248995985,0.128,1.0,0.8890866764334022,0.12498400921069462,1.0,3
0.987198795180723,0.128,1.0,0.9871319914106242,0.12498400921069462,1.0,3
0.08132530120481929,0.128,1.0,0.08119368239378671,0.12498400921069462,1.0,3
0.17921686746987953,0.128,1.0,0.1792389973710088,0.12498400921069462,1.0,3
0.277359437751004,0.128,1.0,0.2772843123482309,0.12498400921069462,1.0,3
0.3755020080321285,0.128,1.0,0.37532962732545294,0.12498400921069462,1.0,3
0.47339357429718876,0.128,1.0,0.4733749423026751,0.12498400921069462,1.0,3
0.5715361445783133,0.128,1.0,0.5714363121876818,0.12498400921069462,1.0,3
0.6656626506024097,0.128,1.0,0.6655582090750366,0.12498400921069462,1.0,3
0.759789156626506,0.128,1.0,0.7596821128258644,0.12498400921069462,1.0,3
0.8579317269076305,0.128,1.0,0.8577274278030864,0.12498400921069462,1.0,3
0.9558232931726909,0.128,1.0,0.9557727427803087,0.12498400921069462,1.0,3
0.04994979919678716,0.128,1.0,0.04983443376347102,0.12498400921069462,1.0,3
0.1478413654618474,0.128,1.0,0.14787974874069315,0.12498400921069462,1.0,3
0.2459839357429719,0.128,1.0,0.24592506371791523,0.12498400921069462,1.0,3
0.3441265060240964,0.128,1.0,0.34397037869513736,0.12498400921069462,1.0,3
0.4420180722891566,0.128,1.0,0.4420156936723594,0.12498400921069462,1.0,3
0.5401606425702812,0.128,1.0,0.5400770635573662,0.12498400921069462,1.0,3
0.6342871485943775,0.128,1.0,0.6341989604447209,0.12498400921069462,1.0,3
0.728413654618474,0.128,1.0,0.7283228641955487,0.12498400921069462,1.0,3
0.8265562248995983,0.128,1.0,0.8263681791727708,0.12498400921069462,1.0,3
0.9244477911646587,0.128,1.0,0.9244134941499929,0.12498400921069462,1.0,3
0.01857429718875503,0.128,1.0,0.018475185133155325,0.12498400921069462,1.0,3
0.11646586345381527,0.128,1.0,0.11652050011037746,0.12498400921069462,1.0,3
0.21460843373493976,0.128,1.0,0.21456581508759953,0.12498400921069462,1.0,3
0.31275100401606426,0.128,1.0,0.31261113006482166,0.12498400921069462,1.0,3
0.4106425702811245,0.128,1.0,0.41065644504204374,0.12498400921069462,1.0,3
0.508785140562249,0.128,1.0,0.5087178149270505,0.12498400921069462,1.0,3
0.6029116465863454,0.128,1.0,0.6028397118144052,0.12498400921069462,1.0,3
0.6970381526104418,0.128,1.0,0.696963615565233,0.12498400921069462,1.0,3
0.7911646586345382,0.128,1.0,0.7910875193160609,0.12498400921069462,1.0,3
0.8893072289156627,0.128,1.0,0.8891328342932829,0.12498400921069462,1.0,3
0.987198795180723,0.128,1.0,0.9871781492705051,0.12498400921069462,1.0,3
0.08132530120481929,0.128,1.0,0.08123984025366748,0.12498400921069462,1.0,3
0.1794678714859438,0.128,1.0,0.17928515523088961,0.12498400921069462,1.0,3
0.277359437751004,0.128,1.0,0.2773304702081117,0.12498400921069462,1.0,3
0.3755020080321285,0.128,1.0,0.37537578518533377,0.12498400921069462,1.0,3
0.47339357429718876,0.128,1.0,0.4734211001625559,0.12498400921069462,1.0,3
0.5715361445783133,0.128,1.0,0.5714804631840895,0.12498400921069462,1.0,3
0.6656626506024097,0.128,1.0,0.6656043669349173,0.12498400921069462,1.0,3
0.759789156626506,0.128,1.0,0.7597282706857451,0.12498400921069462,1.0,3
0.8579317269076305,0.128,1.0,0.8577735856629672,0.12498400921069462,1.0,3
0.9558232931726909,0.128,1.0,0.9558189006401894,0.12498400921069462,1.0,3
0.04994979919678716,0.128,1.0,0.04988059162335179,0.12498400921069462,1.0,3
0.14809236947791166,0.128,1.0,0.14792590660057392,0.12498400921069462,1.0,3
0.2459839357429719,0.128,1.0,0.245971221577796,0.12498400921069462,1.0,3
0.3441265060240964,0.128,1.0,0.34401653655501807,0.12498400921069462,1.0,3
0.4420180722891566,0.128,1.0,0.4420618515322402,0.12498400921069462,1.0,3
0.5401606425702812,0.128,1.0,0.5401232214172469,0.12498400921069462,1.0,3
0.6342871485943775,0.128,1.0,0.6342451183046016,0.12498400921069462,1.0,3
0.728413654618474,0.128,1.0,0.7283690220554295,0.12498400921069462,1.0,3
0.8265562248995983,0.128,1.0,0.8264143370326515,0.12498400921069462,1.0,3
0.9244477911646587,0.128,1.0,0.9244596520098737,0.12498400921069462,1.0,3
0.01857429718875503,0.128,1.0,0.01852134299303615,0.12498400921069462,1.0,3
0.11671686746987953,0.128,1.0,0.11656665797025823,0.12498400921069462,1.0,3
0.21460843373493976,0.128,1.0,0.2146119729474803,0.12498400921069462,1.0,3
0.31275100401606426,0.128,1.0,0.3126572879247024,0.12498400921069462,1.0,3
0.41089357429718876,0.128,1.0,0.4107026029019245,0.12498400921069462,1.0,3
0.508785140562249,0.128,1.0,0.5087639727869312,0.12498400921069462,1.0,3
0.6029116465863454,0.128,1.0,0.602885869674286,0.12498400921069462,1.0,3
0.6970381526104418,0.128,1.0,0.6970097734251138,0.12498400921069462,1.0,3
0.7911646586345382,0.128,1.0,0.7911336771759416,0.12498400921069462,1.0,3
0.8893072289156627,0.128,1.0,0.8891789921531636,0.12498400921069462,1.0,3
0.987198795180723,0.128,1.0,0.9872243071303859,0.12498400921069462,1.0,3
0.08132530120481929,0.128,1.0,0.08128599811354825,0.12498400921069462,1.0,3
0.1794678714859438,0.128,1.0,0.17933131309077038,0.12498400921069462,1.0,3
0.277359437751004,0.128,1.0,0.27737662806799246,0.12498400921069462,1.0,3
0.3755020080321285,0.128,1.0,0.3754219430452146,0.12498400921069462,1.0,3
0.473644578313253,0.128,1.0,0.47346725802243667,0.12498400921069462,1.0,3
0.5715361445783133,0.128,1.0,0.5715266210439703,0.12498400921069462,1.0,3
0.6656626506024097,0.128,1.0,0.6656505247947981,0.12498400921069462,1.0,3
0.759789156626506,0.128,1.0,0.7597744285456259,0.12498400921069462,1.0,3
0.8579317269076305,0.128,1.0,0.8578197435228481,0.12498400921069462,1.0,3
0.956074297188755,0.128,1.0,0.9558650585000701,0.12498400921069462,1.0,3
0.04994979919678716,0.128,1.0,0.04992674948323256,0.12498400921069462,1.0,3
0.14809236947791166,0.128,1.0,0.1479720644604547,0.12498400921069462,1.0,3
0.2459839357429719,0.128,1.0,0.24601737943767676,0.12498400921069462,1.0,3
0.3441265060240964,0.128,1.0,0.3440626944148989,0.12498400921069462,1.0,3
0.4422690763052209,0.128,1.0,0.44210800939212097,0.12498400921069462,1.0,3
0.5401606425702812,0.128,1.0,0.5401673724136546,0.12498400921069462,1.0,3
0.6342871485943775,0.128,1.0,0.6342912761644824,0.12498400921069462,1.0,3
0.728413654618474,0.128,1.0,0.7284151799153102,0.12498400921069462,1.0,3
0.8265562248995983,0.128,1.0,0.8264604948925325,0.12498400921069462,1.0,3
0.9246987951807228,0.128,1.0,0.9245058098697545,0.12498400921069462,1.0,3
0.01857429718875503,0.128,1.0,0.01856750085291692,0.12498400921069462,1.0,3
0.11671686746987953,0.128,1.0,0.11661281583013905,0.12498400921069462,1.0,3
0.21460843373493976,0.128,1.0,0.21465813080736112,0.12498400921069462,1.0,3
0.31275100401606426,0.128,1.0,0.3127034457845832,0.12498400921069462,1.0,3
0.41089357429718876,0.128,1.0,0.41074876076180533,0.12498400921069462,1.0,3
0.508785140562249,0.128,1.0,0.508808123783339,0.12498400921069462,1.0,3
0.6029116465863454,0.128,1.0,0.6029320275341667,0.12498400921069462,1.0,3
0.6970381526104418,0.128,1.0,0.6970559312849947,0.12498400921069462,1.0,3
0.7911646586345382,0.128,1.0,0.7911798350358225,0.12498400921069462,1.0,3
0.8893072289156627,0.128,1.0,0.8892251500130446,0.12498400921069462,1.0,3
0.9874497991967872,0.128,1.0,0.9872704649902666,0.12498400921069462,1.0,3
0.08132530120481929,0.128,1.0,0.08133215597342908,0.12498400921069462,1.0,3
0.1794678714859438,0.128,1.0,0.1793774709506512,0.12498400921069462,1.0,3
0.2776104417670683,0.128,1.0,0.2774227859278733,0.12498400921069462,1.0,3
0.3755020080321285,0.128,1.0,0.37546810090509536,0.12498400921069462,1.0,3
0.473644578313253,0.128,1.0,0.47351341588231743,0.12498400921069462,1.0,3
0.5715361445783133,0.128,1.0,0.571572778903851,0.12498400921069462,1.0,3
0.6656626506024097,0.128,1.0,0.665696682654679,0.12498400921069462,1.0,3
0.759789156626506,0.128,1.0,0.7598205864055068,0.12498400921069462,1.0,3
0.8579317269076305,0.128,1.0,0.8578659013827289,0.12498400921069462,1.0,3
0.956074297188755,0.128,1.0,0.955911216359951,0.12498400921069462,1.0,3
0.04994979919678716,0.128,1.0,0.04997290734311344,0.12498400921069462,1.0,3
0.14809236947791166,0.128,1.0,0.1480182223203355,0.12498400921069462,1.0,3
0.24623493975903615,0.128,1.0,0.2460635372975576,0.12498400921069462,1.0,3
0.3441265060240964,0.128,1.0,0.34410885227477966,0.12498400921069462,1.0,3
0.4422690763052209,0.128,1.0,0.4421541672520018,0.12498400921069462,1.0,3
0.5404116465863454,0.128,1.0,0.5402135302735355,0.12498400921069462,1.0,3
0.6345381526104418,0.128,1.0,0.6343374340243633,0.12498400921069462,1.0,3
0.7286646586345382,0.128,1.0,0.7284613377751911,0.12498400921069462,1.0,3
0.8265562248995983,0.128,1.0,0.8265066527524132,0.12498400921069462,1.0,3
0.9246987951807228,0.128,1.0,0.9245519677296352,0.12498400921069462,1.0,3
0.01857429718875503,0.128,1.0,0.018613658712797743,0.12498400921069462,1.0,3
0.11671686746987953,0.128,1.0,0.11665897369001982,0.12498400921069462,1.0,3
0.21485943775100402,0.128,1.0,0.2147042886672419,0.12498400921069462,1.0,3
0.31275100401606426,0.128,1.0,0.312749603644464,0.12498400921069462,1.0,3
0.41089357429718876,0.128,1.0,0.4107949186216861,0.12498400921069462,1.0,3
0.5090361445783133,0.128,1.0,0.5088542816432198,0.12498400921069462,1.0,3
0.6031626506024097,0.128,1.0,0.6029781853940476,0.12498400921069462,1.0,3
0.697289156626506,0.128,1.0,0.6971020891448754,0.12498400921069462,1.0,3
0.7914156626506025,0.128,1.0,0.7912259928957033,0.12498400921069462,1.0,3
0.8893072289156627,0.128,1.0,0.8892713078729253,0.12498400921069462,1.0,3
0.9874497991967872,0.128,1.0,0.9873166228501474,0.12498400921069462,1.0,3
0.08132530120481929,0.128,1.0,0.0813783138333099,0.12498400921069462,1.0,3
0.1794678714859438,0.128,1.0,0.17942362881053198,0.12498400921069462,1.0,3
0.2776104417670683,0.128,1.0,0.2774689437877541,0.12498400921069462,1.0,3
0.3755020080321285,0.128,1.0,0.3755142587649761,0.12498400921069462,1.0,3
0.473644578313253,0.128,1.0,0.47355957374219826,0.12498400921069462,1.0,3
0.5717871485943775,0.128,1.0,0.5716189367637319,0.12498400921069462,1.0,3
0.665913654618474,0.128,1.0,0.6657428405145598,0.12498400921069462,1.0,3
0.7600401606425704,0.128,1.0,0.7598667442653875,0.12498400921069462,1.0,3
0.8579317269076305,0.128,1.0,0.8579120592426097,0.12498400921069462,1.0,3
0.956074297188755,0.128,1.0,0.9559573742198317,0.12498400921069462,1.0,3
0.05020080321285142,0.128,1.0,0.050019065202994206,0.12498400921069462,1.0,3
0.14809236947791166,0.128,1.0,0.14806438018021628,0.12498400921069462,1.0,3
0.24623493975903615,0.128,1.0,0.24610969515743836,0.12498400921069462,1.0,3
0.3441265060240964,0.128,1.0,0.3441550101346605,0.12498400921069462,1.0,3
0.4422690763052209,0.128,1.0,0.44220032511188256,0.12498400921069462,1.0,3
0.5404116465863454,0.128,1.0,0.5402596881334162,0.12498400921069462,1.0,3
0.6345381526104418,0.128,1.0,0.634383591884244,0.12498400921069462,1.0,3
0.7286646586345382,0.128,1.0,0.7285074956350719,0.12498400921069462,1.0,3
0.8265562248995983,0.128,1.0,0.8265528106122939,0.12498400921069462,1.0,3
0.9246987951807228,0.128,1.0,0.924598125589516,0.12498400921069462,1.0,3
0.01882530120481929,0.128,1.0,0.01865981657267851,0.12498400921069462,1.0,3
0.11671686746987953,0.128,1.0,0.11670513154990059,0.12498400921069462,1.0,3
0.21485943775100402,0.128,1.0,0.21475044652712272,0.12498400921069462,1.0,3
0.31275100401606426,0.128,1.0,0.3127957615043448,0.12498400921069462,1.0,3
0.41089357429718876,0.128,1.0,0.41084107648156687,0.12498400921069462,1.0,3
0.5090361445783133,0.128,1.0,0.5089004395031005,0.12498400921069462,1.0,3
0.6031626506024097,0.128,1.0,0.6030243432539284,0.12498400921069462,1.0,3
0.697289156626506,0.128,1.0,0.6971482470047562,0.12498400921069462,1.0,3
0.7914156626506025,0.128,1.0,0.791272150755584,0.12498400921069462,1.0,3
0.8893072289156627,0.128,1.0,0.8893174657328061,0.12498400921069462,1.0,3
0.9874497991967872,0.128,1.0,0.9873607738465551,0.12498400921069462,1.0,3
0.08157630522088355,0.128,1.0,0.08142447169319067,0.12498400921069462,1.0,3
0.1794678714859438,0.128,1.0,0.17946978667041275,0.12498400921069462,1.0,3
0.2776104417670683,0.128,1.0,0.2775151016476348,0.12498400921069462,1.0,3
0.3757530120481928,0.128,1.0,0.37556041662485695,0.12498400921069462,1.0,3
0.473644578313253,0.128,1.0,0.47360372473860596,0.12498400921069462,1.0,3
0.5717871485943775,0.128,1.0,0.5716650946236127,0.12498400921069462,1.0,3
0.665913654618474,0.128,1.0,0.6657889983744405,0.12498400921069462,1.0,3
0.7600401606425704,0.128,1.0,0.7599129021252684,0.12498400921069462,1.0,3
0.8579317269076305,0.128,1.0,0.8579582171024904,0.12498400921069462,1.0,3
0.956074297188755,0.128,1.0,0.9560035320797124,0.12498400921069462,1.0,3
0.05020080321285142,0.128,1.0,0.050065223062874975,0.12498400921069462,1.0,3
0.14809236947791166,0.128,1.0,0.14811053804009705,0.12498400921069462,1.0,3
0.24623493975903615,0.128,1.0,0.24615585301731918,0.12498400921069462,1.0,3
0.34437751004016065,0.128,1.0,0.34420116799454126,0.12498400921069462,1.0,3
0.4422690763052209,0.128,1.0,0.4422464829717634,0.12498400921069462,1.0,3
0.5404116465863454,0.128,1.0,0.540305845993297,0.12498400921069462,1.0,3
0.6345381526104418,0.128,1.0,0.6344297497441248,0.12498400921069462,1.0,3
0.7286646586345382,0.128,1.0,0.7285536534949527,0.12498400921069462,1.0,3
0.8268072289156627,0.128,1.0,0.8265989684721747,0.12498400921069462,1.0,3
0.9246987951807228,0.128,1.0,0.9246442834493969,0.12498400921069462,1.0,3
0.01882530120481929,0.128,1.0,0.01870597443255928,0.12498400921069462,1.0,3
0.11671686746987953,0.128,1.0,0.11675128940978136,0.12498400921069462,1.0,3
0.21485943775100402,0.128,1.0,0.2147966043870035,0.12498400921069462,1.0,3
0.3130020080321285,0.128,1.0,0.31284191936422556,0.12498400921069462,1.0,3
0.41089357429718876,0.128,1.0,0.4108872343414477,0.12498400921069462,1.0,3
0.5090361445783133,0.128,1.0,0.5089465973629813,0.12498400921069462,1.0,3
0.6031626506024097,0.128,1.0,0.6030705011138091,0.12498400921069462,1.0,3
0.697289156626506,0.128,1.0,0.697194404864637,0.12498400921069462,1.0,3
0.7914156626506025,0.128,1.0,0.7913163017519917,0.12498400921069462,1.0,3
0.889558232931727,0.128,1.0,0.8893616167292138,0.12498400921069462,1.0,3
0.9874497991967872,0.128,1.0,0.9874069317064359,0.12498400921069462,1.0,3
0.08157630522088355,0.128,1.0,0.08147062955307144,0.12498400921069462,1.0,3
0.1794678714859438,0.128,1.0,0.17951594453029351,0.12498400921069462,1.0,3
0.2776104417670683,0.128,1.0,0.2775592526440426,0.12498400921069462,1.0,3
0.3757530120481928,0.128,1.0,0.37560456762126465,0.12498400921069462,1.0,3
0.473644578313253,0.128,1.0,0.4736498825984868,0.12498400921069462,1.0,3
0.5717871485943775,0.128,1.0,0.5717112524834935,0.12498400921069462,1.0,3
0.665913654618474,0.128,1.0,0.6658351562343213,0.12498400921069462,1.0,3
0.7600401606425704,0.128,1.0,0.7599590599851491,0.12498400921069462,1.0,3
0.8581827309236949,0.128,1.0,0.8580023680988982,0.12498400921069462,1.0,3
0.956074297188755,0.128,1.0,0.9560476830761202,0.12498400921069462,1.0,3
0.05020080321285142,0.128,1.0,0.0501113809227558,0.12498400921069462,1.0,3
0.14834337349397592,0.128,1.0,0.14815669589997787,0.12498400921069462,1.0,3
0.24623493975903615,0.128,1.0,0.24620201087719995,0.12498400921069462,1.0,3
0.34437751004016065,0.128,1.0,0.344245318990949,0.12498400921069462,1.0,3
0.4422690763052209,0.128,1.0,0.4422906339681711,0.12498400921069462,1.0,3
0.5404116465863454,0.128,1.0,0.5403520038531778,0.12498400921069462,1.0,3
0.6345381526104418,0.128,1.0,0.6344759076040056,0.12498400921069462,1.0,3
0.7286646586345382,0.128,1.0,0.7285998113548334,0.12498400921069462,1.0,3
0.8268072289156627,0.128,1.0,0.8266451263320556,0.12498400921069462,1.0,3
0.9246987951807228,0.128,1.0,0.9246884344458046,0.12498400921069462,1.0,3
0.01882530120481929,0.128,1.0,0.018752132292440105,0.12498400921069462,1.0,3
0.11696787148594379,0.128,1.0,0.11679744726966224,0.12498400921069462,1.0,3
0.21485943775100402,0.128,1.0,0.2148427622468843,0.12498400921069462,1.0,3
0.3130020080321285,0.128,1.0,0.3128880772241064,0.12498400921069462,1.0,3
0.41089357429718876,0.128,1.0,0.4109313853378554,0.12498400921069462,1.0,3
0.5090361445783133,0.128,1.0,0.5089927552228621,0.12498400921069462,1.0,3
0.6031626506024097,0.128,1.0,0.6031166589736899,0.12498400921069462,1.0,3
0.697289156626506,0.128,1.0,0.6972405627245177,0.12498400921069462,1.0,3
0.7914156626506025,0.128,1.0,0.7913624596118725,0.12498400921069462,1.0,3
0.889558232931727,0.128,1.0,0.8894077745890946,0.12498400921069462,1.0,3
0.9874497991967872,0.128,1.0,0.9874530895663167,0.12498400921069462,1.0,3
0.08157630522088355,0.128,1.0,0.08151478054947914,0.12498400921069462,1.0,3
0.17971887550200805,0.128,1.0,0.17956009552670127,0.12498400921069462,1.0,3
0.2776104417670683,0.128,1.0,0.2776054105039234,0.12498400921069462,1.0,3
0.3757530120481928,0.128,1.0,0.3756507254811454,0.12498400921069462,1.0,3
0.4738955823293173,0.128,1.0,0.47369604045836755,0.12498400921069462,1.0,3
0.5717871485943775,0.128,1.0,0.5717574103433742,0.12498400921069462,1.0,3
0.665913654618474,0.128,1.0,0.6658813140942021,0.12498400921069462,1.0,3
0.7600401606425704,0.128,1.0,0.7600032109815569,0.12498400921069462,1.0,3
0.8581827309236949,0.128,1.0,0.8580485259587789,0.12498400921069462,1.0,3
0.956074297188755,0.128,1.0,0.9560938409360011,0.12498400921069462,1.0,3
0.05020080321285142,0.128,1.0,0.05015553191916344,0.12498400921069462,1.0,3
0.14834337349397592,0.128,1.0,0.14820084689638563,0.12498400921069462,1.0,3
0.24623493975903615,0.128,1.0,0.2462461618736077,0.12498400921069462,1.0,3
0.34437751004016065,0.128,1.0,0.3442914768508298,0.12498400921069462,1.0,3
0.44252008032128515,0.128,1.0,0.44233679182805186,0.12498400921069462,1.0,3
0.5404116465863454,0.128,1.0,0.5403981617130585,0.12498400921069462,1.0,3
0.6345381526104418,0.128,1.0,0.6345220654638865,0.12498400921069462,1.0,3
0.7286646586345382,0.128,1.0,0.7286439623512412,0.12498400921069462,1.0,3
0.8268072289156627,0.128,1.0,0.8266892773284633,0.12498400921069462,1.0,3
0.9249497991967872,0.128,1.0,0.9247345923056853,0.12498400921069462,1.0,3
0.01882530120481929,0.128,1.0,0.018798290152320873,0.12498400921069462,1.0,3
0.11696787148594379,0.128,1.0,0.116843605129543,0.12498400921069462,1.0,3
0.21485943775100402,0.128,1.0,0.214886913243292,0.12498400921069462,1.0,3
0.3130020080321285,0.128,1.0,0.3129322282205141,0.12498400921069462,1.0,3
0.411144578313253,0.128,1.0,0.4109775431977362,0.12498400921069462,1.0,3
0.5090361445783133,0.128,1.0,0.509038913082743,0.12498400921069462,1.0,3
0.6031626506024097,0.128,1.0,0.6031628168335708,0.12498400921069462,1.0,3
0.697289156626506,0.128,1.0,0.6972867205843986,0.12498400921069462,1.0,3
0.7914156626506025,0.128,1.0,0.7914086174717534,0.12498400921069462,1.0,3
0.889558232931727,0.128,1.0,0.8894539324489754,0.12498400921069462,1.0,3
0.9877008032128515,0.128,1.0,0.9874992474261975,0.12498400921069462,1.0,3
0.08157630522088355,0.128,1.0,0.08156093840935996,0.12498400921069462,1.0,3
0.17971887550200805,0.128,1.0,0.1796062533865821,0.12498400921069462,1.0,3
0.2776104417670683,0.128,1.0,0.2776515683638041,0.12498400921069462,1.0,3
0.3757530120481928,0.128,1.0,0.37569688334102624,0.12498400921069462,1.0,3
0.4738955823293173,0.128,1.0,0.4737421983182484,0.12498400921069462,1.0,3
0.5717871485943775,0.128,1.0,0.5718035682032551,0.12498400921069462,1.0,3
0.665913654618474,0.128,1.0,0.6659274719540829,0.12498400921069462,1.0,3
0.7600401606425704,0.128,1.0,0.7600493688414376,0.12498400921069462,1.0,3
0.8581827309236949,0.128,1.0,0.8580946838186598,0.12498400921069462,1.0,3
0.9563253012048194,0.128,1.0,0.9561399987958819,0.12498400921069462,1.0,3
0.05020080321285142,0.128,1.0,0.05020168977904427,0.12498400921069462,1.0,3
0.14834337349397592,0.128,1.0,0.1482470047562664,0.12498400921069462,1.0,3
0.2464859437751004,0.128,1.0,0.24629231973348847,0.12498400921069462,1.0,3
0.34437751004016065,0.128,1.0,0.34433763471071055,0.12498400921069462,1.0,3
0.44252008032128515,0.128,1.0,0.4423829496879327,0.12498400921069462,1.0,3
0.5404116465863454,0.128,1.0,0.5404443195729394,0.12498400921069462,1.0,3
0.6345381526104418,0.128,1.0,0.6345682233237673,0.12498400921069462,1.0,3
0.7286646586345382,0.128,1.0,0.728690120211122,0.12498400921069462,1.0,3
0.8268072289156627,0.128,1.0,0.826735435188344,0.12498400921069462,1.0,3
0.9249497991967872,0.128,1.0,0.9247807501655662,0.12498400921069462,1.0,3
0.01882530120481929,0.128,1.0,0.018842441148728628,0.12498400921069462,1.0,3
0.11696787148594379,0.128,1.0,0.1168877561259507,0.12498400921069462,1.0,3
0.21511044176706828,0.128,1.0,0.21493307110317278,0.12498400921069462,1.0,3
0.3130020080321285,0.128,1.0,0.31297838608039485,0.12498400921069462,1.0,3
0.411144578313253,0.128,1.0,0.411023701057617,0.12498400921069462,1.0,3
0.5092871485943775,0.128,1.0,0.5090850709426237,0.12498400921069462,1.0,3
0.603413654618474,0.128,1.0,0.6032089746934516,0.12498400921069462,1.0,3
0.6975401606425703,0.128,1.0,0.6973308715808063,0.12498400921069462,1.0,3
0.7916666666666667,0.128,1.0,0.7914547753316341,0.12498400921069462,1.0,3
0.889558232931727,0.128,1.0,0.8895000903088562,0.12498400921069462,1.0,3
0.9877008032128515,0.128,1.0,0.9875454052860784,0.12498400921069462,1.0,3
0.08157630522088355,0.128,1.0,0.08160709626924073,0.12498400921069462,1.0,3
0.17971887550200805,0.128,1.0,0.17965241124646286,0.12498400921069462,1.0,3
0.27786144578313254,0.128,1.0,0.27769772622368494,0.12498400921069462,1.0,3
0.3757530120481928,0.128,1.0,0.37574304120090707,0.12498400921069462,1.0,3
0.4738955823293173,0.128,1.0,0.47378835617812914,0.12498400921069462,1.0,3
0.5720381526104418,0.128,1.0,0.5718497260631359,0.12498400921069462,1.0,3
0.6661646586345382,0.128,1.0,0.6659716229504906,0.12498400921069462,1.0,3
0.7602911646586346,0.128,1.0,0.7600955267013184,0.12498400921069462,1.0,3
0.8581827309236949,0.128,1.0,0.8581408416785405,0.12498400921069462,1.0,3
0.9563253012048194,0.128,1.0,0.9561861566557626,0.12498400921069462,1.0,3
0.05020080321285142,0.128,1.0,0.05024784763892509,0.12498400921069462,1.0,3
0.14834337349397592,0.128,1.0,0.14829316261614717,0.12498400921069462,1.0,3
0.2464859437751004,0.128,1.0,0.2463384775933693,0.12498400921069462,1.0,3
0.34437751004016065,0.128,1.0,0.3443837925705914,0.12498400921069462,1.0,3
0.44252008032128515,0.128,1.0,0.44242910754781345,0.12498400921069462,1.0,3
0.5406626506024097,0.128,1.0,0.5404904774328202,0.12498400921069462,1.0,3
0.634789156626506,0.128,1.0,0.634614381183648,0.12498400921069462,1.0,3
0.7289156626506025,0.128,1.0,0.7287362780710027,0.12498400921069462,1.0,3
0.8268072289156627,0.128,1.0,0.8267815930482248,0.12498400921069462,1.0,3
0.9249497991967872,0.128,1.0,0.924826908025447,0.12498400921069462,1.0,3
0.01907630522088355,0.128,1.0,0.018888599008609397,0.12498400921069462,1.0,3
0.11696787148594379,0.128,1.0,0.11693391398583147,0.12498400921069462,1.0,3
0.21511044176706828,0.128,1.0,0.21497922896305355,0.12498400921069462,1.0,3
0.3130020080321285,0.128,1.0,0.3130245439402757,0.12498400921069462,1.0,3
0.411144578313253,0.128,1.0,0.4110698589174978,0.12498400921069462,1.0,3
0.5092871485943775,0.128,1.0,0.5091312288025045,0.12498400921069462,1.0,3
0.603413654618474,0.128,1.0,0.6032551325533323,0.12498400921069462,1.0,3
0.6975401606425703,0.128,1.0,0.6973770294406871,0.12498400921069462,1.0,3
0.7916666666666667,0.128,1.0,0.7915009331915148,0.12498400921069462,1.0,3
0.889558232931727,0.128,1.0,0.8895462481687371,0.12498400921069462,1.0,3
0.9877008032128515,0.128,1.0,0.9875915631459591,0.12498400921069462,1.0,3
0.08182730923694781,0.128,1.0,0.08165325412912156,0.12498400921069462,1.0,3
0.17971887550200805,0.128,1.0,0.17969856910634363,0.12498400921069462,1.0,3
0.27786144578313254,0.128,1.0,0.27774388408356576,0.12498400921069462,1.0,3
0.3757530120481928,0.128,1.0,0.37578919906078784,0.12498400921069462,1.0,3
0.4738955823293173,0.128,1.0,0.4738345140380099,0.12498400921069462,1.0,3
0.5720381526104418,0.128,1.0,0.5718958839230166,0.12498400921069462,1.0,3
0.6661646586345382,0.128,1.0,0.6660177808103714,0.12498400921069462,1.0,3
0.7602911646586346,0.128,1.0,0.7601416845611992,0.12498400921069462,1.0,3
0.8581827309236949,0.128,1.0,0.8581869995384213,0.12498400921069462,1.0,3
0.9563253012048194,0.128,1.0,0.9562323145156434,0.12498400921069462,1.0,3
0.05045180722891568,0.128,1.0,0.05029400549880586,0.12498400921069462,1.0,3
0.14834337349397592,0.128,1.0,0.14833932047602794,0.12498400921069462,1.0,3
0.2464859437751004,0.128,1.0,0.24638463545325007,0.12498400921069462,1.0,3
0.34437751004016065,0.128,1.0,0.3444299504304722,0.12498400921069462,1.0,3
0.44252008032128515,0.128,1.0,0.4424752654076942,0.12498400921069462,1.0,3
0.5406626506024097,0.128,1.0,0.540536635292701,0.12498400921069462,1.0,3
0.634789156626506,0.128,1.0,0.6346585321800557,0.12498400921069462,1.0,3
0.7289156626506025,0.128,1.0,0.7287824359308835,0.12498400921069462,1.0,3
0.8268072289156627,0.128,1.0,0.8268277509081057,0.12498400921069462,1.0,3
0.9249497991967872,0.128,1.0,0.9248730658853277,0.12498400921069462,1.0,3
0.01907630522088355,0.128,1.0,0.018934756868490166,0.12498400921069462,1.0,3
0.11696787148594379,0.128,1.0,0.11698007184571224,0.12498400921069462,1.0,3
0.21511044176706828,0.128,1.0,0.21502538682293443,0.12498400921069462,1.0,3
0.3132530120481928,0.128,1.0,0.3130707018001565,0.12498400921069462,1.0,3
0.411144578313253,0.128,1.0,0.4111160167773786,0.12498400921069462,1.0,3
0.5092871485943775,0.128,1.0,0.5091773866623853,0.12498400921069462,1.0,3
0.603413654618474,0.128,1.0,0.60329928354974,0.12498400921069462,1.0,3
0.6975401606425703,0.128,1.0,0.6974231873005678,0.12498400921069462,1.0,3
0.7916666666666667,0.128,1.0,0.7915470910513958,0.12498400921069462,1.0,3
0.889558232931727,0.128,1.0,0.8895924060286178,0.12498400921069462,1.0,3
0.9877008032128515,0.128,1.0,0.9876377210058399,0.12498400921069462,1.0,3
0.08182730923694781,0.128,1.0,0.08169941198900238,0.12498400921069462,1.0,3
0.17971887550200805,0.128,1.0,0.17974472696622446,0.12498400921069462,1.0,3
0.27786144578313254,0.128,1.0,0.27779004194344653,0.12498400921069462,1.0,3
0.37600401606425704,0.128,1.0,0.3758353569206686,0.12498400921069462,1.0,3
0.4738955823293173,0.128,1.0,0.47388067189789074,0.12498400921069462,1.0,3
0.5720381526104418,0.128,1.0,0.5719400349194244,0.12498400921069462,1.0,3
0.6661646586345382,0.128,1.0,0.6660639386702522,0.12498400921069462,1.0,3
0.7602911646586346,0.128,1.0,0.7601878424210801,0.12498400921069462,1.0,3
0.858433734939759,0.128,1.0,0.8582331573983022,0.12498400921069462,1.0,3
0.9563253012048194,0.128,1.0,0.9562784723755242,0.12498400921069462,1.0,3
0.05045180722891568,0.128,1.0,0.050340163358686685,0.12498400921069462,1.0,3
0.14834337349397592,0.128,1.0,0.14838547833590876,0.12498400921069462,1.0,3
0.2464859437751004,0.128,1.0,0.24643079331313084,0.12498400921069462,1.0,3
0.3446285140562249,0.128,1.0,0.3444761082903529,0.12498400921069462,1.0,3
0.44252008032128515,0.128,1.0,0.44252142326757504,0.12498400921069462,1.0,3
0.5406626506024097,0.128,1.0,0.5405827931525817,0.12498400921069462,1.0,3
0.634789156626506,0.128,1.0,0.6347046900399365,0.12498400921069462,1.0,3
0.7289156626506025,0.128,1.0,0.7288285937907644,0.12498400921069462,1.0,3
0.8270582329317269,0.128,1.0,0.8268739087679864,0.12498400921069462,1.0,3
0.9249497991967872,0.128,1.0,0.9249192237452085,0.12498400921069462,1.0,3
0.01907630522088355,0.128,1.0,0.01898091472837099,0.12498400921069462,1.0,3
0.11696787148594379,0.128,1.0,0.11702622970559307,0.12498400921069462,1.0,3
0.21511044176706828,0.128,1.0,0.2150715446828152,0.12498400921069462,1.0,3
0.3132530120481928,0.128,1.0,0.31311685966003727,0.12498400921069462,1.0,3
0.411144578313253,0.128,1.0,0.41116217463725935,0.12498400921069462,1.0,3
0.5092871485943775,0.128,1.0,0.509223544522266,0.12498400921069462,1.0,3
0.603413654618474,0.128,1.0,0.6033454414096209,0.12498400921069462,1.0,3
0.6975401606425703,0.128,1.0,0.6974693451604487,0.12498400921069462,1.0,3
0.7916666666666667,0.128,1.0,0.7915932489112765,0.12498400921069462,1.0,3
0.8898092369477912,0.128,1.0,0.8896385638884986,0.12498400921069462,1.0,3
0.9877008032128515,0.128,1.0,0.9876838788657207,0.12498400921069462,1.0,3
0.08182730923694781,0.128,1.0,0.08174556984888315,0.12498400921069462,1.0,3
0.1799698795180723,0.128,1.0,0.17979088482610522,0.12498400921069462,1.0,3
0.27786144578313254,0.128,1.0,0.2778361998033273,0.12498400921069462,1.0,3
0.37600401606425704,0.128,1.0,0.37588151478054943,0.12498400921069462,1.0,3
0.4738955823293173,0.128,1.0,0.4739268297577715,0.12498400921069462,1.0,3
0.5720381526104418,0.128,1.0,0.5719861927793052,0.12498400921069462,1.0,3
0.6661646586345382,0.128,1.0,0.666110096530133,0.12498400921069462,1.0,3
0.7602911646586346,0.128,1.0,0.7602340002809609,0.12498400921069462,1.0,3
0.858433734939759,0.128,1.0,0.8582793152581829,0.12498400921069462,1.0,3
0.9563253012048194,0.128,1.0,0.9563246302354049,0.12498400921069462,1.0,3
0.05045180722891568,0.128,1.0,0.050386321218567454,0.12498400921069462,1.0,3
0.14859437751004018,0.128,1.0,0.14843163619578953,0.12498400921069462,1.0,3
0.2464859437751004,0.128,1.0,0.2464769511730116,0.12498400921069462,1.0,3
0.3446285140562249,0.128,1.0,0.34452226615023374,0.12498400921069462,1.0,3
0.44252008032128515,0.128,1.0,0.44256758112745587,0.12498400921069462,1.0,3
0.5406626506024097,0.128,1.0,0.5406269441489895,0.12498400921069462,1.0,3
0.634789156626506,0.128,1.0,0.6347508478998173,0.12498400921069462,1.0,3
0.7289156626506025,0.128,1.0,0.7288747516506451,0.12498400921069462,1.0,3
0.8270582329317269,0.128,1.0,0.8269200666278672,0.12498400921069462,1.0,3
0.9249497991967872,0.128,1.0,0.9249653816050893,0.12498400921069462,1.0,3
0.01907630522088355,0.128,1.0,0.01902707258825176,0.12498400921069462,1.0,3
0.11721887550200805,0.128,1.0,0.11707238756547389,0.12498400921069462,1.0,3
0.21511044176706828,0.128,1.0,0.21511770254269597,0.12498400921069462,1.0,3
0.3132530120481928,0.128,1.0,0.31316301751991804,0.12498400921069462,1.0,3
0.4113955823293173,0.128,1.0,0.41120833249714017,0.12498400921069462,1.0,3
0.5092871485943775,0.128,1.0,0.5092676955186738,0.12498400921069462,1.0,3
0.603413654618474,0.128,1.0,0.6033915992695016,0.12498400921069462,1.0,3
0.6975401606425703,0.128,1.0,0.6975155030203295,0.12498400921069462,1.0,3
0.7916666666666667,0.128,1.0,0.7916394067711573,0.12498400921069462,1.0,3
0.8898092369477912,0.128,1.0,0.8896847217483794,0.12498400921069462,1.0,3
0.9877008032128515,0.128,1.0,0.9877300367256014,0.12498400921069462,1.0,3
0.08182730923694781,0.128,1.0,0.08179172770876392,0.12498400921069462,1.0,3
0.1799698795180723,0.128,1.0,0.179837042685986,0.12498400921069462,1.0,3
0.27786144578313254,0.128,1.0,0.2778823576632081,0.12498400921069462,1.0,3
0.37600401606425704,0.128,1.0,0.3759276726404302,0.12498400921069462,1.0,3
0.47414658634538154,0.128,1.0,0.47397298761765233,0.12498400921069462,1.0,3
0.5720381526104418,0.128,1.0,0.572032350639186,0.12498400921069462,1.0,3
0.6661646586345382,0.128,1.0,0.6661562543900138,0.12498400921069462,1.0,3
0.7602911646586346,0.128,1.0,0.7602801581408416,0.12498400921069462,1.0,3
0.858433734939759,0.128,1.0,0.8583254731180636,0.12498400921069462,1.0,3
0.9565763052208835,0.128,1.0,0.9563707880952859,0.12498400921069462,1.0,3
0.05045180722891568,0.128,1.0,0.05043247907844822,0.12498400921069462,1.0,3
0.14859437751004018,0.128,1.0,0.1484777940556703,0.12498400921069462,1.0,3
0.2464859437751004,0.128,1.0,0.24652310903289243,0.12498400921069462,1.0,3
0.3446285140562249,0.128,1.0,0.34456842401011456,0.12498400921069462,1.0,3
0.4427710843373494,0.128,1.0,0.44261373898733664,0.12498400921069462,1.0,3
0.5406626506024097,0.128,1.0,0.5406731020088703,0.12498400921069462,1.0,3
0.634789156626506,0.128,1.0,0.6347970057596981,0.12498400921069462,1.0,3
0.7289156626506025,0.128,1.0,0.7289209095105259,0.12498400921069462,1.0,3
0.8270582329317269,0.128,1.0,0.826966224487748,0.12498400921069462,1.0,3
0.9252008032128514,0.128,1.0,0.9250115394649701,0.12498400921069462,1.0,3
0.01907630522088355,0.128,1.0,0.019073230448132528,0.12498400921069462,1.0,3
0.11721887550200805,0.128,1.0,0.11711854542535466,0.12498400921069462,1.0,3
0.21511044176706828,0.128,1.0,0.21516386040257673,0.12498400921069462,1.0,3
0.3132530120481928,0.128,1.0,0.31320917537979887,0.12498400921069462,1.0,3
0.4113955823293173,0.128,1.0,0.41125449035702094,0.12498400921069462,1.0,3
0.5092871485943775,0.128,1.0,0.5093138533785546,0.12498400921069462,1.0,3
0.603413654618474,0.128,1.0,0.6034377571293824,0.12498400921069462,1.0,3
0.6975401606425703,0.128,1.0,0.6975616608802102,0.12498400921069462,1.0,3
0.7916666666666667,0.128,1.0,0.7916855646310381,0.12498400921069462,1.0,3
0.8898092369477912,0.128,1.0,0.8897308796082601,0.12498400921069462,1.0,3
0.9879518072289157,0.128,1.0,0.9877761945854823,0.12498400921069462,1.0,3
0.08182730923694781,0.128,1.0,0.08183788556864469,0.12498400921069462,1.0,3
0.1799698795180723,0.128,1.0,0.17988320054586676,0.12498400921069462,1.0,3
0.2781124497991968,0.128,1.0,0.27792851552308895,0.12498400921069462,1.0,3
0.37600401606425704,0.128,1.0,0.37597383050031097,0.12498400921069462,1.0,3
0.47414658634538154,0.128,1.0,0.4740191454775331,0.12498400921069462,1.0,3
0.5720381526104418,0.128,1.0,0.5720785084990667,0.12498400921069462,1.0,3
0.6661646586345382,0.128,1.0,0.6662024122498946,0.12498400921069462,1.0,3
0.7602911646586346,0.128,1.0,0.7603263160007224,0.12498400921069462,1.0,3
0.858433734939759,0.128,1.0,0.8583716309779446,0.12498400921069462,1.0,3
0.9565763052208835,0.128,1.0,0.9564169459551666,0.12498400921069462,1.0,3
0.05045180722891568,0.128,1.0,0.05047863693832899,0.12498400921069462,1.0,3
0.14859437751004018,0.128,1.0,0.14852395191555118,0.12498400921069462,1.0,3
0.24673694779116467,0.128,1.0,0.24656926689277325,0.12498400921069462,1.0,3
0.3446285140562249,0.128,1.0,0.34461458186999533,0.12498400921069462,1.0,3
0.4427710843373494,0.128,1.0,0.4426598968472174,0.12498400921069462,1.0,3
0.540913654618474,0.128,1.0,0.540719259868751,0.12498400921069462,1.0,3
0.6350401606425703,0.128,1.0,0.6348431636195788,0.12498400921069462,1.0,3
0.7291666666666667,0.128,1.0,0.7289670673704067,0.12498400921069462,1.0,3
0.8270582329317269,0.128,1.0,0.8270123823476289,0.12498400921069462,1.0,3
0.9252008032128514,0.128,1.0,0.925057697324851,0.12498400921069462,1.0,3
0.01907630522088355,0.128,1.0,0.019119388308013352,0.12498400921069462,1.0,3
0.11721887550200805,0.128,1.0,0.11716470328523548,0.12498400921069462,1.0,3
0.21536144578313254,0.128,1.0,0.21521001826245756,0.12498400921069462,1.0,3
0.3132530120481928,0.128,1.0,0.31325533323967963,0.12498400921069462,1.0,3
0.4113955823293173,0.128,1.0,0.41130064821690177,0.12498400921069462,1.0,3
0.5095381526104418,0.128,1.0,0.5093600112384353,0.12498400921069462,1.0,3
0.6036646586345382,0.128,1.0,0.6034839149892632,0.12498400921069462,1.0,3
0.6977911646586346,0.128,1.0,0.697607818740091,0.12498400921069462,1.0,3
0.7919176706827309,0.128,1.0,0.7917317224909188,0.12498400921069462,1.0,3
0.8898092369477912,0.128,1.0,0.889777037468141,0.12498400921069462,1.0,3
0.9879518072289157,0.128,1.0,0.9878223524453631,0.12498400921069462,1.0,3
0.08182730923694781,0.128,1.0,0.08188404342852551,0.12498400921069462,1.0,3
0.1799698795180723,0.128,1.0,0.17992935840574764,0.12498400921069462,1.0,3
0.2781124497991968,0.128,1.0,0.27797467338296966,0.12498400921069462,1.0,3
0.37600401606425704,0.128,1.0,0.3760199883601918,0.12498400921069462,1.0,3
0.47414658634538154,0.128,1.0,0.47406530333741387,0.12498400921069462,1.0,3
0.572289156626506,0.128,1.0,0.5721246663589475,0.12498400921069462,1.0,3
0.6664156626506025,0.128,1.0,0.6662485701097753,0.12498400921069462,1.0,3
0.7605421686746988,0.128,1.0,0.7603724738606032,0.12498400921069462,1.0,3
0.858433734939759,0.128,1.0,0.8584177888378253,0.12498400921069462,1.0,3
0.9565763052208835,0.128,1.0,0.9564631038150474,0.12498400921069462,1.0,3
0.050702811244979884,0.128,1.0,0.050524794798209816,0.12498400921069462,1.0,3
0.14859437751004018,0.128,1.0,0.14857010977543195,0.12498400921069462,1.0,3
0.24673694779116467,0.128,1.0,0.24661542475265402,0.12498400921069462,1.0,3
0.3446285140562249,0.128,1.0,0.3446607397298761,0.12498400921069462,1.0,3
0.4427710843373494,0.128,1.0,0.44270605470709823,0.12498400921069462,1.0,3
0.540913654618474,0.128,1.0,0.5407654177286318,0.12498400921069462,1.0,3
0.6350401606425703,0.128,1.0,0.6348893214794596,0.12498400921069462,1.0,3
0.7291666666666667,0.128,1.0,0.7290132252302876,0.12498400921069462,1.0,3
0.8270582329317269,0.128,1.0,0.8270585402075097,0.12498400921069462,1.0,3
0.9252008032128514,0.128,1.0,0.9251038551847317,0.12498400921069462,1.0,3
0.019327309236947754,0.128,1.0,0.019165546167894176,0.12498400921069462,1.0,3
0.11721887550200805,0.128,1.0,0.11721086114511625,0.12498400921069462,1.0,3
0.21536144578313254,0.128,1.0,0.21525617612233833,0.12498400921069462,1.0,3
0.3132530120481928,0.128,1.0,0.3133014910995604,0.12498400921069462,1.0,3
0.4113955823293173,0.128,1.0,0.41134680607678253,0.12498400921069462,1.0,3
0.5095381526104418,0.128,1.0,0.5094061690983162,0.12498400921069462,1.0,3
0.6036646586345382,0.128,1.0,0.603530072849144,0.12498400921069462,1.0,3
0.6977911646586346,0.128,1.0,0.6976539765999719,0.12498400921069462,1.0,3
0.7919176706827309,0.128,1.0,0.7917758734873266,0.12498400921069462,1.0,3
0.8898092369477912,0.128,1.0,0.8898211884645487,0.12498400921069462,1.0,3
0.9879518072289157,0.128,1.0,0.9878665034417708,0.12498400921069462,1.0,3
0.08207831325301201,0.128,1.0,0.08193020128840628,0.12498400921069462,1.0,3
0.1799698795180723,0.128,1.0,0.1799755162656284,0.12498400921069462,1.0,3
0.2781124497991968,0.128,1.0,0.2780188243793774,0.12498400921069462,1.0,3
0.3762550200803213,0.128,1.0,0.3760641393565995,0.12498400921069462,1.0,3
0.47414658634538154,0.128,1.0,0.4741094543338216,0.12498400921069462,1.0,3
0.572289156626506,0.128,1.0,0.5721708242188284,0.12498400921069462,1.0,3
0.6664156626506025,0.128,1.0,0.6662947279696562,0.12498400921069462,1.0,3
0.7605421686746988,0.128,1.0,0.760418631720484,0.12498400921069462,1.0,3
0.858433734939759,0.128,1.0,0.858461939834233,0.12498400921069462,1.0,3
0.9565763052208835,0.128,1.0,0.956507254811455,0.12498400921069462,1.0,3
0.050702811244979884,0.128,1.0,0.05057095265809064,0.12498400921069462,1.0,3
0.14859437751004018,0.128,1.0,0.14861626763531272,0.12498400921069462,1.0,3
0.24673694779116467,0.128,1.0,0.24666158261253485,0.12498400921069462,1.0,3
0.34487951807228917,0.128,1.0,0.34470489072628385,0.12498400921069462,1.0,3
0.4427710843373494,0.128,1.0,0.44275020570350593,0.12498400921069462,1.0,3
0.540913654618474,0.128,1.0,0.5408115755885127,0.12498400921069462,1.0,3
0.6350401606425703,0.128,1.0,0.6349354793393405,0.12498400921069462,1.0,3
0.7291666666666667,0.128,1.0,0.7290593830901683,0.12498400921069462,1.0,3
0.8273092369477912,0.128,1.0,0.8271046980673904,0.12498400921069462,1.0,3
0.9252008032128514,0.128,1.0,0.9251480061811395,0.12498400921069462,1.0,3
0.019327309236947754,0.128,1.0,0.019211704027774945,0.12498400921069462,1.0,3
0.11721887550200805,0.128,1.0,0.11725701900499702,0.12498400921069462,1.0,3
0.21536144578313254,0.128,1.0,0.2153023339822191,0.12498400921069462,1.0,3
0.31350401606425704,0.128,1.0,0.3133476489594412,0.12498400921069462,1.0,3
0.4113955823293173,0.128,1.0,0.41139095707319023,0.12498400921069462,1.0,3
0.5095381526104418,0.128,1.0,0.509452326958197,0.12498400921069462,1.0,3
0.6036646586345382,0.128,1.0,0.6035762307090248,0.12498400921069462,1.0,3
0.6977911646586346,0.128,1.0,0.6977001344598526,0.12498400921069462,1.0,3
0.7919176706827309,0.128,1.0,0.7918220313472073,0.12498400921069462,1.0,3
0.8900602409638555,0.128,1.0,0.8898673463244295,0.12498400921069462,1.0,3
0.9879518072289157,0.128,1.0,0.9879126613016516,0.12498400921069462,1.0,3
0.08207831325301201,0.128,1.0,0.08197435228481403,0.12498400921069462,1.0,3
0.1799698795180723,0.128,1.0,0.1800196672620361,0.12498400921069462,1.0,3
0.2781124497991968,0.128,1.0,0.27806498223925824,0.12498400921069462,1.0,3
0.3762550200803213,0.128,1.0,0.37611029721648026,0.12498400921069462,1.0,3
0.47414658634538154,0.128,1.0,0.4741556121937024,0.12498400921069462,1.0,3
0.572289156626506,0.128,1.0,0.5722169820787091,0.12498400921069462,1.0,3
0.6664156626506025,0.128,1.0,0.666340885829537,0.12498400921069462,1.0,3
0.7605421686746988,0.128,1.0,0.7604627827168917,0.12498400921069462,1.0,3
0.8586847389558234,0.128,1.0,0.8585080976941137,0.12498400921069462,1.0,3
0.9565763052208835,0.128,1.0,0.9565534126713359,0.12498400921069462,1.0,3
0.050702811244979884,0.128,1.0,0.05061711051797141,0.12498400921069462,1.0,3
0.14884538152610444,0.128,1.0,0.14866041863172041,0.12498400921069462,1.0,3
0.24673694779116467,0.128,1.0,0.24670573360894255,0.12498400921069462,1.0,3
0.34487951807228917,0.128,1.0,0.3447510485861646,0.12498400921069462,1.0,3
0.4427710843373494,0.128,1.0,0.4427963635633867,0.12498400921069462,1.0,3
0.540913654618474,0.128,1.0,0.5408577334483934,0.12498400921069462,1.0,3
0.6350401606425703,0.128,1.0,0.6349816371992213,0.12498400921069462,1.0,3
0.7291666666666667,0.128,1.0,0.729103534086576,0.12498400921069462,1.0,3
0.8273092369477912,0.128,1.0,0.8271488490637982,0.12498400921069462,1.0,3
0.9252008032128514,0.128,1.0,0.9251941640410202,0.12498400921069462,1.0,3
0.019327309236947754,0.128,1.0,0.019257861887655714,0.12498400921069462,1.0,3
0.1174698795180723,0.128,1.0,0.11730317686487779,0.12498400921069462,1.0,3
0.21536144578313254,0.128,1.0,0.21534648497862685,0.12498400921069462,1.0,3
0.31350401606425704,0.128,1.0,0.3133917999558489,0.12498400921069462,1.0,3
0.4113955823293173,0.128,1.0,0.41143711493307106,0.12498400921069462,1.0,3
