2026-07-31 09:22:00,326 [INFO] Activator:176 - 


2026-07-31 09:22:00,334 [INFO] Activator:177 - !SESSION log4j initialized
2026-07-31 09:22:08,128 [INFO] LogOutputStream:77 - [STDOUT_REDIRECT] 
2026-07-31 09:22:14,964 [INFO] ApplicationProperties:184 - Using Application install path: C:\ST\STM32CubeIDE_1.19.0\STM32CubeIDE\plugins\com.st.stm32cube.common.mx_6.15.0.202507011659
2026-07-31 09:22:14,994 [INFO] DbMcusXml:78 - Set database path to: C:\ST\STM32CubeIDE_1.19.0\STM32CubeIDE\plugins\com.st.stm32cube.common.mx_6.15.0.202507011659\\db\/mcu/
2026-07-31 09:22:14,995 [INFO] ApiDb:274 - Set plugin database path to: C:\ST\STM32CubeIDE_1.19.0\STM32CubeIDE\plugins\com.st.stm32cube.common.mx_6.15.0.202507011659\\db\/plugins/boardmanager/
2026-07-31 09:22:14,995 [WARN] ApiDb:259 - Overriding images path with different value:  => C:\ST\STM32CubeIDE_1.19.0\STM32CubeIDE\plugins\com.st.stm32cube.common.mx_6.15.0.202507011659\\db\/plugins/mcufinder/images/
2026-07-31 09:22:15,006 [INFO] ApiDb:250 - Set database path to: C:\Users\ADMIN\.stmcufinder\plugins\mcufinder//mcu/
2026-07-31 09:22:15,008 [INFO] DbMcusAds:125 - Set database path to: C:\Users\ADMIN\.stmcufinder\plugins\mcufinder//mcu/
2026-07-31 09:22:15,012 [INFO] CrossReferenceDbSqlite:203 - Set database path to: C:\Users\ADMIN\.stmcufinder\plugins\mcufinder//mcu/cs/
2026-07-31 09:22:15,183 [INFO] RulesReader:64 - Compatibility file has been processed (317 Rules)
2026-07-31 09:22:15,326 [INFO] DbMcusXml:78 - Set database path to: C:\ST\STM32CubeIDE_1.19.0\STM32CubeIDE\plugins\com.st.stm32cube.common.mx_6.15.0.202507011659\\db\/mcu/
2026-07-31 09:22:15,326 [INFO] ApiDb:274 - Set plugin database path to: C:\ST\STM32CubeIDE_1.19.0\STM32CubeIDE\plugins\com.st.stm32cube.common.mx_6.15.0.202507011659\\db\/plugins/boardmanager/
2026-07-31 09:22:15,326 [INFO] ApiDb:261 - Set plugin images path to: C:\ST\STM32CubeIDE_1.19.0\STM32CubeIDE\plugins\com.st.stm32cube.common.mx_6.15.0.202507011659\\db\/plugins/mcufinder/images/
2026-07-31 09:22:15,326 [WARN] DbFile:41 - Overriding database path with different value: C:\Users\ADMIN\.stmcufinder\plugins\mcufinder/ => C:\Users\ADMIN\.stmcufinder\plugins\mcufinder
2026-07-31 09:22:15,326 [INFO] ApiDb:250 - Set database path to: C:\Users\ADMIN\.stmcufinder\plugins\mcufinder//mcu/
2026-07-31 09:22:15,326 [WARN] DbFile:41 - Overriding database path with different value: C:\Users\ADMIN\.stmcufinder\plugins\mcufinder/ => C:\Users\ADMIN\.stmcufinder\plugins\mcufinder
2026-07-31 09:22:15,326 [INFO] DbMcusAds:125 - Set database path to: C:\Users\ADMIN\.stmcufinder\plugins\mcufinder//mcu/
2026-07-31 09:22:15,326 [WARN] DbFile:41 - Overriding database path with different value: C:\Users\ADMIN\.stmcufinder\plugins\mcufinder/ => C:\Users\ADMIN\.stmcufinder\plugins\mcufinder
2026-07-31 09:22:15,326 [WARN] DbFile:41 - Overriding database path with different value: C:\Users\ADMIN\.stmcufinder\plugins\mcufinder/ => C:\Users\ADMIN\.stmcufinder\plugins\mcufinder
2026-07-31 09:22:15,328 [INFO] CrossReferenceDbSqlite:203 - Set database path to: C:\Users\ADMIN\.stmcufinder\plugins\mcufinder//mcu/cs/
2026-07-31 09:22:15,435 [INFO] MainPanel:274 - HeapMemory: 268435456
2026-07-31 09:22:15,581 [INFO] DbMcusXml:78 - Set database path to: C:\ST\STM32CubeIDE_1.19.0\STM32CubeIDE\plugins\com.st.stm32cube.common.mx_6.15.0.202507011659\\db\/mcu/
2026-07-31 09:22:15,582 [INFO] ApiDb:274 - Set plugin database path to: C:\ST\STM32CubeIDE_1.19.0\STM32CubeIDE\plugins\com.st.stm32cube.common.mx_6.15.0.202507011659\\db\/plugins/boardmanager/
2026-07-31 09:22:15,582 [INFO] ApiDb:261 - Set plugin images path to: C:\ST\STM32CubeIDE_1.19.0\STM32CubeIDE\plugins\com.st.stm32cube.common.mx_6.15.0.202507011659\\db\/plugins/mcufinder/images/
2026-07-31 09:22:15,582 [WARN] DbFile:41 - Overriding database path with different value: C:\Users\ADMIN\.stmcufinder\plugins\mcufinder/ => C:\Users\ADMIN\.stmcufinder\plugins\mcufinder
2026-07-31 09:22:15,583 [INFO] ApiDb:250 - Set database path to: C:\Users\ADMIN\.stmcufinder\plugins\mcufinder//mcu/
2026-07-31 09:22:15,583 [WARN] DbFile:41 - Overriding database path with different value: C:\Users\ADMIN\.stmcufinder\plugins\mcufinder/ => C:\Users\ADMIN\.stmcufinder\plugins\mcufinder
2026-07-31 09:22:15,583 [INFO] DbMcusAds:125 - Set database path to: C:\Users\ADMIN\.stmcufinder\plugins\mcufinder//mcu/
2026-07-31 09:22:15,583 [WARN] DbFile:41 - Overriding database path with different value: C:\Users\ADMIN\.stmcufinder\plugins\mcufinder/ => C:\Users\ADMIN\.stmcufinder\plugins\mcufinder
2026-07-31 09:22:15,583 [WARN] DbFile:41 - Overriding database path with different value: C:\Users\ADMIN\.stmcufinder\plugins\mcufinder/ => C:\Users\ADMIN\.stmcufinder\plugins\mcufinder
2026-07-31 09:22:15,584 [INFO] CrossReferenceDbSqlite:203 - Set database path to: C:\Users\ADMIN\.stmcufinder\plugins\mcufinder//mcu/cs/
2026-07-31 09:22:15,611 [INFO] ApplicationProperties:184 - Using Application install path: C:\ST\STM32CubeIDE_1.19.0\STM32CubeIDE\plugins\com.st.stm32cube.common.mx_6.15.0.202507011659
2026-07-31 09:22:15,613 [INFO] PluginManage:196 - Search for loadable plugins [exclusion list=, ]
2026-07-31 09:22:15,615 [INFO] PluginManage:310 - Check plugin analytics
2026-07-31 09:22:20,879 [INFO] AnalyticsPlugin:253 - Accepted Software Licenses: 
2026-07-31 09:22:20,879 [INFO] AnalyticsPlugin:255 - Accepted CMSIS Pack Licenses: STMicroelectronics.X-CUBE-AI.10.2.1
2026-07-31 09:22:20,880 [INFO] AnalyticsPlugin:257 - Accepted Firmware Licenses: FW.L4.1.18.0
2026-07-31 09:22:20,885 [INFO] PluginManage:359 - Loaded plugin analytics (category:tool,tabindex:-1)
2026-07-31 09:22:20,886 [INFO] PluginManage:310 - Check plugin cadmodel
2026-07-31 09:22:20,896 [INFO] CADModel:105 - Init CAD model plugin
2026-07-31 09:22:20,896 [INFO] PluginManage:359 - Loaded plugin cadmodel (category:power,tabindex:5)
2026-07-31 09:22:20,896 [INFO] PluginManage:310 - Check plugin clock
2026-07-31 09:22:20,911 [INFO] PluginManage:359 - Loaded plugin clock (category:base,tabindex:2)
2026-07-31 09:22:20,911 [INFO] PluginManage:310 - Check plugin ddr
2026-07-31 09:22:20,916 [INFO] PluginManage:359 - Loaded plugin ddr (category:tool,tabindex:6)
2026-07-31 09:22:20,916 [INFO] PluginManage:310 - Check plugin filemanager
2026-07-31 09:22:21,175 [INFO] PluginManage:359 - Loaded plugin filemanager (category:base,tabindex:10)
2026-07-31 09:22:21,175 [INFO] PluginManage:310 - Check plugin ipmanager
2026-07-31 09:22:21,185 [INFO] PluginManage:359 - Loaded plugin ipmanager (category:base,tabindex:5)
2026-07-31 09:22:21,186 [INFO] PluginManage:310 - Check plugin lpbam
2026-07-31 09:22:21,198 [INFO] PluginManage:359 - Loaded plugin lpbam (category:base,tabindex:0)
2026-07-31 09:22:21,198 [INFO] PluginManage:310 - Check plugin memorymap
2026-07-31 09:22:21,226 [INFO] PluginManage:359 - Loaded plugin memorymap (category:base,tabindex:4)
2026-07-31 09:22:21,226 [INFO] PluginManage:310 - Check plugin pinoutandconfiguration
2026-07-31 09:22:21,242 [INFO] PluginManage:359 - Loaded plugin pinoutandconfiguration (category:base,tabindex:1)
2026-07-31 09:22:21,242 [INFO] PluginManage:310 - Check plugin pinoutconfig
2026-07-31 09:22:21,384 [WARN] SupportedApi:132 - Cannot load RTOS API schema: s4s-elt-must-match.1: The content of 'definitions' must match (annotation?, (simpleType | complexType)?, (unique | key | keyref)*)). A problem was found starting at: attribute.
2026-07-31 09:22:21,653 [INFO] PluginManage:359 - Loaded plugin pinoutconfig (category:base,tabindex:0)
2026-07-31 09:22:21,654 [INFO] PluginManage:310 - Check plugin power
2026-07-31 09:22:21,679 [INFO] PluginManage:359 - Loaded plugin power (category:power,tabindex:4)
2026-07-31 09:22:21,680 [INFO] PluginManage:310 - Check plugin projectmanager
2026-07-31 09:22:21,707 [INFO] PluginManage:359 - Loaded plugin projectmanager (category:projectmanager,tabindex:4)
2026-07-31 09:22:21,707 [INFO] PluginManage:310 - Check plugin rif
2026-07-31 09:22:21,722 [INFO] PluginManage:359 - Loaded plugin rif (category:base,tabindex:3)
2026-07-31 09:22:21,722 [INFO] PluginManage:310 - Check plugin thirdparty
2026-07-31 09:22:21,945 [INFO] PluginManage:359 - Loaded plugin thirdparty (category:base,tabindex:-1)
2026-07-31 09:22:21,945 [WARN] IntegrityCheckThread:84 - waiting for thirdparty lock release [integrity check]
2026-07-31 09:22:21,946 [INFO] PluginManage:310 - Check plugin tools
2026-07-31 09:22:21,946 [INFO] IntegrityCheckThread:86 - entering critical section [integrity check]
2026-07-31 09:22:21,946 [INFO] ThirdPartyUpdaterWithRetryManager:70 - Updater plugin not ready yet. [1/15]
2026-07-31 09:22:21,950 [INFO] PluginManage:359 - Loaded plugin tools (category:base,tabindex:7)
2026-07-31 09:22:21,950 [INFO] PluginManage:310 - Check plugin tutovideos
2026-07-31 09:22:22,288 [INFO] PluginManage:359 - Loaded plugin tutovideos (category:base,tabindex:-1)
2026-07-31 09:22:22,289 [INFO] PluginManage:310 - Check plugin updater
2026-07-31 09:22:22,329 [INFO] PluginManage:359 - Loaded plugin updater (category:base,tabindex:12)
2026-07-31 09:22:22,330 [INFO] PluginManage:310 - Check plugin userauth
2026-07-31 09:22:22,336 [INFO] UserAuth:118 - Init User Auth plugin
2026-07-31 09:22:22,337 [INFO] PluginManage:359 - Loaded plugin userauth (category:base,tabindex:14)
2026-07-31 09:22:22,338 [INFO] PluginManage:283 - PluginManage : Loaded plugins [18]
2026-07-31 09:22:22,734 [INFO] PinOutPanel:1589 - setPackage(No Configuration,No Configuration)
2026-07-31 09:22:22,872 [INFO] CADModel:165 - CPN selected for project level
2026-07-31 09:22:22,873 [INFO] CADModel:114 - Register for checkConnection events
2026-07-31 09:22:22,899 [INFO] IPUIPlugin:80 - create IPUIPlugin
2026-07-31 09:22:22,900 [INFO] PluginManager:220 - loadIPPluginJar : add adc
2026-07-31 09:22:22,903 [INFO] IPUIPlugin:80 - create IPUIPlugin
2026-07-31 09:22:22,903 [INFO] PluginManager:220 - loadIPPluginJar : add aes
2026-07-31 09:22:22,907 [INFO] IPUIPlugin:80 - create IPUIPlugin
2026-07-31 09:22:22,907 [INFO] PluginManager:220 - loadIPPluginJar : add can
2026-07-31 09:22:22,912 [INFO] IPUIPlugin:80 - create IPUIPlugin
2026-07-31 09:22:22,912 [INFO] PluginManager:220 - loadIPPluginJar : add comp
2026-07-31 09:22:22,915 [INFO] IPUIPlugin:80 - create IPUIPlugin
2026-07-31 09:22:22,915 [INFO] PluginManager:220 - loadIPPluginJar : add cryp
2026-07-31 09:22:22,920 [INFO] IPUIPlugin:80 - create IPUIPlugin
2026-07-31 09:22:22,920 [INFO] PluginManager:220 - loadIPPluginJar : add ddr_ctrl_phy
2026-07-31 09:22:22,924 [INFO] IPUIPlugin:80 - create IPUIPlugin
2026-07-31 09:22:22,924 [INFO] PluginManager:220 - loadIPPluginJar : add dfsdm
2026-07-31 09:22:22,932 [INFO] IPUIPlugin:80 - create IPUIPlugin
2026-07-31 09:22:22,933 [INFO] PluginManager:220 - loadIPPluginJar : add dma
2026-07-31 09:22:22,936 [INFO] IPUIPlugin:80 - create IPUIPlugin
2026-07-31 09:22:22,936 [INFO] PluginManager:220 - loadIPPluginJar : add dma3
2026-07-31 09:22:22,940 [INFO] IPUIPlugin:80 - create IPUIPlugin
2026-07-31 09:22:22,940 [INFO] PluginManager:220 - loadIPPluginJar : add extmemmanager
2026-07-31 09:22:22,942 [INFO] IPUIPlugin:80 - create IPUIPlugin
2026-07-31 09:22:22,943 [INFO] PluginManager:220 - loadIPPluginJar : add fatfs
2026-07-31 09:22:22,948 [INFO] IPUIPlugin:80 - create IPUIPlugin
2026-07-31 09:22:22,949 [INFO] PluginManager:220 - loadIPPluginJar : add fmc
2026-07-31 09:22:22,957 [INFO] IPUIPlugin:80 - create IPUIPlugin
2026-07-31 09:22:22,957 [INFO] PluginManager:220 - loadIPPluginJar : add freertos
2026-07-31 09:22:22,960 [INFO] IPUIPlugin:80 - create IPUIPlugin
2026-07-31 09:22:22,961 [INFO] PluginManager:220 - loadIPPluginJar : add genericplugin
2026-07-31 09:22:22,963 [INFO] IPUIPlugin:80 - create IPUIPlugin
2026-07-31 09:22:22,964 [INFO] PluginManager:220 - loadIPPluginJar : add gfxmmu
2026-07-31 09:22:22,971 [INFO] IPUIPlugin:80 - create IPUIPlugin
2026-07-31 09:22:22,971 [INFO] PluginManager:220 - loadIPPluginJar : add gic
2026-07-31 09:22:22,976 [INFO] IPUIPlugin:80 - create IPUIPlugin
2026-07-31 09:22:22,976 [INFO] PluginManager:220 - loadIPPluginJar : add gpio
2026-07-31 09:22:22,981 [INFO] IPUIPlugin:80 - create IPUIPlugin
2026-07-31 09:22:22,981 [INFO] PluginManager:220 - loadIPPluginJar : add gtzc
2026-07-31 09:22:22,984 [INFO] IPUIPlugin:80 - create IPUIPlugin
2026-07-31 09:22:22,984 [INFO] PluginManager:220 - loadIPPluginJar : add hash
2026-07-31 09:22:22,988 [INFO] IPUIPlugin:80 - create IPUIPlugin
2026-07-31 09:22:22,988 [INFO] PluginManager:220 - loadIPPluginJar : add i2c
2026-07-31 09:22:22,991 [INFO] IPUIPlugin:80 - create IPUIPlugin
2026-07-31 09:22:22,991 [INFO] PluginManager:220 - loadIPPluginJar : add i2s
2026-07-31 09:22:22,995 [INFO] IPUIPlugin:80 - create IPUIPlugin
2026-07-31 09:22:22,996 [INFO] PluginManager:220 - loadIPPluginJar : add i3c
2026-07-31 09:22:23,000 [INFO] IPUIPlugin:80 - create IPUIPlugin
2026-07-31 09:22:23,000 [INFO] PluginManager:220 - loadIPPluginJar : add ipddr
2026-07-31 09:22:23,010 [INFO] IPUIPlugin:80 - create IPUIPlugin
2026-07-31 09:22:23,011 [INFO] PluginManager:220 - loadIPPluginJar : add linkedlist
2026-07-31 09:22:23,017 [INFO] IPUIPlugin:80 - create IPUIPlugin
2026-07-31 09:22:23,018 [INFO] PluginManager:220 - loadIPPluginJar : add lorawan
2026-07-31 09:22:23,019 [INFO] IPUIPlugin:80 - create IPUIPlugin
2026-07-31 09:22:23,020 [INFO] PluginManager:220 - loadIPPluginJar : add ltdc
2026-07-31 09:22:23,028 [INFO] IPUIPlugin:80 - create IPUIPlugin
2026-07-31 09:22:23,028 [INFO] PluginManager:220 - loadIPPluginJar : add mdma
2026-07-31 09:22:23,033 [INFO] IPUIPlugin:80 - create IPUIPlugin
2026-07-31 09:22:23,033 [INFO] PluginManager:220 - loadIPPluginJar : add nvic
2026-07-31 09:22:23,038 [INFO] IPUIPlugin:80 - create IPUIPlugin
2026-07-31 09:22:23,038 [INFO] PluginManager:220 - loadIPPluginJar : add opamp
2026-07-31 09:22:23,043 [INFO] IPUIPlugin:80 - create IPUIPlugin
2026-07-31 09:22:23,043 [INFO] PluginManager:220 - loadIPPluginJar : add openamp
2026-07-31 09:22:23,047 [INFO] IPUIPlugin:80 - create IPUIPlugin
2026-07-31 09:22:23,047 [INFO] PluginManager:220 - loadIPPluginJar : add pdm2pcm
2026-07-31 09:22:23,056 [INFO] IPUIPlugin:80 - create IPUIPlugin
2026-07-31 09:22:23,060 [INFO] PluginManager:220 - loadIPPluginJar : add plateformsettings
2026-07-31 09:22:23,063 [INFO] IPUIPlugin:80 - create IPUIPlugin
2026-07-31 09:22:23,063 [INFO] PluginManager:220 - loadIPPluginJar : add quadspi
2026-07-31 09:22:23,066 [INFO] IPUIPlugin:80 - create IPUIPlugin
2026-07-31 09:22:23,067 [INFO] PluginManager:220 - loadIPPluginJar : add radio
2026-07-31 09:22:23,072 [INFO] IPUIPlugin:80 - create IPUIPlugin
2026-07-31 09:22:23,072 [INFO] PluginManager:220 - loadIPPluginJar : add resmgrutility
2026-07-31 09:22:23,077 [INFO] IPUIPlugin:80 - create IPUIPlugin
2026-07-31 09:22:23,077 [INFO] PluginManager:220 - loadIPPluginJar : add sai
2026-07-31 09:22:23,080 [INFO] IPUIPlugin:80 - create IPUIPlugin
2026-07-31 09:22:23,080 [INFO] PluginManager:220 - loadIPPluginJar : add spi
2026-07-31 09:22:23,090 [INFO] IPUIPlugin:80 - create IPUIPlugin
2026-07-31 09:22:23,090 [INFO] PluginManager:220 - loadIPPluginJar : add stm32_wpan
2026-07-31 09:22:23,093 [INFO] IPUIPlugin:80 - create IPUIPlugin
2026-07-31 09:22:23,093 [INFO] PluginManager:220 - loadIPPluginJar : add tim
2026-07-31 09:22:23,098 [INFO] IPUIPlugin:80 - create IPUIPlugin
2026-07-31 09:22:23,098 [INFO] PluginManager:220 - loadIPPluginJar : add touchsensing
2026-07-31 09:22:23,101 [INFO] IPUIPlugin:80 - create IPUIPlugin
2026-07-31 09:22:23,102 [INFO] PluginManager:220 - loadIPPluginJar : add tracer_emb
2026-07-31 09:22:23,105 [INFO] IPUIPlugin:80 - create IPUIPlugin
2026-07-31 09:22:23,105 [INFO] PluginManager:220 - loadIPPluginJar : add ts
2026-07-31 09:22:23,108 [INFO] IPUIPlugin:80 - create IPUIPlugin
2026-07-31 09:22:23,108 [INFO] PluginManager:220 - loadIPPluginJar : add tsc
2026-07-31 09:22:23,112 [INFO] IPUIPlugin:80 - create IPUIPlugin
2026-07-31 09:22:23,112 [INFO] PluginManager:220 - loadIPPluginJar : add ucpd
2026-07-31 09:22:23,116 [INFO] IPUIPlugin:80 - create IPUIPlugin
2026-07-31 09:22:23,116 [INFO] PluginManager:220 - loadIPPluginJar : add usart
2026-07-31 09:22:23,120 [INFO] IPUIPlugin:80 - create IPUIPlugin
2026-07-31 09:22:23,120 [INFO] PluginManager:220 - loadIPPluginJar : add usbx
2026-07-31 09:22:23,278 [FATAL] Updater:351 - Updater called before beeing initialized
2026-07-31 09:22:23,349 [INFO] RulesReader:64 - Compatibility file has been processed (317 Rules)
2026-07-31 09:22:23,380 [INFO] RulesReader:64 - Compatibility file has been processed (317 Rules)
2026-07-31 09:22:23,401 [INFO] CADModel:165 - CPN selected for project level
2026-07-31 09:22:23,401 [INFO] CADModel:114 - Register for checkConnection events
2026-07-31 09:22:23,401 [FATAL] Updater:351 - Updater called before beeing initialized
2026-07-31 09:22:23,402 [ERROR] CADModel:125 - Updater not yet initialized, retry later 
2026-07-31 09:22:23,632 [FATAL] Updater:351 - Updater called before beeing initialized
2026-07-31 09:22:23,634 [INFO] CADModel:165 - CPN selected for project level
2026-07-31 09:22:23,635 [INFO] CADModel:114 - Register for checkConnection events
2026-07-31 09:22:23,635 [FATAL] Updater:351 - Updater called before beeing initialized
2026-07-31 09:22:23,635 [ERROR] CADModel:125 - Updater not yet initialized, retry later 
2026-07-31 09:22:23,639 [FATAL] Updater:351 - Updater called before beeing initialized
2026-07-31 09:22:23,837 [FATAL] Updater:351 - Updater called before beeing initialized
2026-07-31 09:22:23,852 [INFO] DbMcusAds:53 - JSON generation date=Wed Jul 15 15:16:00 IST 2026 (1784108760991)
2026-07-31 09:22:23,852 [FATAL] Updater:351 - Updater called before beeing initialized
2026-07-31 09:22:23,912 [WARN] DetailPanel:346 - Failed to get advertising image, set to default
2026-07-31 09:22:24,100 [FATAL] Updater:351 - Updater called before beeing initialized
2026-07-31 09:22:24,103 [FATAL] Updater:351 - Updater called before beeing initialized
2026-07-31 09:22:24,103 [FATAL] Updater:351 - Updater called before beeing initialized
2026-07-31 09:22:24,104 [WARN] DetailPanel:346 - Failed to get advertising image, set to default
2026-07-31 09:22:24,106 [FATAL] Updater:351 - Updater called before beeing initialized
2026-07-31 09:22:24,176 [ERROR] Updater:1198 - MainUpdater not yet initialized. External WinMGr cannot be set.
2026-07-31 09:22:24,178 [INFO] Updater:1134 - Updater Version found : 6.15.0
2026-07-31 09:22:24,204 [INFO] ApplicationProperties:184 - Using Application install path: C:\ST\STM32CubeIDE_1.19.0\STM32CubeIDE\plugins\com.st.stm32cube.common.mx_6.15.0.202507011659
2026-07-31 09:22:24,947 [INFO] ThirdPartyUpdaterWithRetryManager:70 - Updater plugin not ready yet. [2/15]
2026-07-31 09:22:25,791 [ERROR] LogOutputStream:75 - [STDERR_REDIRECT] Jul 31, 2026 9:22:25 AM java.util.prefs.WindowsPreferences <init>
2026-07-31 09:22:25,795 [ERROR] LogOutputStream:75 - [STDERR_REDIRECT] WARNING: Could not open/create prefs root node Software\JavaSoft\Prefs at root 0xffffffff80000002. Windows RegCreateKeyEx(...) returned error code 5.
2026-07-31 09:22:25,795 [ERROR] LogOutputStream:75 - [STDERR_REDIRECT] 
2026-07-31 09:22:26,421 [INFO] MainUpdater:2872 - connection check result : 10
2026-07-31 09:22:26,422 [INFO] MainUpdater:289 - Updater Check For Update Now.
2026-07-31 09:22:26,423 [INFO] MicroXplorer:498 - Change Database Version : DB.6.0.150
2026-07-31 09:22:26,441 [INFO] McuFinderGlobals:63 - Set McuFinder mode to 2 (CubeIDE integrated)
2026-07-31 09:22:26,441 [INFO] UserAuth:171 - activating auth plugin
2026-07-31 09:22:26,450 [INFO] UserAuth:487 - Internet connection configuration mode: 1
2026-07-31 09:22:26,522 [INFO] JxBrowserEngine:152 - Initiate JxBrowser Engine with user profile folder
2026-07-31 09:22:26,654 [INFO] CheckServerUpdateThread:120 - End of CheckServer Thread
2026-07-31 09:22:28,253 [INFO] WebApp:169 - Instantiating new browser for Auth
2026-07-31 09:22:28,442 [WARN] PackLoader:240 - Cannot read IP mode file for STMicroelectronics.X-CUBE-AZRTOS-H7.3.5.0
2026-07-31 09:22:28,464 [WARN] PackLoader:240 - Cannot read IP mode file for STMicroelectronics.FP-ATR-ASTRA1.2.0.3
2026-07-31 09:22:28,483 [ERROR] Engine:466 - C:\Users\ADMIN\.stm32cubemx\thirdparties\pdsc\STMicroelectronics.X-CUBE-SMBUS.2.1.1.pdsc: PDSC version is not supported
2026-07-31 09:22:28,510 [WARN] PackLoader:240 - Cannot read IP mode file for STMicroelectronics.X-CUBE-AZRTOS-F7.1.1.0
2026-07-31 09:22:28,527 [WARN] PackLoader:240 - Cannot read IP mode file for STMicroelectronics.X-CUBE-FREERTOS.1.6.0
2026-07-31 09:22:28,535 [WARN] PackLoader:240 - Cannot read IP mode file for STMicroelectronics.FP-SNS-MOTENV1.5.1.0
2026-07-31 09:22:28,586 [WARN] PackLoader:240 - Cannot read IP mode file for STMicroelectronics.X-CUBE-AZRTOS-H7RS.1.3.0
2026-07-31 09:22:28,609 [WARN] PackLoader:240 - Cannot read IP mode file for WES.I-CUBE-Cesium.1.4.0
2026-07-31 09:22:28,622 [WARN] PackLoader:240 - Cannot read IP mode file for STMicroelectronics.X-CUBE-DISPLAY.3.0.0
2026-07-31 09:22:28,642 [WARN] PackLoader:240 - Cannot read IP mode file for STMicroelectronics.X-CUBE-GNSS1.7.1.1
2026-07-31 09:22:28,649 [WARN] PackLoader:240 - Cannot read IP mode file for STMicroelectronics.FP-SNS-MOTENVWB1.1.5.0
2026-07-31 09:22:28,657 [WARN] PackLoader:240 - Cannot read IP mode file for STMicroelectronics.X-CUBE-NFC10.1.0.0
2026-07-31 09:22:28,665 [WARN] PackLoader:240 - Cannot read IP mode file for STMicroelectronics.X-CUBE-ST60.1.1.0
2026-07-31 09:22:28,674 [WARN] PackLoader:240 - Cannot read IP mode file for emotas.I-CUBE-CANOPEN.1.3.0
2026-07-31 09:22:28,681 [WARN] PackLoader:240 - Cannot read IP mode file for wolfSSL.I-CUBE-wolfSSL.5.9.2
2026-07-31 09:22:28,685 [ERROR] Engine:466 - C:\Users\ADMIN\.stm32cubemx\thirdparties\pdsc\STMicroelectronics.X-CUBE-WBA.1.1.0.pdsc: PDSC version is not supported
2026-07-31 09:22:28,693 [WARN] PackLoader:240 - Cannot read IP mode file for STMicroelectronics.FP-SNS-STBOX1.2.1.0
2026-07-31 09:22:28,701 [WARN] PackLoader:240 - Cannot read IP mode file for STMicroelectronics.FP-SNS-SMARTAG2.1.2.0
2026-07-31 09:22:28,707 [WARN] PackLoader:240 - Cannot read IP mode file for STMicroelectronics.FP-SNS-FLIGHT1.5.1.0
2026-07-31 09:22:28,717 [INFO] LogOutputStream:77 - [STDOUT_REDIRECT] 1 : Invalid condition id : UX_CORESTACK_Condition cause : null
2026-07-31 09:22:28,720 [INFO] LogOutputStream:77 - [STDOUT_REDIRECT] 1 : Invalid condition id : UX_CORESTACK_Condition cause : null
2026-07-31 09:22:28,721 [INFO] LogOutputStream:77 - [STDOUT_REDIRECT] 1 : Invalid condition id : UX_CORESTACK_Condition cause : null
2026-07-31 09:22:28,723 [INFO] LogOutputStream:77 - [STDOUT_REDIRECT] 1 : Invalid condition id : UX_CORESTACK_Condition cause : null
2026-07-31 09:22:28,725 [INFO] LogOutputStream:77 - [STDOUT_REDIRECT] 1 : Invalid condition id : UX_CORESTACK_Condition cause : null
2026-07-31 09:22:28,727 [WARN] PackLoader:240 - Cannot read IP mode file for STMicroelectronics.X-CUBE-AZRTOS-WL.2.0.0
2026-07-31 09:22:28,735 [WARN] PackLoader:240 - Cannot read IP mode file for STMicroelectronics.X-CUBE-BLE2.3.3.0
2026-07-31 09:22:28,776 [WARN] PackLoader:240 - Cannot read IP mode file for Infineon.AIROC-Wi-Fi-Bluetooth-STM32.1.8.0
2026-07-31 09:22:28,788 [WARN] PackLoader:240 - Cannot read IP mode file for STMicroelectronics.X-CUBE-NFC9.1.0.0
2026-07-31 09:22:28,795 [WARN] PackLoader:240 - Cannot read IP mode file for STMicroelectronics.X-CUBE-BLE1.7.1.0
2026-07-31 09:22:28,800 [WARN] PackLoader:240 - Cannot read IP mode file for wolfSSL.I-CUBE-wolfMQTT.1.19.2
2026-07-31 09:22:28,807 [WARN] PackLoader:240 - Cannot read IP mode file for STMicroelectronics.X-CUBE-EEPRMA1.5.2.0
2026-07-31 09:22:28,817 [WARN] PackLoader:240 - Cannot read IP mode file for STMicroelectronics.FP-SNS-STAIOTCFT.1.1.0
2026-07-31 09:22:28,831 [WARN] PackLoader:240 - Cannot read IP mode file for STMicroelectronics.X-CUBE-AZRTOS-G0.1.1.0
2026-07-31 09:22:28,840 [WARN] PackLoader:240 - Cannot read IP mode file for STMicroelectronics.X-CUBE-NFC4.3.0.0
2026-07-31 09:22:28,851 [WARN] PackLoader:240 - Cannot read IP mode file for EmbeddedOffice.I-CUBE-FS-RTOS.1.0.1
2026-07-31 09:22:28,858 [WARN] PackLoader:240 - Cannot read IP mode file for wolfSSL.I-CUBE-wolfTPM.3.8.0
2026-07-31 09:22:28,867 [WARN] PackLoader:240 - Cannot read IP mode file for STMicroelectronics.X-CUBE-TCPP.4.2.0
2026-07-31 09:22:28,877 [WARN] PackLoader:240 - Cannot read IP mode file for RealThread.X-CUBE-RT-Thread_Nano.4.1.1
2026-07-31 09:22:28,882 [WARN] PackLoader:240 - Cannot read IP mode file for STMicroelectronics.FP-ATR-SIGFOX1.3.2.0
2026-07-31 09:22:28,888 [WARN] PackLoader:240 - Cannot read IP mode file for ITTIA_DB.I-CUBE-ITTIADB.8.9.0
2026-07-31 09:22:28,895 [WARN] PackLoader:240 - Cannot read IP mode file for Cesanta.I-CUBE-Mongoose.7.21.7
2026-07-31 09:22:28,902 [WARN] PackLoader:240 - Cannot read IP mode file for STMicroelectronics.X-CUBE-NFC6.3.2.0
2026-07-31 09:22:28,916 [WARN] PackLoader:240 - Cannot read IP mode file for STMicroelectronics.X-CUBE-AI.10.2.1
2026-07-31 09:22:29,096 [WARN] PackLoader:240 - Cannot read IP mode file for STMicroelectronics.X-CUBE-MEMS1.12.1.0
2026-07-31 09:22:29,214 [WARN] PackLoader:240 - Cannot read IP mode file for SEGGER.I-CUBE-embOS.1.3.1
2026-07-31 09:22:29,280 [WARN] PackLoader:240 - Cannot read IP mode file for STMicroelectronics.X-CUBE-NFC13.1.0.0
2026-07-31 09:22:29,291 [WARN] PackLoader:240 - Cannot read IP mode file for STMicroelectronics.X-CUBE-PM33A1.1.0.0
2026-07-31 09:22:29,311 [WARN] PackLoader:240 - Cannot read IP mode file for STMicroelectronics.X-CUBE-AZRTOS-F4.1.1.0
2026-07-31 09:22:29,322 [WARN] PackLoader:240 - Cannot read IP mode file for STMicroelectronics.X-CUBE-ISPU.2.1.0
2026-07-31 09:22:29,382 [WARN] PackLoader:240 - Cannot read IP mode file for STMicroelectronics.X-CUBE-IPS.3.2.0
2026-07-31 09:22:29,400 [WARN] PackLoader:240 - Cannot read IP mode file for STMicroelectronics.eDS-WB_DPC_TT-BIDIR.2.1.1
2026-07-31 09:22:29,409 [WARN] PackLoader:240 - Cannot read IP mode file for STMicroelectronics.X-CUBE-NFC12.1.0.0
2026-07-31 09:22:29,438 [WARN] PackLoader:240 - Cannot read IP mode file for STMicroelectronics.X-CUBE-AZRTOS-L5.2.0.0
2026-07-31 09:22:29,450 [WARN] PackLoader:240 - Cannot read IP mode file for STMicroelectronics.X-CUBE-ALGOBUILD.1.5.0
2026-07-31 09:22:29,455 [WARN] PackLoader:240 - Cannot read IP mode file for STMicroelectronics.eDS-WB_DPC_VIENNA.1.2.0
2026-07-31 09:22:29,461 [WARN] PackLoader:240 - Cannot read IP mode file for STMicroelectronics.eDS-WB_DPC_3PH2L-BIDIR.1.1.1
2026-07-31 09:22:29,464 [ERROR] Engine:466 - C:\Users\ADMIN\.stm32cubemx\thirdparties\pdsc\STMicroelectronics.X-CUBE-ST67W61.1.3.0.pdsc: PDSC version is not supported
2026-07-31 09:22:29,474 [WARN] PackLoader:240 - Cannot read IP mode file for STMicroelectronics.X-CUBE-TOUCHGFX.4.26.1
2026-07-31 09:22:29,482 [WARN] PackLoader:240 - Cannot read IP mode file for STMicroelectronics.X-CUBE-DPower.1.3.0
2026-07-31 09:22:29,501 [WARN] ConditionMgr:438 - getConditionDescription Invalid condition id : LAN8742 Phy interface Condition cause : null
2026-07-31 09:22:29,501 [WARN] PackLoader:240 - Cannot read IP mode file for STMicroelectronics.X-CUBE-AZRTOS-L4.2.0.0
2026-07-31 09:22:29,504 [WARN] ConditionMgr:1044 - genDependencies : Invalid condition id : LAN8742 Phy interface Condition cause : null
2026-07-31 09:22:29,504 [WARN] ConditionMgr:1044 - genDependencies : Invalid condition id : LAN8742 Phy interface Condition cause : null
2026-07-31 09:22:29,505 [WARN] ConditionMgr:1044 - genDependencies : Invalid condition id : LAN8742 Phy interface Condition cause : null
2026-07-31 09:22:29,516 [WARN] PackLoader:240 - Cannot read IP mode file for STMicroelectronics.X-CUBE-SFXS2LP1.4.0.0
2026-07-31 09:22:29,523 [WARN] PackLoader:240 - Cannot read IP mode file for STMicroelectronics.X-CUBE-WB05N.2.1.0
2026-07-31 09:22:29,536 [WARN] ConditionMgr:438 - getConditionDescription Invalid condition id : UX DEVICE CLASS RTOS Condition cause : null
2026-07-31 09:22:29,536 [WARN] ConditionMgr:438 - getConditionDescription Invalid condition id : UX DEVICE CLASS RTOS Condition cause : null
2026-07-31 09:22:29,537 [WARN] PackLoader:240 - Cannot read IP mode file for STMicroelectronics.X-CUBE-AZRTOS-WB.2.0.0
2026-07-31 09:22:29,538 [WARN] ConditionMgr:1044 - genDependencies : Invalid condition id : UX DEVICE CLASS RTOS Condition cause : null
2026-07-31 09:22:29,538 [WARN] ConditionMgr:1044 - genDependencies : Invalid condition id : UX DEVICE CLASS RTOS Condition cause : null
2026-07-31 09:22:29,539 [WARN] ConditionMgr:1044 - genDependencies : Invalid condition id : UX DEVICE CLASS RTOS Condition cause : null
2026-07-31 09:22:29,539 [WARN] ConditionMgr:1044 - genDependencies : Invalid condition id : UX DEVICE CLASS RTOS Condition cause : null
2026-07-31 09:22:29,539 [WARN] ConditionMgr:1044 - genDependencies : Invalid condition id : UX DEVICE CLASS RTOS Condition cause : null
2026-07-31 09:22:29,546 [WARN] ConditionMgr:438 - getConditionDescription Invalid condition id : Cortex-A Device cause : null
2026-07-31 09:22:29,557 [WARN] ConditionMgr:1044 - genDependencies : Invalid condition id : Cortex-A Device cause : null
2026-07-31 09:22:29,558 [WARN] ConditionMgr:1044 - genDependencies : Invalid condition id : Cortex-A Device cause : null
2026-07-31 09:22:29,558 [WARN] ConditionMgr:1044 - genDependencies : Invalid condition id : Cortex-A Device cause : null
2026-07-31 09:22:29,567 [WARN] PackLoader:240 - Cannot read IP mode file for STMicroelectronics.X-CUBE-STSE01.2.0.0
2026-07-31 09:22:29,579 [WARN] PackLoader:240 - Cannot read IP mode file for STMicroelectronics.X-CUBE-SUBG2.5.0.0
2026-07-31 09:22:29,610 [WARN] PackLoader:240 - Cannot read IP mode file for STMicroelectronics.X-CUBE-AZRTOS-G4.2.0.0
2026-07-31 09:22:29,618 [WARN] PackLoader:240 - Cannot read IP mode file for wolfSSL.I-CUBE-wolfSSH.1.4.20
2026-07-31 09:22:29,624 [WARN] PackLoader:240 - Cannot read IP mode file for STMicroelectronics.X-CUBE-NFC7.2.0.0
2026-07-31 09:22:29,632 [ERROR] Engine:466 - C:\Users\ADMIN\.stm32cubemx\thirdparties\pdsc\STMicroelectronics.X-CUBE-BLEMGR.4.2.0.pdsc: PDSC version is not supported
2026-07-31 09:22:29,638 [WARN] PackLoader:240 - Cannot read IP mode file for STMicroelectronics.X-CUBE-ALS.1.0.2
2026-07-31 09:22:29,651 [WARN] PackLoader:240 - Cannot read IP mode file for STMicroelectronics.X-CUBE-TOF1.3.4.3
2026-07-31 09:22:29,663 [INFO] ThirdParty:978 - Integrity check success = true
2026-07-31 09:22:29,663 [INFO] IntegrityCheckThread:100 - exiting critical section [integrity check]
2026-07-31 09:22:29,663 [INFO] IntegrityCheckThread:103 - End integrity checks thread
2026-07-31 09:22:30,710 [INFO] WebApp:463 - Apply proxy settings
2026-07-31 09:22:30,710 [INFO] WebApp:548 - Chromium requires no authentication
2026-07-31 09:22:30,733 [INFO] WebApp:491 - Direct internet connection detected
2026-07-31 09:22:30,791 [INFO] WebApp:900 - Register for checkConnection events
2026-07-31 09:22:30,791 [INFO] WebApp:463 - Apply proxy settings
2026-07-31 09:22:30,791 [INFO] WebApp:548 - Chromium requires no authentication
2026-07-31 09:22:30,792 [INFO] WebApp:491 - Direct internet connection detected
2026-07-31 09:22:31,063 [INFO] WebApp:191 - Connection restablished
2026-07-31 09:22:31,174 [INFO] WebApp:225 - Starting web application
2026-07-31 09:22:31,175 [INFO] WebApp:593 - Web application path used C:\ST\STM32CubeIDE_1.19.0\STM32CubeIDE\plugins\com.st.stm32cube.common.mx_6.15.0.202507011659\db\plugins\mcufinder\reactClient1\index.html
2026-07-31 09:23:57,061 [ERROR] LogOutputStream:75 - [STDERR_REDIRECT] 
2026-07-31 09:23:57,064 [ERROR] LogOutputStream:75 - [STDERR_REDIRECT] 
2026-07-31 09:24:12,285 [INFO] Activator:176 - 


2026-07-31 09:24:12,287 [INFO] Activator:177 - !SESSION log4j initialized
2026-07-31 09:24:19,625 [INFO] LogOutputStream:77 - [STDOUT_REDIRECT] 
2026-07-31 09:24:26,004 [INFO] ApplicationProperties:184 - Using Application install path: C:\ST\STM32CubeIDE_1.19.0\STM32CubeIDE\plugins\com.st.stm32cube.common.mx_6.15.0.202507011659
2026-07-31 09:24:26,027 [INFO] DbMcusXml:78 - Set database path to: C:\ST\STM32CubeIDE_1.19.0\STM32CubeIDE\plugins\com.st.stm32cube.common.mx_6.15.0.202507011659\\db\/mcu/
2026-07-31 09:24:26,028 [INFO] ApiDb:274 - Set plugin database path to: C:\ST\STM32CubeIDE_1.19.0\STM32CubeIDE\plugins\com.st.stm32cube.common.mx_6.15.0.202507011659\\db\/plugins/boardmanager/
2026-07-31 09:24:26,028 [WARN] ApiDb:259 - Overriding images path with different value:  => C:\ST\STM32CubeIDE_1.19.0\STM32CubeIDE\plugins\com.st.stm32cube.common.mx_6.15.0.202507011659\\db\/plugins/mcufinder/images/
2026-07-31 09:24:26,035 [INFO] ApiDb:250 - Set database path to: C:\Users\ADMIN\.stmcufinder\plugins\mcufinder//mcu/
2026-07-31 09:24:26,037 [INFO] DbMcusAds:125 - Set database path to: C:\Users\ADMIN\.stmcufinder\plugins\mcufinder//mcu/
2026-07-31 09:24:26,040 [INFO] CrossReferenceDbSqlite:203 - Set database path to: C:\Users\ADMIN\.stmcufinder\plugins\mcufinder//mcu/cs/
2026-07-31 09:24:26,194 [INFO] RulesReader:64 - Compatibility file has been processed (317 Rules)
2026-07-31 09:24:26,320 [INFO] DbMcusXml:78 - Set database path to: C:\ST\STM32CubeIDE_1.19.0\STM32CubeIDE\plugins\com.st.stm32cube.common.mx_6.15.0.202507011659\\db\/mcu/
2026-07-31 09:24:26,320 [INFO] ApiDb:274 - Set plugin database path to: C:\ST\STM32CubeIDE_1.19.0\STM32CubeIDE\plugins\com.st.stm32cube.common.mx_6.15.0.202507011659\\db\/plugins/boardmanager/
2026-07-31 09:24:26,320 [INFO] ApiDb:261 - Set plugin images path to: C:\ST\STM32CubeIDE_1.19.0\STM32CubeIDE\plugins\com.st.stm32cube.common.mx_6.15.0.202507011659\\db\/plugins/mcufinder/images/
2026-07-31 09:24:26,321 [WARN] DbFile:41 - Overriding database path with different value: C:\Users\ADMIN\.stmcufinder\plugins\mcufinder/ => C:\Users\ADMIN\.stmcufinder\plugins\mcufinder
2026-07-31 09:24:26,321 [INFO] ApiDb:250 - Set database path to: C:\Users\ADMIN\.stmcufinder\plugins\mcufinder//mcu/
2026-07-31 09:24:26,321 [WARN] DbFile:41 - Overriding database path with different value: C:\Users\ADMIN\.stmcufinder\plugins\mcufinder/ => C:\Users\ADMIN\.stmcufinder\plugins\mcufinder
2026-07-31 09:24:26,321 [INFO] DbMcusAds:125 - Set database path to: C:\Users\ADMIN\.stmcufinder\plugins\mcufinder//mcu/
2026-07-31 09:24:26,321 [WARN] DbFile:41 - Overriding database path with different value: C:\Users\ADMIN\.stmcufinder\plugins\mcufinder/ => C:\Users\ADMIN\.stmcufinder\plugins\mcufinder
2026-07-31 09:24:26,322 [WARN] DbFile:41 - Overriding database path with different value: C:\Users\ADMIN\.stmcufinder\plugins\mcufinder/ => C:\Users\ADMIN\.stmcufinder\plugins\mcufinder
2026-07-31 09:24:26,322 [INFO] CrossReferenceDbSqlite:203 - Set database path to: C:\Users\ADMIN\.stmcufinder\plugins\mcufinder//mcu/cs/
2026-07-31 09:24:26,415 [INFO] MainPanel:274 - HeapMemory: 268435456
2026-07-31 09:24:26,522 [INFO] DbMcusXml:78 - Set database path to: C:\ST\STM32CubeIDE_1.19.0\STM32CubeIDE\plugins\com.st.stm32cube.common.mx_6.15.0.202507011659\\db\/mcu/
2026-07-31 09:24:26,523 [INFO] ApiDb:274 - Set plugin database path to: C:\ST\STM32CubeIDE_1.19.0\STM32CubeIDE\plugins\com.st.stm32cube.common.mx_6.15.0.202507011659\\db\/plugins/boardmanager/
2026-07-31 09:24:26,523 [INFO] ApiDb:261 - Set plugin images path to: C:\ST\STM32CubeIDE_1.19.0\STM32CubeIDE\plugins\com.st.stm32cube.common.mx_6.15.0.202507011659\\db\/plugins/mcufinder/images/
2026-07-31 09:24:26,523 [WARN] DbFile:41 - Overriding database path with different value: C:\Users\ADMIN\.stmcufinder\plugins\mcufinder/ => C:\Users\ADMIN\.stmcufinder\plugins\mcufinder
2026-07-31 09:24:26,523 [INFO] ApiDb:250 - Set database path to: C:\Users\ADMIN\.stmcufinder\plugins\mcufinder//mcu/
2026-07-31 09:24:26,524 [WARN] DbFile:41 - Overriding database path with different value: C:\Users\ADMIN\.stmcufinder\plugins\mcufinder/ => C:\Users\ADMIN\.stmcufinder\plugins\mcufinder
2026-07-31 09:24:26,524 [INFO] DbMcusAds:125 - Set database path to: C:\Users\ADMIN\.stmcufinder\plugins\mcufinder//mcu/
2026-07-31 09:24:26,524 [WARN] DbFile:41 - Overriding database path with different value: C:\Users\ADMIN\.stmcufinder\plugins\mcufinder/ => C:\Users\ADMIN\.stmcufinder\plugins\mcufinder
2026-07-31 09:24:26,524 [WARN] DbFile:41 - Overriding database path with different value: C:\Users\ADMIN\.stmcufinder\plugins\mcufinder/ => C:\Users\ADMIN\.stmcufinder\plugins\mcufinder
2026-07-31 09:24:26,524 [INFO] CrossReferenceDbSqlite:203 - Set database path to: C:\Users\ADMIN\.stmcufinder\plugins\mcufinder//mcu/cs/
2026-07-31 09:24:26,546 [INFO] ApplicationProperties:184 - Using Application install path: C:\ST\STM32CubeIDE_1.19.0\STM32CubeIDE\plugins\com.st.stm32cube.common.mx_6.15.0.202507011659
2026-07-31 09:24:26,549 [INFO] PluginManage:196 - Search for loadable plugins [exclusion list=, ]
2026-07-31 09:24:26,550 [INFO] PluginManage:310 - Check plugin analytics
2026-07-31 09:24:31,815 [INFO] AnalyticsPlugin:253 - Accepted Software Licenses: 
2026-07-31 09:24:31,816 [INFO] AnalyticsPlugin:255 - Accepted CMSIS Pack Licenses: STMicroelectronics.X-CUBE-AI.10.2.1
2026-07-31 09:24:31,816 [INFO] AnalyticsPlugin:257 - Accepted Firmware Licenses: FW.L4.1.18.0
2026-07-31 09:24:31,823 [INFO] PluginManage:359 - Loaded plugin analytics (category:tool,tabindex:-1)
2026-07-31 09:24:31,823 [INFO] PluginManage:310 - Check plugin cadmodel
2026-07-31 09:24:31,830 [INFO] CADModel:105 - Init CAD model plugin
2026-07-31 09:24:31,830 [INFO] PluginManage:359 - Loaded plugin cadmodel (category:power,tabindex:5)
2026-07-31 09:24:31,830 [INFO] PluginManage:310 - Check plugin clock
2026-07-31 09:24:31,840 [INFO] PluginManage:359 - Loaded plugin clock (category:base,tabindex:2)
2026-07-31 09:24:31,841 [INFO] PluginManage:310 - Check plugin ddr
2026-07-31 09:24:31,843 [INFO] PluginManage:359 - Loaded plugin ddr (category:tool,tabindex:6)
2026-07-31 09:24:31,843 [INFO] PluginManage:310 - Check plugin filemanager
2026-07-31 09:24:32,047 [INFO] PluginManage:359 - Loaded plugin filemanager (category:base,tabindex:10)
2026-07-31 09:24:32,047 [INFO] PluginManage:310 - Check plugin ipmanager
2026-07-31 09:24:32,056 [INFO] PluginManage:359 - Loaded plugin ipmanager (category:base,tabindex:5)
2026-07-31 09:24:32,057 [INFO] PluginManage:310 - Check plugin lpbam
2026-07-31 09:24:32,068 [INFO] PluginManage:359 - Loaded plugin lpbam (category:base,tabindex:0)
2026-07-31 09:24:32,068 [INFO] PluginManage:310 - Check plugin memorymap
2026-07-31 09:24:32,082 [INFO] PluginManage:359 - Loaded plugin memorymap (category:base,tabindex:4)
2026-07-31 09:24:32,083 [INFO] PluginManage:310 - Check plugin pinoutandconfiguration
2026-07-31 09:24:32,091 [INFO] PluginManage:359 - Loaded plugin pinoutandconfiguration (category:base,tabindex:1)
2026-07-31 09:24:32,092 [INFO] PluginManage:310 - Check plugin pinoutconfig
2026-07-31 09:24:32,223 [WARN] SupportedApi:132 - Cannot load RTOS API schema: s4s-elt-must-match.1: The content of 'definitions' must match (annotation?, (simpleType | complexType)?, (unique | key | keyref)*)). A problem was found starting at: attribute.
2026-07-31 09:24:32,399 [INFO] PluginManage:359 - Loaded plugin pinoutconfig (category:base,tabindex:0)
2026-07-31 09:24:32,400 [INFO] PluginManage:310 - Check plugin power
2026-07-31 09:24:32,411 [INFO] PluginManage:359 - Loaded plugin power (category:power,tabindex:4)
2026-07-31 09:24:32,411 [INFO] PluginManage:310 - Check plugin projectmanager
2026-07-31 09:24:32,432 [INFO] PluginManage:359 - Loaded plugin projectmanager (category:projectmanager,tabindex:4)
2026-07-31 09:24:32,433 [INFO] PluginManage:310 - Check plugin rif
2026-07-31 09:24:32,444 [INFO] PluginManage:359 - Loaded plugin rif (category:base,tabindex:3)
2026-07-31 09:24:32,444 [INFO] PluginManage:310 - Check plugin thirdparty
2026-07-31 09:24:32,626 [INFO] PluginManage:359 - Loaded plugin thirdparty (category:base,tabindex:-1)
2026-07-31 09:24:32,625 [WARN] IntegrityCheckThread:84 - waiting for thirdparty lock release [integrity check]
2026-07-31 09:24:32,626 [INFO] PluginManage:310 - Check plugin tools
2026-07-31 09:24:32,626 [INFO] IntegrityCheckThread:86 - entering critical section [integrity check]
2026-07-31 09:24:32,626 [INFO] ThirdPartyUpdaterWithRetryManager:70 - Updater plugin not ready yet. [1/15]
2026-07-31 09:24:32,630 [INFO] PluginManage:359 - Loaded plugin tools (category:base,tabindex:7)
2026-07-31 09:24:32,630 [INFO] PluginManage:310 - Check plugin tutovideos
2026-07-31 09:24:32,890 [INFO] PluginManage:359 - Loaded plugin tutovideos (category:base,tabindex:-1)
2026-07-31 09:24:32,890 [INFO] PluginManage:310 - Check plugin updater
2026-07-31 09:24:32,919 [INFO] PluginManage:359 - Loaded plugin updater (category:base,tabindex:12)
2026-07-31 09:24:32,919 [INFO] PluginManage:310 - Check plugin userauth
2026-07-31 09:24:32,924 [INFO] UserAuth:118 - Init User Auth plugin
2026-07-31 09:24:32,925 [INFO] PluginManage:359 - Loaded plugin userauth (category:base,tabindex:14)
2026-07-31 09:24:32,926 [INFO] PluginManage:283 - PluginManage : Loaded plugins [18]
2026-07-31 09:24:33,217 [INFO] PinOutPanel:1589 - setPackage(No Configuration,No Configuration)
2026-07-31 09:24:33,327 [INFO] CADModel:165 - CPN selected for project level
2026-07-31 09:24:33,328 [INFO] CADModel:114 - Register for checkConnection events
2026-07-31 09:24:33,349 [INFO] IPUIPlugin:80 - create IPUIPlugin
2026-07-31 09:24:33,349 [INFO] PluginManager:220 - loadIPPluginJar : add adc
2026-07-31 09:24:33,352 [INFO] IPUIPlugin:80 - create IPUIPlugin
2026-07-31 09:24:33,352 [INFO] PluginManager:220 - loadIPPluginJar : add aes
2026-07-31 09:24:33,355 [INFO] IPUIPlugin:80 - create IPUIPlugin
2026-07-31 09:24:33,356 [INFO] PluginManager:220 - loadIPPluginJar : add can
2026-07-31 09:24:33,358 [INFO] IPUIPlugin:80 - create IPUIPlugin
2026-07-31 09:24:33,359 [INFO] PluginManager:220 - loadIPPluginJar : add comp
2026-07-31 09:24:33,361 [INFO] IPUIPlugin:80 - create IPUIPlugin
2026-07-31 09:24:33,361 [INFO] PluginManager:220 - loadIPPluginJar : add cryp
2026-07-31 09:24:33,364 [INFO] IPUIPlugin:80 - create IPUIPlugin
2026-07-31 09:24:33,364 [INFO] PluginManager:220 - loadIPPluginJar : add ddr_ctrl_phy
2026-07-31 09:24:33,367 [INFO] IPUIPlugin:80 - create IPUIPlugin
2026-07-31 09:24:33,367 [INFO] PluginManager:220 - loadIPPluginJar : add dfsdm
2026-07-31 09:24:33,374 [INFO] IPUIPlugin:80 - create IPUIPlugin
2026-07-31 09:24:33,374 [INFO] PluginManager:220 - loadIPPluginJar : add dma
2026-07-31 09:24:33,377 [INFO] IPUIPlugin:80 - create IPUIPlugin
2026-07-31 09:24:33,377 [INFO] PluginManager:220 - loadIPPluginJar : add dma3
2026-07-31 09:24:33,380 [INFO] IPUIPlugin:80 - create IPUIPlugin
2026-07-31 09:24:33,380 [INFO] PluginManager:220 - loadIPPluginJar : add extmemmanager
2026-07-31 09:24:33,382 [INFO] IPUIPlugin:80 - create IPUIPlugin
2026-07-31 09:24:33,382 [INFO] PluginManager:220 - loadIPPluginJar : add fatfs
2026-07-31 09:24:33,387 [INFO] IPUIPlugin:80 - create IPUIPlugin
2026-07-31 09:24:33,387 [INFO] PluginManager:220 - loadIPPluginJar : add fmc
2026-07-31 09:24:33,394 [INFO] IPUIPlugin:80 - create IPUIPlugin
2026-07-31 09:24:33,394 [INFO] PluginManager:220 - loadIPPluginJar : add freertos
2026-07-31 09:24:33,396 [INFO] IPUIPlugin:80 - create IPUIPlugin
2026-07-31 09:24:33,396 [INFO] PluginManager:220 - loadIPPluginJar : add genericplugin
2026-07-31 09:24:33,398 [INFO] IPUIPlugin:80 - create IPUIPlugin
2026-07-31 09:24:33,398 [INFO] PluginManager:220 - loadIPPluginJar : add gfxmmu
2026-07-31 09:24:33,404 [INFO] IPUIPlugin:80 - create IPUIPlugin
2026-07-31 09:24:33,404 [INFO] PluginManager:220 - loadIPPluginJar : add gic
2026-07-31 09:24:33,408 [INFO] IPUIPlugin:80 - create IPUIPlugin
2026-07-31 09:24:33,408 [INFO] PluginManager:220 - loadIPPluginJar : add gpio
2026-07-31 09:24:33,412 [INFO] IPUIPlugin:80 - create IPUIPlugin
2026-07-31 09:24:33,412 [INFO] PluginManager:220 - loadIPPluginJar : add gtzc
2026-07-31 09:24:33,415 [INFO] IPUIPlugin:80 - create IPUIPlugin
2026-07-31 09:24:33,415 [INFO] PluginManager:220 - loadIPPluginJar : add hash
2026-07-31 09:24:33,418 [INFO] IPUIPlugin:80 - create IPUIPlugin
2026-07-31 09:24:33,418 [INFO] PluginManager:220 - loadIPPluginJar : add i2c
2026-07-31 09:24:33,421 [INFO] IPUIPlugin:80 - create IPUIPlugin
2026-07-31 09:24:33,422 [INFO] PluginManager:220 - loadIPPluginJar : add i2s
2026-07-31 09:24:33,425 [INFO] IPUIPlugin:80 - create IPUIPlugin
2026-07-31 09:24:33,425 [INFO] PluginManager:220 - loadIPPluginJar : add i3c
2026-07-31 09:24:33,430 [INFO] IPUIPlugin:80 - create IPUIPlugin
2026-07-31 09:24:33,430 [INFO] PluginManager:220 - loadIPPluginJar : add ipddr
2026-07-31 09:24:33,440 [INFO] IPUIPlugin:80 - create IPUIPlugin
2026-07-31 09:24:33,440 [INFO] PluginManager:220 - loadIPPluginJar : add linkedlist
2026-07-31 09:24:33,446 [INFO] IPUIPlugin:80 - create IPUIPlugin
2026-07-31 09:24:33,446 [INFO] PluginManager:220 - loadIPPluginJar : add lorawan
2026-07-31 09:24:33,448 [INFO] IPUIPlugin:80 - create IPUIPlugin
2026-07-31 09:24:33,448 [INFO] PluginManager:220 - loadIPPluginJar : add ltdc
2026-07-31 09:24:33,455 [INFO] IPUIPlugin:80 - create IPUIPlugin
2026-07-31 09:24:33,455 [INFO] PluginManager:220 - loadIPPluginJar : add mdma
2026-07-31 09:24:33,459 [INFO] IPUIPlugin:80 - create IPUIPlugin
2026-07-31 09:24:33,459 [INFO] PluginManager:220 - loadIPPluginJar : add nvic
2026-07-31 09:24:33,463 [INFO] IPUIPlugin:80 - create IPUIPlugin
2026-07-31 09:24:33,463 [INFO] PluginManager:220 - loadIPPluginJar : add opamp
2026-07-31 09:24:33,467 [INFO] IPUIPlugin:80 - create IPUIPlugin
2026-07-31 09:24:33,467 [INFO] PluginManager:220 - loadIPPluginJar : add openamp
2026-07-31 09:24:33,471 [INFO] IPUIPlugin:80 - create IPUIPlugin
2026-07-31 09:24:33,471 [INFO] PluginManager:220 - loadIPPluginJar : add pdm2pcm
2026-07-31 09:24:33,478 [INFO] IPUIPlugin:80 - create IPUIPlugin
2026-07-31 09:24:33,482 [INFO] PluginManager:220 - loadIPPluginJar : add plateformsettings
2026-07-31 09:24:33,485 [INFO] IPUIPlugin:80 - create IPUIPlugin
2026-07-31 09:24:33,486 [INFO] PluginManager:220 - loadIPPluginJar : add quadspi
2026-07-31 09:24:33,488 [INFO] IPUIPlugin:80 - create IPUIPlugin
2026-07-31 09:24:33,489 [INFO] PluginManager:220 - loadIPPluginJar : add radio
2026-07-31 09:24:33,493 [INFO] IPUIPlugin:80 - create IPUIPlugin
2026-07-31 09:24:33,494 [INFO] PluginManager:220 - loadIPPluginJar : add resmgrutility
2026-07-31 09:24:33,501 [INFO] IPUIPlugin:80 - create IPUIPlugin
2026-07-31 09:24:33,501 [INFO] PluginManager:220 - loadIPPluginJar : add sai
2026-07-31 09:24:33,504 [INFO] IPUIPlugin:80 - create IPUIPlugin
2026-07-31 09:24:33,504 [INFO] PluginManager:220 - loadIPPluginJar : add spi
2026-07-31 09:24:33,513 [INFO] IPUIPlugin:80 - create IPUIPlugin
2026-07-31 09:24:33,513 [INFO] PluginManager:220 - loadIPPluginJar : add stm32_wpan
2026-07-31 09:24:33,515 [INFO] IPUIPlugin:80 - create IPUIPlugin
2026-07-31 09:24:33,515 [INFO] PluginManager:220 - loadIPPluginJar : add tim
2026-07-31 09:24:33,520 [INFO] IPUIPlugin:80 - create IPUIPlugin
2026-07-31 09:24:33,520 [INFO] PluginManager:220 - loadIPPluginJar : add touchsensing
2026-07-31 09:24:33,524 [INFO] IPUIPlugin:80 - create IPUIPlugin
2026-07-31 09:24:33,524 [INFO] PluginManager:220 - loadIPPluginJar : add tracer_emb
2026-07-31 09:24:33,527 [INFO] IPUIPlugin:80 - create IPUIPlugin
2026-07-31 09:24:33,527 [INFO] PluginManager:220 - loadIPPluginJar : add ts
2026-07-31 09:24:33,529 [INFO] IPUIPlugin:80 - create IPUIPlugin
2026-07-31 09:24:33,529 [INFO] PluginManager:220 - loadIPPluginJar : add tsc
2026-07-31 09:24:33,532 [INFO] IPUIPlugin:80 - create IPUIPlugin
2026-07-31 09:24:33,532 [INFO] PluginManager:220 - loadIPPluginJar : add ucpd
2026-07-31 09:24:33,535 [INFO] IPUIPlugin:80 - create IPUIPlugin
2026-07-31 09:24:33,535 [INFO] PluginManager:220 - loadIPPluginJar : add usart
2026-07-31 09:24:33,539 [INFO] IPUIPlugin:80 - create IPUIPlugin
2026-07-31 09:24:33,539 [INFO] PluginManager:220 - loadIPPluginJar : add usbx
2026-07-31 09:24:33,687 [FATAL] Updater:351 - Updater called before beeing initialized
2026-07-31 09:24:33,756 [INFO] RulesReader:64 - Compatibility file has been processed (317 Rules)
2026-07-31 09:24:33,770 [INFO] RulesReader:64 - Compatibility file has been processed (317 Rules)
2026-07-31 09:24:33,787 [INFO] CADModel:165 - CPN selected for project level
2026-07-31 09:24:33,788 [INFO] CADModel:114 - Register for checkConnection events
2026-07-31 09:24:33,788 [FATAL] Updater:351 - Updater called before beeing initialized
2026-07-31 09:24:33,788 [ERROR] CADModel:125 - Updater not yet initialized, retry later 
2026-07-31 09:24:34,002 [FATAL] Updater:351 - Updater called before beeing initialized
2026-07-31 09:24:34,004 [INFO] CADModel:165 - CPN selected for project level
2026-07-31 09:24:34,004 [INFO] CADModel:114 - Register for checkConnection events
2026-07-31 09:24:34,005 [FATAL] Updater:351 - Updater called before beeing initialized
2026-07-31 09:24:34,005 [ERROR] CADModel:125 - Updater not yet initialized, retry later 
2026-07-31 09:24:34,011 [FATAL] Updater:351 - Updater called before beeing initialized
2026-07-31 09:24:34,218 [FATAL] Updater:351 - Updater called before beeing initialized
2026-07-31 09:24:34,238 [INFO] DbMcusAds:53 - JSON generation date=Wed Jul 15 15:16:00 IST 2026 (1784108760991)
2026-07-31 09:24:34,238 [FATAL] Updater:351 - Updater called before beeing initialized
2026-07-31 09:24:34,300 [WARN] DetailPanel:346 - Failed to get advertising image, set to default
2026-07-31 09:24:34,431 [FATAL] Updater:351 - Updater called before beeing initialized
2026-07-31 09:24:34,433 [FATAL] Updater:351 - Updater called before beeing initialized
2026-07-31 09:24:34,433 [FATAL] Updater:351 - Updater called before beeing initialized
2026-07-31 09:24:34,434 [WARN] DetailPanel:346 - Failed to get advertising image, set to default
2026-07-31 09:24:34,435 [FATAL] Updater:351 - Updater called before beeing initialized
2026-07-31 09:24:34,488 [ERROR] Updater:1198 - MainUpdater not yet initialized. External WinMGr cannot be set.
2026-07-31 09:24:34,490 [INFO] Updater:1134 - Updater Version found : 6.15.0
2026-07-31 09:24:34,511 [INFO] ApplicationProperties:184 - Using Application install path: C:\ST\STM32CubeIDE_1.19.0\STM32CubeIDE\plugins\com.st.stm32cube.common.mx_6.15.0.202507011659
2026-07-31 09:24:35,627 [INFO] ThirdPartyUpdaterWithRetryManager:70 - Updater plugin not ready yet. [2/15]
2026-07-31 09:24:36,096 [ERROR] LogOutputStream:75 - [STDERR_REDIRECT] Jul 31, 2026 9:24:36 AM java.util.prefs.WindowsPreferences <init>
2026-07-31 09:24:36,100 [ERROR] LogOutputStream:75 - [STDERR_REDIRECT] WARNING: Could not open/create prefs root node Software\JavaSoft\Prefs at root 0xffffffff80000002. Windows RegCreateKeyEx(...) returned error code 5.
2026-07-31 09:24:36,100 [ERROR] LogOutputStream:75 - [STDERR_REDIRECT] 
2026-07-31 09:24:36,636 [INFO] MainUpdater:2872 - connection check result : 10
2026-07-31 09:24:36,637 [INFO] MainUpdater:289 - Updater Check For Update Now.
2026-07-31 09:24:36,637 [INFO] MicroXplorer:498 - Change Database Version : DB.6.0.150
2026-07-31 09:24:36,650 [INFO] McuFinderGlobals:63 - Set McuFinder mode to 2 (CubeIDE integrated)
2026-07-31 09:24:36,651 [INFO] UserAuth:171 - activating auth plugin
2026-07-31 09:24:36,657 [INFO] UserAuth:487 - Internet connection configuration mode: 1
2026-07-31 09:24:36,731 [INFO] JxBrowserEngine:152 - Initiate JxBrowser Engine with user profile folder
2026-07-31 09:24:36,886 [INFO] CheckServerUpdateThread:120 - End of CheckServer Thread
2026-07-31 09:24:37,568 [INFO] WebApp:169 - Instantiating new browser for Auth
2026-07-31 09:24:38,454 [INFO] WebApp:463 - Apply proxy settings
2026-07-31 09:24:38,455 [INFO] WebApp:548 - Chromium requires no authentication
2026-07-31 09:24:38,465 [INFO] WebApp:491 - Direct internet connection detected
2026-07-31 09:24:38,491 [INFO] WebApp:900 - Register for checkConnection events
2026-07-31 09:24:38,491 [INFO] WebApp:463 - Apply proxy settings
2026-07-31 09:24:38,491 [INFO] WebApp:548 - Chromium requires no authentication
2026-07-31 09:24:38,492 [INFO] WebApp:491 - Direct internet connection detected
2026-07-31 09:24:38,754 [INFO] WebApp:191 - Connection restablished
2026-07-31 09:24:38,820 [INFO] WebApp:225 - Starting web application
2026-07-31 09:24:38,820 [INFO] WebApp:593 - Web application path used C:\ST\STM32CubeIDE_1.19.0\STM32CubeIDE\plugins\com.st.stm32cube.common.mx_6.15.0.202507011659\db\plugins\mcufinder\reactClient1\index.html
2026-07-31 09:24:39,109 [WARN] PackLoader:240 - Cannot read IP mode file for STMicroelectronics.X-CUBE-AZRTOS-H7.3.5.0
2026-07-31 09:24:39,130 [WARN] PackLoader:240 - Cannot read IP mode file for STMicroelectronics.FP-ATR-ASTRA1.2.0.3
2026-07-31 09:24:39,164 [ERROR] Engine:466 - C:\Users\ADMIN\.stm32cubemx\thirdparties\pdsc\STMicroelectronics.X-CUBE-SMBUS.2.1.1.pdsc: PDSC version is not supported
2026-07-31 09:24:39,189 [WARN] PackLoader:240 - Cannot read IP mode file for STMicroelectronics.X-CUBE-AZRTOS-F7.1.1.0
2026-07-31 09:24:39,204 [WARN] PackLoader:240 - Cannot read IP mode file for STMicroelectronics.X-CUBE-FREERTOS.1.6.0
2026-07-31 09:24:39,212 [WARN] PackLoader:240 - Cannot read IP mode file for STMicroelectronics.FP-SNS-MOTENV1.5.1.0
2026-07-31 09:24:39,247 [WARN] PackLoader:240 - Cannot read IP mode file for STMicroelectronics.X-CUBE-AZRTOS-H7RS.1.3.0
2026-07-31 09:24:39,273 [WARN] PackLoader:240 - Cannot read IP mode file for WES.I-CUBE-Cesium.1.4.0
2026-07-31 09:24:39,284 [WARN] PackLoader:240 - Cannot read IP mode file for STMicroelectronics.X-CUBE-DISPLAY.3.0.0
2026-07-31 09:24:39,305 [WARN] PackLoader:240 - Cannot read IP mode file for STMicroelectronics.X-CUBE-GNSS1.7.1.1
2026-07-31 09:24:39,311 [WARN] PackLoader:240 - Cannot read IP mode file for STMicroelectronics.FP-SNS-MOTENVWB1.1.5.0
2026-07-31 09:24:39,319 [WARN] PackLoader:240 - Cannot read IP mode file for STMicroelectronics.X-CUBE-NFC10.1.0.0
2026-07-31 09:24:39,327 [WARN] PackLoader:240 - Cannot read IP mode file for STMicroelectronics.X-CUBE-ST60.1.1.0
2026-07-31 09:24:39,336 [WARN] PackLoader:240 - Cannot read IP mode file for emotas.I-CUBE-CANOPEN.1.3.0
2026-07-31 09:24:39,342 [WARN] PackLoader:240 - Cannot read IP mode file for wolfSSL.I-CUBE-wolfSSL.5.9.2
2026-07-31 09:24:39,345 [ERROR] Engine:466 - C:\Users\ADMIN\.stm32cubemx\thirdparties\pdsc\STMicroelectronics.X-CUBE-WBA.1.1.0.pdsc: PDSC version is not supported
2026-07-31 09:24:39,353 [WARN] PackLoader:240 - Cannot read IP mode file for STMicroelectronics.FP-SNS-STBOX1.2.1.0
2026-07-31 09:24:39,361 [WARN] PackLoader:240 - Cannot read IP mode file for STMicroelectronics.FP-SNS-SMARTAG2.1.2.0
2026-07-31 09:24:39,366 [WARN] PackLoader:240 - Cannot read IP mode file for STMicroelectronics.FP-SNS-FLIGHT1.5.1.0
2026-07-31 09:24:39,378 [INFO] LogOutputStream:77 - [STDOUT_REDIRECT] 1 : Invalid condition id : UX_CORESTACK_Condition cause : null
2026-07-31 09:24:39,380 [INFO] LogOutputStream:77 - [STDOUT_REDIRECT] 1 : Invalid condition id : UX_CORESTACK_Condition cause : null
2026-07-31 09:24:39,382 [INFO] LogOutputStream:77 - [STDOUT_REDIRECT] 1 : Invalid condition id : UX_CORESTACK_Condition cause : null
2026-07-31 09:24:39,384 [INFO] LogOutputStream:77 - [STDOUT_REDIRECT] 1 : Invalid condition id : UX_CORESTACK_Condition cause : null
2026-07-31 09:24:39,387 [INFO] LogOutputStream:77 - [STDOUT_REDIRECT] 1 : Invalid condition id : UX_CORESTACK_Condition cause : null
2026-07-31 09:24:39,390 [WARN] PackLoader:240 - Cannot read IP mode file for STMicroelectronics.X-CUBE-AZRTOS-WL.2.0.0
2026-07-31 09:24:39,398 [WARN] PackLoader:240 - Cannot read IP mode file for STMicroelectronics.X-CUBE-BLE2.3.3.0
2026-07-31 09:24:39,453 [WARN] PackLoader:240 - Cannot read IP mode file for Infineon.AIROC-Wi-Fi-Bluetooth-STM32.1.8.0
2026-07-31 09:24:39,465 [WARN] PackLoader:240 - Cannot read IP mode file for STMicroelectronics.X-CUBE-NFC9.1.0.0
2026-07-31 09:24:39,472 [WARN] PackLoader:240 - Cannot read IP mode file for STMicroelectronics.X-CUBE-BLE1.7.1.0
2026-07-31 09:24:39,477 [WARN] PackLoader:240 - Cannot read IP mode file for wolfSSL.I-CUBE-wolfMQTT.1.19.2
2026-07-31 09:24:39,486 [WARN] PackLoader:240 - Cannot read IP mode file for STMicroelectronics.X-CUBE-EEPRMA1.5.2.0
2026-07-31 09:24:39,496 [WARN] PackLoader:240 - Cannot read IP mode file for STMicroelectronics.FP-SNS-STAIOTCFT.1.1.0
2026-07-31 09:24:39,512 [WARN] PackLoader:240 - Cannot read IP mode file for STMicroelectronics.X-CUBE-AZRTOS-G0.1.1.0
2026-07-31 09:24:39,520 [WARN] PackLoader:240 - Cannot read IP mode file for STMicroelectronics.X-CUBE-NFC4.3.0.0
2026-07-31 09:24:39,531 [WARN] PackLoader:240 - Cannot read IP mode file for EmbeddedOffice.I-CUBE-FS-RTOS.1.0.1
2026-07-31 09:24:39,540 [WARN] PackLoader:240 - Cannot read IP mode file for wolfSSL.I-CUBE-wolfTPM.3.8.0
2026-07-31 09:24:39,548 [WARN] PackLoader:240 - Cannot read IP mode file for STMicroelectronics.X-CUBE-TCPP.4.2.0
2026-07-31 09:24:39,557 [WARN] PackLoader:240 - Cannot read IP mode file for RealThread.X-CUBE-RT-Thread_Nano.4.1.1
2026-07-31 09:24:39,562 [WARN] PackLoader:240 - Cannot read IP mode file for STMicroelectronics.FP-ATR-SIGFOX1.3.2.0
2026-07-31 09:24:39,570 [WARN] PackLoader:240 - Cannot read IP mode file for ITTIA_DB.I-CUBE-ITTIADB.8.9.0
2026-07-31 09:24:39,576 [WARN] PackLoader:240 - Cannot read IP mode file for Cesanta.I-CUBE-Mongoose.7.21.7
2026-07-31 09:24:39,586 [WARN] PackLoader:240 - Cannot read IP mode file for STMicroelectronics.X-CUBE-NFC6.3.2.0
2026-07-31 09:24:39,598 [WARN] PackLoader:240 - Cannot read IP mode file for STMicroelectronics.X-CUBE-AI.10.2.1
2026-07-31 09:24:39,787 [WARN] PackLoader:240 - Cannot read IP mode file for STMicroelectronics.X-CUBE-MEMS1.12.1.0
2026-07-31 09:24:39,983 [WARN] PackLoader:240 - Cannot read IP mode file for SEGGER.I-CUBE-embOS.1.3.1
2026-07-31 09:24:40,039 [WARN] PackLoader:240 - Cannot read IP mode file for STMicroelectronics.X-CUBE-NFC13.1.0.0
2026-07-31 09:24:40,052 [WARN] PackLoader:240 - Cannot read IP mode file for STMicroelectronics.X-CUBE-PM33A1.1.0.0
2026-07-31 09:24:40,074 [WARN] PackLoader:240 - Cannot read IP mode file for STMicroelectronics.X-CUBE-AZRTOS-F4.1.1.0
2026-07-31 09:24:40,082 [WARN] PackLoader:240 - Cannot read IP mode file for STMicroelectronics.X-CUBE-ISPU.2.1.0
2026-07-31 09:24:40,101 [WARN] PackLoader:240 - Cannot read IP mode file for STMicroelectronics.X-CUBE-IPS.3.2.0
2026-07-31 09:24:40,114 [WARN] PackLoader:240 - Cannot read IP mode file for STMicroelectronics.eDS-WB_DPC_TT-BIDIR.2.1.1
2026-07-31 09:24:40,120 [WARN] PackLoader:240 - Cannot read IP mode file for STMicroelectronics.X-CUBE-NFC12.1.0.0
2026-07-31 09:24:40,140 [WARN] PackLoader:240 - Cannot read IP mode file for STMicroelectronics.X-CUBE-AZRTOS-L5.2.0.0
2026-07-31 09:24:40,152 [WARN] PackLoader:240 - Cannot read IP mode file for STMicroelectronics.X-CUBE-ALGOBUILD.1.5.0
2026-07-31 09:24:40,157 [WARN] PackLoader:240 - Cannot read IP mode file for STMicroelectronics.eDS-WB_DPC_VIENNA.1.2.0
2026-07-31 09:24:40,161 [WARN] PackLoader:240 - Cannot read IP mode file for STMicroelectronics.eDS-WB_DPC_3PH2L-BIDIR.1.1.1
2026-07-31 09:24:40,165 [ERROR] Engine:466 - C:\Users\ADMIN\.stm32cubemx\thirdparties\pdsc\STMicroelectronics.X-CUBE-ST67W61.1.3.0.pdsc: PDSC version is not supported
2026-07-31 09:24:40,177 [WARN] PackLoader:240 - Cannot read IP mode file for STMicroelectronics.X-CUBE-TOUCHGFX.4.26.1
2026-07-31 09:24:40,185 [WARN] PackLoader:240 - Cannot read IP mode file for STMicroelectronics.X-CUBE-DPower.1.3.0
2026-07-31 09:24:40,206 [WARN] ConditionMgr:438 - getConditionDescription Invalid condition id : LAN8742 Phy interface Condition cause : null
2026-07-31 09:24:40,207 [WARN] PackLoader:240 - Cannot read IP mode file for STMicroelectronics.X-CUBE-AZRTOS-L4.2.0.0
2026-07-31 09:24:40,208 [WARN] ConditionMgr:1044 - genDependencies : Invalid condition id : LAN8742 Phy interface Condition cause : null
2026-07-31 09:24:40,209 [WARN] ConditionMgr:1044 - genDependencies : Invalid condition id : LAN8742 Phy interface Condition cause : null
2026-07-31 09:24:40,209 [WARN] ConditionMgr:1044 - genDependencies : Invalid condition id : LAN8742 Phy interface Condition cause : null
2026-07-31 09:24:40,220 [WARN] PackLoader:240 - Cannot read IP mode file for STMicroelectronics.X-CUBE-SFXS2LP1.4.0.0
2026-07-31 09:24:40,229 [WARN] PackLoader:240 - Cannot read IP mode file for STMicroelectronics.X-CUBE-WB05N.2.1.0
2026-07-31 09:24:40,243 [WARN] ConditionMgr:438 - getConditionDescription Invalid condition id : UX DEVICE CLASS RTOS Condition cause : null
2026-07-31 09:24:40,243 [WARN] ConditionMgr:438 - getConditionDescription Invalid condition id : UX DEVICE CLASS RTOS Condition cause : null
2026-07-31 09:24:40,246 [WARN] PackLoader:240 - Cannot read IP mode file for STMicroelectronics.X-CUBE-AZRTOS-WB.2.0.0
2026-07-31 09:24:40,246 [WARN] ConditionMgr:1044 - genDependencies : Invalid condition id : UX DEVICE CLASS RTOS Condition cause : null
2026-07-31 09:24:40,247 [WARN] ConditionMgr:1044 - genDependencies : Invalid condition id : UX DEVICE CLASS RTOS Condition cause : null
2026-07-31 09:24:40,247 [WARN] ConditionMgr:1044 - genDependencies : Invalid condition id : UX DEVICE CLASS RTOS Condition cause : null
2026-07-31 09:24:40,247 [WARN] ConditionMgr:1044 - genDependencies : Invalid condition id : UX DEVICE CLASS RTOS Condition cause : null
2026-07-31 09:24:40,247 [WARN] ConditionMgr:1044 - genDependencies : Invalid condition id : UX DEVICE CLASS RTOS Condition cause : null
2026-07-31 09:24:40,254 [WARN] ConditionMgr:438 - getConditionDescription Invalid condition id : Cortex-A Device cause : null
2026-07-31 09:24:40,266 [WARN] ConditionMgr:1044 - genDependencies : Invalid condition id : Cortex-A Device cause : null
2026-07-31 09:24:40,266 [WARN] ConditionMgr:1044 - genDependencies : Invalid condition id : Cortex-A Device cause : null
2026-07-31 09:24:40,267 [WARN] ConditionMgr:1044 - genDependencies : Invalid condition id : Cortex-A Device cause : null
2026-07-31 09:24:40,275 [WARN] PackLoader:240 - Cannot read IP mode file for STMicroelectronics.X-CUBE-STSE01.2.0.0
2026-07-31 09:24:40,287 [WARN] PackLoader:240 - Cannot read IP mode file for STMicroelectronics.X-CUBE-SUBG2.5.0.0
2026-07-31 09:24:40,304 [WARN] PackLoader:240 - Cannot read IP mode file for STMicroelectronics.X-CUBE-AZRTOS-G4.2.0.0
2026-07-31 09:24:40,310 [WARN] PackLoader:240 - Cannot read IP mode file for wolfSSL.I-CUBE-wolfSSH.1.4.20
2026-07-31 09:24:40,316 [WARN] PackLoader:240 - Cannot read IP mode file for STMicroelectronics.X-CUBE-NFC7.2.0.0
2026-07-31 09:24:40,322 [ERROR] Engine:466 - C:\Users\ADMIN\.stm32cubemx\thirdparties\pdsc\STMicroelectronics.X-CUBE-BLEMGR.4.2.0.pdsc: PDSC version is not supported
2026-07-31 09:24:40,326 [WARN] PackLoader:240 - Cannot read IP mode file for STMicroelectronics.X-CUBE-ALS.1.0.2
2026-07-31 09:24:40,337 [WARN] PackLoader:240 - Cannot read IP mode file for STMicroelectronics.X-CUBE-TOF1.3.4.3
2026-07-31 09:24:40,347 [INFO] ThirdParty:978 - Integrity check success = true
2026-07-31 09:24:40,347 [INFO] IntegrityCheckThread:100 - exiting critical section [integrity check]
2026-07-31 09:24:40,347 [INFO] IntegrityCheckThread:103 - End integrity checks thread
2026-07-31 09:37:28,771 [ERROR] LogOutputStream:75 - [STDERR_REDIRECT] 
2026-07-31 09:37:28,775 [ERROR] LogOutputStream:75 - [STDERR_REDIRECT] 
2026-07-31 09:37:49,793 [INFO] Activator:176 - 


2026-07-31 09:37:49,795 [INFO] Activator:177 - !SESSION log4j initialized
2026-07-31 09:37:55,645 [INFO] LogOutputStream:77 - [STDOUT_REDIRECT] 
2026-07-31 09:38:02,120 [INFO] ApplicationProperties:184 - Using Application install path: C:\ST\STM32CubeIDE_1.19.0\STM32CubeIDE\plugins\com.st.stm32cube.common.mx_6.15.0.202507011659
2026-07-31 09:38:02,154 [INFO] DbMcusXml:78 - Set database path to: C:\ST\STM32CubeIDE_1.19.0\STM32CubeIDE\plugins\com.st.stm32cube.common.mx_6.15.0.202507011659\\db\/mcu/
2026-07-31 09:38:02,154 [INFO] ApiDb:274 - Set plugin database path to: C:\ST\STM32CubeIDE_1.19.0\STM32CubeIDE\plugins\com.st.stm32cube.common.mx_6.15.0.202507011659\\db\/plugins/boardmanager/
2026-07-31 09:38:02,155 [WARN] ApiDb:259 - Overriding images path with different value:  => C:\ST\STM32CubeIDE_1.19.0\STM32CubeIDE\plugins\com.st.stm32cube.common.mx_6.15.0.202507011659\\db\/plugins/mcufinder/images/
2026-07-31 09:38:02,161 [INFO] ApiDb:250 - Set database path to: C:\Users\ADMIN\.stmcufinder\plugins\mcufinder//mcu/
2026-07-31 09:38:02,164 [INFO] DbMcusAds:125 - Set database path to: C:\Users\ADMIN\.stmcufinder\plugins\mcufinder//mcu/
2026-07-31 09:38:02,167 [INFO] CrossReferenceDbSqlite:203 - Set database path to: C:\Users\ADMIN\.stmcufinder\plugins\mcufinder//mcu/cs/
2026-07-31 09:38:02,319 [INFO] RulesReader:64 - Compatibility file has been processed (317 Rules)
2026-07-31 09:38:02,462 [INFO] DbMcusXml:78 - Set database path to: C:\ST\STM32CubeIDE_1.19.0\STM32CubeIDE\plugins\com.st.stm32cube.common.mx_6.15.0.202507011659\\db\/mcu/
2026-07-31 09:38:02,462 [INFO] ApiDb:274 - Set plugin database path to: C:\ST\STM32CubeIDE_1.19.0\STM32CubeIDE\plugins\com.st.stm32cube.common.mx_6.15.0.202507011659\\db\/plugins/boardmanager/
2026-07-31 09:38:02,463 [INFO] ApiDb:261 - Set plugin images path to: C:\ST\STM32CubeIDE_1.19.0\STM32CubeIDE\plugins\com.st.stm32cube.common.mx_6.15.0.202507011659\\db\/plugins/mcufinder/images/
2026-07-31 09:38:02,463 [WARN] DbFile:41 - Overriding database path with different value: C:\Users\ADMIN\.stmcufinder\plugins\mcufinder/ => C:\Users\ADMIN\.stmcufinder\plugins\mcufinder
2026-07-31 09:38:02,463 [INFO] ApiDb:250 - Set database path to: C:\Users\ADMIN\.stmcufinder\plugins\mcufinder//mcu/
2026-07-31 09:38:02,463 [WARN] DbFile:41 - Overriding database path with different value: C:\Users\ADMIN\.stmcufinder\plugins\mcufinder/ => C:\Users\ADMIN\.stmcufinder\plugins\mcufinder
2026-07-31 09:38:02,463 [INFO] DbMcusAds:125 - Set database path to: C:\Users\ADMIN\.stmcufinder\plugins\mcufinder//mcu/
2026-07-31 09:38:02,463 [WARN] DbFile:41 - Overriding database path with different value: C:\Users\ADMIN\.stmcufinder\plugins\mcufinder/ => C:\Users\ADMIN\.stmcufinder\plugins\mcufinder
2026-07-31 09:38:02,464 [WARN] DbFile:41 - Overriding database path with different value: C:\Users\ADMIN\.stmcufinder\plugins\mcufinder/ => C:\Users\ADMIN\.stmcufinder\plugins\mcufinder
2026-07-31 09:38:02,464 [INFO] CrossReferenceDbSqlite:203 - Set database path to: C:\Users\ADMIN\.stmcufinder\plugins\mcufinder//mcu/cs/
2026-07-31 09:38:02,561 [INFO] MainPanel:274 - HeapMemory: 268435456
2026-07-31 09:38:02,733 [INFO] DbMcusXml:78 - Set database path to: C:\ST\STM32CubeIDE_1.19.0\STM32CubeIDE\plugins\com.st.stm32cube.common.mx_6.15.0.202507011659\\db\/mcu/
2026-07-31 09:38:02,733 [INFO] ApiDb:274 - Set plugin database path to: C:\ST\STM32CubeIDE_1.19.0\STM32CubeIDE\plugins\com.st.stm32cube.common.mx_6.15.0.202507011659\\db\/plugins/boardmanager/
2026-07-31 09:38:02,734 [INFO] ApiDb:261 - Set plugin images path to: C:\ST\STM32CubeIDE_1.19.0\STM32CubeIDE\plugins\com.st.stm32cube.common.mx_6.15.0.202507011659\\db\/plugins/mcufinder/images/
2026-07-31 09:38:02,734 [WARN] DbFile:41 - Overriding database path with different value: C:\Users\ADMIN\.stmcufinder\plugins\mcufinder/ => C:\Users\ADMIN\.stmcufinder\plugins\mcufinder
2026-07-31 09:38:02,734 [INFO] ApiDb:250 - Set database path to: C:\Users\ADMIN\.stmcufinder\plugins\mcufinder//mcu/
2026-07-31 09:38:02,735 [WARN] DbFile:41 - Overriding database path with different value: C:\Users\ADMIN\.stmcufinder\plugins\mcufinder/ => C:\Users\ADMIN\.stmcufinder\plugins\mcufinder
2026-07-31 09:38:02,735 [INFO] DbMcusAds:125 - Set database path to: C:\Users\ADMIN\.stmcufinder\plugins\mcufinder//mcu/
2026-07-31 09:38:02,735 [WARN] DbFile:41 - Overriding database path with different value: C:\Users\ADMIN\.stmcufinder\plugins\mcufinder/ => C:\Users\ADMIN\.stmcufinder\plugins\mcufinder
2026-07-31 09:38:02,735 [WARN] DbFile:41 - Overriding database path with different value: C:\Users\ADMIN\.stmcufinder\plugins\mcufinder/ => C:\Users\ADMIN\.stmcufinder\plugins\mcufinder
2026-07-31 09:38:02,735 [INFO] CrossReferenceDbSqlite:203 - Set database path to: C:\Users\ADMIN\.stmcufinder\plugins\mcufinder//mcu/cs/
2026-07-31 09:38:02,761 [INFO] ApplicationProperties:184 - Using Application install path: C:\ST\STM32CubeIDE_1.19.0\STM32CubeIDE\plugins\com.st.stm32cube.common.mx_6.15.0.202507011659
2026-07-31 09:38:02,763 [INFO] PluginManage:196 - Search for loadable plugins [exclusion list=, ]
2026-07-31 09:38:02,765 [INFO] PluginManage:310 - Check plugin analytics
2026-07-31 09:38:08,053 [INFO] AnalyticsPlugin:253 - Accepted Software Licenses: 
2026-07-31 09:38:08,053 [INFO] AnalyticsPlugin:255 - Accepted CMSIS Pack Licenses: STMicroelectronics.X-CUBE-AI.10.2.1
2026-07-31 09:38:08,053 [INFO] AnalyticsPlugin:257 - Accepted Firmware Licenses: FW.L4.1.18.0
2026-07-31 09:38:08,059 [INFO] PluginManage:359 - Loaded plugin analytics (category:tool,tabindex:-1)
2026-07-31 09:38:08,069 [INFO] PluginManage:310 - Check plugin cadmodel
2026-07-31 09:38:08,074 [INFO] CADModel:105 - Init CAD model plugin
2026-07-31 09:38:08,074 [INFO] PluginManage:359 - Loaded plugin cadmodel (category:power,tabindex:5)
2026-07-31 09:38:08,074 [INFO] PluginManage:310 - Check plugin clock
2026-07-31 09:38:08,085 [INFO] PluginManage:359 - Loaded plugin clock (category:base,tabindex:2)
2026-07-31 09:38:08,085 [INFO] PluginManage:310 - Check plugin ddr
2026-07-31 09:38:08,087 [INFO] PluginManage:359 - Loaded plugin ddr (category:tool,tabindex:6)
2026-07-31 09:38:08,087 [INFO] PluginManage:310 - Check plugin filemanager
2026-07-31 09:38:08,282 [INFO] PluginManage:359 - Loaded plugin filemanager (category:base,tabindex:10)
2026-07-31 09:38:08,282 [INFO] PluginManage:310 - Check plugin ipmanager
2026-07-31 09:38:08,291 [INFO] PluginManage:359 - Loaded plugin ipmanager (category:base,tabindex:5)
2026-07-31 09:38:08,291 [INFO] PluginManage:310 - Check plugin lpbam
2026-07-31 09:38:08,302 [INFO] PluginManage:359 - Loaded plugin lpbam (category:base,tabindex:0)
2026-07-31 09:38:08,302 [INFO] PluginManage:310 - Check plugin memorymap
2026-07-31 09:38:08,317 [INFO] PluginManage:359 - Loaded plugin memorymap (category:base,tabindex:4)
2026-07-31 09:38:08,317 [INFO] PluginManage:310 - Check plugin pinoutandconfiguration
2026-07-31 09:38:08,326 [INFO] PluginManage:359 - Loaded plugin pinoutandconfiguration (category:base,tabindex:1)
2026-07-31 09:38:08,326 [INFO] PluginManage:310 - Check plugin pinoutconfig
2026-07-31 09:38:08,460 [WARN] SupportedApi:132 - Cannot load RTOS API schema: s4s-elt-must-match.1: The content of 'definitions' must match (annotation?, (simpleType | complexType)?, (unique | key | keyref)*)). A problem was found starting at: attribute.
2026-07-31 09:38:08,628 [INFO] PluginManage:359 - Loaded plugin pinoutconfig (category:base,tabindex:0)
2026-07-31 09:38:08,628 [INFO] PluginManage:310 - Check plugin power
2026-07-31 09:38:08,639 [INFO] PluginManage:359 - Loaded plugin power (category:power,tabindex:4)
2026-07-31 09:38:08,640 [INFO] PluginManage:310 - Check plugin projectmanager
2026-07-31 09:38:08,662 [INFO] PluginManage:359 - Loaded plugin projectmanager (category:projectmanager,tabindex:4)
2026-07-31 09:38:08,662 [INFO] PluginManage:310 - Check plugin rif
2026-07-31 09:38:08,674 [INFO] PluginManage:359 - Loaded plugin rif (category:base,tabindex:3)
2026-07-31 09:38:08,675 [INFO] PluginManage:310 - Check plugin thirdparty
2026-07-31 09:38:08,851 [WARN] IntegrityCheckThread:84 - waiting for thirdparty lock release [integrity check]
2026-07-31 09:38:08,852 [INFO] IntegrityCheckThread:86 - entering critical section [integrity check]
2026-07-31 09:38:08,852 [INFO] ThirdPartyUpdaterWithRetryManager:70 - Updater plugin not ready yet. [1/15]
2026-07-31 09:38:08,853 [INFO] PluginManage:359 - Loaded plugin thirdparty (category:base,tabindex:-1)
2026-07-31 09:38:08,853 [INFO] PluginManage:310 - Check plugin tools
2026-07-31 09:38:08,857 [INFO] PluginManage:359 - Loaded plugin tools (category:base,tabindex:7)
2026-07-31 09:38:08,858 [INFO] PluginManage:310 - Check plugin tutovideos
2026-07-31 09:38:09,129 [INFO] PluginManage:359 - Loaded plugin tutovideos (category:base,tabindex:-1)
2026-07-31 09:38:09,129 [INFO] PluginManage:310 - Check plugin updater
2026-07-31 09:38:09,158 [INFO] PluginManage:359 - Loaded plugin updater (category:base,tabindex:12)
2026-07-31 09:38:09,158 [INFO] PluginManage:310 - Check plugin userauth
2026-07-31 09:38:09,162 [INFO] UserAuth:118 - Init User Auth plugin
2026-07-31 09:38:09,163 [INFO] PluginManage:359 - Loaded plugin userauth (category:base,tabindex:14)
2026-07-31 09:38:09,164 [INFO] PluginManage:283 - PluginManage : Loaded plugins [18]
2026-07-31 09:38:09,449 [INFO] PinOutPanel:1589 - setPackage(No Configuration,No Configuration)
2026-07-31 09:38:09,565 [INFO] CADModel:165 - CPN selected for project level
2026-07-31 09:38:09,565 [INFO] CADModel:114 - Register for checkConnection events
2026-07-31 09:38:09,586 [INFO] IPUIPlugin:80 - create IPUIPlugin
2026-07-31 09:38:09,586 [INFO] PluginManager:220 - loadIPPluginJar : add adc
2026-07-31 09:38:09,589 [INFO] IPUIPlugin:80 - create IPUIPlugin
2026-07-31 09:38:09,589 [INFO] PluginManager:220 - loadIPPluginJar : add aes
2026-07-31 09:38:09,592 [INFO] IPUIPlugin:80 - create IPUIPlugin
2026-07-31 09:38:09,592 [INFO] PluginManager:220 - loadIPPluginJar : add can
2026-07-31 09:38:09,594 [INFO] IPUIPlugin:80 - create IPUIPlugin
2026-07-31 09:38:09,594 [INFO] PluginManager:220 - loadIPPluginJar : add comp
2026-07-31 09:38:09,597 [INFO] IPUIPlugin:80 - create IPUIPlugin
2026-07-31 09:38:09,597 [INFO] PluginManager:220 - loadIPPluginJar : add cryp
2026-07-31 09:38:09,600 [INFO] IPUIPlugin:80 - create IPUIPlugin
2026-07-31 09:38:09,600 [INFO] PluginManager:220 - loadIPPluginJar : add ddr_ctrl_phy
2026-07-31 09:38:09,603 [INFO] IPUIPlugin:80 - create IPUIPlugin
2026-07-31 09:38:09,603 [INFO] PluginManager:220 - loadIPPluginJar : add dfsdm
2026-07-31 09:38:09,610 [INFO] IPUIPlugin:80 - create IPUIPlugin
2026-07-31 09:38:09,610 [INFO] PluginManager:220 - loadIPPluginJar : add dma
2026-07-31 09:38:09,613 [INFO] IPUIPlugin:80 - create IPUIPlugin
2026-07-31 09:38:09,613 [INFO] PluginManager:220 - loadIPPluginJar : add dma3
2026-07-31 09:38:09,616 [INFO] IPUIPlugin:80 - create IPUIPlugin
2026-07-31 09:38:09,616 [INFO] PluginManager:220 - loadIPPluginJar : add extmemmanager
2026-07-31 09:38:09,618 [INFO] IPUIPlugin:80 - create IPUIPlugin
2026-07-31 09:38:09,618 [INFO] PluginManager:220 - loadIPPluginJar : add fatfs
2026-07-31 09:38:09,623 [INFO] IPUIPlugin:80 - create IPUIPlugin
2026-07-31 09:38:09,623 [INFO] PluginManager:220 - loadIPPluginJar : add fmc
2026-07-31 09:38:09,629 [INFO] IPUIPlugin:80 - create IPUIPlugin
2026-07-31 09:38:09,630 [INFO] PluginManager:220 - loadIPPluginJar : add freertos
2026-07-31 09:38:09,631 [INFO] IPUIPlugin:80 - create IPUIPlugin
2026-07-31 09:38:09,632 [INFO] PluginManager:220 - loadIPPluginJar : add genericplugin
2026-07-31 09:38:09,634 [INFO] IPUIPlugin:80 - create IPUIPlugin
2026-07-31 09:38:09,634 [INFO] PluginManager:220 - loadIPPluginJar : add gfxmmu
2026-07-31 09:38:09,640 [INFO] IPUIPlugin:80 - create IPUIPlugin
2026-07-31 09:38:09,640 [INFO] PluginManager:220 - loadIPPluginJar : add gic
2026-07-31 09:38:09,645 [INFO] IPUIPlugin:80 - create IPUIPlugin
2026-07-31 09:38:09,645 [INFO] PluginManager:220 - loadIPPluginJar : add gpio
2026-07-31 09:38:09,648 [INFO] IPUIPlugin:80 - create IPUIPlugin
2026-07-31 09:38:09,648 [INFO] PluginManager:220 - loadIPPluginJar : add gtzc
2026-07-31 09:38:09,652 [INFO] IPUIPlugin:80 - create IPUIPlugin
2026-07-31 09:38:09,652 [INFO] PluginManager:220 - loadIPPluginJar : add hash
2026-07-31 09:38:09,655 [INFO] IPUIPlugin:80 - create IPUIPlugin
2026-07-31 09:38:09,655 [INFO] PluginManager:220 - loadIPPluginJar : add i2c
2026-07-31 09:38:09,657 [INFO] IPUIPlugin:80 - create IPUIPlugin
2026-07-31 09:38:09,658 [INFO] PluginManager:220 - loadIPPluginJar : add i2s
2026-07-31 09:38:09,661 [INFO] IPUIPlugin:80 - create IPUIPlugin
2026-07-31 09:38:09,661 [INFO] PluginManager:220 - loadIPPluginJar : add i3c
2026-07-31 09:38:09,665 [INFO] IPUIPlugin:80 - create IPUIPlugin
2026-07-31 09:38:09,666 [INFO] PluginManager:220 - loadIPPluginJar : add ipddr
2026-07-31 09:38:09,675 [INFO] IPUIPlugin:80 - create IPUIPlugin
2026-07-31 09:38:09,675 [INFO] PluginManager:220 - loadIPPluginJar : add linkedlist
2026-07-31 09:38:09,680 [INFO] IPUIPlugin:80 - create IPUIPlugin
2026-07-31 09:38:09,680 [INFO] PluginManager:220 - loadIPPluginJar : add lorawan
2026-07-31 09:38:09,681 [INFO] IPUIPlugin:80 - create IPUIPlugin
2026-07-31 09:38:09,682 [INFO] PluginManager:220 - loadIPPluginJar : add ltdc
2026-07-31 09:38:09,688 [INFO] IPUIPlugin:80 - create IPUIPlugin
2026-07-31 09:38:09,688 [INFO] PluginManager:220 - loadIPPluginJar : add mdma
2026-07-31 09:38:09,693 [INFO] IPUIPlugin:80 - create IPUIPlugin
2026-07-31 09:38:09,693 [INFO] PluginManager:220 - loadIPPluginJar : add nvic
2026-07-31 09:38:09,696 [INFO] IPUIPlugin:80 - create IPUIPlugin
2026-07-31 09:38:09,696 [INFO] PluginManager:220 - loadIPPluginJar : add opamp
2026-07-31 09:38:09,700 [INFO] IPUIPlugin:80 - create IPUIPlugin
2026-07-31 09:38:09,700 [INFO] PluginManager:220 - loadIPPluginJar : add openamp
2026-07-31 09:38:09,704 [INFO] IPUIPlugin:80 - create IPUIPlugin
2026-07-31 09:38:09,704 [INFO] PluginManager:220 - loadIPPluginJar : add pdm2pcm
2026-07-31 09:38:09,711 [INFO] IPUIPlugin:80 - create IPUIPlugin
2026-07-31 09:38:09,715 [INFO] PluginManager:220 - loadIPPluginJar : add plateformsettings
2026-07-31 09:38:09,717 [INFO] IPUIPlugin:80 - create IPUIPlugin
2026-07-31 09:38:09,717 [INFO] PluginManager:220 - loadIPPluginJar : add quadspi
2026-07-31 09:38:09,719 [INFO] IPUIPlugin:80 - create IPUIPlugin
2026-07-31 09:38:09,721 [INFO] PluginManager:220 - loadIPPluginJar : add radio
2026-07-31 09:38:09,725 [INFO] IPUIPlugin:80 - create IPUIPlugin
2026-07-31 09:38:09,725 [INFO] PluginManager:220 - loadIPPluginJar : add resmgrutility
2026-07-31 09:38:09,729 [INFO] IPUIPlugin:80 - create IPUIPlugin
2026-07-31 09:38:09,729 [INFO] PluginManager:220 - loadIPPluginJar : add sai
2026-07-31 09:38:09,731 [INFO] IPUIPlugin:80 - create IPUIPlugin
2026-07-31 09:38:09,731 [INFO] PluginManager:220 - loadIPPluginJar : add spi
2026-07-31 09:38:09,739 [INFO] IPUIPlugin:80 - create IPUIPlugin
2026-07-31 09:38:09,739 [INFO] PluginManager:220 - loadIPPluginJar : add stm32_wpan
2026-07-31 09:38:09,741 [INFO] IPUIPlugin:80 - create IPUIPlugin
2026-07-31 09:38:09,741 [INFO] PluginManager:220 - loadIPPluginJar : add tim
2026-07-31 09:38:09,745 [INFO] IPUIPlugin:80 - create IPUIPlugin
2026-07-31 09:38:09,745 [INFO] PluginManager:220 - loadIPPluginJar : add touchsensing
2026-07-31 09:38:09,748 [INFO] IPUIPlugin:80 - create IPUIPlugin
2026-07-31 09:38:09,748 [INFO] PluginManager:220 - loadIPPluginJar : add tracer_emb
2026-07-31 09:38:09,750 [INFO] IPUIPlugin:80 - create IPUIPlugin
2026-07-31 09:38:09,750 [INFO] PluginManager:220 - loadIPPluginJar : add ts
2026-07-31 09:38:09,752 [INFO] IPUIPlugin:80 - create IPUIPlugin
2026-07-31 09:38:09,752 [INFO] PluginManager:220 - loadIPPluginJar : add tsc
2026-07-31 09:38:09,754 [INFO] IPUIPlugin:80 - create IPUIPlugin
2026-07-31 09:38:09,754 [INFO] PluginManager:220 - loadIPPluginJar : add ucpd
2026-07-31 09:38:09,757 [INFO] IPUIPlugin:80 - create IPUIPlugin
2026-07-31 09:38:09,757 [INFO] PluginManager:220 - loadIPPluginJar : add usart
2026-07-31 09:38:09,760 [INFO] IPUIPlugin:80 - create IPUIPlugin
2026-07-31 09:38:09,760 [INFO] PluginManager:220 - loadIPPluginJar : add usbx
2026-07-31 09:38:09,903 [FATAL] Updater:351 - Updater called before beeing initialized
2026-07-31 09:38:09,961 [INFO] RulesReader:64 - Compatibility file has been processed (317 Rules)
2026-07-31 09:38:09,981 [INFO] RulesReader:64 - Compatibility file has been processed (317 Rules)
2026-07-31 09:38:09,999 [INFO] CADModel:165 - CPN selected for project level
2026-07-31 09:38:09,999 [INFO] CADModel:114 - Register for checkConnection events
2026-07-31 09:38:10,000 [FATAL] Updater:351 - Updater called before beeing initialized
2026-07-31 09:38:10,000 [ERROR] CADModel:125 - Updater not yet initialized, retry later 
2026-07-31 09:38:10,199 [FATAL] Updater:351 - Updater called before beeing initialized
2026-07-31 09:38:10,201 [INFO] CADModel:165 - CPN selected for project level
2026-07-31 09:38:10,202 [INFO] CADModel:114 - Register for checkConnection events
2026-07-31 09:38:10,202 [FATAL] Updater:351 - Updater called before beeing initialized
2026-07-31 09:38:10,202 [ERROR] CADModel:125 - Updater not yet initialized, retry later 
2026-07-31 09:38:10,205 [FATAL] Updater:351 - Updater called before beeing initialized
2026-07-31 09:38:10,387 [FATAL] Updater:351 - Updater called before beeing initialized
2026-07-31 09:38:10,409 [INFO] DbMcusAds:53 - JSON generation date=Wed Jul 15 15:16:00 IST 2026 (1784108760991)
2026-07-31 09:38:10,409 [FATAL] Updater:351 - Updater called before beeing initialized
2026-07-31 09:38:10,475 [WARN] DetailPanel:346 - Failed to get advertising image, set to default
2026-07-31 09:38:10,614 [FATAL] Updater:351 - Updater called before beeing initialized
2026-07-31 09:38:10,616 [FATAL] Updater:351 - Updater called before beeing initialized
2026-07-31 09:38:10,616 [FATAL] Updater:351 - Updater called before beeing initialized
2026-07-31 09:38:10,616 [WARN] DetailPanel:346 - Failed to get advertising image, set to default
2026-07-31 09:38:10,617 [FATAL] Updater:351 - Updater called before beeing initialized
2026-07-31 09:38:10,675 [ERROR] Updater:1198 - MainUpdater not yet initialized. External WinMGr cannot be set.
2026-07-31 09:38:10,677 [INFO] Updater:1134 - Updater Version found : 6.15.0
2026-07-31 09:38:10,702 [INFO] ApplicationProperties:184 - Using Application install path: C:\ST\STM32CubeIDE_1.19.0\STM32CubeIDE\plugins\com.st.stm32cube.common.mx_6.15.0.202507011659
2026-07-31 09:38:11,854 [INFO] ThirdPartyUpdaterWithRetryManager:70 - Updater plugin not ready yet. [2/15]
2026-07-31 09:38:12,292 [ERROR] LogOutputStream:75 - [STDERR_REDIRECT] Jul 31, 2026 9:38:12 AM java.util.prefs.WindowsPreferences <init>
2026-07-31 09:38:12,296 [ERROR] LogOutputStream:75 - [STDERR_REDIRECT] WARNING: Could not open/create prefs root node Software\JavaSoft\Prefs at root 0xffffffff80000002. Windows RegCreateKeyEx(...) returned error code 5.
2026-07-31 09:38:12,297 [ERROR] LogOutputStream:75 - [STDERR_REDIRECT] 
2026-07-31 09:38:13,097 [INFO] MainUpdater:2872 - connection check result : 10
2026-07-31 09:38:13,098 [INFO] MainUpdater:289 - Updater Check For Update Now.
2026-07-31 09:38:13,099 [INFO] MicroXplorer:498 - Change Database Version : DB.6.0.150
2026-07-31 09:38:13,118 [INFO] McuFinderGlobals:63 - Set McuFinder mode to 2 (CubeIDE integrated)
2026-07-31 09:38:13,119 [INFO] UserAuth:171 - activating auth plugin
2026-07-31 09:38:13,124 [INFO] UserAuth:487 - Internet connection configuration mode: 1
2026-07-31 09:38:13,170 [INFO] JxBrowserEngine:152 - Initiate JxBrowser Engine with user profile folder
2026-07-31 09:38:13,339 [INFO] CheckServerUpdateThread:120 - End of CheckServer Thread
2026-07-31 09:38:14,086 [INFO] WebApp:169 - Instantiating new browser for Auth
2026-07-31 09:38:15,099 [INFO] WebApp:463 - Apply proxy settings
2026-07-31 09:38:15,099 [INFO] WebApp:548 - Chromium requires no authentication
2026-07-31 09:38:15,112 [INFO] WebApp:491 - Direct internet connection detected
2026-07-31 09:38:15,147 [INFO] WebApp:900 - Register for checkConnection events
2026-07-31 09:38:15,147 [INFO] WebApp:463 - Apply proxy settings
2026-07-31 09:38:15,148 [INFO] WebApp:548 - Chromium requires no authentication
2026-07-31 09:38:15,148 [INFO] WebApp:491 - Direct internet connection detected
2026-07-31 09:38:15,292 [WARN] PackLoader:240 - Cannot read IP mode file for STMicroelectronics.X-CUBE-AZRTOS-H7.3.5.0
2026-07-31 09:38:15,309 [WARN] PackLoader:240 - Cannot read IP mode file for STMicroelectronics.FP-ATR-ASTRA1.2.0.3
2026-07-31 09:38:15,327 [ERROR] Engine:466 - C:\Users\ADMIN\.stm32cubemx\thirdparties\pdsc\STMicroelectronics.X-CUBE-SMBUS.2.1.1.pdsc: PDSC version is not supported
2026-07-31 09:38:15,351 [WARN] PackLoader:240 - Cannot read IP mode file for STMicroelectronics.X-CUBE-AZRTOS-F7.1.1.0
2026-07-31 09:38:15,367 [WARN] PackLoader:240 - Cannot read IP mode file for STMicroelectronics.X-CUBE-FREERTOS.1.6.0
2026-07-31 09:38:15,375 [WARN] PackLoader:240 - Cannot read IP mode file for STMicroelectronics.FP-SNS-MOTENV1.5.1.0
2026-07-31 09:38:15,420 [WARN] PackLoader:240 - Cannot read IP mode file for STMicroelectronics.X-CUBE-AZRTOS-H7RS.1.3.0
2026-07-31 09:38:15,450 [WARN] PackLoader:240 - Cannot read IP mode file for WES.I-CUBE-Cesium.1.4.0
2026-07-31 09:38:15,463 [WARN] PackLoader:240 - Cannot read IP mode file for STMicroelectronics.X-CUBE-DISPLAY.3.0.0
2026-07-31 09:38:15,491 [WARN] PackLoader:240 - Cannot read IP mode file for STMicroelectronics.X-CUBE-GNSS1.7.1.1
2026-07-31 09:38:15,494 [INFO] WebApp:191 - Connection restablished
2026-07-31 09:38:15,500 [WARN] PackLoader:240 - Cannot read IP mode file for STMicroelectronics.FP-SNS-MOTENVWB1.1.5.0
2026-07-31 09:38:15,563 [WARN] PackLoader:240 - Cannot read IP mode file for STMicroelectronics.X-CUBE-NFC10.1.0.0
2026-07-31 09:38:15,597 [WARN] PackLoader:240 - Cannot read IP mode file for STMicroelectronics.X-CUBE-ST60.1.1.0
2026-07-31 09:38:15,609 [WARN] PackLoader:240 - Cannot read IP mode file for emotas.I-CUBE-CANOPEN.1.3.0
2026-07-31 09:38:15,617 [WARN] PackLoader:240 - Cannot read IP mode file for wolfSSL.I-CUBE-wolfSSL.5.9.2
2026-07-31 09:38:15,621 [ERROR] Engine:466 - C:\Users\ADMIN\.stm32cubemx\thirdparties\pdsc\STMicroelectronics.X-CUBE-WBA.1.1.0.pdsc: PDSC version is not supported
2026-07-31 09:38:15,630 [WARN] PackLoader:240 - Cannot read IP mode file for STMicroelectronics.FP-SNS-STBOX1.2.1.0
2026-07-31 09:38:15,638 [WARN] PackLoader:240 - Cannot read IP mode file for STMicroelectronics.FP-SNS-SMARTAG2.1.2.0
2026-07-31 09:38:15,644 [WARN] PackLoader:240 - Cannot read IP mode file for STMicroelectronics.FP-SNS-FLIGHT1.5.1.0
2026-07-31 09:38:15,655 [INFO] LogOutputStream:77 - [STDOUT_REDIRECT] 1 : Invalid condition id : UX_CORESTACK_Condition cause : null
2026-07-31 09:38:15,657 [INFO] LogOutputStream:77 - [STDOUT_REDIRECT] 1 : Invalid condition id : UX_CORESTACK_Condition cause : null
2026-07-31 09:38:15,659 [INFO] LogOutputStream:77 - [STDOUT_REDIRECT] 1 : Invalid condition id : UX_CORESTACK_Condition cause : null
2026-07-31 09:38:15,661 [INFO] LogOutputStream:77 - [STDOUT_REDIRECT] 1 : Invalid condition id : UX_CORESTACK_Condition cause : null
2026-07-31 09:38:15,663 [INFO] LogOutputStream:77 - [STDOUT_REDIRECT] 1 : Invalid condition id : UX_CORESTACK_Condition cause : null
2026-07-31 09:38:15,666 [WARN] PackLoader:240 - Cannot read IP mode file for STMicroelectronics.X-CUBE-AZRTOS-WL.2.0.0
2026-07-31 09:38:15,674 [WARN] PackLoader:240 - Cannot read IP mode file for STMicroelectronics.X-CUBE-BLE2.3.3.0
2026-07-31 09:38:15,723 [WARN] PackLoader:240 - Cannot read IP mode file for Infineon.AIROC-Wi-Fi-Bluetooth-STM32.1.8.0
2026-07-31 09:38:15,735 [WARN] PackLoader:240 - Cannot read IP mode file for STMicroelectronics.X-CUBE-NFC9.1.0.0
2026-07-31 09:38:15,742 [WARN] PackLoader:240 - Cannot read IP mode file for STMicroelectronics.X-CUBE-BLE1.7.1.0
2026-07-31 09:38:15,747 [WARN] PackLoader:240 - Cannot read IP mode file for wolfSSL.I-CUBE-wolfMQTT.1.19.2
2026-07-31 09:38:15,755 [WARN] PackLoader:240 - Cannot read IP mode file for STMicroelectronics.X-CUBE-EEPRMA1.5.2.0
2026-07-31 09:38:15,766 [WARN] PackLoader:240 - Cannot read IP mode file for STMicroelectronics.FP-SNS-STAIOTCFT.1.1.0
2026-07-31 09:38:15,782 [WARN] PackLoader:240 - Cannot read IP mode file for STMicroelectronics.X-CUBE-AZRTOS-G0.1.1.0
2026-07-31 09:38:15,791 [WARN] PackLoader:240 - Cannot read IP mode file for STMicroelectronics.X-CUBE-NFC4.3.0.0
2026-07-31 09:38:15,801 [WARN] PackLoader:240 - Cannot read IP mode file for EmbeddedOffice.I-CUBE-FS-RTOS.1.0.1
2026-07-31 09:38:15,806 [WARN] PackLoader:240 - Cannot read IP mode file for wolfSSL.I-CUBE-wolfTPM.3.8.0
2026-07-31 09:38:15,813 [WARN] PackLoader:240 - Cannot read IP mode file for STMicroelectronics.X-CUBE-TCPP.4.2.0
2026-07-31 09:38:15,821 [WARN] PackLoader:240 - Cannot read IP mode file for RealThread.X-CUBE-RT-Thread_Nano.4.1.1
2026-07-31 09:38:15,826 [WARN] PackLoader:240 - Cannot read IP mode file for STMicroelectronics.FP-ATR-SIGFOX1.3.2.0
2026-07-31 09:38:15,833 [WARN] PackLoader:240 - Cannot read IP mode file for ITTIA_DB.I-CUBE-ITTIADB.8.9.0
2026-07-31 09:38:15,838 [WARN] PackLoader:240 - Cannot read IP mode file for Cesanta.I-CUBE-Mongoose.7.21.7
2026-07-31 09:38:15,846 [WARN] PackLoader:240 - Cannot read IP mode file for STMicroelectronics.X-CUBE-NFC6.3.2.0
2026-07-31 09:38:15,858 [WARN] PackLoader:240 - Cannot read IP mode file for STMicroelectronics.X-CUBE-AI.10.2.1
2026-07-31 09:38:16,038 [WARN] PackLoader:240 - Cannot read IP mode file for STMicroelectronics.X-CUBE-MEMS1.12.1.0
2026-07-31 09:38:16,269 [WARN] PackLoader:240 - Cannot read IP mode file for SEGGER.I-CUBE-embOS.1.3.1
2026-07-31 09:38:16,310 [WARN] PackLoader:240 - Cannot read IP mode file for STMicroelectronics.X-CUBE-NFC13.1.0.0
2026-07-31 09:38:16,317 [WARN] PackLoader:240 - Cannot read IP mode file for STMicroelectronics.X-CUBE-PM33A1.1.0.0
2026-07-31 09:38:16,335 [WARN] PackLoader:240 - Cannot read IP mode file for STMicroelectronics.X-CUBE-AZRTOS-F4.1.1.0
2026-07-31 09:38:16,344 [WARN] PackLoader:240 - Cannot read IP mode file for STMicroelectronics.X-CUBE-ISPU.2.1.0
2026-07-31 09:38:16,358 [WARN] PackLoader:240 - Cannot read IP mode file for STMicroelectronics.X-CUBE-IPS.3.2.0
2026-07-31 09:38:16,370 [WARN] PackLoader:240 - Cannot read IP mode file for STMicroelectronics.eDS-WB_DPC_TT-BIDIR.2.1.1
2026-07-31 09:38:16,377 [WARN] PackLoader:240 - Cannot read IP mode file for STMicroelectronics.X-CUBE-NFC12.1.0.0
2026-07-31 09:38:16,402 [WARN] PackLoader:240 - Cannot read IP mode file for STMicroelectronics.X-CUBE-AZRTOS-L5.2.0.0
2026-07-31 09:38:16,412 [WARN] PackLoader:240 - Cannot read IP mode file for STMicroelectronics.X-CUBE-ALGOBUILD.1.5.0
2026-07-31 09:38:16,417 [WARN] PackLoader:240 - Cannot read IP mode file for STMicroelectronics.eDS-WB_DPC_VIENNA.1.2.0
2026-07-31 09:38:16,421 [WARN] PackLoader:240 - Cannot read IP mode file for STMicroelectronics.eDS-WB_DPC_3PH2L-BIDIR.1.1.1
2026-07-31 09:38:16,425 [ERROR] Engine:466 - C:\Users\ADMIN\.stm32cubemx\thirdparties\pdsc\STMicroelectronics.X-CUBE-ST67W61.1.3.0.pdsc: PDSC version is not supported
2026-07-31 09:38:16,437 [WARN] PackLoader:240 - Cannot read IP mode file for STMicroelectronics.X-CUBE-TOUCHGFX.4.26.1
2026-07-31 09:38:16,446 [WARN] PackLoader:240 - Cannot read IP mode file for STMicroelectronics.X-CUBE-DPower.1.3.0
2026-07-31 09:38:16,464 [WARN] ConditionMgr:438 - getConditionDescription Invalid condition id : LAN8742 Phy interface Condition cause : null
2026-07-31 09:38:16,465 [WARN] PackLoader:240 - Cannot read IP mode file for STMicroelectronics.X-CUBE-AZRTOS-L4.2.0.0
2026-07-31 09:38:16,466 [WARN] ConditionMgr:1044 - genDependencies : Invalid condition id : LAN8742 Phy interface Condition cause : null
2026-07-31 09:38:16,467 [WARN] ConditionMgr:1044 - genDependencies : Invalid condition id : LAN8742 Phy interface Condition cause : null
2026-07-31 09:38:16,467 [WARN] ConditionMgr:1044 - genDependencies : Invalid condition id : LAN8742 Phy interface Condition cause : null
2026-07-31 09:38:16,477 [WARN] PackLoader:240 - Cannot read IP mode file for STMicroelectronics.X-CUBE-SFXS2LP1.4.0.0
2026-07-31 09:38:16,487 [WARN] PackLoader:240 - Cannot read IP mode file for STMicroelectronics.X-CUBE-WB05N.2.1.0
2026-07-31 09:38:16,503 [WARN] ConditionMgr:438 - getConditionDescription Invalid condition id : UX DEVICE CLASS RTOS Condition cause : null
2026-07-31 09:38:16,504 [WARN] ConditionMgr:438 - getConditionDescription Invalid condition id : UX DEVICE CLASS RTOS Condition cause : null
2026-07-31 09:38:16,507 [WARN] PackLoader:240 - Cannot read IP mode file for STMicroelectronics.X-CUBE-AZRTOS-WB.2.0.0
2026-07-31 09:38:16,508 [WARN] ConditionMgr:1044 - genDependencies : Invalid condition id : UX DEVICE CLASS RTOS Condition cause : null
2026-07-31 09:38:16,508 [WARN] ConditionMgr:1044 - genDependencies : Invalid condition id : UX DEVICE CLASS RTOS Condition cause : null
2026-07-31 09:38:16,509 [WARN] ConditionMgr:1044 - genDependencies : Invalid condition id : UX DEVICE CLASS RTOS Condition cause : null
2026-07-31 09:38:16,509 [WARN] ConditionMgr:1044 - genDependencies : Invalid condition id : UX DEVICE CLASS RTOS Condition cause : null
2026-07-31 09:38:16,509 [WARN] ConditionMgr:1044 - genDependencies : Invalid condition id : UX DEVICE CLASS RTOS Condition cause : null
2026-07-31 09:38:16,516 [WARN] ConditionMgr:438 - getConditionDescription Invalid condition id : Cortex-A Device cause : null
2026-07-31 09:38:16,530 [WARN] ConditionMgr:1044 - genDependencies : Invalid condition id : Cortex-A Device cause : null
2026-07-31 09:38:16,531 [WARN] ConditionMgr:1044 - genDependencies : Invalid condition id : Cortex-A Device cause : null
2026-07-31 09:38:16,531 [WARN] ConditionMgr:1044 - genDependencies : Invalid condition id : Cortex-A Device cause : null
2026-07-31 09:38:16,542 [WARN] PackLoader:240 - Cannot read IP mode file for STMicroelectronics.X-CUBE-STSE01.2.0.0
2026-07-31 09:38:16,562 [WARN] PackLoader:240 - Cannot read IP mode file for STMicroelectronics.X-CUBE-SUBG2.5.0.0
2026-07-31 09:38:16,585 [WARN] PackLoader:240 - Cannot read IP mode file for STMicroelectronics.X-CUBE-AZRTOS-G4.2.0.0
2026-07-31 09:38:16,593 [WARN] PackLoader:240 - Cannot read IP mode file for wolfSSL.I-CUBE-wolfSSH.1.4.20
2026-07-31 09:38:16,599 [WARN] PackLoader:240 - Cannot read IP mode file for STMicroelectronics.X-CUBE-NFC7.2.0.0
2026-07-31 09:38:16,604 [ERROR] Engine:466 - C:\Users\ADMIN\.stm32cubemx\thirdparties\pdsc\STMicroelectronics.X-CUBE-BLEMGR.4.2.0.pdsc: PDSC version is not supported
2026-07-31 09:38:16,610 [WARN] PackLoader:240 - Cannot read IP mode file for STMicroelectronics.X-CUBE-ALS.1.0.2
2026-07-31 09:38:16,623 [WARN] PackLoader:240 - Cannot read IP mode file for STMicroelectronics.X-CUBE-TOF1.3.4.3
2026-07-31 09:38:16,638 [INFO] ThirdParty:978 - Integrity check success = true
2026-07-31 09:38:16,638 [INFO] IntegrityCheckThread:100 - exiting critical section [integrity check]
2026-07-31 09:38:16,638 [INFO] IntegrityCheckThread:103 - End integrity checks thread
2026-07-31 09:38:17,197 [INFO] WebApp:225 - Starting web application
2026-07-31 09:38:17,197 [INFO] WebApp:593 - Web application path used C:\ST\STM32CubeIDE_1.19.0\STM32CubeIDE\plugins\com.st.stm32cube.common.mx_6.15.0.202507011659\db\plugins\mcufinder\reactClient1\index.html
2026-07-31 10:02:17,241 [INFO] McuFinderGlobals:63 - Set McuFinder mode to 2 (CubeIDE integrated)
2026-07-31 10:02:17,254 [INFO] MainUpdater:2872 - connection check result : 10
2026-07-31 10:02:17,264 [INFO] McuFinderGlobals:76 - Set McuFinderConnectedMode to true
2026-07-31 10:02:17,710 [INFO] ServerAccessManage:452 - Complete download http(s) 200
2026-07-31 10:02:17,723 [INFO] ServerAccessManage:509 - Download File mcusAds.json._tmp_
2026-07-31 10:02:17,836 [INFO] LoadUrlFilesThread:156 - End of LoadUrlFiles Thread
2026-07-31 10:02:18,312 [INFO] ServerAccessManage:452 - Complete download http(s) 200
2026-07-31 10:02:18,314 [INFO] ServerAccessManage:509 - Download File cube-finder-db.zip
2026-07-31 10:03:04,292 [INFO] FileExtend:248 - Unzip File : cube-finder-db.zip
2026-07-31 10:03:04,293 [INFO] FileExtend:263 - Standard Zip Deflate
2026-07-31 10:03:05,599 [INFO] LoadUrlFilesThread:156 - End of LoadUrlFiles Thread
2026-07-31 10:03:26,813 [ERROR] ServerAccessManage:1295 - Problem during Server Connection :  IO error Connection timed out: getsockopt
2026-07-31 10:03:26,814 [ERROR] ServerAccessManage:740 - Problem during Server Connection :  : crdb.zip.
2026-07-31 10:03:29,643 [INFO] LoadUrlFilesThread:156 - End of LoadUrlFiles Thread
2026-07-31 10:03:30,541 [INFO] DbMcusAds:53 - JSON generation date=Wed Jul 15 15:14:54 IST 2026 (1784108694001)
2026-07-31 10:03:30,558 [ERROR] TargetSelectorAdapter:267 - Unable to refresh data
2026-07-31 10:03:31,071 [INFO] ApiDb:581 - Connected to CubeFinder SQLite database (C:\Users\ADMIN\.stmcufinder\plugins\mcufinder\mcu\cube-finder-db.db)
2026-07-31 10:03:31,185 [INFO] ApiDb:668 - CubeFinder database Data Model version=2.1
2026-07-31 10:03:31,185 [INFO] ApiDb:669 - CubeFinder database Configuration version=3.0.42
2026-07-31 10:03:31,188 [INFO] ApiDb:670 - CubeFinder database generation date=2026-06-23 (1782213372)
2026-07-31 10:03:31,190 [INFO] ApiDb:671 - CubeFinder database FW Pack versions=[FP-ATR-ASTRA1_V2.0.0, FP-SNS-FLIGHT1_V5.1.0, FP-SNS-MOTENV1_V5.1.0, FP-SNS-MOTENVWB1_V1.5.0, FP-SNS-SMARTAG2_V1.2.0, FP-SNS-STBOX1_V2.1.0, STM32Cube_FW_C0_V1.4.0, STM32Cube_FW_F4_V1.28.3, STM32Cube_FW_F7_V1.17.4, STM32Cube_FW_G0_V1.6.3, STM32Cube_FW_G4_V1.6.2, STM32Cube_FW_H5_V1.7.0, STM32Cube_FW_H7RS_V1.3.0, STM32Cube_FW_H7_V1.13.0, STM32Cube_FW_L0_V1.12.2, STM32Cube_FW_L4_V1.18.2, STM32Cube_FW_L5_V1.6.0, STM32Cube_FW_N6_V1.4.0, STM32Cube_FW_U0_V1.3.0, STM32Cube_FW_U3_V1.4.0, STM32Cube_FW_U5_V1.9.0, STM32Cube_FW_WB0_V1.5.0, STM32Cube_FW_WBA_V1.10.0, STM32Cube_FW_WB_V1.24.0, STM32Cube_FW_WL3_V1.5.0, STM32Cube_FW_WL_V1.6.0, X-CUBE-ALGOBUILD_V1.5.0, X-CUBE-ALS_V1.0.2, X-CUBE-AZRTOS-F4_V1.1.0, X-CUBE-AZRTOS-F7_V1.1.0, X-CUBE-AZRTOS-G0_V1.1.0, X-CUBE-AZRTOS-G4_V2.0.0, X-CUBE-AZRTOS-H7RS_V1.1.0, X-CUBE-AZRTOS-H7_V3.5.0, X-CUBE-AZRTOS-L4_V2.0.0, X-CUBE-AZRTOS-L5_V2.0.0, X-CUBE-AZRTOS-WB_V2.0.0, X-CUBE-AZRTOS-WL_V2.0.0, X-CUBE-BLE1_V7.1.0, X-CUBE-BLE2_V3.3.0, X-CUBE-BLEMGR_V4.1.0, X-CUBE-EEPRMA1_V5.2.0, X-CUBE-FREERTOS_V1.5.0, X-CUBE-GNSS1_V7.1.1, X-CUBE-MEMS1_V12.1.0, X-CUBE-NFC4_V3.0.0, X-CUBE-NFC7_V2.0.0, X-CUBE-SFXS2LP1_V4.0.0, X-CUBE-ST67W61_V1.3.0, X-CUBE-SUBG2_V5.0.0, X-CUBE-TOF1_V3.4.3]
2026-07-31 10:03:34,834 [INFO] ApiDb:240 - Found 880 in-development CPN: [B-G473E-ZEST1S, B-WB1M-WPAN1, B-WBA5M-WPAN, B-WL5M-SUBG1, NUCLEO-C031C6, NUCLEO-C051C8, NUCLEO-C071RB, NUCLEO-C092RC, NUCLEO-H503RB, NUCLEO-H533RE, NUCLEO-H563ZI, NUCLEO-H7S3L8, NUCLEO-N657X0-Q, NUCLEO-U031R8, NUCLEO-U083RC, NUCLEO-U385RG-Q, NUCLEO-U545RE-Q, NUCLEO-U5A5ZJ-Q, NUCLEO-WB05KZ, NUCLEO-WB07CC, NUCLEO-WB09KE, NUCLEO-WBA52CG, NUCLEO-WBA55CG, NUCLEO-WL33CC1, NUCLEO-WL33CC2, STEVAL-PROTEUS1, STEVAL-SMARTAG2, STEVAL-STWINBX1, STM320518-EVAL, STM32C0116-DK, STM32C011D6Y3TR, STM32C011D6Y6TR, STM32C011F4P3, STM32C011F4P6, STM32C011F4U3, STM32C011F4U6TR, STM32C011F6P3, STM32C011F6P6, STM32C011F6U3, STM32C011F6U6TR, STM32C011J4M3, STM32C011J4M6, STM32C011J6M3, STM32C011J6M6, STM32C0316-DK, STM32C031C4T3, STM32C031C4T6, STM32C031C4U3, STM32C031C4U6, STM32C031C6T3, STM32C031C6T6, STM32C031C6U3, STM32C031C6U6, STM32C031F4P3, STM32C031F4P6, STM32C031F6P3, STM32C031F6P6, STM32C031G4U3, STM32C031G4U6, STM32C031G6U3, STM32C031G6U6, STM32C031K4T3, STM32C031K4T6, STM32C031K4U3, STM32C031K4U6, STM32C031K6T3, STM32C031K6T6, STM32C031K6U3, STM32C031K6U6, STM32C051C6T6, STM32C051C6U6, STM32C051C8T6, STM32C051C8U6, STM32C051D8Y6TR, STM32C051F6P6, STM32C051F8P6, STM32C051G6U6, STM32C051G8U6, STM32C051K6T6, STM32C051K6U6, STM32C051K8T6, STM32C071C8T6, STM32C071C8T6N, STM32C071C8U6, STM32C071C8U6N, STM32C071CBT6, STM32C071CBT6N, STM32C071CBU6, STM32C071CBU6N, STM32C071F8P6, STM32C071F8P6N, STM32C071FBP6, STM32C071FBP6N, STM32C071FBY6TR, STM32C071G8U6, STM32C071G8U6N, STM32C071GBU6, STM32C071GBU6N, STM32C071K8T6, STM32C071K8T6N, STM32C071K8U6, STM32C071K8U6N, STM32C071KBT6, STM32C071KBT6N, STM32C071KBU6, STM32C071KBU6N, STM32C071R8T6, STM32C071R8T6N, STM32C071RBI6N, STM32C071RBT6, STM32C071RBT6N, STM32C091CBT6, STM32C091CBU6, STM32C091CCT6, STM32C091CCU6, STM32C091ECY6TR, STM32C091FBP6, STM32C091FCP6, STM32C091GBU6, STM32C091GCU6, STM32C091KBT6, STM32C091KBU6, STM32C091KCT6, STM32C091KCU6, STM32C091RBT6, STM32C091RCI6, STM32C091RCT6, STM32C092CBT6, STM32C092CBU6, STM32C092CCT6, STM32C092CCU6, STM32C092ECY6TR, STM32C092FBP6, STM32C092FCP6, STM32C092GBU6, STM32C092GCU6, STM32C092KBT6, STM32C092KBU6, STM32C092KCT6, STM32C092KCU6, STM32C092RBT6, STM32C092RCI6, STM32C092RCT6, STM32G071K8TXN, STM32G071K8UXN, STM32G081GBU6N, STM32G081KBT6N, STM32G081KBUXN, STM32G0B1CCT6N, STM32G0B1KCT6, STM32G0B1NEY6TR, STM32G0B1RCT6N, STM32G0C1CCT6, STM32G0C1CCT6N, STM32G0C1CCU6N, STM32G0C1CET6N, STM32G0C1CEU6N, STM32G0C1KCT6, STM32G0C1NEY6TR, STM32G0C1RCI6N, STM32G0C1RCT6N, STM32G0C1REI6N, STM32G0C1RET6N, STM32G0C1VCI6, STM32G0C1VEI6, STM32G411C6T3, STM32G411C6T6, STM32G411C6U3, STM32G411C6U6, STM32G411C8T3, STM32G411C8T6, STM32G411C8U3, STM32G411C8U6, STM32G411CBT3, STM32G411CBT6, STM32G411CBU3, STM32G411CBU6, STM32G411K6T3, STM32G411K6T6, STM32G411K6U3, STM32G411K6U6, STM32G411K8T3, STM32G411K8T6, STM32G411K8U3, STM32G411K8U6, STM32G411KBT3, STM32G411KBT6, STM32G411KBU3, STM32G411KBU6, STM32G411M6T3, STM32G411M6T6, STM32G411M8T3, STM32G411M8T6, STM32G411MBT3, STM32G411MBT6, STM32G411R6T3, STM32G411R6T6, STM32G411R8T3, STM32G411R8T6, STM32G411RBT3, STM32G411RBT6, STM32G414CBT3, STM32G414CBT6, STM32G414CBU3, STM32G414CBU6, STM32G414CCT3, STM32G414CCT6, STM32G414CCU3, STM32G414CCU6, STM32G414MBT3, STM32G414MBT6, STM32G414MCT3, STM32G414MCT6, STM32G414RBT3, STM32G414RBT6, STM32G414RCT3, STM32G414RCT6, STM32G414VBT3, STM32G414VBT6, STM32G414VCT3, STM32G414VCT6, STM32G431CBT3Z, STM32G431RBT3Z, STM32G471CCT6, STM32G471CCU6, STM32G471CET3, STM32G471CET6, STM32G471CEU3, STM32G471CEU6, STM32G471MCT6, STM32G471MET3, STM32G471MET6, STM32G471MEY6TR, STM32G471QCT6, STM32G471QET3, STM32G471RCT6, STM32G471RET3, STM32G471RET6, STM32G471VCH6, STM32G471VCI6, STM32G471VCT6, STM32G471VEH3, STM32G471VEH6, STM32G471VEI3, STM32G471VEI6, STM32G471VET3, STM32G471VET6, STM32G473QET3Z, STM32G473RET3Z, STM32G474CCT6, STM32G491RET3Z, STM32H503CBT6, STM32H503CBU6, STM32H503EBY6TR, STM32H503KBU6, STM32H503RBT6, STM32H523CCT6, STM32H523CCU6, STM32H523CET6, STM32H523CEU6, STM32H523HEY6TR, STM32H523RCT6, STM32H523RET6, STM32H523VCI6, STM32H523VCT6, STM32H523VEI6, STM32H523VET6, STM32H523ZCJ6, STM32H523ZCT6, STM32H523ZEJ6, STM32H523ZET6, STM32H533CET6, STM32H533CEU6, STM32H533HEY6TR, STM32H533RET6, STM32H533VEI6, STM32H533VET6, STM32H533ZEJ6, STM32H533ZET6, STM32H562AGI6, STM32H562AII6, STM32H562IGK6, STM32H562IGT6, STM32H562IIK6, STM32H562IIT6, STM32H562RGT6, STM32H562RGV6, STM32H562RIT6, STM32H562RIV6, STM32H562VGT6, STM32H562VIT6, STM32H562ZGT6, STM32H562ZIT6, STM32H563AGI6, STM32H563AII3Q, STM32H563AII6, STM32H563IGK6, STM32H563IGT6, STM32H563IIK3Q, STM32H563IIK6, STM32H563IIT3Q, STM32H563IIT6, STM32H563MIY3QTR, STM32H563RGT6, STM32H563RGV6, STM32H563RIT6, STM32H563RIV6, STM32H563VGT6, STM32H563VIT3Q, STM32H563VIT6, STM32H563ZGT6, STM32H563ZIT3Q, STM32H563ZIT6, STM32H573AII3Q, STM32H573AII6, STM32H573I-DK, STM32H573IIK3Q, STM32H573IIK6, STM32H573IIT3Q, STM32H573IIT6, STM32H573MIY3QTR, STM32H573RIT6, STM32H573RIV6, STM32H573VIT3Q, STM32H573VIT6, STM32H573ZIT3Q, STM32H573ZIT6, STM32H7R3A8I6, STM32H7R3I8K6, STM32H7R3I8T6, STM32H7R3L8H6, STM32H7R3L8H6H, STM32H7R3R8V6, STM32H7R3V8H6, STM32H7R3V8T6, STM32H7R3V8Y6TR, STM32H7R3Z8J6, STM32H7R3Z8T6, STM32H7R7A8I6, STM32H7R7I8K6, STM32H7R7I8T6, STM32H7R7L8H6, STM32H7R7L8H6H, STM32H7R7Z8J6, STM32H7S3A8I6, STM32H7S3I8K6, STM32H7S3I8T6, STM32H7S3L8H6, STM32H7S3L8H6H, STM32H7S3R8V6, STM32H7S3V8H6, STM32H7S3V8T6, STM32H7S3V8Y6TR, STM32H7S3Z8J6, STM32H7S3Z8T6, STM32H7S78-DK, STM32H7S7A8I6, STM32H7S7I8K6, STM32H7S7I8T6, STM32H7S7L8H6, STM32H7S7L8H6H, STM32H7S7Z8J6, STM32L4R5QGI6STR, STM32MP131AAE3, STM32MP131AAF3, STM32MP131AAG3, STM32MP131CAE3, STM32MP131CAF3, STM32MP131CAG3, STM32MP131DAE7, STM32MP131DAF7, STM32MP131DAG7, STM32MP131FAE7, STM32MP131FAF7, STM32MP131FAG7, STM32MP133AAE3, STM32MP133AAF3, STM32MP133AAG3, STM32MP133CAE3, STM32MP133CAF3, STM32MP133CAG3, STM32MP133DAE7, STM32MP133DAF7, STM32MP133DAG7, STM32MP133FAE7, STM32MP133FAF7, STM32MP133FAG7, STM32MP135AAE3, STM32MP135AAF3, STM32MP135AAG3, STM32MP135CAE3, STM32MP135CAF3, STM32MP135CAG3, STM32MP135DAE7, STM32MP135DAF7, STM32MP135DAG7, STM32MP135F-DK, STM32MP135FAE7, STM32MP135FAF7, STM32MP135FAF7T, STM32MP135FAF7U, STM32MP135FAG7, STM32MP211AAL3, STM32MP211AAM3, STM32MP211AAN3, STM32MP211AAO3, STM32MP211CAL3, STM32MP211CAM3, STM32MP211CAN3, STM32MP211CAO3, STM32MP211DAL3, STM32MP211DAM3, STM32MP211DAN3, STM32MP211DAO3, STM32MP211FAL3, STM32MP211FAM3, STM32MP211FAN3, STM32MP211FAO3, STM32MP213AAL3, STM32MP213AAM3, STM32MP213AAN3, STM32MP213AAO3, STM32MP213CAL3, STM32MP213CAM3, STM32MP213CAN3, STM32MP213CAO3, STM32MP213DAL3, STM32MP213DAM3, STM32MP213DAN3, STM32MP213DAO3, STM32MP213FAL3, STM32MP213FAM3, STM32MP213FAN3, STM32MP213FAO3, STM32MP215AAL3, STM32MP215AAM3, STM32MP215AAN3, STM32MP215AAO3, STM32MP215CAL3, STM32MP215CAM3, STM32MP215CAN3, STM32MP215CAO3, STM32MP215DAL3, STM32MP215DAM3, STM32MP215DAN3, STM32MP215DAO3, STM32MP215F-DK, STM32MP215FAL3, STM32MP215FAM3, STM32MP215FAN3, STM32MP215FAO3, STM32MP231AAJ3, STM32MP231AAK3, STM32MP231AAL3, STM32MP231CAJ3, STM32MP231CAK3, STM32MP231CAL3, STM32MP231DAJ3, STM32MP231DAK3, STM32MP231DAL3, STM32MP231FAJ3, STM32MP231FAK3, STM32MP231FAL3, STM32MP233AAJ3, STM32MP233AAK3, STM32MP233AAL3, STM32MP233CAJ3, STM32MP233CAK3, STM32MP233CAL3, STM32MP233DAJ3, STM32MP233DAK3, STM32MP233DAL3, STM32MP233FAJ3, STM32MP233FAK3, STM32MP233FAL3, STM32MP235AAJ3, STM32MP235AAK3, STM32MP235AAL3, STM32MP235CAJ3, STM32MP235CAK3, STM32MP235CAL3, STM32MP235DAJ3, STM32MP235DAK3, STM32MP235DAL3, STM32MP235FAJ3, STM32MP235FAK3, STM32MP235FAL3, STM32MP251AAI3, STM32MP251AAK3, STM32MP251AAL3, STM32MP251CAI3, STM32MP251CAK3, STM32MP251CAL3, STM32MP251DAI3, STM32MP251DAK3, STM32MP251DAL3, STM32MP251FAI3, STM32MP251FAK3, STM32MP251FAL3, STM32MP253AAI3, STM32MP253AAK3, STM32MP253AAL3, STM32MP253CAI3, STM32MP253CAK3, STM32MP253CAL3, STM32MP253DAI3, STM32MP253DAK3, STM32MP253DAL3, STM32MP253FAI3, STM32MP253FAK3, STM32MP253FAL3, STM32MP255AAI3, STM32MP255AAK3, STM32MP255AAL3, STM32MP255CAI3, STM32MP255CAK3, STM32MP255CAL3, STM32MP255DAI3, STM32MP255DAK3, STM32MP255DAL3, STM32MP255FAI3, STM32MP255FAK3, STM32MP255FAL3, STM32MP257AAI3, STM32MP257AAK3, STM32MP257AAL3, STM32MP257CAI3, STM32MP257CAK3, STM32MP257CAL3, STM32MP257DAI3, STM32MP257DAK3, STM32MP257DAL3, STM32MP257F-DK, STM32MP257F-EV1, STM32MP257FAI3, STM32MP257FAK3, STM32MP257FAL3, STM32N645A0H3Q, STM32N645B0H3Q, STM32N645I0H3Q, STM32N645L0H3Q, STM32N645X0H3Q, STM32N645Z0H3Q, STM32N647A0H3Q, STM32N647B0H3Q, STM32N647I0H3Q, STM32N647L0H3Q, STM32N647X0H3Q, STM32N647Z0H3Q, STM32N655A0H3Q, STM32N655B0H3Q, STM32N655I0H3Q, STM32N655L0H3Q, STM32N655X0H3Q, STM32N655Z0H3Q, STM32N6570-DK, STM32N657A0H3Q, STM32N657B0H3Q, STM32N657I0H3Q, STM32N657L0H3Q, STM32N657X0H3Q, STM32N657Z0H3Q, STM32U031C6T6, STM32U031C6U6, STM32U031C8T6, STM32U031C8U6, STM32U031F4P6, STM32U031F6P6, STM32U031F8P6, STM32U031G6Y6TR, STM32U031G8Y6TR, STM32U031K4U6, STM32U031K6U6, STM32U031K8U6, STM32U031R6I6, STM32U031R6T6, STM32U031R8I6, STM32U031R8T6, STM32U073C8T6, STM32U073C8U6, STM32U073CBT6, STM32U073CBU6, STM32U073CCT6, STM32U073CCU6, STM32U073H8Y6TR, STM32U073HBY6TR, STM32U073HCY6TR, STM32U073K8U6, STM32U073KBU6, STM32U073KCU6, STM32U073M8I6, STM32U073M8T6, STM32U073MBI6, STM32U073MBT6, STM32U073MCI6, STM32U073MCT6, STM32U073R8I6, STM32U073R8T6, STM32U073RBI6, STM32U073RBT6, STM32U073RCI6, STM32U073RCT6, STM32U083C-DK, STM32U083CCT6, STM32U083CCU6, STM32U083HCY6TR, STM32U083KCU6, STM32U083MCI6, STM32U083MCT6, STM32U083RCI6, STM32U083RCT6, STM32U375CET6, STM32U375CET6Q, STM32U375CEU6, STM32U375CEU6Q, STM32U375CEY6QTR, STM32U375CGT6, STM32U375CGT6Q, STM32U375CGU6, STM32U375CGU6Q, STM32U375CGY6QTR, STM32U375KEU6, STM32U375KGU6, STM32U375REI6, STM32U375REI6Q, STM32U375RET6, STM32U375RET6Q, STM32U375REY6GTR, STM32U375REY6QTR, STM32U375RGI6, STM32U375RGI6Q, STM32U375RGT6, STM32U375RGT6Q, STM32U375RGY6GTR, STM32U375RGY6QTR, STM32U375VEI6, STM32U375VEI6Q, STM32U375VET6, STM32U375VET6Q, STM32U375VGI6, STM32U375VGI6Q, STM32U375VGT6, STM32U375VGT6Q, STM32U385CGT6, STM32U385CGT6Q, STM32U385CGU6, STM32U385CGU6Q, STM32U385CGY6QTR, STM32U385KGU6, STM32U385RGI6, STM32U385RGI6Q, STM32U385RGT6, STM32U385RGT6Q, STM32U385RGY6GTR, STM32U385RGY6QTR, STM32U385VGI6, STM32U385VGI6Q, STM32U385VGT6, STM32U385VGT6Q, STM32U535CBT6, STM32U535CBT6Q, STM32U535CBU6, STM32U535CBU6Q, STM32U535CCT6, STM32U535CCT6Q, STM32U535CCU6, STM32U535CCU6Q, STM32U535CET6, STM32U535CET6Q, STM32U535CEU6, STM32U535CEU6Q, STM32U535JEY6QTR, STM32U535NCY6QTR, STM32U535NEY6QTR, STM32U535RBI6, STM32U535RBI6Q, STM32U535RBT6, STM32U535RBT6Q, STM32U535RCI6, STM32U535RCI6Q, STM32U535RCT6, STM32U535RCT6Q, STM32U535REI6, STM32U535REI6Q, STM32U535RET6, STM32U535RET6Q, STM32U535VCI6, STM32U535VCI6Q, STM32U535VCT6, STM32U535VCT6Q, STM32U535VEI6, STM32U535VEI6Q, STM32U535VET6, STM32U535VET6Q, STM32U545CET6, STM32U545CET6Q, STM32U545CEU6, STM32U545CEU6Q, STM32U545JEY6QTR, STM32U545NEY6QTR, STM32U545REI6, STM32U545REI6Q, STM32U545RET6, STM32U545RET6Q, STM32U545VEI6, STM32U545VEI6Q, STM32U545VET6, STM32U545VET6Q, STM32U595AIH6, STM32U595AIH6Q, STM32U595AJH6, STM32U595AJH6Q, STM32U595QII6, STM32U595QII6Q, STM32U595QJI6, STM32U595QJI6Q, STM32U595RIT6, STM32U595RIT6Q, STM32U595RJT6, STM32U595RJT6Q, STM32U595VIT6, STM32U595VIT6Q, STM32U595VJT6, STM32U595VJT6Q, STM32U595ZIT6, STM32U595ZIT6Q, STM32U595ZIY6QTR, STM32U595ZJT6, STM32U595ZJT6Q, STM32U595ZJY6QTR, STM32U599BJY6QTR, STM32U599NIH6Q, STM32U599NJH6Q, STM32U599VIT6Q, STM32U599VJT6, STM32U599VJT6Q, STM32U599ZIT6Q, STM32U599ZIY6QTR, STM32U599ZJT6Q, STM32U599ZJY6QTR, STM32U5A5AJH6, STM32U5A5AJH6Q, STM32U5A5QII3Q , STM32U5A5QJI6, STM32U5A5QJI6Q, STM32U5A5RJT6, STM32U5A5RJT6Q, STM32U5A5VJT6, STM32U5A5VJT6Q, STM32U5A5ZJT6, STM32U5A5ZJT6Q, STM32U5A5ZJY6QTR, STM32U5A9BJY6QTR, STM32U5A9J-DK, STM32U5A9NJH6Q, STM32U5A9VJT6Q, STM32U5A9ZJT6Q, STM32U5A9ZJY6QTR, STM32U5F7VIT6, STM32U5F7VIT6Q, STM32U5F7VJT6, STM32U5F7VJT6Q, STM32U5F9BJY6QTR, STM32U5F9NJH6Q, STM32U5F9VIT6Q, STM32U5F9VJT6Q, STM32U5F9ZIJ6QTR, STM32U5F9ZIT6Q, STM32U5F9ZJJ6QTR, STM32U5F9ZJT6Q, STM32U5G7VJT6, STM32U5G7VJT6Q, STM32U5G9BJY6QTR, STM32U5G9J-DK1, STM32U5G9J-DK2, STM32U5G9NJH6Q, STM32U5G9VJT6Q, STM32U5G9ZJJ6QTR, STM32U5G9ZJT6Q, STM32WB05KZV6TR, STM32WB05KZV7TR, STM32WB05TZF6TR, STM32WB05TZF7TR, STM32WB06CCF6TR, STM32WB06CCF7TR, STM32WB06CCV6TR, STM32WB06CCV7TR, STM32WB06KCV6TR, STM32WB06KCV7TR, STM32WB07CCF6TR, STM32WB07CCF7TR, STM32WB07CCV6TR, STM32WB07CCV7TR, STM32WB07KCV6TR, STM32WB07KCV7TR, STM32WB09KEV6TR, STM32WB09KEV7TR, STM32WB09TEF6TR, STM32WB09TEF7TR, STM32WB1MMCH6, STM32WBA50KGU6, STM32WBA50KGU6TR, STM32WBA52CEU6, STM32WBA52CEU6TR, STM32WBA52CEU7, STM32WBA52CEU7TR, STM32WBA52CGU6, STM32WBA52CGU6TR, STM32WBA52CGU6U, STM32WBA52CGU7, STM32WBA52CGU7TR, STM32WBA52KEU6, STM32WBA52KEU6TR, STM32WBA52KGU6, STM32WBA52KGU6TR, STM32WBA54CEU6, STM32WBA54CEU6TR, STM32WBA54CEU7, STM32WBA54CEU7TR, STM32WBA54CGU6, STM32WBA54CGU6TR, STM32WBA54CGU7, STM32WBA54CGU7TR, STM32WBA54KEU6, STM32WBA54KEU6TR, STM32WBA54KEU7, STM32WBA54KEU7TR, STM32WBA54KGU6, STM32WBA54KGU6TR, STM32WBA54KGU7, STM32WBA54KGU7TR, STM32WBA55CEU6, STM32WBA55CEU6TR, STM32WBA55CEU7, STM32WBA55CEU7TR, STM32WBA55CGU6, STM32WBA55CGU6TR, STM32WBA55CGU6U, STM32WBA55CGU7, STM32WBA55CGU7TR, STM32WBA55G-DK1, STM32WBA55HEF6, STM32WBA55HEF7, STM32WBA55HGF6, STM32WBA55HGF7, STM32WBA55UEI6, STM32WBA55UEI6TR, STM32WBA55UEI7, STM32WBA55UEI7TR, STM32WBA55UGI6, STM32WBA55UGI6TR, STM32WBA55UGI7, STM32WBA55UGI7TR, STM32WBA5MMGH6TR, STM32WBA62MGF6, STM32WBA62MIF6, STM32WBA65MGF7, STM32WBA65MIF6, STM32WBA65MIF7, STM32WL30K8V6, STM32WL30KBV6, STM32WL31C8V6, STM32WL31CBV6, STM32WL31K8V6, STM32WL31KBV6, STM32WL33C8V6, STM32WL33C8V6X, STM32WL33CBV6, STM32WL33CBV6X, STM32WL33CCV6, STM32WL33CCV6A, STM32WL33CCV6X, STM32WL33K8V7, STM32WL33K8V7X, STM32WL33KBV7 , STM32WL33KBV7X, STM32WL33KCV7, STM32WL33KCV7X, STM32WL5MOCH6, STM32WL5MOCH6TR]
2026-07-31 10:03:34,848 [INFO] DbMcus:218 - Found 5250 MCUs, 5097 are supported
2026-07-31 10:03:34,854 [INFO] ApiDb:423 - Load user favorites file C:\Users\ADMIN/.stm32cubeide/favorites.mcus.txt: 0 item(s)
2026-07-31 10:03:34,854 [INFO] ApiDb:427 - User favorites MCUs=[]
2026-07-31 10:03:34,854 [INFO] DbMcus:224 - Set 0 / 0 favorites MCUs
2026-07-31 10:03:35,548 [INFO] ApiDb:668 - CubeFinder database Data Model version=2.1
2026-07-31 10:03:35,548 [INFO] ApiDb:669 - CubeFinder database Configuration version=3.0.42
2026-07-31 10:03:35,548 [INFO] ApiDb:670 - CubeFinder database generation date=2026-06-23 (1782213372)
2026-07-31 10:03:35,548 [INFO] ApiDb:671 - CubeFinder database FW Pack versions=[FP-ATR-ASTRA1_V2.0.0, FP-SNS-FLIGHT1_V5.1.0, FP-SNS-MOTENV1_V5.1.0, FP-SNS-MOTENVWB1_V1.5.0, FP-SNS-SMARTAG2_V1.2.0, FP-SNS-STBOX1_V2.1.0, STM32Cube_FW_C0_V1.4.0, STM32Cube_FW_F4_V1.28.3, STM32Cube_FW_F7_V1.17.4, STM32Cube_FW_G0_V1.6.3, STM32Cube_FW_G4_V1.6.2, STM32Cube_FW_H5_V1.7.0, STM32Cube_FW_H7RS_V1.3.0, STM32Cube_FW_H7_V1.13.0, STM32Cube_FW_L0_V1.12.2, STM32Cube_FW_L4_V1.18.2, STM32Cube_FW_L5_V1.6.0, STM32Cube_FW_N6_V1.4.0, STM32Cube_FW_U0_V1.3.0, STM32Cube_FW_U3_V1.4.0, STM32Cube_FW_U5_V1.9.0, STM32Cube_FW_WB0_V1.5.0, STM32Cube_FW_WBA_V1.10.0, STM32Cube_FW_WB_V1.24.0, STM32Cube_FW_WL3_V1.5.0, STM32Cube_FW_WL_V1.6.0, X-CUBE-ALGOBUILD_V1.5.0, X-CUBE-ALS_V1.0.2, X-CUBE-AZRTOS-F4_V1.1.0, X-CUBE-AZRTOS-F7_V1.1.0, X-CUBE-AZRTOS-G0_V1.1.0, X-CUBE-AZRTOS-G4_V2.0.0, X-CUBE-AZRTOS-H7RS_V1.1.0, X-CUBE-AZRTOS-H7_V3.5.0, X-CUBE-AZRTOS-L4_V2.0.0, X-CUBE-AZRTOS-L5_V2.0.0, X-CUBE-AZRTOS-WB_V2.0.0, X-CUBE-AZRTOS-WL_V2.0.0, X-CUBE-BLE1_V7.1.0, X-CUBE-BLE2_V3.3.0, X-CUBE-BLEMGR_V4.1.0, X-CUBE-EEPRMA1_V5.2.0, X-CUBE-FREERTOS_V1.5.0, X-CUBE-GNSS1_V7.1.1, X-CUBE-MEMS1_V12.1.0, X-CUBE-NFC4_V3.0.0, X-CUBE-NFC7_V2.0.0, X-CUBE-SFXS2LP1_V4.0.0, X-CUBE-ST67W61_V1.3.0, X-CUBE-SUBG2_V5.0.0, X-CUBE-TOF1_V3.4.3]
2026-07-31 10:03:35,620 [INFO] DbBoardsSqlite:226 - include board P-NUCLEO-WB55-NUCLEO as a kit item of type 'Nucleo-64'
2026-07-31 10:03:35,620 [INFO] DbBoardsSqlite:226 - include board P-NUCLEO-WB55-USBDONGLE as a kit item of type 'Nucleo USB Dongle'
2026-07-31 10:03:35,620 [INFO] DbBoardsSqlite:226 - include board STEVAL-IDP005V1 as a kit item of type 'Evaluation Board'
2026-07-31 10:03:35,621 [INFO] DbBoardsSqlite:226 - include board STEVAL-IDP005V2 as a kit item of type 'Evaluation Board'
2026-07-31 10:03:35,724 [INFO] ApiDb:240 - Found 880 in-development CPN: [B-G473E-ZEST1S, B-WB1M-WPAN1, B-WBA5M-WPAN, B-WL5M-SUBG1, NUCLEO-C031C6, NUCLEO-C051C8, NUCLEO-C071RB, NUCLEO-C092RC, NUCLEO-H503RB, NUCLEO-H533RE, NUCLEO-H563ZI, NUCLEO-H7S3L8, NUCLEO-N657X0-Q, NUCLEO-U031R8, NUCLEO-U083RC, NUCLEO-U385RG-Q, NUCLEO-U545RE-Q, NUCLEO-U5A5ZJ-Q, NUCLEO-WB05KZ, NUCLEO-WB07CC, NUCLEO-WB09KE, NUCLEO-WBA52CG, NUCLEO-WBA55CG, NUCLEO-WL33CC1, NUCLEO-WL33CC2, STEVAL-PROTEUS1, STEVAL-SMARTAG2, STEVAL-STWINBX1, STM320518-EVAL, STM32C0116-DK, STM32C011D6Y3TR, STM32C011D6Y6TR, STM32C011F4P3, STM32C011F4P6, STM32C011F4U3, STM32C011F4U6TR, STM32C011F6P3, STM32C011F6P6, STM32C011F6U3, STM32C011F6U6TR, STM32C011J4M3, STM32C011J4M6, STM32C011J6M3, STM32C011J6M6, STM32C0316-DK, STM32C031C4T3, STM32C031C4T6, STM32C031C4U3, STM32C031C4U6, STM32C031C6T3, STM32C031C6T6, STM32C031C6U3, STM32C031C6U6, STM32C031F4P3, STM32C031F4P6, STM32C031F6P3, STM32C031F6P6, STM32C031G4U3, STM32C031G4U6, STM32C031G6U3, STM32C031G6U6, STM32C031K4T3, STM32C031K4T6, STM32C031K4U3, STM32C031K4U6, STM32C031K6T3, STM32C031K6T6, STM32C031K6U3, STM32C031K6U6, STM32C051C6T6, STM32C051C6U6, STM32C051C8T6, STM32C051C8U6, STM32C051D8Y6TR, STM32C051F6P6, STM32C051F8P6, STM32C051G6U6, STM32C051G8U6, STM32C051K6T6, STM32C051K6U6, STM32C051K8T6, STM32C071C8T6, STM32C071C8T6N, STM32C071C8U6, STM32C071C8U6N, STM32C071CBT6, STM32C071CBT6N, STM32C071CBU6, STM32C071CBU6N, STM32C071F8P6, STM32C071F8P6N, STM32C071FBP6, STM32C071FBP6N, STM32C071FBY6TR, STM32C071G8U6, STM32C071G8U6N, STM32C071GBU6, STM32C071GBU6N, STM32C071K8T6, STM32C071K8T6N, STM32C071K8U6, STM32C071K8U6N, STM32C071KBT6, STM32C071KBT6N, STM32C071KBU6, STM32C071KBU6N, STM32C071R8T6, STM32C071R8T6N, STM32C071RBI6N, STM32C071RBT6, STM32C071RBT6N, STM32C091CBT6, STM32C091CBU6, STM32C091CCT6, STM32C091CCU6, STM32C091ECY6TR, STM32C091FBP6, STM32C091FCP6, STM32C091GBU6, STM32C091GCU6, STM32C091KBT6, STM32C091KBU6, STM32C091KCT6, STM32C091KCU6, STM32C091RBT6, STM32C091RCI6, STM32C091RCT6, STM32C092CBT6, STM32C092CBU6, STM32C092CCT6, STM32C092CCU6, STM32C092ECY6TR, STM32C092FBP6, STM32C092FCP6, STM32C092GBU6, STM32C092GCU6, STM32C092KBT6, STM32C092KBU6, STM32C092KCT6, STM32C092KCU6, STM32C092RBT6, STM32C092RCI6, STM32C092RCT6, STM32G071K8TXN, STM32G071K8UXN, STM32G081GBU6N, STM32G081KBT6N, STM32G081KBUXN, STM32G0B1CCT6N, STM32G0B1KCT6, STM32G0B1NEY6TR, STM32G0B1RCT6N, STM32G0C1CCT6, STM32G0C1CCT6N, STM32G0C1CCU6N, STM32G0C1CET6N, STM32G0C1CEU6N, STM32G0C1KCT6, STM32G0C1NEY6TR, STM32G0C1RCI6N, STM32G0C1RCT6N, STM32G0C1REI6N, STM32G0C1RET6N, STM32G0C1VCI6, STM32G0C1VEI6, STM32G411C6T3, STM32G411C6T6, STM32G411C6U3, STM32G411C6U6, STM32G411C8T3, STM32G411C8T6, STM32G411C8U3, STM32G411C8U6, STM32G411CBT3, STM32G411CBT6, STM32G411CBU3, STM32G411CBU6, STM32G411K6T3, STM32G411K6T6, STM32G411K6U3, STM32G411K6U6, STM32G411K8T3, STM32G411K8T6, STM32G411K8U3, STM32G411K8U6, STM32G411KBT3, STM32G411KBT6, STM32G411KBU3, STM32G411KBU6, STM32G411M6T3, STM32G411M6T6, STM32G411M8T3, STM32G411M8T6, STM32G411MBT3, STM32G411MBT6, STM32G411R6T3, STM32G411R6T6, STM32G411R8T3, STM32G411R8T6, STM32G411RBT3, STM32G411RBT6, STM32G414CBT3, STM32G414CBT6, STM32G414CBU3, STM32G414CBU6, STM32G414CCT3, STM32G414CCT6, STM32G414CCU3, STM32G414CCU6, STM32G414MBT3, STM32G414MBT6, STM32G414MCT3, STM32G414MCT6, STM32G414RBT3, STM32G414RBT6, STM32G414RCT3, STM32G414RCT6, STM32G414VBT3, STM32G414VBT6, STM32G414VCT3, STM32G414VCT6, STM32G431CBT3Z, STM32G431RBT3Z, STM32G471CCT6, STM32G471CCU6, STM32G471CET3, STM32G471CET6, STM32G471CEU3, STM32G471CEU6, STM32G471MCT6, STM32G471MET3, STM32G471MET6, STM32G471MEY6TR, STM32G471QCT6, STM32G471QET3, STM32G471RCT6, STM32G471RET3, STM32G471RET6, STM32G471VCH6, STM32G471VCI6, STM32G471VCT6, STM32G471VEH3, STM32G471VEH6, STM32G471VEI3, STM32G471VEI6, STM32G471VET3, STM32G471VET6, STM32G473QET3Z, STM32G473RET3Z, STM32G474CCT6, STM32G491RET3Z, STM32H503CBT6, STM32H503CBU6, STM32H503EBY6TR, STM32H503KBU6, STM32H503RBT6, STM32H523CCT6, STM32H523CCU6, STM32H523CET6, STM32H523CEU6, STM32H523HEY6TR, STM32H523RCT6, STM32H523RET6, STM32H523VCI6, STM32H523VCT6, STM32H523VEI6, STM32H523VET6, STM32H523ZCJ6, STM32H523ZCT6, STM32H523ZEJ6, STM32H523ZET6, STM32H533CET6, STM32H533CEU6, STM32H533HEY6TR, STM32H533RET6, STM32H533VEI6, STM32H533VET6, STM32H533ZEJ6, STM32H533ZET6, STM32H562AGI6, STM32H562AII6, STM32H562IGK6, STM32H562IGT6, STM32H562IIK6, STM32H562IIT6, STM32H562RGT6, STM32H562RGV6, STM32H562RIT6, STM32H562RIV6, STM32H562VGT6, STM32H562VIT6, STM32H562ZGT6, STM32H562ZIT6, STM32H563AGI6, STM32H563AII3Q, STM32H563AII6, STM32H563IGK6, STM32H563IGT6, STM32H563IIK3Q, STM32H563IIK6, STM32H563IIT3Q, STM32H563IIT6, STM32H563MIY3QTR, STM32H563RGT6, STM32H563RGV6, STM32H563RIT6, STM32H563RIV6, STM32H563VGT6, STM32H563VIT3Q, STM32H563VIT6, STM32H563ZGT6, STM32H563ZIT3Q, STM32H563ZIT6, STM32H573AII3Q, STM32H573AII6, STM32H573I-DK, STM32H573IIK3Q, STM32H573IIK6, STM32H573IIT3Q, STM32H573IIT6, STM32H573MIY3QTR, STM32H573RIT6, STM32H573RIV6, STM32H573VIT3Q, STM32H573VIT6, STM32H573ZIT3Q, STM32H573ZIT6, STM32H7R3A8I6, STM32H7R3I8K6, STM32H7R3I8T6, STM32H7R3L8H6, STM32H7R3L8H6H, STM32H7R3R8V6, STM32H7R3V8H6, STM32H7R3V8T6, STM32H7R3V8Y6TR, STM32H7R3Z8J6, STM32H7R3Z8T6, STM32H7R7A8I6, STM32H7R7I8K6, STM32H7R7I8T6, STM32H7R7L8H6, STM32H7R7L8H6H, STM32H7R7Z8J6, STM32H7S3A8I6, STM32H7S3I8K6, STM32H7S3I8T6, STM32H7S3L8H6, STM32H7S3L8H6H, STM32H7S3R8V6, STM32H7S3V8H6, STM32H7S3V8T6, STM32H7S3V8Y6TR, STM32H7S3Z8J6, STM32H7S3Z8T6, STM32H7S78-DK, STM32H7S7A8I6, STM32H7S7I8K6, STM32H7S7I8T6, STM32H7S7L8H6, STM32H7S7L8H6H, STM32H7S7Z8J6, STM32L4R5QGI6STR, STM32MP131AAE3, STM32MP131AAF3, STM32MP131AAG3, STM32MP131CAE3, STM32MP131CAF3, STM32MP131CAG3, STM32MP131DAE7, STM32MP131DAF7, STM32MP131DAG7, STM32MP131FAE7, STM32MP131FAF7, STM32MP131FAG7, STM32MP133AAE3, STM32MP133AAF3, STM32MP133AAG3, STM32MP133CAE3, STM32MP133CAF3, STM32MP133CAG3, STM32MP133DAE7, STM32MP133DAF7, STM32MP133DAG7, STM32MP133FAE7, STM32MP133FAF7, STM32MP133FAG7, STM32MP135AAE3, STM32MP135AAF3, STM32MP135AAG3, STM32MP135CAE3, STM32MP135CAF3, STM32MP135CAG3, STM32MP135DAE7, STM32MP135DAF7, STM32MP135DAG7, STM32MP135F-DK, STM32MP135FAE7, STM32MP135FAF7, STM32MP135FAF7T, STM32MP135FAF7U, STM32MP135FAG7, STM32MP211AAL3, STM32MP211AAM3, STM32MP211AAN3, STM32MP211AAO3, STM32MP211CAL3, STM32MP211CAM3, STM32MP211CAN3, STM32MP211CAO3, STM32MP211DAL3, STM32MP211DAM3, STM32MP211DAN3, STM32MP211DAO3, STM32MP211FAL3, STM32MP211FAM3, STM32MP211FAN3, STM32MP211FAO3, STM32MP213AAL3, STM32MP213AAM3, STM32MP213AAN3, STM32MP213AAO3, STM32MP213CAL3, STM32MP213CAM3, STM32MP213CAN3, STM32MP213CAO3, STM32MP213DAL3, STM32MP213DAM3, STM32MP213DAN3, STM32MP213DAO3, STM32MP213FAL3, STM32MP213FAM3, STM32MP213FAN3, STM32MP213FAO3, STM32MP215AAL3, STM32MP215AAM3, STM32MP215AAN3, STM32MP215AAO3, STM32MP215CAL3, STM32MP215CAM3, STM32MP215CAN3, STM32MP215CAO3, STM32MP215DAL3, STM32MP215DAM3, STM32MP215DAN3, STM32MP215DAO3, STM32MP215F-DK, STM32MP215FAL3, STM32MP215FAM3, STM32MP215FAN3, STM32MP215FAO3, STM32MP231AAJ3, STM32MP231AAK3, STM32MP231AAL3, STM32MP231CAJ3, STM32MP231CAK3, STM32MP231CAL3, STM32MP231DAJ3, STM32MP231DAK3, STM32MP231DAL3, STM32MP231FAJ3, STM32MP231FAK3, STM32MP231FAL3, STM32MP233AAJ3, STM32MP233AAK3, STM32MP233AAL3, STM32MP233CAJ3, STM32MP233CAK3, STM32MP233CAL3, STM32MP233DAJ3, STM32MP233DAK3, STM32MP233DAL3, STM32MP233FAJ3, STM32MP233FAK3, STM32MP233FAL3, STM32MP235AAJ3, STM32MP235AAK3, STM32MP235AAL3, STM32MP235CAJ3, STM32MP235CAK3, STM32MP235CAL3, STM32MP235DAJ3, STM32MP235DAK3, STM32MP235DAL3, STM32MP235FAJ3, STM32MP235FAK3, STM32MP235FAL3, STM32MP251AAI3, STM32MP251AAK3, STM32MP251AAL3, STM32MP251CAI3, STM32MP251CAK3, STM32MP251CAL3, STM32MP251DAI3, STM32MP251DAK3, STM32MP251DAL3, STM32MP251FAI3, STM32MP251FAK3, STM32MP251FAL3, STM32MP253AAI3, STM32MP253AAK3, STM32MP253AAL3, STM32MP253CAI3, STM32MP253CAK3, STM32MP253CAL3, STM32MP253DAI3, STM32MP253DAK3, STM32MP253DAL3, STM32MP253FAI3, STM32MP253FAK3, STM32MP253FAL3, STM32MP255AAI3, STM32MP255AAK3, STM32MP255AAL3, STM32MP255CAI3, STM32MP255CAK3, STM32MP255CAL3, STM32MP255DAI3, STM32MP255DAK3, STM32MP255DAL3, STM32MP255FAI3, STM32MP255FAK3, STM32MP255FAL3, STM32MP257AAI3, STM32MP257AAK3, STM32MP257AAL3, STM32MP257CAI3, STM32MP257CAK3, STM32MP257CAL3, STM32MP257DAI3, STM32MP257DAK3, STM32MP257DAL3, STM32MP257F-DK, STM32MP257F-EV1, STM32MP257FAI3, STM32MP257FAK3, STM32MP257FAL3, STM32N645A0H3Q, STM32N645B0H3Q, STM32N645I0H3Q, STM32N645L0H3Q, STM32N645X0H3Q, STM32N645Z0H3Q, STM32N647A0H3Q, STM32N647B0H3Q, STM32N647I0H3Q, STM32N647L0H3Q, STM32N647X0H3Q, STM32N647Z0H3Q, STM32N655A0H3Q, STM32N655B0H3Q, STM32N655I0H3Q, STM32N655L0H3Q, STM32N655X0H3Q, STM32N655Z0H3Q, STM32N6570-DK, STM32N657A0H3Q, STM32N657B0H3Q, STM32N657I0H3Q, STM32N657L0H3Q, STM32N657X0H3Q, STM32N657Z0H3Q, STM32U031C6T6, STM32U031C6U6, STM32U031C8T6, STM32U031C8U6, STM32U031F4P6, STM32U031F6P6, STM32U031F8P6, STM32U031G6Y6TR, STM32U031G8Y6TR, STM32U031K4U6, STM32U031K6U6, STM32U031K8U6, STM32U031R6I6, STM32U031R6T6, STM32U031R8I6, STM32U031R8T6, STM32U073C8T6, STM32U073C8U6, STM32U073CBT6, STM32U073CBU6, STM32U073CCT6, STM32U073CCU6, STM32U073H8Y6TR, STM32U073HBY6TR, STM32U073HCY6TR, STM32U073K8U6, STM32U073KBU6, STM32U073KCU6, STM32U073M8I6, STM32U073M8T6, STM32U073MBI6, STM32U073MBT6, STM32U073MCI6, STM32U073MCT6, STM32U073R8I6, STM32U073R8T6, STM32U073RBI6, STM32U073RBT6, STM32U073RCI6, STM32U073RCT6, STM32U083C-DK, STM32U083CCT6, STM32U083CCU6, STM32U083HCY6TR, STM32U083KCU6, STM32U083MCI6, STM32U083MCT6, STM32U083RCI6, STM32U083RCT6, STM32U375CET6, STM32U375CET6Q, STM32U375CEU6, STM32U375CEU6Q, STM32U375CEY6QTR, STM32U375CGT6, STM32U375CGT6Q, STM32U375CGU6, STM32U375CGU6Q, STM32U375CGY6QTR, STM32U375KEU6, STM32U375KGU6, STM32U375REI6, STM32U375REI6Q, STM32U375RET6, STM32U375RET6Q, STM32U375REY6GTR, STM32U375REY6QTR, STM32U375RGI6, STM32U375RGI6Q, STM32U375RGT6, STM32U375RGT6Q, STM32U375RGY6GTR, STM32U375RGY6QTR, STM32U375VEI6, STM32U375VEI6Q, STM32U375VET6, STM32U375VET6Q, STM32U375VGI6, STM32U375VGI6Q, STM32U375VGT6, STM32U375VGT6Q, STM32U385CGT6, STM32U385CGT6Q, STM32U385CGU6, STM32U385CGU6Q, STM32U385CGY6QTR, STM32U385KGU6, STM32U385RGI6, STM32U385RGI6Q, STM32U385RGT6, STM32U385RGT6Q, STM32U385RGY6GTR, STM32U385RGY6QTR, STM32U385VGI6, STM32U385VGI6Q, STM32U385VGT6, STM32U385VGT6Q, STM32U535CBT6, STM32U535CBT6Q, STM32U535CBU6, STM32U535CBU6Q, STM32U535CCT6, STM32U535CCT6Q, STM32U535CCU6, STM32U535CCU6Q, STM32U535CET6, STM32U535CET6Q, STM32U535CEU6, STM32U535CEU6Q, STM32U535JEY6QTR, STM32U535NCY6QTR, STM32U535NEY6QTR, STM32U535RBI6, STM32U535RBI6Q, STM32U535RBT6, STM32U535RBT6Q, STM32U535RCI6, STM32U535RCI6Q, STM32U535RCT6, STM32U535RCT6Q, STM32U535REI6, STM32U535REI6Q, STM32U535RET6, STM32U535RET6Q, STM32U535VCI6, STM32U535VCI6Q, STM32U535VCT6, STM32U535VCT6Q, STM32U535VEI6, STM32U535VEI6Q, STM32U535VET6, STM32U535VET6Q, STM32U545CET6, STM32U545CET6Q, STM32U545CEU6, STM32U545CEU6Q, STM32U545JEY6QTR, STM32U545NEY6QTR, STM32U545REI6, STM32U545REI6Q, STM32U545RET6, STM32U545RET6Q, STM32U545VEI6, STM32U545VEI6Q, STM32U545VET6, STM32U545VET6Q, STM32U595AIH6, STM32U595AIH6Q, STM32U595AJH6, STM32U595AJH6Q, STM32U595QII6, STM32U595QII6Q, STM32U595QJI6, STM32U595QJI6Q, STM32U595RIT6, STM32U595RIT6Q, STM32U595RJT6, STM32U595RJT6Q, STM32U595VIT6, STM32U595VIT6Q, STM32U595VJT6, STM32U595VJT6Q, STM32U595ZIT6, STM32U595ZIT6Q, STM32U595ZIY6QTR, STM32U595ZJT6, STM32U595ZJT6Q, STM32U595ZJY6QTR, STM32U599BJY6QTR, STM32U599NIH6Q, STM32U599NJH6Q, STM32U599VIT6Q, STM32U599VJT6, STM32U599VJT6Q, STM32U599ZIT6Q, STM32U599ZIY6QTR, STM32U599ZJT6Q, STM32U599ZJY6QTR, STM32U5A5AJH6, STM32U5A5AJH6Q, STM32U5A5QII3Q , STM32U5A5QJI6, STM32U5A5QJI6Q, STM32U5A5RJT6, STM32U5A5RJT6Q, STM32U5A5VJT6, STM32U5A5VJT6Q, STM32U5A5ZJT6, STM32U5A5ZJT6Q, STM32U5A5ZJY6QTR, STM32U5A9BJY6QTR, STM32U5A9J-DK, STM32U5A9NJH6Q, STM32U5A9VJT6Q, STM32U5A9ZJT6Q, STM32U5A9ZJY6QTR, STM32U5F7VIT6, STM32U5F7VIT6Q, STM32U5F7VJT6, STM32U5F7VJT6Q, STM32U5F9BJY6QTR, STM32U5F9NJH6Q, STM32U5F9VIT6Q, STM32U5F9VJT6Q, STM32U5F9ZIJ6QTR, STM32U5F9ZIT6Q, STM32U5F9ZJJ6QTR, STM32U5F9ZJT6Q, STM32U5G7VJT6, STM32U5G7VJT6Q, STM32U5G9BJY6QTR, STM32U5G9J-DK1, STM32U5G9J-DK2, STM32U5G9NJH6Q, STM32U5G9VJT6Q, STM32U5G9ZJJ6QTR, STM32U5G9ZJT6Q, STM32WB05KZV6TR, STM32WB05KZV7TR, STM32WB05TZF6TR, STM32WB05TZF7TR, STM32WB06CCF6TR, STM32WB06CCF7TR, STM32WB06CCV6TR, STM32WB06CCV7TR, STM32WB06KCV6TR, STM32WB06KCV7TR, STM32WB07CCF6TR, STM32WB07CCF7TR, STM32WB07CCV6TR, STM32WB07CCV7TR, STM32WB07KCV6TR, STM32WB07KCV7TR, STM32WB09KEV6TR, STM32WB09KEV7TR, STM32WB09TEF6TR, STM32WB09TEF7TR, STM32WB1MMCH6, STM32WBA50KGU6, STM32WBA50KGU6TR, STM32WBA52CEU6, STM32WBA52CEU6TR, STM32WBA52CEU7, STM32WBA52CEU7TR, STM32WBA52CGU6, STM32WBA52CGU6TR, STM32WBA52CGU6U, STM32WBA52CGU7, STM32WBA52CGU7TR, STM32WBA52KEU6, STM32WBA52KEU6TR, STM32WBA52KGU6, STM32WBA52KGU6TR, STM32WBA54CEU6, STM32WBA54CEU6TR, STM32WBA54CEU7, STM32WBA54CEU7TR, STM32WBA54CGU6, STM32WBA54CGU6TR, STM32WBA54CGU7, STM32WBA54CGU7TR, STM32WBA54KEU6, STM32WBA54KEU6TR, STM32WBA54KEU7, STM32WBA54KEU7TR, STM32WBA54KGU6, STM32WBA54KGU6TR, STM32WBA54KGU7, STM32WBA54KGU7TR, STM32WBA55CEU6, STM32WBA55CEU6TR, STM32WBA55CEU7, STM32WBA55CEU7TR, STM32WBA55CGU6, STM32WBA55CGU6TR, STM32WBA55CGU6U, STM32WBA55CGU7, STM32WBA55CGU7TR, STM32WBA55G-DK1, STM32WBA55HEF6, STM32WBA55HEF7, STM32WBA55HGF6, STM32WBA55HGF7, STM32WBA55UEI6, STM32WBA55UEI6TR, STM32WBA55UEI7, STM32WBA55UEI7TR, STM32WBA55UGI6, STM32WBA55UGI6TR, STM32WBA55UGI7, STM32WBA55UGI7TR, STM32WBA5MMGH6TR, STM32WBA62MGF6, STM32WBA62MIF6, STM32WBA65MGF7, STM32WBA65MIF6, STM32WBA65MIF7, STM32WL30K8V6, STM32WL30KBV6, STM32WL31C8V6, STM32WL31CBV6, STM32WL31K8V6, STM32WL31KBV6, STM32WL33C8V6, STM32WL33C8V6X, STM32WL33CBV6, STM32WL33CBV6X, STM32WL33CCV6, STM32WL33CCV6A, STM32WL33CCV6X, STM32WL33K8V7, STM32WL33K8V7X, STM32WL33KBV7 , STM32WL33KBV7X, STM32WL33KCV7, STM32WL33KCV7X, STM32WL5MOCH6, STM32WL5MOCH6TR]
2026-07-31 10:03:35,969 [INFO] BoardInfo:889 - No configuration file found for board NUCLEO-H5E5ZJ
2026-07-31 10:03:35,972 [INFO] DbBoards:161 - Board is not supported: NUCLEO-H5E5ZJ
2026-07-31 10:03:36,084 [INFO] BoardInfo:889 - No configuration file found for board NUCLEO-U3C5ZI-Q
2026-07-31 10:03:36,086 [INFO] DbBoards:161 - Board is not supported: NUCLEO-U3C5ZI-Q
2026-07-31 10:03:36,115 [INFO] BoardInfo:889 - No configuration file found for board NUCLEO-WBA25CE1
2026-07-31 10:03:36,117 [INFO] DbBoards:161 - Board is not supported: NUCLEO-WBA25CE1
2026-07-31 10:03:36,136 [INFO] BoardInfo:889 - No configuration file found for board NUCLEO-WL3RKB1
2026-07-31 10:03:36,138 [INFO] DbBoards:161 - Board is not supported: NUCLEO-WL3RKB1
2026-07-31 10:03:36,140 [INFO] BoardInfo:889 - No configuration file found for board NUCLEO-WL3RKB2
2026-07-31 10:03:36,142 [INFO] DbBoards:161 - Board is not supported: NUCLEO-WL3RKB2
2026-07-31 10:03:36,158 [INFO] BoardInfo:889 - No configuration file found for board P-NUCLEO-WB55
2026-07-31 10:03:36,160 [INFO] DbBoards:161 - Kit is not supported: P-NUCLEO-WB55
2026-07-31 10:03:36,172 [INFO] BoardInfo:889 - No configuration file found for board STEVAL-BFA001V1B
2026-07-31 10:03:36,174 [INFO] DbBoards:161 - Kit is not supported: STEVAL-BFA001V1B
2026-07-31 10:03:36,176 [INFO] BoardInfo:889 - No configuration file found for board STEVAL-BFA001V2B
2026-07-31 10:03:36,178 [INFO] DbBoards:161 - Kit is not supported: STEVAL-BFA001V2B
2026-07-31 10:03:36,388 [INFO] BoardInfo:889 - No configuration file found for board STM32H5F5J-DK
2026-07-31 10:03:36,390 [INFO] DbBoards:161 - Board is not supported: STM32H5F5J-DK
2026-07-31 10:03:36,553 [INFO] DbBoards:168 - Found 218 boards, 209 are supported
2026-07-31 10:03:36,553 [INFO] DbBoards:169 - Found 218 boards, 43 of them is supported for  Bsp
2026-07-31 10:03:36,557 [INFO] ApiDb:423 - Load user favorites file C:\Users\ADMIN/.stm32cubeide/favorites.boards.txt: 1 item(s)
2026-07-31 10:03:36,557 [INFO] ApiDb:427 - User favorites Boards=[B-L4S5I-IOT01A]
2026-07-31 10:03:36,558 [INFO] DbBoards:198 - Set 1 / 1 favorites Boards
2026-07-31 10:03:36,558 [INFO] McuFinderGlobals:76 - Set McuFinderConnectedMode to true
2026-07-31 10:03:36,569 [INFO] MultiScanPanel:200 - Auto-refresh data requested => check proxy status ongoing
2026-07-31 10:03:36,572 [INFO] FinderPluginLoader:96 - Searching for filters in installed packs
2026-07-31 10:03:36,574 [INFO] FinderPluginLoader:109 - Found C:\Users\ADMIN\STM32Cube\Repository\Packs\STMicroelectronics\X-CUBE-AI\10.2.1\CubeMX\plugins\ip\ai.10.2.1.jar
2026-07-31 10:03:36,575 [INFO] FinderPluginLoader:119 - Loading ai.10.2.1
2026-07-31 10:03:36,636 [INFO] McuExtendedFiltersManager:95 - Add MCU extended filter: Artificial Intelligence
2026-07-31 10:03:38,118 [INFO] AInterface:116 - AInterface using toolDir: C:/Users/ADMIN/STM32Cube/Repository//Packs/STMicroelectronics/X-CUBE-AI/10.2.1/Utilities/windows
2026-07-31 10:03:38,961 [INFO] LoadUrlFilesThread:185 - End of LoadServerUrlFiles without Thread
2026-07-31 10:03:38,979 [INFO] DetailPanel:341 - Set advertising image to C:/Users/ADMIN/STM32Cube/Repository/\en.stm32h5cubemxbanner.png
2026-07-31 10:04:02,343 [INFO] MultiScanPanel:200 - Auto-refresh data requested => check proxy status ongoing
2026-07-31 10:04:02,560 [INFO] LoadUrlFilesThread:185 - End of LoadServerUrlFiles without Thread
2026-07-31 10:04:02,560 [INFO] DetailPanel:341 - Set advertising image to C:/Users/ADMIN/STM32Cube/Repository/\en.stm32h5cubemxbanner.png
2026-07-31 10:04:02,580 [INFO] DbBoards:642 - Loading board mini-images...
2026-07-31 10:04:06,708 [INFO] DbBoards:665 - Loaded 218 board mini-images
2026-07-31 10:04:33,006 [INFO] MainUpdater:2872 - connection check result : 10
2026-07-31 10:04:33,006 [INFO] MainUpdater:2872 - connection check result : 10
2026-07-31 10:04:33,030 [INFO] MicroXplorer:468 - Change Database Path : 
2026-07-31 10:04:33,030 [INFO] MicroXplorer:498 - Change Database Version : DB.6.0.150
2026-07-31 10:04:33,040 [WARN] ThirdParty:871 - waiting for thirdparty lock release [close project]
2026-07-31 10:04:33,040 [INFO] ThirdParty:873 - entering critical section [close project]
2026-07-31 10:04:33,043 [INFO] ThirdParty:883 - exiting critical section [close project]
2026-07-31 10:04:33,048 [INFO] PinOutPanel:1589 - setPackage(No Configuration,No Configuration)
2026-07-31 10:04:33,051 [INFO] UtilMem:75 - Begin LoadConfig() Used Memory: 799227760 Bytes (1073741824)
2026-07-31 10:04:33,059 [INFO] OpenFileManager:355 - Change cursor
2026-07-31 10:04:33,219 [INFO] ProjectFactory:514 - No CPN specified for board B-L4S5I-IOT01A => set CPN to STM32L4S5VIT6
2026-07-31 10:04:33,220 [INFO] Mcu:2029 - Initializing MCU STM32L4S5VITx STM32L4S5VITx STM32L4S5VIT6
2026-07-31 10:04:36,855 [INFO] Context:786 - Trying to add GPIOservice into a context  which must be forbidden
2026-07-31 10:04:37,691 [INFO] Rule:233 - rule 117617 - U5Cobra4M][GTZC] default value MPCBB3 and MPCBB5 - Not Secured memory - MPCBB1 is applicable
2026-07-31 10:04:37,691 [INFO] Rule:233 - rule 117617 - U5Cobra4M][GTZC] default value MPCBB3 and MPCBB5 - Not Secured memory - MPCBB1 is applicable
2026-07-31 10:04:37,691 [INFO] Rule:233 - rule 117617 - U5Cobra4M][GTZC] default value MPCBB3 and MPCBB5 - Not Secured memory - MPCBB2 is applicable
2026-07-31 10:04:37,691 [INFO] Rule:233 - rule 117617 - U5Cobra4M][GTZC] default value MPCBB3 and MPCBB5 - Not Secured memory - MPCBB2 is applicable
2026-07-31 10:04:37,691 [INFO] Rule:233 - rule 117617 - U5Cobra4M][GTZC] default value MPCBB3 and MPCBB5 - Not Secured memory - MPCBB3 is applicable
2026-07-31 10:04:37,691 [INFO] Rule:233 - rule 117617 - U5Cobra4M][GTZC] default value MPCBB3 and MPCBB5 - Not Secured memory - MPCBB3 is applicable
2026-07-31 10:04:37,691 [INFO] Rule:233 - rule 117617 - U5Cobra4M][GTZC] default value MPCBB3 and MPCBB5 - Not Secured memory - MPCBB4 is applicable
2026-07-31 10:04:37,692 [INFO] Rule:233 - rule 117617 - U5Cobra4M][GTZC] default value MPCBB3 and MPCBB5 - Not Secured memory - MPCBB4 is applicable
2026-07-31 10:04:37,692 [INFO] Rule:233 - rule 117617 - U5Cobra4M][GTZC] default value MPCBB3 and MPCBB5 - Secured memory - MPCBB1 is applicable
2026-07-31 10:04:37,692 [INFO] Rule:233 - rule 117617 - U5Cobra4M][GTZC] default value MPCBB3 and MPCBB5 - Secured memory - MPCBB2 is applicable
2026-07-31 10:04:37,692 [INFO] Rule:233 - rule 117617 - U5Cobra4M][GTZC] default value MPCBB3 and MPCBB5 - Secured memory - MPCBB3 is applicable
2026-07-31 10:04:37,692 [INFO] Rule:233 - rule 117617 - U5Cobra4M][GTZC] default value MPCBB3 and MPCBB5 - Secured memory - MPCBB4 is applicable
2026-07-31 10:04:37,692 [INFO] Rule:233 - rule 117617 - U5Cobra4M][GTZC] default value MPCBB3 and MPCBB5 - Privileged memory - MPCBB1 is applicable
2026-07-31 10:04:37,692 [INFO] Rule:233 - rule 117617 - U5Cobra4M][GTZC] default value MPCBB3 and MPCBB5 - Privileged memory - MPCBB2 is applicable
2026-07-31 10:04:37,692 [INFO] Rule:233 - rule 117617 - U5Cobra4M][GTZC] default value MPCBB3 and MPCBB5 - Privileged memory - MPCBB3 is applicable
2026-07-31 10:04:37,692 [INFO] Rule:233 - rule 117617 - U5Cobra4M][GTZC] default value MPCBB3 and MPCBB5 - Privileged memory - MPCBB4 is applicable
2026-07-31 10:04:37,692 [INFO] Rule:233 - rule 117617 - U5Cobra4M][GTZC] default value MPCBB3 and MPCBB5 - Not Privileged memory - MPCBB1 is applicable
2026-07-31 10:04:37,692 [INFO] Rule:233 - rule 117617 - U5Cobra4M][GTZC] default value MPCBB3 and MPCBB5 - Not Privileged memory - MPCBB2 is applicable
2026-07-31 10:04:37,692 [INFO] Rule:233 - rule 117617 - U5Cobra4M][GTZC] default value MPCBB3 and MPCBB5 - Not Privileged memory - MPCBB3 is applicable
2026-07-31 10:04:37,692 [INFO] Rule:233 - rule 117617 - U5Cobra4M][GTZC] default value MPCBB3 and MPCBB5 - Not Privileged memory - MPCBB4 is applicable
2026-07-31 10:04:37,692 [INFO] Rule:233 - rule 117617 - U5Cobra4M][GTZC] default value MPCBB3 and MPCBB5 - Privileged memory - MPCBB1 is applicable
2026-07-31 10:04:37,692 [INFO] Rule:233 - rule 117617 - U5Cobra4M][GTZC] default value MPCBB3 and MPCBB5 - Privileged memory - MPCBB2 is applicable
2026-07-31 10:04:37,692 [INFO] Rule:233 - rule 117617 - U5Cobra4M][GTZC] default value MPCBB3 and MPCBB5 - Privileged memory - MPCBB3 is applicable
2026-07-31 10:04:37,692 [INFO] Rule:233 - rule 117617 - U5Cobra4M][GTZC] default value MPCBB3 and MPCBB5 - Privileged memory - MPCBB4 is applicable
2026-07-31 10:04:37,693 [INFO] Rule:233 - rule 117617 - U5Cobra4M][GTZC] default value MPCBB3 and MPCBB5 - Privileged memory - MPCBB1 is applicable
2026-07-31 10:04:37,693 [INFO] Rule:233 - rule 117617 - U5Cobra4M][GTZC] default value MPCBB3 and MPCBB5 - Privileged memory - MPCBB2 is applicable
2026-07-31 10:04:37,693 [INFO] Rule:233 - rule 117617 - U5Cobra4M][GTZC] default value MPCBB3 and MPCBB5 - Privileged memory - MPCBB3 is applicable
2026-07-31 10:04:37,693 [INFO] Rule:233 - rule 117617 - U5Cobra4M][GTZC] default value MPCBB3 and MPCBB5 - Privileged memory - MPCBB4 is applicable
2026-07-31 10:04:37,693 [INFO] Rule:233 - rule 117617 - U5Cobra4M][GTZC] default value MPCBB3 and MPCBB5 - Not Privileged memory - MPCBB1 is applicable
2026-07-31 10:04:37,693 [INFO] Rule:233 - rule 117617 - U5Cobra4M][GTZC] default value MPCBB3 and MPCBB5 - Not Privileged memory - MPCBB2 is applicable
2026-07-31 10:04:37,693 [INFO] Rule:233 - rule 117617 - U5Cobra4M][GTZC] default value MPCBB3 and MPCBB5 - Not Privileged memory - MPCBB3 is applicable
2026-07-31 10:04:37,693 [INFO] Rule:233 - rule 117617 - U5Cobra4M][GTZC] default value MPCBB3 and MPCBB5 - Not Privileged memory - MPCBB4 is applicable
2026-07-31 10:04:37,693 [INFO] Rule:233 - rule 117617 - U5Cobra4M][GTZC] default value MPCBB3 and MPCBB5 - Privileged memory - MPCBB1 is applicable
2026-07-31 10:04:37,693 [INFO] Rule:233 - rule 117617 - U5Cobra4M][GTZC] default value MPCBB3 and MPCBB5 - Privileged memory - MPCBB2 is applicable
2026-07-31 10:04:37,693 [INFO] Rule:233 - rule 117617 - U5Cobra4M][GTZC] default value MPCBB3 and MPCBB5 - Privileged memory - MPCBB3 is applicable
2026-07-31 10:04:37,693 [INFO] Rule:233 - rule 117617 - U5Cobra4M][GTZC] default value MPCBB3 and MPCBB5 - Privileged memory - MPCBB4 is applicable
2026-07-31 10:04:37,693 [INFO] Rule:233 - rule WakeUp0 Mode is applicable
2026-07-31 10:04:37,693 [INFO] Rule:233 - rule WakeUp0 SIGNAL is applicable
2026-07-31 10:04:37,694 [INFO] Rule:233 - rule WakeUp1 Mode is applicable
2026-07-31 10:04:37,694 [INFO] Rule:233 - rule WakeUp1 SIGNAL is applicable
2026-07-31 10:04:37,694 [INFO] Rule:233 - rule WakeUp2 Mode is applicable
2026-07-31 10:04:37,694 [INFO] Rule:233 - rule WakeUp2 SIGNAL is applicable
2026-07-31 10:04:37,694 [INFO] Rule:233 - rule WakeUp4 Mode is applicable
2026-07-31 10:04:37,694 [INFO] Rule:233 - rule WakeUp4 SIGNAL is applicable
2026-07-31 10:04:37,694 [INFO] Rule:233 - rule WakeUp5 Mode is applicable
2026-07-31 10:04:37,694 [INFO] Rule:233 - rule WakeUp5 SIGNAL is applicable
2026-07-31 10:04:37,694 [INFO] Rule:233 - rule Change Default Value for LSE Drive Capability for WB family is applicable
2026-07-31 10:04:37,695 [INFO] Rule:233 - rule change FDCAN default value is applicable
2026-07-31 10:04:37,695 [INFO] Rule:233 - rule Adapt Old IOC before rework replace old CORTEX_M33/CORTEX_M55 attributes by the new one. is applicable
2026-07-31 10:04:37,695 [INFO] Rule:233 - rule Rename parametre of RCC RCC_APBDBG_DIV2 to RCC_TIMPRES_DIV2 is applicable
2026-07-31 10:04:37,695 [INFO] Rule:233 - rule Rename DIE493 pin PA10 [PA12] -> PA10 is applicable
2026-07-31 10:04:37,695 [INFO] Rule:233 - rule Rename DIE493 pin PA9 [PA11] -> PA9 is applicable
2026-07-31 10:04:37,695 [INFO] Rule:233 - rule Rename DIE492 PartNumber CPN STM32WBA5MJGHx -> STM32WBA5MMGHx is applicable
2026-07-31 10:04:37,695 [INFO] Rule:233 - rule Rename DIE492 PartNumber  Name STM32WBA5MJGHx -> STM32WBA5MMGHx is applicable
2026-07-31 10:04:37,695 [INFO] Rule:233 - rule Rename DIE492 PartNumber UserName STM32WBA5MJGHx -> STM32WBA5MMGHx is applicable
2026-07-31 10:04:37,695 [INFO] Rule:233 - rule Rename DIE492 PartNumber DeviceId STM32WBA5MJGHx -> STM32WBA5MMGHx is applicable
2026-07-31 10:04:37,695 [INFO] Rule:233 - rule Adapt Old IOC CSI. is applicable
2026-07-31 10:04:37,695 [INFO] Rule:233 - rule Adapt Old IOC DCMIPP. is applicable
2026-07-31 10:04:37,695 [INFO] Rule:233 - rule Adapt Old IOC DCMIPP Mode Parallel. is applicable
2026-07-31 10:04:37,695 [INFO] Rule:233 - rule Adapt Old IOC LTDC. is applicable
2026-07-31 10:04:37,695 [INFO] Rule:233 - rule Rename STM32MP2 RIF Peripheral LTDC RIF.RISUP.LTDC_L0L1.Privilege -> RIF.RISUP.LTDC_L1L2.Privilege is applicable
2026-07-31 10:04:37,696 [INFO] Rule:233 - rule Rename STM32MP2 RIF Peripheral LTDC RIF.RISUP.LTDC_L0L1.Privilege -> RIF.RISUP.LTDC_L1L2.Privilege is applicable
2026-07-31 10:04:37,696 [INFO] Rule:233 - rule Rename STM32MP2 RIF Peripheral LTDC RIF.RISUP.LTDC_L0L1.Lock -> RIF.RISUP.LTDC_L1L2.Lock is applicable
2026-07-31 10:04:37,696 [INFO] Rule:233 - rule Rename STM32MP2 RIF Peripheral LTDC RIF.RISUP.LTDC_L2.Lock -> RIF.RISUP.LTDC_L3.Lock is applicable
2026-07-31 10:04:37,696 [INFO] Rule:233 - rule Adapt the old IOC example for updating the SYS when it is misconfigured. is applicable
2026-07-31 10:04:37,696 [INFO] Rule:233 - rule Rename STM32C09 Mcu.Package LQFP64 -> LQFP48 is applicable
2026-07-31 10:04:37,696 [INFO] Rule:233 - rule Adapt the old IOC example for updating the SYS when it is misconfigured. is applicable
2026-07-31 10:04:37,696 [INFO] Rule:233 - rule Adapt the old IOC example for updating the SYS when it is misconfigured. is applicable
2026-07-31 10:04:37,709 [INFO] DbConfProperties:307 - Apply Compatibility (5/68 Rules)
2026-07-31 10:04:37,780 [INFO] ImportTextPane:234 - (OptionalMessage_ERROR) Pin84 (VP_RIF_VS_RIF1) cannot be retrieved for this MCU
2026-07-31 10:04:38,035 [INFO] RtosManager:558 - Registered RTOS mode: class=CMSIS, group=RTOS, mode=CMSIS_V1, owner=FREERTOS
2026-07-31 10:04:38,036 [INFO] RtosManager:558 - Registered RTOS mode: class=CMSIS, group=RTOS2, mode=CMSIS_V2, owner=FREERTOS
2026-07-31 10:04:38,036 [INFO] RtosManager:558 - Registered RTOS mode: class=RTOS, group=Core, mode=CMSIS_V1, owner=FREERTOS
2026-07-31 10:04:38,036 [INFO] RtosManager:558 - Registered RTOS mode: class=RTOS, group=Core, mode=CMSIS_V2, owner=FREERTOS
2026-07-31 10:04:38,036 [WARN] ModelIntegratedComponent:184 - Missing modes for component STMicroelectronics:FreeRTOS:0.0.1:STMicroelectronics:RTOS:FreeRTOS:Core:::10.2.0:
2026-07-31 10:04:38,061 [WARN] ModelIntegratedComponent:63 - No mode defined for component null
2026-07-31 10:04:38,061 [WARN] ModelIntegratedComponent:63 - No mode defined for component null
2026-07-31 10:04:38,061 [WARN] ModelIntegratedComponent:63 - No mode defined for component null
2026-07-31 10:04:38,061 [WARN] ModelIntegratedComponent:63 - No mode defined for component null
2026-07-31 10:04:38,061 [WARN] ModelIntegratedComponent:63 - No mode defined for component null
2026-07-31 10:04:38,062 [WARN] ModelIntegratedComponent:63 - No mode defined for component null
2026-07-31 10:04:38,062 [WARN] ModelIntegratedComponent:63 - No mode defined for component null
2026-07-31 10:04:38,062 [WARN] ModelIntegratedComponent:63 - No mode defined for component null
2026-07-31 10:04:38,062 [WARN] ModelIntegratedComponent:63 - No mode defined for component null
2026-07-31 10:04:38,062 [WARN] ModelIntegratedComponent:63 - No mode defined for component null
2026-07-31 10:04:38,062 [WARN] ModelIntegratedComponent:63 - No mode defined for component null
2026-07-31 10:04:38,062 [WARN] ModelIntegratedComponent:63 - No mode defined for component null
2026-07-31 10:04:38,062 [WARN] ModelIntegratedComponent:63 - No mode defined for component null
2026-07-31 10:04:38,062 [WARN] ModelIntegratedComponent:63 - No mode defined for component null
2026-07-31 10:04:38,062 [WARN] ModelIntegratedComponent:63 - No mode defined for component null
2026-07-31 10:04:38,062 [WARN] ModelIntegratedComponent:63 - No mode defined for component null
2026-07-31 10:04:38,062 [WARN] ModelIntegratedComponent:63 - No mode defined for component null
2026-07-31 10:04:38,062 [WARN] ModelIntegratedComponent:63 - No mode defined for component null
2026-07-31 10:04:38,062 [WARN] ModelIntegratedComponent:63 - No mode defined for component null
2026-07-31 10:04:38,062 [WARN] ModelIntegratedComponent:63 - No mode defined for component null
2026-07-31 10:04:38,062 [WARN] ModelIntegratedComponent:63 - No mode defined for component null
2026-07-31 10:04:38,062 [WARN] ModelIntegratedComponent:63 - No mode defined for component null
2026-07-31 10:04:38,062 [WARN] ModelIntegratedComponent:63 - No mode defined for component null
2026-07-31 10:04:38,062 [WARN] ModelIntegratedComponent:63 - No mode defined for component null
2026-07-31 10:04:38,062 [WARN] ModelIntegratedComponent:63 - No mode defined for component null
2026-07-31 10:04:38,063 [WARN] ModelIntegratedComponent:63 - No mode defined for component null
2026-07-31 10:04:38,063 [WARN] ModelIntegratedComponent:63 - No mode defined for component null
2026-07-31 10:04:38,063 [WARN] ModelIntegratedComponent:63 - No mode defined for component null
2026-07-31 10:04:38,063 [WARN] ModelIntegratedComponent:63 - No mode defined for component null
2026-07-31 10:04:38,063 [WARN] ModelIntegratedComponent:63 - No mode defined for component null
2026-07-31 10:04:38,063 [WARN] ModelIntegratedComponent:63 - No mode defined for component null
2026-07-31 10:04:38,063 [WARN] ModelIntegratedComponent:63 - No mode defined for component null
2026-07-31 10:04:38,063 [WARN] ModelIntegratedComponent:63 - No mode defined for component null
2026-07-31 10:04:38,063 [WARN] ModelIntegratedComponent:63 - No mode defined for component null
2026-07-31 10:04:38,063 [WARN] ModelIntegratedComponent:63 - No mode defined for component null
2026-07-31 10:04:38,063 [WARN] ModelPack:524 - Component already loaded: STMicroelectronics:HAL Drivers:0.0.0:STMicroelectronics:Device:STMicro_Driver:XSPI:HAL::0.0.1:HAL_XSPI
2026-07-31 10:04:38,216 [INFO] ThirdPartyModel:298 - Start build external matchings
2026-07-31 10:04:38,768 [INFO] ThirdPartyModel:316 - End build external matchings
2026-07-31 10:04:38,811 [WARN] IP:2250 - MaxTran not found: check if there is a RefParameter without a condition.
2026-07-31 10:04:38,812 [WARN] IP:2250 - Refresh not found: check if there is a RefParameter without a condition.
2026-07-31 10:04:38,812 [INFO] ImportTextPane:234 - (OptionalMessage_ERROR) IP (RCC) : Invalid parameter (FamilyName)
2026-07-31 10:04:39,250 [INFO] UtilMem:75 - End LoadConfig() Used Memory: 756403248 Bytes (1073741824)
2026-07-31 10:04:39,433 [WARN] ThirdParty:833 - waiting for thirdparty lock release [change project]
2026-07-31 10:04:39,433 [INFO] ThirdParty:835 - entering critical section [change project]
2026-07-31 10:04:39,434 [INFO] ThirdParty:1030 - CMSIS Pack Vendor :STMicroelectronics X-CUBE-AZRTOS-H7 3.5.0
2026-07-31 10:04:39,434 [INFO] ThirdParty:1030 - CMSIS Pack Vendor :STMicroelectronics X-CUBE-PM33A1 1.0.0
2026-07-31 10:04:39,434 [INFO] ThirdParty:1030 - CMSIS Pack Vendor :STMicroelectronics USBPD 4.1
2026-07-31 10:04:39,434 [INFO] ThirdParty:1030 - CMSIS Pack Vendor :STMicroelectronics X-CUBE-NFC9 1.0.0
2026-07-31 10:04:39,434 [INFO] ThirdParty:1030 - CMSIS Pack Vendor :STMicroelectronics USB_HOST 2.0.0
2026-07-31 10:04:39,434 [INFO] ThirdParty:1030 - CMSIS Pack Vendor :STMicroelectronics FP-ATR-ASTRA1 2.0.3
2026-07-31 10:04:39,434 [INFO] ThirdParty:1030 - CMSIS Pack Vendor :STMicroelectronics X-CUBE-AZRTOS-F4 1.1.0
2026-07-31 10:04:39,436 [INFO] ThirdParty:1030 - CMSIS Pack Vendor :STMicroelectronics LIBJPEG 8.0.0
2026-07-31 10:04:39,436 [INFO] ThirdParty:1030 - CMSIS Pack Vendor :STMicroelectronics X-CUBE-BLE1 7.1.0
2026-07-31 10:04:39,436 [INFO] ThirdParty:1030 - CMSIS Pack Vendor :wolfSSL I-CUBE-wolfMQTT 1.19.2
2026-07-31 10:04:39,436 [INFO] ThirdParty:1030 - CMSIS Pack Vendor :STMicroelectronics USB_DEVICE 3.0.0
2026-07-31 10:04:39,436 [INFO] ThirdParty:1030 - CMSIS Pack Vendor :STMicroelectronics X-CUBE-ISPU 2.1.0
2026-07-31 10:04:39,436 [INFO] ThirdParty:1030 - CMSIS Pack Vendor :STMicroelectronics X-CUBE-EEPRMA1 5.2.0
2026-07-31 10:04:39,436 [INFO] ThirdParty:1030 - CMSIS Pack Vendor :STMicroelectronics X-CUBE-IPS 3.2.0
2026-07-31 10:04:39,436 [INFO] ThirdParty:1030 - CMSIS Pack Vendor :STMicroelectronics eDS-WB_DPC_TT-BIDIR 2.1.1
2026-07-31 10:04:39,436 [INFO] ThirdParty:1030 - CMSIS Pack Vendor :STMicroelectronics X-CUBE-AZRTOS-WB 2.0.0
2026-07-31 10:04:39,436 [INFO] ThirdParty:1030 - CMSIS Pack Vendor :STMicroelectronics X-CUBE-NFC12 1.0.0
2026-07-31 10:04:39,437 [INFO] ThirdParty:1030 - CMSIS Pack Vendor :STMicroelectronics X-CUBE-AZRTOS-F7 1.1.0
2026-07-31 10:04:39,437 [INFO] ThirdParty:1030 - CMSIS Pack Vendor :STMicroelectronics X-CUBE-AZRTOS-L5 2.0.0
2026-07-31 10:04:39,437 [INFO] ThirdParty:1030 - CMSIS Pack Vendor :STMicroelectronics USB_DEVICE 2.0.0
2026-07-31 10:04:39,437 [INFO] ThirdParty:1030 - CMSIS Pack Vendor :STMicroelectronics X-CUBE-FREERTOS 1.6.0
2026-07-31 10:04:39,437 [INFO] ThirdParty:1030 - CMSIS Pack Vendor :STMicroelectronics FP-SNS-STAIOTCFT 1.1.0
2026-07-31 10:04:39,437 [INFO] ThirdParty:1030 - CMSIS Pack Vendor :quantropi X-CUBE-qispace-sdk-base 2.1.0
2026-07-31 10:04:39,437 [INFO] ThirdParty:1030 - CMSIS Pack Vendor :STMicroelectronics X-CUBE-STSE01 2.0.0
2026-07-31 10:04:39,437 [INFO] ThirdParty:1030 - CMSIS Pack Vendor :STMicroelectronics X-CUBE-ALGOBUILD 1.5.0
2026-07-31 10:04:39,437 [INFO] ThirdParty:1030 - CMSIS Pack Vendor :STMicroelectronics FP-SNS-MOTENV1 5.1.0
2026-07-31 10:04:39,437 [INFO] ThirdParty:1030 - CMSIS Pack Vendor :STMicroelectronics FreeRTOS 0.0.1
2026-07-31 10:04:39,437 [INFO] ThirdParty:1030 - CMSIS Pack Vendor :STMicroelectronics X-CUBE-AZRTOS-H7RS 1.3.0
2026-07-31 10:04:39,437 [INFO] ThirdParty:1030 - CMSIS Pack Vendor :STMicroelectronics X-CUBE-AZRTOS-G0 1.1.0
2026-07-31 10:04:39,437 [INFO] ThirdParty:1030 - CMSIS Pack Vendor :STMicroelectronics X-CUBE-NFC4 3.0.0
2026-07-31 10:04:39,437 [INFO] ThirdParty:1030 - CMSIS Pack Vendor :STMicroelectronics X-CUBE-SUBG2 5.0.0
2026-07-31 10:04:39,437 [INFO] ThirdParty:1030 - CMSIS Pack Vendor :STMicroelectronics STM32_WPAN 1.0.0
2026-07-31 10:04:39,437 [INFO] ThirdParty:1030 - CMSIS Pack Vendor :STMicroelectronics eDS-WB_DPC_VIENNA 1.2.0
2026-07-31 10:04:39,437 [INFO] ThirdParty:1030 - CMSIS Pack Vendor :EmbeddedOffice I-CUBE-FS-RTOS 1.0.1
2026-07-31 10:04:39,437 [INFO] ThirdParty:1030 - CMSIS Pack Vendor :STMicroelectronics lwIP 2.0.3
2026-07-31 10:04:39,437 [INFO] ThirdParty:1030 - CMSIS Pack Vendor :WES I-CUBE-Cesium 1.4.0
2026-07-31 10:04:39,437 [INFO] ThirdParty:1030 - CMSIS Pack Vendor :STMicroelectronics eDS-WB_DPC_3PH2L-BIDIR 1.1.1
2026-07-31 10:04:39,437 [INFO] ThirdParty:1030 - CMSIS Pack Vendor :STMicroelectronics USB_HOST 1.0.0
2026-07-31 10:04:39,438 [INFO] ThirdParty:1030 - CMSIS Pack Vendor :STMicroelectronics X-CUBE-AZRTOS-G4 2.0.0
2026-07-31 10:04:39,438 [INFO] ThirdParty:1030 - CMSIS Pack Vendor :STMicroelectronics PDM2PCM 3.1.0
2026-07-31 10:04:39,438 [INFO] ThirdParty:1030 - CMSIS Pack Vendor :STMicroelectronics PDM2PCM 3.3.0
2026-07-31 10:04:39,438 [INFO] ThirdParty:1030 - CMSIS Pack Vendor :wolfSSL I-CUBE-wolfTPM 3.8.0
2026-07-31 10:04:39,438 [INFO] ThirdParty:1030 - CMSIS Pack Vendor :STMicroelectronics X-CUBE-DISPLAY 3.0.0
2026-07-31 10:04:39,438 [INFO] ThirdParty:1030 - CMSIS Pack Vendor :wolfSSL I-CUBE-wolfSSH 1.4.20
2026-07-31 10:04:39,438 [INFO] ThirdParty:1030 - CMSIS Pack Vendor :STMicroelectronics X-CUBE-NFC7 2.0.0
2026-07-31 10:04:39,438 [INFO] ThirdParty:1030 - CMSIS Pack Vendor :STMicroelectronics X-CUBE-GNSS1 7.1.1
2026-07-31 10:04:39,438 [INFO] ThirdParty:1030 - CMSIS Pack Vendor :STMicroelectronics FP-SNS-MOTENVWB1 1.5.0
2026-07-31 10:04:39,438 [INFO] ThirdParty:1030 - CMSIS Pack Vendor :STMicroelectronics X-CUBE-TCPP 4.2.0
2026-07-31 10:04:39,438 [INFO] ThirdParty:1030 - CMSIS Pack Vendor :RealThread X-CUBE-RT-Thread_Nano 4.1.1
2026-07-31 10:04:39,438 [INFO] ThirdParty:1030 - CMSIS Pack Vendor :STMicroelectronics FP-ATR-SIGFOX1 3.2.0
2026-07-31 10:04:39,438 [INFO] ThirdParty:1030 - CMSIS Pack Vendor :STMicroelectronics X-CUBE-NFC10 1.0.0
2026-07-31 10:04:39,438 [INFO] ThirdParty:1030 - CMSIS Pack Vendor :STMicroelectronics HAL Drivers 0.0.0
2026-07-31 10:04:39,438 [INFO] ThirdParty:1030 - CMSIS Pack Vendor :STMicroelectronics MBEDTLS 2.16.2
2026-07-31 10:04:39,438 [INFO] ThirdParty:1030 - CMSIS Pack Vendor :STMicroelectronics X-CUBE-ST60 1.1.0
2026-07-31 10:04:39,438 [INFO] ThirdParty:1030 - CMSIS Pack Vendor :STMicroelectronics X-CUBE-ALS 1.0.2
2026-07-31 10:04:39,438 [INFO] ThirdParty:1030 - CMSIS Pack Vendor :emotas I-CUBE-CANOPEN 1.3.0
2026-07-31 10:04:39,438 [INFO] ThirdParty:1030 - CMSIS Pack Vendor :wolfSSL I-CUBE-wolfSSL 5.9.2
2026-07-31 10:04:39,438 [INFO] ThirdParty:1030 - CMSIS Pack Vendor :STMicroelectronics MBEDTLS 2.14.1
2026-07-31 10:04:39,438 [INFO] ThirdParty:1030 - CMSIS Pack Vendor :ITTIA_DB I-CUBE-ITTIADB 8.9.0
2026-07-31 10:04:39,438 [INFO] ThirdParty:1030 - CMSIS Pack Vendor :Cesanta I-CUBE-Mongoose 7.21.7
2026-07-31 10:04:39,438 [INFO] ThirdParty:1030 - CMSIS Pack Vendor :STMicroelectronics X-CUBE-TOUCHGFX 4.26.1
2026-07-31 10:04:39,438 [INFO] ThirdParty:1030 - CMSIS Pack Vendor :STMicroelectronics X-CUBE-NFC6 3.2.0
2026-07-31 10:04:39,438 [INFO] ThirdParty:1030 - CMSIS Pack Vendor :STMicroelectronics FP-SNS-STBOX1 2.1.0
2026-07-31 10:04:39,439 [INFO] ThirdParty:1030 - CMSIS Pack Vendor :STMicroelectronics X-CUBE-AI 10.2.1
2026-07-31 10:04:39,439 [INFO] ThirdParty:1030 - CMSIS Pack Vendor :STMicroelectronics ThreadX 1.0.0
2026-07-31 10:04:39,439 [INFO] ThirdParty:1030 - CMSIS Pack Vendor :STMicroelectronics FP-SNS-SMARTAG2 1.2.0
2026-07-31 10:04:39,439 [INFO] ThirdParty:1030 - CMSIS Pack Vendor :STMicroelectronics X-CUBE-MEMS1 12.1.0
2026-07-31 10:04:39,439 [INFO] ThirdParty:1030 - CMSIS Pack Vendor :STMicroelectronics FP-SNS-FLIGHT1 5.1.0
2026-07-31 10:04:39,439 [INFO] ThirdParty:1030 - CMSIS Pack Vendor :STMicroelectronics X-CUBE-AZRTOS-WL 2.0.0
2026-07-31 10:04:39,439 [INFO] ThirdParty:1030 - CMSIS Pack Vendor :SEGGER I-CUBE-embOS 1.3.1
2026-07-31 10:04:39,439 [INFO] ThirdParty:1030 - CMSIS Pack Vendor :STMicroelectronics X-CUBE-DPower 1.3.0
2026-07-31 10:04:39,439 [INFO] ThirdParty:1030 - CMSIS Pack Vendor :STMicroelectronics USB_DEVICE 1.0.0
2026-07-31 10:04:39,439 [INFO] ThirdParty:1030 - CMSIS Pack Vendor :STMicroelectronics X-CUBE-AZRTOS-L4 2.0.0
2026-07-31 10:04:39,439 [INFO] ThirdParty:1030 - CMSIS Pack Vendor :STMicroelectronics ThreadX 0.0.2
2026-07-31 10:04:39,439 [INFO] ThirdParty:1030 - CMSIS Pack Vendor :STMicroelectronics lwIP 2.1.2
2026-07-31 10:04:39,439 [INFO] ThirdParty:1030 - CMSIS Pack Vendor :STMicroelectronics X-CUBE-SFXS2LP1 4.0.0
2026-07-31 10:04:39,439 [INFO] ThirdParty:1030 - CMSIS Pack Vendor :STMicroelectronics X-CUBE-BLE2 3.3.0
2026-07-31 10:04:39,439 [INFO] ThirdParty:1030 - CMSIS Pack Vendor :Avnet-IOTCONNECT X-CUBE-iotc-st67-sdk 1.0.0
2026-07-31 10:04:39,439 [INFO] ThirdParty:1030 - CMSIS Pack Vendor :STMicroelectronics X-CUBE-TOF1 3.4.3
2026-07-31 10:04:39,439 [INFO] ThirdParty:1030 - CMSIS Pack Vendor :Infineon AIROC-Wi-Fi-Bluetooth-STM32 1.8.0
2026-07-31 10:04:39,439 [INFO] ThirdParty:1030 - CMSIS Pack Vendor :STMicroelectronics X-CUBE-NFC13 1.0.0
2026-07-31 10:04:39,439 [INFO] ThirdParty:1030 - CMSIS Pack Vendor :STMicroelectronics PDM2PCM 3.2.0
2026-07-31 10:04:39,439 [INFO] ThirdParty:1030 - CMSIS Pack Vendor :STMicroelectronics X-CUBE-WB05N 2.1.0
2026-07-31 10:04:39,440 [INFO] ThirdParty:841 - exiting critical section [change project]
2026-07-31 10:04:40,130 [INFO] PinOutPanel:1589 - setPackage(No Configuration,No Configuration)
2026-07-31 10:04:40,133 [INFO] PinOutPanel:1589 - setPackage(STM32L4S5VITx,LQFP100)
2026-07-31 10:04:41,220 [INFO] UtilMem:75 - Before build in PCC Used Memory: 742339736 Bytes (1073741824)
2026-07-31 10:04:42,985 [INFO] UtilMem:75 - After build in PCC Used Memory: 867120280 Bytes (1073741824)
2026-07-31 10:04:43,041 [INFO] IPUIPlugin:80 - create IPUIPlugin
2026-07-31 10:04:43,041 [INFO] IPUIPlugin:80 - create IPUIPlugin
2026-07-31 10:04:43,041 [INFO] IPUIPlugin:80 - create IPUIPlugin
2026-07-31 10:04:43,041 [INFO] IPUIPlugin:80 - create IPUIPlugin
2026-07-31 10:04:43,041 [INFO] IPUIPlugin:80 - create IPUIPlugin
2026-07-31 10:04:43,042 [INFO] IPUIPlugin:80 - create IPUIPlugin
2026-07-31 10:04:43,042 [INFO] IPUIPlugin:80 - create IPUIPlugin
2026-07-31 10:04:43,042 [INFO] IPUIPlugin:80 - create IPUIPlugin
2026-07-31 10:04:43,042 [INFO] IPUIPlugin:80 - create IPUIPlugin
2026-07-31 10:04:43,042 [INFO] IPUIPlugin:80 - create IPUIPlugin
2026-07-31 10:04:43,042 [INFO] IPUIPlugin:80 - create IPUIPlugin
2026-07-31 10:04:43,042 [INFO] IPUIPlugin:80 - create IPUIPlugin
2026-07-31 10:04:43,042 [INFO] IPUIPlugin:80 - create IPUIPlugin
2026-07-31 10:04:43,043 [INFO] IPUIPlugin:80 - create IPUIPlugin
2026-07-31 10:04:43,043 [INFO] IPUIPlugin:80 - create IPUIPlugin
2026-07-31 10:04:43,043 [INFO] IPUIPlugin:80 - create IPUIPlugin
2026-07-31 10:04:43,043 [INFO] IPUIPlugin:80 - create IPUIPlugin
2026-07-31 10:04:43,043 [INFO] IPUIPlugin:80 - create IPUIPlugin
2026-07-31 10:04:43,043 [INFO] IPUIPlugin:80 - create IPUIPlugin
2026-07-31 10:04:43,043 [INFO] IPUIPlugin:80 - create IPUIPlugin
2026-07-31 10:04:43,044 [INFO] IPUIPlugin:80 - create IPUIPlugin
2026-07-31 10:04:43,044 [INFO] IPUIPlugin:80 - create IPUIPlugin
2026-07-31 10:04:43,044 [INFO] IPUIPlugin:80 - create IPUIPlugin
2026-07-31 10:04:43,044 [INFO] IPUIPlugin:80 - create IPUIPlugin
2026-07-31 10:04:43,045 [INFO] IPUIPlugin:80 - create IPUIPlugin
2026-07-31 10:04:43,045 [INFO] IPUIPlugin:80 - create IPUIPlugin
2026-07-31 10:04:43,045 [INFO] IPUIPlugin:80 - create IPUIPlugin
2026-07-31 10:04:43,045 [INFO] IPUIPlugin:80 - create IPUIPlugin
2026-07-31 10:04:43,045 [INFO] IPUIPlugin:80 - create IPUIPlugin
2026-07-31 10:04:43,046 [INFO] IPUIPlugin:80 - create IPUIPlugin
2026-07-31 10:04:43,046 [INFO] IPUIPlugin:80 - create IPUIPlugin
2026-07-31 10:04:43,046 [INFO] IPUIPlugin:80 - create IPUIPlugin
2026-07-31 10:04:43,046 [INFO] IPUIPlugin:80 - create IPUIPlugin
2026-07-31 10:04:43,047 [INFO] IPUIPlugin:80 - create IPUIPlugin
2026-07-31 10:04:43,047 [INFO] IPUIPlugin:80 - create IPUIPlugin
2026-07-31 10:04:43,047 [INFO] IPUIPlugin:80 - create IPUIPlugin
2026-07-31 10:04:43,047 [INFO] IPUIPlugin:80 - create IPUIPlugin
2026-07-31 10:04:43,048 [INFO] IPUIPlugin:80 - create IPUIPlugin
2026-07-31 10:04:43,048 [INFO] IPUIPlugin:80 - create IPUIPlugin
2026-07-31 10:04:43,048 [INFO] IPUIPlugin:80 - create IPUIPlugin
2026-07-31 10:04:43,048 [INFO] IPUIPlugin:80 - create IPUIPlugin
2026-07-31 10:04:43,049 [INFO] IPUIPlugin:80 - create IPUIPlugin
2026-07-31 10:04:43,049 [INFO] IPUIPlugin:80 - create IPUIPlugin
2026-07-31 10:04:43,049 [INFO] IPUIPlugin:80 - create IPUIPlugin
2026-07-31 10:04:43,049 [INFO] IPUIPlugin:80 - create IPUIPlugin
2026-07-31 10:04:43,050 [INFO] IPUIPlugin:80 - create IPUIPlugin
2026-07-31 10:04:43,050 [INFO] IPUIPlugin:80 - create IPUIPlugin
2026-07-31 10:04:43,051 [INFO] IPUIPlugin:80 - create IPUIPlugin
2026-07-31 10:04:43,052 [INFO] IPUIPlugin:80 - create IPUIPlugin
2026-07-31 10:04:43,052 [INFO] IPUIPlugin:80 - create IPUIPlugin
2026-07-31 10:04:43,052 [INFO] IPUIPlugin:80 - create IPUIPlugin
2026-07-31 10:04:43,053 [INFO] IPUIPlugin:80 - create IPUIPlugin
2026-07-31 10:04:43,053 [INFO] IPUIPlugin:80 - create IPUIPlugin
2026-07-31 10:04:43,053 [INFO] IPUIPlugin:80 - create IPUIPlugin
2026-07-31 10:04:43,054 [INFO] IPUIPlugin:80 - create IPUIPlugin
2026-07-31 10:04:43,054 [INFO] IPUIPlugin:80 - create IPUIPlugin
2026-07-31 10:04:43,054 [INFO] IPUIPlugin:80 - create IPUIPlugin
2026-07-31 10:04:43,055 [INFO] IPUIPlugin:80 - create IPUIPlugin
2026-07-31 10:04:43,055 [INFO] IPUIPlugin:80 - create IPUIPlugin
2026-07-31 10:04:43,056 [INFO] IPUIPlugin:80 - create IPUIPlugin
2026-07-31 10:04:43,056 [INFO] IPUIPlugin:80 - create IPUIPlugin
2026-07-31 10:04:43,056 [INFO] IPUIPlugin:80 - create IPUIPlugin
2026-07-31 10:04:43,057 [INFO] IPUIPlugin:80 - create IPUIPlugin
2026-07-31 10:04:43,384 [INFO] CADModel:165 - CPN selected for project levelSTM32L4S5VIT6
2026-07-31 10:04:43,384 [INFO] CADModel:114 - Register for checkConnection events
2026-07-31 10:04:43,440 [INFO] OpenFileManager:386 - Restore cursor
2026-07-31 10:04:44,032 [WARN] IP:2250 - MaxTran not found: check if there is a RefParameter without a condition.
2026-07-31 10:04:44,032 [WARN] IP:2250 - Refresh not found: check if there is a RefParameter without a condition.
2026-07-31 10:04:44,033 [WARN] IP:2250 - MaxTran not found: check if there is a RefParameter without a condition.
2026-07-31 10:04:44,033 [WARN] IP:2250 - Refresh not found: check if there is a RefParameter without a condition.
2026-07-31 10:04:45,436 [INFO] UtilMem:75 - End SaveConfig() Used Memory: 926418880 Bytes (1073741824)
2026-07-31 10:04:45,626 [INFO] UtilMem:75 - End SaveConfig() Used Memory: 944742640 Bytes (1073741824)
2026-07-31 10:04:46,371 [INFO] BlockDiagram:2775 - set Specific Code input for plugin: SPI
2026-07-31 10:04:46,371 [INFO] BlockDiagram:2775 - set Specific Code input for plugin: SPI
2026-07-31 10:04:46,371 [INFO] BlockDiagram:2775 - set Specific Code input for plugin: DFSDM
2026-07-31 10:04:46,371 [INFO] BlockDiagram:2775 - set Specific Code input for plugin: SYS
2026-07-31 10:04:46,371 [INFO] BlockDiagram:2775 - set Specific Code input for plugin: ADC
2026-07-31 10:04:46,371 [INFO] BlockDiagram:2775 - set Specific Code input for plugin: RCC
2026-07-31 10:04:46,371 [INFO] BlockDiagram:2775 - set Specific Code input for plugin: I2C
2026-07-31 10:04:46,371 [INFO] BlockDiagram:2775 - set Specific Code input for plugin: I2C
2026-07-31 10:04:46,371 [INFO] BlockDiagram:2775 - set Specific Code input for plugin: USB_OTG_FS
2026-07-31 10:04:46,371 [INFO] BlockDiagram:2775 - set Specific Code input for plugin: NVIC
2026-07-31 10:04:46,371 [INFO] BlockDiagram:2775 - set Specific Code input for plugin: USART
2026-07-31 10:04:46,371 [INFO] BlockDiagram:2775 - set Specific Code input for plugin: USART
2026-07-31 10:04:46,371 [INFO] BlockDiagram:2775 - set Specific Code input for plugin: USART
2026-07-31 10:04:46,371 [INFO] BlockDiagram:2775 - set Specific Code input for plugin: OCTOSPI
2026-07-31 10:04:46,371 [INFO] BlockDiagram:2775 - set Specific Code input for plugin: UART
2026-07-31 10:04:46,372 [INFO] BlockDiagram:2775 - set Specific Code input for plugin: GPIO
2026-07-31 10:04:46,374 [INFO] CodeGenerator:892 - code generatio: config db path: C:\ST\STM32CubeIDE_1.19.0\STM32CubeIDE\plugins\com.st.stm32cube.common.mx_6.15.0.202507011659\\db\
2026-07-31 10:04:46,449 [WARN] IP:2250 - MaxTran not found: check if there is a RefParameter without a condition.
2026-07-31 10:04:46,449 [WARN] IP:2250 - Refresh not found: check if there is a RefParameter without a condition.
2026-07-31 10:04:46,750 [INFO] CodeEngine:265 - oldGeneratedFile, D:\TinyML_GJ\TinyML_Workshop\STM32\DL_Inference\MXTmpFiles\license.tmp_save
2026-07-31 10:04:47,360 [INFO] CodeEngine:289 - Generated code: D:\TinyML_GJ\TinyML_Workshop\STM32\DL_Inference\MXTmpFiles\license.tmp
2026-07-31 10:04:47,815 [INFO] CodeEngine:265 - oldGeneratedFile, D:\TinyML_GJ\TinyML_Workshop\STM32\DL_Inference\MXTmpFiles\gpio.tmp_save
2026-07-31 10:04:48,165 [INFO] CodeEngine:289 - Generated code: D:\TinyML_GJ\TinyML_Workshop\STM32\DL_Inference\MXTmpFiles\gpio.tmp
2026-07-31 10:04:51,309 [WARN] IPConfigManager:103 - WARNING: Missing Config File for USB ip!!
2026-07-31 10:04:51,505 [WARN] IPConfigManager:3238 - Warning: the RefConfig PWREx_EnableUSBVoltageDetector is not available in your config.xml file
2026-07-31 10:04:51,548 [INFO] CodeEngine:265 - oldGeneratedFile, D:\TinyML_GJ\TinyML_Workshop\STM32\DL_Inference\Core\Src\stm32l4xx_it.c_save
2026-07-31 10:04:51,830 [INFO] CodeEngine:289 - Generated code: D:\TinyML_GJ\TinyML_Workshop\STM32\DL_Inference\Core\Src\stm32l4xx_it.c
2026-07-31 10:04:51,854 [INFO] CodeEngine:265 - oldGeneratedFile, D:\TinyML_GJ\TinyML_Workshop\STM32\DL_Inference\Core\Inc\stm32l4xx_it.h_save
2026-07-31 10:04:51,957 [INFO] CodeEngine:289 - Generated code: D:\TinyML_GJ\TinyML_Workshop\STM32\DL_Inference\Core\Inc\stm32l4xx_it.h
2026-07-31 10:04:51,994 [INFO] CodeEngine:265 - oldGeneratedFile, D:\TinyML_GJ\TinyML_Workshop\STM32\DL_Inference\Core\Src\stm32l4xx_hal_msp.c_save
2026-07-31 10:04:52,383 [INFO] CodeEngine:289 - Generated code: D:\TinyML_GJ\TinyML_Workshop\STM32\DL_Inference\Core\Src\stm32l4xx_hal_msp.c
2026-07-31 10:04:52,405 [INFO] CodeEngine:265 - oldGeneratedFile, D:\TinyML_GJ\TinyML_Workshop\STM32\DL_Inference\MXTmpFiles\system.tmp_save
2026-07-31 10:04:52,512 [INFO] CodeEngine:289 - Generated code: D:\TinyML_GJ\TinyML_Workshop\STM32\DL_Inference\MXTmpFiles\system.tmp
2026-07-31 10:04:52,540 [INFO] CodeEngine:321 - oldGeneratedFile, D:\TinyML_GJ\TinyML_Workshop\STM32\DL_Inference\Core\Inc\stm32l4xx_hal_conf.h_save
2026-07-31 10:04:52,744 [INFO] CodeEngine:345 - Generated code: D:\TinyML_GJ\TinyML_Workshop\STM32\DL_Inference\Core\Inc\stm32l4xx_hal_conf.h
2026-07-31 10:04:52,839 [INFO] ApiDbMcu:532 - Load IP Config File for ADC1
2026-07-31 10:04:52,860 [INFO] ApiDbMcu:532 - Load IP Config File for DFSDM1
2026-07-31 10:04:52,866 [INFO] ApiDbMcu:532 - Load IP Config File for I2C1
2026-07-31 10:04:52,870 [INFO] ApiDbMcu:532 - Load IP Config File for I2C2
2026-07-31 10:04:52,873 [INFO] ApiDbMcu:532 - Load IP Config File for OCTOSPI1
2026-07-31 10:04:52,876 [INFO] ApiDbMcu:532 - Load IP Config File for SPI1
2026-07-31 10:04:52,879 [INFO] ApiDbMcu:532 - Load IP Config File for SPI3
2026-07-31 10:04:52,892 [INFO] ApiDbMcu:532 - Load IP Config File for UART4
2026-07-31 10:04:52,906 [INFO] ApiDbMcu:532 - Load IP Config File for USART1
2026-07-31 10:04:52,920 [INFO] ApiDbMcu:532 - Load IP Config File for USART2
2026-07-31 10:04:52,932 [INFO] ApiDbMcu:532 - Load IP Config File for USART3
2026-07-31 10:04:52,934 [ERROR] ApiDbMcu:560 - Cannot parse USB_OTG_FS_Config file : file do not exist
2026-07-31 10:04:52,934 [ERROR] ApiDbMcu:560 - Cannot parse USB_OTG_FS_Config file : file do not exist
2026-07-31 10:04:52,939 [INFO] ApiDbMcu:532 - Load IP Config File for RCC
2026-07-31 10:04:52,945 [WARN] IPConfigManager:3811 - IP not found : USB_OTG
2026-07-31 10:04:52,948 [WARN] CodeGenerator:4259 - IP not found : null
2026-07-31 10:04:52,959 [INFO] CodeEngine:265 - oldGeneratedFile, D:\TinyML_GJ\TinyML_Workshop\STM32\DL_Inference\Core\Inc\main.h_save
2026-07-31 10:04:53,219 [INFO] CodeEngine:289 - Generated code: D:\TinyML_GJ\TinyML_Workshop\STM32\DL_Inference\Core\Inc\main.h
2026-07-31 10:04:53,244 [INFO] CodeEngine:265 - oldGeneratedFile, D:\TinyML_GJ\TinyML_Workshop\STM32\DL_Inference\Core\Src\main.c_save
2026-07-31 10:04:53,515 [INFO] CodeEngine:289 - Generated code: D:\TinyML_GJ\TinyML_Workshop\STM32\DL_Inference\Core\Src\main.c
2026-07-31 10:04:54,156 [INFO] ProjectBuilder:3606 - Time for Copy HAL[1] : 287mS.
2026-07-31 10:04:54,167 [INFO] ProjectBuilder:5216 - Project Generator version: 4.7.0-B52
2026-07-31 10:04:54,293 [INFO] ConfigFileManager:1595 - The Die is : DIE470
2026-07-31 10:04:54,308 [INFO] ApiDbMcu:532 - Load IP Config File for FATFS
2026-07-31 10:04:54,315 [INFO] ApiDbMcu:532 - Load IP Config File for FREERTOS
2026-07-31 10:04:54,332 [INFO] ApiDbMcu:532 - Load IP Config File for TOUCHSENSING
2026-07-31 10:04:54,343 [INFO] ApiDbMcu:532 - Load IP Config File for USB_DEVICE
2026-07-31 10:04:54,349 [INFO] ApiDbMcu:532 - Load IP Config File for USB_HOST
2026-07-31 10:04:55,022 [INFO] LogOutputStream:77 - [STDOUT_REDIRECT] 
2026-07-31 10:04:58,554 [INFO] ProjectBuilder:5496 - Time for Generating toolchain IDE Files: 4386mS.
2026-07-31 10:04:58,555 [INFO] ProjectBuilder:3463 - Time for Copy CMSIS : 1mS.
2026-07-31 10:04:58,556 [INFO] ProjectBuilder:3463 - Time for Copy CMSIS : 0mS.
2026-07-31 10:04:59,974 [INFO] McuFinderGlobals:76 - Set McuFinderConnectedMode to true
2026-07-31 10:04:59,980 [INFO] ApiDb:448 - Save user favorites file C:\Users\ADMIN/.stm32cubeide/favorites.mcus.txt: 0 item(s)
2026-07-31 10:04:59,981 [INFO] ApiDb:452 - User favorites MCUs=[]
2026-07-31 10:04:59,984 [INFO] ApiDb:448 - Save user favorites file C:\Users\ADMIN/.stm32cubeide/favorites.boards.txt: 1 item(s)
2026-07-31 10:04:59,984 [INFO] ApiDb:452 - User favorites Boards=[B-L4S5I-IOT01A]
2026-07-31 10:06:22,954 [INFO] I2cTimingTraitement:330 - 0x30A175AB
2026-07-31 10:08:03,956 [INFO] ApiDbMcu:532 - Load IP Config File for STMicroelectronics.X-CUBE-AI.10.2.1
2026-07-31 10:08:04,462 [WARN] SupportedApi:132 - Cannot load RTOS API schema: s4s-elt-must-match.1: The content of 'definitions' must match (annotation?, (simpleType | complexType)?, (unique | key | keyref)*)). A problem was found starting at: attribute.
2026-07-31 10:08:04,521 [INFO] IPUIPlugin:80 - create IPUIPlugin
2026-07-31 10:08:04,597 [INFO] PluginManager:220 - loadIPPluginJar : add ai.10.2.1
2026-07-31 10:08:05,598 [INFO] IPUIPlugin:80 - create IPUIPlugin
2026-07-31 10:08:06,418 [INFO] ServerAccessManage:452 - Complete download http(s) 200
2026-07-31 10:08:06,418 [INFO] ServerAccessManage:509 - Download File 
2026-07-31 10:08:06,422 [INFO] LoadUrlFilesThread:185 - End of LoadServerUrlFiles without Thread
2026-07-31 10:08:19,442 [INFO] AIMainUI:1269 - Restoring parameters from IP...
2026-07-31 10:08:19,442 [INFO] AIMainUI:1392 - No old model detected
2026-07-31 10:08:19,483 [INFO] AI:955 - getUI adding AI com.st.microxplorer.plugins.ip.ai.AI@338fe57b on STMicroelectronics.X-CUBE-AI.10.2.1
2026-07-31 10:08:35,792 [INFO] AInterface:116 - AInterface using toolDir: C:/Users/ADMIN/STM32Cube/Repository//Packs/STMicroelectronics/X-CUBE-AI/10.2.1/Utilities/windows
2026-07-31 10:08:35,839 [INFO] AIModelDetailledView:2264 - Analysis status: -
2026-07-31 10:08:35,840 [INFO] AIModelDetailledView:898 - Selected model: Keras
2026-07-31 10:08:40,338 [INFO] AIModelDetailledView:898 - Selected model: ONNX
2026-07-31 10:10:15,645 [INFO] AInterface:259 - ModelName:network; files:[D:\TinyML_GJ\TinyML_Workshop\ONNX\mlp_model.onnx]; type:ONNX; compression:None
2026-07-31 10:10:15,647 [INFO] AInterface:526 - workspaceTempDir: C:/Users/ADMIN/AppData/Local/Temp/mxAI_workspace85548666421212001752058707035683114
2026-07-31 10:10:15,649 [INFO] AInterface:1179 - Setting Env: C:/Users/ADMIN/STM32Cube/Repository//Packs/STMicroelectronics/X-CUBE-AI/10.2.1/Utilities/windows
2026-07-31 10:10:15,859 [INFO] STM32CubeIDEBuilder:265 - Looking for gnu-tools-for-stm32 tools/bin/arm-none-eabi-gcc.exe in C:\ST\STM32CubeIDE_1.19.0\STM32CubeIDE
2026-07-31 10:10:15,862 [INFO] STM32CubeIDEBuilder:294 - checking C:\ST\STM32CubeIDE_1.19.0\STM32CubeIDE\plugins\com.st.stm32cube.ide.mcu.externaltools.gnu-tools-for-stm32.13.3.rel1.win32_1.0.0.202411081344\tools\bin\arm-none-eabi-gcc.exe
2026-07-31 10:10:15,863 [INFO] STM32CubeIDEBuilder:297 - ret=C:\ST\STM32CubeIDE_1.19.0\STM32CubeIDE\plugins\com.st.stm32cube.ide.mcu.externaltools.gnu-tools-for-stm32.13.3.rel1.win32_1.0.0.202411081344\tools\bin\arm-none-eabi-gcc.exe
2026-07-31 10:10:15,863 [INFO] STM32CubeIDEBuilder:311 - returning C:\ST\STM32CubeIDE_1.19.0\STM32CubeIDE\plugins\com.st.stm32cube.ide.mcu.externaltools.gnu-tools-for-stm32.13.3.rel1.win32_1.0.0.202411081344\tools\bin\arm-none-eabi-gcc.exe
2026-07-31 10:10:15,864 [INFO] AInterface:1236 - Custom PATH variable: C:/Users/ADMIN/STM32Cube/Repository//Packs/STMicroelectronics/X-CUBE-AI/10.2.1/Utilities/windows;C:/Users/ADMIN/STM32Cube/Repository//Packs/STMicroelectronics/X-CUBE-AI/10.2.1/Utilities/windows/mingw64/bin;C:/Users/ADMIN/STM32Cube/Repository//Packs/STMicroelectronics/X-CUBE-AI/10.2.1/Utilities/windows/mingw64/libexec/gcc/x86_64-w64-mingw32/7.3.0;;C:\ST\STM32CubeIDE_1.19.0\STM32CubeIDE\plugins\com.st.stm32cube.ide.mcu.externaltools.gnu-tools-for-stm32.13.3.rel1.win32_1.0.0.202411081344\tools\bin
2026-07-31 10:10:15,882 [INFO] CmdLine:115 - Command: C:/Users/ADMIN/STM32Cube/Repository//Packs/STMicroelectronics/X-CUBE-AI/10.2.1/Utilities/windows/stedgeai.exe analyze --target stm32l4 --name network -m D:/TinyML_GJ/TinyML_Workshop/ONNX/mlp_model.onnx --compression none --verbosity 1 --workspace C:/Users/ADMIN/AppData/Local/Temp/mxAI_workspace85548666421212001752058707035683114 --output C:/Users/ADMIN/.stm32cubemx/network_output
2026-07-31 10:10:15,891 [INFO] AIModelDetailledView:2264 - Analysis status: pending
2026-07-31 10:10:26,566 [INFO] CmdLine:76 - ST Edge AI Core v2.2.0-20266 2adc00962
2026-07-31 10:10:45,238 [INFO] CmdLine:76 - Creating c (debug) info json file C:\Users\ADMIN\.stm32cubemx\network_output\network_c_info.json
2026-07-31 10:10:45,274 [INFO] CmdLine:76 -  
2026-07-31 10:10:45,274 [INFO] CmdLine:76 -  Exec/report summary (analyze)
2026-07-31 10:10:45,275 [INFO] CmdLine:76 -  -------------------------------------------------------------------------------------------------------------
2026-07-31 10:10:45,275 [INFO] CmdLine:76 -  model file         :   D:\TinyML_GJ\TinyML_Workshop\ONNX\mlp_model.onnx                                      
2026-07-31 10:10:45,276 [INFO] CmdLine:76 -  type               :   onnx                                                                                  
2026-07-31 10:10:45,277 [INFO] CmdLine:76 -  c_name             :   network                                                                               
2026-07-31 10:10:45,277 [INFO] CmdLine:76 -  compression        :   none                                                                                  
2026-07-31 10:10:45,278 [INFO] CmdLine:76 -  options            :   allocate-inputs, allocate-outputs                                                     
2026-07-31 10:10:45,279 [INFO] CmdLine:76 -  optimization       :   balanced                                                                              
2026-07-31 10:10:45,279 [INFO] CmdLine:76 -  target/series      :   stm32l4                                                                               
2026-07-31 10:10:45,280 [INFO] CmdLine:76 -  workspace dir      :   C:\Users\ADMIN\AppData\Local\Temp\mxAI_workspace85548666421212001752058707035683114   
2026-07-31 10:10:45,286 [INFO] CmdLine:76 -  output dir         :   C:\Users\ADMIN\.stm32cubemx\network_output                                            
2026-07-31 10:10:45,287 [INFO] CmdLine:76 -  model_fmt          :   float                                                                                 
2026-07-31 10:10:45,288 [INFO] CmdLine:76 -  model_name         :   mlp_model                                                                             
2026-07-31 10:10:45,288 [INFO] CmdLine:76 -  model_hash         :   0xdeea65ffd24f71ddeacb634c57bdc030                                                    
2026-07-31 10:10:45,289 [INFO] CmdLine:76 -  params #           :   2,693 items (10.52 KiB)                                                               
2026-07-31 10:10:45,290 [INFO] CmdLine:76 -  -------------------------------------------------------------------------------------------------------------
2026-07-31 10:10:45,290 [INFO] CmdLine:76 -  input 1/1          :   'input', f32(1x6), 24 Bytes, activations                                              
2026-07-31 10:10:45,291 [INFO] CmdLine:76 -  output 1/1         :   'output', f32(1x5), 20 Bytes, activations                                             
2026-07-31 10:10:45,291 [INFO] CmdLine:76 -  macc               :   2,789                                                                                 
2026-07-31 10:10:45,293 [INFO] CmdLine:76 -  weights (ro)       :   10,772 B (10.52 KiB) (1 segment)                                                      
2026-07-31 10:10:45,294 [INFO] CmdLine:76 -  activations (rw)   :   384 B (384 B) (1 segment) *                                                           
2026-07-31 10:10:45,294 [INFO] CmdLine:76 -  ram (total)        :   384 B (384 B) = 384 + 0 + 0                                                           
2026-07-31 10:10:45,295 [INFO] CmdLine:76 -  -------------------------------------------------------------------------------------------------------------
2026-07-31 10:10:45,295 [INFO] CmdLine:76 -  (*) 'input'/'output' buffers are allocated in the activations buffer
2026-07-31 10:10:45,296 [INFO] CmdLine:76 - Computing AI RT data/code size (target=stm32l4)..
2026-07-31 10:10:47,790 [INFO] CmdLine:76 -  Model name - mlp_model
2026-07-31 10:10:47,791 [INFO] CmdLine:76 -  ------ ------------------- ------------- ------------- ------- --------------
2026-07-31 10:10:47,792 [INFO] CmdLine:76 -  m_id   layer (original)    oshape        param/size       macc   connected to
2026-07-31 10:10:47,793 [INFO] CmdLine:76 -  ------ ------------------- ------------- ------------- ------- --------------
2026-07-31 10:10:47,794 [INFO] CmdLine:76 -  1      fc1_weight (Gemm)   [b:64,c:6]    384/1,536
2026-07-31 10:10:47,794 [INFO] CmdLine:76 -         fc1_bias (Gemm)     [b:64]        64/256
2026-07-31 10:10:47,795 [INFO] CmdLine:76 -  ------ ------------------- ------------- ------------- ------- --------------
2026-07-31 10:10:47,796 [INFO] CmdLine:76 -  3      fc2_weight (Gemm)   [b:32,c:64]   2,048/8,192
2026-07-31 10:10:47,797 [INFO] CmdLine:76 -         fc2_bias (Gemm)     [b:32]        32/128
2026-07-31 10:10:47,797 [INFO] CmdLine:76 -  ------ ------------------- ------------- ------------- ------- --------------
2026-07-31 10:10:47,800 [INFO] CmdLine:76 -  5      fc3_weight (Gemm)   [b:5,c:32]    160/640
2026-07-31 10:10:47,802 [INFO] CmdLine:76 -         fc3_bias (Gemm)     [b:5]         5/20
2026-07-31 10:10:47,803 [INFO] CmdLine:76 -  ------ ------------------- ------------- ------------- ------- --------------
2026-07-31 10:10:47,804 [INFO] CmdLine:76 -  0      input ()            [b:1,c:6]
2026-07-31 10:10:47,805 [INFO] CmdLine:76 -  ------ ------------------- ------------- ------------- ------- --------------
2026-07-31 10:10:47,805 [INFO] CmdLine:76 -  1      linear (Gemm)       [b:1,c:64]                      448          input
2026-07-31 10:10:47,806 [INFO] CmdLine:76 -                                                                     fc1_weight
2026-07-31 10:10:47,807 [INFO] CmdLine:76 -                                                                       fc1_bias
2026-07-31 10:10:47,807 [INFO] CmdLine:76 -  ------ ------------------- ------------- ------------- ------- --------------
2026-07-31 10:10:47,808 [INFO] CmdLine:76 -  2      relu (Relu)         [b:1,c:64]                       64         linear
2026-07-31 10:10:47,809 [INFO] CmdLine:76 -  ------ ------------------- ------------- ------------- ------- --------------
2026-07-31 10:10:47,810 [INFO] CmdLine:76 -  3      linear_1 (Gemm)     [b:1,c:32]                    2,080           relu
2026-07-31 10:10:47,810 [INFO] CmdLine:76 -                                                                     fc2_weight
2026-07-31 10:10:47,813 [INFO] CmdLine:76 -                                                                       fc2_bias
2026-07-31 10:10:47,813 [INFO] CmdLine:76 -  ------ ------------------- ------------- ------------- ------- --------------
2026-07-31 10:10:47,813 [INFO] CmdLine:76 -  4      relu_1 (Relu)       [b:1,c:32]                       32       linear_1
2026-07-31 10:10:47,814 [INFO] CmdLine:76 -  ------ ------------------- ------------- ------------- ------- --------------
2026-07-31 10:10:47,814 [INFO] CmdLine:76 -  5      output (Gemm)       [b:1,c:5]                       165         relu_1
2026-07-31 10:10:47,815 [INFO] CmdLine:76 -                                                                     fc3_weight
2026-07-31 10:10:47,816 [INFO] CmdLine:76 -                                                                       fc3_bias
2026-07-31 10:10:47,817 [INFO] CmdLine:76 -  ------ ------------------- ------------- ------------- ------- --------------
2026-07-31 10:10:47,818 [INFO] CmdLine:76 -  model: macc=2,789 weights=10,772 activations=-- io=--
2026-07-31 10:10:47,819 [INFO] CmdLine:76 -  Number of operations per c-layer
2026-07-31 10:10:47,820 [INFO] CmdLine:76 -  ------- ------ ----------------------- ------- --------------
2026-07-31 10:10:47,821 [INFO] CmdLine:76 -  c_id    m_id   name (type)                 #op           type
2026-07-31 10:10:47,821 [INFO] CmdLine:76 -  ------- ------ ----------------------- ------- --------------
2026-07-31 10:10:47,822 [INFO] CmdLine:76 -  0       1      linear (Dense)              448   smul_f32_f32
2026-07-31 10:10:47,822 [INFO] CmdLine:76 -  1       2      relu (Nonlinearity)          64     op_f32_f32
2026-07-31 10:10:47,822 [INFO] CmdLine:76 -  2       3      linear_1 (Dense)          2,080   smul_f32_f32
2026-07-31 10:10:47,823 [INFO] CmdLine:76 -  3       4      relu_1 (Nonlinearity)        32     op_f32_f32
2026-07-31 10:10:47,823 [INFO] CmdLine:76 -  4       5      output (Dense)              165   smul_f32_f32
2026-07-31 10:10:47,826 [INFO] CmdLine:76 -  ------- ------ ----------------------- ------- --------------
2026-07-31 10:10:47,827 [INFO] CmdLine:76 -  total                                    2,789
2026-07-31 10:10:47,827 [INFO] CmdLine:76 -  Number of operation types
2026-07-31 10:10:47,827 [INFO] CmdLine:76 -  ---------------- ------- -----------
2026-07-31 10:10:47,828 [INFO] CmdLine:76 -  operation type         #           %
2026-07-31 10:10:47,828 [INFO] CmdLine:76 -  ---------------- ------- -----------
2026-07-31 10:10:47,829 [INFO] CmdLine:76 -  smul_f32_f32       2,693       96.6%
2026-07-31 10:10:47,829 [INFO] CmdLine:76 -  op_f32_f32            96        3.4%
2026-07-31 10:10:47,830 [INFO] CmdLine:76 -  Complexity report (model)
2026-07-31 10:10:47,830 [INFO] CmdLine:76 -  ------ ------------ ------------------------- ------------------------- ------
2026-07-31 10:10:47,831 [INFO] CmdLine:76 -  m_id   name         c_macc                    c_rom                     c_id
2026-07-31 10:10:47,831 [INFO] CmdLine:76 -  ------ ------------ ------------------------- ------------------------- ------
2026-07-31 10:10:47,831 [INFO] CmdLine:76 -  1      fc1_weight   ||||              16.1%   ||||              16.6%   [0]
2026-07-31 10:10:47,832 [INFO] CmdLine:76 -  3      fc2_weight   ||||||||||||||||  74.6%   ||||||||||||||||  77.2%   [2]
2026-07-31 10:10:47,832 [INFO] CmdLine:76 -  5      fc3_weight   ||                 5.9%   ||                 6.1%   [4]
2026-07-31 10:10:47,833 [INFO] CmdLine:76 -  2      relu         |                  2.3%   |                  0.0%   [1]
2026-07-31 10:10:47,834 [INFO] CmdLine:76 -  4      relu_1       |                  1.1%   |                  0.0%   [3]
2026-07-31 10:10:47,834 [INFO] CmdLine:76 -  ------ ------------ ------------------------- ------------------------- ------
2026-07-31 10:10:47,835 [INFO] CmdLine:76 -  macc=2,789 weights=10,772 act=384 ram_io=0
2026-07-31 10:10:47,835 [INFO] CmdLine:76 -  Requested memory size by section - "stm32l4" target
2026-07-31 10:10:47,836 [INFO] CmdLine:76 -  ------------------------------ ------- -------- ------- -----
2026-07-31 10:10:47,836 [INFO] CmdLine:76 -  module                            text   rodata    data   bss
2026-07-31 10:10:47,836 [INFO] CmdLine:76 -  ------------------------------ ------- -------- ------- -----
2026-07-31 10:10:47,837 [INFO] CmdLine:76 -  NetworkRuntime1020_CM4_GCC.a     6,452        0       0     0
2026-07-31 10:10:47,837 [INFO] CmdLine:76 -  network.o                          528       40   1,584   140
2026-07-31 10:10:47,837 [INFO] CmdLine:76 -  network_data.o                      48       16      88     0
2026-07-31 10:10:47,838 [INFO] CmdLine:76 -  lib (toolchain)*                     0        0       0     0
2026-07-31 10:10:47,838 [INFO] CmdLine:76 -  ------------------------------ ------- -------- ------- -----
2026-07-31 10:10:47,839 [INFO] CmdLine:76 -  RT total**                       7,028       56   1,672   140
2026-07-31 10:10:47,839 [INFO] CmdLine:76 -  ------------------------------ ------- -------- ------- -----
2026-07-31 10:10:47,839 [INFO] CmdLine:76 -  weights                              0   10,776       0     0
2026-07-31 10:10:47,840 [INFO] CmdLine:76 -  activations                          0        0       0   384
2026-07-31 10:10:47,840 [INFO] CmdLine:76 -  io                                   0        0       0     0
2026-07-31 10:10:47,840 [INFO] CmdLine:76 -  ------------------------------ ------- -------- ------- -----
2026-07-31 10:10:47,841 [INFO] CmdLine:76 -  TOTAL                            7,028   10,832   1,672   524
2026-07-31 10:10:47,841 [INFO] CmdLine:76 -  ------------------------------ ------- -------- ------- -----
2026-07-31 10:10:47,841 [INFO] CmdLine:76 -  *  toolchain objects (libm/libgcc*)
2026-07-31 10:10:47,842 [INFO] CmdLine:76 -  ** RT AI runtime objects (kernels+infrastructure)
2026-07-31 10:10:47,842 [INFO] CmdLine:76 -   Summary - "stm32l4" target
2026-07-31 10:10:47,842 [INFO] CmdLine:76 -   ---------------------------------------------------
2026-07-31 10:10:47,842 [INFO] CmdLine:76 -                FLASH (ro)      %*   RAM (rw)       %
2026-07-31 10:10:47,843 [INFO] CmdLine:76 -   ---------------------------------------------------
2026-07-31 10:10:47,843 [INFO] CmdLine:76 -   RT total          8,756   44.8%      1,812   82.5%
2026-07-31 10:10:47,843 [INFO] CmdLine:76 -   ---------------------------------------------------
2026-07-31 10:10:47,844 [INFO] CmdLine:76 -   TOTAL            19,532              2,196
2026-07-31 10:10:47,844 [INFO] CmdLine:76 -   ---------------------------------------------------
2026-07-31 10:10:47,844 [INFO] CmdLine:76 -   *  rt/total
2026-07-31 10:10:47,845 [INFO] CmdLine:76 - Creating txt report file C:\Users\ADMIN\.stm32cubemx\network_output\network_analyze_report.txt
2026-07-31 10:11:03,723 [INFO] CmdLine:76 - elapsed time (analyze): 37.152s
2026-07-31 10:11:04,422 [INFO] CmdLine:148 - stedgeai exit with status: 0
2026-07-31 10:11:04,443 [INFO] AIModelDetailledView:1077 - Model file:      mlp_model.onnx
2026-07-31 10:11:04,443 [INFO] AIModelDetailledView:1077 - Total Flash:     19528 B (19.07 KiB)
2026-07-31 10:11:04,444 [INFO] AIModelDetailledView:1077 -     Weights:     10772 B (10.52 KiB)
2026-07-31 10:11:04,444 [INFO] AIModelDetailledView:1077 -     Library:     8756 B (8.55 KiB)
2026-07-31 10:11:04,445 [INFO] AIModelDetailledView:1077 - Total Ram:       2196 B (2.14 KiB)
2026-07-31 10:11:04,445 [INFO] AIModelDetailledView:1077 -     Activations: 384 B
2026-07-31 10:11:04,446 [INFO] AIModelDetailledView:1077 -     Library:     1812 B (1.77 KiB)
2026-07-31 10:11:04,446 [INFO] AIModelDetailledView:1077 -     Input:       24 B (included in Activations)
2026-07-31 10:11:04,446 [INFO] AIModelDetailledView:1077 -     Output:      20 B (included in Activations)
2026-07-31 10:11:04,447 [INFO] AIModelDetailledView:1077 - Done
2026-07-31 10:11:04,447 [INFO] AIModelDetailledView:2598 - Analyze complete on AI model
2026-07-31 10:11:04,641 [INFO] AIModelDetailledView:2264 - Analysis status: done
2026-07-31 10:11:18,305 [INFO] UtilMem:75 - End SaveConfig() Used Memory: 756180328 Bytes (1073741824)
2026-07-31 10:11:18,632 [INFO] AIModelDetailledView:2264 - Analysis status: -
2026-07-31 10:11:18,636 [INFO] AInterface:259 - ModelName:network; files:[D:\TinyML_GJ\TinyML_Workshop\ONNX\mlp_model.onnx]; type:ONNX; compression:None
2026-07-31 10:11:18,637 [INFO] AInterface:526 - workspaceTempDir: C:/Users/ADMIN/AppData/Local/Temp/mxAI_workspace855492963208499910327654081721826131
2026-07-31 10:11:18,637 [INFO] AInterface:1179 - Setting Env: C:/Users/ADMIN/STM32Cube/Repository//Packs/STMicroelectronics/X-CUBE-AI/10.2.1/Utilities/windows
2026-07-31 10:11:18,643 [INFO] STM32CubeIDEBuilder:265 - Looking for gnu-tools-for-stm32 tools/bin/arm-none-eabi-gcc.exe in C:\ST\STM32CubeIDE_1.19.0\STM32CubeIDE
2026-07-31 10:11:18,647 [INFO] STM32CubeIDEBuilder:294 - checking C:\ST\STM32CubeIDE_1.19.0\STM32CubeIDE\plugins\com.st.stm32cube.ide.mcu.externaltools.gnu-tools-for-stm32.13.3.rel1.win32_1.0.0.202411081344\tools\bin\arm-none-eabi-gcc.exe
2026-07-31 10:11:18,647 [INFO] STM32CubeIDEBuilder:297 - ret=C:\ST\STM32CubeIDE_1.19.0\STM32CubeIDE\plugins\com.st.stm32cube.ide.mcu.externaltools.gnu-tools-for-stm32.13.3.rel1.win32_1.0.0.202411081344\tools\bin\arm-none-eabi-gcc.exe
2026-07-31 10:11:18,647 [INFO] STM32CubeIDEBuilder:311 - returning C:\ST\STM32CubeIDE_1.19.0\STM32CubeIDE\plugins\com.st.stm32cube.ide.mcu.externaltools.gnu-tools-for-stm32.13.3.rel1.win32_1.0.0.202411081344\tools\bin\arm-none-eabi-gcc.exe
2026-07-31 10:11:18,648 [INFO] AInterface:1236 - Custom PATH variable: C:/Users/ADMIN/STM32Cube/Repository//Packs/STMicroelectronics/X-CUBE-AI/10.2.1/Utilities/windows;C:/Users/ADMIN/STM32Cube/Repository//Packs/STMicroelectronics/X-CUBE-AI/10.2.1/Utilities/windows/mingw64/bin;C:/Users/ADMIN/STM32Cube/Repository//Packs/STMicroelectronics/X-CUBE-AI/10.2.1/Utilities/windows/mingw64/libexec/gcc/x86_64-w64-mingw32/7.3.0;;C:\ST\STM32CubeIDE_1.19.0\STM32CubeIDE\plugins\com.st.stm32cube.ide.mcu.externaltools.gnu-tools-for-stm32.13.3.rel1.win32_1.0.0.202411081344\tools\bin
2026-07-31 10:11:18,651 [INFO] CmdLine:115 - Command: C:/Users/ADMIN/STM32Cube/Repository//Packs/STMicroelectronics/X-CUBE-AI/10.2.1/Utilities/windows/stedgeai.exe analyze --target stm32l4 --name network -m D:/TinyML_GJ/TinyML_Workshop/ONNX/mlp_model.onnx --compression none --verbosity 1 --workspace C:/Users/ADMIN/AppData/Local/Temp/mxAI_workspace855492963208499910327654081721826131 --output C:/Users/ADMIN/.stm32cubemx/network_output
2026-07-31 10:11:18,652 [INFO] AIModelDetailledView:2264 - Analysis status: pending
2026-07-31 10:11:19,474 [INFO] CmdLine:76 - ST Edge AI Core v2.2.0-20266 2adc00962
2026-07-31 10:11:28,795 [INFO] CmdLine:76 - Creating c (debug) info json file C:\Users\ADMIN\.stm32cubemx\network_output\network_c_info.json
2026-07-31 10:11:28,823 [INFO] CmdLine:76 -  
2026-07-31 10:11:28,823 [INFO] CmdLine:76 -  Exec/report summary (analyze)
2026-07-31 10:11:28,823 [INFO] CmdLine:76 -  --------------------------------------------------------------------------------------------------------------
2026-07-31 10:11:28,824 [INFO] CmdLine:76 -  model file         :   D:\TinyML_GJ\TinyML_Workshop\ONNX\mlp_model.onnx                                       
2026-07-31 10:11:28,824 [INFO] CmdLine:76 -  type               :   onnx                                                                                   
2026-07-31 10:11:28,824 [INFO] CmdLine:76 -  c_name             :   network                                                                                
2026-07-31 10:11:28,824 [INFO] CmdLine:76 -  compression        :   none                                                                                   
2026-07-31 10:11:28,824 [INFO] CmdLine:76 -  options            :   allocate-inputs, allocate-outputs                                                      
2026-07-31 10:11:28,824 [INFO] CmdLine:76 -  optimization       :   balanced                                                                               
2026-07-31 10:11:28,824 [INFO] CmdLine:76 -  target/series      :   stm32l4                                                                                
2026-07-31 10:11:28,824 [INFO] CmdLine:76 -  workspace dir      :   C:\Users\ADMIN\AppData\Local\Temp\mxAI_workspace855492963208499910327654081721826131   
2026-07-31 10:11:28,824 [INFO] CmdLine:76 -  output dir         :   C:\Users\ADMIN\.stm32cubemx\network_output                                             
2026-07-31 10:11:28,825 [INFO] CmdLine:76 -  model_fmt          :   float                                                                                  
2026-07-31 10:11:28,825 [INFO] CmdLine:76 -  model_name         :   mlp_model                                                                              
2026-07-31 10:11:28,825 [INFO] CmdLine:76 -  model_hash         :   0xdeea65ffd24f71ddeacb634c57bdc030                                                     
2026-07-31 10:11:28,825 [INFO] CmdLine:76 -  params #           :   2,693 items (10.52 KiB)                                                                
2026-07-31 10:11:28,825 [INFO] CmdLine:76 -  --------------------------------------------------------------------------------------------------------------
2026-07-31 10:11:28,825 [INFO] CmdLine:76 -  input 1/1          :   'input', f32(1x6), 24 Bytes, activations                                               
2026-07-31 10:11:28,825 [INFO] CmdLine:76 -  output 1/1         :   'output', f32(1x5), 20 Bytes, activations                                              
2026-07-31 10:11:28,825 [INFO] CmdLine:76 -  macc               :   2,789                                                                                  
2026-07-31 10:11:28,826 [INFO] CmdLine:76 -  weights (ro)       :   10,772 B (10.52 KiB) (1 segment)                                                       
2026-07-31 10:11:28,826 [INFO] CmdLine:76 -  activations (rw)   :   384 B (384 B) (1 segment) *                                                            
2026-07-31 10:11:28,826 [INFO] CmdLine:76 -  ram (total)        :   384 B (384 B) = 384 + 0 + 0                                                            
2026-07-31 10:11:28,826 [INFO] CmdLine:76 -  --------------------------------------------------------------------------------------------------------------
2026-07-31 10:11:28,826 [INFO] CmdLine:76 -  (*) 'input'/'output' buffers are allocated in the activations buffer
2026-07-31 10:11:28,830 [INFO] CmdLine:76 - Computing AI RT data/code size (target=stm32l4)..
2026-07-31 10:11:30,503 [INFO] CmdLine:76 -  Model name - mlp_model
2026-07-31 10:11:30,505 [INFO] CmdLine:76 -  ------ ------------------- ------------- ------------- ------- --------------
2026-07-31 10:11:30,505 [INFO] CmdLine:76 -  m_id   layer (original)    oshape        param/size       macc   connected to
2026-07-31 10:11:30,505 [INFO] CmdLine:76 -  ------ ------------------- ------------- ------------- ------- --------------
2026-07-31 10:11:30,506 [INFO] CmdLine:76 -  1      fc1_weight (Gemm)   [b:64,c:6]    384/1,536
2026-07-31 10:11:30,506 [INFO] CmdLine:76 -         fc1_bias (Gemm)     [b:64]        64/256
2026-07-31 10:11:30,506 [INFO] CmdLine:76 -  ------ ------------------- ------------- ------------- ------- --------------
2026-07-31 10:11:30,507 [INFO] CmdLine:76 -  3      fc2_weight (Gemm)   [b:32,c:64]   2,048/8,192
2026-07-31 10:11:30,507 [INFO] CmdLine:76 -         fc2_bias (Gemm)     [b:32]        32/128
2026-07-31 10:11:30,507 [INFO] CmdLine:76 -  ------ ------------------- ------------- ------------- ------- --------------
2026-07-31 10:11:30,508 [INFO] CmdLine:76 -  5      fc3_weight (Gemm)   [b:5,c:32]    160/640
2026-07-31 10:11:30,508 [INFO] CmdLine:76 -         fc3_bias (Gemm)     [b:5]         5/20
2026-07-31 10:11:30,508 [INFO] CmdLine:76 -  ------ ------------------- ------------- ------------- ------- --------------
2026-07-31 10:11:30,509 [INFO] CmdLine:76 -  0      input ()            [b:1,c:6]
2026-07-31 10:11:30,509 [INFO] CmdLine:76 -  ------ ------------------- ------------- ------------- ------- --------------
2026-07-31 10:11:30,509 [INFO] CmdLine:76 -  1      linear (Gemm)       [b:1,c:64]                      448          input
2026-07-31 10:11:30,510 [INFO] CmdLine:76 -                                                                     fc1_weight
2026-07-31 10:11:30,510 [INFO] CmdLine:76 -                                                                       fc1_bias
2026-07-31 10:11:30,510 [INFO] CmdLine:76 -  ------ ------------------- ------------- ------------- ------- --------------
2026-07-31 10:11:30,511 [INFO] CmdLine:76 -  2      relu (Relu)         [b:1,c:64]                       64         linear
2026-07-31 10:11:30,511 [INFO] CmdLine:76 -  ------ ------------------- ------------- ------------- ------- --------------
2026-07-31 10:11:30,511 [INFO] CmdLine:76 -  3      linear_1 (Gemm)     [b:1,c:32]                    2,080           relu
2026-07-31 10:11:30,512 [INFO] CmdLine:76 -                                                                     fc2_weight
2026-07-31 10:11:30,512 [INFO] CmdLine:76 -                                                                       fc2_bias
2026-07-31 10:11:30,513 [INFO] CmdLine:76 -  ------ ------------------- ------------- ------------- ------- --------------
2026-07-31 10:11:30,514 [INFO] CmdLine:76 -  4      relu_1 (Relu)       [b:1,c:32]                       32       linear_1
2026-07-31 10:11:30,514 [INFO] CmdLine:76 -  ------ ------------------- ------------- ------------- ------- --------------
2026-07-31 10:11:30,515 [INFO] CmdLine:76 -  5      output (Gemm)       [b:1,c:5]                       165         relu_1
2026-07-31 10:11:30,515 [INFO] CmdLine:76 -                                                                     fc3_weight
2026-07-31 10:11:30,515 [INFO] CmdLine:76 -                                                                       fc3_bias
2026-07-31 10:11:30,516 [INFO] CmdLine:76 -  ------ ------------------- ------------- ------------- ------- --------------
2026-07-31 10:11:30,516 [INFO] CmdLine:76 -  model: macc=2,789 weights=10,772 activations=-- io=--
2026-07-31 10:11:30,516 [INFO] CmdLine:76 -  Number of operations per c-layer
2026-07-31 10:11:30,516 [INFO] CmdLine:76 -  ------- ------ ----------------------- ------- --------------
2026-07-31 10:11:30,517 [INFO] CmdLine:76 -  c_id    m_id   name (type)                 #op           type
2026-07-31 10:11:30,517 [INFO] CmdLine:76 -  ------- ------ ----------------------- ------- --------------
2026-07-31 10:11:30,517 [INFO] CmdLine:76 -  0       1      linear (Dense)              448   smul_f32_f32
2026-07-31 10:11:30,518 [INFO] CmdLine:76 -  1       2      relu (Nonlinearity)          64     op_f32_f32
2026-07-31 10:11:30,518 [INFO] CmdLine:76 -  2       3      linear_1 (Dense)          2,080   smul_f32_f32
2026-07-31 10:11:30,518 [INFO] CmdLine:76 -  3       4      relu_1 (Nonlinearity)        32     op_f32_f32
2026-07-31 10:11:30,519 [INFO] CmdLine:76 -  4       5      output (Dense)              165   smul_f32_f32
2026-07-31 10:11:30,519 [INFO] CmdLine:76 -  ------- ------ ----------------------- ------- --------------
2026-07-31 10:11:30,519 [INFO] CmdLine:76 -  total                                    2,789
2026-07-31 10:11:30,520 [INFO] CmdLine:76 -  Number of operation types
2026-07-31 10:11:30,520 [INFO] CmdLine:76 -  ---------------- ------- -----------
2026-07-31 10:11:30,521 [INFO] CmdLine:76 -  operation type         #           %
2026-07-31 10:11:30,521 [INFO] CmdLine:76 -  ---------------- ------- -----------
2026-07-31 10:11:30,521 [INFO] CmdLine:76 -  smul_f32_f32       2,693       96.6%
2026-07-31 10:11:30,521 [INFO] CmdLine:76 -  op_f32_f32            96        3.4%
2026-07-31 10:11:30,521 [INFO] CmdLine:76 -  Complexity report (model)
2026-07-31 10:11:30,522 [INFO] CmdLine:76 -  ------ ------------ ------------------------- ------------------------- ------
2026-07-31 10:11:30,522 [INFO] CmdLine:76 -  m_id   name         c_macc                    c_rom                     c_id
2026-07-31 10:11:30,522 [INFO] CmdLine:76 -  ------ ------------ ------------------------- ------------------------- ------
2026-07-31 10:11:30,523 [INFO] CmdLine:76 -  1      fc1_weight   ||||              16.1%   ||||              16.6%   [0]
2026-07-31 10:11:30,523 [INFO] CmdLine:76 -  3      fc2_weight   ||||||||||||||||  74.6%   ||||||||||||||||  77.2%   [2]
2026-07-31 10:11:30,523 [INFO] CmdLine:76 -  5      fc3_weight   ||                 5.9%   ||                 6.1%   [4]
2026-07-31 10:11:30,524 [INFO] CmdLine:76 -  2      relu         |                  2.3%   |                  0.0%   [1]
2026-07-31 10:11:30,524 [INFO] CmdLine:76 -  4      relu_1       |                  1.1%   |                  0.0%   [3]
2026-07-31 10:11:30,524 [INFO] CmdLine:76 -  ------ ------------ ------------------------- ------------------------- ------
2026-07-31 10:11:30,524 [INFO] CmdLine:76 -  macc=2,789 weights=10,772 act=384 ram_io=0
2026-07-31 10:11:30,525 [INFO] CmdLine:76 -  Requested memory size by section - "stm32l4" target
2026-07-31 10:11:30,525 [INFO] CmdLine:76 -  ------------------------------ ------- -------- ------- -----
2026-07-31 10:11:30,525 [INFO] CmdLine:76 -  module                            text   rodata    data   bss
2026-07-31 10:11:30,525 [INFO] CmdLine:76 -  ------------------------------ ------- -------- ------- -----
2026-07-31 10:11:30,526 [INFO] CmdLine:76 -  NetworkRuntime1020_CM4_GCC.a     6,452        0       0     0
2026-07-31 10:11:30,526 [INFO] CmdLine:76 -  network.o                          528       40   1,584   140
2026-07-31 10:11:30,526 [INFO] CmdLine:76 -  network_data.o                      48       16      88     0
2026-07-31 10:11:30,527 [INFO] CmdLine:76 -  lib (toolchain)*                     0        0       0     0
2026-07-31 10:11:30,527 [INFO] CmdLine:76 -  ------------------------------ ------- -------- ------- -----
2026-07-31 10:11:30,527 [INFO] CmdLine:76 -  RT total**                       7,028       56   1,672   140
2026-07-31 10:11:30,527 [INFO] CmdLine:76 -  ------------------------------ ------- -------- ------- -----
2026-07-31 10:11:30,528 [INFO] CmdLine:76 -  weights                              0   10,776       0     0
2026-07-31 10:11:30,528 [INFO] CmdLine:76 -  activations                          0        0       0   384
2026-07-31 10:11:30,528 [INFO] CmdLine:76 -  io                                   0        0       0     0
2026-07-31 10:11:30,529 [INFO] CmdLine:76 -  ------------------------------ ------- -------- ------- -----
2026-07-31 10:11:30,529 [INFO] CmdLine:76 -  TOTAL                            7,028   10,832   1,672   524
2026-07-31 10:11:30,529 [INFO] CmdLine:76 -  ------------------------------ ------- -------- ------- -----
2026-07-31 10:11:30,529 [INFO] CmdLine:76 -  *  toolchain objects (libm/libgcc*)
2026-07-31 10:11:30,530 [INFO] CmdLine:76 -  ** RT AI runtime objects (kernels+infrastructure)
2026-07-31 10:11:30,530 [INFO] CmdLine:76 -   Summary - "stm32l4" target
2026-07-31 10:11:30,530 [INFO] CmdLine:76 -   ---------------------------------------------------
2026-07-31 10:11:30,530 [INFO] CmdLine:76 -                FLASH (ro)      %*   RAM (rw)       %
2026-07-31 10:11:30,531 [INFO] CmdLine:76 -   ---------------------------------------------------
2026-07-31 10:11:30,531 [INFO] CmdLine:76 -   RT total          8,756   44.8%      1,812   82.5%
2026-07-31 10:11:30,531 [INFO] CmdLine:76 -   ---------------------------------------------------
2026-07-31 10:11:30,531 [INFO] CmdLine:76 -   TOTAL            19,532              2,196
2026-07-31 10:11:30,532 [INFO] CmdLine:76 -   ---------------------------------------------------
2026-07-31 10:11:30,532 [INFO] CmdLine:76 -   *  rt/total
2026-07-31 10:11:30,532 [INFO] CmdLine:76 - Creating txt report file C:\Users\ADMIN\.stm32cubemx\network_output\network_analyze_report.txt
2026-07-31 10:11:31,873 [INFO] CmdLine:76 - elapsed time (analyze): 12.399s
2026-07-31 10:11:32,498 [INFO] CmdLine:148 - stedgeai exit with status: 0
2026-07-31 10:11:32,512 [INFO] AIModelDetailledView:2598 - Analyze complete on AI model
2026-07-31 10:11:32,515 [INFO] AIModelDetailledView:2264 - Analysis status: done
2026-07-31 10:11:32,535 [ERROR] LogOutputStream:75 - [STDERR_REDIRECT] Exception in thread "AWT-EventQueue-0" java.lang.ClassCastException: class javax.swing.SwingUtilities$SharedOwnerFrame cannot be cast to class com.st.microxplorer.maingui.MainFrame (javax.swing.SwingUtilities$SharedOwnerFrame is in module java.desktop of loader 'bootstrap'; com.st.microxplorer.maingui.MainFrame is in unnamed module of loader org.eclipse.osgi.internal.loader.EquinoxClassLoader @4756e5cc)
2026-07-31 10:11:32,538 [ERROR] LogOutputStream:75 - [STDERR_REDIRECT] 	at com.st.microxplorer.plugins.ip.ai.model.AIAdvancedSettingsData.saveSettings(AIAdvancedSettingsData.java:655)
2026-07-31 10:11:32,542 [ERROR] LogOutputStream:75 - [STDERR_REDIRECT] 	at com.st.microxplorer.plugins.ip.ai.model.AIAdvancedSettingsData.cmdSaveSettings(AIAdvancedSettingsData.java:527)
2026-07-31 10:11:32,544 [ERROR] LogOutputStream:75 - [STDERR_REDIRECT] 	at com.st.microxplorer.plugins.ip.ai.gui.AIModelDetailledView.saveData(AIModelDetailledView.java:471)
2026-07-31 10:11:32,545 [ERROR] LogOutputStream:75 - [STDERR_REDIRECT] 	at com.st.microxplorer.plugins.ip.ai.gui.AIMainUI.saveModelDataNeededForGeneration(AIMainUI.java:912)
2026-07-31 10:11:32,547 [ERROR] LogOutputStream:75 - [STDERR_REDIRECT] 	at com.st.microxplorer.plugins.ip.ai.gui.AITopWindow.saveModelsData(AITopWindow.java:253)
2026-07-31 10:11:32,548 [ERROR] LogOutputStream:75 - [STDERR_REDIRECT] 	at com.st.microxplorer.plugins.ip.ai.AI.propertyChange(AI.java:1654)
2026-07-31 10:11:32,549 [ERROR] LogOutputStream:75 - [STDERR_REDIRECT] 	at java.desktop/java.beans.PropertyChangeSupport.fire(PropertyChangeSupport.java:343)
2026-07-31 10:11:32,551 [ERROR] LogOutputStream:75 - [STDERR_REDIRECT] 	at java.desktop/java.beans.PropertyChangeSupport.firePropertyChange(PropertyChangeSupport.java:335)
2026-07-31 10:11:32,553 [ERROR] LogOutputStream:75 - [STDERR_REDIRECT] 	at java.desktop/java.beans.PropertyChangeSupport.firePropertyChange(PropertyChangeSupport.java:268)
2026-07-31 10:11:32,555 [ERROR] LogOutputStream:75 - [STDERR_REDIRECT] 	at com.st.microxplorer.util.MXPropertyChangeSupport.firePropertyChange(MXPropertyChangeSupport.java:54)
2026-07-31 10:11:32,556 [ERROR] LogOutputStream:75 - [STDERR_REDIRECT] 	at com.st.microxplorer.mxsystem.MxSystem.completeSaveConfig(MxSystem.java:843)
2026-07-31 10:11:32,558 [ERROR] LogOutputStream:75 - [STDERR_REDIRECT] 	at com.st.microxplorer.plugins.filemanager.engine.SaveFileManager.saveConfiguration(SaveFileManager.java:125)
2026-07-31 10:11:32,559 [ERROR] LogOutputStream:75 - [STDERR_REDIRECT] 	at com.st.microxplorer.plugins.filemanager.engine.MainFileManager.userSaveConfig(MainFileManager.java:482)
2026-07-31 10:11:32,561 [ERROR] LogOutputStream:75 - [STDERR_REDIRECT] 	at com.st.microxplorer.plugins.filemanager.FileManagerView.getSpecificTask(FileManagerView.java:280)
2026-07-31 10:11:32,563 [ERROR] LogOutputStream:75 - [STDERR_REDIRECT] 	at com.st.stm32cube.common.mx.editor.CubeMxEditor$9.run(CubeMxEditor.java:690)
2026-07-31 10:11:32,565 [ERROR] LogOutputStream:75 - [STDERR_REDIRECT] 	at com.st.stm32cube.common.mx.oss.core.awtswtbridge.AwtEnvironment$2.run(AwtEnvironment.java:166)
2026-07-31 10:11:32,567 [ERROR] LogOutputStream:75 - [STDERR_REDIRECT] 	at java.desktop/java.awt.event.InvocationEvent.dispatch(InvocationEvent.java:318)
2026-07-31 10:11:32,569 [ERROR] LogOutputStream:75 - [STDERR_REDIRECT] 	at java.desktop/java.awt.EventQueue.dispatchEventImpl(EventQueue.java:773)
2026-07-31 10:11:32,571 [ERROR] LogOutputStream:75 - [STDERR_REDIRECT] 	at java.desktop/java.awt.EventQueue$4.run(EventQueue.java:720)
2026-07-31 10:11:32,573 [ERROR] LogOutputStream:75 - [STDERR_REDIRECT] 	at java.desktop/java.awt.EventQueue$4.run(EventQueue.java:714)
2026-07-31 10:11:32,574 [ERROR] LogOutputStream:75 - [STDERR_REDIRECT] 	at java.base/java.security.AccessController.doPrivileged(AccessController.java:400)
2026-07-31 10:11:32,576 [ERROR] LogOutputStream:75 - [STDERR_REDIRECT] 	at java.base/java.security.ProtectionDomain$JavaSecurityAccessImpl.doIntersectionPrivilege(ProtectionDomain.java:87)
2026-07-31 10:11:32,578 [ERROR] LogOutputStream:75 - [STDERR_REDIRECT] 	at java.desktop/java.awt.EventQueue.dispatchEvent(EventQueue.java:742)
2026-07-31 10:11:32,579 [ERROR] LogOutputStream:75 - [STDERR_REDIRECT] 	at java.desktop/java.awt.EventDispatchThread.pumpOneEventForFilters(EventDispatchThread.java:203)
2026-07-31 10:11:32,581 [ERROR] LogOutputStream:75 - [STDERR_REDIRECT] 	at java.desktop/java.awt.EventDispatchThread.pumpEventsForFilter(EventDispatchThread.java:124)
2026-07-31 10:11:32,582 [ERROR] LogOutputStream:75 - [STDERR_REDIRECT] 	at java.desktop/java.awt.EventDispatchThread.pumpEventsForHierarchy(EventDispatchThread.java:113)
2026-07-31 10:11:32,584 [ERROR] LogOutputStream:75 - [STDERR_REDIRECT] 	at java.desktop/java.awt.EventDispatchThread.pumpEvents(EventDispatchThread.java:109)
2026-07-31 10:11:32,586 [ERROR] LogOutputStream:75 - [STDERR_REDIRECT] 	at java.desktop/java.awt.EventDispatchThread.pumpEvents(EventDispatchThread.java:101)
2026-07-31 10:11:32,588 [ERROR] LogOutputStream:75 - [STDERR_REDIRECT] 	at java.desktop/java.awt.EventDispatchThread.run(EventDispatchThread.java:90)
2026-07-31 10:12:02,494 [INFO] UtilMem:75 - End SaveConfig() Used Memory: 746562824 Bytes (1073741824)
2026-07-31 10:12:04,368 [INFO] UtilMem:75 - End SaveConfig() Used Memory: 944240920 Bytes (1073741824)
2026-07-31 10:12:07,622 [INFO] UtilMem:75 - End SaveConfig() Used Memory: 783430608 Bytes (1073741824)
2026-07-31 10:12:08,780 [INFO] BlockDiagram:2775 - set Specific Code input for plugin: SYS
2026-07-31 10:12:08,780 [INFO] BlockDiagram:2775 - set Specific Code input for plugin: RCC
2026-07-31 10:12:08,781 [INFO] BlockDiagram:2775 - set Specific Code input for plugin: I2C
2026-07-31 10:12:08,781 [INFO] BlockDiagram:2775 - set Specific Code input for plugin: NVIC
2026-07-31 10:12:08,781 [INFO] BlockDiagram:2775 - set Specific Code input for plugin: USART
2026-07-31 10:12:08,781 [INFO] BlockDiagram:2775 - set Specific Code input for plugin: STMicroelectronics.X-CUBE-AI.10.2.1
2026-07-31 10:12:08,781 [INFO] BlockDiagram:2775 - set Specific Code input for plugin: GPIO
2026-07-31 10:12:08,793 [INFO] CodeGenerator:892 - code generatio: config db path: C:\ST\STM32CubeIDE_1.19.0\STM32CubeIDE\plugins\com.st.stm32cube.common.mx_6.15.0.202507011659\\db\
2026-07-31 10:12:09,046 [INFO] IP:3329 - RTE Config file name : RTE_Component
2026-07-31 10:12:09,046 [INFO] IP:3347 - RTE template : RTE_Components.ftl
2026-07-31 10:12:09,059 [INFO] CodeEngine:265 - oldGeneratedFile, D:\TinyML_GJ\TinyML_Workshop\STM32\DL_Inference\MXTmpFiles\license.tmp_save
2026-07-31 10:12:09,421 [INFO] CodeEngine:289 - Generated code: D:\TinyML_GJ\TinyML_Workshop\STM32\DL_Inference\MXTmpFiles\license.tmp
2026-07-31 10:12:09,454 [INFO] CodeEngine:265 - oldGeneratedFile, D:\TinyML_GJ\TinyML_Workshop\STM32\DL_Inference\MXTmpFiles\gpio.tmp_save
2026-07-31 10:12:09,685 [INFO] CodeEngine:289 - Generated code: D:\TinyML_GJ\TinyML_Workshop\STM32\DL_Inference\MXTmpFiles\gpio.tmp
2026-07-31 10:12:09,879 [INFO] Middleware:1452 - No code input for Bsp Dependency
2026-07-31 10:12:09,882 [INFO] Middleware:1452 - No code input for Bsp Dependency
2026-07-31 10:12:09,898 [INFO] CodeEngine:265 - oldGeneratedFile, D:\TinyML_GJ\TinyML_Workshop\STM32\DL_Inference\Core\Src\stm32l4xx_it.c_save
2026-07-31 10:12:10,363 [INFO] CodeEngine:289 - Generated code: D:\TinyML_GJ\TinyML_Workshop\STM32\DL_Inference\Core\Src\stm32l4xx_it.c
2026-07-31 10:12:10,373 [INFO] CodeEngine:265 - oldGeneratedFile, D:\TinyML_GJ\TinyML_Workshop\STM32\DL_Inference\Core\Inc\stm32l4xx_it.h_save
2026-07-31 10:12:10,504 [INFO] CodeEngine:289 - Generated code: D:\TinyML_GJ\TinyML_Workshop\STM32\DL_Inference\Core\Inc\stm32l4xx_it.h
2026-07-31 10:12:10,527 [INFO] CodeEngine:265 - oldGeneratedFile, D:\TinyML_GJ\TinyML_Workshop\STM32\DL_Inference\Core\Src\stm32l4xx_hal_msp.c_save
2026-07-31 10:12:10,861 [INFO] CodeEngine:289 - Generated code: D:\TinyML_GJ\TinyML_Workshop\STM32\DL_Inference\Core\Src\stm32l4xx_hal_msp.c
2026-07-31 10:12:10,868 [INFO] CodeEngine:265 - oldGeneratedFile, D:\TinyML_GJ\TinyML_Workshop\STM32\DL_Inference\MXTmpFiles\system.tmp_save
2026-07-31 10:12:10,956 [INFO] CodeEngine:289 - Generated code: D:\TinyML_GJ\TinyML_Workshop\STM32\DL_Inference\MXTmpFiles\system.tmp
2026-07-31 10:12:10,971 [INFO] CodeEngine:321 - oldGeneratedFile, D:\TinyML_GJ\TinyML_Workshop\STM32\DL_Inference\Core\Inc\stm32l4xx_hal_conf.h_save
2026-07-31 10:12:11,205 [INFO] CodeEngine:345 - Generated code: D:\TinyML_GJ\TinyML_Workshop\STM32\DL_Inference\Core\Inc\stm32l4xx_hal_conf.h
2026-07-31 10:12:11,272 [INFO] CodeEngine:265 - oldGeneratedFile, D:\TinyML_GJ\TinyML_Workshop\STM32\DL_Inference\Core\Inc\main.h_save
2026-07-31 10:12:11,547 [INFO] CodeEngine:289 - Generated code: D:\TinyML_GJ\TinyML_Workshop\STM32\DL_Inference\Core\Inc\main.h
2026-07-31 10:12:11,555 [INFO] CodeEngine:265 - oldGeneratedFile, D:\TinyML_GJ\TinyML_Workshop\STM32\DL_Inference\Core\Src\main.c_save
2026-07-31 10:12:11,777 [INFO] CodeEngine:289 - Generated code: D:\TinyML_GJ\TinyML_Workshop\STM32\DL_Inference\Core\Src\main.c
2026-07-31 10:12:12,000 [INFO] AInterface:322 - ModelName:network; files:[D:\TinyML_GJ\TinyML_Workshop\ONNX\mlp_model.onnx]; type:ONNX; compression:None
2026-07-31 10:12:12,001 [INFO] AInterface:526 - workspaceTempDir: C:/Users/ADMIN/AppData/Local/Temp/mxAI_workspace85549829964475008570420280412124953
2026-07-31 10:12:12,002 [INFO] AInterface:1179 - Setting Env: C:/Users/ADMIN/STM32Cube/Repository//Packs/STMicroelectronics/X-CUBE-AI/10.2.1/Utilities/windows
2026-07-31 10:12:12,007 [INFO] STM32CubeIDEBuilder:265 - Looking for gnu-tools-for-stm32 tools/bin/arm-none-eabi-gcc.exe in C:\ST\STM32CubeIDE_1.19.0\STM32CubeIDE
2026-07-31 10:12:12,009 [INFO] STM32CubeIDEBuilder:294 - checking C:\ST\STM32CubeIDE_1.19.0\STM32CubeIDE\plugins\com.st.stm32cube.ide.mcu.externaltools.gnu-tools-for-stm32.13.3.rel1.win32_1.0.0.202411081344\tools\bin\arm-none-eabi-gcc.exe
2026-07-31 10:12:12,010 [INFO] STM32CubeIDEBuilder:297 - ret=C:\ST\STM32CubeIDE_1.19.0\STM32CubeIDE\plugins\com.st.stm32cube.ide.mcu.externaltools.gnu-tools-for-stm32.13.3.rel1.win32_1.0.0.202411081344\tools\bin\arm-none-eabi-gcc.exe
2026-07-31 10:12:12,010 [INFO] STM32CubeIDEBuilder:311 - returning C:\ST\STM32CubeIDE_1.19.0\STM32CubeIDE\plugins\com.st.stm32cube.ide.mcu.externaltools.gnu-tools-for-stm32.13.3.rel1.win32_1.0.0.202411081344\tools\bin\arm-none-eabi-gcc.exe
2026-07-31 10:12:12,010 [INFO] AInterface:1236 - Custom PATH variable: C:/Users/ADMIN/STM32Cube/Repository//Packs/STMicroelectronics/X-CUBE-AI/10.2.1/Utilities/windows;C:/Users/ADMIN/STM32Cube/Repository//Packs/STMicroelectronics/X-CUBE-AI/10.2.1/Utilities/windows/mingw64/bin;C:/Users/ADMIN/STM32Cube/Repository//Packs/STMicroelectronics/X-CUBE-AI/10.2.1/Utilities/windows/mingw64/libexec/gcc/x86_64-w64-mingw32/7.3.0;;C:\ST\STM32CubeIDE_1.19.0\STM32CubeIDE\plugins\com.st.stm32cube.ide.mcu.externaltools.gnu-tools-for-stm32.13.3.rel1.win32_1.0.0.202411081344\tools\bin
2026-07-31 10:12:12,013 [INFO] CmdLine:115 - Command: C:/Users/ADMIN/STM32Cube/Repository//Packs/STMicroelectronics/X-CUBE-AI/10.2.1/Utilities/windows/stedgeai.exe generate --target stm32l4 --name network -m D:/TinyML_GJ/TinyML_Workshop/ONNX/mlp_model.onnx --compression none --verbosity 1 --workspace C:/Users/ADMIN/AppData/Local/Temp/mxAI_workspace85549829964475008570420280412124953 --output C:/Users/ADMIN/.stm32cubemx/network_output
2026-07-31 10:12:12,014 [INFO] AIModelDetailledView:2264 - Analysis status: pending
2026-07-31 10:12:12,892 [INFO] CmdLine:76 - ST Edge AI Core v2.2.0-20266 2adc00962
2026-07-31 10:12:22,101 [INFO] CmdLine:76 - Creating c (debug) info json file C:\Users\ADMIN\.stm32cubemx\network_output\network_c_info.json
2026-07-31 10:12:22,127 [INFO] CmdLine:76 -  
2026-07-31 10:12:22,128 [INFO] CmdLine:76 -  Exec/report summary (generate)
2026-07-31 10:12:22,128 [INFO] CmdLine:76 -  -------------------------------------------------------------------------------------------------------------
2026-07-31 10:12:22,128 [INFO] CmdLine:76 -  model file         :   D:\TinyML_GJ\TinyML_Workshop\ONNX\mlp_model.onnx                                      
2026-07-31 10:12:22,128 [INFO] CmdLine:76 -  type               :   onnx                                                                                  
2026-07-31 10:12:22,128 [INFO] CmdLine:76 -  c_name             :   network                                                                               
2026-07-31 10:12:22,128 [INFO] CmdLine:76 -  compression        :   none                                                                                  
2026-07-31 10:12:22,128 [INFO] CmdLine:76 -  options            :   allocate-inputs, allocate-outputs                                                     
2026-07-31 10:12:22,128 [INFO] CmdLine:76 -  optimization       :   balanced                                                                              
2026-07-31 10:12:22,128 [INFO] CmdLine:76 -  target/series      :   stm32l4                                                                               
2026-07-31 10:12:22,129 [INFO] CmdLine:76 -  workspace dir      :   C:\Users\ADMIN\AppData\Local\Temp\mxAI_workspace85549829964475008570420280412124953   
2026-07-31 10:12:22,129 [INFO] CmdLine:76 -  output dir         :   C:\Users\ADMIN\.stm32cubemx\network_output                                            
2026-07-31 10:12:22,129 [INFO] CmdLine:76 -  model_fmt          :   float                                                                                 
2026-07-31 10:12:22,129 [INFO] CmdLine:76 -  model_name         :   mlp_model                                                                             
2026-07-31 10:12:22,129 [INFO] CmdLine:76 -  model_hash         :   0xdeea65ffd24f71ddeacb634c57bdc030                                                    
2026-07-31 10:12:22,129 [INFO] CmdLine:76 -  params #           :   2,693 items (10.52 KiB)                                                               
2026-07-31 10:12:22,129 [INFO] CmdLine:76 -  -------------------------------------------------------------------------------------------------------------
2026-07-31 10:12:22,129 [INFO] CmdLine:76 -  input 1/1          :   'input', f32(1x6), 24 Bytes, activations                                              
2026-07-31 10:12:22,129 [INFO] CmdLine:76 -  output 1/1         :   'output', f32(1x5), 20 Bytes, activations                                             
2026-07-31 10:12:22,129 [INFO] CmdLine:76 -  macc               :   2,789                                                                                 
2026-07-31 10:12:22,129 [INFO] CmdLine:76 -  weights (ro)       :   10,772 B (10.52 KiB) (1 segment)                                                      
2026-07-31 10:12:22,129 [INFO] CmdLine:76 -  activations (rw)   :   384 B (384 B) (1 segment) *                                                           
2026-07-31 10:12:22,129 [INFO] CmdLine:76 -  ram (total)        :   384 B (384 B) = 384 + 0 + 0                                                           
2026-07-31 10:12:22,129 [INFO] CmdLine:76 -  -------------------------------------------------------------------------------------------------------------
2026-07-31 10:12:22,130 [INFO] CmdLine:76 -  (*) 'input'/'output' buffers are allocated in the activations buffer
2026-07-31 10:12:22,135 [INFO] CmdLine:76 - Computing AI RT data/code size (target=stm32l4)..
2026-07-31 10:12:23,879 [INFO] CmdLine:76 -  Requested memory size by section - "stm32l4" target
2026-07-31 10:12:23,880 [INFO] CmdLine:76 -  ------------------------------ ------- -------- ------- -----
2026-07-31 10:12:23,880 [INFO] CmdLine:76 -  module                            text   rodata    data   bss
2026-07-31 10:12:23,880 [INFO] CmdLine:76 -  ------------------------------ ------- -------- ------- -----
2026-07-31 10:12:23,881 [INFO] CmdLine:76 -  NetworkRuntime1020_CM4_GCC.a     6,452        0       0     0
2026-07-31 10:12:23,881 [INFO] CmdLine:76 -  network.o                          528       40   1,584   140
2026-07-31 10:12:23,881 [INFO] CmdLine:76 -  network_data.o                      48       16      88     0
2026-07-31 10:12:23,881 [INFO] CmdLine:76 -  lib (toolchain)*                     0        0       0     0
2026-07-31 10:12:23,881 [INFO] CmdLine:76 -  ------------------------------ ------- -------- ------- -----
2026-07-31 10:12:23,882 [INFO] CmdLine:76 -  RT total**                       7,028       56   1,672   140
2026-07-31 10:12:23,882 [INFO] CmdLine:76 -  ------------------------------ ------- -------- ------- -----
2026-07-31 10:12:23,882 [INFO] CmdLine:76 -  weights                              0   10,776       0     0
2026-07-31 10:12:23,882 [INFO] CmdLine:76 -  activations                          0        0       0   384
2026-07-31 10:12:23,883 [INFO] CmdLine:76 -  io                                   0        0       0     0
2026-07-31 10:12:23,883 [INFO] CmdLine:76 -  ------------------------------ ------- -------- ------- -----
2026-07-31 10:12:23,883 [INFO] CmdLine:76 -  TOTAL                            7,028   10,832   1,672   524
2026-07-31 10:12:23,884 [INFO] CmdLine:76 -  ------------------------------ ------- -------- ------- -----
2026-07-31 10:12:23,884 [INFO] CmdLine:76 -  *  toolchain objects (libm/libgcc*)
2026-07-31 10:12:23,884 [INFO] CmdLine:76 -  ** RT AI runtime objects (kernels+infrastructure)
2026-07-31 10:12:23,884 [INFO] CmdLine:76 -   Summary - "stm32l4" target
2026-07-31 10:12:23,885 [INFO] CmdLine:76 -   ---------------------------------------------------
2026-07-31 10:12:23,885 [INFO] CmdLine:76 -                FLASH (ro)      %*   RAM (rw)       %
2026-07-31 10:12:23,885 [INFO] CmdLine:76 -   ---------------------------------------------------
2026-07-31 10:12:23,885 [INFO] CmdLine:76 -   RT total          8,756   44.8%      1,812   82.5%
2026-07-31 10:12:23,885 [INFO] CmdLine:76 -   ---------------------------------------------------
2026-07-31 10:12:23,886 [INFO] CmdLine:76 -   TOTAL            19,532              2,196
2026-07-31 10:12:23,886 [INFO] CmdLine:76 -   ---------------------------------------------------
2026-07-31 10:12:23,886 [INFO] CmdLine:76 -   *  rt/total
2026-07-31 10:12:23,887 [INFO] CmdLine:76 -  Generated files (7)
2026-07-31 10:12:23,887 [INFO] CmdLine:76 -  ------------------------------------------------------------------
2026-07-31 10:12:23,888 [INFO] CmdLine:76 -  C:\Users\ADMIN\.stm32cubemx\network_output\network_data_params.h
2026-07-31 10:12:23,888 [INFO] CmdLine:76 -  C:\Users\ADMIN\.stm32cubemx\network_output\network_data_params.c
2026-07-31 10:12:23,888 [INFO] CmdLine:76 -  C:\Users\ADMIN\.stm32cubemx\network_output\network_data.h
2026-07-31 10:12:23,888 [INFO] CmdLine:76 -  C:\Users\ADMIN\.stm32cubemx\network_output\network_data.c
2026-07-31 10:12:23,888 [INFO] CmdLine:76 -  C:\Users\ADMIN\.stm32cubemx\network_output\network_config.h
2026-07-31 10:12:23,889 [INFO] CmdLine:76 -  C:\Users\ADMIN\.stm32cubemx\network_output\network.h
2026-07-31 10:12:23,889 [INFO] CmdLine:76 -  C:\Users\ADMIN\.stm32cubemx\network_output\network.c
2026-07-31 10:12:23,889 [INFO] CmdLine:76 - Creating txt report file C:\Users\ADMIN\.stm32cubemx\network_output\network_generate_report.txt
2026-07-31 10:12:35,993 [INFO] CmdLine:76 - elapsed time (generate): 23.100s
2026-07-31 10:12:36,606 [INFO] CmdLine:148 - stedgeai exit with status: 0
2026-07-31 10:12:36,618 [INFO] AIModelDetailledView:2264 - Analysis status: done
2026-07-31 10:12:37,615 [INFO] ProjectBuilder:3606 - Time for Copy HAL[1] : 321mS.
2026-07-31 10:12:37,616 [ERROR] Middleware:2950 - Invalid RefComponent list
2026-07-31 10:12:37,616 [ERROR] Middleware:2950 - Invalid RefComponent list
2026-07-31 10:12:37,616 [ERROR] Middleware:2950 - Invalid RefComponent list
2026-07-31 10:12:37,616 [ERROR] Middleware:2950 - Invalid RefComponent list
2026-07-31 10:12:37,616 [ERROR] Middleware:2950 - Invalid RefComponent list
2026-07-31 10:12:37,617 [ERROR] Middleware:2950 - Invalid RefComponent list
2026-07-31 10:12:37,617 [ERROR] Middleware:2950 - Invalid RefComponent list
2026-07-31 10:12:37,617 [ERROR] Middleware:2950 - Invalid RefComponent list
2026-07-31 10:12:37,617 [ERROR] Middleware:2950 - Invalid RefComponent list
2026-07-31 10:12:37,617 [ERROR] Middleware:2950 - Invalid RefComponent list
2026-07-31 10:12:37,617 [ERROR] Middleware:2950 - Invalid RefComponent list
2026-07-31 10:12:37,617 [ERROR] Middleware:2950 - Invalid RefComponent list
2026-07-31 10:12:37,617 [ERROR] Middleware:2950 - Invalid RefComponent list
2026-07-31 10:12:37,617 [ERROR] Middleware:2950 - Invalid RefComponent list
2026-07-31 10:12:37,618 [ERROR] Middleware:2950 - Invalid RefComponent list
2026-07-31 10:12:37,618 [ERROR] Middleware:2950 - Invalid RefComponent list
2026-07-31 10:12:37,618 [ERROR] Middleware:2950 - Invalid RefComponent list
2026-07-31 10:12:37,618 [ERROR] Middleware:2950 - Invalid RefComponent list
2026-07-31 10:12:37,618 [ERROR] Middleware:2950 - Invalid RefComponent list
2026-07-31 10:12:37,618 [ERROR] Middleware:2950 - Invalid RefComponent list
2026-07-31 10:12:37,618 [ERROR] Middleware:2950 - Invalid RefComponent list
2026-07-31 10:12:37,618 [ERROR] Middleware:2950 - Invalid RefComponent list
2026-07-31 10:12:37,618 [ERROR] Middleware:2950 - Invalid RefComponent list
2026-07-31 10:12:37,618 [ERROR] Middleware:2950 - Invalid RefComponent list
2026-07-31 10:12:37,618 [ERROR] Middleware:2950 - Invalid RefComponent list
2026-07-31 10:12:37,619 [ERROR] Middleware:2950 - Invalid RefComponent list
2026-07-31 10:12:37,619 [ERROR] Middleware:2950 - Invalid RefComponent list
2026-07-31 10:12:37,619 [ERROR] Middleware:2950 - Invalid RefComponent list
2026-07-31 10:12:37,619 [ERROR] Middleware:2950 - Invalid RefComponent list
2026-07-31 10:12:37,619 [ERROR] Middleware:2950 - Invalid RefComponent list
2026-07-31 10:12:37,619 [ERROR] Middleware:2950 - Invalid RefComponent list
2026-07-31 10:12:37,619 [ERROR] Middleware:2950 - Invalid RefComponent list
2026-07-31 10:12:37,619 [ERROR] Middleware:2950 - Invalid RefComponent list
2026-07-31 10:12:37,619 [ERROR] Middleware:2950 - Invalid RefComponent list
2026-07-31 10:12:37,619 [ERROR] Middleware:2950 - Invalid RefComponent list
2026-07-31 10:12:37,619 [ERROR] Middleware:2950 - Invalid RefComponent list
2026-07-31 10:12:37,619 [ERROR] Middleware:2950 - Invalid RefComponent list
2026-07-31 10:12:37,619 [ERROR] Middleware:2950 - Invalid RefComponent list
2026-07-31 10:12:37,619 [ERROR] Middleware:2950 - Invalid RefComponent list
2026-07-31 10:12:37,619 [ERROR] Middleware:2950 - Invalid RefComponent list
2026-07-31 10:12:37,619 [ERROR] Middleware:2950 - Invalid RefComponent list
2026-07-31 10:12:37,619 [ERROR] Middleware:2950 - Invalid RefComponent list
2026-07-31 10:12:37,619 [ERROR] Middleware:2950 - Invalid RefComponent list
2026-07-31 10:12:37,619 [ERROR] Middleware:2950 - Invalid RefComponent list
2026-07-31 10:12:37,619 [ERROR] Middleware:2950 - Invalid RefComponent list
2026-07-31 10:12:37,619 [ERROR] Middleware:2950 - Invalid RefComponent list
2026-07-31 10:12:37,620 [ERROR] Middleware:2950 - Invalid RefComponent list
2026-07-31 10:12:37,620 [ERROR] Middleware:2950 - Invalid RefComponent list
2026-07-31 10:12:37,620 [ERROR] Middleware:2950 - Invalid RefComponent list
2026-07-31 10:12:37,620 [ERROR] Middleware:2950 - Invalid RefComponent list
2026-07-31 10:12:37,627 [INFO] ProjectBuilder:5216 - Project Generator version: 4.7.0-B52
2026-07-31 10:12:37,921 [INFO] ConfigFileManager:1595 - The Die is : DIE470
2026-07-31 10:12:40,619 [INFO] ProjectBuilder:5496 - Time for Generating toolchain IDE Files: 2992mS.
2026-07-31 10:12:40,620 [INFO] ProjectBuilder:3463 - Time for Copy CMSIS : 0mS.
2026-07-31 10:12:40,623 [INFO] ProjectBuilder:3463 - Time for Copy CMSIS : 0mS.
2026-07-31 10:17:08,027 [INFO] UtilMem:75 - End SaveConfig() Used Memory: 788405776 Bytes (1073741824)
2026-07-31 10:24:10,190 [ERROR] LogOutputStream:75 - [STDERR_REDIRECT] 
2026-07-31 10:24:28,499 [INFO] Activator:176 - 


2026-07-31 10:24:28,515 [INFO] Activator:177 - !SESSION log4j initialized
2026-07-31 10:24:35,984 [INFO] LogOutputStream:77 - [STDOUT_REDIRECT] 
2026-07-31 10:24:42,434 [INFO] ApplicationProperties:184 - Using Application install path: C:\ST\STM32CubeIDE_1.19.0\STM32CubeIDE\plugins\com.st.stm32cube.common.mx_6.15.0.202507011659
2026-07-31 10:24:42,457 [INFO] DbMcusXml:78 - Set database path to: C:\ST\STM32CubeIDE_1.19.0\STM32CubeIDE\plugins\com.st.stm32cube.common.mx_6.15.0.202507011659\\db\/mcu/
2026-07-31 10:24:42,458 [INFO] ApiDb:274 - Set plugin database path to: C:\ST\STM32CubeIDE_1.19.0\STM32CubeIDE\plugins\com.st.stm32cube.common.mx_6.15.0.202507011659\\db\/plugins/boardmanager/
2026-07-31 10:24:42,458 [WARN] ApiDb:259 - Overriding images path with different value:  => C:\ST\STM32CubeIDE_1.19.0\STM32CubeIDE\plugins\com.st.stm32cube.common.mx_6.15.0.202507011659\\db\/plugins/mcufinder/images/
2026-07-31 10:24:42,466 [INFO] ApiDb:250 - Set database path to: C:\Users\ADMIN\.stmcufinder\plugins\mcufinder//mcu/
2026-07-31 10:24:42,468 [INFO] DbMcusAds:125 - Set database path to: C:\Users\ADMIN\.stmcufinder\plugins\mcufinder//mcu/
2026-07-31 10:24:42,471 [INFO] CrossReferenceDbSqlite:203 - Set database path to: C:\Users\ADMIN\.stmcufinder\plugins\mcufinder//mcu/cs/
2026-07-31 10:24:42,627 [INFO] RulesReader:64 - Compatibility file has been processed (317 Rules)
2026-07-31 10:24:42,762 [INFO] DbMcusXml:78 - Set database path to: C:\ST\STM32CubeIDE_1.19.0\STM32CubeIDE\plugins\com.st.stm32cube.common.mx_6.15.0.202507011659\\db\/mcu/
2026-07-31 10:24:42,762 [INFO] ApiDb:274 - Set plugin database path to: C:\ST\STM32CubeIDE_1.19.0\STM32CubeIDE\plugins\com.st.stm32cube.common.mx_6.15.0.202507011659\\db\/plugins/boardmanager/
2026-07-31 10:24:42,762 [INFO] ApiDb:261 - Set plugin images path to: C:\ST\STM32CubeIDE_1.19.0\STM32CubeIDE\plugins\com.st.stm32cube.common.mx_6.15.0.202507011659\\db\/plugins/mcufinder/images/
2026-07-31 10:24:42,763 [WARN] DbFile:41 - Overriding database path with different value: C:\Users\ADMIN\.stmcufinder\plugins\mcufinder/ => C:\Users\ADMIN\.stmcufinder\plugins\mcufinder
2026-07-31 10:24:42,763 [INFO] ApiDb:250 - Set database path to: C:\Users\ADMIN\.stmcufinder\plugins\mcufinder//mcu/
2026-07-31 10:24:42,763 [WARN] DbFile:41 - Overriding database path with different value: C:\Users\ADMIN\.stmcufinder\plugins\mcufinder/ => C:\Users\ADMIN\.stmcufinder\plugins\mcufinder
2026-07-31 10:24:42,763 [INFO] DbMcusAds:125 - Set database path to: C:\Users\ADMIN\.stmcufinder\plugins\mcufinder//mcu/
2026-07-31 10:24:42,763 [WARN] DbFile:41 - Overriding database path with different value: C:\Users\ADMIN\.stmcufinder\plugins\mcufinder/ => C:\Users\ADMIN\.stmcufinder\plugins\mcufinder
2026-07-31 10:24:42,763 [WARN] DbFile:41 - Overriding database path with different value: C:\Users\ADMIN\.stmcufinder\plugins\mcufinder/ => C:\Users\ADMIN\.stmcufinder\plugins\mcufinder
2026-07-31 10:24:42,763 [INFO] CrossReferenceDbSqlite:203 - Set database path to: C:\Users\ADMIN\.stmcufinder\plugins\mcufinder//mcu/cs/
2026-07-31 10:24:42,885 [INFO] MainPanel:274 - HeapMemory: 268435456
2026-07-31 10:24:43,025 [INFO] DbMcusXml:78 - Set database path to: C:\ST\STM32CubeIDE_1.19.0\STM32CubeIDE\plugins\com.st.stm32cube.common.mx_6.15.0.202507011659\\db\/mcu/
2026-07-31 10:24:43,025 [INFO] ApiDb:274 - Set plugin database path to: C:\ST\STM32CubeIDE_1.19.0\STM32CubeIDE\plugins\com.st.stm32cube.common.mx_6.15.0.202507011659\\db\/plugins/boardmanager/
2026-07-31 10:24:43,026 [INFO] ApiDb:261 - Set plugin images path to: C:\ST\STM32CubeIDE_1.19.0\STM32CubeIDE\plugins\com.st.stm32cube.common.mx_6.15.0.202507011659\\db\/plugins/mcufinder/images/
2026-07-31 10:24:43,026 [WARN] DbFile:41 - Overriding database path with different value: C:\Users\ADMIN\.stmcufinder\plugins\mcufinder/ => C:\Users\ADMIN\.stmcufinder\plugins\mcufinder
2026-07-31 10:24:43,026 [INFO] ApiDb:250 - Set database path to: C:\Users\ADMIN\.stmcufinder\plugins\mcufinder//mcu/
2026-07-31 10:24:43,026 [WARN] DbFile:41 - Overriding database path with different value: C:\Users\ADMIN\.stmcufinder\plugins\mcufinder/ => C:\Users\ADMIN\.stmcufinder\plugins\mcufinder
2026-07-31 10:24:43,027 [INFO] DbMcusAds:125 - Set database path to: C:\Users\ADMIN\.stmcufinder\plugins\mcufinder//mcu/
2026-07-31 10:24:43,027 [WARN] DbFile:41 - Overriding database path with different value: C:\Users\ADMIN\.stmcufinder\plugins\mcufinder/ => C:\Users\ADMIN\.stmcufinder\plugins\mcufinder
2026-07-31 10:24:43,027 [WARN] DbFile:41 - Overriding database path with different value: C:\Users\ADMIN\.stmcufinder\plugins\mcufinder/ => C:\Users\ADMIN\.stmcufinder\plugins\mcufinder
2026-07-31 10:24:43,027 [INFO] CrossReferenceDbSqlite:203 - Set database path to: C:\Users\ADMIN\.stmcufinder\plugins\mcufinder//mcu/cs/
2026-07-31 10:24:43,051 [INFO] ApplicationProperties:184 - Using Application install path: C:\ST\STM32CubeIDE_1.19.0\STM32CubeIDE\plugins\com.st.stm32cube.common.mx_6.15.0.202507011659
2026-07-31 10:24:43,054 [INFO] PluginManage:196 - Search for loadable plugins [exclusion list=, ]
2026-07-31 10:24:43,056 [INFO] PluginManage:310 - Check plugin analytics
2026-07-31 10:24:48,343 [INFO] AnalyticsPlugin:253 - Accepted Software Licenses: 
2026-07-31 10:24:48,344 [INFO] AnalyticsPlugin:255 - Accepted CMSIS Pack Licenses: STMicroelectronics.X-CUBE-AI.10.2.1
2026-07-31 10:24:48,344 [INFO] AnalyticsPlugin:257 - Accepted Firmware Licenses: FW.L4.1.18.0
2026-07-31 10:24:48,350 [INFO] PluginManage:359 - Loaded plugin analytics (category:tool,tabindex:-1)
2026-07-31 10:24:48,350 [INFO] PluginManage:310 - Check plugin cadmodel
2026-07-31 10:24:48,355 [INFO] CADModel:105 - Init CAD model plugin
2026-07-31 10:24:48,356 [INFO] PluginManage:359 - Loaded plugin cadmodel (category:power,tabindex:5)
2026-07-31 10:24:48,356 [INFO] PluginManage:310 - Check plugin clock
2026-07-31 10:24:48,367 [INFO] PluginManage:359 - Loaded plugin clock (category:base,tabindex:2)
2026-07-31 10:24:48,367 [INFO] PluginManage:310 - Check plugin ddr
2026-07-31 10:24:48,369 [INFO] PluginManage:359 - Loaded plugin ddr (category:tool,tabindex:6)
2026-07-31 10:24:48,369 [INFO] PluginManage:310 - Check plugin filemanager
2026-07-31 10:24:48,573 [INFO] PluginManage:359 - Loaded plugin filemanager (category:base,tabindex:10)
2026-07-31 10:24:48,573 [INFO] PluginManage:310 - Check plugin ipmanager
2026-07-31 10:24:48,583 [INFO] PluginManage:359 - Loaded plugin ipmanager (category:base,tabindex:5)
2026-07-31 10:24:48,583 [INFO] PluginManage:310 - Check plugin lpbam
2026-07-31 10:24:48,595 [INFO] PluginManage:359 - Loaded plugin lpbam (category:base,tabindex:0)
2026-07-31 10:24:48,595 [INFO] PluginManage:310 - Check plugin memorymap
2026-07-31 10:24:48,610 [INFO] PluginManage:359 - Loaded plugin memorymap (category:base,tabindex:4)
2026-07-31 10:24:48,610 [INFO] PluginManage:310 - Check plugin pinoutandconfiguration
2026-07-31 10:24:48,619 [INFO] PluginManage:359 - Loaded plugin pinoutandconfiguration (category:base,tabindex:1)
2026-07-31 10:24:48,620 [INFO] PluginManage:310 - Check plugin pinoutconfig
2026-07-31 10:24:48,750 [WARN] SupportedApi:132 - Cannot load RTOS API schema: s4s-elt-must-match.1: The content of 'definitions' must match (annotation?, (simpleType | complexType)?, (unique | key | keyref)*)). A problem was found starting at: attribute.
2026-07-31 10:24:48,951 [INFO] PluginManage:359 - Loaded plugin pinoutconfig (category:base,tabindex:0)
2026-07-31 10:24:48,951 [INFO] PluginManage:310 - Check plugin power
2026-07-31 10:24:48,963 [INFO] PluginManage:359 - Loaded plugin power (category:power,tabindex:4)
2026-07-31 10:24:48,963 [INFO] PluginManage:310 - Check plugin projectmanager
2026-07-31 10:24:48,986 [INFO] PluginManage:359 - Loaded plugin projectmanager (category:projectmanager,tabindex:4)
2026-07-31 10:24:48,986 [INFO] PluginManage:310 - Check plugin rif
2026-07-31 10:24:49,000 [INFO] PluginManage:359 - Loaded plugin rif (category:base,tabindex:3)
2026-07-31 10:24:49,000 [INFO] PluginManage:310 - Check plugin thirdparty
2026-07-31 10:24:49,199 [WARN] IntegrityCheckThread:84 - waiting for thirdparty lock release [integrity check]
2026-07-31 10:24:49,199 [INFO] IntegrityCheckThread:86 - entering critical section [integrity check]
2026-07-31 10:24:49,200 [INFO] ThirdPartyUpdaterWithRetryManager:70 - Updater plugin not ready yet. [1/15]
2026-07-31 10:24:49,200 [INFO] PluginManage:359 - Loaded plugin thirdparty (category:base,tabindex:-1)
2026-07-31 10:24:49,201 [INFO] PluginManage:310 - Check plugin tools
2026-07-31 10:24:49,206 [INFO] PluginManage:359 - Loaded plugin tools (category:base,tabindex:7)
2026-07-31 10:24:49,207 [INFO] PluginManage:310 - Check plugin tutovideos
2026-07-31 10:24:49,482 [INFO] PluginManage:359 - Loaded plugin tutovideos (category:base,tabindex:-1)
2026-07-31 10:24:49,482 [INFO] PluginManage:310 - Check plugin updater
2026-07-31 10:24:49,513 [INFO] PluginManage:359 - Loaded plugin updater (category:base,tabindex:12)
2026-07-31 10:24:49,513 [INFO] PluginManage:310 - Check plugin userauth
2026-07-31 10:24:49,518 [INFO] UserAuth:118 - Init User Auth plugin
2026-07-31 10:24:49,533 [INFO] PluginManage:359 - Loaded plugin userauth (category:base,tabindex:14)
2026-07-31 10:24:49,534 [INFO] PluginManage:283 - PluginManage : Loaded plugins [18]
2026-07-31 10:24:49,846 [INFO] PinOutPanel:1589 - setPackage(No Configuration,No Configuration)
2026-07-31 10:24:49,965 [INFO] CADModel:165 - CPN selected for project level
2026-07-31 10:24:49,965 [INFO] CADModel:114 - Register for checkConnection events
2026-07-31 10:24:49,986 [INFO] IPUIPlugin:80 - create IPUIPlugin
2026-07-31 10:24:49,987 [INFO] PluginManager:220 - loadIPPluginJar : add adc
2026-07-31 10:24:49,990 [INFO] IPUIPlugin:80 - create IPUIPlugin
2026-07-31 10:24:49,990 [INFO] PluginManager:220 - loadIPPluginJar : add aes
2026-07-31 10:24:49,995 [INFO] IPUIPlugin:80 - create IPUIPlugin
2026-07-31 10:24:49,995 [INFO] PluginManager:220 - loadIPPluginJar : add can
2026-07-31 10:24:49,997 [INFO] IPUIPlugin:80 - create IPUIPlugin
2026-07-31 10:24:49,997 [INFO] PluginManager:220 - loadIPPluginJar : add comp
2026-07-31 10:24:50,000 [INFO] IPUIPlugin:80 - create IPUIPlugin
2026-07-31 10:24:50,000 [INFO] PluginManager:220 - loadIPPluginJar : add cryp
2026-07-31 10:24:50,003 [INFO] IPUIPlugin:80 - create IPUIPlugin
2026-07-31 10:24:50,003 [INFO] PluginManager:220 - loadIPPluginJar : add ddr_ctrl_phy
2026-07-31 10:24:50,006 [INFO] IPUIPlugin:80 - create IPUIPlugin
2026-07-31 10:24:50,006 [INFO] PluginManager:220 - loadIPPluginJar : add dfsdm
2026-07-31 10:24:50,014 [INFO] IPUIPlugin:80 - create IPUIPlugin
2026-07-31 10:24:50,015 [INFO] PluginManager:220 - loadIPPluginJar : add dma
2026-07-31 10:24:50,017 [INFO] IPUIPlugin:80 - create IPUIPlugin
2026-07-31 10:24:50,018 [INFO] PluginManager:220 - loadIPPluginJar : add dma3
2026-07-31 10:24:50,021 [INFO] IPUIPlugin:80 - create IPUIPlugin
2026-07-31 10:24:50,021 [INFO] PluginManager:220 - loadIPPluginJar : add extmemmanager
2026-07-31 10:24:50,022 [INFO] IPUIPlugin:80 - create IPUIPlugin
2026-07-31 10:24:50,023 [INFO] PluginManager:220 - loadIPPluginJar : add fatfs
2026-07-31 10:24:50,028 [INFO] IPUIPlugin:80 - create IPUIPlugin
2026-07-31 10:24:50,028 [INFO] PluginManager:220 - loadIPPluginJar : add fmc
2026-07-31 10:24:50,035 [INFO] IPUIPlugin:80 - create IPUIPlugin
2026-07-31 10:24:50,035 [INFO] PluginManager:220 - loadIPPluginJar : add freertos
2026-07-31 10:24:50,037 [INFO] IPUIPlugin:80 - create IPUIPlugin
2026-07-31 10:24:50,037 [INFO] PluginManager:220 - loadIPPluginJar : add genericplugin
2026-07-31 10:24:50,039 [INFO] IPUIPlugin:80 - create IPUIPlugin
2026-07-31 10:24:50,039 [INFO] PluginManager:220 - loadIPPluginJar : add gfxmmu
2026-07-31 10:24:50,045 [INFO] IPUIPlugin:80 - create IPUIPlugin
2026-07-31 10:24:50,045 [INFO] PluginManager:220 - loadIPPluginJar : add gic
2026-07-31 10:24:50,050 [INFO] IPUIPlugin:80 - create IPUIPlugin
2026-07-31 10:24:50,050 [INFO] PluginManager:220 - loadIPPluginJar : add gpio
2026-07-31 10:24:50,053 [INFO] IPUIPlugin:80 - create IPUIPlugin
2026-07-31 10:24:50,054 [INFO] PluginManager:220 - loadIPPluginJar : add gtzc
2026-07-31 10:24:50,056 [INFO] IPUIPlugin:80 - create IPUIPlugin
2026-07-31 10:24:50,056 [INFO] PluginManager:220 - loadIPPluginJar : add hash
2026-07-31 10:24:50,059 [INFO] IPUIPlugin:80 - create IPUIPlugin
2026-07-31 10:24:50,059 [INFO] PluginManager:220 - loadIPPluginJar : add i2c
2026-07-31 10:24:50,065 [INFO] IPUIPlugin:80 - create IPUIPlugin
2026-07-31 10:24:50,065 [INFO] PluginManager:220 - loadIPPluginJar : add i2s
2026-07-31 10:24:50,068 [INFO] IPUIPlugin:80 - create IPUIPlugin
2026-07-31 10:24:50,068 [INFO] PluginManager:220 - loadIPPluginJar : add i3c
2026-07-31 10:24:50,072 [INFO] IPUIPlugin:80 - create IPUIPlugin
2026-07-31 10:24:50,072 [INFO] PluginManager:220 - loadIPPluginJar : add ipddr
2026-07-31 10:24:50,081 [INFO] IPUIPlugin:80 - create IPUIPlugin
2026-07-31 10:24:50,081 [INFO] PluginManager:220 - loadIPPluginJar : add linkedlist
2026-07-31 10:24:50,089 [INFO] IPUIPlugin:80 - create IPUIPlugin
2026-07-31 10:24:50,089 [INFO] PluginManager:220 - loadIPPluginJar : add lorawan
2026-07-31 10:24:50,091 [INFO] IPUIPlugin:80 - create IPUIPlugin
2026-07-31 10:24:50,091 [INFO] PluginManager:220 - loadIPPluginJar : add ltdc
2026-07-31 10:24:50,099 [INFO] IPUIPlugin:80 - create IPUIPlugin
2026-07-31 10:24:50,099 [INFO] PluginManager:220 - loadIPPluginJar : add mdma
2026-07-31 10:24:50,103 [INFO] IPUIPlugin:80 - create IPUIPlugin
2026-07-31 10:24:50,103 [INFO] PluginManager:220 - loadIPPluginJar : add nvic
2026-07-31 10:24:50,107 [INFO] IPUIPlugin:80 - create IPUIPlugin
2026-07-31 10:24:50,107 [INFO] PluginManager:220 - loadIPPluginJar : add opamp
2026-07-31 10:24:50,110 [INFO] IPUIPlugin:80 - create IPUIPlugin
2026-07-31 10:24:50,110 [INFO] PluginManager:220 - loadIPPluginJar : add openamp
2026-07-31 10:24:50,115 [INFO] IPUIPlugin:80 - create IPUIPlugin
2026-07-31 10:24:50,115 [INFO] PluginManager:220 - loadIPPluginJar : add pdm2pcm
2026-07-31 10:24:50,122 [INFO] IPUIPlugin:80 - create IPUIPlugin
2026-07-31 10:24:50,125 [INFO] PluginManager:220 - loadIPPluginJar : add plateformsettings
2026-07-31 10:24:50,127 [INFO] IPUIPlugin:80 - create IPUIPlugin
2026-07-31 10:24:50,127 [INFO] PluginManager:220 - loadIPPluginJar : add quadspi
2026-07-31 10:24:50,129 [INFO] IPUIPlugin:80 - create IPUIPlugin
2026-07-31 10:24:50,130 [INFO] PluginManager:220 - loadIPPluginJar : add radio
2026-07-31 10:24:50,133 [INFO] IPUIPlugin:80 - create IPUIPlugin
2026-07-31 10:24:50,134 [INFO] PluginManager:220 - loadIPPluginJar : add resmgrutility
2026-07-31 10:24:50,138 [INFO] IPUIPlugin:80 - create IPUIPlugin
2026-07-31 10:24:50,138 [INFO] PluginManager:220 - loadIPPluginJar : add sai
2026-07-31 10:24:50,141 [INFO] IPUIPlugin:80 - create IPUIPlugin
2026-07-31 10:24:50,141 [INFO] PluginManager:220 - loadIPPluginJar : add spi
2026-07-31 10:24:50,149 [INFO] IPUIPlugin:80 - create IPUIPlugin
2026-07-31 10:24:50,149 [INFO] PluginManager:220 - loadIPPluginJar : add stm32_wpan
2026-07-31 10:24:50,151 [INFO] IPUIPlugin:80 - create IPUIPlugin
2026-07-31 10:24:50,151 [INFO] PluginManager:220 - loadIPPluginJar : add tim
2026-07-31 10:24:50,155 [INFO] IPUIPlugin:80 - create IPUIPlugin
2026-07-31 10:24:50,155 [INFO] PluginManager:220 - loadIPPluginJar : add touchsensing
2026-07-31 10:24:50,157 [INFO] IPUIPlugin:80 - create IPUIPlugin
2026-07-31 10:24:50,157 [INFO] PluginManager:220 - loadIPPluginJar : add tracer_emb
2026-07-31 10:24:50,159 [INFO] IPUIPlugin:80 - create IPUIPlugin
2026-07-31 10:24:50,159 [INFO] PluginManager:220 - loadIPPluginJar : add ts
2026-07-31 10:24:50,161 [INFO] IPUIPlugin:80 - create IPUIPlugin
2026-07-31 10:24:50,161 [INFO] PluginManager:220 - loadIPPluginJar : add tsc
2026-07-31 10:24:50,163 [INFO] IPUIPlugin:80 - create IPUIPlugin
2026-07-31 10:24:50,164 [INFO] PluginManager:220 - loadIPPluginJar : add ucpd
2026-07-31 10:24:50,166 [INFO] IPUIPlugin:80 - create IPUIPlugin
2026-07-31 10:24:50,166 [INFO] PluginManager:220 - loadIPPluginJar : add usart
2026-07-31 10:24:50,170 [INFO] IPUIPlugin:80 - create IPUIPlugin
2026-07-31 10:24:50,170 [INFO] PluginManager:220 - loadIPPluginJar : add usbx
2026-07-31 10:24:50,326 [FATAL] Updater:351 - Updater called before beeing initialized
2026-07-31 10:24:50,385 [INFO] RulesReader:64 - Compatibility file has been processed (317 Rules)
2026-07-31 10:24:50,407 [INFO] RulesReader:64 - Compatibility file has been processed (317 Rules)
2026-07-31 10:24:50,424 [INFO] CADModel:165 - CPN selected for project level
2026-07-31 10:24:50,424 [INFO] CADModel:114 - Register for checkConnection events
2026-07-31 10:24:50,424 [FATAL] Updater:351 - Updater called before beeing initialized
2026-07-31 10:24:50,425 [ERROR] CADModel:125 - Updater not yet initialized, retry later 
2026-07-31 10:24:50,641 [FATAL] Updater:351 - Updater called before beeing initialized
2026-07-31 10:24:50,643 [INFO] CADModel:165 - CPN selected for project level
2026-07-31 10:24:50,644 [INFO] CADModel:114 - Register for checkConnection events
2026-07-31 10:24:50,644 [FATAL] Updater:351 - Updater called before beeing initialized
2026-07-31 10:24:50,644 [ERROR] CADModel:125 - Updater not yet initialized, retry later 
2026-07-31 10:24:50,649 [FATAL] Updater:351 - Updater called before beeing initialized
2026-07-31 10:24:50,861 [FATAL] Updater:351 - Updater called before beeing initialized
2026-07-31 10:24:50,879 [INFO] DbMcusAds:53 - JSON generation date=Wed Jul 15 15:14:54 IST 2026 (1784108694001)
2026-07-31 10:24:50,880 [FATAL] Updater:351 - Updater called before beeing initialized
2026-07-31 10:24:50,934 [WARN] DetailPanel:346 - Failed to get advertising image, set to default
2026-07-31 10:24:51,069 [FATAL] Updater:351 - Updater called before beeing initialized
2026-07-31 10:24:51,071 [FATAL] Updater:351 - Updater called before beeing initialized
2026-07-31 10:24:51,071 [FATAL] Updater:351 - Updater called before beeing initialized
2026-07-31 10:24:51,071 [WARN] DetailPanel:346 - Failed to get advertising image, set to default
2026-07-31 10:24:51,072 [FATAL] Updater:351 - Updater called before beeing initialized
2026-07-31 10:24:51,137 [ERROR] Updater:1198 - MainUpdater not yet initialized. External WinMGr cannot be set.
2026-07-31 10:24:51,140 [INFO] Updater:1134 - Updater Version found : 6.15.0
2026-07-31 10:24:51,163 [INFO] ApplicationProperties:184 - Using Application install path: C:\ST\STM32CubeIDE_1.19.0\STM32CubeIDE\plugins\com.st.stm32cube.common.mx_6.15.0.202507011659
2026-07-31 10:24:52,201 [INFO] ThirdPartyUpdaterWithRetryManager:70 - Updater plugin not ready yet. [2/15]
2026-07-31 10:24:52,742 [ERROR] LogOutputStream:75 - [STDERR_REDIRECT] Jul 31, 2026 10:24:52 AM java.util.prefs.WindowsPreferences <init>
2026-07-31 10:24:52,745 [ERROR] LogOutputStream:75 - [STDERR_REDIRECT] WARNING: Could not open/create prefs root node Software\JavaSoft\Prefs at root 0xffffffff80000002. Windows RegCreateKeyEx(...) returned error code 5.
2026-07-31 10:24:52,745 [ERROR] LogOutputStream:75 - [STDERR_REDIRECT] 
2026-07-31 10:24:53,439 [INFO] MainUpdater:2872 - connection check result : 10
2026-07-31 10:24:53,441 [INFO] MainUpdater:289 - Updater Check For Update Now.
2026-07-31 10:24:53,441 [INFO] MicroXplorer:498 - Change Database Version : DB.6.0.150
2026-07-31 10:24:53,454 [INFO] McuFinderGlobals:63 - Set McuFinder mode to 2 (CubeIDE integrated)
2026-07-31 10:24:53,454 [INFO] UserAuth:171 - activating auth plugin
2026-07-31 10:24:53,459 [INFO] UserAuth:487 - Internet connection configuration mode: 1
2026-07-31 10:24:53,517 [INFO] JxBrowserEngine:152 - Initiate JxBrowser Engine with user profile folder
2026-07-31 10:24:53,677 [INFO] CheckServerUpdateThread:120 - End of CheckServer Thread
2026-07-31 10:24:54,430 [INFO] WebApp:169 - Instantiating new browser for Auth
2026-07-31 10:24:55,375 [INFO] WebApp:463 - Apply proxy settings
2026-07-31 10:24:55,375 [INFO] WebApp:548 - Chromium requires no authentication
2026-07-31 10:24:55,394 [INFO] WebApp:491 - Direct internet connection detected
2026-07-31 10:24:55,448 [INFO] WebApp:900 - Register for checkConnection events
2026-07-31 10:24:55,448 [INFO] WebApp:463 - Apply proxy settings
2026-07-31 10:24:55,448 [INFO] WebApp:548 - Chromium requires no authentication
2026-07-31 10:24:55,449 [INFO] WebApp:491 - Direct internet connection detected
2026-07-31 10:24:55,671 [WARN] PackLoader:240 - Cannot read IP mode file for STMicroelectronics.X-CUBE-AZRTOS-H7.3.5.0
2026-07-31 10:24:55,692 [WARN] PackLoader:240 - Cannot read IP mode file for STMicroelectronics.FP-ATR-ASTRA1.2.0.3
2026-07-31 10:24:55,708 [INFO] WebApp:191 - Connection restablished
2026-07-31 10:24:55,708 [ERROR] Engine:466 - C:\Users\ADMIN\.stm32cubemx\thirdparties\pdsc\STMicroelectronics.X-CUBE-SMBUS.2.1.1.pdsc: PDSC version is not supported
2026-07-31 10:24:55,734 [WARN] PackLoader:240 - Cannot read IP mode file for STMicroelectronics.X-CUBE-AZRTOS-F7.1.1.0
2026-07-31 10:24:55,752 [WARN] PackLoader:240 - Cannot read IP mode file for STMicroelectronics.X-CUBE-FREERTOS.1.6.0
2026-07-31 10:24:55,760 [WARN] PackLoader:240 - Cannot read IP mode file for STMicroelectronics.FP-SNS-MOTENV1.5.1.0
2026-07-31 10:24:55,803 [WARN] PackLoader:240 - Cannot read IP mode file for STMicroelectronics.X-CUBE-AZRTOS-H7RS.1.3.0
2026-07-31 10:24:55,828 [WARN] PackLoader:240 - Cannot read IP mode file for WES.I-CUBE-Cesium.1.4.0
2026-07-31 10:24:55,840 [WARN] PackLoader:240 - Cannot read IP mode file for STMicroelectronics.X-CUBE-DISPLAY.3.0.0
2026-07-31 10:24:55,867 [WARN] PackLoader:240 - Cannot read IP mode file for STMicroelectronics.X-CUBE-GNSS1.7.1.1
2026-07-31 10:24:55,876 [WARN] PackLoader:240 - Cannot read IP mode file for STMicroelectronics.FP-SNS-MOTENVWB1.1.5.0
2026-07-31 10:24:55,886 [WARN] PackLoader:240 - Cannot read IP mode file for STMicroelectronics.X-CUBE-NFC10.1.0.0
2026-07-31 10:24:55,898 [WARN] PackLoader:240 - Cannot read IP mode file for STMicroelectronics.X-CUBE-ST60.1.1.0
2026-07-31 10:24:55,908 [WARN] PackLoader:240 - Cannot read IP mode file for emotas.I-CUBE-CANOPEN.1.3.0
2026-07-31 10:24:55,916 [WARN] PackLoader:240 - Cannot read IP mode file for wolfSSL.I-CUBE-wolfSSL.5.9.2
2026-07-31 10:24:55,922 [ERROR] Engine:466 - C:\Users\ADMIN\.stm32cubemx\thirdparties\pdsc\STMicroelectronics.X-CUBE-WBA.1.1.0.pdsc: PDSC version is not supported
2026-07-31 10:24:55,936 [WARN] PackLoader:240 - Cannot read IP mode file for STMicroelectronics.FP-SNS-STBOX1.2.1.0
2026-07-31 10:24:55,947 [WARN] PackLoader:240 - Cannot read IP mode file for STMicroelectronics.FP-SNS-SMARTAG2.1.2.0
2026-07-31 10:24:55,953 [WARN] PackLoader:240 - Cannot read IP mode file for STMicroelectronics.FP-SNS-FLIGHT1.5.1.0
2026-07-31 10:24:55,965 [INFO] LogOutputStream:77 - [STDOUT_REDIRECT] 1 : Invalid condition id : UX_CORESTACK_Condition cause : null
2026-07-31 10:24:55,967 [INFO] LogOutputStream:77 - [STDOUT_REDIRECT] 1 : Invalid condition id : UX_CORESTACK_Condition cause : null
2026-07-31 10:24:55,968 [INFO] LogOutputStream:77 - [STDOUT_REDIRECT] 1 : Invalid condition id : UX_CORESTACK_Condition cause : null
2026-07-31 10:24:55,970 [INFO] LogOutputStream:77 - [STDOUT_REDIRECT] 1 : Invalid condition id : UX_CORESTACK_Condition cause : null
2026-07-31 10:24:55,972 [INFO] LogOutputStream:77 - [STDOUT_REDIRECT] 1 : Invalid condition id : UX_CORESTACK_Condition cause : null
2026-07-31 10:24:55,976 [WARN] PackLoader:240 - Cannot read IP mode file for STMicroelectronics.X-CUBE-AZRTOS-WL.2.0.0
2026-07-31 10:24:55,986 [WARN] PackLoader:240 - Cannot read IP mode file for STMicroelectronics.X-CUBE-BLE2.3.3.0
2026-07-31 10:24:56,072 [WARN] PackLoader:240 - Cannot read IP mode file for Infineon.AIROC-Wi-Fi-Bluetooth-STM32.1.8.0
2026-07-31 10:24:56,085 [WARN] PackLoader:240 - Cannot read IP mode file for STMicroelectronics.X-CUBE-NFC9.1.0.0
2026-07-31 10:24:56,095 [WARN] PackLoader:240 - Cannot read IP mode file for STMicroelectronics.X-CUBE-BLE1.7.1.0
2026-07-31 10:24:56,101 [WARN] PackLoader:240 - Cannot read IP mode file for wolfSSL.I-CUBE-wolfMQTT.1.19.2
2026-07-31 10:24:56,109 [WARN] PackLoader:240 - Cannot read IP mode file for STMicroelectronics.X-CUBE-EEPRMA1.5.2.0
2026-07-31 10:24:56,120 [WARN] PackLoader:240 - Cannot read IP mode file for STMicroelectronics.FP-SNS-STAIOTCFT.1.1.0
2026-07-31 10:24:56,146 [WARN] PackLoader:240 - Cannot read IP mode file for STMicroelectronics.X-CUBE-AZRTOS-G0.1.1.0
2026-07-31 10:24:56,154 [WARN] PackLoader:240 - Cannot read IP mode file for STMicroelectronics.X-CUBE-NFC4.3.0.0
2026-07-31 10:24:56,165 [WARN] PackLoader:240 - Cannot read IP mode file for EmbeddedOffice.I-CUBE-FS-RTOS.1.0.1
2026-07-31 10:24:56,170 [WARN] PackLoader:240 - Cannot read IP mode file for wolfSSL.I-CUBE-wolfTPM.3.8.0
2026-07-31 10:24:56,177 [WARN] PackLoader:240 - Cannot read IP mode file for STMicroelectronics.X-CUBE-TCPP.4.2.0
2026-07-31 10:24:56,186 [WARN] PackLoader:240 - Cannot read IP mode file for RealThread.X-CUBE-RT-Thread_Nano.4.1.1
2026-07-31 10:24:56,192 [WARN] PackLoader:240 - Cannot read IP mode file for STMicroelectronics.FP-ATR-SIGFOX1.3.2.0
2026-07-31 10:24:56,200 [WARN] PackLoader:240 - Cannot read IP mode file for ITTIA_DB.I-CUBE-ITTIADB.8.9.0
2026-07-31 10:24:56,205 [WARN] PackLoader:240 - Cannot read IP mode file for Cesanta.I-CUBE-Mongoose.7.21.7
2026-07-31 10:24:56,212 [WARN] PackLoader:240 - Cannot read IP mode file for STMicroelectronics.X-CUBE-NFC6.3.2.0
2026-07-31 10:24:56,221 [WARN] PackLoader:240 - Cannot read IP mode file for STMicroelectronics.X-CUBE-AI.10.2.1
2026-07-31 10:24:56,412 [WARN] PackLoader:240 - Cannot read IP mode file for STMicroelectronics.X-CUBE-MEMS1.12.1.0
2026-07-31 10:24:56,620 [WARN] PackLoader:240 - Cannot read IP mode file for SEGGER.I-CUBE-embOS.1.3.1
2026-07-31 10:24:56,681 [WARN] PackLoader:240 - Cannot read IP mode file for STMicroelectronics.X-CUBE-NFC13.1.0.0
2026-07-31 10:24:56,689 [WARN] PackLoader:240 - Cannot read IP mode file for STMicroelectronics.X-CUBE-PM33A1.1.0.0
2026-07-31 10:24:56,706 [WARN] PackLoader:240 - Cannot read IP mode file for STMicroelectronics.X-CUBE-AZRTOS-F4.1.1.0
2026-07-31 10:24:56,713 [WARN] PackLoader:240 - Cannot read IP mode file for STMicroelectronics.X-CUBE-ISPU.2.1.0
2026-07-31 10:24:56,726 [WARN] PackLoader:240 - Cannot read IP mode file for STMicroelectronics.X-CUBE-IPS.3.2.0
2026-07-31 10:24:56,738 [WARN] PackLoader:240 - Cannot read IP mode file for STMicroelectronics.eDS-WB_DPC_TT-BIDIR.2.1.1
2026-07-31 10:24:56,745 [WARN] PackLoader:240 - Cannot read IP mode file for STMicroelectronics.X-CUBE-NFC12.1.0.0
2026-07-31 10:24:56,763 [WARN] PackLoader:240 - Cannot read IP mode file for STMicroelectronics.X-CUBE-AZRTOS-L5.2.0.0
2026-07-31 10:24:56,775 [WARN] PackLoader:240 - Cannot read IP mode file for STMicroelectronics.X-CUBE-ALGOBUILD.1.5.0
2026-07-31 10:24:56,782 [WARN] PackLoader:240 - Cannot read IP mode file for STMicroelectronics.eDS-WB_DPC_VIENNA.1.2.0
2026-07-31 10:24:56,787 [WARN] PackLoader:240 - Cannot read IP mode file for STMicroelectronics.eDS-WB_DPC_3PH2L-BIDIR.1.1.1
2026-07-31 10:24:56,790 [ERROR] Engine:466 - C:\Users\ADMIN\.stm32cubemx\thirdparties\pdsc\STMicroelectronics.X-CUBE-ST67W61.1.3.0.pdsc: PDSC version is not supported
2026-07-31 10:24:56,802 [WARN] PackLoader:240 - Cannot read IP mode file for STMicroelectronics.X-CUBE-TOUCHGFX.4.26.1
2026-07-31 10:24:56,808 [WARN] PackLoader:240 - Cannot read IP mode file for STMicroelectronics.X-CUBE-DPower.1.3.0
2026-07-31 10:24:56,825 [WARN] ConditionMgr:438 - getConditionDescription Invalid condition id : LAN8742 Phy interface Condition cause : null
2026-07-31 10:24:56,826 [WARN] PackLoader:240 - Cannot read IP mode file for STMicroelectronics.X-CUBE-AZRTOS-L4.2.0.0
2026-07-31 10:24:56,827 [WARN] ConditionMgr:1044 - genDependencies : Invalid condition id : LAN8742 Phy interface Condition cause : null
2026-07-31 10:24:56,827 [WARN] ConditionMgr:1044 - genDependencies : Invalid condition id : LAN8742 Phy interface Condition cause : null
2026-07-31 10:24:56,828 [WARN] ConditionMgr:1044 - genDependencies : Invalid condition id : LAN8742 Phy interface Condition cause : null
2026-07-31 10:24:56,837 [WARN] PackLoader:240 - Cannot read IP mode file for STMicroelectronics.X-CUBE-SFXS2LP1.4.0.0
2026-07-31 10:24:56,844 [WARN] PackLoader:240 - Cannot read IP mode file for STMicroelectronics.X-CUBE-WB05N.2.1.0
2026-07-31 10:24:56,857 [WARN] ConditionMgr:438 - getConditionDescription Invalid condition id : UX DEVICE CLASS RTOS Condition cause : null
2026-07-31 10:24:56,857 [WARN] ConditionMgr:438 - getConditionDescription Invalid condition id : UX DEVICE CLASS RTOS Condition cause : null
2026-07-31 10:24:56,859 [WARN] PackLoader:240 - Cannot read IP mode file for STMicroelectronics.X-CUBE-AZRTOS-WB.2.0.0
2026-07-31 10:24:56,860 [WARN] ConditionMgr:1044 - genDependencies : Invalid condition id : UX DEVICE CLASS RTOS Condition cause : null
2026-07-31 10:24:56,860 [WARN] ConditionMgr:1044 - genDependencies : Invalid condition id : UX DEVICE CLASS RTOS Condition cause : null
2026-07-31 10:24:56,861 [WARN] ConditionMgr:1044 - genDependencies : Invalid condition id : UX DEVICE CLASS RTOS Condition cause : null
2026-07-31 10:24:56,861 [WARN] ConditionMgr:1044 - genDependencies : Invalid condition id : UX DEVICE CLASS RTOS Condition cause : null
2026-07-31 10:24:56,861 [WARN] ConditionMgr:1044 - genDependencies : Invalid condition id : UX DEVICE CLASS RTOS Condition cause : null
2026-07-31 10:24:56,868 [WARN] ConditionMgr:438 - getConditionDescription Invalid condition id : Cortex-A Device cause : null
2026-07-31 10:24:56,902 [WARN] ConditionMgr:1044 - genDependencies : Invalid condition id : Cortex-A Device cause : null
2026-07-31 10:24:56,902 [WARN] ConditionMgr:1044 - genDependencies : Invalid condition id : Cortex-A Device cause : null
2026-07-31 10:24:56,902 [WARN] ConditionMgr:1044 - genDependencies : Invalid condition id : Cortex-A Device cause : null
2026-07-31 10:24:56,910 [WARN] PackLoader:240 - Cannot read IP mode file for STMicroelectronics.X-CUBE-STSE01.2.0.0
2026-07-31 10:24:56,921 [WARN] PackLoader:240 - Cannot read IP mode file for STMicroelectronics.X-CUBE-SUBG2.5.0.0
2026-07-31 10:24:56,940 [WARN] PackLoader:240 - Cannot read IP mode file for STMicroelectronics.X-CUBE-AZRTOS-G4.2.0.0
2026-07-31 10:24:56,947 [WARN] PackLoader:240 - Cannot read IP mode file for wolfSSL.I-CUBE-wolfSSH.1.4.20
2026-07-31 10:24:56,954 [WARN] PackLoader:240 - Cannot read IP mode file for STMicroelectronics.X-CUBE-NFC7.2.0.0
2026-07-31 10:24:56,960 [ERROR] Engine:466 - C:\Users\ADMIN\.stm32cubemx\thirdparties\pdsc\STMicroelectronics.X-CUBE-BLEMGR.4.2.0.pdsc: PDSC version is not supported
2026-07-31 10:24:56,966 [WARN] PackLoader:240 - Cannot read IP mode file for STMicroelectronics.X-CUBE-ALS.1.0.2
2026-07-31 10:24:56,977 [WARN] PackLoader:240 - Cannot read IP mode file for STMicroelectronics.X-CUBE-TOF1.3.4.3
2026-07-31 10:24:56,989 [INFO] ThirdParty:978 - Integrity check success = true
2026-07-31 10:24:56,989 [INFO] IntegrityCheckThread:100 - exiting critical section [integrity check]
2026-07-31 10:24:56,989 [INFO] IntegrityCheckThread:103 - End integrity checks thread
2026-07-31 10:24:57,038 [INFO] WebApp:225 - Starting web application
2026-07-31 10:24:57,038 [INFO] WebApp:593 - Web application path used C:\ST\STM32CubeIDE_1.19.0\STM32CubeIDE\plugins\com.st.stm32cube.common.mx_6.15.0.202507011659\db\plugins\mcufinder\reactClient1\index.html
2026-07-31 11:06:18,423 [INFO] WebApp:194 - Connection lost
2026-07-31 11:06:24,979 [INFO] WebApp:191 - Connection restablished
2026-07-31 11:06:27,256 [INFO] WebApp:194 - Connection lost
2026-07-31 11:06:27,415 [INFO] WebApp:191 - Connection restablished
