2026-07-30 09:12:58,547 [INFO] Activator:176 - 


2026-07-30 09:12:58,554 [INFO] Activator:177 - !SESSION log4j initialized
2026-07-30 09:13:07,414 [INFO] LogOutputStream:77 - [STDOUT_REDIRECT] 
2026-07-30 09:13:17,172 [INFO] ApplicationProperties:184 - Using Application install path: C:\ST\STM32CubeIDE_1.19.0\STM32CubeIDE\plugins\com.st.stm32cube.common.mx_6.15.0.202507011659
2026-07-30 09:13:17,200 [INFO] DbMcusXml:78 - Set database path to: C:\ST\STM32CubeIDE_1.19.0\STM32CubeIDE\plugins\com.st.stm32cube.common.mx_6.15.0.202507011659\\db\/mcu/
2026-07-30 09:13:17,200 [INFO] ApiDb:274 - Set plugin database path to: C:\ST\STM32CubeIDE_1.19.0\STM32CubeIDE\plugins\com.st.stm32cube.common.mx_6.15.0.202507011659\\db\/plugins/boardmanager/
2026-07-30 09:13:17,201 [WARN] ApiDb:259 - Overriding images path with different value:  => C:\ST\STM32CubeIDE_1.19.0\STM32CubeIDE\plugins\com.st.stm32cube.common.mx_6.15.0.202507011659\\db\/plugins/mcufinder/images/
2026-07-30 09:13:17,214 [INFO] ApiDb:250 - Set database path to: C:\Users\ADMIN\.stmcufinder\plugins\mcufinder//mcu/
2026-07-30 09:13:17,216 [INFO] DbMcusAds:125 - Set database path to: C:\Users\ADMIN\.stmcufinder\plugins\mcufinder//mcu/
2026-07-30 09:13:17,222 [INFO] CrossReferenceDbSqlite:203 - Set database path to: C:\Users\ADMIN\.stmcufinder\plugins\mcufinder//mcu/cs/
2026-07-30 09:13:17,447 [INFO] RulesReader:64 - Compatibility file has been processed (317 Rules)
2026-07-30 09:13:17,580 [INFO] DbMcusXml:78 - Set database path to: C:\ST\STM32CubeIDE_1.19.0\STM32CubeIDE\plugins\com.st.stm32cube.common.mx_6.15.0.202507011659\\db\/mcu/
2026-07-30 09:13:17,580 [INFO] ApiDb:274 - Set plugin database path to: C:\ST\STM32CubeIDE_1.19.0\STM32CubeIDE\plugins\com.st.stm32cube.common.mx_6.15.0.202507011659\\db\/plugins/boardmanager/
2026-07-30 09:13:17,580 [INFO] ApiDb:261 - Set plugin images path to: C:\ST\STM32CubeIDE_1.19.0\STM32CubeIDE\plugins\com.st.stm32cube.common.mx_6.15.0.202507011659\\db\/plugins/mcufinder/images/
2026-07-30 09:13:17,581 [WARN] DbFile:41 - Overriding database path with different value: C:\Users\ADMIN\.stmcufinder\plugins\mcufinder/ => C:\Users\ADMIN\.stmcufinder\plugins\mcufinder
2026-07-30 09:13:17,581 [INFO] ApiDb:250 - Set database path to: C:\Users\ADMIN\.stmcufinder\plugins\mcufinder//mcu/
2026-07-30 09:13:17,581 [WARN] DbFile:41 - Overriding database path with different value: C:\Users\ADMIN\.stmcufinder\plugins\mcufinder/ => C:\Users\ADMIN\.stmcufinder\plugins\mcufinder
2026-07-30 09:13:17,581 [INFO] DbMcusAds:125 - Set database path to: C:\Users\ADMIN\.stmcufinder\plugins\mcufinder//mcu/
2026-07-30 09:13:17,581 [WARN] DbFile:41 - Overriding database path with different value: C:\Users\ADMIN\.stmcufinder\plugins\mcufinder/ => C:\Users\ADMIN\.stmcufinder\plugins\mcufinder
2026-07-30 09:13:17,581 [WARN] DbFile:41 - Overriding database path with different value: C:\Users\ADMIN\.stmcufinder\plugins\mcufinder/ => C:\Users\ADMIN\.stmcufinder\plugins\mcufinder
2026-07-30 09:13:17,582 [INFO] CrossReferenceDbSqlite:203 - Set database path to: C:\Users\ADMIN\.stmcufinder\plugins\mcufinder//mcu/cs/
2026-07-30 09:13:17,690 [INFO] MainPanel:274 - HeapMemory: 268435456
2026-07-30 09:13:17,839 [INFO] DbMcusXml:78 - Set database path to: C:\ST\STM32CubeIDE_1.19.0\STM32CubeIDE\plugins\com.st.stm32cube.common.mx_6.15.0.202507011659\\db\/mcu/
2026-07-30 09:13:17,839 [INFO] ApiDb:274 - Set plugin database path to: C:\ST\STM32CubeIDE_1.19.0\STM32CubeIDE\plugins\com.st.stm32cube.common.mx_6.15.0.202507011659\\db\/plugins/boardmanager/
2026-07-30 09:13:17,839 [INFO] ApiDb:261 - Set plugin images path to: C:\ST\STM32CubeIDE_1.19.0\STM32CubeIDE\plugins\com.st.stm32cube.common.mx_6.15.0.202507011659\\db\/plugins/mcufinder/images/
2026-07-30 09:13:17,839 [WARN] DbFile:41 - Overriding database path with different value: C:\Users\ADMIN\.stmcufinder\plugins\mcufinder/ => C:\Users\ADMIN\.stmcufinder\plugins\mcufinder
2026-07-30 09:13:17,840 [INFO] ApiDb:250 - Set database path to: C:\Users\ADMIN\.stmcufinder\plugins\mcufinder//mcu/
2026-07-30 09:13:17,840 [WARN] DbFile:41 - Overriding database path with different value: C:\Users\ADMIN\.stmcufinder\plugins\mcufinder/ => C:\Users\ADMIN\.stmcufinder\plugins\mcufinder
2026-07-30 09:13:17,840 [INFO] DbMcusAds:125 - Set database path to: C:\Users\ADMIN\.stmcufinder\plugins\mcufinder//mcu/
2026-07-30 09:13:17,840 [WARN] DbFile:41 - Overriding database path with different value: C:\Users\ADMIN\.stmcufinder\plugins\mcufinder/ => C:\Users\ADMIN\.stmcufinder\plugins\mcufinder
2026-07-30 09:13:17,840 [WARN] DbFile:41 - Overriding database path with different value: C:\Users\ADMIN\.stmcufinder\plugins\mcufinder/ => C:\Users\ADMIN\.stmcufinder\plugins\mcufinder
2026-07-30 09:13:17,950 [INFO] CrossReferenceDbSqlite:203 - Set database path to: C:\Users\ADMIN\.stmcufinder\plugins\mcufinder//mcu/cs/
2026-07-30 09:13:18,004 [INFO] ApplicationProperties:184 - Using Application install path: C:\ST\STM32CubeIDE_1.19.0\STM32CubeIDE\plugins\com.st.stm32cube.common.mx_6.15.0.202507011659
2026-07-30 09:13:18,008 [INFO] PluginManage:196 - Search for loadable plugins [exclusion list=, ]
2026-07-30 09:13:18,012 [INFO] PluginManage:310 - Check plugin analytics
2026-07-30 09:13:23,374 [INFO] AnalyticsPlugin:253 - Accepted Software Licenses: 
2026-07-30 09:13:23,374 [INFO] AnalyticsPlugin:255 - Accepted CMSIS Pack Licenses: 
2026-07-30 09:13:23,374 [INFO] AnalyticsPlugin:257 - Accepted Firmware Licenses: FW.L4.1.18.0
2026-07-30 09:13:23,381 [INFO] PluginManage:359 - Loaded plugin analytics (category:tool,tabindex:-1)
2026-07-30 09:13:23,382 [INFO] PluginManage:310 - Check plugin cadmodel
2026-07-30 09:13:23,417 [INFO] CADModel:105 - Init CAD model plugin
2026-07-30 09:13:23,418 [INFO] PluginManage:359 - Loaded plugin cadmodel (category:power,tabindex:5)
2026-07-30 09:13:23,418 [INFO] PluginManage:310 - Check plugin clock
2026-07-30 09:13:23,458 [INFO] PluginManage:359 - Loaded plugin clock (category:base,tabindex:2)
2026-07-30 09:13:23,459 [INFO] PluginManage:310 - Check plugin ddr
2026-07-30 09:13:23,463 [INFO] PluginManage:359 - Loaded plugin ddr (category:tool,tabindex:6)
2026-07-30 09:13:23,464 [INFO] PluginManage:310 - Check plugin filemanager
2026-07-30 09:13:23,757 [INFO] PluginManage:359 - Loaded plugin filemanager (category:base,tabindex:10)
2026-07-30 09:13:23,757 [INFO] PluginManage:310 - Check plugin ipmanager
2026-07-30 09:13:23,776 [INFO] PluginManage:359 - Loaded plugin ipmanager (category:base,tabindex:5)
2026-07-30 09:13:23,776 [INFO] PluginManage:310 - Check plugin lpbam
2026-07-30 09:13:23,826 [INFO] PluginManage:359 - Loaded plugin lpbam (category:base,tabindex:0)
2026-07-30 09:13:23,827 [INFO] PluginManage:310 - Check plugin memorymap
2026-07-30 09:13:23,883 [INFO] PluginManage:359 - Loaded plugin memorymap (category:base,tabindex:4)
2026-07-30 09:13:23,883 [INFO] PluginManage:310 - Check plugin pinoutandconfiguration
2026-07-30 09:13:23,917 [INFO] PluginManage:359 - Loaded plugin pinoutandconfiguration (category:base,tabindex:1)
2026-07-30 09:13:23,918 [INFO] PluginManage:310 - Check plugin pinoutconfig
2026-07-30 09:13:24,125 [WARN] SupportedApi:132 - Cannot load RTOS API schema: s4s-elt-must-match.1: The content of 'definitions' must match (annotation?, (simpleType | complexType)?, (unique | key | keyref)*)). A problem was found starting at: attribute.
2026-07-30 09:13:24,482 [INFO] PluginManage:359 - Loaded plugin pinoutconfig (category:base,tabindex:0)
2026-07-30 09:13:24,482 [INFO] PluginManage:310 - Check plugin power
2026-07-30 09:13:24,524 [INFO] PluginManage:359 - Loaded plugin power (category:power,tabindex:4)
2026-07-30 09:13:24,525 [INFO] PluginManage:310 - Check plugin projectmanager
2026-07-30 09:13:24,558 [INFO] PluginManage:359 - Loaded plugin projectmanager (category:projectmanager,tabindex:4)
2026-07-30 09:13:24,558 [INFO] PluginManage:310 - Check plugin rif
2026-07-30 09:13:24,596 [INFO] PluginManage:359 - Loaded plugin rif (category:base,tabindex:3)
2026-07-30 09:13:24,597 [INFO] PluginManage:310 - Check plugin thirdparty
2026-07-30 09:13:25,189 [WARN] IntegrityCheckThread:84 - waiting for thirdparty lock release [integrity check]
2026-07-30 09:13:25,189 [INFO] PluginManage:359 - Loaded plugin thirdparty (category:base,tabindex:-1)
2026-07-30 09:13:25,189 [INFO] IntegrityCheckThread:86 - entering critical section [integrity check]
2026-07-30 09:13:25,190 [INFO] PluginManage:310 - Check plugin tools
2026-07-30 09:13:25,190 [INFO] ThirdPartyUpdaterWithRetryManager:70 - Updater plugin not ready yet. [1/15]
2026-07-30 09:13:25,289 [INFO] PluginManage:359 - Loaded plugin tools (category:base,tabindex:7)
2026-07-30 09:13:25,290 [INFO] PluginManage:310 - Check plugin tutovideos
2026-07-30 09:13:25,708 [INFO] PluginManage:359 - Loaded plugin tutovideos (category:base,tabindex:-1)
2026-07-30 09:13:25,708 [INFO] PluginManage:310 - Check plugin updater
2026-07-30 09:13:25,749 [INFO] PluginManage:359 - Loaded plugin updater (category:base,tabindex:12)
2026-07-30 09:13:25,749 [INFO] PluginManage:310 - Check plugin userauth
2026-07-30 09:13:25,757 [INFO] UserAuth:118 - Init User Auth plugin
2026-07-30 09:13:25,759 [INFO] PluginManage:359 - Loaded plugin userauth (category:base,tabindex:14)
2026-07-30 09:13:25,760 [INFO] PluginManage:283 - PluginManage : Loaded plugins [18]
2026-07-30 09:13:26,203 [INFO] PinOutPanel:1589 - setPackage(No Configuration,No Configuration)
2026-07-30 09:13:26,371 [INFO] CADModel:165 - CPN selected for project level
2026-07-30 09:13:26,371 [INFO] CADModel:114 - Register for checkConnection events
2026-07-30 09:13:26,425 [INFO] IPUIPlugin:80 - create IPUIPlugin
2026-07-30 09:13:26,425 [INFO] PluginManager:220 - loadIPPluginJar : add adc
2026-07-30 09:13:26,520 [INFO] IPUIPlugin:80 - create IPUIPlugin
2026-07-30 09:13:26,520 [INFO] PluginManager:220 - loadIPPluginJar : add aes
2026-07-30 09:13:26,626 [INFO] IPUIPlugin:80 - create IPUIPlugin
2026-07-30 09:13:26,626 [INFO] PluginManager:220 - loadIPPluginJar : add can
2026-07-30 09:13:26,692 [INFO] IPUIPlugin:80 - create IPUIPlugin
2026-07-30 09:13:26,692 [INFO] PluginManager:220 - loadIPPluginJar : add comp
2026-07-30 09:13:26,789 [INFO] IPUIPlugin:80 - create IPUIPlugin
2026-07-30 09:13:26,789 [INFO] PluginManager:220 - loadIPPluginJar : add cryp
2026-07-30 09:13:26,811 [INFO] IPUIPlugin:80 - create IPUIPlugin
2026-07-30 09:13:26,811 [INFO] PluginManager:220 - loadIPPluginJar : add ddr_ctrl_phy
2026-07-30 09:13:26,886 [INFO] IPUIPlugin:80 - create IPUIPlugin
2026-07-30 09:13:26,886 [INFO] PluginManager:220 - loadIPPluginJar : add dfsdm
2026-07-30 09:13:26,920 [INFO] IPUIPlugin:80 - create IPUIPlugin
2026-07-30 09:13:26,922 [INFO] PluginManager:220 - loadIPPluginJar : add dma
2026-07-30 09:13:27,035 [INFO] IPUIPlugin:80 - create IPUIPlugin
2026-07-30 09:13:27,036 [INFO] PluginManager:220 - loadIPPluginJar : add dma3
2026-07-30 09:13:27,181 [INFO] IPUIPlugin:80 - create IPUIPlugin
2026-07-30 09:13:27,181 [INFO] PluginManager:220 - loadIPPluginJar : add extmemmanager
2026-07-30 09:13:27,282 [INFO] IPUIPlugin:80 - create IPUIPlugin
2026-07-30 09:13:27,282 [INFO] PluginManager:220 - loadIPPluginJar : add fatfs
2026-07-30 09:13:27,434 [INFO] IPUIPlugin:80 - create IPUIPlugin
2026-07-30 09:13:27,434 [INFO] PluginManager:220 - loadIPPluginJar : add fmc
2026-07-30 09:13:27,472 [INFO] IPUIPlugin:80 - create IPUIPlugin
2026-07-30 09:13:27,473 [INFO] PluginManager:220 - loadIPPluginJar : add freertos
2026-07-30 09:13:27,529 [INFO] IPUIPlugin:80 - create IPUIPlugin
2026-07-30 09:13:27,529 [INFO] PluginManager:220 - loadIPPluginJar : add genericplugin
2026-07-30 09:13:27,809 [INFO] IPUIPlugin:80 - create IPUIPlugin
2026-07-30 09:13:27,810 [INFO] PluginManager:220 - loadIPPluginJar : add gfxmmu
2026-07-30 09:13:28,191 [INFO] ThirdPartyUpdaterWithRetryManager:70 - Updater plugin not ready yet. [2/15]
2026-07-30 09:13:28,208 [INFO] IPUIPlugin:80 - create IPUIPlugin
2026-07-30 09:13:28,209 [INFO] PluginManager:220 - loadIPPluginJar : add gic
2026-07-30 09:13:28,238 [INFO] IPUIPlugin:80 - create IPUIPlugin
2026-07-30 09:13:28,238 [INFO] PluginManager:220 - loadIPPluginJar : add gpio
2026-07-30 09:13:28,503 [INFO] IPUIPlugin:80 - create IPUIPlugin
2026-07-30 09:13:28,503 [INFO] PluginManager:220 - loadIPPluginJar : add gtzc
2026-07-30 09:13:28,591 [INFO] IPUIPlugin:80 - create IPUIPlugin
2026-07-30 09:13:28,592 [INFO] PluginManager:220 - loadIPPluginJar : add hash
2026-07-30 09:13:28,736 [INFO] IPUIPlugin:80 - create IPUIPlugin
2026-07-30 09:13:28,736 [INFO] PluginManager:220 - loadIPPluginJar : add i2c
2026-07-30 09:13:28,855 [INFO] IPUIPlugin:80 - create IPUIPlugin
2026-07-30 09:13:28,856 [INFO] PluginManager:220 - loadIPPluginJar : add i2s
2026-07-30 09:13:28,974 [INFO] IPUIPlugin:80 - create IPUIPlugin
2026-07-30 09:13:28,974 [INFO] PluginManager:220 - loadIPPluginJar : add i3c
2026-07-30 09:13:29,299 [INFO] IPUIPlugin:80 - create IPUIPlugin
2026-07-30 09:13:29,300 [INFO] PluginManager:220 - loadIPPluginJar : add ipddr
2026-07-30 09:13:29,573 [INFO] IPUIPlugin:80 - create IPUIPlugin
2026-07-30 09:13:29,574 [INFO] PluginManager:220 - loadIPPluginJar : add linkedlist
2026-07-30 09:13:29,665 [INFO] IPUIPlugin:80 - create IPUIPlugin
2026-07-30 09:13:29,666 [INFO] PluginManager:220 - loadIPPluginJar : add lorawan
2026-07-30 09:13:29,772 [INFO] IPUIPlugin:80 - create IPUIPlugin
2026-07-30 09:13:29,772 [INFO] PluginManager:220 - loadIPPluginJar : add ltdc
2026-07-30 09:13:29,803 [INFO] IPUIPlugin:80 - create IPUIPlugin
2026-07-30 09:13:29,803 [INFO] PluginManager:220 - loadIPPluginJar : add mdma
2026-07-30 09:13:29,833 [INFO] IPUIPlugin:80 - create IPUIPlugin
2026-07-30 09:13:29,833 [INFO] PluginManager:220 - loadIPPluginJar : add nvic
2026-07-30 09:13:29,945 [INFO] IPUIPlugin:80 - create IPUIPlugin
2026-07-30 09:13:29,945 [INFO] PluginManager:220 - loadIPPluginJar : add opamp
2026-07-30 09:13:30,121 [INFO] IPUIPlugin:80 - create IPUIPlugin
2026-07-30 09:13:30,122 [INFO] PluginManager:220 - loadIPPluginJar : add openamp
2026-07-30 09:13:30,252 [INFO] IPUIPlugin:80 - create IPUIPlugin
2026-07-30 09:13:30,252 [INFO] PluginManager:220 - loadIPPluginJar : add pdm2pcm
2026-07-30 09:13:30,293 [INFO] IPUIPlugin:80 - create IPUIPlugin
2026-07-30 09:13:30,300 [INFO] PluginManager:220 - loadIPPluginJar : add plateformsettings
2026-07-30 09:13:30,369 [INFO] IPUIPlugin:80 - create IPUIPlugin
2026-07-30 09:13:30,369 [INFO] PluginManager:220 - loadIPPluginJar : add quadspi
2026-07-30 09:13:30,436 [INFO] IPUIPlugin:80 - create IPUIPlugin
2026-07-30 09:13:30,436 [INFO] PluginManager:220 - loadIPPluginJar : add radio
2026-07-30 09:13:30,468 [INFO] IPUIPlugin:80 - create IPUIPlugin
2026-07-30 09:13:30,468 [INFO] PluginManager:220 - loadIPPluginJar : add resmgrutility
2026-07-30 09:13:30,609 [INFO] IPUIPlugin:80 - create IPUIPlugin
2026-07-30 09:13:30,609 [INFO] PluginManager:220 - loadIPPluginJar : add sai
2026-07-30 09:13:30,715 [INFO] IPUIPlugin:80 - create IPUIPlugin
2026-07-30 09:13:30,715 [INFO] PluginManager:220 - loadIPPluginJar : add spi
2026-07-30 09:13:30,952 [INFO] IPUIPlugin:80 - create IPUIPlugin
2026-07-30 09:13:30,952 [INFO] PluginManager:220 - loadIPPluginJar : add stm32_wpan
2026-07-30 09:13:31,025 [INFO] IPUIPlugin:80 - create IPUIPlugin
2026-07-30 09:13:31,025 [INFO] PluginManager:220 - loadIPPluginJar : add tim
2026-07-30 09:13:31,194 [INFO] ThirdPartyUpdaterWithRetryManager:70 - Updater plugin not ready yet. [3/15]
2026-07-30 09:13:31,210 [INFO] IPUIPlugin:80 - create IPUIPlugin
2026-07-30 09:13:31,210 [INFO] PluginManager:220 - loadIPPluginJar : add touchsensing
2026-07-30 09:13:31,268 [INFO] IPUIPlugin:80 - create IPUIPlugin
2026-07-30 09:13:31,268 [INFO] PluginManager:220 - loadIPPluginJar : add tracer_emb
2026-07-30 09:13:31,330 [INFO] IPUIPlugin:80 - create IPUIPlugin
2026-07-30 09:13:31,330 [INFO] PluginManager:220 - loadIPPluginJar : add ts
2026-07-30 09:13:31,399 [INFO] IPUIPlugin:80 - create IPUIPlugin
2026-07-30 09:13:31,399 [INFO] PluginManager:220 - loadIPPluginJar : add tsc
2026-07-30 09:13:31,465 [INFO] IPUIPlugin:80 - create IPUIPlugin
2026-07-30 09:13:31,465 [INFO] PluginManager:220 - loadIPPluginJar : add ucpd
2026-07-30 09:13:31,600 [INFO] IPUIPlugin:80 - create IPUIPlugin
2026-07-30 09:13:31,600 [INFO] PluginManager:220 - loadIPPluginJar : add usart
2026-07-30 09:13:31,733 [INFO] IPUIPlugin:80 - create IPUIPlugin
2026-07-30 09:13:31,734 [INFO] PluginManager:220 - loadIPPluginJar : add usbx
2026-07-30 09:13:32,030 [FATAL] Updater:351 - Updater called before beeing initialized
2026-07-30 09:13:32,178 [INFO] RulesReader:64 - Compatibility file has been processed (317 Rules)
2026-07-30 09:13:32,445 [INFO] RulesReader:64 - Compatibility file has been processed (317 Rules)
2026-07-30 09:13:32,478 [INFO] CADModel:165 - CPN selected for project level
2026-07-30 09:13:32,478 [INFO] CADModel:114 - Register for checkConnection events
2026-07-30 09:13:32,478 [FATAL] Updater:351 - Updater called before beeing initialized
2026-07-30 09:13:32,478 [ERROR] CADModel:125 - Updater not yet initialized, retry later 
2026-07-30 09:13:32,878 [FATAL] Updater:351 - Updater called before beeing initialized
2026-07-30 09:13:32,879 [INFO] CADModel:165 - CPN selected for project level
2026-07-30 09:13:32,879 [INFO] CADModel:114 - Register for checkConnection events
2026-07-30 09:13:32,879 [FATAL] Updater:351 - Updater called before beeing initialized
2026-07-30 09:13:32,879 [ERROR] CADModel:125 - Updater not yet initialized, retry later 
2026-07-30 09:13:32,896 [FATAL] Updater:351 - Updater called before beeing initialized
2026-07-30 09:13:33,347 [FATAL] Updater:351 - Updater called before beeing initialized
2026-07-30 09:13:33,376 [INFO] DbMcusAds:53 - JSON generation date=Wed Jul 15 15:16:00 IST 2026 (1784108760991)
2026-07-30 09:13:33,376 [FATAL] Updater:351 - Updater called before beeing initialized
2026-07-30 09:13:33,462 [WARN] DetailPanel:346 - Failed to get advertising image, set to default
2026-07-30 09:13:33,645 [FATAL] Updater:351 - Updater called before beeing initialized
2026-07-30 09:13:33,645 [FATAL] Updater:351 - Updater called before beeing initialized
2026-07-30 09:13:33,645 [FATAL] Updater:351 - Updater called before beeing initialized
2026-07-30 09:13:33,645 [WARN] DetailPanel:346 - Failed to get advertising image, set to default
2026-07-30 09:13:33,660 [FATAL] Updater:351 - Updater called before beeing initialized
2026-07-30 09:13:33,795 [ERROR] Updater:1198 - MainUpdater not yet initialized. External WinMGr cannot be set.
2026-07-30 09:13:33,827 [INFO] Updater:1134 - Updater Version found : 6.15.0
2026-07-30 09:13:33,861 [INFO] ApplicationProperties:184 - Using Application install path: C:\ST\STM32CubeIDE_1.19.0\STM32CubeIDE\plugins\com.st.stm32cube.common.mx_6.15.0.202507011659
2026-07-30 09:13:34,197 [INFO] ThirdPartyUpdaterWithRetryManager:70 - Updater plugin not ready yet. [4/15]
2026-07-30 09:13:35,472 [ERROR] LogOutputStream:75 - [STDERR_REDIRECT] Jul 30, 2026 9:13:35 AM java.util.prefs.WindowsPreferences <init>
2026-07-30 09:13:35,488 [ERROR] LogOutputStream:75 - [STDERR_REDIRECT] WARNING: Could not open/create prefs root node Software\JavaSoft\Prefs at root 0xffffffff80000002. Windows RegCreateKeyEx(...) returned error code 5.
2026-07-30 09:13:35,488 [ERROR] LogOutputStream:75 - [STDERR_REDIRECT] 
2026-07-30 09:13:36,516 [INFO] MainUpdater:2872 - connection check result : 10
2026-07-30 09:13:36,532 [INFO] MainUpdater:289 - Updater Check For Update Now.
2026-07-30 09:13:36,532 [INFO] MicroXplorer:498 - Change Database Version : DB.6.0.150
2026-07-30 09:13:36,595 [INFO] McuFinderGlobals:63 - Set McuFinder mode to 2 (CubeIDE integrated)
2026-07-30 09:13:36,595 [INFO] UserAuth:171 - activating auth plugin
2026-07-30 09:13:36,611 [INFO] UserAuth:487 - Internet connection configuration mode: 1
2026-07-30 09:13:36,690 [INFO] JxBrowserEngine:152 - Initiate JxBrowser Engine with user profile folder
2026-07-30 09:13:37,111 [INFO] CheckServerUpdateThread:120 - End of CheckServer Thread
2026-07-30 09:13:38,331 [WARN] PackLoader:240 - Cannot read IP mode file for STMicroelectronics.X-CUBE-AZRTOS-H7.3.5.0
2026-07-30 09:13:38,459 [WARN] PackLoader:240 - Cannot read IP mode file for STMicroelectronics.FP-ATR-ASTRA1.2.0.3
2026-07-30 09:13:38,489 [ERROR] Engine:466 - C:\Users\ADMIN\.stm32cubemx\thirdparties\pdsc\STMicroelectronics.X-CUBE-SMBUS.2.1.1.pdsc: PDSC version is not supported
2026-07-30 09:13:38,585 [WARN] PackLoader:240 - Cannot read IP mode file for STMicroelectronics.X-CUBE-AZRTOS-F7.1.1.0
2026-07-30 09:13:38,664 [WARN] PackLoader:240 - Cannot read IP mode file for STMicroelectronics.X-CUBE-FREERTOS.1.6.0
2026-07-30 09:13:38,728 [WARN] PackLoader:240 - Cannot read IP mode file for STMicroelectronics.FP-SNS-MOTENV1.5.1.0
2026-07-30 09:13:38,958 [WARN] PackLoader:240 - Cannot read IP mode file for STMicroelectronics.X-CUBE-AZRTOS-H7RS.1.3.0
2026-07-30 09:13:39,021 [WARN] PackLoader:240 - Cannot read IP mode file for WES.I-CUBE-Cesium.1.4.0
2026-07-30 09:13:39,069 [WARN] PackLoader:240 - Cannot read IP mode file for STMicroelectronics.X-CUBE-DISPLAY.3.0.0
2026-07-30 09:13:39,117 [WARN] PackLoader:240 - Cannot read IP mode file for STMicroelectronics.X-CUBE-GNSS1.7.1.1
2026-07-30 09:13:39,149 [WARN] PackLoader:240 - Cannot read IP mode file for STMicroelectronics.FP-SNS-MOTENVWB1.1.5.0
2026-07-30 09:13:39,196 [WARN] PackLoader:240 - Cannot read IP mode file for STMicroelectronics.X-CUBE-NFC10.1.0.0
2026-07-30 09:13:39,260 [WARN] PackLoader:240 - Cannot read IP mode file for STMicroelectronics.X-CUBE-ST60.1.1.0
2026-07-30 09:13:39,355 [WARN] PackLoader:240 - Cannot read IP mode file for emotas.I-CUBE-CANOPEN.1.3.0
2026-07-30 09:13:39,387 [WARN] PackLoader:240 - Cannot read IP mode file for wolfSSL.I-CUBE-wolfSSL.5.9.2
2026-07-30 09:13:39,419 [ERROR] Engine:466 - C:\Users\ADMIN\.stm32cubemx\thirdparties\pdsc\STMicroelectronics.X-CUBE-WBA.1.1.0.pdsc: PDSC version is not supported
2026-07-30 09:13:39,460 [WARN] PackLoader:240 - Cannot read IP mode file for STMicroelectronics.FP-SNS-STBOX1.2.1.0
2026-07-30 09:13:39,491 [WARN] PackLoader:240 - Cannot read IP mode file for STMicroelectronics.FP-SNS-SMARTAG2.1.2.0
2026-07-30 09:13:39,524 [WARN] PackLoader:240 - Cannot read IP mode file for STMicroelectronics.FP-SNS-FLIGHT1.5.1.0
2026-07-30 09:13:39,572 [INFO] LogOutputStream:77 - [STDOUT_REDIRECT] 1 : Invalid condition id : UX_CORESTACK_Condition cause : null
2026-07-30 09:13:39,572 [INFO] LogOutputStream:77 - [STDOUT_REDIRECT] 1 : Invalid condition id : UX_CORESTACK_Condition cause : null
2026-07-30 09:13:39,587 [INFO] LogOutputStream:77 - [STDOUT_REDIRECT] 1 : Invalid condition id : UX_CORESTACK_Condition cause : null
2026-07-30 09:13:39,587 [INFO] LogOutputStream:77 - [STDOUT_REDIRECT] 1 : Invalid condition id : UX_CORESTACK_Condition cause : null
2026-07-30 09:13:39,587 [INFO] LogOutputStream:77 - [STDOUT_REDIRECT] 1 : Invalid condition id : UX_CORESTACK_Condition cause : null
2026-07-30 09:13:39,603 [WARN] PackLoader:240 - Cannot read IP mode file for STMicroelectronics.X-CUBE-AZRTOS-WL.2.0.0
2026-07-30 09:13:39,636 [INFO] WebApp:169 - Instantiating new browser for Auth
2026-07-30 09:13:39,651 [WARN] PackLoader:240 - Cannot read IP mode file for STMicroelectronics.X-CUBE-BLE2.3.3.0
2026-07-30 09:13:39,868 [WARN] PackLoader:240 - Cannot read IP mode file for Infineon.AIROC-Wi-Fi-Bluetooth-STM32.1.8.0
2026-07-30 09:13:40,159 [WARN] PackLoader:240 - Cannot read IP mode file for STMicroelectronics.X-CUBE-NFC9.1.0.0
2026-07-30 09:13:40,238 [WARN] PackLoader:240 - Cannot read IP mode file for STMicroelectronics.X-CUBE-BLE1.7.1.0
2026-07-30 09:13:40,270 [WARN] PackLoader:240 - Cannot read IP mode file for wolfSSL.I-CUBE-wolfMQTT.1.19.2
2026-07-30 09:13:40,334 [WARN] PackLoader:240 - Cannot read IP mode file for STMicroelectronics.X-CUBE-EEPRMA1.5.2.0
2026-07-30 09:13:40,365 [WARN] PackLoader:240 - Cannot read IP mode file for STMicroelectronics.FP-SNS-STAIOTCFT.1.1.0
2026-07-30 09:13:40,429 [WARN] PackLoader:240 - Cannot read IP mode file for STMicroelectronics.X-CUBE-AZRTOS-G0.1.1.0
2026-07-30 09:13:40,461 [WARN] PackLoader:240 - Cannot read IP mode file for STMicroelectronics.X-CUBE-NFC4.3.0.0
2026-07-30 09:13:40,511 [WARN] PackLoader:240 - Cannot read IP mode file for EmbeddedOffice.I-CUBE-FS-RTOS.1.0.1
2026-07-30 09:13:40,544 [WARN] PackLoader:240 - Cannot read IP mode file for wolfSSL.I-CUBE-wolfTPM.3.8.0
2026-07-30 09:13:40,560 [WARN] PackLoader:240 - Cannot read IP mode file for STMicroelectronics.X-CUBE-TCPP.4.2.0
2026-07-30 09:13:40,607 [WARN] PackLoader:240 - Cannot read IP mode file for RealThread.X-CUBE-RT-Thread_Nano.4.1.1
2026-07-30 09:13:40,703 [WARN] PackLoader:240 - Cannot read IP mode file for STMicroelectronics.FP-ATR-SIGFOX1.3.2.0
2026-07-30 09:13:40,751 [WARN] PackLoader:240 - Cannot read IP mode file for ITTIA_DB.I-CUBE-ITTIADB.8.9.0
2026-07-30 09:13:40,809 [WARN] PackLoader:240 - Cannot read IP mode file for Cesanta.I-CUBE-Mongoose.7.21.7
2026-07-30 09:13:40,916 [WARN] PackLoader:240 - Cannot read IP mode file for STMicroelectronics.X-CUBE-NFC6.3.2.0
2026-07-30 09:13:40,953 [WARN] PackLoader:240 - Cannot read IP mode file for STMicroelectronics.X-CUBE-AI.10.2.1
2026-07-30 09:13:41,235 [WARN] PackLoader:240 - Cannot read IP mode file for STMicroelectronics.X-CUBE-MEMS1.12.1.0
2026-07-30 09:13:42,375 [WARN] PackLoader:240 - Cannot read IP mode file for SEGGER.I-CUBE-embOS.1.3.1
2026-07-30 09:13:42,826 [INFO] WebApp:463 - Apply proxy settings
2026-07-30 09:13:42,827 [INFO] WebApp:548 - Chromium requires no authentication
2026-07-30 09:13:42,861 [WARN] PackLoader:240 - Cannot read IP mode file for STMicroelectronics.X-CUBE-NFC13.1.0.0
2026-07-30 09:13:42,894 [INFO] WebApp:491 - Direct internet connection detected
2026-07-30 09:13:42,910 [WARN] PackLoader:240 - Cannot read IP mode file for STMicroelectronics.X-CUBE-PM33A1.1.0.0
2026-07-30 09:13:43,014 [INFO] WebApp:900 - Register for checkConnection events
2026-07-30 09:13:43,014 [INFO] WebApp:463 - Apply proxy settings
2026-07-30 09:13:43,016 [INFO] WebApp:548 - Chromium requires no authentication
2026-07-30 09:13:43,014 [WARN] PackLoader:240 - Cannot read IP mode file for STMicroelectronics.X-CUBE-AZRTOS-F4.1.1.0
2026-07-30 09:13:43,016 [INFO] WebApp:491 - Direct internet connection detected
2026-07-30 09:13:43,061 [WARN] PackLoader:240 - Cannot read IP mode file for STMicroelectronics.X-CUBE-ISPU.2.1.0
2026-07-30 09:13:43,093 [WARN] PackLoader:240 - Cannot read IP mode file for STMicroelectronics.X-CUBE-IPS.3.2.0
2026-07-30 09:13:43,161 [WARN] PackLoader:240 - Cannot read IP mode file for STMicroelectronics.eDS-WB_DPC_TT-BIDIR.2.1.1
2026-07-30 09:13:43,208 [WARN] PackLoader:240 - Cannot read IP mode file for STMicroelectronics.X-CUBE-NFC12.1.0.0
2026-07-30 09:13:43,325 [WARN] PackLoader:240 - Cannot read IP mode file for STMicroelectronics.X-CUBE-AZRTOS-L5.2.0.0
2026-07-30 09:13:43,440 [WARN] PackLoader:240 - Cannot read IP mode file for STMicroelectronics.X-CUBE-ALGOBUILD.1.5.0
2026-07-30 09:13:43,511 [INFO] WebApp:191 - Connection restablished
2026-07-30 09:13:43,541 [WARN] PackLoader:240 - Cannot read IP mode file for STMicroelectronics.eDS-WB_DPC_VIENNA.1.2.0
2026-07-30 09:13:43,591 [WARN] PackLoader:240 - Cannot read IP mode file for STMicroelectronics.eDS-WB_DPC_3PH2L-BIDIR.1.1.1
2026-07-30 09:13:43,632 [ERROR] Engine:466 - C:\Users\ADMIN\.stm32cubemx\thirdparties\pdsc\STMicroelectronics.X-CUBE-ST67W61.1.3.0.pdsc: PDSC version is not supported
2026-07-30 09:13:43,791 [WARN] PackLoader:240 - Cannot read IP mode file for STMicroelectronics.X-CUBE-TOUCHGFX.4.26.1
2026-07-30 09:13:43,993 [WARN] PackLoader:240 - Cannot read IP mode file for STMicroelectronics.X-CUBE-DPower.1.3.0
2026-07-30 09:13:44,177 [WARN] ConditionMgr:438 - getConditionDescription Invalid condition id : LAN8742 Phy interface Condition cause : null
2026-07-30 09:13:44,179 [WARN] PackLoader:240 - Cannot read IP mode file for STMicroelectronics.X-CUBE-AZRTOS-L4.2.0.0
2026-07-30 09:13:44,182 [WARN] ConditionMgr:1044 - genDependencies : Invalid condition id : LAN8742 Phy interface Condition cause : null
2026-07-30 09:13:44,182 [WARN] ConditionMgr:1044 - genDependencies : Invalid condition id : LAN8742 Phy interface Condition cause : null
2026-07-30 09:13:44,182 [WARN] ConditionMgr:1044 - genDependencies : Invalid condition id : LAN8742 Phy interface Condition cause : null
2026-07-30 09:13:44,229 [WARN] PackLoader:240 - Cannot read IP mode file for STMicroelectronics.X-CUBE-SFXS2LP1.4.0.0
2026-07-30 09:13:44,245 [INFO] WebApp:225 - Starting web application
2026-07-30 09:13:44,246 [INFO] WebApp:593 - Web application path used C:\ST\STM32CubeIDE_1.19.0\STM32CubeIDE\plugins\com.st.stm32cube.common.mx_6.15.0.202507011659\db\plugins\mcufinder\reactClient1\index.html
2026-07-30 09:13:44,296 [WARN] PackLoader:240 - Cannot read IP mode file for STMicroelectronics.X-CUBE-WB05N.2.1.0
2026-07-30 09:13:44,363 [WARN] ConditionMgr:438 - getConditionDescription Invalid condition id : UX DEVICE CLASS RTOS Condition cause : null
2026-07-30 09:13:44,363 [WARN] ConditionMgr:438 - getConditionDescription Invalid condition id : UX DEVICE CLASS RTOS Condition cause : null
2026-07-30 09:13:44,363 [WARN] PackLoader:240 - Cannot read IP mode file for STMicroelectronics.X-CUBE-AZRTOS-WB.2.0.0
2026-07-30 09:13:44,363 [WARN] ConditionMgr:1044 - genDependencies : Invalid condition id : UX DEVICE CLASS RTOS Condition cause : null
2026-07-30 09:13:44,363 [WARN] ConditionMgr:1044 - genDependencies : Invalid condition id : UX DEVICE CLASS RTOS Condition cause : null
2026-07-30 09:13:44,378 [WARN] ConditionMgr:1044 - genDependencies : Invalid condition id : UX DEVICE CLASS RTOS Condition cause : null
2026-07-30 09:13:44,378 [WARN] ConditionMgr:1044 - genDependencies : Invalid condition id : UX DEVICE CLASS RTOS Condition cause : null
2026-07-30 09:13:44,378 [WARN] ConditionMgr:1044 - genDependencies : Invalid condition id : UX DEVICE CLASS RTOS Condition cause : null
2026-07-30 09:13:44,805 [WARN] ConditionMgr:438 - getConditionDescription Invalid condition id : Cortex-A Device cause : null
2026-07-30 09:13:46,679 [WARN] ConditionMgr:1044 - genDependencies : Invalid condition id : Cortex-A Device cause : null
2026-07-30 09:13:46,694 [WARN] ConditionMgr:1044 - genDependencies : Invalid condition id : Cortex-A Device cause : null
2026-07-30 09:13:46,694 [WARN] ConditionMgr:1044 - genDependencies : Invalid condition id : Cortex-A Device cause : null
2026-07-30 09:13:46,728 [WARN] PackLoader:240 - Cannot read IP mode file for STMicroelectronics.X-CUBE-STSE01.2.0.0
2026-07-30 09:13:46,771 [WARN] PackLoader:240 - Cannot read IP mode file for STMicroelectronics.X-CUBE-SUBG2.5.0.0
2026-07-30 09:13:47,294 [WARN] PackLoader:240 - Cannot read IP mode file for STMicroelectronics.X-CUBE-AZRTOS-G4.2.0.0
2026-07-30 09:13:47,443 [WARN] PackLoader:240 - Cannot read IP mode file for wolfSSL.I-CUBE-wolfSSH.1.4.20
2026-07-30 09:13:47,477 [WARN] PackLoader:240 - Cannot read IP mode file for STMicroelectronics.X-CUBE-NFC7.2.0.0
2026-07-30 09:13:47,511 [ERROR] Engine:466 - C:\Users\ADMIN\.stm32cubemx\thirdparties\pdsc\STMicroelectronics.X-CUBE-BLEMGR.4.2.0.pdsc: PDSC version is not supported
2026-07-30 09:13:47,564 [WARN] PackLoader:240 - Cannot read IP mode file for STMicroelectronics.X-CUBE-ALS.1.0.2
2026-07-30 09:13:47,594 [WARN] PackLoader:240 - Cannot read IP mode file for STMicroelectronics.X-CUBE-TOF1.3.4.3
2026-07-30 09:13:47,612 [INFO] ThirdParty:978 - Integrity check success = true
2026-07-30 09:13:47,612 [INFO] IntegrityCheckThread:100 - exiting critical section [integrity check]
2026-07-30 09:13:47,612 [INFO] IntegrityCheckThread:103 - End integrity checks thread
2026-07-30 09:33:07,301 [INFO] McuFinderGlobals:63 - Set McuFinder mode to 2 (CubeIDE integrated)
2026-07-30 09:33:07,357 [INFO] MainUpdater:2872 - connection check result : 10
2026-07-30 09:33:07,405 [INFO] McuFinderGlobals:76 - Set McuFinderConnectedMode to true
2026-07-30 09:33:07,795 [INFO] ServerAccessManage:452 - Complete download http(s) 200
2026-07-30 09:33:07,798 [INFO] ServerAccessManage:509 - Download File mcusAds.json._tmp_
2026-07-30 09:33:07,921 [INFO] LoadUrlFilesThread:156 - End of LoadUrlFiles Thread
2026-07-30 09:33:08,411 [INFO] ServerAccessManage:452 - Complete download http(s) 200
2026-07-30 09:33:08,413 [INFO] ServerAccessManage:509 - Download File cube-finder-db.zip
2026-07-30 09:33:54,633 [INFO] FileExtend:248 - Unzip File : cube-finder-db.zip
2026-07-30 09:33:54,635 [INFO] FileExtend:263 - Standard Zip Deflate
2026-07-30 09:33:56,232 [INFO] LoadUrlFilesThread:156 - End of LoadUrlFiles Thread
2026-07-30 09:34:17,466 [ERROR] ServerAccessManage:1295 - Problem during Server Connection :  IO error Connection timed out: getsockopt
2026-07-30 09:34:17,467 [ERROR] ServerAccessManage:740 - Problem during Server Connection :  : crdb.zip.
2026-07-30 09:34:19,473 [INFO] LoadUrlFilesThread:156 - End of LoadUrlFiles Thread
2026-07-30 09:34:20,422 [INFO] DbMcusAds:53 - JSON generation date=Wed Jul 15 15:16:00 IST 2026 (1784108760991)
2026-07-30 09:34:20,442 [ERROR] TargetSelectorAdapter:267 - Unable to refresh data
2026-07-30 09:34:22,774 [INFO] ApiDb:581 - Connected to CubeFinder SQLite database (C:\Users\ADMIN\.stmcufinder\plugins\mcufinder\mcu\cube-finder-db.db)
2026-07-30 09:34:22,904 [INFO] ApiDb:668 - CubeFinder database Data Model version=2.1
2026-07-30 09:34:22,904 [INFO] ApiDb:669 - CubeFinder database Configuration version=3.0.42
2026-07-30 09:34:22,905 [INFO] ApiDb:670 - CubeFinder database generation date=2026-06-23 (1782213372)
2026-07-30 09:34:22,905 [INFO] ApiDb:671 - CubeFinder database FW Pack versions=[FP-ATR-ASTRA1_V2.0.0, FP-SNS-FLIGHT1_V5.1.0, FP-SNS-MOTENV1_V5.1.0, FP-SNS-MOTENVWB1_V1.5.0, FP-SNS-SMARTAG2_V1.2.0, FP-SNS-STBOX1_V2.1.0, STM32Cube_FW_C0_V1.4.0, STM32Cube_FW_F4_V1.28.3, STM32Cube_FW_F7_V1.17.4, STM32Cube_FW_G0_V1.6.3, STM32Cube_FW_G4_V1.6.2, STM32Cube_FW_H5_V1.7.0, STM32Cube_FW_H7RS_V1.3.0, STM32Cube_FW_H7_V1.13.0, STM32Cube_FW_L0_V1.12.2, STM32Cube_FW_L4_V1.18.2, STM32Cube_FW_L5_V1.6.0, STM32Cube_FW_N6_V1.4.0, STM32Cube_FW_U0_V1.3.0, STM32Cube_FW_U3_V1.4.0, STM32Cube_FW_U5_V1.9.0, STM32Cube_FW_WB0_V1.5.0, STM32Cube_FW_WBA_V1.10.0, STM32Cube_FW_WB_V1.24.0, STM32Cube_FW_WL3_V1.5.0, STM32Cube_FW_WL_V1.6.0, X-CUBE-ALGOBUILD_V1.5.0, X-CUBE-ALS_V1.0.2, X-CUBE-AZRTOS-F4_V1.1.0, X-CUBE-AZRTOS-F7_V1.1.0, X-CUBE-AZRTOS-G0_V1.1.0, X-CUBE-AZRTOS-G4_V2.0.0, X-CUBE-AZRTOS-H7RS_V1.1.0, X-CUBE-AZRTOS-H7_V3.5.0, X-CUBE-AZRTOS-L4_V2.0.0, X-CUBE-AZRTOS-L5_V2.0.0, X-CUBE-AZRTOS-WB_V2.0.0, X-CUBE-AZRTOS-WL_V2.0.0, X-CUBE-BLE1_V7.1.0, X-CUBE-BLE2_V3.3.0, X-CUBE-BLEMGR_V4.1.0, X-CUBE-EEPRMA1_V5.2.0, X-CUBE-FREERTOS_V1.5.0, X-CUBE-GNSS1_V7.1.1, X-CUBE-MEMS1_V12.1.0, X-CUBE-NFC4_V3.0.0, X-CUBE-NFC7_V2.0.0, X-CUBE-SFXS2LP1_V4.0.0, X-CUBE-ST67W61_V1.3.0, X-CUBE-SUBG2_V5.0.0, X-CUBE-TOF1_V3.4.3]
2026-07-30 09:34:27,895 [INFO] ApiDb:240 - Found 880 in-development CPN: [B-G473E-ZEST1S, B-WB1M-WPAN1, B-WBA5M-WPAN, B-WL5M-SUBG1, NUCLEO-C031C6, NUCLEO-C051C8, NUCLEO-C071RB, NUCLEO-C092RC, NUCLEO-H503RB, NUCLEO-H533RE, NUCLEO-H563ZI, NUCLEO-H7S3L8, NUCLEO-N657X0-Q, NUCLEO-U031R8, NUCLEO-U083RC, NUCLEO-U385RG-Q, NUCLEO-U545RE-Q, NUCLEO-U5A5ZJ-Q, NUCLEO-WB05KZ, NUCLEO-WB07CC, NUCLEO-WB09KE, NUCLEO-WBA52CG, NUCLEO-WBA55CG, NUCLEO-WL33CC1, NUCLEO-WL33CC2, STEVAL-PROTEUS1, STEVAL-SMARTAG2, STEVAL-STWINBX1, STM320518-EVAL, STM32C0116-DK, STM32C011D6Y3TR, STM32C011D6Y6TR, STM32C011F4P3, STM32C011F4P6, STM32C011F4U3, STM32C011F4U6TR, STM32C011F6P3, STM32C011F6P6, STM32C011F6U3, STM32C011F6U6TR, STM32C011J4M3, STM32C011J4M6, STM32C011J6M3, STM32C011J6M6, STM32C0316-DK, STM32C031C4T3, STM32C031C4T6, STM32C031C4U3, STM32C031C4U6, STM32C031C6T3, STM32C031C6T6, STM32C031C6U3, STM32C031C6U6, STM32C031F4P3, STM32C031F4P6, STM32C031F6P3, STM32C031F6P6, STM32C031G4U3, STM32C031G4U6, STM32C031G6U3, STM32C031G6U6, STM32C031K4T3, STM32C031K4T6, STM32C031K4U3, STM32C031K4U6, STM32C031K6T3, STM32C031K6T6, STM32C031K6U3, STM32C031K6U6, STM32C051C6T6, STM32C051C6U6, STM32C051C8T6, STM32C051C8U6, STM32C051D8Y6TR, STM32C051F6P6, STM32C051F8P6, STM32C051G6U6, STM32C051G8U6, STM32C051K6T6, STM32C051K6U6, STM32C051K8T6, STM32C071C8T6, STM32C071C8T6N, STM32C071C8U6, STM32C071C8U6N, STM32C071CBT6, STM32C071CBT6N, STM32C071CBU6, STM32C071CBU6N, STM32C071F8P6, STM32C071F8P6N, STM32C071FBP6, STM32C071FBP6N, STM32C071FBY6TR, STM32C071G8U6, STM32C071G8U6N, STM32C071GBU6, STM32C071GBU6N, STM32C071K8T6, STM32C071K8T6N, STM32C071K8U6, STM32C071K8U6N, STM32C071KBT6, STM32C071KBT6N, STM32C071KBU6, STM32C071KBU6N, STM32C071R8T6, STM32C071R8T6N, STM32C071RBI6N, STM32C071RBT6, STM32C071RBT6N, STM32C091CBT6, STM32C091CBU6, STM32C091CCT6, STM32C091CCU6, STM32C091ECY6TR, STM32C091FBP6, STM32C091FCP6, STM32C091GBU6, STM32C091GCU6, STM32C091KBT6, STM32C091KBU6, STM32C091KCT6, STM32C091KCU6, STM32C091RBT6, STM32C091RCI6, STM32C091RCT6, STM32C092CBT6, STM32C092CBU6, STM32C092CCT6, STM32C092CCU6, STM32C092ECY6TR, STM32C092FBP6, STM32C092FCP6, STM32C092GBU6, STM32C092GCU6, STM32C092KBT6, STM32C092KBU6, STM32C092KCT6, STM32C092KCU6, STM32C092RBT6, STM32C092RCI6, STM32C092RCT6, STM32G071K8TXN, STM32G071K8UXN, STM32G081GBU6N, STM32G081KBT6N, STM32G081KBUXN, STM32G0B1CCT6N, STM32G0B1KCT6, STM32G0B1NEY6TR, STM32G0B1RCT6N, STM32G0C1CCT6, STM32G0C1CCT6N, STM32G0C1CCU6N, STM32G0C1CET6N, STM32G0C1CEU6N, STM32G0C1KCT6, STM32G0C1NEY6TR, STM32G0C1RCI6N, STM32G0C1RCT6N, STM32G0C1REI6N, STM32G0C1RET6N, STM32G0C1VCI6, STM32G0C1VEI6, STM32G411C6T3, STM32G411C6T6, STM32G411C6U3, STM32G411C6U6, STM32G411C8T3, STM32G411C8T6, STM32G411C8U3, STM32G411C8U6, STM32G411CBT3, STM32G411CBT6, STM32G411CBU3, STM32G411CBU6, STM32G411K6T3, STM32G411K6T6, STM32G411K6U3, STM32G411K6U6, STM32G411K8T3, STM32G411K8T6, STM32G411K8U3, STM32G411K8U6, STM32G411KBT3, STM32G411KBT6, STM32G411KBU3, STM32G411KBU6, STM32G411M6T3, STM32G411M6T6, STM32G411M8T3, STM32G411M8T6, STM32G411MBT3, STM32G411MBT6, STM32G411R6T3, STM32G411R6T6, STM32G411R8T3, STM32G411R8T6, STM32G411RBT3, STM32G411RBT6, STM32G414CBT3, STM32G414CBT6, STM32G414CBU3, STM32G414CBU6, STM32G414CCT3, STM32G414CCT6, STM32G414CCU3, STM32G414CCU6, STM32G414MBT3, STM32G414MBT6, STM32G414MCT3, STM32G414MCT6, STM32G414RBT3, STM32G414RBT6, STM32G414RCT3, STM32G414RCT6, STM32G414VBT3, STM32G414VBT6, STM32G414VCT3, STM32G414VCT6, STM32G431CBT3Z, STM32G431RBT3Z, STM32G471CCT6, STM32G471CCU6, STM32G471CET3, STM32G471CET6, STM32G471CEU3, STM32G471CEU6, STM32G471MCT6, STM32G471MET3, STM32G471MET6, STM32G471MEY6TR, STM32G471QCT6, STM32G471QET3, STM32G471RCT6, STM32G471RET3, STM32G471RET6, STM32G471VCH6, STM32G471VCI6, STM32G471VCT6, STM32G471VEH3, STM32G471VEH6, STM32G471VEI3, STM32G471VEI6, STM32G471VET3, STM32G471VET6, STM32G473QET3Z, STM32G473RET3Z, STM32G474CCT6, STM32G491RET3Z, STM32H503CBT6, STM32H503CBU6, STM32H503EBY6TR, STM32H503KBU6, STM32H503RBT6, STM32H523CCT6, STM32H523CCU6, STM32H523CET6, STM32H523CEU6, STM32H523HEY6TR, STM32H523RCT6, STM32H523RET6, STM32H523VCI6, STM32H523VCT6, STM32H523VEI6, STM32H523VET6, STM32H523ZCJ6, STM32H523ZCT6, STM32H523ZEJ6, STM32H523ZET6, STM32H533CET6, STM32H533CEU6, STM32H533HEY6TR, STM32H533RET6, STM32H533VEI6, STM32H533VET6, STM32H533ZEJ6, STM32H533ZET6, STM32H562AGI6, STM32H562AII6, STM32H562IGK6, STM32H562IGT6, STM32H562IIK6, STM32H562IIT6, STM32H562RGT6, STM32H562RGV6, STM32H562RIT6, STM32H562RIV6, STM32H562VGT6, STM32H562VIT6, STM32H562ZGT6, STM32H562ZIT6, STM32H563AGI6, STM32H563AII3Q, STM32H563AII6, STM32H563IGK6, STM32H563IGT6, STM32H563IIK3Q, STM32H563IIK6, STM32H563IIT3Q, STM32H563IIT6, STM32H563MIY3QTR, STM32H563RGT6, STM32H563RGV6, STM32H563RIT6, STM32H563RIV6, STM32H563VGT6, STM32H563VIT3Q, STM32H563VIT6, STM32H563ZGT6, STM32H563ZIT3Q, STM32H563ZIT6, STM32H573AII3Q, STM32H573AII6, STM32H573I-DK, STM32H573IIK3Q, STM32H573IIK6, STM32H573IIT3Q, STM32H573IIT6, STM32H573MIY3QTR, STM32H573RIT6, STM32H573RIV6, STM32H573VIT3Q, STM32H573VIT6, STM32H573ZIT3Q, STM32H573ZIT6, STM32H7R3A8I6, STM32H7R3I8K6, STM32H7R3I8T6, STM32H7R3L8H6, STM32H7R3L8H6H, STM32H7R3R8V6, STM32H7R3V8H6, STM32H7R3V8T6, STM32H7R3V8Y6TR, STM32H7R3Z8J6, STM32H7R3Z8T6, STM32H7R7A8I6, STM32H7R7I8K6, STM32H7R7I8T6, STM32H7R7L8H6, STM32H7R7L8H6H, STM32H7R7Z8J6, STM32H7S3A8I6, STM32H7S3I8K6, STM32H7S3I8T6, STM32H7S3L8H6, STM32H7S3L8H6H, STM32H7S3R8V6, STM32H7S3V8H6, STM32H7S3V8T6, STM32H7S3V8Y6TR, STM32H7S3Z8J6, STM32H7S3Z8T6, STM32H7S78-DK, STM32H7S7A8I6, STM32H7S7I8K6, STM32H7S7I8T6, STM32H7S7L8H6, STM32H7S7L8H6H, STM32H7S7Z8J6, STM32L4R5QGI6STR, STM32MP131AAE3, STM32MP131AAF3, STM32MP131AAG3, STM32MP131CAE3, STM32MP131CAF3, STM32MP131CAG3, STM32MP131DAE7, STM32MP131DAF7, STM32MP131DAG7, STM32MP131FAE7, STM32MP131FAF7, STM32MP131FAG7, STM32MP133AAE3, STM32MP133AAF3, STM32MP133AAG3, STM32MP133CAE3, STM32MP133CAF3, STM32MP133CAG3, STM32MP133DAE7, STM32MP133DAF7, STM32MP133DAG7, STM32MP133FAE7, STM32MP133FAF7, STM32MP133FAG7, STM32MP135AAE3, STM32MP135AAF3, STM32MP135AAG3, STM32MP135CAE3, STM32MP135CAF3, STM32MP135CAG3, STM32MP135DAE7, STM32MP135DAF7, STM32MP135DAG7, STM32MP135F-DK, STM32MP135FAE7, STM32MP135FAF7, STM32MP135FAF7T, STM32MP135FAF7U, STM32MP135FAG7, STM32MP211AAL3, STM32MP211AAM3, STM32MP211AAN3, STM32MP211AAO3, STM32MP211CAL3, STM32MP211CAM3, STM32MP211CAN3, STM32MP211CAO3, STM32MP211DAL3, STM32MP211DAM3, STM32MP211DAN3, STM32MP211DAO3, STM32MP211FAL3, STM32MP211FAM3, STM32MP211FAN3, STM32MP211FAO3, STM32MP213AAL3, STM32MP213AAM3, STM32MP213AAN3, STM32MP213AAO3, STM32MP213CAL3, STM32MP213CAM3, STM32MP213CAN3, STM32MP213CAO3, STM32MP213DAL3, STM32MP213DAM3, STM32MP213DAN3, STM32MP213DAO3, STM32MP213FAL3, STM32MP213FAM3, STM32MP213FAN3, STM32MP213FAO3, STM32MP215AAL3, STM32MP215AAM3, STM32MP215AAN3, STM32MP215AAO3, STM32MP215CAL3, STM32MP215CAM3, STM32MP215CAN3, STM32MP215CAO3, STM32MP215DAL3, STM32MP215DAM3, STM32MP215DAN3, STM32MP215DAO3, STM32MP215F-DK, STM32MP215FAL3, STM32MP215FAM3, STM32MP215FAN3, STM32MP215FAO3, STM32MP231AAJ3, STM32MP231AAK3, STM32MP231AAL3, STM32MP231CAJ3, STM32MP231CAK3, STM32MP231CAL3, STM32MP231DAJ3, STM32MP231DAK3, STM32MP231DAL3, STM32MP231FAJ3, STM32MP231FAK3, STM32MP231FAL3, STM32MP233AAJ3, STM32MP233AAK3, STM32MP233AAL3, STM32MP233CAJ3, STM32MP233CAK3, STM32MP233CAL3, STM32MP233DAJ3, STM32MP233DAK3, STM32MP233DAL3, STM32MP233FAJ3, STM32MP233FAK3, STM32MP233FAL3, STM32MP235AAJ3, STM32MP235AAK3, STM32MP235AAL3, STM32MP235CAJ3, STM32MP235CAK3, STM32MP235CAL3, STM32MP235DAJ3, STM32MP235DAK3, STM32MP235DAL3, STM32MP235FAJ3, STM32MP235FAK3, STM32MP235FAL3, STM32MP251AAI3, STM32MP251AAK3, STM32MP251AAL3, STM32MP251CAI3, STM32MP251CAK3, STM32MP251CAL3, STM32MP251DAI3, STM32MP251DAK3, STM32MP251DAL3, STM32MP251FAI3, STM32MP251FAK3, STM32MP251FAL3, STM32MP253AAI3, STM32MP253AAK3, STM32MP253AAL3, STM32MP253CAI3, STM32MP253CAK3, STM32MP253CAL3, STM32MP253DAI3, STM32MP253DAK3, STM32MP253DAL3, STM32MP253FAI3, STM32MP253FAK3, STM32MP253FAL3, STM32MP255AAI3, STM32MP255AAK3, STM32MP255AAL3, STM32MP255CAI3, STM32MP255CAK3, STM32MP255CAL3, STM32MP255DAI3, STM32MP255DAK3, STM32MP255DAL3, STM32MP255FAI3, STM32MP255FAK3, STM32MP255FAL3, STM32MP257AAI3, STM32MP257AAK3, STM32MP257AAL3, STM32MP257CAI3, STM32MP257CAK3, STM32MP257CAL3, STM32MP257DAI3, STM32MP257DAK3, STM32MP257DAL3, STM32MP257F-DK, STM32MP257F-EV1, STM32MP257FAI3, STM32MP257FAK3, STM32MP257FAL3, STM32N645A0H3Q, STM32N645B0H3Q, STM32N645I0H3Q, STM32N645L0H3Q, STM32N645X0H3Q, STM32N645Z0H3Q, STM32N647A0H3Q, STM32N647B0H3Q, STM32N647I0H3Q, STM32N647L0H3Q, STM32N647X0H3Q, STM32N647Z0H3Q, STM32N655A0H3Q, STM32N655B0H3Q, STM32N655I0H3Q, STM32N655L0H3Q, STM32N655X0H3Q, STM32N655Z0H3Q, STM32N6570-DK, STM32N657A0H3Q, STM32N657B0H3Q, STM32N657I0H3Q, STM32N657L0H3Q, STM32N657X0H3Q, STM32N657Z0H3Q, STM32U031C6T6, STM32U031C6U6, STM32U031C8T6, STM32U031C8U6, STM32U031F4P6, STM32U031F6P6, STM32U031F8P6, STM32U031G6Y6TR, STM32U031G8Y6TR, STM32U031K4U6, STM32U031K6U6, STM32U031K8U6, STM32U031R6I6, STM32U031R6T6, STM32U031R8I6, STM32U031R8T6, STM32U073C8T6, STM32U073C8U6, STM32U073CBT6, STM32U073CBU6, STM32U073CCT6, STM32U073CCU6, STM32U073H8Y6TR, STM32U073HBY6TR, STM32U073HCY6TR, STM32U073K8U6, STM32U073KBU6, STM32U073KCU6, STM32U073M8I6, STM32U073M8T6, STM32U073MBI6, STM32U073MBT6, STM32U073MCI6, STM32U073MCT6, STM32U073R8I6, STM32U073R8T6, STM32U073RBI6, STM32U073RBT6, STM32U073RCI6, STM32U073RCT6, STM32U083C-DK, STM32U083CCT6, STM32U083CCU6, STM32U083HCY6TR, STM32U083KCU6, STM32U083MCI6, STM32U083MCT6, STM32U083RCI6, STM32U083RCT6, STM32U375CET6, STM32U375CET6Q, STM32U375CEU6, STM32U375CEU6Q, STM32U375CEY6QTR, STM32U375CGT6, STM32U375CGT6Q, STM32U375CGU6, STM32U375CGU6Q, STM32U375CGY6QTR, STM32U375KEU6, STM32U375KGU6, STM32U375REI6, STM32U375REI6Q, STM32U375RET6, STM32U375RET6Q, STM32U375REY6GTR, STM32U375REY6QTR, STM32U375RGI6, STM32U375RGI6Q, STM32U375RGT6, STM32U375RGT6Q, STM32U375RGY6GTR, STM32U375RGY6QTR, STM32U375VEI6, STM32U375VEI6Q, STM32U375VET6, STM32U375VET6Q, STM32U375VGI6, STM32U375VGI6Q, STM32U375VGT6, STM32U375VGT6Q, STM32U385CGT6, STM32U385CGT6Q, STM32U385CGU6, STM32U385CGU6Q, STM32U385CGY6QTR, STM32U385KGU6, STM32U385RGI6, STM32U385RGI6Q, STM32U385RGT6, STM32U385RGT6Q, STM32U385RGY6GTR, STM32U385RGY6QTR, STM32U385VGI6, STM32U385VGI6Q, STM32U385VGT6, STM32U385VGT6Q, STM32U535CBT6, STM32U535CBT6Q, STM32U535CBU6, STM32U535CBU6Q, STM32U535CCT6, STM32U535CCT6Q, STM32U535CCU6, STM32U535CCU6Q, STM32U535CET6, STM32U535CET6Q, STM32U535CEU6, STM32U535CEU6Q, STM32U535JEY6QTR, STM32U535NCY6QTR, STM32U535NEY6QTR, STM32U535RBI6, STM32U535RBI6Q, STM32U535RBT6, STM32U535RBT6Q, STM32U535RCI6, STM32U535RCI6Q, STM32U535RCT6, STM32U535RCT6Q, STM32U535REI6, STM32U535REI6Q, STM32U535RET6, STM32U535RET6Q, STM32U535VCI6, STM32U535VCI6Q, STM32U535VCT6, STM32U535VCT6Q, STM32U535VEI6, STM32U535VEI6Q, STM32U535VET6, STM32U535VET6Q, STM32U545CET6, STM32U545CET6Q, STM32U545CEU6, STM32U545CEU6Q, STM32U545JEY6QTR, STM32U545NEY6QTR, STM32U545REI6, STM32U545REI6Q, STM32U545RET6, STM32U545RET6Q, STM32U545VEI6, STM32U545VEI6Q, STM32U545VET6, STM32U545VET6Q, STM32U595AIH6, STM32U595AIH6Q, STM32U595AJH6, STM32U595AJH6Q, STM32U595QII6, STM32U595QII6Q, STM32U595QJI6, STM32U595QJI6Q, STM32U595RIT6, STM32U595RIT6Q, STM32U595RJT6, STM32U595RJT6Q, STM32U595VIT6, STM32U595VIT6Q, STM32U595VJT6, STM32U595VJT6Q, STM32U595ZIT6, STM32U595ZIT6Q, STM32U595ZIY6QTR, STM32U595ZJT6, STM32U595ZJT6Q, STM32U595ZJY6QTR, STM32U599BJY6QTR, STM32U599NIH6Q, STM32U599NJH6Q, STM32U599VIT6Q, STM32U599VJT6, STM32U599VJT6Q, STM32U599ZIT6Q, STM32U599ZIY6QTR, STM32U599ZJT6Q, STM32U599ZJY6QTR, STM32U5A5AJH6, STM32U5A5AJH6Q, STM32U5A5QII3Q , STM32U5A5QJI6, STM32U5A5QJI6Q, STM32U5A5RJT6, STM32U5A5RJT6Q, STM32U5A5VJT6, STM32U5A5VJT6Q, STM32U5A5ZJT6, STM32U5A5ZJT6Q, STM32U5A5ZJY6QTR, STM32U5A9BJY6QTR, STM32U5A9J-DK, STM32U5A9NJH6Q, STM32U5A9VJT6Q, STM32U5A9ZJT6Q, STM32U5A9ZJY6QTR, STM32U5F7VIT6, STM32U5F7VIT6Q, STM32U5F7VJT6, STM32U5F7VJT6Q, STM32U5F9BJY6QTR, STM32U5F9NJH6Q, STM32U5F9VIT6Q, STM32U5F9VJT6Q, STM32U5F9ZIJ6QTR, STM32U5F9ZIT6Q, STM32U5F9ZJJ6QTR, STM32U5F9ZJT6Q, STM32U5G7VJT6, STM32U5G7VJT6Q, STM32U5G9BJY6QTR, STM32U5G9J-DK1, STM32U5G9J-DK2, STM32U5G9NJH6Q, STM32U5G9VJT6Q, STM32U5G9ZJJ6QTR, STM32U5G9ZJT6Q, STM32WB05KZV6TR, STM32WB05KZV7TR, STM32WB05TZF6TR, STM32WB05TZF7TR, STM32WB06CCF6TR, STM32WB06CCF7TR, STM32WB06CCV6TR, STM32WB06CCV7TR, STM32WB06KCV6TR, STM32WB06KCV7TR, STM32WB07CCF6TR, STM32WB07CCF7TR, STM32WB07CCV6TR, STM32WB07CCV7TR, STM32WB07KCV6TR, STM32WB07KCV7TR, STM32WB09KEV6TR, STM32WB09KEV7TR, STM32WB09TEF6TR, STM32WB09TEF7TR, STM32WB1MMCH6, STM32WBA50KGU6, STM32WBA50KGU6TR, STM32WBA52CEU6, STM32WBA52CEU6TR, STM32WBA52CEU7, STM32WBA52CEU7TR, STM32WBA52CGU6, STM32WBA52CGU6TR, STM32WBA52CGU6U, STM32WBA52CGU7, STM32WBA52CGU7TR, STM32WBA52KEU6, STM32WBA52KEU6TR, STM32WBA52KGU6, STM32WBA52KGU6TR, STM32WBA54CEU6, STM32WBA54CEU6TR, STM32WBA54CEU7, STM32WBA54CEU7TR, STM32WBA54CGU6, STM32WBA54CGU6TR, STM32WBA54CGU7, STM32WBA54CGU7TR, STM32WBA54KEU6, STM32WBA54KEU6TR, STM32WBA54KEU7, STM32WBA54KEU7TR, STM32WBA54KGU6, STM32WBA54KGU6TR, STM32WBA54KGU7, STM32WBA54KGU7TR, STM32WBA55CEU6, STM32WBA55CEU6TR, STM32WBA55CEU7, STM32WBA55CEU7TR, STM32WBA55CGU6, STM32WBA55CGU6TR, STM32WBA55CGU6U, STM32WBA55CGU7, STM32WBA55CGU7TR, STM32WBA55G-DK1, STM32WBA55HEF6, STM32WBA55HEF7, STM32WBA55HGF6, STM32WBA55HGF7, STM32WBA55UEI6, STM32WBA55UEI6TR, STM32WBA55UEI7, STM32WBA55UEI7TR, STM32WBA55UGI6, STM32WBA55UGI6TR, STM32WBA55UGI7, STM32WBA55UGI7TR, STM32WBA5MMGH6TR, STM32WBA62MGF6, STM32WBA62MIF6, STM32WBA65MGF7, STM32WBA65MIF6, STM32WBA65MIF7, STM32WL30K8V6, STM32WL30KBV6, STM32WL31C8V6, STM32WL31CBV6, STM32WL31K8V6, STM32WL31KBV6, STM32WL33C8V6, STM32WL33C8V6X, STM32WL33CBV6, STM32WL33CBV6X, STM32WL33CCV6, STM32WL33CCV6A, STM32WL33CCV6X, STM32WL33K8V7, STM32WL33K8V7X, STM32WL33KBV7 , STM32WL33KBV7X, STM32WL33KCV7, STM32WL33KCV7X, STM32WL5MOCH6, STM32WL5MOCH6TR]
2026-07-30 09:34:27,910 [INFO] DbMcus:218 - Found 5250 MCUs, 5097 are supported
2026-07-30 09:34:27,913 [INFO] ApiDb:423 - Load user favorites file C:\Users\ADMIN/.stm32cubeide/favorites.mcus.txt: 0 item(s)
2026-07-30 09:34:27,913 [INFO] ApiDb:427 - User favorites MCUs=[]
2026-07-30 09:34:27,913 [INFO] DbMcus:224 - Set 0 / 0 favorites MCUs
2026-07-30 09:34:28,894 [INFO] ApiDb:668 - CubeFinder database Data Model version=2.1
2026-07-30 09:34:28,894 [INFO] ApiDb:669 - CubeFinder database Configuration version=3.0.42
2026-07-30 09:34:28,894 [INFO] ApiDb:670 - CubeFinder database generation date=2026-06-23 (1782213372)
2026-07-30 09:34:28,894 [INFO] ApiDb:671 - CubeFinder database FW Pack versions=[FP-ATR-ASTRA1_V2.0.0, FP-SNS-FLIGHT1_V5.1.0, FP-SNS-MOTENV1_V5.1.0, FP-SNS-MOTENVWB1_V1.5.0, FP-SNS-SMARTAG2_V1.2.0, FP-SNS-STBOX1_V2.1.0, STM32Cube_FW_C0_V1.4.0, STM32Cube_FW_F4_V1.28.3, STM32Cube_FW_F7_V1.17.4, STM32Cube_FW_G0_V1.6.3, STM32Cube_FW_G4_V1.6.2, STM32Cube_FW_H5_V1.7.0, STM32Cube_FW_H7RS_V1.3.0, STM32Cube_FW_H7_V1.13.0, STM32Cube_FW_L0_V1.12.2, STM32Cube_FW_L4_V1.18.2, STM32Cube_FW_L5_V1.6.0, STM32Cube_FW_N6_V1.4.0, STM32Cube_FW_U0_V1.3.0, STM32Cube_FW_U3_V1.4.0, STM32Cube_FW_U5_V1.9.0, STM32Cube_FW_WB0_V1.5.0, STM32Cube_FW_WBA_V1.10.0, STM32Cube_FW_WB_V1.24.0, STM32Cube_FW_WL3_V1.5.0, STM32Cube_FW_WL_V1.6.0, X-CUBE-ALGOBUILD_V1.5.0, X-CUBE-ALS_V1.0.2, X-CUBE-AZRTOS-F4_V1.1.0, X-CUBE-AZRTOS-F7_V1.1.0, X-CUBE-AZRTOS-G0_V1.1.0, X-CUBE-AZRTOS-G4_V2.0.0, X-CUBE-AZRTOS-H7RS_V1.1.0, X-CUBE-AZRTOS-H7_V3.5.0, X-CUBE-AZRTOS-L4_V2.0.0, X-CUBE-AZRTOS-L5_V2.0.0, X-CUBE-AZRTOS-WB_V2.0.0, X-CUBE-AZRTOS-WL_V2.0.0, X-CUBE-BLE1_V7.1.0, X-CUBE-BLE2_V3.3.0, X-CUBE-BLEMGR_V4.1.0, X-CUBE-EEPRMA1_V5.2.0, X-CUBE-FREERTOS_V1.5.0, X-CUBE-GNSS1_V7.1.1, X-CUBE-MEMS1_V12.1.0, X-CUBE-NFC4_V3.0.0, X-CUBE-NFC7_V2.0.0, X-CUBE-SFXS2LP1_V4.0.0, X-CUBE-ST67W61_V1.3.0, X-CUBE-SUBG2_V5.0.0, X-CUBE-TOF1_V3.4.3]
2026-07-30 09:34:29,008 [INFO] DbBoardsSqlite:226 - include board P-NUCLEO-WB55-NUCLEO as a kit item of type 'Nucleo-64'
2026-07-30 09:34:29,008 [INFO] DbBoardsSqlite:226 - include board P-NUCLEO-WB55-USBDONGLE as a kit item of type 'Nucleo USB Dongle'
2026-07-30 09:34:29,008 [INFO] DbBoardsSqlite:226 - include board STEVAL-IDP005V1 as a kit item of type 'Evaluation Board'
2026-07-30 09:34:29,008 [INFO] DbBoardsSqlite:226 - include board STEVAL-IDP005V2 as a kit item of type 'Evaluation Board'
2026-07-30 09:34:29,168 [INFO] ApiDb:240 - Found 880 in-development CPN: [B-G473E-ZEST1S, B-WB1M-WPAN1, B-WBA5M-WPAN, B-WL5M-SUBG1, NUCLEO-C031C6, NUCLEO-C051C8, NUCLEO-C071RB, NUCLEO-C092RC, NUCLEO-H503RB, NUCLEO-H533RE, NUCLEO-H563ZI, NUCLEO-H7S3L8, NUCLEO-N657X0-Q, NUCLEO-U031R8, NUCLEO-U083RC, NUCLEO-U385RG-Q, NUCLEO-U545RE-Q, NUCLEO-U5A5ZJ-Q, NUCLEO-WB05KZ, NUCLEO-WB07CC, NUCLEO-WB09KE, NUCLEO-WBA52CG, NUCLEO-WBA55CG, NUCLEO-WL33CC1, NUCLEO-WL33CC2, STEVAL-PROTEUS1, STEVAL-SMARTAG2, STEVAL-STWINBX1, STM320518-EVAL, STM32C0116-DK, STM32C011D6Y3TR, STM32C011D6Y6TR, STM32C011F4P3, STM32C011F4P6, STM32C011F4U3, STM32C011F4U6TR, STM32C011F6P3, STM32C011F6P6, STM32C011F6U3, STM32C011F6U6TR, STM32C011J4M3, STM32C011J4M6, STM32C011J6M3, STM32C011J6M6, STM32C0316-DK, STM32C031C4T3, STM32C031C4T6, STM32C031C4U3, STM32C031C4U6, STM32C031C6T3, STM32C031C6T6, STM32C031C6U3, STM32C031C6U6, STM32C031F4P3, STM32C031F4P6, STM32C031F6P3, STM32C031F6P6, STM32C031G4U3, STM32C031G4U6, STM32C031G6U3, STM32C031G6U6, STM32C031K4T3, STM32C031K4T6, STM32C031K4U3, STM32C031K4U6, STM32C031K6T3, STM32C031K6T6, STM32C031K6U3, STM32C031K6U6, STM32C051C6T6, STM32C051C6U6, STM32C051C8T6, STM32C051C8U6, STM32C051D8Y6TR, STM32C051F6P6, STM32C051F8P6, STM32C051G6U6, STM32C051G8U6, STM32C051K6T6, STM32C051K6U6, STM32C051K8T6, STM32C071C8T6, STM32C071C8T6N, STM32C071C8U6, STM32C071C8U6N, STM32C071CBT6, STM32C071CBT6N, STM32C071CBU6, STM32C071CBU6N, STM32C071F8P6, STM32C071F8P6N, STM32C071FBP6, STM32C071FBP6N, STM32C071FBY6TR, STM32C071G8U6, STM32C071G8U6N, STM32C071GBU6, STM32C071GBU6N, STM32C071K8T6, STM32C071K8T6N, STM32C071K8U6, STM32C071K8U6N, STM32C071KBT6, STM32C071KBT6N, STM32C071KBU6, STM32C071KBU6N, STM32C071R8T6, STM32C071R8T6N, STM32C071RBI6N, STM32C071RBT6, STM32C071RBT6N, STM32C091CBT6, STM32C091CBU6, STM32C091CCT6, STM32C091CCU6, STM32C091ECY6TR, STM32C091FBP6, STM32C091FCP6, STM32C091GBU6, STM32C091GCU6, STM32C091KBT6, STM32C091KBU6, STM32C091KCT6, STM32C091KCU6, STM32C091RBT6, STM32C091RCI6, STM32C091RCT6, STM32C092CBT6, STM32C092CBU6, STM32C092CCT6, STM32C092CCU6, STM32C092ECY6TR, STM32C092FBP6, STM32C092FCP6, STM32C092GBU6, STM32C092GCU6, STM32C092KBT6, STM32C092KBU6, STM32C092KCT6, STM32C092KCU6, STM32C092RBT6, STM32C092RCI6, STM32C092RCT6, STM32G071K8TXN, STM32G071K8UXN, STM32G081GBU6N, STM32G081KBT6N, STM32G081KBUXN, STM32G0B1CCT6N, STM32G0B1KCT6, STM32G0B1NEY6TR, STM32G0B1RCT6N, STM32G0C1CCT6, STM32G0C1CCT6N, STM32G0C1CCU6N, STM32G0C1CET6N, STM32G0C1CEU6N, STM32G0C1KCT6, STM32G0C1NEY6TR, STM32G0C1RCI6N, STM32G0C1RCT6N, STM32G0C1REI6N, STM32G0C1RET6N, STM32G0C1VCI6, STM32G0C1VEI6, STM32G411C6T3, STM32G411C6T6, STM32G411C6U3, STM32G411C6U6, STM32G411C8T3, STM32G411C8T6, STM32G411C8U3, STM32G411C8U6, STM32G411CBT3, STM32G411CBT6, STM32G411CBU3, STM32G411CBU6, STM32G411K6T3, STM32G411K6T6, STM32G411K6U3, STM32G411K6U6, STM32G411K8T3, STM32G411K8T6, STM32G411K8U3, STM32G411K8U6, STM32G411KBT3, STM32G411KBT6, STM32G411KBU3, STM32G411KBU6, STM32G411M6T3, STM32G411M6T6, STM32G411M8T3, STM32G411M8T6, STM32G411MBT3, STM32G411MBT6, STM32G411R6T3, STM32G411R6T6, STM32G411R8T3, STM32G411R8T6, STM32G411RBT3, STM32G411RBT6, STM32G414CBT3, STM32G414CBT6, STM32G414CBU3, STM32G414CBU6, STM32G414CCT3, STM32G414CCT6, STM32G414CCU3, STM32G414CCU6, STM32G414MBT3, STM32G414MBT6, STM32G414MCT3, STM32G414MCT6, STM32G414RBT3, STM32G414RBT6, STM32G414RCT3, STM32G414RCT6, STM32G414VBT3, STM32G414VBT6, STM32G414VCT3, STM32G414VCT6, STM32G431CBT3Z, STM32G431RBT3Z, STM32G471CCT6, STM32G471CCU6, STM32G471CET3, STM32G471CET6, STM32G471CEU3, STM32G471CEU6, STM32G471MCT6, STM32G471MET3, STM32G471MET6, STM32G471MEY6TR, STM32G471QCT6, STM32G471QET3, STM32G471RCT6, STM32G471RET3, STM32G471RET6, STM32G471VCH6, STM32G471VCI6, STM32G471VCT6, STM32G471VEH3, STM32G471VEH6, STM32G471VEI3, STM32G471VEI6, STM32G471VET3, STM32G471VET6, STM32G473QET3Z, STM32G473RET3Z, STM32G474CCT6, STM32G491RET3Z, STM32H503CBT6, STM32H503CBU6, STM32H503EBY6TR, STM32H503KBU6, STM32H503RBT6, STM32H523CCT6, STM32H523CCU6, STM32H523CET6, STM32H523CEU6, STM32H523HEY6TR, STM32H523RCT6, STM32H523RET6, STM32H523VCI6, STM32H523VCT6, STM32H523VEI6, STM32H523VET6, STM32H523ZCJ6, STM32H523ZCT6, STM32H523ZEJ6, STM32H523ZET6, STM32H533CET6, STM32H533CEU6, STM32H533HEY6TR, STM32H533RET6, STM32H533VEI6, STM32H533VET6, STM32H533ZEJ6, STM32H533ZET6, STM32H562AGI6, STM32H562AII6, STM32H562IGK6, STM32H562IGT6, STM32H562IIK6, STM32H562IIT6, STM32H562RGT6, STM32H562RGV6, STM32H562RIT6, STM32H562RIV6, STM32H562VGT6, STM32H562VIT6, STM32H562ZGT6, STM32H562ZIT6, STM32H563AGI6, STM32H563AII3Q, STM32H563AII6, STM32H563IGK6, STM32H563IGT6, STM32H563IIK3Q, STM32H563IIK6, STM32H563IIT3Q, STM32H563IIT6, STM32H563MIY3QTR, STM32H563RGT6, STM32H563RGV6, STM32H563RIT6, STM32H563RIV6, STM32H563VGT6, STM32H563VIT3Q, STM32H563VIT6, STM32H563ZGT6, STM32H563ZIT3Q, STM32H563ZIT6, STM32H573AII3Q, STM32H573AII6, STM32H573I-DK, STM32H573IIK3Q, STM32H573IIK6, STM32H573IIT3Q, STM32H573IIT6, STM32H573MIY3QTR, STM32H573RIT6, STM32H573RIV6, STM32H573VIT3Q, STM32H573VIT6, STM32H573ZIT3Q, STM32H573ZIT6, STM32H7R3A8I6, STM32H7R3I8K6, STM32H7R3I8T6, STM32H7R3L8H6, STM32H7R3L8H6H, STM32H7R3R8V6, STM32H7R3V8H6, STM32H7R3V8T6, STM32H7R3V8Y6TR, STM32H7R3Z8J6, STM32H7R3Z8T6, STM32H7R7A8I6, STM32H7R7I8K6, STM32H7R7I8T6, STM32H7R7L8H6, STM32H7R7L8H6H, STM32H7R7Z8J6, STM32H7S3A8I6, STM32H7S3I8K6, STM32H7S3I8T6, STM32H7S3L8H6, STM32H7S3L8H6H, STM32H7S3R8V6, STM32H7S3V8H6, STM32H7S3V8T6, STM32H7S3V8Y6TR, STM32H7S3Z8J6, STM32H7S3Z8T6, STM32H7S78-DK, STM32H7S7A8I6, STM32H7S7I8K6, STM32H7S7I8T6, STM32H7S7L8H6, STM32H7S7L8H6H, STM32H7S7Z8J6, STM32L4R5QGI6STR, STM32MP131AAE3, STM32MP131AAF3, STM32MP131AAG3, STM32MP131CAE3, STM32MP131CAF3, STM32MP131CAG3, STM32MP131DAE7, STM32MP131DAF7, STM32MP131DAG7, STM32MP131FAE7, STM32MP131FAF7, STM32MP131FAG7, STM32MP133AAE3, STM32MP133AAF3, STM32MP133AAG3, STM32MP133CAE3, STM32MP133CAF3, STM32MP133CAG3, STM32MP133DAE7, STM32MP133DAF7, STM32MP133DAG7, STM32MP133FAE7, STM32MP133FAF7, STM32MP133FAG7, STM32MP135AAE3, STM32MP135AAF3, STM32MP135AAG3, STM32MP135CAE3, STM32MP135CAF3, STM32MP135CAG3, STM32MP135DAE7, STM32MP135DAF7, STM32MP135DAG7, STM32MP135F-DK, STM32MP135FAE7, STM32MP135FAF7, STM32MP135FAF7T, STM32MP135FAF7U, STM32MP135FAG7, STM32MP211AAL3, STM32MP211AAM3, STM32MP211AAN3, STM32MP211AAO3, STM32MP211CAL3, STM32MP211CAM3, STM32MP211CAN3, STM32MP211CAO3, STM32MP211DAL3, STM32MP211DAM3, STM32MP211DAN3, STM32MP211DAO3, STM32MP211FAL3, STM32MP211FAM3, STM32MP211FAN3, STM32MP211FAO3, STM32MP213AAL3, STM32MP213AAM3, STM32MP213AAN3, STM32MP213AAO3, STM32MP213CAL3, STM32MP213CAM3, STM32MP213CAN3, STM32MP213CAO3, STM32MP213DAL3, STM32MP213DAM3, STM32MP213DAN3, STM32MP213DAO3, STM32MP213FAL3, STM32MP213FAM3, STM32MP213FAN3, STM32MP213FAO3, STM32MP215AAL3, STM32MP215AAM3, STM32MP215AAN3, STM32MP215AAO3, STM32MP215CAL3, STM32MP215CAM3, STM32MP215CAN3, STM32MP215CAO3, STM32MP215DAL3, STM32MP215DAM3, STM32MP215DAN3, STM32MP215DAO3, STM32MP215F-DK, STM32MP215FAL3, STM32MP215FAM3, STM32MP215FAN3, STM32MP215FAO3, STM32MP231AAJ3, STM32MP231AAK3, STM32MP231AAL3, STM32MP231CAJ3, STM32MP231CAK3, STM32MP231CAL3, STM32MP231DAJ3, STM32MP231DAK3, STM32MP231DAL3, STM32MP231FAJ3, STM32MP231FAK3, STM32MP231FAL3, STM32MP233AAJ3, STM32MP233AAK3, STM32MP233AAL3, STM32MP233CAJ3, STM32MP233CAK3, STM32MP233CAL3, STM32MP233DAJ3, STM32MP233DAK3, STM32MP233DAL3, STM32MP233FAJ3, STM32MP233FAK3, STM32MP233FAL3, STM32MP235AAJ3, STM32MP235AAK3, STM32MP235AAL3, STM32MP235CAJ3, STM32MP235CAK3, STM32MP235CAL3, STM32MP235DAJ3, STM32MP235DAK3, STM32MP235DAL3, STM32MP235FAJ3, STM32MP235FAK3, STM32MP235FAL3, STM32MP251AAI3, STM32MP251AAK3, STM32MP251AAL3, STM32MP251CAI3, STM32MP251CAK3, STM32MP251CAL3, STM32MP251DAI3, STM32MP251DAK3, STM32MP251DAL3, STM32MP251FAI3, STM32MP251FAK3, STM32MP251FAL3, STM32MP253AAI3, STM32MP253AAK3, STM32MP253AAL3, STM32MP253CAI3, STM32MP253CAK3, STM32MP253CAL3, STM32MP253DAI3, STM32MP253DAK3, STM32MP253DAL3, STM32MP253FAI3, STM32MP253FAK3, STM32MP253FAL3, STM32MP255AAI3, STM32MP255AAK3, STM32MP255AAL3, STM32MP255CAI3, STM32MP255CAK3, STM32MP255CAL3, STM32MP255DAI3, STM32MP255DAK3, STM32MP255DAL3, STM32MP255FAI3, STM32MP255FAK3, STM32MP255FAL3, STM32MP257AAI3, STM32MP257AAK3, STM32MP257AAL3, STM32MP257CAI3, STM32MP257CAK3, STM32MP257CAL3, STM32MP257DAI3, STM32MP257DAK3, STM32MP257DAL3, STM32MP257F-DK, STM32MP257F-EV1, STM32MP257FAI3, STM32MP257FAK3, STM32MP257FAL3, STM32N645A0H3Q, STM32N645B0H3Q, STM32N645I0H3Q, STM32N645L0H3Q, STM32N645X0H3Q, STM32N645Z0H3Q, STM32N647A0H3Q, STM32N647B0H3Q, STM32N647I0H3Q, STM32N647L0H3Q, STM32N647X0H3Q, STM32N647Z0H3Q, STM32N655A0H3Q, STM32N655B0H3Q, STM32N655I0H3Q, STM32N655L0H3Q, STM32N655X0H3Q, STM32N655Z0H3Q, STM32N6570-DK, STM32N657A0H3Q, STM32N657B0H3Q, STM32N657I0H3Q, STM32N657L0H3Q, STM32N657X0H3Q, STM32N657Z0H3Q, STM32U031C6T6, STM32U031C6U6, STM32U031C8T6, STM32U031C8U6, STM32U031F4P6, STM32U031F6P6, STM32U031F8P6, STM32U031G6Y6TR, STM32U031G8Y6TR, STM32U031K4U6, STM32U031K6U6, STM32U031K8U6, STM32U031R6I6, STM32U031R6T6, STM32U031R8I6, STM32U031R8T6, STM32U073C8T6, STM32U073C8U6, STM32U073CBT6, STM32U073CBU6, STM32U073CCT6, STM32U073CCU6, STM32U073H8Y6TR, STM32U073HBY6TR, STM32U073HCY6TR, STM32U073K8U6, STM32U073KBU6, STM32U073KCU6, STM32U073M8I6, STM32U073M8T6, STM32U073MBI6, STM32U073MBT6, STM32U073MCI6, STM32U073MCT6, STM32U073R8I6, STM32U073R8T6, STM32U073RBI6, STM32U073RBT6, STM32U073RCI6, STM32U073RCT6, STM32U083C-DK, STM32U083CCT6, STM32U083CCU6, STM32U083HCY6TR, STM32U083KCU6, STM32U083MCI6, STM32U083MCT6, STM32U083RCI6, STM32U083RCT6, STM32U375CET6, STM32U375CET6Q, STM32U375CEU6, STM32U375CEU6Q, STM32U375CEY6QTR, STM32U375CGT6, STM32U375CGT6Q, STM32U375CGU6, STM32U375CGU6Q, STM32U375CGY6QTR, STM32U375KEU6, STM32U375KGU6, STM32U375REI6, STM32U375REI6Q, STM32U375RET6, STM32U375RET6Q, STM32U375REY6GTR, STM32U375REY6QTR, STM32U375RGI6, STM32U375RGI6Q, STM32U375RGT6, STM32U375RGT6Q, STM32U375RGY6GTR, STM32U375RGY6QTR, STM32U375VEI6, STM32U375VEI6Q, STM32U375VET6, STM32U375VET6Q, STM32U375VGI6, STM32U375VGI6Q, STM32U375VGT6, STM32U375VGT6Q, STM32U385CGT6, STM32U385CGT6Q, STM32U385CGU6, STM32U385CGU6Q, STM32U385CGY6QTR, STM32U385KGU6, STM32U385RGI6, STM32U385RGI6Q, STM32U385RGT6, STM32U385RGT6Q, STM32U385RGY6GTR, STM32U385RGY6QTR, STM32U385VGI6, STM32U385VGI6Q, STM32U385VGT6, STM32U385VGT6Q, STM32U535CBT6, STM32U535CBT6Q, STM32U535CBU6, STM32U535CBU6Q, STM32U535CCT6, STM32U535CCT6Q, STM32U535CCU6, STM32U535CCU6Q, STM32U535CET6, STM32U535CET6Q, STM32U535CEU6, STM32U535CEU6Q, STM32U535JEY6QTR, STM32U535NCY6QTR, STM32U535NEY6QTR, STM32U535RBI6, STM32U535RBI6Q, STM32U535RBT6, STM32U535RBT6Q, STM32U535RCI6, STM32U535RCI6Q, STM32U535RCT6, STM32U535RCT6Q, STM32U535REI6, STM32U535REI6Q, STM32U535RET6, STM32U535RET6Q, STM32U535VCI6, STM32U535VCI6Q, STM32U535VCT6, STM32U535VCT6Q, STM32U535VEI6, STM32U535VEI6Q, STM32U535VET6, STM32U535VET6Q, STM32U545CET6, STM32U545CET6Q, STM32U545CEU6, STM32U545CEU6Q, STM32U545JEY6QTR, STM32U545NEY6QTR, STM32U545REI6, STM32U545REI6Q, STM32U545RET6, STM32U545RET6Q, STM32U545VEI6, STM32U545VEI6Q, STM32U545VET6, STM32U545VET6Q, STM32U595AIH6, STM32U595AIH6Q, STM32U595AJH6, STM32U595AJH6Q, STM32U595QII6, STM32U595QII6Q, STM32U595QJI6, STM32U595QJI6Q, STM32U595RIT6, STM32U595RIT6Q, STM32U595RJT6, STM32U595RJT6Q, STM32U595VIT6, STM32U595VIT6Q, STM32U595VJT6, STM32U595VJT6Q, STM32U595ZIT6, STM32U595ZIT6Q, STM32U595ZIY6QTR, STM32U595ZJT6, STM32U595ZJT6Q, STM32U595ZJY6QTR, STM32U599BJY6QTR, STM32U599NIH6Q, STM32U599NJH6Q, STM32U599VIT6Q, STM32U599VJT6, STM32U599VJT6Q, STM32U599ZIT6Q, STM32U599ZIY6QTR, STM32U599ZJT6Q, STM32U599ZJY6QTR, STM32U5A5AJH6, STM32U5A5AJH6Q, STM32U5A5QII3Q , STM32U5A5QJI6, STM32U5A5QJI6Q, STM32U5A5RJT6, STM32U5A5RJT6Q, STM32U5A5VJT6, STM32U5A5VJT6Q, STM32U5A5ZJT6, STM32U5A5ZJT6Q, STM32U5A5ZJY6QTR, STM32U5A9BJY6QTR, STM32U5A9J-DK, STM32U5A9NJH6Q, STM32U5A9VJT6Q, STM32U5A9ZJT6Q, STM32U5A9ZJY6QTR, STM32U5F7VIT6, STM32U5F7VIT6Q, STM32U5F7VJT6, STM32U5F7VJT6Q, STM32U5F9BJY6QTR, STM32U5F9NJH6Q, STM32U5F9VIT6Q, STM32U5F9VJT6Q, STM32U5F9ZIJ6QTR, STM32U5F9ZIT6Q, STM32U5F9ZJJ6QTR, STM32U5F9ZJT6Q, STM32U5G7VJT6, STM32U5G7VJT6Q, STM32U5G9BJY6QTR, STM32U5G9J-DK1, STM32U5G9J-DK2, STM32U5G9NJH6Q, STM32U5G9VJT6Q, STM32U5G9ZJJ6QTR, STM32U5G9ZJT6Q, STM32WB05KZV6TR, STM32WB05KZV7TR, STM32WB05TZF6TR, STM32WB05TZF7TR, STM32WB06CCF6TR, STM32WB06CCF7TR, STM32WB06CCV6TR, STM32WB06CCV7TR, STM32WB06KCV6TR, STM32WB06KCV7TR, STM32WB07CCF6TR, STM32WB07CCF7TR, STM32WB07CCV6TR, STM32WB07CCV7TR, STM32WB07KCV6TR, STM32WB07KCV7TR, STM32WB09KEV6TR, STM32WB09KEV7TR, STM32WB09TEF6TR, STM32WB09TEF7TR, STM32WB1MMCH6, STM32WBA50KGU6, STM32WBA50KGU6TR, STM32WBA52CEU6, STM32WBA52CEU6TR, STM32WBA52CEU7, STM32WBA52CEU7TR, STM32WBA52CGU6, STM32WBA52CGU6TR, STM32WBA52CGU6U, STM32WBA52CGU7, STM32WBA52CGU7TR, STM32WBA52KEU6, STM32WBA52KEU6TR, STM32WBA52KGU6, STM32WBA52KGU6TR, STM32WBA54CEU6, STM32WBA54CEU6TR, STM32WBA54CEU7, STM32WBA54CEU7TR, STM32WBA54CGU6, STM32WBA54CGU6TR, STM32WBA54CGU7, STM32WBA54CGU7TR, STM32WBA54KEU6, STM32WBA54KEU6TR, STM32WBA54KEU7, STM32WBA54KEU7TR, STM32WBA54KGU6, STM32WBA54KGU6TR, STM32WBA54KGU7, STM32WBA54KGU7TR, STM32WBA55CEU6, STM32WBA55CEU6TR, STM32WBA55CEU7, STM32WBA55CEU7TR, STM32WBA55CGU6, STM32WBA55CGU6TR, STM32WBA55CGU6U, STM32WBA55CGU7, STM32WBA55CGU7TR, STM32WBA55G-DK1, STM32WBA55HEF6, STM32WBA55HEF7, STM32WBA55HGF6, STM32WBA55HGF7, STM32WBA55UEI6, STM32WBA55UEI6TR, STM32WBA55UEI7, STM32WBA55UEI7TR, STM32WBA55UGI6, STM32WBA55UGI6TR, STM32WBA55UGI7, STM32WBA55UGI7TR, STM32WBA5MMGH6TR, STM32WBA62MGF6, STM32WBA62MIF6, STM32WBA65MGF7, STM32WBA65MIF6, STM32WBA65MIF7, STM32WL30K8V6, STM32WL30KBV6, STM32WL31C8V6, STM32WL31CBV6, STM32WL31K8V6, STM32WL31KBV6, STM32WL33C8V6, STM32WL33C8V6X, STM32WL33CBV6, STM32WL33CBV6X, STM32WL33CCV6, STM32WL33CCV6A, STM32WL33CCV6X, STM32WL33K8V7, STM32WL33K8V7X, STM32WL33KBV7 , STM32WL33KBV7X, STM32WL33KCV7, STM32WL33KCV7X, STM32WL5MOCH6, STM32WL5MOCH6TR]
2026-07-30 09:34:29,563 [INFO] BoardInfo:889 - No configuration file found for board NUCLEO-H5E5ZJ
2026-07-30 09:34:29,563 [INFO] DbBoards:161 - Board is not supported: NUCLEO-H5E5ZJ
2026-07-30 09:34:29,795 [INFO] BoardInfo:889 - No configuration file found for board NUCLEO-U3C5ZI-Q
2026-07-30 09:34:29,795 [INFO] DbBoards:161 - Board is not supported: NUCLEO-U3C5ZI-Q
2026-07-30 09:34:29,844 [INFO] BoardInfo:889 - No configuration file found for board NUCLEO-WBA25CE1
2026-07-30 09:34:29,844 [INFO] DbBoards:161 - Board is not supported: NUCLEO-WBA25CE1
2026-07-30 09:34:29,876 [INFO] BoardInfo:889 - No configuration file found for board NUCLEO-WL3RKB1
2026-07-30 09:34:29,876 [INFO] DbBoards:161 - Board is not supported: NUCLEO-WL3RKB1
2026-07-30 09:34:29,876 [INFO] BoardInfo:889 - No configuration file found for board NUCLEO-WL3RKB2
2026-07-30 09:34:29,892 [INFO] DbBoards:161 - Board is not supported: NUCLEO-WL3RKB2
2026-07-30 09:34:29,910 [INFO] BoardInfo:889 - No configuration file found for board P-NUCLEO-WB55
2026-07-30 09:34:29,910 [INFO] DbBoards:161 - Kit is not supported: P-NUCLEO-WB55
2026-07-30 09:34:29,942 [INFO] BoardInfo:889 - No configuration file found for board STEVAL-BFA001V1B
2026-07-30 09:34:29,942 [INFO] DbBoards:161 - Kit is not supported: STEVAL-BFA001V1B
2026-07-30 09:34:29,942 [INFO] BoardInfo:889 - No configuration file found for board STEVAL-BFA001V2B
2026-07-30 09:34:29,942 [INFO] DbBoards:161 - Kit is not supported: STEVAL-BFA001V2B
2026-07-30 09:34:30,285 [INFO] BoardInfo:889 - No configuration file found for board STM32H5F5J-DK
2026-07-30 09:34:30,301 [INFO] DbBoards:161 - Board is not supported: STM32H5F5J-DK
2026-07-30 09:34:30,591 [INFO] DbBoards:168 - Found 218 boards, 209 are supported
2026-07-30 09:34:30,591 [INFO] DbBoards:169 - Found 218 boards, 43 of them is supported for  Bsp
2026-07-30 09:34:30,623 [INFO] ApiDb:423 - Load user favorites file C:\Users\ADMIN/.stm32cubeide/favorites.boards.txt: 1 item(s)
2026-07-30 09:34:30,639 [INFO] ApiDb:427 - User favorites Boards=[B-L4S5I-IOT01A]
2026-07-30 09:34:30,639 [INFO] DbBoards:198 - Set 1 / 1 favorites Boards
2026-07-30 09:34:30,639 [INFO] McuFinderGlobals:76 - Set McuFinderConnectedMode to true
2026-07-30 09:34:30,655 [INFO] MultiScanPanel:200 - Auto-refresh data requested => check proxy status ongoing
2026-07-30 09:34:30,672 [INFO] FinderPluginLoader:96 - Searching for filters in installed packs
2026-07-30 09:34:34,303 [INFO] LoadUrlFilesThread:185 - End of LoadServerUrlFiles without Thread
2026-07-30 09:34:34,333 [INFO] DetailPanel:341 - Set advertising image to C:/Users/ADMIN/STM32Cube/Repository/\en.stm32h5cubemxbanner.png
2026-07-30 09:36:11,092 [INFO] MultiScanPanel:200 - Auto-refresh data requested => check proxy status ongoing
2026-07-30 09:36:11,282 [INFO] LoadUrlFilesThread:185 - End of LoadServerUrlFiles without Thread
2026-07-30 09:36:11,282 [INFO] DetailPanel:341 - Set advertising image to C:/Users/ADMIN/STM32Cube/Repository/\en.stm32h5cubemxbanner.png
2026-07-30 09:36:11,312 [INFO] DbBoards:642 - Loading board mini-images...
2026-07-30 09:36:14,930 [INFO] DbBoards:665 - Loaded 218 board mini-images
2026-07-30 09:37:02,234 [INFO] MainUpdater:2872 - connection check result : 10
2026-07-30 09:37:02,234 [INFO] MainUpdater:2872 - connection check result : 10
2026-07-30 09:37:02,287 [INFO] MicroXplorer:468 - Change Database Path : 
2026-07-30 09:37:02,288 [INFO] MicroXplorer:498 - Change Database Version : DB.6.0.150
2026-07-30 09:37:02,296 [WARN] ThirdParty:871 - waiting for thirdparty lock release [close project]
2026-07-30 09:37:02,297 [INFO] ThirdParty:873 - entering critical section [close project]
2026-07-30 09:37:02,298 [INFO] ThirdParty:883 - exiting critical section [close project]
2026-07-30 09:37:02,301 [INFO] PinOutPanel:1589 - setPackage(No Configuration,No Configuration)
2026-07-30 09:37:02,302 [INFO] UtilMem:75 - Begin LoadConfig() Used Memory: 815367392 Bytes (1073741824)
2026-07-30 09:37:02,309 [INFO] OpenFileManager:355 - Change cursor
2026-07-30 09:37:02,421 [INFO] ProjectFactory:514 - No CPN specified for board B-L4S5I-IOT01A => set CPN to STM32L4S5VIT6
2026-07-30 09:37:02,422 [INFO] Mcu:2029 - Initializing MCU STM32L4S5VITx STM32L4S5VITx STM32L4S5VIT6
2026-07-30 09:37:07,073 [INFO] Context:786 - Trying to add GPIOservice into a context  which must be forbidden
2026-07-30 09:37:07,917 [INFO] Rule:233 - rule 117617 - U5Cobra4M][GTZC] default value MPCBB3 and MPCBB5 - Not Secured memory - MPCBB1 is applicable
2026-07-30 09:37:07,918 [INFO] Rule:233 - rule 117617 - U5Cobra4M][GTZC] default value MPCBB3 and MPCBB5 - Not Secured memory - MPCBB1 is applicable
2026-07-30 09:37:07,918 [INFO] Rule:233 - rule 117617 - U5Cobra4M][GTZC] default value MPCBB3 and MPCBB5 - Not Secured memory - MPCBB2 is applicable
2026-07-30 09:37:07,918 [INFO] Rule:233 - rule 117617 - U5Cobra4M][GTZC] default value MPCBB3 and MPCBB5 - Not Secured memory - MPCBB2 is applicable
2026-07-30 09:37:07,918 [INFO] Rule:233 - rule 117617 - U5Cobra4M][GTZC] default value MPCBB3 and MPCBB5 - Not Secured memory - MPCBB3 is applicable
2026-07-30 09:37:07,918 [INFO] Rule:233 - rule 117617 - U5Cobra4M][GTZC] default value MPCBB3 and MPCBB5 - Not Secured memory - MPCBB3 is applicable
2026-07-30 09:37:07,918 [INFO] Rule:233 - rule 117617 - U5Cobra4M][GTZC] default value MPCBB3 and MPCBB5 - Not Secured memory - MPCBB4 is applicable
2026-07-30 09:37:07,918 [INFO] Rule:233 - rule 117617 - U5Cobra4M][GTZC] default value MPCBB3 and MPCBB5 - Not Secured memory - MPCBB4 is applicable
2026-07-30 09:37:07,918 [INFO] Rule:233 - rule 117617 - U5Cobra4M][GTZC] default value MPCBB3 and MPCBB5 - Secured memory - MPCBB1 is applicable
2026-07-30 09:37:07,918 [INFO] Rule:233 - rule 117617 - U5Cobra4M][GTZC] default value MPCBB3 and MPCBB5 - Secured memory - MPCBB2 is applicable
2026-07-30 09:37:07,918 [INFO] Rule:233 - rule 117617 - U5Cobra4M][GTZC] default value MPCBB3 and MPCBB5 - Secured memory - MPCBB3 is applicable
2026-07-30 09:37:07,918 [INFO] Rule:233 - rule 117617 - U5Cobra4M][GTZC] default value MPCBB3 and MPCBB5 - Secured memory - MPCBB4 is applicable
2026-07-30 09:37:07,918 [INFO] Rule:233 - rule 117617 - U5Cobra4M][GTZC] default value MPCBB3 and MPCBB5 - Privileged memory - MPCBB1 is applicable
2026-07-30 09:37:07,918 [INFO] Rule:233 - rule 117617 - U5Cobra4M][GTZC] default value MPCBB3 and MPCBB5 - Privileged memory - MPCBB2 is applicable
2026-07-30 09:37:07,918 [INFO] Rule:233 - rule 117617 - U5Cobra4M][GTZC] default value MPCBB3 and MPCBB5 - Privileged memory - MPCBB3 is applicable
2026-07-30 09:37:07,918 [INFO] Rule:233 - rule 117617 - U5Cobra4M][GTZC] default value MPCBB3 and MPCBB5 - Privileged memory - MPCBB4 is applicable
2026-07-30 09:37:07,918 [INFO] Rule:233 - rule 117617 - U5Cobra4M][GTZC] default value MPCBB3 and MPCBB5 - Not Privileged memory - MPCBB1 is applicable
2026-07-30 09:37:07,918 [INFO] Rule:233 - rule 117617 - U5Cobra4M][GTZC] default value MPCBB3 and MPCBB5 - Not Privileged memory - MPCBB2 is applicable
2026-07-30 09:37:07,919 [INFO] Rule:233 - rule 117617 - U5Cobra4M][GTZC] default value MPCBB3 and MPCBB5 - Not Privileged memory - MPCBB3 is applicable
2026-07-30 09:37:07,919 [INFO] Rule:233 - rule 117617 - U5Cobra4M][GTZC] default value MPCBB3 and MPCBB5 - Not Privileged memory - MPCBB4 is applicable
2026-07-30 09:37:07,919 [INFO] Rule:233 - rule 117617 - U5Cobra4M][GTZC] default value MPCBB3 and MPCBB5 - Privileged memory - MPCBB1 is applicable
2026-07-30 09:37:07,919 [INFO] Rule:233 - rule 117617 - U5Cobra4M][GTZC] default value MPCBB3 and MPCBB5 - Privileged memory - MPCBB2 is applicable
2026-07-30 09:37:07,919 [INFO] Rule:233 - rule 117617 - U5Cobra4M][GTZC] default value MPCBB3 and MPCBB5 - Privileged memory - MPCBB3 is applicable
2026-07-30 09:37:07,919 [INFO] Rule:233 - rule 117617 - U5Cobra4M][GTZC] default value MPCBB3 and MPCBB5 - Privileged memory - MPCBB4 is applicable
2026-07-30 09:37:07,919 [INFO] Rule:233 - rule 117617 - U5Cobra4M][GTZC] default value MPCBB3 and MPCBB5 - Privileged memory - MPCBB1 is applicable
2026-07-30 09:37:07,919 [INFO] Rule:233 - rule 117617 - U5Cobra4M][GTZC] default value MPCBB3 and MPCBB5 - Privileged memory - MPCBB2 is applicable
2026-07-30 09:37:07,920 [INFO] Rule:233 - rule 117617 - U5Cobra4M][GTZC] default value MPCBB3 and MPCBB5 - Privileged memory - MPCBB3 is applicable
2026-07-30 09:37:07,920 [INFO] Rule:233 - rule 117617 - U5Cobra4M][GTZC] default value MPCBB3 and MPCBB5 - Privileged memory - MPCBB4 is applicable
2026-07-30 09:37:07,920 [INFO] Rule:233 - rule 117617 - U5Cobra4M][GTZC] default value MPCBB3 and MPCBB5 - Not Privileged memory - MPCBB1 is applicable
2026-07-30 09:37:07,920 [INFO] Rule:233 - rule 117617 - U5Cobra4M][GTZC] default value MPCBB3 and MPCBB5 - Not Privileged memory - MPCBB2 is applicable
2026-07-30 09:37:07,920 [INFO] Rule:233 - rule 117617 - U5Cobra4M][GTZC] default value MPCBB3 and MPCBB5 - Not Privileged memory - MPCBB3 is applicable
2026-07-30 09:37:07,920 [INFO] Rule:233 - rule 117617 - U5Cobra4M][GTZC] default value MPCBB3 and MPCBB5 - Not Privileged memory - MPCBB4 is applicable
2026-07-30 09:37:07,920 [INFO] Rule:233 - rule 117617 - U5Cobra4M][GTZC] default value MPCBB3 and MPCBB5 - Privileged memory - MPCBB1 is applicable
2026-07-30 09:37:07,920 [INFO] Rule:233 - rule 117617 - U5Cobra4M][GTZC] default value MPCBB3 and MPCBB5 - Privileged memory - MPCBB2 is applicable
2026-07-30 09:37:07,920 [INFO] Rule:233 - rule 117617 - U5Cobra4M][GTZC] default value MPCBB3 and MPCBB5 - Privileged memory - MPCBB3 is applicable
2026-07-30 09:37:07,920 [INFO] Rule:233 - rule 117617 - U5Cobra4M][GTZC] default value MPCBB3 and MPCBB5 - Privileged memory - MPCBB4 is applicable
2026-07-30 09:37:07,920 [INFO] Rule:233 - rule WakeUp0 Mode is applicable
2026-07-30 09:37:07,920 [INFO] Rule:233 - rule WakeUp0 SIGNAL is applicable
2026-07-30 09:37:07,920 [INFO] Rule:233 - rule WakeUp1 Mode is applicable
2026-07-30 09:37:07,920 [INFO] Rule:233 - rule WakeUp1 SIGNAL is applicable
2026-07-30 09:37:07,921 [INFO] Rule:233 - rule WakeUp2 Mode is applicable
2026-07-30 09:37:07,921 [INFO] Rule:233 - rule WakeUp2 SIGNAL is applicable
2026-07-30 09:37:07,921 [INFO] Rule:233 - rule WakeUp4 Mode is applicable
2026-07-30 09:37:07,921 [INFO] Rule:233 - rule WakeUp4 SIGNAL is applicable
2026-07-30 09:37:07,921 [INFO] Rule:233 - rule WakeUp5 Mode is applicable
2026-07-30 09:37:07,921 [INFO] Rule:233 - rule WakeUp5 SIGNAL is applicable
2026-07-30 09:37:07,921 [INFO] Rule:233 - rule Change Default Value for LSE Drive Capability for WB family is applicable
2026-07-30 09:37:07,922 [INFO] Rule:233 - rule change FDCAN default value is applicable
2026-07-30 09:37:07,922 [INFO] Rule:233 - rule Adapt Old IOC before rework replace old CORTEX_M33/CORTEX_M55 attributes by the new one. is applicable
2026-07-30 09:37:07,922 [INFO] Rule:233 - rule Rename parametre of RCC RCC_APBDBG_DIV2 to RCC_TIMPRES_DIV2 is applicable
2026-07-30 09:37:07,922 [INFO] Rule:233 - rule Rename DIE493 pin PA10 [PA12] -> PA10 is applicable
2026-07-30 09:37:07,922 [INFO] Rule:233 - rule Rename DIE493 pin PA9 [PA11] -> PA9 is applicable
2026-07-30 09:37:07,922 [INFO] Rule:233 - rule Rename DIE492 PartNumber CPN STM32WBA5MJGHx -> STM32WBA5MMGHx is applicable
2026-07-30 09:37:07,922 [INFO] Rule:233 - rule Rename DIE492 PartNumber  Name STM32WBA5MJGHx -> STM32WBA5MMGHx is applicable
2026-07-30 09:37:07,922 [INFO] Rule:233 - rule Rename DIE492 PartNumber UserName STM32WBA5MJGHx -> STM32WBA5MMGHx is applicable
2026-07-30 09:37:07,922 [INFO] Rule:233 - rule Rename DIE492 PartNumber DeviceId STM32WBA5MJGHx -> STM32WBA5MMGHx is applicable
2026-07-30 09:37:07,922 [INFO] Rule:233 - rule Adapt Old IOC CSI. is applicable
2026-07-30 09:37:07,922 [INFO] Rule:233 - rule Adapt Old IOC DCMIPP. is applicable
2026-07-30 09:37:07,922 [INFO] Rule:233 - rule Adapt Old IOC DCMIPP Mode Parallel. is applicable
2026-07-30 09:37:07,922 [INFO] Rule:233 - rule Adapt Old IOC LTDC. is applicable
2026-07-30 09:37:07,922 [INFO] Rule:233 - rule Rename STM32MP2 RIF Peripheral LTDC RIF.RISUP.LTDC_L0L1.Privilege -> RIF.RISUP.LTDC_L1L2.Privilege is applicable
2026-07-30 09:37:07,922 [INFO] Rule:233 - rule Rename STM32MP2 RIF Peripheral LTDC RIF.RISUP.LTDC_L0L1.Privilege -> RIF.RISUP.LTDC_L1L2.Privilege is applicable
2026-07-30 09:37:07,922 [INFO] Rule:233 - rule Rename STM32MP2 RIF Peripheral LTDC RIF.RISUP.LTDC_L0L1.Lock -> RIF.RISUP.LTDC_L1L2.Lock is applicable
2026-07-30 09:37:07,922 [INFO] Rule:233 - rule Rename STM32MP2 RIF Peripheral LTDC RIF.RISUP.LTDC_L2.Lock -> RIF.RISUP.LTDC_L3.Lock is applicable
2026-07-30 09:37:07,922 [INFO] Rule:233 - rule Adapt the old IOC example for updating the SYS when it is misconfigured. is applicable
2026-07-30 09:37:07,923 [INFO] Rule:233 - rule Rename STM32C09 Mcu.Package LQFP64 -> LQFP48 is applicable
2026-07-30 09:37:07,923 [INFO] Rule:233 - rule Adapt the old IOC example for updating the SYS when it is misconfigured. is applicable
2026-07-30 09:37:07,923 [INFO] Rule:233 - rule Adapt the old IOC example for updating the SYS when it is misconfigured. is applicable
2026-07-30 09:37:07,939 [INFO] DbConfProperties:307 - Apply Compatibility (5/68 Rules)
2026-07-30 09:37:08,020 [INFO] ImportTextPane:234 - (OptionalMessage_ERROR) Pin84 (VP_RIF_VS_RIF1) cannot be retrieved for this MCU
2026-07-30 09:37:08,331 [INFO] RtosManager:558 - Registered RTOS mode: class=CMSIS, group=RTOS, mode=CMSIS_V1, owner=FREERTOS
2026-07-30 09:37:08,332 [INFO] RtosManager:558 - Registered RTOS mode: class=CMSIS, group=RTOS2, mode=CMSIS_V2, owner=FREERTOS
2026-07-30 09:37:08,332 [INFO] RtosManager:558 - Registered RTOS mode: class=RTOS, group=Core, mode=CMSIS_V1, owner=FREERTOS
2026-07-30 09:37:08,332 [INFO] RtosManager:558 - Registered RTOS mode: class=RTOS, group=Core, mode=CMSIS_V2, owner=FREERTOS
2026-07-30 09:37:08,333 [WARN] ModelIntegratedComponent:184 - Missing modes for component STMicroelectronics:FreeRTOS:0.0.1:STMicroelectronics:RTOS:FreeRTOS:Core:::10.2.0:
2026-07-30 09:37:08,365 [WARN] ModelIntegratedComponent:63 - No mode defined for component null
2026-07-30 09:37:08,365 [WARN] ModelIntegratedComponent:63 - No mode defined for component null
2026-07-30 09:37:08,365 [WARN] ModelIntegratedComponent:63 - No mode defined for component null
2026-07-30 09:37:08,365 [WARN] ModelIntegratedComponent:63 - No mode defined for component null
2026-07-30 09:37:08,365 [WARN] ModelIntegratedComponent:63 - No mode defined for component null
2026-07-30 09:37:08,365 [WARN] ModelIntegratedComponent:63 - No mode defined for component null
2026-07-30 09:37:08,365 [WARN] ModelIntegratedComponent:63 - No mode defined for component null
2026-07-30 09:37:08,365 [WARN] ModelIntegratedComponent:63 - No mode defined for component null
2026-07-30 09:37:08,365 [WARN] ModelIntegratedComponent:63 - No mode defined for component null
2026-07-30 09:37:08,365 [WARN] ModelIntegratedComponent:63 - No mode defined for component null
2026-07-30 09:37:08,365 [WARN] ModelIntegratedComponent:63 - No mode defined for component null
2026-07-30 09:37:08,366 [WARN] ModelIntegratedComponent:63 - No mode defined for component null
2026-07-30 09:37:08,366 [WARN] ModelIntegratedComponent:63 - No mode defined for component null
2026-07-30 09:37:08,366 [WARN] ModelIntegratedComponent:63 - No mode defined for component null
2026-07-30 09:37:08,366 [WARN] ModelIntegratedComponent:63 - No mode defined for component null
2026-07-30 09:37:08,366 [WARN] ModelIntegratedComponent:63 - No mode defined for component null
2026-07-30 09:37:08,366 [WARN] ModelIntegratedComponent:63 - No mode defined for component null
2026-07-30 09:37:08,366 [WARN] ModelIntegratedComponent:63 - No mode defined for component null
2026-07-30 09:37:08,366 [WARN] ModelIntegratedComponent:63 - No mode defined for component null
2026-07-30 09:37:08,366 [WARN] ModelIntegratedComponent:63 - No mode defined for component null
2026-07-30 09:37:08,366 [WARN] ModelIntegratedComponent:63 - No mode defined for component null
2026-07-30 09:37:08,366 [WARN] ModelIntegratedComponent:63 - No mode defined for component null
2026-07-30 09:37:08,366 [WARN] ModelIntegratedComponent:63 - No mode defined for component null
2026-07-30 09:37:08,366 [WARN] ModelIntegratedComponent:63 - No mode defined for component null
2026-07-30 09:37:08,366 [WARN] ModelIntegratedComponent:63 - No mode defined for component null
2026-07-30 09:37:08,366 [WARN] ModelIntegratedComponent:63 - No mode defined for component null
2026-07-30 09:37:08,366 [WARN] ModelIntegratedComponent:63 - No mode defined for component null
2026-07-30 09:37:08,366 [WARN] ModelIntegratedComponent:63 - No mode defined for component null
2026-07-30 09:37:08,367 [WARN] ModelIntegratedComponent:63 - No mode defined for component null
2026-07-30 09:37:08,367 [WARN] ModelIntegratedComponent:63 - No mode defined for component null
2026-07-30 09:37:08,367 [WARN] ModelIntegratedComponent:63 - No mode defined for component null
2026-07-30 09:37:08,367 [WARN] ModelIntegratedComponent:63 - No mode defined for component null
2026-07-30 09:37:08,367 [WARN] ModelIntegratedComponent:63 - No mode defined for component null
2026-07-30 09:37:08,367 [WARN] ModelIntegratedComponent:63 - No mode defined for component null
2026-07-30 09:37:08,367 [WARN] ModelIntegratedComponent:63 - No mode defined for component null
2026-07-30 09:37:08,367 [WARN] ModelPack:524 - Component already loaded: STMicroelectronics:HAL Drivers:0.0.0:STMicroelectronics:Device:STMicro_Driver:XSPI:HAL::0.0.1:HAL_XSPI
2026-07-30 09:37:08,510 [INFO] ThirdPartyModel:298 - Start build external matchings
2026-07-30 09:37:09,026 [INFO] ThirdPartyModel:316 - End build external matchings
2026-07-30 09:37:09,073 [WARN] IP:2250 - MaxTran not found: check if there is a RefParameter without a condition.
2026-07-30 09:37:09,073 [WARN] IP:2250 - Refresh not found: check if there is a RefParameter without a condition.
2026-07-30 09:37:09,074 [INFO] ImportTextPane:234 - (OptionalMessage_ERROR) IP (RCC) : Invalid parameter (FamilyName)
2026-07-30 09:37:09,478 [INFO] UtilMem:75 - End LoadConfig() Used Memory: 909286640 Bytes (1073741824)
2026-07-30 09:37:09,674 [WARN] ThirdParty:833 - waiting for thirdparty lock release [change project]
2026-07-30 09:37:09,675 [INFO] ThirdParty:835 - entering critical section [change project]
2026-07-30 09:37:09,675 [INFO] ThirdParty:1030 - CMSIS Pack Vendor :STMicroelectronics X-CUBE-AZRTOS-H7 3.5.0
2026-07-30 09:37:09,675 [INFO] ThirdParty:1030 - CMSIS Pack Vendor :STMicroelectronics X-CUBE-PM33A1 1.0.0
2026-07-30 09:37:09,675 [INFO] ThirdParty:1030 - CMSIS Pack Vendor :STMicroelectronics USBPD 4.1
2026-07-30 09:37:09,675 [INFO] ThirdParty:1030 - CMSIS Pack Vendor :STMicroelectronics X-CUBE-NFC9 1.0.0
2026-07-30 09:37:09,675 [INFO] ThirdParty:1030 - CMSIS Pack Vendor :STMicroelectronics USB_HOST 2.0.0
2026-07-30 09:37:09,675 [INFO] ThirdParty:1030 - CMSIS Pack Vendor :STMicroelectronics FP-ATR-ASTRA1 2.0.3
2026-07-30 09:37:09,675 [INFO] ThirdParty:1030 - CMSIS Pack Vendor :STMicroelectronics X-CUBE-AZRTOS-F4 1.1.0
2026-07-30 09:37:09,676 [INFO] ThirdParty:1030 - CMSIS Pack Vendor :STMicroelectronics LIBJPEG 8.0.0
2026-07-30 09:37:09,676 [INFO] ThirdParty:1030 - CMSIS Pack Vendor :STMicroelectronics X-CUBE-BLE1 7.1.0
2026-07-30 09:37:09,679 [INFO] ThirdParty:1030 - CMSIS Pack Vendor :wolfSSL I-CUBE-wolfMQTT 1.19.2
2026-07-30 09:37:09,679 [INFO] ThirdParty:1030 - CMSIS Pack Vendor :STMicroelectronics USB_DEVICE 3.0.0
2026-07-30 09:37:09,679 [INFO] ThirdParty:1030 - CMSIS Pack Vendor :STMicroelectronics X-CUBE-ISPU 2.1.0
2026-07-30 09:37:09,679 [INFO] ThirdParty:1030 - CMSIS Pack Vendor :STMicroelectronics X-CUBE-EEPRMA1 5.2.0
2026-07-30 09:37:09,679 [INFO] ThirdParty:1030 - CMSIS Pack Vendor :STMicroelectronics X-CUBE-IPS 3.2.0
2026-07-30 09:37:09,679 [INFO] ThirdParty:1030 - CMSIS Pack Vendor :STMicroelectronics eDS-WB_DPC_TT-BIDIR 2.1.1
2026-07-30 09:37:09,679 [INFO] ThirdParty:1030 - CMSIS Pack Vendor :STMicroelectronics X-CUBE-AZRTOS-WB 2.0.0
2026-07-30 09:37:09,679 [INFO] ThirdParty:1030 - CMSIS Pack Vendor :STMicroelectronics X-CUBE-NFC12 1.0.0
2026-07-30 09:37:09,680 [INFO] ThirdParty:1030 - CMSIS Pack Vendor :STMicroelectronics X-CUBE-AZRTOS-F7 1.1.0
2026-07-30 09:37:09,680 [INFO] ThirdParty:1030 - CMSIS Pack Vendor :STMicroelectronics X-CUBE-AZRTOS-L5 2.0.0
2026-07-30 09:37:09,680 [INFO] ThirdParty:1030 - CMSIS Pack Vendor :STMicroelectronics USB_DEVICE 2.0.0
2026-07-30 09:37:09,680 [INFO] ThirdParty:1030 - CMSIS Pack Vendor :STMicroelectronics X-CUBE-FREERTOS 1.6.0
2026-07-30 09:37:09,680 [INFO] ThirdParty:1030 - CMSIS Pack Vendor :STMicroelectronics FP-SNS-STAIOTCFT 1.1.0
2026-07-30 09:37:09,680 [INFO] ThirdParty:1030 - CMSIS Pack Vendor :quantropi X-CUBE-qispace-sdk-base 2.1.0
2026-07-30 09:37:09,680 [INFO] ThirdParty:1030 - CMSIS Pack Vendor :STMicroelectronics X-CUBE-STSE01 2.0.0
2026-07-30 09:37:09,680 [INFO] ThirdParty:1030 - CMSIS Pack Vendor :STMicroelectronics X-CUBE-ALGOBUILD 1.5.0
2026-07-30 09:37:09,680 [INFO] ThirdParty:1030 - CMSIS Pack Vendor :STMicroelectronics FP-SNS-MOTENV1 5.1.0
2026-07-30 09:37:09,680 [INFO] ThirdParty:1030 - CMSIS Pack Vendor :STMicroelectronics FreeRTOS 0.0.1
2026-07-30 09:37:09,680 [INFO] ThirdParty:1030 - CMSIS Pack Vendor :STMicroelectronics X-CUBE-AZRTOS-H7RS 1.3.0
2026-07-30 09:37:09,680 [INFO] ThirdParty:1030 - CMSIS Pack Vendor :STMicroelectronics X-CUBE-AZRTOS-G0 1.1.0
2026-07-30 09:37:09,680 [INFO] ThirdParty:1030 - CMSIS Pack Vendor :STMicroelectronics X-CUBE-NFC4 3.0.0
2026-07-30 09:37:09,680 [INFO] ThirdParty:1030 - CMSIS Pack Vendor :STMicroelectronics X-CUBE-SUBG2 5.0.0
2026-07-30 09:37:09,680 [INFO] ThirdParty:1030 - CMSIS Pack Vendor :STMicroelectronics STM32_WPAN 1.0.0
2026-07-30 09:37:09,680 [INFO] ThirdParty:1030 - CMSIS Pack Vendor :STMicroelectronics eDS-WB_DPC_VIENNA 1.2.0
2026-07-30 09:37:09,680 [INFO] ThirdParty:1030 - CMSIS Pack Vendor :EmbeddedOffice I-CUBE-FS-RTOS 1.0.1
2026-07-30 09:37:09,680 [INFO] ThirdParty:1030 - CMSIS Pack Vendor :STMicroelectronics lwIP 2.0.3
2026-07-30 09:37:09,680 [INFO] ThirdParty:1030 - CMSIS Pack Vendor :WES I-CUBE-Cesium 1.4.0
2026-07-30 09:37:09,680 [INFO] ThirdParty:1030 - CMSIS Pack Vendor :STMicroelectronics eDS-WB_DPC_3PH2L-BIDIR 1.1.1
2026-07-30 09:37:09,680 [INFO] ThirdParty:1030 - CMSIS Pack Vendor :STMicroelectronics USB_HOST 1.0.0
2026-07-30 09:37:09,680 [INFO] ThirdParty:1030 - CMSIS Pack Vendor :STMicroelectronics X-CUBE-AZRTOS-G4 2.0.0
2026-07-30 09:37:09,680 [INFO] ThirdParty:1030 - CMSIS Pack Vendor :STMicroelectronics PDM2PCM 3.1.0
2026-07-30 09:37:09,680 [INFO] ThirdParty:1030 - CMSIS Pack Vendor :STMicroelectronics PDM2PCM 3.3.0
2026-07-30 09:37:09,680 [INFO] ThirdParty:1030 - CMSIS Pack Vendor :wolfSSL I-CUBE-wolfTPM 3.8.0
2026-07-30 09:37:09,680 [INFO] ThirdParty:1030 - CMSIS Pack Vendor :STMicroelectronics X-CUBE-DISPLAY 3.0.0
2026-07-30 09:37:09,680 [INFO] ThirdParty:1030 - CMSIS Pack Vendor :wolfSSL I-CUBE-wolfSSH 1.4.20
2026-07-30 09:37:09,680 [INFO] ThirdParty:1030 - CMSIS Pack Vendor :STMicroelectronics X-CUBE-NFC7 2.0.0
2026-07-30 09:37:09,681 [INFO] ThirdParty:1030 - CMSIS Pack Vendor :STMicroelectronics X-CUBE-GNSS1 7.1.1
2026-07-30 09:37:09,681 [INFO] ThirdParty:1030 - CMSIS Pack Vendor :STMicroelectronics FP-SNS-MOTENVWB1 1.5.0
2026-07-30 09:37:09,681 [INFO] ThirdParty:1030 - CMSIS Pack Vendor :STMicroelectronics X-CUBE-TCPP 4.2.0
2026-07-30 09:37:09,681 [INFO] ThirdParty:1030 - CMSIS Pack Vendor :RealThread X-CUBE-RT-Thread_Nano 4.1.1
2026-07-30 09:37:09,681 [INFO] ThirdParty:1030 - CMSIS Pack Vendor :STMicroelectronics FP-ATR-SIGFOX1 3.2.0
2026-07-30 09:37:09,681 [INFO] ThirdParty:1030 - CMSIS Pack Vendor :STMicroelectronics X-CUBE-NFC10 1.0.0
2026-07-30 09:37:09,681 [INFO] ThirdParty:1030 - CMSIS Pack Vendor :STMicroelectronics HAL Drivers 0.0.0
2026-07-30 09:37:09,681 [INFO] ThirdParty:1030 - CMSIS Pack Vendor :STMicroelectronics MBEDTLS 2.16.2
2026-07-30 09:37:09,681 [INFO] ThirdParty:1030 - CMSIS Pack Vendor :STMicroelectronics X-CUBE-ST60 1.1.0
2026-07-30 09:37:09,681 [INFO] ThirdParty:1030 - CMSIS Pack Vendor :STMicroelectronics X-CUBE-ALS 1.0.2
2026-07-30 09:37:09,681 [INFO] ThirdParty:1030 - CMSIS Pack Vendor :emotas I-CUBE-CANOPEN 1.3.0
2026-07-30 09:37:09,681 [INFO] ThirdParty:1030 - CMSIS Pack Vendor :wolfSSL I-CUBE-wolfSSL 5.9.2
2026-07-30 09:37:09,681 [INFO] ThirdParty:1030 - CMSIS Pack Vendor :STMicroelectronics MBEDTLS 2.14.1
2026-07-30 09:37:09,681 [INFO] ThirdParty:1030 - CMSIS Pack Vendor :ITTIA_DB I-CUBE-ITTIADB 8.9.0
2026-07-30 09:37:09,681 [INFO] ThirdParty:1030 - CMSIS Pack Vendor :Cesanta I-CUBE-Mongoose 7.21.7
2026-07-30 09:37:09,681 [INFO] ThirdParty:1030 - CMSIS Pack Vendor :STMicroelectronics X-CUBE-TOUCHGFX 4.26.1
2026-07-30 09:37:09,681 [INFO] ThirdParty:1030 - CMSIS Pack Vendor :STMicroelectronics X-CUBE-NFC6 3.2.0
2026-07-30 09:37:09,681 [INFO] ThirdParty:1030 - CMSIS Pack Vendor :STMicroelectronics FP-SNS-STBOX1 2.1.0
2026-07-30 09:37:09,681 [INFO] ThirdParty:1030 - CMSIS Pack Vendor :STMicroelectronics X-CUBE-AI 10.2.1
2026-07-30 09:37:09,681 [INFO] ThirdParty:1030 - CMSIS Pack Vendor :STMicroelectronics ThreadX 1.0.0
2026-07-30 09:37:09,681 [INFO] ThirdParty:1030 - CMSIS Pack Vendor :STMicroelectronics FP-SNS-SMARTAG2 1.2.0
2026-07-30 09:37:09,681 [INFO] ThirdParty:1030 - CMSIS Pack Vendor :STMicroelectronics X-CUBE-MEMS1 12.1.0
2026-07-30 09:37:09,681 [INFO] ThirdParty:1030 - CMSIS Pack Vendor :STMicroelectronics FP-SNS-FLIGHT1 5.1.0
2026-07-30 09:37:09,681 [INFO] ThirdParty:1030 - CMSIS Pack Vendor :STMicroelectronics X-CUBE-AZRTOS-WL 2.0.0
2026-07-30 09:37:09,681 [INFO] ThirdParty:1030 - CMSIS Pack Vendor :SEGGER I-CUBE-embOS 1.3.1
2026-07-30 09:37:09,681 [INFO] ThirdParty:1030 - CMSIS Pack Vendor :STMicroelectronics X-CUBE-DPower 1.3.0
2026-07-30 09:37:09,681 [INFO] ThirdParty:1030 - CMSIS Pack Vendor :STMicroelectronics USB_DEVICE 1.0.0
2026-07-30 09:37:09,682 [INFO] ThirdParty:1030 - CMSIS Pack Vendor :STMicroelectronics X-CUBE-AZRTOS-L4 2.0.0
2026-07-30 09:37:09,682 [INFO] ThirdParty:1030 - CMSIS Pack Vendor :STMicroelectronics ThreadX 0.0.2
2026-07-30 09:37:09,682 [INFO] ThirdParty:1030 - CMSIS Pack Vendor :STMicroelectronics lwIP 2.1.2
2026-07-30 09:37:09,682 [INFO] ThirdParty:1030 - CMSIS Pack Vendor :STMicroelectronics X-CUBE-SFXS2LP1 4.0.0
2026-07-30 09:37:09,682 [INFO] ThirdParty:1030 - CMSIS Pack Vendor :STMicroelectronics X-CUBE-BLE2 3.3.0
2026-07-30 09:37:09,682 [INFO] ThirdParty:1030 - CMSIS Pack Vendor :Avnet-IOTCONNECT X-CUBE-iotc-st67-sdk 1.0.0
2026-07-30 09:37:09,682 [INFO] ThirdParty:1030 - CMSIS Pack Vendor :STMicroelectronics X-CUBE-TOF1 3.4.3
2026-07-30 09:37:09,682 [INFO] ThirdParty:1030 - CMSIS Pack Vendor :Infineon AIROC-Wi-Fi-Bluetooth-STM32 1.8.0
2026-07-30 09:37:09,682 [INFO] ThirdParty:1030 - CMSIS Pack Vendor :STMicroelectronics X-CUBE-NFC13 1.0.0
2026-07-30 09:37:09,682 [INFO] ThirdParty:1030 - CMSIS Pack Vendor :STMicroelectronics PDM2PCM 3.2.0
2026-07-30 09:37:09,682 [INFO] ThirdParty:1030 - CMSIS Pack Vendor :STMicroelectronics X-CUBE-WB05N 2.1.0
2026-07-30 09:37:09,682 [INFO] ThirdParty:841 - exiting critical section [change project]
2026-07-30 09:37:10,376 [INFO] PinOutPanel:1589 - setPackage(No Configuration,No Configuration)
2026-07-30 09:37:10,378 [INFO] PinOutPanel:1589 - setPackage(STM32L4S5VITx,LQFP100)
2026-07-30 09:37:11,393 [INFO] UtilMem:75 - Before build in PCC Used Memory: 908939600 Bytes (1073741824)
2026-07-30 09:37:13,245 [INFO] UtilMem:75 - After build in PCC Used Memory: 789007792 Bytes (1073741824)
2026-07-30 09:37:13,296 [INFO] IPUIPlugin:80 - create IPUIPlugin
2026-07-30 09:37:13,296 [INFO] IPUIPlugin:80 - create IPUIPlugin
2026-07-30 09:37:13,296 [INFO] IPUIPlugin:80 - create IPUIPlugin
2026-07-30 09:37:13,296 [INFO] IPUIPlugin:80 - create IPUIPlugin
2026-07-30 09:37:13,296 [INFO] IPUIPlugin:80 - create IPUIPlugin
2026-07-30 09:37:13,296 [INFO] IPUIPlugin:80 - create IPUIPlugin
2026-07-30 09:37:13,297 [INFO] IPUIPlugin:80 - create IPUIPlugin
2026-07-30 09:37:13,297 [INFO] IPUIPlugin:80 - create IPUIPlugin
2026-07-30 09:37:13,297 [INFO] IPUIPlugin:80 - create IPUIPlugin
2026-07-30 09:37:13,297 [INFO] IPUIPlugin:80 - create IPUIPlugin
2026-07-30 09:37:13,297 [INFO] IPUIPlugin:80 - create IPUIPlugin
2026-07-30 09:37:13,297 [INFO] IPUIPlugin:80 - create IPUIPlugin
2026-07-30 09:37:13,298 [INFO] IPUIPlugin:80 - create IPUIPlugin
2026-07-30 09:37:13,298 [INFO] IPUIPlugin:80 - create IPUIPlugin
2026-07-30 09:37:13,298 [INFO] IPUIPlugin:80 - create IPUIPlugin
2026-07-30 09:37:13,298 [INFO] IPUIPlugin:80 - create IPUIPlugin
2026-07-30 09:37:13,298 [INFO] IPUIPlugin:80 - create IPUIPlugin
2026-07-30 09:37:13,298 [INFO] IPUIPlugin:80 - create IPUIPlugin
2026-07-30 09:37:13,298 [INFO] IPUIPlugin:80 - create IPUIPlugin
2026-07-30 09:37:13,298 [INFO] IPUIPlugin:80 - create IPUIPlugin
2026-07-30 09:37:13,299 [INFO] IPUIPlugin:80 - create IPUIPlugin
2026-07-30 09:37:13,299 [INFO] IPUIPlugin:80 - create IPUIPlugin
2026-07-30 09:37:13,299 [INFO] IPUIPlugin:80 - create IPUIPlugin
2026-07-30 09:37:13,299 [INFO] IPUIPlugin:80 - create IPUIPlugin
2026-07-30 09:37:13,299 [INFO] IPUIPlugin:80 - create IPUIPlugin
2026-07-30 09:37:13,300 [INFO] IPUIPlugin:80 - create IPUIPlugin
2026-07-30 09:37:13,300 [INFO] IPUIPlugin:80 - create IPUIPlugin
2026-07-30 09:37:13,300 [INFO] IPUIPlugin:80 - create IPUIPlugin
2026-07-30 09:37:13,300 [INFO] IPUIPlugin:80 - create IPUIPlugin
2026-07-30 09:37:13,301 [INFO] IPUIPlugin:80 - create IPUIPlugin
2026-07-30 09:37:13,301 [INFO] IPUIPlugin:80 - create IPUIPlugin
2026-07-30 09:37:13,301 [INFO] IPUIPlugin:80 - create IPUIPlugin
2026-07-30 09:37:13,301 [INFO] IPUIPlugin:80 - create IPUIPlugin
2026-07-30 09:37:13,302 [INFO] IPUIPlugin:80 - create IPUIPlugin
2026-07-30 09:37:13,302 [INFO] IPUIPlugin:80 - create IPUIPlugin
2026-07-30 09:37:13,302 [INFO] IPUIPlugin:80 - create IPUIPlugin
2026-07-30 09:37:13,302 [INFO] IPUIPlugin:80 - create IPUIPlugin
2026-07-30 09:37:13,303 [INFO] IPUIPlugin:80 - create IPUIPlugin
2026-07-30 09:37:13,303 [INFO] IPUIPlugin:80 - create IPUIPlugin
2026-07-30 09:37:13,303 [INFO] IPUIPlugin:80 - create IPUIPlugin
2026-07-30 09:37:13,303 [INFO] IPUIPlugin:80 - create IPUIPlugin
2026-07-30 09:37:13,304 [INFO] IPUIPlugin:80 - create IPUIPlugin
2026-07-30 09:37:13,304 [INFO] IPUIPlugin:80 - create IPUIPlugin
2026-07-30 09:37:13,304 [INFO] IPUIPlugin:80 - create IPUIPlugin
2026-07-30 09:37:13,304 [INFO] IPUIPlugin:80 - create IPUIPlugin
2026-07-30 09:37:13,305 [INFO] IPUIPlugin:80 - create IPUIPlugin
2026-07-30 09:37:13,305 [INFO] IPUIPlugin:80 - create IPUIPlugin
2026-07-30 09:37:13,305 [INFO] IPUIPlugin:80 - create IPUIPlugin
2026-07-30 09:37:13,305 [INFO] IPUIPlugin:80 - create IPUIPlugin
2026-07-30 09:37:13,306 [INFO] IPUIPlugin:80 - create IPUIPlugin
2026-07-30 09:37:13,306 [INFO] IPUIPlugin:80 - create IPUIPlugin
2026-07-30 09:37:13,307 [INFO] IPUIPlugin:80 - create IPUIPlugin
2026-07-30 09:37:13,307 [INFO] IPUIPlugin:80 - create IPUIPlugin
2026-07-30 09:37:13,308 [INFO] IPUIPlugin:80 - create IPUIPlugin
2026-07-30 09:37:13,308 [INFO] IPUIPlugin:80 - create IPUIPlugin
2026-07-30 09:37:13,308 [INFO] IPUIPlugin:80 - create IPUIPlugin
2026-07-30 09:37:13,309 [INFO] IPUIPlugin:80 - create IPUIPlugin
2026-07-30 09:37:13,309 [INFO] IPUIPlugin:80 - create IPUIPlugin
2026-07-30 09:37:13,310 [INFO] IPUIPlugin:80 - create IPUIPlugin
2026-07-30 09:37:13,310 [INFO] IPUIPlugin:80 - create IPUIPlugin
2026-07-30 09:37:13,310 [INFO] IPUIPlugin:80 - create IPUIPlugin
2026-07-30 09:37:13,311 [INFO] IPUIPlugin:80 - create IPUIPlugin
2026-07-30 09:37:13,312 [INFO] IPUIPlugin:80 - create IPUIPlugin
2026-07-30 09:37:13,755 [INFO] CADModel:165 - CPN selected for project levelSTM32L4S5VIT6
2026-07-30 09:37:13,756 [INFO] CADModel:114 - Register for checkConnection events
2026-07-30 09:37:13,808 [INFO] OpenFileManager:386 - Restore cursor
2026-07-30 09:37:14,361 [WARN] IP:2250 - MaxTran not found: check if there is a RefParameter without a condition.
2026-07-30 09:37:14,361 [WARN] IP:2250 - Refresh not found: check if there is a RefParameter without a condition.
2026-07-30 09:37:14,363 [WARN] IP:2250 - MaxTran not found: check if there is a RefParameter without a condition.
2026-07-30 09:37:14,363 [WARN] IP:2250 - Refresh not found: check if there is a RefParameter without a condition.
2026-07-30 09:37:19,134 [INFO] UtilMem:75 - End SaveConfig() Used Memory: 861435528 Bytes (1073741824)
2026-07-30 09:37:19,306 [INFO] UtilMem:75 - End SaveConfig() Used Memory: 880077520 Bytes (1073741824)
2026-07-30 09:37:20,035 [INFO] BlockDiagram:2775 - set Specific Code input for plugin: SPI
2026-07-30 09:37:20,036 [INFO] BlockDiagram:2775 - set Specific Code input for plugin: SPI
2026-07-30 09:37:20,036 [INFO] BlockDiagram:2775 - set Specific Code input for plugin: DFSDM
2026-07-30 09:37:20,036 [INFO] BlockDiagram:2775 - set Specific Code input for plugin: SYS
2026-07-30 09:37:20,036 [INFO] BlockDiagram:2775 - set Specific Code input for plugin: ADC
2026-07-30 09:37:20,036 [INFO] BlockDiagram:2775 - set Specific Code input for plugin: RCC
2026-07-30 09:37:20,036 [INFO] BlockDiagram:2775 - set Specific Code input for plugin: I2C
2026-07-30 09:37:20,036 [INFO] BlockDiagram:2775 - set Specific Code input for plugin: I2C
2026-07-30 09:37:20,036 [INFO] BlockDiagram:2775 - set Specific Code input for plugin: USB_OTG_FS
2026-07-30 09:37:20,036 [INFO] BlockDiagram:2775 - set Specific Code input for plugin: NVIC
2026-07-30 09:37:20,036 [INFO] BlockDiagram:2775 - set Specific Code input for plugin: USART
2026-07-30 09:37:20,036 [INFO] BlockDiagram:2775 - set Specific Code input for plugin: USART
2026-07-30 09:37:20,036 [INFO] BlockDiagram:2775 - set Specific Code input for plugin: USART
2026-07-30 09:37:20,036 [INFO] BlockDiagram:2775 - set Specific Code input for plugin: OCTOSPI
2026-07-30 09:37:20,036 [INFO] BlockDiagram:2775 - set Specific Code input for plugin: UART
2026-07-30 09:37:20,037 [INFO] BlockDiagram:2775 - set Specific Code input for plugin: GPIO
2026-07-30 09:37:20,039 [INFO] CodeGenerator:892 - code generatio: config db path: C:\ST\STM32CubeIDE_1.19.0\STM32CubeIDE\plugins\com.st.stm32cube.common.mx_6.15.0.202507011659\\db\
2026-07-30 09:37:20,123 [WARN] IP:2250 - MaxTran not found: check if there is a RefParameter without a condition.
2026-07-30 09:37:20,123 [WARN] IP:2250 - Refresh not found: check if there is a RefParameter without a condition.
2026-07-30 09:37:20,431 [INFO] CodeEngine:265 - oldGeneratedFile, D:\TinyML_GJ\TinyML_Workshop\STM32\Interfacing_onboard\MXTmpFiles\license.tmp_save
2026-07-30 09:37:21,082 [INFO] CodeEngine:289 - Generated code: D:\TinyML_GJ\TinyML_Workshop\STM32\Interfacing_onboard\MXTmpFiles\license.tmp
2026-07-30 09:37:21,666 [INFO] CodeEngine:265 - oldGeneratedFile, D:\TinyML_GJ\TinyML_Workshop\STM32\Interfacing_onboard\MXTmpFiles\gpio.tmp_save
2026-07-30 09:37:22,057 [INFO] CodeEngine:289 - Generated code: D:\TinyML_GJ\TinyML_Workshop\STM32\Interfacing_onboard\MXTmpFiles\gpio.tmp
2026-07-30 09:37:25,238 [WARN] IPConfigManager:103 - WARNING: Missing Config File for USB ip!!
2026-07-30 09:37:25,436 [WARN] IPConfigManager:3238 - Warning: the RefConfig PWREx_EnableUSBVoltageDetector is not available in your config.xml file
2026-07-30 09:37:25,472 [INFO] CodeEngine:265 - oldGeneratedFile, D:\TinyML_GJ\TinyML_Workshop\STM32\Interfacing_onboard\Core\Src\stm32l4xx_it.c_save
2026-07-30 09:37:25,754 [INFO] CodeEngine:289 - Generated code: D:\TinyML_GJ\TinyML_Workshop\STM32\Interfacing_onboard\Core\Src\stm32l4xx_it.c
2026-07-30 09:37:25,779 [INFO] CodeEngine:265 - oldGeneratedFile, D:\TinyML_GJ\TinyML_Workshop\STM32\Interfacing_onboard\Core\Inc\stm32l4xx_it.h_save
2026-07-30 09:37:25,904 [INFO] CodeEngine:289 - Generated code: D:\TinyML_GJ\TinyML_Workshop\STM32\Interfacing_onboard\Core\Inc\stm32l4xx_it.h
2026-07-30 09:37:25,939 [INFO] CodeEngine:265 - oldGeneratedFile, D:\TinyML_GJ\TinyML_Workshop\STM32\Interfacing_onboard\Core\Src\stm32l4xx_hal_msp.c_save
2026-07-30 09:37:26,262 [INFO] CodeEngine:289 - Generated code: D:\TinyML_GJ\TinyML_Workshop\STM32\Interfacing_onboard\Core\Src\stm32l4xx_hal_msp.c
2026-07-30 09:37:26,284 [INFO] CodeEngine:265 - oldGeneratedFile, D:\TinyML_GJ\TinyML_Workshop\STM32\Interfacing_onboard\MXTmpFiles\system.tmp_save
2026-07-30 09:37:26,395 [INFO] CodeEngine:289 - Generated code: D:\TinyML_GJ\TinyML_Workshop\STM32\Interfacing_onboard\MXTmpFiles\system.tmp
2026-07-30 09:37:26,421 [INFO] CodeEngine:321 - oldGeneratedFile, D:\TinyML_GJ\TinyML_Workshop\STM32\Interfacing_onboard\Core\Inc\stm32l4xx_hal_conf.h_save
2026-07-30 09:37:26,613 [INFO] CodeEngine:345 - Generated code: D:\TinyML_GJ\TinyML_Workshop\STM32\Interfacing_onboard\Core\Inc\stm32l4xx_hal_conf.h
2026-07-30 09:37:26,698 [INFO] ApiDbMcu:532 - Load IP Config File for ADC1
2026-07-30 09:37:26,718 [INFO] ApiDbMcu:532 - Load IP Config File for DFSDM1
2026-07-30 09:37:26,724 [INFO] ApiDbMcu:532 - Load IP Config File for I2C1
2026-07-30 09:37:26,727 [INFO] ApiDbMcu:532 - Load IP Config File for I2C2
2026-07-30 09:37:26,731 [INFO] ApiDbMcu:532 - Load IP Config File for OCTOSPI1
2026-07-30 09:37:26,734 [INFO] ApiDbMcu:532 - Load IP Config File for SPI1
2026-07-30 09:37:26,737 [INFO] ApiDbMcu:532 - Load IP Config File for SPI3
2026-07-30 09:37:26,750 [INFO] ApiDbMcu:532 - Load IP Config File for UART4
2026-07-30 09:37:26,764 [INFO] ApiDbMcu:532 - Load IP Config File for USART1
2026-07-30 09:37:26,776 [INFO] ApiDbMcu:532 - Load IP Config File for USART2
2026-07-30 09:37:26,789 [INFO] ApiDbMcu:532 - Load IP Config File for USART3
2026-07-30 09:37:26,790 [ERROR] ApiDbMcu:560 - Cannot parse USB_OTG_FS_Config file : file do not exist
2026-07-30 09:37:26,791 [ERROR] ApiDbMcu:560 - Cannot parse USB_OTG_FS_Config file : file do not exist
2026-07-30 09:37:26,794 [INFO] ApiDbMcu:532 - Load IP Config File for RCC
2026-07-30 09:37:26,799 [WARN] IPConfigManager:3811 - IP not found : USB_OTG
2026-07-30 09:37:26,802 [WARN] CodeGenerator:4259 - IP not found : null
2026-07-30 09:37:26,811 [INFO] CodeEngine:265 - oldGeneratedFile, D:\TinyML_GJ\TinyML_Workshop\STM32\Interfacing_onboard\Core\Inc\main.h_save
2026-07-30 09:37:27,088 [INFO] CodeEngine:289 - Generated code: D:\TinyML_GJ\TinyML_Workshop\STM32\Interfacing_onboard\Core\Inc\main.h
2026-07-30 09:37:27,127 [INFO] CodeEngine:265 - oldGeneratedFile, D:\TinyML_GJ\TinyML_Workshop\STM32\Interfacing_onboard\Core\Src\main.c_save
2026-07-30 09:37:27,458 [INFO] CodeEngine:289 - Generated code: D:\TinyML_GJ\TinyML_Workshop\STM32\Interfacing_onboard\Core\Src\main.c
2026-07-30 09:37:28,034 [INFO] ProjectBuilder:3606 - Time for Copy HAL[1] : 262mS.
2026-07-30 09:37:28,047 [INFO] ProjectBuilder:5216 - Project Generator version: 4.7.0-B52
2026-07-30 09:37:28,186 [INFO] ConfigFileManager:1595 - The Die is : DIE470
2026-07-30 09:37:28,221 [INFO] ApiDbMcu:532 - Load IP Config File for FATFS
2026-07-30 09:37:28,245 [INFO] ApiDbMcu:532 - Load IP Config File for FREERTOS
2026-07-30 09:37:28,295 [INFO] ApiDbMcu:532 - Load IP Config File for TOUCHSENSING
2026-07-30 09:37:28,321 [INFO] ApiDbMcu:532 - Load IP Config File for USB_DEVICE
2026-07-30 09:37:28,344 [INFO] ApiDbMcu:532 - Load IP Config File for USB_HOST
2026-07-30 09:37:29,689 [INFO] LogOutputStream:77 - [STDOUT_REDIRECT] 
2026-07-30 09:37:35,905 [INFO] ProjectBuilder:5496 - Time for Generating toolchain IDE Files: 7858mS.
2026-07-30 09:37:35,907 [INFO] ProjectBuilder:3463 - Time for Copy CMSIS : 0mS.
2026-07-30 09:37:35,908 [INFO] ProjectBuilder:3463 - Time for Copy CMSIS : 0mS.
2026-07-30 09:37:38,048 [INFO] McuFinderGlobals:76 - Set McuFinderConnectedMode to true
2026-07-30 09:37:38,053 [INFO] ApiDb:448 - Save user favorites file C:\Users\ADMIN/.stm32cubeide/favorites.mcus.txt: 0 item(s)
2026-07-30 09:37:38,053 [INFO] ApiDb:452 - User favorites MCUs=[]
2026-07-30 09:37:38,056 [INFO] ApiDb:448 - Save user favorites file C:\Users\ADMIN/.stm32cubeide/favorites.boards.txt: 1 item(s)
2026-07-30 09:37:38,056 [INFO] ApiDb:452 - User favorites Boards=[B-L4S5I-IOT01A]
2026-07-30 09:38:52,913 [INFO] I2cTimingTraitement:330 - 0x30A175AB
2026-07-30 09:39:30,228 [INFO] I2cTimingTraitement:330 - 0x30A175AB
2026-07-30 09:39:36,998 [INFO] I2cTimingTraitement:330 - 0x30A175AB
2026-07-30 09:40:01,121 [INFO] UtilMem:75 - End SaveConfig() Used Memory: 928316488 Bytes (1073741824)
2026-07-30 09:40:02,928 [INFO] UtilMem:75 - End SaveConfig() Used Memory: 798654936 Bytes (1073741824)
2026-07-30 09:40:04,782 [INFO] UtilMem:75 - End SaveConfig() Used Memory: 855533776 Bytes (1073741824)
2026-07-30 09:40:05,049 [INFO] BlockDiagram:2775 - set Specific Code input for plugin: SYS
2026-07-30 09:40:05,050 [INFO] BlockDiagram:2775 - set Specific Code input for plugin: RCC
2026-07-30 09:40:05,050 [INFO] BlockDiagram:2775 - set Specific Code input for plugin: I2C
2026-07-30 09:40:05,050 [INFO] BlockDiagram:2775 - set Specific Code input for plugin: NVIC
2026-07-30 09:40:05,050 [INFO] BlockDiagram:2775 - set Specific Code input for plugin: USART
2026-07-30 09:40:05,051 [INFO] BlockDiagram:2775 - set Specific Code input for plugin: GPIO
2026-07-30 09:40:05,053 [INFO] CodeGenerator:892 - code generatio: config db path: C:\ST\STM32CubeIDE_1.19.0\STM32CubeIDE\plugins\com.st.stm32cube.common.mx_6.15.0.202507011659\\db\
2026-07-30 09:40:05,160 [INFO] CodeEngine:265 - oldGeneratedFile, D:\TinyML_GJ\TinyML_Workshop\STM32\Interfacing_onboard\MXTmpFiles\license.tmp_save
2026-07-30 09:40:05,503 [INFO] CodeEngine:289 - Generated code: D:\TinyML_GJ\TinyML_Workshop\STM32\Interfacing_onboard\MXTmpFiles\license.tmp
2026-07-30 09:40:05,536 [INFO] CodeEngine:265 - oldGeneratedFile, D:\TinyML_GJ\TinyML_Workshop\STM32\Interfacing_onboard\MXTmpFiles\gpio.tmp_save
2026-07-30 09:40:05,810 [INFO] CodeEngine:289 - Generated code: D:\TinyML_GJ\TinyML_Workshop\STM32\Interfacing_onboard\MXTmpFiles\gpio.tmp
2026-07-30 09:40:05,936 [INFO] CodeEngine:265 - oldGeneratedFile, D:\TinyML_GJ\TinyML_Workshop\STM32\Interfacing_onboard\Core\Src\stm32l4xx_it.c_save
2026-07-30 09:40:06,230 [INFO] CodeEngine:289 - Generated code: D:\TinyML_GJ\TinyML_Workshop\STM32\Interfacing_onboard\Core\Src\stm32l4xx_it.c
2026-07-30 09:40:06,238 [INFO] CodeEngine:265 - oldGeneratedFile, D:\TinyML_GJ\TinyML_Workshop\STM32\Interfacing_onboard\Core\Inc\stm32l4xx_it.h_save
2026-07-30 09:40:06,388 [INFO] CodeEngine:289 - Generated code: D:\TinyML_GJ\TinyML_Workshop\STM32\Interfacing_onboard\Core\Inc\stm32l4xx_it.h
2026-07-30 09:40:06,409 [INFO] CodeEngine:265 - oldGeneratedFile, D:\TinyML_GJ\TinyML_Workshop\STM32\Interfacing_onboard\Core\Src\stm32l4xx_hal_msp.c_save
2026-07-30 09:40:06,765 [INFO] CodeEngine:289 - Generated code: D:\TinyML_GJ\TinyML_Workshop\STM32\Interfacing_onboard\Core\Src\stm32l4xx_hal_msp.c
2026-07-30 09:40:06,773 [INFO] CodeEngine:265 - oldGeneratedFile, D:\TinyML_GJ\TinyML_Workshop\STM32\Interfacing_onboard\MXTmpFiles\system.tmp_save
2026-07-30 09:40:06,885 [INFO] CodeEngine:289 - Generated code: D:\TinyML_GJ\TinyML_Workshop\STM32\Interfacing_onboard\MXTmpFiles\system.tmp
2026-07-30 09:40:06,901 [INFO] CodeEngine:321 - oldGeneratedFile, D:\TinyML_GJ\TinyML_Workshop\STM32\Interfacing_onboard\Core\Inc\stm32l4xx_hal_conf.h_save
2026-07-30 09:40:07,121 [INFO] CodeEngine:345 - Generated code: D:\TinyML_GJ\TinyML_Workshop\STM32\Interfacing_onboard\Core\Inc\stm32l4xx_hal_conf.h
2026-07-30 09:40:07,165 [INFO] CodeEngine:265 - oldGeneratedFile, D:\TinyML_GJ\TinyML_Workshop\STM32\Interfacing_onboard\Core\Inc\main.h_save
2026-07-30 09:40:07,393 [INFO] CodeEngine:289 - Generated code: D:\TinyML_GJ\TinyML_Workshop\STM32\Interfacing_onboard\Core\Inc\main.h
2026-07-30 09:40:07,401 [INFO] CodeEngine:265 - oldGeneratedFile, D:\TinyML_GJ\TinyML_Workshop\STM32\Interfacing_onboard\Core\Src\main.c_save
2026-07-30 09:40:07,619 [INFO] CodeEngine:289 - Generated code: D:\TinyML_GJ\TinyML_Workshop\STM32\Interfacing_onboard\Core\Src\main.c
2026-07-30 09:40:08,007 [INFO] ProjectBuilder:3606 - Time for Copy HAL[1] : 203mS.
2026-07-30 09:40:08,013 [INFO] ProjectBuilder:5216 - Project Generator version: 4.7.0-B52
2026-07-30 09:40:08,143 [INFO] ConfigFileManager:1595 - The Die is : DIE470
2026-07-30 09:40:10,344 [INFO] ProjectBuilder:5496 - Time for Generating toolchain IDE Files: 2332mS.
2026-07-30 09:40:10,347 [INFO] ProjectBuilder:3463 - Time for Copy CMSIS : 1mS.
2026-07-30 09:40:10,349 [INFO] ProjectBuilder:3463 - Time for Copy CMSIS : 0mS.
2026-07-30 12:10:17,274 [INFO] MainUpdater:2872 - connection check result : 10
2026-07-30 12:10:17,275 [INFO] McuFinderGlobals:76 - Set McuFinderConnectedMode to true
2026-07-30 12:10:17,747 [INFO] ServerAccessManage:452 - Complete download http(s) 200
2026-07-30 12:10:17,749 [INFO] ServerAccessManage:509 - Download File mcusAds.json._tmp_
2026-07-30 12:10:17,905 [INFO] LoadUrlFilesThread:156 - End of LoadUrlFiles Thread
2026-07-30 12:10:18,283 [INFO] ServerAccessManage:452 - Complete download http(s) 200
2026-07-30 12:10:18,283 [INFO] ServerAccessManage:509 - Download File cube-finder-db.zip
2026-07-30 12:11:04,279 [INFO] FileExtend:248 - Unzip File : cube-finder-db.zip
2026-07-30 12:11:04,280 [INFO] FileExtend:263 - Standard Zip Deflate
2026-07-30 12:11:05,776 [INFO] LoadUrlFilesThread:156 - End of LoadUrlFiles Thread
2026-07-30 12:11:27,026 [ERROR] ServerAccessManage:1295 - Problem during Server Connection :  IO error Connection timed out: getsockopt
2026-07-30 12:11:27,027 [ERROR] ServerAccessManage:740 - Problem during Server Connection :  : crdb.zip.
2026-07-30 12:11:29,747 [INFO] LoadUrlFilesThread:156 - End of LoadUrlFiles Thread
2026-07-30 12:11:30,669 [INFO] DbMcusAds:53 - JSON generation date=Wed Jul 15 15:16:00 IST 2026 (1784108760991)
2026-07-30 12:11:30,676 [INFO] ApiDb:448 - Save user favorites file C:\Users\ADMIN/.stm32cubeide/favorites.mcus.txt: 0 item(s)
2026-07-30 12:11:30,677 [INFO] ApiDb:452 - User favorites MCUs=[]
2026-07-30 12:11:30,687 [INFO] ApiDb:581 - Connected to CubeFinder SQLite database (C:\Users\ADMIN\.stmcufinder\plugins\mcufinder\mcu\cube-finder-db.db)
2026-07-30 12:11:30,795 [INFO] ApiDb:668 - CubeFinder database Data Model version=2.1
2026-07-30 12:11:30,795 [INFO] ApiDb:669 - CubeFinder database Configuration version=3.0.42
2026-07-30 12:11:30,795 [INFO] ApiDb:670 - CubeFinder database generation date=2026-06-23 (1782213372)
2026-07-30 12:11:30,795 [INFO] ApiDb:671 - CubeFinder database FW Pack versions=[FP-ATR-ASTRA1_V2.0.0, FP-SNS-FLIGHT1_V5.1.0, FP-SNS-MOTENV1_V5.1.0, FP-SNS-MOTENVWB1_V1.5.0, FP-SNS-SMARTAG2_V1.2.0, FP-SNS-STBOX1_V2.1.0, STM32Cube_FW_C0_V1.4.0, STM32Cube_FW_F4_V1.28.3, STM32Cube_FW_F7_V1.17.4, STM32Cube_FW_G0_V1.6.3, STM32Cube_FW_G4_V1.6.2, STM32Cube_FW_H5_V1.7.0, STM32Cube_FW_H7RS_V1.3.0, STM32Cube_FW_H7_V1.13.0, STM32Cube_FW_L0_V1.12.2, STM32Cube_FW_L4_V1.18.2, STM32Cube_FW_L5_V1.6.0, STM32Cube_FW_N6_V1.4.0, STM32Cube_FW_U0_V1.3.0, STM32Cube_FW_U3_V1.4.0, STM32Cube_FW_U5_V1.9.0, STM32Cube_FW_WB0_V1.5.0, STM32Cube_FW_WBA_V1.10.0, STM32Cube_FW_WB_V1.24.0, STM32Cube_FW_WL3_V1.5.0, STM32Cube_FW_WL_V1.6.0, X-CUBE-ALGOBUILD_V1.5.0, X-CUBE-ALS_V1.0.2, X-CUBE-AZRTOS-F4_V1.1.0, X-CUBE-AZRTOS-F7_V1.1.0, X-CUBE-AZRTOS-G0_V1.1.0, X-CUBE-AZRTOS-G4_V2.0.0, X-CUBE-AZRTOS-H7RS_V1.1.0, X-CUBE-AZRTOS-H7_V3.5.0, X-CUBE-AZRTOS-L4_V2.0.0, X-CUBE-AZRTOS-L5_V2.0.0, X-CUBE-AZRTOS-WB_V2.0.0, X-CUBE-AZRTOS-WL_V2.0.0, X-CUBE-BLE1_V7.1.0, X-CUBE-BLE2_V3.3.0, X-CUBE-BLEMGR_V4.1.0, X-CUBE-EEPRMA1_V5.2.0, X-CUBE-FREERTOS_V1.5.0, X-CUBE-GNSS1_V7.1.1, X-CUBE-MEMS1_V12.1.0, X-CUBE-NFC4_V3.0.0, X-CUBE-NFC7_V2.0.0, X-CUBE-SFXS2LP1_V4.0.0, X-CUBE-ST67W61_V1.3.0, X-CUBE-SUBG2_V5.0.0, X-CUBE-TOF1_V3.4.3]
2026-07-30 12:11:34,228 [INFO] ApiDb:240 - Found 880 in-development CPN: [B-G473E-ZEST1S, B-WB1M-WPAN1, B-WBA5M-WPAN, B-WL5M-SUBG1, NUCLEO-C031C6, NUCLEO-C051C8, NUCLEO-C071RB, NUCLEO-C092RC, NUCLEO-H503RB, NUCLEO-H533RE, NUCLEO-H563ZI, NUCLEO-H7S3L8, NUCLEO-N657X0-Q, NUCLEO-U031R8, NUCLEO-U083RC, NUCLEO-U385RG-Q, NUCLEO-U545RE-Q, NUCLEO-U5A5ZJ-Q, NUCLEO-WB05KZ, NUCLEO-WB07CC, NUCLEO-WB09KE, NUCLEO-WBA52CG, NUCLEO-WBA55CG, NUCLEO-WL33CC1, NUCLEO-WL33CC2, STEVAL-PROTEUS1, STEVAL-SMARTAG2, STEVAL-STWINBX1, STM320518-EVAL, STM32C0116-DK, STM32C011D6Y3TR, STM32C011D6Y6TR, STM32C011F4P3, STM32C011F4P6, STM32C011F4U3, STM32C011F4U6TR, STM32C011F6P3, STM32C011F6P6, STM32C011F6U3, STM32C011F6U6TR, STM32C011J4M3, STM32C011J4M6, STM32C011J6M3, STM32C011J6M6, STM32C0316-DK, STM32C031C4T3, STM32C031C4T6, STM32C031C4U3, STM32C031C4U6, STM32C031C6T3, STM32C031C6T6, STM32C031C6U3, STM32C031C6U6, STM32C031F4P3, STM32C031F4P6, STM32C031F6P3, STM32C031F6P6, STM32C031G4U3, STM32C031G4U6, STM32C031G6U3, STM32C031G6U6, STM32C031K4T3, STM32C031K4T6, STM32C031K4U3, STM32C031K4U6, STM32C031K6T3, STM32C031K6T6, STM32C031K6U3, STM32C031K6U6, STM32C051C6T6, STM32C051C6U6, STM32C051C8T6, STM32C051C8U6, STM32C051D8Y6TR, STM32C051F6P6, STM32C051F8P6, STM32C051G6U6, STM32C051G8U6, STM32C051K6T6, STM32C051K6U6, STM32C051K8T6, STM32C071C8T6, STM32C071C8T6N, STM32C071C8U6, STM32C071C8U6N, STM32C071CBT6, STM32C071CBT6N, STM32C071CBU6, STM32C071CBU6N, STM32C071F8P6, STM32C071F8P6N, STM32C071FBP6, STM32C071FBP6N, STM32C071FBY6TR, STM32C071G8U6, STM32C071G8U6N, STM32C071GBU6, STM32C071GBU6N, STM32C071K8T6, STM32C071K8T6N, STM32C071K8U6, STM32C071K8U6N, STM32C071KBT6, STM32C071KBT6N, STM32C071KBU6, STM32C071KBU6N, STM32C071R8T6, STM32C071R8T6N, STM32C071RBI6N, STM32C071RBT6, STM32C071RBT6N, STM32C091CBT6, STM32C091CBU6, STM32C091CCT6, STM32C091CCU6, STM32C091ECY6TR, STM32C091FBP6, STM32C091FCP6, STM32C091GBU6, STM32C091GCU6, STM32C091KBT6, STM32C091KBU6, STM32C091KCT6, STM32C091KCU6, STM32C091RBT6, STM32C091RCI6, STM32C091RCT6, STM32C092CBT6, STM32C092CBU6, STM32C092CCT6, STM32C092CCU6, STM32C092ECY6TR, STM32C092FBP6, STM32C092FCP6, STM32C092GBU6, STM32C092GCU6, STM32C092KBT6, STM32C092KBU6, STM32C092KCT6, STM32C092KCU6, STM32C092RBT6, STM32C092RCI6, STM32C092RCT6, STM32G071K8TXN, STM32G071K8UXN, STM32G081GBU6N, STM32G081KBT6N, STM32G081KBUXN, STM32G0B1CCT6N, STM32G0B1KCT6, STM32G0B1NEY6TR, STM32G0B1RCT6N, STM32G0C1CCT6, STM32G0C1CCT6N, STM32G0C1CCU6N, STM32G0C1CET6N, STM32G0C1CEU6N, STM32G0C1KCT6, STM32G0C1NEY6TR, STM32G0C1RCI6N, STM32G0C1RCT6N, STM32G0C1REI6N, STM32G0C1RET6N, STM32G0C1VCI6, STM32G0C1VEI6, STM32G411C6T3, STM32G411C6T6, STM32G411C6U3, STM32G411C6U6, STM32G411C8T3, STM32G411C8T6, STM32G411C8U3, STM32G411C8U6, STM32G411CBT3, STM32G411CBT6, STM32G411CBU3, STM32G411CBU6, STM32G411K6T3, STM32G411K6T6, STM32G411K6U3, STM32G411K6U6, STM32G411K8T3, STM32G411K8T6, STM32G411K8U3, STM32G411K8U6, STM32G411KBT3, STM32G411KBT6, STM32G411KBU3, STM32G411KBU6, STM32G411M6T3, STM32G411M6T6, STM32G411M8T3, STM32G411M8T6, STM32G411MBT3, STM32G411MBT6, STM32G411R6T3, STM32G411R6T6, STM32G411R8T3, STM32G411R8T6, STM32G411RBT3, STM32G411RBT6, STM32G414CBT3, STM32G414CBT6, STM32G414CBU3, STM32G414CBU6, STM32G414CCT3, STM32G414CCT6, STM32G414CCU3, STM32G414CCU6, STM32G414MBT3, STM32G414MBT6, STM32G414MCT3, STM32G414MCT6, STM32G414RBT3, STM32G414RBT6, STM32G414RCT3, STM32G414RCT6, STM32G414VBT3, STM32G414VBT6, STM32G414VCT3, STM32G414VCT6, STM32G431CBT3Z, STM32G431RBT3Z, STM32G471CCT6, STM32G471CCU6, STM32G471CET3, STM32G471CET6, STM32G471CEU3, STM32G471CEU6, STM32G471MCT6, STM32G471MET3, STM32G471MET6, STM32G471MEY6TR, STM32G471QCT6, STM32G471QET3, STM32G471RCT6, STM32G471RET3, STM32G471RET6, STM32G471VCH6, STM32G471VCI6, STM32G471VCT6, STM32G471VEH3, STM32G471VEH6, STM32G471VEI3, STM32G471VEI6, STM32G471VET3, STM32G471VET6, STM32G473QET3Z, STM32G473RET3Z, STM32G474CCT6, STM32G491RET3Z, STM32H503CBT6, STM32H503CBU6, STM32H503EBY6TR, STM32H503KBU6, STM32H503RBT6, STM32H523CCT6, STM32H523CCU6, STM32H523CET6, STM32H523CEU6, STM32H523HEY6TR, STM32H523RCT6, STM32H523RET6, STM32H523VCI6, STM32H523VCT6, STM32H523VEI6, STM32H523VET6, STM32H523ZCJ6, STM32H523ZCT6, STM32H523ZEJ6, STM32H523ZET6, STM32H533CET6, STM32H533CEU6, STM32H533HEY6TR, STM32H533RET6, STM32H533VEI6, STM32H533VET6, STM32H533ZEJ6, STM32H533ZET6, STM32H562AGI6, STM32H562AII6, STM32H562IGK6, STM32H562IGT6, STM32H562IIK6, STM32H562IIT6, STM32H562RGT6, STM32H562RGV6, STM32H562RIT6, STM32H562RIV6, STM32H562VGT6, STM32H562VIT6, STM32H562ZGT6, STM32H562ZIT6, STM32H563AGI6, STM32H563AII3Q, STM32H563AII6, STM32H563IGK6, STM32H563IGT6, STM32H563IIK3Q, STM32H563IIK6, STM32H563IIT3Q, STM32H563IIT6, STM32H563MIY3QTR, STM32H563RGT6, STM32H563RGV6, STM32H563RIT6, STM32H563RIV6, STM32H563VGT6, STM32H563VIT3Q, STM32H563VIT6, STM32H563ZGT6, STM32H563ZIT3Q, STM32H563ZIT6, STM32H573AII3Q, STM32H573AII6, STM32H573I-DK, STM32H573IIK3Q, STM32H573IIK6, STM32H573IIT3Q, STM32H573IIT6, STM32H573MIY3QTR, STM32H573RIT6, STM32H573RIV6, STM32H573VIT3Q, STM32H573VIT6, STM32H573ZIT3Q, STM32H573ZIT6, STM32H7R3A8I6, STM32H7R3I8K6, STM32H7R3I8T6, STM32H7R3L8H6, STM32H7R3L8H6H, STM32H7R3R8V6, STM32H7R3V8H6, STM32H7R3V8T6, STM32H7R3V8Y6TR, STM32H7R3Z8J6, STM32H7R3Z8T6, STM32H7R7A8I6, STM32H7R7I8K6, STM32H7R7I8T6, STM32H7R7L8H6, STM32H7R7L8H6H, STM32H7R7Z8J6, STM32H7S3A8I6, STM32H7S3I8K6, STM32H7S3I8T6, STM32H7S3L8H6, STM32H7S3L8H6H, STM32H7S3R8V6, STM32H7S3V8H6, STM32H7S3V8T6, STM32H7S3V8Y6TR, STM32H7S3Z8J6, STM32H7S3Z8T6, STM32H7S78-DK, STM32H7S7A8I6, STM32H7S7I8K6, STM32H7S7I8T6, STM32H7S7L8H6, STM32H7S7L8H6H, STM32H7S7Z8J6, STM32L4R5QGI6STR, STM32MP131AAE3, STM32MP131AAF3, STM32MP131AAG3, STM32MP131CAE3, STM32MP131CAF3, STM32MP131CAG3, STM32MP131DAE7, STM32MP131DAF7, STM32MP131DAG7, STM32MP131FAE7, STM32MP131FAF7, STM32MP131FAG7, STM32MP133AAE3, STM32MP133AAF3, STM32MP133AAG3, STM32MP133CAE3, STM32MP133CAF3, STM32MP133CAG3, STM32MP133DAE7, STM32MP133DAF7, STM32MP133DAG7, STM32MP133FAE7, STM32MP133FAF7, STM32MP133FAG7, STM32MP135AAE3, STM32MP135AAF3, STM32MP135AAG3, STM32MP135CAE3, STM32MP135CAF3, STM32MP135CAG3, STM32MP135DAE7, STM32MP135DAF7, STM32MP135DAG7, STM32MP135F-DK, STM32MP135FAE7, STM32MP135FAF7, STM32MP135FAF7T, STM32MP135FAF7U, STM32MP135FAG7, STM32MP211AAL3, STM32MP211AAM3, STM32MP211AAN3, STM32MP211AAO3, STM32MP211CAL3, STM32MP211CAM3, STM32MP211CAN3, STM32MP211CAO3, STM32MP211DAL3, STM32MP211DAM3, STM32MP211DAN3, STM32MP211DAO3, STM32MP211FAL3, STM32MP211FAM3, STM32MP211FAN3, STM32MP211FAO3, STM32MP213AAL3, STM32MP213AAM3, STM32MP213AAN3, STM32MP213AAO3, STM32MP213CAL3, STM32MP213CAM3, STM32MP213CAN3, STM32MP213CAO3, STM32MP213DAL3, STM32MP213DAM3, STM32MP213DAN3, STM32MP213DAO3, STM32MP213FAL3, STM32MP213FAM3, STM32MP213FAN3, STM32MP213FAO3, STM32MP215AAL3, STM32MP215AAM3, STM32MP215AAN3, STM32MP215AAO3, STM32MP215CAL3, STM32MP215CAM3, STM32MP215CAN3, STM32MP215CAO3, STM32MP215DAL3, STM32MP215DAM3, STM32MP215DAN3, STM32MP215DAO3, STM32MP215F-DK, STM32MP215FAL3, STM32MP215FAM3, STM32MP215FAN3, STM32MP215FAO3, STM32MP231AAJ3, STM32MP231AAK3, STM32MP231AAL3, STM32MP231CAJ3, STM32MP231CAK3, STM32MP231CAL3, STM32MP231DAJ3, STM32MP231DAK3, STM32MP231DAL3, STM32MP231FAJ3, STM32MP231FAK3, STM32MP231FAL3, STM32MP233AAJ3, STM32MP233AAK3, STM32MP233AAL3, STM32MP233CAJ3, STM32MP233CAK3, STM32MP233CAL3, STM32MP233DAJ3, STM32MP233DAK3, STM32MP233DAL3, STM32MP233FAJ3, STM32MP233FAK3, STM32MP233FAL3, STM32MP235AAJ3, STM32MP235AAK3, STM32MP235AAL3, STM32MP235CAJ3, STM32MP235CAK3, STM32MP235CAL3, STM32MP235DAJ3, STM32MP235DAK3, STM32MP235DAL3, STM32MP235FAJ3, STM32MP235FAK3, STM32MP235FAL3, STM32MP251AAI3, STM32MP251AAK3, STM32MP251AAL3, STM32MP251CAI3, STM32MP251CAK3, STM32MP251CAL3, STM32MP251DAI3, STM32MP251DAK3, STM32MP251DAL3, STM32MP251FAI3, STM32MP251FAK3, STM32MP251FAL3, STM32MP253AAI3, STM32MP253AAK3, STM32MP253AAL3, STM32MP253CAI3, STM32MP253CAK3, STM32MP253CAL3, STM32MP253DAI3, STM32MP253DAK3, STM32MP253DAL3, STM32MP253FAI3, STM32MP253FAK3, STM32MP253FAL3, STM32MP255AAI3, STM32MP255AAK3, STM32MP255AAL3, STM32MP255CAI3, STM32MP255CAK3, STM32MP255CAL3, STM32MP255DAI3, STM32MP255DAK3, STM32MP255DAL3, STM32MP255FAI3, STM32MP255FAK3, STM32MP255FAL3, STM32MP257AAI3, STM32MP257AAK3, STM32MP257AAL3, STM32MP257CAI3, STM32MP257CAK3, STM32MP257CAL3, STM32MP257DAI3, STM32MP257DAK3, STM32MP257DAL3, STM32MP257F-DK, STM32MP257F-EV1, STM32MP257FAI3, STM32MP257FAK3, STM32MP257FAL3, STM32N645A0H3Q, STM32N645B0H3Q, STM32N645I0H3Q, STM32N645L0H3Q, STM32N645X0H3Q, STM32N645Z0H3Q, STM32N647A0H3Q, STM32N647B0H3Q, STM32N647I0H3Q, STM32N647L0H3Q, STM32N647X0H3Q, STM32N647Z0H3Q, STM32N655A0H3Q, STM32N655B0H3Q, STM32N655I0H3Q, STM32N655L0H3Q, STM32N655X0H3Q, STM32N655Z0H3Q, STM32N6570-DK, STM32N657A0H3Q, STM32N657B0H3Q, STM32N657I0H3Q, STM32N657L0H3Q, STM32N657X0H3Q, STM32N657Z0H3Q, STM32U031C6T6, STM32U031C6U6, STM32U031C8T6, STM32U031C8U6, STM32U031F4P6, STM32U031F6P6, STM32U031F8P6, STM32U031G6Y6TR, STM32U031G8Y6TR, STM32U031K4U6, STM32U031K6U6, STM32U031K8U6, STM32U031R6I6, STM32U031R6T6, STM32U031R8I6, STM32U031R8T6, STM32U073C8T6, STM32U073C8U6, STM32U073CBT6, STM32U073CBU6, STM32U073CCT6, STM32U073CCU6, STM32U073H8Y6TR, STM32U073HBY6TR, STM32U073HCY6TR, STM32U073K8U6, STM32U073KBU6, STM32U073KCU6, STM32U073M8I6, STM32U073M8T6, STM32U073MBI6, STM32U073MBT6, STM32U073MCI6, STM32U073MCT6, STM32U073R8I6, STM32U073R8T6, STM32U073RBI6, STM32U073RBT6, STM32U073RCI6, STM32U073RCT6, STM32U083C-DK, STM32U083CCT6, STM32U083CCU6, STM32U083HCY6TR, STM32U083KCU6, STM32U083MCI6, STM32U083MCT6, STM32U083RCI6, STM32U083RCT6, STM32U375CET6, STM32U375CET6Q, STM32U375CEU6, STM32U375CEU6Q, STM32U375CEY6QTR, STM32U375CGT6, STM32U375CGT6Q, STM32U375CGU6, STM32U375CGU6Q, STM32U375CGY6QTR, STM32U375KEU6, STM32U375KGU6, STM32U375REI6, STM32U375REI6Q, STM32U375RET6, STM32U375RET6Q, STM32U375REY6GTR, STM32U375REY6QTR, STM32U375RGI6, STM32U375RGI6Q, STM32U375RGT6, STM32U375RGT6Q, STM32U375RGY6GTR, STM32U375RGY6QTR, STM32U375VEI6, STM32U375VEI6Q, STM32U375VET6, STM32U375VET6Q, STM32U375VGI6, STM32U375VGI6Q, STM32U375VGT6, STM32U375VGT6Q, STM32U385CGT6, STM32U385CGT6Q, STM32U385CGU6, STM32U385CGU6Q, STM32U385CGY6QTR, STM32U385KGU6, STM32U385RGI6, STM32U385RGI6Q, STM32U385RGT6, STM32U385RGT6Q, STM32U385RGY6GTR, STM32U385RGY6QTR, STM32U385VGI6, STM32U385VGI6Q, STM32U385VGT6, STM32U385VGT6Q, STM32U535CBT6, STM32U535CBT6Q, STM32U535CBU6, STM32U535CBU6Q, STM32U535CCT6, STM32U535CCT6Q, STM32U535CCU6, STM32U535CCU6Q, STM32U535CET6, STM32U535CET6Q, STM32U535CEU6, STM32U535CEU6Q, STM32U535JEY6QTR, STM32U535NCY6QTR, STM32U535NEY6QTR, STM32U535RBI6, STM32U535RBI6Q, STM32U535RBT6, STM32U535RBT6Q, STM32U535RCI6, STM32U535RCI6Q, STM32U535RCT6, STM32U535RCT6Q, STM32U535REI6, STM32U535REI6Q, STM32U535RET6, STM32U535RET6Q, STM32U535VCI6, STM32U535VCI6Q, STM32U535VCT6, STM32U535VCT6Q, STM32U535VEI6, STM32U535VEI6Q, STM32U535VET6, STM32U535VET6Q, STM32U545CET6, STM32U545CET6Q, STM32U545CEU6, STM32U545CEU6Q, STM32U545JEY6QTR, STM32U545NEY6QTR, STM32U545REI6, STM32U545REI6Q, STM32U545RET6, STM32U545RET6Q, STM32U545VEI6, STM32U545VEI6Q, STM32U545VET6, STM32U545VET6Q, STM32U595AIH6, STM32U595AIH6Q, STM32U595AJH6, STM32U595AJH6Q, STM32U595QII6, STM32U595QII6Q, STM32U595QJI6, STM32U595QJI6Q, STM32U595RIT6, STM32U595RIT6Q, STM32U595RJT6, STM32U595RJT6Q, STM32U595VIT6, STM32U595VIT6Q, STM32U595VJT6, STM32U595VJT6Q, STM32U595ZIT6, STM32U595ZIT6Q, STM32U595ZIY6QTR, STM32U595ZJT6, STM32U595ZJT6Q, STM32U595ZJY6QTR, STM32U599BJY6QTR, STM32U599NIH6Q, STM32U599NJH6Q, STM32U599VIT6Q, STM32U599VJT6, STM32U599VJT6Q, STM32U599ZIT6Q, STM32U599ZIY6QTR, STM32U599ZJT6Q, STM32U599ZJY6QTR, STM32U5A5AJH6, STM32U5A5AJH6Q, STM32U5A5QII3Q , STM32U5A5QJI6, STM32U5A5QJI6Q, STM32U5A5RJT6, STM32U5A5RJT6Q, STM32U5A5VJT6, STM32U5A5VJT6Q, STM32U5A5ZJT6, STM32U5A5ZJT6Q, STM32U5A5ZJY6QTR, STM32U5A9BJY6QTR, STM32U5A9J-DK, STM32U5A9NJH6Q, STM32U5A9VJT6Q, STM32U5A9ZJT6Q, STM32U5A9ZJY6QTR, STM32U5F7VIT6, STM32U5F7VIT6Q, STM32U5F7VJT6, STM32U5F7VJT6Q, STM32U5F9BJY6QTR, STM32U5F9NJH6Q, STM32U5F9VIT6Q, STM32U5F9VJT6Q, STM32U5F9ZIJ6QTR, STM32U5F9ZIT6Q, STM32U5F9ZJJ6QTR, STM32U5F9ZJT6Q, STM32U5G7VJT6, STM32U5G7VJT6Q, STM32U5G9BJY6QTR, STM32U5G9J-DK1, STM32U5G9J-DK2, STM32U5G9NJH6Q, STM32U5G9VJT6Q, STM32U5G9ZJJ6QTR, STM32U5G9ZJT6Q, STM32WB05KZV6TR, STM32WB05KZV7TR, STM32WB05TZF6TR, STM32WB05TZF7TR, STM32WB06CCF6TR, STM32WB06CCF7TR, STM32WB06CCV6TR, STM32WB06CCV7TR, STM32WB06KCV6TR, STM32WB06KCV7TR, STM32WB07CCF6TR, STM32WB07CCF7TR, STM32WB07CCV6TR, STM32WB07CCV7TR, STM32WB07KCV6TR, STM32WB07KCV7TR, STM32WB09KEV6TR, STM32WB09KEV7TR, STM32WB09TEF6TR, STM32WB09TEF7TR, STM32WB1MMCH6, STM32WBA50KGU6, STM32WBA50KGU6TR, STM32WBA52CEU6, STM32WBA52CEU6TR, STM32WBA52CEU7, STM32WBA52CEU7TR, STM32WBA52CGU6, STM32WBA52CGU6TR, STM32WBA52CGU6U, STM32WBA52CGU7, STM32WBA52CGU7TR, STM32WBA52KEU6, STM32WBA52KEU6TR, STM32WBA52KGU6, STM32WBA52KGU6TR, STM32WBA54CEU6, STM32WBA54CEU6TR, STM32WBA54CEU7, STM32WBA54CEU7TR, STM32WBA54CGU6, STM32WBA54CGU6TR, STM32WBA54CGU7, STM32WBA54CGU7TR, STM32WBA54KEU6, STM32WBA54KEU6TR, STM32WBA54KEU7, STM32WBA54KEU7TR, STM32WBA54KGU6, STM32WBA54KGU6TR, STM32WBA54KGU7, STM32WBA54KGU7TR, STM32WBA55CEU6, STM32WBA55CEU6TR, STM32WBA55CEU7, STM32WBA55CEU7TR, STM32WBA55CGU6, STM32WBA55CGU6TR, STM32WBA55CGU6U, STM32WBA55CGU7, STM32WBA55CGU7TR, STM32WBA55G-DK1, STM32WBA55HEF6, STM32WBA55HEF7, STM32WBA55HGF6, STM32WBA55HGF7, STM32WBA55UEI6, STM32WBA55UEI6TR, STM32WBA55UEI7, STM32WBA55UEI7TR, STM32WBA55UGI6, STM32WBA55UGI6TR, STM32WBA55UGI7, STM32WBA55UGI7TR, STM32WBA5MMGH6TR, STM32WBA62MGF6, STM32WBA62MIF6, STM32WBA65MGF7, STM32WBA65MIF6, STM32WBA65MIF7, STM32WL30K8V6, STM32WL30KBV6, STM32WL31C8V6, STM32WL31CBV6, STM32WL31K8V6, STM32WL31KBV6, STM32WL33C8V6, STM32WL33C8V6X, STM32WL33CBV6, STM32WL33CBV6X, STM32WL33CCV6, STM32WL33CCV6A, STM32WL33CCV6X, STM32WL33K8V7, STM32WL33K8V7X, STM32WL33KBV7 , STM32WL33KBV7X, STM32WL33KCV7, STM32WL33KCV7X, STM32WL5MOCH6, STM32WL5MOCH6TR]
2026-07-30 12:11:34,233 [INFO] DbMcus:218 - Found 5250 MCUs, 5097 are supported
2026-07-30 12:11:34,234 [INFO] ApiDb:423 - Load user favorites file C:\Users\ADMIN/.stm32cubeide/favorites.mcus.txt: 0 item(s)
2026-07-30 12:11:34,234 [INFO] ApiDb:427 - User favorites MCUs=[]
2026-07-30 12:11:34,234 [INFO] DbMcus:224 - Set 0 / 0 favorites MCUs
2026-07-30 12:11:35,017 [INFO] ApiDb:448 - Save user favorites file C:\Users\ADMIN/.stm32cubeide/favorites.boards.txt: 1 item(s)
2026-07-30 12:11:35,018 [INFO] ApiDb:452 - User favorites Boards=[B-L4S5I-IOT01A]
2026-07-30 12:11:35,020 [INFO] ApiDb:581 - Connected to CubeFinder SQLite database (C:\Users\ADMIN\.stmcufinder\plugins\mcufinder\mcu\cube-finder-db.db)
2026-07-30 12:11:35,121 [INFO] ApiDb:668 - CubeFinder database Data Model version=2.1
2026-07-30 12:11:35,122 [INFO] ApiDb:669 - CubeFinder database Configuration version=3.0.42
2026-07-30 12:11:35,122 [INFO] ApiDb:670 - CubeFinder database generation date=2026-06-23 (1782213372)
2026-07-30 12:11:35,122 [INFO] ApiDb:671 - CubeFinder database FW Pack versions=[FP-ATR-ASTRA1_V2.0.0, FP-SNS-FLIGHT1_V5.1.0, FP-SNS-MOTENV1_V5.1.0, FP-SNS-MOTENVWB1_V1.5.0, FP-SNS-SMARTAG2_V1.2.0, FP-SNS-STBOX1_V2.1.0, STM32Cube_FW_C0_V1.4.0, STM32Cube_FW_F4_V1.28.3, STM32Cube_FW_F7_V1.17.4, STM32Cube_FW_G0_V1.6.3, STM32Cube_FW_G4_V1.6.2, STM32Cube_FW_H5_V1.7.0, STM32Cube_FW_H7RS_V1.3.0, STM32Cube_FW_H7_V1.13.0, STM32Cube_FW_L0_V1.12.2, STM32Cube_FW_L4_V1.18.2, STM32Cube_FW_L5_V1.6.0, STM32Cube_FW_N6_V1.4.0, STM32Cube_FW_U0_V1.3.0, STM32Cube_FW_U3_V1.4.0, STM32Cube_FW_U5_V1.9.0, STM32Cube_FW_WB0_V1.5.0, STM32Cube_FW_WBA_V1.10.0, STM32Cube_FW_WB_V1.24.0, STM32Cube_FW_WL3_V1.5.0, STM32Cube_FW_WL_V1.6.0, X-CUBE-ALGOBUILD_V1.5.0, X-CUBE-ALS_V1.0.2, X-CUBE-AZRTOS-F4_V1.1.0, X-CUBE-AZRTOS-F7_V1.1.0, X-CUBE-AZRTOS-G0_V1.1.0, X-CUBE-AZRTOS-G4_V2.0.0, X-CUBE-AZRTOS-H7RS_V1.1.0, X-CUBE-AZRTOS-H7_V3.5.0, X-CUBE-AZRTOS-L4_V2.0.0, X-CUBE-AZRTOS-L5_V2.0.0, X-CUBE-AZRTOS-WB_V2.0.0, X-CUBE-AZRTOS-WL_V2.0.0, X-CUBE-BLE1_V7.1.0, X-CUBE-BLE2_V3.3.0, X-CUBE-BLEMGR_V4.1.0, X-CUBE-EEPRMA1_V5.2.0, X-CUBE-FREERTOS_V1.5.0, X-CUBE-GNSS1_V7.1.1, X-CUBE-MEMS1_V12.1.0, X-CUBE-NFC4_V3.0.0, X-CUBE-NFC7_V2.0.0, X-CUBE-SFXS2LP1_V4.0.0, X-CUBE-ST67W61_V1.3.0, X-CUBE-SUBG2_V5.0.0, X-CUBE-TOF1_V3.4.3]
2026-07-30 12:11:35,179 [INFO] DbBoardsSqlite:226 - include board P-NUCLEO-WB55-NUCLEO as a kit item of type 'Nucleo-64'
2026-07-30 12:11:35,179 [INFO] DbBoardsSqlite:226 - include board P-NUCLEO-WB55-USBDONGLE as a kit item of type 'Nucleo USB Dongle'
2026-07-30 12:11:35,179 [INFO] DbBoardsSqlite:226 - include board STEVAL-IDP005V1 as a kit item of type 'Evaluation Board'
2026-07-30 12:11:35,179 [INFO] DbBoardsSqlite:226 - include board STEVAL-IDP005V2 as a kit item of type 'Evaluation Board'
2026-07-30 12:11:35,291 [INFO] ApiDb:240 - Found 880 in-development CPN: [B-G473E-ZEST1S, B-WB1M-WPAN1, B-WBA5M-WPAN, B-WL5M-SUBG1, NUCLEO-C031C6, NUCLEO-C051C8, NUCLEO-C071RB, NUCLEO-C092RC, NUCLEO-H503RB, NUCLEO-H533RE, NUCLEO-H563ZI, NUCLEO-H7S3L8, NUCLEO-N657X0-Q, NUCLEO-U031R8, NUCLEO-U083RC, NUCLEO-U385RG-Q, NUCLEO-U545RE-Q, NUCLEO-U5A5ZJ-Q, NUCLEO-WB05KZ, NUCLEO-WB07CC, NUCLEO-WB09KE, NUCLEO-WBA52CG, NUCLEO-WBA55CG, NUCLEO-WL33CC1, NUCLEO-WL33CC2, STEVAL-PROTEUS1, STEVAL-SMARTAG2, STEVAL-STWINBX1, STM320518-EVAL, STM32C0116-DK, STM32C011D6Y3TR, STM32C011D6Y6TR, STM32C011F4P3, STM32C011F4P6, STM32C011F4U3, STM32C011F4U6TR, STM32C011F6P3, STM32C011F6P6, STM32C011F6U3, STM32C011F6U6TR, STM32C011J4M3, STM32C011J4M6, STM32C011J6M3, STM32C011J6M6, STM32C0316-DK, STM32C031C4T3, STM32C031C4T6, STM32C031C4U3, STM32C031C4U6, STM32C031C6T3, STM32C031C6T6, STM32C031C6U3, STM32C031C6U6, STM32C031F4P3, STM32C031F4P6, STM32C031F6P3, STM32C031F6P6, STM32C031G4U3, STM32C031G4U6, STM32C031G6U3, STM32C031G6U6, STM32C031K4T3, STM32C031K4T6, STM32C031K4U3, STM32C031K4U6, STM32C031K6T3, STM32C031K6T6, STM32C031K6U3, STM32C031K6U6, STM32C051C6T6, STM32C051C6U6, STM32C051C8T6, STM32C051C8U6, STM32C051D8Y6TR, STM32C051F6P6, STM32C051F8P6, STM32C051G6U6, STM32C051G8U6, STM32C051K6T6, STM32C051K6U6, STM32C051K8T6, STM32C071C8T6, STM32C071C8T6N, STM32C071C8U6, STM32C071C8U6N, STM32C071CBT6, STM32C071CBT6N, STM32C071CBU6, STM32C071CBU6N, STM32C071F8P6, STM32C071F8P6N, STM32C071FBP6, STM32C071FBP6N, STM32C071FBY6TR, STM32C071G8U6, STM32C071G8U6N, STM32C071GBU6, STM32C071GBU6N, STM32C071K8T6, STM32C071K8T6N, STM32C071K8U6, STM32C071K8U6N, STM32C071KBT6, STM32C071KBT6N, STM32C071KBU6, STM32C071KBU6N, STM32C071R8T6, STM32C071R8T6N, STM32C071RBI6N, STM32C071RBT6, STM32C071RBT6N, STM32C091CBT6, STM32C091CBU6, STM32C091CCT6, STM32C091CCU6, STM32C091ECY6TR, STM32C091FBP6, STM32C091FCP6, STM32C091GBU6, STM32C091GCU6, STM32C091KBT6, STM32C091KBU6, STM32C091KCT6, STM32C091KCU6, STM32C091RBT6, STM32C091RCI6, STM32C091RCT6, STM32C092CBT6, STM32C092CBU6, STM32C092CCT6, STM32C092CCU6, STM32C092ECY6TR, STM32C092FBP6, STM32C092FCP6, STM32C092GBU6, STM32C092GCU6, STM32C092KBT6, STM32C092KBU6, STM32C092KCT6, STM32C092KCU6, STM32C092RBT6, STM32C092RCI6, STM32C092RCT6, STM32G071K8TXN, STM32G071K8UXN, STM32G081GBU6N, STM32G081KBT6N, STM32G081KBUXN, STM32G0B1CCT6N, STM32G0B1KCT6, STM32G0B1NEY6TR, STM32G0B1RCT6N, STM32G0C1CCT6, STM32G0C1CCT6N, STM32G0C1CCU6N, STM32G0C1CET6N, STM32G0C1CEU6N, STM32G0C1KCT6, STM32G0C1NEY6TR, STM32G0C1RCI6N, STM32G0C1RCT6N, STM32G0C1REI6N, STM32G0C1RET6N, STM32G0C1VCI6, STM32G0C1VEI6, STM32G411C6T3, STM32G411C6T6, STM32G411C6U3, STM32G411C6U6, STM32G411C8T3, STM32G411C8T6, STM32G411C8U3, STM32G411C8U6, STM32G411CBT3, STM32G411CBT6, STM32G411CBU3, STM32G411CBU6, STM32G411K6T3, STM32G411K6T6, STM32G411K6U3, STM32G411K6U6, STM32G411K8T3, STM32G411K8T6, STM32G411K8U3, STM32G411K8U6, STM32G411KBT3, STM32G411KBT6, STM32G411KBU3, STM32G411KBU6, STM32G411M6T3, STM32G411M6T6, STM32G411M8T3, STM32G411M8T6, STM32G411MBT3, STM32G411MBT6, STM32G411R6T3, STM32G411R6T6, STM32G411R8T3, STM32G411R8T6, STM32G411RBT3, STM32G411RBT6, STM32G414CBT3, STM32G414CBT6, STM32G414CBU3, STM32G414CBU6, STM32G414CCT3, STM32G414CCT6, STM32G414CCU3, STM32G414CCU6, STM32G414MBT3, STM32G414MBT6, STM32G414MCT3, STM32G414MCT6, STM32G414RBT3, STM32G414RBT6, STM32G414RCT3, STM32G414RCT6, STM32G414VBT3, STM32G414VBT6, STM32G414VCT3, STM32G414VCT6, STM32G431CBT3Z, STM32G431RBT3Z, STM32G471CCT6, STM32G471CCU6, STM32G471CET3, STM32G471CET6, STM32G471CEU3, STM32G471CEU6, STM32G471MCT6, STM32G471MET3, STM32G471MET6, STM32G471MEY6TR, STM32G471QCT6, STM32G471QET3, STM32G471RCT6, STM32G471RET3, STM32G471RET6, STM32G471VCH6, STM32G471VCI6, STM32G471VCT6, STM32G471VEH3, STM32G471VEH6, STM32G471VEI3, STM32G471VEI6, STM32G471VET3, STM32G471VET6, STM32G473QET3Z, STM32G473RET3Z, STM32G474CCT6, STM32G491RET3Z, STM32H503CBT6, STM32H503CBU6, STM32H503EBY6TR, STM32H503KBU6, STM32H503RBT6, STM32H523CCT6, STM32H523CCU6, STM32H523CET6, STM32H523CEU6, STM32H523HEY6TR, STM32H523RCT6, STM32H523RET6, STM32H523VCI6, STM32H523VCT6, STM32H523VEI6, STM32H523VET6, STM32H523ZCJ6, STM32H523ZCT6, STM32H523ZEJ6, STM32H523ZET6, STM32H533CET6, STM32H533CEU6, STM32H533HEY6TR, STM32H533RET6, STM32H533VEI6, STM32H533VET6, STM32H533ZEJ6, STM32H533ZET6, STM32H562AGI6, STM32H562AII6, STM32H562IGK6, STM32H562IGT6, STM32H562IIK6, STM32H562IIT6, STM32H562RGT6, STM32H562RGV6, STM32H562RIT6, STM32H562RIV6, STM32H562VGT6, STM32H562VIT6, STM32H562ZGT6, STM32H562ZIT6, STM32H563AGI6, STM32H563AII3Q, STM32H563AII6, STM32H563IGK6, STM32H563IGT6, STM32H563IIK3Q, STM32H563IIK6, STM32H563IIT3Q, STM32H563IIT6, STM32H563MIY3QTR, STM32H563RGT6, STM32H563RGV6, STM32H563RIT6, STM32H563RIV6, STM32H563VGT6, STM32H563VIT3Q, STM32H563VIT6, STM32H563ZGT6, STM32H563ZIT3Q, STM32H563ZIT6, STM32H573AII3Q, STM32H573AII6, STM32H573I-DK, STM32H573IIK3Q, STM32H573IIK6, STM32H573IIT3Q, STM32H573IIT6, STM32H573MIY3QTR, STM32H573RIT6, STM32H573RIV6, STM32H573VIT3Q, STM32H573VIT6, STM32H573ZIT3Q, STM32H573ZIT6, STM32H7R3A8I6, STM32H7R3I8K6, STM32H7R3I8T6, STM32H7R3L8H6, STM32H7R3L8H6H, STM32H7R3R8V6, STM32H7R3V8H6, STM32H7R3V8T6, STM32H7R3V8Y6TR, STM32H7R3Z8J6, STM32H7R3Z8T6, STM32H7R7A8I6, STM32H7R7I8K6, STM32H7R7I8T6, STM32H7R7L8H6, STM32H7R7L8H6H, STM32H7R7Z8J6, STM32H7S3A8I6, STM32H7S3I8K6, STM32H7S3I8T6, STM32H7S3L8H6, STM32H7S3L8H6H, STM32H7S3R8V6, STM32H7S3V8H6, STM32H7S3V8T6, STM32H7S3V8Y6TR, STM32H7S3Z8J6, STM32H7S3Z8T6, STM32H7S78-DK, STM32H7S7A8I6, STM32H7S7I8K6, STM32H7S7I8T6, STM32H7S7L8H6, STM32H7S7L8H6H, STM32H7S7Z8J6, STM32L4R5QGI6STR, STM32MP131AAE3, STM32MP131AAF3, STM32MP131AAG3, STM32MP131CAE3, STM32MP131CAF3, STM32MP131CAG3, STM32MP131DAE7, STM32MP131DAF7, STM32MP131DAG7, STM32MP131FAE7, STM32MP131FAF7, STM32MP131FAG7, STM32MP133AAE3, STM32MP133AAF3, STM32MP133AAG3, STM32MP133CAE3, STM32MP133CAF3, STM32MP133CAG3, STM32MP133DAE7, STM32MP133DAF7, STM32MP133DAG7, STM32MP133FAE7, STM32MP133FAF7, STM32MP133FAG7, STM32MP135AAE3, STM32MP135AAF3, STM32MP135AAG3, STM32MP135CAE3, STM32MP135CAF3, STM32MP135CAG3, STM32MP135DAE7, STM32MP135DAF7, STM32MP135DAG7, STM32MP135F-DK, STM32MP135FAE7, STM32MP135FAF7, STM32MP135FAF7T, STM32MP135FAF7U, STM32MP135FAG7, STM32MP211AAL3, STM32MP211AAM3, STM32MP211AAN3, STM32MP211AAO3, STM32MP211CAL3, STM32MP211CAM3, STM32MP211CAN3, STM32MP211CAO3, STM32MP211DAL3, STM32MP211DAM3, STM32MP211DAN3, STM32MP211DAO3, STM32MP211FAL3, STM32MP211FAM3, STM32MP211FAN3, STM32MP211FAO3, STM32MP213AAL3, STM32MP213AAM3, STM32MP213AAN3, STM32MP213AAO3, STM32MP213CAL3, STM32MP213CAM3, STM32MP213CAN3, STM32MP213CAO3, STM32MP213DAL3, STM32MP213DAM3, STM32MP213DAN3, STM32MP213DAO3, STM32MP213FAL3, STM32MP213FAM3, STM32MP213FAN3, STM32MP213FAO3, STM32MP215AAL3, STM32MP215AAM3, STM32MP215AAN3, STM32MP215AAO3, STM32MP215CAL3, STM32MP215CAM3, STM32MP215CAN3, STM32MP215CAO3, STM32MP215DAL3, STM32MP215DAM3, STM32MP215DAN3, STM32MP215DAO3, STM32MP215F-DK, STM32MP215FAL3, STM32MP215FAM3, STM32MP215FAN3, STM32MP215FAO3, STM32MP231AAJ3, STM32MP231AAK3, STM32MP231AAL3, STM32MP231CAJ3, STM32MP231CAK3, STM32MP231CAL3, STM32MP231DAJ3, STM32MP231DAK3, STM32MP231DAL3, STM32MP231FAJ3, STM32MP231FAK3, STM32MP231FAL3, STM32MP233AAJ3, STM32MP233AAK3, STM32MP233AAL3, STM32MP233CAJ3, STM32MP233CAK3, STM32MP233CAL3, STM32MP233DAJ3, STM32MP233DAK3, STM32MP233DAL3, STM32MP233FAJ3, STM32MP233FAK3, STM32MP233FAL3, STM32MP235AAJ3, STM32MP235AAK3, STM32MP235AAL3, STM32MP235CAJ3, STM32MP235CAK3, STM32MP235CAL3, STM32MP235DAJ3, STM32MP235DAK3, STM32MP235DAL3, STM32MP235FAJ3, STM32MP235FAK3, STM32MP235FAL3, STM32MP251AAI3, STM32MP251AAK3, STM32MP251AAL3, STM32MP251CAI3, STM32MP251CAK3, STM32MP251CAL3, STM32MP251DAI3, STM32MP251DAK3, STM32MP251DAL3, STM32MP251FAI3, STM32MP251FAK3, STM32MP251FAL3, STM32MP253AAI3, STM32MP253AAK3, STM32MP253AAL3, STM32MP253CAI3, STM32MP253CAK3, STM32MP253CAL3, STM32MP253DAI3, STM32MP253DAK3, STM32MP253DAL3, STM32MP253FAI3, STM32MP253FAK3, STM32MP253FAL3, STM32MP255AAI3, STM32MP255AAK3, STM32MP255AAL3, STM32MP255CAI3, STM32MP255CAK3, STM32MP255CAL3, STM32MP255DAI3, STM32MP255DAK3, STM32MP255DAL3, STM32MP255FAI3, STM32MP255FAK3, STM32MP255FAL3, STM32MP257AAI3, STM32MP257AAK3, STM32MP257AAL3, STM32MP257CAI3, STM32MP257CAK3, STM32MP257CAL3, STM32MP257DAI3, STM32MP257DAK3, STM32MP257DAL3, STM32MP257F-DK, STM32MP257F-EV1, STM32MP257FAI3, STM32MP257FAK3, STM32MP257FAL3, STM32N645A0H3Q, STM32N645B0H3Q, STM32N645I0H3Q, STM32N645L0H3Q, STM32N645X0H3Q, STM32N645Z0H3Q, STM32N647A0H3Q, STM32N647B0H3Q, STM32N647I0H3Q, STM32N647L0H3Q, STM32N647X0H3Q, STM32N647Z0H3Q, STM32N655A0H3Q, STM32N655B0H3Q, STM32N655I0H3Q, STM32N655L0H3Q, STM32N655X0H3Q, STM32N655Z0H3Q, STM32N6570-DK, STM32N657A0H3Q, STM32N657B0H3Q, STM32N657I0H3Q, STM32N657L0H3Q, STM32N657X0H3Q, STM32N657Z0H3Q, STM32U031C6T6, STM32U031C6U6, STM32U031C8T6, STM32U031C8U6, STM32U031F4P6, STM32U031F6P6, STM32U031F8P6, STM32U031G6Y6TR, STM32U031G8Y6TR, STM32U031K4U6, STM32U031K6U6, STM32U031K8U6, STM32U031R6I6, STM32U031R6T6, STM32U031R8I6, STM32U031R8T6, STM32U073C8T6, STM32U073C8U6, STM32U073CBT6, STM32U073CBU6, STM32U073CCT6, STM32U073CCU6, STM32U073H8Y6TR, STM32U073HBY6TR, STM32U073HCY6TR, STM32U073K8U6, STM32U073KBU6, STM32U073KCU6, STM32U073M8I6, STM32U073M8T6, STM32U073MBI6, STM32U073MBT6, STM32U073MCI6, STM32U073MCT6, STM32U073R8I6, STM32U073R8T6, STM32U073RBI6, STM32U073RBT6, STM32U073RCI6, STM32U073RCT6, STM32U083C-DK, STM32U083CCT6, STM32U083CCU6, STM32U083HCY6TR, STM32U083KCU6, STM32U083MCI6, STM32U083MCT6, STM32U083RCI6, STM32U083RCT6, STM32U375CET6, STM32U375CET6Q, STM32U375CEU6, STM32U375CEU6Q, STM32U375CEY6QTR, STM32U375CGT6, STM32U375CGT6Q, STM32U375CGU6, STM32U375CGU6Q, STM32U375CGY6QTR, STM32U375KEU6, STM32U375KGU6, STM32U375REI6, STM32U375REI6Q, STM32U375RET6, STM32U375RET6Q, STM32U375REY6GTR, STM32U375REY6QTR, STM32U375RGI6, STM32U375RGI6Q, STM32U375RGT6, STM32U375RGT6Q, STM32U375RGY6GTR, STM32U375RGY6QTR, STM32U375VEI6, STM32U375VEI6Q, STM32U375VET6, STM32U375VET6Q, STM32U375VGI6, STM32U375VGI6Q, STM32U375VGT6, STM32U375VGT6Q, STM32U385CGT6, STM32U385CGT6Q, STM32U385CGU6, STM32U385CGU6Q, STM32U385CGY6QTR, STM32U385KGU6, STM32U385RGI6, STM32U385RGI6Q, STM32U385RGT6, STM32U385RGT6Q, STM32U385RGY6GTR, STM32U385RGY6QTR, STM32U385VGI6, STM32U385VGI6Q, STM32U385VGT6, STM32U385VGT6Q, STM32U535CBT6, STM32U535CBT6Q, STM32U535CBU6, STM32U535CBU6Q, STM32U535CCT6, STM32U535CCT6Q, STM32U535CCU6, STM32U535CCU6Q, STM32U535CET6, STM32U535CET6Q, STM32U535CEU6, STM32U535CEU6Q, STM32U535JEY6QTR, STM32U535NCY6QTR, STM32U535NEY6QTR, STM32U535RBI6, STM32U535RBI6Q, STM32U535RBT6, STM32U535RBT6Q, STM32U535RCI6, STM32U535RCI6Q, STM32U535RCT6, STM32U535RCT6Q, STM32U535REI6, STM32U535REI6Q, STM32U535RET6, STM32U535RET6Q, STM32U535VCI6, STM32U535VCI6Q, STM32U535VCT6, STM32U535VCT6Q, STM32U535VEI6, STM32U535VEI6Q, STM32U535VET6, STM32U535VET6Q, STM32U545CET6, STM32U545CET6Q, STM32U545CEU6, STM32U545CEU6Q, STM32U545JEY6QTR, STM32U545NEY6QTR, STM32U545REI6, STM32U545REI6Q, STM32U545RET6, STM32U545RET6Q, STM32U545VEI6, STM32U545VEI6Q, STM32U545VET6, STM32U545VET6Q, STM32U595AIH6, STM32U595AIH6Q, STM32U595AJH6, STM32U595AJH6Q, STM32U595QII6, STM32U595QII6Q, STM32U595QJI6, STM32U595QJI6Q, STM32U595RIT6, STM32U595RIT6Q, STM32U595RJT6, STM32U595RJT6Q, STM32U595VIT6, STM32U595VIT6Q, STM32U595VJT6, STM32U595VJT6Q, STM32U595ZIT6, STM32U595ZIT6Q, STM32U595ZIY6QTR, STM32U595ZJT6, STM32U595ZJT6Q, STM32U595ZJY6QTR, STM32U599BJY6QTR, STM32U599NIH6Q, STM32U599NJH6Q, STM32U599VIT6Q, STM32U599VJT6, STM32U599VJT6Q, STM32U599ZIT6Q, STM32U599ZIY6QTR, STM32U599ZJT6Q, STM32U599ZJY6QTR, STM32U5A5AJH6, STM32U5A5AJH6Q, STM32U5A5QII3Q , STM32U5A5QJI6, STM32U5A5QJI6Q, STM32U5A5RJT6, STM32U5A5RJT6Q, STM32U5A5VJT6, STM32U5A5VJT6Q, STM32U5A5ZJT6, STM32U5A5ZJT6Q, STM32U5A5ZJY6QTR, STM32U5A9BJY6QTR, STM32U5A9J-DK, STM32U5A9NJH6Q, STM32U5A9VJT6Q, STM32U5A9ZJT6Q, STM32U5A9ZJY6QTR, STM32U5F7VIT6, STM32U5F7VIT6Q, STM32U5F7VJT6, STM32U5F7VJT6Q, STM32U5F9BJY6QTR, STM32U5F9NJH6Q, STM32U5F9VIT6Q, STM32U5F9VJT6Q, STM32U5F9ZIJ6QTR, STM32U5F9ZIT6Q, STM32U5F9ZJJ6QTR, STM32U5F9ZJT6Q, STM32U5G7VJT6, STM32U5G7VJT6Q, STM32U5G9BJY6QTR, STM32U5G9J-DK1, STM32U5G9J-DK2, STM32U5G9NJH6Q, STM32U5G9VJT6Q, STM32U5G9ZJJ6QTR, STM32U5G9ZJT6Q, STM32WB05KZV6TR, STM32WB05KZV7TR, STM32WB05TZF6TR, STM32WB05TZF7TR, STM32WB06CCF6TR, STM32WB06CCF7TR, STM32WB06CCV6TR, STM32WB06CCV7TR, STM32WB06KCV6TR, STM32WB06KCV7TR, STM32WB07CCF6TR, STM32WB07CCF7TR, STM32WB07CCV6TR, STM32WB07CCV7TR, STM32WB07KCV6TR, STM32WB07KCV7TR, STM32WB09KEV6TR, STM32WB09KEV7TR, STM32WB09TEF6TR, STM32WB09TEF7TR, STM32WB1MMCH6, STM32WBA50KGU6, STM32WBA50KGU6TR, STM32WBA52CEU6, STM32WBA52CEU6TR, STM32WBA52CEU7, STM32WBA52CEU7TR, STM32WBA52CGU6, STM32WBA52CGU6TR, STM32WBA52CGU6U, STM32WBA52CGU7, STM32WBA52CGU7TR, STM32WBA52KEU6, STM32WBA52KEU6TR, STM32WBA52KGU6, STM32WBA52KGU6TR, STM32WBA54CEU6, STM32WBA54CEU6TR, STM32WBA54CEU7, STM32WBA54CEU7TR, STM32WBA54CGU6, STM32WBA54CGU6TR, STM32WBA54CGU7, STM32WBA54CGU7TR, STM32WBA54KEU6, STM32WBA54KEU6TR, STM32WBA54KEU7, STM32WBA54KEU7TR, STM32WBA54KGU6, STM32WBA54KGU6TR, STM32WBA54KGU7, STM32WBA54KGU7TR, STM32WBA55CEU6, STM32WBA55CEU6TR, STM32WBA55CEU7, STM32WBA55CEU7TR, STM32WBA55CGU6, STM32WBA55CGU6TR, STM32WBA55CGU6U, STM32WBA55CGU7, STM32WBA55CGU7TR, STM32WBA55G-DK1, STM32WBA55HEF6, STM32WBA55HEF7, STM32WBA55HGF6, STM32WBA55HGF7, STM32WBA55UEI6, STM32WBA55UEI6TR, STM32WBA55UEI7, STM32WBA55UEI7TR, STM32WBA55UGI6, STM32WBA55UGI6TR, STM32WBA55UGI7, STM32WBA55UGI7TR, STM32WBA5MMGH6TR, STM32WBA62MGF6, STM32WBA62MIF6, STM32WBA65MGF7, STM32WBA65MIF6, STM32WBA65MIF7, STM32WL30K8V6, STM32WL30KBV6, STM32WL31C8V6, STM32WL31CBV6, STM32WL31K8V6, STM32WL31KBV6, STM32WL33C8V6, STM32WL33C8V6X, STM32WL33CBV6, STM32WL33CBV6X, STM32WL33CCV6, STM32WL33CCV6A, STM32WL33CCV6X, STM32WL33K8V7, STM32WL33K8V7X, STM32WL33KBV7 , STM32WL33KBV7X, STM32WL33KCV7, STM32WL33KCV7X, STM32WL5MOCH6, STM32WL5MOCH6TR]
2026-07-30 12:11:35,528 [INFO] BoardInfo:889 - No configuration file found for board NUCLEO-H5E5ZJ
2026-07-30 12:11:35,528 [INFO] DbBoards:161 - Board is not supported: NUCLEO-H5E5ZJ
2026-07-30 12:11:35,666 [INFO] BoardInfo:889 - No configuration file found for board NUCLEO-U3C5ZI-Q
2026-07-30 12:11:35,666 [INFO] DbBoards:161 - Board is not supported: NUCLEO-U3C5ZI-Q
2026-07-30 12:11:35,700 [INFO] BoardInfo:889 - No configuration file found for board NUCLEO-WBA25CE1
2026-07-30 12:11:35,700 [INFO] DbBoards:161 - Board is not supported: NUCLEO-WBA25CE1
2026-07-30 12:11:35,714 [INFO] BoardInfo:889 - No configuration file found for board NUCLEO-WL3RKB1
2026-07-30 12:11:35,730 [INFO] DbBoards:161 - Board is not supported: NUCLEO-WL3RKB1
2026-07-30 12:11:35,730 [INFO] BoardInfo:889 - No configuration file found for board NUCLEO-WL3RKB2
2026-07-30 12:11:35,730 [INFO] DbBoards:161 - Board is not supported: NUCLEO-WL3RKB2
2026-07-30 12:11:35,746 [INFO] BoardInfo:889 - No configuration file found for board P-NUCLEO-WB55
2026-07-30 12:11:35,746 [INFO] DbBoards:161 - Kit is not supported: P-NUCLEO-WB55
2026-07-30 12:11:35,768 [INFO] BoardInfo:889 - No configuration file found for board STEVAL-BFA001V1B
2026-07-30 12:11:35,768 [INFO] DbBoards:161 - Kit is not supported: STEVAL-BFA001V1B
2026-07-30 12:11:35,777 [INFO] BoardInfo:889 - No configuration file found for board STEVAL-BFA001V2B
2026-07-30 12:11:35,777 [INFO] DbBoards:161 - Kit is not supported: STEVAL-BFA001V2B
2026-07-30 12:11:35,998 [INFO] BoardInfo:889 - No configuration file found for board STM32H5F5J-DK
2026-07-30 12:11:35,998 [INFO] DbBoards:161 - Board is not supported: STM32H5F5J-DK
2026-07-30 12:11:36,158 [INFO] DbBoards:168 - Found 218 boards, 209 are supported
2026-07-30 12:11:36,158 [INFO] DbBoards:169 - Found 218 boards, 43 of them is supported for  Bsp
2026-07-30 12:11:36,162 [INFO] ApiDb:423 - Load user favorites file C:\Users\ADMIN/.stm32cubeide/favorites.boards.txt: 1 item(s)
2026-07-30 12:11:36,162 [INFO] ApiDb:427 - User favorites Boards=[B-L4S5I-IOT01A]
2026-07-30 12:11:36,162 [INFO] DbBoards:198 - Set 1 / 1 favorites Boards
2026-07-30 12:11:36,162 [ERROR] TargetSelectorAdapter:267 - Unable to refresh data
2026-07-30 12:11:36,218 [INFO] McuFinderGlobals:76 - Set McuFinderConnectedMode to true
2026-07-30 12:11:36,220 [INFO] MultiScanPanel:200 - Auto-refresh data requested => check proxy status ongoing
2026-07-30 12:11:36,221 [INFO] FinderPluginLoader:96 - Searching for filters in installed packs
2026-07-30 12:11:39,270 [INFO] LoadUrlFilesThread:185 - End of LoadServerUrlFiles without Thread
2026-07-30 12:11:39,270 [INFO] DetailPanel:341 - Set advertising image to C:/Users/ADMIN/STM32Cube/Repository/\en.stm32h5cubemxbanner.png
2026-07-30 12:11:44,422 [INFO] MultiScanPanel:200 - Auto-refresh data requested => check proxy status ongoing
2026-07-30 12:11:44,522 [INFO] LoadUrlFilesThread:185 - End of LoadServerUrlFiles without Thread
2026-07-30 12:11:44,523 [INFO] DetailPanel:341 - Set advertising image to C:/Users/ADMIN/STM32Cube/Repository/\en.stm32h5cubemxbanner.png
2026-07-30 12:11:44,534 [INFO] DbBoards:642 - Loading board mini-images...
2026-07-30 12:11:48,259 [INFO] DbBoards:665 - Loaded 218 board mini-images
2026-07-30 12:13:50,350 [INFO] MainUpdater:2872 - connection check result : 10
2026-07-30 12:13:50,351 [INFO] MainUpdater:2872 - connection check result : 10
2026-07-30 12:13:50,563 [INFO] I2cTimingTraitement:330 - 0x30A175AB
2026-07-30 12:13:50,600 [INFO] MicroXplorer:468 - Change Database Path : 
2026-07-30 12:13:50,601 [INFO] MicroXplorer:498 - Change Database Version : DB.6.0.150
2026-07-30 12:13:50,857 [ERROR] ProjectManagerView:395 - 
java.lang.NullPointerException: Cannot invoke "javax.swing.JTextField.getText()" because the return value of "java.util.List.get(int)" is null
	at com.st.microxplorer.plugins.projectmanager.gui.ProjectChoiceTab$9.caretUpdate(ProjectChoiceTab.java:2706) ~[filemanager.jar:?]
	at javax.swing.text.JTextComponent.fireCaretUpdate(JTextComponent.java:408) ~[?:?]
	at javax.swing.text.JTextComponent$MutableCaretEvent.fire(JTextComponent.java:4484) ~[?:?]
	at javax.swing.text.JTextComponent$MutableCaretEvent.stateChanged(JTextComponent.java:4506) ~[?:?]
	at javax.swing.text.DefaultCaret.fireStateChanged(DefaultCaret.java:857) ~[?:?]
	at javax.swing.text.DefaultCaret.changeCaretPosition(DefaultCaret.java:1343) ~[?:?]
	at javax.swing.text.DefaultCaret.handleSetDot(DefaultCaret.java:1242) ~[?:?]
	at javax.swing.text.DefaultCaret.setDot(DefaultCaret.java:1223) ~[?:?]
	at javax.swing.text.DefaultCaret$Handler.insertUpdate(DefaultCaret.java:1819) ~[?:?]
	at javax.swing.text.AbstractDocument.fireInsertUpdate(AbstractDocument.java:227) ~[?:?]
	at javax.swing.text.AbstractDocument.handleInsertString(AbstractDocument.java:781) ~[?:?]
	at javax.swing.text.AbstractDocument.insertString(AbstractDocument.java:740) ~[?:?]
	at javax.swing.text.PlainDocument.insertString(PlainDocument.java:131) ~[?:?]
	at javax.swing.text.AbstractDocument.replace(AbstractDocument.java:699) ~[?:?]
	at javax.swing.text.JTextComponent.setText(JTextComponent.java:1725) ~[?:?]
	at com.st.microxplorer.plugins.projectmanager.gui.ProjectChoiceTab.createHeapStackFields(ProjectChoiceTab.java:993) ~[filemanager.jar:?]
	at com.st.microxplorer.plugins.projectmanager.gui.ProjectChoiceTab.buildLinkSettingsPanel(ProjectChoiceTab.java:3813) ~[filemanager.jar:?]
	at com.st.microxplorer.plugins.projectmanager.gui.ProjectChoiceTab.defineWindowsFields(ProjectChoiceTab.java:1987) ~[filemanager.jar:?]
	at com.st.microxplorer.plugins.projectmanager.gui.ProjectChoiceTab.updateSettings(ProjectChoiceTab.java:558) ~[filemanager.jar:?]
	at com.st.microxplorer.plugins.projectmanager.gui.ProjectSettingsPanel.UpdateDialog(ProjectSettingsPanel.java:247) ~[filemanager.jar:?]
	at com.st.microxplorer.plugins.projectmanager.ProjectManagerView.propertyChange(ProjectManagerView.java:392) ~[filemanager.jar:?]
	at java.beans.PropertyChangeSupport.fire(PropertyChangeSupport.java:343) ~[?:?]
	at java.beans.PropertyChangeSupport.firePropertyChange(PropertyChangeSupport.java:335) ~[?:?]
	at java.beans.PropertyChangeSupport.firePropertyChange(PropertyChangeSupport.java:268) ~[?:?]
	at com.st.microxplorer.util.MXPropertyChangeSupport.firePropertyChange(MXPropertyChangeSupport.java:54) ~[STM32CubeMX.jar:?]
	at com.st.microxplorer.mxsystem.MxSystem.closeConfig(MxSystem.java:899) ~[STM32CubeMX.jar:?]
	at com.st.microxplorer.maingui.MainPanel.closeConfig(MainPanel.java:792) ~[STM32CubeMX.jar:?]
	at com.st.microxplorer.plugins.filemanager.engine.OpenFileManager.loadConfigurationFile(OpenFileManager.java:288) ~[filemanager.jar:?]
	at com.st.microxplorer.plugins.filemanager.engine.MainFileManager.userLoadConfig(MainFileManager.java:364) ~[filemanager.jar:?]
	at com.st.microxplorer.plugins.filemanager.FileManagerView.getSpecificTask(FileManagerView.java:268) ~[filemanager.jar:?]
	at com.st.stm32cube.common.mx.editor.CubeMxEditor.getMxTabbedPaneInstance(CubeMxEditor.java:1191) ~[com.st.stm32cube.common.mx_6.15.0.202507011659/:?]
	at com.st.stm32cube.common.mx.editor.CubeMxEditor$12$1.createSwingComponent(CubeMxEditor.java:1068) ~[com.st.stm32cube.common.mx_6.15.0.202507011659/:?]
	at com.st.stm32cube.common.mx.oss.core.awtswtbridge.EmbeddedSwingComposite.doComponentCreation(EmbeddedSwingComposite.java:492) ~[com.st.stm32cube.common.mx.oss_6.15.0.202507011659/:?]
	at com.st.stm32cube.common.mx.oss.core.awtswtbridge.EmbeddedSwingComposite$4.run(EmbeddedSwingComposite.java:291) ~[com.st.stm32cube.common.mx.oss_6.15.0.202507011659/:?]
	at com.st.stm32cube.common.mx.oss.core.awtswtbridge.AwtEnvironment$2.run(AwtEnvironment.java:166) ~[com.st.stm32cube.common.mx.oss_6.15.0.202507011659/:?]
	at java.awt.event.InvocationEvent.dispatch(InvocationEvent.java:318) ~[?:?]
	at java.awt.EventQueue.dispatchEventImpl(EventQueue.java:773) ~[?:?]
	at java.awt.EventQueue$4.run(EventQueue.java:720) ~[?:?]
	at java.awt.EventQueue$4.run(EventQueue.java:714) ~[?:?]
	at java.security.AccessController.doPrivileged(AccessController.java:400) ~[?:?]
	at java.security.ProtectionDomain$JavaSecurityAccessImpl.doIntersectionPrivilege(ProtectionDomain.java:87) ~[?:?]
	at java.awt.EventQueue.dispatchEvent(EventQueue.java:742) ~[?:?]
	at java.awt.EventDispatchThread.pumpOneEventForFilters(EventDispatchThread.java:203) ~[?:?]
	at java.awt.EventDispatchThread.pumpEventsForFilter(EventDispatchThread.java:124) ~[?:?]
	at java.awt.EventDispatchThread.pumpEventsForHierarchy(EventDispatchThread.java:113) ~[?:?]
	at java.awt.EventDispatchThread.pumpEvents(EventDispatchThread.java:109) ~[?:?]
	at java.awt.EventDispatchThread.pumpEvents(EventDispatchThread.java:101) ~[?:?]
	at java.awt.EventDispatchThread.run(EventDispatchThread.java:90) ~[?:?]
2026-07-30 12:13:50,914 [WARN] ThirdParty:871 - waiting for thirdparty lock release [close project]
2026-07-30 12:13:50,914 [INFO] ThirdParty:873 - entering critical section [close project]
2026-07-30 12:13:50,914 [INFO] ThirdParty:883 - exiting critical section [close project]
2026-07-30 12:13:50,925 [INFO] PinOutPanel:1589 - setPackage(No Configuration,No Configuration)
2026-07-30 12:13:50,968 [INFO] UtilMem:75 - Begin LoadConfig() Used Memory: 974767952 Bytes (1073741824)
2026-07-30 12:13:50,970 [INFO] OpenFileManager:355 - Change cursor
2026-07-30 12:13:51,038 [INFO] RulesReader:64 - Compatibility file has been processed (317 Rules)
2026-07-30 12:13:51,063 [INFO] ProjectFactory:514 - No CPN specified for board B-L4S5I-IOT01A => set CPN to STM32L4S5VIT6
2026-07-30 12:13:51,063 [INFO] Mcu:2029 - Initializing MCU STM32L4S5VITx STM32L4S5VITx STM32L4S5VIT6
2026-07-30 12:13:55,438 [INFO] Context:786 - Trying to add GPIOservice into a context  which must be forbidden
2026-07-30 12:13:56,957 [INFO] Rule:233 - rule 117617 - U5Cobra4M][GTZC] default value MPCBB3 and MPCBB5 - Not Secured memory - MPCBB1 is applicable
2026-07-30 12:13:56,973 [INFO] Rule:233 - rule 117617 - U5Cobra4M][GTZC] default value MPCBB3 and MPCBB5 - Not Secured memory - MPCBB1 is applicable
2026-07-30 12:13:56,973 [INFO] Rule:233 - rule 117617 - U5Cobra4M][GTZC] default value MPCBB3 and MPCBB5 - Not Secured memory - MPCBB2 is applicable
2026-07-30 12:13:56,973 [INFO] Rule:233 - rule 117617 - U5Cobra4M][GTZC] default value MPCBB3 and MPCBB5 - Not Secured memory - MPCBB2 is applicable
2026-07-30 12:13:56,973 [INFO] Rule:233 - rule 117617 - U5Cobra4M][GTZC] default value MPCBB3 and MPCBB5 - Not Secured memory - MPCBB3 is applicable
2026-07-30 12:13:56,973 [INFO] Rule:233 - rule 117617 - U5Cobra4M][GTZC] default value MPCBB3 and MPCBB5 - Not Secured memory - MPCBB3 is applicable
2026-07-30 12:13:56,973 [INFO] Rule:233 - rule 117617 - U5Cobra4M][GTZC] default value MPCBB3 and MPCBB5 - Not Secured memory - MPCBB4 is applicable
2026-07-30 12:13:56,973 [INFO] Rule:233 - rule 117617 - U5Cobra4M][GTZC] default value MPCBB3 and MPCBB5 - Not Secured memory - MPCBB4 is applicable
2026-07-30 12:13:56,973 [INFO] Rule:233 - rule 117617 - U5Cobra4M][GTZC] default value MPCBB3 and MPCBB5 - Secured memory - MPCBB1 is applicable
2026-07-30 12:13:56,973 [INFO] Rule:233 - rule 117617 - U5Cobra4M][GTZC] default value MPCBB3 and MPCBB5 - Secured memory - MPCBB2 is applicable
2026-07-30 12:13:56,973 [INFO] Rule:233 - rule 117617 - U5Cobra4M][GTZC] default value MPCBB3 and MPCBB5 - Secured memory - MPCBB3 is applicable
2026-07-30 12:13:56,973 [INFO] Rule:233 - rule 117617 - U5Cobra4M][GTZC] default value MPCBB3 and MPCBB5 - Secured memory - MPCBB4 is applicable
2026-07-30 12:13:56,973 [INFO] Rule:233 - rule 117617 - U5Cobra4M][GTZC] default value MPCBB3 and MPCBB5 - Privileged memory - MPCBB1 is applicable
2026-07-30 12:13:56,973 [INFO] Rule:233 - rule 117617 - U5Cobra4M][GTZC] default value MPCBB3 and MPCBB5 - Privileged memory - MPCBB2 is applicable
2026-07-30 12:13:56,973 [INFO] Rule:233 - rule 117617 - U5Cobra4M][GTZC] default value MPCBB3 and MPCBB5 - Privileged memory - MPCBB3 is applicable
2026-07-30 12:13:56,973 [INFO] Rule:233 - rule 117617 - U5Cobra4M][GTZC] default value MPCBB3 and MPCBB5 - Privileged memory - MPCBB4 is applicable
2026-07-30 12:13:56,973 [INFO] Rule:233 - rule 117617 - U5Cobra4M][GTZC] default value MPCBB3 and MPCBB5 - Not Privileged memory - MPCBB1 is applicable
2026-07-30 12:13:56,973 [INFO] Rule:233 - rule 117617 - U5Cobra4M][GTZC] default value MPCBB3 and MPCBB5 - Not Privileged memory - MPCBB2 is applicable
2026-07-30 12:13:56,973 [INFO] Rule:233 - rule 117617 - U5Cobra4M][GTZC] default value MPCBB3 and MPCBB5 - Not Privileged memory - MPCBB3 is applicable
2026-07-30 12:13:56,973 [INFO] Rule:233 - rule 117617 - U5Cobra4M][GTZC] default value MPCBB3 and MPCBB5 - Not Privileged memory - MPCBB4 is applicable
2026-07-30 12:13:56,973 [INFO] Rule:233 - rule 117617 - U5Cobra4M][GTZC] default value MPCBB3 and MPCBB5 - Privileged memory - MPCBB1 is applicable
2026-07-30 12:13:56,973 [INFO] Rule:233 - rule 117617 - U5Cobra4M][GTZC] default value MPCBB3 and MPCBB5 - Privileged memory - MPCBB2 is applicable
2026-07-30 12:13:56,973 [INFO] Rule:233 - rule 117617 - U5Cobra4M][GTZC] default value MPCBB3 and MPCBB5 - Privileged memory - MPCBB3 is applicable
2026-07-30 12:13:56,973 [INFO] Rule:233 - rule 117617 - U5Cobra4M][GTZC] default value MPCBB3 and MPCBB5 - Privileged memory - MPCBB4 is applicable
2026-07-30 12:13:56,973 [INFO] Rule:233 - rule 117617 - U5Cobra4M][GTZC] default value MPCBB3 and MPCBB5 - Privileged memory - MPCBB1 is applicable
2026-07-30 12:13:56,973 [INFO] Rule:233 - rule 117617 - U5Cobra4M][GTZC] default value MPCBB3 and MPCBB5 - Privileged memory - MPCBB2 is applicable
2026-07-30 12:13:56,973 [INFO] Rule:233 - rule 117617 - U5Cobra4M][GTZC] default value MPCBB3 and MPCBB5 - Privileged memory - MPCBB3 is applicable
2026-07-30 12:13:56,973 [INFO] Rule:233 - rule 117617 - U5Cobra4M][GTZC] default value MPCBB3 and MPCBB5 - Privileged memory - MPCBB4 is applicable
2026-07-30 12:13:56,973 [INFO] Rule:233 - rule 117617 - U5Cobra4M][GTZC] default value MPCBB3 and MPCBB5 - Not Privileged memory - MPCBB1 is applicable
2026-07-30 12:13:56,973 [INFO] Rule:233 - rule 117617 - U5Cobra4M][GTZC] default value MPCBB3 and MPCBB5 - Not Privileged memory - MPCBB2 is applicable
2026-07-30 12:13:56,973 [INFO] Rule:233 - rule 117617 - U5Cobra4M][GTZC] default value MPCBB3 and MPCBB5 - Not Privileged memory - MPCBB3 is applicable
2026-07-30 12:13:56,973 [INFO] Rule:233 - rule 117617 - U5Cobra4M][GTZC] default value MPCBB3 and MPCBB5 - Not Privileged memory - MPCBB4 is applicable
2026-07-30 12:13:56,973 [INFO] Rule:233 - rule 117617 - U5Cobra4M][GTZC] default value MPCBB3 and MPCBB5 - Privileged memory - MPCBB1 is applicable
2026-07-30 12:13:56,973 [INFO] Rule:233 - rule 117617 - U5Cobra4M][GTZC] default value MPCBB3 and MPCBB5 - Privileged memory - MPCBB2 is applicable
2026-07-30 12:13:56,973 [INFO] Rule:233 - rule 117617 - U5Cobra4M][GTZC] default value MPCBB3 and MPCBB5 - Privileged memory - MPCBB3 is applicable
2026-07-30 12:13:56,973 [INFO] Rule:233 - rule 117617 - U5Cobra4M][GTZC] default value MPCBB3 and MPCBB5 - Privileged memory - MPCBB4 is applicable
2026-07-30 12:13:56,973 [INFO] Rule:233 - rule WakeUp0 Mode is applicable
2026-07-30 12:13:56,973 [INFO] Rule:233 - rule WakeUp0 SIGNAL is applicable
2026-07-30 12:13:56,973 [INFO] Rule:233 - rule WakeUp1 Mode is applicable
2026-07-30 12:13:56,973 [INFO] Rule:233 - rule WakeUp1 SIGNAL is applicable
2026-07-30 12:13:56,973 [INFO] Rule:233 - rule WakeUp2 Mode is applicable
2026-07-30 12:13:56,973 [INFO] Rule:233 - rule WakeUp2 SIGNAL is applicable
2026-07-30 12:13:56,973 [INFO] Rule:233 - rule WakeUp4 Mode is applicable
2026-07-30 12:13:56,973 [INFO] Rule:233 - rule WakeUp4 SIGNAL is applicable
2026-07-30 12:13:56,973 [INFO] Rule:233 - rule WakeUp5 Mode is applicable
2026-07-30 12:13:56,973 [INFO] Rule:233 - rule WakeUp5 SIGNAL is applicable
2026-07-30 12:13:56,973 [INFO] Rule:233 - rule Change Default Value for LSE Drive Capability for WB family is applicable
2026-07-30 12:13:56,973 [INFO] Rule:233 - rule change FDCAN default value is applicable
2026-07-30 12:13:56,973 [INFO] Rule:233 - rule Adapt Old IOC before rework replace old CORTEX_M33/CORTEX_M55 attributes by the new one. is applicable
2026-07-30 12:13:56,973 [INFO] Rule:233 - rule Rename parametre of RCC RCC_APBDBG_DIV2 to RCC_TIMPRES_DIV2 is applicable
2026-07-30 12:13:56,973 [INFO] Rule:233 - rule Rename DIE493 pin PA10 [PA12] -> PA10 is applicable
2026-07-30 12:13:56,973 [INFO] Rule:233 - rule Rename DIE493 pin PA9 [PA11] -> PA9 is applicable
2026-07-30 12:13:56,973 [INFO] Rule:233 - rule Rename DIE492 PartNumber CPN STM32WBA5MJGHx -> STM32WBA5MMGHx is applicable
2026-07-30 12:13:56,973 [INFO] Rule:233 - rule Rename DIE492 PartNumber  Name STM32WBA5MJGHx -> STM32WBA5MMGHx is applicable
2026-07-30 12:13:56,973 [INFO] Rule:233 - rule Rename DIE492 PartNumber UserName STM32WBA5MJGHx -> STM32WBA5MMGHx is applicable
2026-07-30 12:13:56,973 [INFO] Rule:233 - rule Rename DIE492 PartNumber DeviceId STM32WBA5MJGHx -> STM32WBA5MMGHx is applicable
2026-07-30 12:13:56,973 [INFO] Rule:233 - rule Adapt Old IOC CSI. is applicable
2026-07-30 12:13:56,973 [INFO] Rule:233 - rule Adapt Old IOC DCMIPP. is applicable
2026-07-30 12:13:56,973 [INFO] Rule:233 - rule Adapt Old IOC DCMIPP Mode Parallel. is applicable
2026-07-30 12:13:56,973 [INFO] Rule:233 - rule Adapt Old IOC LTDC. is applicable
2026-07-30 12:13:56,973 [INFO] Rule:233 - rule Rename STM32MP2 RIF Peripheral LTDC RIF.RISUP.LTDC_L0L1.Privilege -> RIF.RISUP.LTDC_L1L2.Privilege is applicable
2026-07-30 12:13:56,973 [INFO] Rule:233 - rule Rename STM32MP2 RIF Peripheral LTDC RIF.RISUP.LTDC_L0L1.Privilege -> RIF.RISUP.LTDC_L1L2.Privilege is applicable
2026-07-30 12:13:56,973 [INFO] Rule:233 - rule Rename STM32MP2 RIF Peripheral LTDC RIF.RISUP.LTDC_L0L1.Lock -> RIF.RISUP.LTDC_L1L2.Lock is applicable
2026-07-30 12:13:56,973 [INFO] Rule:233 - rule Rename STM32MP2 RIF Peripheral LTDC RIF.RISUP.LTDC_L2.Lock -> RIF.RISUP.LTDC_L3.Lock is applicable
2026-07-30 12:13:56,973 [INFO] Rule:233 - rule Adapt the old IOC example for updating the SYS when it is misconfigured. is applicable
2026-07-30 12:13:56,973 [INFO] Rule:233 - rule Rename STM32C09 Mcu.Package LQFP64 -> LQFP48 is applicable
2026-07-30 12:13:56,973 [INFO] Rule:233 - rule Adapt the old IOC example for updating the SYS when it is misconfigured. is applicable
2026-07-30 12:13:56,973 [INFO] Rule:233 - rule Adapt the old IOC example for updating the SYS when it is misconfigured. is applicable
2026-07-30 12:13:56,988 [INFO] DbConfProperties:307 - Apply Compatibility (5/68 Rules)
2026-07-30 12:13:57,087 [INFO] ImportTextPane:234 - (OptionalMessage_ERROR) Pin84 (VP_RIF_VS_RIF1) cannot be retrieved for this MCU
2026-07-30 12:13:57,225 [INFO] RtosManager:558 - Registered RTOS mode: class=CMSIS, group=RTOS, mode=CMSIS_V1, owner=FREERTOS
2026-07-30 12:13:57,225 [INFO] RtosManager:558 - Registered RTOS mode: class=CMSIS, group=RTOS2, mode=CMSIS_V2, owner=FREERTOS
2026-07-30 12:13:57,225 [INFO] RtosManager:558 - Registered RTOS mode: class=RTOS, group=Core, mode=CMSIS_V1, owner=FREERTOS
2026-07-30 12:13:57,225 [INFO] RtosManager:558 - Registered RTOS mode: class=RTOS, group=Core, mode=CMSIS_V2, owner=FREERTOS
2026-07-30 12:13:57,225 [WARN] ModelIntegratedComponent:184 - Missing modes for component STMicroelectronics:FreeRTOS:0.0.1:STMicroelectronics:RTOS:FreeRTOS:Core:::10.2.0:
2026-07-30 12:13:57,260 [WARN] ModelIntegratedComponent:63 - No mode defined for component null
2026-07-30 12:13:57,261 [WARN] ModelIntegratedComponent:63 - No mode defined for component null
2026-07-30 12:13:57,261 [WARN] ModelIntegratedComponent:63 - No mode defined for component null
2026-07-30 12:13:57,261 [WARN] ModelIntegratedComponent:63 - No mode defined for component null
2026-07-30 12:13:57,261 [WARN] ModelIntegratedComponent:63 - No mode defined for component null
2026-07-30 12:13:57,261 [WARN] ModelIntegratedComponent:63 - No mode defined for component null
2026-07-30 12:13:57,261 [WARN] ModelIntegratedComponent:63 - No mode defined for component null
2026-07-30 12:13:57,261 [WARN] ModelIntegratedComponent:63 - No mode defined for component null
2026-07-30 12:13:57,261 [WARN] ModelIntegratedComponent:63 - No mode defined for component null
2026-07-30 12:13:57,261 [WARN] ModelIntegratedComponent:63 - No mode defined for component null
2026-07-30 12:13:57,261 [WARN] ModelIntegratedComponent:63 - No mode defined for component null
2026-07-30 12:13:57,261 [WARN] ModelIntegratedComponent:63 - No mode defined for component null
2026-07-30 12:13:57,261 [WARN] ModelIntegratedComponent:63 - No mode defined for component null
2026-07-30 12:13:57,261 [WARN] ModelIntegratedComponent:63 - No mode defined for component null
2026-07-30 12:13:57,261 [WARN] ModelIntegratedComponent:63 - No mode defined for component null
2026-07-30 12:13:57,261 [WARN] ModelIntegratedComponent:63 - No mode defined for component null
2026-07-30 12:13:57,261 [WARN] ModelIntegratedComponent:63 - No mode defined for component null
2026-07-30 12:13:57,261 [WARN] ModelIntegratedComponent:63 - No mode defined for component null
2026-07-30 12:13:57,261 [WARN] ModelIntegratedComponent:63 - No mode defined for component null
2026-07-30 12:13:57,261 [WARN] ModelIntegratedComponent:63 - No mode defined for component null
2026-07-30 12:13:57,261 [WARN] ModelIntegratedComponent:63 - No mode defined for component null
2026-07-30 12:13:57,261 [WARN] ModelIntegratedComponent:63 - No mode defined for component null
2026-07-30 12:13:57,261 [WARN] ModelIntegratedComponent:63 - No mode defined for component null
2026-07-30 12:13:57,261 [WARN] ModelIntegratedComponent:63 - No mode defined for component null
2026-07-30 12:13:57,261 [WARN] ModelIntegratedComponent:63 - No mode defined for component null
2026-07-30 12:13:57,261 [WARN] ModelIntegratedComponent:63 - No mode defined for component null
2026-07-30 12:13:57,261 [WARN] ModelIntegratedComponent:63 - No mode defined for component null
2026-07-30 12:13:57,261 [WARN] ModelIntegratedComponent:63 - No mode defined for component null
2026-07-30 12:13:57,261 [WARN] ModelIntegratedComponent:63 - No mode defined for component null
2026-07-30 12:13:57,262 [WARN] ModelIntegratedComponent:63 - No mode defined for component null
2026-07-30 12:13:57,262 [WARN] ModelIntegratedComponent:63 - No mode defined for component null
2026-07-30 12:13:57,262 [WARN] ModelIntegratedComponent:63 - No mode defined for component null
2026-07-30 12:13:57,262 [WARN] ModelIntegratedComponent:63 - No mode defined for component null
2026-07-30 12:13:57,262 [WARN] ModelIntegratedComponent:63 - No mode defined for component null
2026-07-30 12:13:57,262 [WARN] ModelIntegratedComponent:63 - No mode defined for component null
2026-07-30 12:13:57,262 [WARN] ModelPack:524 - Component already loaded: STMicroelectronics:HAL Drivers:0.0.0:STMicroelectronics:Device:STMicro_Driver:XSPI:HAL::0.0.1:HAL_XSPI
2026-07-30 12:13:57,458 [INFO] ThirdPartyModel:298 - Start build external matchings
2026-07-30 12:13:57,855 [INFO] ThirdPartyModel:316 - End build external matchings
2026-07-30 12:13:57,895 [WARN] IP:2250 - MaxTran not found: check if there is a RefParameter without a condition.
2026-07-30 12:13:57,895 [WARN] IP:2250 - Refresh not found: check if there is a RefParameter without a condition.
2026-07-30 12:13:57,895 [INFO] ImportTextPane:234 - (OptionalMessage_ERROR) IP (RCC) : Invalid parameter (FamilyName)
2026-07-30 12:13:58,523 [INFO] UtilMem:75 - End LoadConfig() Used Memory: 944342208 Bytes (1073741824)
2026-07-30 12:13:58,730 [WARN] ThirdParty:833 - waiting for thirdparty lock release [change project]
2026-07-30 12:13:58,731 [INFO] ThirdParty:835 - entering critical section [change project]
2026-07-30 12:13:58,731 [INFO] ThirdParty:1030 - CMSIS Pack Vendor :STMicroelectronics X-CUBE-AZRTOS-H7 3.5.0
2026-07-30 12:13:58,731 [INFO] ThirdParty:1030 - CMSIS Pack Vendor :STMicroelectronics X-CUBE-PM33A1 1.0.0
2026-07-30 12:13:58,731 [INFO] ThirdParty:1030 - CMSIS Pack Vendor :STMicroelectronics USBPD 4.1
2026-07-30 12:13:58,731 [INFO] ThirdParty:1030 - CMSIS Pack Vendor :STMicroelectronics X-CUBE-NFC9 1.0.0
2026-07-30 12:13:58,731 [INFO] ThirdParty:1030 - CMSIS Pack Vendor :STMicroelectronics USB_HOST 2.0.0
2026-07-30 12:13:58,731 [INFO] ThirdParty:1030 - CMSIS Pack Vendor :STMicroelectronics FP-ATR-ASTRA1 2.0.3
2026-07-30 12:13:58,731 [INFO] ThirdParty:1030 - CMSIS Pack Vendor :STMicroelectronics X-CUBE-AZRTOS-F4 1.1.0
2026-07-30 12:13:58,731 [INFO] ThirdParty:1030 - CMSIS Pack Vendor :STMicroelectronics LIBJPEG 8.0.0
2026-07-30 12:13:58,731 [INFO] ThirdParty:1030 - CMSIS Pack Vendor :STMicroelectronics X-CUBE-BLE1 7.1.0
2026-07-30 12:13:58,731 [INFO] ThirdParty:1030 - CMSIS Pack Vendor :wolfSSL I-CUBE-wolfMQTT 1.19.2
2026-07-30 12:13:58,731 [INFO] ThirdParty:1030 - CMSIS Pack Vendor :STMicroelectronics USB_DEVICE 3.0.0
2026-07-30 12:13:58,731 [INFO] ThirdParty:1030 - CMSIS Pack Vendor :STMicroelectronics X-CUBE-ISPU 2.1.0
2026-07-30 12:13:58,731 [INFO] ThirdParty:1030 - CMSIS Pack Vendor :STMicroelectronics X-CUBE-EEPRMA1 5.2.0
2026-07-30 12:13:58,731 [INFO] ThirdParty:1030 - CMSIS Pack Vendor :STMicroelectronics X-CUBE-IPS 3.2.0
2026-07-30 12:13:58,731 [INFO] ThirdParty:1030 - CMSIS Pack Vendor :STMicroelectronics eDS-WB_DPC_TT-BIDIR 2.1.1
2026-07-30 12:13:58,731 [INFO] ThirdParty:1030 - CMSIS Pack Vendor :STMicroelectronics X-CUBE-AZRTOS-WB 2.0.0
2026-07-30 12:13:58,732 [INFO] ThirdParty:1030 - CMSIS Pack Vendor :STMicroelectronics X-CUBE-NFC12 1.0.0
2026-07-30 12:13:58,732 [INFO] ThirdParty:1030 - CMSIS Pack Vendor :STMicroelectronics X-CUBE-AZRTOS-F7 1.1.0
2026-07-30 12:13:58,732 [INFO] ThirdParty:1030 - CMSIS Pack Vendor :STMicroelectronics X-CUBE-AZRTOS-L5 2.0.0
2026-07-30 12:13:58,732 [INFO] ThirdParty:1030 - CMSIS Pack Vendor :STMicroelectronics USB_DEVICE 2.0.0
2026-07-30 12:13:58,732 [INFO] ThirdParty:1030 - CMSIS Pack Vendor :STMicroelectronics X-CUBE-FREERTOS 1.6.0
2026-07-30 12:13:58,732 [INFO] ThirdParty:1030 - CMSIS Pack Vendor :STMicroelectronics FP-SNS-STAIOTCFT 1.1.0
2026-07-30 12:13:58,732 [INFO] ThirdParty:1030 - CMSIS Pack Vendor :quantropi X-CUBE-qispace-sdk-base 2.1.0
2026-07-30 12:13:58,732 [INFO] ThirdParty:1030 - CMSIS Pack Vendor :STMicroelectronics X-CUBE-STSE01 2.0.0
2026-07-30 12:13:58,732 [INFO] ThirdParty:1030 - CMSIS Pack Vendor :STMicroelectronics X-CUBE-ALGOBUILD 1.5.0
2026-07-30 12:13:58,732 [INFO] ThirdParty:1030 - CMSIS Pack Vendor :STMicroelectronics FP-SNS-MOTENV1 5.1.0
2026-07-30 12:13:58,732 [INFO] ThirdParty:1030 - CMSIS Pack Vendor :STMicroelectronics FreeRTOS 0.0.1
2026-07-30 12:13:58,732 [INFO] ThirdParty:1030 - CMSIS Pack Vendor :STMicroelectronics X-CUBE-AZRTOS-H7RS 1.3.0
2026-07-30 12:13:58,732 [INFO] ThirdParty:1030 - CMSIS Pack Vendor :STMicroelectronics X-CUBE-AZRTOS-G0 1.1.0
2026-07-30 12:13:58,732 [INFO] ThirdParty:1030 - CMSIS Pack Vendor :STMicroelectronics X-CUBE-NFC4 3.0.0
2026-07-30 12:13:58,732 [INFO] ThirdParty:1030 - CMSIS Pack Vendor :STMicroelectronics X-CUBE-SUBG2 5.0.0
2026-07-30 12:13:58,732 [INFO] ThirdParty:1030 - CMSIS Pack Vendor :STMicroelectronics STM32_WPAN 1.0.0
2026-07-30 12:13:58,732 [INFO] ThirdParty:1030 - CMSIS Pack Vendor :STMicroelectronics eDS-WB_DPC_VIENNA 1.2.0
2026-07-30 12:13:58,732 [INFO] ThirdParty:1030 - CMSIS Pack Vendor :EmbeddedOffice I-CUBE-FS-RTOS 1.0.1
2026-07-30 12:13:58,732 [INFO] ThirdParty:1030 - CMSIS Pack Vendor :STMicroelectronics lwIP 2.0.3
2026-07-30 12:13:58,732 [INFO] ThirdParty:1030 - CMSIS Pack Vendor :WES I-CUBE-Cesium 1.4.0
2026-07-30 12:13:58,732 [INFO] ThirdParty:1030 - CMSIS Pack Vendor :STMicroelectronics eDS-WB_DPC_3PH2L-BIDIR 1.1.1
2026-07-30 12:13:58,732 [INFO] ThirdParty:1030 - CMSIS Pack Vendor :STMicroelectronics USB_HOST 1.0.0
2026-07-30 12:13:58,732 [INFO] ThirdParty:1030 - CMSIS Pack Vendor :STMicroelectronics X-CUBE-AZRTOS-G4 2.0.0
2026-07-30 12:13:58,732 [INFO] ThirdParty:1030 - CMSIS Pack Vendor :STMicroelectronics PDM2PCM 3.1.0
2026-07-30 12:13:58,732 [INFO] ThirdParty:1030 - CMSIS Pack Vendor :STMicroelectronics PDM2PCM 3.3.0
2026-07-30 12:13:58,732 [INFO] ThirdParty:1030 - CMSIS Pack Vendor :wolfSSL I-CUBE-wolfTPM 3.8.0
2026-07-30 12:13:58,732 [INFO] ThirdParty:1030 - CMSIS Pack Vendor :STMicroelectronics X-CUBE-DISPLAY 3.0.0
2026-07-30 12:13:58,732 [INFO] ThirdParty:1030 - CMSIS Pack Vendor :wolfSSL I-CUBE-wolfSSH 1.4.20
2026-07-30 12:13:58,732 [INFO] ThirdParty:1030 - CMSIS Pack Vendor :STMicroelectronics X-CUBE-NFC7 2.0.0
2026-07-30 12:13:58,732 [INFO] ThirdParty:1030 - CMSIS Pack Vendor :STMicroelectronics X-CUBE-GNSS1 7.1.1
2026-07-30 12:13:58,732 [INFO] ThirdParty:1030 - CMSIS Pack Vendor :STMicroelectronics FP-SNS-MOTENVWB1 1.5.0
2026-07-30 12:13:58,732 [INFO] ThirdParty:1030 - CMSIS Pack Vendor :STMicroelectronics X-CUBE-TCPP 4.2.0
2026-07-30 12:13:58,732 [INFO] ThirdParty:1030 - CMSIS Pack Vendor :RealThread X-CUBE-RT-Thread_Nano 4.1.1
2026-07-30 12:13:58,733 [INFO] ThirdParty:1030 - CMSIS Pack Vendor :STMicroelectronics FP-ATR-SIGFOX1 3.2.0
2026-07-30 12:13:58,733 [INFO] ThirdParty:1030 - CMSIS Pack Vendor :STMicroelectronics X-CUBE-NFC10 1.0.0
2026-07-30 12:13:58,733 [INFO] ThirdParty:1030 - CMSIS Pack Vendor :STMicroelectronics HAL Drivers 0.0.0
2026-07-30 12:13:58,733 [INFO] ThirdParty:1030 - CMSIS Pack Vendor :STMicroelectronics MBEDTLS 2.16.2
2026-07-30 12:13:58,733 [INFO] ThirdParty:1030 - CMSIS Pack Vendor :STMicroelectronics X-CUBE-ST60 1.1.0
2026-07-30 12:13:58,733 [INFO] ThirdParty:1030 - CMSIS Pack Vendor :STMicroelectronics X-CUBE-ALS 1.0.2
2026-07-30 12:13:58,733 [INFO] ThirdParty:1030 - CMSIS Pack Vendor :emotas I-CUBE-CANOPEN 1.3.0
2026-07-30 12:13:58,733 [INFO] ThirdParty:1030 - CMSIS Pack Vendor :wolfSSL I-CUBE-wolfSSL 5.9.2
2026-07-30 12:13:58,733 [INFO] ThirdParty:1030 - CMSIS Pack Vendor :STMicroelectronics MBEDTLS 2.14.1
2026-07-30 12:13:58,733 [INFO] ThirdParty:1030 - CMSIS Pack Vendor :ITTIA_DB I-CUBE-ITTIADB 8.9.0
2026-07-30 12:13:58,733 [INFO] ThirdParty:1030 - CMSIS Pack Vendor :Cesanta I-CUBE-Mongoose 7.21.7
2026-07-30 12:13:58,733 [INFO] ThirdParty:1030 - CMSIS Pack Vendor :STMicroelectronics X-CUBE-TOUCHGFX 4.26.1
2026-07-30 12:13:58,733 [INFO] ThirdParty:1030 - CMSIS Pack Vendor :STMicroelectronics X-CUBE-NFC6 3.2.0
2026-07-30 12:13:58,733 [INFO] ThirdParty:1030 - CMSIS Pack Vendor :STMicroelectronics FP-SNS-STBOX1 2.1.0
2026-07-30 12:13:58,733 [INFO] ThirdParty:1030 - CMSIS Pack Vendor :STMicroelectronics X-CUBE-AI 10.2.1
2026-07-30 12:13:58,733 [INFO] ThirdParty:1030 - CMSIS Pack Vendor :STMicroelectronics ThreadX 1.0.0
2026-07-30 12:13:58,733 [INFO] ThirdParty:1030 - CMSIS Pack Vendor :STMicroelectronics FP-SNS-SMARTAG2 1.2.0
2026-07-30 12:13:58,733 [INFO] ThirdParty:1030 - CMSIS Pack Vendor :STMicroelectronics X-CUBE-MEMS1 12.1.0
2026-07-30 12:13:58,733 [INFO] ThirdParty:1030 - CMSIS Pack Vendor :STMicroelectronics FP-SNS-FLIGHT1 5.1.0
2026-07-30 12:13:58,733 [INFO] ThirdParty:1030 - CMSIS Pack Vendor :STMicroelectronics X-CUBE-AZRTOS-WL 2.0.0
2026-07-30 12:13:58,733 [INFO] ThirdParty:1030 - CMSIS Pack Vendor :SEGGER I-CUBE-embOS 1.3.1
2026-07-30 12:13:58,733 [INFO] ThirdParty:1030 - CMSIS Pack Vendor :STMicroelectronics X-CUBE-DPower 1.3.0
2026-07-30 12:13:58,733 [INFO] ThirdParty:1030 - CMSIS Pack Vendor :STMicroelectronics USB_DEVICE 1.0.0
2026-07-30 12:13:58,733 [INFO] ThirdParty:1030 - CMSIS Pack Vendor :STMicroelectronics X-CUBE-AZRTOS-L4 2.0.0
2026-07-30 12:13:58,733 [INFO] ThirdParty:1030 - CMSIS Pack Vendor :STMicroelectronics ThreadX 0.0.2
2026-07-30 12:13:58,733 [INFO] ThirdParty:1030 - CMSIS Pack Vendor :STMicroelectronics lwIP 2.1.2
2026-07-30 12:13:58,734 [INFO] ThirdParty:1030 - CMSIS Pack Vendor :STMicroelectronics X-CUBE-SFXS2LP1 4.0.0
2026-07-30 12:13:58,734 [INFO] ThirdParty:1030 - CMSIS Pack Vendor :STMicroelectronics X-CUBE-BLE2 3.3.0
2026-07-30 12:13:58,734 [INFO] ThirdParty:1030 - CMSIS Pack Vendor :Avnet-IOTCONNECT X-CUBE-iotc-st67-sdk 1.0.0
2026-07-30 12:13:58,734 [INFO] ThirdParty:1030 - CMSIS Pack Vendor :STMicroelectronics X-CUBE-TOF1 3.4.3
2026-07-30 12:13:58,734 [INFO] ThirdParty:1030 - CMSIS Pack Vendor :Infineon AIROC-Wi-Fi-Bluetooth-STM32 1.8.0
2026-07-30 12:13:58,734 [INFO] ThirdParty:1030 - CMSIS Pack Vendor :STMicroelectronics X-CUBE-NFC13 1.0.0
2026-07-30 12:13:58,734 [INFO] ThirdParty:1030 - CMSIS Pack Vendor :STMicroelectronics PDM2PCM 3.2.0
2026-07-30 12:13:58,734 [INFO] ThirdParty:1030 - CMSIS Pack Vendor :STMicroelectronics X-CUBE-WB05N 2.1.0
2026-07-30 12:13:58,734 [INFO] ThirdParty:841 - exiting critical section [change project]
2026-07-30 12:13:59,410 [INFO] PinOutPanel:1589 - setPackage(No Configuration,No Configuration)
2026-07-30 12:13:59,410 [INFO] PinOutPanel:1589 - setPackage(STM32L4S5VITx,LQFP100)
2026-07-30 12:14:00,091 [INFO] UtilMem:75 - Before build in PCC Used Memory: 991441648 Bytes (1073741824)
2026-07-30 12:14:00,822 [INFO] UtilMem:75 - After build in PCC Used Memory: 905077936 Bytes (1073741824)
2026-07-30 12:14:00,860 [INFO] IPUIPlugin:80 - create IPUIPlugin
2026-07-30 12:14:00,860 [INFO] IPUIPlugin:80 - create IPUIPlugin
2026-07-30 12:14:00,860 [INFO] IPUIPlugin:80 - create IPUIPlugin
2026-07-30 12:14:00,860 [INFO] IPUIPlugin:80 - create IPUIPlugin
2026-07-30 12:14:00,860 [INFO] IPUIPlugin:80 - create IPUIPlugin
2026-07-30 12:14:00,861 [INFO] IPUIPlugin:80 - create IPUIPlugin
2026-07-30 12:14:00,861 [INFO] IPUIPlugin:80 - create IPUIPlugin
2026-07-30 12:14:00,861 [INFO] IPUIPlugin:80 - create IPUIPlugin
2026-07-30 12:14:00,862 [INFO] IPUIPlugin:80 - create IPUIPlugin
2026-07-30 12:14:00,862 [INFO] IPUIPlugin:80 - create IPUIPlugin
2026-07-30 12:14:00,862 [INFO] IPUIPlugin:80 - create IPUIPlugin
2026-07-30 12:14:00,862 [INFO] IPUIPlugin:80 - create IPUIPlugin
2026-07-30 12:14:00,862 [INFO] IPUIPlugin:80 - create IPUIPlugin
2026-07-30 12:14:00,862 [INFO] IPUIPlugin:80 - create IPUIPlugin
2026-07-30 12:14:00,863 [INFO] IPUIPlugin:80 - create IPUIPlugin
2026-07-30 12:14:00,863 [INFO] IPUIPlugin:80 - create IPUIPlugin
2026-07-30 12:14:00,863 [INFO] IPUIPlugin:80 - create IPUIPlugin
2026-07-30 12:14:00,863 [INFO] IPUIPlugin:80 - create IPUIPlugin
2026-07-30 12:14:00,863 [INFO] IPUIPlugin:80 - create IPUIPlugin
2026-07-30 12:14:00,863 [INFO] IPUIPlugin:80 - create IPUIPlugin
2026-07-30 12:14:00,864 [INFO] IPUIPlugin:80 - create IPUIPlugin
2026-07-30 12:14:00,864 [INFO] IPUIPlugin:80 - create IPUIPlugin
2026-07-30 12:14:00,864 [INFO] IPUIPlugin:80 - create IPUIPlugin
2026-07-30 12:14:00,864 [INFO] IPUIPlugin:80 - create IPUIPlugin
2026-07-30 12:14:00,865 [INFO] IPUIPlugin:80 - create IPUIPlugin
2026-07-30 12:14:00,865 [INFO] IPUIPlugin:80 - create IPUIPlugin
2026-07-30 12:14:00,865 [INFO] IPUIPlugin:80 - create IPUIPlugin
2026-07-30 12:14:00,865 [INFO] IPUIPlugin:80 - create IPUIPlugin
2026-07-30 12:14:00,866 [INFO] IPUIPlugin:80 - create IPUIPlugin
2026-07-30 12:14:00,866 [INFO] IPUIPlugin:80 - create IPUIPlugin
2026-07-30 12:14:00,866 [INFO] IPUIPlugin:80 - create IPUIPlugin
2026-07-30 12:14:00,867 [INFO] IPUIPlugin:80 - create IPUIPlugin
2026-07-30 12:14:00,867 [INFO] IPUIPlugin:80 - create IPUIPlugin
2026-07-30 12:14:00,867 [INFO] IPUIPlugin:80 - create IPUIPlugin
2026-07-30 12:14:00,867 [INFO] IPUIPlugin:80 - create IPUIPlugin
2026-07-30 12:14:00,868 [INFO] IPUIPlugin:80 - create IPUIPlugin
2026-07-30 12:14:00,868 [INFO] IPUIPlugin:80 - create IPUIPlugin
2026-07-30 12:14:00,868 [INFO] IPUIPlugin:80 - create IPUIPlugin
2026-07-30 12:14:00,869 [INFO] IPUIPlugin:80 - create IPUIPlugin
2026-07-30 12:14:00,869 [INFO] IPUIPlugin:80 - create IPUIPlugin
2026-07-30 12:14:00,869 [INFO] IPUIPlugin:80 - create IPUIPlugin
2026-07-30 12:14:00,870 [INFO] IPUIPlugin:80 - create IPUIPlugin
2026-07-30 12:14:00,870 [INFO] IPUIPlugin:80 - create IPUIPlugin
2026-07-30 12:14:00,870 [INFO] IPUIPlugin:80 - create IPUIPlugin
2026-07-30 12:14:00,871 [INFO] IPUIPlugin:80 - create IPUIPlugin
2026-07-30 12:14:00,871 [INFO] IPUIPlugin:80 - create IPUIPlugin
2026-07-30 12:14:00,871 [INFO] IPUIPlugin:80 - create IPUIPlugin
2026-07-30 12:14:00,871 [INFO] IPUIPlugin:80 - create IPUIPlugin
2026-07-30 12:14:00,872 [INFO] IPUIPlugin:80 - create IPUIPlugin
2026-07-30 12:14:00,872 [INFO] IPUIPlugin:80 - create IPUIPlugin
2026-07-30 12:14:00,872 [INFO] IPUIPlugin:80 - create IPUIPlugin
2026-07-30 12:14:00,873 [INFO] IPUIPlugin:80 - create IPUIPlugin
2026-07-30 12:14:00,873 [INFO] IPUIPlugin:80 - create IPUIPlugin
2026-07-30 12:14:00,874 [INFO] IPUIPlugin:80 - create IPUIPlugin
2026-07-30 12:14:00,874 [INFO] IPUIPlugin:80 - create IPUIPlugin
2026-07-30 12:14:00,875 [INFO] IPUIPlugin:80 - create IPUIPlugin
2026-07-30 12:14:00,875 [INFO] IPUIPlugin:80 - create IPUIPlugin
2026-07-30 12:14:00,876 [INFO] IPUIPlugin:80 - create IPUIPlugin
2026-07-30 12:14:00,876 [INFO] IPUIPlugin:80 - create IPUIPlugin
2026-07-30 12:14:00,876 [INFO] IPUIPlugin:80 - create IPUIPlugin
2026-07-30 12:14:00,877 [INFO] IPUIPlugin:80 - create IPUIPlugin
2026-07-30 12:14:00,878 [INFO] IPUIPlugin:80 - create IPUIPlugin
2026-07-30 12:14:00,878 [INFO] IPUIPlugin:80 - create IPUIPlugin
2026-07-30 12:14:01,003 [INFO] CADModel:165 - CPN selected for project levelSTM32L4S5VIT6
2026-07-30 12:14:01,004 [INFO] CADModel:114 - Register for checkConnection events
2026-07-30 12:14:01,136 [INFO] OpenFileManager:386 - Restore cursor
2026-07-30 12:14:01,733 [WARN] IP:2250 - MaxTran not found: check if there is a RefParameter without a condition.
2026-07-30 12:14:01,734 [WARN] IP:2250 - Refresh not found: check if there is a RefParameter without a condition.
2026-07-30 12:14:01,735 [WARN] IP:2250 - MaxTran not found: check if there is a RefParameter without a condition.
2026-07-30 12:14:01,735 [WARN] IP:2250 - Refresh not found: check if there is a RefParameter without a condition.
2026-07-30 12:14:03,302 [INFO] UtilMem:75 - End SaveConfig() Used Memory: 805321856 Bytes (1073741824)
2026-07-30 12:14:03,507 [INFO] UtilMem:75 - End SaveConfig() Used Memory: 823139528 Bytes (1073741824)
2026-07-30 12:14:04,269 [INFO] BlockDiagram:2775 - set Specific Code input for plugin: SPI
2026-07-30 12:14:04,270 [INFO] BlockDiagram:2775 - set Specific Code input for plugin: SPI
2026-07-30 12:14:04,270 [INFO] BlockDiagram:2775 - set Specific Code input for plugin: DFSDM
2026-07-30 12:14:04,270 [INFO] BlockDiagram:2775 - set Specific Code input for plugin: SYS
2026-07-30 12:14:04,270 [INFO] BlockDiagram:2775 - set Specific Code input for plugin: ADC
2026-07-30 12:14:04,270 [INFO] BlockDiagram:2775 - set Specific Code input for plugin: RCC
2026-07-30 12:14:04,270 [INFO] BlockDiagram:2775 - set Specific Code input for plugin: I2C
2026-07-30 12:14:04,270 [INFO] BlockDiagram:2775 - set Specific Code input for plugin: I2C
2026-07-30 12:14:04,270 [INFO] BlockDiagram:2775 - set Specific Code input for plugin: USB_OTG_FS
2026-07-30 12:14:04,270 [INFO] BlockDiagram:2775 - set Specific Code input for plugin: NVIC
2026-07-30 12:14:04,270 [INFO] BlockDiagram:2775 - set Specific Code input for plugin: USART
2026-07-30 12:14:04,270 [INFO] BlockDiagram:2775 - set Specific Code input for plugin: USART
2026-07-30 12:14:04,270 [INFO] BlockDiagram:2775 - set Specific Code input for plugin: USART
2026-07-30 12:14:04,270 [INFO] BlockDiagram:2775 - set Specific Code input for plugin: OCTOSPI
2026-07-30 12:14:04,270 [INFO] BlockDiagram:2775 - set Specific Code input for plugin: UART
2026-07-30 12:14:04,271 [INFO] BlockDiagram:2775 - set Specific Code input for plugin: GPIO
2026-07-30 12:14:04,272 [INFO] CodeGenerator:892 - code generatio: config db path: C:\ST\STM32CubeIDE_1.19.0\STM32CubeIDE\plugins\com.st.stm32cube.common.mx_6.15.0.202507011659\\db\
2026-07-30 12:14:04,340 [WARN] IP:2250 - MaxTran not found: check if there is a RefParameter without a condition.
2026-07-30 12:14:04,341 [WARN] IP:2250 - Refresh not found: check if there is a RefParameter without a condition.
2026-07-30 12:14:04,525 [INFO] CodeEngine:265 - oldGeneratedFile, D:\TinyML_GJ\TinyML_Workshop\STM32\Interface_OnBoard_IMU\MXTmpFiles\license.tmp_save
2026-07-30 12:14:04,966 [INFO] CodeEngine:289 - Generated code: D:\TinyML_GJ\TinyML_Workshop\STM32\Interface_OnBoard_IMU\MXTmpFiles\license.tmp
2026-07-30 12:14:05,318 [INFO] CodeEngine:265 - oldGeneratedFile, D:\TinyML_GJ\TinyML_Workshop\STM32\Interface_OnBoard_IMU\MXTmpFiles\gpio.tmp_save
2026-07-30 12:14:05,564 [INFO] CodeEngine:289 - Generated code: D:\TinyML_GJ\TinyML_Workshop\STM32\Interface_OnBoard_IMU\MXTmpFiles\gpio.tmp
2026-07-30 12:14:09,227 [WARN] IPConfigManager:103 - WARNING: Missing Config File for USB ip!!
2026-07-30 12:14:09,433 [WARN] IPConfigManager:3238 - Warning: the RefConfig PWREx_EnableUSBVoltageDetector is not available in your config.xml file
2026-07-30 12:14:09,464 [INFO] CodeEngine:265 - oldGeneratedFile, D:\TinyML_GJ\TinyML_Workshop\STM32\Interface_OnBoard_IMU\Core\Src\stm32l4xx_it.c_save
2026-07-30 12:14:09,796 [INFO] CodeEngine:289 - Generated code: D:\TinyML_GJ\TinyML_Workshop\STM32\Interface_OnBoard_IMU\Core\Src\stm32l4xx_it.c
2026-07-30 12:14:09,812 [INFO] CodeEngine:265 - oldGeneratedFile, D:\TinyML_GJ\TinyML_Workshop\STM32\Interface_OnBoard_IMU\Core\Inc\stm32l4xx_it.h_save
2026-07-30 12:14:09,946 [INFO] CodeEngine:289 - Generated code: D:\TinyML_GJ\TinyML_Workshop\STM32\Interface_OnBoard_IMU\Core\Inc\stm32l4xx_it.h
2026-07-30 12:14:09,969 [INFO] CodeEngine:265 - oldGeneratedFile, D:\TinyML_GJ\TinyML_Workshop\STM32\Interface_OnBoard_IMU\Core\Src\stm32l4xx_hal_msp.c_save
2026-07-30 12:14:10,331 [INFO] CodeEngine:289 - Generated code: D:\TinyML_GJ\TinyML_Workshop\STM32\Interface_OnBoard_IMU\Core\Src\stm32l4xx_hal_msp.c
2026-07-30 12:14:10,357 [INFO] CodeEngine:265 - oldGeneratedFile, D:\TinyML_GJ\TinyML_Workshop\STM32\Interface_OnBoard_IMU\MXTmpFiles\system.tmp_save
2026-07-30 12:14:10,462 [INFO] CodeEngine:289 - Generated code: D:\TinyML_GJ\TinyML_Workshop\STM32\Interface_OnBoard_IMU\MXTmpFiles\system.tmp
2026-07-30 12:14:10,495 [INFO] CodeEngine:321 - oldGeneratedFile, D:\TinyML_GJ\TinyML_Workshop\STM32\Interface_OnBoard_IMU\Core\Inc\stm32l4xx_hal_conf.h_save
2026-07-30 12:14:10,703 [INFO] CodeEngine:345 - Generated code: D:\TinyML_GJ\TinyML_Workshop\STM32\Interface_OnBoard_IMU\Core\Inc\stm32l4xx_hal_conf.h
2026-07-30 12:14:10,768 [INFO] ApiDbMcu:532 - Load IP Config File for ADC1
2026-07-30 12:14:10,785 [INFO] ApiDbMcu:532 - Load IP Config File for DFSDM1
2026-07-30 12:14:10,790 [INFO] ApiDbMcu:532 - Load IP Config File for I2C1
2026-07-30 12:14:10,794 [INFO] ApiDbMcu:532 - Load IP Config File for I2C2
2026-07-30 12:14:10,798 [INFO] ApiDbMcu:532 - Load IP Config File for OCTOSPI1
2026-07-30 12:14:10,802 [INFO] ApiDbMcu:532 - Load IP Config File for SPI1
2026-07-30 12:14:10,805 [INFO] ApiDbMcu:532 - Load IP Config File for SPI3
2026-07-30 12:14:10,820 [INFO] ApiDbMcu:532 - Load IP Config File for UART4
2026-07-30 12:14:10,834 [INFO] ApiDbMcu:532 - Load IP Config File for USART1
2026-07-30 12:14:10,848 [INFO] ApiDbMcu:532 - Load IP Config File for USART2
2026-07-30 12:14:10,862 [INFO] ApiDbMcu:532 - Load IP Config File for USART3
2026-07-30 12:14:10,863 [ERROR] ApiDbMcu:560 - Cannot parse USB_OTG_FS_Config file : file do not exist
2026-07-30 12:14:10,863 [ERROR] ApiDbMcu:560 - Cannot parse USB_OTG_FS_Config file : file do not exist
2026-07-30 12:14:10,867 [INFO] ApiDbMcu:532 - Load IP Config File for RCC
2026-07-30 12:14:10,871 [WARN] IPConfigManager:3811 - IP not found : USB_OTG
2026-07-30 12:14:10,872 [WARN] CodeGenerator:4259 - IP not found : null
2026-07-30 12:14:10,881 [INFO] CodeEngine:265 - oldGeneratedFile, D:\TinyML_GJ\TinyML_Workshop\STM32\Interface_OnBoard_IMU\Core\Inc\main.h_save
2026-07-30 12:14:11,114 [INFO] CodeEngine:289 - Generated code: D:\TinyML_GJ\TinyML_Workshop\STM32\Interface_OnBoard_IMU\Core\Inc\main.h
2026-07-30 12:14:11,136 [INFO] CodeEngine:265 - oldGeneratedFile, D:\TinyML_GJ\TinyML_Workshop\STM32\Interface_OnBoard_IMU\Core\Src\main.c_save
2026-07-30 12:14:11,331 [INFO] CodeEngine:289 - Generated code: D:\TinyML_GJ\TinyML_Workshop\STM32\Interface_OnBoard_IMU\Core\Src\main.c
2026-07-30 12:14:11,699 [INFO] ProjectBuilder:3606 - Time for Copy HAL[1] : 174mS.
2026-07-30 12:14:11,705 [INFO] ProjectBuilder:5216 - Project Generator version: 4.7.0-B52
2026-07-30 12:14:11,829 [INFO] ConfigFileManager:1595 - The Die is : DIE470
2026-07-30 12:14:11,849 [INFO] ApiDbMcu:532 - Load IP Config File for FATFS
2026-07-30 12:14:11,871 [INFO] ApiDbMcu:532 - Load IP Config File for FREERTOS
2026-07-30 12:14:11,902 [INFO] ApiDbMcu:532 - Load IP Config File for TOUCHSENSING
2026-07-30 12:14:11,924 [INFO] ApiDbMcu:532 - Load IP Config File for USB_DEVICE
2026-07-30 12:14:11,946 [INFO] ApiDbMcu:532 - Load IP Config File for USB_HOST
2026-07-30 12:14:15,444 [INFO] ProjectBuilder:5496 - Time for Generating toolchain IDE Files: 3740mS.
2026-07-30 12:14:15,445 [INFO] ProjectBuilder:3463 - Time for Copy CMSIS : 0mS.
2026-07-30 12:14:15,447 [INFO] ProjectBuilder:3463 - Time for Copy CMSIS : 0mS.
2026-07-30 12:14:16,528 [INFO] McuFinderGlobals:76 - Set McuFinderConnectedMode to true
2026-07-30 12:14:16,533 [INFO] ApiDb:448 - Save user favorites file C:\Users\ADMIN/.stm32cubeide/favorites.mcus.txt: 0 item(s)
2026-07-30 12:14:16,533 [INFO] ApiDb:452 - User favorites MCUs=[]
2026-07-30 12:14:16,535 [INFO] ApiDb:448 - Save user favorites file C:\Users\ADMIN/.stm32cubeide/favorites.boards.txt: 1 item(s)
2026-07-30 12:14:16,535 [INFO] ApiDb:452 - User favorites Boards=[B-L4S5I-IOT01A]
2026-07-30 12:16:35,248 [INFO] WebApp:652 - userauth.ini deleted or not created
2026-07-30 12:16:35,725 [INFO] ServerAccessManage:452 - Complete download http(s) 200
2026-07-30 12:16:35,725 [INFO] ServerAccessManage:509 - Download File STMicroelectronics.X-CUBE-AI.10.2.1.pack
2026-07-30 12:17:13,040 [INFO] AnalyticsPlugin:368 - Accepted License(s): [STMicroelectronics.X-CUBE-AI.10.2.1]
2026-07-30 12:17:13,042 [INFO] FileExtend:248 - Unzip File : STMicroelectronics.X-CUBE-AI.10.2.1.pack
2026-07-30 12:17:13,042 [INFO] FileExtend:263 - Standard Zip Deflate
2026-07-30 12:17:14,440 [INFO] LoadServerPackagesThread:196 - End of LoadServerPackages Thread
2026-07-30 12:17:14,844 [WARN] ThirdParty:509 - waiting for thirdparty lock release [add software pack]
2026-07-30 12:17:14,845 [INFO] ThirdParty:511 - entering critical section [add software pack]
2026-07-30 12:17:14,989 [INFO] ThirdPartyModel:298 - Start build external matchings
2026-07-30 12:17:15,511 [INFO] ThirdPartyModel:316 - End build external matchings
2026-07-30 12:17:15,817 [INFO] ThirdPartyPackRequestProcessor:621 - CMSIS Pack Vendor :STMicroelectronics X-CUBE-AZRTOS-H7 3.5.0
2026-07-30 12:17:15,817 [INFO] ThirdPartyPackRequestProcessor:621 - CMSIS Pack Vendor :STMicroelectronics X-CUBE-PM33A1 1.0.0
2026-07-30 12:17:15,817 [INFO] ThirdPartyPackRequestProcessor:621 - CMSIS Pack Vendor :STMicroelectronics USBPD 4.1
2026-07-30 12:17:15,817 [INFO] ThirdPartyPackRequestProcessor:621 - CMSIS Pack Vendor :STMicroelectronics X-CUBE-NFC9 1.0.0
2026-07-30 12:17:15,817 [INFO] ThirdPartyPackRequestProcessor:621 - CMSIS Pack Vendor :STMicroelectronics USB_HOST 2.0.0
2026-07-30 12:17:15,817 [INFO] ThirdPartyPackRequestProcessor:621 - CMSIS Pack Vendor :STMicroelectronics FP-ATR-ASTRA1 2.0.3
2026-07-30 12:17:15,817 [INFO] ThirdPartyPackRequestProcessor:621 - CMSIS Pack Vendor :STMicroelectronics X-CUBE-AZRTOS-F4 1.1.0
2026-07-30 12:17:15,817 [INFO] ThirdPartyPackRequestProcessor:621 - CMSIS Pack Vendor :STMicroelectronics LIBJPEG 8.0.0
2026-07-30 12:17:15,817 [INFO] ThirdPartyPackRequestProcessor:621 - CMSIS Pack Vendor :STMicroelectronics X-CUBE-BLE1 7.1.0
2026-07-30 12:17:15,817 [INFO] ThirdPartyPackRequestProcessor:621 - CMSIS Pack Vendor :wolfSSL I-CUBE-wolfMQTT 1.19.2
2026-07-30 12:17:15,817 [INFO] ThirdPartyPackRequestProcessor:621 - CMSIS Pack Vendor :STMicroelectronics USB_DEVICE 3.0.0
2026-07-30 12:17:15,817 [INFO] ThirdPartyPackRequestProcessor:621 - CMSIS Pack Vendor :STMicroelectronics X-CUBE-ISPU 2.1.0
2026-07-30 12:17:15,817 [INFO] ThirdPartyPackRequestProcessor:621 - CMSIS Pack Vendor :STMicroelectronics X-CUBE-EEPRMA1 5.2.0
2026-07-30 12:17:15,817 [INFO] ThirdPartyPackRequestProcessor:621 - CMSIS Pack Vendor :STMicroelectronics X-CUBE-IPS 3.2.0
2026-07-30 12:17:15,817 [INFO] ThirdPartyPackRequestProcessor:621 - CMSIS Pack Vendor :STMicroelectronics eDS-WB_DPC_TT-BIDIR 2.1.1
2026-07-30 12:17:15,817 [INFO] ThirdPartyPackRequestProcessor:621 - CMSIS Pack Vendor :STMicroelectronics X-CUBE-AZRTOS-WB 2.0.0
2026-07-30 12:17:15,817 [INFO] ThirdPartyPackRequestProcessor:621 - CMSIS Pack Vendor :STMicroelectronics X-CUBE-NFC12 1.0.0
2026-07-30 12:17:15,817 [INFO] ThirdPartyPackRequestProcessor:621 - CMSIS Pack Vendor :STMicroelectronics X-CUBE-AZRTOS-F7 1.1.0
2026-07-30 12:17:15,817 [INFO] ThirdPartyPackRequestProcessor:621 - CMSIS Pack Vendor :STMicroelectronics X-CUBE-AZRTOS-L5 2.0.0
2026-07-30 12:17:15,817 [INFO] ThirdPartyPackRequestProcessor:621 - CMSIS Pack Vendor :STMicroelectronics USB_DEVICE 2.0.0
2026-07-30 12:17:15,817 [INFO] ThirdPartyPackRequestProcessor:621 - CMSIS Pack Vendor :STMicroelectronics X-CUBE-FREERTOS 1.6.0
2026-07-30 12:17:15,817 [INFO] ThirdPartyPackRequestProcessor:621 - CMSIS Pack Vendor :STMicroelectronics FP-SNS-STAIOTCFT 1.1.0
2026-07-30 12:17:15,817 [INFO] ThirdPartyPackRequestProcessor:621 - CMSIS Pack Vendor :quantropi X-CUBE-qispace-sdk-base 2.1.0
2026-07-30 12:17:15,817 [INFO] ThirdPartyPackRequestProcessor:621 - CMSIS Pack Vendor :STMicroelectronics X-CUBE-STSE01 2.0.0
2026-07-30 12:17:15,817 [INFO] ThirdPartyPackRequestProcessor:621 - CMSIS Pack Vendor :STMicroelectronics X-CUBE-ALGOBUILD 1.5.0
2026-07-30 12:17:15,817 [INFO] ThirdPartyPackRequestProcessor:621 - CMSIS Pack Vendor :STMicroelectronics FP-SNS-MOTENV1 5.1.0
2026-07-30 12:17:15,817 [INFO] ThirdPartyPackRequestProcessor:621 - CMSIS Pack Vendor :STMicroelectronics FreeRTOS 0.0.1
2026-07-30 12:17:15,817 [INFO] ThirdPartyPackRequestProcessor:621 - CMSIS Pack Vendor :STMicroelectronics X-CUBE-AZRTOS-H7RS 1.3.0
2026-07-30 12:17:15,817 [INFO] ThirdPartyPackRequestProcessor:621 - CMSIS Pack Vendor :STMicroelectronics X-CUBE-AZRTOS-G0 1.1.0
2026-07-30 12:17:15,817 [INFO] ThirdPartyPackRequestProcessor:621 - CMSIS Pack Vendor :STMicroelectronics X-CUBE-NFC4 3.0.0
2026-07-30 12:17:15,817 [INFO] ThirdPartyPackRequestProcessor:621 - CMSIS Pack Vendor :STMicroelectronics X-CUBE-SUBG2 5.0.0
2026-07-30 12:17:15,817 [INFO] ThirdPartyPackRequestProcessor:621 - CMSIS Pack Vendor :STMicroelectronics STM32_WPAN 1.0.0
2026-07-30 12:17:15,817 [INFO] ThirdPartyPackRequestProcessor:621 - CMSIS Pack Vendor :STMicroelectronics eDS-WB_DPC_VIENNA 1.2.0
2026-07-30 12:17:15,817 [INFO] ThirdPartyPackRequestProcessor:621 - CMSIS Pack Vendor :EmbeddedOffice I-CUBE-FS-RTOS 1.0.1
2026-07-30 12:17:15,817 [INFO] ThirdPartyPackRequestProcessor:621 - CMSIS Pack Vendor :STMicroelectronics lwIP 2.0.3
2026-07-30 12:17:15,817 [INFO] ThirdPartyPackRequestProcessor:621 - CMSIS Pack Vendor :WES I-CUBE-Cesium 1.4.0
2026-07-30 12:17:15,817 [INFO] ThirdPartyPackRequestProcessor:621 - CMSIS Pack Vendor :STMicroelectronics eDS-WB_DPC_3PH2L-BIDIR 1.1.1
2026-07-30 12:17:15,817 [INFO] ThirdPartyPackRequestProcessor:621 - CMSIS Pack Vendor :STMicroelectronics USB_HOST 1.0.0
2026-07-30 12:17:15,817 [INFO] ThirdPartyPackRequestProcessor:621 - CMSIS Pack Vendor :STMicroelectronics X-CUBE-AZRTOS-G4 2.0.0
2026-07-30 12:17:15,824 [INFO] ThirdPartyPackRequestProcessor:621 - CMSIS Pack Vendor :STMicroelectronics PDM2PCM 3.1.0
2026-07-30 12:17:15,824 [INFO] ThirdPartyPackRequestProcessor:621 - CMSIS Pack Vendor :STMicroelectronics PDM2PCM 3.3.0
2026-07-30 12:17:15,824 [INFO] ThirdPartyPackRequestProcessor:621 - CMSIS Pack Vendor :wolfSSL I-CUBE-wolfTPM 3.8.0
2026-07-30 12:17:15,824 [INFO] ThirdPartyPackRequestProcessor:621 - CMSIS Pack Vendor :STMicroelectronics X-CUBE-DISPLAY 3.0.0
2026-07-30 12:17:15,824 [INFO] ThirdPartyPackRequestProcessor:621 - CMSIS Pack Vendor :wolfSSL I-CUBE-wolfSSH 1.4.20
2026-07-30 12:17:15,824 [INFO] ThirdPartyPackRequestProcessor:621 - CMSIS Pack Vendor :STMicroelectronics X-CUBE-NFC7 2.0.0
2026-07-30 12:17:15,824 [INFO] ThirdPartyPackRequestProcessor:621 - CMSIS Pack Vendor :STMicroelectronics X-CUBE-GNSS1 7.1.1
2026-07-30 12:17:15,824 [INFO] ThirdPartyPackRequestProcessor:621 - CMSIS Pack Vendor :STMicroelectronics FP-SNS-MOTENVWB1 1.5.0
2026-07-30 12:17:15,824 [INFO] ThirdPartyPackRequestProcessor:621 - CMSIS Pack Vendor :STMicroelectronics X-CUBE-TCPP 4.2.0
2026-07-30 12:17:15,824 [INFO] ThirdPartyPackRequestProcessor:621 - CMSIS Pack Vendor :RealThread X-CUBE-RT-Thread_Nano 4.1.1
2026-07-30 12:17:15,824 [INFO] ThirdPartyPackRequestProcessor:621 - CMSIS Pack Vendor :STMicroelectronics FP-ATR-SIGFOX1 3.2.0
2026-07-30 12:17:15,824 [INFO] ThirdPartyPackRequestProcessor:621 - CMSIS Pack Vendor :STMicroelectronics X-CUBE-NFC10 1.0.0
2026-07-30 12:17:15,824 [INFO] ThirdPartyPackRequestProcessor:621 - CMSIS Pack Vendor :STMicroelectronics HAL Drivers 0.0.0
2026-07-30 12:17:15,824 [INFO] ThirdPartyPackRequestProcessor:621 - CMSIS Pack Vendor :STMicroelectronics MBEDTLS 2.16.2
2026-07-30 12:17:15,824 [INFO] ThirdPartyPackRequestProcessor:621 - CMSIS Pack Vendor :STMicroelectronics X-CUBE-ST60 1.1.0
2026-07-30 12:17:15,824 [INFO] ThirdPartyPackRequestProcessor:621 - CMSIS Pack Vendor :STMicroelectronics X-CUBE-ALS 1.0.2
2026-07-30 12:17:15,824 [INFO] ThirdPartyPackRequestProcessor:621 - CMSIS Pack Vendor :emotas I-CUBE-CANOPEN 1.3.0
2026-07-30 12:17:15,824 [INFO] ThirdPartyPackRequestProcessor:621 - CMSIS Pack Vendor :wolfSSL I-CUBE-wolfSSL 5.9.2
2026-07-30 12:17:15,824 [INFO] ThirdPartyPackRequestProcessor:621 - CMSIS Pack Vendor :STMicroelectronics MBEDTLS 2.14.1
2026-07-30 12:17:15,824 [INFO] ThirdPartyPackRequestProcessor:621 - CMSIS Pack Vendor :ITTIA_DB I-CUBE-ITTIADB 8.9.0
2026-07-30 12:17:15,824 [INFO] ThirdPartyPackRequestProcessor:621 - CMSIS Pack Vendor :Cesanta I-CUBE-Mongoose 7.21.7
2026-07-30 12:17:15,826 [INFO] ThirdPartyPackRequestProcessor:621 - CMSIS Pack Vendor :STMicroelectronics X-CUBE-TOUCHGFX 4.26.1
2026-07-30 12:17:15,826 [INFO] ThirdPartyPackRequestProcessor:621 - CMSIS Pack Vendor :STMicroelectronics X-CUBE-NFC6 3.2.0
2026-07-30 12:17:15,826 [INFO] ThirdPartyPackRequestProcessor:621 - CMSIS Pack Vendor :STMicroelectronics FP-SNS-STBOX1 2.1.0
2026-07-30 12:17:15,826 [INFO] ThirdPartyPackRequestProcessor:621 - CMSIS Pack Vendor :STMicroelectronics X-CUBE-AI 10.2.1
2026-07-30 12:17:15,826 [INFO] ThirdPartyPackRequestProcessor:621 - CMSIS Pack Vendor :STMicroelectronics ThreadX 1.0.0
2026-07-30 12:17:15,826 [INFO] ThirdPartyPackRequestProcessor:621 - CMSIS Pack Vendor :STMicroelectronics FP-SNS-SMARTAG2 1.2.0
2026-07-30 12:17:15,826 [INFO] ThirdPartyPackRequestProcessor:621 - CMSIS Pack Vendor :STMicroelectronics X-CUBE-MEMS1 12.1.0
2026-07-30 12:17:15,826 [INFO] ThirdPartyPackRequestProcessor:621 - CMSIS Pack Vendor :STMicroelectronics FP-SNS-FLIGHT1 5.1.0
2026-07-30 12:17:15,826 [INFO] ThirdPartyPackRequestProcessor:621 - CMSIS Pack Vendor :STMicroelectronics X-CUBE-AZRTOS-WL 2.0.0
2026-07-30 12:17:15,826 [INFO] ThirdPartyPackRequestProcessor:621 - CMSIS Pack Vendor :SEGGER I-CUBE-embOS 1.3.1
2026-07-30 12:17:15,826 [INFO] ThirdPartyPackRequestProcessor:621 - CMSIS Pack Vendor :STMicroelectronics X-CUBE-DPower 1.3.0
2026-07-30 12:17:15,826 [INFO] ThirdPartyPackRequestProcessor:621 - CMSIS Pack Vendor :STMicroelectronics USB_DEVICE 1.0.0
2026-07-30 12:17:15,826 [INFO] ThirdPartyPackRequestProcessor:621 - CMSIS Pack Vendor :STMicroelectronics X-CUBE-AZRTOS-L4 2.0.0
2026-07-30 12:17:15,826 [INFO] ThirdPartyPackRequestProcessor:621 - CMSIS Pack Vendor :STMicroelectronics ThreadX 0.0.2
2026-07-30 12:17:15,826 [INFO] ThirdPartyPackRequestProcessor:621 - CMSIS Pack Vendor :STMicroelectronics lwIP 2.1.2
2026-07-30 12:17:15,826 [INFO] ThirdPartyPackRequestProcessor:621 - CMSIS Pack Vendor :STMicroelectronics X-CUBE-SFXS2LP1 4.0.0
2026-07-30 12:17:15,826 [INFO] ThirdPartyPackRequestProcessor:621 - CMSIS Pack Vendor :STMicroelectronics X-CUBE-BLE2 3.3.0
2026-07-30 12:17:15,826 [INFO] ThirdPartyPackRequestProcessor:621 - CMSIS Pack Vendor :Avnet-IOTCONNECT X-CUBE-iotc-st67-sdk 1.0.0
2026-07-30 12:17:15,826 [INFO] ThirdPartyPackRequestProcessor:621 - CMSIS Pack Vendor :STMicroelectronics X-CUBE-TOF1 3.4.3
2026-07-30 12:17:15,826 [INFO] ThirdPartyPackRequestProcessor:621 - CMSIS Pack Vendor :Infineon AIROC-Wi-Fi-Bluetooth-STM32 1.8.0
2026-07-30 12:17:15,826 [INFO] ThirdPartyPackRequestProcessor:621 - CMSIS Pack Vendor :STMicroelectronics X-CUBE-NFC13 1.0.0
2026-07-30 12:17:15,826 [INFO] ThirdPartyPackRequestProcessor:621 - CMSIS Pack Vendor :STMicroelectronics PDM2PCM 3.2.0
2026-07-30 12:17:15,826 [INFO] ThirdPartyPackRequestProcessor:621 - CMSIS Pack Vendor :STMicroelectronics X-CUBE-WB05N 2.1.0
2026-07-30 12:17:15,828 [INFO] ThirdParty:514 - exiting critical section [add software pack]
2026-07-30 12:17:15,828 [INFO] LoadServerUpdatesThread:375 - End of LoadServerUpdate Thread
2026-07-30 12:17:16,063 [INFO] MainUpdater:1610 - ProgressBar Return now
2026-07-30 12:17:16,063 [INFO] ThirdPartyModel:298 - Start build external matchings
2026-07-30 12:17:16,595 [INFO] ThirdPartyModel:316 - End build external matchings
2026-07-30 12:17:16,790 [INFO] CheckServerUpdateThread:120 - End of CheckServer Thread
2026-07-30 12:18:42,381 [INFO] ApiDbMcu:532 - Load IP Config File for STMicroelectronics.X-CUBE-AI.10.2.1
2026-07-30 12:18:42,681 [WARN] SupportedApi:132 - Cannot load RTOS API schema: s4s-elt-must-match.1: The content of 'definitions' must match (annotation?, (simpleType | complexType)?, (unique | key | keyref)*)). A problem was found starting at: attribute.
2026-07-30 12:18:42,782 [INFO] IPUIPlugin:80 - create IPUIPlugin
2026-07-30 12:18:49,666 [INFO] PlatformPackageDownloader:268 - STEdgeAI Core will be downloaded from: https://api.stm32ai.com/marketplace/v1/file/stedgeai-windows-10.2.0.zip?o=X-CUBE-AI&token=10
2026-07-30 12:18:50,798 [INFO] PlatformPackageDownloader:439 - 888924835 bytes to download
2026-07-30 12:19:00,823 [INFO] PlatformPackageDownloader:458 - 329584640 bytes downloaded
2026-07-30 12:19:10,868 [INFO] PlatformPackageDownloader:458 - 606965760 bytes downloaded
2026-07-30 12:19:20,870 [INFO] PlatformPackageDownloader:458 - 817123328 bytes downloaded
2026-07-30 12:19:23,192 [INFO] PlatformPackageDownloader:462 - 888924835 bytes downloaded
2026-07-30 12:19:25,066 [INFO] ZipFileManager:192 - unzip 11%
2026-07-30 12:19:42,605 [INFO] ZipFileManager:192 - unzip 22%
2026-07-30 12:20:10,516 [INFO] ZipFileManager:192 - unzip 33%
2026-07-30 12:20:34,817 [INFO] ZipFileManager:192 - unzip 44%
2026-07-30 12:20:36,192 [INFO] ZipFileManager:192 - unzip 75%
2026-07-30 12:20:51,917 [INFO] ZipFileManager:192 - unzip 86%
2026-07-30 12:21:04,412 [INFO] ZipFileManager:192 - unzip 97%
2026-07-30 12:21:06,353 [INFO] PluginManager:220 - loadIPPluginJar : add ai.10.2.1
2026-07-30 12:21:08,780 [INFO] IPUIPlugin:80 - create IPUIPlugin
2026-07-30 12:21:09,450 [INFO] ServerAccessManage:452 - Complete download http(s) 200
2026-07-30 12:21:09,450 [INFO] ServerAccessManage:509 - Download File 
2026-07-30 12:21:09,453 [INFO] LoadUrlFilesThread:185 - End of LoadServerUrlFiles without Thread
2026-07-30 12:24:29,282 [INFO] AIMainUI:1269 - Restoring parameters from IP...
2026-07-30 12:24:29,282 [INFO] AIMainUI:1392 - No old model detected
2026-07-30 12:24:29,318 [INFO] AI:955 - getUI adding AI com.st.microxplorer.plugins.ip.ai.AI@7ca8f4d2 on STMicroelectronics.X-CUBE-AI.10.2.1
2026-07-30 12:37:52,641 [INFO] AInterface:116 - AInterface using toolDir: C:/Users/ADMIN/STM32Cube/Repository//Packs/STMicroelectronics/X-CUBE-AI/10.2.1/Utilities/windows
2026-07-30 12:37:52,736 [INFO] AIModelDetailledView:2264 - Analysis status: -
2026-07-30 12:37:52,737 [INFO] AIModelDetailledView:898 - Selected model: Keras
2026-07-30 12:38:19,152 [INFO] AIModelDetailledView:898 - Selected model: ONNX
2026-07-30 12:39:14,705 [INFO] AInterface:259 - ModelName:network; files:[D:\TinyML_GJ\TinyML_Workshop\ONNX\random_forest_model.onnx]; type:ONNX; compression:None
2026-07-30 12:39:14,707 [INFO] AInterface:526 - workspaceTempDir: C:/Users/ADMIN/AppData/Local/Temp/mxAI_workspace847740355574679910518406114786016807
2026-07-30 12:39:14,709 [INFO] AInterface:1179 - Setting Env: C:/Users/ADMIN/STM32Cube/Repository//Packs/STMicroelectronics/X-CUBE-AI/10.2.1/Utilities/windows
2026-07-30 12:39:14,991 [INFO] STM32CubeIDEBuilder:265 - Looking for gnu-tools-for-stm32 tools/bin/arm-none-eabi-gcc.exe in C:\ST\STM32CubeIDE_1.19.0\STM32CubeIDE
2026-07-30 12:39:15,001 [INFO] STM32CubeIDEBuilder:294 - checking C:\ST\STM32CubeIDE_1.19.0\STM32CubeIDE\plugins\com.st.stm32cube.ide.mcu.externaltools.gnu-tools-for-stm32.13.3.rel1.win32_1.0.0.202411081344\tools\bin\arm-none-eabi-gcc.exe
2026-07-30 12:39:15,002 [INFO] STM32CubeIDEBuilder:297 - ret=C:\ST\STM32CubeIDE_1.19.0\STM32CubeIDE\plugins\com.st.stm32cube.ide.mcu.externaltools.gnu-tools-for-stm32.13.3.rel1.win32_1.0.0.202411081344\tools\bin\arm-none-eabi-gcc.exe
2026-07-30 12:39:15,002 [INFO] STM32CubeIDEBuilder:311 - returning C:\ST\STM32CubeIDE_1.19.0\STM32CubeIDE\plugins\com.st.stm32cube.ide.mcu.externaltools.gnu-tools-for-stm32.13.3.rel1.win32_1.0.0.202411081344\tools\bin\arm-none-eabi-gcc.exe
2026-07-30 12:39:15,003 [INFO] AInterface:1236 - Custom PATH variable: C:/Users/ADMIN/STM32Cube/Repository//Packs/STMicroelectronics/X-CUBE-AI/10.2.1/Utilities/windows;C:/Users/ADMIN/STM32Cube/Repository//Packs/STMicroelectronics/X-CUBE-AI/10.2.1/Utilities/windows/mingw64/bin;C:/Users/ADMIN/STM32Cube/Repository//Packs/STMicroelectronics/X-CUBE-AI/10.2.1/Utilities/windows/mingw64/libexec/gcc/x86_64-w64-mingw32/7.3.0;;C:\ST\STM32CubeIDE_1.19.0\STM32CubeIDE\plugins\com.st.stm32cube.ide.mcu.externaltools.gnu-tools-for-stm32.13.3.rel1.win32_1.0.0.202411081344\tools\bin
2026-07-30 12:39:15,015 [INFO] CmdLine:115 - Command: C:/Users/ADMIN/STM32Cube/Repository//Packs/STMicroelectronics/X-CUBE-AI/10.2.1/Utilities/windows/stedgeai.exe analyze --target stm32l4 --name network -m D:/TinyML_GJ/TinyML_Workshop/ONNX/random_forest_model.onnx --compression none --verbosity 1 --workspace C:/Users/ADMIN/AppData/Local/Temp/mxAI_workspace847740355574679910518406114786016807 --output C:/Users/ADMIN/.stm32cubemx/network_output
2026-07-30 12:39:15,019 [INFO] AIModelDetailledView:2264 - Analysis status: pending
2026-07-30 12:39:17,784 [INFO] CmdLine:76 - ST Edge AI Core v2.2.0-20266 2adc00962
2026-07-30 12:39:49,987 [INFO] CmdLine:76 - Creating c (debug) info json file C:\Users\ADMIN\.stm32cubemx\network_output\network_c_info.json
2026-07-30 12:39:50,158 [INFO] CmdLine:76 -  
2026-07-30 12:39:50,159 [INFO] CmdLine:76 -  Exec/report summary (analyze)
2026-07-30 12:39:50,159 [INFO] CmdLine:76 -  --------------------------------------------------------------------------------------------------------------
2026-07-30 12:39:50,160 [INFO] CmdLine:76 -  model file         :   D:\TinyML_GJ\TinyML_Workshop\ONNX\random_forest_model.onnx                             
2026-07-30 12:39:50,160 [INFO] CmdLine:76 -  type               :   onnx                                                                                   
2026-07-30 12:39:50,160 [INFO] CmdLine:76 -  c_name             :   network                                                                                
2026-07-30 12:39:50,161 [INFO] CmdLine:76 -  compression        :   none                                                                                   
2026-07-30 12:39:50,161 [INFO] CmdLine:76 -  options            :   allocate-inputs, allocate-outputs                                                      
2026-07-30 12:39:50,161 [INFO] CmdLine:76 -  optimization       :   balanced                                                                               
2026-07-30 12:39:50,161 [INFO] CmdLine:76 -  target/series      :   stm32l4                                                                                
2026-07-30 12:39:50,162 [INFO] CmdLine:76 -  workspace dir      :   C:\Users\ADMIN\AppData\Local\Temp\mxAI_workspace847740355574679910518406114786016807   
2026-07-30 12:39:50,162 [INFO] CmdLine:76 -  output dir         :   C:\Users\ADMIN\.stm32cubemx\network_output                                             
2026-07-30 12:39:50,162 [INFO] CmdLine:76 -  model_fmt          :   undefined                                                                              
2026-07-30 12:39:50,163 [INFO] CmdLine:76 -  model_name         :   random_forest_model                                                                    
2026-07-30 12:39:50,163 [INFO] CmdLine:76 -  model_hash         :   0xd29c45df724f3b36c9aa8b9f7a329e08                                                     
2026-07-30 12:39:50,163 [INFO] CmdLine:76 -  params #           :   520,842 items (1.25 MiB)                                                               
2026-07-30 12:39:50,163 [INFO] CmdLine:76 -  --------------------------------------------------------------------------------------------------------------
2026-07-30 12:39:50,164 [INFO] CmdLine:76 -  input 1/1          :   'float_input', f32(1x1x6), 24 Bytes, activations                                       
2026-07-30 12:39:50,164 [INFO] CmdLine:76 -  output 1/2         :   'label0', int32(1x1), 4 Bytes, activations                                             
2026-07-30 12:39:50,164 [INFO] CmdLine:76 -  output 2/2         :   'output_probability', f32(1x1x5x2), 40 Bytes, activations                              
2026-07-30 12:39:50,164 [INFO] CmdLine:76 -  outputs (total)    :   44 Bytes                                                                               
2026-07-30 12:39:50,165 [INFO] CmdLine:76 -  macc               :   1,311                                                                                  
2026-07-30 12:39:50,165 [INFO] CmdLine:76 -  weights (ro)       :   1,313,296 B (1.25 MiB) (1 segment) / -770,072(-37.0%) vs float model                   
2026-07-30 12:39:50,165 [INFO] CmdLine:76 -  activations (rw)   :   64 B (64 B) (1 segment) *                                                              
2026-07-30 12:39:50,166 [INFO] CmdLine:76 -  ram (total)        :   64 B (64 B) = 64 + 0 + 0                                                               
2026-07-30 12:39:50,173 [INFO] CmdLine:76 -  --------------------------------------------------------------------------------------------------------------
2026-07-30 12:39:50,175 [INFO] CmdLine:76 -  (*) 'input'/'output' buffers are allocated in the activations buffer
2026-07-30 12:39:50,221 [INFO] CmdLine:76 - Computing AI RT data/code size (target=stm32l4)..
2026-07-30 12:39:55,024 [INFO] CmdLine:76 -  Model name - random_forest_model
2026-07-30 12:39:55,025 [INFO] CmdLine:76 -  ------ -------------------------------- ---------------- ------------------- ------- --------------
2026-07-30 12:39:55,026 [INFO] CmdLine:76 -  m_id   layer (original)                 oshape           param/size             macc   connected to
2026-07-30 12:39:55,026 [INFO] CmdLine:76 -  ------ -------------------------------- ---------------- ------------------- ------- --------------
2026-07-30 12:39:55,027 [INFO] CmdLine:76 -  0      float_input ()                   [h:1,c:6]
2026-07-30 12:39:55,028 [INFO] CmdLine:76 -  ------ -------------------------------- ---------------- ------------------- ------- --------------
2026-07-30 12:39:55,028 [INFO] CmdLine:76 -  1      label (TreeEnsembleClassifier)   [c:1][h:1,c:5]   520,837/1,313,282     1,311    float_input
2026-07-30 12:39:55,029 [INFO] CmdLine:76 -  ------ -------------------------------- ---------------- ------------------- ------- --------------
2026-07-30 12:39:55,029 [INFO] CmdLine:76 -  2      output_label (Cast)              [c:1]                                      2          label
2026-07-30 12:39:55,030 [INFO] CmdLine:76 -  ------ -------------------------------- ---------------- ------------------- ------- --------------
2026-07-30 12:39:55,031 [INFO] CmdLine:76 -  3      output_probability (ZipMap)      [h:1,w:5,c:2]    5/5                                  label
2026-07-30 12:39:55,031 [INFO] CmdLine:76 -  ------ -------------------------------- ---------------- ------------------- ------- --------------
2026-07-30 12:39:55,034 [INFO] CmdLine:76 -  model: macc=1,313 weights=1,313,287 activations=-- io=--
2026-07-30 12:39:55,035 [INFO] CmdLine:76 -  Number of operations per c-layer
2026-07-30 12:39:55,035 [INFO] CmdLine:76 -  ------- ------ -------------------------------- ------- -------------
2026-07-30 12:39:55,036 [INFO] CmdLine:76 -  c_id    m_id   name (type)                          #op          type
2026-07-30 12:39:55,036 [INFO] CmdLine:76 -  ------- ------ -------------------------------- ------- -------------
2026-07-30 12:39:55,037 [INFO] CmdLine:76 -  0       1      label (TreeEnsembleClassifier)     1,311   smul_f32_s8
2026-07-30 12:39:55,044 [INFO] CmdLine:76 -  1       3      output_probability (ZipMap)            0   smul_f32_s8
2026-07-30 12:39:55,045 [INFO] CmdLine:76 -  ------- ------ -------------------------------- ------- -------------
2026-07-30 12:39:55,045 [INFO] CmdLine:76 -  total                                             1,311
2026-07-30 12:39:55,046 [INFO] CmdLine:76 -  Number of operation types
2026-07-30 12:39:55,046 [INFO] CmdLine:76 -  ---------------- ------- -----------
2026-07-30 12:39:55,046 [INFO] CmdLine:76 -  operation type         #           %
2026-07-30 12:39:55,047 [INFO] CmdLine:76 -  ---------------- ------- -----------
2026-07-30 12:39:55,047 [INFO] CmdLine:76 -  smul_f32_s8        1,311      100.0%
2026-07-30 12:39:55,047 [INFO] CmdLine:76 -  Complexity report (model)
2026-07-30 12:39:55,048 [INFO] CmdLine:76 -  ------ -------------------- ------------------------- ------------------------- ------
2026-07-30 12:39:55,048 [INFO] CmdLine:76 -  m_id   name                 c_macc                    c_rom                     c_id
2026-07-30 12:39:55,049 [INFO] CmdLine:76 -  ------ -------------------- ------------------------- ------------------------- ------
2026-07-30 12:39:55,049 [INFO] CmdLine:76 -  1      label                |||||||||||||||| 100.0%   |||||||||||||||| 100.0%   [0]
2026-07-30 12:39:55,049 [INFO] CmdLine:76 -  3      output_probability   |                  0.0%   |                  0.0%   [1]
2026-07-30 12:39:55,050 [INFO] CmdLine:76 -  ------ -------------------- ------------------------- ------------------------- ------
2026-07-30 12:39:55,051 [INFO] CmdLine:76 -  macc=1,311 weights=1,313,296 act=64 ram_io=0
2026-07-30 12:39:55,051 [INFO] CmdLine:76 -  Requested memory size by section - "stm32l4" target
2026-07-30 12:39:55,052 [INFO] CmdLine:76 -  ------------------------------ ------- ----------- ------- -----
2026-07-30 12:39:55,052 [INFO] CmdLine:76 -  module                            text      rodata    data   bss
2026-07-30 12:39:55,053 [INFO] CmdLine:76 -  ------------------------------ ------- ----------- ------- -----
2026-07-30 12:39:55,053 [INFO] CmdLine:76 -  NetworkRuntime1020_CM4_GCC.a     5,508           0       0     0
2026-07-30 12:39:55,054 [INFO] CmdLine:76 -  network.o                          704          16   1,768   172
2026-07-30 12:39:55,054 [INFO] CmdLine:76 -  network_data.o                      48          16      88     0
2026-07-30 12:39:55,055 [INFO] CmdLine:76 -  lib (toolchain)*                     0           0       0     0
2026-07-30 12:39:55,055 [INFO] CmdLine:76 -  ------------------------------ ------- ----------- ------- -----
2026-07-30 12:39:55,056 [INFO] CmdLine:76 -  RT total**                       6,260          32   1,856   172
2026-07-30 12:39:55,056 [INFO] CmdLine:76 -  ------------------------------ ------- ----------- ------- -----
2026-07-30 12:39:55,057 [INFO] CmdLine:76 -  weights                              0   1,313,296       0     0
2026-07-30 12:39:55,057 [INFO] CmdLine:76 -  activations                          0           0       0    64
2026-07-30 12:39:55,058 [INFO] CmdLine:76 -  io                                   0           0       0     0
2026-07-30 12:39:55,058 [INFO] CmdLine:76 -  ------------------------------ ------- ----------- ------- -----
2026-07-30 12:39:55,059 [INFO] CmdLine:76 -  TOTAL                            6,260   1,313,328   1,856   236
2026-07-30 12:39:55,059 [INFO] CmdLine:76 -  ------------------------------ ------- ----------- ------- -----
2026-07-30 12:39:55,060 [INFO] CmdLine:76 -  *  toolchain objects (libm/libgcc*)
2026-07-30 12:39:55,060 [INFO] CmdLine:76 -  ** RT AI runtime objects (kernels+infrastructure)
2026-07-30 12:39:55,061 [INFO] CmdLine:76 -   Summary - "stm32l4" target
2026-07-30 12:39:55,061 [INFO] CmdLine:76 -   --------------------------------------------------
2026-07-30 12:39:55,062 [INFO] CmdLine:76 -                FLASH (ro)     %*   RAM (rw)       %
2026-07-30 12:39:55,063 [INFO] CmdLine:76 -   --------------------------------------------------
2026-07-30 12:39:55,063 [INFO] CmdLine:76 -   RT total          8,148   0.6%      2,028   96.9%
2026-07-30 12:39:55,063 [INFO] CmdLine:76 -   --------------------------------------------------
2026-07-30 12:39:55,064 [INFO] CmdLine:76 -   TOTAL         1,321,444             2,092
2026-07-30 12:39:55,064 [INFO] CmdLine:76 -   --------------------------------------------------
2026-07-30 12:39:55,065 [INFO] CmdLine:76 -   *  rt/total
2026-07-30 12:39:55,065 [INFO] CmdLine:76 - Creating txt report file C:\Users\ADMIN\.stm32cubemx\network_output\network_analyze_report.txt
2026-07-30 12:40:00,953 [INFO] CmdLine:76 - elapsed time (analyze): 43.168s
2026-07-30 12:40:01,659 [INFO] CmdLine:148 - stedgeai exit with status: 0
2026-07-30 12:40:01,835 [INFO] AIModelDetailledView:1077 - Model file:      random_forest_model.onnx
2026-07-30 12:40:01,837 [INFO] AIModelDetailledView:1077 - Total Flash:     1321444 B (1.26 MiB)
2026-07-30 12:40:01,838 [INFO] AIModelDetailledView:1077 -     Weights:     1313296 B (1.25 MiB)
2026-07-30 12:40:01,838 [INFO] AIModelDetailledView:1077 -     Library:     8148 B (7.96 KiB)
2026-07-30 12:40:01,839 [INFO] AIModelDetailledView:1077 - Total Ram:       2092 B (2.04 KiB)
2026-07-30 12:40:01,839 [INFO] AIModelDetailledView:1077 -     Activations: 64 B
2026-07-30 12:40:01,839 [INFO] AIModelDetailledView:1077 -     Library:     2028 B (1.98 KiB)
2026-07-30 12:40:01,840 [INFO] AIModelDetailledView:1077 -     Input:       24 B (included in Activations)
2026-07-30 12:40:01,840 [INFO] AIModelDetailledView:1077 -     Output:      44 B (included in Activations)
2026-07-30 12:40:01,840 [INFO] AIModelDetailledView:1077 - Done
2026-07-30 12:40:01,841 [INFO] AIModelDetailledView:2598 - Analyze complete on AI model
2026-07-30 12:40:02,064 [INFO] AIModelDetailledView:2264 - Analysis status: done
2026-07-30 12:40:36,281 [INFO] UtilMem:75 - End SaveConfig() Used Memory: 989164488 Bytes (1073741824)
2026-07-30 12:40:36,678 [INFO] AIModelDetailledView:2264 - Analysis status: -
2026-07-30 12:40:36,682 [INFO] AInterface:259 - ModelName:network; files:[D:\TinyML_GJ\TinyML_Workshop\ONNX\random_forest_model.onnx]; type:ONNX; compression:None
2026-07-30 12:40:36,684 [INFO] AInterface:526 - workspaceTempDir: C:/Users/ADMIN/AppData/Local/Temp/mxAI_workspace847748553248910012862172684985708393
2026-07-30 12:40:36,684 [INFO] AInterface:1179 - Setting Env: C:/Users/ADMIN/STM32Cube/Repository//Packs/STMicroelectronics/X-CUBE-AI/10.2.1/Utilities/windows
2026-07-30 12:40:36,690 [INFO] STM32CubeIDEBuilder:265 - Looking for gnu-tools-for-stm32 tools/bin/arm-none-eabi-gcc.exe in C:\ST\STM32CubeIDE_1.19.0\STM32CubeIDE
2026-07-30 12:40:36,693 [INFO] STM32CubeIDEBuilder:294 - checking C:\ST\STM32CubeIDE_1.19.0\STM32CubeIDE\plugins\com.st.stm32cube.ide.mcu.externaltools.gnu-tools-for-stm32.13.3.rel1.win32_1.0.0.202411081344\tools\bin\arm-none-eabi-gcc.exe
2026-07-30 12:40:36,693 [INFO] STM32CubeIDEBuilder:297 - ret=C:\ST\STM32CubeIDE_1.19.0\STM32CubeIDE\plugins\com.st.stm32cube.ide.mcu.externaltools.gnu-tools-for-stm32.13.3.rel1.win32_1.0.0.202411081344\tools\bin\arm-none-eabi-gcc.exe
2026-07-30 12:40:36,693 [INFO] STM32CubeIDEBuilder:311 - returning C:\ST\STM32CubeIDE_1.19.0\STM32CubeIDE\plugins\com.st.stm32cube.ide.mcu.externaltools.gnu-tools-for-stm32.13.3.rel1.win32_1.0.0.202411081344\tools\bin\arm-none-eabi-gcc.exe
2026-07-30 12:40:36,694 [INFO] AInterface:1236 - Custom PATH variable: C:/Users/ADMIN/STM32Cube/Repository//Packs/STMicroelectronics/X-CUBE-AI/10.2.1/Utilities/windows;C:/Users/ADMIN/STM32Cube/Repository//Packs/STMicroelectronics/X-CUBE-AI/10.2.1/Utilities/windows/mingw64/bin;C:/Users/ADMIN/STM32Cube/Repository//Packs/STMicroelectronics/X-CUBE-AI/10.2.1/Utilities/windows/mingw64/libexec/gcc/x86_64-w64-mingw32/7.3.0;;C:\ST\STM32CubeIDE_1.19.0\STM32CubeIDE\plugins\com.st.stm32cube.ide.mcu.externaltools.gnu-tools-for-stm32.13.3.rel1.win32_1.0.0.202411081344\tools\bin
2026-07-30 12:40:36,697 [INFO] CmdLine:115 - Command: C:/Users/ADMIN/STM32Cube/Repository//Packs/STMicroelectronics/X-CUBE-AI/10.2.1/Utilities/windows/stedgeai.exe analyze --target stm32l4 --name network -m D:/TinyML_GJ/TinyML_Workshop/ONNX/random_forest_model.onnx --compression none --verbosity 1 --workspace C:/Users/ADMIN/AppData/Local/Temp/mxAI_workspace847748553248910012862172684985708393 --output C:/Users/ADMIN/.stm32cubemx/network_output
2026-07-30 12:40:36,699 [INFO] AIModelDetailledView:2264 - Analysis status: pending
2026-07-30 12:40:37,553 [INFO] CmdLine:76 - ST Edge AI Core v2.2.0-20266 2adc00962
2026-07-30 12:40:53,753 [INFO] CmdLine:76 - Creating c (debug) info json file C:\Users\ADMIN\.stm32cubemx\network_output\network_c_info.json
2026-07-30 12:40:53,922 [INFO] CmdLine:76 -  
2026-07-30 12:40:53,922 [INFO] CmdLine:76 -  Exec/report summary (analyze)
2026-07-30 12:40:53,922 [INFO] CmdLine:76 -  --------------------------------------------------------------------------------------------------------------
2026-07-30 12:40:53,923 [INFO] CmdLine:76 -  model file         :   D:\TinyML_GJ\TinyML_Workshop\ONNX\random_forest_model.onnx                             
2026-07-30 12:40:53,923 [INFO] CmdLine:76 -  type               :   onnx                                                                                   
2026-07-30 12:40:53,923 [INFO] CmdLine:76 -  c_name             :   network                                                                                
2026-07-30 12:40:53,923 [INFO] CmdLine:76 -  compression        :   none                                                                                   
2026-07-30 12:40:53,923 [INFO] CmdLine:76 -  options            :   allocate-inputs, allocate-outputs                                                      
2026-07-30 12:40:53,923 [INFO] CmdLine:76 -  optimization       :   balanced                                                                               
2026-07-30 12:40:53,923 [INFO] CmdLine:76 -  target/series      :   stm32l4                                                                                
2026-07-30 12:40:53,924 [INFO] CmdLine:76 -  workspace dir      :   C:\Users\ADMIN\AppData\Local\Temp\mxAI_workspace847748553248910012862172684985708393   
2026-07-30 12:40:53,924 [INFO] CmdLine:76 -  output dir         :   C:\Users\ADMIN\.stm32cubemx\network_output                                             
2026-07-30 12:40:53,924 [INFO] CmdLine:76 -  model_fmt          :   undefined                                                                              
2026-07-30 12:40:53,924 [INFO] CmdLine:76 -  model_name         :   random_forest_model                                                                    
2026-07-30 12:40:53,924 [INFO] CmdLine:76 -  model_hash         :   0xd29c45df724f3b36c9aa8b9f7a329e08                                                     
2026-07-30 12:40:53,924 [INFO] CmdLine:76 -  params #           :   520,842 items (1.25 MiB)                                                               
2026-07-30 12:40:53,924 [INFO] CmdLine:76 -  --------------------------------------------------------------------------------------------------------------
2026-07-30 12:40:53,925 [INFO] CmdLine:76 -  input 1/1          :   'float_input', f32(1x1x6), 24 Bytes, activations                                       
2026-07-30 12:40:53,925 [INFO] CmdLine:76 -  output 1/2         :   'label0', int32(1x1), 4 Bytes, activations                                             
2026-07-30 12:40:53,925 [INFO] CmdLine:76 -  output 2/2         :   'output_probability', f32(1x1x5x2), 40 Bytes, activations                              
2026-07-30 12:40:53,925 [INFO] CmdLine:76 -  outputs (total)    :   44 Bytes                                                                               
2026-07-30 12:40:53,925 [INFO] CmdLine:76 -  macc               :   1,311                                                                                  
2026-07-30 12:40:53,925 [INFO] CmdLine:76 -  weights (ro)       :   1,313,296 B (1.25 MiB) (1 segment) / -770,072(-37.0%) vs float model                   
2026-07-30 12:40:53,925 [INFO] CmdLine:76 -  activations (rw)   :   64 B (64 B) (1 segment) *                                                              
2026-07-30 12:40:53,926 [INFO] CmdLine:76 -  ram (total)        :   64 B (64 B) = 64 + 0 + 0                                                               
2026-07-30 12:40:53,926 [INFO] CmdLine:76 -  --------------------------------------------------------------------------------------------------------------
2026-07-30 12:40:53,926 [INFO] CmdLine:76 -  (*) 'input'/'output' buffers are allocated in the activations buffer
2026-07-30 12:40:53,982 [INFO] CmdLine:76 - Computing AI RT data/code size (target=stm32l4)..
2026-07-30 12:40:56,702 [INFO] CmdLine:76 -  Model name - random_forest_model
2026-07-30 12:40:56,703 [INFO] CmdLine:76 -  ------ -------------------------------- ---------------- ------------------- ------- --------------
2026-07-30 12:40:56,703 [INFO] CmdLine:76 -  m_id   layer (original)                 oshape           param/size             macc   connected to
2026-07-30 12:40:56,703 [INFO] CmdLine:76 -  ------ -------------------------------- ---------------- ------------------- ------- --------------
2026-07-30 12:40:56,704 [INFO] CmdLine:76 -  0      float_input ()                   [h:1,c:6]
2026-07-30 12:40:56,704 [INFO] CmdLine:76 -  ------ -------------------------------- ---------------- ------------------- ------- --------------
2026-07-30 12:40:56,704 [INFO] CmdLine:76 -  1      label (TreeEnsembleClassifier)   [c:1][h:1,c:5]   520,837/1,313,282     1,311    float_input
2026-07-30 12:40:56,705 [INFO] CmdLine:76 -  ------ -------------------------------- ---------------- ------------------- ------- --------------
2026-07-30 12:40:56,705 [INFO] CmdLine:76 -  2      output_label (Cast)              [c:1]                                      2          label
2026-07-30 12:40:56,705 [INFO] CmdLine:76 -  ------ -------------------------------- ---------------- ------------------- ------- --------------
2026-07-30 12:40:56,705 [INFO] CmdLine:76 -  3      output_probability (ZipMap)      [h:1,w:5,c:2]    5/5                                  label
2026-07-30 12:40:56,706 [INFO] CmdLine:76 -  ------ -------------------------------- ---------------- ------------------- ------- --------------
2026-07-30 12:40:56,706 [INFO] CmdLine:76 -  model: macc=1,313 weights=1,313,287 activations=-- io=--
2026-07-30 12:40:56,706 [INFO] CmdLine:76 -  Number of operations per c-layer
2026-07-30 12:40:56,706 [INFO] CmdLine:76 -  ------- ------ -------------------------------- ------- -------------
2026-07-30 12:40:56,706 [INFO] CmdLine:76 -  c_id    m_id   name (type)                          #op          type
2026-07-30 12:40:56,706 [INFO] CmdLine:76 -  ------- ------ -------------------------------- ------- -------------
2026-07-30 12:40:56,707 [INFO] CmdLine:76 -  0       1      label (TreeEnsembleClassifier)     1,311   smul_f32_s8
2026-07-30 12:40:56,707 [INFO] CmdLine:76 -  1       3      output_probability (ZipMap)            0   smul_f32_s8
2026-07-30 12:40:56,707 [INFO] CmdLine:76 -  ------- ------ -------------------------------- ------- -------------
2026-07-30 12:40:56,707 [INFO] CmdLine:76 -  total                                             1,311
2026-07-30 12:40:56,707 [INFO] CmdLine:76 -  Number of operation types
2026-07-30 12:40:56,707 [INFO] CmdLine:76 -  ---------------- ------- -----------
2026-07-30 12:40:56,708 [INFO] CmdLine:76 -  operation type         #           %
2026-07-30 12:40:56,708 [INFO] CmdLine:76 -  ---------------- ------- -----------
2026-07-30 12:40:56,708 [INFO] CmdLine:76 -  smul_f32_s8        1,311      100.0%
2026-07-30 12:40:56,708 [INFO] CmdLine:76 -  Complexity report (model)
2026-07-30 12:40:56,708 [INFO] CmdLine:76 -  ------ -------------------- ------------------------- ------------------------- ------
2026-07-30 12:40:56,708 [INFO] CmdLine:76 -  m_id   name                 c_macc                    c_rom                     c_id
2026-07-30 12:40:56,709 [INFO] CmdLine:76 -  ------ -------------------- ------------------------- ------------------------- ------
2026-07-30 12:40:56,709 [INFO] CmdLine:76 -  1      label                |||||||||||||||| 100.0%   |||||||||||||||| 100.0%   [0]
2026-07-30 12:40:56,709 [INFO] CmdLine:76 -  3      output_probability   |                  0.0%   |                  0.0%   [1]
2026-07-30 12:40:56,709 [INFO] CmdLine:76 -  ------ -------------------- ------------------------- ------------------------- ------
2026-07-30 12:40:56,709 [INFO] CmdLine:76 -  macc=1,311 weights=1,313,296 act=64 ram_io=0
2026-07-30 12:40:56,710 [INFO] CmdLine:76 -  Requested memory size by section - "stm32l4" target
2026-07-30 12:40:56,711 [INFO] CmdLine:76 -  ------------------------------ ------- ----------- ------- -----
2026-07-30 12:40:56,711 [INFO] CmdLine:76 -  module                            text      rodata    data   bss
2026-07-30 12:40:56,711 [INFO] CmdLine:76 -  ------------------------------ ------- ----------- ------- -----
2026-07-30 12:40:56,711 [INFO] CmdLine:76 -  NetworkRuntime1020_CM4_GCC.a     5,508           0       0     0
2026-07-30 12:40:56,711 [INFO] CmdLine:76 -  network.o                          704          16   1,768   172
2026-07-30 12:40:56,712 [INFO] CmdLine:76 -  network_data.o                      48          16      88     0
2026-07-30 12:40:56,712 [INFO] CmdLine:76 -  lib (toolchain)*                     0           0       0     0
2026-07-30 12:40:56,712 [INFO] CmdLine:76 -  ------------------------------ ------- ----------- ------- -----
2026-07-30 12:40:56,712 [INFO] CmdLine:76 -  RT total**                       6,260          32   1,856   172
2026-07-30 12:40:56,712 [INFO] CmdLine:76 -  ------------------------------ ------- ----------- ------- -----
2026-07-30 12:40:56,713 [INFO] CmdLine:76 -  weights                              0   1,313,296       0     0
2026-07-30 12:40:56,713 [INFO] CmdLine:76 -  activations                          0           0       0    64
2026-07-30 12:40:56,713 [INFO] CmdLine:76 -  io                                   0           0       0     0
2026-07-30 12:40:56,713 [INFO] CmdLine:76 -  ------------------------------ ------- ----------- ------- -----
2026-07-30 12:40:56,713 [INFO] CmdLine:76 -  TOTAL                            6,260   1,313,328   1,856   236
2026-07-30 12:40:56,713 [INFO] CmdLine:76 -  ------------------------------ ------- ----------- ------- -----
2026-07-30 12:40:56,713 [INFO] CmdLine:76 -  *  toolchain objects (libm/libgcc*)
2026-07-30 12:40:56,714 [INFO] CmdLine:76 -  ** RT AI runtime objects (kernels+infrastructure)
2026-07-30 12:40:56,714 [INFO] CmdLine:76 -   Summary - "stm32l4" target
2026-07-30 12:40:56,714 [INFO] CmdLine:76 -   --------------------------------------------------
2026-07-30 12:40:56,714 [INFO] CmdLine:76 -                FLASH (ro)     %*   RAM (rw)       %
2026-07-30 12:40:56,714 [INFO] CmdLine:76 -   --------------------------------------------------
2026-07-30 12:40:56,714 [INFO] CmdLine:76 -   RT total          8,148   0.6%      2,028   96.9%
2026-07-30 12:40:56,715 [INFO] CmdLine:76 -   --------------------------------------------------
2026-07-30 12:40:56,715 [INFO] CmdLine:76 -   TOTAL         1,321,444             2,092
2026-07-30 12:40:56,715 [INFO] CmdLine:76 -   --------------------------------------------------
2026-07-30 12:40:56,715 [INFO] CmdLine:76 -   *  rt/total
2026-07-30 12:40:56,715 [INFO] CmdLine:76 - Creating txt report file C:\Users\ADMIN\.stm32cubemx\network_output\network_analyze_report.txt
2026-07-30 12:40:58,142 [INFO] CmdLine:76 - elapsed time (analyze): 20.590s
2026-07-30 12:40:58,756 [INFO] CmdLine:148 - stedgeai exit with status: 0
2026-07-30 12:40:58,917 [INFO] AIModelDetailledView:2598 - Analyze complete on AI model
2026-07-30 12:40:58,920 [INFO] AIModelDetailledView:2264 - Analysis status: done
2026-07-30 12:40:58,938 [ERROR] LogOutputStream:75 - [STDERR_REDIRECT] Exception in thread "AWT-EventQueue-0" java.lang.ClassCastException: class javax.swing.SwingUtilities$SharedOwnerFrame cannot be cast to class com.st.microxplorer.maingui.MainFrame (javax.swing.SwingUtilities$SharedOwnerFrame is in module java.desktop of loader 'bootstrap'; com.st.microxplorer.maingui.MainFrame is in unnamed module of loader org.eclipse.osgi.internal.loader.EquinoxClassLoader @2c7ad4f3)
2026-07-30 12:40:58,943 [ERROR] LogOutputStream:75 - [STDERR_REDIRECT] 	at com.st.microxplorer.plugins.ip.ai.model.AIAdvancedSettingsData.saveSettings(AIAdvancedSettingsData.java:655)
2026-07-30 12:40:58,947 [ERROR] LogOutputStream:75 - [STDERR_REDIRECT] 	at com.st.microxplorer.plugins.ip.ai.model.AIAdvancedSettingsData.cmdSaveSettings(AIAdvancedSettingsData.java:527)
2026-07-30 12:40:58,950 [ERROR] LogOutputStream:75 - [STDERR_REDIRECT] 	at com.st.microxplorer.plugins.ip.ai.gui.AIModelDetailledView.saveData(AIModelDetailledView.java:471)
2026-07-30 12:40:58,952 [ERROR] LogOutputStream:75 - [STDERR_REDIRECT] 	at com.st.microxplorer.plugins.ip.ai.gui.AIMainUI.saveModelDataNeededForGeneration(AIMainUI.java:912)
2026-07-30 12:40:58,954 [ERROR] LogOutputStream:75 - [STDERR_REDIRECT] 	at com.st.microxplorer.plugins.ip.ai.gui.AITopWindow.saveModelsData(AITopWindow.java:253)
2026-07-30 12:40:58,956 [ERROR] LogOutputStream:75 - [STDERR_REDIRECT] 	at com.st.microxplorer.plugins.ip.ai.AI.propertyChange(AI.java:1654)
2026-07-30 12:40:58,959 [ERROR] LogOutputStream:75 - [STDERR_REDIRECT] 	at java.desktop/java.beans.PropertyChangeSupport.fire(PropertyChangeSupport.java:343)
2026-07-30 12:40:58,961 [ERROR] LogOutputStream:75 - [STDERR_REDIRECT] 	at java.desktop/java.beans.PropertyChangeSupport.firePropertyChange(PropertyChangeSupport.java:335)
2026-07-30 12:40:58,964 [ERROR] LogOutputStream:75 - [STDERR_REDIRECT] 	at java.desktop/java.beans.PropertyChangeSupport.firePropertyChange(PropertyChangeSupport.java:268)
2026-07-30 12:40:58,966 [ERROR] LogOutputStream:75 - [STDERR_REDIRECT] 	at com.st.microxplorer.util.MXPropertyChangeSupport.firePropertyChange(MXPropertyChangeSupport.java:54)
2026-07-30 12:40:58,969 [ERROR] LogOutputStream:75 - [STDERR_REDIRECT] 	at com.st.microxplorer.mxsystem.MxSystem.completeSaveConfig(MxSystem.java:843)
2026-07-30 12:40:58,970 [ERROR] LogOutputStream:75 - [STDERR_REDIRECT] 	at com.st.microxplorer.plugins.filemanager.engine.SaveFileManager.saveConfiguration(SaveFileManager.java:125)
2026-07-30 12:40:58,972 [ERROR] LogOutputStream:75 - [STDERR_REDIRECT] 	at com.st.microxplorer.plugins.filemanager.engine.MainFileManager.userSaveConfig(MainFileManager.java:482)
2026-07-30 12:40:58,974 [ERROR] LogOutputStream:75 - [STDERR_REDIRECT] 	at com.st.microxplorer.plugins.filemanager.FileManagerView.getSpecificTask(FileManagerView.java:280)
2026-07-30 12:40:58,976 [ERROR] LogOutputStream:75 - [STDERR_REDIRECT] 	at com.st.stm32cube.common.mx.editor.CubeMxEditor$9.run(CubeMxEditor.java:690)
2026-07-30 12:40:58,977 [ERROR] LogOutputStream:75 - [STDERR_REDIRECT] 	at com.st.stm32cube.common.mx.oss.core.awtswtbridge.AwtEnvironment$2.run(AwtEnvironment.java:166)
2026-07-30 12:40:58,979 [ERROR] LogOutputStream:75 - [STDERR_REDIRECT] 	at java.desktop/java.awt.event.InvocationEvent.dispatch(InvocationEvent.java:318)
2026-07-30 12:40:58,980 [ERROR] LogOutputStream:75 - [STDERR_REDIRECT] 	at java.desktop/java.awt.EventQueue.dispatchEventImpl(EventQueue.java:773)
2026-07-30 12:40:58,981 [ERROR] LogOutputStream:75 - [STDERR_REDIRECT] 	at java.desktop/java.awt.EventQueue$4.run(EventQueue.java:720)
2026-07-30 12:40:58,982 [ERROR] LogOutputStream:75 - [STDERR_REDIRECT] 	at java.desktop/java.awt.EventQueue$4.run(EventQueue.java:714)
2026-07-30 12:40:58,984 [ERROR] LogOutputStream:75 - [STDERR_REDIRECT] 	at java.base/java.security.AccessController.doPrivileged(AccessController.java:400)
2026-07-30 12:40:58,985 [ERROR] LogOutputStream:75 - [STDERR_REDIRECT] 	at java.base/java.security.ProtectionDomain$JavaSecurityAccessImpl.doIntersectionPrivilege(ProtectionDomain.java:87)
2026-07-30 12:40:58,986 [ERROR] LogOutputStream:75 - [STDERR_REDIRECT] 	at java.desktop/java.awt.EventQueue.dispatchEvent(EventQueue.java:742)
2026-07-30 12:40:58,988 [ERROR] LogOutputStream:75 - [STDERR_REDIRECT] 	at java.desktop/java.awt.EventDispatchThread.pumpOneEventForFilters(EventDispatchThread.java:203)
2026-07-30 12:40:58,990 [ERROR] LogOutputStream:75 - [STDERR_REDIRECT] 	at java.desktop/java.awt.EventDispatchThread.pumpEventsForFilter(EventDispatchThread.java:124)
2026-07-30 12:40:58,992 [ERROR] LogOutputStream:75 - [STDERR_REDIRECT] 	at java.desktop/java.awt.EventDispatchThread.pumpEventsForHierarchy(EventDispatchThread.java:113)
2026-07-30 12:40:58,993 [ERROR] LogOutputStream:75 - [STDERR_REDIRECT] 	at java.desktop/java.awt.EventDispatchThread.pumpEvents(EventDispatchThread.java:109)
2026-07-30 12:40:58,994 [ERROR] LogOutputStream:75 - [STDERR_REDIRECT] 	at java.desktop/java.awt.EventDispatchThread.pumpEvents(EventDispatchThread.java:101)
2026-07-30 12:40:58,996 [ERROR] LogOutputStream:75 - [STDERR_REDIRECT] 	at java.desktop/java.awt.EventDispatchThread.run(EventDispatchThread.java:90)
2026-07-30 12:41:31,614 [INFO] UtilMem:75 - End SaveConfig() Used Memory: 914662136 Bytes (1073741824)
2026-07-30 12:41:34,043 [INFO] UtilMem:75 - End SaveConfig() Used Memory: 842797048 Bytes (1073741824)
2026-07-30 12:41:36,028 [INFO] UtilMem:75 - End SaveConfig() Used Memory: 905837880 Bytes (1073741824)
2026-07-30 12:41:37,159 [INFO] BlockDiagram:2775 - set Specific Code input for plugin: SYS
2026-07-30 12:41:37,159 [INFO] BlockDiagram:2775 - set Specific Code input for plugin: RCC
2026-07-30 12:41:37,159 [INFO] BlockDiagram:2775 - set Specific Code input for plugin: NVIC
2026-07-30 12:41:37,159 [INFO] BlockDiagram:2775 - set Specific Code input for plugin: STMicroelectronics.X-CUBE-AI.10.2.1
2026-07-30 12:41:37,172 [INFO] CodeGenerator:892 - code generatio: config db path: C:\ST\STM32CubeIDE_1.19.0\STM32CubeIDE\plugins\com.st.stm32cube.common.mx_6.15.0.202507011659\\db\
2026-07-30 12:41:37,636 [INFO] IP:3329 - RTE Config file name : RTE_Component
2026-07-30 12:41:37,636 [INFO] IP:3347 - RTE template : RTE_Components.ftl
2026-07-30 12:41:37,653 [INFO] CodeEngine:265 - oldGeneratedFile, D:\TinyML_GJ\TinyML_Workshop\STM32\Interface_OnBoard_IMU\MXTmpFiles\license.tmp_save
2026-07-30 12:41:38,067 [INFO] CodeEngine:289 - Generated code: D:\TinyML_GJ\TinyML_Workshop\STM32\Interface_OnBoard_IMU\MXTmpFiles\license.tmp
2026-07-30 12:41:38,186 [INFO] Middleware:1452 - No code input for Bsp Dependency
2026-07-30 12:41:38,192 [INFO] Middleware:1452 - No code input for Bsp Dependency
2026-07-30 12:41:38,197 [INFO] CodeEngine:265 - oldGeneratedFile, D:\TinyML_GJ\TinyML_Workshop\STM32\Interface_OnBoard_IMU\Core\Src\stm32l4xx_it.c_save
2026-07-30 12:41:38,745 [INFO] CodeEngine:289 - Generated code: D:\TinyML_GJ\TinyML_Workshop\STM32\Interface_OnBoard_IMU\Core\Src\stm32l4xx_it.c
2026-07-30 12:41:38,753 [INFO] CodeEngine:265 - oldGeneratedFile, D:\TinyML_GJ\TinyML_Workshop\STM32\Interface_OnBoard_IMU\Core\Inc\stm32l4xx_it.h_save
2026-07-30 12:41:38,937 [INFO] CodeEngine:289 - Generated code: D:\TinyML_GJ\TinyML_Workshop\STM32\Interface_OnBoard_IMU\Core\Inc\stm32l4xx_it.h
2026-07-30 12:41:38,966 [INFO] CodeEngine:265 - oldGeneratedFile, D:\TinyML_GJ\TinyML_Workshop\STM32\Interface_OnBoard_IMU\Core\Src\stm32l4xx_hal_msp.c_save
2026-07-30 12:41:39,278 [INFO] CodeEngine:289 - Generated code: D:\TinyML_GJ\TinyML_Workshop\STM32\Interface_OnBoard_IMU\Core\Src\stm32l4xx_hal_msp.c
2026-07-30 12:41:39,285 [INFO] CodeEngine:265 - oldGeneratedFile, D:\TinyML_GJ\TinyML_Workshop\STM32\Interface_OnBoard_IMU\MXTmpFiles\system.tmp_save
2026-07-30 12:41:39,410 [INFO] CodeEngine:289 - Generated code: D:\TinyML_GJ\TinyML_Workshop\STM32\Interface_OnBoard_IMU\MXTmpFiles\system.tmp
2026-07-30 12:41:39,438 [INFO] CodeEngine:321 - oldGeneratedFile, D:\TinyML_GJ\TinyML_Workshop\STM32\Interface_OnBoard_IMU\Core\Inc\stm32l4xx_hal_conf.h_save
2026-07-30 12:41:39,675 [INFO] CodeEngine:345 - Generated code: D:\TinyML_GJ\TinyML_Workshop\STM32\Interface_OnBoard_IMU\Core\Inc\stm32l4xx_hal_conf.h
2026-07-30 12:41:39,725 [INFO] CodeEngine:265 - oldGeneratedFile, D:\TinyML_GJ\TinyML_Workshop\STM32\Interface_OnBoard_IMU\Core\Inc\main.h_save
2026-07-30 12:41:39,985 [INFO] CodeEngine:289 - Generated code: D:\TinyML_GJ\TinyML_Workshop\STM32\Interface_OnBoard_IMU\Core\Inc\main.h
2026-07-30 12:41:39,994 [INFO] CodeEngine:265 - oldGeneratedFile, D:\TinyML_GJ\TinyML_Workshop\STM32\Interface_OnBoard_IMU\Core\Src\main.c_save
2026-07-30 12:41:40,202 [INFO] CodeEngine:289 - Generated code: D:\TinyML_GJ\TinyML_Workshop\STM32\Interface_OnBoard_IMU\Core\Src\main.c
2026-07-30 12:41:40,439 [INFO] AInterface:322 - ModelName:network; files:[D:\TinyML_GJ\TinyML_Workshop\ONNX\random_forest_model.onnx]; type:ONNX; compression:None
2026-07-30 12:41:40,441 [INFO] AInterface:526 - workspaceTempDir: C:/Users/ADMIN/AppData/Local/Temp/mxAI_workspace847754928940600016678552711000070586
2026-07-30 12:41:40,441 [INFO] AInterface:1179 - Setting Env: C:/Users/ADMIN/STM32Cube/Repository//Packs/STMicroelectronics/X-CUBE-AI/10.2.1/Utilities/windows
2026-07-30 12:41:40,447 [INFO] STM32CubeIDEBuilder:265 - Looking for gnu-tools-for-stm32 tools/bin/arm-none-eabi-gcc.exe in C:\ST\STM32CubeIDE_1.19.0\STM32CubeIDE
2026-07-30 12:41:40,449 [INFO] STM32CubeIDEBuilder:294 - checking C:\ST\STM32CubeIDE_1.19.0\STM32CubeIDE\plugins\com.st.stm32cube.ide.mcu.externaltools.gnu-tools-for-stm32.13.3.rel1.win32_1.0.0.202411081344\tools\bin\arm-none-eabi-gcc.exe
2026-07-30 12:41:40,450 [INFO] STM32CubeIDEBuilder:297 - ret=C:\ST\STM32CubeIDE_1.19.0\STM32CubeIDE\plugins\com.st.stm32cube.ide.mcu.externaltools.gnu-tools-for-stm32.13.3.rel1.win32_1.0.0.202411081344\tools\bin\arm-none-eabi-gcc.exe
2026-07-30 12:41:40,450 [INFO] STM32CubeIDEBuilder:311 - returning C:\ST\STM32CubeIDE_1.19.0\STM32CubeIDE\plugins\com.st.stm32cube.ide.mcu.externaltools.gnu-tools-for-stm32.13.3.rel1.win32_1.0.0.202411081344\tools\bin\arm-none-eabi-gcc.exe
2026-07-30 12:41:40,451 [INFO] AInterface:1236 - Custom PATH variable: C:/Users/ADMIN/STM32Cube/Repository//Packs/STMicroelectronics/X-CUBE-AI/10.2.1/Utilities/windows;C:/Users/ADMIN/STM32Cube/Repository//Packs/STMicroelectronics/X-CUBE-AI/10.2.1/Utilities/windows/mingw64/bin;C:/Users/ADMIN/STM32Cube/Repository//Packs/STMicroelectronics/X-CUBE-AI/10.2.1/Utilities/windows/mingw64/libexec/gcc/x86_64-w64-mingw32/7.3.0;;C:\ST\STM32CubeIDE_1.19.0\STM32CubeIDE\plugins\com.st.stm32cube.ide.mcu.externaltools.gnu-tools-for-stm32.13.3.rel1.win32_1.0.0.202411081344\tools\bin
2026-07-30 12:41:40,453 [INFO] CmdLine:115 - Command: C:/Users/ADMIN/STM32Cube/Repository//Packs/STMicroelectronics/X-CUBE-AI/10.2.1/Utilities/windows/stedgeai.exe generate --target stm32l4 --name network -m D:/TinyML_GJ/TinyML_Workshop/ONNX/random_forest_model.onnx --compression none --verbosity 1 --workspace C:/Users/ADMIN/AppData/Local/Temp/mxAI_workspace847754928940600016678552711000070586 --output C:/Users/ADMIN/.stm32cubemx/network_output
2026-07-30 12:41:40,455 [INFO] AIModelDetailledView:2264 - Analysis status: pending
2026-07-30 12:41:41,311 [INFO] CmdLine:76 - ST Edge AI Core v2.2.0-20266 2adc00962
2026-07-30 12:41:57,668 [INFO] CmdLine:76 - Creating c (debug) info json file C:\Users\ADMIN\.stm32cubemx\network_output\network_c_info.json
2026-07-30 12:41:57,834 [INFO] CmdLine:76 -  
2026-07-30 12:41:57,835 [INFO] CmdLine:76 -  Exec/report summary (generate)
2026-07-30 12:41:57,835 [INFO] CmdLine:76 -  --------------------------------------------------------------------------------------------------------------
2026-07-30 12:41:57,835 [INFO] CmdLine:76 -  model file         :   D:\TinyML_GJ\TinyML_Workshop\ONNX\random_forest_model.onnx                             
2026-07-30 12:41:57,835 [INFO] CmdLine:76 -  type               :   onnx                                                                                   
2026-07-30 12:41:57,835 [INFO] CmdLine:76 -  c_name             :   network                                                                                
2026-07-30 12:41:57,835 [INFO] CmdLine:76 -  compression        :   none                                                                                   
2026-07-30 12:41:57,835 [INFO] CmdLine:76 -  options            :   allocate-inputs, allocate-outputs                                                      
2026-07-30 12:41:57,836 [INFO] CmdLine:76 -  optimization       :   balanced                                                                               
2026-07-30 12:41:57,836 [INFO] CmdLine:76 -  target/series      :   stm32l4                                                                                
2026-07-30 12:41:57,836 [INFO] CmdLine:76 -  workspace dir      :   C:\Users\ADMIN\AppData\Local\Temp\mxAI_workspace847754928940600016678552711000070586   
2026-07-30 12:41:57,836 [INFO] CmdLine:76 -  output dir         :   C:\Users\ADMIN\.stm32cubemx\network_output                                             
2026-07-30 12:41:57,836 [INFO] CmdLine:76 -  model_fmt          :   undefined                                                                              
2026-07-30 12:41:57,836 [INFO] CmdLine:76 -  model_name         :   random_forest_model                                                                    
2026-07-30 12:41:57,836 [INFO] CmdLine:76 -  model_hash         :   0xd29c45df724f3b36c9aa8b9f7a329e08                                                     
2026-07-30 12:41:57,836 [INFO] CmdLine:76 -  params #           :   520,842 items (1.25 MiB)                                                               
2026-07-30 12:41:57,836 [INFO] CmdLine:76 -  --------------------------------------------------------------------------------------------------------------
2026-07-30 12:41:57,836 [INFO] CmdLine:76 -  input 1/1          :   'float_input', f32(1x1x6), 24 Bytes, activations                                       
2026-07-30 12:41:57,836 [INFO] CmdLine:76 -  output 1/2         :   'label0', int32(1x1), 4 Bytes, activations                                             
2026-07-30 12:41:57,837 [INFO] CmdLine:76 -  output 2/2         :   'output_probability', f32(1x1x5x2), 40 Bytes, activations                              
2026-07-30 12:41:57,837 [INFO] CmdLine:76 -  outputs (total)    :   44 Bytes                                                                               
2026-07-30 12:41:57,837 [INFO] CmdLine:76 -  macc               :   1,311                                                                                  
2026-07-30 12:41:57,837 [INFO] CmdLine:76 -  weights (ro)       :   1,313,296 B (1.25 MiB) (1 segment) / -770,072(-37.0%) vs float model                   
2026-07-30 12:41:57,837 [INFO] CmdLine:76 -  activations (rw)   :   64 B (64 B) (1 segment) *                                                              
2026-07-30 12:41:57,837 [INFO] CmdLine:76 -  ram (total)        :   64 B (64 B) = 64 + 0 + 0                                                               
2026-07-30 12:41:57,837 [INFO] CmdLine:76 -  --------------------------------------------------------------------------------------------------------------
2026-07-30 12:41:57,837 [INFO] CmdLine:76 -  (*) 'input'/'output' buffers are allocated in the activations buffer
2026-07-30 12:41:57,894 [INFO] CmdLine:76 - Computing AI RT data/code size (target=stm32l4)..
2026-07-30 12:42:00,695 [INFO] CmdLine:76 -  Requested memory size by section - "stm32l4" target
2026-07-30 12:42:00,695 [INFO] CmdLine:76 -  ------------------------------ ------- ----------- ------- -----
2026-07-30 12:42:00,696 [INFO] CmdLine:76 -  module                            text      rodata    data   bss
2026-07-30 12:42:00,696 [INFO] CmdLine:76 -  ------------------------------ ------- ----------- ------- -----
2026-07-30 12:42:00,696 [INFO] CmdLine:76 -  NetworkRuntime1020_CM4_GCC.a     5,508           0       0     0
2026-07-30 12:42:00,696 [INFO] CmdLine:76 -  network.o                          704          16   1,768   172
2026-07-30 12:42:00,697 [INFO] CmdLine:76 -  network_data.o                      48          16      88     0
2026-07-30 12:42:00,697 [INFO] CmdLine:76 -  lib (toolchain)*                     0           0       0     0
2026-07-30 12:42:00,697 [INFO] CmdLine:76 -  ------------------------------ ------- ----------- ------- -----
2026-07-30 12:42:00,697 [INFO] CmdLine:76 -  RT total**                       6,260          32   1,856   172
2026-07-30 12:42:00,697 [INFO] CmdLine:76 -  ------------------------------ ------- ----------- ------- -----
2026-07-30 12:42:00,697 [INFO] CmdLine:76 -  weights                              0   1,313,296       0     0
2026-07-30 12:42:00,698 [INFO] CmdLine:76 -  activations                          0           0       0    64
2026-07-30 12:42:00,698 [INFO] CmdLine:76 -  io                                   0           0       0     0
2026-07-30 12:42:00,698 [INFO] CmdLine:76 -  ------------------------------ ------- ----------- ------- -----
2026-07-30 12:42:00,698 [INFO] CmdLine:76 -  TOTAL                            6,260   1,313,328   1,856   236
2026-07-30 12:42:00,698 [INFO] CmdLine:76 -  ------------------------------ ------- ----------- ------- -----
2026-07-30 12:42:00,698 [INFO] CmdLine:76 -  *  toolchain objects (libm/libgcc*)
2026-07-30 12:42:00,698 [INFO] CmdLine:76 -  ** RT AI runtime objects (kernels+infrastructure)
2026-07-30 12:42:00,699 [INFO] CmdLine:76 -   Summary - "stm32l4" target
2026-07-30 12:42:00,699 [INFO] CmdLine:76 -   --------------------------------------------------
2026-07-30 12:42:00,699 [INFO] CmdLine:76 -                FLASH (ro)     %*   RAM (rw)       %
2026-07-30 12:42:00,699 [INFO] CmdLine:76 -   --------------------------------------------------
2026-07-30 12:42:00,699 [INFO] CmdLine:76 -   RT total          8,148   0.6%      2,028   96.9%
2026-07-30 12:42:00,699 [INFO] CmdLine:76 -   --------------------------------------------------
2026-07-30 12:42:00,699 [INFO] CmdLine:76 -   TOTAL         1,321,444             2,092
2026-07-30 12:42:00,699 [INFO] CmdLine:76 -   --------------------------------------------------
2026-07-30 12:42:00,700 [INFO] CmdLine:76 -   *  rt/total
2026-07-30 12:42:00,700 [INFO] CmdLine:76 -  Generated files (7)
2026-07-30 12:42:00,700 [INFO] CmdLine:76 -  ------------------------------------------------------------------
2026-07-30 12:42:00,700 [INFO] CmdLine:76 -  C:\Users\ADMIN\.stm32cubemx\network_output\network_data_params.h
2026-07-30 12:42:00,700 [INFO] CmdLine:76 -  C:\Users\ADMIN\.stm32cubemx\network_output\network_data_params.c
2026-07-30 12:42:00,700 [INFO] CmdLine:76 -  C:\Users\ADMIN\.stm32cubemx\network_output\network_data.h
2026-07-30 12:42:00,701 [INFO] CmdLine:76 -  C:\Users\ADMIN\.stm32cubemx\network_output\network_data.c
2026-07-30 12:42:00,701 [INFO] CmdLine:76 -  C:\Users\ADMIN\.stm32cubemx\network_output\network_config.h
2026-07-30 12:42:00,701 [INFO] CmdLine:76 -  C:\Users\ADMIN\.stm32cubemx\network_output\network.h
2026-07-30 12:42:00,701 [INFO] CmdLine:76 -  C:\Users\ADMIN\.stm32cubemx\network_output\network.c
2026-07-30 12:42:00,701 [INFO] CmdLine:76 - Creating txt report file C:\Users\ADMIN\.stm32cubemx\network_output\network_generate_report.txt
2026-07-30 12:42:12,694 [INFO] CmdLine:76 - elapsed time (generate): 31.381s
2026-07-30 12:42:13,313 [INFO] CmdLine:148 - stedgeai exit with status: 0
2026-07-30 12:42:13,480 [INFO] AIModelDetailledView:2264 - Analysis status: done
2026-07-30 12:42:13,993 [INFO] ProjectBuilder:3606 - Time for Copy HAL[1] : 197mS.
2026-07-30 12:42:13,994 [ERROR] Middleware:2950 - Invalid RefComponent list
2026-07-30 12:42:13,994 [ERROR] Middleware:2950 - Invalid RefComponent list
2026-07-30 12:42:13,994 [ERROR] Middleware:2950 - Invalid RefComponent list
2026-07-30 12:42:13,994 [ERROR] Middleware:2950 - Invalid RefComponent list
2026-07-30 12:42:13,994 [ERROR] Middleware:2950 - Invalid RefComponent list
2026-07-30 12:42:13,994 [ERROR] Middleware:2950 - Invalid RefComponent list
2026-07-30 12:42:13,994 [ERROR] Middleware:2950 - Invalid RefComponent list
2026-07-30 12:42:13,994 [ERROR] Middleware:2950 - Invalid RefComponent list
2026-07-30 12:42:13,994 [ERROR] Middleware:2950 - Invalid RefComponent list
2026-07-30 12:42:13,994 [ERROR] Middleware:2950 - Invalid RefComponent list
2026-07-30 12:42:13,994 [ERROR] Middleware:2950 - Invalid RefComponent list
2026-07-30 12:42:13,994 [ERROR] Middleware:2950 - Invalid RefComponent list
2026-07-30 12:42:13,994 [ERROR] Middleware:2950 - Invalid RefComponent list
2026-07-30 12:42:13,994 [ERROR] Middleware:2950 - Invalid RefComponent list
2026-07-30 12:42:13,994 [ERROR] Middleware:2950 - Invalid RefComponent list
2026-07-30 12:42:13,994 [ERROR] Middleware:2950 - Invalid RefComponent list
2026-07-30 12:42:13,994 [ERROR] Middleware:2950 - Invalid RefComponent list
2026-07-30 12:42:13,994 [ERROR] Middleware:2950 - Invalid RefComponent list
2026-07-30 12:42:13,994 [ERROR] Middleware:2950 - Invalid RefComponent list
2026-07-30 12:42:13,994 [ERROR] Middleware:2950 - Invalid RefComponent list
2026-07-30 12:42:13,995 [ERROR] Middleware:2950 - Invalid RefComponent list
2026-07-30 12:42:13,995 [ERROR] Middleware:2950 - Invalid RefComponent list
2026-07-30 12:42:13,995 [ERROR] Middleware:2950 - Invalid RefComponent list
2026-07-30 12:42:13,995 [ERROR] Middleware:2950 - Invalid RefComponent list
2026-07-30 12:42:13,995 [ERROR] Middleware:2950 - Invalid RefComponent list
2026-07-30 12:42:13,995 [ERROR] Middleware:2950 - Invalid RefComponent list
2026-07-30 12:42:13,995 [ERROR] Middleware:2950 - Invalid RefComponent list
2026-07-30 12:42:13,995 [ERROR] Middleware:2950 - Invalid RefComponent list
2026-07-30 12:42:13,995 [ERROR] Middleware:2950 - Invalid RefComponent list
2026-07-30 12:42:13,996 [ERROR] Middleware:2950 - Invalid RefComponent list
2026-07-30 12:42:13,996 [ERROR] Middleware:2950 - Invalid RefComponent list
2026-07-30 12:42:13,996 [ERROR] Middleware:2950 - Invalid RefComponent list
2026-07-30 12:42:13,996 [ERROR] Middleware:2950 - Invalid RefComponent list
2026-07-30 12:42:13,996 [ERROR] Middleware:2950 - Invalid RefComponent list
2026-07-30 12:42:13,996 [ERROR] Middleware:2950 - Invalid RefComponent list
2026-07-30 12:42:13,996 [ERROR] Middleware:2950 - Invalid RefComponent list
2026-07-30 12:42:13,996 [ERROR] Middleware:2950 - Invalid RefComponent list
2026-07-30 12:42:13,996 [ERROR] Middleware:2950 - Invalid RefComponent list
2026-07-30 12:42:13,996 [ERROR] Middleware:2950 - Invalid RefComponent list
2026-07-30 12:42:13,996 [ERROR] Middleware:2950 - Invalid RefComponent list
2026-07-30 12:42:13,996 [ERROR] Middleware:2950 - Invalid RefComponent list
2026-07-30 12:42:13,996 [ERROR] Middleware:2950 - Invalid RefComponent list
2026-07-30 12:42:13,996 [ERROR] Middleware:2950 - Invalid RefComponent list
2026-07-30 12:42:13,996 [ERROR] Middleware:2950 - Invalid RefComponent list
2026-07-30 12:42:13,996 [ERROR] Middleware:2950 - Invalid RefComponent list
2026-07-30 12:42:13,996 [ERROR] Middleware:2950 - Invalid RefComponent list
2026-07-30 12:42:13,996 [ERROR] Middleware:2950 - Invalid RefComponent list
2026-07-30 12:42:13,996 [ERROR] Middleware:2950 - Invalid RefComponent list
2026-07-30 12:42:13,996 [ERROR] Middleware:2950 - Invalid RefComponent list
2026-07-30 12:42:13,997 [ERROR] Middleware:2950 - Invalid RefComponent list
2026-07-30 12:42:14,003 [INFO] ProjectBuilder:5216 - Project Generator version: 4.7.0-B52
2026-07-30 12:42:14,099 [INFO] ConfigFileManager:1595 - The Die is : DIE470
2026-07-30 12:42:15,961 [INFO] ProjectBuilder:5496 - Time for Generating toolchain IDE Files: 1957mS.
2026-07-30 12:42:15,965 [INFO] ProjectBuilder:3463 - Time for Copy CMSIS : 2mS.
2026-07-30 12:42:15,968 [INFO] ProjectBuilder:3463 - Time for Copy CMSIS : 1mS.
2026-07-30 13:59:52,665 [INFO] WebApp:194 - Connection lost
2026-07-30 14:00:05,251 [INFO] WebApp:191 - Connection restablished
2026-07-30 14:25:03,766 [INFO] AI:955 - getUI adding AI com.st.microxplorer.plugins.ip.ai.AI@7ca8f4d2 on STMicroelectronics.X-CUBE-AI.10.2.1
2026-07-30 14:25:09,201 [INFO] AI:955 - getUI adding AI com.st.microxplorer.plugins.ip.ai.AI@7ca8f4d2 on STMicroelectronics.X-CUBE-AI.10.2.1
2026-07-30 14:25:23,366 [INFO] AI:955 - getUI adding AI com.st.microxplorer.plugins.ip.ai.AI@7ca8f4d2 on STMicroelectronics.X-CUBE-AI.10.2.1
2026-07-30 14:25:46,790 [INFO] AI:955 - getUI adding AI com.st.microxplorer.plugins.ip.ai.AI@7ca8f4d2 on STMicroelectronics.X-CUBE-AI.10.2.1
2026-07-30 14:25:52,843 [INFO] AI:955 - getUI adding AI com.st.microxplorer.plugins.ip.ai.AI@7ca8f4d2 on STMicroelectronics.X-CUBE-AI.10.2.1
2026-07-30 14:26:13,961 [INFO] AI:955 - getUI adding AI com.st.microxplorer.plugins.ip.ai.AI@7ca8f4d2 on STMicroelectronics.X-CUBE-AI.10.2.1
2026-07-30 14:26:14,123 [INFO] AI:955 - getUI adding AI com.st.microxplorer.plugins.ip.ai.AI@7ca8f4d2 on STMicroelectronics.X-CUBE-AI.10.2.1
2026-07-30 14:26:14,279 [INFO] AI:955 - getUI adding AI com.st.microxplorer.plugins.ip.ai.AI@7ca8f4d2 on STMicroelectronics.X-CUBE-AI.10.2.1
2026-07-30 14:26:14,409 [INFO] AI:955 - getUI adding AI com.st.microxplorer.plugins.ip.ai.AI@7ca8f4d2 on STMicroelectronics.X-CUBE-AI.10.2.1
2026-07-30 14:26:36,646 [INFO] I2cTimingTraitement:330 - 0x30A175AB
2026-07-30 14:26:54,313 [INFO] UtilMem:75 - End SaveConfig() Used Memory: 910169664 Bytes (1073741824)
2026-07-30 14:26:56,272 [INFO] UtilMem:75 - End SaveConfig() Used Memory: 785870304 Bytes (1073741824)
2026-07-30 14:26:58,053 [INFO] UtilMem:75 - End SaveConfig() Used Memory: 787399696 Bytes (1073741824)
2026-07-30 14:26:59,076 [INFO] BlockDiagram:2775 - set Specific Code input for plugin: SYS
2026-07-30 14:26:59,076 [INFO] BlockDiagram:2775 - set Specific Code input for plugin: RCC
2026-07-30 14:26:59,076 [INFO] BlockDiagram:2775 - set Specific Code input for plugin: I2C
2026-07-30 14:26:59,077 [INFO] BlockDiagram:2775 - set Specific Code input for plugin: NVIC
2026-07-30 14:26:59,077 [INFO] BlockDiagram:2775 - set Specific Code input for plugin: USART
2026-07-30 14:26:59,077 [INFO] BlockDiagram:2775 - set Specific Code input for plugin: STMicroelectronics.X-CUBE-AI.10.2.1
2026-07-30 14:26:59,077 [INFO] BlockDiagram:2775 - set Specific Code input for plugin: GPIO
2026-07-30 14:26:59,080 [INFO] CodeGenerator:892 - code generatio: config db path: C:\ST\STM32CubeIDE_1.19.0\STM32CubeIDE\plugins\com.st.stm32cube.common.mx_6.15.0.202507011659\\db\
2026-07-30 14:26:59,237 [INFO] IP:3329 - RTE Config file name : RTE_Component
2026-07-30 14:26:59,238 [INFO] IP:3347 - RTE template : RTE_Components.ftl
2026-07-30 14:26:59,249 [INFO] CodeEngine:265 - oldGeneratedFile, D:\TinyML_GJ\TinyML_Workshop\STM32\Interface_OnBoard_IMU\MXTmpFiles\license.tmp_save
2026-07-30 14:26:59,672 [INFO] CodeEngine:289 - Generated code: D:\TinyML_GJ\TinyML_Workshop\STM32\Interface_OnBoard_IMU\MXTmpFiles\license.tmp
2026-07-30 14:26:59,709 [INFO] CodeEngine:265 - oldGeneratedFile, D:\TinyML_GJ\TinyML_Workshop\STM32\Interface_OnBoard_IMU\MXTmpFiles\gpio.tmp_save
2026-07-30 14:26:59,993 [INFO] CodeEngine:289 - Generated code: D:\TinyML_GJ\TinyML_Workshop\STM32\Interface_OnBoard_IMU\MXTmpFiles\gpio.tmp
2026-07-30 14:27:00,122 [INFO] Middleware:1452 - No code input for Bsp Dependency
2026-07-30 14:27:00,124 [INFO] Middleware:1452 - No code input for Bsp Dependency
2026-07-30 14:27:00,141 [INFO] CodeEngine:265 - oldGeneratedFile, D:\TinyML_GJ\TinyML_Workshop\STM32\Interface_OnBoard_IMU\Core\Src\stm32l4xx_it.c_save
2026-07-30 14:27:00,571 [INFO] CodeEngine:289 - Generated code: D:\TinyML_GJ\TinyML_Workshop\STM32\Interface_OnBoard_IMU\Core\Src\stm32l4xx_it.c
2026-07-30 14:27:00,578 [INFO] CodeEngine:265 - oldGeneratedFile, D:\TinyML_GJ\TinyML_Workshop\STM32\Interface_OnBoard_IMU\Core\Inc\stm32l4xx_it.h_save
2026-07-30 14:27:00,700 [INFO] CodeEngine:289 - Generated code: D:\TinyML_GJ\TinyML_Workshop\STM32\Interface_OnBoard_IMU\Core\Inc\stm32l4xx_it.h
2026-07-30 14:27:00,719 [INFO] CodeEngine:265 - oldGeneratedFile, D:\TinyML_GJ\TinyML_Workshop\STM32\Interface_OnBoard_IMU\Core\Src\stm32l4xx_hal_msp.c_save
2026-07-30 14:27:01,110 [INFO] CodeEngine:289 - Generated code: D:\TinyML_GJ\TinyML_Workshop\STM32\Interface_OnBoard_IMU\Core\Src\stm32l4xx_hal_msp.c
2026-07-30 14:27:01,118 [INFO] CodeEngine:265 - oldGeneratedFile, D:\TinyML_GJ\TinyML_Workshop\STM32\Interface_OnBoard_IMU\MXTmpFiles\system.tmp_save
2026-07-30 14:27:01,228 [INFO] CodeEngine:289 - Generated code: D:\TinyML_GJ\TinyML_Workshop\STM32\Interface_OnBoard_IMU\MXTmpFiles\system.tmp
2026-07-30 14:27:01,258 [INFO] CodeEngine:321 - oldGeneratedFile, D:\TinyML_GJ\TinyML_Workshop\STM32\Interface_OnBoard_IMU\Core\Inc\stm32l4xx_hal_conf.h_save
2026-07-30 14:27:01,503 [INFO] CodeEngine:345 - Generated code: D:\TinyML_GJ\TinyML_Workshop\STM32\Interface_OnBoard_IMU\Core\Inc\stm32l4xx_hal_conf.h
2026-07-30 14:27:01,553 [INFO] CodeEngine:265 - oldGeneratedFile, D:\TinyML_GJ\TinyML_Workshop\STM32\Interface_OnBoard_IMU\Core\Inc\main.h_save
2026-07-30 14:27:01,795 [INFO] CodeEngine:289 - Generated code: D:\TinyML_GJ\TinyML_Workshop\STM32\Interface_OnBoard_IMU\Core\Inc\main.h
2026-07-30 14:27:01,803 [INFO] CodeEngine:265 - oldGeneratedFile, D:\TinyML_GJ\TinyML_Workshop\STM32\Interface_OnBoard_IMU\Core\Src\main.c_save
2026-07-30 14:27:02,031 [INFO] CodeEngine:289 - Generated code: D:\TinyML_GJ\TinyML_Workshop\STM32\Interface_OnBoard_IMU\Core\Src\main.c
2026-07-30 14:27:02,411 [INFO] AInterface:322 - ModelName:network; files:[D:\TinyML_GJ\TinyML_Workshop\ONNX\random_forest_model.onnx]; type:ONNX; compression:None
2026-07-30 14:27:02,413 [INFO] AInterface:526 - workspaceTempDir: C:/Users/ADMIN/AppData/Local/Temp/mxAI_workspace848387127981230112212039097107827654
2026-07-30 14:27:02,414 [INFO] AInterface:1179 - Setting Env: C:/Users/ADMIN/STM32Cube/Repository//Packs/STMicroelectronics/X-CUBE-AI/10.2.1/Utilities/windows
2026-07-30 14:27:02,426 [INFO] STM32CubeIDEBuilder:265 - Looking for gnu-tools-for-stm32 tools/bin/arm-none-eabi-gcc.exe in C:\ST\STM32CubeIDE_1.19.0\STM32CubeIDE
2026-07-30 14:27:02,429 [INFO] STM32CubeIDEBuilder:294 - checking C:\ST\STM32CubeIDE_1.19.0\STM32CubeIDE\plugins\com.st.stm32cube.ide.mcu.externaltools.gnu-tools-for-stm32.13.3.rel1.win32_1.0.0.202411081344\tools\bin\arm-none-eabi-gcc.exe
2026-07-30 14:27:02,430 [INFO] STM32CubeIDEBuilder:297 - ret=C:\ST\STM32CubeIDE_1.19.0\STM32CubeIDE\plugins\com.st.stm32cube.ide.mcu.externaltools.gnu-tools-for-stm32.13.3.rel1.win32_1.0.0.202411081344\tools\bin\arm-none-eabi-gcc.exe
2026-07-30 14:27:02,430 [INFO] STM32CubeIDEBuilder:311 - returning C:\ST\STM32CubeIDE_1.19.0\STM32CubeIDE\plugins\com.st.stm32cube.ide.mcu.externaltools.gnu-tools-for-stm32.13.3.rel1.win32_1.0.0.202411081344\tools\bin\arm-none-eabi-gcc.exe
2026-07-30 14:27:02,431 [INFO] AInterface:1236 - Custom PATH variable: C:/Users/ADMIN/STM32Cube/Repository//Packs/STMicroelectronics/X-CUBE-AI/10.2.1/Utilities/windows;C:/Users/ADMIN/STM32Cube/Repository//Packs/STMicroelectronics/X-CUBE-AI/10.2.1/Utilities/windows/mingw64/bin;C:/Users/ADMIN/STM32Cube/Repository//Packs/STMicroelectronics/X-CUBE-AI/10.2.1/Utilities/windows/mingw64/libexec/gcc/x86_64-w64-mingw32/7.3.0;;C:\ST\STM32CubeIDE_1.19.0\STM32CubeIDE\plugins\com.st.stm32cube.ide.mcu.externaltools.gnu-tools-for-stm32.13.3.rel1.win32_1.0.0.202411081344\tools\bin
2026-07-30 14:27:02,434 [INFO] CmdLine:115 - Command: C:/Users/ADMIN/STM32Cube/Repository//Packs/STMicroelectronics/X-CUBE-AI/10.2.1/Utilities/windows/stedgeai.exe generate --target stm32l4 --name network -m D:/TinyML_GJ/TinyML_Workshop/ONNX/random_forest_model.onnx --compression none --verbosity 1 --workspace C:/Users/ADMIN/AppData/Local/Temp/mxAI_workspace848387127981230112212039097107827654 --output C:/Users/ADMIN/.stm32cubemx/network_output
2026-07-30 14:27:02,434 [INFO] AIModelDetailledView:2264 - Analysis status: pending
2026-07-30 14:27:03,497 [INFO] CmdLine:76 - ST Edge AI Core v2.2.0-20266 2adc00962
2026-07-30 14:27:26,676 [INFO] CmdLine:76 - Creating c (debug) info json file C:\Users\ADMIN\.stm32cubemx\network_output\network_c_info.json
2026-07-30 14:27:26,948 [INFO] CmdLine:76 -  
2026-07-30 14:27:26,948 [INFO] CmdLine:76 -  Exec/report summary (generate)
2026-07-30 14:27:26,948 [INFO] CmdLine:76 -  --------------------------------------------------------------------------------------------------------------
2026-07-30 14:27:26,948 [INFO] CmdLine:76 -  model file         :   D:\TinyML_GJ\TinyML_Workshop\ONNX\random_forest_model.onnx                             
2026-07-30 14:27:26,948 [INFO] CmdLine:76 -  type               :   onnx                                                                                   
2026-07-30 14:27:26,948 [INFO] CmdLine:76 -  c_name             :   network                                                                                
2026-07-30 14:27:26,948 [INFO] CmdLine:76 -  compression        :   none                                                                                   
2026-07-30 14:27:26,948 [INFO] CmdLine:76 -  options            :   allocate-inputs, allocate-outputs                                                      
2026-07-30 14:27:26,948 [INFO] CmdLine:76 -  optimization       :   balanced                                                                               
2026-07-30 14:27:26,948 [INFO] CmdLine:76 -  target/series      :   stm32l4                                                                                
2026-07-30 14:27:26,948 [INFO] CmdLine:76 -  workspace dir      :   C:\Users\ADMIN\AppData\Local\Temp\mxAI_workspace848387127981230112212039097107827654   
2026-07-30 14:27:26,948 [INFO] CmdLine:76 -  output dir         :   C:\Users\ADMIN\.stm32cubemx\network_output                                             
2026-07-30 14:27:26,964 [INFO] CmdLine:76 -  model_fmt          :   undefined                                                                              
2026-07-30 14:27:26,964 [INFO] CmdLine:76 -  model_name         :   random_forest_model                                                                    
2026-07-30 14:27:26,964 [INFO] CmdLine:76 -  model_hash         :   0xd29c45df724f3b36c9aa8b9f7a329e08                                                     
2026-07-30 14:27:26,964 [INFO] CmdLine:76 -  params #           :   520,842 items (1.25 MiB)                                                               
2026-07-30 14:27:26,964 [INFO] CmdLine:76 -  --------------------------------------------------------------------------------------------------------------
2026-07-30 14:27:26,964 [INFO] CmdLine:76 -  input 1/1          :   'float_input', f32(1x1x6), 24 Bytes, activations                                       
2026-07-30 14:27:26,964 [INFO] CmdLine:76 -  output 1/2         :   'label0', int32(1x1), 4 Bytes, activations                                             
2026-07-30 14:27:26,964 [INFO] CmdLine:76 -  output 2/2         :   'output_probability', f32(1x1x5x2), 40 Bytes, activations                              
2026-07-30 14:27:26,964 [INFO] CmdLine:76 -  outputs (total)    :   44 Bytes                                                                               
2026-07-30 14:27:26,964 [INFO] CmdLine:76 -  macc               :   1,311                                                                                  
2026-07-30 14:27:26,964 [INFO] CmdLine:76 -  weights (ro)       :   1,313,296 B (1.25 MiB) (1 segment) / -770,072(-37.0%) vs float model                   
2026-07-30 14:27:26,964 [INFO] CmdLine:76 -  activations (rw)   :   64 B (64 B) (1 segment) *                                                              
2026-07-30 14:27:26,964 [INFO] CmdLine:76 -  ram (total)        :   64 B (64 B) = 64 + 0 + 0                                                               
2026-07-30 14:27:26,964 [INFO] CmdLine:76 -  --------------------------------------------------------------------------------------------------------------
2026-07-30 14:27:26,964 [INFO] CmdLine:76 -  (*) 'input'/'output' buffers are allocated in the activations buffer
2026-07-30 14:27:27,060 [INFO] CmdLine:76 - Computing AI RT data/code size (target=stm32l4)..
2026-07-30 14:27:30,077 [INFO] CmdLine:76 -  Requested memory size by section - "stm32l4" target
2026-07-30 14:27:30,077 [INFO] CmdLine:76 -  ------------------------------ ------- ----------- ------- -----
2026-07-30 14:27:30,077 [INFO] CmdLine:76 -  module                            text      rodata    data   bss
2026-07-30 14:27:30,077 [INFO] CmdLine:76 -  ------------------------------ ------- ----------- ------- -----
2026-07-30 14:27:30,077 [INFO] CmdLine:76 -  NetworkRuntime1020_CM4_GCC.a     5,508           0       0     0
2026-07-30 14:27:30,077 [INFO] CmdLine:76 -  network.o                          704          16   1,768   172
2026-07-30 14:27:30,077 [INFO] CmdLine:76 -  network_data.o                      48          16      88     0
2026-07-30 14:27:30,077 [INFO] CmdLine:76 -  lib (toolchain)*                     0           0       0     0
2026-07-30 14:27:30,077 [INFO] CmdLine:76 -  ------------------------------ ------- ----------- ------- -----
2026-07-30 14:27:30,077 [INFO] CmdLine:76 -  RT total**                       6,260          32   1,856   172
2026-07-30 14:27:30,077 [INFO] CmdLine:76 -  ------------------------------ ------- ----------- ------- -----
2026-07-30 14:27:30,093 [INFO] CmdLine:76 -  weights                              0   1,313,296       0     0
2026-07-30 14:27:30,093 [INFO] CmdLine:76 -  activations                          0           0       0    64
2026-07-30 14:27:30,093 [INFO] CmdLine:76 -  io                                   0           0       0     0
2026-07-30 14:27:30,093 [INFO] CmdLine:76 -  ------------------------------ ------- ----------- ------- -----
2026-07-30 14:27:30,093 [INFO] CmdLine:76 -  TOTAL                            6,260   1,313,328   1,856   236
2026-07-30 14:27:30,093 [INFO] CmdLine:76 -  ------------------------------ ------- ----------- ------- -----
2026-07-30 14:27:30,093 [INFO] CmdLine:76 -  *  toolchain objects (libm/libgcc*)
2026-07-30 14:27:30,093 [INFO] CmdLine:76 -  ** RT AI runtime objects (kernels+infrastructure)
2026-07-30 14:27:30,093 [INFO] CmdLine:76 -   Summary - "stm32l4" target
2026-07-30 14:27:30,093 [INFO] CmdLine:76 -   --------------------------------------------------
2026-07-30 14:27:30,093 [INFO] CmdLine:76 -                FLASH (ro)     %*   RAM (rw)       %
2026-07-30 14:27:30,093 [INFO] CmdLine:76 -   --------------------------------------------------
2026-07-30 14:27:30,093 [INFO] CmdLine:76 -   RT total          8,148   0.6%      2,028   96.9%
2026-07-30 14:27:30,093 [INFO] CmdLine:76 -   --------------------------------------------------
2026-07-30 14:27:30,093 [INFO] CmdLine:76 -   TOTAL         1,321,444             2,092
2026-07-30 14:27:30,104 [INFO] CmdLine:76 -   --------------------------------------------------
2026-07-30 14:27:30,104 [INFO] CmdLine:76 -   *  rt/total
2026-07-30 14:27:30,104 [INFO] CmdLine:76 -  Generated files (7)
2026-07-30 14:27:30,104 [INFO] CmdLine:76 -  ------------------------------------------------------------------
2026-07-30 14:27:30,104 [INFO] CmdLine:76 -  C:\Users\ADMIN\.stm32cubemx\network_output\network_data_params.h
2026-07-30 14:27:30,109 [INFO] CmdLine:76 -  C:\Users\ADMIN\.stm32cubemx\network_output\network_data_params.c
2026-07-30 14:27:30,109 [INFO] CmdLine:76 -  C:\Users\ADMIN\.stm32cubemx\network_output\network_data.h
2026-07-30 14:27:30,109 [INFO] CmdLine:76 -  C:\Users\ADMIN\.stm32cubemx\network_output\network_data.c
2026-07-30 14:27:30,109 [INFO] CmdLine:76 -  C:\Users\ADMIN\.stm32cubemx\network_output\network_config.h
2026-07-30 14:27:30,109 [INFO] CmdLine:76 -  C:\Users\ADMIN\.stm32cubemx\network_output\network.h
2026-07-30 14:27:30,109 [INFO] CmdLine:76 -  C:\Users\ADMIN\.stm32cubemx\network_output\network.c
2026-07-30 14:27:30,109 [INFO] CmdLine:76 - Creating txt report file C:\Users\ADMIN\.stm32cubemx\network_output\network_generate_report.txt
2026-07-30 14:27:42,306 [INFO] CmdLine:76 - elapsed time (generate): 38.809s
2026-07-30 14:27:43,122 [INFO] CmdLine:148 - stedgeai exit with status: 0
2026-07-30 14:27:43,313 [INFO] AIModelDetailledView:2264 - Analysis status: done
2026-07-30 14:27:44,438 [INFO] ProjectBuilder:3606 - Time for Copy HAL[1] : 422mS.
2026-07-30 14:27:44,438 [ERROR] Middleware:2950 - Invalid RefComponent list
2026-07-30 14:27:44,438 [ERROR] Middleware:2950 - Invalid RefComponent list
2026-07-30 14:27:44,438 [ERROR] Middleware:2950 - Invalid RefComponent list
2026-07-30 14:27:44,438 [ERROR] Middleware:2950 - Invalid RefComponent list
2026-07-30 14:27:44,438 [ERROR] Middleware:2950 - Invalid RefComponent list
2026-07-30 14:27:44,438 [ERROR] Middleware:2950 - Invalid RefComponent list
2026-07-30 14:27:44,438 [ERROR] Middleware:2950 - Invalid RefComponent list
2026-07-30 14:27:44,438 [ERROR] Middleware:2950 - Invalid RefComponent list
2026-07-30 14:27:44,438 [ERROR] Middleware:2950 - Invalid RefComponent list
2026-07-30 14:27:44,438 [ERROR] Middleware:2950 - Invalid RefComponent list
2026-07-30 14:27:44,440 [ERROR] Middleware:2950 - Invalid RefComponent list
2026-07-30 14:27:44,440 [ERROR] Middleware:2950 - Invalid RefComponent list
2026-07-30 14:27:44,440 [ERROR] Middleware:2950 - Invalid RefComponent list
2026-07-30 14:27:44,440 [ERROR] Middleware:2950 - Invalid RefComponent list
2026-07-30 14:27:44,440 [ERROR] Middleware:2950 - Invalid RefComponent list
2026-07-30 14:27:44,440 [ERROR] Middleware:2950 - Invalid RefComponent list
2026-07-30 14:27:44,440 [ERROR] Middleware:2950 - Invalid RefComponent list
2026-07-30 14:27:44,440 [ERROR] Middleware:2950 - Invalid RefComponent list
2026-07-30 14:27:44,440 [ERROR] Middleware:2950 - Invalid RefComponent list
2026-07-30 14:27:44,440 [ERROR] Middleware:2950 - Invalid RefComponent list
2026-07-30 14:27:44,440 [ERROR] Middleware:2950 - Invalid RefComponent list
2026-07-30 14:27:44,440 [ERROR] Middleware:2950 - Invalid RefComponent list
2026-07-30 14:27:44,440 [ERROR] Middleware:2950 - Invalid RefComponent list
2026-07-30 14:27:44,440 [ERROR] Middleware:2950 - Invalid RefComponent list
2026-07-30 14:27:44,440 [ERROR] Middleware:2950 - Invalid RefComponent list
2026-07-30 14:27:44,440 [ERROR] Middleware:2950 - Invalid RefComponent list
2026-07-30 14:27:44,440 [ERROR] Middleware:2950 - Invalid RefComponent list
2026-07-30 14:27:44,440 [ERROR] Middleware:2950 - Invalid RefComponent list
2026-07-30 14:27:44,440 [ERROR] Middleware:2950 - Invalid RefComponent list
2026-07-30 14:27:44,440 [ERROR] Middleware:2950 - Invalid RefComponent list
2026-07-30 14:27:44,440 [ERROR] Middleware:2950 - Invalid RefComponent list
2026-07-30 14:27:44,442 [ERROR] Middleware:2950 - Invalid RefComponent list
2026-07-30 14:27:44,442 [ERROR] Middleware:2950 - Invalid RefComponent list
2026-07-30 14:27:44,442 [ERROR] Middleware:2950 - Invalid RefComponent list
2026-07-30 14:27:44,442 [ERROR] Middleware:2950 - Invalid RefComponent list
2026-07-30 14:27:44,442 [ERROR] Middleware:2950 - Invalid RefComponent list
2026-07-30 14:27:44,442 [ERROR] Middleware:2950 - Invalid RefComponent list
2026-07-30 14:27:44,442 [ERROR] Middleware:2950 - Invalid RefComponent list
2026-07-30 14:27:44,442 [ERROR] Middleware:2950 - Invalid RefComponent list
2026-07-30 14:27:44,442 [ERROR] Middleware:2950 - Invalid RefComponent list
2026-07-30 14:27:44,442 [ERROR] Middleware:2950 - Invalid RefComponent list
2026-07-30 14:27:44,442 [ERROR] Middleware:2950 - Invalid RefComponent list
2026-07-30 14:27:44,442 [ERROR] Middleware:2950 - Invalid RefComponent list
2026-07-30 14:27:44,442 [ERROR] Middleware:2950 - Invalid RefComponent list
2026-07-30 14:27:44,442 [ERROR] Middleware:2950 - Invalid RefComponent list
2026-07-30 14:27:44,442 [ERROR] Middleware:2950 - Invalid RefComponent list
2026-07-30 14:27:44,442 [ERROR] Middleware:2950 - Invalid RefComponent list
2026-07-30 14:27:44,442 [ERROR] Middleware:2950 - Invalid RefComponent list
2026-07-30 14:27:44,442 [ERROR] Middleware:2950 - Invalid RefComponent list
2026-07-30 14:27:44,442 [ERROR] Middleware:2950 - Invalid RefComponent list
2026-07-30 14:27:44,448 [INFO] ProjectBuilder:5216 - Project Generator version: 4.7.0-B52
2026-07-30 14:27:44,596 [INFO] ConfigFileManager:1595 - The Die is : DIE470
2026-07-30 14:27:50,369 [INFO] ProjectBuilder:5496 - Time for Generating toolchain IDE Files: 5919mS.
2026-07-30 14:27:50,375 [INFO] ProjectBuilder:3463 - Time for Copy CMSIS : 4mS.
2026-07-30 14:27:50,387 [INFO] ProjectBuilder:3463 - Time for Copy CMSIS : 0mS.
2026-07-30 14:40:15,821 [INFO] UtilMem:75 - End SaveConfig() Used Memory: 859109048 Bytes (1073741824)
2026-07-30 14:40:18,890 [INFO] UtilMem:75 - End SaveConfig() Used Memory: 901764432 Bytes (1073741824)
2026-07-30 14:40:19,284 [INFO] UtilMem:75 - End SaveConfig() Used Memory: 888460032 Bytes (1073741824)
2026-07-30 14:40:20,155 [INFO] BlockDiagram:2775 - set Specific Code input for plugin: SYS
2026-07-30 14:40:20,155 [INFO] BlockDiagram:2775 - set Specific Code input for plugin: RCC
2026-07-30 14:40:20,155 [INFO] BlockDiagram:2775 - set Specific Code input for plugin: I2C
2026-07-30 14:40:20,155 [INFO] BlockDiagram:2775 - set Specific Code input for plugin: NVIC
2026-07-30 14:40:20,155 [INFO] BlockDiagram:2775 - set Specific Code input for plugin: USART
2026-07-30 14:40:20,155 [INFO] BlockDiagram:2775 - set Specific Code input for plugin: STMicroelectronics.X-CUBE-AI.10.2.1
2026-07-30 14:40:20,156 [INFO] BlockDiagram:2775 - set Specific Code input for plugin: GPIO
2026-07-30 14:40:20,158 [INFO] CodeGenerator:892 - code generatio: config db path: C:\ST\STM32CubeIDE_1.19.0\STM32CubeIDE\plugins\com.st.stm32cube.common.mx_6.15.0.202507011659\\db\
2026-07-30 14:40:20,325 [INFO] IP:3329 - RTE Config file name : RTE_Component
2026-07-30 14:40:20,326 [INFO] IP:3347 - RTE template : RTE_Components.ftl
2026-07-30 14:40:20,337 [INFO] CodeEngine:265 - oldGeneratedFile, D:\TinyML_GJ\TinyML_Workshop\STM32\Interface_OnBoard_IMU\MXTmpFiles\license.tmp_save
2026-07-30 14:40:20,824 [INFO] CodeEngine:289 - Generated code: D:\TinyML_GJ\TinyML_Workshop\STM32\Interface_OnBoard_IMU\MXTmpFiles\license.tmp
2026-07-30 14:40:20,871 [INFO] CodeEngine:265 - oldGeneratedFile, D:\TinyML_GJ\TinyML_Workshop\STM32\Interface_OnBoard_IMU\MXTmpFiles\gpio.tmp_save
2026-07-30 14:40:21,162 [INFO] CodeEngine:289 - Generated code: D:\TinyML_GJ\TinyML_Workshop\STM32\Interface_OnBoard_IMU\MXTmpFiles\gpio.tmp
2026-07-30 14:40:21,278 [INFO] Middleware:1452 - No code input for Bsp Dependency
2026-07-30 14:40:21,280 [INFO] Middleware:1452 - No code input for Bsp Dependency
2026-07-30 14:40:21,297 [INFO] CodeEngine:265 - oldGeneratedFile, D:\TinyML_GJ\TinyML_Workshop\STM32\Interface_OnBoard_IMU\Core\Src\stm32l4xx_it.c_save
2026-07-30 14:40:21,744 [INFO] CodeEngine:289 - Generated code: D:\TinyML_GJ\TinyML_Workshop\STM32\Interface_OnBoard_IMU\Core\Src\stm32l4xx_it.c
2026-07-30 14:40:21,752 [INFO] CodeEngine:265 - oldGeneratedFile, D:\TinyML_GJ\TinyML_Workshop\STM32\Interface_OnBoard_IMU\Core\Inc\stm32l4xx_it.h_save
2026-07-30 14:40:21,878 [INFO] CodeEngine:289 - Generated code: D:\TinyML_GJ\TinyML_Workshop\STM32\Interface_OnBoard_IMU\Core\Inc\stm32l4xx_it.h
2026-07-30 14:40:21,899 [INFO] CodeEngine:265 - oldGeneratedFile, D:\TinyML_GJ\TinyML_Workshop\STM32\Interface_OnBoard_IMU\Core\Src\stm32l4xx_hal_msp.c_save
2026-07-30 14:40:22,230 [INFO] CodeEngine:289 - Generated code: D:\TinyML_GJ\TinyML_Workshop\STM32\Interface_OnBoard_IMU\Core\Src\stm32l4xx_hal_msp.c
2026-07-30 14:40:22,236 [INFO] CodeEngine:265 - oldGeneratedFile, D:\TinyML_GJ\TinyML_Workshop\STM32\Interface_OnBoard_IMU\MXTmpFiles\system.tmp_save
2026-07-30 14:40:22,352 [INFO] CodeEngine:289 - Generated code: D:\TinyML_GJ\TinyML_Workshop\STM32\Interface_OnBoard_IMU\MXTmpFiles\system.tmp
2026-07-30 14:40:22,367 [INFO] CodeEngine:321 - oldGeneratedFile, D:\TinyML_GJ\TinyML_Workshop\STM32\Interface_OnBoard_IMU\Core\Inc\stm32l4xx_hal_conf.h_save
2026-07-30 14:40:22,618 [INFO] CodeEngine:345 - Generated code: D:\TinyML_GJ\TinyML_Workshop\STM32\Interface_OnBoard_IMU\Core\Inc\stm32l4xx_hal_conf.h
2026-07-30 14:40:22,666 [INFO] CodeEngine:265 - oldGeneratedFile, D:\TinyML_GJ\TinyML_Workshop\STM32\Interface_OnBoard_IMU\Core\Inc\main.h_save
2026-07-30 14:40:22,907 [INFO] CodeEngine:289 - Generated code: D:\TinyML_GJ\TinyML_Workshop\STM32\Interface_OnBoard_IMU\Core\Inc\main.h
2026-07-30 14:40:22,914 [INFO] CodeEngine:265 - oldGeneratedFile, D:\TinyML_GJ\TinyML_Workshop\STM32\Interface_OnBoard_IMU\Core\Src\main.c_save
2026-07-30 14:40:23,163 [INFO] CodeEngine:289 - Generated code: D:\TinyML_GJ\TinyML_Workshop\STM32\Interface_OnBoard_IMU\Core\Src\main.c
2026-07-30 14:40:23,496 [INFO] AInterface:322 - ModelName:network; files:[D:\TinyML_GJ\TinyML_Workshop\ONNX\random_forest_model.onnx]; type:ONNX; compression:None
2026-07-30 14:40:23,497 [INFO] AInterface:526 - workspaceTempDir: C:/Users/ADMIN/AppData/Local/Temp/mxAI_workspace84846723640748006331860930881461760
2026-07-30 14:40:23,498 [INFO] AInterface:1179 - Setting Env: C:/Users/ADMIN/STM32Cube/Repository//Packs/STMicroelectronics/X-CUBE-AI/10.2.1/Utilities/windows
2026-07-30 14:40:23,508 [INFO] STM32CubeIDEBuilder:265 - Looking for gnu-tools-for-stm32 tools/bin/arm-none-eabi-gcc.exe in C:\ST\STM32CubeIDE_1.19.0\STM32CubeIDE
2026-07-30 14:40:23,511 [INFO] STM32CubeIDEBuilder:294 - checking C:\ST\STM32CubeIDE_1.19.0\STM32CubeIDE\plugins\com.st.stm32cube.ide.mcu.externaltools.gnu-tools-for-stm32.13.3.rel1.win32_1.0.0.202411081344\tools\bin\arm-none-eabi-gcc.exe
2026-07-30 14:40:23,512 [INFO] STM32CubeIDEBuilder:297 - ret=C:\ST\STM32CubeIDE_1.19.0\STM32CubeIDE\plugins\com.st.stm32cube.ide.mcu.externaltools.gnu-tools-for-stm32.13.3.rel1.win32_1.0.0.202411081344\tools\bin\arm-none-eabi-gcc.exe
2026-07-30 14:40:23,512 [INFO] STM32CubeIDEBuilder:311 - returning C:\ST\STM32CubeIDE_1.19.0\STM32CubeIDE\plugins\com.st.stm32cube.ide.mcu.externaltools.gnu-tools-for-stm32.13.3.rel1.win32_1.0.0.202411081344\tools\bin\arm-none-eabi-gcc.exe
2026-07-30 14:40:23,512 [INFO] AInterface:1236 - Custom PATH variable: C:/Users/ADMIN/STM32Cube/Repository//Packs/STMicroelectronics/X-CUBE-AI/10.2.1/Utilities/windows;C:/Users/ADMIN/STM32Cube/Repository//Packs/STMicroelectronics/X-CUBE-AI/10.2.1/Utilities/windows/mingw64/bin;C:/Users/ADMIN/STM32Cube/Repository//Packs/STMicroelectronics/X-CUBE-AI/10.2.1/Utilities/windows/mingw64/libexec/gcc/x86_64-w64-mingw32/7.3.0;;C:\ST\STM32CubeIDE_1.19.0\STM32CubeIDE\plugins\com.st.stm32cube.ide.mcu.externaltools.gnu-tools-for-stm32.13.3.rel1.win32_1.0.0.202411081344\tools\bin
2026-07-30 14:40:23,515 [INFO] CmdLine:115 - Command: C:/Users/ADMIN/STM32Cube/Repository//Packs/STMicroelectronics/X-CUBE-AI/10.2.1/Utilities/windows/stedgeai.exe generate --target stm32l4 --name network -m D:/TinyML_GJ/TinyML_Workshop/ONNX/random_forest_model.onnx --compression none --verbosity 1 --workspace C:/Users/ADMIN/AppData/Local/Temp/mxAI_workspace84846723640748006331860930881461760 --output C:/Users/ADMIN/.stm32cubemx/network_output
2026-07-30 14:40:23,516 [INFO] AIModelDetailledView:2264 - Analysis status: pending
2026-07-30 14:40:24,416 [INFO] CmdLine:76 - ST Edge AI Core v2.2.0-20266 2adc00962
2026-07-30 14:40:40,775 [INFO] CmdLine:76 - Creating c (debug) info json file C:\Users\ADMIN\.stm32cubemx\network_output\network_c_info.json
2026-07-30 14:40:40,941 [INFO] CmdLine:76 -  
2026-07-30 14:40:40,942 [INFO] CmdLine:76 -  Exec/report summary (generate)
2026-07-30 14:40:40,943 [INFO] CmdLine:76 -  -------------------------------------------------------------------------------------------------------------
2026-07-30 14:40:40,943 [INFO] CmdLine:76 -  model file         :   D:\TinyML_GJ\TinyML_Workshop\ONNX\random_forest_model.onnx                            
2026-07-30 14:40:40,944 [INFO] CmdLine:76 -  type               :   onnx                                                                                  
2026-07-30 14:40:40,944 [INFO] CmdLine:76 -  c_name             :   network                                                                               
2026-07-30 14:40:40,945 [INFO] CmdLine:76 -  compression        :   none                                                                                  
2026-07-30 14:40:40,945 [INFO] CmdLine:76 -  options            :   allocate-inputs, allocate-outputs                                                     
2026-07-30 14:40:40,945 [INFO] CmdLine:76 -  optimization       :   balanced                                                                              
2026-07-30 14:40:40,945 [INFO] CmdLine:76 -  target/series      :   stm32l4                                                                               
2026-07-30 14:40:40,945 [INFO] CmdLine:76 -  workspace dir      :   C:\Users\ADMIN\AppData\Local\Temp\mxAI_workspace84846723640748006331860930881461760   
2026-07-30 14:40:40,946 [INFO] CmdLine:76 -  output dir         :   C:\Users\ADMIN\.stm32cubemx\network_output                                            
2026-07-30 14:40:40,946 [INFO] CmdLine:76 -  model_fmt          :   undefined                                                                             
2026-07-30 14:40:40,946 [INFO] CmdLine:76 -  model_name         :   random_forest_model                                                                   
2026-07-30 14:40:40,946 [INFO] CmdLine:76 -  model_hash         :   0xd29c45df724f3b36c9aa8b9f7a329e08                                                    
2026-07-30 14:40:40,947 [INFO] CmdLine:76 -  params #           :   520,842 items (1.25 MiB)                                                              
2026-07-30 14:40:40,947 [INFO] CmdLine:76 -  -------------------------------------------------------------------------------------------------------------
2026-07-30 14:40:40,947 [INFO] CmdLine:76 -  input 1/1          :   'float_input', f32(1x1x6), 24 Bytes, activations                                      
2026-07-30 14:40:40,947 [INFO] CmdLine:76 -  output 1/2         :   'label0', int32(1x1), 4 Bytes, activations                                            
2026-07-30 14:40:40,947 [INFO] CmdLine:76 -  output 2/2         :   'output_probability', f32(1x1x5x2), 40 Bytes, activations                             
2026-07-30 14:40:40,948 [INFO] CmdLine:76 -  outputs (total)    :   44 Bytes                                                                              
2026-07-30 14:40:40,948 [INFO] CmdLine:76 -  macc               :   1,311                                                                                 
2026-07-30 14:40:40,948 [INFO] CmdLine:76 -  weights (ro)       :   1,313,296 B (1.25 MiB) (1 segment) / -770,072(-37.0%) vs float model                  
2026-07-30 14:40:40,948 [INFO] CmdLine:76 -  activations (rw)   :   64 B (64 B) (1 segment) *                                                             
2026-07-30 14:40:40,949 [INFO] CmdLine:76 -  ram (total)        :   64 B (64 B) = 64 + 0 + 0                                                              
2026-07-30 14:40:40,949 [INFO] CmdLine:76 -  -------------------------------------------------------------------------------------------------------------
2026-07-30 14:40:40,949 [INFO] CmdLine:76 -  (*) 'input'/'output' buffers are allocated in the activations buffer
2026-07-30 14:40:41,002 [INFO] CmdLine:76 - Computing AI RT data/code size (target=stm32l4)..
2026-07-30 14:40:43,750 [INFO] CmdLine:76 -  Requested memory size by section - "stm32l4" target
2026-07-30 14:40:43,750 [INFO] CmdLine:76 -  ------------------------------ ------- ----------- ------- -----
2026-07-30 14:40:43,751 [INFO] CmdLine:76 -  module                            text      rodata    data   bss
2026-07-30 14:40:43,751 [INFO] CmdLine:76 -  ------------------------------ ------- ----------- ------- -----
2026-07-30 14:40:43,751 [INFO] CmdLine:76 -  NetworkRuntime1020_CM4_GCC.a     5,508           0       0     0
2026-07-30 14:40:43,752 [INFO] CmdLine:76 -  network.o                          704          16   1,768   172
2026-07-30 14:40:43,752 [INFO] CmdLine:76 -  network_data.o                      48          16      88     0
2026-07-30 14:40:43,752 [INFO] CmdLine:76 -  lib (toolchain)*                     0           0       0     0
2026-07-30 14:40:43,753 [INFO] CmdLine:76 -  ------------------------------ ------- ----------- ------- -----
2026-07-30 14:40:43,753 [INFO] CmdLine:76 -  RT total**                       6,260          32   1,856   172
2026-07-30 14:40:43,753 [INFO] CmdLine:76 -  ------------------------------ ------- ----------- ------- -----
2026-07-30 14:40:43,754 [INFO] CmdLine:76 -  weights                              0   1,313,296       0     0
2026-07-30 14:40:43,754 [INFO] CmdLine:76 -  activations                          0           0       0    64
2026-07-30 14:40:43,755 [INFO] CmdLine:76 -  io                                   0           0       0     0
2026-07-30 14:40:43,755 [INFO] CmdLine:76 -  ------------------------------ ------- ----------- ------- -----
2026-07-30 14:40:43,755 [INFO] CmdLine:76 -  TOTAL                            6,260   1,313,328   1,856   236
2026-07-30 14:40:43,756 [INFO] CmdLine:76 -  ------------------------------ ------- ----------- ------- -----
2026-07-30 14:40:43,756 [INFO] CmdLine:76 -  *  toolchain objects (libm/libgcc*)
2026-07-30 14:40:43,756 [INFO] CmdLine:76 -  ** RT AI runtime objects (kernels+infrastructure)
2026-07-30 14:40:43,756 [INFO] CmdLine:76 -   Summary - "stm32l4" target
2026-07-30 14:40:43,756 [INFO] CmdLine:76 -   --------------------------------------------------
2026-07-30 14:40:43,756 [INFO] CmdLine:76 -                FLASH (ro)     %*   RAM (rw)       %
2026-07-30 14:40:43,757 [INFO] CmdLine:76 -   --------------------------------------------------
2026-07-30 14:40:43,757 [INFO] CmdLine:76 -   RT total          8,148   0.6%      2,028   96.9%
2026-07-30 14:40:43,757 [INFO] CmdLine:76 -   --------------------------------------------------
2026-07-30 14:40:43,757 [INFO] CmdLine:76 -   TOTAL         1,321,444             2,092
2026-07-30 14:40:43,757 [INFO] CmdLine:76 -   --------------------------------------------------
2026-07-30 14:40:43,758 [INFO] CmdLine:76 -   *  rt/total
2026-07-30 14:40:43,758 [INFO] CmdLine:76 -  Generated files (7)
2026-07-30 14:40:43,758 [INFO] CmdLine:76 -  ------------------------------------------------------------------
2026-07-30 14:40:43,759 [INFO] CmdLine:76 -  C:\Users\ADMIN\.stm32cubemx\network_output\network_data_params.h
2026-07-30 14:40:43,759 [INFO] CmdLine:76 -  C:\Users\ADMIN\.stm32cubemx\network_output\network_data_params.c
2026-07-30 14:40:43,759 [INFO] CmdLine:76 -  C:\Users\ADMIN\.stm32cubemx\network_output\network_data.h
2026-07-30 14:40:43,759 [INFO] CmdLine:76 -  C:\Users\ADMIN\.stm32cubemx\network_output\network_data.c
2026-07-30 14:40:43,760 [INFO] CmdLine:76 -  C:\Users\ADMIN\.stm32cubemx\network_output\network_config.h
2026-07-30 14:40:43,760 [INFO] CmdLine:76 -  C:\Users\ADMIN\.stm32cubemx\network_output\network.h
2026-07-30 14:40:43,760 [INFO] CmdLine:76 -  C:\Users\ADMIN\.stm32cubemx\network_output\network.c
2026-07-30 14:40:43,760 [INFO] CmdLine:76 - Creating txt report file C:\Users\ADMIN\.stm32cubemx\network_output\network_generate_report.txt
2026-07-30 14:40:50,530 [INFO] CmdLine:76 - elapsed time (generate): 26.115s
2026-07-30 14:40:51,153 [INFO] CmdLine:148 - stedgeai exit with status: 0
2026-07-30 14:40:51,325 [INFO] AIModelDetailledView:2264 - Analysis status: done
2026-07-30 14:40:51,893 [INFO] ProjectBuilder:3606 - Time for Copy HAL[1] : 208mS.
2026-07-30 14:40:51,894 [ERROR] Middleware:2950 - Invalid RefComponent list
2026-07-30 14:40:51,894 [ERROR] Middleware:2950 - Invalid RefComponent list
2026-07-30 14:40:51,894 [ERROR] Middleware:2950 - Invalid RefComponent list
2026-07-30 14:40:51,894 [ERROR] Middleware:2950 - Invalid RefComponent list
2026-07-30 14:40:51,895 [ERROR] Middleware:2950 - Invalid RefComponent list
2026-07-30 14:40:51,895 [ERROR] Middleware:2950 - Invalid RefComponent list
2026-07-30 14:40:51,895 [ERROR] Middleware:2950 - Invalid RefComponent list
2026-07-30 14:40:51,895 [ERROR] Middleware:2950 - Invalid RefComponent list
2026-07-30 14:40:51,895 [ERROR] Middleware:2950 - Invalid RefComponent list
2026-07-30 14:40:51,895 [ERROR] Middleware:2950 - Invalid RefComponent list
2026-07-30 14:40:51,895 [ERROR] Middleware:2950 - Invalid RefComponent list
2026-07-30 14:40:51,895 [ERROR] Middleware:2950 - Invalid RefComponent list
2026-07-30 14:40:51,895 [ERROR] Middleware:2950 - Invalid RefComponent list
2026-07-30 14:40:51,895 [ERROR] Middleware:2950 - Invalid RefComponent list
2026-07-30 14:40:51,895 [ERROR] Middleware:2950 - Invalid RefComponent list
2026-07-30 14:40:51,895 [ERROR] Middleware:2950 - Invalid RefComponent list
2026-07-30 14:40:51,895 [ERROR] Middleware:2950 - Invalid RefComponent list
2026-07-30 14:40:51,895 [ERROR] Middleware:2950 - Invalid RefComponent list
2026-07-30 14:40:51,895 [ERROR] Middleware:2950 - Invalid RefComponent list
2026-07-30 14:40:51,895 [ERROR] Middleware:2950 - Invalid RefComponent list
2026-07-30 14:40:51,895 [ERROR] Middleware:2950 - Invalid RefComponent list
2026-07-30 14:40:51,896 [ERROR] Middleware:2950 - Invalid RefComponent list
2026-07-30 14:40:51,896 [ERROR] Middleware:2950 - Invalid RefComponent list
2026-07-30 14:40:51,896 [ERROR] Middleware:2950 - Invalid RefComponent list
2026-07-30 14:40:51,896 [ERROR] Middleware:2950 - Invalid RefComponent list
2026-07-30 14:40:51,896 [ERROR] Middleware:2950 - Invalid RefComponent list
2026-07-30 14:40:51,896 [ERROR] Middleware:2950 - Invalid RefComponent list
2026-07-30 14:40:51,896 [ERROR] Middleware:2950 - Invalid RefComponent list
2026-07-30 14:40:51,896 [ERROR] Middleware:2950 - Invalid RefComponent list
2026-07-30 14:40:51,896 [ERROR] Middleware:2950 - Invalid RefComponent list
2026-07-30 14:40:51,896 [ERROR] Middleware:2950 - Invalid RefComponent list
2026-07-30 14:40:51,896 [ERROR] Middleware:2950 - Invalid RefComponent list
2026-07-30 14:40:51,896 [ERROR] Middleware:2950 - Invalid RefComponent list
2026-07-30 14:40:51,897 [ERROR] Middleware:2950 - Invalid RefComponent list
2026-07-30 14:40:51,897 [ERROR] Middleware:2950 - Invalid RefComponent list
2026-07-30 14:40:51,897 [ERROR] Middleware:2950 - Invalid RefComponent list
2026-07-30 14:40:51,897 [ERROR] Middleware:2950 - Invalid RefComponent list
2026-07-30 14:40:51,897 [ERROR] Middleware:2950 - Invalid RefComponent list
2026-07-30 14:40:51,897 [ERROR] Middleware:2950 - Invalid RefComponent list
2026-07-30 14:40:51,897 [ERROR] Middleware:2950 - Invalid RefComponent list
2026-07-30 14:40:51,897 [ERROR] Middleware:2950 - Invalid RefComponent list
2026-07-30 14:40:51,897 [ERROR] Middleware:2950 - Invalid RefComponent list
2026-07-30 14:40:51,897 [ERROR] Middleware:2950 - Invalid RefComponent list
2026-07-30 14:40:51,897 [ERROR] Middleware:2950 - Invalid RefComponent list
2026-07-30 14:40:51,897 [ERROR] Middleware:2950 - Invalid RefComponent list
2026-07-30 14:40:51,897 [ERROR] Middleware:2950 - Invalid RefComponent list
2026-07-30 14:40:51,897 [ERROR] Middleware:2950 - Invalid RefComponent list
2026-07-30 14:40:51,897 [ERROR] Middleware:2950 - Invalid RefComponent list
2026-07-30 14:40:51,897 [ERROR] Middleware:2950 - Invalid RefComponent list
2026-07-30 14:40:51,897 [ERROR] Middleware:2950 - Invalid RefComponent list
2026-07-30 14:40:51,901 [INFO] ProjectBuilder:5216 - Project Generator version: 4.7.0-B52
2026-07-30 14:40:52,001 [INFO] ConfigFileManager:1595 - The Die is : DIE470
2026-07-30 14:40:53,523 [INFO] ProjectBuilder:5496 - Time for Generating toolchain IDE Files: 1622mS.
2026-07-30 14:40:53,525 [INFO] ProjectBuilder:3463 - Time for Copy CMSIS : 1mS.
2026-07-30 14:40:53,527 [INFO] ProjectBuilder:3463 - Time for Copy CMSIS : 0mS.
2026-07-30 14:40:53,879 [INFO] UtilMem:75 - End SaveConfig() Used Memory: 906980440 Bytes (1073741824)
2026-07-30 14:40:58,407 [INFO] UtilMem:75 - End SaveConfig() Used Memory: 873728832 Bytes (1073741824)
2026-07-30 14:40:58,658 [INFO] UtilMem:75 - End SaveConfig() Used Memory: 915049912 Bytes (1073741824)
2026-07-30 14:40:58,992 [INFO] BlockDiagram:2775 - set Specific Code input for plugin: SYS
2026-07-30 14:40:58,992 [INFO] BlockDiagram:2775 - set Specific Code input for plugin: RCC
2026-07-30 14:40:58,992 [INFO] BlockDiagram:2775 - set Specific Code input for plugin: I2C
2026-07-30 14:40:58,992 [INFO] BlockDiagram:2775 - set Specific Code input for plugin: NVIC
2026-07-30 14:40:58,992 [INFO] BlockDiagram:2775 - set Specific Code input for plugin: USART
2026-07-30 14:40:58,992 [INFO] BlockDiagram:2775 - set Specific Code input for plugin: STMicroelectronics.X-CUBE-AI.10.2.1
2026-07-30 14:40:58,992 [INFO] BlockDiagram:2775 - set Specific Code input for plugin: GPIO
2026-07-30 14:40:58,995 [INFO] CodeGenerator:892 - code generatio: config db path: C:\ST\STM32CubeIDE_1.19.0\STM32CubeIDE\plugins\com.st.stm32cube.common.mx_6.15.0.202507011659\\db\
2026-07-30 14:40:59,139 [INFO] IP:3329 - RTE Config file name : RTE_Component
2026-07-30 14:40:59,139 [INFO] IP:3347 - RTE template : RTE_Components.ftl
2026-07-30 14:40:59,151 [INFO] CodeEngine:265 - oldGeneratedFile, D:\TinyML_GJ\TinyML_Workshop\STM32\Interface_OnBoard_IMU\MXTmpFiles\license.tmp_save
2026-07-30 14:40:59,328 [INFO] CodeEngine:289 - Generated code: D:\TinyML_GJ\TinyML_Workshop\STM32\Interface_OnBoard_IMU\MXTmpFiles\license.tmp
2026-07-30 14:40:59,367 [INFO] CodeEngine:265 - oldGeneratedFile, D:\TinyML_GJ\TinyML_Workshop\STM32\Interface_OnBoard_IMU\MXTmpFiles\gpio.tmp_save
2026-07-30 14:40:59,565 [INFO] CodeEngine:289 - Generated code: D:\TinyML_GJ\TinyML_Workshop\STM32\Interface_OnBoard_IMU\MXTmpFiles\gpio.tmp
2026-07-30 14:40:59,725 [INFO] Middleware:1452 - No code input for Bsp Dependency
2026-07-30 14:40:59,727 [INFO] Middleware:1452 - No code input for Bsp Dependency
2026-07-30 14:40:59,743 [INFO] CodeEngine:265 - oldGeneratedFile, D:\TinyML_GJ\TinyML_Workshop\STM32\Interface_OnBoard_IMU\Core\Src\stm32l4xx_it.c_save
2026-07-30 14:40:59,940 [INFO] CodeEngine:289 - Generated code: D:\TinyML_GJ\TinyML_Workshop\STM32\Interface_OnBoard_IMU\Core\Src\stm32l4xx_it.c
2026-07-30 14:40:59,946 [INFO] CodeEngine:265 - oldGeneratedFile, D:\TinyML_GJ\TinyML_Workshop\STM32\Interface_OnBoard_IMU\Core\Inc\stm32l4xx_it.h_save
2026-07-30 14:41:00,029 [INFO] CodeEngine:289 - Generated code: D:\TinyML_GJ\TinyML_Workshop\STM32\Interface_OnBoard_IMU\Core\Inc\stm32l4xx_it.h
2026-07-30 14:41:00,046 [INFO] CodeEngine:265 - oldGeneratedFile, D:\TinyML_GJ\TinyML_Workshop\STM32\Interface_OnBoard_IMU\Core\Src\stm32l4xx_hal_msp.c_save
2026-07-30 14:41:00,250 [INFO] CodeEngine:289 - Generated code: D:\TinyML_GJ\TinyML_Workshop\STM32\Interface_OnBoard_IMU\Core\Src\stm32l4xx_hal_msp.c
2026-07-30 14:41:00,255 [INFO] CodeEngine:265 - oldGeneratedFile, D:\TinyML_GJ\TinyML_Workshop\STM32\Interface_OnBoard_IMU\MXTmpFiles\system.tmp_save
2026-07-30 14:41:00,328 [INFO] CodeEngine:289 - Generated code: D:\TinyML_GJ\TinyML_Workshop\STM32\Interface_OnBoard_IMU\MXTmpFiles\system.tmp
2026-07-30 14:41:00,342 [INFO] CodeEngine:321 - oldGeneratedFile, D:\TinyML_GJ\TinyML_Workshop\STM32\Interface_OnBoard_IMU\Core\Inc\stm32l4xx_hal_conf.h_save
2026-07-30 14:41:00,538 [INFO] CodeEngine:345 - Generated code: D:\TinyML_GJ\TinyML_Workshop\STM32\Interface_OnBoard_IMU\Core\Inc\stm32l4xx_hal_conf.h
2026-07-30 14:41:00,593 [INFO] CodeEngine:265 - oldGeneratedFile, D:\TinyML_GJ\TinyML_Workshop\STM32\Interface_OnBoard_IMU\Core\Inc\main.h_save
2026-07-30 14:41:00,754 [INFO] CodeEngine:289 - Generated code: D:\TinyML_GJ\TinyML_Workshop\STM32\Interface_OnBoard_IMU\Core\Inc\main.h
2026-07-30 14:41:00,761 [INFO] CodeEngine:265 - oldGeneratedFile, D:\TinyML_GJ\TinyML_Workshop\STM32\Interface_OnBoard_IMU\Core\Src\main.c_save
2026-07-30 14:41:00,947 [INFO] CodeEngine:289 - Generated code: D:\TinyML_GJ\TinyML_Workshop\STM32\Interface_OnBoard_IMU\Core\Src\main.c
2026-07-30 14:41:01,204 [INFO] AInterface:322 - ModelName:network; files:[D:\TinyML_GJ\TinyML_Workshop\ONNX\random_forest_model.onnx]; type:ONNX; compression:None
2026-07-30 14:41:01,205 [INFO] AInterface:526 - workspaceTempDir: C:/Users/ADMIN/AppData/Local/Temp/mxAI_workspace84847100721021005914412149213615360
2026-07-30 14:41:01,205 [INFO] AInterface:1179 - Setting Env: C:/Users/ADMIN/STM32Cube/Repository//Packs/STMicroelectronics/X-CUBE-AI/10.2.1/Utilities/windows
2026-07-30 14:41:01,210 [INFO] STM32CubeIDEBuilder:265 - Looking for gnu-tools-for-stm32 tools/bin/arm-none-eabi-gcc.exe in C:\ST\STM32CubeIDE_1.19.0\STM32CubeIDE
2026-07-30 14:41:01,212 [INFO] STM32CubeIDEBuilder:294 - checking C:\ST\STM32CubeIDE_1.19.0\STM32CubeIDE\plugins\com.st.stm32cube.ide.mcu.externaltools.gnu-tools-for-stm32.13.3.rel1.win32_1.0.0.202411081344\tools\bin\arm-none-eabi-gcc.exe
2026-07-30 14:41:01,213 [INFO] STM32CubeIDEBuilder:297 - ret=C:\ST\STM32CubeIDE_1.19.0\STM32CubeIDE\plugins\com.st.stm32cube.ide.mcu.externaltools.gnu-tools-for-stm32.13.3.rel1.win32_1.0.0.202411081344\tools\bin\arm-none-eabi-gcc.exe
2026-07-30 14:41:01,213 [INFO] STM32CubeIDEBuilder:311 - returning C:\ST\STM32CubeIDE_1.19.0\STM32CubeIDE\plugins\com.st.stm32cube.ide.mcu.externaltools.gnu-tools-for-stm32.13.3.rel1.win32_1.0.0.202411081344\tools\bin\arm-none-eabi-gcc.exe
2026-07-30 14:41:01,213 [INFO] AInterface:1236 - Custom PATH variable: C:/Users/ADMIN/STM32Cube/Repository//Packs/STMicroelectronics/X-CUBE-AI/10.2.1/Utilities/windows;C:/Users/ADMIN/STM32Cube/Repository//Packs/STMicroelectronics/X-CUBE-AI/10.2.1/Utilities/windows/mingw64/bin;C:/Users/ADMIN/STM32Cube/Repository//Packs/STMicroelectronics/X-CUBE-AI/10.2.1/Utilities/windows/mingw64/libexec/gcc/x86_64-w64-mingw32/7.3.0;;C:\ST\STM32CubeIDE_1.19.0\STM32CubeIDE\plugins\com.st.stm32cube.ide.mcu.externaltools.gnu-tools-for-stm32.13.3.rel1.win32_1.0.0.202411081344\tools\bin
2026-07-30 14:41:01,215 [INFO] CmdLine:115 - Command: C:/Users/ADMIN/STM32Cube/Repository//Packs/STMicroelectronics/X-CUBE-AI/10.2.1/Utilities/windows/stedgeai.exe generate --target stm32l4 --name network -m D:/TinyML_GJ/TinyML_Workshop/ONNX/random_forest_model.onnx --compression none --verbosity 1 --workspace C:/Users/ADMIN/AppData/Local/Temp/mxAI_workspace84847100721021005914412149213615360 --output C:/Users/ADMIN/.stm32cubemx/network_output
2026-07-30 14:41:01,215 [INFO] AIModelDetailledView:2264 - Analysis status: pending
2026-07-30 14:41:01,961 [INFO] CmdLine:76 - ST Edge AI Core v2.2.0-20266 2adc00962
2026-07-30 14:41:17,944 [INFO] CmdLine:76 - Creating c (debug) info json file C:\Users\ADMIN\.stm32cubemx\network_output\network_c_info.json
2026-07-30 14:41:18,113 [INFO] CmdLine:76 -  
2026-07-30 14:41:18,114 [INFO] CmdLine:76 -  Exec/report summary (generate)
2026-07-30 14:41:18,114 [INFO] CmdLine:76 -  -------------------------------------------------------------------------------------------------------------
2026-07-30 14:41:18,114 [INFO] CmdLine:76 -  model file         :   D:\TinyML_GJ\TinyML_Workshop\ONNX\random_forest_model.onnx                            
2026-07-30 14:41:18,114 [INFO] CmdLine:76 -  type               :   onnx                                                                                  
2026-07-30 14:41:18,114 [INFO] CmdLine:76 -  c_name             :   network                                                                               
2026-07-30 14:41:18,115 [INFO] CmdLine:76 -  compression        :   none                                                                                  
2026-07-30 14:41:18,115 [INFO] CmdLine:76 -  options            :   allocate-inputs, allocate-outputs                                                     
2026-07-30 14:41:18,115 [INFO] CmdLine:76 -  optimization       :   balanced                                                                              
2026-07-30 14:41:18,115 [INFO] CmdLine:76 -  target/series      :   stm32l4                                                                               
2026-07-30 14:41:18,115 [INFO] CmdLine:76 -  workspace dir      :   C:\Users\ADMIN\AppData\Local\Temp\mxAI_workspace84847100721021005914412149213615360   
2026-07-30 14:41:18,116 [INFO] CmdLine:76 -  output dir         :   C:\Users\ADMIN\.stm32cubemx\network_output                                            
2026-07-30 14:41:18,116 [INFO] CmdLine:76 -  model_fmt          :   undefined                                                                             
2026-07-30 14:41:18,116 [INFO] CmdLine:76 -  model_name         :   random_forest_model                                                                   
2026-07-30 14:41:18,116 [INFO] CmdLine:76 -  model_hash         :   0xd29c45df724f3b36c9aa8b9f7a329e08                                                    
2026-07-30 14:41:18,116 [INFO] CmdLine:76 -  params #           :   520,842 items (1.25 MiB)                                                              
2026-07-30 14:41:18,116 [INFO] CmdLine:76 -  -------------------------------------------------------------------------------------------------------------
2026-07-30 14:41:18,116 [INFO] CmdLine:76 -  input 1/1          :   'float_input', f32(1x1x6), 24 Bytes, activations                                      
2026-07-30 14:41:18,116 [INFO] CmdLine:76 -  output 1/2         :   'label0', int32(1x1), 4 Bytes, activations                                            
2026-07-30 14:41:18,116 [INFO] CmdLine:76 -  output 2/2         :   'output_probability', f32(1x1x5x2), 40 Bytes, activations                             
2026-07-30 14:41:18,117 [INFO] CmdLine:76 -  outputs (total)    :   44 Bytes                                                                              
2026-07-30 14:41:18,117 [INFO] CmdLine:76 -  macc               :   1,311                                                                                 
2026-07-30 14:41:18,117 [INFO] CmdLine:76 -  weights (ro)       :   1,313,296 B (1.25 MiB) (1 segment) / -770,072(-37.0%) vs float model                  
2026-07-30 14:41:18,117 [INFO] CmdLine:76 -  activations (rw)   :   64 B (64 B) (1 segment) *                                                             
2026-07-30 14:41:18,117 [INFO] CmdLine:76 -  ram (total)        :   64 B (64 B) = 64 + 0 + 0                                                              
2026-07-30 14:41:18,117 [INFO] CmdLine:76 -  -------------------------------------------------------------------------------------------------------------
2026-07-30 14:41:18,117 [INFO] CmdLine:76 -  (*) 'input'/'output' buffers are allocated in the activations buffer
2026-07-30 14:41:18,174 [INFO] CmdLine:76 - Computing AI RT data/code size (target=stm32l4)..
2026-07-30 14:41:20,937 [INFO] CmdLine:76 -  Requested memory size by section - "stm32l4" target
2026-07-30 14:41:20,937 [INFO] CmdLine:76 -  ------------------------------ ------- ----------- ------- -----
2026-07-30 14:41:20,938 [INFO] CmdLine:76 -  module                            text      rodata    data   bss
2026-07-30 14:41:20,938 [INFO] CmdLine:76 -  ------------------------------ ------- ----------- ------- -----
2026-07-30 14:41:20,938 [INFO] CmdLine:76 -  NetworkRuntime1020_CM4_GCC.a     5,508           0       0     0
2026-07-30 14:41:20,938 [INFO] CmdLine:76 -  network.o                          704          16   1,768   172
2026-07-30 14:41:20,938 [INFO] CmdLine:76 -  network_data.o                      48          16      88     0
2026-07-30 14:41:20,938 [INFO] CmdLine:76 -  lib (toolchain)*                     0           0       0     0
2026-07-30 14:41:20,939 [INFO] CmdLine:76 -  ------------------------------ ------- ----------- ------- -----
2026-07-30 14:41:20,939 [INFO] CmdLine:76 -  RT total**                       6,260          32   1,856   172
2026-07-30 14:41:20,939 [INFO] CmdLine:76 -  ------------------------------ ------- ----------- ------- -----
2026-07-30 14:41:20,939 [INFO] CmdLine:76 -  weights                              0   1,313,296       0     0
2026-07-30 14:41:20,939 [INFO] CmdLine:76 -  activations                          0           0       0    64
2026-07-30 14:41:20,940 [INFO] CmdLine:76 -  io                                   0           0       0     0
2026-07-30 14:41:20,940 [INFO] CmdLine:76 -  ------------------------------ ------- ----------- ------- -----
2026-07-30 14:41:20,940 [INFO] CmdLine:76 -  TOTAL                            6,260   1,313,328   1,856   236
2026-07-30 14:41:20,940 [INFO] CmdLine:76 -  ------------------------------ ------- ----------- ------- -----
2026-07-30 14:41:20,941 [INFO] CmdLine:76 -  *  toolchain objects (libm/libgcc*)
2026-07-30 14:41:20,941 [INFO] CmdLine:76 -  ** RT AI runtime objects (kernels+infrastructure)
2026-07-30 14:41:20,941 [INFO] CmdLine:76 -   Summary - "stm32l4" target
2026-07-30 14:41:20,941 [INFO] CmdLine:76 -   --------------------------------------------------
2026-07-30 14:41:20,941 [INFO] CmdLine:76 -                FLASH (ro)     %*   RAM (rw)       %
2026-07-30 14:41:20,941 [INFO] CmdLine:76 -   --------------------------------------------------
2026-07-30 14:41:20,941 [INFO] CmdLine:76 -   RT total          8,148   0.6%      2,028   96.9%
2026-07-30 14:41:20,941 [INFO] CmdLine:76 -   --------------------------------------------------
2026-07-30 14:41:20,942 [INFO] CmdLine:76 -   TOTAL         1,321,444             2,092
2026-07-30 14:41:20,942 [INFO] CmdLine:76 -   --------------------------------------------------
2026-07-30 14:41:20,942 [INFO] CmdLine:76 -   *  rt/total
2026-07-30 14:41:20,942 [INFO] CmdLine:76 -  Generated files (7)
2026-07-30 14:41:20,942 [INFO] CmdLine:76 -  ------------------------------------------------------------------
2026-07-30 14:41:20,942 [INFO] CmdLine:76 -  C:\Users\ADMIN\.stm32cubemx\network_output\network_data_params.h
2026-07-30 14:41:20,942 [INFO] CmdLine:76 -  C:\Users\ADMIN\.stm32cubemx\network_output\network_data_params.c
2026-07-30 14:41:20,942 [INFO] CmdLine:76 -  C:\Users\ADMIN\.stm32cubemx\network_output\network_data.h
2026-07-30 14:41:20,943 [INFO] CmdLine:76 -  C:\Users\ADMIN\.stm32cubemx\network_output\network_data.c
2026-07-30 14:41:20,943 [INFO] CmdLine:76 -  C:\Users\ADMIN\.stm32cubemx\network_output\network_config.h
2026-07-30 14:41:20,943 [INFO] CmdLine:76 -  C:\Users\ADMIN\.stm32cubemx\network_output\network.h
2026-07-30 14:41:20,943 [INFO] CmdLine:76 -  C:\Users\ADMIN\.stm32cubemx\network_output\network.c
2026-07-30 14:41:20,943 [INFO] CmdLine:76 - Creating txt report file C:\Users\ADMIN\.stm32cubemx\network_output\network_generate_report.txt
2026-07-30 14:41:27,598 [INFO] CmdLine:76 - elapsed time (generate): 25.636s
2026-07-30 14:41:28,210 [INFO] CmdLine:148 - stedgeai exit with status: 0
2026-07-30 14:41:28,366 [INFO] AIModelDetailledView:2264 - Analysis status: done
2026-07-30 14:41:28,851 [INFO] ProjectBuilder:3606 - Time for Copy HAL[1] : 189mS.
2026-07-30 14:41:28,851 [ERROR] Middleware:2950 - Invalid RefComponent list
2026-07-30 14:41:28,852 [ERROR] Middleware:2950 - Invalid RefComponent list
2026-07-30 14:41:28,852 [ERROR] Middleware:2950 - Invalid RefComponent list
2026-07-30 14:41:28,852 [ERROR] Middleware:2950 - Invalid RefComponent list
2026-07-30 14:41:28,852 [ERROR] Middleware:2950 - Invalid RefComponent list
2026-07-30 14:41:28,852 [ERROR] Middleware:2950 - Invalid RefComponent list
2026-07-30 14:41:28,852 [ERROR] Middleware:2950 - Invalid RefComponent list
2026-07-30 14:41:28,852 [ERROR] Middleware:2950 - Invalid RefComponent list
2026-07-30 14:41:28,852 [ERROR] Middleware:2950 - Invalid RefComponent list
2026-07-30 14:41:28,852 [ERROR] Middleware:2950 - Invalid RefComponent list
2026-07-30 14:41:28,852 [ERROR] Middleware:2950 - Invalid RefComponent list
2026-07-30 14:41:28,852 [ERROR] Middleware:2950 - Invalid RefComponent list
2026-07-30 14:41:28,852 [ERROR] Middleware:2950 - Invalid RefComponent list
2026-07-30 14:41:28,852 [ERROR] Middleware:2950 - Invalid RefComponent list
2026-07-30 14:41:28,852 [ERROR] Middleware:2950 - Invalid RefComponent list
2026-07-30 14:41:28,852 [ERROR] Middleware:2950 - Invalid RefComponent list
2026-07-30 14:41:28,852 [ERROR] Middleware:2950 - Invalid RefComponent list
2026-07-30 14:41:28,852 [ERROR] Middleware:2950 - Invalid RefComponent list
2026-07-30 14:41:28,852 [ERROR] Middleware:2950 - Invalid RefComponent list
2026-07-30 14:41:28,852 [ERROR] Middleware:2950 - Invalid RefComponent list
2026-07-30 14:41:28,852 [ERROR] Middleware:2950 - Invalid RefComponent list
2026-07-30 14:41:28,852 [ERROR] Middleware:2950 - Invalid RefComponent list
2026-07-30 14:41:28,852 [ERROR] Middleware:2950 - Invalid RefComponent list
2026-07-30 14:41:28,852 [ERROR] Middleware:2950 - Invalid RefComponent list
2026-07-30 14:41:28,852 [ERROR] Middleware:2950 - Invalid RefComponent list
2026-07-30 14:41:28,853 [ERROR] Middleware:2950 - Invalid RefComponent list
2026-07-30 14:41:28,853 [ERROR] Middleware:2950 - Invalid RefComponent list
2026-07-30 14:41:28,853 [ERROR] Middleware:2950 - Invalid RefComponent list
2026-07-30 14:41:28,853 [ERROR] Middleware:2950 - Invalid RefComponent list
2026-07-30 14:41:28,853 [ERROR] Middleware:2950 - Invalid RefComponent list
2026-07-30 14:41:28,853 [ERROR] Middleware:2950 - Invalid RefComponent list
2026-07-30 14:41:28,853 [ERROR] Middleware:2950 - Invalid RefComponent list
2026-07-30 14:41:28,853 [ERROR] Middleware:2950 - Invalid RefComponent list
2026-07-30 14:41:28,853 [ERROR] Middleware:2950 - Invalid RefComponent list
2026-07-30 14:41:28,853 [ERROR] Middleware:2950 - Invalid RefComponent list
2026-07-30 14:41:28,853 [ERROR] Middleware:2950 - Invalid RefComponent list
2026-07-30 14:41:28,853 [ERROR] Middleware:2950 - Invalid RefComponent list
2026-07-30 14:41:28,853 [ERROR] Middleware:2950 - Invalid RefComponent list
2026-07-30 14:41:28,853 [ERROR] Middleware:2950 - Invalid RefComponent list
2026-07-30 14:41:28,853 [ERROR] Middleware:2950 - Invalid RefComponent list
2026-07-30 14:41:28,853 [ERROR] Middleware:2950 - Invalid RefComponent list
2026-07-30 14:41:28,853 [ERROR] Middleware:2950 - Invalid RefComponent list
2026-07-30 14:41:28,853 [ERROR] Middleware:2950 - Invalid RefComponent list
2026-07-30 14:41:28,853 [ERROR] Middleware:2950 - Invalid RefComponent list
2026-07-30 14:41:28,853 [ERROR] Middleware:2950 - Invalid RefComponent list
2026-07-30 14:41:28,853 [ERROR] Middleware:2950 - Invalid RefComponent list
2026-07-30 14:41:28,853 [ERROR] Middleware:2950 - Invalid RefComponent list
2026-07-30 14:41:28,853 [ERROR] Middleware:2950 - Invalid RefComponent list
2026-07-30 14:41:28,854 [ERROR] Middleware:2950 - Invalid RefComponent list
2026-07-30 14:41:28,854 [ERROR] Middleware:2950 - Invalid RefComponent list
2026-07-30 14:41:28,858 [INFO] ProjectBuilder:5216 - Project Generator version: 4.7.0-B52
2026-07-30 14:41:28,945 [INFO] ConfigFileManager:1595 - The Die is : DIE470
2026-07-30 14:41:30,025 [INFO] ProjectBuilder:5496 - Time for Generating toolchain IDE Files: 1166mS.
2026-07-30 14:41:30,026 [INFO] ProjectBuilder:3463 - Time for Copy CMSIS : 1mS.
2026-07-30 14:41:30,028 [INFO] ProjectBuilder:3463 - Time for Copy CMSIS : 0mS.
2026-07-30 14:42:23,621 [INFO] UtilMem:75 - End SaveConfig() Used Memory: 851043696 Bytes (1073741824)
2026-07-30 14:42:25,167 [INFO] UtilMem:75 - End SaveConfig() Used Memory: 892163536 Bytes (1073741824)
2026-07-30 14:42:25,375 [INFO] UtilMem:75 - End SaveConfig() Used Memory: 979492208 Bytes (1073741824)
2026-07-30 14:42:25,584 [INFO] BlockDiagram:2775 - set Specific Code input for plugin: SYS
2026-07-30 14:42:25,584 [INFO] BlockDiagram:2775 - set Specific Code input for plugin: RCC
2026-07-30 14:42:25,584 [INFO] BlockDiagram:2775 - set Specific Code input for plugin: I2C
2026-07-30 14:42:25,584 [INFO] BlockDiagram:2775 - set Specific Code input for plugin: NVIC
2026-07-30 14:42:25,584 [INFO] BlockDiagram:2775 - set Specific Code input for plugin: USART
2026-07-30 14:42:25,584 [INFO] BlockDiagram:2775 - set Specific Code input for plugin: STMicroelectronics.X-CUBE-AI.10.2.1
2026-07-30 14:42:25,584 [INFO] BlockDiagram:2775 - set Specific Code input for plugin: GPIO
2026-07-30 14:42:25,586 [INFO] CodeGenerator:892 - code generatio: config db path: C:\ST\STM32CubeIDE_1.19.0\STM32CubeIDE\plugins\com.st.stm32cube.common.mx_6.15.0.202507011659\\db\
2026-07-30 14:42:25,677 [INFO] IP:3329 - RTE Config file name : RTE_Component
2026-07-30 14:42:25,677 [INFO] IP:3347 - RTE template : RTE_Components.ftl
2026-07-30 14:42:25,685 [INFO] CodeEngine:265 - oldGeneratedFile, D:\TinyML_GJ\TinyML_Workshop\STM32\Interface_OnBoard_IMU\MXTmpFiles\license.tmp_save
2026-07-30 14:42:25,824 [INFO] CodeEngine:289 - Generated code: D:\TinyML_GJ\TinyML_Workshop\STM32\Interface_OnBoard_IMU\MXTmpFiles\license.tmp
2026-07-30 14:42:25,850 [INFO] CodeEngine:265 - oldGeneratedFile, D:\TinyML_GJ\TinyML_Workshop\STM32\Interface_OnBoard_IMU\MXTmpFiles\gpio.tmp_save
2026-07-30 14:42:26,010 [INFO] CodeEngine:289 - Generated code: D:\TinyML_GJ\TinyML_Workshop\STM32\Interface_OnBoard_IMU\MXTmpFiles\gpio.tmp
2026-07-30 14:42:26,097 [INFO] Middleware:1452 - No code input for Bsp Dependency
2026-07-30 14:42:26,098 [INFO] Middleware:1452 - No code input for Bsp Dependency
2026-07-30 14:42:26,112 [INFO] CodeEngine:265 - oldGeneratedFile, D:\TinyML_GJ\TinyML_Workshop\STM32\Interface_OnBoard_IMU\Core\Src\stm32l4xx_it.c_save
2026-07-30 14:42:26,292 [INFO] CodeEngine:289 - Generated code: D:\TinyML_GJ\TinyML_Workshop\STM32\Interface_OnBoard_IMU\Core\Src\stm32l4xx_it.c
2026-07-30 14:42:26,298 [INFO] CodeEngine:265 - oldGeneratedFile, D:\TinyML_GJ\TinyML_Workshop\STM32\Interface_OnBoard_IMU\Core\Inc\stm32l4xx_it.h_save
2026-07-30 14:42:26,380 [INFO] CodeEngine:289 - Generated code: D:\TinyML_GJ\TinyML_Workshop\STM32\Interface_OnBoard_IMU\Core\Inc\stm32l4xx_it.h
2026-07-30 14:42:26,396 [INFO] CodeEngine:265 - oldGeneratedFile, D:\TinyML_GJ\TinyML_Workshop\STM32\Interface_OnBoard_IMU\Core\Src\stm32l4xx_hal_msp.c_save
2026-07-30 14:42:26,594 [INFO] CodeEngine:289 - Generated code: D:\TinyML_GJ\TinyML_Workshop\STM32\Interface_OnBoard_IMU\Core\Src\stm32l4xx_hal_msp.c
2026-07-30 14:42:26,599 [INFO] CodeEngine:265 - oldGeneratedFile, D:\TinyML_GJ\TinyML_Workshop\STM32\Interface_OnBoard_IMU\MXTmpFiles\system.tmp_save
2026-07-30 14:42:26,676 [INFO] CodeEngine:289 - Generated code: D:\TinyML_GJ\TinyML_Workshop\STM32\Interface_OnBoard_IMU\MXTmpFiles\system.tmp
2026-07-30 14:42:26,690 [INFO] CodeEngine:321 - oldGeneratedFile, D:\TinyML_GJ\TinyML_Workshop\STM32\Interface_OnBoard_IMU\Core\Inc\stm32l4xx_hal_conf.h_save
2026-07-30 14:42:26,894 [INFO] CodeEngine:345 - Generated code: D:\TinyML_GJ\TinyML_Workshop\STM32\Interface_OnBoard_IMU\Core\Inc\stm32l4xx_hal_conf.h
2026-07-30 14:42:26,930 [INFO] CodeEngine:265 - oldGeneratedFile, D:\TinyML_GJ\TinyML_Workshop\STM32\Interface_OnBoard_IMU\Core\Inc\main.h_save
2026-07-30 14:42:27,101 [INFO] CodeEngine:289 - Generated code: D:\TinyML_GJ\TinyML_Workshop\STM32\Interface_OnBoard_IMU\Core\Inc\main.h
2026-07-30 14:42:27,108 [INFO] CodeEngine:265 - oldGeneratedFile, D:\TinyML_GJ\TinyML_Workshop\STM32\Interface_OnBoard_IMU\Core\Src\main.c_save
2026-07-30 14:42:27,291 [INFO] CodeEngine:289 - Generated code: D:\TinyML_GJ\TinyML_Workshop\STM32\Interface_OnBoard_IMU\Core\Src\main.c
2026-07-30 14:42:27,673 [INFO] AInterface:322 - ModelName:network; files:[D:\TinyML_GJ\TinyML_Workshop\ONNX\random_forest_model.onnx]; type:ONNX; compression:None
2026-07-30 14:42:27,675 [INFO] AInterface:526 - workspaceTempDir: C:/Users/ADMIN/AppData/Local/Temp/mxAI_workspace848479654169020113409996812684962926
2026-07-30 14:42:27,675 [INFO] AInterface:1179 - Setting Env: C:/Users/ADMIN/STM32Cube/Repository//Packs/STMicroelectronics/X-CUBE-AI/10.2.1/Utilities/windows
2026-07-30 14:42:27,681 [INFO] STM32CubeIDEBuilder:265 - Looking for gnu-tools-for-stm32 tools/bin/arm-none-eabi-gcc.exe in C:\ST\STM32CubeIDE_1.19.0\STM32CubeIDE
2026-07-30 14:42:27,683 [INFO] STM32CubeIDEBuilder:294 - checking C:\ST\STM32CubeIDE_1.19.0\STM32CubeIDE\plugins\com.st.stm32cube.ide.mcu.externaltools.gnu-tools-for-stm32.13.3.rel1.win32_1.0.0.202411081344\tools\bin\arm-none-eabi-gcc.exe
2026-07-30 14:42:27,684 [INFO] STM32CubeIDEBuilder:297 - ret=C:\ST\STM32CubeIDE_1.19.0\STM32CubeIDE\plugins\com.st.stm32cube.ide.mcu.externaltools.gnu-tools-for-stm32.13.3.rel1.win32_1.0.0.202411081344\tools\bin\arm-none-eabi-gcc.exe
2026-07-30 14:42:27,684 [INFO] STM32CubeIDEBuilder:311 - returning C:\ST\STM32CubeIDE_1.19.0\STM32CubeIDE\plugins\com.st.stm32cube.ide.mcu.externaltools.gnu-tools-for-stm32.13.3.rel1.win32_1.0.0.202411081344\tools\bin\arm-none-eabi-gcc.exe
2026-07-30 14:42:27,684 [INFO] AInterface:1236 - Custom PATH variable: C:/Users/ADMIN/STM32Cube/Repository//Packs/STMicroelectronics/X-CUBE-AI/10.2.1/Utilities/windows;C:/Users/ADMIN/STM32Cube/Repository//Packs/STMicroelectronics/X-CUBE-AI/10.2.1/Utilities/windows/mingw64/bin;C:/Users/ADMIN/STM32Cube/Repository//Packs/STMicroelectronics/X-CUBE-AI/10.2.1/Utilities/windows/mingw64/libexec/gcc/x86_64-w64-mingw32/7.3.0;;C:\ST\STM32CubeIDE_1.19.0\STM32CubeIDE\plugins\com.st.stm32cube.ide.mcu.externaltools.gnu-tools-for-stm32.13.3.rel1.win32_1.0.0.202411081344\tools\bin
2026-07-30 14:42:27,686 [INFO] CmdLine:115 - Command: C:/Users/ADMIN/STM32Cube/Repository//Packs/STMicroelectronics/X-CUBE-AI/10.2.1/Utilities/windows/stedgeai.exe generate --target stm32l4 --name network -m D:/TinyML_GJ/TinyML_Workshop/ONNX/random_forest_model.onnx --compression none --verbosity 1 --workspace C:/Users/ADMIN/AppData/Local/Temp/mxAI_workspace848479654169020113409996812684962926 --output C:/Users/ADMIN/.stm32cubemx/network_output
2026-07-30 14:42:27,687 [INFO] AIModelDetailledView:2264 - Analysis status: pending
2026-07-30 14:42:28,458 [INFO] CmdLine:76 - ST Edge AI Core v2.2.0-20266 2adc00962
2026-07-30 14:42:44,576 [INFO] CmdLine:76 - Creating c (debug) info json file C:\Users\ADMIN\.stm32cubemx\network_output\network_c_info.json
2026-07-30 14:42:44,742 [INFO] CmdLine:76 -  
2026-07-30 14:42:44,743 [INFO] CmdLine:76 -  Exec/report summary (generate)
2026-07-30 14:42:44,743 [INFO] CmdLine:76 -  --------------------------------------------------------------------------------------------------------------
2026-07-30 14:42:44,743 [INFO] CmdLine:76 -  model file         :   D:\TinyML_GJ\TinyML_Workshop\ONNX\random_forest_model.onnx                             
2026-07-30 14:42:44,743 [INFO] CmdLine:76 -  type               :   onnx                                                                                   
2026-07-30 14:42:44,743 [INFO] CmdLine:76 -  c_name             :   network                                                                                
2026-07-30 14:42:44,743 [INFO] CmdLine:76 -  compression        :   none                                                                                   
2026-07-30 14:42:44,743 [INFO] CmdLine:76 -  options            :   allocate-inputs, allocate-outputs                                                      
2026-07-30 14:42:44,743 [INFO] CmdLine:76 -  optimization       :   balanced                                                                               
2026-07-30 14:42:44,743 [INFO] CmdLine:76 -  target/series      :   stm32l4                                                                                
2026-07-30 14:42:44,743 [INFO] CmdLine:76 -  workspace dir      :   C:\Users\ADMIN\AppData\Local\Temp\mxAI_workspace848479654169020113409996812684962926   
2026-07-30 14:42:44,743 [INFO] CmdLine:76 -  output dir         :   C:\Users\ADMIN\.stm32cubemx\network_output                                             
2026-07-30 14:42:44,743 [INFO] CmdLine:76 -  model_fmt          :   undefined                                                                              
2026-07-30 14:42:44,743 [INFO] CmdLine:76 -  model_name         :   random_forest_model                                                                    
2026-07-30 14:42:44,743 [INFO] CmdLine:76 -  model_hash         :   0xd29c45df724f3b36c9aa8b9f7a329e08                                                     
2026-07-30 14:42:44,744 [INFO] CmdLine:76 -  params #           :   520,842 items (1.25 MiB)                                                               
2026-07-30 14:42:44,744 [INFO] CmdLine:76 -  --------------------------------------------------------------------------------------------------------------
2026-07-30 14:42:44,744 [INFO] CmdLine:76 -  input 1/1          :   'float_input', f32(1x1x6), 24 Bytes, activations                                       
2026-07-30 14:42:44,744 [INFO] CmdLine:76 -  output 1/2         :   'label0', int32(1x1), 4 Bytes, activations                                             
2026-07-30 14:42:44,744 [INFO] CmdLine:76 -  output 2/2         :   'output_probability', f32(1x1x5x2), 40 Bytes, activations                              
2026-07-30 14:42:44,744 [INFO] CmdLine:76 -  outputs (total)    :   44 Bytes                                                                               
2026-07-30 14:42:44,744 [INFO] CmdLine:76 -  macc               :   1,311                                                                                  
2026-07-30 14:42:44,744 [INFO] CmdLine:76 -  weights (ro)       :   1,313,296 B (1.25 MiB) (1 segment) / -770,072(-37.0%) vs float model                   
2026-07-30 14:42:44,744 [INFO] CmdLine:76 -  activations (rw)   :   64 B (64 B) (1 segment) *                                                              
2026-07-30 14:42:44,744 [INFO] CmdLine:76 -  ram (total)        :   64 B (64 B) = 64 + 0 + 0                                                               
2026-07-30 14:42:44,744 [INFO] CmdLine:76 -  --------------------------------------------------------------------------------------------------------------
2026-07-30 14:42:44,744 [INFO] CmdLine:76 -  (*) 'input'/'output' buffers are allocated in the activations buffer
2026-07-30 14:42:44,802 [INFO] CmdLine:76 - Computing AI RT data/code size (target=stm32l4)..
2026-07-30 14:42:47,608 [INFO] CmdLine:76 -  Requested memory size by section - "stm32l4" target
2026-07-30 14:42:47,608 [INFO] CmdLine:76 -  ------------------------------ ------- ----------- ------- -----
2026-07-30 14:42:47,609 [INFO] CmdLine:76 -  module                            text      rodata    data   bss
2026-07-30 14:42:47,609 [INFO] CmdLine:76 -  ------------------------------ ------- ----------- ------- -----
2026-07-30 14:42:47,609 [INFO] CmdLine:76 -  NetworkRuntime1020_CM4_GCC.a     5,508           0       0     0
2026-07-30 14:42:47,609 [INFO] CmdLine:76 -  network.o                          704          16   1,768   172
2026-07-30 14:42:47,609 [INFO] CmdLine:76 -  network_data.o                      48          16      88     0
2026-07-30 14:42:47,609 [INFO] CmdLine:76 -  lib (toolchain)*                     0           0       0     0
2026-07-30 14:42:47,609 [INFO] CmdLine:76 -  ------------------------------ ------- ----------- ------- -----
2026-07-30 14:42:47,610 [INFO] CmdLine:76 -  RT total**                       6,260          32   1,856   172
2026-07-30 14:42:47,610 [INFO] CmdLine:76 -  ------------------------------ ------- ----------- ------- -----
2026-07-30 14:42:47,610 [INFO] CmdLine:76 -  weights                              0   1,313,296       0     0
2026-07-30 14:42:47,610 [INFO] CmdLine:76 -  activations                          0           0       0    64
2026-07-30 14:42:47,610 [INFO] CmdLine:76 -  io                                   0           0       0     0
2026-07-30 14:42:47,610 [INFO] CmdLine:76 -  ------------------------------ ------- ----------- ------- -----
2026-07-30 14:42:47,610 [INFO] CmdLine:76 -  TOTAL                            6,260   1,313,328   1,856   236
2026-07-30 14:42:47,610 [INFO] CmdLine:76 -  ------------------------------ ------- ----------- ------- -----
2026-07-30 14:42:47,610 [INFO] CmdLine:76 -  *  toolchain objects (libm/libgcc*)
2026-07-30 14:42:47,611 [INFO] CmdLine:76 -  ** RT AI runtime objects (kernels+infrastructure)
2026-07-30 14:42:47,611 [INFO] CmdLine:76 -   Summary - "stm32l4" target
2026-07-30 14:42:47,611 [INFO] CmdLine:76 -   --------------------------------------------------
2026-07-30 14:42:47,611 [INFO] CmdLine:76 -                FLASH (ro)     %*   RAM (rw)       %
2026-07-30 14:42:47,611 [INFO] CmdLine:76 -   --------------------------------------------------
2026-07-30 14:42:47,611 [INFO] CmdLine:76 -   RT total          8,148   0.6%      2,028   96.9%
2026-07-30 14:42:47,611 [INFO] CmdLine:76 -   --------------------------------------------------
2026-07-30 14:42:47,611 [INFO] CmdLine:76 -   TOTAL         1,321,444             2,092
2026-07-30 14:42:47,611 [INFO] CmdLine:76 -   --------------------------------------------------
2026-07-30 14:42:47,611 [INFO] CmdLine:76 -   *  rt/total
2026-07-30 14:42:47,612 [INFO] CmdLine:76 -  Generated files (7)
2026-07-30 14:42:47,612 [INFO] CmdLine:76 -  ------------------------------------------------------------------
2026-07-30 14:42:47,612 [INFO] CmdLine:76 -  C:\Users\ADMIN\.stm32cubemx\network_output\network_data_params.h
2026-07-30 14:42:47,612 [INFO] CmdLine:76 -  C:\Users\ADMIN\.stm32cubemx\network_output\network_data_params.c
2026-07-30 14:42:47,613 [INFO] CmdLine:76 -  C:\Users\ADMIN\.stm32cubemx\network_output\network_data.h
2026-07-30 14:42:47,613 [INFO] CmdLine:76 -  C:\Users\ADMIN\.stm32cubemx\network_output\network_data.c
2026-07-30 14:42:47,613 [INFO] CmdLine:76 -  C:\Users\ADMIN\.stm32cubemx\network_output\network_config.h
2026-07-30 14:42:47,613 [INFO] CmdLine:76 -  C:\Users\ADMIN\.stm32cubemx\network_output\network.h
2026-07-30 14:42:47,613 [INFO] CmdLine:76 -  C:\Users\ADMIN\.stm32cubemx\network_output\network.c
2026-07-30 14:42:47,613 [INFO] CmdLine:76 - Creating txt report file C:\Users\ADMIN\.stm32cubemx\network_output\network_generate_report.txt
2026-07-30 14:42:54,853 [INFO] CmdLine:76 - elapsed time (generate): 26.394s
2026-07-30 14:42:55,473 [INFO] CmdLine:148 - stedgeai exit with status: 0
2026-07-30 14:42:55,630 [INFO] AIModelDetailledView:2264 - Analysis status: done
2026-07-30 14:42:56,112 [INFO] ProjectBuilder:3606 - Time for Copy HAL[1] : 182mS.
2026-07-30 14:42:56,112 [ERROR] Middleware:2950 - Invalid RefComponent list
2026-07-30 14:42:56,112 [ERROR] Middleware:2950 - Invalid RefComponent list
2026-07-30 14:42:56,112 [ERROR] Middleware:2950 - Invalid RefComponent list
2026-07-30 14:42:56,113 [ERROR] Middleware:2950 - Invalid RefComponent list
2026-07-30 14:42:56,113 [ERROR] Middleware:2950 - Invalid RefComponent list
2026-07-30 14:42:56,113 [ERROR] Middleware:2950 - Invalid RefComponent list
2026-07-30 14:42:56,113 [ERROR] Middleware:2950 - Invalid RefComponent list
2026-07-30 14:42:56,113 [ERROR] Middleware:2950 - Invalid RefComponent list
2026-07-30 14:42:56,113 [ERROR] Middleware:2950 - Invalid RefComponent list
2026-07-30 14:42:56,113 [ERROR] Middleware:2950 - Invalid RefComponent list
2026-07-30 14:42:56,113 [ERROR] Middleware:2950 - Invalid RefComponent list
2026-07-30 14:42:56,113 [ERROR] Middleware:2950 - Invalid RefComponent list
2026-07-30 14:42:56,113 [ERROR] Middleware:2950 - Invalid RefComponent list
2026-07-30 14:42:56,113 [ERROR] Middleware:2950 - Invalid RefComponent list
2026-07-30 14:42:56,113 [ERROR] Middleware:2950 - Invalid RefComponent list
2026-07-30 14:42:56,113 [ERROR] Middleware:2950 - Invalid RefComponent list
2026-07-30 14:42:56,113 [ERROR] Middleware:2950 - Invalid RefComponent list
2026-07-30 14:42:56,113 [ERROR] Middleware:2950 - Invalid RefComponent list
2026-07-30 14:42:56,113 [ERROR] Middleware:2950 - Invalid RefComponent list
2026-07-30 14:42:56,113 [ERROR] Middleware:2950 - Invalid RefComponent list
2026-07-30 14:42:56,113 [ERROR] Middleware:2950 - Invalid RefComponent list
2026-07-30 14:42:56,113 [ERROR] Middleware:2950 - Invalid RefComponent list
2026-07-30 14:42:56,113 [ERROR] Middleware:2950 - Invalid RefComponent list
2026-07-30 14:42:56,113 [ERROR] Middleware:2950 - Invalid RefComponent list
2026-07-30 14:42:56,113 [ERROR] Middleware:2950 - Invalid RefComponent list
2026-07-30 14:42:56,113 [ERROR] Middleware:2950 - Invalid RefComponent list
2026-07-30 14:42:56,113 [ERROR] Middleware:2950 - Invalid RefComponent list
2026-07-30 14:42:56,113 [ERROR] Middleware:2950 - Invalid RefComponent list
2026-07-30 14:42:56,113 [ERROR] Middleware:2950 - Invalid RefComponent list
2026-07-30 14:42:56,113 [ERROR] Middleware:2950 - Invalid RefComponent list
2026-07-30 14:42:56,114 [ERROR] Middleware:2950 - Invalid RefComponent list
2026-07-30 14:42:56,114 [ERROR] Middleware:2950 - Invalid RefComponent list
2026-07-30 14:42:56,114 [ERROR] Middleware:2950 - Invalid RefComponent list
2026-07-30 14:42:56,114 [ERROR] Middleware:2950 - Invalid RefComponent list
2026-07-30 14:42:56,114 [ERROR] Middleware:2950 - Invalid RefComponent list
2026-07-30 14:42:56,114 [ERROR] Middleware:2950 - Invalid RefComponent list
2026-07-30 14:42:56,114 [ERROR] Middleware:2950 - Invalid RefComponent list
2026-07-30 14:42:56,114 [ERROR] Middleware:2950 - Invalid RefComponent list
2026-07-30 14:42:56,114 [ERROR] Middleware:2950 - Invalid RefComponent list
2026-07-30 14:42:56,114 [ERROR] Middleware:2950 - Invalid RefComponent list
2026-07-30 14:42:56,114 [ERROR] Middleware:2950 - Invalid RefComponent list
2026-07-30 14:42:56,114 [ERROR] Middleware:2950 - Invalid RefComponent list
2026-07-30 14:42:56,114 [ERROR] Middleware:2950 - Invalid RefComponent list
2026-07-30 14:42:56,114 [ERROR] Middleware:2950 - Invalid RefComponent list
2026-07-30 14:42:56,114 [ERROR] Middleware:2950 - Invalid RefComponent list
2026-07-30 14:42:56,114 [ERROR] Middleware:2950 - Invalid RefComponent list
2026-07-30 14:42:56,114 [ERROR] Middleware:2950 - Invalid RefComponent list
2026-07-30 14:42:56,114 [ERROR] Middleware:2950 - Invalid RefComponent list
2026-07-30 14:42:56,114 [ERROR] Middleware:2950 - Invalid RefComponent list
2026-07-30 14:42:56,114 [ERROR] Middleware:2950 - Invalid RefComponent list
2026-07-30 14:42:56,117 [INFO] ProjectBuilder:5216 - Project Generator version: 4.7.0-B52
2026-07-30 14:42:56,205 [INFO] ConfigFileManager:1595 - The Die is : DIE470
2026-07-30 14:42:57,200 [INFO] ProjectBuilder:5496 - Time for Generating toolchain IDE Files: 1082mS.
2026-07-30 14:42:57,201 [INFO] ProjectBuilder:3463 - Time for Copy CMSIS : 1mS.
2026-07-30 14:42:57,204 [INFO] ProjectBuilder:3463 - Time for Copy CMSIS : 0mS.
2026-07-30 14:42:57,674 [INFO] UtilMem:75 - End SaveConfig() Used Memory: 870933960 Bytes (1073741824)
2026-07-30 14:43:00,460 [INFO] UtilMem:75 - End SaveConfig() Used Memory: 1002638952 Bytes (1073741824)
2026-07-30 14:43:00,666 [INFO] UtilMem:75 - End SaveConfig() Used Memory: 888477000 Bytes (1073741824)
2026-07-30 14:43:00,868 [INFO] BlockDiagram:2775 - set Specific Code input for plugin: SYS
2026-07-30 14:43:00,869 [INFO] BlockDiagram:2775 - set Specific Code input for plugin: RCC
2026-07-30 14:43:00,869 [INFO] BlockDiagram:2775 - set Specific Code input for plugin: I2C
2026-07-30 14:43:00,869 [INFO] BlockDiagram:2775 - set Specific Code input for plugin: NVIC
2026-07-30 14:43:00,869 [INFO] BlockDiagram:2775 - set Specific Code input for plugin: USART
2026-07-30 14:43:00,869 [INFO] BlockDiagram:2775 - set Specific Code input for plugin: STMicroelectronics.X-CUBE-AI.10.2.1
2026-07-30 14:43:00,869 [INFO] BlockDiagram:2775 - set Specific Code input for plugin: GPIO
2026-07-30 14:43:00,873 [INFO] CodeGenerator:892 - code generatio: config db path: C:\ST\STM32CubeIDE_1.19.0\STM32CubeIDE\plugins\com.st.stm32cube.common.mx_6.15.0.202507011659\\db\
2026-07-30 14:43:00,956 [INFO] IP:3329 - RTE Config file name : RTE_Component
2026-07-30 14:43:00,956 [INFO] IP:3347 - RTE template : RTE_Components.ftl
2026-07-30 14:43:00,965 [INFO] CodeEngine:265 - oldGeneratedFile, D:\TinyML_GJ\TinyML_Workshop\STM32\Interface_OnBoard_IMU\MXTmpFiles\license.tmp_save
2026-07-30 14:43:01,109 [INFO] CodeEngine:289 - Generated code: D:\TinyML_GJ\TinyML_Workshop\STM32\Interface_OnBoard_IMU\MXTmpFiles\license.tmp
2026-07-30 14:43:01,133 [INFO] CodeEngine:265 - oldGeneratedFile, D:\TinyML_GJ\TinyML_Workshop\STM32\Interface_OnBoard_IMU\MXTmpFiles\gpio.tmp_save
2026-07-30 14:43:01,302 [INFO] CodeEngine:289 - Generated code: D:\TinyML_GJ\TinyML_Workshop\STM32\Interface_OnBoard_IMU\MXTmpFiles\gpio.tmp
2026-07-30 14:43:01,377 [INFO] Middleware:1452 - No code input for Bsp Dependency
2026-07-30 14:43:01,378 [INFO] Middleware:1452 - No code input for Bsp Dependency
2026-07-30 14:43:01,389 [INFO] CodeEngine:265 - oldGeneratedFile, D:\TinyML_GJ\TinyML_Workshop\STM32\Interface_OnBoard_IMU\Core\Src\stm32l4xx_it.c_save
2026-07-30 14:43:01,558 [INFO] CodeEngine:289 - Generated code: D:\TinyML_GJ\TinyML_Workshop\STM32\Interface_OnBoard_IMU\Core\Src\stm32l4xx_it.c
2026-07-30 14:43:01,564 [INFO] CodeEngine:265 - oldGeneratedFile, D:\TinyML_GJ\TinyML_Workshop\STM32\Interface_OnBoard_IMU\Core\Inc\stm32l4xx_it.h_save
2026-07-30 14:43:01,638 [INFO] CodeEngine:289 - Generated code: D:\TinyML_GJ\TinyML_Workshop\STM32\Interface_OnBoard_IMU\Core\Inc\stm32l4xx_it.h
2026-07-30 14:43:01,654 [INFO] CodeEngine:265 - oldGeneratedFile, D:\TinyML_GJ\TinyML_Workshop\STM32\Interface_OnBoard_IMU\Core\Src\stm32l4xx_hal_msp.c_save
2026-07-30 14:43:01,851 [INFO] CodeEngine:289 - Generated code: D:\TinyML_GJ\TinyML_Workshop\STM32\Interface_OnBoard_IMU\Core\Src\stm32l4xx_hal_msp.c
2026-07-30 14:43:01,856 [INFO] CodeEngine:265 - oldGeneratedFile, D:\TinyML_GJ\TinyML_Workshop\STM32\Interface_OnBoard_IMU\MXTmpFiles\system.tmp_save
2026-07-30 14:43:01,923 [INFO] CodeEngine:289 - Generated code: D:\TinyML_GJ\TinyML_Workshop\STM32\Interface_OnBoard_IMU\MXTmpFiles\system.tmp
2026-07-30 14:43:01,937 [INFO] CodeEngine:321 - oldGeneratedFile, D:\TinyML_GJ\TinyML_Workshop\STM32\Interface_OnBoard_IMU\Core\Inc\stm32l4xx_hal_conf.h_save
2026-07-30 14:43:02,140 [INFO] CodeEngine:345 - Generated code: D:\TinyML_GJ\TinyML_Workshop\STM32\Interface_OnBoard_IMU\Core\Inc\stm32l4xx_hal_conf.h
2026-07-30 14:43:02,175 [INFO] CodeEngine:265 - oldGeneratedFile, D:\TinyML_GJ\TinyML_Workshop\STM32\Interface_OnBoard_IMU\Core\Inc\main.h_save
2026-07-30 14:43:02,350 [INFO] CodeEngine:289 - Generated code: D:\TinyML_GJ\TinyML_Workshop\STM32\Interface_OnBoard_IMU\Core\Inc\main.h
2026-07-30 14:43:02,356 [INFO] CodeEngine:265 - oldGeneratedFile, D:\TinyML_GJ\TinyML_Workshop\STM32\Interface_OnBoard_IMU\Core\Src\main.c_save
2026-07-30 14:43:02,541 [INFO] CodeEngine:289 - Generated code: D:\TinyML_GJ\TinyML_Workshop\STM32\Interface_OnBoard_IMU\Core\Src\main.c
2026-07-30 14:43:02,927 [INFO] AInterface:322 - ModelName:network; files:[D:\TinyML_GJ\TinyML_Workshop\ONNX\random_forest_model.onnx]; type:ONNX; compression:None
2026-07-30 14:43:02,928 [INFO] AInterface:526 - workspaceTempDir: C:/Users/ADMIN/AppData/Local/Temp/mxAI_workspace848483179536490012003060392087518910
2026-07-30 14:43:02,928 [INFO] AInterface:1179 - Setting Env: C:/Users/ADMIN/STM32Cube/Repository//Packs/STMicroelectronics/X-CUBE-AI/10.2.1/Utilities/windows
2026-07-30 14:43:02,932 [INFO] STM32CubeIDEBuilder:265 - Looking for gnu-tools-for-stm32 tools/bin/arm-none-eabi-gcc.exe in C:\ST\STM32CubeIDE_1.19.0\STM32CubeIDE
2026-07-30 14:43:02,935 [INFO] STM32CubeIDEBuilder:294 - checking C:\ST\STM32CubeIDE_1.19.0\STM32CubeIDE\plugins\com.st.stm32cube.ide.mcu.externaltools.gnu-tools-for-stm32.13.3.rel1.win32_1.0.0.202411081344\tools\bin\arm-none-eabi-gcc.exe
2026-07-30 14:43:02,935 [INFO] STM32CubeIDEBuilder:297 - ret=C:\ST\STM32CubeIDE_1.19.0\STM32CubeIDE\plugins\com.st.stm32cube.ide.mcu.externaltools.gnu-tools-for-stm32.13.3.rel1.win32_1.0.0.202411081344\tools\bin\arm-none-eabi-gcc.exe
2026-07-30 14:43:02,935 [INFO] STM32CubeIDEBuilder:311 - returning C:\ST\STM32CubeIDE_1.19.0\STM32CubeIDE\plugins\com.st.stm32cube.ide.mcu.externaltools.gnu-tools-for-stm32.13.3.rel1.win32_1.0.0.202411081344\tools\bin\arm-none-eabi-gcc.exe
2026-07-30 14:43:02,936 [INFO] AInterface:1236 - Custom PATH variable: C:/Users/ADMIN/STM32Cube/Repository//Packs/STMicroelectronics/X-CUBE-AI/10.2.1/Utilities/windows;C:/Users/ADMIN/STM32Cube/Repository//Packs/STMicroelectronics/X-CUBE-AI/10.2.1/Utilities/windows/mingw64/bin;C:/Users/ADMIN/STM32Cube/Repository//Packs/STMicroelectronics/X-CUBE-AI/10.2.1/Utilities/windows/mingw64/libexec/gcc/x86_64-w64-mingw32/7.3.0;;C:\ST\STM32CubeIDE_1.19.0\STM32CubeIDE\plugins\com.st.stm32cube.ide.mcu.externaltools.gnu-tools-for-stm32.13.3.rel1.win32_1.0.0.202411081344\tools\bin
2026-07-30 14:43:02,938 [INFO] CmdLine:115 - Command: C:/Users/ADMIN/STM32Cube/Repository//Packs/STMicroelectronics/X-CUBE-AI/10.2.1/Utilities/windows/stedgeai.exe generate --target stm32l4 --name network -m D:/TinyML_GJ/TinyML_Workshop/ONNX/random_forest_model.onnx --compression none --verbosity 1 --workspace C:/Users/ADMIN/AppData/Local/Temp/mxAI_workspace848483179536490012003060392087518910 --output C:/Users/ADMIN/.stm32cubemx/network_output
2026-07-30 14:43:02,938 [INFO] AIModelDetailledView:2264 - Analysis status: pending
2026-07-30 14:43:03,695 [INFO] CmdLine:76 - ST Edge AI Core v2.2.0-20266 2adc00962
2026-07-30 14:43:19,653 [INFO] CmdLine:76 - Creating c (debug) info json file C:\Users\ADMIN\.stm32cubemx\network_output\network_c_info.json
2026-07-30 14:43:19,823 [INFO] CmdLine:76 -  
2026-07-30 14:43:19,823 [INFO] CmdLine:76 -  Exec/report summary (generate)
2026-07-30 14:43:19,823 [INFO] CmdLine:76 -  --------------------------------------------------------------------------------------------------------------
2026-07-30 14:43:19,823 [INFO] CmdLine:76 -  model file         :   D:\TinyML_GJ\TinyML_Workshop\ONNX\random_forest_model.onnx                             
2026-07-30 14:43:19,823 [INFO] CmdLine:76 -  type               :   onnx                                                                                   
2026-07-30 14:43:19,823 [INFO] CmdLine:76 -  c_name             :   network                                                                                
2026-07-30 14:43:19,823 [INFO] CmdLine:76 -  compression        :   none                                                                                   
2026-07-30 14:43:19,823 [INFO] CmdLine:76 -  options            :   allocate-inputs, allocate-outputs                                                      
2026-07-30 14:43:19,823 [INFO] CmdLine:76 -  optimization       :   balanced                                                                               
2026-07-30 14:43:19,824 [INFO] CmdLine:76 -  target/series      :   stm32l4                                                                                
2026-07-30 14:43:19,824 [INFO] CmdLine:76 -  workspace dir      :   C:\Users\ADMIN\AppData\Local\Temp\mxAI_workspace848483179536490012003060392087518910   
2026-07-30 14:43:19,824 [INFO] CmdLine:76 -  output dir         :   C:\Users\ADMIN\.stm32cubemx\network_output                                             
2026-07-30 14:43:19,824 [INFO] CmdLine:76 -  model_fmt          :   undefined                                                                              
2026-07-30 14:43:19,824 [INFO] CmdLine:76 -  model_name         :   random_forest_model                                                                    
2026-07-30 14:43:19,824 [INFO] CmdLine:76 -  model_hash         :   0xd29c45df724f3b36c9aa8b9f7a329e08                                                     
2026-07-30 14:43:19,824 [INFO] CmdLine:76 -  params #           :   520,842 items (1.25 MiB)                                                               
2026-07-30 14:43:19,824 [INFO] CmdLine:76 -  --------------------------------------------------------------------------------------------------------------
2026-07-30 14:43:19,824 [INFO] CmdLine:76 -  input 1/1          :   'float_input', f32(1x1x6), 24 Bytes, activations                                       
2026-07-30 14:43:19,824 [INFO] CmdLine:76 -  output 1/2         :   'label0', int32(1x1), 4 Bytes, activations                                             
2026-07-30 14:43:19,824 [INFO] CmdLine:76 -  output 2/2         :   'output_probability', f32(1x1x5x2), 40 Bytes, activations                              
2026-07-30 14:43:19,824 [INFO] CmdLine:76 -  outputs (total)    :   44 Bytes                                                                               
2026-07-30 14:43:19,824 [INFO] CmdLine:76 -  macc               :   1,311                                                                                  
2026-07-30 14:43:19,824 [INFO] CmdLine:76 -  weights (ro)       :   1,313,296 B (1.25 MiB) (1 segment) / -770,072(-37.0%) vs float model                   
2026-07-30 14:43:19,824 [INFO] CmdLine:76 -  activations (rw)   :   64 B (64 B) (1 segment) *                                                              
2026-07-30 14:43:19,825 [INFO] CmdLine:76 -  ram (total)        :   64 B (64 B) = 64 + 0 + 0                                                               
2026-07-30 14:43:19,825 [INFO] CmdLine:76 -  --------------------------------------------------------------------------------------------------------------
2026-07-30 14:43:19,825 [INFO] CmdLine:76 -  (*) 'input'/'output' buffers are allocated in the activations buffer
2026-07-30 14:43:19,882 [INFO] CmdLine:76 - Computing AI RT data/code size (target=stm32l4)..
2026-07-30 14:43:22,642 [INFO] CmdLine:76 -  Requested memory size by section - "stm32l4" target
2026-07-30 14:43:22,643 [INFO] CmdLine:76 -  ------------------------------ ------- ----------- ------- -----
2026-07-30 14:43:22,643 [INFO] CmdLine:76 -  module                            text      rodata    data   bss
2026-07-30 14:43:22,643 [INFO] CmdLine:76 -  ------------------------------ ------- ----------- ------- -----
2026-07-30 14:43:22,643 [INFO] CmdLine:76 -  NetworkRuntime1020_CM4_GCC.a     5,508           0       0     0
2026-07-30 14:43:22,643 [INFO] CmdLine:76 -  network.o                          704          16   1,768   172
2026-07-30 14:43:22,643 [INFO] CmdLine:76 -  network_data.o                      48          16      88     0
2026-07-30 14:43:22,643 [INFO] CmdLine:76 -  lib (toolchain)*                     0           0       0     0
2026-07-30 14:43:22,644 [INFO] CmdLine:76 -  ------------------------------ ------- ----------- ------- -----
2026-07-30 14:43:22,644 [INFO] CmdLine:76 -  RT total**                       6,260          32   1,856   172
2026-07-30 14:43:22,644 [INFO] CmdLine:76 -  ------------------------------ ------- ----------- ------- -----
2026-07-30 14:43:22,644 [INFO] CmdLine:76 -  weights                              0   1,313,296       0     0
2026-07-30 14:43:22,644 [INFO] CmdLine:76 -  activations                          0           0       0    64
2026-07-30 14:43:22,644 [INFO] CmdLine:76 -  io                                   0           0       0     0
2026-07-30 14:43:22,644 [INFO] CmdLine:76 -  ------------------------------ ------- ----------- ------- -----
2026-07-30 14:43:22,645 [INFO] CmdLine:76 -  TOTAL                            6,260   1,313,328   1,856   236
2026-07-30 14:43:22,645 [INFO] CmdLine:76 -  ------------------------------ ------- ----------- ------- -----
2026-07-30 14:43:22,645 [INFO] CmdLine:76 -  *  toolchain objects (libm/libgcc*)
2026-07-30 14:43:22,645 [INFO] CmdLine:76 -  ** RT AI runtime objects (kernels+infrastructure)
2026-07-30 14:43:22,645 [INFO] CmdLine:76 -   Summary - "stm32l4" target
2026-07-30 14:43:22,645 [INFO] CmdLine:76 -   --------------------------------------------------
2026-07-30 14:43:22,645 [INFO] CmdLine:76 -                FLASH (ro)     %*   RAM (rw)       %
2026-07-30 14:43:22,645 [INFO] CmdLine:76 -   --------------------------------------------------
2026-07-30 14:43:22,645 [INFO] CmdLine:76 -   RT total          8,148   0.6%      2,028   96.9%
2026-07-30 14:43:22,645 [INFO] CmdLine:76 -   --------------------------------------------------
2026-07-30 14:43:22,646 [INFO] CmdLine:76 -   TOTAL         1,321,444             2,092
2026-07-30 14:43:22,646 [INFO] CmdLine:76 -   --------------------------------------------------
2026-07-30 14:43:22,646 [INFO] CmdLine:76 -   *  rt/total
2026-07-30 14:43:22,646 [INFO] CmdLine:76 -  Generated files (7)
2026-07-30 14:43:22,646 [INFO] CmdLine:76 -  ------------------------------------------------------------------
2026-07-30 14:43:22,646 [INFO] CmdLine:76 -  C:\Users\ADMIN\.stm32cubemx\network_output\network_data_params.h
2026-07-30 14:43:22,646 [INFO] CmdLine:76 -  C:\Users\ADMIN\.stm32cubemx\network_output\network_data_params.c
2026-07-30 14:43:22,646 [INFO] CmdLine:76 -  C:\Users\ADMIN\.stm32cubemx\network_output\network_data.h
2026-07-30 14:43:22,646 [INFO] CmdLine:76 -  C:\Users\ADMIN\.stm32cubemx\network_output\network_data.c
2026-07-30 14:43:22,647 [INFO] CmdLine:76 -  C:\Users\ADMIN\.stm32cubemx\network_output\network_config.h
2026-07-30 14:43:22,647 [INFO] CmdLine:76 -  C:\Users\ADMIN\.stm32cubemx\network_output\network.h
2026-07-30 14:43:22,647 [INFO] CmdLine:76 -  C:\Users\ADMIN\.stm32cubemx\network_output\network.c
2026-07-30 14:43:22,647 [INFO] CmdLine:76 - Creating txt report file C:\Users\ADMIN\.stm32cubemx\network_output\network_generate_report.txt
2026-07-30 14:43:34,452 [INFO] CmdLine:76 - elapsed time (generate): 30.757s
2026-07-30 14:43:35,074 [INFO] CmdLine:148 - stedgeai exit with status: 0
2026-07-30 14:43:35,231 [INFO] AIModelDetailledView:2264 - Analysis status: done
2026-07-30 14:43:35,724 [INFO] ProjectBuilder:3606 - Time for Copy HAL[1] : 195mS.
2026-07-30 14:43:35,724 [ERROR] Middleware:2950 - Invalid RefComponent list
2026-07-30 14:43:35,724 [ERROR] Middleware:2950 - Invalid RefComponent list
2026-07-30 14:43:35,724 [ERROR] Middleware:2950 - Invalid RefComponent list
2026-07-30 14:43:35,724 [ERROR] Middleware:2950 - Invalid RefComponent list
2026-07-30 14:43:35,724 [ERROR] Middleware:2950 - Invalid RefComponent list
2026-07-30 14:43:35,724 [ERROR] Middleware:2950 - Invalid RefComponent list
2026-07-30 14:43:35,724 [ERROR] Middleware:2950 - Invalid RefComponent list
2026-07-30 14:43:35,724 [ERROR] Middleware:2950 - Invalid RefComponent list
2026-07-30 14:43:35,724 [ERROR] Middleware:2950 - Invalid RefComponent list
2026-07-30 14:43:35,724 [ERROR] Middleware:2950 - Invalid RefComponent list
2026-07-30 14:43:35,724 [ERROR] Middleware:2950 - Invalid RefComponent list
2026-07-30 14:43:35,724 [ERROR] Middleware:2950 - Invalid RefComponent list
2026-07-30 14:43:35,724 [ERROR] Middleware:2950 - Invalid RefComponent list
2026-07-30 14:43:35,724 [ERROR] Middleware:2950 - Invalid RefComponent list
2026-07-30 14:43:35,724 [ERROR] Middleware:2950 - Invalid RefComponent list
2026-07-30 14:43:35,725 [ERROR] Middleware:2950 - Invalid RefComponent list
2026-07-30 14:43:35,725 [ERROR] Middleware:2950 - Invalid RefComponent list
2026-07-30 14:43:35,725 [ERROR] Middleware:2950 - Invalid RefComponent list
2026-07-30 14:43:35,725 [ERROR] Middleware:2950 - Invalid RefComponent list
2026-07-30 14:43:35,725 [ERROR] Middleware:2950 - Invalid RefComponent list
2026-07-30 14:43:35,725 [ERROR] Middleware:2950 - Invalid RefComponent list
2026-07-30 14:43:35,725 [ERROR] Middleware:2950 - Invalid RefComponent list
2026-07-30 14:43:35,725 [ERROR] Middleware:2950 - Invalid RefComponent list
2026-07-30 14:43:35,725 [ERROR] Middleware:2950 - Invalid RefComponent list
2026-07-30 14:43:35,725 [ERROR] Middleware:2950 - Invalid RefComponent list
2026-07-30 14:43:35,725 [ERROR] Middleware:2950 - Invalid RefComponent list
2026-07-30 14:43:35,725 [ERROR] Middleware:2950 - Invalid RefComponent list
2026-07-30 14:43:35,725 [ERROR] Middleware:2950 - Invalid RefComponent list
2026-07-30 14:43:35,725 [ERROR] Middleware:2950 - Invalid RefComponent list
2026-07-30 14:43:35,725 [ERROR] Middleware:2950 - Invalid RefComponent list
2026-07-30 14:43:35,725 [ERROR] Middleware:2950 - Invalid RefComponent list
2026-07-30 14:43:35,725 [ERROR] Middleware:2950 - Invalid RefComponent list
2026-07-30 14:43:35,725 [ERROR] Middleware:2950 - Invalid RefComponent list
2026-07-30 14:43:35,725 [ERROR] Middleware:2950 - Invalid RefComponent list
2026-07-30 14:43:35,725 [ERROR] Middleware:2950 - Invalid RefComponent list
2026-07-30 14:43:35,725 [ERROR] Middleware:2950 - Invalid RefComponent list
2026-07-30 14:43:35,725 [ERROR] Middleware:2950 - Invalid RefComponent list
2026-07-30 14:43:35,725 [ERROR] Middleware:2950 - Invalid RefComponent list
2026-07-30 14:43:35,725 [ERROR] Middleware:2950 - Invalid RefComponent list
2026-07-30 14:43:35,725 [ERROR] Middleware:2950 - Invalid RefComponent list
2026-07-30 14:43:35,725 [ERROR] Middleware:2950 - Invalid RefComponent list
2026-07-30 14:43:35,725 [ERROR] Middleware:2950 - Invalid RefComponent list
2026-07-30 14:43:35,725 [ERROR] Middleware:2950 - Invalid RefComponent list
2026-07-30 14:43:35,725 [ERROR] Middleware:2950 - Invalid RefComponent list
2026-07-30 14:43:35,725 [ERROR] Middleware:2950 - Invalid RefComponent list
2026-07-30 14:43:35,725 [ERROR] Middleware:2950 - Invalid RefComponent list
2026-07-30 14:43:35,726 [ERROR] Middleware:2950 - Invalid RefComponent list
2026-07-30 14:43:35,726 [ERROR] Middleware:2950 - Invalid RefComponent list
2026-07-30 14:43:35,726 [ERROR] Middleware:2950 - Invalid RefComponent list
2026-07-30 14:43:35,726 [ERROR] Middleware:2950 - Invalid RefComponent list
2026-07-30 14:43:35,729 [INFO] ProjectBuilder:5216 - Project Generator version: 4.7.0-B52
2026-07-30 14:43:35,816 [INFO] ConfigFileManager:1595 - The Die is : DIE470
2026-07-30 14:43:36,760 [INFO] ProjectBuilder:5496 - Time for Generating toolchain IDE Files: 1031mS.
2026-07-30 14:43:36,762 [INFO] ProjectBuilder:3463 - Time for Copy CMSIS : 0mS.
2026-07-30 14:43:36,763 [INFO] ProjectBuilder:3463 - Time for Copy CMSIS : 0mS.
2026-07-30 14:45:20,797 [INFO] UtilMem:75 - End SaveConfig() Used Memory: 867420936 Bytes (1073741824)
2026-07-30 14:45:22,323 [INFO] UtilMem:75 - End SaveConfig() Used Memory: 908841736 Bytes (1073741824)
2026-07-30 14:45:22,530 [INFO] UtilMem:75 - End SaveConfig() Used Memory: 879349416 Bytes (1073741824)
2026-07-30 14:45:22,699 [INFO] BlockDiagram:2775 - set Specific Code input for plugin: SYS
2026-07-30 14:45:22,699 [INFO] BlockDiagram:2775 - set Specific Code input for plugin: RCC
2026-07-30 14:45:22,699 [INFO] BlockDiagram:2775 - set Specific Code input for plugin: I2C
2026-07-30 14:45:22,699 [INFO] BlockDiagram:2775 - set Specific Code input for plugin: NVIC
2026-07-30 14:45:22,699 [INFO] BlockDiagram:2775 - set Specific Code input for plugin: USART
2026-07-30 14:45:22,699 [INFO] BlockDiagram:2775 - set Specific Code input for plugin: STMicroelectronics.X-CUBE-AI.10.2.1
2026-07-30 14:45:22,700 [INFO] BlockDiagram:2775 - set Specific Code input for plugin: GPIO
2026-07-30 14:45:22,701 [INFO] CodeGenerator:892 - code generatio: config db path: C:\ST\STM32CubeIDE_1.19.0\STM32CubeIDE\plugins\com.st.stm32cube.common.mx_6.15.0.202507011659\\db\
2026-07-30 14:45:22,783 [INFO] IP:3329 - RTE Config file name : RTE_Component
2026-07-30 14:45:22,784 [INFO] IP:3347 - RTE template : RTE_Components.ftl
2026-07-30 14:45:22,792 [INFO] CodeEngine:265 - oldGeneratedFile, D:\TinyML_GJ\TinyML_Workshop\STM32\Interface_OnBoard_IMU\MXTmpFiles\license.tmp_save
2026-07-30 14:45:22,943 [INFO] CodeEngine:289 - Generated code: D:\TinyML_GJ\TinyML_Workshop\STM32\Interface_OnBoard_IMU\MXTmpFiles\license.tmp
2026-07-30 14:45:22,967 [INFO] CodeEngine:265 - oldGeneratedFile, D:\TinyML_GJ\TinyML_Workshop\STM32\Interface_OnBoard_IMU\MXTmpFiles\gpio.tmp_save
2026-07-30 14:45:23,130 [INFO] CodeEngine:289 - Generated code: D:\TinyML_GJ\TinyML_Workshop\STM32\Interface_OnBoard_IMU\MXTmpFiles\gpio.tmp
2026-07-30 14:45:23,205 [INFO] Middleware:1452 - No code input for Bsp Dependency
2026-07-30 14:45:23,207 [INFO] Middleware:1452 - No code input for Bsp Dependency
2026-07-30 14:45:23,220 [INFO] CodeEngine:265 - oldGeneratedFile, D:\TinyML_GJ\TinyML_Workshop\STM32\Interface_OnBoard_IMU\Core\Src\stm32l4xx_it.c_save
2026-07-30 14:45:23,385 [INFO] CodeEngine:289 - Generated code: D:\TinyML_GJ\TinyML_Workshop\STM32\Interface_OnBoard_IMU\Core\Src\stm32l4xx_it.c
2026-07-30 14:45:23,391 [INFO] CodeEngine:265 - oldGeneratedFile, D:\TinyML_GJ\TinyML_Workshop\STM32\Interface_OnBoard_IMU\Core\Inc\stm32l4xx_it.h_save
2026-07-30 14:45:23,476 [INFO] CodeEngine:289 - Generated code: D:\TinyML_GJ\TinyML_Workshop\STM32\Interface_OnBoard_IMU\Core\Inc\stm32l4xx_it.h
2026-07-30 14:45:23,494 [INFO] CodeEngine:265 - oldGeneratedFile, D:\TinyML_GJ\TinyML_Workshop\STM32\Interface_OnBoard_IMU\Core\Src\stm32l4xx_hal_msp.c_save
2026-07-30 14:45:23,700 [INFO] CodeEngine:289 - Generated code: D:\TinyML_GJ\TinyML_Workshop\STM32\Interface_OnBoard_IMU\Core\Src\stm32l4xx_hal_msp.c
2026-07-30 14:45:23,704 [INFO] CodeEngine:265 - oldGeneratedFile, D:\TinyML_GJ\TinyML_Workshop\STM32\Interface_OnBoard_IMU\MXTmpFiles\system.tmp_save
2026-07-30 14:45:23,773 [INFO] CodeEngine:289 - Generated code: D:\TinyML_GJ\TinyML_Workshop\STM32\Interface_OnBoard_IMU\MXTmpFiles\system.tmp
2026-07-30 14:45:23,785 [INFO] CodeEngine:321 - oldGeneratedFile, D:\TinyML_GJ\TinyML_Workshop\STM32\Interface_OnBoard_IMU\Core\Inc\stm32l4xx_hal_conf.h_save
2026-07-30 14:45:23,987 [INFO] CodeEngine:345 - Generated code: D:\TinyML_GJ\TinyML_Workshop\STM32\Interface_OnBoard_IMU\Core\Inc\stm32l4xx_hal_conf.h
2026-07-30 14:45:24,022 [INFO] CodeEngine:265 - oldGeneratedFile, D:\TinyML_GJ\TinyML_Workshop\STM32\Interface_OnBoard_IMU\Core\Inc\main.h_save
2026-07-30 14:45:24,206 [INFO] CodeEngine:289 - Generated code: D:\TinyML_GJ\TinyML_Workshop\STM32\Interface_OnBoard_IMU\Core\Inc\main.h
2026-07-30 14:45:24,213 [INFO] CodeEngine:265 - oldGeneratedFile, D:\TinyML_GJ\TinyML_Workshop\STM32\Interface_OnBoard_IMU\Core\Src\main.c_save
2026-07-30 14:45:24,409 [INFO] CodeEngine:289 - Generated code: D:\TinyML_GJ\TinyML_Workshop\STM32\Interface_OnBoard_IMU\Core\Src\main.c
2026-07-30 14:45:24,827 [INFO] AInterface:322 - ModelName:network; files:[D:\TinyML_GJ\TinyML_Workshop\ONNX\random_forest_model.onnx]; type:ONNX; compression:None
2026-07-30 14:45:24,828 [INFO] AInterface:526 - workspaceTempDir: C:/Users/ADMIN/AppData/Local/Temp/mxAI_workspace84849736962195008333402044432987764
2026-07-30 14:45:24,829 [INFO] AInterface:1179 - Setting Env: C:/Users/ADMIN/STM32Cube/Repository//Packs/STMicroelectronics/X-CUBE-AI/10.2.1/Utilities/windows
2026-07-30 14:45:24,834 [INFO] STM32CubeIDEBuilder:265 - Looking for gnu-tools-for-stm32 tools/bin/arm-none-eabi-gcc.exe in C:\ST\STM32CubeIDE_1.19.0\STM32CubeIDE
2026-07-30 14:45:24,835 [INFO] STM32CubeIDEBuilder:294 - checking C:\ST\STM32CubeIDE_1.19.0\STM32CubeIDE\plugins\com.st.stm32cube.ide.mcu.externaltools.gnu-tools-for-stm32.13.3.rel1.win32_1.0.0.202411081344\tools\bin\arm-none-eabi-gcc.exe
2026-07-30 14:45:24,837 [INFO] STM32CubeIDEBuilder:297 - ret=C:\ST\STM32CubeIDE_1.19.0\STM32CubeIDE\plugins\com.st.stm32cube.ide.mcu.externaltools.gnu-tools-for-stm32.13.3.rel1.win32_1.0.0.202411081344\tools\bin\arm-none-eabi-gcc.exe
2026-07-30 14:45:24,837 [INFO] STM32CubeIDEBuilder:311 - returning C:\ST\STM32CubeIDE_1.19.0\STM32CubeIDE\plugins\com.st.stm32cube.ide.mcu.externaltools.gnu-tools-for-stm32.13.3.rel1.win32_1.0.0.202411081344\tools\bin\arm-none-eabi-gcc.exe
2026-07-30 14:45:24,837 [INFO] AInterface:1236 - Custom PATH variable: C:/Users/ADMIN/STM32Cube/Repository//Packs/STMicroelectronics/X-CUBE-AI/10.2.1/Utilities/windows;C:/Users/ADMIN/STM32Cube/Repository//Packs/STMicroelectronics/X-CUBE-AI/10.2.1/Utilities/windows/mingw64/bin;C:/Users/ADMIN/STM32Cube/Repository//Packs/STMicroelectronics/X-CUBE-AI/10.2.1/Utilities/windows/mingw64/libexec/gcc/x86_64-w64-mingw32/7.3.0;;C:\ST\STM32CubeIDE_1.19.0\STM32CubeIDE\plugins\com.st.stm32cube.ide.mcu.externaltools.gnu-tools-for-stm32.13.3.rel1.win32_1.0.0.202411081344\tools\bin
2026-07-30 14:45:24,838 [INFO] CmdLine:115 - Command: C:/Users/ADMIN/STM32Cube/Repository//Packs/STMicroelectronics/X-CUBE-AI/10.2.1/Utilities/windows/stedgeai.exe generate --target stm32l4 --name network -m D:/TinyML_GJ/TinyML_Workshop/ONNX/random_forest_model.onnx --compression none --verbosity 1 --workspace C:/Users/ADMIN/AppData/Local/Temp/mxAI_workspace84849736962195008333402044432987764 --output C:/Users/ADMIN/.stm32cubemx/network_output
2026-07-30 14:45:24,838 [INFO] AIModelDetailledView:2264 - Analysis status: pending
2026-07-30 14:45:25,602 [INFO] CmdLine:76 - ST Edge AI Core v2.2.0-20266 2adc00962
2026-07-30 14:45:41,805 [INFO] CmdLine:76 - Creating c (debug) info json file C:\Users\ADMIN\.stm32cubemx\network_output\network_c_info.json
2026-07-30 14:45:41,971 [INFO] CmdLine:76 -  
2026-07-30 14:45:41,971 [INFO] CmdLine:76 -  Exec/report summary (generate)
2026-07-30 14:45:41,972 [INFO] CmdLine:76 -  -------------------------------------------------------------------------------------------------------------
2026-07-30 14:45:41,972 [INFO] CmdLine:76 -  model file         :   D:\TinyML_GJ\TinyML_Workshop\ONNX\random_forest_model.onnx                            
2026-07-30 14:45:41,972 [INFO] CmdLine:76 -  type               :   onnx                                                                                  
2026-07-30 14:45:41,972 [INFO] CmdLine:76 -  c_name             :   network                                                                               
2026-07-30 14:45:41,972 [INFO] CmdLine:76 -  compression        :   none                                                                                  
2026-07-30 14:45:41,972 [INFO] CmdLine:76 -  options            :   allocate-inputs, allocate-outputs                                                     
2026-07-30 14:45:41,972 [INFO] CmdLine:76 -  optimization       :   balanced                                                                              
2026-07-30 14:45:41,972 [INFO] CmdLine:76 -  target/series      :   stm32l4                                                                               
2026-07-30 14:45:41,972 [INFO] CmdLine:76 -  workspace dir      :   C:\Users\ADMIN\AppData\Local\Temp\mxAI_workspace84849736962195008333402044432987764   
2026-07-30 14:45:41,972 [INFO] CmdLine:76 -  output dir         :   C:\Users\ADMIN\.stm32cubemx\network_output                                            
2026-07-30 14:45:41,972 [INFO] CmdLine:76 -  model_fmt          :   undefined                                                                             
2026-07-30 14:45:41,972 [INFO] CmdLine:76 -  model_name         :   random_forest_model                                                                   
2026-07-30 14:45:41,972 [INFO] CmdLine:76 -  model_hash         :   0xd29c45df724f3b36c9aa8b9f7a329e08                                                    
2026-07-30 14:45:41,972 [INFO] CmdLine:76 -  params #           :   520,842 items (1.25 MiB)                                                              
2026-07-30 14:45:41,972 [INFO] CmdLine:76 -  -------------------------------------------------------------------------------------------------------------
2026-07-30 14:45:41,972 [INFO] CmdLine:76 -  input 1/1          :   'float_input', f32(1x1x6), 24 Bytes, activations                                      
2026-07-30 14:45:41,973 [INFO] CmdLine:76 -  output 1/2         :   'label0', int32(1x1), 4 Bytes, activations                                            
2026-07-30 14:45:41,973 [INFO] CmdLine:76 -  output 2/2         :   'output_probability', f32(1x1x5x2), 40 Bytes, activations                             
2026-07-30 14:45:41,973 [INFO] CmdLine:76 -  outputs (total)    :   44 Bytes                                                                              
2026-07-30 14:45:41,973 [INFO] CmdLine:76 -  macc               :   1,311                                                                                 
2026-07-30 14:45:41,973 [INFO] CmdLine:76 -  weights (ro)       :   1,313,296 B (1.25 MiB) (1 segment) / -770,072(-37.0%) vs float model                  
2026-07-30 14:45:41,973 [INFO] CmdLine:76 -  activations (rw)   :   64 B (64 B) (1 segment) *                                                             
2026-07-30 14:45:41,973 [INFO] CmdLine:76 -  ram (total)        :   64 B (64 B) = 64 + 0 + 0                                                              
2026-07-30 14:45:41,973 [INFO] CmdLine:76 -  -------------------------------------------------------------------------------------------------------------
2026-07-30 14:45:41,973 [INFO] CmdLine:76 -  (*) 'input'/'output' buffers are allocated in the activations buffer
2026-07-30 14:45:42,031 [INFO] CmdLine:76 - Computing AI RT data/code size (target=stm32l4)..
2026-07-30 14:45:44,826 [INFO] CmdLine:76 -  Requested memory size by section - "stm32l4" target
2026-07-30 14:45:44,827 [INFO] CmdLine:76 -  ------------------------------ ------- ----------- ------- -----
2026-07-30 14:45:44,827 [INFO] CmdLine:76 -  module                            text      rodata    data   bss
2026-07-30 14:45:44,827 [INFO] CmdLine:76 -  ------------------------------ ------- ----------- ------- -----
2026-07-30 14:45:44,827 [INFO] CmdLine:76 -  NetworkRuntime1020_CM4_GCC.a     5,508           0       0     0
2026-07-30 14:45:44,827 [INFO] CmdLine:76 -  network.o                          704          16   1,768   172
2026-07-30 14:45:44,827 [INFO] CmdLine:76 -  network_data.o                      48          16      88     0
2026-07-30 14:45:44,827 [INFO] CmdLine:76 -  lib (toolchain)*                     0           0       0     0
2026-07-30 14:45:44,828 [INFO] CmdLine:76 -  ------------------------------ ------- ----------- ------- -----
2026-07-30 14:45:44,828 [INFO] CmdLine:76 -  RT total**                       6,260          32   1,856   172
2026-07-30 14:45:44,828 [INFO] CmdLine:76 -  ------------------------------ ------- ----------- ------- -----
2026-07-30 14:45:44,828 [INFO] CmdLine:76 -  weights                              0   1,313,296       0     0
2026-07-30 14:45:44,828 [INFO] CmdLine:76 -  activations                          0           0       0    64
2026-07-30 14:45:44,828 [INFO] CmdLine:76 -  io                                   0           0       0     0
2026-07-30 14:45:44,828 [INFO] CmdLine:76 -  ------------------------------ ------- ----------- ------- -----
2026-07-30 14:45:44,828 [INFO] CmdLine:76 -  TOTAL                            6,260   1,313,328   1,856   236
2026-07-30 14:45:44,828 [INFO] CmdLine:76 -  ------------------------------ ------- ----------- ------- -----
2026-07-30 14:45:44,829 [INFO] CmdLine:76 -  *  toolchain objects (libm/libgcc*)
2026-07-30 14:45:44,829 [INFO] CmdLine:76 -  ** RT AI runtime objects (kernels+infrastructure)
2026-07-30 14:45:44,829 [INFO] CmdLine:76 -   Summary - "stm32l4" target
2026-07-30 14:45:44,829 [INFO] CmdLine:76 -   --------------------------------------------------
2026-07-30 14:45:44,829 [INFO] CmdLine:76 -                FLASH (ro)     %*   RAM (rw)       %
2026-07-30 14:45:44,829 [INFO] CmdLine:76 -   --------------------------------------------------
2026-07-30 14:45:44,829 [INFO] CmdLine:76 -   RT total          8,148   0.6%      2,028   96.9%
2026-07-30 14:45:44,829 [INFO] CmdLine:76 -   --------------------------------------------------
2026-07-30 14:45:44,829 [INFO] CmdLine:76 -   TOTAL         1,321,444             2,092
2026-07-30 14:45:44,829 [INFO] CmdLine:76 -   --------------------------------------------------
2026-07-30 14:45:44,830 [INFO] CmdLine:76 -   *  rt/total
2026-07-30 14:45:44,830 [INFO] CmdLine:76 -  Generated files (7)
2026-07-30 14:45:44,830 [INFO] CmdLine:76 -  ------------------------------------------------------------------
2026-07-30 14:45:44,830 [INFO] CmdLine:76 -  C:\Users\ADMIN\.stm32cubemx\network_output\network_data_params.h
2026-07-30 14:45:44,830 [INFO] CmdLine:76 -  C:\Users\ADMIN\.stm32cubemx\network_output\network_data_params.c
2026-07-30 14:45:44,830 [INFO] CmdLine:76 -  C:\Users\ADMIN\.stm32cubemx\network_output\network_data.h
2026-07-30 14:45:44,831 [INFO] CmdLine:76 -  C:\Users\ADMIN\.stm32cubemx\network_output\network_data.c
2026-07-30 14:45:44,831 [INFO] CmdLine:76 -  C:\Users\ADMIN\.stm32cubemx\network_output\network_config.h
2026-07-30 14:45:44,831 [INFO] CmdLine:76 -  C:\Users\ADMIN\.stm32cubemx\network_output\network.h
2026-07-30 14:45:44,831 [INFO] CmdLine:76 -  C:\Users\ADMIN\.stm32cubemx\network_output\network.c
2026-07-30 14:45:44,831 [INFO] CmdLine:76 - Creating txt report file C:\Users\ADMIN\.stm32cubemx\network_output\network_generate_report.txt
2026-07-30 14:45:52,309 [INFO] CmdLine:76 - elapsed time (generate): 26.707s
2026-07-30 14:45:52,925 [INFO] CmdLine:148 - stedgeai exit with status: 0
2026-07-30 14:45:53,083 [INFO] AIModelDetailledView:2264 - Analysis status: done
2026-07-30 14:45:53,591 [INFO] ProjectBuilder:3606 - Time for Copy HAL[1] : 180mS.
2026-07-30 14:45:53,591 [ERROR] Middleware:2950 - Invalid RefComponent list
2026-07-30 14:45:53,591 [ERROR] Middleware:2950 - Invalid RefComponent list
2026-07-30 14:45:53,591 [ERROR] Middleware:2950 - Invalid RefComponent list
2026-07-30 14:45:53,591 [ERROR] Middleware:2950 - Invalid RefComponent list
2026-07-30 14:45:53,591 [ERROR] Middleware:2950 - Invalid RefComponent list
2026-07-30 14:45:53,591 [ERROR] Middleware:2950 - Invalid RefComponent list
2026-07-30 14:45:53,591 [ERROR] Middleware:2950 - Invalid RefComponent list
2026-07-30 14:45:53,591 [ERROR] Middleware:2950 - Invalid RefComponent list
2026-07-30 14:45:53,591 [ERROR] Middleware:2950 - Invalid RefComponent list
2026-07-30 14:45:53,591 [ERROR] Middleware:2950 - Invalid RefComponent list
2026-07-30 14:45:53,591 [ERROR] Middleware:2950 - Invalid RefComponent list
2026-07-30 14:45:53,591 [ERROR] Middleware:2950 - Invalid RefComponent list
2026-07-30 14:45:53,592 [ERROR] Middleware:2950 - Invalid RefComponent list
2026-07-30 14:45:53,592 [ERROR] Middleware:2950 - Invalid RefComponent list
2026-07-30 14:45:53,592 [ERROR] Middleware:2950 - Invalid RefComponent list
2026-07-30 14:45:53,592 [ERROR] Middleware:2950 - Invalid RefComponent list
2026-07-30 14:45:53,592 [ERROR] Middleware:2950 - Invalid RefComponent list
2026-07-30 14:45:53,592 [ERROR] Middleware:2950 - Invalid RefComponent list
2026-07-30 14:45:53,592 [ERROR] Middleware:2950 - Invalid RefComponent list
2026-07-30 14:45:53,592 [ERROR] Middleware:2950 - Invalid RefComponent list
2026-07-30 14:45:53,592 [ERROR] Middleware:2950 - Invalid RefComponent list
2026-07-30 14:45:53,592 [ERROR] Middleware:2950 - Invalid RefComponent list
2026-07-30 14:45:53,592 [ERROR] Middleware:2950 - Invalid RefComponent list
2026-07-30 14:45:53,592 [ERROR] Middleware:2950 - Invalid RefComponent list
2026-07-30 14:45:53,592 [ERROR] Middleware:2950 - Invalid RefComponent list
2026-07-30 14:45:53,592 [ERROR] Middleware:2950 - Invalid RefComponent list
2026-07-30 14:45:53,592 [ERROR] Middleware:2950 - Invalid RefComponent list
2026-07-30 14:45:53,592 [ERROR] Middleware:2950 - Invalid RefComponent list
2026-07-30 14:45:53,592 [ERROR] Middleware:2950 - Invalid RefComponent list
2026-07-30 14:45:53,592 [ERROR] Middleware:2950 - Invalid RefComponent list
2026-07-30 14:45:53,592 [ERROR] Middleware:2950 - Invalid RefComponent list
2026-07-30 14:45:53,592 [ERROR] Middleware:2950 - Invalid RefComponent list
2026-07-30 14:45:53,592 [ERROR] Middleware:2950 - Invalid RefComponent list
2026-07-30 14:45:53,592 [ERROR] Middleware:2950 - Invalid RefComponent list
2026-07-30 14:45:53,592 [ERROR] Middleware:2950 - Invalid RefComponent list
2026-07-30 14:45:53,592 [ERROR] Middleware:2950 - Invalid RefComponent list
2026-07-30 14:45:53,592 [ERROR] Middleware:2950 - Invalid RefComponent list
2026-07-30 14:45:53,592 [ERROR] Middleware:2950 - Invalid RefComponent list
2026-07-30 14:45:53,592 [ERROR] Middleware:2950 - Invalid RefComponent list
2026-07-30 14:45:53,592 [ERROR] Middleware:2950 - Invalid RefComponent list
2026-07-30 14:45:53,592 [ERROR] Middleware:2950 - Invalid RefComponent list
2026-07-30 14:45:53,592 [ERROR] Middleware:2950 - Invalid RefComponent list
2026-07-30 14:45:53,592 [ERROR] Middleware:2950 - Invalid RefComponent list
2026-07-30 14:45:53,592 [ERROR] Middleware:2950 - Invalid RefComponent list
2026-07-30 14:45:53,593 [ERROR] Middleware:2950 - Invalid RefComponent list
2026-07-30 14:45:53,593 [ERROR] Middleware:2950 - Invalid RefComponent list
2026-07-30 14:45:53,593 [ERROR] Middleware:2950 - Invalid RefComponent list
2026-07-30 14:45:53,593 [ERROR] Middleware:2950 - Invalid RefComponent list
2026-07-30 14:45:53,593 [ERROR] Middleware:2950 - Invalid RefComponent list
2026-07-30 14:45:53,593 [ERROR] Middleware:2950 - Invalid RefComponent list
2026-07-30 14:45:53,596 [INFO] ProjectBuilder:5216 - Project Generator version: 4.7.0-B52
2026-07-30 14:45:53,685 [INFO] ConfigFileManager:1595 - The Die is : DIE470
2026-07-30 14:45:54,581 [INFO] ProjectBuilder:5496 - Time for Generating toolchain IDE Files: 985mS.
2026-07-30 14:45:54,582 [INFO] ProjectBuilder:3463 - Time for Copy CMSIS : 1mS.
2026-07-30 14:45:54,585 [INFO] ProjectBuilder:3463 - Time for Copy CMSIS : 0mS.
2026-07-30 14:45:55,007 [INFO] UtilMem:75 - End SaveConfig() Used Memory: 955899576 Bytes (1073741824)
2026-07-30 14:45:57,948 [INFO] UtilMem:75 - End SaveConfig() Used Memory: 970644336 Bytes (1073741824)
2026-07-30 14:45:58,152 [INFO] UtilMem:75 - End SaveConfig() Used Memory: 1011961472 Bytes (1073741824)
2026-07-30 14:45:58,368 [INFO] BlockDiagram:2775 - set Specific Code input for plugin: SYS
2026-07-30 14:45:58,368 [INFO] BlockDiagram:2775 - set Specific Code input for plugin: RCC
2026-07-30 14:45:58,368 [INFO] BlockDiagram:2775 - set Specific Code input for plugin: I2C
2026-07-30 14:45:58,368 [INFO] BlockDiagram:2775 - set Specific Code input for plugin: NVIC
2026-07-30 14:45:58,369 [INFO] BlockDiagram:2775 - set Specific Code input for plugin: USART
2026-07-30 14:45:58,369 [INFO] BlockDiagram:2775 - set Specific Code input for plugin: STMicroelectronics.X-CUBE-AI.10.2.1
2026-07-30 14:45:58,369 [INFO] BlockDiagram:2775 - set Specific Code input for plugin: GPIO
2026-07-30 14:45:58,372 [INFO] CodeGenerator:892 - code generatio: config db path: C:\ST\STM32CubeIDE_1.19.0\STM32CubeIDE\plugins\com.st.stm32cube.common.mx_6.15.0.202507011659\\db\
2026-07-30 14:45:58,466 [INFO] IP:3329 - RTE Config file name : RTE_Component
2026-07-30 14:45:58,467 [INFO] IP:3347 - RTE template : RTE_Components.ftl
2026-07-30 14:45:58,476 [INFO] CodeEngine:265 - oldGeneratedFile, D:\TinyML_GJ\TinyML_Workshop\STM32\Interface_OnBoard_IMU\MXTmpFiles\license.tmp_save
2026-07-30 14:45:58,618 [INFO] CodeEngine:289 - Generated code: D:\TinyML_GJ\TinyML_Workshop\STM32\Interface_OnBoard_IMU\MXTmpFiles\license.tmp
2026-07-30 14:45:58,643 [INFO] CodeEngine:265 - oldGeneratedFile, D:\TinyML_GJ\TinyML_Workshop\STM32\Interface_OnBoard_IMU\MXTmpFiles\gpio.tmp_save
2026-07-30 14:45:58,825 [INFO] CodeEngine:289 - Generated code: D:\TinyML_GJ\TinyML_Workshop\STM32\Interface_OnBoard_IMU\MXTmpFiles\gpio.tmp
2026-07-30 14:45:58,897 [INFO] Middleware:1452 - No code input for Bsp Dependency
2026-07-30 14:45:58,899 [INFO] Middleware:1452 - No code input for Bsp Dependency
2026-07-30 14:45:58,915 [INFO] CodeEngine:265 - oldGeneratedFile, D:\TinyML_GJ\TinyML_Workshop\STM32\Interface_OnBoard_IMU\Core\Src\stm32l4xx_it.c_save
2026-07-30 14:45:59,074 [INFO] CodeEngine:289 - Generated code: D:\TinyML_GJ\TinyML_Workshop\STM32\Interface_OnBoard_IMU\Core\Src\stm32l4xx_it.c
2026-07-30 14:45:59,080 [INFO] CodeEngine:265 - oldGeneratedFile, D:\TinyML_GJ\TinyML_Workshop\STM32\Interface_OnBoard_IMU\Core\Inc\stm32l4xx_it.h_save
2026-07-30 14:45:59,152 [INFO] CodeEngine:289 - Generated code: D:\TinyML_GJ\TinyML_Workshop\STM32\Interface_OnBoard_IMU\Core\Inc\stm32l4xx_it.h
2026-07-30 14:45:59,168 [INFO] CodeEngine:265 - oldGeneratedFile, D:\TinyML_GJ\TinyML_Workshop\STM32\Interface_OnBoard_IMU\Core\Src\stm32l4xx_hal_msp.c_save
2026-07-30 14:45:59,364 [INFO] CodeEngine:289 - Generated code: D:\TinyML_GJ\TinyML_Workshop\STM32\Interface_OnBoard_IMU\Core\Src\stm32l4xx_hal_msp.c
2026-07-30 14:45:59,369 [INFO] CodeEngine:265 - oldGeneratedFile, D:\TinyML_GJ\TinyML_Workshop\STM32\Interface_OnBoard_IMU\MXTmpFiles\system.tmp_save
2026-07-30 14:45:59,446 [INFO] CodeEngine:289 - Generated code: D:\TinyML_GJ\TinyML_Workshop\STM32\Interface_OnBoard_IMU\MXTmpFiles\system.tmp
2026-07-30 14:45:59,459 [INFO] CodeEngine:321 - oldGeneratedFile, D:\TinyML_GJ\TinyML_Workshop\STM32\Interface_OnBoard_IMU\Core\Inc\stm32l4xx_hal_conf.h_save
2026-07-30 14:45:59,673 [INFO] CodeEngine:345 - Generated code: D:\TinyML_GJ\TinyML_Workshop\STM32\Interface_OnBoard_IMU\Core\Inc\stm32l4xx_hal_conf.h
2026-07-30 14:45:59,708 [INFO] CodeEngine:265 - oldGeneratedFile, D:\TinyML_GJ\TinyML_Workshop\STM32\Interface_OnBoard_IMU\Core\Inc\main.h_save
2026-07-30 14:45:59,874 [INFO] CodeEngine:289 - Generated code: D:\TinyML_GJ\TinyML_Workshop\STM32\Interface_OnBoard_IMU\Core\Inc\main.h
2026-07-30 14:45:59,879 [INFO] CodeEngine:265 - oldGeneratedFile, D:\TinyML_GJ\TinyML_Workshop\STM32\Interface_OnBoard_IMU\Core\Src\main.c_save
2026-07-30 14:46:00,050 [INFO] CodeEngine:289 - Generated code: D:\TinyML_GJ\TinyML_Workshop\STM32\Interface_OnBoard_IMU\Core\Src\main.c
2026-07-30 14:46:00,406 [INFO] AInterface:322 - ModelName:network; files:[D:\TinyML_GJ\TinyML_Workshop\ONNX\random_forest_model.onnx]; type:ONNX; compression:None
2026-07-30 14:46:00,407 [INFO] AInterface:526 - workspaceTempDir: C:/Users/ADMIN/AppData/Local/Temp/mxAI_workspace84850092745999008882810965362137509
2026-07-30 14:46:00,407 [INFO] AInterface:1179 - Setting Env: C:/Users/ADMIN/STM32Cube/Repository//Packs/STMicroelectronics/X-CUBE-AI/10.2.1/Utilities/windows
2026-07-30 14:46:00,411 [INFO] STM32CubeIDEBuilder:265 - Looking for gnu-tools-for-stm32 tools/bin/arm-none-eabi-gcc.exe in C:\ST\STM32CubeIDE_1.19.0\STM32CubeIDE
2026-07-30 14:46:00,413 [INFO] STM32CubeIDEBuilder:294 - checking C:\ST\STM32CubeIDE_1.19.0\STM32CubeIDE\plugins\com.st.stm32cube.ide.mcu.externaltools.gnu-tools-for-stm32.13.3.rel1.win32_1.0.0.202411081344\tools\bin\arm-none-eabi-gcc.exe
2026-07-30 14:46:00,414 [INFO] STM32CubeIDEBuilder:297 - ret=C:\ST\STM32CubeIDE_1.19.0\STM32CubeIDE\plugins\com.st.stm32cube.ide.mcu.externaltools.gnu-tools-for-stm32.13.3.rel1.win32_1.0.0.202411081344\tools\bin\arm-none-eabi-gcc.exe
2026-07-30 14:46:00,414 [INFO] STM32CubeIDEBuilder:311 - returning C:\ST\STM32CubeIDE_1.19.0\STM32CubeIDE\plugins\com.st.stm32cube.ide.mcu.externaltools.gnu-tools-for-stm32.13.3.rel1.win32_1.0.0.202411081344\tools\bin\arm-none-eabi-gcc.exe
2026-07-30 14:46:00,415 [INFO] AInterface:1236 - Custom PATH variable: C:/Users/ADMIN/STM32Cube/Repository//Packs/STMicroelectronics/X-CUBE-AI/10.2.1/Utilities/windows;C:/Users/ADMIN/STM32Cube/Repository//Packs/STMicroelectronics/X-CUBE-AI/10.2.1/Utilities/windows/mingw64/bin;C:/Users/ADMIN/STM32Cube/Repository//Packs/STMicroelectronics/X-CUBE-AI/10.2.1/Utilities/windows/mingw64/libexec/gcc/x86_64-w64-mingw32/7.3.0;;C:\ST\STM32CubeIDE_1.19.0\STM32CubeIDE\plugins\com.st.stm32cube.ide.mcu.externaltools.gnu-tools-for-stm32.13.3.rel1.win32_1.0.0.202411081344\tools\bin
2026-07-30 14:46:00,418 [INFO] CmdLine:115 - Command: C:/Users/ADMIN/STM32Cube/Repository//Packs/STMicroelectronics/X-CUBE-AI/10.2.1/Utilities/windows/stedgeai.exe generate --target stm32l4 --name network -m D:/TinyML_GJ/TinyML_Workshop/ONNX/random_forest_model.onnx --compression none --verbosity 1 --workspace C:/Users/ADMIN/AppData/Local/Temp/mxAI_workspace84850092745999008882810965362137509 --output C:/Users/ADMIN/.stm32cubemx/network_output
2026-07-30 14:46:00,418 [INFO] AIModelDetailledView:2264 - Analysis status: pending
2026-07-30 14:46:01,188 [INFO] CmdLine:76 - ST Edge AI Core v2.2.0-20266 2adc00962
2026-07-30 14:46:17,291 [INFO] CmdLine:76 - Creating c (debug) info json file C:\Users\ADMIN\.stm32cubemx\network_output\network_c_info.json
2026-07-30 14:46:17,458 [INFO] CmdLine:76 -  
2026-07-30 14:46:17,458 [INFO] CmdLine:76 -  Exec/report summary (generate)
2026-07-30 14:46:17,458 [INFO] CmdLine:76 -  -------------------------------------------------------------------------------------------------------------
2026-07-30 14:46:17,458 [INFO] CmdLine:76 -  model file         :   D:\TinyML_GJ\TinyML_Workshop\ONNX\random_forest_model.onnx                            
2026-07-30 14:46:17,458 [INFO] CmdLine:76 -  type               :   onnx                                                                                  
2026-07-30 14:46:17,458 [INFO] CmdLine:76 -  c_name             :   network                                                                               
2026-07-30 14:46:17,458 [INFO] CmdLine:76 -  compression        :   none                                                                                  
2026-07-30 14:46:17,458 [INFO] CmdLine:76 -  options            :   allocate-inputs, allocate-outputs                                                     
2026-07-30 14:46:17,459 [INFO] CmdLine:76 -  optimization       :   balanced                                                                              
2026-07-30 14:46:17,459 [INFO] CmdLine:76 -  target/series      :   stm32l4                                                                               
2026-07-30 14:46:17,459 [INFO] CmdLine:76 -  workspace dir      :   C:\Users\ADMIN\AppData\Local\Temp\mxAI_workspace84850092745999008882810965362137509   
2026-07-30 14:46:17,459 [INFO] CmdLine:76 -  output dir         :   C:\Users\ADMIN\.stm32cubemx\network_output                                            
2026-07-30 14:46:17,459 [INFO] CmdLine:76 -  model_fmt          :   undefined                                                                             
2026-07-30 14:46:17,459 [INFO] CmdLine:76 -  model_name         :   random_forest_model                                                                   
2026-07-30 14:46:17,459 [INFO] CmdLine:76 -  model_hash         :   0xd29c45df724f3b36c9aa8b9f7a329e08                                                    
2026-07-30 14:46:17,459 [INFO] CmdLine:76 -  params #           :   520,842 items (1.25 MiB)                                                              
2026-07-30 14:46:17,459 [INFO] CmdLine:76 -  -------------------------------------------------------------------------------------------------------------
2026-07-30 14:46:17,459 [INFO] CmdLine:76 -  input 1/1          :   'float_input', f32(1x1x6), 24 Bytes, activations                                      
2026-07-30 14:46:17,459 [INFO] CmdLine:76 -  output 1/2         :   'label0', int32(1x1), 4 Bytes, activations                                            
2026-07-30 14:46:17,459 [INFO] CmdLine:76 -  output 2/2         :   'output_probability', f32(1x1x5x2), 40 Bytes, activations                             
2026-07-30 14:46:17,459 [INFO] CmdLine:76 -  outputs (total)    :   44 Bytes                                                                              
2026-07-30 14:46:17,459 [INFO] CmdLine:76 -  macc               :   1,311                                                                                 
2026-07-30 14:46:17,459 [INFO] CmdLine:76 -  weights (ro)       :   1,313,296 B (1.25 MiB) (1 segment) / -770,072(-37.0%) vs float model                  
2026-07-30 14:46:17,459 [INFO] CmdLine:76 -  activations (rw)   :   64 B (64 B) (1 segment) *                                                             
2026-07-30 14:46:17,459 [INFO] CmdLine:76 -  ram (total)        :   64 B (64 B) = 64 + 0 + 0                                                              
2026-07-30 14:46:17,460 [INFO] CmdLine:76 -  -------------------------------------------------------------------------------------------------------------
2026-07-30 14:46:17,460 [INFO] CmdLine:76 -  (*) 'input'/'output' buffers are allocated in the activations buffer
2026-07-30 14:46:17,517 [INFO] CmdLine:76 - Computing AI RT data/code size (target=stm32l4)..
2026-07-30 14:46:20,294 [INFO] CmdLine:76 -  Requested memory size by section - "stm32l4" target
2026-07-30 14:46:20,294 [INFO] CmdLine:76 -  ------------------------------ ------- ----------- ------- -----
2026-07-30 14:46:20,294 [INFO] CmdLine:76 -  module                            text      rodata    data   bss
2026-07-30 14:46:20,294 [INFO] CmdLine:76 -  ------------------------------ ------- ----------- ------- -----
2026-07-30 14:46:20,295 [INFO] CmdLine:76 -  NetworkRuntime1020_CM4_GCC.a     5,508           0       0     0
2026-07-30 14:46:20,295 [INFO] CmdLine:76 -  network.o                          704          16   1,768   172
2026-07-30 14:46:20,295 [INFO] CmdLine:76 -  network_data.o                      48          16      88     0
2026-07-30 14:46:20,295 [INFO] CmdLine:76 -  lib (toolchain)*                     0           0       0     0
2026-07-30 14:46:20,295 [INFO] CmdLine:76 -  ------------------------------ ------- ----------- ------- -----
2026-07-30 14:46:20,295 [INFO] CmdLine:76 -  RT total**                       6,260          32   1,856   172
2026-07-30 14:46:20,295 [INFO] CmdLine:76 -  ------------------------------ ------- ----------- ------- -----
2026-07-30 14:46:20,295 [INFO] CmdLine:76 -  weights                              0   1,313,296       0     0
2026-07-30 14:46:20,296 [INFO] CmdLine:76 -  activations                          0           0       0    64
2026-07-30 14:46:20,296 [INFO] CmdLine:76 -  io                                   0           0       0     0
2026-07-30 14:46:20,296 [INFO] CmdLine:76 -  ------------------------------ ------- ----------- ------- -----
2026-07-30 14:46:20,296 [INFO] CmdLine:76 -  TOTAL                            6,260   1,313,328   1,856   236
2026-07-30 14:46:20,296 [INFO] CmdLine:76 -  ------------------------------ ------- ----------- ------- -----
2026-07-30 14:46:20,296 [INFO] CmdLine:76 -  *  toolchain objects (libm/libgcc*)
2026-07-30 14:46:20,296 [INFO] CmdLine:76 -  ** RT AI runtime objects (kernels+infrastructure)
2026-07-30 14:46:20,296 [INFO] CmdLine:76 -   Summary - "stm32l4" target
2026-07-30 14:46:20,296 [INFO] CmdLine:76 -   --------------------------------------------------
2026-07-30 14:46:20,296 [INFO] CmdLine:76 -                FLASH (ro)     %*   RAM (rw)       %
2026-07-30 14:46:20,297 [INFO] CmdLine:76 -   --------------------------------------------------
2026-07-30 14:46:20,297 [INFO] CmdLine:76 -   RT total          8,148   0.6%      2,028   96.9%
2026-07-30 14:46:20,297 [INFO] CmdLine:76 -   --------------------------------------------------
2026-07-30 14:46:20,297 [INFO] CmdLine:76 -   TOTAL         1,321,444             2,092
2026-07-30 14:46:20,297 [INFO] CmdLine:76 -   --------------------------------------------------
2026-07-30 14:46:20,297 [INFO] CmdLine:76 -   *  rt/total
2026-07-30 14:46:20,297 [INFO] CmdLine:76 -  Generated files (7)
2026-07-30 14:46:20,298 [INFO] CmdLine:76 -  ------------------------------------------------------------------
2026-07-30 14:46:20,298 [INFO] CmdLine:76 -  C:\Users\ADMIN\.stm32cubemx\network_output\network_data_params.h
2026-07-30 14:46:20,298 [INFO] CmdLine:76 -  C:\Users\ADMIN\.stm32cubemx\network_output\network_data_params.c
2026-07-30 14:46:20,298 [INFO] CmdLine:76 -  C:\Users\ADMIN\.stm32cubemx\network_output\network_data.h
2026-07-30 14:46:20,298 [INFO] CmdLine:76 -  C:\Users\ADMIN\.stm32cubemx\network_output\network_data.c
2026-07-30 14:46:20,298 [INFO] CmdLine:76 -  C:\Users\ADMIN\.stm32cubemx\network_output\network_config.h
2026-07-30 14:46:20,298 [INFO] CmdLine:76 -  C:\Users\ADMIN\.stm32cubemx\network_output\network.h
2026-07-30 14:46:20,298 [INFO] CmdLine:76 -  C:\Users\ADMIN\.stm32cubemx\network_output\network.c
2026-07-30 14:46:20,299 [INFO] CmdLine:76 - Creating txt report file C:\Users\ADMIN\.stm32cubemx\network_output\network_generate_report.txt
2026-07-30 14:46:28,591 [INFO] CmdLine:76 - elapsed time (generate): 27.402s
2026-07-30 14:46:29,205 [INFO] CmdLine:148 - stedgeai exit with status: 0
2026-07-30 14:46:29,354 [INFO] AIModelDetailledView:2264 - Analysis status: done
2026-07-30 14:46:29,840 [INFO] ProjectBuilder:3606 - Time for Copy HAL[1] : 192mS.
2026-07-30 14:46:29,840 [ERROR] Middleware:2950 - Invalid RefComponent list
2026-07-30 14:46:29,841 [ERROR] Middleware:2950 - Invalid RefComponent list
2026-07-30 14:46:29,841 [ERROR] Middleware:2950 - Invalid RefComponent list
2026-07-30 14:46:29,841 [ERROR] Middleware:2950 - Invalid RefComponent list
2026-07-30 14:46:29,841 [ERROR] Middleware:2950 - Invalid RefComponent list
2026-07-30 14:46:29,841 [ERROR] Middleware:2950 - Invalid RefComponent list
2026-07-30 14:46:29,841 [ERROR] Middleware:2950 - Invalid RefComponent list
2026-07-30 14:46:29,841 [ERROR] Middleware:2950 - Invalid RefComponent list
2026-07-30 14:46:29,841 [ERROR] Middleware:2950 - Invalid RefComponent list
2026-07-30 14:46:29,841 [ERROR] Middleware:2950 - Invalid RefComponent list
2026-07-30 14:46:29,841 [ERROR] Middleware:2950 - Invalid RefComponent list
2026-07-30 14:46:29,841 [ERROR] Middleware:2950 - Invalid RefComponent list
2026-07-30 14:46:29,841 [ERROR] Middleware:2950 - Invalid RefComponent list
2026-07-30 14:46:29,841 [ERROR] Middleware:2950 - Invalid RefComponent list
2026-07-30 14:46:29,841 [ERROR] Middleware:2950 - Invalid RefComponent list
2026-07-30 14:46:29,841 [ERROR] Middleware:2950 - Invalid RefComponent list
2026-07-30 14:46:29,841 [ERROR] Middleware:2950 - Invalid RefComponent list
2026-07-30 14:46:29,841 [ERROR] Middleware:2950 - Invalid RefComponent list
2026-07-30 14:46:29,841 [ERROR] Middleware:2950 - Invalid RefComponent list
2026-07-30 14:46:29,841 [ERROR] Middleware:2950 - Invalid RefComponent list
2026-07-30 14:46:29,841 [ERROR] Middleware:2950 - Invalid RefComponent list
2026-07-30 14:46:29,841 [ERROR] Middleware:2950 - Invalid RefComponent list
2026-07-30 14:46:29,841 [ERROR] Middleware:2950 - Invalid RefComponent list
2026-07-30 14:46:29,841 [ERROR] Middleware:2950 - Invalid RefComponent list
2026-07-30 14:46:29,841 [ERROR] Middleware:2950 - Invalid RefComponent list
2026-07-30 14:46:29,841 [ERROR] Middleware:2950 - Invalid RefComponent list
2026-07-30 14:46:29,841 [ERROR] Middleware:2950 - Invalid RefComponent list
2026-07-30 14:46:29,841 [ERROR] Middleware:2950 - Invalid RefComponent list
2026-07-30 14:46:29,841 [ERROR] Middleware:2950 - Invalid RefComponent list
2026-07-30 14:46:29,841 [ERROR] Middleware:2950 - Invalid RefComponent list
2026-07-30 14:46:29,842 [ERROR] Middleware:2950 - Invalid RefComponent list
2026-07-30 14:46:29,842 [ERROR] Middleware:2950 - Invalid RefComponent list
2026-07-30 14:46:29,842 [ERROR] Middleware:2950 - Invalid RefComponent list
2026-07-30 14:46:29,842 [ERROR] Middleware:2950 - Invalid RefComponent list
2026-07-30 14:46:29,842 [ERROR] Middleware:2950 - Invalid RefComponent list
2026-07-30 14:46:29,842 [ERROR] Middleware:2950 - Invalid RefComponent list
2026-07-30 14:46:29,842 [ERROR] Middleware:2950 - Invalid RefComponent list
2026-07-30 14:46:29,842 [ERROR] Middleware:2950 - Invalid RefComponent list
2026-07-30 14:46:29,842 [ERROR] Middleware:2950 - Invalid RefComponent list
2026-07-30 14:46:29,842 [ERROR] Middleware:2950 - Invalid RefComponent list
2026-07-30 14:46:29,842 [ERROR] Middleware:2950 - Invalid RefComponent list
2026-07-30 14:46:29,842 [ERROR] Middleware:2950 - Invalid RefComponent list
2026-07-30 14:46:29,842 [ERROR] Middleware:2950 - Invalid RefComponent list
2026-07-30 14:46:29,842 [ERROR] Middleware:2950 - Invalid RefComponent list
2026-07-30 14:46:29,842 [ERROR] Middleware:2950 - Invalid RefComponent list
2026-07-30 14:46:29,842 [ERROR] Middleware:2950 - Invalid RefComponent list
2026-07-30 14:46:29,842 [ERROR] Middleware:2950 - Invalid RefComponent list
2026-07-30 14:46:29,842 [ERROR] Middleware:2950 - Invalid RefComponent list
2026-07-30 14:46:29,842 [ERROR] Middleware:2950 - Invalid RefComponent list
2026-07-30 14:46:29,842 [ERROR] Middleware:2950 - Invalid RefComponent list
2026-07-30 14:46:29,845 [INFO] ProjectBuilder:5216 - Project Generator version: 4.7.0-B52
2026-07-30 14:46:29,931 [INFO] ConfigFileManager:1595 - The Die is : DIE470
2026-07-30 14:46:30,813 [INFO] ProjectBuilder:5496 - Time for Generating toolchain IDE Files: 967mS.
2026-07-30 14:46:30,814 [INFO] ProjectBuilder:3463 - Time for Copy CMSIS : 1mS.
2026-07-30 14:46:30,817 [INFO] ProjectBuilder:3463 - Time for Copy CMSIS : 0mS.
2026-07-30 14:51:27,702 [INFO] UtilMem:75 - End SaveConfig() Used Memory: 977094016 Bytes (1073741824)
2026-07-30 14:51:29,119 [INFO] UtilMem:75 - End SaveConfig() Used Memory: 895176968 Bytes (1073741824)
2026-07-30 14:51:29,324 [INFO] UtilMem:75 - End SaveConfig() Used Memory: 984305928 Bytes (1073741824)
2026-07-30 14:51:29,522 [INFO] BlockDiagram:2775 - set Specific Code input for plugin: SYS
2026-07-30 14:51:29,523 [INFO] BlockDiagram:2775 - set Specific Code input for plugin: RCC
2026-07-30 14:51:29,523 [INFO] BlockDiagram:2775 - set Specific Code input for plugin: I2C
2026-07-30 14:51:29,523 [INFO] BlockDiagram:2775 - set Specific Code input for plugin: NVIC
2026-07-30 14:51:29,523 [INFO] BlockDiagram:2775 - set Specific Code input for plugin: USART
2026-07-30 14:51:29,523 [INFO] BlockDiagram:2775 - set Specific Code input for plugin: STMicroelectronics.X-CUBE-AI.10.2.1
2026-07-30 14:51:29,524 [INFO] BlockDiagram:2775 - set Specific Code input for plugin: GPIO
2026-07-30 14:51:29,526 [INFO] CodeGenerator:892 - code generatio: config db path: C:\ST\STM32CubeIDE_1.19.0\STM32CubeIDE\plugins\com.st.stm32cube.common.mx_6.15.0.202507011659\\db\
2026-07-30 14:51:29,613 [INFO] IP:3329 - RTE Config file name : RTE_Component
2026-07-30 14:51:29,613 [INFO] IP:3347 - RTE template : RTE_Components.ftl
2026-07-30 14:51:29,623 [INFO] CodeEngine:265 - oldGeneratedFile, D:\TinyML_GJ\TinyML_Workshop\STM32\Interface_OnBoard_IMU\MXTmpFiles\license.tmp_save
2026-07-30 14:51:29,811 [INFO] CodeEngine:289 - Generated code: D:\TinyML_GJ\TinyML_Workshop\STM32\Interface_OnBoard_IMU\MXTmpFiles\license.tmp
2026-07-30 14:51:29,925 [INFO] CodeEngine:265 - oldGeneratedFile, D:\TinyML_GJ\TinyML_Workshop\STM32\Interface_OnBoard_IMU\MXTmpFiles\gpio.tmp_save
2026-07-30 14:51:30,098 [INFO] CodeEngine:289 - Generated code: D:\TinyML_GJ\TinyML_Workshop\STM32\Interface_OnBoard_IMU\MXTmpFiles\gpio.tmp
2026-07-30 14:51:30,175 [INFO] Middleware:1452 - No code input for Bsp Dependency
2026-07-30 14:51:30,177 [INFO] Middleware:1452 - No code input for Bsp Dependency
2026-07-30 14:51:30,188 [INFO] CodeEngine:265 - oldGeneratedFile, D:\TinyML_GJ\TinyML_Workshop\STM32\Interface_OnBoard_IMU\Core\Src\stm32l4xx_it.c_save
2026-07-30 14:51:30,468 [INFO] CodeEngine:289 - Generated code: D:\TinyML_GJ\TinyML_Workshop\STM32\Interface_OnBoard_IMU\Core\Src\stm32l4xx_it.c
2026-07-30 14:51:30,475 [INFO] CodeEngine:265 - oldGeneratedFile, D:\TinyML_GJ\TinyML_Workshop\STM32\Interface_OnBoard_IMU\Core\Inc\stm32l4xx_it.h_save
2026-07-30 14:51:30,548 [INFO] CodeEngine:289 - Generated code: D:\TinyML_GJ\TinyML_Workshop\STM32\Interface_OnBoard_IMU\Core\Inc\stm32l4xx_it.h
2026-07-30 14:51:30,562 [INFO] CodeEngine:265 - oldGeneratedFile, D:\TinyML_GJ\TinyML_Workshop\STM32\Interface_OnBoard_IMU\Core\Src\stm32l4xx_hal_msp.c_save
2026-07-30 14:51:30,778 [INFO] CodeEngine:289 - Generated code: D:\TinyML_GJ\TinyML_Workshop\STM32\Interface_OnBoard_IMU\Core\Src\stm32l4xx_hal_msp.c
2026-07-30 14:51:30,783 [INFO] CodeEngine:265 - oldGeneratedFile, D:\TinyML_GJ\TinyML_Workshop\STM32\Interface_OnBoard_IMU\MXTmpFiles\system.tmp_save
2026-07-30 14:51:30,862 [INFO] CodeEngine:289 - Generated code: D:\TinyML_GJ\TinyML_Workshop\STM32\Interface_OnBoard_IMU\MXTmpFiles\system.tmp
2026-07-30 14:51:30,877 [INFO] CodeEngine:321 - oldGeneratedFile, D:\TinyML_GJ\TinyML_Workshop\STM32\Interface_OnBoard_IMU\Core\Inc\stm32l4xx_hal_conf.h_save
2026-07-30 14:51:31,101 [INFO] CodeEngine:345 - Generated code: D:\TinyML_GJ\TinyML_Workshop\STM32\Interface_OnBoard_IMU\Core\Inc\stm32l4xx_hal_conf.h
2026-07-30 14:51:31,141 [INFO] CodeEngine:265 - oldGeneratedFile, D:\TinyML_GJ\TinyML_Workshop\STM32\Interface_OnBoard_IMU\Core\Inc\main.h_save
2026-07-30 14:51:31,333 [INFO] CodeEngine:289 - Generated code: D:\TinyML_GJ\TinyML_Workshop\STM32\Interface_OnBoard_IMU\Core\Inc\main.h
2026-07-30 14:51:31,340 [INFO] CodeEngine:265 - oldGeneratedFile, D:\TinyML_GJ\TinyML_Workshop\STM32\Interface_OnBoard_IMU\Core\Src\main.c_save
2026-07-30 14:51:31,524 [INFO] CodeEngine:289 - Generated code: D:\TinyML_GJ\TinyML_Workshop\STM32\Interface_OnBoard_IMU\Core\Src\main.c
2026-07-30 14:51:31,902 [INFO] AInterface:322 - ModelName:network; files:[D:\TinyML_GJ\TinyML_Workshop\ONNX\random_forest_model.onnx]; type:ONNX; compression:None
2026-07-30 14:51:31,903 [INFO] AInterface:526 - workspaceTempDir: C:/Users/ADMIN/AppData/Local/Temp/mxAI_workspace84853407699289992654550163508205666
2026-07-30 14:51:31,903 [INFO] AInterface:1179 - Setting Env: C:/Users/ADMIN/STM32Cube/Repository//Packs/STMicroelectronics/X-CUBE-AI/10.2.1/Utilities/windows
2026-07-30 14:51:31,908 [INFO] STM32CubeIDEBuilder:265 - Looking for gnu-tools-for-stm32 tools/bin/arm-none-eabi-gcc.exe in C:\ST\STM32CubeIDE_1.19.0\STM32CubeIDE
2026-07-30 14:51:31,910 [INFO] STM32CubeIDEBuilder:294 - checking C:\ST\STM32CubeIDE_1.19.0\STM32CubeIDE\plugins\com.st.stm32cube.ide.mcu.externaltools.gnu-tools-for-stm32.13.3.rel1.win32_1.0.0.202411081344\tools\bin\arm-none-eabi-gcc.exe
2026-07-30 14:51:31,911 [INFO] STM32CubeIDEBuilder:297 - ret=C:\ST\STM32CubeIDE_1.19.0\STM32CubeIDE\plugins\com.st.stm32cube.ide.mcu.externaltools.gnu-tools-for-stm32.13.3.rel1.win32_1.0.0.202411081344\tools\bin\arm-none-eabi-gcc.exe
2026-07-30 14:51:31,911 [INFO] STM32CubeIDEBuilder:311 - returning C:\ST\STM32CubeIDE_1.19.0\STM32CubeIDE\plugins\com.st.stm32cube.ide.mcu.externaltools.gnu-tools-for-stm32.13.3.rel1.win32_1.0.0.202411081344\tools\bin\arm-none-eabi-gcc.exe
2026-07-30 14:51:31,912 [INFO] AInterface:1236 - Custom PATH variable: C:/Users/ADMIN/STM32Cube/Repository//Packs/STMicroelectronics/X-CUBE-AI/10.2.1/Utilities/windows;C:/Users/ADMIN/STM32Cube/Repository//Packs/STMicroelectronics/X-CUBE-AI/10.2.1/Utilities/windows/mingw64/bin;C:/Users/ADMIN/STM32Cube/Repository//Packs/STMicroelectronics/X-CUBE-AI/10.2.1/Utilities/windows/mingw64/libexec/gcc/x86_64-w64-mingw32/7.3.0;;C:\ST\STM32CubeIDE_1.19.0\STM32CubeIDE\plugins\com.st.stm32cube.ide.mcu.externaltools.gnu-tools-for-stm32.13.3.rel1.win32_1.0.0.202411081344\tools\bin
2026-07-30 14:51:31,914 [INFO] CmdLine:115 - Command: C:/Users/ADMIN/STM32Cube/Repository//Packs/STMicroelectronics/X-CUBE-AI/10.2.1/Utilities/windows/stedgeai.exe generate --target stm32l4 --name network -m D:/TinyML_GJ/TinyML_Workshop/ONNX/random_forest_model.onnx --compression none --verbosity 1 --workspace C:/Users/ADMIN/AppData/Local/Temp/mxAI_workspace84853407699289992654550163508205666 --output C:/Users/ADMIN/.stm32cubemx/network_output
2026-07-30 14:51:31,914 [INFO] AIModelDetailledView:2264 - Analysis status: pending
2026-07-30 14:51:32,686 [INFO] CmdLine:76 - ST Edge AI Core v2.2.0-20266 2adc00962
2026-07-30 14:51:48,975 [INFO] CmdLine:76 - Creating c (debug) info json file C:\Users\ADMIN\.stm32cubemx\network_output\network_c_info.json
2026-07-30 14:51:49,160 [INFO] CmdLine:76 -  
2026-07-30 14:51:49,161 [INFO] CmdLine:76 -  Exec/report summary (generate)
2026-07-30 14:51:49,161 [INFO] CmdLine:76 -  -------------------------------------------------------------------------------------------------------------
2026-07-30 14:51:49,161 [INFO] CmdLine:76 -  model file         :   D:\TinyML_GJ\TinyML_Workshop\ONNX\random_forest_model.onnx                            
2026-07-30 14:51:49,161 [INFO] CmdLine:76 -  type               :   onnx                                                                                  
2026-07-30 14:51:49,161 [INFO] CmdLine:76 -  c_name             :   network                                                                               
2026-07-30 14:51:49,161 [INFO] CmdLine:76 -  compression        :   none                                                                                  
2026-07-30 14:51:49,161 [INFO] CmdLine:76 -  options            :   allocate-inputs, allocate-outputs                                                     
2026-07-30 14:51:49,161 [INFO] CmdLine:76 -  optimization       :   balanced                                                                              
2026-07-30 14:51:49,161 [INFO] CmdLine:76 -  target/series      :   stm32l4                                                                               
2026-07-30 14:51:49,161 [INFO] CmdLine:76 -  workspace dir      :   C:\Users\ADMIN\AppData\Local\Temp\mxAI_workspace84853407699289992654550163508205666   
2026-07-30 14:51:49,161 [INFO] CmdLine:76 -  output dir         :   C:\Users\ADMIN\.stm32cubemx\network_output                                            
2026-07-30 14:51:49,161 [INFO] CmdLine:76 -  model_fmt          :   undefined                                                                             
2026-07-30 14:51:49,161 [INFO] CmdLine:76 -  model_name         :   random_forest_model                                                                   
2026-07-30 14:51:49,161 [INFO] CmdLine:76 -  model_hash         :   0xd29c45df724f3b36c9aa8b9f7a329e08                                                    
2026-07-30 14:51:49,162 [INFO] CmdLine:76 -  params #           :   520,842 items (1.25 MiB)                                                              
2026-07-30 14:51:49,162 [INFO] CmdLine:76 -  -------------------------------------------------------------------------------------------------------------
2026-07-30 14:51:49,162 [INFO] CmdLine:76 -  input 1/1          :   'float_input', f32(1x1x6), 24 Bytes, activations                                      
2026-07-30 14:51:49,162 [INFO] CmdLine:76 -  output 1/2         :   'label0', int32(1x1), 4 Bytes, activations                                            
2026-07-30 14:51:49,162 [INFO] CmdLine:76 -  output 2/2         :   'output_probability', f32(1x1x5x2), 40 Bytes, activations                             
2026-07-30 14:51:49,162 [INFO] CmdLine:76 -  outputs (total)    :   44 Bytes                                                                              
2026-07-30 14:51:49,162 [INFO] CmdLine:76 -  macc               :   1,311                                                                                 
2026-07-30 14:51:49,162 [INFO] CmdLine:76 -  weights (ro)       :   1,313,296 B (1.25 MiB) (1 segment) / -770,072(-37.0%) vs float model                  
2026-07-30 14:51:49,162 [INFO] CmdLine:76 -  activations (rw)   :   64 B (64 B) (1 segment) *                                                             
2026-07-30 14:51:49,162 [INFO] CmdLine:76 -  ram (total)        :   64 B (64 B) = 64 + 0 + 0                                                              
2026-07-30 14:51:49,162 [INFO] CmdLine:76 -  -------------------------------------------------------------------------------------------------------------
2026-07-30 14:51:49,162 [INFO] CmdLine:76 -  (*) 'input'/'output' buffers are allocated in the activations buffer
2026-07-30 14:51:49,225 [INFO] CmdLine:76 - Computing AI RT data/code size (target=stm32l4)..
2026-07-30 14:51:52,121 [INFO] CmdLine:76 -  Requested memory size by section - "stm32l4" target
2026-07-30 14:51:52,121 [INFO] CmdLine:76 -  ------------------------------ ------- ----------- ------- -----
2026-07-30 14:51:52,121 [INFO] CmdLine:76 -  module                            text      rodata    data   bss
2026-07-30 14:51:52,121 [INFO] CmdLine:76 -  ------------------------------ ------- ----------- ------- -----
2026-07-30 14:51:52,122 [INFO] CmdLine:76 -  NetworkRuntime1020_CM4_GCC.a     5,508           0       0     0
2026-07-30 14:51:52,122 [INFO] CmdLine:76 -  network.o                          704          16   1,768   172
2026-07-30 14:51:52,122 [INFO] CmdLine:76 -  network_data.o                      48          16      88     0
2026-07-30 14:51:52,122 [INFO] CmdLine:76 -  lib (toolchain)*                     0           0       0     0
2026-07-30 14:51:52,122 [INFO] CmdLine:76 -  ------------------------------ ------- ----------- ------- -----
2026-07-30 14:51:52,122 [INFO] CmdLine:76 -  RT total**                       6,260          32   1,856   172
2026-07-30 14:51:52,122 [INFO] CmdLine:76 -  ------------------------------ ------- ----------- ------- -----
2026-07-30 14:51:52,122 [INFO] CmdLine:76 -  weights                              0   1,313,296       0     0
2026-07-30 14:51:52,122 [INFO] CmdLine:76 -  activations                          0           0       0    64
2026-07-30 14:51:52,123 [INFO] CmdLine:76 -  io                                   0           0       0     0
2026-07-30 14:51:52,123 [INFO] CmdLine:76 -  ------------------------------ ------- ----------- ------- -----
2026-07-30 14:51:52,123 [INFO] CmdLine:76 -  TOTAL                            6,260   1,313,328   1,856   236
2026-07-30 14:51:52,123 [INFO] CmdLine:76 -  ------------------------------ ------- ----------- ------- -----
2026-07-30 14:51:52,123 [INFO] CmdLine:76 -  *  toolchain objects (libm/libgcc*)
2026-07-30 14:51:52,123 [INFO] CmdLine:76 -  ** RT AI runtime objects (kernels+infrastructure)
2026-07-30 14:51:52,123 [INFO] CmdLine:76 -   Summary - "stm32l4" target
2026-07-30 14:51:52,123 [INFO] CmdLine:76 -   --------------------------------------------------
2026-07-30 14:51:52,123 [INFO] CmdLine:76 -                FLASH (ro)     %*   RAM (rw)       %
2026-07-30 14:51:52,123 [INFO] CmdLine:76 -   --------------------------------------------------
2026-07-30 14:51:52,124 [INFO] CmdLine:76 -   RT total          8,148   0.6%      2,028   96.9%
2026-07-30 14:51:52,124 [INFO] CmdLine:76 -   --------------------------------------------------
2026-07-30 14:51:52,124 [INFO] CmdLine:76 -   TOTAL         1,321,444             2,092
2026-07-30 14:51:52,124 [INFO] CmdLine:76 -   --------------------------------------------------
2026-07-30 14:51:52,124 [INFO] CmdLine:76 -   *  rt/total
2026-07-30 14:51:52,124 [INFO] CmdLine:76 -  Generated files (7)
2026-07-30 14:51:52,125 [INFO] CmdLine:76 -  ------------------------------------------------------------------
2026-07-30 14:51:52,125 [INFO] CmdLine:76 -  C:\Users\ADMIN\.stm32cubemx\network_output\network_data_params.h
2026-07-30 14:51:52,125 [INFO] CmdLine:76 -  C:\Users\ADMIN\.stm32cubemx\network_output\network_data_params.c
2026-07-30 14:51:52,125 [INFO] CmdLine:76 -  C:\Users\ADMIN\.stm32cubemx\network_output\network_data.h
2026-07-30 14:51:52,125 [INFO] CmdLine:76 -  C:\Users\ADMIN\.stm32cubemx\network_output\network_data.c
2026-07-30 14:51:52,125 [INFO] CmdLine:76 -  C:\Users\ADMIN\.stm32cubemx\network_output\network_config.h
2026-07-30 14:51:52,125 [INFO] CmdLine:76 -  C:\Users\ADMIN\.stm32cubemx\network_output\network.h
2026-07-30 14:51:52,125 [INFO] CmdLine:76 -  C:\Users\ADMIN\.stm32cubemx\network_output\network.c
2026-07-30 14:51:52,126 [INFO] CmdLine:76 - Creating txt report file C:\Users\ADMIN\.stm32cubemx\network_output\network_generate_report.txt
2026-07-30 14:51:58,951 [INFO] CmdLine:76 - elapsed time (generate): 26.266s
2026-07-30 14:51:59,597 [INFO] CmdLine:148 - stedgeai exit with status: 0
2026-07-30 14:51:59,759 [INFO] AIModelDetailledView:2264 - Analysis status: done
2026-07-30 14:52:00,276 [INFO] ProjectBuilder:3606 - Time for Copy HAL[1] : 214mS.
2026-07-30 14:52:00,276 [ERROR] Middleware:2950 - Invalid RefComponent list
2026-07-30 14:52:00,276 [ERROR] Middleware:2950 - Invalid RefComponent list
2026-07-30 14:52:00,276 [ERROR] Middleware:2950 - Invalid RefComponent list
2026-07-30 14:52:00,276 [ERROR] Middleware:2950 - Invalid RefComponent list
2026-07-30 14:52:00,276 [ERROR] Middleware:2950 - Invalid RefComponent list
2026-07-30 14:52:00,276 [ERROR] Middleware:2950 - Invalid RefComponent list
2026-07-30 14:52:00,276 [ERROR] Middleware:2950 - Invalid RefComponent list
2026-07-30 14:52:00,276 [ERROR] Middleware:2950 - Invalid RefComponent list
2026-07-30 14:52:00,276 [ERROR] Middleware:2950 - Invalid RefComponent list
2026-07-30 14:52:00,276 [ERROR] Middleware:2950 - Invalid RefComponent list
2026-07-30 14:52:00,276 [ERROR] Middleware:2950 - Invalid RefComponent list
2026-07-30 14:52:00,276 [ERROR] Middleware:2950 - Invalid RefComponent list
2026-07-30 14:52:00,276 [ERROR] Middleware:2950 - Invalid RefComponent list
2026-07-30 14:52:00,276 [ERROR] Middleware:2950 - Invalid RefComponent list
2026-07-30 14:52:00,276 [ERROR] Middleware:2950 - Invalid RefComponent list
2026-07-30 14:52:00,276 [ERROR] Middleware:2950 - Invalid RefComponent list
2026-07-30 14:52:00,276 [ERROR] Middleware:2950 - Invalid RefComponent list
2026-07-30 14:52:00,276 [ERROR] Middleware:2950 - Invalid RefComponent list
2026-07-30 14:52:00,276 [ERROR] Middleware:2950 - Invalid RefComponent list
2026-07-30 14:52:00,277 [ERROR] Middleware:2950 - Invalid RefComponent list
2026-07-30 14:52:00,277 [ERROR] Middleware:2950 - Invalid RefComponent list
2026-07-30 14:52:00,277 [ERROR] Middleware:2950 - Invalid RefComponent list
2026-07-30 14:52:00,277 [ERROR] Middleware:2950 - Invalid RefComponent list
2026-07-30 14:52:00,277 [ERROR] Middleware:2950 - Invalid RefComponent list
2026-07-30 14:52:00,277 [ERROR] Middleware:2950 - Invalid RefComponent list
2026-07-30 14:52:00,277 [ERROR] Middleware:2950 - Invalid RefComponent list
2026-07-30 14:52:00,277 [ERROR] Middleware:2950 - Invalid RefComponent list
2026-07-30 14:52:00,277 [ERROR] Middleware:2950 - Invalid RefComponent list
2026-07-30 14:52:00,277 [ERROR] Middleware:2950 - Invalid RefComponent list
2026-07-30 14:52:00,277 [ERROR] Middleware:2950 - Invalid RefComponent list
2026-07-30 14:52:00,277 [ERROR] Middleware:2950 - Invalid RefComponent list
2026-07-30 14:52:00,277 [ERROR] Middleware:2950 - Invalid RefComponent list
2026-07-30 14:52:00,277 [ERROR] Middleware:2950 - Invalid RefComponent list
2026-07-30 14:52:00,277 [ERROR] Middleware:2950 - Invalid RefComponent list
2026-07-30 14:52:00,277 [ERROR] Middleware:2950 - Invalid RefComponent list
2026-07-30 14:52:00,277 [ERROR] Middleware:2950 - Invalid RefComponent list
2026-07-30 14:52:00,277 [ERROR] Middleware:2950 - Invalid RefComponent list
2026-07-30 14:52:00,277 [ERROR] Middleware:2950 - Invalid RefComponent list
2026-07-30 14:52:00,277 [ERROR] Middleware:2950 - Invalid RefComponent list
2026-07-30 14:52:00,277 [ERROR] Middleware:2950 - Invalid RefComponent list
2026-07-30 14:52:00,277 [ERROR] Middleware:2950 - Invalid RefComponent list
2026-07-30 14:52:00,277 [ERROR] Middleware:2950 - Invalid RefComponent list
2026-07-30 14:52:00,277 [ERROR] Middleware:2950 - Invalid RefComponent list
2026-07-30 14:52:00,277 [ERROR] Middleware:2950 - Invalid RefComponent list
2026-07-30 14:52:00,277 [ERROR] Middleware:2950 - Invalid RefComponent list
2026-07-30 14:52:00,277 [ERROR] Middleware:2950 - Invalid RefComponent list
2026-07-30 14:52:00,277 [ERROR] Middleware:2950 - Invalid RefComponent list
2026-07-30 14:52:00,277 [ERROR] Middleware:2950 - Invalid RefComponent list
2026-07-30 14:52:00,277 [ERROR] Middleware:2950 - Invalid RefComponent list
2026-07-30 14:52:00,277 [ERROR] Middleware:2950 - Invalid RefComponent list
2026-07-30 14:52:00,281 [INFO] ProjectBuilder:5216 - Project Generator version: 4.7.0-B52
2026-07-30 14:52:00,367 [INFO] ConfigFileManager:1595 - The Die is : DIE470
2026-07-30 14:52:01,393 [INFO] ProjectBuilder:5496 - Time for Generating toolchain IDE Files: 1113mS.
2026-07-30 14:52:01,394 [INFO] ProjectBuilder:3463 - Time for Copy CMSIS : 1mS.
2026-07-30 14:52:01,399 [INFO] ProjectBuilder:3463 - Time for Copy CMSIS : 0mS.
2026-07-30 14:52:01,724 [INFO] UtilMem:75 - End SaveConfig() Used Memory: 926071352 Bytes (1073741824)
2026-07-30 14:52:04,188 [INFO] UtilMem:75 - End SaveConfig() Used Memory: 937246848 Bytes (1073741824)
2026-07-30 14:52:04,367 [INFO] UtilMem:75 - End SaveConfig() Used Memory: 978663552 Bytes (1073741824)
2026-07-30 14:52:04,575 [INFO] BlockDiagram:2775 - set Specific Code input for plugin: SYS
2026-07-30 14:52:04,576 [INFO] BlockDiagram:2775 - set Specific Code input for plugin: RCC
2026-07-30 14:52:04,576 [INFO] BlockDiagram:2775 - set Specific Code input for plugin: I2C
2026-07-30 14:52:04,576 [INFO] BlockDiagram:2775 - set Specific Code input for plugin: NVIC
2026-07-30 14:52:04,576 [INFO] BlockDiagram:2775 - set Specific Code input for plugin: USART
2026-07-30 14:52:04,576 [INFO] BlockDiagram:2775 - set Specific Code input for plugin: STMicroelectronics.X-CUBE-AI.10.2.1
2026-07-30 14:52:04,576 [INFO] BlockDiagram:2775 - set Specific Code input for plugin: GPIO
2026-07-30 14:52:04,578 [INFO] CodeGenerator:892 - code generatio: config db path: C:\ST\STM32CubeIDE_1.19.0\STM32CubeIDE\plugins\com.st.stm32cube.common.mx_6.15.0.202507011659\\db\
2026-07-30 14:52:04,682 [INFO] IP:3329 - RTE Config file name : RTE_Component
2026-07-30 14:52:04,682 [INFO] IP:3347 - RTE template : RTE_Components.ftl
2026-07-30 14:52:04,693 [INFO] CodeEngine:265 - oldGeneratedFile, D:\TinyML_GJ\TinyML_Workshop\STM32\Interface_OnBoard_IMU\MXTmpFiles\license.tmp_save
2026-07-30 14:52:04,851 [INFO] CodeEngine:289 - Generated code: D:\TinyML_GJ\TinyML_Workshop\STM32\Interface_OnBoard_IMU\MXTmpFiles\license.tmp
2026-07-30 14:52:04,875 [INFO] CodeEngine:265 - oldGeneratedFile, D:\TinyML_GJ\TinyML_Workshop\STM32\Interface_OnBoard_IMU\MXTmpFiles\gpio.tmp_save
2026-07-30 14:52:05,062 [INFO] CodeEngine:289 - Generated code: D:\TinyML_GJ\TinyML_Workshop\STM32\Interface_OnBoard_IMU\MXTmpFiles\gpio.tmp
2026-07-30 14:52:05,136 [INFO] Middleware:1452 - No code input for Bsp Dependency
2026-07-30 14:52:05,138 [INFO] Middleware:1452 - No code input for Bsp Dependency
2026-07-30 14:52:05,151 [INFO] CodeEngine:265 - oldGeneratedFile, D:\TinyML_GJ\TinyML_Workshop\STM32\Interface_OnBoard_IMU\Core\Src\stm32l4xx_it.c_save
2026-07-30 14:52:05,307 [INFO] CodeEngine:289 - Generated code: D:\TinyML_GJ\TinyML_Workshop\STM32\Interface_OnBoard_IMU\Core\Src\stm32l4xx_it.c
2026-07-30 14:52:05,313 [INFO] CodeEngine:265 - oldGeneratedFile, D:\TinyML_GJ\TinyML_Workshop\STM32\Interface_OnBoard_IMU\Core\Inc\stm32l4xx_it.h_save
2026-07-30 14:52:05,386 [INFO] CodeEngine:289 - Generated code: D:\TinyML_GJ\TinyML_Workshop\STM32\Interface_OnBoard_IMU\Core\Inc\stm32l4xx_it.h
2026-07-30 14:52:05,400 [INFO] CodeEngine:265 - oldGeneratedFile, D:\TinyML_GJ\TinyML_Workshop\STM32\Interface_OnBoard_IMU\Core\Src\stm32l4xx_hal_msp.c_save
2026-07-30 14:52:05,582 [INFO] CodeEngine:289 - Generated code: D:\TinyML_GJ\TinyML_Workshop\STM32\Interface_OnBoard_IMU\Core\Src\stm32l4xx_hal_msp.c
2026-07-30 14:52:05,586 [INFO] CodeEngine:265 - oldGeneratedFile, D:\TinyML_GJ\TinyML_Workshop\STM32\Interface_OnBoard_IMU\MXTmpFiles\system.tmp_save
2026-07-30 14:52:05,663 [INFO] CodeEngine:289 - Generated code: D:\TinyML_GJ\TinyML_Workshop\STM32\Interface_OnBoard_IMU\MXTmpFiles\system.tmp
2026-07-30 14:52:05,677 [INFO] CodeEngine:321 - oldGeneratedFile, D:\TinyML_GJ\TinyML_Workshop\STM32\Interface_OnBoard_IMU\Core\Inc\stm32l4xx_hal_conf.h_save
2026-07-30 14:52:05,889 [INFO] CodeEngine:345 - Generated code: D:\TinyML_GJ\TinyML_Workshop\STM32\Interface_OnBoard_IMU\Core\Inc\stm32l4xx_hal_conf.h
2026-07-30 14:52:05,924 [INFO] CodeEngine:265 - oldGeneratedFile, D:\TinyML_GJ\TinyML_Workshop\STM32\Interface_OnBoard_IMU\Core\Inc\main.h_save
2026-07-30 14:52:06,088 [INFO] CodeEngine:289 - Generated code: D:\TinyML_GJ\TinyML_Workshop\STM32\Interface_OnBoard_IMU\Core\Inc\main.h
2026-07-30 14:52:06,094 [INFO] CodeEngine:265 - oldGeneratedFile, D:\TinyML_GJ\TinyML_Workshop\STM32\Interface_OnBoard_IMU\Core\Src\main.c_save
2026-07-30 14:52:06,278 [INFO] CodeEngine:289 - Generated code: D:\TinyML_GJ\TinyML_Workshop\STM32\Interface_OnBoard_IMU\Core\Src\main.c
2026-07-30 14:52:06,644 [INFO] AInterface:322 - ModelName:network; files:[D:\TinyML_GJ\TinyML_Workshop\ONNX\random_forest_model.onnx]; type:ONNX; compression:None
2026-07-30 14:52:06,645 [INFO] AInterface:526 - workspaceTempDir: C:/Users/ADMIN/AppData/Local/Temp/mxAI_workspace84853755120273012703239820643685346
2026-07-30 14:52:06,645 [INFO] AInterface:1179 - Setting Env: C:/Users/ADMIN/STM32Cube/Repository//Packs/STMicroelectronics/X-CUBE-AI/10.2.1/Utilities/windows
2026-07-30 14:52:06,649 [INFO] STM32CubeIDEBuilder:265 - Looking for gnu-tools-for-stm32 tools/bin/arm-none-eabi-gcc.exe in C:\ST\STM32CubeIDE_1.19.0\STM32CubeIDE
2026-07-30 14:52:06,651 [INFO] STM32CubeIDEBuilder:294 - checking C:\ST\STM32CubeIDE_1.19.0\STM32CubeIDE\plugins\com.st.stm32cube.ide.mcu.externaltools.gnu-tools-for-stm32.13.3.rel1.win32_1.0.0.202411081344\tools\bin\arm-none-eabi-gcc.exe
2026-07-30 14:52:06,651 [INFO] STM32CubeIDEBuilder:297 - ret=C:\ST\STM32CubeIDE_1.19.0\STM32CubeIDE\plugins\com.st.stm32cube.ide.mcu.externaltools.gnu-tools-for-stm32.13.3.rel1.win32_1.0.0.202411081344\tools\bin\arm-none-eabi-gcc.exe
2026-07-30 14:52:06,651 [INFO] STM32CubeIDEBuilder:311 - returning C:\ST\STM32CubeIDE_1.19.0\STM32CubeIDE\plugins\com.st.stm32cube.ide.mcu.externaltools.gnu-tools-for-stm32.13.3.rel1.win32_1.0.0.202411081344\tools\bin\arm-none-eabi-gcc.exe
2026-07-30 14:52:06,652 [INFO] AInterface:1236 - Custom PATH variable: C:/Users/ADMIN/STM32Cube/Repository//Packs/STMicroelectronics/X-CUBE-AI/10.2.1/Utilities/windows;C:/Users/ADMIN/STM32Cube/Repository//Packs/STMicroelectronics/X-CUBE-AI/10.2.1/Utilities/windows/mingw64/bin;C:/Users/ADMIN/STM32Cube/Repository//Packs/STMicroelectronics/X-CUBE-AI/10.2.1/Utilities/windows/mingw64/libexec/gcc/x86_64-w64-mingw32/7.3.0;;C:\ST\STM32CubeIDE_1.19.0\STM32CubeIDE\plugins\com.st.stm32cube.ide.mcu.externaltools.gnu-tools-for-stm32.13.3.rel1.win32_1.0.0.202411081344\tools\bin
2026-07-30 14:52:06,654 [INFO] CmdLine:115 - Command: C:/Users/ADMIN/STM32Cube/Repository//Packs/STMicroelectronics/X-CUBE-AI/10.2.1/Utilities/windows/stedgeai.exe generate --target stm32l4 --name network -m D:/TinyML_GJ/TinyML_Workshop/ONNX/random_forest_model.onnx --compression none --verbosity 1 --workspace C:/Users/ADMIN/AppData/Local/Temp/mxAI_workspace84853755120273012703239820643685346 --output C:/Users/ADMIN/.stm32cubemx/network_output
2026-07-30 14:52:06,654 [INFO] AIModelDetailledView:2264 - Analysis status: pending
2026-07-30 14:52:07,403 [INFO] CmdLine:76 - ST Edge AI Core v2.2.0-20266 2adc00962
2026-07-30 14:52:23,505 [INFO] CmdLine:76 - Creating c (debug) info json file C:\Users\ADMIN\.stm32cubemx\network_output\network_c_info.json
2026-07-30 14:52:23,671 [INFO] CmdLine:76 -  
2026-07-30 14:52:23,672 [INFO] CmdLine:76 -  Exec/report summary (generate)
2026-07-30 14:52:23,672 [INFO] CmdLine:76 -  -------------------------------------------------------------------------------------------------------------
2026-07-30 14:52:23,672 [INFO] CmdLine:76 -  model file         :   D:\TinyML_GJ\TinyML_Workshop\ONNX\random_forest_model.onnx                            
2026-07-30 14:52:23,672 [INFO] CmdLine:76 -  type               :   onnx                                                                                  
2026-07-30 14:52:23,672 [INFO] CmdLine:76 -  c_name             :   network                                                                               
2026-07-30 14:52:23,672 [INFO] CmdLine:76 -  compression        :   none                                                                                  
2026-07-30 14:52:23,672 [INFO] CmdLine:76 -  options            :   allocate-inputs, allocate-outputs                                                     
2026-07-30 14:52:23,672 [INFO] CmdLine:76 -  optimization       :   balanced                                                                              
2026-07-30 14:52:23,672 [INFO] CmdLine:76 -  target/series      :   stm32l4                                                                               
2026-07-30 14:52:23,672 [INFO] CmdLine:76 -  workspace dir      :   C:\Users\ADMIN\AppData\Local\Temp\mxAI_workspace84853755120273012703239820643685346   
2026-07-30 14:52:23,672 [INFO] CmdLine:76 -  output dir         :   C:\Users\ADMIN\.stm32cubemx\network_output                                            
2026-07-30 14:52:23,672 [INFO] CmdLine:76 -  model_fmt          :   undefined                                                                             
2026-07-30 14:52:23,672 [INFO] CmdLine:76 -  model_name         :   random_forest_model                                                                   
2026-07-30 14:52:23,672 [INFO] CmdLine:76 -  model_hash         :   0xd29c45df724f3b36c9aa8b9f7a329e08                                                    
2026-07-30 14:52:23,672 [INFO] CmdLine:76 -  params #           :   520,842 items (1.25 MiB)                                                              
2026-07-30 14:52:23,672 [INFO] CmdLine:76 -  -------------------------------------------------------------------------------------------------------------
2026-07-30 14:52:23,673 [INFO] CmdLine:76 -  input 1/1          :   'float_input', f32(1x1x6), 24 Bytes, activations                                      
2026-07-30 14:52:23,673 [INFO] CmdLine:76 -  output 1/2         :   'label0', int32(1x1), 4 Bytes, activations                                            
2026-07-30 14:52:23,673 [INFO] CmdLine:76 -  output 2/2         :   'output_probability', f32(1x1x5x2), 40 Bytes, activations                             
2026-07-30 14:52:23,673 [INFO] CmdLine:76 -  outputs (total)    :   44 Bytes                                                                              
2026-07-30 14:52:23,673 [INFO] CmdLine:76 -  macc               :   1,311                                                                                 
2026-07-30 14:52:23,673 [INFO] CmdLine:76 -  weights (ro)       :   1,313,296 B (1.25 MiB) (1 segment) / -770,072(-37.0%) vs float model                  
2026-07-30 14:52:23,673 [INFO] CmdLine:76 -  activations (rw)   :   64 B (64 B) (1 segment) *                                                             
2026-07-30 14:52:23,673 [INFO] CmdLine:76 -  ram (total)        :   64 B (64 B) = 64 + 0 + 0                                                              
2026-07-30 14:52:23,673 [INFO] CmdLine:76 -  -------------------------------------------------------------------------------------------------------------
2026-07-30 14:52:23,673 [INFO] CmdLine:76 -  (*) 'input'/'output' buffers are allocated in the activations buffer
2026-07-30 14:52:23,731 [INFO] CmdLine:76 - Computing AI RT data/code size (target=stm32l4)..
2026-07-30 14:52:26,516 [INFO] CmdLine:76 -  Requested memory size by section - "stm32l4" target
2026-07-30 14:52:26,516 [INFO] CmdLine:76 -  ------------------------------ ------- ----------- ------- -----
2026-07-30 14:52:26,516 [INFO] CmdLine:76 -  module                            text      rodata    data   bss
2026-07-30 14:52:26,516 [INFO] CmdLine:76 -  ------------------------------ ------- ----------- ------- -----
2026-07-30 14:52:26,516 [INFO] CmdLine:76 -  NetworkRuntime1020_CM4_GCC.a     5,508           0       0     0
2026-07-30 14:52:26,516 [INFO] CmdLine:76 -  network.o                          704          16   1,768   172
2026-07-30 14:52:26,517 [INFO] CmdLine:76 -  network_data.o                      48          16      88     0
2026-07-30 14:52:26,517 [INFO] CmdLine:76 -  lib (toolchain)*                     0           0       0     0
2026-07-30 14:52:26,517 [INFO] CmdLine:76 -  ------------------------------ ------- ----------- ------- -----
2026-07-30 14:52:26,517 [INFO] CmdLine:76 -  RT total**                       6,260          32   1,856   172
2026-07-30 14:52:26,517 [INFO] CmdLine:76 -  ------------------------------ ------- ----------- ------- -----
2026-07-30 14:52:26,517 [INFO] CmdLine:76 -  weights                              0   1,313,296       0     0
2026-07-30 14:52:26,517 [INFO] CmdLine:76 -  activations                          0           0       0    64
2026-07-30 14:52:26,517 [INFO] CmdLine:76 -  io                                   0           0       0     0
2026-07-30 14:52:26,518 [INFO] CmdLine:76 -  ------------------------------ ------- ----------- ------- -----
2026-07-30 14:52:26,518 [INFO] CmdLine:76 -  TOTAL                            6,260   1,313,328   1,856   236
2026-07-30 14:52:26,518 [INFO] CmdLine:76 -  ------------------------------ ------- ----------- ------- -----
2026-07-30 14:52:26,518 [INFO] CmdLine:76 -  *  toolchain objects (libm/libgcc*)
2026-07-30 14:52:26,518 [INFO] CmdLine:76 -  ** RT AI runtime objects (kernels+infrastructure)
2026-07-30 14:52:26,518 [INFO] CmdLine:76 -   Summary - "stm32l4" target
2026-07-30 14:52:26,518 [INFO] CmdLine:76 -   --------------------------------------------------
2026-07-30 14:52:26,518 [INFO] CmdLine:76 -                FLASH (ro)     %*   RAM (rw)       %
2026-07-30 14:52:26,518 [INFO] CmdLine:76 -   --------------------------------------------------
2026-07-30 14:52:26,518 [INFO] CmdLine:76 -   RT total          8,148   0.6%      2,028   96.9%
2026-07-30 14:52:26,519 [INFO] CmdLine:76 -   --------------------------------------------------
2026-07-30 14:52:26,519 [INFO] CmdLine:76 -   TOTAL         1,321,444             2,092
2026-07-30 14:52:26,519 [INFO] CmdLine:76 -   --------------------------------------------------
2026-07-30 14:52:26,519 [INFO] CmdLine:76 -   *  rt/total
2026-07-30 14:52:26,519 [INFO] CmdLine:76 -  Generated files (7)
2026-07-30 14:52:26,519 [INFO] CmdLine:76 -  ------------------------------------------------------------------
2026-07-30 14:52:26,519 [INFO] CmdLine:76 -  C:\Users\ADMIN\.stm32cubemx\network_output\network_data_params.h
2026-07-30 14:52:26,519 [INFO] CmdLine:76 -  C:\Users\ADMIN\.stm32cubemx\network_output\network_data_params.c
2026-07-30 14:52:26,520 [INFO] CmdLine:76 -  C:\Users\ADMIN\.stm32cubemx\network_output\network_data.h
2026-07-30 14:52:26,520 [INFO] CmdLine:76 -  C:\Users\ADMIN\.stm32cubemx\network_output\network_data.c
2026-07-30 14:52:26,520 [INFO] CmdLine:76 -  C:\Users\ADMIN\.stm32cubemx\network_output\network_config.h
2026-07-30 14:52:26,520 [INFO] CmdLine:76 -  C:\Users\ADMIN\.stm32cubemx\network_output\network.h
2026-07-30 14:52:26,520 [INFO] CmdLine:76 -  C:\Users\ADMIN\.stm32cubemx\network_output\network.c
2026-07-30 14:52:26,520 [INFO] CmdLine:76 - Creating txt report file C:\Users\ADMIN\.stm32cubemx\network_output\network_generate_report.txt
2026-07-30 14:52:35,010 [INFO] CmdLine:76 - elapsed time (generate): 27.606s
2026-07-30 14:52:35,626 [INFO] CmdLine:148 - stedgeai exit with status: 0
2026-07-30 14:52:35,783 [INFO] AIModelDetailledView:2264 - Analysis status: done
2026-07-30 14:52:36,269 [INFO] ProjectBuilder:3606 - Time for Copy HAL[1] : 194mS.
2026-07-30 14:52:36,269 [ERROR] Middleware:2950 - Invalid RefComponent list
2026-07-30 14:52:36,269 [ERROR] Middleware:2950 - Invalid RefComponent list
2026-07-30 14:52:36,270 [ERROR] Middleware:2950 - Invalid RefComponent list
2026-07-30 14:52:36,270 [ERROR] Middleware:2950 - Invalid RefComponent list
2026-07-30 14:52:36,270 [ERROR] Middleware:2950 - Invalid RefComponent list
2026-07-30 14:52:36,270 [ERROR] Middleware:2950 - Invalid RefComponent list
2026-07-30 14:52:36,270 [ERROR] Middleware:2950 - Invalid RefComponent list
2026-07-30 14:52:36,270 [ERROR] Middleware:2950 - Invalid RefComponent list
2026-07-30 14:52:36,270 [ERROR] Middleware:2950 - Invalid RefComponent list
2026-07-30 14:52:36,270 [ERROR] Middleware:2950 - Invalid RefComponent list
2026-07-30 14:52:36,270 [ERROR] Middleware:2950 - Invalid RefComponent list
2026-07-30 14:52:36,270 [ERROR] Middleware:2950 - Invalid RefComponent list
2026-07-30 14:52:36,270 [ERROR] Middleware:2950 - Invalid RefComponent list
2026-07-30 14:52:36,270 [ERROR] Middleware:2950 - Invalid RefComponent list
2026-07-30 14:52:36,270 [ERROR] Middleware:2950 - Invalid RefComponent list
2026-07-30 14:52:36,270 [ERROR] Middleware:2950 - Invalid RefComponent list
2026-07-30 14:52:36,270 [ERROR] Middleware:2950 - Invalid RefComponent list
2026-07-30 14:52:36,270 [ERROR] Middleware:2950 - Invalid RefComponent list
2026-07-30 14:52:36,270 [ERROR] Middleware:2950 - Invalid RefComponent list
2026-07-30 14:52:36,270 [ERROR] Middleware:2950 - Invalid RefComponent list
2026-07-30 14:52:36,270 [ERROR] Middleware:2950 - Invalid RefComponent list
2026-07-30 14:52:36,270 [ERROR] Middleware:2950 - Invalid RefComponent list
2026-07-30 14:52:36,270 [ERROR] Middleware:2950 - Invalid RefComponent list
2026-07-30 14:52:36,271 [ERROR] Middleware:2950 - Invalid RefComponent list
2026-07-30 14:52:36,271 [ERROR] Middleware:2950 - Invalid RefComponent list
2026-07-30 14:52:36,271 [ERROR] Middleware:2950 - Invalid RefComponent list
2026-07-30 14:52:36,271 [ERROR] Middleware:2950 - Invalid RefComponent list
2026-07-30 14:52:36,271 [ERROR] Middleware:2950 - Invalid RefComponent list
2026-07-30 14:52:36,271 [ERROR] Middleware:2950 - Invalid RefComponent list
2026-07-30 14:52:36,271 [ERROR] Middleware:2950 - Invalid RefComponent list
2026-07-30 14:52:36,271 [ERROR] Middleware:2950 - Invalid RefComponent list
2026-07-30 14:52:36,271 [ERROR] Middleware:2950 - Invalid RefComponent list
2026-07-30 14:52:36,271 [ERROR] Middleware:2950 - Invalid RefComponent list
2026-07-30 14:52:36,271 [ERROR] Middleware:2950 - Invalid RefComponent list
2026-07-30 14:52:36,271 [ERROR] Middleware:2950 - Invalid RefComponent list
2026-07-30 14:52:36,271 [ERROR] Middleware:2950 - Invalid RefComponent list
2026-07-30 14:52:36,271 [ERROR] Middleware:2950 - Invalid RefComponent list
2026-07-30 14:52:36,271 [ERROR] Middleware:2950 - Invalid RefComponent list
2026-07-30 14:52:36,271 [ERROR] Middleware:2950 - Invalid RefComponent list
2026-07-30 14:52:36,271 [ERROR] Middleware:2950 - Invalid RefComponent list
2026-07-30 14:52:36,271 [ERROR] Middleware:2950 - Invalid RefComponent list
2026-07-30 14:52:36,271 [ERROR] Middleware:2950 - Invalid RefComponent list
2026-07-30 14:52:36,271 [ERROR] Middleware:2950 - Invalid RefComponent list
2026-07-30 14:52:36,271 [ERROR] Middleware:2950 - Invalid RefComponent list
2026-07-30 14:52:36,271 [ERROR] Middleware:2950 - Invalid RefComponent list
2026-07-30 14:52:36,271 [ERROR] Middleware:2950 - Invalid RefComponent list
2026-07-30 14:52:36,271 [ERROR] Middleware:2950 - Invalid RefComponent list
2026-07-30 14:52:36,271 [ERROR] Middleware:2950 - Invalid RefComponent list
2026-07-30 14:52:36,271 [ERROR] Middleware:2950 - Invalid RefComponent list
2026-07-30 14:52:36,271 [ERROR] Middleware:2950 - Invalid RefComponent list
2026-07-30 14:52:36,275 [INFO] ProjectBuilder:5216 - Project Generator version: 4.7.0-B52
2026-07-30 14:52:36,361 [INFO] ConfigFileManager:1595 - The Die is : DIE470
2026-07-30 14:52:37,276 [INFO] ProjectBuilder:5496 - Time for Generating toolchain IDE Files: 1001mS.
2026-07-30 14:52:37,277 [INFO] ProjectBuilder:3463 - Time for Copy CMSIS : 1mS.
2026-07-30 14:52:37,279 [INFO] ProjectBuilder:3463 - Time for Copy CMSIS : 0mS.
2026-07-30 14:55:42,791 [INFO] UtilMem:75 - End SaveConfig() Used Memory: 877102240 Bytes (1073741824)
2026-07-30 14:55:44,562 [INFO] UtilMem:75 - End SaveConfig() Used Memory: 920574856 Bytes (1073741824)
2026-07-30 14:55:44,857 [INFO] UtilMem:75 - End SaveConfig() Used Memory: 898934640 Bytes (1073741824)
2026-07-30 14:55:45,102 [INFO] BlockDiagram:2775 - set Specific Code input for plugin: SYS
2026-07-30 14:55:45,102 [INFO] BlockDiagram:2775 - set Specific Code input for plugin: RCC
2026-07-30 14:55:45,102 [INFO] BlockDiagram:2775 - set Specific Code input for plugin: I2C
2026-07-30 14:55:45,103 [INFO] BlockDiagram:2775 - set Specific Code input for plugin: NVIC
2026-07-30 14:55:45,103 [INFO] BlockDiagram:2775 - set Specific Code input for plugin: USART
2026-07-30 14:55:45,103 [INFO] BlockDiagram:2775 - set Specific Code input for plugin: STMicroelectronics.X-CUBE-AI.10.2.1
2026-07-30 14:55:45,103 [INFO] BlockDiagram:2775 - set Specific Code input for plugin: GPIO
2026-07-30 14:55:45,106 [INFO] CodeGenerator:892 - code generatio: config db path: C:\ST\STM32CubeIDE_1.19.0\STM32CubeIDE\plugins\com.st.stm32cube.common.mx_6.15.0.202507011659\\db\
2026-07-30 14:55:45,200 [INFO] IP:3329 - RTE Config file name : RTE_Component
2026-07-30 14:55:45,200 [INFO] IP:3347 - RTE template : RTE_Components.ftl
2026-07-30 14:55:45,210 [INFO] CodeEngine:265 - oldGeneratedFile, D:\TinyML_GJ\TinyML_Workshop\STM32\Interface_OnBoard_IMU\MXTmpFiles\license.tmp_save
2026-07-30 14:55:45,401 [INFO] CodeEngine:289 - Generated code: D:\TinyML_GJ\TinyML_Workshop\STM32\Interface_OnBoard_IMU\MXTmpFiles\license.tmp
2026-07-30 14:55:45,445 [INFO] CodeEngine:265 - oldGeneratedFile, D:\TinyML_GJ\TinyML_Workshop\STM32\Interface_OnBoard_IMU\MXTmpFiles\gpio.tmp_save
2026-07-30 14:55:45,617 [INFO] CodeEngine:289 - Generated code: D:\TinyML_GJ\TinyML_Workshop\STM32\Interface_OnBoard_IMU\MXTmpFiles\gpio.tmp
2026-07-30 14:55:45,690 [INFO] Middleware:1452 - No code input for Bsp Dependency
2026-07-30 14:55:45,691 [INFO] Middleware:1452 - No code input for Bsp Dependency
2026-07-30 14:55:45,703 [INFO] CodeEngine:265 - oldGeneratedFile, D:\TinyML_GJ\TinyML_Workshop\STM32\Interface_OnBoard_IMU\Core\Src\stm32l4xx_it.c_save
2026-07-30 14:55:45,975 [INFO] CodeEngine:289 - Generated code: D:\TinyML_GJ\TinyML_Workshop\STM32\Interface_OnBoard_IMU\Core\Src\stm32l4xx_it.c
2026-07-30 14:55:45,982 [INFO] CodeEngine:265 - oldGeneratedFile, D:\TinyML_GJ\TinyML_Workshop\STM32\Interface_OnBoard_IMU\Core\Inc\stm32l4xx_it.h_save
2026-07-30 14:55:46,064 [INFO] CodeEngine:289 - Generated code: D:\TinyML_GJ\TinyML_Workshop\STM32\Interface_OnBoard_IMU\Core\Inc\stm32l4xx_it.h
2026-07-30 14:55:46,084 [INFO] CodeEngine:265 - oldGeneratedFile, D:\TinyML_GJ\TinyML_Workshop\STM32\Interface_OnBoard_IMU\Core\Src\stm32l4xx_hal_msp.c_save
2026-07-30 14:55:46,346 [INFO] CodeEngine:289 - Generated code: D:\TinyML_GJ\TinyML_Workshop\STM32\Interface_OnBoard_IMU\Core\Src\stm32l4xx_hal_msp.c
2026-07-30 14:55:46,351 [INFO] CodeEngine:265 - oldGeneratedFile, D:\TinyML_GJ\TinyML_Workshop\STM32\Interface_OnBoard_IMU\MXTmpFiles\system.tmp_save
2026-07-30 14:55:46,435 [INFO] CodeEngine:289 - Generated code: D:\TinyML_GJ\TinyML_Workshop\STM32\Interface_OnBoard_IMU\MXTmpFiles\system.tmp
2026-07-30 14:55:46,449 [INFO] CodeEngine:321 - oldGeneratedFile, D:\TinyML_GJ\TinyML_Workshop\STM32\Interface_OnBoard_IMU\Core\Inc\stm32l4xx_hal_conf.h_save
2026-07-30 14:55:46,663 [INFO] CodeEngine:345 - Generated code: D:\TinyML_GJ\TinyML_Workshop\STM32\Interface_OnBoard_IMU\Core\Inc\stm32l4xx_hal_conf.h
2026-07-30 14:55:46,699 [INFO] CodeEngine:265 - oldGeneratedFile, D:\TinyML_GJ\TinyML_Workshop\STM32\Interface_OnBoard_IMU\Core\Inc\main.h_save
2026-07-30 14:55:46,881 [INFO] CodeEngine:289 - Generated code: D:\TinyML_GJ\TinyML_Workshop\STM32\Interface_OnBoard_IMU\Core\Inc\main.h
2026-07-30 14:55:46,888 [INFO] CodeEngine:265 - oldGeneratedFile, D:\TinyML_GJ\TinyML_Workshop\STM32\Interface_OnBoard_IMU\Core\Src\main.c_save
2026-07-30 14:55:47,060 [INFO] CodeEngine:289 - Generated code: D:\TinyML_GJ\TinyML_Workshop\STM32\Interface_OnBoard_IMU\Core\Src\main.c
2026-07-30 14:55:47,413 [INFO] AInterface:322 - ModelName:network; files:[D:\TinyML_GJ\TinyML_Workshop\ONNX\random_forest_model.onnx]; type:ONNX; compression:None
2026-07-30 14:55:47,414 [INFO] AInterface:526 - workspaceTempDir: C:/Users/ADMIN/AppData/Local/Temp/mxAI_workspace84855962814271008336916272902014950
2026-07-30 14:55:47,414 [INFO] AInterface:1179 - Setting Env: C:/Users/ADMIN/STM32Cube/Repository//Packs/STMicroelectronics/X-CUBE-AI/10.2.1/Utilities/windows
2026-07-30 14:55:47,418 [INFO] STM32CubeIDEBuilder:265 - Looking for gnu-tools-for-stm32 tools/bin/arm-none-eabi-gcc.exe in C:\ST\STM32CubeIDE_1.19.0\STM32CubeIDE
2026-07-30 14:55:47,420 [INFO] STM32CubeIDEBuilder:294 - checking C:\ST\STM32CubeIDE_1.19.0\STM32CubeIDE\plugins\com.st.stm32cube.ide.mcu.externaltools.gnu-tools-for-stm32.13.3.rel1.win32_1.0.0.202411081344\tools\bin\arm-none-eabi-gcc.exe
2026-07-30 14:55:47,421 [INFO] STM32CubeIDEBuilder:297 - ret=C:\ST\STM32CubeIDE_1.19.0\STM32CubeIDE\plugins\com.st.stm32cube.ide.mcu.externaltools.gnu-tools-for-stm32.13.3.rel1.win32_1.0.0.202411081344\tools\bin\arm-none-eabi-gcc.exe
2026-07-30 14:55:47,421 [INFO] STM32CubeIDEBuilder:311 - returning C:\ST\STM32CubeIDE_1.19.0\STM32CubeIDE\plugins\com.st.stm32cube.ide.mcu.externaltools.gnu-tools-for-stm32.13.3.rel1.win32_1.0.0.202411081344\tools\bin\arm-none-eabi-gcc.exe
2026-07-30 14:55:47,422 [INFO] AInterface:1236 - Custom PATH variable: C:/Users/ADMIN/STM32Cube/Repository//Packs/STMicroelectronics/X-CUBE-AI/10.2.1/Utilities/windows;C:/Users/ADMIN/STM32Cube/Repository//Packs/STMicroelectronics/X-CUBE-AI/10.2.1/Utilities/windows/mingw64/bin;C:/Users/ADMIN/STM32Cube/Repository//Packs/STMicroelectronics/X-CUBE-AI/10.2.1/Utilities/windows/mingw64/libexec/gcc/x86_64-w64-mingw32/7.3.0;;C:\ST\STM32CubeIDE_1.19.0\STM32CubeIDE\plugins\com.st.stm32cube.ide.mcu.externaltools.gnu-tools-for-stm32.13.3.rel1.win32_1.0.0.202411081344\tools\bin
2026-07-30 14:55:47,423 [INFO] CmdLine:115 - Command: C:/Users/ADMIN/STM32Cube/Repository//Packs/STMicroelectronics/X-CUBE-AI/10.2.1/Utilities/windows/stedgeai.exe generate --target stm32l4 --name network -m D:/TinyML_GJ/TinyML_Workshop/ONNX/random_forest_model.onnx --compression none --verbosity 1 --workspace C:/Users/ADMIN/AppData/Local/Temp/mxAI_workspace84855962814271008336916272902014950 --output C:/Users/ADMIN/.stm32cubemx/network_output
2026-07-30 14:55:47,423 [INFO] AIModelDetailledView:2264 - Analysis status: pending
2026-07-30 14:55:48,197 [INFO] CmdLine:76 - ST Edge AI Core v2.2.0-20266 2adc00962
2026-07-30 14:56:04,516 [INFO] CmdLine:76 - Creating c (debug) info json file C:\Users\ADMIN\.stm32cubemx\network_output\network_c_info.json
2026-07-30 14:56:04,686 [INFO] CmdLine:76 -  
2026-07-30 14:56:04,686 [INFO] CmdLine:76 -  Exec/report summary (generate)
2026-07-30 14:56:04,687 [INFO] CmdLine:76 -  -------------------------------------------------------------------------------------------------------------
2026-07-30 14:56:04,687 [INFO] CmdLine:76 -  model file         :   D:\TinyML_GJ\TinyML_Workshop\ONNX\random_forest_model.onnx                            
2026-07-30 14:56:04,687 [INFO] CmdLine:76 -  type               :   onnx                                                                                  
2026-07-30 14:56:04,687 [INFO] CmdLine:76 -  c_name             :   network                                                                               
2026-07-30 14:56:04,687 [INFO] CmdLine:76 -  compression        :   none                                                                                  
2026-07-30 14:56:04,687 [INFO] CmdLine:76 -  options            :   allocate-inputs, allocate-outputs                                                     
2026-07-30 14:56:04,687 [INFO] CmdLine:76 -  optimization       :   balanced                                                                              
2026-07-30 14:56:04,687 [INFO] CmdLine:76 -  target/series      :   stm32l4                                                                               
2026-07-30 14:56:04,687 [INFO] CmdLine:76 -  workspace dir      :   C:\Users\ADMIN\AppData\Local\Temp\mxAI_workspace84855962814271008336916272902014950   
2026-07-30 14:56:04,687 [INFO] CmdLine:76 -  output dir         :   C:\Users\ADMIN\.stm32cubemx\network_output                                            
2026-07-30 14:56:04,687 [INFO] CmdLine:76 -  model_fmt          :   undefined                                                                             
2026-07-30 14:56:04,687 [INFO] CmdLine:76 -  model_name         :   random_forest_model                                                                   
2026-07-30 14:56:04,687 [INFO] CmdLine:76 -  model_hash         :   0xd29c45df724f3b36c9aa8b9f7a329e08                                                    
2026-07-30 14:56:04,687 [INFO] CmdLine:76 -  params #           :   520,842 items (1.25 MiB)                                                              
2026-07-30 14:56:04,687 [INFO] CmdLine:76 -  -------------------------------------------------------------------------------------------------------------
2026-07-30 14:56:04,687 [INFO] CmdLine:76 -  input 1/1          :   'float_input', f32(1x1x6), 24 Bytes, activations                                      
2026-07-30 14:56:04,687 [INFO] CmdLine:76 -  output 1/2         :   'label0', int32(1x1), 4 Bytes, activations                                            
2026-07-30 14:56:04,688 [INFO] CmdLine:76 -  output 2/2         :   'output_probability', f32(1x1x5x2), 40 Bytes, activations                             
2026-07-30 14:56:04,688 [INFO] CmdLine:76 -  outputs (total)    :   44 Bytes                                                                              
2026-07-30 14:56:04,688 [INFO] CmdLine:76 -  macc               :   1,311                                                                                 
2026-07-30 14:56:04,688 [INFO] CmdLine:76 -  weights (ro)       :   1,313,296 B (1.25 MiB) (1 segment) / -770,072(-37.0%) vs float model                  
2026-07-30 14:56:04,688 [INFO] CmdLine:76 -  activations (rw)   :   64 B (64 B) (1 segment) *                                                             
2026-07-30 14:56:04,688 [INFO] CmdLine:76 -  ram (total)        :   64 B (64 B) = 64 + 0 + 0                                                              
2026-07-30 14:56:04,688 [INFO] CmdLine:76 -  -------------------------------------------------------------------------------------------------------------
2026-07-30 14:56:04,688 [INFO] CmdLine:76 -  (*) 'input'/'output' buffers are allocated in the activations buffer
2026-07-30 14:56:04,746 [INFO] CmdLine:76 - Computing AI RT data/code size (target=stm32l4)..
2026-07-30 14:56:07,592 [INFO] CmdLine:76 -  Requested memory size by section - "stm32l4" target
2026-07-30 14:56:07,592 [INFO] CmdLine:76 -  ------------------------------ ------- ----------- ------- -----
2026-07-30 14:56:07,592 [INFO] CmdLine:76 -  module                            text      rodata    data   bss
2026-07-30 14:56:07,592 [INFO] CmdLine:76 -  ------------------------------ ------- ----------- ------- -----
2026-07-30 14:56:07,593 [INFO] CmdLine:76 -  NetworkRuntime1020_CM4_GCC.a     5,508           0       0     0
2026-07-30 14:56:07,593 [INFO] CmdLine:76 -  network.o                          704          16   1,768   172
2026-07-30 14:56:07,593 [INFO] CmdLine:76 -  network_data.o                      48          16      88     0
2026-07-30 14:56:07,593 [INFO] CmdLine:76 -  lib (toolchain)*                     0           0       0     0
2026-07-30 14:56:07,593 [INFO] CmdLine:76 -  ------------------------------ ------- ----------- ------- -----
2026-07-30 14:56:07,593 [INFO] CmdLine:76 -  RT total**                       6,260          32   1,856   172
2026-07-30 14:56:07,593 [INFO] CmdLine:76 -  ------------------------------ ------- ----------- ------- -----
2026-07-30 14:56:07,593 [INFO] CmdLine:76 -  weights                              0   1,313,296       0     0
2026-07-30 14:56:07,593 [INFO] CmdLine:76 -  activations                          0           0       0    64
2026-07-30 14:56:07,594 [INFO] CmdLine:76 -  io                                   0           0       0     0
2026-07-30 14:56:07,594 [INFO] CmdLine:76 -  ------------------------------ ------- ----------- ------- -----
2026-07-30 14:56:07,594 [INFO] CmdLine:76 -  TOTAL                            6,260   1,313,328   1,856   236
2026-07-30 14:56:07,594 [INFO] CmdLine:76 -  ------------------------------ ------- ----------- ------- -----
2026-07-30 14:56:07,594 [INFO] CmdLine:76 -  *  toolchain objects (libm/libgcc*)
2026-07-30 14:56:07,594 [INFO] CmdLine:76 -  ** RT AI runtime objects (kernels+infrastructure)
2026-07-30 14:56:07,594 [INFO] CmdLine:76 -   Summary - "stm32l4" target
2026-07-30 14:56:07,594 [INFO] CmdLine:76 -   --------------------------------------------------
2026-07-30 14:56:07,594 [INFO] CmdLine:76 -                FLASH (ro)     %*   RAM (rw)       %
2026-07-30 14:56:07,594 [INFO] CmdLine:76 -   --------------------------------------------------
2026-07-30 14:56:07,595 [INFO] CmdLine:76 -   RT total          8,148   0.6%      2,028   96.9%
2026-07-30 14:56:07,595 [INFO] CmdLine:76 -   --------------------------------------------------
2026-07-30 14:56:07,595 [INFO] CmdLine:76 -   TOTAL         1,321,444             2,092
2026-07-30 14:56:07,595 [INFO] CmdLine:76 -   --------------------------------------------------
2026-07-30 14:56:07,595 [INFO] CmdLine:76 -   *  rt/total
2026-07-30 14:56:07,595 [INFO] CmdLine:76 -  Generated files (7)
2026-07-30 14:56:07,596 [INFO] CmdLine:76 -  ------------------------------------------------------------------
2026-07-30 14:56:07,596 [INFO] CmdLine:76 -  C:\Users\ADMIN\.stm32cubemx\network_output\network_data_params.h
2026-07-30 14:56:07,596 [INFO] CmdLine:76 -  C:\Users\ADMIN\.stm32cubemx\network_output\network_data_params.c
2026-07-30 14:56:07,596 [INFO] CmdLine:76 -  C:\Users\ADMIN\.stm32cubemx\network_output\network_data.h
2026-07-30 14:56:07,596 [INFO] CmdLine:76 -  C:\Users\ADMIN\.stm32cubemx\network_output\network_data.c
2026-07-30 14:56:07,596 [INFO] CmdLine:76 -  C:\Users\ADMIN\.stm32cubemx\network_output\network_config.h
2026-07-30 14:56:07,596 [INFO] CmdLine:76 -  C:\Users\ADMIN\.stm32cubemx\network_output\network.h
2026-07-30 14:56:07,596 [INFO] CmdLine:76 -  C:\Users\ADMIN\.stm32cubemx\network_output\network.c
2026-07-30 14:56:07,597 [INFO] CmdLine:76 - Creating txt report file C:\Users\ADMIN\.stm32cubemx\network_output\network_generate_report.txt
2026-07-30 14:56:19,196 [INFO] CmdLine:76 - elapsed time (generate): 31.001s
2026-07-30 14:56:19,827 [INFO] CmdLine:148 - stedgeai exit with status: 0
2026-07-30 14:56:19,978 [INFO] AIModelDetailledView:2264 - Analysis status: done
2026-07-30 14:56:20,468 [INFO] ProjectBuilder:3606 - Time for Copy HAL[1] : 190mS.
2026-07-30 14:56:20,468 [ERROR] Middleware:2950 - Invalid RefComponent list
2026-07-30 14:56:20,469 [ERROR] Middleware:2950 - Invalid RefComponent list
2026-07-30 14:56:20,469 [ERROR] Middleware:2950 - Invalid RefComponent list
2026-07-30 14:56:20,469 [ERROR] Middleware:2950 - Invalid RefComponent list
2026-07-30 14:56:20,469 [ERROR] Middleware:2950 - Invalid RefComponent list
2026-07-30 14:56:20,469 [ERROR] Middleware:2950 - Invalid RefComponent list
2026-07-30 14:56:20,469 [ERROR] Middleware:2950 - Invalid RefComponent list
2026-07-30 14:56:20,469 [ERROR] Middleware:2950 - Invalid RefComponent list
2026-07-30 14:56:20,469 [ERROR] Middleware:2950 - Invalid RefComponent list
2026-07-30 14:56:20,469 [ERROR] Middleware:2950 - Invalid RefComponent list
2026-07-30 14:56:20,469 [ERROR] Middleware:2950 - Invalid RefComponent list
2026-07-30 14:56:20,469 [ERROR] Middleware:2950 - Invalid RefComponent list
2026-07-30 14:56:20,469 [ERROR] Middleware:2950 - Invalid RefComponent list
2026-07-30 14:56:20,469 [ERROR] Middleware:2950 - Invalid RefComponent list
2026-07-30 14:56:20,469 [ERROR] Middleware:2950 - Invalid RefComponent list
2026-07-30 14:56:20,469 [ERROR] Middleware:2950 - Invalid RefComponent list
2026-07-30 14:56:20,469 [ERROR] Middleware:2950 - Invalid RefComponent list
2026-07-30 14:56:20,469 [ERROR] Middleware:2950 - Invalid RefComponent list
2026-07-30 14:56:20,469 [ERROR] Middleware:2950 - Invalid RefComponent list
2026-07-30 14:56:20,469 [ERROR] Middleware:2950 - Invalid RefComponent list
2026-07-30 14:56:20,469 [ERROR] Middleware:2950 - Invalid RefComponent list
2026-07-30 14:56:20,469 [ERROR] Middleware:2950 - Invalid RefComponent list
2026-07-30 14:56:20,469 [ERROR] Middleware:2950 - Invalid RefComponent list
2026-07-30 14:56:20,469 [ERROR] Middleware:2950 - Invalid RefComponent list
2026-07-30 14:56:20,469 [ERROR] Middleware:2950 - Invalid RefComponent list
2026-07-30 14:56:20,470 [ERROR] Middleware:2950 - Invalid RefComponent list
2026-07-30 14:56:20,470 [ERROR] Middleware:2950 - Invalid RefComponent list
2026-07-30 14:56:20,470 [ERROR] Middleware:2950 - Invalid RefComponent list
2026-07-30 14:56:20,470 [ERROR] Middleware:2950 - Invalid RefComponent list
2026-07-30 14:56:20,470 [ERROR] Middleware:2950 - Invalid RefComponent list
2026-07-30 14:56:20,470 [ERROR] Middleware:2950 - Invalid RefComponent list
2026-07-30 14:56:20,470 [ERROR] Middleware:2950 - Invalid RefComponent list
2026-07-30 14:56:20,470 [ERROR] Middleware:2950 - Invalid RefComponent list
2026-07-30 14:56:20,470 [ERROR] Middleware:2950 - Invalid RefComponent list
2026-07-30 14:56:20,470 [ERROR] Middleware:2950 - Invalid RefComponent list
2026-07-30 14:56:20,470 [ERROR] Middleware:2950 - Invalid RefComponent list
2026-07-30 14:56:20,470 [ERROR] Middleware:2950 - Invalid RefComponent list
2026-07-30 14:56:20,470 [ERROR] Middleware:2950 - Invalid RefComponent list
2026-07-30 14:56:20,470 [ERROR] Middleware:2950 - Invalid RefComponent list
2026-07-30 14:56:20,470 [ERROR] Middleware:2950 - Invalid RefComponent list
2026-07-30 14:56:20,470 [ERROR] Middleware:2950 - Invalid RefComponent list
2026-07-30 14:56:20,470 [ERROR] Middleware:2950 - Invalid RefComponent list
2026-07-30 14:56:20,470 [ERROR] Middleware:2950 - Invalid RefComponent list
2026-07-30 14:56:20,470 [ERROR] Middleware:2950 - Invalid RefComponent list
2026-07-30 14:56:20,470 [ERROR] Middleware:2950 - Invalid RefComponent list
2026-07-30 14:56:20,470 [ERROR] Middleware:2950 - Invalid RefComponent list
2026-07-30 14:56:20,470 [ERROR] Middleware:2950 - Invalid RefComponent list
2026-07-30 14:56:20,470 [ERROR] Middleware:2950 - Invalid RefComponent list
2026-07-30 14:56:20,470 [ERROR] Middleware:2950 - Invalid RefComponent list
2026-07-30 14:56:20,470 [ERROR] Middleware:2950 - Invalid RefComponent list
2026-07-30 14:56:20,473 [INFO] ProjectBuilder:5216 - Project Generator version: 4.7.0-B52
2026-07-30 14:56:20,561 [INFO] ConfigFileManager:1595 - The Die is : DIE470
2026-07-30 14:56:21,656 [INFO] ProjectBuilder:5496 - Time for Generating toolchain IDE Files: 1183mS.
2026-07-30 14:56:21,657 [INFO] ProjectBuilder:3463 - Time for Copy CMSIS : 1mS.
2026-07-30 14:56:21,660 [INFO] ProjectBuilder:3463 - Time for Copy CMSIS : 0mS.
2026-07-30 14:56:22,106 [INFO] UtilMem:75 - End SaveConfig() Used Memory: 863946880 Bytes (1073741824)
2026-07-30 14:56:24,552 [INFO] UtilMem:75 - End SaveConfig() Used Memory: 917786304 Bytes (1073741824)
2026-07-30 14:56:24,755 [INFO] UtilMem:75 - End SaveConfig() Used Memory: 959207104 Bytes (1073741824)
2026-07-30 14:56:24,942 [INFO] BlockDiagram:2775 - set Specific Code input for plugin: SYS
2026-07-30 14:56:24,943 [INFO] BlockDiagram:2775 - set Specific Code input for plugin: RCC
2026-07-30 14:56:24,943 [INFO] BlockDiagram:2775 - set Specific Code input for plugin: I2C
2026-07-30 14:56:24,943 [INFO] BlockDiagram:2775 - set Specific Code input for plugin: NVIC
2026-07-30 14:56:24,943 [INFO] BlockDiagram:2775 - set Specific Code input for plugin: USART
2026-07-30 14:56:24,943 [INFO] BlockDiagram:2775 - set Specific Code input for plugin: STMicroelectronics.X-CUBE-AI.10.2.1
2026-07-30 14:56:24,943 [INFO] BlockDiagram:2775 - set Specific Code input for plugin: GPIO
2026-07-30 14:56:24,946 [INFO] CodeGenerator:892 - code generatio: config db path: C:\ST\STM32CubeIDE_1.19.0\STM32CubeIDE\plugins\com.st.stm32cube.common.mx_6.15.0.202507011659\\db\
2026-07-30 14:56:25,030 [INFO] IP:3329 - RTE Config file name : RTE_Component
2026-07-30 14:56:25,030 [INFO] IP:3347 - RTE template : RTE_Components.ftl
2026-07-30 14:56:25,039 [INFO] CodeEngine:265 - oldGeneratedFile, D:\TinyML_GJ\TinyML_Workshop\STM32\Interface_OnBoard_IMU\MXTmpFiles\license.tmp_save
2026-07-30 14:56:25,187 [INFO] CodeEngine:289 - Generated code: D:\TinyML_GJ\TinyML_Workshop\STM32\Interface_OnBoard_IMU\MXTmpFiles\license.tmp
2026-07-30 14:56:25,226 [INFO] CodeEngine:265 - oldGeneratedFile, D:\TinyML_GJ\TinyML_Workshop\STM32\Interface_OnBoard_IMU\MXTmpFiles\gpio.tmp_save
2026-07-30 14:56:25,386 [INFO] CodeEngine:289 - Generated code: D:\TinyML_GJ\TinyML_Workshop\STM32\Interface_OnBoard_IMU\MXTmpFiles\gpio.tmp
2026-07-30 14:56:25,475 [INFO] Middleware:1452 - No code input for Bsp Dependency
2026-07-30 14:56:25,477 [INFO] Middleware:1452 - No code input for Bsp Dependency
2026-07-30 14:56:25,488 [INFO] CodeEngine:265 - oldGeneratedFile, D:\TinyML_GJ\TinyML_Workshop\STM32\Interface_OnBoard_IMU\Core\Src\stm32l4xx_it.c_save
2026-07-30 14:56:25,655 [INFO] CodeEngine:289 - Generated code: D:\TinyML_GJ\TinyML_Workshop\STM32\Interface_OnBoard_IMU\Core\Src\stm32l4xx_it.c
2026-07-30 14:56:25,661 [INFO] CodeEngine:265 - oldGeneratedFile, D:\TinyML_GJ\TinyML_Workshop\STM32\Interface_OnBoard_IMU\Core\Inc\stm32l4xx_it.h_save
2026-07-30 14:56:25,743 [INFO] CodeEngine:289 - Generated code: D:\TinyML_GJ\TinyML_Workshop\STM32\Interface_OnBoard_IMU\Core\Inc\stm32l4xx_it.h
2026-07-30 14:56:25,757 [INFO] CodeEngine:265 - oldGeneratedFile, D:\TinyML_GJ\TinyML_Workshop\STM32\Interface_OnBoard_IMU\Core\Src\stm32l4xx_hal_msp.c_save
2026-07-30 14:56:25,955 [INFO] CodeEngine:289 - Generated code: D:\TinyML_GJ\TinyML_Workshop\STM32\Interface_OnBoard_IMU\Core\Src\stm32l4xx_hal_msp.c
2026-07-30 14:56:25,959 [INFO] CodeEngine:265 - oldGeneratedFile, D:\TinyML_GJ\TinyML_Workshop\STM32\Interface_OnBoard_IMU\MXTmpFiles\system.tmp_save
2026-07-30 14:56:26,036 [INFO] CodeEngine:289 - Generated code: D:\TinyML_GJ\TinyML_Workshop\STM32\Interface_OnBoard_IMU\MXTmpFiles\system.tmp
2026-07-30 14:56:26,049 [INFO] CodeEngine:321 - oldGeneratedFile, D:\TinyML_GJ\TinyML_Workshop\STM32\Interface_OnBoard_IMU\Core\Inc\stm32l4xx_hal_conf.h_save
2026-07-30 14:56:26,255 [INFO] CodeEngine:345 - Generated code: D:\TinyML_GJ\TinyML_Workshop\STM32\Interface_OnBoard_IMU\Core\Inc\stm32l4xx_hal_conf.h
2026-07-30 14:56:26,290 [INFO] CodeEngine:265 - oldGeneratedFile, D:\TinyML_GJ\TinyML_Workshop\STM32\Interface_OnBoard_IMU\Core\Inc\main.h_save
2026-07-30 14:56:26,459 [INFO] CodeEngine:289 - Generated code: D:\TinyML_GJ\TinyML_Workshop\STM32\Interface_OnBoard_IMU\Core\Inc\main.h
2026-07-30 14:56:26,467 [INFO] CodeEngine:265 - oldGeneratedFile, D:\TinyML_GJ\TinyML_Workshop\STM32\Interface_OnBoard_IMU\Core\Src\main.c_save
2026-07-30 14:56:26,648 [INFO] CodeEngine:289 - Generated code: D:\TinyML_GJ\TinyML_Workshop\STM32\Interface_OnBoard_IMU\Core\Src\main.c
2026-07-30 14:56:27,048 [INFO] AInterface:322 - ModelName:network; files:[D:\TinyML_GJ\TinyML_Workshop\ONNX\random_forest_model.onnx]; type:ONNX; compression:None
2026-07-30 14:56:27,049 [INFO] AInterface:526 - workspaceTempDir: C:/Users/ADMIN/AppData/Local/Temp/mxAI_workspace84856359159884014904003467849758586
2026-07-30 14:56:27,049 [INFO] AInterface:1179 - Setting Env: C:/Users/ADMIN/STM32Cube/Repository//Packs/STMicroelectronics/X-CUBE-AI/10.2.1/Utilities/windows
2026-07-30 14:56:27,053 [INFO] STM32CubeIDEBuilder:265 - Looking for gnu-tools-for-stm32 tools/bin/arm-none-eabi-gcc.exe in C:\ST\STM32CubeIDE_1.19.0\STM32CubeIDE
2026-07-30 14:56:27,056 [INFO] STM32CubeIDEBuilder:294 - checking C:\ST\STM32CubeIDE_1.19.0\STM32CubeIDE\plugins\com.st.stm32cube.ide.mcu.externaltools.gnu-tools-for-stm32.13.3.rel1.win32_1.0.0.202411081344\tools\bin\arm-none-eabi-gcc.exe
2026-07-30 14:56:27,056 [INFO] STM32CubeIDEBuilder:297 - ret=C:\ST\STM32CubeIDE_1.19.0\STM32CubeIDE\plugins\com.st.stm32cube.ide.mcu.externaltools.gnu-tools-for-stm32.13.3.rel1.win32_1.0.0.202411081344\tools\bin\arm-none-eabi-gcc.exe
2026-07-30 14:56:27,056 [INFO] STM32CubeIDEBuilder:311 - returning C:\ST\STM32CubeIDE_1.19.0\STM32CubeIDE\plugins\com.st.stm32cube.ide.mcu.externaltools.gnu-tools-for-stm32.13.3.rel1.win32_1.0.0.202411081344\tools\bin\arm-none-eabi-gcc.exe
2026-07-30 14:56:27,057 [INFO] AInterface:1236 - Custom PATH variable: C:/Users/ADMIN/STM32Cube/Repository//Packs/STMicroelectronics/X-CUBE-AI/10.2.1/Utilities/windows;C:/Users/ADMIN/STM32Cube/Repository//Packs/STMicroelectronics/X-CUBE-AI/10.2.1/Utilities/windows/mingw64/bin;C:/Users/ADMIN/STM32Cube/Repository//Packs/STMicroelectronics/X-CUBE-AI/10.2.1/Utilities/windows/mingw64/libexec/gcc/x86_64-w64-mingw32/7.3.0;;C:\ST\STM32CubeIDE_1.19.0\STM32CubeIDE\plugins\com.st.stm32cube.ide.mcu.externaltools.gnu-tools-for-stm32.13.3.rel1.win32_1.0.0.202411081344\tools\bin
2026-07-30 14:56:27,060 [INFO] CmdLine:115 - Command: C:/Users/ADMIN/STM32Cube/Repository//Packs/STMicroelectronics/X-CUBE-AI/10.2.1/Utilities/windows/stedgeai.exe generate --target stm32l4 --name network -m D:/TinyML_GJ/TinyML_Workshop/ONNX/random_forest_model.onnx --compression none --verbosity 1 --workspace C:/Users/ADMIN/AppData/Local/Temp/mxAI_workspace84856359159884014904003467849758586 --output C:/Users/ADMIN/.stm32cubemx/network_output
2026-07-30 14:56:27,060 [INFO] AIModelDetailledView:2264 - Analysis status: pending
2026-07-30 14:56:27,875 [INFO] CmdLine:76 - ST Edge AI Core v2.2.0-20266 2adc00962
2026-07-30 14:56:44,302 [INFO] CmdLine:76 - Creating c (debug) info json file C:\Users\ADMIN\.stm32cubemx\network_output\network_c_info.json
2026-07-30 14:56:44,476 [INFO] CmdLine:76 -  
2026-07-30 14:56:44,476 [INFO] CmdLine:76 -  Exec/report summary (generate)
2026-07-30 14:56:44,477 [INFO] CmdLine:76 -  -------------------------------------------------------------------------------------------------------------
2026-07-30 14:56:44,477 [INFO] CmdLine:76 -  model file         :   D:\TinyML_GJ\TinyML_Workshop\ONNX\random_forest_model.onnx                            
2026-07-30 14:56:44,477 [INFO] CmdLine:76 -  type               :   onnx                                                                                  
2026-07-30 14:56:44,477 [INFO] CmdLine:76 -  c_name             :   network                                                                               
2026-07-30 14:56:44,477 [INFO] CmdLine:76 -  compression        :   none                                                                                  
2026-07-30 14:56:44,477 [INFO] CmdLine:76 -  options            :   allocate-inputs, allocate-outputs                                                     
2026-07-30 14:56:44,477 [INFO] CmdLine:76 -  optimization       :   balanced                                                                              
2026-07-30 14:56:44,477 [INFO] CmdLine:76 -  target/series      :   stm32l4                                                                               
2026-07-30 14:56:44,477 [INFO] CmdLine:76 -  workspace dir      :   C:\Users\ADMIN\AppData\Local\Temp\mxAI_workspace84856359159884014904003467849758586   
2026-07-30 14:56:44,477 [INFO] CmdLine:76 -  output dir         :   C:\Users\ADMIN\.stm32cubemx\network_output                                            
2026-07-30 14:56:44,477 [INFO] CmdLine:76 -  model_fmt          :   undefined                                                                             
2026-07-30 14:56:44,477 [INFO] CmdLine:76 -  model_name         :   random_forest_model                                                                   
2026-07-30 14:56:44,477 [INFO] CmdLine:76 -  model_hash         :   0xd29c45df724f3b36c9aa8b9f7a329e08                                                    
2026-07-30 14:56:44,477 [INFO] CmdLine:76 -  params #           :   520,842 items (1.25 MiB)                                                              
2026-07-30 14:56:44,477 [INFO] CmdLine:76 -  -------------------------------------------------------------------------------------------------------------
2026-07-30 14:56:44,478 [INFO] CmdLine:76 -  input 1/1          :   'float_input', f32(1x1x6), 24 Bytes, activations                                      
2026-07-30 14:56:44,478 [INFO] CmdLine:76 -  output 1/2         :   'label0', int32(1x1), 4 Bytes, activations                                            
2026-07-30 14:56:44,478 [INFO] CmdLine:76 -  output 2/2         :   'output_probability', f32(1x1x5x2), 40 Bytes, activations                             
2026-07-30 14:56:44,478 [INFO] CmdLine:76 -  outputs (total)    :   44 Bytes                                                                              
2026-07-30 14:56:44,478 [INFO] CmdLine:76 -  macc               :   1,311                                                                                 
2026-07-30 14:56:44,478 [INFO] CmdLine:76 -  weights (ro)       :   1,313,296 B (1.25 MiB) (1 segment) / -770,072(-37.0%) vs float model                  
2026-07-30 14:56:44,478 [INFO] CmdLine:76 -  activations (rw)   :   64 B (64 B) (1 segment) *                                                             
2026-07-30 14:56:44,478 [INFO] CmdLine:76 -  ram (total)        :   64 B (64 B) = 64 + 0 + 0                                                              
2026-07-30 14:56:44,478 [INFO] CmdLine:76 -  -------------------------------------------------------------------------------------------------------------
2026-07-30 14:56:44,478 [INFO] CmdLine:76 -  (*) 'input'/'output' buffers are allocated in the activations buffer
2026-07-30 14:56:44,537 [INFO] CmdLine:76 - Computing AI RT data/code size (target=stm32l4)..
2026-07-30 14:56:47,551 [INFO] CmdLine:76 -  Requested memory size by section - "stm32l4" target
2026-07-30 14:56:47,551 [INFO] CmdLine:76 -  ------------------------------ ------- ----------- ------- -----
2026-07-30 14:56:47,551 [INFO] CmdLine:76 -  module                            text      rodata    data   bss
2026-07-30 14:56:47,551 [INFO] CmdLine:76 -  ------------------------------ ------- ----------- ------- -----
2026-07-30 14:56:47,551 [INFO] CmdLine:76 -  NetworkRuntime1020_CM4_GCC.a     5,508           0       0     0
2026-07-30 14:56:47,551 [INFO] CmdLine:76 -  network.o                          704          16   1,768   172
2026-07-30 14:56:47,551 [INFO] CmdLine:76 -  network_data.o                      48          16      88     0
2026-07-30 14:56:47,551 [INFO] CmdLine:76 -  lib (toolchain)*                     0           0       0     0
2026-07-30 14:56:47,551 [INFO] CmdLine:76 -  ------------------------------ ------- ----------- ------- -----
2026-07-30 14:56:47,551 [INFO] CmdLine:76 -  RT total**                       6,260          32   1,856   172
2026-07-30 14:56:47,551 [INFO] CmdLine:76 -  ------------------------------ ------- ----------- ------- -----
2026-07-30 14:56:47,551 [INFO] CmdLine:76 -  weights                              0   1,313,296       0     0
2026-07-30 14:56:47,551 [INFO] CmdLine:76 -  activations                          0           0       0    64
2026-07-30 14:56:47,551 [INFO] CmdLine:76 -  io                                   0           0       0     0
2026-07-30 14:56:47,551 [INFO] CmdLine:76 -  ------------------------------ ------- ----------- ------- -----
2026-07-30 14:56:47,551 [INFO] CmdLine:76 -  TOTAL                            6,260   1,313,328   1,856   236
2026-07-30 14:56:47,551 [INFO] CmdLine:76 -  ------------------------------ ------- ----------- ------- -----
2026-07-30 14:56:47,551 [INFO] CmdLine:76 -  *  toolchain objects (libm/libgcc*)
2026-07-30 14:56:47,551 [INFO] CmdLine:76 -  ** RT AI runtime objects (kernels+infrastructure)
2026-07-30 14:56:47,551 [INFO] CmdLine:76 -   Summary - "stm32l4" target
2026-07-30 14:56:47,551 [INFO] CmdLine:76 -   --------------------------------------------------
2026-07-30 14:56:47,551 [INFO] CmdLine:76 -                FLASH (ro)     %*   RAM (rw)       %
2026-07-30 14:56:47,551 [INFO] CmdLine:76 -   --------------------------------------------------
2026-07-30 14:56:47,551 [INFO] CmdLine:76 -   RT total          8,148   0.6%      2,028   96.9%
2026-07-30 14:56:47,551 [INFO] CmdLine:76 -   --------------------------------------------------
2026-07-30 14:56:47,551 [INFO] CmdLine:76 -   TOTAL         1,321,444             2,092
2026-07-30 14:56:47,551 [INFO] CmdLine:76 -   --------------------------------------------------
2026-07-30 14:56:47,551 [INFO] CmdLine:76 -   *  rt/total
2026-07-30 14:56:47,551 [INFO] CmdLine:76 -  Generated files (7)
2026-07-30 14:56:47,551 [INFO] CmdLine:76 -  ------------------------------------------------------------------
2026-07-30 14:56:47,551 [INFO] CmdLine:76 -  C:\Users\ADMIN\.stm32cubemx\network_output\network_data_params.h
2026-07-30 14:56:47,551 [INFO] CmdLine:76 -  C:\Users\ADMIN\.stm32cubemx\network_output\network_data_params.c
2026-07-30 14:56:47,551 [INFO] CmdLine:76 -  C:\Users\ADMIN\.stm32cubemx\network_output\network_data.h
2026-07-30 14:56:47,567 [INFO] CmdLine:76 -  C:\Users\ADMIN\.stm32cubemx\network_output\network_data.c
2026-07-30 14:56:47,567 [INFO] CmdLine:76 -  C:\Users\ADMIN\.stm32cubemx\network_output\network_config.h
2026-07-30 14:56:47,567 [INFO] CmdLine:76 -  C:\Users\ADMIN\.stm32cubemx\network_output\network.h
2026-07-30 14:56:47,567 [INFO] CmdLine:76 -  C:\Users\ADMIN\.stm32cubemx\network_output\network.c
2026-07-30 14:56:47,567 [INFO] CmdLine:76 - Creating txt report file C:\Users\ADMIN\.stm32cubemx\network_output\network_generate_report.txt
2026-07-30 14:57:00,068 [INFO] CmdLine:76 - elapsed time (generate): 32.193s
2026-07-30 14:57:00,900 [INFO] CmdLine:148 - stedgeai exit with status: 0
2026-07-30 14:57:01,065 [INFO] AIModelDetailledView:2264 - Analysis status: done
2026-07-30 14:57:01,924 [INFO] ProjectBuilder:3606 - Time for Copy HAL[1] : 345mS.
2026-07-30 14:57:01,924 [ERROR] Middleware:2950 - Invalid RefComponent list
2026-07-30 14:57:01,924 [ERROR] Middleware:2950 - Invalid RefComponent list
2026-07-30 14:57:01,924 [ERROR] Middleware:2950 - Invalid RefComponent list
2026-07-30 14:57:01,924 [ERROR] Middleware:2950 - Invalid RefComponent list
2026-07-30 14:57:01,924 [ERROR] Middleware:2950 - Invalid RefComponent list
2026-07-30 14:57:01,924 [ERROR] Middleware:2950 - Invalid RefComponent list
2026-07-30 14:57:01,925 [ERROR] Middleware:2950 - Invalid RefComponent list
2026-07-30 14:57:01,925 [ERROR] Middleware:2950 - Invalid RefComponent list
2026-07-30 14:57:01,925 [ERROR] Middleware:2950 - Invalid RefComponent list
2026-07-30 14:57:01,925 [ERROR] Middleware:2950 - Invalid RefComponent list
2026-07-30 14:57:01,925 [ERROR] Middleware:2950 - Invalid RefComponent list
2026-07-30 14:57:01,925 [ERROR] Middleware:2950 - Invalid RefComponent list
2026-07-30 14:57:01,925 [ERROR] Middleware:2950 - Invalid RefComponent list
2026-07-30 14:57:01,925 [ERROR] Middleware:2950 - Invalid RefComponent list
2026-07-30 14:57:01,925 [ERROR] Middleware:2950 - Invalid RefComponent list
2026-07-30 14:57:01,925 [ERROR] Middleware:2950 - Invalid RefComponent list
2026-07-30 14:57:01,925 [ERROR] Middleware:2950 - Invalid RefComponent list
2026-07-30 14:57:01,925 [ERROR] Middleware:2950 - Invalid RefComponent list
2026-07-30 14:57:01,925 [ERROR] Middleware:2950 - Invalid RefComponent list
2026-07-30 14:57:01,925 [ERROR] Middleware:2950 - Invalid RefComponent list
2026-07-30 14:57:01,925 [ERROR] Middleware:2950 - Invalid RefComponent list
2026-07-30 14:57:01,925 [ERROR] Middleware:2950 - Invalid RefComponent list
2026-07-30 14:57:01,925 [ERROR] Middleware:2950 - Invalid RefComponent list
2026-07-30 14:57:01,926 [ERROR] Middleware:2950 - Invalid RefComponent list
2026-07-30 14:57:01,926 [ERROR] Middleware:2950 - Invalid RefComponent list
2026-07-30 14:57:01,926 [ERROR] Middleware:2950 - Invalid RefComponent list
2026-07-30 14:57:01,926 [ERROR] Middleware:2950 - Invalid RefComponent list
2026-07-30 14:57:01,926 [ERROR] Middleware:2950 - Invalid RefComponent list
2026-07-30 14:57:01,926 [ERROR] Middleware:2950 - Invalid RefComponent list
2026-07-30 14:57:01,926 [ERROR] Middleware:2950 - Invalid RefComponent list
2026-07-30 14:57:01,926 [ERROR] Middleware:2950 - Invalid RefComponent list
2026-07-30 14:57:01,927 [ERROR] Middleware:2950 - Invalid RefComponent list
2026-07-30 14:57:01,927 [ERROR] Middleware:2950 - Invalid RefComponent list
2026-07-30 14:57:01,927 [ERROR] Middleware:2950 - Invalid RefComponent list
2026-07-30 14:57:01,927 [ERROR] Middleware:2950 - Invalid RefComponent list
2026-07-30 14:57:01,927 [ERROR] Middleware:2950 - Invalid RefComponent list
2026-07-30 14:57:01,927 [ERROR] Middleware:2950 - Invalid RefComponent list
2026-07-30 14:57:01,927 [ERROR] Middleware:2950 - Invalid RefComponent list
2026-07-30 14:57:01,927 [ERROR] Middleware:2950 - Invalid RefComponent list
2026-07-30 14:57:01,927 [ERROR] Middleware:2950 - Invalid RefComponent list
2026-07-30 14:57:01,927 [ERROR] Middleware:2950 - Invalid RefComponent list
2026-07-30 14:57:01,927 [ERROR] Middleware:2950 - Invalid RefComponent list
2026-07-30 14:57:01,927 [ERROR] Middleware:2950 - Invalid RefComponent list
2026-07-30 14:57:01,927 [ERROR] Middleware:2950 - Invalid RefComponent list
2026-07-30 14:57:01,927 [ERROR] Middleware:2950 - Invalid RefComponent list
2026-07-30 14:57:01,927 [ERROR] Middleware:2950 - Invalid RefComponent list
2026-07-30 14:57:01,927 [ERROR] Middleware:2950 - Invalid RefComponent list
2026-07-30 14:57:01,928 [ERROR] Middleware:2950 - Invalid RefComponent list
2026-07-30 14:57:01,928 [ERROR] Middleware:2950 - Invalid RefComponent list
2026-07-30 14:57:01,928 [ERROR] Middleware:2950 - Invalid RefComponent list
2026-07-30 14:57:01,933 [INFO] ProjectBuilder:5216 - Project Generator version: 4.7.0-B52
2026-07-30 14:57:02,066 [INFO] ConfigFileManager:1595 - The Die is : DIE470
2026-07-30 14:57:04,434 [INFO] ProjectBuilder:5496 - Time for Generating toolchain IDE Files: 2499mS.
2026-07-30 14:57:04,434 [INFO] ProjectBuilder:3463 - Time for Copy CMSIS : 0mS.
2026-07-30 14:57:04,446 [INFO] ProjectBuilder:3463 - Time for Copy CMSIS : 0mS.
2026-07-30 15:05:04,684 [INFO] UtilMem:75 - End SaveConfig() Used Memory: 951725064 Bytes (1073741824)
2026-07-30 15:05:07,840 [INFO] UtilMem:75 - End SaveConfig() Used Memory: 862035424 Bytes (1073741824)
2026-07-30 15:05:08,030 [INFO] UtilMem:75 - End SaveConfig() Used Memory: 949663608 Bytes (1073741824)
2026-07-30 15:05:08,232 [INFO] BlockDiagram:2775 - set Specific Code input for plugin: SYS
2026-07-30 15:05:08,232 [INFO] BlockDiagram:2775 - set Specific Code input for plugin: RCC
2026-07-30 15:05:08,232 [INFO] BlockDiagram:2775 - set Specific Code input for plugin: I2C
2026-07-30 15:05:08,232 [INFO] BlockDiagram:2775 - set Specific Code input for plugin: NVIC
2026-07-30 15:05:08,232 [INFO] BlockDiagram:2775 - set Specific Code input for plugin: USART
2026-07-30 15:05:08,232 [INFO] BlockDiagram:2775 - set Specific Code input for plugin: STMicroelectronics.X-CUBE-AI.10.2.1
2026-07-30 15:05:08,233 [INFO] BlockDiagram:2775 - set Specific Code input for plugin: GPIO
2026-07-30 15:05:08,235 [INFO] CodeGenerator:892 - code generatio: config db path: C:\ST\STM32CubeIDE_1.19.0\STM32CubeIDE\plugins\com.st.stm32cube.common.mx_6.15.0.202507011659\\db\
2026-07-30 15:05:08,326 [INFO] IP:3329 - RTE Config file name : RTE_Component
2026-07-30 15:05:08,326 [INFO] IP:3347 - RTE template : RTE_Components.ftl
2026-07-30 15:05:08,335 [INFO] CodeEngine:265 - oldGeneratedFile, D:\TinyML_GJ\TinyML_Workshop\STM32\Interface_OnBoard_IMU\MXTmpFiles\license.tmp_save
2026-07-30 15:05:08,490 [INFO] CodeEngine:289 - Generated code: D:\TinyML_GJ\TinyML_Workshop\STM32\Interface_OnBoard_IMU\MXTmpFiles\license.tmp
2026-07-30 15:05:08,515 [INFO] CodeEngine:265 - oldGeneratedFile, D:\TinyML_GJ\TinyML_Workshop\STM32\Interface_OnBoard_IMU\MXTmpFiles\gpio.tmp_save
2026-07-30 15:05:08,807 [INFO] CodeEngine:289 - Generated code: D:\TinyML_GJ\TinyML_Workshop\STM32\Interface_OnBoard_IMU\MXTmpFiles\gpio.tmp
2026-07-30 15:05:08,927 [INFO] Middleware:1452 - No code input for Bsp Dependency
2026-07-30 15:05:08,928 [INFO] Middleware:1452 - No code input for Bsp Dependency
2026-07-30 15:05:08,943 [INFO] CodeEngine:265 - oldGeneratedFile, D:\TinyML_GJ\TinyML_Workshop\STM32\Interface_OnBoard_IMU\Core\Src\stm32l4xx_it.c_save
2026-07-30 15:05:09,383 [INFO] CodeEngine:289 - Generated code: D:\TinyML_GJ\TinyML_Workshop\STM32\Interface_OnBoard_IMU\Core\Src\stm32l4xx_it.c
2026-07-30 15:05:09,391 [INFO] CodeEngine:265 - oldGeneratedFile, D:\TinyML_GJ\TinyML_Workshop\STM32\Interface_OnBoard_IMU\Core\Inc\stm32l4xx_it.h_save
2026-07-30 15:05:09,476 [INFO] CodeEngine:289 - Generated code: D:\TinyML_GJ\TinyML_Workshop\STM32\Interface_OnBoard_IMU\Core\Inc\stm32l4xx_it.h
2026-07-30 15:05:09,491 [INFO] CodeEngine:265 - oldGeneratedFile, D:\TinyML_GJ\TinyML_Workshop\STM32\Interface_OnBoard_IMU\Core\Src\stm32l4xx_hal_msp.c_save
2026-07-30 15:05:09,743 [INFO] CodeEngine:289 - Generated code: D:\TinyML_GJ\TinyML_Workshop\STM32\Interface_OnBoard_IMU\Core\Src\stm32l4xx_hal_msp.c
2026-07-30 15:05:09,748 [INFO] CodeEngine:265 - oldGeneratedFile, D:\TinyML_GJ\TinyML_Workshop\STM32\Interface_OnBoard_IMU\MXTmpFiles\system.tmp_save
2026-07-30 15:05:09,829 [INFO] CodeEngine:289 - Generated code: D:\TinyML_GJ\TinyML_Workshop\STM32\Interface_OnBoard_IMU\MXTmpFiles\system.tmp
2026-07-30 15:05:09,843 [INFO] CodeEngine:321 - oldGeneratedFile, D:\TinyML_GJ\TinyML_Workshop\STM32\Interface_OnBoard_IMU\Core\Inc\stm32l4xx_hal_conf.h_save
2026-07-30 15:05:10,057 [INFO] CodeEngine:345 - Generated code: D:\TinyML_GJ\TinyML_Workshop\STM32\Interface_OnBoard_IMU\Core\Inc\stm32l4xx_hal_conf.h
2026-07-30 15:05:10,098 [INFO] CodeEngine:265 - oldGeneratedFile, D:\TinyML_GJ\TinyML_Workshop\STM32\Interface_OnBoard_IMU\Core\Inc\main.h_save
2026-07-30 15:05:10,302 [INFO] CodeEngine:289 - Generated code: D:\TinyML_GJ\TinyML_Workshop\STM32\Interface_OnBoard_IMU\Core\Inc\main.h
2026-07-30 15:05:10,314 [INFO] CodeEngine:265 - oldGeneratedFile, D:\TinyML_GJ\TinyML_Workshop\STM32\Interface_OnBoard_IMU\Core\Src\main.c_save
2026-07-30 15:05:10,563 [INFO] CodeEngine:289 - Generated code: D:\TinyML_GJ\TinyML_Workshop\STM32\Interface_OnBoard_IMU\Core\Src\main.c
2026-07-30 15:05:10,943 [INFO] AInterface:322 - ModelName:network; files:[D:\TinyML_GJ\TinyML_Workshop\ONNX\random_forest_model.onnx]; type:ONNX; compression:None
2026-07-30 15:05:10,944 [INFO] AInterface:526 - workspaceTempDir: C:/Users/ADMIN/AppData/Local/Temp/mxAI_workspace84861598115455015987957729242491370
2026-07-30 15:05:10,944 [INFO] AInterface:1179 - Setting Env: C:/Users/ADMIN/STM32Cube/Repository//Packs/STMicroelectronics/X-CUBE-AI/10.2.1/Utilities/windows
2026-07-30 15:05:10,949 [INFO] STM32CubeIDEBuilder:265 - Looking for gnu-tools-for-stm32 tools/bin/arm-none-eabi-gcc.exe in C:\ST\STM32CubeIDE_1.19.0\STM32CubeIDE
2026-07-30 15:05:10,951 [INFO] STM32CubeIDEBuilder:294 - checking C:\ST\STM32CubeIDE_1.19.0\STM32CubeIDE\plugins\com.st.stm32cube.ide.mcu.externaltools.gnu-tools-for-stm32.13.3.rel1.win32_1.0.0.202411081344\tools\bin\arm-none-eabi-gcc.exe
2026-07-30 15:05:10,952 [INFO] STM32CubeIDEBuilder:297 - ret=C:\ST\STM32CubeIDE_1.19.0\STM32CubeIDE\plugins\com.st.stm32cube.ide.mcu.externaltools.gnu-tools-for-stm32.13.3.rel1.win32_1.0.0.202411081344\tools\bin\arm-none-eabi-gcc.exe
2026-07-30 15:05:10,952 [INFO] STM32CubeIDEBuilder:311 - returning C:\ST\STM32CubeIDE_1.19.0\STM32CubeIDE\plugins\com.st.stm32cube.ide.mcu.externaltools.gnu-tools-for-stm32.13.3.rel1.win32_1.0.0.202411081344\tools\bin\arm-none-eabi-gcc.exe
2026-07-30 15:05:10,953 [INFO] AInterface:1236 - Custom PATH variable: C:/Users/ADMIN/STM32Cube/Repository//Packs/STMicroelectronics/X-CUBE-AI/10.2.1/Utilities/windows;C:/Users/ADMIN/STM32Cube/Repository//Packs/STMicroelectronics/X-CUBE-AI/10.2.1/Utilities/windows/mingw64/bin;C:/Users/ADMIN/STM32Cube/Repository//Packs/STMicroelectronics/X-CUBE-AI/10.2.1/Utilities/windows/mingw64/libexec/gcc/x86_64-w64-mingw32/7.3.0;;C:\ST\STM32CubeIDE_1.19.0\STM32CubeIDE\plugins\com.st.stm32cube.ide.mcu.externaltools.gnu-tools-for-stm32.13.3.rel1.win32_1.0.0.202411081344\tools\bin
2026-07-30 15:05:10,955 [INFO] CmdLine:115 - Command: C:/Users/ADMIN/STM32Cube/Repository//Packs/STMicroelectronics/X-CUBE-AI/10.2.1/Utilities/windows/stedgeai.exe generate --target stm32l4 --name network -m D:/TinyML_GJ/TinyML_Workshop/ONNX/random_forest_model.onnx --compression none --verbosity 1 --workspace C:/Users/ADMIN/AppData/Local/Temp/mxAI_workspace84861598115455015987957729242491370 --output C:/Users/ADMIN/.stm32cubemx/network_output
2026-07-30 15:05:10,955 [INFO] AIModelDetailledView:2264 - Analysis status: pending
2026-07-30 15:05:11,833 [INFO] CmdLine:76 - ST Edge AI Core v2.2.0-20266 2adc00962
2026-07-30 15:05:28,597 [INFO] CmdLine:76 - Creating c (debug) info json file C:\Users\ADMIN\.stm32cubemx\network_output\network_c_info.json
2026-07-30 15:05:28,766 [INFO] CmdLine:76 -  
2026-07-30 15:05:28,766 [INFO] CmdLine:76 -  Exec/report summary (generate)
2026-07-30 15:05:28,766 [INFO] CmdLine:76 -  -------------------------------------------------------------------------------------------------------------
2026-07-30 15:05:28,766 [INFO] CmdLine:76 -  model file         :   D:\TinyML_GJ\TinyML_Workshop\ONNX\random_forest_model.onnx                            
2026-07-30 15:05:28,766 [INFO] CmdLine:76 -  type               :   onnx                                                                                  
2026-07-30 15:05:28,766 [INFO] CmdLine:76 -  c_name             :   network                                                                               
2026-07-30 15:05:28,766 [INFO] CmdLine:76 -  compression        :   none                                                                                  
2026-07-30 15:05:28,766 [INFO] CmdLine:76 -  options            :   allocate-inputs, allocate-outputs                                                     
2026-07-30 15:05:28,766 [INFO] CmdLine:76 -  optimization       :   balanced                                                                              
2026-07-30 15:05:28,766 [INFO] CmdLine:76 -  target/series      :   stm32l4                                                                               
2026-07-30 15:05:28,766 [INFO] CmdLine:76 -  workspace dir      :   C:\Users\ADMIN\AppData\Local\Temp\mxAI_workspace84861598115455015987957729242491370   
2026-07-30 15:05:28,767 [INFO] CmdLine:76 -  output dir         :   C:\Users\ADMIN\.stm32cubemx\network_output                                            
2026-07-30 15:05:28,767 [INFO] CmdLine:76 -  model_fmt          :   undefined                                                                             
2026-07-30 15:05:28,767 [INFO] CmdLine:76 -  model_name         :   random_forest_model                                                                   
2026-07-30 15:05:28,767 [INFO] CmdLine:76 -  model_hash         :   0xd29c45df724f3b36c9aa8b9f7a329e08                                                    
2026-07-30 15:05:28,767 [INFO] CmdLine:76 -  params #           :   520,842 items (1.25 MiB)                                                              
2026-07-30 15:05:28,767 [INFO] CmdLine:76 -  -------------------------------------------------------------------------------------------------------------
2026-07-30 15:05:28,767 [INFO] CmdLine:76 -  input 1/1          :   'float_input', f32(1x1x6), 24 Bytes, activations                                      
2026-07-30 15:05:28,767 [INFO] CmdLine:76 -  output 1/2         :   'label0', int32(1x1), 4 Bytes, activations                                            
2026-07-30 15:05:28,767 [INFO] CmdLine:76 -  output 2/2         :   'output_probability', f32(1x1x5x2), 40 Bytes, activations                             
2026-07-30 15:05:28,767 [INFO] CmdLine:76 -  outputs (total)    :   44 Bytes                                                                              
2026-07-30 15:05:28,767 [INFO] CmdLine:76 -  macc               :   1,311                                                                                 
2026-07-30 15:05:28,767 [INFO] CmdLine:76 -  weights (ro)       :   1,313,296 B (1.25 MiB) (1 segment) / -770,072(-37.0%) vs float model                  
2026-07-30 15:05:28,768 [INFO] CmdLine:76 -  activations (rw)   :   64 B (64 B) (1 segment) *                                                             
2026-07-30 15:05:28,768 [INFO] CmdLine:76 -  ram (total)        :   64 B (64 B) = 64 + 0 + 0                                                              
2026-07-30 15:05:28,768 [INFO] CmdLine:76 -  -------------------------------------------------------------------------------------------------------------
2026-07-30 15:05:28,768 [INFO] CmdLine:76 -  (*) 'input'/'output' buffers are allocated in the activations buffer
2026-07-30 15:05:28,826 [INFO] CmdLine:76 - Computing AI RT data/code size (target=stm32l4)..
2026-07-30 15:05:31,795 [INFO] CmdLine:76 -  Requested memory size by section - "stm32l4" target
2026-07-30 15:05:31,795 [INFO] CmdLine:76 -  ------------------------------ ------- ----------- ------- -----
2026-07-30 15:05:31,796 [INFO] CmdLine:76 -  module                            text      rodata    data   bss
2026-07-30 15:05:31,796 [INFO] CmdLine:76 -  ------------------------------ ------- ----------- ------- -----
2026-07-30 15:05:31,796 [INFO] CmdLine:76 -  NetworkRuntime1020_CM4_GCC.a     5,508           0       0     0
2026-07-30 15:05:31,796 [INFO] CmdLine:76 -  network.o                          704          16   1,768   172
2026-07-30 15:05:31,796 [INFO] CmdLine:76 -  network_data.o                      48          16      88     0
2026-07-30 15:05:31,796 [INFO] CmdLine:76 -  lib (toolchain)*                     0           0       0     0
2026-07-30 15:05:31,796 [INFO] CmdLine:76 -  ------------------------------ ------- ----------- ------- -----
2026-07-30 15:05:31,796 [INFO] CmdLine:76 -  RT total**                       6,260          32   1,856   172
2026-07-30 15:05:31,797 [INFO] CmdLine:76 -  ------------------------------ ------- ----------- ------- -----
2026-07-30 15:05:31,797 [INFO] CmdLine:76 -  weights                              0   1,313,296       0     0
2026-07-30 15:05:31,797 [INFO] CmdLine:76 -  activations                          0           0       0    64
2026-07-30 15:05:31,797 [INFO] CmdLine:76 -  io                                   0           0       0     0
2026-07-30 15:05:31,797 [INFO] CmdLine:76 -  ------------------------------ ------- ----------- ------- -----
2026-07-30 15:05:31,797 [INFO] CmdLine:76 -  TOTAL                            6,260   1,313,328   1,856   236
2026-07-30 15:05:31,797 [INFO] CmdLine:76 -  ------------------------------ ------- ----------- ------- -----
2026-07-30 15:05:31,797 [INFO] CmdLine:76 -  *  toolchain objects (libm/libgcc*)
2026-07-30 15:05:31,797 [INFO] CmdLine:76 -  ** RT AI runtime objects (kernels+infrastructure)
2026-07-30 15:05:31,798 [INFO] CmdLine:76 -   Summary - "stm32l4" target
2026-07-30 15:05:31,798 [INFO] CmdLine:76 -   --------------------------------------------------
2026-07-30 15:05:31,798 [INFO] CmdLine:76 -                FLASH (ro)     %*   RAM (rw)       %
2026-07-30 15:05:31,798 [INFO] CmdLine:76 -   --------------------------------------------------
2026-07-30 15:05:31,798 [INFO] CmdLine:76 -   RT total          8,148   0.6%      2,028   96.9%
2026-07-30 15:05:31,798 [INFO] CmdLine:76 -   --------------------------------------------------
2026-07-30 15:05:31,798 [INFO] CmdLine:76 -   TOTAL         1,321,444             2,092
2026-07-30 15:05:31,798 [INFO] CmdLine:76 -   --------------------------------------------------
2026-07-30 15:05:31,798 [INFO] CmdLine:76 -   *  rt/total
2026-07-30 15:05:31,799 [INFO] CmdLine:76 -  Generated files (7)
2026-07-30 15:05:31,799 [INFO] CmdLine:76 -  ------------------------------------------------------------------
2026-07-30 15:05:31,799 [INFO] CmdLine:76 -  C:\Users\ADMIN\.stm32cubemx\network_output\network_data_params.h
2026-07-30 15:05:31,800 [INFO] CmdLine:76 -  C:\Users\ADMIN\.stm32cubemx\network_output\network_data_params.c
2026-07-30 15:05:31,800 [INFO] CmdLine:76 -  C:\Users\ADMIN\.stm32cubemx\network_output\network_data.h
2026-07-30 15:05:31,800 [INFO] CmdLine:76 -  C:\Users\ADMIN\.stm32cubemx\network_output\network_data.c
2026-07-30 15:05:31,800 [INFO] CmdLine:76 -  C:\Users\ADMIN\.stm32cubemx\network_output\network_config.h
2026-07-30 15:05:31,800 [INFO] CmdLine:76 -  C:\Users\ADMIN\.stm32cubemx\network_output\network.h
2026-07-30 15:05:31,800 [INFO] CmdLine:76 -  C:\Users\ADMIN\.stm32cubemx\network_output\network.c
2026-07-30 15:05:31,800 [INFO] CmdLine:76 - Creating txt report file C:\Users\ADMIN\.stm32cubemx\network_output\network_generate_report.txt
2026-07-30 15:05:43,185 [INFO] CmdLine:76 - elapsed time (generate): 31.352s
2026-07-30 15:05:44,052 [INFO] CmdLine:148 - stedgeai exit with status: 0
2026-07-30 15:05:44,239 [INFO] AIModelDetailledView:2264 - Analysis status: done
2026-07-30 15:05:44,760 [INFO] ProjectBuilder:3606 - Time for Copy HAL[1] : 188mS.
2026-07-30 15:05:44,760 [ERROR] Middleware:2950 - Invalid RefComponent list
2026-07-30 15:05:44,760 [ERROR] Middleware:2950 - Invalid RefComponent list
2026-07-30 15:05:44,760 [ERROR] Middleware:2950 - Invalid RefComponent list
2026-07-30 15:05:44,761 [ERROR] Middleware:2950 - Invalid RefComponent list
2026-07-30 15:05:44,761 [ERROR] Middleware:2950 - Invalid RefComponent list
2026-07-30 15:05:44,761 [ERROR] Middleware:2950 - Invalid RefComponent list
2026-07-30 15:05:44,761 [ERROR] Middleware:2950 - Invalid RefComponent list
2026-07-30 15:05:44,761 [ERROR] Middleware:2950 - Invalid RefComponent list
2026-07-30 15:05:44,761 [ERROR] Middleware:2950 - Invalid RefComponent list
2026-07-30 15:05:44,761 [ERROR] Middleware:2950 - Invalid RefComponent list
2026-07-30 15:05:44,761 [ERROR] Middleware:2950 - Invalid RefComponent list
2026-07-30 15:05:44,761 [ERROR] Middleware:2950 - Invalid RefComponent list
2026-07-30 15:05:44,761 [ERROR] Middleware:2950 - Invalid RefComponent list
2026-07-30 15:05:44,761 [ERROR] Middleware:2950 - Invalid RefComponent list
2026-07-30 15:05:44,761 [ERROR] Middleware:2950 - Invalid RefComponent list
2026-07-30 15:05:44,761 [ERROR] Middleware:2950 - Invalid RefComponent list
2026-07-30 15:05:44,761 [ERROR] Middleware:2950 - Invalid RefComponent list
2026-07-30 15:05:44,761 [ERROR] Middleware:2950 - Invalid RefComponent list
2026-07-30 15:05:44,761 [ERROR] Middleware:2950 - Invalid RefComponent list
2026-07-30 15:05:44,761 [ERROR] Middleware:2950 - Invalid RefComponent list
2026-07-30 15:05:44,761 [ERROR] Middleware:2950 - Invalid RefComponent list
2026-07-30 15:05:44,761 [ERROR] Middleware:2950 - Invalid RefComponent list
2026-07-30 15:05:44,761 [ERROR] Middleware:2950 - Invalid RefComponent list
2026-07-30 15:05:44,761 [ERROR] Middleware:2950 - Invalid RefComponent list
2026-07-30 15:05:44,761 [ERROR] Middleware:2950 - Invalid RefComponent list
2026-07-30 15:05:44,761 [ERROR] Middleware:2950 - Invalid RefComponent list
2026-07-30 15:05:44,761 [ERROR] Middleware:2950 - Invalid RefComponent list
2026-07-30 15:05:44,761 [ERROR] Middleware:2950 - Invalid RefComponent list
2026-07-30 15:05:44,761 [ERROR] Middleware:2950 - Invalid RefComponent list
2026-07-30 15:05:44,761 [ERROR] Middleware:2950 - Invalid RefComponent list
2026-07-30 15:05:44,761 [ERROR] Middleware:2950 - Invalid RefComponent list
2026-07-30 15:05:44,762 [ERROR] Middleware:2950 - Invalid RefComponent list
2026-07-30 15:05:44,762 [ERROR] Middleware:2950 - Invalid RefComponent list
2026-07-30 15:05:44,762 [ERROR] Middleware:2950 - Invalid RefComponent list
2026-07-30 15:05:44,762 [ERROR] Middleware:2950 - Invalid RefComponent list
2026-07-30 15:05:44,762 [ERROR] Middleware:2950 - Invalid RefComponent list
2026-07-30 15:05:44,762 [ERROR] Middleware:2950 - Invalid RefComponent list
2026-07-30 15:05:44,762 [ERROR] Middleware:2950 - Invalid RefComponent list
2026-07-30 15:05:44,762 [ERROR] Middleware:2950 - Invalid RefComponent list
2026-07-30 15:05:44,762 [ERROR] Middleware:2950 - Invalid RefComponent list
2026-07-30 15:05:44,762 [ERROR] Middleware:2950 - Invalid RefComponent list
2026-07-30 15:05:44,762 [ERROR] Middleware:2950 - Invalid RefComponent list
2026-07-30 15:05:44,762 [ERROR] Middleware:2950 - Invalid RefComponent list
2026-07-30 15:05:44,762 [ERROR] Middleware:2950 - Invalid RefComponent list
2026-07-30 15:05:44,762 [ERROR] Middleware:2950 - Invalid RefComponent list
2026-07-30 15:05:44,762 [ERROR] Middleware:2950 - Invalid RefComponent list
2026-07-30 15:05:44,762 [ERROR] Middleware:2950 - Invalid RefComponent list
2026-07-30 15:05:44,762 [ERROR] Middleware:2950 - Invalid RefComponent list
2026-07-30 15:05:44,762 [ERROR] Middleware:2950 - Invalid RefComponent list
2026-07-30 15:05:44,762 [ERROR] Middleware:2950 - Invalid RefComponent list
2026-07-30 15:05:44,765 [INFO] ProjectBuilder:5216 - Project Generator version: 4.7.0-B52
2026-07-30 15:05:44,855 [INFO] ConfigFileManager:1595 - The Die is : DIE470
2026-07-30 15:05:45,872 [INFO] ProjectBuilder:5496 - Time for Generating toolchain IDE Files: 1107mS.
2026-07-30 15:05:45,874 [INFO] ProjectBuilder:3463 - Time for Copy CMSIS : 0mS.
2026-07-30 15:05:45,876 [INFO] ProjectBuilder:3463 - Time for Copy CMSIS : 0mS.
2026-07-30 15:05:46,419 [INFO] UtilMem:75 - End SaveConfig() Used Memory: 957975288 Bytes (1073741824)
2026-07-30 15:07:42,210 [INFO] UtilMem:75 - End SaveConfig() Used Memory: 951134648 Bytes (1073741824)
2026-07-30 15:07:42,439 [INFO] UtilMem:75 - End SaveConfig() Used Memory: 992555448 Bytes (1073741824)
2026-07-30 15:07:42,661 [INFO] BlockDiagram:2775 - set Specific Code input for plugin: SYS
2026-07-30 15:07:42,661 [INFO] BlockDiagram:2775 - set Specific Code input for plugin: RCC
2026-07-30 15:07:42,661 [INFO] BlockDiagram:2775 - set Specific Code input for plugin: I2C
2026-07-30 15:07:42,661 [INFO] BlockDiagram:2775 - set Specific Code input for plugin: NVIC
2026-07-30 15:07:42,661 [INFO] BlockDiagram:2775 - set Specific Code input for plugin: USART
2026-07-30 15:07:42,661 [INFO] BlockDiagram:2775 - set Specific Code input for plugin: STMicroelectronics.X-CUBE-AI.10.2.1
2026-07-30 15:07:42,661 [INFO] BlockDiagram:2775 - set Specific Code input for plugin: GPIO
2026-07-30 15:07:42,661 [INFO] CodeGenerator:892 - code generatio: config db path: C:\ST\STM32CubeIDE_1.19.0\STM32CubeIDE\plugins\com.st.stm32cube.common.mx_6.15.0.202507011659\\db\
2026-07-30 15:07:42,756 [INFO] IP:3329 - RTE Config file name : RTE_Component
2026-07-30 15:07:42,756 [INFO] IP:3347 - RTE template : RTE_Components.ftl
2026-07-30 15:07:42,756 [INFO] CodeEngine:265 - oldGeneratedFile, D:\TinyML_GJ\TinyML_Workshop\STM32\Interface_OnBoard_IMU\MXTmpFiles\license.tmp_save
2026-07-30 15:07:42,916 [INFO] CodeEngine:289 - Generated code: D:\TinyML_GJ\TinyML_Workshop\STM32\Interface_OnBoard_IMU\MXTmpFiles\license.tmp
2026-07-30 15:07:42,947 [INFO] CodeEngine:265 - oldGeneratedFile, D:\TinyML_GJ\TinyML_Workshop\STM32\Interface_OnBoard_IMU\MXTmpFiles\gpio.tmp_save
2026-07-30 15:07:43,154 [INFO] CodeEngine:289 - Generated code: D:\TinyML_GJ\TinyML_Workshop\STM32\Interface_OnBoard_IMU\MXTmpFiles\gpio.tmp
2026-07-30 15:07:43,249 [INFO] Middleware:1452 - No code input for Bsp Dependency
2026-07-30 15:07:43,249 [INFO] Middleware:1452 - No code input for Bsp Dependency
2026-07-30 15:07:43,275 [INFO] CodeEngine:265 - oldGeneratedFile, D:\TinyML_GJ\TinyML_Workshop\STM32\Interface_OnBoard_IMU\Core\Src\stm32l4xx_it.c_save
2026-07-30 15:07:43,463 [INFO] CodeEngine:289 - Generated code: D:\TinyML_GJ\TinyML_Workshop\STM32\Interface_OnBoard_IMU\Core\Src\stm32l4xx_it.c
2026-07-30 15:07:43,472 [INFO] CodeEngine:265 - oldGeneratedFile, D:\TinyML_GJ\TinyML_Workshop\STM32\Interface_OnBoard_IMU\Core\Inc\stm32l4xx_it.h_save
2026-07-30 15:07:43,536 [INFO] CodeEngine:289 - Generated code: D:\TinyML_GJ\TinyML_Workshop\STM32\Interface_OnBoard_IMU\Core\Inc\stm32l4xx_it.h
2026-07-30 15:07:43,554 [INFO] CodeEngine:265 - oldGeneratedFile, D:\TinyML_GJ\TinyML_Workshop\STM32\Interface_OnBoard_IMU\Core\Src\stm32l4xx_hal_msp.c_save
2026-07-30 15:07:43,748 [INFO] CodeEngine:289 - Generated code: D:\TinyML_GJ\TinyML_Workshop\STM32\Interface_OnBoard_IMU\Core\Src\stm32l4xx_hal_msp.c
2026-07-30 15:07:43,748 [INFO] CodeEngine:265 - oldGeneratedFile, D:\TinyML_GJ\TinyML_Workshop\STM32\Interface_OnBoard_IMU\MXTmpFiles\system.tmp_save
2026-07-30 15:07:43,828 [INFO] CodeEngine:289 - Generated code: D:\TinyML_GJ\TinyML_Workshop\STM32\Interface_OnBoard_IMU\MXTmpFiles\system.tmp
2026-07-30 15:07:43,844 [INFO] CodeEngine:321 - oldGeneratedFile, D:\TinyML_GJ\TinyML_Workshop\STM32\Interface_OnBoard_IMU\Core\Inc\stm32l4xx_hal_conf.h_save
2026-07-30 15:07:44,053 [INFO] CodeEngine:345 - Generated code: D:\TinyML_GJ\TinyML_Workshop\STM32\Interface_OnBoard_IMU\Core\Inc\stm32l4xx_hal_conf.h
2026-07-30 15:07:44,105 [INFO] CodeEngine:265 - oldGeneratedFile, D:\TinyML_GJ\TinyML_Workshop\STM32\Interface_OnBoard_IMU\Core\Inc\main.h_save
2026-07-30 15:07:44,281 [INFO] CodeEngine:289 - Generated code: D:\TinyML_GJ\TinyML_Workshop\STM32\Interface_OnBoard_IMU\Core\Inc\main.h
2026-07-30 15:07:44,281 [INFO] CodeEngine:265 - oldGeneratedFile, D:\TinyML_GJ\TinyML_Workshop\STM32\Interface_OnBoard_IMU\Core\Src\main.c_save
2026-07-30 15:07:44,489 [INFO] CodeEngine:289 - Generated code: D:\TinyML_GJ\TinyML_Workshop\STM32\Interface_OnBoard_IMU\Core\Src\main.c
2026-07-30 15:07:44,874 [INFO] AInterface:322 - ModelName:network; files:[D:\TinyML_GJ\TinyML_Workshop\ONNX\random_forest_model.onnx]; type:ONNX; compression:None
2026-07-30 15:07:44,879 [INFO] AInterface:526 - workspaceTempDir: C:/Users/ADMIN/AppData/Local/Temp/mxAI_workspace848631374665330012798209996520824566
2026-07-30 15:07:44,879 [INFO] AInterface:1179 - Setting Env: C:/Users/ADMIN/STM32Cube/Repository//Packs/STMicroelectronics/X-CUBE-AI/10.2.1/Utilities/windows
2026-07-30 15:07:44,879 [INFO] STM32CubeIDEBuilder:265 - Looking for gnu-tools-for-stm32 tools/bin/arm-none-eabi-gcc.exe in C:\ST\STM32CubeIDE_1.19.0\STM32CubeIDE
2026-07-30 15:07:44,879 [INFO] STM32CubeIDEBuilder:294 - checking C:\ST\STM32CubeIDE_1.19.0\STM32CubeIDE\plugins\com.st.stm32cube.ide.mcu.externaltools.gnu-tools-for-stm32.13.3.rel1.win32_1.0.0.202411081344\tools\bin\arm-none-eabi-gcc.exe
2026-07-30 15:07:44,879 [INFO] STM32CubeIDEBuilder:297 - ret=C:\ST\STM32CubeIDE_1.19.0\STM32CubeIDE\plugins\com.st.stm32cube.ide.mcu.externaltools.gnu-tools-for-stm32.13.3.rel1.win32_1.0.0.202411081344\tools\bin\arm-none-eabi-gcc.exe
2026-07-30 15:07:44,879 [INFO] STM32CubeIDEBuilder:311 - returning C:\ST\STM32CubeIDE_1.19.0\STM32CubeIDE\plugins\com.st.stm32cube.ide.mcu.externaltools.gnu-tools-for-stm32.13.3.rel1.win32_1.0.0.202411081344\tools\bin\arm-none-eabi-gcc.exe
2026-07-30 15:07:44,879 [INFO] AInterface:1236 - Custom PATH variable: C:/Users/ADMIN/STM32Cube/Repository//Packs/STMicroelectronics/X-CUBE-AI/10.2.1/Utilities/windows;C:/Users/ADMIN/STM32Cube/Repository//Packs/STMicroelectronics/X-CUBE-AI/10.2.1/Utilities/windows/mingw64/bin;C:/Users/ADMIN/STM32Cube/Repository//Packs/STMicroelectronics/X-CUBE-AI/10.2.1/Utilities/windows/mingw64/libexec/gcc/x86_64-w64-mingw32/7.3.0;;C:\ST\STM32CubeIDE_1.19.0\STM32CubeIDE\plugins\com.st.stm32cube.ide.mcu.externaltools.gnu-tools-for-stm32.13.3.rel1.win32_1.0.0.202411081344\tools\bin
2026-07-30 15:07:44,879 [INFO] CmdLine:115 - Command: C:/Users/ADMIN/STM32Cube/Repository//Packs/STMicroelectronics/X-CUBE-AI/10.2.1/Utilities/windows/stedgeai.exe generate --target stm32l4 --name network -m D:/TinyML_GJ/TinyML_Workshop/ONNX/random_forest_model.onnx --compression none --verbosity 1 --workspace C:/Users/ADMIN/AppData/Local/Temp/mxAI_workspace848631374665330012798209996520824566 --output C:/Users/ADMIN/.stm32cubemx/network_output
2026-07-30 15:07:44,879 [INFO] AIModelDetailledView:2264 - Analysis status: pending
2026-07-30 15:07:45,687 [INFO] CmdLine:76 - ST Edge AI Core v2.2.0-20266 2adc00962
2026-07-30 15:08:01,974 [INFO] CmdLine:76 - Creating c (debug) info json file C:\Users\ADMIN\.stm32cubemx\network_output\network_c_info.json
2026-07-30 15:08:02,141 [INFO] CmdLine:76 -  
2026-07-30 15:08:02,141 [INFO] CmdLine:76 -  Exec/report summary (generate)
2026-07-30 15:08:02,142 [INFO] CmdLine:76 -  --------------------------------------------------------------------------------------------------------------
2026-07-30 15:08:02,142 [INFO] CmdLine:76 -  model file         :   D:\TinyML_GJ\TinyML_Workshop\ONNX\random_forest_model.onnx                             
2026-07-30 15:08:02,142 [INFO] CmdLine:76 -  type               :   onnx                                                                                   
2026-07-30 15:08:02,142 [INFO] CmdLine:76 -  c_name             :   network                                                                                
2026-07-30 15:08:02,142 [INFO] CmdLine:76 -  compression        :   none                                                                                   
2026-07-30 15:08:02,142 [INFO] CmdLine:76 -  options            :   allocate-inputs, allocate-outputs                                                      
2026-07-30 15:08:02,142 [INFO] CmdLine:76 -  optimization       :   balanced                                                                               
2026-07-30 15:08:02,142 [INFO] CmdLine:76 -  target/series      :   stm32l4                                                                                
2026-07-30 15:08:02,142 [INFO] CmdLine:76 -  workspace dir      :   C:\Users\ADMIN\AppData\Local\Temp\mxAI_workspace848631374665330012798209996520824566   
2026-07-30 15:08:02,142 [INFO] CmdLine:76 -  output dir         :   C:\Users\ADMIN\.stm32cubemx\network_output                                             
2026-07-30 15:08:02,142 [INFO] CmdLine:76 -  model_fmt          :   undefined                                                                              
2026-07-30 15:08:02,142 [INFO] CmdLine:76 -  model_name         :   random_forest_model                                                                    
2026-07-30 15:08:02,142 [INFO] CmdLine:76 -  model_hash         :   0xd29c45df724f3b36c9aa8b9f7a329e08                                                     
2026-07-30 15:08:02,142 [INFO] CmdLine:76 -  params #           :   520,842 items (1.25 MiB)                                                               
2026-07-30 15:08:02,142 [INFO] CmdLine:76 -  --------------------------------------------------------------------------------------------------------------
2026-07-30 15:08:02,142 [INFO] CmdLine:76 -  input 1/1          :   'float_input', f32(1x1x6), 24 Bytes, activations                                       
2026-07-30 15:08:02,143 [INFO] CmdLine:76 -  output 1/2         :   'label0', int32(1x1), 4 Bytes, activations                                             
2026-07-30 15:08:02,143 [INFO] CmdLine:76 -  output 2/2         :   'output_probability', f32(1x1x5x2), 40 Bytes, activations                              
2026-07-30 15:08:02,143 [INFO] CmdLine:76 -  outputs (total)    :   44 Bytes                                                                               
2026-07-30 15:08:02,143 [INFO] CmdLine:76 -  macc               :   1,311                                                                                  
2026-07-30 15:08:02,143 [INFO] CmdLine:76 -  weights (ro)       :   1,313,296 B (1.25 MiB) (1 segment) / -770,072(-37.0%) vs float model                   
2026-07-30 15:08:02,143 [INFO] CmdLine:76 -  activations (rw)   :   64 B (64 B) (1 segment) *                                                              
2026-07-30 15:08:02,143 [INFO] CmdLine:76 -  ram (total)        :   64 B (64 B) = 64 + 0 + 0                                                               
2026-07-30 15:08:02,143 [INFO] CmdLine:76 -  --------------------------------------------------------------------------------------------------------------
2026-07-30 15:08:02,143 [INFO] CmdLine:76 -  (*) 'input'/'output' buffers are allocated in the activations buffer
2026-07-30 15:08:02,201 [INFO] CmdLine:76 - Computing AI RT data/code size (target=stm32l4)..
2026-07-30 15:08:04,996 [INFO] CmdLine:76 -  Requested memory size by section - "stm32l4" target
2026-07-30 15:08:04,996 [INFO] CmdLine:76 -  ------------------------------ ------- ----------- ------- -----
2026-07-30 15:08:04,996 [INFO] CmdLine:76 -  module                            text      rodata    data   bss
2026-07-30 15:08:04,996 [INFO] CmdLine:76 -  ------------------------------ ------- ----------- ------- -----
2026-07-30 15:08:04,997 [INFO] CmdLine:76 -  NetworkRuntime1020_CM4_GCC.a     5,508           0       0     0
2026-07-30 15:08:04,997 [INFO] CmdLine:76 -  network.o                          704          16   1,768   172
2026-07-30 15:08:04,997 [INFO] CmdLine:76 -  network_data.o                      48          16      88     0
2026-07-30 15:08:04,997 [INFO] CmdLine:76 -  lib (toolchain)*                     0           0       0     0
2026-07-30 15:08:04,997 [INFO] CmdLine:76 -  ------------------------------ ------- ----------- ------- -----
2026-07-30 15:08:04,997 [INFO] CmdLine:76 -  RT total**                       6,260          32   1,856   172
2026-07-30 15:08:04,997 [INFO] CmdLine:76 -  ------------------------------ ------- ----------- ------- -----
2026-07-30 15:08:04,997 [INFO] CmdLine:76 -  weights                              0   1,313,296       0     0
2026-07-30 15:08:04,998 [INFO] CmdLine:76 -  activations                          0           0       0    64
2026-07-30 15:08:04,998 [INFO] CmdLine:76 -  io                                   0           0       0     0
2026-07-30 15:08:04,998 [INFO] CmdLine:76 -  ------------------------------ ------- ----------- ------- -----
2026-07-30 15:08:04,998 [INFO] CmdLine:76 -  TOTAL                            6,260   1,313,328   1,856   236
2026-07-30 15:08:04,998 [INFO] CmdLine:76 -  ------------------------------ ------- ----------- ------- -----
2026-07-30 15:08:04,998 [INFO] CmdLine:76 -  *  toolchain objects (libm/libgcc*)
2026-07-30 15:08:04,998 [INFO] CmdLine:76 -  ** RT AI runtime objects (kernels+infrastructure)
2026-07-30 15:08:04,998 [INFO] CmdLine:76 -   Summary - "stm32l4" target
2026-07-30 15:08:04,999 [INFO] CmdLine:76 -   --------------------------------------------------
2026-07-30 15:08:04,999 [INFO] CmdLine:76 -                FLASH (ro)     %*   RAM (rw)       %
2026-07-30 15:08:04,999 [INFO] CmdLine:76 -   --------------------------------------------------
2026-07-30 15:08:04,999 [INFO] CmdLine:76 -   RT total          8,148   0.6%      2,028   96.9%
2026-07-30 15:08:04,999 [INFO] CmdLine:76 -   --------------------------------------------------
2026-07-30 15:08:04,999 [INFO] CmdLine:76 -   TOTAL         1,321,444             2,092
2026-07-30 15:08:04,999 [INFO] CmdLine:76 -   --------------------------------------------------
2026-07-30 15:08:04,999 [INFO] CmdLine:76 -   *  rt/total
2026-07-30 15:08:04,999 [INFO] CmdLine:76 -  Generated files (7)
2026-07-30 15:08:05,000 [INFO] CmdLine:76 -  ------------------------------------------------------------------
2026-07-30 15:08:05,000 [INFO] CmdLine:76 -  C:\Users\ADMIN\.stm32cubemx\network_output\network_data_params.h
2026-07-30 15:08:05,000 [INFO] CmdLine:76 -  C:\Users\ADMIN\.stm32cubemx\network_output\network_data_params.c
2026-07-30 15:08:05,000 [INFO] CmdLine:76 -  C:\Users\ADMIN\.stm32cubemx\network_output\network_data.h
2026-07-30 15:08:05,000 [INFO] CmdLine:76 -  C:\Users\ADMIN\.stm32cubemx\network_output\network_data.c
2026-07-30 15:08:05,000 [INFO] CmdLine:76 -  C:\Users\ADMIN\.stm32cubemx\network_output\network_config.h
2026-07-30 15:08:05,000 [INFO] CmdLine:76 -  C:\Users\ADMIN\.stm32cubemx\network_output\network.h
2026-07-30 15:08:05,000 [INFO] CmdLine:76 -  C:\Users\ADMIN\.stm32cubemx\network_output\network.c
2026-07-30 15:08:05,001 [INFO] CmdLine:76 - Creating txt report file C:\Users\ADMIN\.stm32cubemx\network_output\network_generate_report.txt
2026-07-30 15:08:17,605 [INFO] CmdLine:76 - elapsed time (generate): 31.919s
2026-07-30 15:08:18,225 [INFO] CmdLine:148 - stedgeai exit with status: 0
2026-07-30 15:08:18,381 [INFO] AIModelDetailledView:2264 - Analysis status: done
2026-07-30 15:08:18,912 [INFO] ProjectBuilder:3606 - Time for Copy HAL[1] : 210mS.
2026-07-30 15:08:18,913 [ERROR] Middleware:2950 - Invalid RefComponent list
2026-07-30 15:08:18,913 [ERROR] Middleware:2950 - Invalid RefComponent list
2026-07-30 15:08:18,913 [ERROR] Middleware:2950 - Invalid RefComponent list
2026-07-30 15:08:18,913 [ERROR] Middleware:2950 - Invalid RefComponent list
2026-07-30 15:08:18,913 [ERROR] Middleware:2950 - Invalid RefComponent list
2026-07-30 15:08:18,913 [ERROR] Middleware:2950 - Invalid RefComponent list
2026-07-30 15:08:18,913 [ERROR] Middleware:2950 - Invalid RefComponent list
2026-07-30 15:08:18,913 [ERROR] Middleware:2950 - Invalid RefComponent list
2026-07-30 15:08:18,913 [ERROR] Middleware:2950 - Invalid RefComponent list
2026-07-30 15:08:18,913 [ERROR] Middleware:2950 - Invalid RefComponent list
2026-07-30 15:08:18,913 [ERROR] Middleware:2950 - Invalid RefComponent list
2026-07-30 15:08:18,913 [ERROR] Middleware:2950 - Invalid RefComponent list
2026-07-30 15:08:18,913 [ERROR] Middleware:2950 - Invalid RefComponent list
2026-07-30 15:08:18,913 [ERROR] Middleware:2950 - Invalid RefComponent list
2026-07-30 15:08:18,913 [ERROR] Middleware:2950 - Invalid RefComponent list
2026-07-30 15:08:18,913 [ERROR] Middleware:2950 - Invalid RefComponent list
2026-07-30 15:08:18,913 [ERROR] Middleware:2950 - Invalid RefComponent list
2026-07-30 15:08:18,913 [ERROR] Middleware:2950 - Invalid RefComponent list
2026-07-30 15:08:18,913 [ERROR] Middleware:2950 - Invalid RefComponent list
2026-07-30 15:08:18,913 [ERROR] Middleware:2950 - Invalid RefComponent list
2026-07-30 15:08:18,913 [ERROR] Middleware:2950 - Invalid RefComponent list
2026-07-30 15:08:18,913 [ERROR] Middleware:2950 - Invalid RefComponent list
2026-07-30 15:08:18,914 [ERROR] Middleware:2950 - Invalid RefComponent list
2026-07-30 15:08:18,914 [ERROR] Middleware:2950 - Invalid RefComponent list
2026-07-30 15:08:18,914 [ERROR] Middleware:2950 - Invalid RefComponent list
2026-07-30 15:08:18,914 [ERROR] Middleware:2950 - Invalid RefComponent list
2026-07-30 15:08:18,914 [ERROR] Middleware:2950 - Invalid RefComponent list
2026-07-30 15:08:18,914 [ERROR] Middleware:2950 - Invalid RefComponent list
2026-07-30 15:08:18,914 [ERROR] Middleware:2950 - Invalid RefComponent list
2026-07-30 15:08:18,914 [ERROR] Middleware:2950 - Invalid RefComponent list
2026-07-30 15:08:18,914 [ERROR] Middleware:2950 - Invalid RefComponent list
2026-07-30 15:08:18,914 [ERROR] Middleware:2950 - Invalid RefComponent list
2026-07-30 15:08:18,914 [ERROR] Middleware:2950 - Invalid RefComponent list
2026-07-30 15:08:18,914 [ERROR] Middleware:2950 - Invalid RefComponent list
2026-07-30 15:08:18,914 [ERROR] Middleware:2950 - Invalid RefComponent list
2026-07-30 15:08:18,914 [ERROR] Middleware:2950 - Invalid RefComponent list
2026-07-30 15:08:18,914 [ERROR] Middleware:2950 - Invalid RefComponent list
2026-07-30 15:08:18,914 [ERROR] Middleware:2950 - Invalid RefComponent list
2026-07-30 15:08:18,914 [ERROR] Middleware:2950 - Invalid RefComponent list
2026-07-30 15:08:18,914 [ERROR] Middleware:2950 - Invalid RefComponent list
2026-07-30 15:08:18,914 [ERROR] Middleware:2950 - Invalid RefComponent list
2026-07-30 15:08:18,914 [ERROR] Middleware:2950 - Invalid RefComponent list
2026-07-30 15:08:18,914 [ERROR] Middleware:2950 - Invalid RefComponent list
2026-07-30 15:08:18,914 [ERROR] Middleware:2950 - Invalid RefComponent list
2026-07-30 15:08:18,914 [ERROR] Middleware:2950 - Invalid RefComponent list
2026-07-30 15:08:18,914 [ERROR] Middleware:2950 - Invalid RefComponent list
2026-07-30 15:08:18,914 [ERROR] Middleware:2950 - Invalid RefComponent list
2026-07-30 15:08:18,914 [ERROR] Middleware:2950 - Invalid RefComponent list
2026-07-30 15:08:18,914 [ERROR] Middleware:2950 - Invalid RefComponent list
2026-07-30 15:08:18,914 [ERROR] Middleware:2950 - Invalid RefComponent list
2026-07-30 15:08:18,918 [INFO] ProjectBuilder:5216 - Project Generator version: 4.7.0-B52
2026-07-30 15:08:19,015 [INFO] ConfigFileManager:1595 - The Die is : DIE470
2026-07-30 15:08:19,837 [INFO] ProjectBuilder:5496 - Time for Generating toolchain IDE Files: 918mS.
2026-07-30 15:08:19,838 [INFO] ProjectBuilder:3463 - Time for Copy CMSIS : 1mS.
2026-07-30 15:08:19,841 [INFO] ProjectBuilder:3463 - Time for Copy CMSIS : 0mS.
2026-07-30 15:14:29,940 [INFO] UtilMem:75 - End SaveConfig() Used Memory: 865274240 Bytes (1073741824)
2026-07-30 15:14:31,735 [INFO] UtilMem:75 - End SaveConfig() Used Memory: 908265952 Bytes (1073741824)
2026-07-30 15:14:31,937 [INFO] UtilMem:75 - End SaveConfig() Used Memory: 886294408 Bytes (1073741824)
2026-07-30 15:14:32,108 [INFO] BlockDiagram:2775 - set Specific Code input for plugin: SYS
2026-07-30 15:14:32,108 [INFO] BlockDiagram:2775 - set Specific Code input for plugin: RCC
2026-07-30 15:14:32,108 [INFO] BlockDiagram:2775 - set Specific Code input for plugin: I2C
2026-07-30 15:14:32,108 [INFO] BlockDiagram:2775 - set Specific Code input for plugin: NVIC
2026-07-30 15:14:32,108 [INFO] BlockDiagram:2775 - set Specific Code input for plugin: USART
2026-07-30 15:14:32,108 [INFO] BlockDiagram:2775 - set Specific Code input for plugin: STMicroelectronics.X-CUBE-AI.10.2.1
2026-07-30 15:14:32,109 [INFO] BlockDiagram:2775 - set Specific Code input for plugin: GPIO
2026-07-30 15:14:32,110 [INFO] CodeGenerator:892 - code generatio: config db path: C:\ST\STM32CubeIDE_1.19.0\STM32CubeIDE\plugins\com.st.stm32cube.common.mx_6.15.0.202507011659\\db\
2026-07-30 15:14:32,207 [INFO] IP:3329 - RTE Config file name : RTE_Component
2026-07-30 15:14:32,207 [INFO] IP:3347 - RTE template : RTE_Components.ftl
2026-07-30 15:14:32,216 [INFO] CodeEngine:265 - oldGeneratedFile, D:\TinyML_GJ\TinyML_Workshop\STM32\Interface_OnBoard_IMU\MXTmpFiles\license.tmp_save
2026-07-30 15:14:32,395 [INFO] CodeEngine:289 - Generated code: D:\TinyML_GJ\TinyML_Workshop\STM32\Interface_OnBoard_IMU\MXTmpFiles\license.tmp
2026-07-30 15:14:32,426 [INFO] CodeEngine:265 - oldGeneratedFile, D:\TinyML_GJ\TinyML_Workshop\STM32\Interface_OnBoard_IMU\MXTmpFiles\gpio.tmp_save
2026-07-30 15:14:32,602 [INFO] CodeEngine:289 - Generated code: D:\TinyML_GJ\TinyML_Workshop\STM32\Interface_OnBoard_IMU\MXTmpFiles\gpio.tmp
2026-07-30 15:14:32,680 [INFO] Middleware:1452 - No code input for Bsp Dependency
2026-07-30 15:14:32,681 [INFO] Middleware:1452 - No code input for Bsp Dependency
2026-07-30 15:14:32,692 [INFO] CodeEngine:265 - oldGeneratedFile, D:\TinyML_GJ\TinyML_Workshop\STM32\Interface_OnBoard_IMU\Core\Src\stm32l4xx_it.c_save
2026-07-30 15:14:32,993 [INFO] CodeEngine:289 - Generated code: D:\TinyML_GJ\TinyML_Workshop\STM32\Interface_OnBoard_IMU\Core\Src\stm32l4xx_it.c
2026-07-30 15:14:33,000 [INFO] CodeEngine:265 - oldGeneratedFile, D:\TinyML_GJ\TinyML_Workshop\STM32\Interface_OnBoard_IMU\Core\Inc\stm32l4xx_it.h_save
2026-07-30 15:14:33,090 [INFO] CodeEngine:289 - Generated code: D:\TinyML_GJ\TinyML_Workshop\STM32\Interface_OnBoard_IMU\Core\Inc\stm32l4xx_it.h
2026-07-30 15:14:33,106 [INFO] CodeEngine:265 - oldGeneratedFile, D:\TinyML_GJ\TinyML_Workshop\STM32\Interface_OnBoard_IMU\Core\Src\stm32l4xx_hal_msp.c_save
2026-07-30 15:14:33,321 [INFO] CodeEngine:289 - Generated code: D:\TinyML_GJ\TinyML_Workshop\STM32\Interface_OnBoard_IMU\Core\Src\stm32l4xx_hal_msp.c
2026-07-30 15:14:33,355 [INFO] CodeEngine:265 - oldGeneratedFile, D:\TinyML_GJ\TinyML_Workshop\STM32\Interface_OnBoard_IMU\MXTmpFiles\system.tmp_save
2026-07-30 15:14:33,435 [INFO] CodeEngine:289 - Generated code: D:\TinyML_GJ\TinyML_Workshop\STM32\Interface_OnBoard_IMU\MXTmpFiles\system.tmp
2026-07-30 15:14:33,450 [INFO] CodeEngine:321 - oldGeneratedFile, D:\TinyML_GJ\TinyML_Workshop\STM32\Interface_OnBoard_IMU\Core\Inc\stm32l4xx_hal_conf.h_save
2026-07-30 15:14:33,686 [INFO] CodeEngine:345 - Generated code: D:\TinyML_GJ\TinyML_Workshop\STM32\Interface_OnBoard_IMU\Core\Inc\stm32l4xx_hal_conf.h
2026-07-30 15:14:33,747 [INFO] CodeEngine:265 - oldGeneratedFile, D:\TinyML_GJ\TinyML_Workshop\STM32\Interface_OnBoard_IMU\Core\Inc\main.h_save
2026-07-30 15:14:33,942 [INFO] CodeEngine:289 - Generated code: D:\TinyML_GJ\TinyML_Workshop\STM32\Interface_OnBoard_IMU\Core\Inc\main.h
2026-07-30 15:14:33,948 [INFO] CodeEngine:265 - oldGeneratedFile, D:\TinyML_GJ\TinyML_Workshop\STM32\Interface_OnBoard_IMU\Core\Src\main.c_save
2026-07-30 15:14:34,149 [INFO] CodeEngine:289 - Generated code: D:\TinyML_GJ\TinyML_Workshop\STM32\Interface_OnBoard_IMU\Core\Src\main.c
2026-07-30 15:14:34,510 [INFO] AInterface:322 - ModelName:network; files:[D:\TinyML_GJ\TinyML_Workshop\ONNX\random_forest_model.onnx]; type:ONNX; compression:None
2026-07-30 15:14:34,511 [INFO] AInterface:526 - workspaceTempDir: C:/Users/ADMIN/AppData/Local/Temp/mxAI_workspace848672337846370011514228779694534051
2026-07-30 15:14:34,511 [INFO] AInterface:1179 - Setting Env: C:/Users/ADMIN/STM32Cube/Repository//Packs/STMicroelectronics/X-CUBE-AI/10.2.1/Utilities/windows
2026-07-30 15:14:34,524 [INFO] STM32CubeIDEBuilder:265 - Looking for gnu-tools-for-stm32 tools/bin/arm-none-eabi-gcc.exe in C:\ST\STM32CubeIDE_1.19.0\STM32CubeIDE
2026-07-30 15:14:34,528 [INFO] STM32CubeIDEBuilder:294 - checking C:\ST\STM32CubeIDE_1.19.0\STM32CubeIDE\plugins\com.st.stm32cube.ide.mcu.externaltools.gnu-tools-for-stm32.13.3.rel1.win32_1.0.0.202411081344\tools\bin\arm-none-eabi-gcc.exe
2026-07-30 15:14:34,528 [INFO] STM32CubeIDEBuilder:297 - ret=C:\ST\STM32CubeIDE_1.19.0\STM32CubeIDE\plugins\com.st.stm32cube.ide.mcu.externaltools.gnu-tools-for-stm32.13.3.rel1.win32_1.0.0.202411081344\tools\bin\arm-none-eabi-gcc.exe
2026-07-30 15:14:34,528 [INFO] STM32CubeIDEBuilder:311 - returning C:\ST\STM32CubeIDE_1.19.0\STM32CubeIDE\plugins\com.st.stm32cube.ide.mcu.externaltools.gnu-tools-for-stm32.13.3.rel1.win32_1.0.0.202411081344\tools\bin\arm-none-eabi-gcc.exe
2026-07-30 15:14:34,529 [INFO] AInterface:1236 - Custom PATH variable: C:/Users/ADMIN/STM32Cube/Repository//Packs/STMicroelectronics/X-CUBE-AI/10.2.1/Utilities/windows;C:/Users/ADMIN/STM32Cube/Repository//Packs/STMicroelectronics/X-CUBE-AI/10.2.1/Utilities/windows/mingw64/bin;C:/Users/ADMIN/STM32Cube/Repository//Packs/STMicroelectronics/X-CUBE-AI/10.2.1/Utilities/windows/mingw64/libexec/gcc/x86_64-w64-mingw32/7.3.0;;C:\ST\STM32CubeIDE_1.19.0\STM32CubeIDE\plugins\com.st.stm32cube.ide.mcu.externaltools.gnu-tools-for-stm32.13.3.rel1.win32_1.0.0.202411081344\tools\bin
2026-07-30 15:14:34,531 [INFO] CmdLine:115 - Command: C:/Users/ADMIN/STM32Cube/Repository//Packs/STMicroelectronics/X-CUBE-AI/10.2.1/Utilities/windows/stedgeai.exe generate --target stm32l4 --name network -m D:/TinyML_GJ/TinyML_Workshop/ONNX/random_forest_model.onnx --compression none --verbosity 1 --workspace C:/Users/ADMIN/AppData/Local/Temp/mxAI_workspace848672337846370011514228779694534051 --output C:/Users/ADMIN/.stm32cubemx/network_output
2026-07-30 15:14:34,532 [INFO] AIModelDetailledView:2264 - Analysis status: pending
2026-07-30 15:14:35,302 [INFO] CmdLine:76 - ST Edge AI Core v2.2.0-20266 2adc00962
2026-07-30 15:14:51,566 [INFO] CmdLine:76 - Creating c (debug) info json file C:\Users\ADMIN\.stm32cubemx\network_output\network_c_info.json
2026-07-30 15:14:51,739 [INFO] CmdLine:76 -  
2026-07-30 15:14:51,739 [INFO] CmdLine:76 -  Exec/report summary (generate)
2026-07-30 15:14:51,739 [INFO] CmdLine:76 -  --------------------------------------------------------------------------------------------------------------
2026-07-30 15:14:51,739 [INFO] CmdLine:76 -  model file         :   D:\TinyML_GJ\TinyML_Workshop\ONNX\random_forest_model.onnx                             
2026-07-30 15:14:51,740 [INFO] CmdLine:76 -  type               :   onnx                                                                                   
2026-07-30 15:14:51,740 [INFO] CmdLine:76 -  c_name             :   network                                                                                
2026-07-30 15:14:51,740 [INFO] CmdLine:76 -  compression        :   none                                                                                   
2026-07-30 15:14:51,740 [INFO] CmdLine:76 -  options            :   allocate-inputs, allocate-outputs                                                      
2026-07-30 15:14:51,741 [INFO] CmdLine:76 -  optimization       :   balanced                                                                               
2026-07-30 15:14:51,742 [INFO] CmdLine:76 -  target/series      :   stm32l4                                                                                
2026-07-30 15:14:51,742 [INFO] CmdLine:76 -  workspace dir      :   C:\Users\ADMIN\AppData\Local\Temp\mxAI_workspace848672337846370011514228779694534051   
2026-07-30 15:14:51,742 [INFO] CmdLine:76 -  output dir         :   C:\Users\ADMIN\.stm32cubemx\network_output                                             
2026-07-30 15:14:51,742 [INFO] CmdLine:76 -  model_fmt          :   undefined                                                                              
2026-07-30 15:14:51,742 [INFO] CmdLine:76 -  model_name         :   random_forest_model                                                                    
2026-07-30 15:14:51,742 [INFO] CmdLine:76 -  model_hash         :   0xd29c45df724f3b36c9aa8b9f7a329e08                                                     
2026-07-30 15:14:51,743 [INFO] CmdLine:76 -  params #           :   520,842 items (1.25 MiB)                                                               
2026-07-30 15:14:51,743 [INFO] CmdLine:76 -  --------------------------------------------------------------------------------------------------------------
2026-07-30 15:14:51,743 [INFO] CmdLine:76 -  input 1/1          :   'float_input', f32(1x1x6), 24 Bytes, activations                                       
2026-07-30 15:14:51,743 [INFO] CmdLine:76 -  output 1/2         :   'label0', int32(1x1), 4 Bytes, activations                                             
2026-07-30 15:14:51,743 [INFO] CmdLine:76 -  output 2/2         :   'output_probability', f32(1x1x5x2), 40 Bytes, activations                              
2026-07-30 15:14:51,743 [INFO] CmdLine:76 -  outputs (total)    :   44 Bytes                                                                               
2026-07-30 15:14:51,743 [INFO] CmdLine:76 -  macc               :   1,311                                                                                  
2026-07-30 15:14:51,743 [INFO] CmdLine:76 -  weights (ro)       :   1,313,296 B (1.25 MiB) (1 segment) / -770,072(-37.0%) vs float model                   
2026-07-30 15:14:51,743 [INFO] CmdLine:76 -  activations (rw)   :   64 B (64 B) (1 segment) *                                                              
2026-07-30 15:14:51,744 [INFO] CmdLine:76 -  ram (total)        :   64 B (64 B) = 64 + 0 + 0                                                               
2026-07-30 15:14:51,744 [INFO] CmdLine:76 -  --------------------------------------------------------------------------------------------------------------
2026-07-30 15:14:51,744 [INFO] CmdLine:76 -  (*) 'input'/'output' buffers are allocated in the activations buffer
2026-07-30 15:14:51,800 [INFO] CmdLine:76 - Computing AI RT data/code size (target=stm32l4)..
2026-07-30 15:14:54,609 [INFO] CmdLine:76 -  Requested memory size by section - "stm32l4" target
2026-07-30 15:14:54,610 [INFO] CmdLine:76 -  ------------------------------ ------- ----------- ------- -----
2026-07-30 15:14:54,610 [INFO] CmdLine:76 -  module                            text      rodata    data   bss
2026-07-30 15:14:54,610 [INFO] CmdLine:76 -  ------------------------------ ------- ----------- ------- -----
2026-07-30 15:14:54,611 [INFO] CmdLine:76 -  NetworkRuntime1020_CM4_GCC.a     5,508           0       0     0
2026-07-30 15:14:54,611 [INFO] CmdLine:76 -  network.o                          704          16   1,768   172
2026-07-30 15:14:54,611 [INFO] CmdLine:76 -  network_data.o                      48          16      88     0
2026-07-30 15:14:54,611 [INFO] CmdLine:76 -  lib (toolchain)*                     0           0       0     0
2026-07-30 15:14:54,611 [INFO] CmdLine:76 -  ------------------------------ ------- ----------- ------- -----
2026-07-30 15:14:54,612 [INFO] CmdLine:76 -  RT total**                       6,260          32   1,856   172
2026-07-30 15:14:54,612 [INFO] CmdLine:76 -  ------------------------------ ------- ----------- ------- -----
2026-07-30 15:14:54,612 [INFO] CmdLine:76 -  weights                              0   1,313,296       0     0
2026-07-30 15:14:54,612 [INFO] CmdLine:76 -  activations                          0           0       0    64
2026-07-30 15:14:54,612 [INFO] CmdLine:76 -  io                                   0           0       0     0
2026-07-30 15:14:54,612 [INFO] CmdLine:76 -  ------------------------------ ------- ----------- ------- -----
2026-07-30 15:14:54,613 [INFO] CmdLine:76 -  TOTAL                            6,260   1,313,328   1,856   236
2026-07-30 15:14:54,613 [INFO] CmdLine:76 -  ------------------------------ ------- ----------- ------- -----
2026-07-30 15:14:54,613 [INFO] CmdLine:76 -  *  toolchain objects (libm/libgcc*)
2026-07-30 15:14:54,613 [INFO] CmdLine:76 -  ** RT AI runtime objects (kernels+infrastructure)
2026-07-30 15:14:54,614 [INFO] CmdLine:76 -   Summary - "stm32l4" target
2026-07-30 15:14:54,614 [INFO] CmdLine:76 -   --------------------------------------------------
2026-07-30 15:14:54,614 [INFO] CmdLine:76 -                FLASH (ro)     %*   RAM (rw)       %
2026-07-30 15:14:54,614 [INFO] CmdLine:76 -   --------------------------------------------------
2026-07-30 15:14:54,614 [INFO] CmdLine:76 -   RT total          8,148   0.6%      2,028   96.9%
2026-07-30 15:14:54,614 [INFO] CmdLine:76 -   --------------------------------------------------
2026-07-30 15:14:54,614 [INFO] CmdLine:76 -   TOTAL         1,321,444             2,092
2026-07-30 15:14:54,615 [INFO] CmdLine:76 -   --------------------------------------------------
2026-07-30 15:14:54,615 [INFO] CmdLine:76 -   *  rt/total
2026-07-30 15:14:54,615 [INFO] CmdLine:76 -  Generated files (7)
2026-07-30 15:14:54,615 [INFO] CmdLine:76 -  ------------------------------------------------------------------
2026-07-30 15:14:54,615 [INFO] CmdLine:76 -  C:\Users\ADMIN\.stm32cubemx\network_output\network_data_params.h
2026-07-30 15:14:54,616 [INFO] CmdLine:76 -  C:\Users\ADMIN\.stm32cubemx\network_output\network_data_params.c
2026-07-30 15:14:54,616 [INFO] CmdLine:76 -  C:\Users\ADMIN\.stm32cubemx\network_output\network_data.h
2026-07-30 15:14:54,616 [INFO] CmdLine:76 -  C:\Users\ADMIN\.stm32cubemx\network_output\network_data.c
2026-07-30 15:14:54,616 [INFO] CmdLine:76 -  C:\Users\ADMIN\.stm32cubemx\network_output\network_config.h
2026-07-30 15:14:54,616 [INFO] CmdLine:76 -  C:\Users\ADMIN\.stm32cubemx\network_output\network.h
2026-07-30 15:14:54,616 [INFO] CmdLine:76 -  C:\Users\ADMIN\.stm32cubemx\network_output\network.c
2026-07-30 15:14:54,616 [INFO] CmdLine:76 - Creating txt report file C:\Users\ADMIN\.stm32cubemx\network_output\network_generate_report.txt
2026-07-30 15:15:00,700 [INFO] CmdLine:76 - elapsed time (generate): 25.398s
2026-07-30 15:15:01,328 [INFO] CmdLine:148 - stedgeai exit with status: 0
2026-07-30 15:15:01,491 [INFO] AIModelDetailledView:2264 - Analysis status: done
2026-07-30 15:15:01,983 [INFO] ProjectBuilder:3606 - Time for Copy HAL[1] : 185mS.
2026-07-30 15:15:01,983 [ERROR] Middleware:2950 - Invalid RefComponent list
2026-07-30 15:15:01,983 [ERROR] Middleware:2950 - Invalid RefComponent list
2026-07-30 15:15:01,984 [ERROR] Middleware:2950 - Invalid RefComponent list
2026-07-30 15:15:01,984 [ERROR] Middleware:2950 - Invalid RefComponent list
2026-07-30 15:15:01,984 [ERROR] Middleware:2950 - Invalid RefComponent list
2026-07-30 15:15:01,984 [ERROR] Middleware:2950 - Invalid RefComponent list
2026-07-30 15:15:01,984 [ERROR] Middleware:2950 - Invalid RefComponent list
2026-07-30 15:15:01,984 [ERROR] Middleware:2950 - Invalid RefComponent list
2026-07-30 15:15:01,984 [ERROR] Middleware:2950 - Invalid RefComponent list
2026-07-30 15:15:01,984 [ERROR] Middleware:2950 - Invalid RefComponent list
2026-07-30 15:15:01,984 [ERROR] Middleware:2950 - Invalid RefComponent list
2026-07-30 15:15:01,984 [ERROR] Middleware:2950 - Invalid RefComponent list
2026-07-30 15:15:01,984 [ERROR] Middleware:2950 - Invalid RefComponent list
2026-07-30 15:15:01,984 [ERROR] Middleware:2950 - Invalid RefComponent list
2026-07-30 15:15:01,984 [ERROR] Middleware:2950 - Invalid RefComponent list
2026-07-30 15:15:01,984 [ERROR] Middleware:2950 - Invalid RefComponent list
2026-07-30 15:15:01,984 [ERROR] Middleware:2950 - Invalid RefComponent list
2026-07-30 15:15:01,984 [ERROR] Middleware:2950 - Invalid RefComponent list
2026-07-30 15:15:01,984 [ERROR] Middleware:2950 - Invalid RefComponent list
2026-07-30 15:15:01,984 [ERROR] Middleware:2950 - Invalid RefComponent list
2026-07-30 15:15:01,984 [ERROR] Middleware:2950 - Invalid RefComponent list
2026-07-30 15:15:01,984 [ERROR] Middleware:2950 - Invalid RefComponent list
2026-07-30 15:15:01,984 [ERROR] Middleware:2950 - Invalid RefComponent list
2026-07-30 15:15:01,984 [ERROR] Middleware:2950 - Invalid RefComponent list
2026-07-30 15:15:01,984 [ERROR] Middleware:2950 - Invalid RefComponent list
2026-07-30 15:15:01,984 [ERROR] Middleware:2950 - Invalid RefComponent list
2026-07-30 15:15:01,984 [ERROR] Middleware:2950 - Invalid RefComponent list
2026-07-30 15:15:01,984 [ERROR] Middleware:2950 - Invalid RefComponent list
2026-07-30 15:15:01,984 [ERROR] Middleware:2950 - Invalid RefComponent list
2026-07-30 15:15:01,984 [ERROR] Middleware:2950 - Invalid RefComponent list
2026-07-30 15:15:01,984 [ERROR] Middleware:2950 - Invalid RefComponent list
2026-07-30 15:15:01,984 [ERROR] Middleware:2950 - Invalid RefComponent list
2026-07-30 15:15:01,984 [ERROR] Middleware:2950 - Invalid RefComponent list
2026-07-30 15:15:01,985 [ERROR] Middleware:2950 - Invalid RefComponent list
2026-07-30 15:15:01,985 [ERROR] Middleware:2950 - Invalid RefComponent list
2026-07-30 15:15:01,985 [ERROR] Middleware:2950 - Invalid RefComponent list
2026-07-30 15:15:01,985 [ERROR] Middleware:2950 - Invalid RefComponent list
2026-07-30 15:15:01,985 [ERROR] Middleware:2950 - Invalid RefComponent list
2026-07-30 15:15:01,985 [ERROR] Middleware:2950 - Invalid RefComponent list
2026-07-30 15:15:01,985 [ERROR] Middleware:2950 - Invalid RefComponent list
2026-07-30 15:15:01,985 [ERROR] Middleware:2950 - Invalid RefComponent list
2026-07-30 15:15:01,985 [ERROR] Middleware:2950 - Invalid RefComponent list
2026-07-30 15:15:01,985 [ERROR] Middleware:2950 - Invalid RefComponent list
2026-07-30 15:15:01,985 [ERROR] Middleware:2950 - Invalid RefComponent list
2026-07-30 15:15:01,985 [ERROR] Middleware:2950 - Invalid RefComponent list
2026-07-30 15:15:01,985 [ERROR] Middleware:2950 - Invalid RefComponent list
2026-07-30 15:15:01,985 [ERROR] Middleware:2950 - Invalid RefComponent list
2026-07-30 15:15:01,985 [ERROR] Middleware:2950 - Invalid RefComponent list
2026-07-30 15:15:01,985 [ERROR] Middleware:2950 - Invalid RefComponent list
2026-07-30 15:15:01,985 [ERROR] Middleware:2950 - Invalid RefComponent list
2026-07-30 15:15:01,988 [INFO] ProjectBuilder:5216 - Project Generator version: 4.7.0-B52
2026-07-30 15:15:02,075 [INFO] ConfigFileManager:1595 - The Die is : DIE470
2026-07-30 15:15:03,134 [INFO] ProjectBuilder:5496 - Time for Generating toolchain IDE Files: 1146mS.
2026-07-30 15:15:03,136 [INFO] ProjectBuilder:3463 - Time for Copy CMSIS : 0mS.
2026-07-30 15:15:03,140 [INFO] ProjectBuilder:3463 - Time for Copy CMSIS : 0mS.
2026-07-30 15:15:03,494 [INFO] UtilMem:75 - End SaveConfig() Used Memory: 944052880 Bytes (1073741824)
2026-07-30 15:15:05,771 [INFO] UtilMem:75 - End SaveConfig() Used Memory: 860845248 Bytes (1073741824)
2026-07-30 15:15:05,967 [INFO] UtilMem:75 - End SaveConfig() Used Memory: 902163952 Bytes (1073741824)
2026-07-30 15:15:06,179 [INFO] BlockDiagram:2775 - set Specific Code input for plugin: SYS
2026-07-30 15:15:06,179 [INFO] BlockDiagram:2775 - set Specific Code input for plugin: RCC
2026-07-30 15:15:06,180 [INFO] BlockDiagram:2775 - set Specific Code input for plugin: I2C
2026-07-30 15:15:06,180 [INFO] BlockDiagram:2775 - set Specific Code input for plugin: NVIC
2026-07-30 15:15:06,180 [INFO] BlockDiagram:2775 - set Specific Code input for plugin: USART
2026-07-30 15:15:06,180 [INFO] BlockDiagram:2775 - set Specific Code input for plugin: STMicroelectronics.X-CUBE-AI.10.2.1
2026-07-30 15:15:06,180 [INFO] BlockDiagram:2775 - set Specific Code input for plugin: GPIO
2026-07-30 15:15:06,182 [INFO] CodeGenerator:892 - code generatio: config db path: C:\ST\STM32CubeIDE_1.19.0\STM32CubeIDE\plugins\com.st.stm32cube.common.mx_6.15.0.202507011659\\db\
2026-07-30 15:15:06,265 [INFO] IP:3329 - RTE Config file name : RTE_Component
2026-07-30 15:15:06,265 [INFO] IP:3347 - RTE template : RTE_Components.ftl
2026-07-30 15:15:06,275 [INFO] CodeEngine:265 - oldGeneratedFile, D:\TinyML_GJ\TinyML_Workshop\STM32\Interface_OnBoard_IMU\MXTmpFiles\license.tmp_save
2026-07-30 15:15:06,428 [INFO] CodeEngine:289 - Generated code: D:\TinyML_GJ\TinyML_Workshop\STM32\Interface_OnBoard_IMU\MXTmpFiles\license.tmp
2026-07-30 15:15:06,452 [INFO] CodeEngine:265 - oldGeneratedFile, D:\TinyML_GJ\TinyML_Workshop\STM32\Interface_OnBoard_IMU\MXTmpFiles\gpio.tmp_save
2026-07-30 15:15:06,609 [INFO] CodeEngine:289 - Generated code: D:\TinyML_GJ\TinyML_Workshop\STM32\Interface_OnBoard_IMU\MXTmpFiles\gpio.tmp
2026-07-30 15:15:06,682 [INFO] Middleware:1452 - No code input for Bsp Dependency
2026-07-30 15:15:06,683 [INFO] Middleware:1452 - No code input for Bsp Dependency
2026-07-30 15:15:06,695 [INFO] CodeEngine:265 - oldGeneratedFile, D:\TinyML_GJ\TinyML_Workshop\STM32\Interface_OnBoard_IMU\Core\Src\stm32l4xx_it.c_save
2026-07-30 15:15:06,863 [INFO] CodeEngine:289 - Generated code: D:\TinyML_GJ\TinyML_Workshop\STM32\Interface_OnBoard_IMU\Core\Src\stm32l4xx_it.c
2026-07-30 15:15:06,868 [INFO] CodeEngine:265 - oldGeneratedFile, D:\TinyML_GJ\TinyML_Workshop\STM32\Interface_OnBoard_IMU\Core\Inc\stm32l4xx_it.h_save
2026-07-30 15:15:06,951 [INFO] CodeEngine:289 - Generated code: D:\TinyML_GJ\TinyML_Workshop\STM32\Interface_OnBoard_IMU\Core\Inc\stm32l4xx_it.h
2026-07-30 15:15:06,971 [INFO] CodeEngine:265 - oldGeneratedFile, D:\TinyML_GJ\TinyML_Workshop\STM32\Interface_OnBoard_IMU\Core\Src\stm32l4xx_hal_msp.c_save
2026-07-30 15:15:07,215 [INFO] CodeEngine:289 - Generated code: D:\TinyML_GJ\TinyML_Workshop\STM32\Interface_OnBoard_IMU\Core\Src\stm32l4xx_hal_msp.c
2026-07-30 15:15:07,220 [INFO] CodeEngine:265 - oldGeneratedFile, D:\TinyML_GJ\TinyML_Workshop\STM32\Interface_OnBoard_IMU\MXTmpFiles\system.tmp_save
2026-07-30 15:15:07,297 [INFO] CodeEngine:289 - Generated code: D:\TinyML_GJ\TinyML_Workshop\STM32\Interface_OnBoard_IMU\MXTmpFiles\system.tmp
2026-07-30 15:15:07,312 [INFO] CodeEngine:321 - oldGeneratedFile, D:\TinyML_GJ\TinyML_Workshop\STM32\Interface_OnBoard_IMU\Core\Inc\stm32l4xx_hal_conf.h_save
2026-07-30 15:15:07,528 [INFO] CodeEngine:345 - Generated code: D:\TinyML_GJ\TinyML_Workshop\STM32\Interface_OnBoard_IMU\Core\Inc\stm32l4xx_hal_conf.h
2026-07-30 15:15:07,584 [INFO] CodeEngine:265 - oldGeneratedFile, D:\TinyML_GJ\TinyML_Workshop\STM32\Interface_OnBoard_IMU\Core\Inc\main.h_save
2026-07-30 15:15:07,777 [INFO] CodeEngine:289 - Generated code: D:\TinyML_GJ\TinyML_Workshop\STM32\Interface_OnBoard_IMU\Core\Inc\main.h
2026-07-30 15:15:07,783 [INFO] CodeEngine:265 - oldGeneratedFile, D:\TinyML_GJ\TinyML_Workshop\STM32\Interface_OnBoard_IMU\Core\Src\main.c_save
2026-07-30 15:15:07,980 [INFO] CodeEngine:289 - Generated code: D:\TinyML_GJ\TinyML_Workshop\STM32\Interface_OnBoard_IMU\Core\Src\main.c
2026-07-30 15:15:08,498 [INFO] AInterface:322 - ModelName:network; files:[D:\TinyML_GJ\TinyML_Workshop\ONNX\random_forest_model.onnx]; type:ONNX; compression:None
2026-07-30 15:15:08,500 [INFO] AInterface:526 - workspaceTempDir: C:/Users/ADMIN/AppData/Local/Temp/mxAI_workspace84867573670414008965957624648340834
2026-07-30 15:15:08,500 [INFO] AInterface:1179 - Setting Env: C:/Users/ADMIN/STM32Cube/Repository//Packs/STMicroelectronics/X-CUBE-AI/10.2.1/Utilities/windows
2026-07-30 15:15:08,505 [INFO] STM32CubeIDEBuilder:265 - Looking for gnu-tools-for-stm32 tools/bin/arm-none-eabi-gcc.exe in C:\ST\STM32CubeIDE_1.19.0\STM32CubeIDE
2026-07-30 15:15:08,508 [INFO] STM32CubeIDEBuilder:294 - checking C:\ST\STM32CubeIDE_1.19.0\STM32CubeIDE\plugins\com.st.stm32cube.ide.mcu.externaltools.gnu-tools-for-stm32.13.3.rel1.win32_1.0.0.202411081344\tools\bin\arm-none-eabi-gcc.exe
2026-07-30 15:15:08,508 [INFO] STM32CubeIDEBuilder:297 - ret=C:\ST\STM32CubeIDE_1.19.0\STM32CubeIDE\plugins\com.st.stm32cube.ide.mcu.externaltools.gnu-tools-for-stm32.13.3.rel1.win32_1.0.0.202411081344\tools\bin\arm-none-eabi-gcc.exe
2026-07-30 15:15:08,508 [INFO] STM32CubeIDEBuilder:311 - returning C:\ST\STM32CubeIDE_1.19.0\STM32CubeIDE\plugins\com.st.stm32cube.ide.mcu.externaltools.gnu-tools-for-stm32.13.3.rel1.win32_1.0.0.202411081344\tools\bin\arm-none-eabi-gcc.exe
2026-07-30 15:15:08,509 [INFO] AInterface:1236 - Custom PATH variable: C:/Users/ADMIN/STM32Cube/Repository//Packs/STMicroelectronics/X-CUBE-AI/10.2.1/Utilities/windows;C:/Users/ADMIN/STM32Cube/Repository//Packs/STMicroelectronics/X-CUBE-AI/10.2.1/Utilities/windows/mingw64/bin;C:/Users/ADMIN/STM32Cube/Repository//Packs/STMicroelectronics/X-CUBE-AI/10.2.1/Utilities/windows/mingw64/libexec/gcc/x86_64-w64-mingw32/7.3.0;;C:\ST\STM32CubeIDE_1.19.0\STM32CubeIDE\plugins\com.st.stm32cube.ide.mcu.externaltools.gnu-tools-for-stm32.13.3.rel1.win32_1.0.0.202411081344\tools\bin
2026-07-30 15:15:08,511 [INFO] CmdLine:115 - Command: C:/Users/ADMIN/STM32Cube/Repository//Packs/STMicroelectronics/X-CUBE-AI/10.2.1/Utilities/windows/stedgeai.exe generate --target stm32l4 --name network -m D:/TinyML_GJ/TinyML_Workshop/ONNX/random_forest_model.onnx --compression none --verbosity 1 --workspace C:/Users/ADMIN/AppData/Local/Temp/mxAI_workspace84867573670414008965957624648340834 --output C:/Users/ADMIN/.stm32cubemx/network_output
2026-07-30 15:15:08,511 [INFO] AIModelDetailledView:2264 - Analysis status: pending
2026-07-30 15:15:09,329 [INFO] CmdLine:76 - ST Edge AI Core v2.2.0-20266 2adc00962
2026-07-30 15:15:25,577 [INFO] CmdLine:76 - Creating c (debug) info json file C:\Users\ADMIN\.stm32cubemx\network_output\network_c_info.json
2026-07-30 15:15:25,745 [INFO] CmdLine:76 -  
2026-07-30 15:15:25,746 [INFO] CmdLine:76 -  Exec/report summary (generate)
2026-07-30 15:15:25,746 [INFO] CmdLine:76 -  -------------------------------------------------------------------------------------------------------------
2026-07-30 15:15:25,746 [INFO] CmdLine:76 -  model file         :   D:\TinyML_GJ\TinyML_Workshop\ONNX\random_forest_model.onnx                            
2026-07-30 15:15:25,746 [INFO] CmdLine:76 -  type               :   onnx                                                                                  
2026-07-30 15:15:25,746 [INFO] CmdLine:76 -  c_name             :   network                                                                               
2026-07-30 15:15:25,746 [INFO] CmdLine:76 -  compression        :   none                                                                                  
2026-07-30 15:15:25,746 [INFO] CmdLine:76 -  options            :   allocate-inputs, allocate-outputs                                                     
2026-07-30 15:15:25,747 [INFO] CmdLine:76 -  optimization       :   balanced                                                                              
2026-07-30 15:15:25,747 [INFO] CmdLine:76 -  target/series      :   stm32l4                                                                               
2026-07-30 15:15:25,747 [INFO] CmdLine:76 -  workspace dir      :   C:\Users\ADMIN\AppData\Local\Temp\mxAI_workspace84867573670414008965957624648340834   
2026-07-30 15:15:25,747 [INFO] CmdLine:76 -  output dir         :   C:\Users\ADMIN\.stm32cubemx\network_output                                            
2026-07-30 15:15:25,747 [INFO] CmdLine:76 -  model_fmt          :   undefined                                                                             
2026-07-30 15:15:25,747 [INFO] CmdLine:76 -  model_name         :   random_forest_model                                                                   
2026-07-30 15:15:25,747 [INFO] CmdLine:76 -  model_hash         :   0xd29c45df724f3b36c9aa8b9f7a329e08                                                    
2026-07-30 15:15:25,747 [INFO] CmdLine:76 -  params #           :   520,842 items (1.25 MiB)                                                              
2026-07-30 15:15:25,747 [INFO] CmdLine:76 -  -------------------------------------------------------------------------------------------------------------
2026-07-30 15:15:25,747 [INFO] CmdLine:76 -  input 1/1          :   'float_input', f32(1x1x6), 24 Bytes, activations                                      
2026-07-30 15:15:25,747 [INFO] CmdLine:76 -  output 1/2         :   'label0', int32(1x1), 4 Bytes, activations                                            
2026-07-30 15:15:25,747 [INFO] CmdLine:76 -  output 2/2         :   'output_probability', f32(1x1x5x2), 40 Bytes, activations                             
2026-07-30 15:15:25,748 [INFO] CmdLine:76 -  outputs (total)    :   44 Bytes                                                                              
2026-07-30 15:15:25,748 [INFO] CmdLine:76 -  macc               :   1,311                                                                                 
2026-07-30 15:15:25,748 [INFO] CmdLine:76 -  weights (ro)       :   1,313,296 B (1.25 MiB) (1 segment) / -770,072(-37.0%) vs float model                  
2026-07-30 15:15:25,748 [INFO] CmdLine:76 -  activations (rw)   :   64 B (64 B) (1 segment) *                                                             
2026-07-30 15:15:25,748 [INFO] CmdLine:76 -  ram (total)        :   64 B (64 B) = 64 + 0 + 0                                                              
2026-07-30 15:15:25,748 [INFO] CmdLine:76 -  -------------------------------------------------------------------------------------------------------------
2026-07-30 15:15:25,748 [INFO] CmdLine:76 -  (*) 'input'/'output' buffers are allocated in the activations buffer
2026-07-30 15:15:25,805 [INFO] CmdLine:76 - Computing AI RT data/code size (target=stm32l4)..
2026-07-30 15:15:28,601 [INFO] CmdLine:76 -  Requested memory size by section - "stm32l4" target
2026-07-30 15:15:28,601 [INFO] CmdLine:76 -  ------------------------------ ------- ----------- ------- -----
2026-07-30 15:15:28,601 [INFO] CmdLine:76 -  module                            text      rodata    data   bss
2026-07-30 15:15:28,602 [INFO] CmdLine:76 -  ------------------------------ ------- ----------- ------- -----
2026-07-30 15:15:28,602 [INFO] CmdLine:76 -  NetworkRuntime1020_CM4_GCC.a     5,508           0       0     0
2026-07-30 15:15:28,602 [INFO] CmdLine:76 -  network.o                          704          16   1,768   172
2026-07-30 15:15:28,602 [INFO] CmdLine:76 -  network_data.o                      48          16      88     0
2026-07-30 15:15:28,602 [INFO] CmdLine:76 -  lib (toolchain)*                     0           0       0     0
2026-07-30 15:15:28,602 [INFO] CmdLine:76 -  ------------------------------ ------- ----------- ------- -----
2026-07-30 15:15:28,602 [INFO] CmdLine:76 -  RT total**                       6,260          32   1,856   172
2026-07-30 15:15:28,603 [INFO] CmdLine:76 -  ------------------------------ ------- ----------- ------- -----
2026-07-30 15:15:28,603 [INFO] CmdLine:76 -  weights                              0   1,313,296       0     0
2026-07-30 15:15:28,603 [INFO] CmdLine:76 -  activations                          0           0       0    64
2026-07-30 15:15:28,603 [INFO] CmdLine:76 -  io                                   0           0       0     0
2026-07-30 15:15:28,603 [INFO] CmdLine:76 -  ------------------------------ ------- ----------- ------- -----
2026-07-30 15:15:28,603 [INFO] CmdLine:76 -  TOTAL                            6,260   1,313,328   1,856   236
2026-07-30 15:15:28,603 [INFO] CmdLine:76 -  ------------------------------ ------- ----------- ------- -----
2026-07-30 15:15:28,604 [INFO] CmdLine:76 -  *  toolchain objects (libm/libgcc*)
2026-07-30 15:15:28,604 [INFO] CmdLine:76 -  ** RT AI runtime objects (kernels+infrastructure)
2026-07-30 15:15:28,604 [INFO] CmdLine:76 -   Summary - "stm32l4" target
2026-07-30 15:15:28,604 [INFO] CmdLine:76 -   --------------------------------------------------
2026-07-30 15:15:28,604 [INFO] CmdLine:76 -                FLASH (ro)     %*   RAM (rw)       %
2026-07-30 15:15:28,604 [INFO] CmdLine:76 -   --------------------------------------------------
2026-07-30 15:15:28,604 [INFO] CmdLine:76 -   RT total          8,148   0.6%      2,028   96.9%
2026-07-30 15:15:28,605 [INFO] CmdLine:76 -   --------------------------------------------------
2026-07-30 15:15:28,605 [INFO] CmdLine:76 -   TOTAL         1,321,444             2,092
2026-07-30 15:15:28,605 [INFO] CmdLine:76 -   --------------------------------------------------
2026-07-30 15:15:28,605 [INFO] CmdLine:76 -   *  rt/total
2026-07-30 15:15:28,605 [INFO] CmdLine:76 -  Generated files (7)
2026-07-30 15:15:28,605 [INFO] CmdLine:76 -  ------------------------------------------------------------------
2026-07-30 15:15:28,605 [INFO] CmdLine:76 -  C:\Users\ADMIN\.stm32cubemx\network_output\network_data_params.h
2026-07-30 15:15:28,605 [INFO] CmdLine:76 -  C:\Users\ADMIN\.stm32cubemx\network_output\network_data_params.c
2026-07-30 15:15:28,605 [INFO] CmdLine:76 -  C:\Users\ADMIN\.stm32cubemx\network_output\network_data.h
2026-07-30 15:15:28,605 [INFO] CmdLine:76 -  C:\Users\ADMIN\.stm32cubemx\network_output\network_data.c
2026-07-30 15:15:28,605 [INFO] CmdLine:76 -  C:\Users\ADMIN\.stm32cubemx\network_output\network_config.h
2026-07-30 15:15:28,606 [INFO] CmdLine:76 -  C:\Users\ADMIN\.stm32cubemx\network_output\network.h
2026-07-30 15:15:28,606 [INFO] CmdLine:76 -  C:\Users\ADMIN\.stm32cubemx\network_output\network.c
2026-07-30 15:15:28,606 [INFO] CmdLine:76 - Creating txt report file C:\Users\ADMIN\.stm32cubemx\network_output\network_generate_report.txt
2026-07-30 15:15:36,030 [INFO] CmdLine:76 - elapsed time (generate): 26.701s
2026-07-30 15:15:36,664 [INFO] CmdLine:148 - stedgeai exit with status: 0
2026-07-30 15:15:36,823 [INFO] AIModelDetailledView:2264 - Analysis status: done
2026-07-30 15:15:37,312 [INFO] ProjectBuilder:3606 - Time for Copy HAL[1] : 190mS.
2026-07-30 15:15:37,312 [ERROR] Middleware:2950 - Invalid RefComponent list
2026-07-30 15:15:37,312 [ERROR] Middleware:2950 - Invalid RefComponent list
2026-07-30 15:15:37,312 [ERROR] Middleware:2950 - Invalid RefComponent list
2026-07-30 15:15:37,312 [ERROR] Middleware:2950 - Invalid RefComponent list
2026-07-30 15:15:37,312 [ERROR] Middleware:2950 - Invalid RefComponent list
2026-07-30 15:15:37,312 [ERROR] Middleware:2950 - Invalid RefComponent list
2026-07-30 15:15:37,312 [ERROR] Middleware:2950 - Invalid RefComponent list
2026-07-30 15:15:37,312 [ERROR] Middleware:2950 - Invalid RefComponent list
2026-07-30 15:15:37,312 [ERROR] Middleware:2950 - Invalid RefComponent list
2026-07-30 15:15:37,312 [ERROR] Middleware:2950 - Invalid RefComponent list
2026-07-30 15:15:37,312 [ERROR] Middleware:2950 - Invalid RefComponent list
2026-07-30 15:15:37,312 [ERROR] Middleware:2950 - Invalid RefComponent list
2026-07-30 15:15:37,312 [ERROR] Middleware:2950 - Invalid RefComponent list
2026-07-30 15:15:37,312 [ERROR] Middleware:2950 - Invalid RefComponent list
2026-07-30 15:15:37,313 [ERROR] Middleware:2950 - Invalid RefComponent list
2026-07-30 15:15:37,313 [ERROR] Middleware:2950 - Invalid RefComponent list
2026-07-30 15:15:37,313 [ERROR] Middleware:2950 - Invalid RefComponent list
2026-07-30 15:15:37,313 [ERROR] Middleware:2950 - Invalid RefComponent list
2026-07-30 15:15:37,313 [ERROR] Middleware:2950 - Invalid RefComponent list
2026-07-30 15:15:37,313 [ERROR] Middleware:2950 - Invalid RefComponent list
2026-07-30 15:15:37,313 [ERROR] Middleware:2950 - Invalid RefComponent list
2026-07-30 15:15:37,313 [ERROR] Middleware:2950 - Invalid RefComponent list
2026-07-30 15:15:37,313 [ERROR] Middleware:2950 - Invalid RefComponent list
2026-07-30 15:15:37,313 [ERROR] Middleware:2950 - Invalid RefComponent list
2026-07-30 15:15:37,313 [ERROR] Middleware:2950 - Invalid RefComponent list
2026-07-30 15:15:37,313 [ERROR] Middleware:2950 - Invalid RefComponent list
2026-07-30 15:15:37,313 [ERROR] Middleware:2950 - Invalid RefComponent list
2026-07-30 15:15:37,313 [ERROR] Middleware:2950 - Invalid RefComponent list
2026-07-30 15:15:37,313 [ERROR] Middleware:2950 - Invalid RefComponent list
2026-07-30 15:15:37,313 [ERROR] Middleware:2950 - Invalid RefComponent list
2026-07-30 15:15:37,313 [ERROR] Middleware:2950 - Invalid RefComponent list
2026-07-30 15:15:37,313 [ERROR] Middleware:2950 - Invalid RefComponent list
2026-07-30 15:15:37,313 [ERROR] Middleware:2950 - Invalid RefComponent list
2026-07-30 15:15:37,313 [ERROR] Middleware:2950 - Invalid RefComponent list
2026-07-30 15:15:37,313 [ERROR] Middleware:2950 - Invalid RefComponent list
2026-07-30 15:15:37,313 [ERROR] Middleware:2950 - Invalid RefComponent list
2026-07-30 15:15:37,313 [ERROR] Middleware:2950 - Invalid RefComponent list
2026-07-30 15:15:37,313 [ERROR] Middleware:2950 - Invalid RefComponent list
2026-07-30 15:15:37,313 [ERROR] Middleware:2950 - Invalid RefComponent list
2026-07-30 15:15:37,313 [ERROR] Middleware:2950 - Invalid RefComponent list
2026-07-30 15:15:37,313 [ERROR] Middleware:2950 - Invalid RefComponent list
2026-07-30 15:15:37,313 [ERROR] Middleware:2950 - Invalid RefComponent list
2026-07-30 15:15:37,313 [ERROR] Middleware:2950 - Invalid RefComponent list
2026-07-30 15:15:37,313 [ERROR] Middleware:2950 - Invalid RefComponent list
2026-07-30 15:15:37,313 [ERROR] Middleware:2950 - Invalid RefComponent list
2026-07-30 15:15:37,313 [ERROR] Middleware:2950 - Invalid RefComponent list
2026-07-30 15:15:37,313 [ERROR] Middleware:2950 - Invalid RefComponent list
2026-07-30 15:15:37,314 [ERROR] Middleware:2950 - Invalid RefComponent list
2026-07-30 15:15:37,314 [ERROR] Middleware:2950 - Invalid RefComponent list
2026-07-30 15:15:37,314 [ERROR] Middleware:2950 - Invalid RefComponent list
2026-07-30 15:15:37,317 [INFO] ProjectBuilder:5216 - Project Generator version: 4.7.0-B52
2026-07-30 15:15:37,405 [INFO] ConfigFileManager:1595 - The Die is : DIE470
2026-07-30 15:15:38,186 [INFO] ProjectBuilder:5496 - Time for Generating toolchain IDE Files: 869mS.
2026-07-30 15:15:38,188 [INFO] ProjectBuilder:3463 - Time for Copy CMSIS : 1mS.
2026-07-30 15:15:38,190 [INFO] ProjectBuilder:3463 - Time for Copy CMSIS : 0mS.
2026-07-30 15:35:46,889 [INFO] MainUpdater:2872 - connection check result : 10
2026-07-30 15:35:46,889 [INFO] McuFinderGlobals:76 - Set McuFinderConnectedMode to true
2026-07-30 15:35:47,711 [INFO] ServerAccessManage:452 - Complete download http(s) 200
2026-07-30 15:35:47,712 [INFO] ServerAccessManage:509 - Download File mcusAds.json._tmp_
2026-07-30 15:35:47,839 [INFO] LoadUrlFilesThread:156 - End of LoadUrlFiles Thread
2026-07-30 15:35:47,989 [INFO] ServerAccessManage:452 - Complete download http(s) 200
2026-07-30 15:35:47,990 [INFO] ServerAccessManage:509 - Download File cube-finder-db.zip
2026-07-30 15:36:34,044 [INFO] FileExtend:248 - Unzip File : cube-finder-db.zip
2026-07-30 15:36:34,044 [INFO] FileExtend:263 - Standard Zip Deflate
2026-07-30 15:36:35,327 [INFO] LoadUrlFilesThread:156 - End of LoadUrlFiles Thread
2026-07-30 15:36:56,565 [ERROR] ServerAccessManage:1295 - Problem during Server Connection :  IO error Connection timed out: getsockopt
2026-07-30 15:36:56,566 [ERROR] ServerAccessManage:740 - Problem during Server Connection :  : crdb.zip.
2026-07-30 15:36:59,358 [INFO] LoadUrlFilesThread:156 - End of LoadUrlFiles Thread
2026-07-30 15:37:00,431 [INFO] DbMcusAds:53 - JSON generation date=Wed Jul 15 15:16:00 IST 2026 (1784108760991)
2026-07-30 15:37:00,440 [INFO] ApiDb:448 - Save user favorites file C:\Users\ADMIN/.stm32cubeide/favorites.mcus.txt: 0 item(s)
2026-07-30 15:37:00,440 [INFO] ApiDb:452 - User favorites MCUs=[]
2026-07-30 15:37:00,447 [INFO] ApiDb:581 - Connected to CubeFinder SQLite database (C:\Users\ADMIN\.stmcufinder\plugins\mcufinder\mcu\cube-finder-db.db)
2026-07-30 15:37:00,554 [INFO] ApiDb:668 - CubeFinder database Data Model version=2.1
2026-07-30 15:37:00,554 [INFO] ApiDb:669 - CubeFinder database Configuration version=3.0.42
2026-07-30 15:37:00,554 [INFO] ApiDb:670 - CubeFinder database generation date=2026-06-23 (1782213372)
2026-07-30 15:37:00,554 [INFO] ApiDb:671 - CubeFinder database FW Pack versions=[FP-ATR-ASTRA1_V2.0.0, FP-SNS-FLIGHT1_V5.1.0, FP-SNS-MOTENV1_V5.1.0, FP-SNS-MOTENVWB1_V1.5.0, FP-SNS-SMARTAG2_V1.2.0, FP-SNS-STBOX1_V2.1.0, STM32Cube_FW_C0_V1.4.0, STM32Cube_FW_F4_V1.28.3, STM32Cube_FW_F7_V1.17.4, STM32Cube_FW_G0_V1.6.3, STM32Cube_FW_G4_V1.6.2, STM32Cube_FW_H5_V1.7.0, STM32Cube_FW_H7RS_V1.3.0, STM32Cube_FW_H7_V1.13.0, STM32Cube_FW_L0_V1.12.2, STM32Cube_FW_L4_V1.18.2, STM32Cube_FW_L5_V1.6.0, STM32Cube_FW_N6_V1.4.0, STM32Cube_FW_U0_V1.3.0, STM32Cube_FW_U3_V1.4.0, STM32Cube_FW_U5_V1.9.0, STM32Cube_FW_WB0_V1.5.0, STM32Cube_FW_WBA_V1.10.0, STM32Cube_FW_WB_V1.24.0, STM32Cube_FW_WL3_V1.5.0, STM32Cube_FW_WL_V1.6.0, X-CUBE-ALGOBUILD_V1.5.0, X-CUBE-ALS_V1.0.2, X-CUBE-AZRTOS-F4_V1.1.0, X-CUBE-AZRTOS-F7_V1.1.0, X-CUBE-AZRTOS-G0_V1.1.0, X-CUBE-AZRTOS-G4_V2.0.0, X-CUBE-AZRTOS-H7RS_V1.1.0, X-CUBE-AZRTOS-H7_V3.5.0, X-CUBE-AZRTOS-L4_V2.0.0, X-CUBE-AZRTOS-L5_V2.0.0, X-CUBE-AZRTOS-WB_V2.0.0, X-CUBE-AZRTOS-WL_V2.0.0, X-CUBE-BLE1_V7.1.0, X-CUBE-BLE2_V3.3.0, X-CUBE-BLEMGR_V4.1.0, X-CUBE-EEPRMA1_V5.2.0, X-CUBE-FREERTOS_V1.5.0, X-CUBE-GNSS1_V7.1.1, X-CUBE-MEMS1_V12.1.0, X-CUBE-NFC4_V3.0.0, X-CUBE-NFC7_V2.0.0, X-CUBE-SFXS2LP1_V4.0.0, X-CUBE-ST67W61_V1.3.0, X-CUBE-SUBG2_V5.0.0, X-CUBE-TOF1_V3.4.3]
2026-07-30 15:37:04,587 [INFO] ApiDb:240 - Found 880 in-development CPN: [B-G473E-ZEST1S, B-WB1M-WPAN1, B-WBA5M-WPAN, B-WL5M-SUBG1, NUCLEO-C031C6, NUCLEO-C051C8, NUCLEO-C071RB, NUCLEO-C092RC, NUCLEO-H503RB, NUCLEO-H533RE, NUCLEO-H563ZI, NUCLEO-H7S3L8, NUCLEO-N657X0-Q, NUCLEO-U031R8, NUCLEO-U083RC, NUCLEO-U385RG-Q, NUCLEO-U545RE-Q, NUCLEO-U5A5ZJ-Q, NUCLEO-WB05KZ, NUCLEO-WB07CC, NUCLEO-WB09KE, NUCLEO-WBA52CG, NUCLEO-WBA55CG, NUCLEO-WL33CC1, NUCLEO-WL33CC2, STEVAL-PROTEUS1, STEVAL-SMARTAG2, STEVAL-STWINBX1, STM320518-EVAL, STM32C0116-DK, STM32C011D6Y3TR, STM32C011D6Y6TR, STM32C011F4P3, STM32C011F4P6, STM32C011F4U3, STM32C011F4U6TR, STM32C011F6P3, STM32C011F6P6, STM32C011F6U3, STM32C011F6U6TR, STM32C011J4M3, STM32C011J4M6, STM32C011J6M3, STM32C011J6M6, STM32C0316-DK, STM32C031C4T3, STM32C031C4T6, STM32C031C4U3, STM32C031C4U6, STM32C031C6T3, STM32C031C6T6, STM32C031C6U3, STM32C031C6U6, STM32C031F4P3, STM32C031F4P6, STM32C031F6P3, STM32C031F6P6, STM32C031G4U3, STM32C031G4U6, STM32C031G6U3, STM32C031G6U6, STM32C031K4T3, STM32C031K4T6, STM32C031K4U3, STM32C031K4U6, STM32C031K6T3, STM32C031K6T6, STM32C031K6U3, STM32C031K6U6, STM32C051C6T6, STM32C051C6U6, STM32C051C8T6, STM32C051C8U6, STM32C051D8Y6TR, STM32C051F6P6, STM32C051F8P6, STM32C051G6U6, STM32C051G8U6, STM32C051K6T6, STM32C051K6U6, STM32C051K8T6, STM32C071C8T6, STM32C071C8T6N, STM32C071C8U6, STM32C071C8U6N, STM32C071CBT6, STM32C071CBT6N, STM32C071CBU6, STM32C071CBU6N, STM32C071F8P6, STM32C071F8P6N, STM32C071FBP6, STM32C071FBP6N, STM32C071FBY6TR, STM32C071G8U6, STM32C071G8U6N, STM32C071GBU6, STM32C071GBU6N, STM32C071K8T6, STM32C071K8T6N, STM32C071K8U6, STM32C071K8U6N, STM32C071KBT6, STM32C071KBT6N, STM32C071KBU6, STM32C071KBU6N, STM32C071R8T6, STM32C071R8T6N, STM32C071RBI6N, STM32C071RBT6, STM32C071RBT6N, STM32C091CBT6, STM32C091CBU6, STM32C091CCT6, STM32C091CCU6, STM32C091ECY6TR, STM32C091FBP6, STM32C091FCP6, STM32C091GBU6, STM32C091GCU6, STM32C091KBT6, STM32C091KBU6, STM32C091KCT6, STM32C091KCU6, STM32C091RBT6, STM32C091RCI6, STM32C091RCT6, STM32C092CBT6, STM32C092CBU6, STM32C092CCT6, STM32C092CCU6, STM32C092ECY6TR, STM32C092FBP6, STM32C092FCP6, STM32C092GBU6, STM32C092GCU6, STM32C092KBT6, STM32C092KBU6, STM32C092KCT6, STM32C092KCU6, STM32C092RBT6, STM32C092RCI6, STM32C092RCT6, STM32G071K8TXN, STM32G071K8UXN, STM32G081GBU6N, STM32G081KBT6N, STM32G081KBUXN, STM32G0B1CCT6N, STM32G0B1KCT6, STM32G0B1NEY6TR, STM32G0B1RCT6N, STM32G0C1CCT6, STM32G0C1CCT6N, STM32G0C1CCU6N, STM32G0C1CET6N, STM32G0C1CEU6N, STM32G0C1KCT6, STM32G0C1NEY6TR, STM32G0C1RCI6N, STM32G0C1RCT6N, STM32G0C1REI6N, STM32G0C1RET6N, STM32G0C1VCI6, STM32G0C1VEI6, STM32G411C6T3, STM32G411C6T6, STM32G411C6U3, STM32G411C6U6, STM32G411C8T3, STM32G411C8T6, STM32G411C8U3, STM32G411C8U6, STM32G411CBT3, STM32G411CBT6, STM32G411CBU3, STM32G411CBU6, STM32G411K6T3, STM32G411K6T6, STM32G411K6U3, STM32G411K6U6, STM32G411K8T3, STM32G411K8T6, STM32G411K8U3, STM32G411K8U6, STM32G411KBT3, STM32G411KBT6, STM32G411KBU3, STM32G411KBU6, STM32G411M6T3, STM32G411M6T6, STM32G411M8T3, STM32G411M8T6, STM32G411MBT3, STM32G411MBT6, STM32G411R6T3, STM32G411R6T6, STM32G411R8T3, STM32G411R8T6, STM32G411RBT3, STM32G411RBT6, STM32G414CBT3, STM32G414CBT6, STM32G414CBU3, STM32G414CBU6, STM32G414CCT3, STM32G414CCT6, STM32G414CCU3, STM32G414CCU6, STM32G414MBT3, STM32G414MBT6, STM32G414MCT3, STM32G414MCT6, STM32G414RBT3, STM32G414RBT6, STM32G414RCT3, STM32G414RCT6, STM32G414VBT3, STM32G414VBT6, STM32G414VCT3, STM32G414VCT6, STM32G431CBT3Z, STM32G431RBT3Z, STM32G471CCT6, STM32G471CCU6, STM32G471CET3, STM32G471CET6, STM32G471CEU3, STM32G471CEU6, STM32G471MCT6, STM32G471MET3, STM32G471MET6, STM32G471MEY6TR, STM32G471QCT6, STM32G471QET3, STM32G471RCT6, STM32G471RET3, STM32G471RET6, STM32G471VCH6, STM32G471VCI6, STM32G471VCT6, STM32G471VEH3, STM32G471VEH6, STM32G471VEI3, STM32G471VEI6, STM32G471VET3, STM32G471VET6, STM32G473QET3Z, STM32G473RET3Z, STM32G474CCT6, STM32G491RET3Z, STM32H503CBT6, STM32H503CBU6, STM32H503EBY6TR, STM32H503KBU6, STM32H503RBT6, STM32H523CCT6, STM32H523CCU6, STM32H523CET6, STM32H523CEU6, STM32H523HEY6TR, STM32H523RCT6, STM32H523RET6, STM32H523VCI6, STM32H523VCT6, STM32H523VEI6, STM32H523VET6, STM32H523ZCJ6, STM32H523ZCT6, STM32H523ZEJ6, STM32H523ZET6, STM32H533CET6, STM32H533CEU6, STM32H533HEY6TR, STM32H533RET6, STM32H533VEI6, STM32H533VET6, STM32H533ZEJ6, STM32H533ZET6, STM32H562AGI6, STM32H562AII6, STM32H562IGK6, STM32H562IGT6, STM32H562IIK6, STM32H562IIT6, STM32H562RGT6, STM32H562RGV6, STM32H562RIT6, STM32H562RIV6, STM32H562VGT6, STM32H562VIT6, STM32H562ZGT6, STM32H562ZIT6, STM32H563AGI6, STM32H563AII3Q, STM32H563AII6, STM32H563IGK6, STM32H563IGT6, STM32H563IIK3Q, STM32H563IIK6, STM32H563IIT3Q, STM32H563IIT6, STM32H563MIY3QTR, STM32H563RGT6, STM32H563RGV6, STM32H563RIT6, STM32H563RIV6, STM32H563VGT6, STM32H563VIT3Q, STM32H563VIT6, STM32H563ZGT6, STM32H563ZIT3Q, STM32H563ZIT6, STM32H573AII3Q, STM32H573AII6, STM32H573I-DK, STM32H573IIK3Q, STM32H573IIK6, STM32H573IIT3Q, STM32H573IIT6, STM32H573MIY3QTR, STM32H573RIT6, STM32H573RIV6, STM32H573VIT3Q, STM32H573VIT6, STM32H573ZIT3Q, STM32H573ZIT6, STM32H7R3A8I6, STM32H7R3I8K6, STM32H7R3I8T6, STM32H7R3L8H6, STM32H7R3L8H6H, STM32H7R3R8V6, STM32H7R3V8H6, STM32H7R3V8T6, STM32H7R3V8Y6TR, STM32H7R3Z8J6, STM32H7R3Z8T6, STM32H7R7A8I6, STM32H7R7I8K6, STM32H7R7I8T6, STM32H7R7L8H6, STM32H7R7L8H6H, STM32H7R7Z8J6, STM32H7S3A8I6, STM32H7S3I8K6, STM32H7S3I8T6, STM32H7S3L8H6, STM32H7S3L8H6H, STM32H7S3R8V6, STM32H7S3V8H6, STM32H7S3V8T6, STM32H7S3V8Y6TR, STM32H7S3Z8J6, STM32H7S3Z8T6, STM32H7S78-DK, STM32H7S7A8I6, STM32H7S7I8K6, STM32H7S7I8T6, STM32H7S7L8H6, STM32H7S7L8H6H, STM32H7S7Z8J6, STM32L4R5QGI6STR, STM32MP131AAE3, STM32MP131AAF3, STM32MP131AAG3, STM32MP131CAE3, STM32MP131CAF3, STM32MP131CAG3, STM32MP131DAE7, STM32MP131DAF7, STM32MP131DAG7, STM32MP131FAE7, STM32MP131FAF7, STM32MP131FAG7, STM32MP133AAE3, STM32MP133AAF3, STM32MP133AAG3, STM32MP133CAE3, STM32MP133CAF3, STM32MP133CAG3, STM32MP133DAE7, STM32MP133DAF7, STM32MP133DAG7, STM32MP133FAE7, STM32MP133FAF7, STM32MP133FAG7, STM32MP135AAE3, STM32MP135AAF3, STM32MP135AAG3, STM32MP135CAE3, STM32MP135CAF3, STM32MP135CAG3, STM32MP135DAE7, STM32MP135DAF7, STM32MP135DAG7, STM32MP135F-DK, STM32MP135FAE7, STM32MP135FAF7, STM32MP135FAF7T, STM32MP135FAF7U, STM32MP135FAG7, STM32MP211AAL3, STM32MP211AAM3, STM32MP211AAN3, STM32MP211AAO3, STM32MP211CAL3, STM32MP211CAM3, STM32MP211CAN3, STM32MP211CAO3, STM32MP211DAL3, STM32MP211DAM3, STM32MP211DAN3, STM32MP211DAO3, STM32MP211FAL3, STM32MP211FAM3, STM32MP211FAN3, STM32MP211FAO3, STM32MP213AAL3, STM32MP213AAM3, STM32MP213AAN3, STM32MP213AAO3, STM32MP213CAL3, STM32MP213CAM3, STM32MP213CAN3, STM32MP213CAO3, STM32MP213DAL3, STM32MP213DAM3, STM32MP213DAN3, STM32MP213DAO3, STM32MP213FAL3, STM32MP213FAM3, STM32MP213FAN3, STM32MP213FAO3, STM32MP215AAL3, STM32MP215AAM3, STM32MP215AAN3, STM32MP215AAO3, STM32MP215CAL3, STM32MP215CAM3, STM32MP215CAN3, STM32MP215CAO3, STM32MP215DAL3, STM32MP215DAM3, STM32MP215DAN3, STM32MP215DAO3, STM32MP215F-DK, STM32MP215FAL3, STM32MP215FAM3, STM32MP215FAN3, STM32MP215FAO3, STM32MP231AAJ3, STM32MP231AAK3, STM32MP231AAL3, STM32MP231CAJ3, STM32MP231CAK3, STM32MP231CAL3, STM32MP231DAJ3, STM32MP231DAK3, STM32MP231DAL3, STM32MP231FAJ3, STM32MP231FAK3, STM32MP231FAL3, STM32MP233AAJ3, STM32MP233AAK3, STM32MP233AAL3, STM32MP233CAJ3, STM32MP233CAK3, STM32MP233CAL3, STM32MP233DAJ3, STM32MP233DAK3, STM32MP233DAL3, STM32MP233FAJ3, STM32MP233FAK3, STM32MP233FAL3, STM32MP235AAJ3, STM32MP235AAK3, STM32MP235AAL3, STM32MP235CAJ3, STM32MP235CAK3, STM32MP235CAL3, STM32MP235DAJ3, STM32MP235DAK3, STM32MP235DAL3, STM32MP235FAJ3, STM32MP235FAK3, STM32MP235FAL3, STM32MP251AAI3, STM32MP251AAK3, STM32MP251AAL3, STM32MP251CAI3, STM32MP251CAK3, STM32MP251CAL3, STM32MP251DAI3, STM32MP251DAK3, STM32MP251DAL3, STM32MP251FAI3, STM32MP251FAK3, STM32MP251FAL3, STM32MP253AAI3, STM32MP253AAK3, STM32MP253AAL3, STM32MP253CAI3, STM32MP253CAK3, STM32MP253CAL3, STM32MP253DAI3, STM32MP253DAK3, STM32MP253DAL3, STM32MP253FAI3, STM32MP253FAK3, STM32MP253FAL3, STM32MP255AAI3, STM32MP255AAK3, STM32MP255AAL3, STM32MP255CAI3, STM32MP255CAK3, STM32MP255CAL3, STM32MP255DAI3, STM32MP255DAK3, STM32MP255DAL3, STM32MP255FAI3, STM32MP255FAK3, STM32MP255FAL3, STM32MP257AAI3, STM32MP257AAK3, STM32MP257AAL3, STM32MP257CAI3, STM32MP257CAK3, STM32MP257CAL3, STM32MP257DAI3, STM32MP257DAK3, STM32MP257DAL3, STM32MP257F-DK, STM32MP257F-EV1, STM32MP257FAI3, STM32MP257FAK3, STM32MP257FAL3, STM32N645A0H3Q, STM32N645B0H3Q, STM32N645I0H3Q, STM32N645L0H3Q, STM32N645X0H3Q, STM32N645Z0H3Q, STM32N647A0H3Q, STM32N647B0H3Q, STM32N647I0H3Q, STM32N647L0H3Q, STM32N647X0H3Q, STM32N647Z0H3Q, STM32N655A0H3Q, STM32N655B0H3Q, STM32N655I0H3Q, STM32N655L0H3Q, STM32N655X0H3Q, STM32N655Z0H3Q, STM32N6570-DK, STM32N657A0H3Q, STM32N657B0H3Q, STM32N657I0H3Q, STM32N657L0H3Q, STM32N657X0H3Q, STM32N657Z0H3Q, STM32U031C6T6, STM32U031C6U6, STM32U031C8T6, STM32U031C8U6, STM32U031F4P6, STM32U031F6P6, STM32U031F8P6, STM32U031G6Y6TR, STM32U031G8Y6TR, STM32U031K4U6, STM32U031K6U6, STM32U031K8U6, STM32U031R6I6, STM32U031R6T6, STM32U031R8I6, STM32U031R8T6, STM32U073C8T6, STM32U073C8U6, STM32U073CBT6, STM32U073CBU6, STM32U073CCT6, STM32U073CCU6, STM32U073H8Y6TR, STM32U073HBY6TR, STM32U073HCY6TR, STM32U073K8U6, STM32U073KBU6, STM32U073KCU6, STM32U073M8I6, STM32U073M8T6, STM32U073MBI6, STM32U073MBT6, STM32U073MCI6, STM32U073MCT6, STM32U073R8I6, STM32U073R8T6, STM32U073RBI6, STM32U073RBT6, STM32U073RCI6, STM32U073RCT6, STM32U083C-DK, STM32U083CCT6, STM32U083CCU6, STM32U083HCY6TR, STM32U083KCU6, STM32U083MCI6, STM32U083MCT6, STM32U083RCI6, STM32U083RCT6, STM32U375CET6, STM32U375CET6Q, STM32U375CEU6, STM32U375CEU6Q, STM32U375CEY6QTR, STM32U375CGT6, STM32U375CGT6Q, STM32U375CGU6, STM32U375CGU6Q, STM32U375CGY6QTR, STM32U375KEU6, STM32U375KGU6, STM32U375REI6, STM32U375REI6Q, STM32U375RET6, STM32U375RET6Q, STM32U375REY6GTR, STM32U375REY6QTR, STM32U375RGI6, STM32U375RGI6Q, STM32U375RGT6, STM32U375RGT6Q, STM32U375RGY6GTR, STM32U375RGY6QTR, STM32U375VEI6, STM32U375VEI6Q, STM32U375VET6, STM32U375VET6Q, STM32U375VGI6, STM32U375VGI6Q, STM32U375VGT6, STM32U375VGT6Q, STM32U385CGT6, STM32U385CGT6Q, STM32U385CGU6, STM32U385CGU6Q, STM32U385CGY6QTR, STM32U385KGU6, STM32U385RGI6, STM32U385RGI6Q, STM32U385RGT6, STM32U385RGT6Q, STM32U385RGY6GTR, STM32U385RGY6QTR, STM32U385VGI6, STM32U385VGI6Q, STM32U385VGT6, STM32U385VGT6Q, STM32U535CBT6, STM32U535CBT6Q, STM32U535CBU6, STM32U535CBU6Q, STM32U535CCT6, STM32U535CCT6Q, STM32U535CCU6, STM32U535CCU6Q, STM32U535CET6, STM32U535CET6Q, STM32U535CEU6, STM32U535CEU6Q, STM32U535JEY6QTR, STM32U535NCY6QTR, STM32U535NEY6QTR, STM32U535RBI6, STM32U535RBI6Q, STM32U535RBT6, STM32U535RBT6Q, STM32U535RCI6, STM32U535RCI6Q, STM32U535RCT6, STM32U535RCT6Q, STM32U535REI6, STM32U535REI6Q, STM32U535RET6, STM32U535RET6Q, STM32U535VCI6, STM32U535VCI6Q, STM32U535VCT6, STM32U535VCT6Q, STM32U535VEI6, STM32U535VEI6Q, STM32U535VET6, STM32U535VET6Q, STM32U545CET6, STM32U545CET6Q, STM32U545CEU6, STM32U545CEU6Q, STM32U545JEY6QTR, STM32U545NEY6QTR, STM32U545REI6, STM32U545REI6Q, STM32U545RET6, STM32U545RET6Q, STM32U545VEI6, STM32U545VEI6Q, STM32U545VET6, STM32U545VET6Q, STM32U595AIH6, STM32U595AIH6Q, STM32U595AJH6, STM32U595AJH6Q, STM32U595QII6, STM32U595QII6Q, STM32U595QJI6, STM32U595QJI6Q, STM32U595RIT6, STM32U595RIT6Q, STM32U595RJT6, STM32U595RJT6Q, STM32U595VIT6, STM32U595VIT6Q, STM32U595VJT6, STM32U595VJT6Q, STM32U595ZIT6, STM32U595ZIT6Q, STM32U595ZIY6QTR, STM32U595ZJT6, STM32U595ZJT6Q, STM32U595ZJY6QTR, STM32U599BJY6QTR, STM32U599NIH6Q, STM32U599NJH6Q, STM32U599VIT6Q, STM32U599VJT6, STM32U599VJT6Q, STM32U599ZIT6Q, STM32U599ZIY6QTR, STM32U599ZJT6Q, STM32U599ZJY6QTR, STM32U5A5AJH6, STM32U5A5AJH6Q, STM32U5A5QII3Q , STM32U5A5QJI6, STM32U5A5QJI6Q, STM32U5A5RJT6, STM32U5A5RJT6Q, STM32U5A5VJT6, STM32U5A5VJT6Q, STM32U5A5ZJT6, STM32U5A5ZJT6Q, STM32U5A5ZJY6QTR, STM32U5A9BJY6QTR, STM32U5A9J-DK, STM32U5A9NJH6Q, STM32U5A9VJT6Q, STM32U5A9ZJT6Q, STM32U5A9ZJY6QTR, STM32U5F7VIT6, STM32U5F7VIT6Q, STM32U5F7VJT6, STM32U5F7VJT6Q, STM32U5F9BJY6QTR, STM32U5F9NJH6Q, STM32U5F9VIT6Q, STM32U5F9VJT6Q, STM32U5F9ZIJ6QTR, STM32U5F9ZIT6Q, STM32U5F9ZJJ6QTR, STM32U5F9ZJT6Q, STM32U5G7VJT6, STM32U5G7VJT6Q, STM32U5G9BJY6QTR, STM32U5G9J-DK1, STM32U5G9J-DK2, STM32U5G9NJH6Q, STM32U5G9VJT6Q, STM32U5G9ZJJ6QTR, STM32U5G9ZJT6Q, STM32WB05KZV6TR, STM32WB05KZV7TR, STM32WB05TZF6TR, STM32WB05TZF7TR, STM32WB06CCF6TR, STM32WB06CCF7TR, STM32WB06CCV6TR, STM32WB06CCV7TR, STM32WB06KCV6TR, STM32WB06KCV7TR, STM32WB07CCF6TR, STM32WB07CCF7TR, STM32WB07CCV6TR, STM32WB07CCV7TR, STM32WB07KCV6TR, STM32WB07KCV7TR, STM32WB09KEV6TR, STM32WB09KEV7TR, STM32WB09TEF6TR, STM32WB09TEF7TR, STM32WB1MMCH6, STM32WBA50KGU6, STM32WBA50KGU6TR, STM32WBA52CEU6, STM32WBA52CEU6TR, STM32WBA52CEU7, STM32WBA52CEU7TR, STM32WBA52CGU6, STM32WBA52CGU6TR, STM32WBA52CGU6U, STM32WBA52CGU7, STM32WBA52CGU7TR, STM32WBA52KEU6, STM32WBA52KEU6TR, STM32WBA52KGU6, STM32WBA52KGU6TR, STM32WBA54CEU6, STM32WBA54CEU6TR, STM32WBA54CEU7, STM32WBA54CEU7TR, STM32WBA54CGU6, STM32WBA54CGU6TR, STM32WBA54CGU7, STM32WBA54CGU7TR, STM32WBA54KEU6, STM32WBA54KEU6TR, STM32WBA54KEU7, STM32WBA54KEU7TR, STM32WBA54KGU6, STM32WBA54KGU6TR, STM32WBA54KGU7, STM32WBA54KGU7TR, STM32WBA55CEU6, STM32WBA55CEU6TR, STM32WBA55CEU7, STM32WBA55CEU7TR, STM32WBA55CGU6, STM32WBA55CGU6TR, STM32WBA55CGU6U, STM32WBA55CGU7, STM32WBA55CGU7TR, STM32WBA55G-DK1, STM32WBA55HEF6, STM32WBA55HEF7, STM32WBA55HGF6, STM32WBA55HGF7, STM32WBA55UEI6, STM32WBA55UEI6TR, STM32WBA55UEI7, STM32WBA55UEI7TR, STM32WBA55UGI6, STM32WBA55UGI6TR, STM32WBA55UGI7, STM32WBA55UGI7TR, STM32WBA5MMGH6TR, STM32WBA62MGF6, STM32WBA62MIF6, STM32WBA65MGF7, STM32WBA65MIF6, STM32WBA65MIF7, STM32WL30K8V6, STM32WL30KBV6, STM32WL31C8V6, STM32WL31CBV6, STM32WL31K8V6, STM32WL31KBV6, STM32WL33C8V6, STM32WL33C8V6X, STM32WL33CBV6, STM32WL33CBV6X, STM32WL33CCV6, STM32WL33CCV6A, STM32WL33CCV6X, STM32WL33K8V7, STM32WL33K8V7X, STM32WL33KBV7 , STM32WL33KBV7X, STM32WL33KCV7, STM32WL33KCV7X, STM32WL5MOCH6, STM32WL5MOCH6TR]
2026-07-30 15:37:04,591 [INFO] DbMcus:218 - Found 5250 MCUs, 5097 are supported
2026-07-30 15:37:04,591 [INFO] ApiDb:423 - Load user favorites file C:\Users\ADMIN/.stm32cubeide/favorites.mcus.txt: 0 item(s)
2026-07-30 15:37:04,591 [INFO] ApiDb:427 - User favorites MCUs=[]
2026-07-30 15:37:04,592 [INFO] DbMcus:224 - Set 0 / 0 favorites MCUs
2026-07-30 15:37:05,545 [INFO] ApiDb:448 - Save user favorites file C:\Users\ADMIN/.stm32cubeide/favorites.boards.txt: 1 item(s)
2026-07-30 15:37:05,545 [INFO] ApiDb:452 - User favorites Boards=[B-L4S5I-IOT01A]
2026-07-30 15:37:05,547 [INFO] ApiDb:581 - Connected to CubeFinder SQLite database (C:\Users\ADMIN\.stmcufinder\plugins\mcufinder\mcu\cube-finder-db.db)
2026-07-30 15:37:05,651 [INFO] ApiDb:668 - CubeFinder database Data Model version=2.1
2026-07-30 15:37:05,651 [INFO] ApiDb:669 - CubeFinder database Configuration version=3.0.42
2026-07-30 15:37:05,651 [INFO] ApiDb:670 - CubeFinder database generation date=2026-06-23 (1782213372)
2026-07-30 15:37:05,651 [INFO] ApiDb:671 - CubeFinder database FW Pack versions=[FP-ATR-ASTRA1_V2.0.0, FP-SNS-FLIGHT1_V5.1.0, FP-SNS-MOTENV1_V5.1.0, FP-SNS-MOTENVWB1_V1.5.0, FP-SNS-SMARTAG2_V1.2.0, FP-SNS-STBOX1_V2.1.0, STM32Cube_FW_C0_V1.4.0, STM32Cube_FW_F4_V1.28.3, STM32Cube_FW_F7_V1.17.4, STM32Cube_FW_G0_V1.6.3, STM32Cube_FW_G4_V1.6.2, STM32Cube_FW_H5_V1.7.0, STM32Cube_FW_H7RS_V1.3.0, STM32Cube_FW_H7_V1.13.0, STM32Cube_FW_L0_V1.12.2, STM32Cube_FW_L4_V1.18.2, STM32Cube_FW_L5_V1.6.0, STM32Cube_FW_N6_V1.4.0, STM32Cube_FW_U0_V1.3.0, STM32Cube_FW_U3_V1.4.0, STM32Cube_FW_U5_V1.9.0, STM32Cube_FW_WB0_V1.5.0, STM32Cube_FW_WBA_V1.10.0, STM32Cube_FW_WB_V1.24.0, STM32Cube_FW_WL3_V1.5.0, STM32Cube_FW_WL_V1.6.0, X-CUBE-ALGOBUILD_V1.5.0, X-CUBE-ALS_V1.0.2, X-CUBE-AZRTOS-F4_V1.1.0, X-CUBE-AZRTOS-F7_V1.1.0, X-CUBE-AZRTOS-G0_V1.1.0, X-CUBE-AZRTOS-G4_V2.0.0, X-CUBE-AZRTOS-H7RS_V1.1.0, X-CUBE-AZRTOS-H7_V3.5.0, X-CUBE-AZRTOS-L4_V2.0.0, X-CUBE-AZRTOS-L5_V2.0.0, X-CUBE-AZRTOS-WB_V2.0.0, X-CUBE-AZRTOS-WL_V2.0.0, X-CUBE-BLE1_V7.1.0, X-CUBE-BLE2_V3.3.0, X-CUBE-BLEMGR_V4.1.0, X-CUBE-EEPRMA1_V5.2.0, X-CUBE-FREERTOS_V1.5.0, X-CUBE-GNSS1_V7.1.1, X-CUBE-MEMS1_V12.1.0, X-CUBE-NFC4_V3.0.0, X-CUBE-NFC7_V2.0.0, X-CUBE-SFXS2LP1_V4.0.0, X-CUBE-ST67W61_V1.3.0, X-CUBE-SUBG2_V5.0.0, X-CUBE-TOF1_V3.4.3]
2026-07-30 15:37:05,721 [INFO] DbBoardsSqlite:226 - include board P-NUCLEO-WB55-NUCLEO as a kit item of type 'Nucleo-64'
2026-07-30 15:37:05,809 [INFO] DbBoardsSqlite:226 - include board P-NUCLEO-WB55-USBDONGLE as a kit item of type 'Nucleo USB Dongle'
2026-07-30 15:37:05,810 [INFO] DbBoardsSqlite:226 - include board STEVAL-IDP005V1 as a kit item of type 'Evaluation Board'
2026-07-30 15:37:05,811 [INFO] DbBoardsSqlite:226 - include board STEVAL-IDP005V2 as a kit item of type 'Evaluation Board'
2026-07-30 15:37:05,914 [INFO] ApiDb:240 - Found 880 in-development CPN: [B-G473E-ZEST1S, B-WB1M-WPAN1, B-WBA5M-WPAN, B-WL5M-SUBG1, NUCLEO-C031C6, NUCLEO-C051C8, NUCLEO-C071RB, NUCLEO-C092RC, NUCLEO-H503RB, NUCLEO-H533RE, NUCLEO-H563ZI, NUCLEO-H7S3L8, NUCLEO-N657X0-Q, NUCLEO-U031R8, NUCLEO-U083RC, NUCLEO-U385RG-Q, NUCLEO-U545RE-Q, NUCLEO-U5A5ZJ-Q, NUCLEO-WB05KZ, NUCLEO-WB07CC, NUCLEO-WB09KE, NUCLEO-WBA52CG, NUCLEO-WBA55CG, NUCLEO-WL33CC1, NUCLEO-WL33CC2, STEVAL-PROTEUS1, STEVAL-SMARTAG2, STEVAL-STWINBX1, STM320518-EVAL, STM32C0116-DK, STM32C011D6Y3TR, STM32C011D6Y6TR, STM32C011F4P3, STM32C011F4P6, STM32C011F4U3, STM32C011F4U6TR, STM32C011F6P3, STM32C011F6P6, STM32C011F6U3, STM32C011F6U6TR, STM32C011J4M3, STM32C011J4M6, STM32C011J6M3, STM32C011J6M6, STM32C0316-DK, STM32C031C4T3, STM32C031C4T6, STM32C031C4U3, STM32C031C4U6, STM32C031C6T3, STM32C031C6T6, STM32C031C6U3, STM32C031C6U6, STM32C031F4P3, STM32C031F4P6, STM32C031F6P3, STM32C031F6P6, STM32C031G4U3, STM32C031G4U6, STM32C031G6U3, STM32C031G6U6, STM32C031K4T3, STM32C031K4T6, STM32C031K4U3, STM32C031K4U6, STM32C031K6T3, STM32C031K6T6, STM32C031K6U3, STM32C031K6U6, STM32C051C6T6, STM32C051C6U6, STM32C051C8T6, STM32C051C8U6, STM32C051D8Y6TR, STM32C051F6P6, STM32C051F8P6, STM32C051G6U6, STM32C051G8U6, STM32C051K6T6, STM32C051K6U6, STM32C051K8T6, STM32C071C8T6, STM32C071C8T6N, STM32C071C8U6, STM32C071C8U6N, STM32C071CBT6, STM32C071CBT6N, STM32C071CBU6, STM32C071CBU6N, STM32C071F8P6, STM32C071F8P6N, STM32C071FBP6, STM32C071FBP6N, STM32C071FBY6TR, STM32C071G8U6, STM32C071G8U6N, STM32C071GBU6, STM32C071GBU6N, STM32C071K8T6, STM32C071K8T6N, STM32C071K8U6, STM32C071K8U6N, STM32C071KBT6, STM32C071KBT6N, STM32C071KBU6, STM32C071KBU6N, STM32C071R8T6, STM32C071R8T6N, STM32C071RBI6N, STM32C071RBT6, STM32C071RBT6N, STM32C091CBT6, STM32C091CBU6, STM32C091CCT6, STM32C091CCU6, STM32C091ECY6TR, STM32C091FBP6, STM32C091FCP6, STM32C091GBU6, STM32C091GCU6, STM32C091KBT6, STM32C091KBU6, STM32C091KCT6, STM32C091KCU6, STM32C091RBT6, STM32C091RCI6, STM32C091RCT6, STM32C092CBT6, STM32C092CBU6, STM32C092CCT6, STM32C092CCU6, STM32C092ECY6TR, STM32C092FBP6, STM32C092FCP6, STM32C092GBU6, STM32C092GCU6, STM32C092KBT6, STM32C092KBU6, STM32C092KCT6, STM32C092KCU6, STM32C092RBT6, STM32C092RCI6, STM32C092RCT6, STM32G071K8TXN, STM32G071K8UXN, STM32G081GBU6N, STM32G081KBT6N, STM32G081KBUXN, STM32G0B1CCT6N, STM32G0B1KCT6, STM32G0B1NEY6TR, STM32G0B1RCT6N, STM32G0C1CCT6, STM32G0C1CCT6N, STM32G0C1CCU6N, STM32G0C1CET6N, STM32G0C1CEU6N, STM32G0C1KCT6, STM32G0C1NEY6TR, STM32G0C1RCI6N, STM32G0C1RCT6N, STM32G0C1REI6N, STM32G0C1RET6N, STM32G0C1VCI6, STM32G0C1VEI6, STM32G411C6T3, STM32G411C6T6, STM32G411C6U3, STM32G411C6U6, STM32G411C8T3, STM32G411C8T6, STM32G411C8U3, STM32G411C8U6, STM32G411CBT3, STM32G411CBT6, STM32G411CBU3, STM32G411CBU6, STM32G411K6T3, STM32G411K6T6, STM32G411K6U3, STM32G411K6U6, STM32G411K8T3, STM32G411K8T6, STM32G411K8U3, STM32G411K8U6, STM32G411KBT3, STM32G411KBT6, STM32G411KBU3, STM32G411KBU6, STM32G411M6T3, STM32G411M6T6, STM32G411M8T3, STM32G411M8T6, STM32G411MBT3, STM32G411MBT6, STM32G411R6T3, STM32G411R6T6, STM32G411R8T3, STM32G411R8T6, STM32G411RBT3, STM32G411RBT6, STM32G414CBT3, STM32G414CBT6, STM32G414CBU3, STM32G414CBU6, STM32G414CCT3, STM32G414CCT6, STM32G414CCU3, STM32G414CCU6, STM32G414MBT3, STM32G414MBT6, STM32G414MCT3, STM32G414MCT6, STM32G414RBT3, STM32G414RBT6, STM32G414RCT3, STM32G414RCT6, STM32G414VBT3, STM32G414VBT6, STM32G414VCT3, STM32G414VCT6, STM32G431CBT3Z, STM32G431RBT3Z, STM32G471CCT6, STM32G471CCU6, STM32G471CET3, STM32G471CET6, STM32G471CEU3, STM32G471CEU6, STM32G471MCT6, STM32G471MET3, STM32G471MET6, STM32G471MEY6TR, STM32G471QCT6, STM32G471QET3, STM32G471RCT6, STM32G471RET3, STM32G471RET6, STM32G471VCH6, STM32G471VCI6, STM32G471VCT6, STM32G471VEH3, STM32G471VEH6, STM32G471VEI3, STM32G471VEI6, STM32G471VET3, STM32G471VET6, STM32G473QET3Z, STM32G473RET3Z, STM32G474CCT6, STM32G491RET3Z, STM32H503CBT6, STM32H503CBU6, STM32H503EBY6TR, STM32H503KBU6, STM32H503RBT6, STM32H523CCT6, STM32H523CCU6, STM32H523CET6, STM32H523CEU6, STM32H523HEY6TR, STM32H523RCT6, STM32H523RET6, STM32H523VCI6, STM32H523VCT6, STM32H523VEI6, STM32H523VET6, STM32H523ZCJ6, STM32H523ZCT6, STM32H523ZEJ6, STM32H523ZET6, STM32H533CET6, STM32H533CEU6, STM32H533HEY6TR, STM32H533RET6, STM32H533VEI6, STM32H533VET6, STM32H533ZEJ6, STM32H533ZET6, STM32H562AGI6, STM32H562AII6, STM32H562IGK6, STM32H562IGT6, STM32H562IIK6, STM32H562IIT6, STM32H562RGT6, STM32H562RGV6, STM32H562RIT6, STM32H562RIV6, STM32H562VGT6, STM32H562VIT6, STM32H562ZGT6, STM32H562ZIT6, STM32H563AGI6, STM32H563AII3Q, STM32H563AII6, STM32H563IGK6, STM32H563IGT6, STM32H563IIK3Q, STM32H563IIK6, STM32H563IIT3Q, STM32H563IIT6, STM32H563MIY3QTR, STM32H563RGT6, STM32H563RGV6, STM32H563RIT6, STM32H563RIV6, STM32H563VGT6, STM32H563VIT3Q, STM32H563VIT6, STM32H563ZGT6, STM32H563ZIT3Q, STM32H563ZIT6, STM32H573AII3Q, STM32H573AII6, STM32H573I-DK, STM32H573IIK3Q, STM32H573IIK6, STM32H573IIT3Q, STM32H573IIT6, STM32H573MIY3QTR, STM32H573RIT6, STM32H573RIV6, STM32H573VIT3Q, STM32H573VIT6, STM32H573ZIT3Q, STM32H573ZIT6, STM32H7R3A8I6, STM32H7R3I8K6, STM32H7R3I8T6, STM32H7R3L8H6, STM32H7R3L8H6H, STM32H7R3R8V6, STM32H7R3V8H6, STM32H7R3V8T6, STM32H7R3V8Y6TR, STM32H7R3Z8J6, STM32H7R3Z8T6, STM32H7R7A8I6, STM32H7R7I8K6, STM32H7R7I8T6, STM32H7R7L8H6, STM32H7R7L8H6H, STM32H7R7Z8J6, STM32H7S3A8I6, STM32H7S3I8K6, STM32H7S3I8T6, STM32H7S3L8H6, STM32H7S3L8H6H, STM32H7S3R8V6, STM32H7S3V8H6, STM32H7S3V8T6, STM32H7S3V8Y6TR, STM32H7S3Z8J6, STM32H7S3Z8T6, STM32H7S78-DK, STM32H7S7A8I6, STM32H7S7I8K6, STM32H7S7I8T6, STM32H7S7L8H6, STM32H7S7L8H6H, STM32H7S7Z8J6, STM32L4R5QGI6STR, STM32MP131AAE3, STM32MP131AAF3, STM32MP131AAG3, STM32MP131CAE3, STM32MP131CAF3, STM32MP131CAG3, STM32MP131DAE7, STM32MP131DAF7, STM32MP131DAG7, STM32MP131FAE7, STM32MP131FAF7, STM32MP131FAG7, STM32MP133AAE3, STM32MP133AAF3, STM32MP133AAG3, STM32MP133CAE3, STM32MP133CAF3, STM32MP133CAG3, STM32MP133DAE7, STM32MP133DAF7, STM32MP133DAG7, STM32MP133FAE7, STM32MP133FAF7, STM32MP133FAG7, STM32MP135AAE3, STM32MP135AAF3, STM32MP135AAG3, STM32MP135CAE3, STM32MP135CAF3, STM32MP135CAG3, STM32MP135DAE7, STM32MP135DAF7, STM32MP135DAG7, STM32MP135F-DK, STM32MP135FAE7, STM32MP135FAF7, STM32MP135FAF7T, STM32MP135FAF7U, STM32MP135FAG7, STM32MP211AAL3, STM32MP211AAM3, STM32MP211AAN3, STM32MP211AAO3, STM32MP211CAL3, STM32MP211CAM3, STM32MP211CAN3, STM32MP211CAO3, STM32MP211DAL3, STM32MP211DAM3, STM32MP211DAN3, STM32MP211DAO3, STM32MP211FAL3, STM32MP211FAM3, STM32MP211FAN3, STM32MP211FAO3, STM32MP213AAL3, STM32MP213AAM3, STM32MP213AAN3, STM32MP213AAO3, STM32MP213CAL3, STM32MP213CAM3, STM32MP213CAN3, STM32MP213CAO3, STM32MP213DAL3, STM32MP213DAM3, STM32MP213DAN3, STM32MP213DAO3, STM32MP213FAL3, STM32MP213FAM3, STM32MP213FAN3, STM32MP213FAO3, STM32MP215AAL3, STM32MP215AAM3, STM32MP215AAN3, STM32MP215AAO3, STM32MP215CAL3, STM32MP215CAM3, STM32MP215CAN3, STM32MP215CAO3, STM32MP215DAL3, STM32MP215DAM3, STM32MP215DAN3, STM32MP215DAO3, STM32MP215F-DK, STM32MP215FAL3, STM32MP215FAM3, STM32MP215FAN3, STM32MP215FAO3, STM32MP231AAJ3, STM32MP231AAK3, STM32MP231AAL3, STM32MP231CAJ3, STM32MP231CAK3, STM32MP231CAL3, STM32MP231DAJ3, STM32MP231DAK3, STM32MP231DAL3, STM32MP231FAJ3, STM32MP231FAK3, STM32MP231FAL3, STM32MP233AAJ3, STM32MP233AAK3, STM32MP233AAL3, STM32MP233CAJ3, STM32MP233CAK3, STM32MP233CAL3, STM32MP233DAJ3, STM32MP233DAK3, STM32MP233DAL3, STM32MP233FAJ3, STM32MP233FAK3, STM32MP233FAL3, STM32MP235AAJ3, STM32MP235AAK3, STM32MP235AAL3, STM32MP235CAJ3, STM32MP235CAK3, STM32MP235CAL3, STM32MP235DAJ3, STM32MP235DAK3, STM32MP235DAL3, STM32MP235FAJ3, STM32MP235FAK3, STM32MP235FAL3, STM32MP251AAI3, STM32MP251AAK3, STM32MP251AAL3, STM32MP251CAI3, STM32MP251CAK3, STM32MP251CAL3, STM32MP251DAI3, STM32MP251DAK3, STM32MP251DAL3, STM32MP251FAI3, STM32MP251FAK3, STM32MP251FAL3, STM32MP253AAI3, STM32MP253AAK3, STM32MP253AAL3, STM32MP253CAI3, STM32MP253CAK3, STM32MP253CAL3, STM32MP253DAI3, STM32MP253DAK3, STM32MP253DAL3, STM32MP253FAI3, STM32MP253FAK3, STM32MP253FAL3, STM32MP255AAI3, STM32MP255AAK3, STM32MP255AAL3, STM32MP255CAI3, STM32MP255CAK3, STM32MP255CAL3, STM32MP255DAI3, STM32MP255DAK3, STM32MP255DAL3, STM32MP255FAI3, STM32MP255FAK3, STM32MP255FAL3, STM32MP257AAI3, STM32MP257AAK3, STM32MP257AAL3, STM32MP257CAI3, STM32MP257CAK3, STM32MP257CAL3, STM32MP257DAI3, STM32MP257DAK3, STM32MP257DAL3, STM32MP257F-DK, STM32MP257F-EV1, STM32MP257FAI3, STM32MP257FAK3, STM32MP257FAL3, STM32N645A0H3Q, STM32N645B0H3Q, STM32N645I0H3Q, STM32N645L0H3Q, STM32N645X0H3Q, STM32N645Z0H3Q, STM32N647A0H3Q, STM32N647B0H3Q, STM32N647I0H3Q, STM32N647L0H3Q, STM32N647X0H3Q, STM32N647Z0H3Q, STM32N655A0H3Q, STM32N655B0H3Q, STM32N655I0H3Q, STM32N655L0H3Q, STM32N655X0H3Q, STM32N655Z0H3Q, STM32N6570-DK, STM32N657A0H3Q, STM32N657B0H3Q, STM32N657I0H3Q, STM32N657L0H3Q, STM32N657X0H3Q, STM32N657Z0H3Q, STM32U031C6T6, STM32U031C6U6, STM32U031C8T6, STM32U031C8U6, STM32U031F4P6, STM32U031F6P6, STM32U031F8P6, STM32U031G6Y6TR, STM32U031G8Y6TR, STM32U031K4U6, STM32U031K6U6, STM32U031K8U6, STM32U031R6I6, STM32U031R6T6, STM32U031R8I6, STM32U031R8T6, STM32U073C8T6, STM32U073C8U6, STM32U073CBT6, STM32U073CBU6, STM32U073CCT6, STM32U073CCU6, STM32U073H8Y6TR, STM32U073HBY6TR, STM32U073HCY6TR, STM32U073K8U6, STM32U073KBU6, STM32U073KCU6, STM32U073M8I6, STM32U073M8T6, STM32U073MBI6, STM32U073MBT6, STM32U073MCI6, STM32U073MCT6, STM32U073R8I6, STM32U073R8T6, STM32U073RBI6, STM32U073RBT6, STM32U073RCI6, STM32U073RCT6, STM32U083C-DK, STM32U083CCT6, STM32U083CCU6, STM32U083HCY6TR, STM32U083KCU6, STM32U083MCI6, STM32U083MCT6, STM32U083RCI6, STM32U083RCT6, STM32U375CET6, STM32U375CET6Q, STM32U375CEU6, STM32U375CEU6Q, STM32U375CEY6QTR, STM32U375CGT6, STM32U375CGT6Q, STM32U375CGU6, STM32U375CGU6Q, STM32U375CGY6QTR, STM32U375KEU6, STM32U375KGU6, STM32U375REI6, STM32U375REI6Q, STM32U375RET6, STM32U375RET6Q, STM32U375REY6GTR, STM32U375REY6QTR, STM32U375RGI6, STM32U375RGI6Q, STM32U375RGT6, STM32U375RGT6Q, STM32U375RGY6GTR, STM32U375RGY6QTR, STM32U375VEI6, STM32U375VEI6Q, STM32U375VET6, STM32U375VET6Q, STM32U375VGI6, STM32U375VGI6Q, STM32U375VGT6, STM32U375VGT6Q, STM32U385CGT6, STM32U385CGT6Q, STM32U385CGU6, STM32U385CGU6Q, STM32U385CGY6QTR, STM32U385KGU6, STM32U385RGI6, STM32U385RGI6Q, STM32U385RGT6, STM32U385RGT6Q, STM32U385RGY6GTR, STM32U385RGY6QTR, STM32U385VGI6, STM32U385VGI6Q, STM32U385VGT6, STM32U385VGT6Q, STM32U535CBT6, STM32U535CBT6Q, STM32U535CBU6, STM32U535CBU6Q, STM32U535CCT6, STM32U535CCT6Q, STM32U535CCU6, STM32U535CCU6Q, STM32U535CET6, STM32U535CET6Q, STM32U535CEU6, STM32U535CEU6Q, STM32U535JEY6QTR, STM32U535NCY6QTR, STM32U535NEY6QTR, STM32U535RBI6, STM32U535RBI6Q, STM32U535RBT6, STM32U535RBT6Q, STM32U535RCI6, STM32U535RCI6Q, STM32U535RCT6, STM32U535RCT6Q, STM32U535REI6, STM32U535REI6Q, STM32U535RET6, STM32U535RET6Q, STM32U535VCI6, STM32U535VCI6Q, STM32U535VCT6, STM32U535VCT6Q, STM32U535VEI6, STM32U535VEI6Q, STM32U535VET6, STM32U535VET6Q, STM32U545CET6, STM32U545CET6Q, STM32U545CEU6, STM32U545CEU6Q, STM32U545JEY6QTR, STM32U545NEY6QTR, STM32U545REI6, STM32U545REI6Q, STM32U545RET6, STM32U545RET6Q, STM32U545VEI6, STM32U545VEI6Q, STM32U545VET6, STM32U545VET6Q, STM32U595AIH6, STM32U595AIH6Q, STM32U595AJH6, STM32U595AJH6Q, STM32U595QII6, STM32U595QII6Q, STM32U595QJI6, STM32U595QJI6Q, STM32U595RIT6, STM32U595RIT6Q, STM32U595RJT6, STM32U595RJT6Q, STM32U595VIT6, STM32U595VIT6Q, STM32U595VJT6, STM32U595VJT6Q, STM32U595ZIT6, STM32U595ZIT6Q, STM32U595ZIY6QTR, STM32U595ZJT6, STM32U595ZJT6Q, STM32U595ZJY6QTR, STM32U599BJY6QTR, STM32U599NIH6Q, STM32U599NJH6Q, STM32U599VIT6Q, STM32U599VJT6, STM32U599VJT6Q, STM32U599ZIT6Q, STM32U599ZIY6QTR, STM32U599ZJT6Q, STM32U599ZJY6QTR, STM32U5A5AJH6, STM32U5A5AJH6Q, STM32U5A5QII3Q , STM32U5A5QJI6, STM32U5A5QJI6Q, STM32U5A5RJT6, STM32U5A5RJT6Q, STM32U5A5VJT6, STM32U5A5VJT6Q, STM32U5A5ZJT6, STM32U5A5ZJT6Q, STM32U5A5ZJY6QTR, STM32U5A9BJY6QTR, STM32U5A9J-DK, STM32U5A9NJH6Q, STM32U5A9VJT6Q, STM32U5A9ZJT6Q, STM32U5A9ZJY6QTR, STM32U5F7VIT6, STM32U5F7VIT6Q, STM32U5F7VJT6, STM32U5F7VJT6Q, STM32U5F9BJY6QTR, STM32U5F9NJH6Q, STM32U5F9VIT6Q, STM32U5F9VJT6Q, STM32U5F9ZIJ6QTR, STM32U5F9ZIT6Q, STM32U5F9ZJJ6QTR, STM32U5F9ZJT6Q, STM32U5G7VJT6, STM32U5G7VJT6Q, STM32U5G9BJY6QTR, STM32U5G9J-DK1, STM32U5G9J-DK2, STM32U5G9NJH6Q, STM32U5G9VJT6Q, STM32U5G9ZJJ6QTR, STM32U5G9ZJT6Q, STM32WB05KZV6TR, STM32WB05KZV7TR, STM32WB05TZF6TR, STM32WB05TZF7TR, STM32WB06CCF6TR, STM32WB06CCF7TR, STM32WB06CCV6TR, STM32WB06CCV7TR, STM32WB06KCV6TR, STM32WB06KCV7TR, STM32WB07CCF6TR, STM32WB07CCF7TR, STM32WB07CCV6TR, STM32WB07CCV7TR, STM32WB07KCV6TR, STM32WB07KCV7TR, STM32WB09KEV6TR, STM32WB09KEV7TR, STM32WB09TEF6TR, STM32WB09TEF7TR, STM32WB1MMCH6, STM32WBA50KGU6, STM32WBA50KGU6TR, STM32WBA52CEU6, STM32WBA52CEU6TR, STM32WBA52CEU7, STM32WBA52CEU7TR, STM32WBA52CGU6, STM32WBA52CGU6TR, STM32WBA52CGU6U, STM32WBA52CGU7, STM32WBA52CGU7TR, STM32WBA52KEU6, STM32WBA52KEU6TR, STM32WBA52KGU6, STM32WBA52KGU6TR, STM32WBA54CEU6, STM32WBA54CEU6TR, STM32WBA54CEU7, STM32WBA54CEU7TR, STM32WBA54CGU6, STM32WBA54CGU6TR, STM32WBA54CGU7, STM32WBA54CGU7TR, STM32WBA54KEU6, STM32WBA54KEU6TR, STM32WBA54KEU7, STM32WBA54KEU7TR, STM32WBA54KGU6, STM32WBA54KGU6TR, STM32WBA54KGU7, STM32WBA54KGU7TR, STM32WBA55CEU6, STM32WBA55CEU6TR, STM32WBA55CEU7, STM32WBA55CEU7TR, STM32WBA55CGU6, STM32WBA55CGU6TR, STM32WBA55CGU6U, STM32WBA55CGU7, STM32WBA55CGU7TR, STM32WBA55G-DK1, STM32WBA55HEF6, STM32WBA55HEF7, STM32WBA55HGF6, STM32WBA55HGF7, STM32WBA55UEI6, STM32WBA55UEI6TR, STM32WBA55UEI7, STM32WBA55UEI7TR, STM32WBA55UGI6, STM32WBA55UGI6TR, STM32WBA55UGI7, STM32WBA55UGI7TR, STM32WBA5MMGH6TR, STM32WBA62MGF6, STM32WBA62MIF6, STM32WBA65MGF7, STM32WBA65MIF6, STM32WBA65MIF7, STM32WL30K8V6, STM32WL30KBV6, STM32WL31C8V6, STM32WL31CBV6, STM32WL31K8V6, STM32WL31KBV6, STM32WL33C8V6, STM32WL33C8V6X, STM32WL33CBV6, STM32WL33CBV6X, STM32WL33CCV6, STM32WL33CCV6A, STM32WL33CCV6X, STM32WL33K8V7, STM32WL33K8V7X, STM32WL33KBV7 , STM32WL33KBV7X, STM32WL33KCV7, STM32WL33KCV7X, STM32WL5MOCH6, STM32WL5MOCH6TR]
2026-07-30 15:37:06,122 [INFO] BoardInfo:889 - No configuration file found for board NUCLEO-H5E5ZJ
2026-07-30 15:37:06,124 [INFO] DbBoards:161 - Board is not supported: NUCLEO-H5E5ZJ
2026-07-30 15:37:06,234 [INFO] BoardInfo:889 - No configuration file found for board NUCLEO-U3C5ZI-Q
2026-07-30 15:37:06,236 [INFO] DbBoards:161 - Board is not supported: NUCLEO-U3C5ZI-Q
2026-07-30 15:37:06,265 [INFO] BoardInfo:889 - No configuration file found for board NUCLEO-WBA25CE1
2026-07-30 15:37:06,267 [INFO] DbBoards:161 - Board is not supported: NUCLEO-WBA25CE1
2026-07-30 15:37:06,285 [INFO] BoardInfo:889 - No configuration file found for board NUCLEO-WL3RKB1
2026-07-30 15:37:06,287 [INFO] DbBoards:161 - Board is not supported: NUCLEO-WL3RKB1
2026-07-30 15:37:06,289 [INFO] BoardInfo:889 - No configuration file found for board NUCLEO-WL3RKB2
2026-07-30 15:37:06,291 [INFO] DbBoards:161 - Board is not supported: NUCLEO-WL3RKB2
2026-07-30 15:37:06,311 [INFO] BoardInfo:889 - No configuration file found for board P-NUCLEO-WB55
2026-07-30 15:37:06,313 [INFO] DbBoards:161 - Kit is not supported: P-NUCLEO-WB55
2026-07-30 15:37:06,325 [INFO] BoardInfo:889 - No configuration file found for board STEVAL-BFA001V1B
2026-07-30 15:37:06,327 [INFO] DbBoards:161 - Kit is not supported: STEVAL-BFA001V1B
2026-07-30 15:37:06,329 [INFO] BoardInfo:889 - No configuration file found for board STEVAL-BFA001V2B
2026-07-30 15:37:06,331 [INFO] DbBoards:161 - Kit is not supported: STEVAL-BFA001V2B
2026-07-30 15:37:06,531 [INFO] BoardInfo:889 - No configuration file found for board STM32H5F5J-DK
2026-07-30 15:37:06,533 [INFO] DbBoards:161 - Board is not supported: STM32H5F5J-DK
2026-07-30 15:37:06,699 [INFO] DbBoards:168 - Found 218 boards, 209 are supported
2026-07-30 15:37:06,699 [INFO] DbBoards:169 - Found 218 boards, 43 of them is supported for  Bsp
2026-07-30 15:37:06,702 [INFO] ApiDb:423 - Load user favorites file C:\Users\ADMIN/.stm32cubeide/favorites.boards.txt: 1 item(s)
2026-07-30 15:37:06,702 [INFO] ApiDb:427 - User favorites Boards=[B-L4S5I-IOT01A]
2026-07-30 15:37:06,702 [INFO] DbBoards:198 - Set 1 / 1 favorites Boards
2026-07-30 15:37:06,702 [ERROR] TargetSelectorAdapter:267 - Unable to refresh data
2026-07-30 15:37:06,760 [INFO] McuFinderGlobals:76 - Set McuFinderConnectedMode to true
2026-07-30 15:37:06,764 [INFO] MultiScanPanel:200 - Auto-refresh data requested => check proxy status ongoing
2026-07-30 15:37:06,766 [INFO] FinderPluginLoader:96 - Searching for filters in installed packs
2026-07-30 15:37:06,768 [INFO] FinderPluginLoader:109 - Found C:\Users\ADMIN\STM32Cube\Repository\Packs\STMicroelectronics\X-CUBE-AI\10.2.1\CubeMX\plugins\ip\ai.10.2.1.jar
2026-07-30 15:37:06,770 [INFO] FinderPluginLoader:119 - Loading ai.10.2.1
2026-07-30 15:37:06,863 [INFO] McuExtendedFiltersManager:95 - Add MCU extended filter: Artificial Intelligence
2026-07-30 15:37:09,263 [INFO] AInterface:116 - AInterface using toolDir: C:/Users/ADMIN/STM32Cube/Repository//Packs/STMicroelectronics/X-CUBE-AI/10.2.1/Utilities/windows
2026-07-30 15:37:10,310 [INFO] LoadUrlFilesThread:185 - End of LoadServerUrlFiles without Thread
2026-07-30 15:37:10,310 [INFO] DetailPanel:341 - Set advertising image to C:/Users/ADMIN/STM32Cube/Repository/\en.stm32h5cubemxbanner.png
2026-07-30 15:37:30,139 [INFO] MultiScanPanel:200 - Auto-refresh data requested => check proxy status ongoing
2026-07-30 15:37:30,298 [INFO] LoadUrlFilesThread:185 - End of LoadServerUrlFiles without Thread
2026-07-30 15:37:30,298 [INFO] DetailPanel:341 - Set advertising image to C:/Users/ADMIN/STM32Cube/Repository/\en.stm32h5cubemxbanner.png
2026-07-30 15:37:30,310 [INFO] DbBoards:642 - Loading board mini-images...
2026-07-30 15:37:34,003 [INFO] DbBoards:665 - Loaded 218 board mini-images
2026-07-30 15:38:17,247 [INFO] UtilMem:75 - End SaveConfig() Used Memory: 983383464 Bytes (1073741824)
2026-07-30 15:38:19,056 [INFO] UtilMem:75 - End SaveConfig() Used Memory: 972088872 Bytes (1073741824)
2026-07-30 15:38:19,449 [INFO] UtilMem:75 - End SaveConfig() Used Memory: 1011660320 Bytes (1073741824)
2026-07-30 15:38:20,508 [INFO] BlockDiagram:2775 - set Specific Code input for plugin: SYS
2026-07-30 15:38:20,508 [INFO] BlockDiagram:2775 - set Specific Code input for plugin: RCC
2026-07-30 15:38:20,508 [INFO] BlockDiagram:2775 - set Specific Code input for plugin: I2C
2026-07-30 15:38:20,508 [INFO] BlockDiagram:2775 - set Specific Code input for plugin: NVIC
2026-07-30 15:38:20,508 [INFO] BlockDiagram:2775 - set Specific Code input for plugin: USART
2026-07-30 15:38:20,508 [INFO] BlockDiagram:2775 - set Specific Code input for plugin: STMicroelectronics.X-CUBE-AI.10.2.1
2026-07-30 15:38:20,509 [INFO] BlockDiagram:2775 - set Specific Code input for plugin: GPIO
2026-07-30 15:38:20,512 [INFO] CodeGenerator:892 - code generatio: config db path: C:\ST\STM32CubeIDE_1.19.0\STM32CubeIDE\plugins\com.st.stm32cube.common.mx_6.15.0.202507011659\\db\
2026-07-30 15:38:20,670 [INFO] IP:3329 - RTE Config file name : RTE_Component
2026-07-30 15:38:20,670 [INFO] IP:3347 - RTE template : RTE_Components.ftl
2026-07-30 15:38:20,681 [INFO] CodeEngine:265 - oldGeneratedFile, D:\TinyML_GJ\TinyML_Workshop\STM32\Interface_OnBoard_IMU\MXTmpFiles\license.tmp_save
2026-07-30 15:38:21,156 [INFO] CodeEngine:289 - Generated code: D:\TinyML_GJ\TinyML_Workshop\STM32\Interface_OnBoard_IMU\MXTmpFiles\license.tmp
2026-07-30 15:38:21,203 [INFO] CodeEngine:265 - oldGeneratedFile, D:\TinyML_GJ\TinyML_Workshop\STM32\Interface_OnBoard_IMU\MXTmpFiles\gpio.tmp_save
2026-07-30 15:38:21,462 [INFO] CodeEngine:289 - Generated code: D:\TinyML_GJ\TinyML_Workshop\STM32\Interface_OnBoard_IMU\MXTmpFiles\gpio.tmp
2026-07-30 15:38:21,628 [INFO] Middleware:1452 - No code input for Bsp Dependency
2026-07-30 15:38:21,631 [INFO] Middleware:1452 - No code input for Bsp Dependency
2026-07-30 15:38:21,650 [INFO] CodeEngine:265 - oldGeneratedFile, D:\TinyML_GJ\TinyML_Workshop\STM32\Interface_OnBoard_IMU\Core\Src\stm32l4xx_it.c_save
2026-07-30 15:38:22,238 [INFO] CodeEngine:289 - Generated code: D:\TinyML_GJ\TinyML_Workshop\STM32\Interface_OnBoard_IMU\Core\Src\stm32l4xx_it.c
2026-07-30 15:38:22,247 [INFO] CodeEngine:265 - oldGeneratedFile, D:\TinyML_GJ\TinyML_Workshop\STM32\Interface_OnBoard_IMU\Core\Inc\stm32l4xx_it.h_save
2026-07-30 15:38:22,384 [INFO] CodeEngine:289 - Generated code: D:\TinyML_GJ\TinyML_Workshop\STM32\Interface_OnBoard_IMU\Core\Inc\stm32l4xx_it.h
2026-07-30 15:38:22,405 [INFO] CodeEngine:265 - oldGeneratedFile, D:\TinyML_GJ\TinyML_Workshop\STM32\Interface_OnBoard_IMU\Core\Src\stm32l4xx_hal_msp.c_save
2026-07-30 15:38:22,730 [INFO] CodeEngine:289 - Generated code: D:\TinyML_GJ\TinyML_Workshop\STM32\Interface_OnBoard_IMU\Core\Src\stm32l4xx_hal_msp.c
2026-07-30 15:38:22,737 [INFO] CodeEngine:265 - oldGeneratedFile, D:\TinyML_GJ\TinyML_Workshop\STM32\Interface_OnBoard_IMU\MXTmpFiles\system.tmp_save
2026-07-30 15:38:22,861 [INFO] CodeEngine:289 - Generated code: D:\TinyML_GJ\TinyML_Workshop\STM32\Interface_OnBoard_IMU\MXTmpFiles\system.tmp
2026-07-30 15:38:22,876 [INFO] CodeEngine:321 - oldGeneratedFile, D:\TinyML_GJ\TinyML_Workshop\STM32\Interface_OnBoard_IMU\Core\Inc\stm32l4xx_hal_conf.h_save
2026-07-30 15:38:23,123 [INFO] CodeEngine:345 - Generated code: D:\TinyML_GJ\TinyML_Workshop\STM32\Interface_OnBoard_IMU\Core\Inc\stm32l4xx_hal_conf.h
2026-07-30 15:38:23,171 [INFO] CodeEngine:265 - oldGeneratedFile, D:\TinyML_GJ\TinyML_Workshop\STM32\Interface_OnBoard_IMU\Core\Inc\main.h_save
2026-07-30 15:38:23,415 [INFO] CodeEngine:289 - Generated code: D:\TinyML_GJ\TinyML_Workshop\STM32\Interface_OnBoard_IMU\Core\Inc\main.h
2026-07-30 15:38:23,423 [INFO] CodeEngine:265 - oldGeneratedFile, D:\TinyML_GJ\TinyML_Workshop\STM32\Interface_OnBoard_IMU\Core\Src\main.c_save
2026-07-30 15:38:23,671 [INFO] CodeEngine:289 - Generated code: D:\TinyML_GJ\TinyML_Workshop\STM32\Interface_OnBoard_IMU\Core\Src\main.c
2026-07-30 15:38:24,141 [INFO] AInterface:322 - ModelName:network; files:[D:\TinyML_GJ\TinyML_Workshop\ONNX\random_forest_model.onnx]; type:ONNX; compression:None
2026-07-30 15:38:24,142 [INFO] AInterface:526 - workspaceTempDir: C:/Users/ADMIN/AppData/Local/Temp/mxAI_workspace8488153009555900470017778452240587
2026-07-30 15:38:24,143 [INFO] AInterface:1179 - Setting Env: C:/Users/ADMIN/STM32Cube/Repository//Packs/STMicroelectronics/X-CUBE-AI/10.2.1/Utilities/windows
2026-07-30 15:38:24,154 [INFO] STM32CubeIDEBuilder:265 - Looking for gnu-tools-for-stm32 tools/bin/arm-none-eabi-gcc.exe in C:\ST\STM32CubeIDE_1.19.0\STM32CubeIDE
2026-07-30 15:38:24,157 [INFO] STM32CubeIDEBuilder:294 - checking C:\ST\STM32CubeIDE_1.19.0\STM32CubeIDE\plugins\com.st.stm32cube.ide.mcu.externaltools.gnu-tools-for-stm32.13.3.rel1.win32_1.0.0.202411081344\tools\bin\arm-none-eabi-gcc.exe
2026-07-30 15:38:24,157 [INFO] STM32CubeIDEBuilder:297 - ret=C:\ST\STM32CubeIDE_1.19.0\STM32CubeIDE\plugins\com.st.stm32cube.ide.mcu.externaltools.gnu-tools-for-stm32.13.3.rel1.win32_1.0.0.202411081344\tools\bin\arm-none-eabi-gcc.exe
2026-07-30 15:38:24,157 [INFO] STM32CubeIDEBuilder:311 - returning C:\ST\STM32CubeIDE_1.19.0\STM32CubeIDE\plugins\com.st.stm32cube.ide.mcu.externaltools.gnu-tools-for-stm32.13.3.rel1.win32_1.0.0.202411081344\tools\bin\arm-none-eabi-gcc.exe
2026-07-30 15:38:24,158 [INFO] AInterface:1236 - Custom PATH variable: C:/Users/ADMIN/STM32Cube/Repository//Packs/STMicroelectronics/X-CUBE-AI/10.2.1/Utilities/windows;C:/Users/ADMIN/STM32Cube/Repository//Packs/STMicroelectronics/X-CUBE-AI/10.2.1/Utilities/windows/mingw64/bin;C:/Users/ADMIN/STM32Cube/Repository//Packs/STMicroelectronics/X-CUBE-AI/10.2.1/Utilities/windows/mingw64/libexec/gcc/x86_64-w64-mingw32/7.3.0;;C:\ST\STM32CubeIDE_1.19.0\STM32CubeIDE\plugins\com.st.stm32cube.ide.mcu.externaltools.gnu-tools-for-stm32.13.3.rel1.win32_1.0.0.202411081344\tools\bin
2026-07-30 15:38:24,160 [INFO] CmdLine:115 - Command: C:/Users/ADMIN/STM32Cube/Repository//Packs/STMicroelectronics/X-CUBE-AI/10.2.1/Utilities/windows/stedgeai.exe generate --target stm32l4 --name network -m D:/TinyML_GJ/TinyML_Workshop/ONNX/random_forest_model.onnx --compression none --verbosity 1 --workspace C:/Users/ADMIN/AppData/Local/Temp/mxAI_workspace8488153009555900470017778452240587 --output C:/Users/ADMIN/.stm32cubemx/network_output
2026-07-30 15:38:24,160 [INFO] AIModelDetailledView:2264 - Analysis status: pending
2026-07-30 15:38:25,070 [INFO] CmdLine:76 - ST Edge AI Core v2.2.0-20266 2adc00962
2026-07-30 15:38:42,015 [INFO] CmdLine:76 - Creating c (debug) info json file C:\Users\ADMIN\.stm32cubemx\network_output\network_c_info.json
2026-07-30 15:38:42,182 [INFO] CmdLine:76 -  
2026-07-30 15:38:42,183 [INFO] CmdLine:76 -  Exec/report summary (generate)
2026-07-30 15:38:42,183 [INFO] CmdLine:76 -  ------------------------------------------------------------------------------------------------------------
2026-07-30 15:38:42,183 [INFO] CmdLine:76 -  model file         :   D:\TinyML_GJ\TinyML_Workshop\ONNX\random_forest_model.onnx                           
2026-07-30 15:38:42,184 [INFO] CmdLine:76 -  type               :   onnx                                                                                 
2026-07-30 15:38:42,184 [INFO] CmdLine:76 -  c_name             :   network                                                                              
2026-07-30 15:38:42,184 [INFO] CmdLine:76 -  compression        :   none                                                                                 
2026-07-30 15:38:42,184 [INFO] CmdLine:76 -  options            :   allocate-inputs, allocate-outputs                                                    
2026-07-30 15:38:42,184 [INFO] CmdLine:76 -  optimization       :   balanced                                                                             
2026-07-30 15:38:42,185 [INFO] CmdLine:76 -  target/series      :   stm32l4                                                                              
2026-07-30 15:38:42,185 [INFO] CmdLine:76 -  workspace dir      :   C:\Users\ADMIN\AppData\Local\Temp\mxAI_workspace8488153009555900470017778452240587   
2026-07-30 15:38:42,185 [INFO] CmdLine:76 -  output dir         :   C:\Users\ADMIN\.stm32cubemx\network_output                                           
2026-07-30 15:38:42,185 [INFO] CmdLine:76 -  model_fmt          :   undefined                                                                            
2026-07-30 15:38:42,185 [INFO] CmdLine:76 -  model_name         :   random_forest_model                                                                  
2026-07-30 15:38:42,186 [INFO] CmdLine:76 -  model_hash         :   0xd29c45df724f3b36c9aa8b9f7a329e08                                                   
2026-07-30 15:38:42,186 [INFO] CmdLine:76 -  params #           :   520,842 items (1.25 MiB)                                                             
2026-07-30 15:38:42,186 [INFO] CmdLine:76 -  ------------------------------------------------------------------------------------------------------------
2026-07-30 15:38:42,186 [INFO] CmdLine:76 -  input 1/1          :   'float_input', f32(1x1x6), 24 Bytes, activations                                     
2026-07-30 15:38:42,186 [INFO] CmdLine:76 -  output 1/2         :   'label0', int32(1x1), 4 Bytes, activations                                           
2026-07-30 15:38:42,187 [INFO] CmdLine:76 -  output 2/2         :   'output_probability', f32(1x1x5x2), 40 Bytes, activations                            
2026-07-30 15:38:42,187 [INFO] CmdLine:76 -  outputs (total)    :   44 Bytes                                                                             
2026-07-30 15:38:42,187 [INFO] CmdLine:76 -  macc               :   1,311                                                                                
2026-07-30 15:38:42,187 [INFO] CmdLine:76 -  weights (ro)       :   1,313,296 B (1.25 MiB) (1 segment) / -770,072(-37.0%) vs float model                 
2026-07-30 15:38:42,187 [INFO] CmdLine:76 -  activations (rw)   :   64 B (64 B) (1 segment) *                                                            
2026-07-30 15:38:42,187 [INFO] CmdLine:76 -  ram (total)        :   64 B (64 B) = 64 + 0 + 0                                                             
2026-07-30 15:38:42,188 [INFO] CmdLine:76 -  ------------------------------------------------------------------------------------------------------------
2026-07-30 15:38:42,188 [INFO] CmdLine:76 -  (*) 'input'/'output' buffers are allocated in the activations buffer
2026-07-30 15:38:42,244 [INFO] CmdLine:76 - Computing AI RT data/code size (target=stm32l4)..
2026-07-30 15:38:45,118 [INFO] CmdLine:76 -  Requested memory size by section - "stm32l4" target
2026-07-30 15:38:45,118 [INFO] CmdLine:76 -  ------------------------------ ------- ----------- ------- -----
2026-07-30 15:38:45,119 [INFO] CmdLine:76 -  module                            text      rodata    data   bss
2026-07-30 15:38:45,119 [INFO] CmdLine:76 -  ------------------------------ ------- ----------- ------- -----
2026-07-30 15:38:45,119 [INFO] CmdLine:76 -  NetworkRuntime1020_CM4_GCC.a     5,508           0       0     0
2026-07-30 15:38:45,120 [INFO] CmdLine:76 -  network.o                          704          16   1,768   172
2026-07-30 15:38:45,120 [INFO] CmdLine:76 -  network_data.o                      48          16      88     0
2026-07-30 15:38:45,121 [INFO] CmdLine:76 -  lib (toolchain)*                     0           0       0     0
2026-07-30 15:38:45,121 [INFO] CmdLine:76 -  ------------------------------ ------- ----------- ------- -----
2026-07-30 15:38:45,121 [INFO] CmdLine:76 -  RT total**                       6,260          32   1,856   172
2026-07-30 15:38:45,122 [INFO] CmdLine:76 -  ------------------------------ ------- ----------- ------- -----
2026-07-30 15:38:45,122 [INFO] CmdLine:76 -  weights                              0   1,313,296       0     0
2026-07-30 15:38:45,122 [INFO] CmdLine:76 -  activations                          0           0       0    64
2026-07-30 15:38:45,123 [INFO] CmdLine:76 -  io                                   0           0       0     0
2026-07-30 15:38:45,123 [INFO] CmdLine:76 -  ------------------------------ ------- ----------- ------- -----
2026-07-30 15:38:45,123 [INFO] CmdLine:76 -  TOTAL                            6,260   1,313,328   1,856   236
2026-07-30 15:38:45,124 [INFO] CmdLine:76 -  ------------------------------ ------- ----------- ------- -----
2026-07-30 15:38:45,124 [INFO] CmdLine:76 -  *  toolchain objects (libm/libgcc*)
2026-07-30 15:38:45,124 [INFO] CmdLine:76 -  ** RT AI runtime objects (kernels+infrastructure)
2026-07-30 15:38:45,124 [INFO] CmdLine:76 -   Summary - "stm32l4" target
2026-07-30 15:38:45,125 [INFO] CmdLine:76 -   --------------------------------------------------
2026-07-30 15:38:45,125 [INFO] CmdLine:76 -                FLASH (ro)     %*   RAM (rw)       %
2026-07-30 15:38:45,125 [INFO] CmdLine:76 -   --------------------------------------------------
2026-07-30 15:38:45,125 [INFO] CmdLine:76 -   RT total          8,148   0.6%      2,028   96.9%
2026-07-30 15:38:45,125 [INFO] CmdLine:76 -   --------------------------------------------------
2026-07-30 15:38:45,126 [INFO] CmdLine:76 -   TOTAL         1,321,444             2,092
2026-07-30 15:38:45,126 [INFO] CmdLine:76 -   --------------------------------------------------
2026-07-30 15:38:45,126 [INFO] CmdLine:76 -   *  rt/total
2026-07-30 15:38:45,126 [INFO] CmdLine:76 -  Generated files (7)
2026-07-30 15:38:45,127 [INFO] CmdLine:76 -  ------------------------------------------------------------------
2026-07-30 15:38:45,127 [INFO] CmdLine:76 -  C:\Users\ADMIN\.stm32cubemx\network_output\network_data_params.h
2026-07-30 15:38:45,127 [INFO] CmdLine:76 -  C:\Users\ADMIN\.stm32cubemx\network_output\network_data_params.c
2026-07-30 15:38:45,128 [INFO] CmdLine:76 -  C:\Users\ADMIN\.stm32cubemx\network_output\network_data.h
2026-07-30 15:38:45,128 [INFO] CmdLine:76 -  C:\Users\ADMIN\.stm32cubemx\network_output\network_data.c
2026-07-30 15:38:45,128 [INFO] CmdLine:76 -  C:\Users\ADMIN\.stm32cubemx\network_output\network_config.h
2026-07-30 15:38:45,128 [INFO] CmdLine:76 -  C:\Users\ADMIN\.stm32cubemx\network_output\network.h
2026-07-30 15:38:45,128 [INFO] CmdLine:76 -  C:\Users\ADMIN\.stm32cubemx\network_output\network.c
2026-07-30 15:38:45,128 [INFO] CmdLine:76 - Creating txt report file C:\Users\ADMIN\.stm32cubemx\network_output\network_generate_report.txt
2026-07-30 15:38:52,292 [INFO] CmdLine:76 - elapsed time (generate): 27.222s
2026-07-30 15:38:52,910 [INFO] CmdLine:148 - stedgeai exit with status: 0
2026-07-30 15:38:53,071 [INFO] AIModelDetailledView:2264 - Analysis status: done
2026-07-30 15:38:53,656 [INFO] ProjectBuilder:3606 - Time for Copy HAL[1] : 193mS.
2026-07-30 15:38:53,657 [ERROR] Middleware:2950 - Invalid RefComponent list
2026-07-30 15:38:53,657 [ERROR] Middleware:2950 - Invalid RefComponent list
2026-07-30 15:38:53,657 [ERROR] Middleware:2950 - Invalid RefComponent list
2026-07-30 15:38:53,657 [ERROR] Middleware:2950 - Invalid RefComponent list
2026-07-30 15:38:53,657 [ERROR] Middleware:2950 - Invalid RefComponent list
2026-07-30 15:38:53,657 [ERROR] Middleware:2950 - Invalid RefComponent list
2026-07-30 15:38:53,657 [ERROR] Middleware:2950 - Invalid RefComponent list
2026-07-30 15:38:53,657 [ERROR] Middleware:2950 - Invalid RefComponent list
2026-07-30 15:38:53,657 [ERROR] Middleware:2950 - Invalid RefComponent list
2026-07-30 15:38:53,657 [ERROR] Middleware:2950 - Invalid RefComponent list
2026-07-30 15:38:53,657 [ERROR] Middleware:2950 - Invalid RefComponent list
2026-07-30 15:38:53,657 [ERROR] Middleware:2950 - Invalid RefComponent list
2026-07-30 15:38:53,657 [ERROR] Middleware:2950 - Invalid RefComponent list
2026-07-30 15:38:53,657 [ERROR] Middleware:2950 - Invalid RefComponent list
2026-07-30 15:38:53,657 [ERROR] Middleware:2950 - Invalid RefComponent list
2026-07-30 15:38:53,657 [ERROR] Middleware:2950 - Invalid RefComponent list
2026-07-30 15:38:53,657 [ERROR] Middleware:2950 - Invalid RefComponent list
2026-07-30 15:38:53,658 [ERROR] Middleware:2950 - Invalid RefComponent list
2026-07-30 15:38:53,658 [ERROR] Middleware:2950 - Invalid RefComponent list
2026-07-30 15:38:53,658 [ERROR] Middleware:2950 - Invalid RefComponent list
2026-07-30 15:38:53,658 [ERROR] Middleware:2950 - Invalid RefComponent list
2026-07-30 15:38:53,658 [ERROR] Middleware:2950 - Invalid RefComponent list
2026-07-30 15:38:53,658 [ERROR] Middleware:2950 - Invalid RefComponent list
2026-07-30 15:38:53,658 [ERROR] Middleware:2950 - Invalid RefComponent list
2026-07-30 15:38:53,658 [ERROR] Middleware:2950 - Invalid RefComponent list
2026-07-30 15:38:53,658 [ERROR] Middleware:2950 - Invalid RefComponent list
2026-07-30 15:38:53,658 [ERROR] Middleware:2950 - Invalid RefComponent list
2026-07-30 15:38:53,658 [ERROR] Middleware:2950 - Invalid RefComponent list
2026-07-30 15:38:53,658 [ERROR] Middleware:2950 - Invalid RefComponent list
2026-07-30 15:38:53,658 [ERROR] Middleware:2950 - Invalid RefComponent list
2026-07-30 15:38:53,658 [ERROR] Middleware:2950 - Invalid RefComponent list
2026-07-30 15:38:53,658 [ERROR] Middleware:2950 - Invalid RefComponent list
2026-07-30 15:38:53,658 [ERROR] Middleware:2950 - Invalid RefComponent list
2026-07-30 15:38:53,659 [ERROR] Middleware:2950 - Invalid RefComponent list
2026-07-30 15:38:53,659 [ERROR] Middleware:2950 - Invalid RefComponent list
2026-07-30 15:38:53,659 [ERROR] Middleware:2950 - Invalid RefComponent list
2026-07-30 15:38:53,659 [ERROR] Middleware:2950 - Invalid RefComponent list
2026-07-30 15:38:53,659 [ERROR] Middleware:2950 - Invalid RefComponent list
2026-07-30 15:38:53,659 [ERROR] Middleware:2950 - Invalid RefComponent list
2026-07-30 15:38:53,659 [ERROR] Middleware:2950 - Invalid RefComponent list
2026-07-30 15:38:53,659 [ERROR] Middleware:2950 - Invalid RefComponent list
2026-07-30 15:38:53,659 [ERROR] Middleware:2950 - Invalid RefComponent list
2026-07-30 15:38:53,659 [ERROR] Middleware:2950 - Invalid RefComponent list
2026-07-30 15:38:53,659 [ERROR] Middleware:2950 - Invalid RefComponent list
2026-07-30 15:38:53,659 [ERROR] Middleware:2950 - Invalid RefComponent list
2026-07-30 15:38:53,659 [ERROR] Middleware:2950 - Invalid RefComponent list
2026-07-30 15:38:53,659 [ERROR] Middleware:2950 - Invalid RefComponent list
2026-07-30 15:38:53,659 [ERROR] Middleware:2950 - Invalid RefComponent list
2026-07-30 15:38:53,659 [ERROR] Middleware:2950 - Invalid RefComponent list
2026-07-30 15:38:53,659 [ERROR] Middleware:2950 - Invalid RefComponent list
2026-07-30 15:38:53,663 [INFO] ProjectBuilder:5216 - Project Generator version: 4.7.0-B52
2026-07-30 15:38:53,784 [INFO] ConfigFileManager:1595 - The Die is : DIE470
2026-07-30 15:38:55,580 [INFO] ProjectBuilder:5496 - Time for Generating toolchain IDE Files: 1917mS.
2026-07-30 15:38:55,582 [INFO] ProjectBuilder:3463 - Time for Copy CMSIS : 0mS.
2026-07-30 15:38:55,586 [INFO] ProjectBuilder:3463 - Time for Copy CMSIS : 0mS.
2026-07-30 15:38:56,843 [INFO] MainUpdater:2872 - connection check result : 10
2026-07-30 15:38:56,843 [INFO] MainUpdater:2872 - connection check result : 10
2026-07-30 15:38:56,991 [INFO] I2cTimingTraitement:330 - 0x30A175AB
2026-07-30 15:38:57,032 [INFO] MicroXplorer:468 - Change Database Path : 
2026-07-30 15:38:57,032 [INFO] MicroXplorer:498 - Change Database Version : DB.6.0.150
2026-07-30 15:38:57,170 [ERROR] ProjectManagerView:395 - 
java.lang.NullPointerException: Cannot invoke "javax.swing.JTextField.getText()" because the return value of "java.util.List.get(int)" is null
	at com.st.microxplorer.plugins.projectmanager.gui.ProjectChoiceTab$9.caretUpdate(ProjectChoiceTab.java:2706) ~[filemanager.jar:?]
	at javax.swing.text.JTextComponent.fireCaretUpdate(JTextComponent.java:408) ~[?:?]
	at javax.swing.text.JTextComponent$MutableCaretEvent.fire(JTextComponent.java:4484) ~[?:?]
	at javax.swing.text.JTextComponent$MutableCaretEvent.stateChanged(JTextComponent.java:4506) ~[?:?]
	at javax.swing.text.DefaultCaret.fireStateChanged(DefaultCaret.java:857) ~[?:?]
	at javax.swing.text.DefaultCaret.changeCaretPosition(DefaultCaret.java:1343) ~[?:?]
	at javax.swing.text.DefaultCaret.handleSetDot(DefaultCaret.java:1242) ~[?:?]
	at javax.swing.text.DefaultCaret.setDot(DefaultCaret.java:1223) ~[?:?]
	at javax.swing.text.DefaultCaret$Handler.insertUpdate(DefaultCaret.java:1819) ~[?:?]
	at javax.swing.text.AbstractDocument.fireInsertUpdate(AbstractDocument.java:227) ~[?:?]
	at javax.swing.text.AbstractDocument.handleInsertString(AbstractDocument.java:781) ~[?:?]
	at javax.swing.text.AbstractDocument.insertString(AbstractDocument.java:740) ~[?:?]
	at javax.swing.text.PlainDocument.insertString(PlainDocument.java:131) ~[?:?]
	at javax.swing.text.AbstractDocument.replace(AbstractDocument.java:699) ~[?:?]
	at javax.swing.text.JTextComponent.setText(JTextComponent.java:1725) ~[?:?]
	at com.st.microxplorer.plugins.projectmanager.gui.ProjectChoiceTab.createHeapStackFields(ProjectChoiceTab.java:993) ~[filemanager.jar:?]
	at com.st.microxplorer.plugins.projectmanager.gui.ProjectChoiceTab.buildLinkSettingsPanel(ProjectChoiceTab.java:3813) ~[filemanager.jar:?]
	at com.st.microxplorer.plugins.projectmanager.gui.ProjectChoiceTab.defineWindowsFields(ProjectChoiceTab.java:1987) ~[filemanager.jar:?]
	at com.st.microxplorer.plugins.projectmanager.gui.ProjectChoiceTab.updateSettings(ProjectChoiceTab.java:558) ~[filemanager.jar:?]
	at com.st.microxplorer.plugins.projectmanager.gui.ProjectSettingsPanel.UpdateDialog(ProjectSettingsPanel.java:247) ~[filemanager.jar:?]
	at com.st.microxplorer.plugins.projectmanager.ProjectManagerView.propertyChange(ProjectManagerView.java:392) ~[filemanager.jar:?]
	at java.beans.PropertyChangeSupport.fire(PropertyChangeSupport.java:343) ~[?:?]
	at java.beans.PropertyChangeSupport.firePropertyChange(PropertyChangeSupport.java:335) ~[?:?]
	at java.beans.PropertyChangeSupport.firePropertyChange(PropertyChangeSupport.java:268) ~[?:?]
	at com.st.microxplorer.util.MXPropertyChangeSupport.firePropertyChange(MXPropertyChangeSupport.java:54) ~[STM32CubeMX.jar:?]
	at com.st.microxplorer.mxsystem.MxSystem.closeConfig(MxSystem.java:899) ~[STM32CubeMX.jar:?]
	at com.st.microxplorer.maingui.MainPanel.closeConfig(MainPanel.java:792) ~[STM32CubeMX.jar:?]
	at com.st.microxplorer.plugins.filemanager.engine.OpenFileManager.loadConfigurationFile(OpenFileManager.java:288) ~[filemanager.jar:?]
	at com.st.microxplorer.plugins.filemanager.engine.MainFileManager.userLoadConfig(MainFileManager.java:364) ~[filemanager.jar:?]
	at com.st.microxplorer.plugins.filemanager.FileManagerView.getSpecificTask(FileManagerView.java:268) ~[filemanager.jar:?]
	at com.st.stm32cube.common.mx.editor.CubeMxEditor.getMxTabbedPaneInstance(CubeMxEditor.java:1191) ~[com.st.stm32cube.common.mx_6.15.0.202507011659/:?]
	at com.st.stm32cube.common.mx.editor.CubeMxEditor$12$1.createSwingComponent(CubeMxEditor.java:1068) ~[com.st.stm32cube.common.mx_6.15.0.202507011659/:?]
	at com.st.stm32cube.common.mx.oss.core.awtswtbridge.EmbeddedSwingComposite.doComponentCreation(EmbeddedSwingComposite.java:492) ~[com.st.stm32cube.common.mx.oss_6.15.0.202507011659/:?]
	at com.st.stm32cube.common.mx.oss.core.awtswtbridge.EmbeddedSwingComposite$4.run(EmbeddedSwingComposite.java:291) ~[com.st.stm32cube.common.mx.oss_6.15.0.202507011659/:?]
	at com.st.stm32cube.common.mx.oss.core.awtswtbridge.AwtEnvironment$2.run(AwtEnvironment.java:166) ~[com.st.stm32cube.common.mx.oss_6.15.0.202507011659/:?]
	at java.awt.event.InvocationEvent.dispatch(InvocationEvent.java:318) ~[?:?]
	at java.awt.EventQueue.dispatchEventImpl(EventQueue.java:773) ~[?:?]
	at java.awt.EventQueue$4.run(EventQueue.java:720) ~[?:?]
	at java.awt.EventQueue$4.run(EventQueue.java:714) ~[?:?]
	at java.security.AccessController.doPrivileged(AccessController.java:400) ~[?:?]
	at java.security.ProtectionDomain$JavaSecurityAccessImpl.doIntersectionPrivilege(ProtectionDomain.java:87) ~[?:?]
	at java.awt.EventQueue.dispatchEvent(EventQueue.java:742) ~[?:?]
	at java.awt.EventDispatchThread.pumpOneEventForFilters(EventDispatchThread.java:203) ~[?:?]
	at java.awt.EventDispatchThread.pumpEventsForFilter(EventDispatchThread.java:124) ~[?:?]
	at java.awt.EventDispatchThread.pumpEventsForHierarchy(EventDispatchThread.java:113) ~[?:?]
	at java.awt.EventDispatchThread.pumpEvents(EventDispatchThread.java:109) ~[?:?]
	at java.awt.EventDispatchThread.pumpEvents(EventDispatchThread.java:101) ~[?:?]
	at java.awt.EventDispatchThread.run(EventDispatchThread.java:90) ~[?:?]
2026-07-30 15:38:57,178 [WARN] ThirdParty:871 - waiting for thirdparty lock release [close project]
2026-07-30 15:38:57,178 [INFO] ThirdParty:873 - entering critical section [close project]
2026-07-30 15:38:57,183 [INFO] ThirdParty:883 - exiting critical section [close project]
2026-07-30 15:38:57,192 [INFO] PinOutPanel:1589 - setPackage(No Configuration,No Configuration)
2026-07-30 15:38:57,210 [INFO] AI:982 - onDisable adding AI com.st.microxplorer.plugins.ip.ai.AI@7ca8f4d2 on STMicroelectronics.X-CUBE-AI.10.2.1
2026-07-30 15:38:57,227 [INFO] UtilMem:75 - Begin LoadConfig() Used Memory: 914365424 Bytes (1073741824)
2026-07-30 15:38:57,230 [INFO] OpenFileManager:355 - Change cursor
2026-07-30 15:38:57,326 [INFO] RulesReader:64 - Compatibility file has been processed (317 Rules)
2026-07-30 15:38:57,372 [INFO] ProjectFactory:514 - No CPN specified for board B-L4S5I-IOT01A => set CPN to STM32L4S5VIT6
2026-07-30 15:38:57,372 [INFO] Mcu:2029 - Initializing MCU STM32L4S5VITx STM32L4S5VITx STM32L4S5VIT6
2026-07-30 15:39:02,419 [INFO] Context:786 - Trying to add GPIOservice into a context  which must be forbidden
2026-07-30 15:39:03,748 [INFO] Rule:233 - rule 117617 - U5Cobra4M][GTZC] default value MPCBB3 and MPCBB5 - Not Secured memory - MPCBB1 is applicable
2026-07-30 15:39:03,748 [INFO] Rule:233 - rule 117617 - U5Cobra4M][GTZC] default value MPCBB3 and MPCBB5 - Not Secured memory - MPCBB1 is applicable
2026-07-30 15:39:03,748 [INFO] Rule:233 - rule 117617 - U5Cobra4M][GTZC] default value MPCBB3 and MPCBB5 - Not Secured memory - MPCBB2 is applicable
2026-07-30 15:39:03,748 [INFO] Rule:233 - rule 117617 - U5Cobra4M][GTZC] default value MPCBB3 and MPCBB5 - Not Secured memory - MPCBB2 is applicable
2026-07-30 15:39:03,748 [INFO] Rule:233 - rule 117617 - U5Cobra4M][GTZC] default value MPCBB3 and MPCBB5 - Not Secured memory - MPCBB3 is applicable
2026-07-30 15:39:03,748 [INFO] Rule:233 - rule 117617 - U5Cobra4M][GTZC] default value MPCBB3 and MPCBB5 - Not Secured memory - MPCBB3 is applicable
2026-07-30 15:39:03,748 [INFO] Rule:233 - rule 117617 - U5Cobra4M][GTZC] default value MPCBB3 and MPCBB5 - Not Secured memory - MPCBB4 is applicable
2026-07-30 15:39:03,748 [INFO] Rule:233 - rule 117617 - U5Cobra4M][GTZC] default value MPCBB3 and MPCBB5 - Not Secured memory - MPCBB4 is applicable
2026-07-30 15:39:03,748 [INFO] Rule:233 - rule 117617 - U5Cobra4M][GTZC] default value MPCBB3 and MPCBB5 - Secured memory - MPCBB1 is applicable
2026-07-30 15:39:03,748 [INFO] Rule:233 - rule 117617 - U5Cobra4M][GTZC] default value MPCBB3 and MPCBB5 - Secured memory - MPCBB2 is applicable
2026-07-30 15:39:03,748 [INFO] Rule:233 - rule 117617 - U5Cobra4M][GTZC] default value MPCBB3 and MPCBB5 - Secured memory - MPCBB3 is applicable
2026-07-30 15:39:03,748 [INFO] Rule:233 - rule 117617 - U5Cobra4M][GTZC] default value MPCBB3 and MPCBB5 - Secured memory - MPCBB4 is applicable
2026-07-30 15:39:03,748 [INFO] Rule:233 - rule 117617 - U5Cobra4M][GTZC] default value MPCBB3 and MPCBB5 - Privileged memory - MPCBB1 is applicable
2026-07-30 15:39:03,748 [INFO] Rule:233 - rule 117617 - U5Cobra4M][GTZC] default value MPCBB3 and MPCBB5 - Privileged memory - MPCBB2 is applicable
2026-07-30 15:39:03,748 [INFO] Rule:233 - rule 117617 - U5Cobra4M][GTZC] default value MPCBB3 and MPCBB5 - Privileged memory - MPCBB3 is applicable
2026-07-30 15:39:03,748 [INFO] Rule:233 - rule 117617 - U5Cobra4M][GTZC] default value MPCBB3 and MPCBB5 - Privileged memory - MPCBB4 is applicable
2026-07-30 15:39:03,748 [INFO] Rule:233 - rule 117617 - U5Cobra4M][GTZC] default value MPCBB3 and MPCBB5 - Not Privileged memory - MPCBB1 is applicable
2026-07-30 15:39:03,748 [INFO] Rule:233 - rule 117617 - U5Cobra4M][GTZC] default value MPCBB3 and MPCBB5 - Not Privileged memory - MPCBB2 is applicable
2026-07-30 15:39:03,748 [INFO] Rule:233 - rule 117617 - U5Cobra4M][GTZC] default value MPCBB3 and MPCBB5 - Not Privileged memory - MPCBB3 is applicable
2026-07-30 15:39:03,748 [INFO] Rule:233 - rule 117617 - U5Cobra4M][GTZC] default value MPCBB3 and MPCBB5 - Not Privileged memory - MPCBB4 is applicable
2026-07-30 15:39:03,748 [INFO] Rule:233 - rule 117617 - U5Cobra4M][GTZC] default value MPCBB3 and MPCBB5 - Privileged memory - MPCBB1 is applicable
2026-07-30 15:39:03,748 [INFO] Rule:233 - rule 117617 - U5Cobra4M][GTZC] default value MPCBB3 and MPCBB5 - Privileged memory - MPCBB2 is applicable
2026-07-30 15:39:03,748 [INFO] Rule:233 - rule 117617 - U5Cobra4M][GTZC] default value MPCBB3 and MPCBB5 - Privileged memory - MPCBB3 is applicable
2026-07-30 15:39:03,748 [INFO] Rule:233 - rule 117617 - U5Cobra4M][GTZC] default value MPCBB3 and MPCBB5 - Privileged memory - MPCBB4 is applicable
2026-07-30 15:39:03,748 [INFO] Rule:233 - rule 117617 - U5Cobra4M][GTZC] default value MPCBB3 and MPCBB5 - Privileged memory - MPCBB1 is applicable
2026-07-30 15:39:03,748 [INFO] Rule:233 - rule 117617 - U5Cobra4M][GTZC] default value MPCBB3 and MPCBB5 - Privileged memory - MPCBB2 is applicable
2026-07-30 15:39:03,749 [INFO] Rule:233 - rule 117617 - U5Cobra4M][GTZC] default value MPCBB3 and MPCBB5 - Privileged memory - MPCBB3 is applicable
2026-07-30 15:39:03,749 [INFO] Rule:233 - rule 117617 - U5Cobra4M][GTZC] default value MPCBB3 and MPCBB5 - Privileged memory - MPCBB4 is applicable
2026-07-30 15:39:03,749 [INFO] Rule:233 - rule 117617 - U5Cobra4M][GTZC] default value MPCBB3 and MPCBB5 - Not Privileged memory - MPCBB1 is applicable
2026-07-30 15:39:03,749 [INFO] Rule:233 - rule 117617 - U5Cobra4M][GTZC] default value MPCBB3 and MPCBB5 - Not Privileged memory - MPCBB2 is applicable
2026-07-30 15:39:03,749 [INFO] Rule:233 - rule 117617 - U5Cobra4M][GTZC] default value MPCBB3 and MPCBB5 - Not Privileged memory - MPCBB3 is applicable
2026-07-30 15:39:03,749 [INFO] Rule:233 - rule 117617 - U5Cobra4M][GTZC] default value MPCBB3 and MPCBB5 - Not Privileged memory - MPCBB4 is applicable
2026-07-30 15:39:03,749 [INFO] Rule:233 - rule 117617 - U5Cobra4M][GTZC] default value MPCBB3 and MPCBB5 - Privileged memory - MPCBB1 is applicable
2026-07-30 15:39:03,749 [INFO] Rule:233 - rule 117617 - U5Cobra4M][GTZC] default value MPCBB3 and MPCBB5 - Privileged memory - MPCBB2 is applicable
2026-07-30 15:39:03,749 [INFO] Rule:233 - rule 117617 - U5Cobra4M][GTZC] default value MPCBB3 and MPCBB5 - Privileged memory - MPCBB3 is applicable
2026-07-30 15:39:03,749 [INFO] Rule:233 - rule 117617 - U5Cobra4M][GTZC] default value MPCBB3 and MPCBB5 - Privileged memory - MPCBB4 is applicable
2026-07-30 15:39:03,749 [INFO] Rule:233 - rule WakeUp0 Mode is applicable
2026-07-30 15:39:03,749 [INFO] Rule:233 - rule WakeUp0 SIGNAL is applicable
2026-07-30 15:39:03,749 [INFO] Rule:233 - rule WakeUp1 Mode is applicable
2026-07-30 15:39:03,749 [INFO] Rule:233 - rule WakeUp1 SIGNAL is applicable
2026-07-30 15:39:03,750 [INFO] Rule:233 - rule WakeUp2 Mode is applicable
2026-07-30 15:39:03,750 [INFO] Rule:233 - rule WakeUp2 SIGNAL is applicable
2026-07-30 15:39:03,750 [INFO] Rule:233 - rule WakeUp4 Mode is applicable
2026-07-30 15:39:03,750 [INFO] Rule:233 - rule WakeUp4 SIGNAL is applicable
2026-07-30 15:39:03,750 [INFO] Rule:233 - rule WakeUp5 Mode is applicable
2026-07-30 15:39:03,750 [INFO] Rule:233 - rule WakeUp5 SIGNAL is applicable
2026-07-30 15:39:03,750 [INFO] Rule:233 - rule Change Default Value for LSE Drive Capability for WB family is applicable
2026-07-30 15:39:03,750 [INFO] Rule:233 - rule change FDCAN default value is applicable
2026-07-30 15:39:03,750 [INFO] Rule:233 - rule Adapt Old IOC before rework replace old CORTEX_M33/CORTEX_M55 attributes by the new one. is applicable
2026-07-30 15:39:03,750 [INFO] Rule:233 - rule Rename parametre of RCC RCC_APBDBG_DIV2 to RCC_TIMPRES_DIV2 is applicable
2026-07-30 15:39:03,750 [INFO] Rule:233 - rule Rename DIE493 pin PA10 [PA12] -> PA10 is applicable
2026-07-30 15:39:03,750 [INFO] Rule:233 - rule Rename DIE493 pin PA9 [PA11] -> PA9 is applicable
2026-07-30 15:39:03,750 [INFO] Rule:233 - rule Rename DIE492 PartNumber CPN STM32WBA5MJGHx -> STM32WBA5MMGHx is applicable
2026-07-30 15:39:03,750 [INFO] Rule:233 - rule Rename DIE492 PartNumber  Name STM32WBA5MJGHx -> STM32WBA5MMGHx is applicable
2026-07-30 15:39:03,750 [INFO] Rule:233 - rule Rename DIE492 PartNumber UserName STM32WBA5MJGHx -> STM32WBA5MMGHx is applicable
2026-07-30 15:39:03,750 [INFO] Rule:233 - rule Rename DIE492 PartNumber DeviceId STM32WBA5MJGHx -> STM32WBA5MMGHx is applicable
2026-07-30 15:39:03,750 [INFO] Rule:233 - rule Adapt Old IOC CSI. is applicable
2026-07-30 15:39:03,750 [INFO] Rule:233 - rule Adapt Old IOC DCMIPP. is applicable
2026-07-30 15:39:03,751 [INFO] Rule:233 - rule Adapt Old IOC DCMIPP Mode Parallel. is applicable
2026-07-30 15:39:03,751 [INFO] Rule:233 - rule Adapt Old IOC LTDC. is applicable
2026-07-30 15:39:03,751 [INFO] Rule:233 - rule Rename STM32MP2 RIF Peripheral LTDC RIF.RISUP.LTDC_L0L1.Privilege -> RIF.RISUP.LTDC_L1L2.Privilege is applicable
2026-07-30 15:39:03,751 [INFO] Rule:233 - rule Rename STM32MP2 RIF Peripheral LTDC RIF.RISUP.LTDC_L0L1.Privilege -> RIF.RISUP.LTDC_L1L2.Privilege is applicable
2026-07-30 15:39:03,751 [INFO] Rule:233 - rule Rename STM32MP2 RIF Peripheral LTDC RIF.RISUP.LTDC_L0L1.Lock -> RIF.RISUP.LTDC_L1L2.Lock is applicable
2026-07-30 15:39:03,751 [INFO] Rule:233 - rule Rename STM32MP2 RIF Peripheral LTDC RIF.RISUP.LTDC_L2.Lock -> RIF.RISUP.LTDC_L3.Lock is applicable
2026-07-30 15:39:03,751 [INFO] Rule:233 - rule Adapt the old IOC example for updating the SYS when it is misconfigured. is applicable
2026-07-30 15:39:03,751 [INFO] Rule:233 - rule Rename STM32C09 Mcu.Package LQFP64 -> LQFP48 is applicable
2026-07-30 15:39:03,751 [INFO] Rule:233 - rule Adapt the old IOC example for updating the SYS when it is misconfigured. is applicable
2026-07-30 15:39:03,751 [INFO] Rule:233 - rule Adapt the old IOC example for updating the SYS when it is misconfigured. is applicable
2026-07-30 15:39:03,759 [INFO] DbConfProperties:307 - Apply Compatibility (5/68 Rules)
2026-07-30 15:39:03,816 [INFO] ImportTextPane:234 - (OptionalMessage_ERROR) Pin84 (VP_RIF_VS_RIF1) cannot be retrieved for this MCU
2026-07-30 15:39:03,922 [INFO] RtosManager:558 - Registered RTOS mode: class=CMSIS, group=RTOS, mode=CMSIS_V1, owner=FREERTOS
2026-07-30 15:39:03,923 [INFO] RtosManager:558 - Registered RTOS mode: class=CMSIS, group=RTOS2, mode=CMSIS_V2, owner=FREERTOS
2026-07-30 15:39:03,923 [INFO] RtosManager:558 - Registered RTOS mode: class=RTOS, group=Core, mode=CMSIS_V1, owner=FREERTOS
2026-07-30 15:39:03,923 [INFO] RtosManager:558 - Registered RTOS mode: class=RTOS, group=Core, mode=CMSIS_V2, owner=FREERTOS
2026-07-30 15:39:03,923 [WARN] ModelIntegratedComponent:184 - Missing modes for component STMicroelectronics:FreeRTOS:0.0.1:STMicroelectronics:RTOS:FreeRTOS:Core:::10.2.0:
2026-07-30 15:39:03,949 [WARN] ModelIntegratedComponent:63 - No mode defined for component null
2026-07-30 15:39:03,949 [WARN] ModelIntegratedComponent:63 - No mode defined for component null
2026-07-30 15:39:03,949 [WARN] ModelIntegratedComponent:63 - No mode defined for component null
2026-07-30 15:39:03,949 [WARN] ModelIntegratedComponent:63 - No mode defined for component null
2026-07-30 15:39:03,949 [WARN] ModelIntegratedComponent:63 - No mode defined for component null
2026-07-30 15:39:03,949 [WARN] ModelIntegratedComponent:63 - No mode defined for component null
2026-07-30 15:39:03,949 [WARN] ModelIntegratedComponent:63 - No mode defined for component null
2026-07-30 15:39:03,949 [WARN] ModelIntegratedComponent:63 - No mode defined for component null
2026-07-30 15:39:03,949 [WARN] ModelIntegratedComponent:63 - No mode defined for component null
2026-07-30 15:39:03,949 [WARN] ModelIntegratedComponent:63 - No mode defined for component null
2026-07-30 15:39:03,949 [WARN] ModelIntegratedComponent:63 - No mode defined for component null
2026-07-30 15:39:03,949 [WARN] ModelIntegratedComponent:63 - No mode defined for component null
2026-07-30 15:39:03,949 [WARN] ModelIntegratedComponent:63 - No mode defined for component null
2026-07-30 15:39:03,949 [WARN] ModelIntegratedComponent:63 - No mode defined for component null
2026-07-30 15:39:03,949 [WARN] ModelIntegratedComponent:63 - No mode defined for component null
2026-07-30 15:39:03,949 [WARN] ModelIntegratedComponent:63 - No mode defined for component null
2026-07-30 15:39:03,949 [WARN] ModelIntegratedComponent:63 - No mode defined for component null
2026-07-30 15:39:03,949 [WARN] ModelIntegratedComponent:63 - No mode defined for component null
2026-07-30 15:39:03,949 [WARN] ModelIntegratedComponent:63 - No mode defined for component null
2026-07-30 15:39:03,949 [WARN] ModelIntegratedComponent:63 - No mode defined for component null
2026-07-30 15:39:03,949 [WARN] ModelIntegratedComponent:63 - No mode defined for component null
2026-07-30 15:39:03,949 [WARN] ModelIntegratedComponent:63 - No mode defined for component null
2026-07-30 15:39:03,949 [WARN] ModelIntegratedComponent:63 - No mode defined for component null
2026-07-30 15:39:03,949 [WARN] ModelIntegratedComponent:63 - No mode defined for component null
2026-07-30 15:39:03,949 [WARN] ModelIntegratedComponent:63 - No mode defined for component null
2026-07-30 15:39:03,950 [WARN] ModelIntegratedComponent:63 - No mode defined for component null
2026-07-30 15:39:03,950 [WARN] ModelIntegratedComponent:63 - No mode defined for component null
2026-07-30 15:39:03,950 [WARN] ModelIntegratedComponent:63 - No mode defined for component null
2026-07-30 15:39:03,950 [WARN] ModelIntegratedComponent:63 - No mode defined for component null
2026-07-30 15:39:03,950 [WARN] ModelIntegratedComponent:63 - No mode defined for component null
2026-07-30 15:39:03,950 [WARN] ModelIntegratedComponent:63 - No mode defined for component null
2026-07-30 15:39:03,950 [WARN] ModelIntegratedComponent:63 - No mode defined for component null
2026-07-30 15:39:03,950 [WARN] ModelIntegratedComponent:63 - No mode defined for component null
2026-07-30 15:39:03,950 [WARN] ModelIntegratedComponent:63 - No mode defined for component null
2026-07-30 15:39:03,950 [WARN] ModelIntegratedComponent:63 - No mode defined for component null
2026-07-30 15:39:03,950 [WARN] ModelPack:524 - Component already loaded: STMicroelectronics:HAL Drivers:0.0.0:STMicroelectronics:Device:STMicro_Driver:XSPI:HAL::0.0.1:HAL_XSPI
2026-07-30 15:39:04,186 [INFO] ThirdPartyModel:298 - Start build external matchings
2026-07-30 15:39:04,805 [INFO] ThirdPartyModel:316 - End build external matchings
2026-07-30 15:39:04,838 [WARN] IP:2250 - MaxTran not found: check if there is a RefParameter without a condition.
2026-07-30 15:39:04,839 [WARN] IP:2250 - Refresh not found: check if there is a RefParameter without a condition.
2026-07-30 15:39:04,839 [INFO] ImportTextPane:234 - (OptionalMessage_ERROR) IP (RCC) : Invalid parameter (FamilyName)
2026-07-30 15:39:05,326 [INFO] UtilMem:75 - End LoadConfig() Used Memory: 885342936 Bytes (1073741824)
2026-07-30 15:39:05,510 [WARN] ThirdParty:833 - waiting for thirdparty lock release [change project]
2026-07-30 15:39:05,511 [INFO] ThirdParty:835 - entering critical section [change project]
2026-07-30 15:39:05,511 [INFO] ThirdParty:1030 - CMSIS Pack Vendor :STMicroelectronics X-CUBE-AZRTOS-H7 3.5.0
2026-07-30 15:39:05,511 [INFO] ThirdParty:1030 - CMSIS Pack Vendor :STMicroelectronics X-CUBE-PM33A1 1.0.0
2026-07-30 15:39:05,511 [INFO] ThirdParty:1030 - CMSIS Pack Vendor :STMicroelectronics USBPD 4.1
2026-07-30 15:39:05,511 [INFO] ThirdParty:1030 - CMSIS Pack Vendor :STMicroelectronics X-CUBE-NFC9 1.0.0
2026-07-30 15:39:05,511 [INFO] ThirdParty:1030 - CMSIS Pack Vendor :STMicroelectronics USB_HOST 2.0.0
2026-07-30 15:39:05,511 [INFO] ThirdParty:1030 - CMSIS Pack Vendor :STMicroelectronics FP-ATR-ASTRA1 2.0.3
2026-07-30 15:39:05,511 [INFO] ThirdParty:1030 - CMSIS Pack Vendor :STMicroelectronics X-CUBE-AZRTOS-F4 1.1.0
2026-07-30 15:39:05,511 [INFO] ThirdParty:1030 - CMSIS Pack Vendor :STMicroelectronics LIBJPEG 8.0.0
2026-07-30 15:39:05,511 [INFO] ThirdParty:1030 - CMSIS Pack Vendor :STMicroelectronics X-CUBE-BLE1 7.1.0
2026-07-30 15:39:05,511 [INFO] ThirdParty:1030 - CMSIS Pack Vendor :wolfSSL I-CUBE-wolfMQTT 1.19.2
2026-07-30 15:39:05,511 [INFO] ThirdParty:1030 - CMSIS Pack Vendor :STMicroelectronics USB_DEVICE 3.0.0
2026-07-30 15:39:05,511 [INFO] ThirdParty:1030 - CMSIS Pack Vendor :STMicroelectronics X-CUBE-ISPU 2.1.0
2026-07-30 15:39:05,511 [INFO] ThirdParty:1030 - CMSIS Pack Vendor :STMicroelectronics X-CUBE-EEPRMA1 5.2.0
2026-07-30 15:39:05,511 [INFO] ThirdParty:1030 - CMSIS Pack Vendor :STMicroelectronics X-CUBE-IPS 3.2.0
2026-07-30 15:39:05,511 [INFO] ThirdParty:1030 - CMSIS Pack Vendor :STMicroelectronics eDS-WB_DPC_TT-BIDIR 2.1.1
2026-07-30 15:39:05,511 [INFO] ThirdParty:1030 - CMSIS Pack Vendor :STMicroelectronics X-CUBE-AZRTOS-WB 2.0.0
2026-07-30 15:39:05,511 [INFO] ThirdParty:1030 - CMSIS Pack Vendor :STMicroelectronics X-CUBE-NFC12 1.0.0
2026-07-30 15:39:05,511 [INFO] ThirdParty:1030 - CMSIS Pack Vendor :STMicroelectronics X-CUBE-AZRTOS-F7 1.1.0
2026-07-30 15:39:05,511 [INFO] ThirdParty:1030 - CMSIS Pack Vendor :STMicroelectronics X-CUBE-AZRTOS-L5 2.0.0
2026-07-30 15:39:05,511 [INFO] ThirdParty:1030 - CMSIS Pack Vendor :STMicroelectronics USB_DEVICE 2.0.0
2026-07-30 15:39:05,511 [INFO] ThirdParty:1030 - CMSIS Pack Vendor :STMicroelectronics X-CUBE-FREERTOS 1.6.0
2026-07-30 15:39:05,511 [INFO] ThirdParty:1030 - CMSIS Pack Vendor :STMicroelectronics FP-SNS-STAIOTCFT 1.1.0
2026-07-30 15:39:05,511 [INFO] ThirdParty:1030 - CMSIS Pack Vendor :quantropi X-CUBE-qispace-sdk-base 2.1.0
2026-07-30 15:39:05,511 [INFO] ThirdParty:1030 - CMSIS Pack Vendor :STMicroelectronics X-CUBE-STSE01 2.0.0
2026-07-30 15:39:05,511 [INFO] ThirdParty:1030 - CMSIS Pack Vendor :STMicroelectronics X-CUBE-ALGOBUILD 1.5.0
2026-07-30 15:39:05,512 [INFO] ThirdParty:1030 - CMSIS Pack Vendor :STMicroelectronics FP-SNS-MOTENV1 5.1.0
2026-07-30 15:39:05,512 [INFO] ThirdParty:1030 - CMSIS Pack Vendor :STMicroelectronics FreeRTOS 0.0.1
2026-07-30 15:39:05,512 [INFO] ThirdParty:1030 - CMSIS Pack Vendor :STMicroelectronics X-CUBE-AZRTOS-H7RS 1.3.0
2026-07-30 15:39:05,512 [INFO] ThirdParty:1030 - CMSIS Pack Vendor :STMicroelectronics X-CUBE-AZRTOS-G0 1.1.0
2026-07-30 15:39:05,512 [INFO] ThirdParty:1030 - CMSIS Pack Vendor :STMicroelectronics X-CUBE-NFC4 3.0.0
2026-07-30 15:39:05,512 [INFO] ThirdParty:1030 - CMSIS Pack Vendor :STMicroelectronics X-CUBE-SUBG2 5.0.0
2026-07-30 15:39:05,512 [INFO] ThirdParty:1030 - CMSIS Pack Vendor :STMicroelectronics STM32_WPAN 1.0.0
2026-07-30 15:39:05,512 [INFO] ThirdParty:1030 - CMSIS Pack Vendor :STMicroelectronics eDS-WB_DPC_VIENNA 1.2.0
2026-07-30 15:39:05,512 [INFO] ThirdParty:1030 - CMSIS Pack Vendor :EmbeddedOffice I-CUBE-FS-RTOS 1.0.1
2026-07-30 15:39:05,512 [INFO] ThirdParty:1030 - CMSIS Pack Vendor :STMicroelectronics lwIP 2.0.3
2026-07-30 15:39:05,512 [INFO] ThirdParty:1030 - CMSIS Pack Vendor :WES I-CUBE-Cesium 1.4.0
2026-07-30 15:39:05,512 [INFO] ThirdParty:1030 - CMSIS Pack Vendor :STMicroelectronics eDS-WB_DPC_3PH2L-BIDIR 1.1.1
2026-07-30 15:39:05,512 [INFO] ThirdParty:1030 - CMSIS Pack Vendor :STMicroelectronics USB_HOST 1.0.0
2026-07-30 15:39:05,512 [INFO] ThirdParty:1030 - CMSIS Pack Vendor :STMicroelectronics X-CUBE-AZRTOS-G4 2.0.0
2026-07-30 15:39:05,512 [INFO] ThirdParty:1030 - CMSIS Pack Vendor :STMicroelectronics PDM2PCM 3.1.0
2026-07-30 15:39:05,512 [INFO] ThirdParty:1030 - CMSIS Pack Vendor :STMicroelectronics PDM2PCM 3.3.0
2026-07-30 15:39:05,512 [INFO] ThirdParty:1030 - CMSIS Pack Vendor :wolfSSL I-CUBE-wolfTPM 3.8.0
2026-07-30 15:39:05,512 [INFO] ThirdParty:1030 - CMSIS Pack Vendor :STMicroelectronics X-CUBE-DISPLAY 3.0.0
2026-07-30 15:39:05,512 [INFO] ThirdParty:1030 - CMSIS Pack Vendor :wolfSSL I-CUBE-wolfSSH 1.4.20
2026-07-30 15:39:05,512 [INFO] ThirdParty:1030 - CMSIS Pack Vendor :STMicroelectronics X-CUBE-NFC7 2.0.0
2026-07-30 15:39:05,512 [INFO] ThirdParty:1030 - CMSIS Pack Vendor :STMicroelectronics X-CUBE-GNSS1 7.1.1
2026-07-30 15:39:05,512 [INFO] ThirdParty:1030 - CMSIS Pack Vendor :STMicroelectronics FP-SNS-MOTENVWB1 1.5.0
2026-07-30 15:39:05,512 [INFO] ThirdParty:1030 - CMSIS Pack Vendor :STMicroelectronics X-CUBE-TCPP 4.2.0
2026-07-30 15:39:05,512 [INFO] ThirdParty:1030 - CMSIS Pack Vendor :RealThread X-CUBE-RT-Thread_Nano 4.1.1
2026-07-30 15:39:05,512 [INFO] ThirdParty:1030 - CMSIS Pack Vendor :STMicroelectronics FP-ATR-SIGFOX1 3.2.0
2026-07-30 15:39:05,512 [INFO] ThirdParty:1030 - CMSIS Pack Vendor :STMicroelectronics X-CUBE-NFC10 1.0.0
2026-07-30 15:39:05,512 [INFO] ThirdParty:1030 - CMSIS Pack Vendor :STMicroelectronics HAL Drivers 0.0.0
2026-07-30 15:39:05,512 [INFO] ThirdParty:1030 - CMSIS Pack Vendor :STMicroelectronics MBEDTLS 2.16.2
2026-07-30 15:39:05,512 [INFO] ThirdParty:1030 - CMSIS Pack Vendor :STMicroelectronics X-CUBE-ST60 1.1.0
2026-07-30 15:39:05,512 [INFO] ThirdParty:1030 - CMSIS Pack Vendor :STMicroelectronics X-CUBE-ALS 1.0.2
2026-07-30 15:39:05,512 [INFO] ThirdParty:1030 - CMSIS Pack Vendor :emotas I-CUBE-CANOPEN 1.3.0
2026-07-30 15:39:05,512 [INFO] ThirdParty:1030 - CMSIS Pack Vendor :wolfSSL I-CUBE-wolfSSL 5.9.2
2026-07-30 15:39:05,512 [INFO] ThirdParty:1030 - CMSIS Pack Vendor :STMicroelectronics MBEDTLS 2.14.1
2026-07-30 15:39:05,512 [INFO] ThirdParty:1030 - CMSIS Pack Vendor :ITTIA_DB I-CUBE-ITTIADB 8.9.0
2026-07-30 15:39:05,512 [INFO] ThirdParty:1030 - CMSIS Pack Vendor :Cesanta I-CUBE-Mongoose 7.21.7
2026-07-30 15:39:05,512 [INFO] ThirdParty:1030 - CMSIS Pack Vendor :STMicroelectronics X-CUBE-TOUCHGFX 4.26.1
2026-07-30 15:39:05,512 [INFO] ThirdParty:1030 - CMSIS Pack Vendor :STMicroelectronics X-CUBE-NFC6 3.2.0
2026-07-30 15:39:05,512 [INFO] ThirdParty:1030 - CMSIS Pack Vendor :STMicroelectronics FP-SNS-STBOX1 2.1.0
2026-07-30 15:39:05,512 [INFO] ThirdParty:1030 - CMSIS Pack Vendor :STMicroelectronics X-CUBE-AI 10.2.1
2026-07-30 15:39:05,512 [INFO] ThirdParty:1030 - CMSIS Pack Vendor :STMicroelectronics ThreadX 1.0.0
2026-07-30 15:39:05,512 [INFO] ThirdParty:1030 - CMSIS Pack Vendor :STMicroelectronics FP-SNS-SMARTAG2 1.2.0
2026-07-30 15:39:05,512 [INFO] ThirdParty:1030 - CMSIS Pack Vendor :STMicroelectronics X-CUBE-MEMS1 12.1.0
2026-07-30 15:39:05,512 [INFO] ThirdParty:1030 - CMSIS Pack Vendor :STMicroelectronics FP-SNS-FLIGHT1 5.1.0
2026-07-30 15:39:05,512 [INFO] ThirdParty:1030 - CMSIS Pack Vendor :STMicroelectronics X-CUBE-AZRTOS-WL 2.0.0
2026-07-30 15:39:05,513 [INFO] ThirdParty:1030 - CMSIS Pack Vendor :SEGGER I-CUBE-embOS 1.3.1
2026-07-30 15:39:05,513 [INFO] ThirdParty:1030 - CMSIS Pack Vendor :STMicroelectronics X-CUBE-DPower 1.3.0
2026-07-30 15:39:05,513 [INFO] ThirdParty:1030 - CMSIS Pack Vendor :STMicroelectronics USB_DEVICE 1.0.0
2026-07-30 15:39:05,513 [INFO] ThirdParty:1030 - CMSIS Pack Vendor :STMicroelectronics X-CUBE-AZRTOS-L4 2.0.0
2026-07-30 15:39:05,513 [INFO] ThirdParty:1030 - CMSIS Pack Vendor :STMicroelectronics ThreadX 0.0.2
2026-07-30 15:39:05,513 [INFO] ThirdParty:1030 - CMSIS Pack Vendor :STMicroelectronics lwIP 2.1.2
2026-07-30 15:39:05,513 [INFO] ThirdParty:1030 - CMSIS Pack Vendor :STMicroelectronics X-CUBE-SFXS2LP1 4.0.0
2026-07-30 15:39:05,513 [INFO] ThirdParty:1030 - CMSIS Pack Vendor :STMicroelectronics X-CUBE-BLE2 3.3.0
2026-07-30 15:39:05,513 [INFO] ThirdParty:1030 - CMSIS Pack Vendor :Avnet-IOTCONNECT X-CUBE-iotc-st67-sdk 1.0.0
2026-07-30 15:39:05,513 [INFO] ThirdParty:1030 - CMSIS Pack Vendor :STMicroelectronics X-CUBE-TOF1 3.4.3
2026-07-30 15:39:05,513 [INFO] ThirdParty:1030 - CMSIS Pack Vendor :Infineon AIROC-Wi-Fi-Bluetooth-STM32 1.8.0
2026-07-30 15:39:05,513 [INFO] ThirdParty:1030 - CMSIS Pack Vendor :STMicroelectronics X-CUBE-NFC13 1.0.0
2026-07-30 15:39:05,513 [INFO] ThirdParty:1030 - CMSIS Pack Vendor :STMicroelectronics PDM2PCM 3.2.0
2026-07-30 15:39:05,513 [INFO] ThirdParty:1030 - CMSIS Pack Vendor :STMicroelectronics X-CUBE-WB05N 2.1.0
2026-07-30 15:39:05,513 [INFO] ThirdParty:841 - exiting critical section [change project]
2026-07-30 15:39:05,827 [INFO] PinOutPanel:1589 - setPackage(No Configuration,No Configuration)
2026-07-30 15:39:05,833 [INFO] PinOutPanel:1589 - setPackage(STM32L4S5VITx,LQFP100)
2026-07-30 15:39:06,605 [INFO] UtilMem:75 - Before build in PCC Used Memory: 952416808 Bytes (1073741824)
2026-07-30 15:39:07,415 [INFO] UtilMem:75 - After build in PCC Used Memory: 925139328 Bytes (1073741824)
2026-07-30 15:39:07,459 [INFO] IPUIPlugin:80 - create IPUIPlugin
2026-07-30 15:39:07,459 [INFO] IPUIPlugin:80 - create IPUIPlugin
2026-07-30 15:39:07,459 [INFO] IPUIPlugin:80 - create IPUIPlugin
2026-07-30 15:39:07,459 [INFO] IPUIPlugin:80 - create IPUIPlugin
2026-07-30 15:39:07,459 [INFO] IPUIPlugin:80 - create IPUIPlugin
2026-07-30 15:39:07,459 [INFO] IPUIPlugin:80 - create IPUIPlugin
2026-07-30 15:39:07,460 [INFO] IPUIPlugin:80 - create IPUIPlugin
2026-07-30 15:39:07,460 [INFO] IPUIPlugin:80 - create IPUIPlugin
2026-07-30 15:39:07,461 [INFO] IPUIPlugin:80 - create IPUIPlugin
2026-07-30 15:39:07,461 [INFO] IPUIPlugin:80 - create IPUIPlugin
2026-07-30 15:39:07,461 [INFO] IPUIPlugin:80 - create IPUIPlugin
2026-07-30 15:39:07,461 [INFO] IPUIPlugin:80 - create IPUIPlugin
2026-07-30 15:39:07,461 [INFO] IPUIPlugin:80 - create IPUIPlugin
2026-07-30 15:39:07,461 [INFO] IPUIPlugin:80 - create IPUIPlugin
2026-07-30 15:39:07,462 [INFO] IPUIPlugin:80 - create IPUIPlugin
2026-07-30 15:39:07,462 [INFO] IPUIPlugin:80 - create IPUIPlugin
2026-07-30 15:39:07,462 [INFO] IPUIPlugin:80 - create IPUIPlugin
2026-07-30 15:39:07,462 [INFO] IPUIPlugin:80 - create IPUIPlugin
2026-07-30 15:39:07,462 [INFO] IPUIPlugin:80 - create IPUIPlugin
2026-07-30 15:39:07,462 [INFO] IPUIPlugin:80 - create IPUIPlugin
2026-07-30 15:39:07,463 [INFO] IPUIPlugin:80 - create IPUIPlugin
2026-07-30 15:39:07,463 [INFO] IPUIPlugin:80 - create IPUIPlugin
2026-07-30 15:39:07,463 [INFO] IPUIPlugin:80 - create IPUIPlugin
2026-07-30 15:39:07,464 [INFO] IPUIPlugin:80 - create IPUIPlugin
2026-07-30 15:39:07,464 [INFO] IPUIPlugin:80 - create IPUIPlugin
2026-07-30 15:39:07,464 [INFO] IPUIPlugin:80 - create IPUIPlugin
2026-07-30 15:39:07,465 [INFO] IPUIPlugin:80 - create IPUIPlugin
2026-07-30 15:39:07,465 [INFO] IPUIPlugin:80 - create IPUIPlugin
2026-07-30 15:39:07,465 [INFO] IPUIPlugin:80 - create IPUIPlugin
2026-07-30 15:39:07,466 [INFO] IPUIPlugin:80 - create IPUIPlugin
2026-07-30 15:39:07,466 [INFO] IPUIPlugin:80 - create IPUIPlugin
2026-07-30 15:39:07,466 [INFO] IPUIPlugin:80 - create IPUIPlugin
2026-07-30 15:39:07,467 [INFO] IPUIPlugin:80 - create IPUIPlugin
2026-07-30 15:39:07,467 [INFO] IPUIPlugin:80 - create IPUIPlugin
2026-07-30 15:39:07,467 [INFO] IPUIPlugin:80 - create IPUIPlugin
2026-07-30 15:39:07,467 [INFO] IPUIPlugin:80 - create IPUIPlugin
2026-07-30 15:39:07,468 [INFO] IPUIPlugin:80 - create IPUIPlugin
2026-07-30 15:39:07,468 [INFO] IPUIPlugin:80 - create IPUIPlugin
2026-07-30 15:39:07,468 [INFO] IPUIPlugin:80 - create IPUIPlugin
2026-07-30 15:39:07,469 [INFO] IPUIPlugin:80 - create IPUIPlugin
2026-07-30 15:39:07,469 [INFO] IPUIPlugin:80 - create IPUIPlugin
2026-07-30 15:39:07,470 [INFO] IPUIPlugin:80 - create IPUIPlugin
2026-07-30 15:39:07,470 [INFO] IPUIPlugin:80 - create IPUIPlugin
2026-07-30 15:39:07,470 [INFO] IPUIPlugin:80 - create IPUIPlugin
2026-07-30 15:39:07,471 [INFO] IPUIPlugin:80 - create IPUIPlugin
2026-07-30 15:39:07,471 [INFO] IPUIPlugin:80 - create IPUIPlugin
2026-07-30 15:39:07,471 [INFO] IPUIPlugin:80 - create IPUIPlugin
2026-07-30 15:39:07,471 [INFO] IPUIPlugin:80 - create IPUIPlugin
2026-07-30 15:39:07,472 [INFO] IPUIPlugin:80 - create IPUIPlugin
2026-07-30 15:39:07,472 [INFO] IPUIPlugin:80 - create IPUIPlugin
2026-07-30 15:39:07,472 [INFO] IPUIPlugin:80 - create IPUIPlugin
2026-07-30 15:39:07,472 [INFO] IPUIPlugin:80 - create IPUIPlugin
2026-07-30 15:39:07,473 [INFO] IPUIPlugin:80 - create IPUIPlugin
2026-07-30 15:39:07,474 [INFO] IPUIPlugin:80 - create IPUIPlugin
2026-07-30 15:39:07,474 [INFO] IPUIPlugin:80 - create IPUIPlugin
2026-07-30 15:39:07,475 [INFO] IPUIPlugin:80 - create IPUIPlugin
2026-07-30 15:39:07,475 [INFO] IPUIPlugin:80 - create IPUIPlugin
2026-07-30 15:39:07,476 [INFO] IPUIPlugin:80 - create IPUIPlugin
2026-07-30 15:39:07,476 [INFO] IPUIPlugin:80 - create IPUIPlugin
2026-07-30 15:39:07,476 [INFO] IPUIPlugin:80 - create IPUIPlugin
2026-07-30 15:39:07,477 [INFO] IPUIPlugin:80 - create IPUIPlugin
2026-07-30 15:39:07,477 [INFO] IPUIPlugin:80 - create IPUIPlugin
2026-07-30 15:39:07,478 [INFO] IPUIPlugin:80 - create IPUIPlugin
2026-07-30 15:39:07,612 [INFO] CADModel:165 - CPN selected for project levelSTM32L4S5VIT6
2026-07-30 15:39:07,613 [INFO] CADModel:114 - Register for checkConnection events
2026-07-30 15:39:07,747 [INFO] OpenFileManager:386 - Restore cursor
2026-07-30 15:39:08,336 [WARN] IP:2250 - MaxTran not found: check if there is a RefParameter without a condition.
2026-07-30 15:39:08,336 [WARN] IP:2250 - Refresh not found: check if there is a RefParameter without a condition.
2026-07-30 15:39:08,337 [WARN] IP:2250 - MaxTran not found: check if there is a RefParameter without a condition.
2026-07-30 15:39:08,337 [WARN] IP:2250 - Refresh not found: check if there is a RefParameter without a condition.
2026-07-30 15:39:09,925 [INFO] UtilMem:75 - End SaveConfig() Used Memory: 924562904 Bytes (1073741824)
2026-07-30 15:39:10,140 [INFO] UtilMem:75 - End SaveConfig() Used Memory: 942388696 Bytes (1073741824)
2026-07-30 15:39:10,927 [INFO] BlockDiagram:2775 - set Specific Code input for plugin: SPI
2026-07-30 15:39:10,927 [INFO] BlockDiagram:2775 - set Specific Code input for plugin: SPI
2026-07-30 15:39:10,927 [INFO] BlockDiagram:2775 - set Specific Code input for plugin: DFSDM
2026-07-30 15:39:10,927 [INFO] BlockDiagram:2775 - set Specific Code input for plugin: SYS
2026-07-30 15:39:10,927 [INFO] BlockDiagram:2775 - set Specific Code input for plugin: ADC
2026-07-30 15:39:10,927 [INFO] BlockDiagram:2775 - set Specific Code input for plugin: RCC
2026-07-30 15:39:10,927 [INFO] BlockDiagram:2775 - set Specific Code input for plugin: I2C
2026-07-30 15:39:10,927 [INFO] BlockDiagram:2775 - set Specific Code input for plugin: I2C
2026-07-30 15:39:10,927 [INFO] BlockDiagram:2775 - set Specific Code input for plugin: USB_OTG_FS
2026-07-30 15:39:10,927 [INFO] BlockDiagram:2775 - set Specific Code input for plugin: NVIC
2026-07-30 15:39:10,927 [INFO] BlockDiagram:2775 - set Specific Code input for plugin: USART
2026-07-30 15:39:10,927 [INFO] BlockDiagram:2775 - set Specific Code input for plugin: USART
2026-07-30 15:39:10,927 [INFO] BlockDiagram:2775 - set Specific Code input for plugin: USART
2026-07-30 15:39:10,927 [INFO] BlockDiagram:2775 - set Specific Code input for plugin: OCTOSPI
2026-07-30 15:39:10,927 [INFO] BlockDiagram:2775 - set Specific Code input for plugin: UART
2026-07-30 15:39:10,928 [INFO] BlockDiagram:2775 - set Specific Code input for plugin: GPIO
2026-07-30 15:39:10,929 [INFO] CodeGenerator:892 - code generatio: config db path: C:\ST\STM32CubeIDE_1.19.0\STM32CubeIDE\plugins\com.st.stm32cube.common.mx_6.15.0.202507011659\\db\
2026-07-30 15:39:11,009 [WARN] IP:2250 - MaxTran not found: check if there is a RefParameter without a condition.
2026-07-30 15:39:11,009 [WARN] IP:2250 - Refresh not found: check if there is a RefParameter without a condition.
2026-07-30 15:39:11,311 [INFO] CodeEngine:265 - oldGeneratedFile, D:\TinyML_GJ\TinyML_Workshop\STM32\Interfacing_Onboard_New\MXTmpFiles\license.tmp_save
2026-07-30 15:39:11,629 [INFO] CodeEngine:289 - Generated code: D:\TinyML_GJ\TinyML_Workshop\STM32\Interfacing_Onboard_New\MXTmpFiles\license.tmp
2026-07-30 15:39:12,005 [INFO] CodeEngine:265 - oldGeneratedFile, D:\TinyML_GJ\TinyML_Workshop\STM32\Interfacing_Onboard_New\MXTmpFiles\gpio.tmp_save
2026-07-30 15:39:12,238 [INFO] CodeEngine:289 - Generated code: D:\TinyML_GJ\TinyML_Workshop\STM32\Interfacing_Onboard_New\MXTmpFiles\gpio.tmp
2026-07-30 15:39:15,862 [WARN] IPConfigManager:103 - WARNING: Missing Config File for USB ip!!
2026-07-30 15:39:16,108 [WARN] IPConfigManager:3238 - Warning: the RefConfig PWREx_EnableUSBVoltageDetector is not available in your config.xml file
2026-07-30 15:39:16,148 [INFO] CodeEngine:265 - oldGeneratedFile, D:\TinyML_GJ\TinyML_Workshop\STM32\Interfacing_Onboard_New\Core\Src\stm32l4xx_it.c_save
2026-07-30 15:39:16,461 [INFO] CodeEngine:289 - Generated code: D:\TinyML_GJ\TinyML_Workshop\STM32\Interfacing_Onboard_New\Core\Src\stm32l4xx_it.c
2026-07-30 15:39:16,490 [INFO] CodeEngine:265 - oldGeneratedFile, D:\TinyML_GJ\TinyML_Workshop\STM32\Interfacing_Onboard_New\Core\Inc\stm32l4xx_it.h_save
2026-07-30 15:39:16,616 [INFO] CodeEngine:289 - Generated code: D:\TinyML_GJ\TinyML_Workshop\STM32\Interfacing_Onboard_New\Core\Inc\stm32l4xx_it.h
2026-07-30 15:39:16,654 [INFO] CodeEngine:265 - oldGeneratedFile, D:\TinyML_GJ\TinyML_Workshop\STM32\Interfacing_Onboard_New\Core\Src\stm32l4xx_hal_msp.c_save
2026-07-30 15:39:16,957 [INFO] CodeEngine:289 - Generated code: D:\TinyML_GJ\TinyML_Workshop\STM32\Interfacing_Onboard_New\Core\Src\stm32l4xx_hal_msp.c
2026-07-30 15:39:16,977 [INFO] CodeEngine:265 - oldGeneratedFile, D:\TinyML_GJ\TinyML_Workshop\STM32\Interfacing_Onboard_New\MXTmpFiles\system.tmp_save
2026-07-30 15:39:17,059 [INFO] CodeEngine:289 - Generated code: D:\TinyML_GJ\TinyML_Workshop\STM32\Interfacing_Onboard_New\MXTmpFiles\system.tmp
2026-07-30 15:39:17,077 [INFO] CodeEngine:321 - oldGeneratedFile, D:\TinyML_GJ\TinyML_Workshop\STM32\Interfacing_Onboard_New\Core\Inc\stm32l4xx_hal_conf.h_save
2026-07-30 15:39:17,284 [INFO] CodeEngine:345 - Generated code: D:\TinyML_GJ\TinyML_Workshop\STM32\Interfacing_Onboard_New\Core\Inc\stm32l4xx_hal_conf.h
2026-07-30 15:39:17,385 [INFO] ApiDbMcu:532 - Load IP Config File for ADC1
2026-07-30 15:39:17,420 [INFO] ApiDbMcu:532 - Load IP Config File for DFSDM1
2026-07-30 15:39:17,426 [INFO] ApiDbMcu:532 - Load IP Config File for I2C1
2026-07-30 15:39:17,431 [INFO] ApiDbMcu:532 - Load IP Config File for I2C2
2026-07-30 15:39:17,436 [INFO] ApiDbMcu:532 - Load IP Config File for OCTOSPI1
2026-07-30 15:39:17,441 [INFO] ApiDbMcu:532 - Load IP Config File for SPI1
2026-07-30 15:39:17,445 [INFO] ApiDbMcu:532 - Load IP Config File for SPI3
2026-07-30 15:39:17,459 [INFO] ApiDbMcu:532 - Load IP Config File for UART4
2026-07-30 15:39:17,475 [INFO] ApiDbMcu:532 - Load IP Config File for USART1
2026-07-30 15:39:17,489 [INFO] ApiDbMcu:532 - Load IP Config File for USART2
2026-07-30 15:39:17,504 [INFO] ApiDbMcu:532 - Load IP Config File for USART3
2026-07-30 15:39:17,505 [ERROR] ApiDbMcu:560 - Cannot parse USB_OTG_FS_Config file : file do not exist
2026-07-30 15:39:17,505 [ERROR] ApiDbMcu:560 - Cannot parse USB_OTG_FS_Config file : file do not exist
2026-07-30 15:39:17,510 [INFO] ApiDbMcu:532 - Load IP Config File for RCC
2026-07-30 15:39:17,513 [WARN] IPConfigManager:3811 - IP not found : USB_OTG
2026-07-30 15:39:17,514 [WARN] CodeGenerator:4259 - IP not found : null
2026-07-30 15:39:17,524 [INFO] CodeEngine:265 - oldGeneratedFile, D:\TinyML_GJ\TinyML_Workshop\STM32\Interfacing_Onboard_New\Core\Inc\main.h_save
2026-07-30 15:39:17,731 [INFO] CodeEngine:289 - Generated code: D:\TinyML_GJ\TinyML_Workshop\STM32\Interfacing_Onboard_New\Core\Inc\main.h
2026-07-30 15:39:17,754 [INFO] CodeEngine:265 - oldGeneratedFile, D:\TinyML_GJ\TinyML_Workshop\STM32\Interfacing_Onboard_New\Core\Src\main.c_save
2026-07-30 15:39:17,952 [INFO] CodeEngine:289 - Generated code: D:\TinyML_GJ\TinyML_Workshop\STM32\Interfacing_Onboard_New\Core\Src\main.c
2026-07-30 15:39:18,365 [INFO] ProjectBuilder:3606 - Time for Copy HAL[1] : 216mS.
2026-07-30 15:39:18,371 [INFO] ProjectBuilder:5216 - Project Generator version: 4.7.0-B52
2026-07-30 15:39:18,468 [INFO] ConfigFileManager:1595 - The Die is : DIE470
2026-07-30 15:39:18,492 [INFO] ApiDbMcu:532 - Load IP Config File for FATFS
2026-07-30 15:39:18,517 [INFO] ApiDbMcu:532 - Load IP Config File for FREERTOS
2026-07-30 15:39:18,556 [INFO] ApiDbMcu:532 - Load IP Config File for TOUCHSENSING
2026-07-30 15:39:18,581 [INFO] ApiDbMcu:532 - Load IP Config File for USB_DEVICE
2026-07-30 15:39:18,605 [INFO] ApiDbMcu:532 - Load IP Config File for USB_HOST
2026-07-30 15:39:21,843 [INFO] ProjectBuilder:5496 - Time for Generating toolchain IDE Files: 3472mS.
2026-07-30 15:39:21,844 [INFO] ProjectBuilder:3463 - Time for Copy CMSIS : 1mS.
2026-07-30 15:39:21,845 [INFO] ProjectBuilder:3463 - Time for Copy CMSIS : 0mS.
2026-07-30 15:39:22,870 [INFO] McuFinderGlobals:76 - Set McuFinderConnectedMode to true
2026-07-30 15:39:22,874 [INFO] ApiDb:448 - Save user favorites file C:\Users\ADMIN/.stm32cubeide/favorites.mcus.txt: 0 item(s)
2026-07-30 15:39:22,874 [INFO] ApiDb:452 - User favorites MCUs=[]
2026-07-30 15:39:22,876 [INFO] ApiDb:448 - Save user favorites file C:\Users\ADMIN/.stm32cubeide/favorites.boards.txt: 1 item(s)
2026-07-30 15:39:22,877 [INFO] ApiDb:452 - User favorites Boards=[B-L4S5I-IOT01A]
2026-07-30 15:40:36,415 [INFO] I2cTimingTraitement:330 - 0x30A175AB
2026-07-30 15:40:39,269 [INFO] UtilMem:75 - End SaveConfig() Used Memory: 926630536 Bytes (1073741824)
2026-07-30 15:40:40,946 [INFO] UtilMem:75 - End SaveConfig() Used Memory: 1011079024 Bytes (1073741824)
2026-07-30 15:40:42,540 [INFO] UtilMem:75 - End SaveConfig() Used Memory: 852312328 Bytes (1073741824)
2026-07-30 15:40:42,824 [INFO] BlockDiagram:2775 - set Specific Code input for plugin: SYS
2026-07-30 15:40:42,824 [INFO] BlockDiagram:2775 - set Specific Code input for plugin: RCC
2026-07-30 15:40:42,824 [INFO] BlockDiagram:2775 - set Specific Code input for plugin: I2C
2026-07-30 15:40:42,824 [INFO] BlockDiagram:2775 - set Specific Code input for plugin: NVIC
2026-07-30 15:40:42,824 [INFO] BlockDiagram:2775 - set Specific Code input for plugin: USART
2026-07-30 15:40:42,825 [INFO] BlockDiagram:2775 - set Specific Code input for plugin: GPIO
2026-07-30 15:40:42,826 [INFO] CodeGenerator:892 - code generatio: config db path: C:\ST\STM32CubeIDE_1.19.0\STM32CubeIDE\plugins\com.st.stm32cube.common.mx_6.15.0.202507011659\\db\
2026-07-30 15:40:42,956 [INFO] CodeEngine:265 - oldGeneratedFile, D:\TinyML_GJ\TinyML_Workshop\STM32\Interfacing_Onboard_New\MXTmpFiles\license.tmp_save
2026-07-30 15:40:43,126 [INFO] CodeEngine:289 - Generated code: D:\TinyML_GJ\TinyML_Workshop\STM32\Interfacing_Onboard_New\MXTmpFiles\license.tmp
2026-07-30 15:40:43,159 [INFO] CodeEngine:265 - oldGeneratedFile, D:\TinyML_GJ\TinyML_Workshop\STM32\Interfacing_Onboard_New\MXTmpFiles\gpio.tmp_save
2026-07-30 15:40:43,382 [INFO] CodeEngine:289 - Generated code: D:\TinyML_GJ\TinyML_Workshop\STM32\Interfacing_Onboard_New\MXTmpFiles\gpio.tmp
2026-07-30 15:40:43,483 [INFO] CodeEngine:265 - oldGeneratedFile, D:\TinyML_GJ\TinyML_Workshop\STM32\Interfacing_Onboard_New\Core\Src\stm32l4xx_it.c_save
2026-07-30 15:40:43,676 [INFO] CodeEngine:289 - Generated code: D:\TinyML_GJ\TinyML_Workshop\STM32\Interfacing_Onboard_New\Core\Src\stm32l4xx_it.c
2026-07-30 15:40:43,685 [INFO] CodeEngine:265 - oldGeneratedFile, D:\TinyML_GJ\TinyML_Workshop\STM32\Interfacing_Onboard_New\Core\Inc\stm32l4xx_it.h_save
2026-07-30 15:40:43,778 [INFO] CodeEngine:289 - Generated code: D:\TinyML_GJ\TinyML_Workshop\STM32\Interfacing_Onboard_New\Core\Inc\stm32l4xx_it.h
2026-07-30 15:40:43,794 [INFO] CodeEngine:265 - oldGeneratedFile, D:\TinyML_GJ\TinyML_Workshop\STM32\Interfacing_Onboard_New\Core\Src\stm32l4xx_hal_msp.c_save
2026-07-30 15:40:44,033 [INFO] CodeEngine:289 - Generated code: D:\TinyML_GJ\TinyML_Workshop\STM32\Interfacing_Onboard_New\Core\Src\stm32l4xx_hal_msp.c
2026-07-30 15:40:44,042 [INFO] CodeEngine:265 - oldGeneratedFile, D:\TinyML_GJ\TinyML_Workshop\STM32\Interfacing_Onboard_New\MXTmpFiles\system.tmp_save
2026-07-30 15:40:44,126 [INFO] CodeEngine:289 - Generated code: D:\TinyML_GJ\TinyML_Workshop\STM32\Interfacing_Onboard_New\MXTmpFiles\system.tmp
2026-07-30 15:40:44,142 [INFO] CodeEngine:321 - oldGeneratedFile, D:\TinyML_GJ\TinyML_Workshop\STM32\Interfacing_Onboard_New\Core\Inc\stm32l4xx_hal_conf.h_save
2026-07-30 15:40:44,347 [INFO] CodeEngine:345 - Generated code: D:\TinyML_GJ\TinyML_Workshop\STM32\Interfacing_Onboard_New\Core\Inc\stm32l4xx_hal_conf.h
2026-07-30 15:40:44,406 [INFO] CodeEngine:265 - oldGeneratedFile, D:\TinyML_GJ\TinyML_Workshop\STM32\Interfacing_Onboard_New\Core\Inc\main.h_save
2026-07-30 15:40:44,593 [INFO] CodeEngine:289 - Generated code: D:\TinyML_GJ\TinyML_Workshop\STM32\Interfacing_Onboard_New\Core\Inc\main.h
2026-07-30 15:40:44,600 [INFO] CodeEngine:265 - oldGeneratedFile, D:\TinyML_GJ\TinyML_Workshop\STM32\Interfacing_Onboard_New\Core\Src\main.c_save
2026-07-30 15:40:44,815 [INFO] CodeEngine:289 - Generated code: D:\TinyML_GJ\TinyML_Workshop\STM32\Interfacing_Onboard_New\Core\Src\main.c
2026-07-30 15:40:45,202 [INFO] ProjectBuilder:3606 - Time for Copy HAL[1] : 209mS.
2026-07-30 15:40:45,206 [INFO] ProjectBuilder:5216 - Project Generator version: 4.7.0-B52
2026-07-30 15:40:45,306 [INFO] ConfigFileManager:1595 - The Die is : DIE470
2026-07-30 15:40:46,249 [INFO] ProjectBuilder:5496 - Time for Generating toolchain IDE Files: 1044mS.
2026-07-30 15:40:46,251 [INFO] ProjectBuilder:3463 - Time for Copy CMSIS : 0mS.
2026-07-30 15:40:46,253 [INFO] ProjectBuilder:3463 - Time for Copy CMSIS : 0mS.
2026-07-30 15:51:10,896 [INFO] UtilMem:75 - End SaveConfig() Used Memory: 983437176 Bytes (1073741824)
2026-07-30 15:51:11,938 [INFO] UtilMem:75 - End SaveConfig() Used Memory: 853093480 Bytes (1073741824)
2026-07-30 15:51:12,196 [INFO] UtilMem:75 - End SaveConfig() Used Memory: 883965800 Bytes (1073741824)
2026-07-30 15:51:13,225 [INFO] BlockDiagram:2775 - set Specific Code input for plugin: SYS
2026-07-30 15:51:13,225 [INFO] BlockDiagram:2775 - set Specific Code input for plugin: RCC
2026-07-30 15:51:13,225 [INFO] BlockDiagram:2775 - set Specific Code input for plugin: NVIC
2026-07-30 15:51:13,228 [INFO] CodeGenerator:892 - code generatio: config db path: C:\ST\STM32CubeIDE_1.19.0\STM32CubeIDE\plugins\com.st.stm32cube.common.mx_6.15.0.202507011659\\db\
2026-07-30 15:51:13,735 [INFO] CodeEngine:265 - oldGeneratedFile, D:\TinyML_GJ\TinyML_Workshop\STM32\Interfacing_Onboard_New\MXTmpFiles\license.tmp_save
2026-07-30 15:51:14,162 [INFO] CodeEngine:289 - Generated code: D:\TinyML_GJ\TinyML_Workshop\STM32\Interfacing_Onboard_New\MXTmpFiles\license.tmp
2026-07-30 15:51:14,186 [INFO] CodeEngine:265 - oldGeneratedFile, D:\TinyML_GJ\TinyML_Workshop\STM32\Interfacing_Onboard_New\Core\Src\stm32l4xx_it.c_save
2026-07-30 15:51:14,669 [INFO] CodeEngine:289 - Generated code: D:\TinyML_GJ\TinyML_Workshop\STM32\Interfacing_Onboard_New\Core\Src\stm32l4xx_it.c
2026-07-30 15:51:14,678 [INFO] CodeEngine:265 - oldGeneratedFile, D:\TinyML_GJ\TinyML_Workshop\STM32\Interfacing_Onboard_New\Core\Inc\stm32l4xx_it.h_save
2026-07-30 15:51:14,812 [INFO] CodeEngine:289 - Generated code: D:\TinyML_GJ\TinyML_Workshop\STM32\Interfacing_Onboard_New\Core\Inc\stm32l4xx_it.h
2026-07-30 15:51:14,828 [INFO] CodeEngine:265 - oldGeneratedFile, D:\TinyML_GJ\TinyML_Workshop\STM32\Interfacing_Onboard_New\Core\Src\stm32l4xx_hal_msp.c_save
2026-07-30 15:51:15,156 [INFO] CodeEngine:289 - Generated code: D:\TinyML_GJ\TinyML_Workshop\STM32\Interfacing_Onboard_New\Core\Src\stm32l4xx_hal_msp.c
2026-07-30 15:51:15,164 [INFO] CodeEngine:265 - oldGeneratedFile, D:\TinyML_GJ\TinyML_Workshop\STM32\Interfacing_Onboard_New\MXTmpFiles\system.tmp_save
2026-07-30 15:51:15,286 [INFO] CodeEngine:289 - Generated code: D:\TinyML_GJ\TinyML_Workshop\STM32\Interfacing_Onboard_New\MXTmpFiles\system.tmp
2026-07-30 15:51:15,305 [INFO] CodeEngine:321 - oldGeneratedFile, D:\TinyML_GJ\TinyML_Workshop\STM32\Interfacing_Onboard_New\Core\Inc\stm32l4xx_hal_conf.h_save
2026-07-30 15:51:15,576 [INFO] CodeEngine:345 - Generated code: D:\TinyML_GJ\TinyML_Workshop\STM32\Interfacing_Onboard_New\Core\Inc\stm32l4xx_hal_conf.h
2026-07-30 15:51:15,632 [INFO] CodeEngine:265 - oldGeneratedFile, D:\TinyML_GJ\TinyML_Workshop\STM32\Interfacing_Onboard_New\Core\Inc\main.h_save
2026-07-30 15:51:15,894 [INFO] CodeEngine:289 - Generated code: D:\TinyML_GJ\TinyML_Workshop\STM32\Interfacing_Onboard_New\Core\Inc\main.h
2026-07-30 15:51:15,901 [INFO] CodeEngine:265 - oldGeneratedFile, D:\TinyML_GJ\TinyML_Workshop\STM32\Interfacing_Onboard_New\Core\Src\main.c_save
2026-07-30 15:51:16,126 [INFO] CodeEngine:289 - Generated code: D:\TinyML_GJ\TinyML_Workshop\STM32\Interfacing_Onboard_New\Core\Src\main.c
2026-07-30 15:51:16,531 [INFO] ProjectBuilder:3606 - Time for Copy HAL[1] : 202mS.
2026-07-30 15:51:16,538 [INFO] ProjectBuilder:5216 - Project Generator version: 4.7.0-B52
2026-07-30 15:51:16,649 [INFO] ConfigFileManager:1595 - The Die is : DIE470
2026-07-30 15:51:18,323 [INFO] ProjectBuilder:5496 - Time for Generating toolchain IDE Files: 1784mS.
2026-07-30 15:51:18,324 [INFO] ProjectBuilder:3463 - Time for Copy CMSIS : 1mS.
2026-07-30 15:51:18,326 [INFO] ProjectBuilder:3463 - Time for Copy CMSIS : 0mS.
2026-07-30 15:51:22,469 [ERROR] LogOutputStream:75 - [STDERR_REDIRECT] 
2026-07-30 15:51:22,473 [ERROR] LogOutputStream:75 - [STDERR_REDIRECT] 
2026-07-30 15:52:28,764 [INFO] Activator:176 - 


2026-07-30 15:52:28,767 [INFO] Activator:177 - !SESSION log4j initialized
2026-07-30 15:52:37,662 [INFO] LogOutputStream:77 - [STDOUT_REDIRECT] 
2026-07-30 15:52:48,617 [INFO] ApplicationProperties:184 - Using Application install path: C:\ST\STM32CubeIDE_1.19.0\STM32CubeIDE\plugins\com.st.stm32cube.common.mx_6.15.0.202507011659
2026-07-30 15:52:48,641 [INFO] DbMcusXml:78 - Set database path to: C:\ST\STM32CubeIDE_1.19.0\STM32CubeIDE\plugins\com.st.stm32cube.common.mx_6.15.0.202507011659\\db\/mcu/
2026-07-30 15:52:48,642 [INFO] ApiDb:274 - Set plugin database path to: C:\ST\STM32CubeIDE_1.19.0\STM32CubeIDE\plugins\com.st.stm32cube.common.mx_6.15.0.202507011659\\db\/plugins/boardmanager/
2026-07-30 15:52:48,642 [WARN] ApiDb:259 - Overriding images path with different value:  => C:\ST\STM32CubeIDE_1.19.0\STM32CubeIDE\plugins\com.st.stm32cube.common.mx_6.15.0.202507011659\\db\/plugins/mcufinder/images/
2026-07-30 15:52:48,651 [INFO] ApiDb:250 - Set database path to: C:\Users\ADMIN\.stmcufinder\plugins\mcufinder//mcu/
2026-07-30 15:52:48,653 [INFO] DbMcusAds:125 - Set database path to: C:\Users\ADMIN\.stmcufinder\plugins\mcufinder//mcu/
2026-07-30 15:52:48,696 [INFO] CrossReferenceDbSqlite:203 - Set database path to: C:\Users\ADMIN\.stmcufinder\plugins\mcufinder//mcu/cs/
2026-07-30 15:52:48,857 [INFO] RulesReader:64 - Compatibility file has been processed (317 Rules)
2026-07-30 15:52:48,994 [INFO] DbMcusXml:78 - Set database path to: C:\ST\STM32CubeIDE_1.19.0\STM32CubeIDE\plugins\com.st.stm32cube.common.mx_6.15.0.202507011659\\db\/mcu/
2026-07-30 15:52:48,995 [INFO] ApiDb:274 - Set plugin database path to: C:\ST\STM32CubeIDE_1.19.0\STM32CubeIDE\plugins\com.st.stm32cube.common.mx_6.15.0.202507011659\\db\/plugins/boardmanager/
2026-07-30 15:52:48,995 [INFO] ApiDb:261 - Set plugin images path to: C:\ST\STM32CubeIDE_1.19.0\STM32CubeIDE\plugins\com.st.stm32cube.common.mx_6.15.0.202507011659\\db\/plugins/mcufinder/images/
2026-07-30 15:52:48,995 [WARN] DbFile:41 - Overriding database path with different value: C:\Users\ADMIN\.stmcufinder\plugins\mcufinder/ => C:\Users\ADMIN\.stmcufinder\plugins\mcufinder
2026-07-30 15:52:48,995 [INFO] ApiDb:250 - Set database path to: C:\Users\ADMIN\.stmcufinder\plugins\mcufinder//mcu/
2026-07-30 15:52:48,995 [WARN] DbFile:41 - Overriding database path with different value: C:\Users\ADMIN\.stmcufinder\plugins\mcufinder/ => C:\Users\ADMIN\.stmcufinder\plugins\mcufinder
2026-07-30 15:52:48,996 [INFO] DbMcusAds:125 - Set database path to: C:\Users\ADMIN\.stmcufinder\plugins\mcufinder//mcu/
2026-07-30 15:52:48,996 [WARN] DbFile:41 - Overriding database path with different value: C:\Users\ADMIN\.stmcufinder\plugins\mcufinder/ => C:\Users\ADMIN\.stmcufinder\plugins\mcufinder
2026-07-30 15:52:48,996 [WARN] DbFile:41 - Overriding database path with different value: C:\Users\ADMIN\.stmcufinder\plugins\mcufinder/ => C:\Users\ADMIN\.stmcufinder\plugins\mcufinder
2026-07-30 15:52:48,996 [INFO] CrossReferenceDbSqlite:203 - Set database path to: C:\Users\ADMIN\.stmcufinder\plugins\mcufinder//mcu/cs/
2026-07-30 15:52:49,096 [INFO] MainPanel:274 - HeapMemory: 269484032
2026-07-30 15:52:49,246 [INFO] DbMcusXml:78 - Set database path to: C:\ST\STM32CubeIDE_1.19.0\STM32CubeIDE\plugins\com.st.stm32cube.common.mx_6.15.0.202507011659\\db\/mcu/
2026-07-30 15:52:49,246 [INFO] ApiDb:274 - Set plugin database path to: C:\ST\STM32CubeIDE_1.19.0\STM32CubeIDE\plugins\com.st.stm32cube.common.mx_6.15.0.202507011659\\db\/plugins/boardmanager/
2026-07-30 15:52:49,247 [INFO] ApiDb:261 - Set plugin images path to: C:\ST\STM32CubeIDE_1.19.0\STM32CubeIDE\plugins\com.st.stm32cube.common.mx_6.15.0.202507011659\\db\/plugins/mcufinder/images/
2026-07-30 15:52:49,248 [WARN] DbFile:41 - Overriding database path with different value: C:\Users\ADMIN\.stmcufinder\plugins\mcufinder/ => C:\Users\ADMIN\.stmcufinder\plugins\mcufinder
2026-07-30 15:52:49,248 [INFO] ApiDb:250 - Set database path to: C:\Users\ADMIN\.stmcufinder\plugins\mcufinder//mcu/
2026-07-30 15:52:49,248 [WARN] DbFile:41 - Overriding database path with different value: C:\Users\ADMIN\.stmcufinder\plugins\mcufinder/ => C:\Users\ADMIN\.stmcufinder\plugins\mcufinder
2026-07-30 15:52:49,248 [INFO] DbMcusAds:125 - Set database path to: C:\Users\ADMIN\.stmcufinder\plugins\mcufinder//mcu/
2026-07-30 15:52:49,248 [WARN] DbFile:41 - Overriding database path with different value: C:\Users\ADMIN\.stmcufinder\plugins\mcufinder/ => C:\Users\ADMIN\.stmcufinder\plugins\mcufinder
2026-07-30 15:52:49,248 [WARN] DbFile:41 - Overriding database path with different value: C:\Users\ADMIN\.stmcufinder\plugins\mcufinder/ => C:\Users\ADMIN\.stmcufinder\plugins\mcufinder
2026-07-30 15:52:49,248 [INFO] CrossReferenceDbSqlite:203 - Set database path to: C:\Users\ADMIN\.stmcufinder\plugins\mcufinder//mcu/cs/
2026-07-30 15:52:49,274 [INFO] ApplicationProperties:184 - Using Application install path: C:\ST\STM32CubeIDE_1.19.0\STM32CubeIDE\plugins\com.st.stm32cube.common.mx_6.15.0.202507011659
2026-07-30 15:52:49,277 [INFO] PluginManage:196 - Search for loadable plugins [exclusion list=, ]
2026-07-30 15:52:49,278 [INFO] PluginManage:310 - Check plugin analytics
2026-07-30 15:52:54,570 [INFO] AnalyticsPlugin:253 - Accepted Software Licenses: 
2026-07-30 15:52:54,570 [INFO] AnalyticsPlugin:255 - Accepted CMSIS Pack Licenses: STMicroelectronics.X-CUBE-AI.10.2.1
2026-07-30 15:52:54,570 [INFO] AnalyticsPlugin:257 - Accepted Firmware Licenses: FW.L4.1.18.0
2026-07-30 15:52:54,576 [INFO] PluginManage:359 - Loaded plugin analytics (category:tool,tabindex:-1)
2026-07-30 15:52:54,577 [INFO] PluginManage:310 - Check plugin cadmodel
2026-07-30 15:52:54,604 [INFO] CADModel:105 - Init CAD model plugin
2026-07-30 15:52:54,605 [INFO] PluginManage:359 - Loaded plugin cadmodel (category:power,tabindex:5)
2026-07-30 15:52:54,605 [INFO] PluginManage:310 - Check plugin clock
2026-07-30 15:52:54,654 [INFO] PluginManage:359 - Loaded plugin clock (category:base,tabindex:2)
2026-07-30 15:52:54,655 [INFO] PluginManage:310 - Check plugin ddr
2026-07-30 15:52:54,659 [INFO] PluginManage:359 - Loaded plugin ddr (category:tool,tabindex:6)
2026-07-30 15:52:54,660 [INFO] PluginManage:310 - Check plugin filemanager
2026-07-30 15:52:54,897 [INFO] PluginManage:359 - Loaded plugin filemanager (category:base,tabindex:10)
2026-07-30 15:52:54,897 [INFO] PluginManage:310 - Check plugin ipmanager
2026-07-30 15:52:54,909 [INFO] PluginManage:359 - Loaded plugin ipmanager (category:base,tabindex:5)
2026-07-30 15:52:54,909 [INFO] PluginManage:310 - Check plugin lpbam
2026-07-30 15:52:54,939 [INFO] PluginManage:359 - Loaded plugin lpbam (category:base,tabindex:0)
2026-07-30 15:52:54,939 [INFO] PluginManage:310 - Check plugin memorymap
2026-07-30 15:52:54,977 [INFO] PluginManage:359 - Loaded plugin memorymap (category:base,tabindex:4)
2026-07-30 15:52:54,977 [INFO] PluginManage:310 - Check plugin pinoutandconfiguration
2026-07-30 15:52:55,012 [INFO] PluginManage:359 - Loaded plugin pinoutandconfiguration (category:base,tabindex:1)
2026-07-30 15:52:55,012 [INFO] PluginManage:310 - Check plugin pinoutconfig
2026-07-30 15:52:55,171 [WARN] SupportedApi:132 - Cannot load RTOS API schema: s4s-elt-must-match.1: The content of 'definitions' must match (annotation?, (simpleType | complexType)?, (unique | key | keyref)*)). A problem was found starting at: attribute.
2026-07-30 15:52:55,373 [INFO] PluginManage:359 - Loaded plugin pinoutconfig (category:base,tabindex:0)
2026-07-30 15:52:55,374 [INFO] PluginManage:310 - Check plugin power
2026-07-30 15:52:55,409 [INFO] PluginManage:359 - Loaded plugin power (category:power,tabindex:4)
2026-07-30 15:52:55,409 [INFO] PluginManage:310 - Check plugin projectmanager
2026-07-30 15:52:55,436 [INFO] PluginManage:359 - Loaded plugin projectmanager (category:projectmanager,tabindex:4)
2026-07-30 15:52:55,437 [INFO] PluginManage:310 - Check plugin rif
2026-07-30 15:52:55,468 [INFO] PluginManage:359 - Loaded plugin rif (category:base,tabindex:3)
2026-07-30 15:52:55,468 [INFO] PluginManage:310 - Check plugin thirdparty
2026-07-30 15:52:55,960 [INFO] PluginManage:359 - Loaded plugin thirdparty (category:base,tabindex:-1)
2026-07-30 15:52:55,960 [WARN] IntegrityCheckThread:84 - waiting for thirdparty lock release [integrity check]
2026-07-30 15:52:55,960 [INFO] PluginManage:310 - Check plugin tools
2026-07-30 15:52:55,960 [INFO] IntegrityCheckThread:86 - entering critical section [integrity check]
2026-07-30 15:52:55,961 [INFO] ThirdPartyUpdaterWithRetryManager:70 - Updater plugin not ready yet. [1/15]
2026-07-30 15:52:56,032 [INFO] PluginManage:359 - Loaded plugin tools (category:base,tabindex:7)
2026-07-30 15:52:56,032 [INFO] PluginManage:310 - Check plugin tutovideos
2026-07-30 15:52:56,359 [INFO] PluginManage:359 - Loaded plugin tutovideos (category:base,tabindex:-1)
2026-07-30 15:52:56,359 [INFO] PluginManage:310 - Check plugin updater
2026-07-30 15:52:56,393 [INFO] PluginManage:359 - Loaded plugin updater (category:base,tabindex:12)
2026-07-30 15:52:56,393 [INFO] PluginManage:310 - Check plugin userauth
2026-07-30 15:52:56,399 [INFO] UserAuth:118 - Init User Auth plugin
2026-07-30 15:52:56,400 [INFO] PluginManage:359 - Loaded plugin userauth (category:base,tabindex:14)
2026-07-30 15:52:56,401 [INFO] PluginManage:283 - PluginManage : Loaded plugins [18]
2026-07-30 15:52:56,693 [INFO] PinOutPanel:1589 - setPackage(No Configuration,No Configuration)
2026-07-30 15:52:56,814 [INFO] CADModel:165 - CPN selected for project level
2026-07-30 15:52:56,814 [INFO] CADModel:114 - Register for checkConnection events
2026-07-30 15:52:56,858 [INFO] IPUIPlugin:80 - create IPUIPlugin
2026-07-30 15:52:56,858 [INFO] PluginManager:220 - loadIPPluginJar : add adc
2026-07-30 15:52:56,935 [INFO] IPUIPlugin:80 - create IPUIPlugin
2026-07-30 15:52:56,935 [INFO] PluginManager:220 - loadIPPluginJar : add aes
2026-07-30 15:52:57,021 [INFO] IPUIPlugin:80 - create IPUIPlugin
2026-07-30 15:52:57,022 [INFO] PluginManager:220 - loadIPPluginJar : add can
2026-07-30 15:52:57,069 [INFO] IPUIPlugin:80 - create IPUIPlugin
2026-07-30 15:52:57,070 [INFO] PluginManager:220 - loadIPPluginJar : add comp
2026-07-30 15:52:57,139 [INFO] IPUIPlugin:80 - create IPUIPlugin
2026-07-30 15:52:57,139 [INFO] PluginManager:220 - loadIPPluginJar : add cryp
2026-07-30 15:52:57,166 [INFO] IPUIPlugin:80 - create IPUIPlugin
2026-07-30 15:52:57,166 [INFO] PluginManager:220 - loadIPPluginJar : add ddr_ctrl_phy
2026-07-30 15:52:57,232 [INFO] IPUIPlugin:80 - create IPUIPlugin
2026-07-30 15:52:57,232 [INFO] PluginManager:220 - loadIPPluginJar : add dfsdm
2026-07-30 15:52:57,256 [INFO] IPUIPlugin:80 - create IPUIPlugin
2026-07-30 15:52:57,256 [INFO] PluginManager:220 - loadIPPluginJar : add dma
2026-07-30 15:52:57,336 [INFO] IPUIPlugin:80 - create IPUIPlugin
2026-07-30 15:52:57,336 [INFO] PluginManager:220 - loadIPPluginJar : add dma3
2026-07-30 15:52:57,431 [INFO] IPUIPlugin:80 - create IPUIPlugin
2026-07-30 15:52:57,431 [INFO] PluginManager:220 - loadIPPluginJar : add extmemmanager
2026-07-30 15:52:57,472 [INFO] IPUIPlugin:80 - create IPUIPlugin
2026-07-30 15:52:57,472 [INFO] PluginManager:220 - loadIPPluginJar : add fatfs
2026-07-30 15:52:57,569 [INFO] IPUIPlugin:80 - create IPUIPlugin
2026-07-30 15:52:57,569 [INFO] PluginManager:220 - loadIPPluginJar : add fmc
2026-07-30 15:52:57,596 [INFO] IPUIPlugin:80 - create IPUIPlugin
2026-07-30 15:52:57,597 [INFO] PluginManager:220 - loadIPPluginJar : add freertos
2026-07-30 15:52:57,643 [INFO] IPUIPlugin:80 - create IPUIPlugin
2026-07-30 15:52:57,644 [INFO] PluginManager:220 - loadIPPluginJar : add genericplugin
2026-07-30 15:52:57,851 [INFO] IPUIPlugin:80 - create IPUIPlugin
2026-07-30 15:52:57,851 [INFO] PluginManager:220 - loadIPPluginJar : add gfxmmu
2026-07-30 15:52:58,119 [INFO] IPUIPlugin:80 - create IPUIPlugin
2026-07-30 15:52:58,119 [INFO] PluginManager:220 - loadIPPluginJar : add gic
2026-07-30 15:52:58,141 [INFO] IPUIPlugin:80 - create IPUIPlugin
2026-07-30 15:52:58,142 [INFO] PluginManager:220 - loadIPPluginJar : add gpio
2026-07-30 15:52:58,359 [INFO] IPUIPlugin:80 - create IPUIPlugin
2026-07-30 15:52:58,359 [INFO] PluginManager:220 - loadIPPluginJar : add gtzc
2026-07-30 15:52:58,426 [INFO] IPUIPlugin:80 - create IPUIPlugin
2026-07-30 15:52:58,426 [INFO] PluginManager:220 - loadIPPluginJar : add hash
2026-07-30 15:52:58,536 [INFO] IPUIPlugin:80 - create IPUIPlugin
2026-07-30 15:52:58,537 [INFO] PluginManager:220 - loadIPPluginJar : add i2c
2026-07-30 15:52:58,617 [INFO] IPUIPlugin:80 - create IPUIPlugin
2026-07-30 15:52:58,618 [INFO] PluginManager:220 - loadIPPluginJar : add i2s
2026-07-30 15:52:58,708 [INFO] IPUIPlugin:80 - create IPUIPlugin
2026-07-30 15:52:58,709 [INFO] PluginManager:220 - loadIPPluginJar : add i3c
2026-07-30 15:52:58,942 [INFO] IPUIPlugin:80 - create IPUIPlugin
2026-07-30 15:52:58,942 [INFO] PluginManager:220 - loadIPPluginJar : add ipddr
2026-07-30 15:52:58,961 [INFO] ThirdPartyUpdaterWithRetryManager:70 - Updater plugin not ready yet. [2/15]
2026-07-30 15:52:59,129 [INFO] IPUIPlugin:80 - create IPUIPlugin
2026-07-30 15:52:59,130 [INFO] PluginManager:220 - loadIPPluginJar : add linkedlist
2026-07-30 15:52:59,201 [INFO] IPUIPlugin:80 - create IPUIPlugin
2026-07-30 15:52:59,201 [INFO] PluginManager:220 - loadIPPluginJar : add lorawan
2026-07-30 15:52:59,276 [INFO] IPUIPlugin:80 - create IPUIPlugin
2026-07-30 15:52:59,276 [INFO] PluginManager:220 - loadIPPluginJar : add ltdc
2026-07-30 15:52:59,301 [INFO] IPUIPlugin:80 - create IPUIPlugin
2026-07-30 15:52:59,302 [INFO] PluginManager:220 - loadIPPluginJar : add mdma
2026-07-30 15:52:59,322 [INFO] IPUIPlugin:80 - create IPUIPlugin
2026-07-30 15:52:59,322 [INFO] PluginManager:220 - loadIPPluginJar : add nvic
2026-07-30 15:52:59,395 [INFO] IPUIPlugin:80 - create IPUIPlugin
2026-07-30 15:52:59,395 [INFO] PluginManager:220 - loadIPPluginJar : add opamp
2026-07-30 15:52:59,520 [INFO] IPUIPlugin:80 - create IPUIPlugin
2026-07-30 15:52:59,520 [INFO] PluginManager:220 - loadIPPluginJar : add openamp
2026-07-30 15:52:59,607 [INFO] IPUIPlugin:80 - create IPUIPlugin
2026-07-30 15:52:59,607 [INFO] PluginManager:220 - loadIPPluginJar : add pdm2pcm
2026-07-30 15:52:59,631 [INFO] IPUIPlugin:80 - create IPUIPlugin
2026-07-30 15:52:59,634 [INFO] PluginManager:220 - loadIPPluginJar : add plateformsettings
2026-07-30 15:52:59,678 [INFO] IPUIPlugin:80 - create IPUIPlugin
2026-07-30 15:52:59,679 [INFO] PluginManager:220 - loadIPPluginJar : add quadspi
2026-07-30 15:52:59,731 [INFO] IPUIPlugin:80 - create IPUIPlugin
2026-07-30 15:52:59,732 [INFO] PluginManager:220 - loadIPPluginJar : add radio
2026-07-30 15:52:59,753 [INFO] IPUIPlugin:80 - create IPUIPlugin
2026-07-30 15:52:59,753 [INFO] PluginManager:220 - loadIPPluginJar : add resmgrutility
2026-07-30 15:52:59,856 [INFO] IPUIPlugin:80 - create IPUIPlugin
2026-07-30 15:52:59,856 [INFO] PluginManager:220 - loadIPPluginJar : add sai
2026-07-30 15:52:59,932 [INFO] IPUIPlugin:80 - create IPUIPlugin
2026-07-30 15:52:59,932 [INFO] PluginManager:220 - loadIPPluginJar : add spi
2026-07-30 15:53:00,104 [INFO] IPUIPlugin:80 - create IPUIPlugin
2026-07-30 15:53:00,104 [INFO] PluginManager:220 - loadIPPluginJar : add stm32_wpan
2026-07-30 15:53:00,152 [INFO] IPUIPlugin:80 - create IPUIPlugin
2026-07-30 15:53:00,153 [INFO] PluginManager:220 - loadIPPluginJar : add tim
2026-07-30 15:53:00,282 [INFO] IPUIPlugin:80 - create IPUIPlugin
2026-07-30 15:53:00,283 [INFO] PluginManager:220 - loadIPPluginJar : add touchsensing
2026-07-30 15:53:00,330 [INFO] IPUIPlugin:80 - create IPUIPlugin
2026-07-30 15:53:00,330 [INFO] PluginManager:220 - loadIPPluginJar : add tracer_emb
2026-07-30 15:53:00,377 [INFO] IPUIPlugin:80 - create IPUIPlugin
2026-07-30 15:53:00,378 [INFO] PluginManager:220 - loadIPPluginJar : add ts
2026-07-30 15:53:00,422 [INFO] IPUIPlugin:80 - create IPUIPlugin
2026-07-30 15:53:00,422 [INFO] PluginManager:220 - loadIPPluginJar : add tsc
2026-07-30 15:53:00,468 [INFO] IPUIPlugin:80 - create IPUIPlugin
2026-07-30 15:53:00,468 [INFO] PluginManager:220 - loadIPPluginJar : add ucpd
2026-07-30 15:53:00,558 [INFO] IPUIPlugin:80 - create IPUIPlugin
2026-07-30 15:53:00,558 [INFO] PluginManager:220 - loadIPPluginJar : add usart
2026-07-30 15:53:00,652 [INFO] IPUIPlugin:80 - create IPUIPlugin
2026-07-30 15:53:00,652 [INFO] PluginManager:220 - loadIPPluginJar : add usbx
2026-07-30 15:53:00,816 [FATAL] Updater:351 - Updater called before beeing initialized
2026-07-30 15:53:00,859 [INFO] RulesReader:64 - Compatibility file has been processed (317 Rules)
2026-07-30 15:53:00,873 [INFO] RulesReader:64 - Compatibility file has been processed (317 Rules)
2026-07-30 15:53:00,890 [INFO] CADModel:165 - CPN selected for project level
2026-07-30 15:53:00,890 [INFO] CADModel:114 - Register for checkConnection events
2026-07-30 15:53:00,890 [FATAL] Updater:351 - Updater called before beeing initialized
2026-07-30 15:53:00,891 [ERROR] CADModel:125 - Updater not yet initialized, retry later 
2026-07-30 15:53:01,093 [FATAL] Updater:351 - Updater called before beeing initialized
2026-07-30 15:53:01,095 [INFO] CADModel:165 - CPN selected for project level
2026-07-30 15:53:01,096 [INFO] CADModel:114 - Register for checkConnection events
2026-07-30 15:53:01,096 [FATAL] Updater:351 - Updater called before beeing initialized
2026-07-30 15:53:01,096 [ERROR] CADModel:125 - Updater not yet initialized, retry later 
2026-07-30 15:53:01,100 [FATAL] Updater:351 - Updater called before beeing initialized
2026-07-30 15:53:01,272 [FATAL] Updater:351 - Updater called before beeing initialized
2026-07-30 15:53:01,290 [INFO] DbMcusAds:53 - JSON generation date=Wed Jul 15 15:16:00 IST 2026 (1784108760991)
2026-07-30 15:53:01,290 [FATAL] Updater:351 - Updater called before beeing initialized
2026-07-30 15:53:01,340 [WARN] DetailPanel:346 - Failed to get advertising image, set to default
2026-07-30 15:53:01,469 [FATAL] Updater:351 - Updater called before beeing initialized
2026-07-30 15:53:01,473 [FATAL] Updater:351 - Updater called before beeing initialized
2026-07-30 15:53:01,474 [FATAL] Updater:351 - Updater called before beeing initialized
2026-07-30 15:53:01,474 [WARN] DetailPanel:346 - Failed to get advertising image, set to default
2026-07-30 15:53:01,475 [FATAL] Updater:351 - Updater called before beeing initialized
2026-07-30 15:53:01,559 [ERROR] Updater:1198 - MainUpdater not yet initialized. External WinMGr cannot be set.
2026-07-30 15:53:01,579 [INFO] Updater:1134 - Updater Version found : 6.15.0
2026-07-30 15:53:01,600 [INFO] ApplicationProperties:184 - Using Application install path: C:\ST\STM32CubeIDE_1.19.0\STM32CubeIDE\plugins\com.st.stm32cube.common.mx_6.15.0.202507011659
2026-07-30 15:53:01,963 [INFO] ThirdPartyUpdaterWithRetryManager:70 - Updater plugin not ready yet. [3/15]
2026-07-30 15:53:03,187 [ERROR] LogOutputStream:75 - [STDERR_REDIRECT] Jul 30, 2026 3:53:03 PM java.util.prefs.WindowsPreferences <init>
2026-07-30 15:53:03,190 [ERROR] LogOutputStream:75 - [STDERR_REDIRECT] WARNING: Could not open/create prefs root node Software\JavaSoft\Prefs at root 0xffffffff80000002. Windows RegCreateKeyEx(...) returned error code 5.
2026-07-30 15:53:03,191 [ERROR] LogOutputStream:75 - [STDERR_REDIRECT] 
2026-07-30 15:53:03,973 [INFO] MainUpdater:2872 - connection check result : 10
2026-07-30 15:53:03,975 [INFO] MainUpdater:289 - Updater Check For Update Now.
2026-07-30 15:53:03,975 [INFO] MicroXplorer:498 - Change Database Version : DB.6.0.150
2026-07-30 15:53:04,034 [INFO] McuFinderGlobals:63 - Set McuFinder mode to 2 (CubeIDE integrated)
2026-07-30 15:53:04,034 [INFO] UserAuth:171 - activating auth plugin
2026-07-30 15:53:04,039 [INFO] UserAuth:487 - Internet connection configuration mode: 1
2026-07-30 15:53:04,100 [INFO] JxBrowserEngine:152 - Initiate JxBrowser Engine with user profile folder
2026-07-30 15:53:04,278 [INFO] CheckServerUpdateThread:120 - End of CheckServer Thread
2026-07-30 15:53:05,472 [WARN] PackLoader:240 - Cannot read IP mode file for STMicroelectronics.X-CUBE-AZRTOS-H7.3.5.0
2026-07-30 15:53:05,504 [WARN] PackLoader:240 - Cannot read IP mode file for STMicroelectronics.FP-ATR-ASTRA1.2.0.3
2026-07-30 15:53:05,519 [INFO] WebApp:169 - Instantiating new browser for Auth
2026-07-30 15:53:05,535 [ERROR] Engine:466 - C:\Users\ADMIN\.stm32cubemx\thirdparties\pdsc\STMicroelectronics.X-CUBE-SMBUS.2.1.1.pdsc: PDSC version is not supported
2026-07-30 15:53:05,598 [WARN] PackLoader:240 - Cannot read IP mode file for STMicroelectronics.X-CUBE-AZRTOS-F7.1.1.0
2026-07-30 15:53:05,642 [WARN] PackLoader:240 - Cannot read IP mode file for STMicroelectronics.X-CUBE-FREERTOS.1.6.0
2026-07-30 15:53:05,668 [WARN] PackLoader:240 - Cannot read IP mode file for STMicroelectronics.FP-SNS-MOTENV1.5.1.0
2026-07-30 15:53:05,748 [WARN] PackLoader:240 - Cannot read IP mode file for STMicroelectronics.X-CUBE-AZRTOS-H7RS.1.3.0
2026-07-30 15:53:05,829 [WARN] PackLoader:240 - Cannot read IP mode file for WES.I-CUBE-Cesium.1.4.0
2026-07-30 15:53:05,868 [WARN] PackLoader:240 - Cannot read IP mode file for STMicroelectronics.X-CUBE-DISPLAY.3.0.0
2026-07-30 15:53:05,911 [WARN] PackLoader:240 - Cannot read IP mode file for STMicroelectronics.X-CUBE-GNSS1.7.1.1
2026-07-30 15:53:05,937 [WARN] PackLoader:240 - Cannot read IP mode file for STMicroelectronics.FP-SNS-MOTENVWB1.1.5.0
2026-07-30 15:53:05,968 [WARN] PackLoader:240 - Cannot read IP mode file for STMicroelectronics.X-CUBE-NFC10.1.0.0
2026-07-30 15:53:05,996 [WARN] PackLoader:240 - Cannot read IP mode file for STMicroelectronics.X-CUBE-ST60.1.1.0
2026-07-30 15:53:06,026 [WARN] PackLoader:240 - Cannot read IP mode file for emotas.I-CUBE-CANOPEN.1.3.0
2026-07-30 15:53:06,050 [WARN] PackLoader:240 - Cannot read IP mode file for wolfSSL.I-CUBE-wolfSSL.5.9.2
2026-07-30 15:53:06,075 [ERROR] Engine:466 - C:\Users\ADMIN\.stm32cubemx\thirdparties\pdsc\STMicroelectronics.X-CUBE-WBA.1.1.0.pdsc: PDSC version is not supported
2026-07-30 15:53:06,103 [WARN] PackLoader:240 - Cannot read IP mode file for STMicroelectronics.FP-SNS-STBOX1.2.1.0
2026-07-30 15:53:06,133 [WARN] PackLoader:240 - Cannot read IP mode file for STMicroelectronics.FP-SNS-SMARTAG2.1.2.0
2026-07-30 15:53:06,158 [WARN] PackLoader:240 - Cannot read IP mode file for STMicroelectronics.FP-SNS-FLIGHT1.5.1.0
2026-07-30 15:53:06,191 [INFO] LogOutputStream:77 - [STDOUT_REDIRECT] 1 : Invalid condition id : UX_CORESTACK_Condition cause : null
2026-07-30 15:53:06,192 [INFO] LogOutputStream:77 - [STDOUT_REDIRECT] 1 : Invalid condition id : UX_CORESTACK_Condition cause : null
2026-07-30 15:53:06,194 [INFO] LogOutputStream:77 - [STDOUT_REDIRECT] 1 : Invalid condition id : UX_CORESTACK_Condition cause : null
2026-07-30 15:53:06,195 [INFO] LogOutputStream:77 - [STDOUT_REDIRECT] 1 : Invalid condition id : UX_CORESTACK_Condition cause : null
2026-07-30 15:53:06,196 [INFO] LogOutputStream:77 - [STDOUT_REDIRECT] 1 : Invalid condition id : UX_CORESTACK_Condition cause : null
2026-07-30 15:53:06,199 [WARN] PackLoader:240 - Cannot read IP mode file for STMicroelectronics.X-CUBE-AZRTOS-WL.2.0.0
2026-07-30 15:53:06,224 [WARN] PackLoader:240 - Cannot read IP mode file for STMicroelectronics.X-CUBE-BLE2.3.3.0
2026-07-30 15:53:06,317 [WARN] PackLoader:240 - Cannot read IP mode file for Infineon.AIROC-Wi-Fi-Bluetooth-STM32.1.8.0
2026-07-30 15:53:06,349 [WARN] PackLoader:240 - Cannot read IP mode file for STMicroelectronics.X-CUBE-NFC9.1.0.0
2026-07-30 15:53:06,372 [WARN] PackLoader:240 - Cannot read IP mode file for STMicroelectronics.X-CUBE-BLE1.7.1.0
2026-07-30 15:53:06,391 [WARN] PackLoader:240 - Cannot read IP mode file for wolfSSL.I-CUBE-wolfMQTT.1.19.2
2026-07-30 15:53:06,414 [WARN] PackLoader:240 - Cannot read IP mode file for STMicroelectronics.X-CUBE-EEPRMA1.5.2.0
2026-07-30 15:53:06,439 [WARN] PackLoader:240 - Cannot read IP mode file for STMicroelectronics.FP-SNS-STAIOTCFT.1.1.0
2026-07-30 15:53:06,485 [WARN] PackLoader:240 - Cannot read IP mode file for STMicroelectronics.X-CUBE-AZRTOS-G0.1.1.0
2026-07-30 15:53:06,509 [WARN] PackLoader:240 - Cannot read IP mode file for STMicroelectronics.X-CUBE-NFC4.3.0.0
2026-07-30 15:53:06,534 [WARN] PackLoader:240 - Cannot read IP mode file for EmbeddedOffice.I-CUBE-FS-RTOS.1.0.1
2026-07-30 15:53:06,555 [WARN] PackLoader:240 - Cannot read IP mode file for wolfSSL.I-CUBE-wolfTPM.3.8.0
2026-07-30 15:53:06,579 [WARN] PackLoader:240 - Cannot read IP mode file for STMicroelectronics.X-CUBE-TCPP.4.2.0
2026-07-30 15:53:06,608 [WARN] PackLoader:240 - Cannot read IP mode file for RealThread.X-CUBE-RT-Thread_Nano.4.1.1
2026-07-30 15:53:06,629 [WARN] PackLoader:240 - Cannot read IP mode file for STMicroelectronics.FP-ATR-SIGFOX1.3.2.0
2026-07-30 15:53:06,656 [WARN] PackLoader:240 - Cannot read IP mode file for ITTIA_DB.I-CUBE-ITTIADB.8.9.0
2026-07-30 15:53:06,688 [WARN] PackLoader:240 - Cannot read IP mode file for Cesanta.I-CUBE-Mongoose.7.21.7
2026-07-30 15:53:06,727 [WARN] PackLoader:240 - Cannot read IP mode file for STMicroelectronics.X-CUBE-NFC6.3.2.0
2026-07-30 15:53:06,760 [WARN] PackLoader:240 - Cannot read IP mode file for STMicroelectronics.X-CUBE-AI.10.2.1
2026-07-30 15:53:06,964 [WARN] PackLoader:240 - Cannot read IP mode file for STMicroelectronics.X-CUBE-MEMS1.12.1.0
2026-07-30 15:53:07,107 [WARN] PackLoader:240 - Cannot read IP mode file for SEGGER.I-CUBE-embOS.1.3.1
2026-07-30 15:53:07,161 [WARN] PackLoader:240 - Cannot read IP mode file for STMicroelectronics.X-CUBE-NFC13.1.0.0
2026-07-30 15:53:07,184 [WARN] PackLoader:240 - Cannot read IP mode file for STMicroelectronics.X-CUBE-PM33A1.1.0.0
2026-07-30 15:53:07,222 [WARN] PackLoader:240 - Cannot read IP mode file for STMicroelectronics.X-CUBE-AZRTOS-F4.1.1.0
2026-07-30 15:53:07,245 [WARN] PackLoader:240 - Cannot read IP mode file for STMicroelectronics.X-CUBE-ISPU.2.1.0
2026-07-30 15:53:07,276 [WARN] PackLoader:240 - Cannot read IP mode file for STMicroelectronics.X-CUBE-IPS.3.2.0
2026-07-30 15:53:07,301 [WARN] PackLoader:240 - Cannot read IP mode file for STMicroelectronics.eDS-WB_DPC_TT-BIDIR.2.1.1
2026-07-30 15:53:07,324 [WARN] PackLoader:240 - Cannot read IP mode file for STMicroelectronics.X-CUBE-NFC12.1.0.0
2026-07-30 15:53:07,363 [WARN] PackLoader:240 - Cannot read IP mode file for STMicroelectronics.X-CUBE-AZRTOS-L5.2.0.0
2026-07-30 15:53:07,388 [WARN] PackLoader:240 - Cannot read IP mode file for STMicroelectronics.X-CUBE-ALGOBUILD.1.5.0
2026-07-30 15:53:07,408 [WARN] PackLoader:240 - Cannot read IP mode file for STMicroelectronics.eDS-WB_DPC_VIENNA.1.2.0
2026-07-30 15:53:07,428 [WARN] PackLoader:240 - Cannot read IP mode file for STMicroelectronics.eDS-WB_DPC_3PH2L-BIDIR.1.1.1
2026-07-30 15:53:07,449 [ERROR] Engine:466 - C:\Users\ADMIN\.stm32cubemx\thirdparties\pdsc\STMicroelectronics.X-CUBE-ST67W61.1.3.0.pdsc: PDSC version is not supported
2026-07-30 15:53:07,475 [WARN] PackLoader:240 - Cannot read IP mode file for STMicroelectronics.X-CUBE-TOUCHGFX.4.26.1
2026-07-30 15:53:07,496 [WARN] PackLoader:240 - Cannot read IP mode file for STMicroelectronics.X-CUBE-DPower.1.3.0
2026-07-30 15:53:07,534 [WARN] ConditionMgr:438 - getConditionDescription Invalid condition id : LAN8742 Phy interface Condition cause : null
2026-07-30 15:53:07,535 [WARN] PackLoader:240 - Cannot read IP mode file for STMicroelectronics.X-CUBE-AZRTOS-L4.2.0.0
2026-07-30 15:53:07,536 [WARN] ConditionMgr:1044 - genDependencies : Invalid condition id : LAN8742 Phy interface Condition cause : null
2026-07-30 15:53:07,536 [WARN] ConditionMgr:1044 - genDependencies : Invalid condition id : LAN8742 Phy interface Condition cause : null
2026-07-30 15:53:07,537 [WARN] ConditionMgr:1044 - genDependencies : Invalid condition id : LAN8742 Phy interface Condition cause : null
2026-07-30 15:53:07,561 [WARN] PackLoader:240 - Cannot read IP mode file for STMicroelectronics.X-CUBE-SFXS2LP1.4.0.0
2026-07-30 15:53:07,583 [WARN] PackLoader:240 - Cannot read IP mode file for STMicroelectronics.X-CUBE-WB05N.2.1.0
2026-07-30 15:53:07,617 [WARN] ConditionMgr:438 - getConditionDescription Invalid condition id : UX DEVICE CLASS RTOS Condition cause : null
2026-07-30 15:53:07,618 [WARN] ConditionMgr:438 - getConditionDescription Invalid condition id : UX DEVICE CLASS RTOS Condition cause : null
2026-07-30 15:53:07,619 [WARN] PackLoader:240 - Cannot read IP mode file for STMicroelectronics.X-CUBE-AZRTOS-WB.2.0.0
2026-07-30 15:53:07,620 [WARN] ConditionMgr:1044 - genDependencies : Invalid condition id : UX DEVICE CLASS RTOS Condition cause : null
2026-07-30 15:53:07,620 [WARN] ConditionMgr:1044 - genDependencies : Invalid condition id : UX DEVICE CLASS RTOS Condition cause : null
2026-07-30 15:53:07,620 [WARN] ConditionMgr:1044 - genDependencies : Invalid condition id : UX DEVICE CLASS RTOS Condition cause : null
2026-07-30 15:53:07,621 [WARN] ConditionMgr:1044 - genDependencies : Invalid condition id : UX DEVICE CLASS RTOS Condition cause : null
2026-07-30 15:53:07,621 [WARN] ConditionMgr:1044 - genDependencies : Invalid condition id : UX DEVICE CLASS RTOS Condition cause : null
2026-07-30 15:53:07,643 [WARN] ConditionMgr:438 - getConditionDescription Invalid condition id : Cortex-A Device cause : null
2026-07-30 15:53:07,672 [WARN] ConditionMgr:1044 - genDependencies : Invalid condition id : Cortex-A Device cause : null
2026-07-30 15:53:07,673 [WARN] ConditionMgr:1044 - genDependencies : Invalid condition id : Cortex-A Device cause : null
2026-07-30 15:53:07,673 [WARN] ConditionMgr:1044 - genDependencies : Invalid condition id : Cortex-A Device cause : null
2026-07-30 15:53:07,700 [WARN] PackLoader:240 - Cannot read IP mode file for STMicroelectronics.X-CUBE-STSE01.2.0.0
2026-07-30 15:53:07,742 [WARN] PackLoader:240 - Cannot read IP mode file for STMicroelectronics.X-CUBE-SUBG2.5.0.0
2026-07-30 15:53:07,840 [WARN] PackLoader:240 - Cannot read IP mode file for STMicroelectronics.X-CUBE-AZRTOS-G4.2.0.0
2026-07-30 15:53:07,900 [WARN] PackLoader:240 - Cannot read IP mode file for wolfSSL.I-CUBE-wolfSSH.1.4.20
2026-07-30 15:53:07,937 [WARN] PackLoader:240 - Cannot read IP mode file for STMicroelectronics.X-CUBE-NFC7.2.0.0
2026-07-30 15:53:07,965 [ERROR] Engine:466 - C:\Users\ADMIN\.stm32cubemx\thirdparties\pdsc\STMicroelectronics.X-CUBE-BLEMGR.4.2.0.pdsc: PDSC version is not supported
2026-07-30 15:53:07,995 [WARN] PackLoader:240 - Cannot read IP mode file for STMicroelectronics.X-CUBE-ALS.1.0.2
2026-07-30 15:53:08,014 [INFO] WebApp:463 - Apply proxy settings
2026-07-30 15:53:08,015 [INFO] WebApp:548 - Chromium requires no authentication
2026-07-30 15:53:08,031 [WARN] PackLoader:240 - Cannot read IP mode file for STMicroelectronics.X-CUBE-TOF1.3.4.3
2026-07-30 15:53:08,042 [INFO] ThirdParty:978 - Integrity check success = true
2026-07-30 15:53:08,043 [INFO] IntegrityCheckThread:100 - exiting critical section [integrity check]
2026-07-30 15:53:08,043 [INFO] IntegrityCheckThread:103 - End integrity checks thread
2026-07-30 15:53:08,087 [INFO] WebApp:491 - Direct internet connection detected
2026-07-30 15:53:08,266 [INFO] WebApp:900 - Register for checkConnection events
2026-07-30 15:53:08,266 [INFO] WebApp:463 - Apply proxy settings
2026-07-30 15:53:08,266 [INFO] WebApp:548 - Chromium requires no authentication
2026-07-30 15:53:08,267 [INFO] WebApp:491 - Direct internet connection detected
2026-07-30 15:53:08,410 [INFO] WebApp:191 - Connection restablished
2026-07-30 15:53:08,582 [INFO] WebApp:225 - Starting web application
2026-07-30 15:53:08,582 [INFO] WebApp:593 - Web application path used C:\ST\STM32CubeIDE_1.19.0\STM32CubeIDE\plugins\com.st.stm32cube.common.mx_6.15.0.202507011659\db\plugins\mcufinder\reactClient1\index.html
2026-07-30 15:57:00,628 [INFO] McuFinderGlobals:63 - Set McuFinder mode to 2 (CubeIDE integrated)
2026-07-30 15:57:00,681 [INFO] MainUpdater:2872 - connection check result : 10
2026-07-30 15:57:00,729 [INFO] McuFinderGlobals:76 - Set McuFinderConnectedMode to true
2026-07-30 15:57:01,088 [INFO] ServerAccessManage:452 - Complete download http(s) 200
2026-07-30 15:57:01,090 [INFO] ServerAccessManage:509 - Download File mcusAds.json._tmp_
2026-07-30 15:57:01,214 [INFO] LoadUrlFilesThread:156 - End of LoadUrlFiles Thread
2026-07-30 15:57:01,678 [INFO] ServerAccessManage:452 - Complete download http(s) 200
2026-07-30 15:57:01,679 [INFO] ServerAccessManage:509 - Download File cube-finder-db.zip
2026-07-30 15:57:47,248 [INFO] FileExtend:248 - Unzip File : cube-finder-db.zip
2026-07-30 15:57:47,249 [INFO] FileExtend:263 - Standard Zip Deflate
2026-07-30 15:57:48,478 [INFO] LoadUrlFilesThread:156 - End of LoadUrlFiles Thread
2026-07-30 15:58:09,744 [ERROR] ServerAccessManage:1295 - Problem during Server Connection :  IO error Connection timed out: getsockopt
2026-07-30 15:58:09,744 [ERROR] ServerAccessManage:740 - Problem during Server Connection :  : crdb.zip.
2026-07-30 15:58:14,760 [INFO] LoadUrlFilesThread:156 - End of LoadUrlFiles Thread
2026-07-30 15:58:15,714 [INFO] DbMcusAds:53 - JSON generation date=Wed Jul 15 15:16:00 IST 2026 (1784108760991)
2026-07-30 15:58:15,729 [ERROR] TargetSelectorAdapter:267 - Unable to refresh data
2026-07-30 15:58:16,509 [INFO] ApiDb:581 - Connected to CubeFinder SQLite database (C:\Users\ADMIN\.stmcufinder\plugins\mcufinder\mcu\cube-finder-db.db)
2026-07-30 15:58:16,622 [INFO] ApiDb:668 - CubeFinder database Data Model version=2.1
2026-07-30 15:58:16,622 [INFO] ApiDb:669 - CubeFinder database Configuration version=3.0.42
2026-07-30 15:58:16,623 [INFO] ApiDb:670 - CubeFinder database generation date=2026-06-23 (1782213372)
2026-07-30 15:58:16,623 [INFO] ApiDb:671 - CubeFinder database FW Pack versions=[FP-ATR-ASTRA1_V2.0.0, FP-SNS-FLIGHT1_V5.1.0, FP-SNS-MOTENV1_V5.1.0, FP-SNS-MOTENVWB1_V1.5.0, FP-SNS-SMARTAG2_V1.2.0, FP-SNS-STBOX1_V2.1.0, STM32Cube_FW_C0_V1.4.0, STM32Cube_FW_F4_V1.28.3, STM32Cube_FW_F7_V1.17.4, STM32Cube_FW_G0_V1.6.3, STM32Cube_FW_G4_V1.6.2, STM32Cube_FW_H5_V1.7.0, STM32Cube_FW_H7RS_V1.3.0, STM32Cube_FW_H7_V1.13.0, STM32Cube_FW_L0_V1.12.2, STM32Cube_FW_L4_V1.18.2, STM32Cube_FW_L5_V1.6.0, STM32Cube_FW_N6_V1.4.0, STM32Cube_FW_U0_V1.3.0, STM32Cube_FW_U3_V1.4.0, STM32Cube_FW_U5_V1.9.0, STM32Cube_FW_WB0_V1.5.0, STM32Cube_FW_WBA_V1.10.0, STM32Cube_FW_WB_V1.24.0, STM32Cube_FW_WL3_V1.5.0, STM32Cube_FW_WL_V1.6.0, X-CUBE-ALGOBUILD_V1.5.0, X-CUBE-ALS_V1.0.2, X-CUBE-AZRTOS-F4_V1.1.0, X-CUBE-AZRTOS-F7_V1.1.0, X-CUBE-AZRTOS-G0_V1.1.0, X-CUBE-AZRTOS-G4_V2.0.0, X-CUBE-AZRTOS-H7RS_V1.1.0, X-CUBE-AZRTOS-H7_V3.5.0, X-CUBE-AZRTOS-L4_V2.0.0, X-CUBE-AZRTOS-L5_V2.0.0, X-CUBE-AZRTOS-WB_V2.0.0, X-CUBE-AZRTOS-WL_V2.0.0, X-CUBE-BLE1_V7.1.0, X-CUBE-BLE2_V3.3.0, X-CUBE-BLEMGR_V4.1.0, X-CUBE-EEPRMA1_V5.2.0, X-CUBE-FREERTOS_V1.5.0, X-CUBE-GNSS1_V7.1.1, X-CUBE-MEMS1_V12.1.0, X-CUBE-NFC4_V3.0.0, X-CUBE-NFC7_V2.0.0, X-CUBE-SFXS2LP1_V4.0.0, X-CUBE-ST67W61_V1.3.0, X-CUBE-SUBG2_V5.0.0, X-CUBE-TOF1_V3.4.3]
2026-07-30 15:58:20,408 [INFO] ApiDb:240 - Found 880 in-development CPN: [B-G473E-ZEST1S, B-WB1M-WPAN1, B-WBA5M-WPAN, B-WL5M-SUBG1, NUCLEO-C031C6, NUCLEO-C051C8, NUCLEO-C071RB, NUCLEO-C092RC, NUCLEO-H503RB, NUCLEO-H533RE, NUCLEO-H563ZI, NUCLEO-H7S3L8, NUCLEO-N657X0-Q, NUCLEO-U031R8, NUCLEO-U083RC, NUCLEO-U385RG-Q, NUCLEO-U545RE-Q, NUCLEO-U5A5ZJ-Q, NUCLEO-WB05KZ, NUCLEO-WB07CC, NUCLEO-WB09KE, NUCLEO-WBA52CG, NUCLEO-WBA55CG, NUCLEO-WL33CC1, NUCLEO-WL33CC2, STEVAL-PROTEUS1, STEVAL-SMARTAG2, STEVAL-STWINBX1, STM320518-EVAL, STM32C0116-DK, STM32C011D6Y3TR, STM32C011D6Y6TR, STM32C011F4P3, STM32C011F4P6, STM32C011F4U3, STM32C011F4U6TR, STM32C011F6P3, STM32C011F6P6, STM32C011F6U3, STM32C011F6U6TR, STM32C011J4M3, STM32C011J4M6, STM32C011J6M3, STM32C011J6M6, STM32C0316-DK, STM32C031C4T3, STM32C031C4T6, STM32C031C4U3, STM32C031C4U6, STM32C031C6T3, STM32C031C6T6, STM32C031C6U3, STM32C031C6U6, STM32C031F4P3, STM32C031F4P6, STM32C031F6P3, STM32C031F6P6, STM32C031G4U3, STM32C031G4U6, STM32C031G6U3, STM32C031G6U6, STM32C031K4T3, STM32C031K4T6, STM32C031K4U3, STM32C031K4U6, STM32C031K6T3, STM32C031K6T6, STM32C031K6U3, STM32C031K6U6, STM32C051C6T6, STM32C051C6U6, STM32C051C8T6, STM32C051C8U6, STM32C051D8Y6TR, STM32C051F6P6, STM32C051F8P6, STM32C051G6U6, STM32C051G8U6, STM32C051K6T6, STM32C051K6U6, STM32C051K8T6, STM32C071C8T6, STM32C071C8T6N, STM32C071C8U6, STM32C071C8U6N, STM32C071CBT6, STM32C071CBT6N, STM32C071CBU6, STM32C071CBU6N, STM32C071F8P6, STM32C071F8P6N, STM32C071FBP6, STM32C071FBP6N, STM32C071FBY6TR, STM32C071G8U6, STM32C071G8U6N, STM32C071GBU6, STM32C071GBU6N, STM32C071K8T6, STM32C071K8T6N, STM32C071K8U6, STM32C071K8U6N, STM32C071KBT6, STM32C071KBT6N, STM32C071KBU6, STM32C071KBU6N, STM32C071R8T6, STM32C071R8T6N, STM32C071RBI6N, STM32C071RBT6, STM32C071RBT6N, STM32C091CBT6, STM32C091CBU6, STM32C091CCT6, STM32C091CCU6, STM32C091ECY6TR, STM32C091FBP6, STM32C091FCP6, STM32C091GBU6, STM32C091GCU6, STM32C091KBT6, STM32C091KBU6, STM32C091KCT6, STM32C091KCU6, STM32C091RBT6, STM32C091RCI6, STM32C091RCT6, STM32C092CBT6, STM32C092CBU6, STM32C092CCT6, STM32C092CCU6, STM32C092ECY6TR, STM32C092FBP6, STM32C092FCP6, STM32C092GBU6, STM32C092GCU6, STM32C092KBT6, STM32C092KBU6, STM32C092KCT6, STM32C092KCU6, STM32C092RBT6, STM32C092RCI6, STM32C092RCT6, STM32G071K8TXN, STM32G071K8UXN, STM32G081GBU6N, STM32G081KBT6N, STM32G081KBUXN, STM32G0B1CCT6N, STM32G0B1KCT6, STM32G0B1NEY6TR, STM32G0B1RCT6N, STM32G0C1CCT6, STM32G0C1CCT6N, STM32G0C1CCU6N, STM32G0C1CET6N, STM32G0C1CEU6N, STM32G0C1KCT6, STM32G0C1NEY6TR, STM32G0C1RCI6N, STM32G0C1RCT6N, STM32G0C1REI6N, STM32G0C1RET6N, STM32G0C1VCI6, STM32G0C1VEI6, STM32G411C6T3, STM32G411C6T6, STM32G411C6U3, STM32G411C6U6, STM32G411C8T3, STM32G411C8T6, STM32G411C8U3, STM32G411C8U6, STM32G411CBT3, STM32G411CBT6, STM32G411CBU3, STM32G411CBU6, STM32G411K6T3, STM32G411K6T6, STM32G411K6U3, STM32G411K6U6, STM32G411K8T3, STM32G411K8T6, STM32G411K8U3, STM32G411K8U6, STM32G411KBT3, STM32G411KBT6, STM32G411KBU3, STM32G411KBU6, STM32G411M6T3, STM32G411M6T6, STM32G411M8T3, STM32G411M8T6, STM32G411MBT3, STM32G411MBT6, STM32G411R6T3, STM32G411R6T6, STM32G411R8T3, STM32G411R8T6, STM32G411RBT3, STM32G411RBT6, STM32G414CBT3, STM32G414CBT6, STM32G414CBU3, STM32G414CBU6, STM32G414CCT3, STM32G414CCT6, STM32G414CCU3, STM32G414CCU6, STM32G414MBT3, STM32G414MBT6, STM32G414MCT3, STM32G414MCT6, STM32G414RBT3, STM32G414RBT6, STM32G414RCT3, STM32G414RCT6, STM32G414VBT3, STM32G414VBT6, STM32G414VCT3, STM32G414VCT6, STM32G431CBT3Z, STM32G431RBT3Z, STM32G471CCT6, STM32G471CCU6, STM32G471CET3, STM32G471CET6, STM32G471CEU3, STM32G471CEU6, STM32G471MCT6, STM32G471MET3, STM32G471MET6, STM32G471MEY6TR, STM32G471QCT6, STM32G471QET3, STM32G471RCT6, STM32G471RET3, STM32G471RET6, STM32G471VCH6, STM32G471VCI6, STM32G471VCT6, STM32G471VEH3, STM32G471VEH6, STM32G471VEI3, STM32G471VEI6, STM32G471VET3, STM32G471VET6, STM32G473QET3Z, STM32G473RET3Z, STM32G474CCT6, STM32G491RET3Z, STM32H503CBT6, STM32H503CBU6, STM32H503EBY6TR, STM32H503KBU6, STM32H503RBT6, STM32H523CCT6, STM32H523CCU6, STM32H523CET6, STM32H523CEU6, STM32H523HEY6TR, STM32H523RCT6, STM32H523RET6, STM32H523VCI6, STM32H523VCT6, STM32H523VEI6, STM32H523VET6, STM32H523ZCJ6, STM32H523ZCT6, STM32H523ZEJ6, STM32H523ZET6, STM32H533CET6, STM32H533CEU6, STM32H533HEY6TR, STM32H533RET6, STM32H533VEI6, STM32H533VET6, STM32H533ZEJ6, STM32H533ZET6, STM32H562AGI6, STM32H562AII6, STM32H562IGK6, STM32H562IGT6, STM32H562IIK6, STM32H562IIT6, STM32H562RGT6, STM32H562RGV6, STM32H562RIT6, STM32H562RIV6, STM32H562VGT6, STM32H562VIT6, STM32H562ZGT6, STM32H562ZIT6, STM32H563AGI6, STM32H563AII3Q, STM32H563AII6, STM32H563IGK6, STM32H563IGT6, STM32H563IIK3Q, STM32H563IIK6, STM32H563IIT3Q, STM32H563IIT6, STM32H563MIY3QTR, STM32H563RGT6, STM32H563RGV6, STM32H563RIT6, STM32H563RIV6, STM32H563VGT6, STM32H563VIT3Q, STM32H563VIT6, STM32H563ZGT6, STM32H563ZIT3Q, STM32H563ZIT6, STM32H573AII3Q, STM32H573AII6, STM32H573I-DK, STM32H573IIK3Q, STM32H573IIK6, STM32H573IIT3Q, STM32H573IIT6, STM32H573MIY3QTR, STM32H573RIT6, STM32H573RIV6, STM32H573VIT3Q, STM32H573VIT6, STM32H573ZIT3Q, STM32H573ZIT6, STM32H7R3A8I6, STM32H7R3I8K6, STM32H7R3I8T6, STM32H7R3L8H6, STM32H7R3L8H6H, STM32H7R3R8V6, STM32H7R3V8H6, STM32H7R3V8T6, STM32H7R3V8Y6TR, STM32H7R3Z8J6, STM32H7R3Z8T6, STM32H7R7A8I6, STM32H7R7I8K6, STM32H7R7I8T6, STM32H7R7L8H6, STM32H7R7L8H6H, STM32H7R7Z8J6, STM32H7S3A8I6, STM32H7S3I8K6, STM32H7S3I8T6, STM32H7S3L8H6, STM32H7S3L8H6H, STM32H7S3R8V6, STM32H7S3V8H6, STM32H7S3V8T6, STM32H7S3V8Y6TR, STM32H7S3Z8J6, STM32H7S3Z8T6, STM32H7S78-DK, STM32H7S7A8I6, STM32H7S7I8K6, STM32H7S7I8T6, STM32H7S7L8H6, STM32H7S7L8H6H, STM32H7S7Z8J6, STM32L4R5QGI6STR, STM32MP131AAE3, STM32MP131AAF3, STM32MP131AAG3, STM32MP131CAE3, STM32MP131CAF3, STM32MP131CAG3, STM32MP131DAE7, STM32MP131DAF7, STM32MP131DAG7, STM32MP131FAE7, STM32MP131FAF7, STM32MP131FAG7, STM32MP133AAE3, STM32MP133AAF3, STM32MP133AAG3, STM32MP133CAE3, STM32MP133CAF3, STM32MP133CAG3, STM32MP133DAE7, STM32MP133DAF7, STM32MP133DAG7, STM32MP133FAE7, STM32MP133FAF7, STM32MP133FAG7, STM32MP135AAE3, STM32MP135AAF3, STM32MP135AAG3, STM32MP135CAE3, STM32MP135CAF3, STM32MP135CAG3, STM32MP135DAE7, STM32MP135DAF7, STM32MP135DAG7, STM32MP135F-DK, STM32MP135FAE7, STM32MP135FAF7, STM32MP135FAF7T, STM32MP135FAF7U, STM32MP135FAG7, STM32MP211AAL3, STM32MP211AAM3, STM32MP211AAN3, STM32MP211AAO3, STM32MP211CAL3, STM32MP211CAM3, STM32MP211CAN3, STM32MP211CAO3, STM32MP211DAL3, STM32MP211DAM3, STM32MP211DAN3, STM32MP211DAO3, STM32MP211FAL3, STM32MP211FAM3, STM32MP211FAN3, STM32MP211FAO3, STM32MP213AAL3, STM32MP213AAM3, STM32MP213AAN3, STM32MP213AAO3, STM32MP213CAL3, STM32MP213CAM3, STM32MP213CAN3, STM32MP213CAO3, STM32MP213DAL3, STM32MP213DAM3, STM32MP213DAN3, STM32MP213DAO3, STM32MP213FAL3, STM32MP213FAM3, STM32MP213FAN3, STM32MP213FAO3, STM32MP215AAL3, STM32MP215AAM3, STM32MP215AAN3, STM32MP215AAO3, STM32MP215CAL3, STM32MP215CAM3, STM32MP215CAN3, STM32MP215CAO3, STM32MP215DAL3, STM32MP215DAM3, STM32MP215DAN3, STM32MP215DAO3, STM32MP215F-DK, STM32MP215FAL3, STM32MP215FAM3, STM32MP215FAN3, STM32MP215FAO3, STM32MP231AAJ3, STM32MP231AAK3, STM32MP231AAL3, STM32MP231CAJ3, STM32MP231CAK3, STM32MP231CAL3, STM32MP231DAJ3, STM32MP231DAK3, STM32MP231DAL3, STM32MP231FAJ3, STM32MP231FAK3, STM32MP231FAL3, STM32MP233AAJ3, STM32MP233AAK3, STM32MP233AAL3, STM32MP233CAJ3, STM32MP233CAK3, STM32MP233CAL3, STM32MP233DAJ3, STM32MP233DAK3, STM32MP233DAL3, STM32MP233FAJ3, STM32MP233FAK3, STM32MP233FAL3, STM32MP235AAJ3, STM32MP235AAK3, STM32MP235AAL3, STM32MP235CAJ3, STM32MP235CAK3, STM32MP235CAL3, STM32MP235DAJ3, STM32MP235DAK3, STM32MP235DAL3, STM32MP235FAJ3, STM32MP235FAK3, STM32MP235FAL3, STM32MP251AAI3, STM32MP251AAK3, STM32MP251AAL3, STM32MP251CAI3, STM32MP251CAK3, STM32MP251CAL3, STM32MP251DAI3, STM32MP251DAK3, STM32MP251DAL3, STM32MP251FAI3, STM32MP251FAK3, STM32MP251FAL3, STM32MP253AAI3, STM32MP253AAK3, STM32MP253AAL3, STM32MP253CAI3, STM32MP253CAK3, STM32MP253CAL3, STM32MP253DAI3, STM32MP253DAK3, STM32MP253DAL3, STM32MP253FAI3, STM32MP253FAK3, STM32MP253FAL3, STM32MP255AAI3, STM32MP255AAK3, STM32MP255AAL3, STM32MP255CAI3, STM32MP255CAK3, STM32MP255CAL3, STM32MP255DAI3, STM32MP255DAK3, STM32MP255DAL3, STM32MP255FAI3, STM32MP255FAK3, STM32MP255FAL3, STM32MP257AAI3, STM32MP257AAK3, STM32MP257AAL3, STM32MP257CAI3, STM32MP257CAK3, STM32MP257CAL3, STM32MP257DAI3, STM32MP257DAK3, STM32MP257DAL3, STM32MP257F-DK, STM32MP257F-EV1, STM32MP257FAI3, STM32MP257FAK3, STM32MP257FAL3, STM32N645A0H3Q, STM32N645B0H3Q, STM32N645I0H3Q, STM32N645L0H3Q, STM32N645X0H3Q, STM32N645Z0H3Q, STM32N647A0H3Q, STM32N647B0H3Q, STM32N647I0H3Q, STM32N647L0H3Q, STM32N647X0H3Q, STM32N647Z0H3Q, STM32N655A0H3Q, STM32N655B0H3Q, STM32N655I0H3Q, STM32N655L0H3Q, STM32N655X0H3Q, STM32N655Z0H3Q, STM32N6570-DK, STM32N657A0H3Q, STM32N657B0H3Q, STM32N657I0H3Q, STM32N657L0H3Q, STM32N657X0H3Q, STM32N657Z0H3Q, STM32U031C6T6, STM32U031C6U6, STM32U031C8T6, STM32U031C8U6, STM32U031F4P6, STM32U031F6P6, STM32U031F8P6, STM32U031G6Y6TR, STM32U031G8Y6TR, STM32U031K4U6, STM32U031K6U6, STM32U031K8U6, STM32U031R6I6, STM32U031R6T6, STM32U031R8I6, STM32U031R8T6, STM32U073C8T6, STM32U073C8U6, STM32U073CBT6, STM32U073CBU6, STM32U073CCT6, STM32U073CCU6, STM32U073H8Y6TR, STM32U073HBY6TR, STM32U073HCY6TR, STM32U073K8U6, STM32U073KBU6, STM32U073KCU6, STM32U073M8I6, STM32U073M8T6, STM32U073MBI6, STM32U073MBT6, STM32U073MCI6, STM32U073MCT6, STM32U073R8I6, STM32U073R8T6, STM32U073RBI6, STM32U073RBT6, STM32U073RCI6, STM32U073RCT6, STM32U083C-DK, STM32U083CCT6, STM32U083CCU6, STM32U083HCY6TR, STM32U083KCU6, STM32U083MCI6, STM32U083MCT6, STM32U083RCI6, STM32U083RCT6, STM32U375CET6, STM32U375CET6Q, STM32U375CEU6, STM32U375CEU6Q, STM32U375CEY6QTR, STM32U375CGT6, STM32U375CGT6Q, STM32U375CGU6, STM32U375CGU6Q, STM32U375CGY6QTR, STM32U375KEU6, STM32U375KGU6, STM32U375REI6, STM32U375REI6Q, STM32U375RET6, STM32U375RET6Q, STM32U375REY6GTR, STM32U375REY6QTR, STM32U375RGI6, STM32U375RGI6Q, STM32U375RGT6, STM32U375RGT6Q, STM32U375RGY6GTR, STM32U375RGY6QTR, STM32U375VEI6, STM32U375VEI6Q, STM32U375VET6, STM32U375VET6Q, STM32U375VGI6, STM32U375VGI6Q, STM32U375VGT6, STM32U375VGT6Q, STM32U385CGT6, STM32U385CGT6Q, STM32U385CGU6, STM32U385CGU6Q, STM32U385CGY6QTR, STM32U385KGU6, STM32U385RGI6, STM32U385RGI6Q, STM32U385RGT6, STM32U385RGT6Q, STM32U385RGY6GTR, STM32U385RGY6QTR, STM32U385VGI6, STM32U385VGI6Q, STM32U385VGT6, STM32U385VGT6Q, STM32U535CBT6, STM32U535CBT6Q, STM32U535CBU6, STM32U535CBU6Q, STM32U535CCT6, STM32U535CCT6Q, STM32U535CCU6, STM32U535CCU6Q, STM32U535CET6, STM32U535CET6Q, STM32U535CEU6, STM32U535CEU6Q, STM32U535JEY6QTR, STM32U535NCY6QTR, STM32U535NEY6QTR, STM32U535RBI6, STM32U535RBI6Q, STM32U535RBT6, STM32U535RBT6Q, STM32U535RCI6, STM32U535RCI6Q, STM32U535RCT6, STM32U535RCT6Q, STM32U535REI6, STM32U535REI6Q, STM32U535RET6, STM32U535RET6Q, STM32U535VCI6, STM32U535VCI6Q, STM32U535VCT6, STM32U535VCT6Q, STM32U535VEI6, STM32U535VEI6Q, STM32U535VET6, STM32U535VET6Q, STM32U545CET6, STM32U545CET6Q, STM32U545CEU6, STM32U545CEU6Q, STM32U545JEY6QTR, STM32U545NEY6QTR, STM32U545REI6, STM32U545REI6Q, STM32U545RET6, STM32U545RET6Q, STM32U545VEI6, STM32U545VEI6Q, STM32U545VET6, STM32U545VET6Q, STM32U595AIH6, STM32U595AIH6Q, STM32U595AJH6, STM32U595AJH6Q, STM32U595QII6, STM32U595QII6Q, STM32U595QJI6, STM32U595QJI6Q, STM32U595RIT6, STM32U595RIT6Q, STM32U595RJT6, STM32U595RJT6Q, STM32U595VIT6, STM32U595VIT6Q, STM32U595VJT6, STM32U595VJT6Q, STM32U595ZIT6, STM32U595ZIT6Q, STM32U595ZIY6QTR, STM32U595ZJT6, STM32U595ZJT6Q, STM32U595ZJY6QTR, STM32U599BJY6QTR, STM32U599NIH6Q, STM32U599NJH6Q, STM32U599VIT6Q, STM32U599VJT6, STM32U599VJT6Q, STM32U599ZIT6Q, STM32U599ZIY6QTR, STM32U599ZJT6Q, STM32U599ZJY6QTR, STM32U5A5AJH6, STM32U5A5AJH6Q, STM32U5A5QII3Q , STM32U5A5QJI6, STM32U5A5QJI6Q, STM32U5A5RJT6, STM32U5A5RJT6Q, STM32U5A5VJT6, STM32U5A5VJT6Q, STM32U5A5ZJT6, STM32U5A5ZJT6Q, STM32U5A5ZJY6QTR, STM32U5A9BJY6QTR, STM32U5A9J-DK, STM32U5A9NJH6Q, STM32U5A9VJT6Q, STM32U5A9ZJT6Q, STM32U5A9ZJY6QTR, STM32U5F7VIT6, STM32U5F7VIT6Q, STM32U5F7VJT6, STM32U5F7VJT6Q, STM32U5F9BJY6QTR, STM32U5F9NJH6Q, STM32U5F9VIT6Q, STM32U5F9VJT6Q, STM32U5F9ZIJ6QTR, STM32U5F9ZIT6Q, STM32U5F9ZJJ6QTR, STM32U5F9ZJT6Q, STM32U5G7VJT6, STM32U5G7VJT6Q, STM32U5G9BJY6QTR, STM32U5G9J-DK1, STM32U5G9J-DK2, STM32U5G9NJH6Q, STM32U5G9VJT6Q, STM32U5G9ZJJ6QTR, STM32U5G9ZJT6Q, STM32WB05KZV6TR, STM32WB05KZV7TR, STM32WB05TZF6TR, STM32WB05TZF7TR, STM32WB06CCF6TR, STM32WB06CCF7TR, STM32WB06CCV6TR, STM32WB06CCV7TR, STM32WB06KCV6TR, STM32WB06KCV7TR, STM32WB07CCF6TR, STM32WB07CCF7TR, STM32WB07CCV6TR, STM32WB07CCV7TR, STM32WB07KCV6TR, STM32WB07KCV7TR, STM32WB09KEV6TR, STM32WB09KEV7TR, STM32WB09TEF6TR, STM32WB09TEF7TR, STM32WB1MMCH6, STM32WBA50KGU6, STM32WBA50KGU6TR, STM32WBA52CEU6, STM32WBA52CEU6TR, STM32WBA52CEU7, STM32WBA52CEU7TR, STM32WBA52CGU6, STM32WBA52CGU6TR, STM32WBA52CGU6U, STM32WBA52CGU7, STM32WBA52CGU7TR, STM32WBA52KEU6, STM32WBA52KEU6TR, STM32WBA52KGU6, STM32WBA52KGU6TR, STM32WBA54CEU6, STM32WBA54CEU6TR, STM32WBA54CEU7, STM32WBA54CEU7TR, STM32WBA54CGU6, STM32WBA54CGU6TR, STM32WBA54CGU7, STM32WBA54CGU7TR, STM32WBA54KEU6, STM32WBA54KEU6TR, STM32WBA54KEU7, STM32WBA54KEU7TR, STM32WBA54KGU6, STM32WBA54KGU6TR, STM32WBA54KGU7, STM32WBA54KGU7TR, STM32WBA55CEU6, STM32WBA55CEU6TR, STM32WBA55CEU7, STM32WBA55CEU7TR, STM32WBA55CGU6, STM32WBA55CGU6TR, STM32WBA55CGU6U, STM32WBA55CGU7, STM32WBA55CGU7TR, STM32WBA55G-DK1, STM32WBA55HEF6, STM32WBA55HEF7, STM32WBA55HGF6, STM32WBA55HGF7, STM32WBA55UEI6, STM32WBA55UEI6TR, STM32WBA55UEI7, STM32WBA55UEI7TR, STM32WBA55UGI6, STM32WBA55UGI6TR, STM32WBA55UGI7, STM32WBA55UGI7TR, STM32WBA5MMGH6TR, STM32WBA62MGF6, STM32WBA62MIF6, STM32WBA65MGF7, STM32WBA65MIF6, STM32WBA65MIF7, STM32WL30K8V6, STM32WL30KBV6, STM32WL31C8V6, STM32WL31CBV6, STM32WL31K8V6, STM32WL31KBV6, STM32WL33C8V6, STM32WL33C8V6X, STM32WL33CBV6, STM32WL33CBV6X, STM32WL33CCV6, STM32WL33CCV6A, STM32WL33CCV6X, STM32WL33K8V7, STM32WL33K8V7X, STM32WL33KBV7 , STM32WL33KBV7X, STM32WL33KCV7, STM32WL33KCV7X, STM32WL5MOCH6, STM32WL5MOCH6TR]
2026-07-30 15:58:20,417 [INFO] DbMcus:218 - Found 5250 MCUs, 5097 are supported
2026-07-30 15:58:20,417 [INFO] ApiDb:423 - Load user favorites file C:\Users\ADMIN/.stm32cubeide/favorites.mcus.txt: 0 item(s)
2026-07-30 15:58:20,418 [INFO] ApiDb:427 - User favorites MCUs=[]
2026-07-30 15:58:20,418 [INFO] DbMcus:224 - Set 0 / 0 favorites MCUs
2026-07-30 15:58:21,114 [INFO] ApiDb:668 - CubeFinder database Data Model version=2.1
2026-07-30 15:58:21,114 [INFO] ApiDb:669 - CubeFinder database Configuration version=3.0.42
2026-07-30 15:58:21,115 [INFO] ApiDb:670 - CubeFinder database generation date=2026-06-23 (1782213372)
2026-07-30 15:58:21,115 [INFO] ApiDb:671 - CubeFinder database FW Pack versions=[FP-ATR-ASTRA1_V2.0.0, FP-SNS-FLIGHT1_V5.1.0, FP-SNS-MOTENV1_V5.1.0, FP-SNS-MOTENVWB1_V1.5.0, FP-SNS-SMARTAG2_V1.2.0, FP-SNS-STBOX1_V2.1.0, STM32Cube_FW_C0_V1.4.0, STM32Cube_FW_F4_V1.28.3, STM32Cube_FW_F7_V1.17.4, STM32Cube_FW_G0_V1.6.3, STM32Cube_FW_G4_V1.6.2, STM32Cube_FW_H5_V1.7.0, STM32Cube_FW_H7RS_V1.3.0, STM32Cube_FW_H7_V1.13.0, STM32Cube_FW_L0_V1.12.2, STM32Cube_FW_L4_V1.18.2, STM32Cube_FW_L5_V1.6.0, STM32Cube_FW_N6_V1.4.0, STM32Cube_FW_U0_V1.3.0, STM32Cube_FW_U3_V1.4.0, STM32Cube_FW_U5_V1.9.0, STM32Cube_FW_WB0_V1.5.0, STM32Cube_FW_WBA_V1.10.0, STM32Cube_FW_WB_V1.24.0, STM32Cube_FW_WL3_V1.5.0, STM32Cube_FW_WL_V1.6.0, X-CUBE-ALGOBUILD_V1.5.0, X-CUBE-ALS_V1.0.2, X-CUBE-AZRTOS-F4_V1.1.0, X-CUBE-AZRTOS-F7_V1.1.0, X-CUBE-AZRTOS-G0_V1.1.0, X-CUBE-AZRTOS-G4_V2.0.0, X-CUBE-AZRTOS-H7RS_V1.1.0, X-CUBE-AZRTOS-H7_V3.5.0, X-CUBE-AZRTOS-L4_V2.0.0, X-CUBE-AZRTOS-L5_V2.0.0, X-CUBE-AZRTOS-WB_V2.0.0, X-CUBE-AZRTOS-WL_V2.0.0, X-CUBE-BLE1_V7.1.0, X-CUBE-BLE2_V3.3.0, X-CUBE-BLEMGR_V4.1.0, X-CUBE-EEPRMA1_V5.2.0, X-CUBE-FREERTOS_V1.5.0, X-CUBE-GNSS1_V7.1.1, X-CUBE-MEMS1_V12.1.0, X-CUBE-NFC4_V3.0.0, X-CUBE-NFC7_V2.0.0, X-CUBE-SFXS2LP1_V4.0.0, X-CUBE-ST67W61_V1.3.0, X-CUBE-SUBG2_V5.0.0, X-CUBE-TOF1_V3.4.3]
2026-07-30 15:58:21,184 [INFO] DbBoardsSqlite:226 - include board P-NUCLEO-WB55-NUCLEO as a kit item of type 'Nucleo-64'
2026-07-30 15:58:21,185 [INFO] DbBoardsSqlite:226 - include board P-NUCLEO-WB55-USBDONGLE as a kit item of type 'Nucleo USB Dongle'
2026-07-30 15:58:21,185 [INFO] DbBoardsSqlite:226 - include board STEVAL-IDP005V1 as a kit item of type 'Evaluation Board'
2026-07-30 15:58:21,186 [INFO] DbBoardsSqlite:226 - include board STEVAL-IDP005V2 as a kit item of type 'Evaluation Board'
2026-07-30 15:58:21,284 [INFO] ApiDb:240 - Found 880 in-development CPN: [B-G473E-ZEST1S, B-WB1M-WPAN1, B-WBA5M-WPAN, B-WL5M-SUBG1, NUCLEO-C031C6, NUCLEO-C051C8, NUCLEO-C071RB, NUCLEO-C092RC, NUCLEO-H503RB, NUCLEO-H533RE, NUCLEO-H563ZI, NUCLEO-H7S3L8, NUCLEO-N657X0-Q, NUCLEO-U031R8, NUCLEO-U083RC, NUCLEO-U385RG-Q, NUCLEO-U545RE-Q, NUCLEO-U5A5ZJ-Q, NUCLEO-WB05KZ, NUCLEO-WB07CC, NUCLEO-WB09KE, NUCLEO-WBA52CG, NUCLEO-WBA55CG, NUCLEO-WL33CC1, NUCLEO-WL33CC2, STEVAL-PROTEUS1, STEVAL-SMARTAG2, STEVAL-STWINBX1, STM320518-EVAL, STM32C0116-DK, STM32C011D6Y3TR, STM32C011D6Y6TR, STM32C011F4P3, STM32C011F4P6, STM32C011F4U3, STM32C011F4U6TR, STM32C011F6P3, STM32C011F6P6, STM32C011F6U3, STM32C011F6U6TR, STM32C011J4M3, STM32C011J4M6, STM32C011J6M3, STM32C011J6M6, STM32C0316-DK, STM32C031C4T3, STM32C031C4T6, STM32C031C4U3, STM32C031C4U6, STM32C031C6T3, STM32C031C6T6, STM32C031C6U3, STM32C031C6U6, STM32C031F4P3, STM32C031F4P6, STM32C031F6P3, STM32C031F6P6, STM32C031G4U3, STM32C031G4U6, STM32C031G6U3, STM32C031G6U6, STM32C031K4T3, STM32C031K4T6, STM32C031K4U3, STM32C031K4U6, STM32C031K6T3, STM32C031K6T6, STM32C031K6U3, STM32C031K6U6, STM32C051C6T6, STM32C051C6U6, STM32C051C8T6, STM32C051C8U6, STM32C051D8Y6TR, STM32C051F6P6, STM32C051F8P6, STM32C051G6U6, STM32C051G8U6, STM32C051K6T6, STM32C051K6U6, STM32C051K8T6, STM32C071C8T6, STM32C071C8T6N, STM32C071C8U6, STM32C071C8U6N, STM32C071CBT6, STM32C071CBT6N, STM32C071CBU6, STM32C071CBU6N, STM32C071F8P6, STM32C071F8P6N, STM32C071FBP6, STM32C071FBP6N, STM32C071FBY6TR, STM32C071G8U6, STM32C071G8U6N, STM32C071GBU6, STM32C071GBU6N, STM32C071K8T6, STM32C071K8T6N, STM32C071K8U6, STM32C071K8U6N, STM32C071KBT6, STM32C071KBT6N, STM32C071KBU6, STM32C071KBU6N, STM32C071R8T6, STM32C071R8T6N, STM32C071RBI6N, STM32C071RBT6, STM32C071RBT6N, STM32C091CBT6, STM32C091CBU6, STM32C091CCT6, STM32C091CCU6, STM32C091ECY6TR, STM32C091FBP6, STM32C091FCP6, STM32C091GBU6, STM32C091GCU6, STM32C091KBT6, STM32C091KBU6, STM32C091KCT6, STM32C091KCU6, STM32C091RBT6, STM32C091RCI6, STM32C091RCT6, STM32C092CBT6, STM32C092CBU6, STM32C092CCT6, STM32C092CCU6, STM32C092ECY6TR, STM32C092FBP6, STM32C092FCP6, STM32C092GBU6, STM32C092GCU6, STM32C092KBT6, STM32C092KBU6, STM32C092KCT6, STM32C092KCU6, STM32C092RBT6, STM32C092RCI6, STM32C092RCT6, STM32G071K8TXN, STM32G071K8UXN, STM32G081GBU6N, STM32G081KBT6N, STM32G081KBUXN, STM32G0B1CCT6N, STM32G0B1KCT6, STM32G0B1NEY6TR, STM32G0B1RCT6N, STM32G0C1CCT6, STM32G0C1CCT6N, STM32G0C1CCU6N, STM32G0C1CET6N, STM32G0C1CEU6N, STM32G0C1KCT6, STM32G0C1NEY6TR, STM32G0C1RCI6N, STM32G0C1RCT6N, STM32G0C1REI6N, STM32G0C1RET6N, STM32G0C1VCI6, STM32G0C1VEI6, STM32G411C6T3, STM32G411C6T6, STM32G411C6U3, STM32G411C6U6, STM32G411C8T3, STM32G411C8T6, STM32G411C8U3, STM32G411C8U6, STM32G411CBT3, STM32G411CBT6, STM32G411CBU3, STM32G411CBU6, STM32G411K6T3, STM32G411K6T6, STM32G411K6U3, STM32G411K6U6, STM32G411K8T3, STM32G411K8T6, STM32G411K8U3, STM32G411K8U6, STM32G411KBT3, STM32G411KBT6, STM32G411KBU3, STM32G411KBU6, STM32G411M6T3, STM32G411M6T6, STM32G411M8T3, STM32G411M8T6, STM32G411MBT3, STM32G411MBT6, STM32G411R6T3, STM32G411R6T6, STM32G411R8T3, STM32G411R8T6, STM32G411RBT3, STM32G411RBT6, STM32G414CBT3, STM32G414CBT6, STM32G414CBU3, STM32G414CBU6, STM32G414CCT3, STM32G414CCT6, STM32G414CCU3, STM32G414CCU6, STM32G414MBT3, STM32G414MBT6, STM32G414MCT3, STM32G414MCT6, STM32G414RBT3, STM32G414RBT6, STM32G414RCT3, STM32G414RCT6, STM32G414VBT3, STM32G414VBT6, STM32G414VCT3, STM32G414VCT6, STM32G431CBT3Z, STM32G431RBT3Z, STM32G471CCT6, STM32G471CCU6, STM32G471CET3, STM32G471CET6, STM32G471CEU3, STM32G471CEU6, STM32G471MCT6, STM32G471MET3, STM32G471MET6, STM32G471MEY6TR, STM32G471QCT6, STM32G471QET3, STM32G471RCT6, STM32G471RET3, STM32G471RET6, STM32G471VCH6, STM32G471VCI6, STM32G471VCT6, STM32G471VEH3, STM32G471VEH6, STM32G471VEI3, STM32G471VEI6, STM32G471VET3, STM32G471VET6, STM32G473QET3Z, STM32G473RET3Z, STM32G474CCT6, STM32G491RET3Z, STM32H503CBT6, STM32H503CBU6, STM32H503EBY6TR, STM32H503KBU6, STM32H503RBT6, STM32H523CCT6, STM32H523CCU6, STM32H523CET6, STM32H523CEU6, STM32H523HEY6TR, STM32H523RCT6, STM32H523RET6, STM32H523VCI6, STM32H523VCT6, STM32H523VEI6, STM32H523VET6, STM32H523ZCJ6, STM32H523ZCT6, STM32H523ZEJ6, STM32H523ZET6, STM32H533CET6, STM32H533CEU6, STM32H533HEY6TR, STM32H533RET6, STM32H533VEI6, STM32H533VET6, STM32H533ZEJ6, STM32H533ZET6, STM32H562AGI6, STM32H562AII6, STM32H562IGK6, STM32H562IGT6, STM32H562IIK6, STM32H562IIT6, STM32H562RGT6, STM32H562RGV6, STM32H562RIT6, STM32H562RIV6, STM32H562VGT6, STM32H562VIT6, STM32H562ZGT6, STM32H562ZIT6, STM32H563AGI6, STM32H563AII3Q, STM32H563AII6, STM32H563IGK6, STM32H563IGT6, STM32H563IIK3Q, STM32H563IIK6, STM32H563IIT3Q, STM32H563IIT6, STM32H563MIY3QTR, STM32H563RGT6, STM32H563RGV6, STM32H563RIT6, STM32H563RIV6, STM32H563VGT6, STM32H563VIT3Q, STM32H563VIT6, STM32H563ZGT6, STM32H563ZIT3Q, STM32H563ZIT6, STM32H573AII3Q, STM32H573AII6, STM32H573I-DK, STM32H573IIK3Q, STM32H573IIK6, STM32H573IIT3Q, STM32H573IIT6, STM32H573MIY3QTR, STM32H573RIT6, STM32H573RIV6, STM32H573VIT3Q, STM32H573VIT6, STM32H573ZIT3Q, STM32H573ZIT6, STM32H7R3A8I6, STM32H7R3I8K6, STM32H7R3I8T6, STM32H7R3L8H6, STM32H7R3L8H6H, STM32H7R3R8V6, STM32H7R3V8H6, STM32H7R3V8T6, STM32H7R3V8Y6TR, STM32H7R3Z8J6, STM32H7R3Z8T6, STM32H7R7A8I6, STM32H7R7I8K6, STM32H7R7I8T6, STM32H7R7L8H6, STM32H7R7L8H6H, STM32H7R7Z8J6, STM32H7S3A8I6, STM32H7S3I8K6, STM32H7S3I8T6, STM32H7S3L8H6, STM32H7S3L8H6H, STM32H7S3R8V6, STM32H7S3V8H6, STM32H7S3V8T6, STM32H7S3V8Y6TR, STM32H7S3Z8J6, STM32H7S3Z8T6, STM32H7S78-DK, STM32H7S7A8I6, STM32H7S7I8K6, STM32H7S7I8T6, STM32H7S7L8H6, STM32H7S7L8H6H, STM32H7S7Z8J6, STM32L4R5QGI6STR, STM32MP131AAE3, STM32MP131AAF3, STM32MP131AAG3, STM32MP131CAE3, STM32MP131CAF3, STM32MP131CAG3, STM32MP131DAE7, STM32MP131DAF7, STM32MP131DAG7, STM32MP131FAE7, STM32MP131FAF7, STM32MP131FAG7, STM32MP133AAE3, STM32MP133AAF3, STM32MP133AAG3, STM32MP133CAE3, STM32MP133CAF3, STM32MP133CAG3, STM32MP133DAE7, STM32MP133DAF7, STM32MP133DAG7, STM32MP133FAE7, STM32MP133FAF7, STM32MP133FAG7, STM32MP135AAE3, STM32MP135AAF3, STM32MP135AAG3, STM32MP135CAE3, STM32MP135CAF3, STM32MP135CAG3, STM32MP135DAE7, STM32MP135DAF7, STM32MP135DAG7, STM32MP135F-DK, STM32MP135FAE7, STM32MP135FAF7, STM32MP135FAF7T, STM32MP135FAF7U, STM32MP135FAG7, STM32MP211AAL3, STM32MP211AAM3, STM32MP211AAN3, STM32MP211AAO3, STM32MP211CAL3, STM32MP211CAM3, STM32MP211CAN3, STM32MP211CAO3, STM32MP211DAL3, STM32MP211DAM3, STM32MP211DAN3, STM32MP211DAO3, STM32MP211FAL3, STM32MP211FAM3, STM32MP211FAN3, STM32MP211FAO3, STM32MP213AAL3, STM32MP213AAM3, STM32MP213AAN3, STM32MP213AAO3, STM32MP213CAL3, STM32MP213CAM3, STM32MP213CAN3, STM32MP213CAO3, STM32MP213DAL3, STM32MP213DAM3, STM32MP213DAN3, STM32MP213DAO3, STM32MP213FAL3, STM32MP213FAM3, STM32MP213FAN3, STM32MP213FAO3, STM32MP215AAL3, STM32MP215AAM3, STM32MP215AAN3, STM32MP215AAO3, STM32MP215CAL3, STM32MP215CAM3, STM32MP215CAN3, STM32MP215CAO3, STM32MP215DAL3, STM32MP215DAM3, STM32MP215DAN3, STM32MP215DAO3, STM32MP215F-DK, STM32MP215FAL3, STM32MP215FAM3, STM32MP215FAN3, STM32MP215FAO3, STM32MP231AAJ3, STM32MP231AAK3, STM32MP231AAL3, STM32MP231CAJ3, STM32MP231CAK3, STM32MP231CAL3, STM32MP231DAJ3, STM32MP231DAK3, STM32MP231DAL3, STM32MP231FAJ3, STM32MP231FAK3, STM32MP231FAL3, STM32MP233AAJ3, STM32MP233AAK3, STM32MP233AAL3, STM32MP233CAJ3, STM32MP233CAK3, STM32MP233CAL3, STM32MP233DAJ3, STM32MP233DAK3, STM32MP233DAL3, STM32MP233FAJ3, STM32MP233FAK3, STM32MP233FAL3, STM32MP235AAJ3, STM32MP235AAK3, STM32MP235AAL3, STM32MP235CAJ3, STM32MP235CAK3, STM32MP235CAL3, STM32MP235DAJ3, STM32MP235DAK3, STM32MP235DAL3, STM32MP235FAJ3, STM32MP235FAK3, STM32MP235FAL3, STM32MP251AAI3, STM32MP251AAK3, STM32MP251AAL3, STM32MP251CAI3, STM32MP251CAK3, STM32MP251CAL3, STM32MP251DAI3, STM32MP251DAK3, STM32MP251DAL3, STM32MP251FAI3, STM32MP251FAK3, STM32MP251FAL3, STM32MP253AAI3, STM32MP253AAK3, STM32MP253AAL3, STM32MP253CAI3, STM32MP253CAK3, STM32MP253CAL3, STM32MP253DAI3, STM32MP253DAK3, STM32MP253DAL3, STM32MP253FAI3, STM32MP253FAK3, STM32MP253FAL3, STM32MP255AAI3, STM32MP255AAK3, STM32MP255AAL3, STM32MP255CAI3, STM32MP255CAK3, STM32MP255CAL3, STM32MP255DAI3, STM32MP255DAK3, STM32MP255DAL3, STM32MP255FAI3, STM32MP255FAK3, STM32MP255FAL3, STM32MP257AAI3, STM32MP257AAK3, STM32MP257AAL3, STM32MP257CAI3, STM32MP257CAK3, STM32MP257CAL3, STM32MP257DAI3, STM32MP257DAK3, STM32MP257DAL3, STM32MP257F-DK, STM32MP257F-EV1, STM32MP257FAI3, STM32MP257FAK3, STM32MP257FAL3, STM32N645A0H3Q, STM32N645B0H3Q, STM32N645I0H3Q, STM32N645L0H3Q, STM32N645X0H3Q, STM32N645Z0H3Q, STM32N647A0H3Q, STM32N647B0H3Q, STM32N647I0H3Q, STM32N647L0H3Q, STM32N647X0H3Q, STM32N647Z0H3Q, STM32N655A0H3Q, STM32N655B0H3Q, STM32N655I0H3Q, STM32N655L0H3Q, STM32N655X0H3Q, STM32N655Z0H3Q, STM32N6570-DK, STM32N657A0H3Q, STM32N657B0H3Q, STM32N657I0H3Q, STM32N657L0H3Q, STM32N657X0H3Q, STM32N657Z0H3Q, STM32U031C6T6, STM32U031C6U6, STM32U031C8T6, STM32U031C8U6, STM32U031F4P6, STM32U031F6P6, STM32U031F8P6, STM32U031G6Y6TR, STM32U031G8Y6TR, STM32U031K4U6, STM32U031K6U6, STM32U031K8U6, STM32U031R6I6, STM32U031R6T6, STM32U031R8I6, STM32U031R8T6, STM32U073C8T6, STM32U073C8U6, STM32U073CBT6, STM32U073CBU6, STM32U073CCT6, STM32U073CCU6, STM32U073H8Y6TR, STM32U073HBY6TR, STM32U073HCY6TR, STM32U073K8U6, STM32U073KBU6, STM32U073KCU6, STM32U073M8I6, STM32U073M8T6, STM32U073MBI6, STM32U073MBT6, STM32U073MCI6, STM32U073MCT6, STM32U073R8I6, STM32U073R8T6, STM32U073RBI6, STM32U073RBT6, STM32U073RCI6, STM32U073RCT6, STM32U083C-DK, STM32U083CCT6, STM32U083CCU6, STM32U083HCY6TR, STM32U083KCU6, STM32U083MCI6, STM32U083MCT6, STM32U083RCI6, STM32U083RCT6, STM32U375CET6, STM32U375CET6Q, STM32U375CEU6, STM32U375CEU6Q, STM32U375CEY6QTR, STM32U375CGT6, STM32U375CGT6Q, STM32U375CGU6, STM32U375CGU6Q, STM32U375CGY6QTR, STM32U375KEU6, STM32U375KGU6, STM32U375REI6, STM32U375REI6Q, STM32U375RET6, STM32U375RET6Q, STM32U375REY6GTR, STM32U375REY6QTR, STM32U375RGI6, STM32U375RGI6Q, STM32U375RGT6, STM32U375RGT6Q, STM32U375RGY6GTR, STM32U375RGY6QTR, STM32U375VEI6, STM32U375VEI6Q, STM32U375VET6, STM32U375VET6Q, STM32U375VGI6, STM32U375VGI6Q, STM32U375VGT6, STM32U375VGT6Q, STM32U385CGT6, STM32U385CGT6Q, STM32U385CGU6, STM32U385CGU6Q, STM32U385CGY6QTR, STM32U385KGU6, STM32U385RGI6, STM32U385RGI6Q, STM32U385RGT6, STM32U385RGT6Q, STM32U385RGY6GTR, STM32U385RGY6QTR, STM32U385VGI6, STM32U385VGI6Q, STM32U385VGT6, STM32U385VGT6Q, STM32U535CBT6, STM32U535CBT6Q, STM32U535CBU6, STM32U535CBU6Q, STM32U535CCT6, STM32U535CCT6Q, STM32U535CCU6, STM32U535CCU6Q, STM32U535CET6, STM32U535CET6Q, STM32U535CEU6, STM32U535CEU6Q, STM32U535JEY6QTR, STM32U535NCY6QTR, STM32U535NEY6QTR, STM32U535RBI6, STM32U535RBI6Q, STM32U535RBT6, STM32U535RBT6Q, STM32U535RCI6, STM32U535RCI6Q, STM32U535RCT6, STM32U535RCT6Q, STM32U535REI6, STM32U535REI6Q, STM32U535RET6, STM32U535RET6Q, STM32U535VCI6, STM32U535VCI6Q, STM32U535VCT6, STM32U535VCT6Q, STM32U535VEI6, STM32U535VEI6Q, STM32U535VET6, STM32U535VET6Q, STM32U545CET6, STM32U545CET6Q, STM32U545CEU6, STM32U545CEU6Q, STM32U545JEY6QTR, STM32U545NEY6QTR, STM32U545REI6, STM32U545REI6Q, STM32U545RET6, STM32U545RET6Q, STM32U545VEI6, STM32U545VEI6Q, STM32U545VET6, STM32U545VET6Q, STM32U595AIH6, STM32U595AIH6Q, STM32U595AJH6, STM32U595AJH6Q, STM32U595QII6, STM32U595QII6Q, STM32U595QJI6, STM32U595QJI6Q, STM32U595RIT6, STM32U595RIT6Q, STM32U595RJT6, STM32U595RJT6Q, STM32U595VIT6, STM32U595VIT6Q, STM32U595VJT6, STM32U595VJT6Q, STM32U595ZIT6, STM32U595ZIT6Q, STM32U595ZIY6QTR, STM32U595ZJT6, STM32U595ZJT6Q, STM32U595ZJY6QTR, STM32U599BJY6QTR, STM32U599NIH6Q, STM32U599NJH6Q, STM32U599VIT6Q, STM32U599VJT6, STM32U599VJT6Q, STM32U599ZIT6Q, STM32U599ZIY6QTR, STM32U599ZJT6Q, STM32U599ZJY6QTR, STM32U5A5AJH6, STM32U5A5AJH6Q, STM32U5A5QII3Q , STM32U5A5QJI6, STM32U5A5QJI6Q, STM32U5A5RJT6, STM32U5A5RJT6Q, STM32U5A5VJT6, STM32U5A5VJT6Q, STM32U5A5ZJT6, STM32U5A5ZJT6Q, STM32U5A5ZJY6QTR, STM32U5A9BJY6QTR, STM32U5A9J-DK, STM32U5A9NJH6Q, STM32U5A9VJT6Q, STM32U5A9ZJT6Q, STM32U5A9ZJY6QTR, STM32U5F7VIT6, STM32U5F7VIT6Q, STM32U5F7VJT6, STM32U5F7VJT6Q, STM32U5F9BJY6QTR, STM32U5F9NJH6Q, STM32U5F9VIT6Q, STM32U5F9VJT6Q, STM32U5F9ZIJ6QTR, STM32U5F9ZIT6Q, STM32U5F9ZJJ6QTR, STM32U5F9ZJT6Q, STM32U5G7VJT6, STM32U5G7VJT6Q, STM32U5G9BJY6QTR, STM32U5G9J-DK1, STM32U5G9J-DK2, STM32U5G9NJH6Q, STM32U5G9VJT6Q, STM32U5G9ZJJ6QTR, STM32U5G9ZJT6Q, STM32WB05KZV6TR, STM32WB05KZV7TR, STM32WB05TZF6TR, STM32WB05TZF7TR, STM32WB06CCF6TR, STM32WB06CCF7TR, STM32WB06CCV6TR, STM32WB06CCV7TR, STM32WB06KCV6TR, STM32WB06KCV7TR, STM32WB07CCF6TR, STM32WB07CCF7TR, STM32WB07CCV6TR, STM32WB07CCV7TR, STM32WB07KCV6TR, STM32WB07KCV7TR, STM32WB09KEV6TR, STM32WB09KEV7TR, STM32WB09TEF6TR, STM32WB09TEF7TR, STM32WB1MMCH6, STM32WBA50KGU6, STM32WBA50KGU6TR, STM32WBA52CEU6, STM32WBA52CEU6TR, STM32WBA52CEU7, STM32WBA52CEU7TR, STM32WBA52CGU6, STM32WBA52CGU6TR, STM32WBA52CGU6U, STM32WBA52CGU7, STM32WBA52CGU7TR, STM32WBA52KEU6, STM32WBA52KEU6TR, STM32WBA52KGU6, STM32WBA52KGU6TR, STM32WBA54CEU6, STM32WBA54CEU6TR, STM32WBA54CEU7, STM32WBA54CEU7TR, STM32WBA54CGU6, STM32WBA54CGU6TR, STM32WBA54CGU7, STM32WBA54CGU7TR, STM32WBA54KEU6, STM32WBA54KEU6TR, STM32WBA54KEU7, STM32WBA54KEU7TR, STM32WBA54KGU6, STM32WBA54KGU6TR, STM32WBA54KGU7, STM32WBA54KGU7TR, STM32WBA55CEU6, STM32WBA55CEU6TR, STM32WBA55CEU7, STM32WBA55CEU7TR, STM32WBA55CGU6, STM32WBA55CGU6TR, STM32WBA55CGU6U, STM32WBA55CGU7, STM32WBA55CGU7TR, STM32WBA55G-DK1, STM32WBA55HEF6, STM32WBA55HEF7, STM32WBA55HGF6, STM32WBA55HGF7, STM32WBA55UEI6, STM32WBA55UEI6TR, STM32WBA55UEI7, STM32WBA55UEI7TR, STM32WBA55UGI6, STM32WBA55UGI6TR, STM32WBA55UGI7, STM32WBA55UGI7TR, STM32WBA5MMGH6TR, STM32WBA62MGF6, STM32WBA62MIF6, STM32WBA65MGF7, STM32WBA65MIF6, STM32WBA65MIF7, STM32WL30K8V6, STM32WL30KBV6, STM32WL31C8V6, STM32WL31CBV6, STM32WL31K8V6, STM32WL31KBV6, STM32WL33C8V6, STM32WL33C8V6X, STM32WL33CBV6, STM32WL33CBV6X, STM32WL33CCV6, STM32WL33CCV6A, STM32WL33CCV6X, STM32WL33K8V7, STM32WL33K8V7X, STM32WL33KBV7 , STM32WL33KBV7X, STM32WL33KCV7, STM32WL33KCV7X, STM32WL5MOCH6, STM32WL5MOCH6TR]
2026-07-30 15:58:21,492 [INFO] BoardInfo:889 - No configuration file found for board NUCLEO-H5E5ZJ
2026-07-30 15:58:21,494 [INFO] DbBoards:161 - Board is not supported: NUCLEO-H5E5ZJ
2026-07-30 15:58:21,606 [INFO] BoardInfo:889 - No configuration file found for board NUCLEO-U3C5ZI-Q
2026-07-30 15:58:21,608 [INFO] DbBoards:161 - Board is not supported: NUCLEO-U3C5ZI-Q
2026-07-30 15:58:21,638 [INFO] BoardInfo:889 - No configuration file found for board NUCLEO-WBA25CE1
2026-07-30 15:58:21,640 [INFO] DbBoards:161 - Board is not supported: NUCLEO-WBA25CE1
2026-07-30 15:58:21,659 [INFO] BoardInfo:889 - No configuration file found for board NUCLEO-WL3RKB1
2026-07-30 15:58:21,661 [INFO] DbBoards:161 - Board is not supported: NUCLEO-WL3RKB1
2026-07-30 15:58:21,663 [INFO] BoardInfo:889 - No configuration file found for board NUCLEO-WL3RKB2
2026-07-30 15:58:21,665 [INFO] DbBoards:161 - Board is not supported: NUCLEO-WL3RKB2
2026-07-30 15:58:21,728 [INFO] BoardInfo:889 - No configuration file found for board P-NUCLEO-WB55
2026-07-30 15:58:21,730 [INFO] DbBoards:161 - Kit is not supported: P-NUCLEO-WB55
2026-07-30 15:58:21,743 [INFO] BoardInfo:889 - No configuration file found for board STEVAL-BFA001V1B
2026-07-30 15:58:21,745 [INFO] DbBoards:161 - Kit is not supported: STEVAL-BFA001V1B
2026-07-30 15:58:21,747 [INFO] BoardInfo:889 - No configuration file found for board STEVAL-BFA001V2B
2026-07-30 15:58:21,749 [INFO] DbBoards:161 - Kit is not supported: STEVAL-BFA001V2B
2026-07-30 15:58:21,966 [INFO] BoardInfo:889 - No configuration file found for board STM32H5F5J-DK
2026-07-30 15:58:21,968 [INFO] DbBoards:161 - Board is not supported: STM32H5F5J-DK
2026-07-30 15:58:22,124 [INFO] DbBoards:168 - Found 218 boards, 209 are supported
2026-07-30 15:58:22,124 [INFO] DbBoards:169 - Found 218 boards, 43 of them is supported for  Bsp
2026-07-30 15:58:22,127 [INFO] ApiDb:423 - Load user favorites file C:\Users\ADMIN/.stm32cubeide/favorites.boards.txt: 1 item(s)
2026-07-30 15:58:22,128 [INFO] ApiDb:427 - User favorites Boards=[B-L4S5I-IOT01A]
2026-07-30 15:58:22,128 [INFO] DbBoards:198 - Set 1 / 1 favorites Boards
2026-07-30 15:58:22,128 [INFO] McuFinderGlobals:76 - Set McuFinderConnectedMode to true
2026-07-30 15:58:22,140 [INFO] MultiScanPanel:200 - Auto-refresh data requested => check proxy status ongoing
2026-07-30 15:58:22,144 [INFO] FinderPluginLoader:96 - Searching for filters in installed packs
2026-07-30 15:58:22,146 [INFO] FinderPluginLoader:109 - Found C:\Users\ADMIN\STM32Cube\Repository\Packs\STMicroelectronics\X-CUBE-AI\10.2.1\CubeMX\plugins\ip\ai.10.2.1.jar
2026-07-30 15:58:22,146 [INFO] FinderPluginLoader:119 - Loading ai.10.2.1
2026-07-30 15:58:22,197 [INFO] McuExtendedFiltersManager:95 - Add MCU extended filter: Artificial Intelligence
2026-07-30 15:58:23,542 [INFO] AInterface:116 - AInterface using toolDir: C:/Users/ADMIN/STM32Cube/Repository//Packs/STMicroelectronics/X-CUBE-AI/10.2.1/Utilities/windows
2026-07-30 15:58:24,380 [INFO] LoadUrlFilesThread:185 - End of LoadServerUrlFiles without Thread
2026-07-30 15:58:24,399 [INFO] DetailPanel:341 - Set advertising image to C:/Users/ADMIN/STM32Cube/Repository/\en.stm32h5cubemxbanner.png
2026-07-30 16:00:41,597 [INFO] MultiScanPanel:200 - Auto-refresh data requested => check proxy status ongoing
2026-07-30 16:00:41,769 [INFO] LoadUrlFilesThread:185 - End of LoadServerUrlFiles without Thread
2026-07-30 16:00:41,770 [INFO] DetailPanel:341 - Set advertising image to C:/Users/ADMIN/STM32Cube/Repository/\en.stm32h5cubemxbanner.png
2026-07-30 16:00:41,784 [INFO] DbBoards:642 - Loading board mini-images...
2026-07-30 16:00:45,393 [INFO] DbBoards:665 - Loaded 218 board mini-images
2026-07-30 16:02:07,759 [INFO] MainUpdater:2872 - connection check result : 10
2026-07-30 16:02:07,760 [INFO] MainUpdater:2872 - connection check result : 10
2026-07-30 16:02:07,810 [INFO] MicroXplorer:468 - Change Database Path : 
2026-07-30 16:02:07,810 [INFO] MicroXplorer:498 - Change Database Version : DB.6.0.150
2026-07-30 16:02:07,818 [WARN] ThirdParty:871 - waiting for thirdparty lock release [close project]
2026-07-30 16:02:07,818 [INFO] ThirdParty:873 - entering critical section [close project]
2026-07-30 16:02:07,821 [INFO] ThirdParty:883 - exiting critical section [close project]
2026-07-30 16:02:07,824 [INFO] PinOutPanel:1589 - setPackage(No Configuration,No Configuration)
2026-07-30 16:02:07,826 [INFO] UtilMem:75 - Begin LoadConfig() Used Memory: 779970888 Bytes (1073741824)
2026-07-30 16:02:07,834 [INFO] OpenFileManager:355 - Change cursor
2026-07-30 16:02:07,952 [INFO] ProjectFactory:514 - No CPN specified for board B-L475E-IOT01A1 => set CPN to STM32L475VGT6
2026-07-30 16:02:07,953 [INFO] Mcu:2029 - Initializing MCU STM32L475V(C-E-G)Tx STM32L475VGTx STM32L475VGT6
2026-07-30 16:02:12,149 [INFO] Context:786 - Trying to add GPIOservice into a context  which must be forbidden
2026-07-30 16:02:12,893 [INFO] Rule:233 - rule 117617 - U5Cobra4M][GTZC] default value MPCBB3 and MPCBB5 - Not Secured memory - MPCBB1 is applicable
2026-07-30 16:02:12,893 [INFO] Rule:233 - rule 117617 - U5Cobra4M][GTZC] default value MPCBB3 and MPCBB5 - Not Secured memory - MPCBB1 is applicable
2026-07-30 16:02:12,893 [INFO] Rule:233 - rule 117617 - U5Cobra4M][GTZC] default value MPCBB3 and MPCBB5 - Not Secured memory - MPCBB2 is applicable
2026-07-30 16:02:12,893 [INFO] Rule:233 - rule 117617 - U5Cobra4M][GTZC] default value MPCBB3 and MPCBB5 - Not Secured memory - MPCBB2 is applicable
2026-07-30 16:02:12,893 [INFO] Rule:233 - rule 117617 - U5Cobra4M][GTZC] default value MPCBB3 and MPCBB5 - Not Secured memory - MPCBB3 is applicable
2026-07-30 16:02:12,893 [INFO] Rule:233 - rule 117617 - U5Cobra4M][GTZC] default value MPCBB3 and MPCBB5 - Not Secured memory - MPCBB3 is applicable
2026-07-30 16:02:12,893 [INFO] Rule:233 - rule 117617 - U5Cobra4M][GTZC] default value MPCBB3 and MPCBB5 - Not Secured memory - MPCBB4 is applicable
2026-07-30 16:02:12,893 [INFO] Rule:233 - rule 117617 - U5Cobra4M][GTZC] default value MPCBB3 and MPCBB5 - Not Secured memory - MPCBB4 is applicable
2026-07-30 16:02:12,894 [INFO] Rule:233 - rule 117617 - U5Cobra4M][GTZC] default value MPCBB3 and MPCBB5 - Secured memory - MPCBB1 is applicable
2026-07-30 16:02:12,894 [INFO] Rule:233 - rule 117617 - U5Cobra4M][GTZC] default value MPCBB3 and MPCBB5 - Secured memory - MPCBB2 is applicable
2026-07-30 16:02:12,894 [INFO] Rule:233 - rule 117617 - U5Cobra4M][GTZC] default value MPCBB3 and MPCBB5 - Secured memory - MPCBB3 is applicable
2026-07-30 16:02:12,894 [INFO] Rule:233 - rule 117617 - U5Cobra4M][GTZC] default value MPCBB3 and MPCBB5 - Secured memory - MPCBB4 is applicable
2026-07-30 16:02:12,894 [INFO] Rule:233 - rule 117617 - U5Cobra4M][GTZC] default value MPCBB3 and MPCBB5 - Privileged memory - MPCBB1 is applicable
2026-07-30 16:02:12,894 [INFO] Rule:233 - rule 117617 - U5Cobra4M][GTZC] default value MPCBB3 and MPCBB5 - Privileged memory - MPCBB2 is applicable
2026-07-30 16:02:12,894 [INFO] Rule:233 - rule 117617 - U5Cobra4M][GTZC] default value MPCBB3 and MPCBB5 - Privileged memory - MPCBB3 is applicable
2026-07-30 16:02:12,894 [INFO] Rule:233 - rule 117617 - U5Cobra4M][GTZC] default value MPCBB3 and MPCBB5 - Privileged memory - MPCBB4 is applicable
2026-07-30 16:02:12,894 [INFO] Rule:233 - rule 117617 - U5Cobra4M][GTZC] default value MPCBB3 and MPCBB5 - Not Privileged memory - MPCBB1 is applicable
2026-07-30 16:02:12,894 [INFO] Rule:233 - rule 117617 - U5Cobra4M][GTZC] default value MPCBB3 and MPCBB5 - Not Privileged memory - MPCBB2 is applicable
2026-07-30 16:02:12,894 [INFO] Rule:233 - rule 117617 - U5Cobra4M][GTZC] default value MPCBB3 and MPCBB5 - Not Privileged memory - MPCBB3 is applicable
2026-07-30 16:02:12,894 [INFO] Rule:233 - rule 117617 - U5Cobra4M][GTZC] default value MPCBB3 and MPCBB5 - Not Privileged memory - MPCBB4 is applicable
2026-07-30 16:02:12,894 [INFO] Rule:233 - rule 117617 - U5Cobra4M][GTZC] default value MPCBB3 and MPCBB5 - Privileged memory - MPCBB1 is applicable
2026-07-30 16:02:12,894 [INFO] Rule:233 - rule 117617 - U5Cobra4M][GTZC] default value MPCBB3 and MPCBB5 - Privileged memory - MPCBB2 is applicable
2026-07-30 16:02:12,894 [INFO] Rule:233 - rule 117617 - U5Cobra4M][GTZC] default value MPCBB3 and MPCBB5 - Privileged memory - MPCBB3 is applicable
2026-07-30 16:02:12,894 [INFO] Rule:233 - rule 117617 - U5Cobra4M][GTZC] default value MPCBB3 and MPCBB5 - Privileged memory - MPCBB4 is applicable
2026-07-30 16:02:12,894 [INFO] Rule:233 - rule 117617 - U5Cobra4M][GTZC] default value MPCBB3 and MPCBB5 - Privileged memory - MPCBB1 is applicable
2026-07-30 16:02:12,894 [INFO] Rule:233 - rule 117617 - U5Cobra4M][GTZC] default value MPCBB3 and MPCBB5 - Privileged memory - MPCBB2 is applicable
2026-07-30 16:02:12,894 [INFO] Rule:233 - rule 117617 - U5Cobra4M][GTZC] default value MPCBB3 and MPCBB5 - Privileged memory - MPCBB3 is applicable
2026-07-30 16:02:12,894 [INFO] Rule:233 - rule 117617 - U5Cobra4M][GTZC] default value MPCBB3 and MPCBB5 - Privileged memory - MPCBB4 is applicable
2026-07-30 16:02:12,894 [INFO] Rule:233 - rule 117617 - U5Cobra4M][GTZC] default value MPCBB3 and MPCBB5 - Not Privileged memory - MPCBB1 is applicable
2026-07-30 16:02:12,894 [INFO] Rule:233 - rule 117617 - U5Cobra4M][GTZC] default value MPCBB3 and MPCBB5 - Not Privileged memory - MPCBB2 is applicable
2026-07-30 16:02:12,894 [INFO] Rule:233 - rule 117617 - U5Cobra4M][GTZC] default value MPCBB3 and MPCBB5 - Not Privileged memory - MPCBB3 is applicable
2026-07-30 16:02:12,894 [INFO] Rule:233 - rule 117617 - U5Cobra4M][GTZC] default value MPCBB3 and MPCBB5 - Not Privileged memory - MPCBB4 is applicable
2026-07-30 16:02:12,894 [INFO] Rule:233 - rule 117617 - U5Cobra4M][GTZC] default value MPCBB3 and MPCBB5 - Privileged memory - MPCBB1 is applicable
2026-07-30 16:02:12,895 [INFO] Rule:233 - rule 117617 - U5Cobra4M][GTZC] default value MPCBB3 and MPCBB5 - Privileged memory - MPCBB2 is applicable
2026-07-30 16:02:12,895 [INFO] Rule:233 - rule 117617 - U5Cobra4M][GTZC] default value MPCBB3 and MPCBB5 - Privileged memory - MPCBB3 is applicable
2026-07-30 16:02:12,895 [INFO] Rule:233 - rule 117617 - U5Cobra4M][GTZC] default value MPCBB3 and MPCBB5 - Privileged memory - MPCBB4 is applicable
2026-07-30 16:02:12,895 [INFO] Rule:233 - rule Rename SubGHz_Phy SUBGHZ_APPLICATION SUBGHZ_PINGPONG to SUBGHZ_ADV_APPLICATION is applicable
2026-07-30 16:02:12,895 [INFO] Rule:233 - rule Rename Enabled to IBEACON is applicable
2026-07-30 16:02:12,895 [INFO] Rule:233 - rule GTZC_S instance for project manager is applicable
2026-07-30 16:02:12,895 [INFO] Rule:233 - rule GTZC_S instance for context M33S is applicable
2026-07-30 16:02:12,895 [INFO] Rule:233 - rule GTZC_S instance value for IP GTZC is applicable
2026-07-30 16:02:12,895 [INFO] Rule:233 - rule GTZC_S instance for mcu.IP is applicable
2026-07-30 16:02:12,895 [INFO] Rule:233 - rule GTZC_S instance for VP is applicable
2026-07-30 16:02:12,895 [INFO] Rule:233 - rule GTZC_S instance for signal is applicable
2026-07-30 16:02:12,895 [INFO] Rule:233 - rule GTZC_S instance for mcu.Pin is applicable
2026-07-30 16:02:12,895 [INFO] Rule:233 - rule GTZC_S instance for VP is applicable
2026-07-30 16:02:12,895 [INFO] Rule:233 - rule GTZC_S instance for signal is applicable
2026-07-30 16:02:12,895 [INFO] Rule:233 - rule GTZC_S instance for mcu is applicable
2026-07-30 16:02:12,895 [INFO] Rule:233 - rule GTZC_S instance for mcu.Pin is applicable
2026-07-30 16:02:12,895 [INFO] Rule:233 - rule GTZC_S instance value for IP GTZC is applicable
2026-07-30 16:02:12,895 [INFO] Rule:233 - rule GTZC_S instance for project manager is applicable
2026-07-30 16:02:12,895 [INFO] Rule:233 - rule GTZC_S instance for context M33S is applicable
2026-07-30 16:02:12,895 [INFO] Rule:233 - rule GTZC_S instance for VP is applicable
2026-07-30 16:02:12,895 [INFO] Rule:233 - rule GTZC_S instance for signal is applicable
2026-07-30 16:02:12,895 [INFO] Rule:233 - rule Rename Tracer Mode is applicable
2026-07-30 16:02:12,895 [INFO] Rule:233 - rule ADC Scan  fix with FW F7 is applicable
2026-07-30 16:02:12,895 [INFO] Rule:233 - rule ADC Scan  fix with FW F7 is applicable
2026-07-30 16:02:12,896 [INFO] Rule:233 - rule WakeUp0 Mode is applicable
2026-07-30 16:02:12,896 [INFO] Rule:233 - rule WakeUp0 SIGNAL is applicable
2026-07-30 16:02:12,896 [INFO] Rule:233 - rule WakeUp1 Mode is applicable
2026-07-30 16:02:12,896 [INFO] Rule:233 - rule WakeUp1 SIGNAL is applicable
2026-07-30 16:02:12,896 [INFO] Rule:233 - rule WakeUp2 Mode is applicable
2026-07-30 16:02:12,896 [INFO] Rule:233 - rule WakeUp2 SIGNAL is applicable
2026-07-30 16:02:12,896 [INFO] Rule:233 - rule WakeUp4 Mode is applicable
2026-07-30 16:02:12,896 [INFO] Rule:233 - rule WakeUp4 SIGNAL is applicable
2026-07-30 16:02:12,896 [INFO] Rule:233 - rule WakeUp5 Mode is applicable
2026-07-30 16:02:12,896 [INFO] Rule:233 - rule WakeUp5 SIGNAL is applicable
2026-07-30 16:02:12,896 [INFO] Rule:233 - rule Change Default Value for LSE Drive Capability for WB family is applicable
2026-07-30 16:02:12,896 [INFO] Rule:233 - rule Change Default Value for ADC Clock Prescaler G0 family is applicable
2026-07-30 16:02:12,896 [INFO] Rule:233 - rule UART/USART IPParameter rename Prescaler parameter to ClockPrescaler is applicable
2026-07-30 16:02:12,896 [INFO] Rule:233 - rule UART/USART Prescaler rename Prescaler parameter to ClockPrescaler is applicable
2026-07-30 16:02:12,897 [INFO] Rule:233 - rule TIM1CLockSelection is applicable
2026-07-30 16:02:12,897 [INFO] Rule:233 - rule TIM15CLockSelection is applicable
2026-07-30 16:02:12,897 [INFO] Rule:233 - rule align RCC SDMMC3CLockSelection default value on MP1 is applicable
2026-07-30 16:02:12,897 [INFO] Rule:233 - rule align RCC SDMMC12CLockSelection default value on MP1 is applicable
2026-07-30 16:02:12,897 [INFO] Rule:233 - rule align RCC QSPICLockSelection default value on MP1 is applicable
2026-07-30 16:02:12,897 [INFO] Rule:233 - rule align RCC QSPICLockSelection default value on MP1 is applicable
2026-07-30 16:02:12,897 [INFO] Rule:233 - rule align RCC SPI6CLockSelection default value on MP1 is applicable
2026-07-30 16:02:12,897 [INFO] Rule:233 - rule align RCC LPTIM23CLockSelection default value on MP1 is applicable
2026-07-30 16:02:12,897 [INFO] Rule:233 - rule align RCC LPTIM1CLockSelection default value on MP1 is applicable
2026-07-30 16:02:12,897 [INFO] Rule:233 - rule align RCC USART1CLockSelection default value on MP1 is applicable
2026-07-30 16:02:12,897 [INFO] Rule:233 - rule align RCC USART24CLockSelection default value on MP1 is applicable
2026-07-30 16:02:12,897 [INFO] Rule:233 - rule align RCC USART6CLockSelection default value on MP1 is applicable
2026-07-30 16:02:12,897 [INFO] Rule:233 - rule align RCC UART78CLockSelection default value on MP1 is applicable
2026-07-30 16:02:12,897 [INFO] Rule:233 - rule align RCC USART35CLockSelection default value on MP1 is applicable
2026-07-30 16:02:12,897 [INFO] Rule:233 - rule align RCC SPI45CLockSelection default value on MP1 is applicable
2026-07-30 16:02:12,897 [INFO] Rule:233 - rule align RCC I2C46CLockSelection BCLK value on MP1 is applicable
2026-07-30 16:02:12,897 [INFO] Rule:233 - rule align RCC SPI45CLockSelection default value on MP1 is applicable
2026-07-30 16:02:12,897 [INFO] Rule:233 - rule align RCC I2C12CLockSelection default value on MP1 is applicable
2026-07-30 16:02:12,897 [INFO] Rule:233 - rule align RCC I2C35CLockSelection default value on MP1 is applicable
2026-07-30 16:02:12,897 [INFO] Rule:233 - rule align RCC LPTIM45CLockSelection default value on MP1 is applicable
2026-07-30 16:02:12,897 [INFO] Rule:233 - rule Rename DCMI PIXCK signal is applicable
2026-07-30 16:02:12,897 [INFO] Rule:233 - rule Change Default Value for I2C46CLockSelection MP1 family is applicable
2026-07-30 16:02:12,898 [INFO] Rule:233 - rule Change Default Value for UART for G4, G0 and WB families is applicable
2026-07-30 16:02:12,898 [INFO] Rule:233 - rule Change Default Value for USART for G4, G0 and WB families is applicable
2026-07-30 16:02:12,898 [INFO] Rule:233 - rule Change Default Value for USART for G4 family is applicable
2026-07-30 16:02:12,898 [INFO] Rule:233 - rule Change USART1CLockSelection refparam name for MP1 is applicable
2026-07-30 16:02:12,898 [INFO] Rule:233 - rule Change USART2CLockSelection refparam name for MP1 is applicable
2026-07-30 16:02:12,898 [INFO] Rule:233 - rule Change USART3CLockSelection refparam name for MP1 is applicable
2026-07-30 16:02:12,898 [INFO] Rule:233 - rule Change UART4CLockSelection refparam name for MP1 is applicable
2026-07-30 16:02:12,898 [INFO] Rule:233 - rule Change UART5CLockSelection refparam name for MP1 is applicable
2026-07-30 16:02:12,898 [INFO] Rule:233 - rule Change LPUART1CLockSelection refparam name for MP1 is applicable
2026-07-30 16:02:12,898 [INFO] Rule:233 - rule Change LPTIM1CLockSelection refparam name for MP1 is applicable
2026-07-30 16:02:12,898 [INFO] Rule:233 - rule Change LPTIM2CLockSelection refparam name for MP1 is applicable
2026-07-30 16:02:12,898 [INFO] Rule:233 - rule Change RCC_MCO1Source refparam name for MP1 is applicable
2026-07-30 16:02:12,898 [INFO] Rule:233 - rule Change LSCOSource1 refparam name for MP1 is applicable
2026-07-30 16:02:12,898 [INFO] Rule:233 - rule Change SMPSCLockSelection refparam name for MP1 is applicable
2026-07-30 16:02:12,898 [INFO] Rule:233 - rule Change LPTIM3CLockSelection refparam name for MP1 is applicable
2026-07-30 16:02:12,898 [INFO] Rule:233 - rule Change MPCBB* Default Template Mode to Parameters is applicable
2026-07-30 16:02:12,898 [INFO] Rule:233 - rule Change MPCWM* or MPCBB* Secure Mode to Parameters is applicable
2026-07-30 16:02:12,898 [INFO] Rule:233 - rule Change MPCWM* or MPCBB* No Secure Mode to Parameters is applicable
2026-07-30 16:02:12,898 [INFO] Rule:233 - rule Change TZSC IP Secure Mode to Parameters is applicable
2026-07-30 16:02:12,898 [INFO] Rule:233 - rule Change TZSC IP No Secure Mode to Parameters is applicable
2026-07-30 16:02:12,898 [INFO] Rule:233 - rule Change TZSC IP Privilege Mode to Parameters is applicable
2026-07-30 16:02:12,899 [INFO] Rule:233 - rule Change TZSC IP No Privilege Mode to Parameters is applicable
2026-07-30 16:02:12,899 [INFO] Rule:233 - rule Change TZIC IT Secure Mode to Parameters is applicable
2026-07-30 16:02:12,899 [INFO] Rule:233 - rule Change TZIC IT No Secure Mode to Parameters is applicable
2026-07-30 16:02:12,899 [INFO] Rule:233 - rule Add MPCBB1_NonSecureArea_Start_Address value with referenced to MPCBB1_NonSecureArea_Start value is applicable
2026-07-30 16:02:12,899 [INFO] Rule:233 - rule Add MPCBB2_NonSecureArea_Start_Address value with referenced to MPCBB2_NonSecureArea_Start value is applicable
2026-07-30 16:02:12,899 [INFO] Rule:233 - rule Add MPCWM1_NonSecureArea*_Start_Address value with referenced to MPCWM1_NonSecureArea*_Start value is applicable
2026-07-30 16:02:12,899 [INFO] Rule:233 - rule Add MPCWM2_NonSecureArea*_Start_Address value with referenced to MPCWM2_NonSecureArea*_Start value is applicable
2026-07-30 16:02:12,899 [INFO] Rule:233 - rule Add MPCWM3_NonSecureArea_Start_Address value with referenced to MPCWM3_NonSecureArea_Start value is applicable
2026-07-30 16:02:12,899 [INFO] Rule:233 - rule Change Default Value for PLL1UserDefinedConfig is applicable
2026-07-30 16:02:12,899 [INFO] Rule:233 - rule Change GPIO_PuPd Default Value for USART in async mode is applicable
2026-07-30 16:02:12,899 [INFO] Rule:233 - rule Change SMPSDivider Default Value is applicable
2026-07-30 16:02:12,900 [INFO] Rule:233 - rule OPAMP is applicable
2026-07-30 16:02:12,900 [INFO] Rule:233 - rule LPUART IPParameter rename Prescaler parameter to ClockPrescaler for STM32H7 is applicable
2026-07-30 16:02:12,900 [INFO] Rule:233 - rule LPUART IPParameter rename Prescaler parameter to ClockPrescaler for STM32H7 is applicable
2026-07-30 16:02:12,900 [INFO] Rule:233 - rule LPUART IPParameter rename Prescaler parameter to ClockPrescaler for STM32WB is applicable
2026-07-30 16:02:12,900 [INFO] Rule:233 - rule LPUART IPParameter rename Prescaler parameter to ClockPrescaler for STM32WB is applicable
2026-07-30 16:02:12,900 [INFO] Rule:233 - rule LPUART IPParameter rename Prescaler parameter to ClockPrescaler for STM32G4 is applicable
2026-07-30 16:02:12,900 [INFO] Rule:233 - rule LPUART IPParameter rename Prescaler parameter to ClockPrescaler for STM32G4 is applicable
2026-07-30 16:02:12,900 [INFO] Rule:233 - rule LPUART IPParameter rename Prescaler parameter to ClockPrescaler for STM32L5 is applicable
2026-07-30 16:02:12,900 [INFO] Rule:233 - rule LPUART IPParameter rename Prescaler parameter to ClockPrescaler for STM32L5 is applicable
2026-07-30 16:02:12,900 [INFO] Rule:233 - rule LPUART IPParameter rename Prescaler parameter to ClockPrescaler for STM32G4 is applicable
2026-07-30 16:02:12,900 [INFO] Rule:233 - rule LPUART IPParameter rename Prescaler parameter to ClockPrescaler for STM32G4 is applicable
2026-07-30 16:02:12,900 [INFO] Rule:233 - rule USB device lib V2.5.3 for L0 rename USBD_SUPPORT_USER_STRING parameter to USBD_SUPPORT_USER_STRING_DESC4 is applicable
2026-07-30 16:02:12,900 [INFO] Rule:233 - rule I2SCLockSelection clock entry align is applicable
2026-07-30 16:02:12,900 [INFO] Rule:233 - rule Assign TIMx context if used as SYS timebase is applicable
2026-07-30 16:02:12,900 [INFO] Rule:233 - rule Change GPIO_Pu Default Value for I2C is applicable
2026-07-30 16:02:12,900 [INFO] Rule:233 - rule Change GPIO_Pu Default Value for SMBus is applicable
2026-07-30 16:02:12,901 [INFO] Rule:233 - rule change FDCAN default value is applicable
2026-07-30 16:02:12,901 [INFO] Rule:233 - rule Change mode sai is applicable
2026-07-30 16:02:12,901 [INFO] Rule:233 - rule **Change sai mode is applicable
2026-07-30 16:02:12,901 [INFO] Rule:233 - rule Rename STM32WPAN CFG_BLE_IRK to CFG_BLE_IR is applicable
2026-07-30 16:02:12,901 [INFO] Rule:233 - rule Rename STM32WPAN CFG_BLE_ERK to CFG_BLE_ER is applicable
2026-07-30 16:02:12,901 [INFO] Rule:233 - rule Rename STM32WPAN CFG_BLE_IRK_HEX to CFG_BLE_IR_HEX is applicable
2026-07-30 16:02:12,901 [INFO] Rule:233 - rule Rename STM32WPAN CFG_BLE_ERK_HEX to CFG_BLE_ER_HEX is applicable
2026-07-30 16:02:12,901 [INFO] Rule:233 - rule Adapt Old IOC before rework replace old CORTEX_M33/CORTEX_M55 attributes by the new one. is applicable
2026-07-30 16:02:12,901 [INFO] Rule:233 - rule Rename parametre of RCC RCC_APBDBG_DIV2 to RCC_TIMPRES_DIV2 is applicable
2026-07-30 16:02:12,901 [INFO] Rule:233 - rule Rename DIE493 pin PA10 [PA12] -> PA10 is applicable
2026-07-30 16:02:12,901 [INFO] Rule:233 - rule Rename DIE493 pin PA9 [PA11] -> PA9 is applicable
2026-07-30 16:02:12,901 [INFO] Rule:233 - rule Rename DIE492 PartNumber CPN STM32WBA5MJGHx -> STM32WBA5MMGHx is applicable
2026-07-30 16:02:12,901 [INFO] Rule:233 - rule Rename DIE492 PartNumber  Name STM32WBA5MJGHx -> STM32WBA5MMGHx is applicable
2026-07-30 16:02:12,901 [INFO] Rule:233 - rule Rename DIE492 PartNumber UserName STM32WBA5MJGHx -> STM32WBA5MMGHx is applicable
2026-07-30 16:02:12,901 [INFO] Rule:233 - rule Rename DIE492 PartNumber DeviceId STM32WBA5MJGHx -> STM32WBA5MMGHx is applicable
2026-07-30 16:02:12,901 [INFO] Rule:233 - rule Adapt Old IOC CSI. is applicable
2026-07-30 16:02:12,901 [INFO] Rule:233 - rule Adapt Old IOC DCMIPP. is applicable
2026-07-30 16:02:12,901 [INFO] Rule:233 - rule Adapt Old IOC DCMIPP Mode Parallel. is applicable
2026-07-30 16:02:12,901 [INFO] Rule:233 - rule Adapt Old IOC LTDC. is applicable
2026-07-30 16:02:12,901 [INFO] Rule:233 - rule Rename STM32MP2 RIF Peripheral LTDC RIF.RISUP.LTDC_L0L1.Privilege -> RIF.RISUP.LTDC_L1L2.Privilege is applicable
2026-07-30 16:02:12,902 [INFO] Rule:233 - rule Rename STM32MP2 RIF Peripheral LTDC RIF.RISUP.LTDC_L0L1.Privilege -> RIF.RISUP.LTDC_L1L2.Privilege is applicable
2026-07-30 16:02:12,902 [INFO] Rule:233 - rule Rename STM32MP2 RIF Peripheral LTDC RIF.RISUP.LTDC_L0L1.Lock -> RIF.RISUP.LTDC_L1L2.Lock is applicable
2026-07-30 16:02:12,902 [INFO] Rule:233 - rule Rename STM32MP2 RIF Peripheral LTDC RIF.RISUP.LTDC_L2.Lock -> RIF.RISUP.LTDC_L3.Lock is applicable
2026-07-30 16:02:12,902 [INFO] Rule:233 - rule Adapt the old IOC example for updating the SYS when it is misconfigured. is applicable
2026-07-30 16:02:12,902 [INFO] Rule:233 - rule Rename STM32C09 Mcu.Package LQFP64 -> LQFP48 is applicable
2026-07-30 16:02:12,902 [INFO] Rule:233 - rule Adapt the old IOC example for updating the SYS when it is misconfigured. is applicable
2026-07-30 16:02:12,902 [INFO] Rule:233 - rule Adapt the old IOC example for updating the SYS when it is misconfigured. is applicable
2026-07-30 16:02:12,921 [INFO] DbConfProperties:307 - Apply Compatibility (8/168 Rules)
2026-07-30 16:02:12,977 [INFO] ImportTextPane:234 - (OptionalMessage_ERROR) Pin81 (VP_RIF_VS_RIF1) cannot be retrieved for this MCU
2026-07-30 16:02:13,244 [INFO] RtosManager:558 - Registered RTOS mode: class=CMSIS, group=RTOS, mode=CMSIS_V1, owner=FREERTOS
2026-07-30 16:02:13,244 [INFO] RtosManager:558 - Registered RTOS mode: class=CMSIS, group=RTOS2, mode=CMSIS_V2, owner=FREERTOS
2026-07-30 16:02:13,244 [INFO] RtosManager:558 - Registered RTOS mode: class=RTOS, group=Core, mode=CMSIS_V1, owner=FREERTOS
2026-07-30 16:02:13,244 [INFO] RtosManager:558 - Registered RTOS mode: class=RTOS, group=Core, mode=CMSIS_V2, owner=FREERTOS
2026-07-30 16:02:13,245 [WARN] ModelIntegratedComponent:184 - Missing modes for component STMicroelectronics:FreeRTOS:0.0.1:STMicroelectronics:RTOS:FreeRTOS:Core:::10.2.0:
2026-07-30 16:02:13,273 [WARN] ModelIntegratedComponent:63 - No mode defined for component null
2026-07-30 16:02:13,273 [WARN] ModelIntegratedComponent:63 - No mode defined for component null
2026-07-30 16:02:13,273 [WARN] ModelIntegratedComponent:63 - No mode defined for component null
2026-07-30 16:02:13,274 [WARN] ModelIntegratedComponent:63 - No mode defined for component null
2026-07-30 16:02:13,274 [WARN] ModelIntegratedComponent:63 - No mode defined for component null
2026-07-30 16:02:13,274 [WARN] ModelIntegratedComponent:63 - No mode defined for component null
2026-07-30 16:02:13,274 [WARN] ModelIntegratedComponent:63 - No mode defined for component null
2026-07-30 16:02:13,274 [WARN] ModelIntegratedComponent:63 - No mode defined for component null
2026-07-30 16:02:13,274 [WARN] ModelIntegratedComponent:63 - No mode defined for component null
2026-07-30 16:02:13,274 [WARN] ModelIntegratedComponent:63 - No mode defined for component null
2026-07-30 16:02:13,274 [WARN] ModelIntegratedComponent:63 - No mode defined for component null
2026-07-30 16:02:13,274 [WARN] ModelIntegratedComponent:63 - No mode defined for component null
2026-07-30 16:02:13,274 [WARN] ModelIntegratedComponent:63 - No mode defined for component null
2026-07-30 16:02:13,274 [WARN] ModelIntegratedComponent:63 - No mode defined for component null
2026-07-30 16:02:13,274 [WARN] ModelIntegratedComponent:63 - No mode defined for component null
2026-07-30 16:02:13,274 [WARN] ModelIntegratedComponent:63 - No mode defined for component null
2026-07-30 16:02:13,274 [WARN] ModelIntegratedComponent:63 - No mode defined for component null
2026-07-30 16:02:13,274 [WARN] ModelIntegratedComponent:63 - No mode defined for component null
2026-07-30 16:02:13,274 [WARN] ModelIntegratedComponent:63 - No mode defined for component null
2026-07-30 16:02:13,274 [WARN] ModelIntegratedComponent:63 - No mode defined for component null
2026-07-30 16:02:13,274 [WARN] ModelIntegratedComponent:63 - No mode defined for component null
2026-07-30 16:02:13,274 [WARN] ModelIntegratedComponent:63 - No mode defined for component null
2026-07-30 16:02:13,274 [WARN] ModelIntegratedComponent:63 - No mode defined for component null
2026-07-30 16:02:13,274 [WARN] ModelIntegratedComponent:63 - No mode defined for component null
2026-07-30 16:02:13,274 [WARN] ModelIntegratedComponent:63 - No mode defined for component null
2026-07-30 16:02:13,274 [WARN] ModelIntegratedComponent:63 - No mode defined for component null
2026-07-30 16:02:13,274 [WARN] ModelIntegratedComponent:63 - No mode defined for component null
2026-07-30 16:02:13,274 [WARN] ModelIntegratedComponent:63 - No mode defined for component null
2026-07-30 16:02:13,274 [WARN] ModelIntegratedComponent:63 - No mode defined for component null
2026-07-30 16:02:13,274 [WARN] ModelIntegratedComponent:63 - No mode defined for component null
2026-07-30 16:02:13,274 [WARN] ModelIntegratedComponent:63 - No mode defined for component null
2026-07-30 16:02:13,274 [WARN] ModelIntegratedComponent:63 - No mode defined for component null
2026-07-30 16:02:13,274 [WARN] ModelIntegratedComponent:63 - No mode defined for component null
2026-07-30 16:02:13,274 [WARN] ModelIntegratedComponent:63 - No mode defined for component null
2026-07-30 16:02:13,275 [WARN] ModelIntegratedComponent:63 - No mode defined for component null
2026-07-30 16:02:13,275 [WARN] ModelPack:524 - Component already loaded: STMicroelectronics:HAL Drivers:0.0.0:STMicroelectronics:Device:STMicro_Driver:XSPI:HAL::0.0.1:HAL_XSPI
2026-07-30 16:02:13,396 [INFO] ThirdPartyModel:298 - Start build external matchings
2026-07-30 16:02:13,910 [INFO] ThirdPartyModel:316 - End build external matchings
2026-07-30 16:02:13,952 [INFO] ImportTextPane:234 - (OptionalMessage_ERROR) IP (RCC) : Invalid parameter (FamilyName)
2026-07-30 16:02:14,511 [INFO] UtilMem:75 - End LoadConfig() Used Memory: 846447800 Bytes (1073741824)
2026-07-30 16:02:14,688 [WARN] ThirdParty:833 - waiting for thirdparty lock release [change project]
2026-07-30 16:02:14,689 [INFO] ThirdParty:835 - entering critical section [change project]
2026-07-30 16:02:14,689 [INFO] ThirdParty:1030 - CMSIS Pack Vendor :STMicroelectronics X-CUBE-AZRTOS-H7 3.5.0
2026-07-30 16:02:14,689 [INFO] ThirdParty:1030 - CMSIS Pack Vendor :STMicroelectronics X-CUBE-PM33A1 1.0.0
2026-07-30 16:02:14,689 [INFO] ThirdParty:1030 - CMSIS Pack Vendor :STMicroelectronics USBPD 4.1
2026-07-30 16:02:14,689 [INFO] ThirdParty:1030 - CMSIS Pack Vendor :STMicroelectronics X-CUBE-NFC9 1.0.0
2026-07-30 16:02:14,689 [INFO] ThirdParty:1030 - CMSIS Pack Vendor :STMicroelectronics USB_HOST 2.0.0
2026-07-30 16:02:14,689 [INFO] ThirdParty:1030 - CMSIS Pack Vendor :STMicroelectronics FP-ATR-ASTRA1 2.0.3
2026-07-30 16:02:14,689 [INFO] ThirdParty:1030 - CMSIS Pack Vendor :STMicroelectronics X-CUBE-AZRTOS-F4 1.1.0
2026-07-30 16:02:14,689 [INFO] ThirdParty:1030 - CMSIS Pack Vendor :STMicroelectronics LIBJPEG 8.0.0
2026-07-30 16:02:14,689 [INFO] ThirdParty:1030 - CMSIS Pack Vendor :STMicroelectronics X-CUBE-BLE1 7.1.0
2026-07-30 16:02:14,689 [INFO] ThirdParty:1030 - CMSIS Pack Vendor :wolfSSL I-CUBE-wolfMQTT 1.19.2
2026-07-30 16:02:14,689 [INFO] ThirdParty:1030 - CMSIS Pack Vendor :STMicroelectronics USB_DEVICE 3.0.0
2026-07-30 16:02:14,689 [INFO] ThirdParty:1030 - CMSIS Pack Vendor :STMicroelectronics X-CUBE-ISPU 2.1.0
2026-07-30 16:02:14,689 [INFO] ThirdParty:1030 - CMSIS Pack Vendor :STMicroelectronics X-CUBE-EEPRMA1 5.2.0
2026-07-30 16:02:14,689 [INFO] ThirdParty:1030 - CMSIS Pack Vendor :STMicroelectronics X-CUBE-IPS 3.2.0
2026-07-30 16:02:14,689 [INFO] ThirdParty:1030 - CMSIS Pack Vendor :STMicroelectronics eDS-WB_DPC_TT-BIDIR 2.1.1
2026-07-30 16:02:14,689 [INFO] ThirdParty:1030 - CMSIS Pack Vendor :STMicroelectronics X-CUBE-AZRTOS-WB 2.0.0
2026-07-30 16:02:14,689 [INFO] ThirdParty:1030 - CMSIS Pack Vendor :STMicroelectronics X-CUBE-NFC12 1.0.0
2026-07-30 16:02:14,689 [INFO] ThirdParty:1030 - CMSIS Pack Vendor :STMicroelectronics X-CUBE-AZRTOS-F7 1.1.0
2026-07-30 16:02:14,690 [INFO] ThirdParty:1030 - CMSIS Pack Vendor :STMicroelectronics X-CUBE-AZRTOS-L5 2.0.0
2026-07-30 16:02:14,690 [INFO] ThirdParty:1030 - CMSIS Pack Vendor :STMicroelectronics USB_DEVICE 2.0.0
2026-07-30 16:02:14,690 [INFO] ThirdParty:1030 - CMSIS Pack Vendor :STMicroelectronics X-CUBE-FREERTOS 1.6.0
2026-07-30 16:02:14,690 [INFO] ThirdParty:1030 - CMSIS Pack Vendor :STMicroelectronics FP-SNS-STAIOTCFT 1.1.0
2026-07-30 16:02:14,690 [INFO] ThirdParty:1030 - CMSIS Pack Vendor :quantropi X-CUBE-qispace-sdk-base 2.1.0
2026-07-30 16:02:14,690 [INFO] ThirdParty:1030 - CMSIS Pack Vendor :STMicroelectronics X-CUBE-STSE01 2.0.0
2026-07-30 16:02:14,690 [INFO] ThirdParty:1030 - CMSIS Pack Vendor :STMicroelectronics X-CUBE-ALGOBUILD 1.5.0
2026-07-30 16:02:14,690 [INFO] ThirdParty:1030 - CMSIS Pack Vendor :STMicroelectronics FP-SNS-MOTENV1 5.1.0
2026-07-30 16:02:14,690 [INFO] ThirdParty:1030 - CMSIS Pack Vendor :STMicroelectronics FreeRTOS 0.0.1
2026-07-30 16:02:14,690 [INFO] ThirdParty:1030 - CMSIS Pack Vendor :STMicroelectronics X-CUBE-AZRTOS-H7RS 1.3.0
2026-07-30 16:02:14,690 [INFO] ThirdParty:1030 - CMSIS Pack Vendor :STMicroelectronics X-CUBE-AZRTOS-G0 1.1.0
2026-07-30 16:02:14,690 [INFO] ThirdParty:1030 - CMSIS Pack Vendor :STMicroelectronics X-CUBE-NFC4 3.0.0
2026-07-30 16:02:14,690 [INFO] ThirdParty:1030 - CMSIS Pack Vendor :STMicroelectronics X-CUBE-SUBG2 5.0.0
2026-07-30 16:02:14,690 [INFO] ThirdParty:1030 - CMSIS Pack Vendor :STMicroelectronics STM32_WPAN 1.0.0
2026-07-30 16:02:14,690 [INFO] ThirdParty:1030 - CMSIS Pack Vendor :STMicroelectronics eDS-WB_DPC_VIENNA 1.2.0
2026-07-30 16:02:14,690 [INFO] ThirdParty:1030 - CMSIS Pack Vendor :EmbeddedOffice I-CUBE-FS-RTOS 1.0.1
2026-07-30 16:02:14,690 [INFO] ThirdParty:1030 - CMSIS Pack Vendor :STMicroelectronics lwIP 2.0.3
2026-07-30 16:02:14,690 [INFO] ThirdParty:1030 - CMSIS Pack Vendor :WES I-CUBE-Cesium 1.4.0
2026-07-30 16:02:14,690 [INFO] ThirdParty:1030 - CMSIS Pack Vendor :STMicroelectronics eDS-WB_DPC_3PH2L-BIDIR 1.1.1
2026-07-30 16:02:14,690 [INFO] ThirdParty:1030 - CMSIS Pack Vendor :STMicroelectronics USB_HOST 1.0.0
2026-07-30 16:02:14,691 [INFO] ThirdParty:1030 - CMSIS Pack Vendor :STMicroelectronics X-CUBE-AZRTOS-G4 2.0.0
2026-07-30 16:02:14,691 [INFO] ThirdParty:1030 - CMSIS Pack Vendor :STMicroelectronics PDM2PCM 3.1.0
2026-07-30 16:02:14,691 [INFO] ThirdParty:1030 - CMSIS Pack Vendor :STMicroelectronics PDM2PCM 3.3.0
2026-07-30 16:02:14,691 [INFO] ThirdParty:1030 - CMSIS Pack Vendor :wolfSSL I-CUBE-wolfTPM 3.8.0
2026-07-30 16:02:14,691 [INFO] ThirdParty:1030 - CMSIS Pack Vendor :STMicroelectronics X-CUBE-DISPLAY 3.0.0
2026-07-30 16:02:14,691 [INFO] ThirdParty:1030 - CMSIS Pack Vendor :wolfSSL I-CUBE-wolfSSH 1.4.20
2026-07-30 16:02:14,691 [INFO] ThirdParty:1030 - CMSIS Pack Vendor :STMicroelectronics X-CUBE-NFC7 2.0.0
2026-07-30 16:02:14,691 [INFO] ThirdParty:1030 - CMSIS Pack Vendor :STMicroelectronics X-CUBE-GNSS1 7.1.1
2026-07-30 16:02:14,691 [INFO] ThirdParty:1030 - CMSIS Pack Vendor :STMicroelectronics FP-SNS-MOTENVWB1 1.5.0
2026-07-30 16:02:14,691 [INFO] ThirdParty:1030 - CMSIS Pack Vendor :STMicroelectronics X-CUBE-TCPP 4.2.0
2026-07-30 16:02:14,691 [INFO] ThirdParty:1030 - CMSIS Pack Vendor :RealThread X-CUBE-RT-Thread_Nano 4.1.1
2026-07-30 16:02:14,691 [INFO] ThirdParty:1030 - CMSIS Pack Vendor :STMicroelectronics FP-ATR-SIGFOX1 3.2.0
2026-07-30 16:02:14,691 [INFO] ThirdParty:1030 - CMSIS Pack Vendor :STMicroelectronics X-CUBE-NFC10 1.0.0
2026-07-30 16:02:14,691 [INFO] ThirdParty:1030 - CMSIS Pack Vendor :STMicroelectronics HAL Drivers 0.0.0
2026-07-30 16:02:14,691 [INFO] ThirdParty:1030 - CMSIS Pack Vendor :STMicroelectronics MBEDTLS 2.16.2
2026-07-30 16:02:14,691 [INFO] ThirdParty:1030 - CMSIS Pack Vendor :STMicroelectronics X-CUBE-ST60 1.1.0
2026-07-30 16:02:14,691 [INFO] ThirdParty:1030 - CMSIS Pack Vendor :STMicroelectronics X-CUBE-ALS 1.0.2
2026-07-30 16:02:14,691 [INFO] ThirdParty:1030 - CMSIS Pack Vendor :emotas I-CUBE-CANOPEN 1.3.0
2026-07-30 16:02:14,691 [INFO] ThirdParty:1030 - CMSIS Pack Vendor :wolfSSL I-CUBE-wolfSSL 5.9.2
2026-07-30 16:02:14,691 [INFO] ThirdParty:1030 - CMSIS Pack Vendor :STMicroelectronics MBEDTLS 2.14.1
2026-07-30 16:02:14,691 [INFO] ThirdParty:1030 - CMSIS Pack Vendor :ITTIA_DB I-CUBE-ITTIADB 8.9.0
2026-07-30 16:02:14,691 [INFO] ThirdParty:1030 - CMSIS Pack Vendor :Cesanta I-CUBE-Mongoose 7.21.7
2026-07-30 16:02:14,691 [INFO] ThirdParty:1030 - CMSIS Pack Vendor :STMicroelectronics X-CUBE-TOUCHGFX 4.26.1
2026-07-30 16:02:14,691 [INFO] ThirdParty:1030 - CMSIS Pack Vendor :STMicroelectronics X-CUBE-NFC6 3.2.0
2026-07-30 16:02:14,691 [INFO] ThirdParty:1030 - CMSIS Pack Vendor :STMicroelectronics FP-SNS-STBOX1 2.1.0
2026-07-30 16:02:14,691 [INFO] ThirdParty:1030 - CMSIS Pack Vendor :STMicroelectronics X-CUBE-AI 10.2.1
2026-07-30 16:02:14,691 [INFO] ThirdParty:1030 - CMSIS Pack Vendor :STMicroelectronics ThreadX 1.0.0
2026-07-30 16:02:14,691 [INFO] ThirdParty:1030 - CMSIS Pack Vendor :STMicroelectronics FP-SNS-SMARTAG2 1.2.0
2026-07-30 16:02:14,691 [INFO] ThirdParty:1030 - CMSIS Pack Vendor :STMicroelectronics X-CUBE-MEMS1 12.1.0
2026-07-30 16:02:14,692 [INFO] ThirdParty:1030 - CMSIS Pack Vendor :STMicroelectronics FP-SNS-FLIGHT1 5.1.0
2026-07-30 16:02:14,692 [INFO] ThirdParty:1030 - CMSIS Pack Vendor :STMicroelectronics X-CUBE-AZRTOS-WL 2.0.0
2026-07-30 16:02:14,692 [INFO] ThirdParty:1030 - CMSIS Pack Vendor :SEGGER I-CUBE-embOS 1.3.1
2026-07-30 16:02:14,692 [INFO] ThirdParty:1030 - CMSIS Pack Vendor :STMicroelectronics X-CUBE-DPower 1.3.0
2026-07-30 16:02:14,692 [INFO] ThirdParty:1030 - CMSIS Pack Vendor :STMicroelectronics USB_DEVICE 1.0.0
2026-07-30 16:02:14,692 [INFO] ThirdParty:1030 - CMSIS Pack Vendor :STMicroelectronics X-CUBE-AZRTOS-L4 2.0.0
2026-07-30 16:02:14,692 [INFO] ThirdParty:1030 - CMSIS Pack Vendor :STMicroelectronics ThreadX 0.0.2
2026-07-30 16:02:14,692 [INFO] ThirdParty:1030 - CMSIS Pack Vendor :STMicroelectronics lwIP 2.1.2
2026-07-30 16:02:14,692 [INFO] ThirdParty:1030 - CMSIS Pack Vendor :STMicroelectronics X-CUBE-SFXS2LP1 4.0.0
2026-07-30 16:02:14,692 [INFO] ThirdParty:1030 - CMSIS Pack Vendor :STMicroelectronics X-CUBE-BLE2 3.3.0
2026-07-30 16:02:14,692 [INFO] ThirdParty:1030 - CMSIS Pack Vendor :Avnet-IOTCONNECT X-CUBE-iotc-st67-sdk 1.0.0
2026-07-30 16:02:14,692 [INFO] ThirdParty:1030 - CMSIS Pack Vendor :STMicroelectronics X-CUBE-TOF1 3.4.3
2026-07-30 16:02:14,692 [INFO] ThirdParty:1030 - CMSIS Pack Vendor :Infineon AIROC-Wi-Fi-Bluetooth-STM32 1.8.0
2026-07-30 16:02:14,692 [INFO] ThirdParty:1030 - CMSIS Pack Vendor :STMicroelectronics X-CUBE-NFC13 1.0.0
2026-07-30 16:02:14,692 [INFO] ThirdParty:1030 - CMSIS Pack Vendor :STMicroelectronics PDM2PCM 3.2.0
2026-07-30 16:02:14,692 [INFO] ThirdParty:1030 - CMSIS Pack Vendor :STMicroelectronics X-CUBE-WB05N 2.1.0
2026-07-30 16:02:14,692 [INFO] ThirdParty:841 - exiting critical section [change project]
2026-07-30 16:02:15,271 [INFO] PinOutPanel:1589 - setPackage(No Configuration,No Configuration)
2026-07-30 16:02:15,273 [INFO] PinOutPanel:1589 - setPackage(STM32L475VGTx,LQFP100)
2026-07-30 16:02:16,178 [INFO] UtilMem:75 - Before build in PCC Used Memory: 784174328 Bytes (1073741824)
2026-07-30 16:02:17,667 [INFO] UtilMem:75 - After build in PCC Used Memory: 882218232 Bytes (1073741824)
2026-07-30 16:02:17,715 [INFO] IPUIPlugin:80 - create IPUIPlugin
2026-07-30 16:02:17,715 [INFO] IPUIPlugin:80 - create IPUIPlugin
2026-07-30 16:02:17,715 [INFO] IPUIPlugin:80 - create IPUIPlugin
2026-07-30 16:02:17,715 [INFO] IPUIPlugin:80 - create IPUIPlugin
2026-07-30 16:02:17,715 [INFO] IPUIPlugin:80 - create IPUIPlugin
2026-07-30 16:02:17,715 [INFO] IPUIPlugin:80 - create IPUIPlugin
2026-07-30 16:02:17,715 [INFO] IPUIPlugin:80 - create IPUIPlugin
2026-07-30 16:02:17,716 [INFO] IPUIPlugin:80 - create IPUIPlugin
2026-07-30 16:02:17,716 [INFO] IPUIPlugin:80 - create IPUIPlugin
2026-07-30 16:02:17,716 [INFO] IPUIPlugin:80 - create IPUIPlugin
2026-07-30 16:02:17,716 [INFO] IPUIPlugin:80 - create IPUIPlugin
2026-07-30 16:02:17,716 [INFO] IPUIPlugin:80 - create IPUIPlugin
2026-07-30 16:02:17,716 [INFO] IPUIPlugin:80 - create IPUIPlugin
2026-07-30 16:02:17,716 [INFO] IPUIPlugin:80 - create IPUIPlugin
2026-07-30 16:02:17,716 [INFO] IPUIPlugin:80 - create IPUIPlugin
2026-07-30 16:02:17,716 [INFO] IPUIPlugin:80 - create IPUIPlugin
2026-07-30 16:02:17,716 [INFO] IPUIPlugin:80 - create IPUIPlugin
2026-07-30 16:02:17,717 [INFO] IPUIPlugin:80 - create IPUIPlugin
2026-07-30 16:02:17,717 [INFO] IPUIPlugin:80 - create IPUIPlugin
2026-07-30 16:02:17,717 [INFO] IPUIPlugin:80 - create IPUIPlugin
2026-07-30 16:02:17,717 [INFO] IPUIPlugin:80 - create IPUIPlugin
2026-07-30 16:02:17,717 [INFO] IPUIPlugin:80 - create IPUIPlugin
2026-07-30 16:02:17,718 [INFO] IPUIPlugin:80 - create IPUIPlugin
2026-07-30 16:02:17,718 [INFO] IPUIPlugin:80 - create IPUIPlugin
2026-07-30 16:02:17,718 [INFO] IPUIPlugin:80 - create IPUIPlugin
2026-07-30 16:02:17,718 [INFO] IPUIPlugin:80 - create IPUIPlugin
2026-07-30 16:02:17,718 [INFO] IPUIPlugin:80 - create IPUIPlugin
2026-07-30 16:02:17,718 [INFO] IPUIPlugin:80 - create IPUIPlugin
2026-07-30 16:02:17,719 [INFO] IPUIPlugin:80 - create IPUIPlugin
2026-07-30 16:02:17,719 [INFO] IPUIPlugin:80 - create IPUIPlugin
2026-07-30 16:02:17,719 [INFO] IPUIPlugin:80 - create IPUIPlugin
2026-07-30 16:02:17,719 [INFO] IPUIPlugin:80 - create IPUIPlugin
2026-07-30 16:02:17,720 [INFO] IPUIPlugin:80 - create IPUIPlugin
2026-07-30 16:02:17,720 [INFO] IPUIPlugin:80 - create IPUIPlugin
2026-07-30 16:02:17,720 [INFO] IPUIPlugin:80 - create IPUIPlugin
2026-07-30 16:02:17,720 [INFO] IPUIPlugin:80 - create IPUIPlugin
2026-07-30 16:02:17,721 [INFO] IPUIPlugin:80 - create IPUIPlugin
2026-07-30 16:02:17,721 [INFO] IPUIPlugin:80 - create IPUIPlugin
2026-07-30 16:02:17,721 [INFO] IPUIPlugin:80 - create IPUIPlugin
2026-07-30 16:02:17,721 [INFO] IPUIPlugin:80 - create IPUIPlugin
2026-07-30 16:02:17,722 [INFO] IPUIPlugin:80 - create IPUIPlugin
2026-07-30 16:02:17,722 [INFO] IPUIPlugin:80 - create IPUIPlugin
2026-07-30 16:02:17,722 [INFO] IPUIPlugin:80 - create IPUIPlugin
2026-07-30 16:02:17,722 [INFO] IPUIPlugin:80 - create IPUIPlugin
2026-07-30 16:02:17,722 [INFO] IPUIPlugin:80 - create IPUIPlugin
2026-07-30 16:02:17,723 [INFO] IPUIPlugin:80 - create IPUIPlugin
2026-07-30 16:02:17,723 [INFO] IPUIPlugin:80 - create IPUIPlugin
2026-07-30 16:02:17,723 [INFO] IPUIPlugin:80 - create IPUIPlugin
2026-07-30 16:02:17,723 [INFO] IPUIPlugin:80 - create IPUIPlugin
2026-07-30 16:02:17,724 [INFO] IPUIPlugin:80 - create IPUIPlugin
2026-07-30 16:02:17,724 [INFO] IPUIPlugin:80 - create IPUIPlugin
2026-07-30 16:02:17,724 [INFO] IPUIPlugin:80 - create IPUIPlugin
2026-07-30 16:02:17,725 [INFO] IPUIPlugin:80 - create IPUIPlugin
2026-07-30 16:02:17,725 [INFO] IPUIPlugin:80 - create IPUIPlugin
2026-07-30 16:02:17,725 [INFO] IPUIPlugin:80 - create IPUIPlugin
2026-07-30 16:02:17,726 [INFO] IPUIPlugin:80 - create IPUIPlugin
2026-07-30 16:02:17,726 [INFO] IPUIPlugin:80 - create IPUIPlugin
2026-07-30 16:02:17,726 [INFO] IPUIPlugin:80 - create IPUIPlugin
2026-07-30 16:02:17,727 [INFO] IPUIPlugin:80 - create IPUIPlugin
2026-07-30 16:02:18,156 [INFO] CADModel:165 - CPN selected for project levelSTM32L475VGT6
2026-07-30 16:02:18,157 [INFO] CADModel:114 - Register for checkConnection events
2026-07-30 16:02:18,214 [INFO] OpenFileManager:386 - Restore cursor
2026-07-30 16:02:23,277 [INFO] UtilMem:75 - End SaveConfig() Used Memory: 841380672 Bytes (1073741824)
2026-07-30 16:02:23,421 [INFO] UtilMem:75 - End SaveConfig() Used Memory: 858731232 Bytes (1073741824)
2026-07-30 16:02:24,152 [INFO] BlockDiagram:2775 - set Specific Code input for plugin: SPI
2026-07-30 16:02:24,152 [INFO] BlockDiagram:2775 - set Specific Code input for plugin: DFSDM
2026-07-30 16:02:24,152 [INFO] BlockDiagram:2775 - set Specific Code input for plugin: SYS
2026-07-30 16:02:24,152 [INFO] BlockDiagram:2775 - set Specific Code input for plugin: RCC
2026-07-30 16:02:24,152 [INFO] BlockDiagram:2775 - set Specific Code input for plugin: I2C
2026-07-30 16:02:24,153 [INFO] BlockDiagram:2775 - set Specific Code input for plugin: USB_OTG_FS
2026-07-30 16:02:24,153 [INFO] BlockDiagram:2775 - set Specific Code input for plugin: NVIC
2026-07-30 16:02:24,153 [INFO] BlockDiagram:2775 - set Specific Code input for plugin: USART
2026-07-30 16:02:24,153 [INFO] BlockDiagram:2775 - set Specific Code input for plugin: USART
2026-07-30 16:02:24,155 [INFO] BlockDiagram:2775 - set Specific Code input for plugin: GPIO
2026-07-30 16:02:24,155 [INFO] BlockDiagram:2775 - set Specific Code input for plugin: QUADSPI
2026-07-30 16:02:24,157 [INFO] CodeGenerator:892 - code generatio: config db path: C:\ST\STM32CubeIDE_1.19.0\STM32CubeIDE\plugins\com.st.stm32cube.common.mx_6.15.0.202507011659\\db\
2026-07-30 16:02:24,562 [INFO] CodeEngine:265 - oldGeneratedFile, D:\TinyML_GJ\TinyML_Workshop\STM32\ass\MXTmpFiles\license.tmp_save
2026-07-30 16:02:25,397 [INFO] CodeEngine:289 - Generated code: D:\TinyML_GJ\TinyML_Workshop\STM32\ass\MXTmpFiles\license.tmp
2026-07-30 16:02:25,881 [INFO] CodeEngine:265 - oldGeneratedFile, D:\TinyML_GJ\TinyML_Workshop\STM32\ass\MXTmpFiles\gpio.tmp_save
2026-07-30 16:02:26,239 [INFO] CodeEngine:289 - Generated code: D:\TinyML_GJ\TinyML_Workshop\STM32\ass\MXTmpFiles\gpio.tmp
2026-07-30 16:02:28,821 [WARN] IPConfigManager:3238 - Warning: the RefConfig PWREx_EnableUSBVoltageDetector is not available in your config.xml file
2026-07-30 16:02:28,844 [INFO] CodeEngine:265 - oldGeneratedFile, D:\TinyML_GJ\TinyML_Workshop\STM32\ass\Core\Src\stm32l4xx_it.c_save
2026-07-30 16:02:29,115 [INFO] CodeEngine:289 - Generated code: D:\TinyML_GJ\TinyML_Workshop\STM32\ass\Core\Src\stm32l4xx_it.c
2026-07-30 16:02:29,140 [INFO] CodeEngine:265 - oldGeneratedFile, D:\TinyML_GJ\TinyML_Workshop\STM32\ass\Core\Inc\stm32l4xx_it.h_save
2026-07-30 16:02:29,231 [INFO] CodeEngine:289 - Generated code: D:\TinyML_GJ\TinyML_Workshop\STM32\ass\Core\Inc\stm32l4xx_it.h
2026-07-30 16:02:29,248 [INFO] CodeEngine:265 - oldGeneratedFile, D:\TinyML_GJ\TinyML_Workshop\STM32\ass\Core\Src\stm32l4xx_hal_msp.c_save
2026-07-30 16:02:29,555 [INFO] CodeEngine:289 - Generated code: D:\TinyML_GJ\TinyML_Workshop\STM32\ass\Core\Src\stm32l4xx_hal_msp.c
2026-07-30 16:02:29,576 [INFO] CodeEngine:265 - oldGeneratedFile, D:\TinyML_GJ\TinyML_Workshop\STM32\ass\MXTmpFiles\system.tmp_save
2026-07-30 16:02:29,671 [INFO] CodeEngine:289 - Generated code: D:\TinyML_GJ\TinyML_Workshop\STM32\ass\MXTmpFiles\system.tmp
2026-07-30 16:02:29,687 [INFO] CodeEngine:321 - oldGeneratedFile, D:\TinyML_GJ\TinyML_Workshop\STM32\ass\Core\Inc\stm32l4xx_hal_conf.h_save
2026-07-30 16:02:29,892 [INFO] CodeEngine:345 - Generated code: D:\TinyML_GJ\TinyML_Workshop\STM32\ass\Core\Inc\stm32l4xx_hal_conf.h
2026-07-30 16:02:29,985 [INFO] ApiDbMcu:532 - Load IP Config File for DFSDM1
2026-07-30 16:02:29,992 [INFO] ApiDbMcu:532 - Load IP Config File for I2C2
2026-07-30 16:02:29,995 [INFO] ApiDbMcu:532 - Load IP Config File for QUADSPI
2026-07-30 16:02:29,999 [INFO] ApiDbMcu:532 - Load IP Config File for SPI3
2026-07-30 16:02:30,013 [INFO] ApiDbMcu:532 - Load IP Config File for USART1
2026-07-30 16:02:30,027 [INFO] ApiDbMcu:532 - Load IP Config File for USART3
2026-07-30 16:02:30,029 [INFO] ApiDbMcu:532 - Load IP Config File for USB_OTG_FS
2026-07-30 16:02:30,033 [INFO] ApiDbMcu:532 - Load IP Config File for RCC
2026-07-30 16:02:30,037 [WARN] IPConfigManager:3811 - IP not found : USB_OTG
2026-07-30 16:02:30,038 [WARN] CodeGenerator:4259 - IP not found : null
2026-07-30 16:02:30,046 [INFO] CodeEngine:265 - oldGeneratedFile, D:\TinyML_GJ\TinyML_Workshop\STM32\ass\Core\Inc\main.h_save
2026-07-30 16:02:30,266 [INFO] CodeEngine:289 - Generated code: D:\TinyML_GJ\TinyML_Workshop\STM32\ass\Core\Inc\main.h
2026-07-30 16:02:30,287 [INFO] CodeEngine:265 - oldGeneratedFile, D:\TinyML_GJ\TinyML_Workshop\STM32\ass\Core\Src\main.c_save
2026-07-30 16:02:30,518 [INFO] CodeEngine:289 - Generated code: D:\TinyML_GJ\TinyML_Workshop\STM32\ass\Core\Src\main.c
2026-07-30 16:02:31,116 [INFO] ProjectBuilder:3606 - Time for Copy HAL[1] : 219mS.
2026-07-30 16:02:31,127 [INFO] ProjectBuilder:5216 - Project Generator version: 4.7.0-B52
2026-07-30 16:02:31,258 [INFO] ConfigFileManager:1595 - The Die is : DIE415
2026-07-30 16:02:31,272 [INFO] ApiDbMcu:532 - Load IP Config File for FATFS
2026-07-30 16:02:31,277 [INFO] ApiDbMcu:532 - Load IP Config File for FREERTOS
2026-07-30 16:02:31,290 [INFO] ApiDbMcu:532 - Load IP Config File for TOUCHSENSING
2026-07-30 16:02:31,297 [INFO] ApiDbMcu:532 - Load IP Config File for USB_DEVICE
2026-07-30 16:02:31,301 [INFO] ApiDbMcu:532 - Load IP Config File for USB_HOST
2026-07-30 16:02:32,525 [INFO] LogOutputStream:77 - [STDOUT_REDIRECT] 
2026-07-30 16:02:36,908 [INFO] ProjectBuilder:5496 - Time for Generating toolchain IDE Files: 5781mS.
2026-07-30 16:02:36,909 [INFO] ProjectBuilder:3463 - Time for Copy CMSIS : 1mS.
2026-07-30 16:02:36,910 [INFO] ProjectBuilder:3463 - Time for Copy CMSIS : 0mS.
2026-07-30 16:02:38,330 [INFO] McuFinderGlobals:76 - Set McuFinderConnectedMode to true
2026-07-30 16:02:38,336 [INFO] ApiDb:448 - Save user favorites file C:\Users\ADMIN/.stm32cubeide/favorites.mcus.txt: 0 item(s)
2026-07-30 16:02:38,336 [INFO] ApiDb:452 - User favorites MCUs=[]
2026-07-30 16:02:38,338 [INFO] ApiDb:448 - Save user favorites file C:\Users\ADMIN/.stm32cubeide/favorites.boards.txt: 1 item(s)
2026-07-30 16:02:38,339 [INFO] ApiDb:452 - User favorites Boards=[B-L4S5I-IOT01A]
2026-07-30 16:03:28,304 [INFO] ApiDbMcu:532 - Load IP Config File for STMicroelectronics.X-CUBE-AI.10.2.1
2026-07-30 16:03:29,082 [WARN] SupportedApi:132 - Cannot load RTOS API schema: s4s-elt-must-match.1: The content of 'definitions' must match (annotation?, (simpleType | complexType)?, (unique | key | keyref)*)). A problem was found starting at: attribute.
2026-07-30 16:03:29,131 [INFO] IPUIPlugin:80 - create IPUIPlugin
2026-07-30 16:03:29,206 [INFO] PluginManager:220 - loadIPPluginJar : add ai.10.2.1
2026-07-30 16:03:30,480 [INFO] IPUIPlugin:80 - create IPUIPlugin
2026-07-30 16:03:31,612 [INFO] ServerAccessManage:452 - Complete download http(s) 200
2026-07-30 16:03:31,613 [INFO] ServerAccessManage:509 - Download File 
2026-07-30 16:03:31,615 [INFO] LoadUrlFilesThread:185 - End of LoadServerUrlFiles without Thread
2026-07-30 16:06:09,621 [INFO] UtilMem:75 - End SaveConfig() Used Memory: 751654344 Bytes (1073741824)
2026-07-30 16:06:09,992 [ERROR] AI:1656 - Unable to save AI parameter because instance is null
2026-07-30 16:06:10,575 [INFO] AIMainUI:1269 - Restoring parameters from IP...
2026-07-30 16:06:10,575 [INFO] AIMainUI:1392 - No old model detected
2026-07-30 16:06:12,136 [INFO] UtilMem:75 - End SaveConfig() Used Memory: 930922472 Bytes (1073741824)
2026-07-30 16:06:13,807 [INFO] UtilMem:75 - End SaveConfig() Used Memory: 1003796680 Bytes (1073741824)
2026-07-30 16:06:15,159 [INFO] BlockDiagram:2775 - set Specific Code input for plugin: SYS
2026-07-30 16:06:15,160 [INFO] BlockDiagram:2775 - set Specific Code input for plugin: RCC
2026-07-30 16:06:15,160 [INFO] BlockDiagram:2775 - set Specific Code input for plugin: NVIC
2026-07-30 16:06:15,160 [INFO] BlockDiagram:2775 - set Specific Code input for plugin: GPIO
2026-07-30 16:06:15,162 [INFO] CodeGenerator:892 - code generatio: config db path: C:\ST\STM32CubeIDE_1.19.0\STM32CubeIDE\plugins\com.st.stm32cube.common.mx_6.15.0.202507011659\\db\
2026-07-30 16:06:15,397 [INFO] IP:3329 - RTE Config file name : RTE_Component
2026-07-30 16:06:15,397 [INFO] IP:3347 - RTE template : RTE_Components.ftl
2026-07-30 16:06:15,407 [INFO] CodeEngine:265 - oldGeneratedFile, D:\TinyML_GJ\TinyML_Workshop\STM32\ass\MXTmpFiles\license.tmp_save
2026-07-30 16:06:15,664 [INFO] CodeEngine:289 - Generated code: D:\TinyML_GJ\TinyML_Workshop\STM32\ass\MXTmpFiles\license.tmp
2026-07-30 16:06:15,728 [INFO] CodeEngine:265 - oldGeneratedFile, D:\TinyML_GJ\TinyML_Workshop\STM32\ass\MXTmpFiles\gpio.tmp_save
2026-07-30 16:06:15,955 [INFO] CodeEngine:289 - Generated code: D:\TinyML_GJ\TinyML_Workshop\STM32\ass\MXTmpFiles\gpio.tmp
2026-07-30 16:06:16,014 [INFO] CodeEngine:265 - oldGeneratedFile, D:\TinyML_GJ\TinyML_Workshop\STM32\ass\Core\Src\stm32l4xx_it.c_save
2026-07-30 16:06:16,265 [INFO] CodeEngine:289 - Generated code: D:\TinyML_GJ\TinyML_Workshop\STM32\ass\Core\Src\stm32l4xx_it.c
2026-07-30 16:06:16,273 [INFO] CodeEngine:265 - oldGeneratedFile, D:\TinyML_GJ\TinyML_Workshop\STM32\ass\Core\Inc\stm32l4xx_it.h_save
2026-07-30 16:06:16,385 [INFO] CodeEngine:289 - Generated code: D:\TinyML_GJ\TinyML_Workshop\STM32\ass\Core\Inc\stm32l4xx_it.h
2026-07-30 16:06:16,404 [INFO] CodeEngine:265 - oldGeneratedFile, D:\TinyML_GJ\TinyML_Workshop\STM32\ass\Core\Src\stm32l4xx_hal_msp.c_save
2026-07-30 16:06:16,638 [INFO] CodeEngine:289 - Generated code: D:\TinyML_GJ\TinyML_Workshop\STM32\ass\Core\Src\stm32l4xx_hal_msp.c
2026-07-30 16:06:16,644 [INFO] CodeEngine:265 - oldGeneratedFile, D:\TinyML_GJ\TinyML_Workshop\STM32\ass\MXTmpFiles\system.tmp_save
2026-07-30 16:06:16,759 [INFO] CodeEngine:289 - Generated code: D:\TinyML_GJ\TinyML_Workshop\STM32\ass\MXTmpFiles\system.tmp
2026-07-30 16:06:16,776 [INFO] CodeEngine:321 - oldGeneratedFile, D:\TinyML_GJ\TinyML_Workshop\STM32\ass\Core\Inc\stm32l4xx_hal_conf.h_save
2026-07-30 16:06:17,006 [INFO] CodeEngine:345 - Generated code: D:\TinyML_GJ\TinyML_Workshop\STM32\ass\Core\Inc\stm32l4xx_hal_conf.h
2026-07-30 16:06:17,074 [INFO] CodeEngine:265 - oldGeneratedFile, D:\TinyML_GJ\TinyML_Workshop\STM32\ass\Core\Inc\main.h_save
2026-07-30 16:06:17,256 [INFO] CodeEngine:289 - Generated code: D:\TinyML_GJ\TinyML_Workshop\STM32\ass\Core\Inc\main.h
2026-07-30 16:06:17,264 [INFO] CodeEngine:265 - oldGeneratedFile, D:\TinyML_GJ\TinyML_Workshop\STM32\ass\Core\Src\main.c_save
2026-07-30 16:06:17,466 [INFO] CodeEngine:289 - Generated code: D:\TinyML_GJ\TinyML_Workshop\STM32\ass\Core\Src\main.c
2026-07-30 16:06:18,033 [INFO] ProjectBuilder:3606 - Time for Copy HAL[1] : 223mS.
2026-07-30 16:06:18,039 [INFO] ProjectBuilder:5216 - Project Generator version: 4.7.0-B52
2026-07-30 16:06:18,145 [INFO] ConfigFileManager:1595 - The Die is : DIE415
2026-07-30 16:06:20,329 [INFO] ProjectBuilder:5496 - Time for Generating toolchain IDE Files: 2290mS.
2026-07-30 16:06:20,330 [INFO] ProjectBuilder:3463 - Time for Copy CMSIS : 1mS.
2026-07-30 16:06:20,331 [INFO] ProjectBuilder:3463 - Time for Copy CMSIS : 0mS.
2026-07-30 16:06:27,422 [ERROR] LogOutputStream:75 - [STDERR_REDIRECT] 
