2026-07-28 12:34:10,128 [INFO] Activator:176 - 


2026-07-28 12:34:10,129 [INFO] Activator:177 - !SESSION log4j initialized
2026-07-28 12:34:12,868 [INFO] LogOutputStream:77 - [STDOUT_REDIRECT] 
2026-07-28 12:34:19,461 [INFO] ApplicationProperties:184 - Using Application install path: C:\ST\STM32CubeIDE_1.19.0\STM32CubeIDE\plugins\com.st.stm32cube.common.mx_6.15.0.202507011659
2026-07-28 12:34:19,473 [INFO] DbMcusXml:78 - Set database path to: C:\ST\STM32CubeIDE_1.19.0\STM32CubeIDE\plugins\com.st.stm32cube.common.mx_6.15.0.202507011659\\db\/mcu/
2026-07-28 12:34:19,474 [INFO] ApiDb:274 - Set plugin database path to: C:\ST\STM32CubeIDE_1.19.0\STM32CubeIDE\plugins\com.st.stm32cube.common.mx_6.15.0.202507011659\\db\/plugins/boardmanager/
2026-07-28 12:34:19,474 [WARN] ApiDb:259 - Overriding images path with different value:  => C:\ST\STM32CubeIDE_1.19.0\STM32CubeIDE\plugins\com.st.stm32cube.common.mx_6.15.0.202507011659\\db\/plugins/mcufinder/images/
2026-07-28 12:34:19,479 [INFO] ApiDb:250 - Set database path to: C:\Users\ADMIN\.stmcufinder\plugins\mcufinder//mcu/
2026-07-28 12:34:19,481 [INFO] DbMcusAds:125 - Set database path to: C:\Users\ADMIN\.stmcufinder\plugins\mcufinder//mcu/
2026-07-28 12:34:19,482 [INFO] CrossReferenceDbSqlite:203 - Set database path to: C:\Users\ADMIN\.stmcufinder\plugins\mcufinder//mcu/cs/
2026-07-28 12:34:19,576 [INFO] RulesReader:64 - Compatibility file has been processed (317 Rules)
2026-07-28 12:34:19,640 [INFO] DbMcusXml:78 - Set database path to: C:\ST\STM32CubeIDE_1.19.0\STM32CubeIDE\plugins\com.st.stm32cube.common.mx_6.15.0.202507011659\\db\/mcu/
2026-07-28 12:34:19,640 [INFO] ApiDb:274 - Set plugin database path to: C:\ST\STM32CubeIDE_1.19.0\STM32CubeIDE\plugins\com.st.stm32cube.common.mx_6.15.0.202507011659\\db\/plugins/boardmanager/
2026-07-28 12:34:19,640 [INFO] ApiDb:261 - Set plugin images path to: C:\ST\STM32CubeIDE_1.19.0\STM32CubeIDE\plugins\com.st.stm32cube.common.mx_6.15.0.202507011659\\db\/plugins/mcufinder/images/
2026-07-28 12:34:19,640 [WARN] DbFile:41 - Overriding database path with different value: C:\Users\ADMIN\.stmcufinder\plugins\mcufinder/ => C:\Users\ADMIN\.stmcufinder\plugins\mcufinder
2026-07-28 12:34:19,641 [INFO] ApiDb:250 - Set database path to: C:\Users\ADMIN\.stmcufinder\plugins\mcufinder//mcu/
2026-07-28 12:34:19,641 [WARN] DbFile:41 - Overriding database path with different value: C:\Users\ADMIN\.stmcufinder\plugins\mcufinder/ => C:\Users\ADMIN\.stmcufinder\plugins\mcufinder
2026-07-28 12:34:19,641 [INFO] DbMcusAds:125 - Set database path to: C:\Users\ADMIN\.stmcufinder\plugins\mcufinder//mcu/
2026-07-28 12:34:19,641 [WARN] DbFile:41 - Overriding database path with different value: C:\Users\ADMIN\.stmcufinder\plugins\mcufinder/ => C:\Users\ADMIN\.stmcufinder\plugins\mcufinder
2026-07-28 12:34:19,641 [WARN] DbFile:41 - Overriding database path with different value: C:\Users\ADMIN\.stmcufinder\plugins\mcufinder/ => C:\Users\ADMIN\.stmcufinder\plugins\mcufinder
2026-07-28 12:34:19,641 [INFO] CrossReferenceDbSqlite:203 - Set database path to: C:\Users\ADMIN\.stmcufinder\plugins\mcufinder//mcu/cs/
2026-07-28 12:34:19,702 [INFO] MainPanel:274 - HeapMemory: 268435456
2026-07-28 12:34:19,786 [INFO] DbMcusXml:78 - Set database path to: C:\ST\STM32CubeIDE_1.19.0\STM32CubeIDE\plugins\com.st.stm32cube.common.mx_6.15.0.202507011659\\db\/mcu/
2026-07-28 12:34:19,787 [INFO] ApiDb:274 - Set plugin database path to: C:\ST\STM32CubeIDE_1.19.0\STM32CubeIDE\plugins\com.st.stm32cube.common.mx_6.15.0.202507011659\\db\/plugins/boardmanager/
2026-07-28 12:34:19,787 [INFO] ApiDb:261 - Set plugin images path to: C:\ST\STM32CubeIDE_1.19.0\STM32CubeIDE\plugins\com.st.stm32cube.common.mx_6.15.0.202507011659\\db\/plugins/mcufinder/images/
2026-07-28 12:34:19,787 [WARN] DbFile:41 - Overriding database path with different value: C:\Users\ADMIN\.stmcufinder\plugins\mcufinder/ => C:\Users\ADMIN\.stmcufinder\plugins\mcufinder
2026-07-28 12:34:19,787 [INFO] ApiDb:250 - Set database path to: C:\Users\ADMIN\.stmcufinder\plugins\mcufinder//mcu/
2026-07-28 12:34:19,787 [WARN] DbFile:41 - Overriding database path with different value: C:\Users\ADMIN\.stmcufinder\plugins\mcufinder/ => C:\Users\ADMIN\.stmcufinder\plugins\mcufinder
2026-07-28 12:34:19,787 [INFO] DbMcusAds:125 - Set database path to: C:\Users\ADMIN\.stmcufinder\plugins\mcufinder//mcu/
2026-07-28 12:34:19,788 [WARN] DbFile:41 - Overriding database path with different value: C:\Users\ADMIN\.stmcufinder\plugins\mcufinder/ => C:\Users\ADMIN\.stmcufinder\plugins\mcufinder
2026-07-28 12:34:19,788 [WARN] DbFile:41 - Overriding database path with different value: C:\Users\ADMIN\.stmcufinder\plugins\mcufinder/ => C:\Users\ADMIN\.stmcufinder\plugins\mcufinder
2026-07-28 12:34:19,788 [INFO] CrossReferenceDbSqlite:203 - Set database path to: C:\Users\ADMIN\.stmcufinder\plugins\mcufinder//mcu/cs/
2026-07-28 12:34:19,802 [INFO] ApplicationProperties:184 - Using Application install path: C:\ST\STM32CubeIDE_1.19.0\STM32CubeIDE\plugins\com.st.stm32cube.common.mx_6.15.0.202507011659
2026-07-28 12:34:19,803 [INFO] PluginManage:196 - Search for loadable plugins [exclusion list=, ]
2026-07-28 12:34:19,804 [INFO] PluginManage:310 - Check plugin analytics
2026-07-28 12:34:24,958 [INFO] AnalyticsPlugin:253 - Accepted Software Licenses: 
2026-07-28 12:34:24,958 [INFO] AnalyticsPlugin:255 - Accepted CMSIS Pack Licenses: 
2026-07-28 12:34:24,958 [INFO] AnalyticsPlugin:257 - Accepted Firmware Licenses: 
2026-07-28 12:34:24,960 [INFO] PluginManage:359 - Loaded plugin analytics (category:tool,tabindex:-1)
2026-07-28 12:34:24,960 [INFO] PluginManage:310 - Check plugin cadmodel
2026-07-28 12:34:24,977 [INFO] CADModel:105 - Init CAD model plugin
2026-07-28 12:34:24,977 [INFO] PluginManage:359 - Loaded plugin cadmodel (category:power,tabindex:5)
2026-07-28 12:34:24,977 [INFO] PluginManage:310 - Check plugin clock
2026-07-28 12:34:25,001 [INFO] PluginManage:359 - Loaded plugin clock (category:base,tabindex:2)
2026-07-28 12:34:25,001 [INFO] PluginManage:310 - Check plugin ddr
2026-07-28 12:34:25,003 [INFO] PluginManage:359 - Loaded plugin ddr (category:tool,tabindex:6)
2026-07-28 12:34:25,003 [INFO] PluginManage:310 - Check plugin filemanager
2026-07-28 12:34:25,127 [INFO] PluginManage:359 - Loaded plugin filemanager (category:base,tabindex:10)
2026-07-28 12:34:25,127 [INFO] PluginManage:310 - Check plugin ipmanager
2026-07-28 12:34:25,133 [INFO] PluginManage:359 - Loaded plugin ipmanager (category:base,tabindex:5)
2026-07-28 12:34:25,133 [INFO] PluginManage:310 - Check plugin lpbam
2026-07-28 12:34:25,147 [INFO] PluginManage:359 - Loaded plugin lpbam (category:base,tabindex:0)
2026-07-28 12:34:25,147 [INFO] PluginManage:310 - Check plugin memorymap
2026-07-28 12:34:25,165 [INFO] PluginManage:359 - Loaded plugin memorymap (category:base,tabindex:4)
2026-07-28 12:34:25,165 [INFO] PluginManage:310 - Check plugin pinoutandconfiguration
2026-07-28 12:34:25,181 [INFO] PluginManage:359 - Loaded plugin pinoutandconfiguration (category:base,tabindex:1)
2026-07-28 12:34:25,181 [INFO] PluginManage:310 - Check plugin pinoutconfig
2026-07-28 12:34:25,252 [WARN] SupportedApi:132 - Cannot load RTOS API schema: s4s-elt-must-match.1: The content of 'definitions' must match (annotation?, (simpleType | complexType)?, (unique | key | keyref)*)). A problem was found starting at: attribute.
2026-07-28 12:34:25,352 [INFO] PluginManage:359 - Loaded plugin pinoutconfig (category:base,tabindex:0)
2026-07-28 12:34:25,352 [INFO] PluginManage:310 - Check plugin power
2026-07-28 12:34:25,370 [INFO] PluginManage:359 - Loaded plugin power (category:power,tabindex:4)
2026-07-28 12:34:25,370 [INFO] PluginManage:310 - Check plugin projectmanager
2026-07-28 12:34:25,384 [INFO] PluginManage:359 - Loaded plugin projectmanager (category:projectmanager,tabindex:4)
2026-07-28 12:34:25,384 [INFO] PluginManage:310 - Check plugin rif
2026-07-28 12:34:25,400 [INFO] PluginManage:359 - Loaded plugin rif (category:base,tabindex:3)
2026-07-28 12:34:25,401 [INFO] PluginManage:310 - Check plugin thirdparty
2026-07-28 12:34:25,645 [INFO] PluginManage:359 - Loaded plugin thirdparty (category:base,tabindex:-1)
2026-07-28 12:34:25,645 [INFO] PluginManage:310 - Check plugin tools
2026-07-28 12:34:25,645 [WARN] IntegrityCheckThread:84 - waiting for thirdparty lock release [integrity check]
2026-07-28 12:34:25,646 [INFO] IntegrityCheckThread:86 - entering critical section [integrity check]
2026-07-28 12:34:25,646 [INFO] ThirdPartyUpdaterWithRetryManager:70 - Updater plugin not ready yet. [1/15]
2026-07-28 12:34:25,675 [INFO] PluginManage:359 - Loaded plugin tools (category:base,tabindex:7)
2026-07-28 12:34:25,675 [INFO] PluginManage:310 - Check plugin tutovideos
2026-07-28 12:34:25,829 [INFO] PluginManage:359 - Loaded plugin tutovideos (category:base,tabindex:-1)
2026-07-28 12:34:25,829 [INFO] PluginManage:310 - Check plugin updater
2026-07-28 12:34:25,846 [INFO] PluginManage:359 - Loaded plugin updater (category:base,tabindex:12)
2026-07-28 12:34:25,846 [INFO] PluginManage:310 - Check plugin userauth
2026-07-28 12:34:25,850 [INFO] UserAuth:118 - Init User Auth plugin
2026-07-28 12:34:25,850 [INFO] PluginManage:359 - Loaded plugin userauth (category:base,tabindex:14)
2026-07-28 12:34:25,851 [INFO] PluginManage:283 - PluginManage : Loaded plugins [18]
2026-07-28 12:34:26,003 [INFO] PinOutPanel:1589 - setPackage(No Configuration,No Configuration)
2026-07-28 12:34:26,065 [INFO] CADModel:165 - CPN selected for project level
2026-07-28 12:34:26,065 [INFO] CADModel:114 - Register for checkConnection events
2026-07-28 12:34:26,087 [INFO] IPUIPlugin:80 - create IPUIPlugin
2026-07-28 12:34:26,088 [INFO] PluginManager:220 - loadIPPluginJar : add adc
2026-07-28 12:34:26,120 [INFO] IPUIPlugin:80 - create IPUIPlugin
2026-07-28 12:34:26,120 [INFO] PluginManager:220 - loadIPPluginJar : add aes
2026-07-28 12:34:26,158 [INFO] IPUIPlugin:80 - create IPUIPlugin
2026-07-28 12:34:26,158 [INFO] PluginManager:220 - loadIPPluginJar : add can
2026-07-28 12:34:26,181 [INFO] IPUIPlugin:80 - create IPUIPlugin
2026-07-28 12:34:26,181 [INFO] PluginManager:220 - loadIPPluginJar : add comp
2026-07-28 12:34:26,210 [INFO] IPUIPlugin:80 - create IPUIPlugin
2026-07-28 12:34:26,210 [INFO] PluginManager:220 - loadIPPluginJar : add cryp
2026-07-28 12:34:26,218 [INFO] IPUIPlugin:80 - create IPUIPlugin
2026-07-28 12:34:26,218 [INFO] PluginManager:220 - loadIPPluginJar : add ddr_ctrl_phy
2026-07-28 12:34:26,245 [INFO] IPUIPlugin:80 - create IPUIPlugin
2026-07-28 12:34:26,245 [INFO] PluginManager:220 - loadIPPluginJar : add dfsdm
2026-07-28 12:34:26,256 [INFO] IPUIPlugin:80 - create IPUIPlugin
2026-07-28 12:34:26,256 [INFO] PluginManager:220 - loadIPPluginJar : add dma
2026-07-28 12:34:26,290 [INFO] IPUIPlugin:80 - create IPUIPlugin
2026-07-28 12:34:26,290 [INFO] PluginManager:220 - loadIPPluginJar : add dma3
2026-07-28 12:34:26,331 [INFO] IPUIPlugin:80 - create IPUIPlugin
2026-07-28 12:34:26,331 [INFO] PluginManager:220 - loadIPPluginJar : add extmemmanager
2026-07-28 12:34:26,350 [INFO] IPUIPlugin:80 - create IPUIPlugin
2026-07-28 12:34:26,350 [INFO] PluginManager:220 - loadIPPluginJar : add fatfs
2026-07-28 12:34:26,391 [INFO] IPUIPlugin:80 - create IPUIPlugin
2026-07-28 12:34:26,392 [INFO] PluginManager:220 - loadIPPluginJar : add fmc
2026-07-28 12:34:26,403 [INFO] IPUIPlugin:80 - create IPUIPlugin
2026-07-28 12:34:26,404 [INFO] PluginManager:220 - loadIPPluginJar : add freertos
2026-07-28 12:34:26,421 [INFO] IPUIPlugin:80 - create IPUIPlugin
2026-07-28 12:34:26,421 [INFO] PluginManager:220 - loadIPPluginJar : add genericplugin
2026-07-28 12:34:26,500 [INFO] IPUIPlugin:80 - create IPUIPlugin
2026-07-28 12:34:26,501 [INFO] PluginManager:220 - loadIPPluginJar : add gfxmmu
2026-07-28 12:34:26,612 [INFO] IPUIPlugin:80 - create IPUIPlugin
2026-07-28 12:34:26,612 [INFO] PluginManager:220 - loadIPPluginJar : add gic
2026-07-28 12:34:26,621 [INFO] IPUIPlugin:80 - create IPUIPlugin
2026-07-28 12:34:26,621 [INFO] PluginManager:220 - loadIPPluginJar : add gpio
2026-07-28 12:34:26,703 [INFO] IPUIPlugin:80 - create IPUIPlugin
2026-07-28 12:34:26,703 [INFO] PluginManager:220 - loadIPPluginJar : add gtzc
2026-07-28 12:34:26,733 [INFO] IPUIPlugin:80 - create IPUIPlugin
2026-07-28 12:34:26,733 [INFO] PluginManager:220 - loadIPPluginJar : add hash
2026-07-28 12:34:26,778 [INFO] IPUIPlugin:80 - create IPUIPlugin
2026-07-28 12:34:26,778 [INFO] PluginManager:220 - loadIPPluginJar : add i2c
2026-07-28 12:34:26,814 [INFO] IPUIPlugin:80 - create IPUIPlugin
2026-07-28 12:34:26,814 [INFO] PluginManager:220 - loadIPPluginJar : add i2s
2026-07-28 12:34:26,851 [INFO] IPUIPlugin:80 - create IPUIPlugin
2026-07-28 12:34:26,851 [INFO] PluginManager:220 - loadIPPluginJar : add i3c
2026-07-28 12:34:26,945 [INFO] IPUIPlugin:80 - create IPUIPlugin
2026-07-28 12:34:26,945 [INFO] PluginManager:220 - loadIPPluginJar : add ipddr
2026-07-28 12:34:27,025 [INFO] IPUIPlugin:80 - create IPUIPlugin
2026-07-28 12:34:27,026 [INFO] PluginManager:220 - loadIPPluginJar : add linkedlist
2026-07-28 12:34:27,057 [INFO] IPUIPlugin:80 - create IPUIPlugin
2026-07-28 12:34:27,057 [INFO] PluginManager:220 - loadIPPluginJar : add lorawan
2026-07-28 12:34:27,089 [INFO] IPUIPlugin:80 - create IPUIPlugin
2026-07-28 12:34:27,089 [INFO] PluginManager:220 - loadIPPluginJar : add ltdc
2026-07-28 12:34:27,100 [INFO] IPUIPlugin:80 - create IPUIPlugin
2026-07-28 12:34:27,100 [INFO] PluginManager:220 - loadIPPluginJar : add mdma
2026-07-28 12:34:27,109 [INFO] IPUIPlugin:80 - create IPUIPlugin
2026-07-28 12:34:27,109 [INFO] PluginManager:220 - loadIPPluginJar : add nvic
2026-07-28 12:34:27,139 [INFO] IPUIPlugin:80 - create IPUIPlugin
2026-07-28 12:34:27,139 [INFO] PluginManager:220 - loadIPPluginJar : add opamp
2026-07-28 12:34:27,191 [INFO] IPUIPlugin:80 - create IPUIPlugin
2026-07-28 12:34:27,192 [INFO] PluginManager:220 - loadIPPluginJar : add openamp
2026-07-28 12:34:27,229 [INFO] IPUIPlugin:80 - create IPUIPlugin
2026-07-28 12:34:27,229 [INFO] PluginManager:220 - loadIPPluginJar : add pdm2pcm
2026-07-28 12:34:27,240 [INFO] IPUIPlugin:80 - create IPUIPlugin
2026-07-28 12:34:27,242 [INFO] PluginManager:220 - loadIPPluginJar : add plateformsettings
2026-07-28 12:34:27,262 [INFO] IPUIPlugin:80 - create IPUIPlugin
2026-07-28 12:34:27,262 [INFO] PluginManager:220 - loadIPPluginJar : add quadspi
2026-07-28 12:34:27,286 [INFO] IPUIPlugin:80 - create IPUIPlugin
2026-07-28 12:34:27,286 [INFO] PluginManager:220 - loadIPPluginJar : add radio
2026-07-28 12:34:27,296 [INFO] IPUIPlugin:80 - create IPUIPlugin
2026-07-28 12:34:27,297 [INFO] PluginManager:220 - loadIPPluginJar : add resmgrutility
2026-07-28 12:34:27,339 [INFO] IPUIPlugin:80 - create IPUIPlugin
2026-07-28 12:34:27,339 [INFO] PluginManager:220 - loadIPPluginJar : add sai
2026-07-28 12:34:27,372 [INFO] IPUIPlugin:80 - create IPUIPlugin
2026-07-28 12:34:27,372 [INFO] PluginManager:220 - loadIPPluginJar : add spi
2026-07-28 12:34:27,443 [INFO] IPUIPlugin:80 - create IPUIPlugin
2026-07-28 12:34:27,443 [INFO] PluginManager:220 - loadIPPluginJar : add stm32_wpan
2026-07-28 12:34:27,464 [INFO] IPUIPlugin:80 - create IPUIPlugin
2026-07-28 12:34:27,464 [INFO] PluginManager:220 - loadIPPluginJar : add tim
2026-07-28 12:34:27,520 [INFO] IPUIPlugin:80 - create IPUIPlugin
2026-07-28 12:34:27,521 [INFO] PluginManager:220 - loadIPPluginJar : add touchsensing
2026-07-28 12:34:27,541 [INFO] IPUIPlugin:80 - create IPUIPlugin
2026-07-28 12:34:27,541 [INFO] PluginManager:220 - loadIPPluginJar : add tracer_emb
2026-07-28 12:34:27,561 [INFO] IPUIPlugin:80 - create IPUIPlugin
2026-07-28 12:34:27,561 [INFO] PluginManager:220 - loadIPPluginJar : add ts
2026-07-28 12:34:27,579 [INFO] IPUIPlugin:80 - create IPUIPlugin
2026-07-28 12:34:27,580 [INFO] PluginManager:220 - loadIPPluginJar : add tsc
2026-07-28 12:34:27,598 [INFO] IPUIPlugin:80 - create IPUIPlugin
2026-07-28 12:34:27,598 [INFO] PluginManager:220 - loadIPPluginJar : add ucpd
2026-07-28 12:34:27,637 [INFO] IPUIPlugin:80 - create IPUIPlugin
2026-07-28 12:34:27,637 [INFO] PluginManager:220 - loadIPPluginJar : add usart
2026-07-28 12:34:27,677 [INFO] IPUIPlugin:80 - create IPUIPlugin
2026-07-28 12:34:27,677 [INFO] PluginManager:220 - loadIPPluginJar : add usbx
2026-07-28 12:34:27,787 [FATAL] Updater:351 - Updater called before beeing initialized
2026-07-28 12:34:27,811 [INFO] RulesReader:64 - Compatibility file has been processed (317 Rules)
2026-07-28 12:34:27,824 [INFO] RulesReader:64 - Compatibility file has been processed (317 Rules)
2026-07-28 12:34:27,836 [INFO] CADModel:165 - CPN selected for project level
2026-07-28 12:34:27,836 [INFO] CADModel:114 - Register for checkConnection events
2026-07-28 12:34:27,836 [FATAL] Updater:351 - Updater called before beeing initialized
2026-07-28 12:34:27,836 [ERROR] CADModel:125 - Updater not yet initialized, retry later 
2026-07-28 12:34:27,937 [FATAL] Updater:351 - Updater called before beeing initialized
2026-07-28 12:34:27,939 [INFO] CADModel:165 - CPN selected for project level
2026-07-28 12:34:27,939 [INFO] CADModel:114 - Register for checkConnection events
2026-07-28 12:34:27,939 [FATAL] Updater:351 - Updater called before beeing initialized
2026-07-28 12:34:27,939 [ERROR] CADModel:125 - Updater not yet initialized, retry later 
2026-07-28 12:34:27,941 [FATAL] Updater:351 - Updater called before beeing initialized
2026-07-28 12:34:28,034 [FATAL] Updater:351 - Updater called before beeing initialized
2026-07-28 12:34:28,044 [INFO] DbMcusAds:53 - JSON generation date=Wed Jul 15 15:16:00 IST 2026 (1784108760991)
2026-07-28 12:34:28,045 [FATAL] Updater:351 - Updater called before beeing initialized
2026-07-28 12:34:28,077 [WARN] DetailPanel:346 - Failed to get advertising image, set to default
2026-07-28 12:34:28,136 [FATAL] Updater:351 - Updater called before beeing initialized
2026-07-28 12:34:28,137 [FATAL] Updater:351 - Updater called before beeing initialized
2026-07-28 12:34:28,137 [FATAL] Updater:351 - Updater called before beeing initialized
2026-07-28 12:34:28,138 [WARN] DetailPanel:346 - Failed to get advertising image, set to default
2026-07-28 12:34:28,138 [FATAL] Updater:351 - Updater called before beeing initialized
2026-07-28 12:34:28,181 [ERROR] Updater:1198 - MainUpdater not yet initialized. External WinMGr cannot be set.
2026-07-28 12:34:28,191 [INFO] Updater:1134 - Updater Version found : 6.15.0
2026-07-28 12:34:28,206 [INFO] ApplicationProperties:184 - Using Application install path: C:\ST\STM32CubeIDE_1.19.0\STM32CubeIDE\plugins\com.st.stm32cube.common.mx_6.15.0.202507011659
2026-07-28 12:34:28,647 [INFO] ThirdPartyUpdaterWithRetryManager:70 - Updater plugin not ready yet. [2/15]
2026-07-28 12:34:29,786 [ERROR] LogOutputStream:75 - [STDERR_REDIRECT] Jul 28, 2026 12:34:29 PM java.util.prefs.WindowsPreferences <init>
2026-07-28 12:34:29,787 [ERROR] LogOutputStream:75 - [STDERR_REDIRECT] WARNING: Could not open/create prefs root node Software\JavaSoft\Prefs at root 0xffffffff80000002. Windows RegCreateKeyEx(...) returned error code 5.
2026-07-28 12:34:29,787 [ERROR] LogOutputStream:75 - [STDERR_REDIRECT] 
2026-07-28 12:34:30,148 [INFO] MainUpdater:2872 - connection check result : 10
2026-07-28 12:34:30,149 [INFO] MainUpdater:289 - Updater Check For Update Now.
2026-07-28 12:34:30,149 [INFO] MicroXplorer:498 - Change Database Version : DB.6.0.150
2026-07-28 12:34:30,177 [INFO] McuFinderGlobals:63 - Set McuFinder mode to 2 (CubeIDE integrated)
2026-07-28 12:34:30,177 [INFO] UserAuth:171 - activating auth plugin
2026-07-28 12:34:30,179 [INFO] UserAuth:487 - Internet connection configuration mode: 1
2026-07-28 12:34:30,221 [INFO] JxBrowserEngine:152 - Initiate JxBrowser Engine with user profile folder
2026-07-28 12:34:30,347 [INFO] CheckServerUpdateThread:120 - End of CheckServer Thread
2026-07-28 12:34:31,374 [INFO] WebApp:169 - Instantiating new browser for Auth
2026-07-28 12:34:31,905 [WARN] PackLoader:240 - Cannot read IP mode file for STMicroelectronics.X-CUBE-AZRTOS-H7.3.5.0
2026-07-28 12:34:31,925 [WARN] PackLoader:240 - Cannot read IP mode file for STMicroelectronics.FP-ATR-ASTRA1.2.0.3
2026-07-28 12:34:31,942 [ERROR] Engine:466 - C:\Users\ADMIN\.stm32cubemx\thirdparties\pdsc\STMicroelectronics.X-CUBE-SMBUS.2.1.1.pdsc: PDSC version is not supported
2026-07-28 12:34:31,975 [WARN] PackLoader:240 - Cannot read IP mode file for STMicroelectronics.X-CUBE-AZRTOS-F7.1.1.0
2026-07-28 12:34:32,000 [WARN] PackLoader:240 - Cannot read IP mode file for STMicroelectronics.X-CUBE-FREERTOS.1.6.0
2026-07-28 12:34:32,014 [WARN] PackLoader:240 - Cannot read IP mode file for STMicroelectronics.FP-SNS-MOTENV1.5.1.0
2026-07-28 12:34:32,043 [WARN] PackLoader:240 - Cannot read IP mode file for STMicroelectronics.X-CUBE-AZRTOS-H7RS.1.3.0
2026-07-28 12:34:32,065 [WARN] PackLoader:240 - Cannot read IP mode file for WES.I-CUBE-Cesium.1.4.0
2026-07-28 12:34:32,080 [WARN] PackLoader:240 - Cannot read IP mode file for STMicroelectronics.X-CUBE-DISPLAY.3.0.0
2026-07-28 12:34:32,095 [WARN] PackLoader:240 - Cannot read IP mode file for STMicroelectronics.X-CUBE-GNSS1.7.1.1
2026-07-28 12:34:32,107 [WARN] PackLoader:240 - Cannot read IP mode file for STMicroelectronics.FP-SNS-MOTENVWB1.1.5.0
2026-07-28 12:34:32,121 [WARN] PackLoader:240 - Cannot read IP mode file for STMicroelectronics.X-CUBE-NFC10.1.0.0
2026-07-28 12:34:32,133 [WARN] PackLoader:240 - Cannot read IP mode file for STMicroelectronics.X-CUBE-ST60.1.1.0
2026-07-28 12:34:32,146 [WARN] PackLoader:240 - Cannot read IP mode file for emotas.I-CUBE-CANOPEN.1.3.0
2026-07-28 12:34:32,156 [WARN] PackLoader:240 - Cannot read IP mode file for wolfSSL.I-CUBE-wolfSSL.5.9.2
2026-07-28 12:34:32,168 [ERROR] Engine:466 - C:\Users\ADMIN\.stm32cubemx\thirdparties\pdsc\STMicroelectronics.X-CUBE-WBA.1.1.0.pdsc: PDSC version is not supported
2026-07-28 12:34:32,182 [WARN] PackLoader:240 - Cannot read IP mode file for STMicroelectronics.FP-SNS-STBOX1.2.1.0
2026-07-28 12:34:32,199 [WARN] PackLoader:240 - Cannot read IP mode file for STMicroelectronics.FP-SNS-SMARTAG2.1.2.0
2026-07-28 12:34:32,215 [WARN] PackLoader:240 - Cannot read IP mode file for STMicroelectronics.FP-SNS-FLIGHT1.5.1.0
2026-07-28 12:34:32,244 [INFO] LogOutputStream:77 - [STDOUT_REDIRECT] 1 : Invalid condition id : UX_CORESTACK_Condition cause : null
2026-07-28 12:34:32,245 [INFO] LogOutputStream:77 - [STDOUT_REDIRECT] 1 : Invalid condition id : UX_CORESTACK_Condition cause : null
2026-07-28 12:34:32,245 [INFO] LogOutputStream:77 - [STDOUT_REDIRECT] 1 : Invalid condition id : UX_CORESTACK_Condition cause : null
2026-07-28 12:34:32,246 [INFO] LogOutputStream:77 - [STDOUT_REDIRECT] 1 : Invalid condition id : UX_CORESTACK_Condition cause : null
2026-07-28 12:34:32,246 [INFO] LogOutputStream:77 - [STDOUT_REDIRECT] 1 : Invalid condition id : UX_CORESTACK_Condition cause : null
2026-07-28 12:34:32,248 [WARN] PackLoader:240 - Cannot read IP mode file for STMicroelectronics.X-CUBE-AZRTOS-WL.2.0.0
2026-07-28 12:34:32,275 [WARN] PackLoader:240 - Cannot read IP mode file for STMicroelectronics.X-CUBE-BLE2.3.3.0
2026-07-28 12:34:32,353 [WARN] PackLoader:240 - Cannot read IP mode file for Infineon.AIROC-Wi-Fi-Bluetooth-STM32.1.8.0
2026-07-28 12:34:32,360 [INFO] WebApp:463 - Apply proxy settings
2026-07-28 12:34:32,361 [INFO] WebApp:548 - Chromium requires no authentication
2026-07-28 12:34:32,383 [WARN] PackLoader:240 - Cannot read IP mode file for STMicroelectronics.X-CUBE-NFC9.1.0.0
2026-07-28 12:34:32,401 [INFO] WebApp:491 - Direct internet connection detected
2026-07-28 12:34:32,402 [WARN] PackLoader:240 - Cannot read IP mode file for STMicroelectronics.X-CUBE-BLE1.7.1.0
2026-07-28 12:34:32,423 [WARN] PackLoader:240 - Cannot read IP mode file for wolfSSL.I-CUBE-wolfMQTT.1.19.2
2026-07-28 12:34:32,446 [WARN] PackLoader:240 - Cannot read IP mode file for STMicroelectronics.X-CUBE-EEPRMA1.5.2.0
2026-07-28 12:34:32,462 [WARN] PackLoader:240 - Cannot read IP mode file for STMicroelectronics.FP-SNS-STAIOTCFT.1.1.0
2026-07-28 12:34:32,467 [INFO] WebApp:900 - Register for checkConnection events
2026-07-28 12:34:32,468 [INFO] WebApp:463 - Apply proxy settings
2026-07-28 12:34:32,468 [INFO] WebApp:548 - Chromium requires no authentication
2026-07-28 12:34:32,468 [INFO] WebApp:491 - Direct internet connection detected
2026-07-28 12:34:32,484 [WARN] PackLoader:240 - Cannot read IP mode file for STMicroelectronics.X-CUBE-AZRTOS-G0.1.1.0
2026-07-28 12:34:32,498 [WARN] PackLoader:240 - Cannot read IP mode file for STMicroelectronics.X-CUBE-NFC4.3.0.0
2026-07-28 12:34:32,521 [WARN] PackLoader:240 - Cannot read IP mode file for EmbeddedOffice.I-CUBE-FS-RTOS.1.0.1
2026-07-28 12:34:32,537 [WARN] PackLoader:240 - Cannot read IP mode file for wolfSSL.I-CUBE-wolfTPM.3.8.0
2026-07-28 12:34:32,548 [WARN] PackLoader:240 - Cannot read IP mode file for STMicroelectronics.X-CUBE-TCPP.4.2.0
2026-07-28 12:34:32,560 [WARN] PackLoader:240 - Cannot read IP mode file for RealThread.X-CUBE-RT-Thread_Nano.4.1.1
2026-07-28 12:34:32,570 [WARN] PackLoader:240 - Cannot read IP mode file for STMicroelectronics.FP-ATR-SIGFOX1.3.2.0
2026-07-28 12:34:32,581 [WARN] PackLoader:240 - Cannot read IP mode file for ITTIA_DB.I-CUBE-ITTIADB.8.9.0
2026-07-28 12:34:32,595 [WARN] PackLoader:240 - Cannot read IP mode file for Cesanta.I-CUBE-Mongoose.7.21.7
2026-07-28 12:34:32,605 [WARN] PackLoader:240 - Cannot read IP mode file for STMicroelectronics.X-CUBE-NFC6.3.2.0
2026-07-28 12:34:32,617 [WARN] PackLoader:240 - Cannot read IP mode file for STMicroelectronics.X-CUBE-AI.10.2.1
2026-07-28 12:34:32,650 [WARN] PackLoader:240 - Cannot read IP mode file for STMicroelectronics.X-CUBE-MEMS1.12.1.0
2026-07-28 12:34:32,702 [INFO] WebApp:191 - Connection restablished
2026-07-28 12:34:32,742 [WARN] PackLoader:240 - Cannot read IP mode file for SEGGER.I-CUBE-embOS.1.3.1
2026-07-28 12:34:32,768 [INFO] WebApp:225 - Starting web application
2026-07-28 12:34:32,769 [INFO] WebApp:593 - Web application path used C:\ST\STM32CubeIDE_1.19.0\STM32CubeIDE\plugins\com.st.stm32cube.common.mx_6.15.0.202507011659\db\plugins\mcufinder\reactClient1\index.html
2026-07-28 12:34:32,813 [WARN] PackLoader:240 - Cannot read IP mode file for STMicroelectronics.X-CUBE-NFC13.1.0.0
2026-07-28 12:34:32,853 [WARN] PackLoader:240 - Cannot read IP mode file for STMicroelectronics.X-CUBE-PM33A1.1.0.0
2026-07-28 12:34:32,894 [WARN] PackLoader:240 - Cannot read IP mode file for STMicroelectronics.X-CUBE-AZRTOS-F4.1.1.0
2026-07-28 12:34:32,921 [WARN] PackLoader:240 - Cannot read IP mode file for STMicroelectronics.X-CUBE-ISPU.2.1.0
2026-07-28 12:34:32,960 [WARN] PackLoader:240 - Cannot read IP mode file for STMicroelectronics.X-CUBE-IPS.3.2.0
2026-07-28 12:34:32,998 [WARN] PackLoader:240 - Cannot read IP mode file for STMicroelectronics.eDS-WB_DPC_TT-BIDIR.2.1.1
2026-07-28 12:34:33,028 [WARN] PackLoader:240 - Cannot read IP mode file for STMicroelectronics.X-CUBE-NFC12.1.0.0
2026-07-28 12:34:33,069 [WARN] PackLoader:240 - Cannot read IP mode file for STMicroelectronics.X-CUBE-AZRTOS-L5.2.0.0
2026-07-28 12:34:33,092 [WARN] PackLoader:240 - Cannot read IP mode file for STMicroelectronics.X-CUBE-ALGOBUILD.1.5.0
2026-07-28 12:34:33,106 [WARN] PackLoader:240 - Cannot read IP mode file for STMicroelectronics.eDS-WB_DPC_VIENNA.1.2.0
2026-07-28 12:34:33,121 [WARN] PackLoader:240 - Cannot read IP mode file for STMicroelectronics.eDS-WB_DPC_3PH2L-BIDIR.1.1.1
2026-07-28 12:34:33,136 [ERROR] Engine:466 - C:\Users\ADMIN\.stm32cubemx\thirdparties\pdsc\STMicroelectronics.X-CUBE-ST67W61.1.3.0.pdsc: PDSC version is not supported
2026-07-28 12:34:33,150 [WARN] PackLoader:240 - Cannot read IP mode file for STMicroelectronics.X-CUBE-TOUCHGFX.4.26.1
2026-07-28 12:34:33,162 [WARN] PackLoader:240 - Cannot read IP mode file for STMicroelectronics.X-CUBE-DPower.1.3.0
2026-07-28 12:34:33,182 [WARN] ConditionMgr:438 - getConditionDescription Invalid condition id : LAN8742 Phy interface Condition cause : null
2026-07-28 12:34:33,182 [WARN] PackLoader:240 - Cannot read IP mode file for STMicroelectronics.X-CUBE-AZRTOS-L4.2.0.0
2026-07-28 12:34:33,183 [WARN] ConditionMgr:1044 - genDependencies : Invalid condition id : LAN8742 Phy interface Condition cause : null
2026-07-28 12:34:33,183 [WARN] ConditionMgr:1044 - genDependencies : Invalid condition id : LAN8742 Phy interface Condition cause : null
2026-07-28 12:34:33,183 [WARN] ConditionMgr:1044 - genDependencies : Invalid condition id : LAN8742 Phy interface Condition cause : null
2026-07-28 12:34:33,199 [WARN] PackLoader:240 - Cannot read IP mode file for STMicroelectronics.X-CUBE-SFXS2LP1.4.0.0
2026-07-28 12:34:33,215 [WARN] PackLoader:240 - Cannot read IP mode file for STMicroelectronics.X-CUBE-WB05N.2.1.0
2026-07-28 12:34:33,238 [WARN] ConditionMgr:438 - getConditionDescription Invalid condition id : UX DEVICE CLASS RTOS Condition cause : null
2026-07-28 12:34:33,238 [WARN] ConditionMgr:438 - getConditionDescription Invalid condition id : UX DEVICE CLASS RTOS Condition cause : null
2026-07-28 12:34:33,239 [WARN] PackLoader:240 - Cannot read IP mode file for STMicroelectronics.X-CUBE-AZRTOS-WB.2.0.0
2026-07-28 12:34:33,239 [WARN] ConditionMgr:1044 - genDependencies : Invalid condition id : UX DEVICE CLASS RTOS Condition cause : null
2026-07-28 12:34:33,239 [WARN] ConditionMgr:1044 - genDependencies : Invalid condition id : UX DEVICE CLASS RTOS Condition cause : null
2026-07-28 12:34:33,240 [WARN] ConditionMgr:1044 - genDependencies : Invalid condition id : UX DEVICE CLASS RTOS Condition cause : null
2026-07-28 12:34:33,240 [WARN] ConditionMgr:1044 - genDependencies : Invalid condition id : UX DEVICE CLASS RTOS Condition cause : null
2026-07-28 12:34:33,240 [WARN] ConditionMgr:1044 - genDependencies : Invalid condition id : UX DEVICE CLASS RTOS Condition cause : null
2026-07-28 12:34:33,253 [WARN] ConditionMgr:438 - getConditionDescription Invalid condition id : Cortex-A Device cause : null
2026-07-28 12:34:33,267 [WARN] ConditionMgr:1044 - genDependencies : Invalid condition id : Cortex-A Device cause : null
2026-07-28 12:34:33,267 [WARN] ConditionMgr:1044 - genDependencies : Invalid condition id : Cortex-A Device cause : null
2026-07-28 12:34:33,267 [WARN] ConditionMgr:1044 - genDependencies : Invalid condition id : Cortex-A Device cause : null
2026-07-28 12:34:33,281 [WARN] PackLoader:240 - Cannot read IP mode file for STMicroelectronics.X-CUBE-STSE01.2.0.0
2026-07-28 12:34:33,297 [WARN] PackLoader:240 - Cannot read IP mode file for STMicroelectronics.X-CUBE-SUBG2.5.0.0
2026-07-28 12:34:33,328 [WARN] PackLoader:240 - Cannot read IP mode file for STMicroelectronics.X-CUBE-AZRTOS-G4.2.0.0
2026-07-28 12:34:33,347 [WARN] PackLoader:240 - Cannot read IP mode file for wolfSSL.I-CUBE-wolfSSH.1.4.20
2026-07-28 12:34:33,361 [WARN] PackLoader:240 - Cannot read IP mode file for STMicroelectronics.X-CUBE-NFC7.2.0.0
2026-07-28 12:34:33,376 [ERROR] Engine:466 - C:\Users\ADMIN\.stm32cubemx\thirdparties\pdsc\STMicroelectronics.X-CUBE-BLEMGR.4.2.0.pdsc: PDSC version is not supported
2026-07-28 12:34:33,388 [WARN] PackLoader:240 - Cannot read IP mode file for STMicroelectronics.X-CUBE-ALS.1.0.2
2026-07-28 12:34:33,406 [WARN] PackLoader:240 - Cannot read IP mode file for STMicroelectronics.X-CUBE-TOF1.3.4.3
2026-07-28 12:34:33,410 [INFO] ThirdParty:978 - Integrity check success = true
2026-07-28 12:34:33,410 [INFO] IntegrityCheckThread:100 - exiting critical section [integrity check]
2026-07-28 12:34:33,410 [INFO] IntegrityCheckThread:103 - End integrity checks thread
2026-07-28 12:37:10,827 [INFO] McuFinderGlobals:63 - Set McuFinder mode to 2 (CubeIDE integrated)
2026-07-28 12:37:10,852 [INFO] MainUpdater:2872 - connection check result : 10
2026-07-28 12:37:10,874 [INFO] McuFinderGlobals:76 - Set McuFinderConnectedMode to true
2026-07-28 12:37:11,171 [INFO] ServerAccessManage:452 - Complete download http(s) 200
2026-07-28 12:37:11,173 [INFO] ServerAccessManage:509 - Download File mcusAds.json._tmp_
2026-07-28 12:37:11,294 [INFO] LoadUrlFilesThread:156 - End of LoadUrlFiles Thread
2026-07-28 12:37:11,574 [INFO] ServerAccessManage:452 - Complete download http(s) 200
2026-07-28 12:37:11,576 [INFO] ServerAccessManage:509 - Download File cube-finder-db.zip
2026-07-28 12:38:05,825 [INFO] FileExtend:248 - Unzip File : cube-finder-db.zip
2026-07-28 12:38:05,826 [INFO] FileExtend:263 - Standard Zip Deflate
2026-07-28 12:38:06,479 [INFO] LoadUrlFilesThread:156 - End of LoadUrlFiles Thread
2026-07-28 12:38:27,678 [ERROR] ServerAccessManage:1295 - Problem during Server Connection :  IO error Connection timed out: getsockopt
2026-07-28 12:38:27,680 [ERROR] ServerAccessManage:740 - Problem during Server Connection :  : crdb.zip.
2026-07-28 12:38:30,743 [INFO] LoadUrlFilesThread:156 - End of LoadUrlFiles Thread
2026-07-28 12:38:31,748 [INFO] DbMcusAds:53 - JSON generation date=Wed Jul 15 15:16:00 IST 2026 (1784108760991)
2026-07-28 12:38:31,753 [ERROR] TargetSelectorAdapter:267 - Unable to refresh data
2026-07-28 12:38:32,175 [INFO] ApiDb:581 - Connected to CubeFinder SQLite database (C:\Users\ADMIN\.stmcufinder\plugins\mcufinder\mcu\cube-finder-db.db)
2026-07-28 12:38:32,229 [INFO] ApiDb:668 - CubeFinder database Data Model version=2.1
2026-07-28 12:38:32,229 [INFO] ApiDb:669 - CubeFinder database Configuration version=3.0.42
2026-07-28 12:38:32,229 [INFO] ApiDb:670 - CubeFinder database generation date=2026-06-23 (1782213372)
2026-07-28 12:38:32,229 [INFO] ApiDb:671 - CubeFinder database FW Pack versions=[FP-ATR-ASTRA1_V2.0.0, FP-SNS-FLIGHT1_V5.1.0, FP-SNS-MOTENV1_V5.1.0, FP-SNS-MOTENVWB1_V1.5.0, FP-SNS-SMARTAG2_V1.2.0, FP-SNS-STBOX1_V2.1.0, STM32Cube_FW_C0_V1.4.0, STM32Cube_FW_F4_V1.28.3, STM32Cube_FW_F7_V1.17.4, STM32Cube_FW_G0_V1.6.3, STM32Cube_FW_G4_V1.6.2, STM32Cube_FW_H5_V1.7.0, STM32Cube_FW_H7RS_V1.3.0, STM32Cube_FW_H7_V1.13.0, STM32Cube_FW_L0_V1.12.2, STM32Cube_FW_L4_V1.18.2, STM32Cube_FW_L5_V1.6.0, STM32Cube_FW_N6_V1.4.0, STM32Cube_FW_U0_V1.3.0, STM32Cube_FW_U3_V1.4.0, STM32Cube_FW_U5_V1.9.0, STM32Cube_FW_WB0_V1.5.0, STM32Cube_FW_WBA_V1.10.0, STM32Cube_FW_WB_V1.24.0, STM32Cube_FW_WL3_V1.5.0, STM32Cube_FW_WL_V1.6.0, X-CUBE-ALGOBUILD_V1.5.0, X-CUBE-ALS_V1.0.2, X-CUBE-AZRTOS-F4_V1.1.0, X-CUBE-AZRTOS-F7_V1.1.0, X-CUBE-AZRTOS-G0_V1.1.0, X-CUBE-AZRTOS-G4_V2.0.0, X-CUBE-AZRTOS-H7RS_V1.1.0, X-CUBE-AZRTOS-H7_V3.5.0, X-CUBE-AZRTOS-L4_V2.0.0, X-CUBE-AZRTOS-L5_V2.0.0, X-CUBE-AZRTOS-WB_V2.0.0, X-CUBE-AZRTOS-WL_V2.0.0, X-CUBE-BLE1_V7.1.0, X-CUBE-BLE2_V3.3.0, X-CUBE-BLEMGR_V4.1.0, X-CUBE-EEPRMA1_V5.2.0, X-CUBE-FREERTOS_V1.5.0, X-CUBE-GNSS1_V7.1.1, X-CUBE-MEMS1_V12.1.0, X-CUBE-NFC4_V3.0.0, X-CUBE-NFC7_V2.0.0, X-CUBE-SFXS2LP1_V4.0.0, X-CUBE-ST67W61_V1.3.0, X-CUBE-SUBG2_V5.0.0, X-CUBE-TOF1_V3.4.3]
2026-07-28 12:38:33,792 [INFO] ApiDb:240 - Found 880 in-development CPN: [B-G473E-ZEST1S, B-WB1M-WPAN1, B-WBA5M-WPAN, B-WL5M-SUBG1, NUCLEO-C031C6, NUCLEO-C051C8, NUCLEO-C071RB, NUCLEO-C092RC, NUCLEO-H503RB, NUCLEO-H533RE, NUCLEO-H563ZI, NUCLEO-H7S3L8, NUCLEO-N657X0-Q, NUCLEO-U031R8, NUCLEO-U083RC, NUCLEO-U385RG-Q, NUCLEO-U545RE-Q, NUCLEO-U5A5ZJ-Q, NUCLEO-WB05KZ, NUCLEO-WB07CC, NUCLEO-WB09KE, NUCLEO-WBA52CG, NUCLEO-WBA55CG, NUCLEO-WL33CC1, NUCLEO-WL33CC2, STEVAL-PROTEUS1, STEVAL-SMARTAG2, STEVAL-STWINBX1, STM320518-EVAL, STM32C0116-DK, STM32C011D6Y3TR, STM32C011D6Y6TR, STM32C011F4P3, STM32C011F4P6, STM32C011F4U3, STM32C011F4U6TR, STM32C011F6P3, STM32C011F6P6, STM32C011F6U3, STM32C011F6U6TR, STM32C011J4M3, STM32C011J4M6, STM32C011J6M3, STM32C011J6M6, STM32C0316-DK, STM32C031C4T3, STM32C031C4T6, STM32C031C4U3, STM32C031C4U6, STM32C031C6T3, STM32C031C6T6, STM32C031C6U3, STM32C031C6U6, STM32C031F4P3, STM32C031F4P6, STM32C031F6P3, STM32C031F6P6, STM32C031G4U3, STM32C031G4U6, STM32C031G6U3, STM32C031G6U6, STM32C031K4T3, STM32C031K4T6, STM32C031K4U3, STM32C031K4U6, STM32C031K6T3, STM32C031K6T6, STM32C031K6U3, STM32C031K6U6, STM32C051C6T6, STM32C051C6U6, STM32C051C8T6, STM32C051C8U6, STM32C051D8Y6TR, STM32C051F6P6, STM32C051F8P6, STM32C051G6U6, STM32C051G8U6, STM32C051K6T6, STM32C051K6U6, STM32C051K8T6, STM32C071C8T6, STM32C071C8T6N, STM32C071C8U6, STM32C071C8U6N, STM32C071CBT6, STM32C071CBT6N, STM32C071CBU6, STM32C071CBU6N, STM32C071F8P6, STM32C071F8P6N, STM32C071FBP6, STM32C071FBP6N, STM32C071FBY6TR, STM32C071G8U6, STM32C071G8U6N, STM32C071GBU6, STM32C071GBU6N, STM32C071K8T6, STM32C071K8T6N, STM32C071K8U6, STM32C071K8U6N, STM32C071KBT6, STM32C071KBT6N, STM32C071KBU6, STM32C071KBU6N, STM32C071R8T6, STM32C071R8T6N, STM32C071RBI6N, STM32C071RBT6, STM32C071RBT6N, STM32C091CBT6, STM32C091CBU6, STM32C091CCT6, STM32C091CCU6, STM32C091ECY6TR, STM32C091FBP6, STM32C091FCP6, STM32C091GBU6, STM32C091GCU6, STM32C091KBT6, STM32C091KBU6, STM32C091KCT6, STM32C091KCU6, STM32C091RBT6, STM32C091RCI6, STM32C091RCT6, STM32C092CBT6, STM32C092CBU6, STM32C092CCT6, STM32C092CCU6, STM32C092ECY6TR, STM32C092FBP6, STM32C092FCP6, STM32C092GBU6, STM32C092GCU6, STM32C092KBT6, STM32C092KBU6, STM32C092KCT6, STM32C092KCU6, STM32C092RBT6, STM32C092RCI6, STM32C092RCT6, STM32G071K8TXN, STM32G071K8UXN, STM32G081GBU6N, STM32G081KBT6N, STM32G081KBUXN, STM32G0B1CCT6N, STM32G0B1KCT6, STM32G0B1NEY6TR, STM32G0B1RCT6N, STM32G0C1CCT6, STM32G0C1CCT6N, STM32G0C1CCU6N, STM32G0C1CET6N, STM32G0C1CEU6N, STM32G0C1KCT6, STM32G0C1NEY6TR, STM32G0C1RCI6N, STM32G0C1RCT6N, STM32G0C1REI6N, STM32G0C1RET6N, STM32G0C1VCI6, STM32G0C1VEI6, STM32G411C6T3, STM32G411C6T6, STM32G411C6U3, STM32G411C6U6, STM32G411C8T3, STM32G411C8T6, STM32G411C8U3, STM32G411C8U6, STM32G411CBT3, STM32G411CBT6, STM32G411CBU3, STM32G411CBU6, STM32G411K6T3, STM32G411K6T6, STM32G411K6U3, STM32G411K6U6, STM32G411K8T3, STM32G411K8T6, STM32G411K8U3, STM32G411K8U6, STM32G411KBT3, STM32G411KBT6, STM32G411KBU3, STM32G411KBU6, STM32G411M6T3, STM32G411M6T6, STM32G411M8T3, STM32G411M8T6, STM32G411MBT3, STM32G411MBT6, STM32G411R6T3, STM32G411R6T6, STM32G411R8T3, STM32G411R8T6, STM32G411RBT3, STM32G411RBT6, STM32G414CBT3, STM32G414CBT6, STM32G414CBU3, STM32G414CBU6, STM32G414CCT3, STM32G414CCT6, STM32G414CCU3, STM32G414CCU6, STM32G414MBT3, STM32G414MBT6, STM32G414MCT3, STM32G414MCT6, STM32G414RBT3, STM32G414RBT6, STM32G414RCT3, STM32G414RCT6, STM32G414VBT3, STM32G414VBT6, STM32G414VCT3, STM32G414VCT6, STM32G431CBT3Z, STM32G431RBT3Z, STM32G471CCT6, STM32G471CCU6, STM32G471CET3, STM32G471CET6, STM32G471CEU3, STM32G471CEU6, STM32G471MCT6, STM32G471MET3, STM32G471MET6, STM32G471MEY6TR, STM32G471QCT6, STM32G471QET3, STM32G471RCT6, STM32G471RET3, STM32G471RET6, STM32G471VCH6, STM32G471VCI6, STM32G471VCT6, STM32G471VEH3, STM32G471VEH6, STM32G471VEI3, STM32G471VEI6, STM32G471VET3, STM32G471VET6, STM32G473QET3Z, STM32G473RET3Z, STM32G474CCT6, STM32G491RET3Z, STM32H503CBT6, STM32H503CBU6, STM32H503EBY6TR, STM32H503KBU6, STM32H503RBT6, STM32H523CCT6, STM32H523CCU6, STM32H523CET6, STM32H523CEU6, STM32H523HEY6TR, STM32H523RCT6, STM32H523RET6, STM32H523VCI6, STM32H523VCT6, STM32H523VEI6, STM32H523VET6, STM32H523ZCJ6, STM32H523ZCT6, STM32H523ZEJ6, STM32H523ZET6, STM32H533CET6, STM32H533CEU6, STM32H533HEY6TR, STM32H533RET6, STM32H533VEI6, STM32H533VET6, STM32H533ZEJ6, STM32H533ZET6, STM32H562AGI6, STM32H562AII6, STM32H562IGK6, STM32H562IGT6, STM32H562IIK6, STM32H562IIT6, STM32H562RGT6, STM32H562RGV6, STM32H562RIT6, STM32H562RIV6, STM32H562VGT6, STM32H562VIT6, STM32H562ZGT6, STM32H562ZIT6, STM32H563AGI6, STM32H563AII3Q, STM32H563AII6, STM32H563IGK6, STM32H563IGT6, STM32H563IIK3Q, STM32H563IIK6, STM32H563IIT3Q, STM32H563IIT6, STM32H563MIY3QTR, STM32H563RGT6, STM32H563RGV6, STM32H563RIT6, STM32H563RIV6, STM32H563VGT6, STM32H563VIT3Q, STM32H563VIT6, STM32H563ZGT6, STM32H563ZIT3Q, STM32H563ZIT6, STM32H573AII3Q, STM32H573AII6, STM32H573I-DK, STM32H573IIK3Q, STM32H573IIK6, STM32H573IIT3Q, STM32H573IIT6, STM32H573MIY3QTR, STM32H573RIT6, STM32H573RIV6, STM32H573VIT3Q, STM32H573VIT6, STM32H573ZIT3Q, STM32H573ZIT6, STM32H7R3A8I6, STM32H7R3I8K6, STM32H7R3I8T6, STM32H7R3L8H6, STM32H7R3L8H6H, STM32H7R3R8V6, STM32H7R3V8H6, STM32H7R3V8T6, STM32H7R3V8Y6TR, STM32H7R3Z8J6, STM32H7R3Z8T6, STM32H7R7A8I6, STM32H7R7I8K6, STM32H7R7I8T6, STM32H7R7L8H6, STM32H7R7L8H6H, STM32H7R7Z8J6, STM32H7S3A8I6, STM32H7S3I8K6, STM32H7S3I8T6, STM32H7S3L8H6, STM32H7S3L8H6H, STM32H7S3R8V6, STM32H7S3V8H6, STM32H7S3V8T6, STM32H7S3V8Y6TR, STM32H7S3Z8J6, STM32H7S3Z8T6, STM32H7S78-DK, STM32H7S7A8I6, STM32H7S7I8K6, STM32H7S7I8T6, STM32H7S7L8H6, STM32H7S7L8H6H, STM32H7S7Z8J6, STM32L4R5QGI6STR, STM32MP131AAE3, STM32MP131AAF3, STM32MP131AAG3, STM32MP131CAE3, STM32MP131CAF3, STM32MP131CAG3, STM32MP131DAE7, STM32MP131DAF7, STM32MP131DAG7, STM32MP131FAE7, STM32MP131FAF7, STM32MP131FAG7, STM32MP133AAE3, STM32MP133AAF3, STM32MP133AAG3, STM32MP133CAE3, STM32MP133CAF3, STM32MP133CAG3, STM32MP133DAE7, STM32MP133DAF7, STM32MP133DAG7, STM32MP133FAE7, STM32MP133FAF7, STM32MP133FAG7, STM32MP135AAE3, STM32MP135AAF3, STM32MP135AAG3, STM32MP135CAE3, STM32MP135CAF3, STM32MP135CAG3, STM32MP135DAE7, STM32MP135DAF7, STM32MP135DAG7, STM32MP135F-DK, STM32MP135FAE7, STM32MP135FAF7, STM32MP135FAF7T, STM32MP135FAF7U, STM32MP135FAG7, STM32MP211AAL3, STM32MP211AAM3, STM32MP211AAN3, STM32MP211AAO3, STM32MP211CAL3, STM32MP211CAM3, STM32MP211CAN3, STM32MP211CAO3, STM32MP211DAL3, STM32MP211DAM3, STM32MP211DAN3, STM32MP211DAO3, STM32MP211FAL3, STM32MP211FAM3, STM32MP211FAN3, STM32MP211FAO3, STM32MP213AAL3, STM32MP213AAM3, STM32MP213AAN3, STM32MP213AAO3, STM32MP213CAL3, STM32MP213CAM3, STM32MP213CAN3, STM32MP213CAO3, STM32MP213DAL3, STM32MP213DAM3, STM32MP213DAN3, STM32MP213DAO3, STM32MP213FAL3, STM32MP213FAM3, STM32MP213FAN3, STM32MP213FAO3, STM32MP215AAL3, STM32MP215AAM3, STM32MP215AAN3, STM32MP215AAO3, STM32MP215CAL3, STM32MP215CAM3, STM32MP215CAN3, STM32MP215CAO3, STM32MP215DAL3, STM32MP215DAM3, STM32MP215DAN3, STM32MP215DAO3, STM32MP215F-DK, STM32MP215FAL3, STM32MP215FAM3, STM32MP215FAN3, STM32MP215FAO3, STM32MP231AAJ3, STM32MP231AAK3, STM32MP231AAL3, STM32MP231CAJ3, STM32MP231CAK3, STM32MP231CAL3, STM32MP231DAJ3, STM32MP231DAK3, STM32MP231DAL3, STM32MP231FAJ3, STM32MP231FAK3, STM32MP231FAL3, STM32MP233AAJ3, STM32MP233AAK3, STM32MP233AAL3, STM32MP233CAJ3, STM32MP233CAK3, STM32MP233CAL3, STM32MP233DAJ3, STM32MP233DAK3, STM32MP233DAL3, STM32MP233FAJ3, STM32MP233FAK3, STM32MP233FAL3, STM32MP235AAJ3, STM32MP235AAK3, STM32MP235AAL3, STM32MP235CAJ3, STM32MP235CAK3, STM32MP235CAL3, STM32MP235DAJ3, STM32MP235DAK3, STM32MP235DAL3, STM32MP235FAJ3, STM32MP235FAK3, STM32MP235FAL3, STM32MP251AAI3, STM32MP251AAK3, STM32MP251AAL3, STM32MP251CAI3, STM32MP251CAK3, STM32MP251CAL3, STM32MP251DAI3, STM32MP251DAK3, STM32MP251DAL3, STM32MP251FAI3, STM32MP251FAK3, STM32MP251FAL3, STM32MP253AAI3, STM32MP253AAK3, STM32MP253AAL3, STM32MP253CAI3, STM32MP253CAK3, STM32MP253CAL3, STM32MP253DAI3, STM32MP253DAK3, STM32MP253DAL3, STM32MP253FAI3, STM32MP253FAK3, STM32MP253FAL3, STM32MP255AAI3, STM32MP255AAK3, STM32MP255AAL3, STM32MP255CAI3, STM32MP255CAK3, STM32MP255CAL3, STM32MP255DAI3, STM32MP255DAK3, STM32MP255DAL3, STM32MP255FAI3, STM32MP255FAK3, STM32MP255FAL3, STM32MP257AAI3, STM32MP257AAK3, STM32MP257AAL3, STM32MP257CAI3, STM32MP257CAK3, STM32MP257CAL3, STM32MP257DAI3, STM32MP257DAK3, STM32MP257DAL3, STM32MP257F-DK, STM32MP257F-EV1, STM32MP257FAI3, STM32MP257FAK3, STM32MP257FAL3, STM32N645A0H3Q, STM32N645B0H3Q, STM32N645I0H3Q, STM32N645L0H3Q, STM32N645X0H3Q, STM32N645Z0H3Q, STM32N647A0H3Q, STM32N647B0H3Q, STM32N647I0H3Q, STM32N647L0H3Q, STM32N647X0H3Q, STM32N647Z0H3Q, STM32N655A0H3Q, STM32N655B0H3Q, STM32N655I0H3Q, STM32N655L0H3Q, STM32N655X0H3Q, STM32N655Z0H3Q, STM32N6570-DK, STM32N657A0H3Q, STM32N657B0H3Q, STM32N657I0H3Q, STM32N657L0H3Q, STM32N657X0H3Q, STM32N657Z0H3Q, STM32U031C6T6, STM32U031C6U6, STM32U031C8T6, STM32U031C8U6, STM32U031F4P6, STM32U031F6P6, STM32U031F8P6, STM32U031G6Y6TR, STM32U031G8Y6TR, STM32U031K4U6, STM32U031K6U6, STM32U031K8U6, STM32U031R6I6, STM32U031R6T6, STM32U031R8I6, STM32U031R8T6, STM32U073C8T6, STM32U073C8U6, STM32U073CBT6, STM32U073CBU6, STM32U073CCT6, STM32U073CCU6, STM32U073H8Y6TR, STM32U073HBY6TR, STM32U073HCY6TR, STM32U073K8U6, STM32U073KBU6, STM32U073KCU6, STM32U073M8I6, STM32U073M8T6, STM32U073MBI6, STM32U073MBT6, STM32U073MCI6, STM32U073MCT6, STM32U073R8I6, STM32U073R8T6, STM32U073RBI6, STM32U073RBT6, STM32U073RCI6, STM32U073RCT6, STM32U083C-DK, STM32U083CCT6, STM32U083CCU6, STM32U083HCY6TR, STM32U083KCU6, STM32U083MCI6, STM32U083MCT6, STM32U083RCI6, STM32U083RCT6, STM32U375CET6, STM32U375CET6Q, STM32U375CEU6, STM32U375CEU6Q, STM32U375CEY6QTR, STM32U375CGT6, STM32U375CGT6Q, STM32U375CGU6, STM32U375CGU6Q, STM32U375CGY6QTR, STM32U375KEU6, STM32U375KGU6, STM32U375REI6, STM32U375REI6Q, STM32U375RET6, STM32U375RET6Q, STM32U375REY6GTR, STM32U375REY6QTR, STM32U375RGI6, STM32U375RGI6Q, STM32U375RGT6, STM32U375RGT6Q, STM32U375RGY6GTR, STM32U375RGY6QTR, STM32U375VEI6, STM32U375VEI6Q, STM32U375VET6, STM32U375VET6Q, STM32U375VGI6, STM32U375VGI6Q, STM32U375VGT6, STM32U375VGT6Q, STM32U385CGT6, STM32U385CGT6Q, STM32U385CGU6, STM32U385CGU6Q, STM32U385CGY6QTR, STM32U385KGU6, STM32U385RGI6, STM32U385RGI6Q, STM32U385RGT6, STM32U385RGT6Q, STM32U385RGY6GTR, STM32U385RGY6QTR, STM32U385VGI6, STM32U385VGI6Q, STM32U385VGT6, STM32U385VGT6Q, STM32U535CBT6, STM32U535CBT6Q, STM32U535CBU6, STM32U535CBU6Q, STM32U535CCT6, STM32U535CCT6Q, STM32U535CCU6, STM32U535CCU6Q, STM32U535CET6, STM32U535CET6Q, STM32U535CEU6, STM32U535CEU6Q, STM32U535JEY6QTR, STM32U535NCY6QTR, STM32U535NEY6QTR, STM32U535RBI6, STM32U535RBI6Q, STM32U535RBT6, STM32U535RBT6Q, STM32U535RCI6, STM32U535RCI6Q, STM32U535RCT6, STM32U535RCT6Q, STM32U535REI6, STM32U535REI6Q, STM32U535RET6, STM32U535RET6Q, STM32U535VCI6, STM32U535VCI6Q, STM32U535VCT6, STM32U535VCT6Q, STM32U535VEI6, STM32U535VEI6Q, STM32U535VET6, STM32U535VET6Q, STM32U545CET6, STM32U545CET6Q, STM32U545CEU6, STM32U545CEU6Q, STM32U545JEY6QTR, STM32U545NEY6QTR, STM32U545REI6, STM32U545REI6Q, STM32U545RET6, STM32U545RET6Q, STM32U545VEI6, STM32U545VEI6Q, STM32U545VET6, STM32U545VET6Q, STM32U595AIH6, STM32U595AIH6Q, STM32U595AJH6, STM32U595AJH6Q, STM32U595QII6, STM32U595QII6Q, STM32U595QJI6, STM32U595QJI6Q, STM32U595RIT6, STM32U595RIT6Q, STM32U595RJT6, STM32U595RJT6Q, STM32U595VIT6, STM32U595VIT6Q, STM32U595VJT6, STM32U595VJT6Q, STM32U595ZIT6, STM32U595ZIT6Q, STM32U595ZIY6QTR, STM32U595ZJT6, STM32U595ZJT6Q, STM32U595ZJY6QTR, STM32U599BJY6QTR, STM32U599NIH6Q, STM32U599NJH6Q, STM32U599VIT6Q, STM32U599VJT6, STM32U599VJT6Q, STM32U599ZIT6Q, STM32U599ZIY6QTR, STM32U599ZJT6Q, STM32U599ZJY6QTR, STM32U5A5AJH6, STM32U5A5AJH6Q, STM32U5A5QII3Q , STM32U5A5QJI6, STM32U5A5QJI6Q, STM32U5A5RJT6, STM32U5A5RJT6Q, STM32U5A5VJT6, STM32U5A5VJT6Q, STM32U5A5ZJT6, STM32U5A5ZJT6Q, STM32U5A5ZJY6QTR, STM32U5A9BJY6QTR, STM32U5A9J-DK, STM32U5A9NJH6Q, STM32U5A9VJT6Q, STM32U5A9ZJT6Q, STM32U5A9ZJY6QTR, STM32U5F7VIT6, STM32U5F7VIT6Q, STM32U5F7VJT6, STM32U5F7VJT6Q, STM32U5F9BJY6QTR, STM32U5F9NJH6Q, STM32U5F9VIT6Q, STM32U5F9VJT6Q, STM32U5F9ZIJ6QTR, STM32U5F9ZIT6Q, STM32U5F9ZJJ6QTR, STM32U5F9ZJT6Q, STM32U5G7VJT6, STM32U5G7VJT6Q, STM32U5G9BJY6QTR, STM32U5G9J-DK1, STM32U5G9J-DK2, STM32U5G9NJH6Q, STM32U5G9VJT6Q, STM32U5G9ZJJ6QTR, STM32U5G9ZJT6Q, STM32WB05KZV6TR, STM32WB05KZV7TR, STM32WB05TZF6TR, STM32WB05TZF7TR, STM32WB06CCF6TR, STM32WB06CCF7TR, STM32WB06CCV6TR, STM32WB06CCV7TR, STM32WB06KCV6TR, STM32WB06KCV7TR, STM32WB07CCF6TR, STM32WB07CCF7TR, STM32WB07CCV6TR, STM32WB07CCV7TR, STM32WB07KCV6TR, STM32WB07KCV7TR, STM32WB09KEV6TR, STM32WB09KEV7TR, STM32WB09TEF6TR, STM32WB09TEF7TR, STM32WB1MMCH6, STM32WBA50KGU6, STM32WBA50KGU6TR, STM32WBA52CEU6, STM32WBA52CEU6TR, STM32WBA52CEU7, STM32WBA52CEU7TR, STM32WBA52CGU6, STM32WBA52CGU6TR, STM32WBA52CGU6U, STM32WBA52CGU7, STM32WBA52CGU7TR, STM32WBA52KEU6, STM32WBA52KEU6TR, STM32WBA52KGU6, STM32WBA52KGU6TR, STM32WBA54CEU6, STM32WBA54CEU6TR, STM32WBA54CEU7, STM32WBA54CEU7TR, STM32WBA54CGU6, STM32WBA54CGU6TR, STM32WBA54CGU7, STM32WBA54CGU7TR, STM32WBA54KEU6, STM32WBA54KEU6TR, STM32WBA54KEU7, STM32WBA54KEU7TR, STM32WBA54KGU6, STM32WBA54KGU6TR, STM32WBA54KGU7, STM32WBA54KGU7TR, STM32WBA55CEU6, STM32WBA55CEU6TR, STM32WBA55CEU7, STM32WBA55CEU7TR, STM32WBA55CGU6, STM32WBA55CGU6TR, STM32WBA55CGU6U, STM32WBA55CGU7, STM32WBA55CGU7TR, STM32WBA55G-DK1, STM32WBA55HEF6, STM32WBA55HEF7, STM32WBA55HGF6, STM32WBA55HGF7, STM32WBA55UEI6, STM32WBA55UEI6TR, STM32WBA55UEI7, STM32WBA55UEI7TR, STM32WBA55UGI6, STM32WBA55UGI6TR, STM32WBA55UGI7, STM32WBA55UGI7TR, STM32WBA5MMGH6TR, STM32WBA62MGF6, STM32WBA62MIF6, STM32WBA65MGF7, STM32WBA65MIF6, STM32WBA65MIF7, STM32WL30K8V6, STM32WL30KBV6, STM32WL31C8V6, STM32WL31CBV6, STM32WL31K8V6, STM32WL31KBV6, STM32WL33C8V6, STM32WL33C8V6X, STM32WL33CBV6, STM32WL33CBV6X, STM32WL33CCV6, STM32WL33CCV6A, STM32WL33CCV6X, STM32WL33K8V7, STM32WL33K8V7X, STM32WL33KBV7 , STM32WL33KBV7X, STM32WL33KCV7, STM32WL33KCV7X, STM32WL5MOCH6, STM32WL5MOCH6TR]
2026-07-28 12:38:33,797 [INFO] DbMcus:218 - Found 5250 MCUs, 5097 are supported
2026-07-28 12:38:33,800 [INFO] ApiDb:423 - Load user favorites file C:\Users\ADMIN/.stm32cubeide/favorites.mcus.txt: 0 item(s)
2026-07-28 12:38:33,800 [INFO] ApiDb:427 - User favorites MCUs=[]
2026-07-28 12:38:33,800 [INFO] DbMcus:224 - Set 0 / 0 favorites MCUs
2026-07-28 12:38:34,058 [INFO] ApiDb:668 - CubeFinder database Data Model version=2.1
2026-07-28 12:38:34,058 [INFO] ApiDb:669 - CubeFinder database Configuration version=3.0.42
2026-07-28 12:38:34,058 [INFO] ApiDb:670 - CubeFinder database generation date=2026-06-23 (1782213372)
2026-07-28 12:38:34,058 [INFO] ApiDb:671 - CubeFinder database FW Pack versions=[FP-ATR-ASTRA1_V2.0.0, FP-SNS-FLIGHT1_V5.1.0, FP-SNS-MOTENV1_V5.1.0, FP-SNS-MOTENVWB1_V1.5.0, FP-SNS-SMARTAG2_V1.2.0, FP-SNS-STBOX1_V2.1.0, STM32Cube_FW_C0_V1.4.0, STM32Cube_FW_F4_V1.28.3, STM32Cube_FW_F7_V1.17.4, STM32Cube_FW_G0_V1.6.3, STM32Cube_FW_G4_V1.6.2, STM32Cube_FW_H5_V1.7.0, STM32Cube_FW_H7RS_V1.3.0, STM32Cube_FW_H7_V1.13.0, STM32Cube_FW_L0_V1.12.2, STM32Cube_FW_L4_V1.18.2, STM32Cube_FW_L5_V1.6.0, STM32Cube_FW_N6_V1.4.0, STM32Cube_FW_U0_V1.3.0, STM32Cube_FW_U3_V1.4.0, STM32Cube_FW_U5_V1.9.0, STM32Cube_FW_WB0_V1.5.0, STM32Cube_FW_WBA_V1.10.0, STM32Cube_FW_WB_V1.24.0, STM32Cube_FW_WL3_V1.5.0, STM32Cube_FW_WL_V1.6.0, X-CUBE-ALGOBUILD_V1.5.0, X-CUBE-ALS_V1.0.2, X-CUBE-AZRTOS-F4_V1.1.0, X-CUBE-AZRTOS-F7_V1.1.0, X-CUBE-AZRTOS-G0_V1.1.0, X-CUBE-AZRTOS-G4_V2.0.0, X-CUBE-AZRTOS-H7RS_V1.1.0, X-CUBE-AZRTOS-H7_V3.5.0, X-CUBE-AZRTOS-L4_V2.0.0, X-CUBE-AZRTOS-L5_V2.0.0, X-CUBE-AZRTOS-WB_V2.0.0, X-CUBE-AZRTOS-WL_V2.0.0, X-CUBE-BLE1_V7.1.0, X-CUBE-BLE2_V3.3.0, X-CUBE-BLEMGR_V4.1.0, X-CUBE-EEPRMA1_V5.2.0, X-CUBE-FREERTOS_V1.5.0, X-CUBE-GNSS1_V7.1.1, X-CUBE-MEMS1_V12.1.0, X-CUBE-NFC4_V3.0.0, X-CUBE-NFC7_V2.0.0, X-CUBE-SFXS2LP1_V4.0.0, X-CUBE-ST67W61_V1.3.0, X-CUBE-SUBG2_V5.0.0, X-CUBE-TOF1_V3.4.3]
2026-07-28 12:38:34,089 [INFO] DbBoardsSqlite:226 - include board P-NUCLEO-WB55-NUCLEO as a kit item of type 'Nucleo-64'
2026-07-28 12:38:34,090 [INFO] DbBoardsSqlite:226 - include board P-NUCLEO-WB55-USBDONGLE as a kit item of type 'Nucleo USB Dongle'
2026-07-28 12:38:34,090 [INFO] DbBoardsSqlite:226 - include board STEVAL-IDP005V1 as a kit item of type 'Evaluation Board'
2026-07-28 12:38:34,090 [INFO] DbBoardsSqlite:226 - include board STEVAL-IDP005V2 as a kit item of type 'Evaluation Board'
2026-07-28 12:38:34,135 [INFO] ApiDb:240 - Found 880 in-development CPN: [B-G473E-ZEST1S, B-WB1M-WPAN1, B-WBA5M-WPAN, B-WL5M-SUBG1, NUCLEO-C031C6, NUCLEO-C051C8, NUCLEO-C071RB, NUCLEO-C092RC, NUCLEO-H503RB, NUCLEO-H533RE, NUCLEO-H563ZI, NUCLEO-H7S3L8, NUCLEO-N657X0-Q, NUCLEO-U031R8, NUCLEO-U083RC, NUCLEO-U385RG-Q, NUCLEO-U545RE-Q, NUCLEO-U5A5ZJ-Q, NUCLEO-WB05KZ, NUCLEO-WB07CC, NUCLEO-WB09KE, NUCLEO-WBA52CG, NUCLEO-WBA55CG, NUCLEO-WL33CC1, NUCLEO-WL33CC2, STEVAL-PROTEUS1, STEVAL-SMARTAG2, STEVAL-STWINBX1, STM320518-EVAL, STM32C0116-DK, STM32C011D6Y3TR, STM32C011D6Y6TR, STM32C011F4P3, STM32C011F4P6, STM32C011F4U3, STM32C011F4U6TR, STM32C011F6P3, STM32C011F6P6, STM32C011F6U3, STM32C011F6U6TR, STM32C011J4M3, STM32C011J4M6, STM32C011J6M3, STM32C011J6M6, STM32C0316-DK, STM32C031C4T3, STM32C031C4T6, STM32C031C4U3, STM32C031C4U6, STM32C031C6T3, STM32C031C6T6, STM32C031C6U3, STM32C031C6U6, STM32C031F4P3, STM32C031F4P6, STM32C031F6P3, STM32C031F6P6, STM32C031G4U3, STM32C031G4U6, STM32C031G6U3, STM32C031G6U6, STM32C031K4T3, STM32C031K4T6, STM32C031K4U3, STM32C031K4U6, STM32C031K6T3, STM32C031K6T6, STM32C031K6U3, STM32C031K6U6, STM32C051C6T6, STM32C051C6U6, STM32C051C8T6, STM32C051C8U6, STM32C051D8Y6TR, STM32C051F6P6, STM32C051F8P6, STM32C051G6U6, STM32C051G8U6, STM32C051K6T6, STM32C051K6U6, STM32C051K8T6, STM32C071C8T6, STM32C071C8T6N, STM32C071C8U6, STM32C071C8U6N, STM32C071CBT6, STM32C071CBT6N, STM32C071CBU6, STM32C071CBU6N, STM32C071F8P6, STM32C071F8P6N, STM32C071FBP6, STM32C071FBP6N, STM32C071FBY6TR, STM32C071G8U6, STM32C071G8U6N, STM32C071GBU6, STM32C071GBU6N, STM32C071K8T6, STM32C071K8T6N, STM32C071K8U6, STM32C071K8U6N, STM32C071KBT6, STM32C071KBT6N, STM32C071KBU6, STM32C071KBU6N, STM32C071R8T6, STM32C071R8T6N, STM32C071RBI6N, STM32C071RBT6, STM32C071RBT6N, STM32C091CBT6, STM32C091CBU6, STM32C091CCT6, STM32C091CCU6, STM32C091ECY6TR, STM32C091FBP6, STM32C091FCP6, STM32C091GBU6, STM32C091GCU6, STM32C091KBT6, STM32C091KBU6, STM32C091KCT6, STM32C091KCU6, STM32C091RBT6, STM32C091RCI6, STM32C091RCT6, STM32C092CBT6, STM32C092CBU6, STM32C092CCT6, STM32C092CCU6, STM32C092ECY6TR, STM32C092FBP6, STM32C092FCP6, STM32C092GBU6, STM32C092GCU6, STM32C092KBT6, STM32C092KBU6, STM32C092KCT6, STM32C092KCU6, STM32C092RBT6, STM32C092RCI6, STM32C092RCT6, STM32G071K8TXN, STM32G071K8UXN, STM32G081GBU6N, STM32G081KBT6N, STM32G081KBUXN, STM32G0B1CCT6N, STM32G0B1KCT6, STM32G0B1NEY6TR, STM32G0B1RCT6N, STM32G0C1CCT6, STM32G0C1CCT6N, STM32G0C1CCU6N, STM32G0C1CET6N, STM32G0C1CEU6N, STM32G0C1KCT6, STM32G0C1NEY6TR, STM32G0C1RCI6N, STM32G0C1RCT6N, STM32G0C1REI6N, STM32G0C1RET6N, STM32G0C1VCI6, STM32G0C1VEI6, STM32G411C6T3, STM32G411C6T6, STM32G411C6U3, STM32G411C6U6, STM32G411C8T3, STM32G411C8T6, STM32G411C8U3, STM32G411C8U6, STM32G411CBT3, STM32G411CBT6, STM32G411CBU3, STM32G411CBU6, STM32G411K6T3, STM32G411K6T6, STM32G411K6U3, STM32G411K6U6, STM32G411K8T3, STM32G411K8T6, STM32G411K8U3, STM32G411K8U6, STM32G411KBT3, STM32G411KBT6, STM32G411KBU3, STM32G411KBU6, STM32G411M6T3, STM32G411M6T6, STM32G411M8T3, STM32G411M8T6, STM32G411MBT3, STM32G411MBT6, STM32G411R6T3, STM32G411R6T6, STM32G411R8T3, STM32G411R8T6, STM32G411RBT3, STM32G411RBT6, STM32G414CBT3, STM32G414CBT6, STM32G414CBU3, STM32G414CBU6, STM32G414CCT3, STM32G414CCT6, STM32G414CCU3, STM32G414CCU6, STM32G414MBT3, STM32G414MBT6, STM32G414MCT3, STM32G414MCT6, STM32G414RBT3, STM32G414RBT6, STM32G414RCT3, STM32G414RCT6, STM32G414VBT3, STM32G414VBT6, STM32G414VCT3, STM32G414VCT6, STM32G431CBT3Z, STM32G431RBT3Z, STM32G471CCT6, STM32G471CCU6, STM32G471CET3, STM32G471CET6, STM32G471CEU3, STM32G471CEU6, STM32G471MCT6, STM32G471MET3, STM32G471MET6, STM32G471MEY6TR, STM32G471QCT6, STM32G471QET3, STM32G471RCT6, STM32G471RET3, STM32G471RET6, STM32G471VCH6, STM32G471VCI6, STM32G471VCT6, STM32G471VEH3, STM32G471VEH6, STM32G471VEI3, STM32G471VEI6, STM32G471VET3, STM32G471VET6, STM32G473QET3Z, STM32G473RET3Z, STM32G474CCT6, STM32G491RET3Z, STM32H503CBT6, STM32H503CBU6, STM32H503EBY6TR, STM32H503KBU6, STM32H503RBT6, STM32H523CCT6, STM32H523CCU6, STM32H523CET6, STM32H523CEU6, STM32H523HEY6TR, STM32H523RCT6, STM32H523RET6, STM32H523VCI6, STM32H523VCT6, STM32H523VEI6, STM32H523VET6, STM32H523ZCJ6, STM32H523ZCT6, STM32H523ZEJ6, STM32H523ZET6, STM32H533CET6, STM32H533CEU6, STM32H533HEY6TR, STM32H533RET6, STM32H533VEI6, STM32H533VET6, STM32H533ZEJ6, STM32H533ZET6, STM32H562AGI6, STM32H562AII6, STM32H562IGK6, STM32H562IGT6, STM32H562IIK6, STM32H562IIT6, STM32H562RGT6, STM32H562RGV6, STM32H562RIT6, STM32H562RIV6, STM32H562VGT6, STM32H562VIT6, STM32H562ZGT6, STM32H562ZIT6, STM32H563AGI6, STM32H563AII3Q, STM32H563AII6, STM32H563IGK6, STM32H563IGT6, STM32H563IIK3Q, STM32H563IIK6, STM32H563IIT3Q, STM32H563IIT6, STM32H563MIY3QTR, STM32H563RGT6, STM32H563RGV6, STM32H563RIT6, STM32H563RIV6, STM32H563VGT6, STM32H563VIT3Q, STM32H563VIT6, STM32H563ZGT6, STM32H563ZIT3Q, STM32H563ZIT6, STM32H573AII3Q, STM32H573AII6, STM32H573I-DK, STM32H573IIK3Q, STM32H573IIK6, STM32H573IIT3Q, STM32H573IIT6, STM32H573MIY3QTR, STM32H573RIT6, STM32H573RIV6, STM32H573VIT3Q, STM32H573VIT6, STM32H573ZIT3Q, STM32H573ZIT6, STM32H7R3A8I6, STM32H7R3I8K6, STM32H7R3I8T6, STM32H7R3L8H6, STM32H7R3L8H6H, STM32H7R3R8V6, STM32H7R3V8H6, STM32H7R3V8T6, STM32H7R3V8Y6TR, STM32H7R3Z8J6, STM32H7R3Z8T6, STM32H7R7A8I6, STM32H7R7I8K6, STM32H7R7I8T6, STM32H7R7L8H6, STM32H7R7L8H6H, STM32H7R7Z8J6, STM32H7S3A8I6, STM32H7S3I8K6, STM32H7S3I8T6, STM32H7S3L8H6, STM32H7S3L8H6H, STM32H7S3R8V6, STM32H7S3V8H6, STM32H7S3V8T6, STM32H7S3V8Y6TR, STM32H7S3Z8J6, STM32H7S3Z8T6, STM32H7S78-DK, STM32H7S7A8I6, STM32H7S7I8K6, STM32H7S7I8T6, STM32H7S7L8H6, STM32H7S7L8H6H, STM32H7S7Z8J6, STM32L4R5QGI6STR, STM32MP131AAE3, STM32MP131AAF3, STM32MP131AAG3, STM32MP131CAE3, STM32MP131CAF3, STM32MP131CAG3, STM32MP131DAE7, STM32MP131DAF7, STM32MP131DAG7, STM32MP131FAE7, STM32MP131FAF7, STM32MP131FAG7, STM32MP133AAE3, STM32MP133AAF3, STM32MP133AAG3, STM32MP133CAE3, STM32MP133CAF3, STM32MP133CAG3, STM32MP133DAE7, STM32MP133DAF7, STM32MP133DAG7, STM32MP133FAE7, STM32MP133FAF7, STM32MP133FAG7, STM32MP135AAE3, STM32MP135AAF3, STM32MP135AAG3, STM32MP135CAE3, STM32MP135CAF3, STM32MP135CAG3, STM32MP135DAE7, STM32MP135DAF7, STM32MP135DAG7, STM32MP135F-DK, STM32MP135FAE7, STM32MP135FAF7, STM32MP135FAF7T, STM32MP135FAF7U, STM32MP135FAG7, STM32MP211AAL3, STM32MP211AAM3, STM32MP211AAN3, STM32MP211AAO3, STM32MP211CAL3, STM32MP211CAM3, STM32MP211CAN3, STM32MP211CAO3, STM32MP211DAL3, STM32MP211DAM3, STM32MP211DAN3, STM32MP211DAO3, STM32MP211FAL3, STM32MP211FAM3, STM32MP211FAN3, STM32MP211FAO3, STM32MP213AAL3, STM32MP213AAM3, STM32MP213AAN3, STM32MP213AAO3, STM32MP213CAL3, STM32MP213CAM3, STM32MP213CAN3, STM32MP213CAO3, STM32MP213DAL3, STM32MP213DAM3, STM32MP213DAN3, STM32MP213DAO3, STM32MP213FAL3, STM32MP213FAM3, STM32MP213FAN3, STM32MP213FAO3, STM32MP215AAL3, STM32MP215AAM3, STM32MP215AAN3, STM32MP215AAO3, STM32MP215CAL3, STM32MP215CAM3, STM32MP215CAN3, STM32MP215CAO3, STM32MP215DAL3, STM32MP215DAM3, STM32MP215DAN3, STM32MP215DAO3, STM32MP215F-DK, STM32MP215FAL3, STM32MP215FAM3, STM32MP215FAN3, STM32MP215FAO3, STM32MP231AAJ3, STM32MP231AAK3, STM32MP231AAL3, STM32MP231CAJ3, STM32MP231CAK3, STM32MP231CAL3, STM32MP231DAJ3, STM32MP231DAK3, STM32MP231DAL3, STM32MP231FAJ3, STM32MP231FAK3, STM32MP231FAL3, STM32MP233AAJ3, STM32MP233AAK3, STM32MP233AAL3, STM32MP233CAJ3, STM32MP233CAK3, STM32MP233CAL3, STM32MP233DAJ3, STM32MP233DAK3, STM32MP233DAL3, STM32MP233FAJ3, STM32MP233FAK3, STM32MP233FAL3, STM32MP235AAJ3, STM32MP235AAK3, STM32MP235AAL3, STM32MP235CAJ3, STM32MP235CAK3, STM32MP235CAL3, STM32MP235DAJ3, STM32MP235DAK3, STM32MP235DAL3, STM32MP235FAJ3, STM32MP235FAK3, STM32MP235FAL3, STM32MP251AAI3, STM32MP251AAK3, STM32MP251AAL3, STM32MP251CAI3, STM32MP251CAK3, STM32MP251CAL3, STM32MP251DAI3, STM32MP251DAK3, STM32MP251DAL3, STM32MP251FAI3, STM32MP251FAK3, STM32MP251FAL3, STM32MP253AAI3, STM32MP253AAK3, STM32MP253AAL3, STM32MP253CAI3, STM32MP253CAK3, STM32MP253CAL3, STM32MP253DAI3, STM32MP253DAK3, STM32MP253DAL3, STM32MP253FAI3, STM32MP253FAK3, STM32MP253FAL3, STM32MP255AAI3, STM32MP255AAK3, STM32MP255AAL3, STM32MP255CAI3, STM32MP255CAK3, STM32MP255CAL3, STM32MP255DAI3, STM32MP255DAK3, STM32MP255DAL3, STM32MP255FAI3, STM32MP255FAK3, STM32MP255FAL3, STM32MP257AAI3, STM32MP257AAK3, STM32MP257AAL3, STM32MP257CAI3, STM32MP257CAK3, STM32MP257CAL3, STM32MP257DAI3, STM32MP257DAK3, STM32MP257DAL3, STM32MP257F-DK, STM32MP257F-EV1, STM32MP257FAI3, STM32MP257FAK3, STM32MP257FAL3, STM32N645A0H3Q, STM32N645B0H3Q, STM32N645I0H3Q, STM32N645L0H3Q, STM32N645X0H3Q, STM32N645Z0H3Q, STM32N647A0H3Q, STM32N647B0H3Q, STM32N647I0H3Q, STM32N647L0H3Q, STM32N647X0H3Q, STM32N647Z0H3Q, STM32N655A0H3Q, STM32N655B0H3Q, STM32N655I0H3Q, STM32N655L0H3Q, STM32N655X0H3Q, STM32N655Z0H3Q, STM32N6570-DK, STM32N657A0H3Q, STM32N657B0H3Q, STM32N657I0H3Q, STM32N657L0H3Q, STM32N657X0H3Q, STM32N657Z0H3Q, STM32U031C6T6, STM32U031C6U6, STM32U031C8T6, STM32U031C8U6, STM32U031F4P6, STM32U031F6P6, STM32U031F8P6, STM32U031G6Y6TR, STM32U031G8Y6TR, STM32U031K4U6, STM32U031K6U6, STM32U031K8U6, STM32U031R6I6, STM32U031R6T6, STM32U031R8I6, STM32U031R8T6, STM32U073C8T6, STM32U073C8U6, STM32U073CBT6, STM32U073CBU6, STM32U073CCT6, STM32U073CCU6, STM32U073H8Y6TR, STM32U073HBY6TR, STM32U073HCY6TR, STM32U073K8U6, STM32U073KBU6, STM32U073KCU6, STM32U073M8I6, STM32U073M8T6, STM32U073MBI6, STM32U073MBT6, STM32U073MCI6, STM32U073MCT6, STM32U073R8I6, STM32U073R8T6, STM32U073RBI6, STM32U073RBT6, STM32U073RCI6, STM32U073RCT6, STM32U083C-DK, STM32U083CCT6, STM32U083CCU6, STM32U083HCY6TR, STM32U083KCU6, STM32U083MCI6, STM32U083MCT6, STM32U083RCI6, STM32U083RCT6, STM32U375CET6, STM32U375CET6Q, STM32U375CEU6, STM32U375CEU6Q, STM32U375CEY6QTR, STM32U375CGT6, STM32U375CGT6Q, STM32U375CGU6, STM32U375CGU6Q, STM32U375CGY6QTR, STM32U375KEU6, STM32U375KGU6, STM32U375REI6, STM32U375REI6Q, STM32U375RET6, STM32U375RET6Q, STM32U375REY6GTR, STM32U375REY6QTR, STM32U375RGI6, STM32U375RGI6Q, STM32U375RGT6, STM32U375RGT6Q, STM32U375RGY6GTR, STM32U375RGY6QTR, STM32U375VEI6, STM32U375VEI6Q, STM32U375VET6, STM32U375VET6Q, STM32U375VGI6, STM32U375VGI6Q, STM32U375VGT6, STM32U375VGT6Q, STM32U385CGT6, STM32U385CGT6Q, STM32U385CGU6, STM32U385CGU6Q, STM32U385CGY6QTR, STM32U385KGU6, STM32U385RGI6, STM32U385RGI6Q, STM32U385RGT6, STM32U385RGT6Q, STM32U385RGY6GTR, STM32U385RGY6QTR, STM32U385VGI6, STM32U385VGI6Q, STM32U385VGT6, STM32U385VGT6Q, STM32U535CBT6, STM32U535CBT6Q, STM32U535CBU6, STM32U535CBU6Q, STM32U535CCT6, STM32U535CCT6Q, STM32U535CCU6, STM32U535CCU6Q, STM32U535CET6, STM32U535CET6Q, STM32U535CEU6, STM32U535CEU6Q, STM32U535JEY6QTR, STM32U535NCY6QTR, STM32U535NEY6QTR, STM32U535RBI6, STM32U535RBI6Q, STM32U535RBT6, STM32U535RBT6Q, STM32U535RCI6, STM32U535RCI6Q, STM32U535RCT6, STM32U535RCT6Q, STM32U535REI6, STM32U535REI6Q, STM32U535RET6, STM32U535RET6Q, STM32U535VCI6, STM32U535VCI6Q, STM32U535VCT6, STM32U535VCT6Q, STM32U535VEI6, STM32U535VEI6Q, STM32U535VET6, STM32U535VET6Q, STM32U545CET6, STM32U545CET6Q, STM32U545CEU6, STM32U545CEU6Q, STM32U545JEY6QTR, STM32U545NEY6QTR, STM32U545REI6, STM32U545REI6Q, STM32U545RET6, STM32U545RET6Q, STM32U545VEI6, STM32U545VEI6Q, STM32U545VET6, STM32U545VET6Q, STM32U595AIH6, STM32U595AIH6Q, STM32U595AJH6, STM32U595AJH6Q, STM32U595QII6, STM32U595QII6Q, STM32U595QJI6, STM32U595QJI6Q, STM32U595RIT6, STM32U595RIT6Q, STM32U595RJT6, STM32U595RJT6Q, STM32U595VIT6, STM32U595VIT6Q, STM32U595VJT6, STM32U595VJT6Q, STM32U595ZIT6, STM32U595ZIT6Q, STM32U595ZIY6QTR, STM32U595ZJT6, STM32U595ZJT6Q, STM32U595ZJY6QTR, STM32U599BJY6QTR, STM32U599NIH6Q, STM32U599NJH6Q, STM32U599VIT6Q, STM32U599VJT6, STM32U599VJT6Q, STM32U599ZIT6Q, STM32U599ZIY6QTR, STM32U599ZJT6Q, STM32U599ZJY6QTR, STM32U5A5AJH6, STM32U5A5AJH6Q, STM32U5A5QII3Q , STM32U5A5QJI6, STM32U5A5QJI6Q, STM32U5A5RJT6, STM32U5A5RJT6Q, STM32U5A5VJT6, STM32U5A5VJT6Q, STM32U5A5ZJT6, STM32U5A5ZJT6Q, STM32U5A5ZJY6QTR, STM32U5A9BJY6QTR, STM32U5A9J-DK, STM32U5A9NJH6Q, STM32U5A9VJT6Q, STM32U5A9ZJT6Q, STM32U5A9ZJY6QTR, STM32U5F7VIT6, STM32U5F7VIT6Q, STM32U5F7VJT6, STM32U5F7VJT6Q, STM32U5F9BJY6QTR, STM32U5F9NJH6Q, STM32U5F9VIT6Q, STM32U5F9VJT6Q, STM32U5F9ZIJ6QTR, STM32U5F9ZIT6Q, STM32U5F9ZJJ6QTR, STM32U5F9ZJT6Q, STM32U5G7VJT6, STM32U5G7VJT6Q, STM32U5G9BJY6QTR, STM32U5G9J-DK1, STM32U5G9J-DK2, STM32U5G9NJH6Q, STM32U5G9VJT6Q, STM32U5G9ZJJ6QTR, STM32U5G9ZJT6Q, STM32WB05KZV6TR, STM32WB05KZV7TR, STM32WB05TZF6TR, STM32WB05TZF7TR, STM32WB06CCF6TR, STM32WB06CCF7TR, STM32WB06CCV6TR, STM32WB06CCV7TR, STM32WB06KCV6TR, STM32WB06KCV7TR, STM32WB07CCF6TR, STM32WB07CCF7TR, STM32WB07CCV6TR, STM32WB07CCV7TR, STM32WB07KCV6TR, STM32WB07KCV7TR, STM32WB09KEV6TR, STM32WB09KEV7TR, STM32WB09TEF6TR, STM32WB09TEF7TR, STM32WB1MMCH6, STM32WBA50KGU6, STM32WBA50KGU6TR, STM32WBA52CEU6, STM32WBA52CEU6TR, STM32WBA52CEU7, STM32WBA52CEU7TR, STM32WBA52CGU6, STM32WBA52CGU6TR, STM32WBA52CGU6U, STM32WBA52CGU7, STM32WBA52CGU7TR, STM32WBA52KEU6, STM32WBA52KEU6TR, STM32WBA52KGU6, STM32WBA52KGU6TR, STM32WBA54CEU6, STM32WBA54CEU6TR, STM32WBA54CEU7, STM32WBA54CEU7TR, STM32WBA54CGU6, STM32WBA54CGU6TR, STM32WBA54CGU7, STM32WBA54CGU7TR, STM32WBA54KEU6, STM32WBA54KEU6TR, STM32WBA54KEU7, STM32WBA54KEU7TR, STM32WBA54KGU6, STM32WBA54KGU6TR, STM32WBA54KGU7, STM32WBA54KGU7TR, STM32WBA55CEU6, STM32WBA55CEU6TR, STM32WBA55CEU7, STM32WBA55CEU7TR, STM32WBA55CGU6, STM32WBA55CGU6TR, STM32WBA55CGU6U, STM32WBA55CGU7, STM32WBA55CGU7TR, STM32WBA55G-DK1, STM32WBA55HEF6, STM32WBA55HEF7, STM32WBA55HGF6, STM32WBA55HGF7, STM32WBA55UEI6, STM32WBA55UEI6TR, STM32WBA55UEI7, STM32WBA55UEI7TR, STM32WBA55UGI6, STM32WBA55UGI6TR, STM32WBA55UGI7, STM32WBA55UGI7TR, STM32WBA5MMGH6TR, STM32WBA62MGF6, STM32WBA62MIF6, STM32WBA65MGF7, STM32WBA65MIF6, STM32WBA65MIF7, STM32WL30K8V6, STM32WL30KBV6, STM32WL31C8V6, STM32WL31CBV6, STM32WL31K8V6, STM32WL31KBV6, STM32WL33C8V6, STM32WL33C8V6X, STM32WL33CBV6, STM32WL33CBV6X, STM32WL33CCV6, STM32WL33CCV6A, STM32WL33CCV6X, STM32WL33K8V7, STM32WL33K8V7X, STM32WL33KBV7 , STM32WL33KBV7X, STM32WL33KCV7, STM32WL33KCV7X, STM32WL5MOCH6, STM32WL5MOCH6TR]
2026-07-28 12:38:34,238 [INFO] BoardInfo:889 - No configuration file found for board NUCLEO-H5E5ZJ
2026-07-28 12:38:34,239 [INFO] DbBoards:161 - Board is not supported: NUCLEO-H5E5ZJ
2026-07-28 12:38:34,282 [INFO] BoardInfo:889 - No configuration file found for board NUCLEO-U3C5ZI-Q
2026-07-28 12:38:34,283 [INFO] DbBoards:161 - Board is not supported: NUCLEO-U3C5ZI-Q
2026-07-28 12:38:34,294 [INFO] BoardInfo:889 - No configuration file found for board NUCLEO-WBA25CE1
2026-07-28 12:38:34,295 [INFO] DbBoards:161 - Board is not supported: NUCLEO-WBA25CE1
2026-07-28 12:38:34,302 [INFO] BoardInfo:889 - No configuration file found for board NUCLEO-WL3RKB1
2026-07-28 12:38:34,303 [INFO] DbBoards:161 - Board is not supported: NUCLEO-WL3RKB1
2026-07-28 12:38:34,304 [INFO] BoardInfo:889 - No configuration file found for board NUCLEO-WL3RKB2
2026-07-28 12:38:34,305 [INFO] DbBoards:161 - Board is not supported: NUCLEO-WL3RKB2
2026-07-28 12:38:34,312 [INFO] BoardInfo:889 - No configuration file found for board P-NUCLEO-WB55
2026-07-28 12:38:34,313 [INFO] DbBoards:161 - Kit is not supported: P-NUCLEO-WB55
2026-07-28 12:38:34,318 [INFO] BoardInfo:889 - No configuration file found for board STEVAL-BFA001V1B
2026-07-28 12:38:34,319 [INFO] DbBoards:161 - Kit is not supported: STEVAL-BFA001V1B
2026-07-28 12:38:34,320 [INFO] BoardInfo:889 - No configuration file found for board STEVAL-BFA001V2B
2026-07-28 12:38:34,320 [INFO] DbBoards:161 - Kit is not supported: STEVAL-BFA001V2B
2026-07-28 12:38:34,401 [INFO] BoardInfo:889 - No configuration file found for board STM32H5F5J-DK
2026-07-28 12:38:34,402 [INFO] DbBoards:161 - Board is not supported: STM32H5F5J-DK
2026-07-28 12:38:34,464 [INFO] DbBoards:168 - Found 218 boards, 209 are supported
2026-07-28 12:38:34,464 [INFO] DbBoards:169 - Found 218 boards, 43 of them is supported for  Bsp
2026-07-28 12:38:34,465 [INFO] ApiDb:414 - User favorites file not found: C:\Users\ADMIN/.stm32cubeide/favorites.boards.txt
2026-07-28 12:38:34,465 [INFO] DbBoards:198 - Set 0 / 0 favorites Boards
2026-07-28 12:38:34,465 [INFO] McuFinderGlobals:76 - Set McuFinderConnectedMode to true
2026-07-28 12:38:34,474 [INFO] MultiScanPanel:200 - Auto-refresh data requested => check proxy status ongoing
2026-07-28 12:38:34,477 [INFO] FinderPluginLoader:96 - Searching for filters in installed packs
2026-07-28 12:38:35,561 [INFO] LoadUrlFilesThread:185 - End of LoadServerUrlFiles without Thread
2026-07-28 12:38:35,592 [INFO] DetailPanel:341 - Set advertising image to C:/Users/ADMIN/STM32Cube/Repository/\en.stm32h5cubemxbanner.png
2026-07-28 12:38:38,507 [INFO] MultiScanPanel:200 - Auto-refresh data requested => check proxy status ongoing
2026-07-28 12:38:38,592 [INFO] LoadUrlFilesThread:185 - End of LoadServerUrlFiles without Thread
2026-07-28 12:38:38,592 [INFO] DetailPanel:341 - Set advertising image to C:/Users/ADMIN/STM32Cube/Repository/\en.stm32h5cubemxbanner.png
2026-07-28 12:38:38,601 [INFO] DbBoards:642 - Loading board mini-images...
2026-07-28 12:38:40,277 [INFO] DbBoards:665 - Loaded 218 board mini-images
2026-07-28 12:40:27,964 [INFO] MainUpdater:2872 - connection check result : 10
2026-07-28 12:40:27,964 [INFO] MainUpdater:2872 - connection check result : 10
2026-07-28 12:40:27,988 [INFO] MicroXplorer:468 - Change Database Path : 
2026-07-28 12:40:27,988 [INFO] MicroXplorer:498 - Change Database Version : DB.6.0.150
2026-07-28 12:40:27,992 [WARN] ThirdParty:871 - waiting for thirdparty lock release [close project]
2026-07-28 12:40:27,992 [INFO] ThirdParty:873 - entering critical section [close project]
2026-07-28 12:40:27,992 [INFO] ThirdParty:883 - exiting critical section [close project]
2026-07-28 12:40:27,994 [INFO] PinOutPanel:1589 - setPackage(No Configuration,No Configuration)
2026-07-28 12:40:27,994 [INFO] UtilMem:75 - Begin LoadConfig() Used Memory: 938436528 Bytes (1073741824)
2026-07-28 12:40:28,000 [INFO] OpenFileManager:355 - Change cursor
2026-07-28 12:40:28,068 [INFO] ProjectFactory:514 - No CPN specified for board B-L4S5I-IOT01A => set CPN to STM32L4S5VIT6
2026-07-28 12:40:28,068 [INFO] Mcu:2029 - Initializing MCU STM32L4S5VITx STM32L4S5VITx STM32L4S5VIT6
2026-07-28 12:40:30,144 [INFO] Context:786 - Trying to add GPIOservice into a context  which must be forbidden
2026-07-28 12:40:30,598 [INFO] Rule:233 - rule 117617 - U5Cobra4M][GTZC] default value MPCBB3 and MPCBB5 - Not Secured memory - MPCBB1 is applicable
2026-07-28 12:40:30,600 [INFO] Rule:233 - rule 117617 - U5Cobra4M][GTZC] default value MPCBB3 and MPCBB5 - Not Secured memory - MPCBB1 is applicable
2026-07-28 12:40:30,600 [INFO] Rule:233 - rule 117617 - U5Cobra4M][GTZC] default value MPCBB3 and MPCBB5 - Not Secured memory - MPCBB2 is applicable
2026-07-28 12:40:30,600 [INFO] Rule:233 - rule 117617 - U5Cobra4M][GTZC] default value MPCBB3 and MPCBB5 - Not Secured memory - MPCBB2 is applicable
2026-07-28 12:40:30,600 [INFO] Rule:233 - rule 117617 - U5Cobra4M][GTZC] default value MPCBB3 and MPCBB5 - Not Secured memory - MPCBB3 is applicable
2026-07-28 12:40:30,600 [INFO] Rule:233 - rule 117617 - U5Cobra4M][GTZC] default value MPCBB3 and MPCBB5 - Not Secured memory - MPCBB3 is applicable
2026-07-28 12:40:30,600 [INFO] Rule:233 - rule 117617 - U5Cobra4M][GTZC] default value MPCBB3 and MPCBB5 - Not Secured memory - MPCBB4 is applicable
2026-07-28 12:40:30,600 [INFO] Rule:233 - rule 117617 - U5Cobra4M][GTZC] default value MPCBB3 and MPCBB5 - Not Secured memory - MPCBB4 is applicable
2026-07-28 12:40:30,600 [INFO] Rule:233 - rule 117617 - U5Cobra4M][GTZC] default value MPCBB3 and MPCBB5 - Secured memory - MPCBB1 is applicable
2026-07-28 12:40:30,600 [INFO] Rule:233 - rule 117617 - U5Cobra4M][GTZC] default value MPCBB3 and MPCBB5 - Secured memory - MPCBB2 is applicable
2026-07-28 12:40:30,600 [INFO] Rule:233 - rule 117617 - U5Cobra4M][GTZC] default value MPCBB3 and MPCBB5 - Secured memory - MPCBB3 is applicable
2026-07-28 12:40:30,600 [INFO] Rule:233 - rule 117617 - U5Cobra4M][GTZC] default value MPCBB3 and MPCBB5 - Secured memory - MPCBB4 is applicable
2026-07-28 12:40:30,600 [INFO] Rule:233 - rule 117617 - U5Cobra4M][GTZC] default value MPCBB3 and MPCBB5 - Privileged memory - MPCBB1 is applicable
2026-07-28 12:40:30,600 [INFO] Rule:233 - rule 117617 - U5Cobra4M][GTZC] default value MPCBB3 and MPCBB5 - Privileged memory - MPCBB2 is applicable
2026-07-28 12:40:30,600 [INFO] Rule:233 - rule 117617 - U5Cobra4M][GTZC] default value MPCBB3 and MPCBB5 - Privileged memory - MPCBB3 is applicable
2026-07-28 12:40:30,600 [INFO] Rule:233 - rule 117617 - U5Cobra4M][GTZC] default value MPCBB3 and MPCBB5 - Privileged memory - MPCBB4 is applicable
2026-07-28 12:40:30,600 [INFO] Rule:233 - rule 117617 - U5Cobra4M][GTZC] default value MPCBB3 and MPCBB5 - Not Privileged memory - MPCBB1 is applicable
2026-07-28 12:40:30,600 [INFO] Rule:233 - rule 117617 - U5Cobra4M][GTZC] default value MPCBB3 and MPCBB5 - Not Privileged memory - MPCBB2 is applicable
2026-07-28 12:40:30,600 [INFO] Rule:233 - rule 117617 - U5Cobra4M][GTZC] default value MPCBB3 and MPCBB5 - Not Privileged memory - MPCBB3 is applicable
2026-07-28 12:40:30,600 [INFO] Rule:233 - rule 117617 - U5Cobra4M][GTZC] default value MPCBB3 and MPCBB5 - Not Privileged memory - MPCBB4 is applicable
2026-07-28 12:40:30,600 [INFO] Rule:233 - rule 117617 - U5Cobra4M][GTZC] default value MPCBB3 and MPCBB5 - Privileged memory - MPCBB1 is applicable
2026-07-28 12:40:30,600 [INFO] Rule:233 - rule 117617 - U5Cobra4M][GTZC] default value MPCBB3 and MPCBB5 - Privileged memory - MPCBB2 is applicable
2026-07-28 12:40:30,600 [INFO] Rule:233 - rule 117617 - U5Cobra4M][GTZC] default value MPCBB3 and MPCBB5 - Privileged memory - MPCBB3 is applicable
2026-07-28 12:40:30,600 [INFO] Rule:233 - rule 117617 - U5Cobra4M][GTZC] default value MPCBB3 and MPCBB5 - Privileged memory - MPCBB4 is applicable
2026-07-28 12:40:30,600 [INFO] Rule:233 - rule 117617 - U5Cobra4M][GTZC] default value MPCBB3 and MPCBB5 - Privileged memory - MPCBB1 is applicable
2026-07-28 12:40:30,600 [INFO] Rule:233 - rule 117617 - U5Cobra4M][GTZC] default value MPCBB3 and MPCBB5 - Privileged memory - MPCBB2 is applicable
2026-07-28 12:40:30,600 [INFO] Rule:233 - rule 117617 - U5Cobra4M][GTZC] default value MPCBB3 and MPCBB5 - Privileged memory - MPCBB3 is applicable
2026-07-28 12:40:30,600 [INFO] Rule:233 - rule 117617 - U5Cobra4M][GTZC] default value MPCBB3 and MPCBB5 - Privileged memory - MPCBB4 is applicable
2026-07-28 12:40:30,600 [INFO] Rule:233 - rule 117617 - U5Cobra4M][GTZC] default value MPCBB3 and MPCBB5 - Not Privileged memory - MPCBB1 is applicable
2026-07-28 12:40:30,600 [INFO] Rule:233 - rule 117617 - U5Cobra4M][GTZC] default value MPCBB3 and MPCBB5 - Not Privileged memory - MPCBB2 is applicable
2026-07-28 12:40:30,600 [INFO] Rule:233 - rule 117617 - U5Cobra4M][GTZC] default value MPCBB3 and MPCBB5 - Not Privileged memory - MPCBB3 is applicable
2026-07-28 12:40:30,601 [INFO] Rule:233 - rule 117617 - U5Cobra4M][GTZC] default value MPCBB3 and MPCBB5 - Not Privileged memory - MPCBB4 is applicable
2026-07-28 12:40:30,601 [INFO] Rule:233 - rule 117617 - U5Cobra4M][GTZC] default value MPCBB3 and MPCBB5 - Privileged memory - MPCBB1 is applicable
2026-07-28 12:40:30,601 [INFO] Rule:233 - rule 117617 - U5Cobra4M][GTZC] default value MPCBB3 and MPCBB5 - Privileged memory - MPCBB2 is applicable
2026-07-28 12:40:30,601 [INFO] Rule:233 - rule 117617 - U5Cobra4M][GTZC] default value MPCBB3 and MPCBB5 - Privileged memory - MPCBB3 is applicable
2026-07-28 12:40:30,601 [INFO] Rule:233 - rule 117617 - U5Cobra4M][GTZC] default value MPCBB3 and MPCBB5 - Privileged memory - MPCBB4 is applicable
2026-07-28 12:40:30,601 [INFO] Rule:233 - rule WakeUp0 Mode is applicable
2026-07-28 12:40:30,601 [INFO] Rule:233 - rule WakeUp0 SIGNAL is applicable
2026-07-28 12:40:30,601 [INFO] Rule:233 - rule WakeUp1 Mode is applicable
2026-07-28 12:40:30,601 [INFO] Rule:233 - rule WakeUp1 SIGNAL is applicable
2026-07-28 12:40:30,601 [INFO] Rule:233 - rule WakeUp2 Mode is applicable
2026-07-28 12:40:30,601 [INFO] Rule:233 - rule WakeUp2 SIGNAL is applicable
2026-07-28 12:40:30,601 [INFO] Rule:233 - rule WakeUp4 Mode is applicable
2026-07-28 12:40:30,601 [INFO] Rule:233 - rule WakeUp4 SIGNAL is applicable
2026-07-28 12:40:30,601 [INFO] Rule:233 - rule WakeUp5 Mode is applicable
2026-07-28 12:40:30,601 [INFO] Rule:233 - rule WakeUp5 SIGNAL is applicable
2026-07-28 12:40:30,601 [INFO] Rule:233 - rule Change Default Value for LSE Drive Capability for WB family is applicable
2026-07-28 12:40:30,601 [INFO] Rule:233 - rule change FDCAN default value is applicable
2026-07-28 12:40:30,601 [INFO] Rule:233 - rule Adapt Old IOC before rework replace old CORTEX_M33/CORTEX_M55 attributes by the new one. is applicable
2026-07-28 12:40:30,601 [INFO] Rule:233 - rule Rename parametre of RCC RCC_APBDBG_DIV2 to RCC_TIMPRES_DIV2 is applicable
2026-07-28 12:40:30,601 [INFO] Rule:233 - rule Rename DIE493 pin PA10 [PA12] -> PA10 is applicable
2026-07-28 12:40:30,601 [INFO] Rule:233 - rule Rename DIE493 pin PA9 [PA11] -> PA9 is applicable
2026-07-28 12:40:30,601 [INFO] Rule:233 - rule Rename DIE492 PartNumber CPN STM32WBA5MJGHx -> STM32WBA5MMGHx is applicable
2026-07-28 12:40:30,601 [INFO] Rule:233 - rule Rename DIE492 PartNumber  Name STM32WBA5MJGHx -> STM32WBA5MMGHx is applicable
2026-07-28 12:40:30,601 [INFO] Rule:233 - rule Rename DIE492 PartNumber UserName STM32WBA5MJGHx -> STM32WBA5MMGHx is applicable
2026-07-28 12:40:30,601 [INFO] Rule:233 - rule Rename DIE492 PartNumber DeviceId STM32WBA5MJGHx -> STM32WBA5MMGHx is applicable
2026-07-28 12:40:30,601 [INFO] Rule:233 - rule Adapt Old IOC CSI. is applicable
2026-07-28 12:40:30,601 [INFO] Rule:233 - rule Adapt Old IOC DCMIPP. is applicable
2026-07-28 12:40:30,602 [INFO] Rule:233 - rule Adapt Old IOC DCMIPP Mode Parallel. is applicable
2026-07-28 12:40:30,602 [INFO] Rule:233 - rule Adapt Old IOC LTDC. is applicable
2026-07-28 12:40:30,602 [INFO] Rule:233 - rule Rename STM32MP2 RIF Peripheral LTDC RIF.RISUP.LTDC_L0L1.Privilege -> RIF.RISUP.LTDC_L1L2.Privilege is applicable
2026-07-28 12:40:30,602 [INFO] Rule:233 - rule Rename STM32MP2 RIF Peripheral LTDC RIF.RISUP.LTDC_L0L1.Privilege -> RIF.RISUP.LTDC_L1L2.Privilege is applicable
2026-07-28 12:40:30,602 [INFO] Rule:233 - rule Rename STM32MP2 RIF Peripheral LTDC RIF.RISUP.LTDC_L0L1.Lock -> RIF.RISUP.LTDC_L1L2.Lock is applicable
2026-07-28 12:40:30,602 [INFO] Rule:233 - rule Rename STM32MP2 RIF Peripheral LTDC RIF.RISUP.LTDC_L2.Lock -> RIF.RISUP.LTDC_L3.Lock is applicable
2026-07-28 12:40:30,602 [INFO] Rule:233 - rule Adapt the old IOC example for updating the SYS when it is misconfigured. is applicable
2026-07-28 12:40:30,602 [INFO] Rule:233 - rule Rename STM32C09 Mcu.Package LQFP64 -> LQFP48 is applicable
2026-07-28 12:40:30,602 [INFO] Rule:233 - rule Adapt the old IOC example for updating the SYS when it is misconfigured. is applicable
2026-07-28 12:40:30,602 [INFO] Rule:233 - rule Adapt the old IOC example for updating the SYS when it is misconfigured. is applicable
2026-07-28 12:40:30,618 [INFO] DbConfProperties:307 - Apply Compatibility (5/68 Rules)
2026-07-28 12:40:30,669 [INFO] ImportTextPane:234 - (OptionalMessage_ERROR) Pin84 (VP_RIF_VS_RIF1) cannot be retrieved for this MCU
2026-07-28 12:40:30,804 [INFO] RtosManager:558 - Registered RTOS mode: class=CMSIS, group=RTOS, mode=CMSIS_V1, owner=FREERTOS
2026-07-28 12:40:30,804 [INFO] RtosManager:558 - Registered RTOS mode: class=CMSIS, group=RTOS2, mode=CMSIS_V2, owner=FREERTOS
2026-07-28 12:40:30,804 [INFO] RtosManager:558 - Registered RTOS mode: class=RTOS, group=Core, mode=CMSIS_V1, owner=FREERTOS
2026-07-28 12:40:30,804 [INFO] RtosManager:558 - Registered RTOS mode: class=RTOS, group=Core, mode=CMSIS_V2, owner=FREERTOS
2026-07-28 12:40:30,805 [WARN] ModelIntegratedComponent:184 - Missing modes for component STMicroelectronics:FreeRTOS:0.0.1:STMicroelectronics:RTOS:FreeRTOS:Core:::10.2.0:
2026-07-28 12:40:30,819 [WARN] ModelIntegratedComponent:63 - No mode defined for component null
2026-07-28 12:40:30,819 [WARN] ModelIntegratedComponent:63 - No mode defined for component null
2026-07-28 12:40:30,819 [WARN] ModelIntegratedComponent:63 - No mode defined for component null
2026-07-28 12:40:30,819 [WARN] ModelIntegratedComponent:63 - No mode defined for component null
2026-07-28 12:40:30,819 [WARN] ModelIntegratedComponent:63 - No mode defined for component null
2026-07-28 12:40:30,819 [WARN] ModelIntegratedComponent:63 - No mode defined for component null
2026-07-28 12:40:30,819 [WARN] ModelIntegratedComponent:63 - No mode defined for component null
2026-07-28 12:40:30,819 [WARN] ModelIntegratedComponent:63 - No mode defined for component null
2026-07-28 12:40:30,819 [WARN] ModelIntegratedComponent:63 - No mode defined for component null
2026-07-28 12:40:30,819 [WARN] ModelIntegratedComponent:63 - No mode defined for component null
2026-07-28 12:40:30,819 [WARN] ModelIntegratedComponent:63 - No mode defined for component null
2026-07-28 12:40:30,819 [WARN] ModelIntegratedComponent:63 - No mode defined for component null
2026-07-28 12:40:30,819 [WARN] ModelIntegratedComponent:63 - No mode defined for component null
2026-07-28 12:40:30,819 [WARN] ModelIntegratedComponent:63 - No mode defined for component null
2026-07-28 12:40:30,819 [WARN] ModelIntegratedComponent:63 - No mode defined for component null
2026-07-28 12:40:30,819 [WARN] ModelIntegratedComponent:63 - No mode defined for component null
2026-07-28 12:40:30,819 [WARN] ModelIntegratedComponent:63 - No mode defined for component null
2026-07-28 12:40:30,819 [WARN] ModelIntegratedComponent:63 - No mode defined for component null
2026-07-28 12:40:30,819 [WARN] ModelIntegratedComponent:63 - No mode defined for component null
2026-07-28 12:40:30,819 [WARN] ModelIntegratedComponent:63 - No mode defined for component null
2026-07-28 12:40:30,819 [WARN] ModelIntegratedComponent:63 - No mode defined for component null
2026-07-28 12:40:30,819 [WARN] ModelIntegratedComponent:63 - No mode defined for component null
2026-07-28 12:40:30,819 [WARN] ModelIntegratedComponent:63 - No mode defined for component null
2026-07-28 12:40:30,819 [WARN] ModelIntegratedComponent:63 - No mode defined for component null
2026-07-28 12:40:30,819 [WARN] ModelIntegratedComponent:63 - No mode defined for component null
2026-07-28 12:40:30,819 [WARN] ModelIntegratedComponent:63 - No mode defined for component null
2026-07-28 12:40:30,819 [WARN] ModelIntegratedComponent:63 - No mode defined for component null
2026-07-28 12:40:30,819 [WARN] ModelIntegratedComponent:63 - No mode defined for component null
2026-07-28 12:40:30,819 [WARN] ModelIntegratedComponent:63 - No mode defined for component null
2026-07-28 12:40:30,820 [WARN] ModelIntegratedComponent:63 - No mode defined for component null
2026-07-28 12:40:30,820 [WARN] ModelIntegratedComponent:63 - No mode defined for component null
2026-07-28 12:40:30,820 [WARN] ModelIntegratedComponent:63 - No mode defined for component null
2026-07-28 12:40:30,820 [WARN] ModelIntegratedComponent:63 - No mode defined for component null
2026-07-28 12:40:30,820 [WARN] ModelIntegratedComponent:63 - No mode defined for component null
2026-07-28 12:40:30,820 [WARN] ModelIntegratedComponent:63 - No mode defined for component null
2026-07-28 12:40:30,820 [WARN] ModelPack:524 - Component already loaded: STMicroelectronics:HAL Drivers:0.0.0:STMicroelectronics:Device:STMicro_Driver:XSPI:HAL::0.0.1:HAL_XSPI
2026-07-28 12:40:30,897 [INFO] ThirdPartyModel:298 - Start build external matchings
2026-07-28 12:40:31,146 [INFO] ThirdPartyModel:316 - End build external matchings
2026-07-28 12:40:31,170 [WARN] IP:2250 - MaxTran not found: check if there is a RefParameter without a condition.
2026-07-28 12:40:31,172 [WARN] IP:2250 - Refresh not found: check if there is a RefParameter without a condition.
2026-07-28 12:40:31,172 [INFO] ImportTextPane:234 - (OptionalMessage_ERROR) IP (RCC) : Invalid parameter (FamilyName)
2026-07-28 12:40:31,483 [INFO] UtilMem:75 - End LoadConfig() Used Memory: 806587152 Bytes (1073741824)
2026-07-28 12:40:31,585 [WARN] ThirdParty:833 - waiting for thirdparty lock release [change project]
2026-07-28 12:40:31,585 [INFO] ThirdParty:835 - entering critical section [change project]
2026-07-28 12:40:31,585 [INFO] ThirdParty:1030 - CMSIS Pack Vendor :STMicroelectronics X-CUBE-AZRTOS-H7 3.5.0
2026-07-28 12:40:31,585 [INFO] ThirdParty:1030 - CMSIS Pack Vendor :STMicroelectronics X-CUBE-PM33A1 1.0.0
2026-07-28 12:40:31,585 [INFO] ThirdParty:1030 - CMSIS Pack Vendor :STMicroelectronics USBPD 4.1
2026-07-28 12:40:31,585 [INFO] ThirdParty:1030 - CMSIS Pack Vendor :STMicroelectronics X-CUBE-NFC9 1.0.0
2026-07-28 12:40:31,586 [INFO] ThirdParty:1030 - CMSIS Pack Vendor :STMicroelectronics USB_HOST 2.0.0
2026-07-28 12:40:31,586 [INFO] ThirdParty:1030 - CMSIS Pack Vendor :STMicroelectronics FP-ATR-ASTRA1 2.0.3
2026-07-28 12:40:31,586 [INFO] ThirdParty:1030 - CMSIS Pack Vendor :STMicroelectronics X-CUBE-AZRTOS-F4 1.1.0
2026-07-28 12:40:31,586 [INFO] ThirdParty:1030 - CMSIS Pack Vendor :STMicroelectronics LIBJPEG 8.0.0
2026-07-28 12:40:31,586 [INFO] ThirdParty:1030 - CMSIS Pack Vendor :STMicroelectronics X-CUBE-BLE1 7.1.0
2026-07-28 12:40:31,586 [INFO] ThirdParty:1030 - CMSIS Pack Vendor :wolfSSL I-CUBE-wolfMQTT 1.19.2
2026-07-28 12:40:31,586 [INFO] ThirdParty:1030 - CMSIS Pack Vendor :STMicroelectronics USB_DEVICE 3.0.0
2026-07-28 12:40:31,586 [INFO] ThirdParty:1030 - CMSIS Pack Vendor :STMicroelectronics X-CUBE-ISPU 2.1.0
2026-07-28 12:40:31,586 [INFO] ThirdParty:1030 - CMSIS Pack Vendor :STMicroelectronics X-CUBE-EEPRMA1 5.2.0
2026-07-28 12:40:31,586 [INFO] ThirdParty:1030 - CMSIS Pack Vendor :STMicroelectronics X-CUBE-IPS 3.2.0
2026-07-28 12:40:31,586 [INFO] ThirdParty:1030 - CMSIS Pack Vendor :STMicroelectronics eDS-WB_DPC_TT-BIDIR 2.1.1
2026-07-28 12:40:31,586 [INFO] ThirdParty:1030 - CMSIS Pack Vendor :STMicroelectronics X-CUBE-AZRTOS-WB 2.0.0
2026-07-28 12:40:31,586 [INFO] ThirdParty:1030 - CMSIS Pack Vendor :STMicroelectronics X-CUBE-NFC12 1.0.0
2026-07-28 12:40:31,586 [INFO] ThirdParty:1030 - CMSIS Pack Vendor :STMicroelectronics X-CUBE-AZRTOS-F7 1.1.0
2026-07-28 12:40:31,586 [INFO] ThirdParty:1030 - CMSIS Pack Vendor :STMicroelectronics X-CUBE-AZRTOS-L5 2.0.0
2026-07-28 12:40:31,586 [INFO] ThirdParty:1030 - CMSIS Pack Vendor :STMicroelectronics USB_DEVICE 2.0.0
2026-07-28 12:40:31,586 [INFO] ThirdParty:1030 - CMSIS Pack Vendor :STMicroelectronics X-CUBE-FREERTOS 1.6.0
2026-07-28 12:40:31,586 [INFO] ThirdParty:1030 - CMSIS Pack Vendor :STMicroelectronics FP-SNS-STAIOTCFT 1.1.0
2026-07-28 12:40:31,586 [INFO] ThirdParty:1030 - CMSIS Pack Vendor :quantropi X-CUBE-qispace-sdk-base 2.1.0
2026-07-28 12:40:31,586 [INFO] ThirdParty:1030 - CMSIS Pack Vendor :STMicroelectronics X-CUBE-STSE01 2.0.0
2026-07-28 12:40:31,586 [INFO] ThirdParty:1030 - CMSIS Pack Vendor :STMicroelectronics X-CUBE-ALGOBUILD 1.5.0
2026-07-28 12:40:31,586 [INFO] ThirdParty:1030 - CMSIS Pack Vendor :STMicroelectronics FP-SNS-MOTENV1 5.1.0
2026-07-28 12:40:31,586 [INFO] ThirdParty:1030 - CMSIS Pack Vendor :STMicroelectronics FreeRTOS 0.0.1
2026-07-28 12:40:31,586 [INFO] ThirdParty:1030 - CMSIS Pack Vendor :STMicroelectronics X-CUBE-AZRTOS-H7RS 1.3.0
2026-07-28 12:40:31,586 [INFO] ThirdParty:1030 - CMSIS Pack Vendor :STMicroelectronics X-CUBE-AZRTOS-G0 1.1.0
2026-07-28 12:40:31,586 [INFO] ThirdParty:1030 - CMSIS Pack Vendor :STMicroelectronics X-CUBE-NFC4 3.0.0
2026-07-28 12:40:31,586 [INFO] ThirdParty:1030 - CMSIS Pack Vendor :STMicroelectronics X-CUBE-SUBG2 5.0.0
2026-07-28 12:40:31,586 [INFO] ThirdParty:1030 - CMSIS Pack Vendor :STMicroelectronics STM32_WPAN 1.0.0
2026-07-28 12:40:31,586 [INFO] ThirdParty:1030 - CMSIS Pack Vendor :STMicroelectronics eDS-WB_DPC_VIENNA 1.2.0
2026-07-28 12:40:31,586 [INFO] ThirdParty:1030 - CMSIS Pack Vendor :EmbeddedOffice I-CUBE-FS-RTOS 1.0.1
2026-07-28 12:40:31,586 [INFO] ThirdParty:1030 - CMSIS Pack Vendor :STMicroelectronics lwIP 2.0.3
2026-07-28 12:40:31,586 [INFO] ThirdParty:1030 - CMSIS Pack Vendor :WES I-CUBE-Cesium 1.4.0
2026-07-28 12:40:31,586 [INFO] ThirdParty:1030 - CMSIS Pack Vendor :STMicroelectronics eDS-WB_DPC_3PH2L-BIDIR 1.1.1
2026-07-28 12:40:31,586 [INFO] ThirdParty:1030 - CMSIS Pack Vendor :STMicroelectronics USB_HOST 1.0.0
2026-07-28 12:40:31,586 [INFO] ThirdParty:1030 - CMSIS Pack Vendor :STMicroelectronics X-CUBE-AZRTOS-G4 2.0.0
2026-07-28 12:40:31,586 [INFO] ThirdParty:1030 - CMSIS Pack Vendor :STMicroelectronics PDM2PCM 3.1.0
2026-07-28 12:40:31,586 [INFO] ThirdParty:1030 - CMSIS Pack Vendor :STMicroelectronics PDM2PCM 3.3.0
2026-07-28 12:40:31,586 [INFO] ThirdParty:1030 - CMSIS Pack Vendor :wolfSSL I-CUBE-wolfTPM 3.8.0
2026-07-28 12:40:31,587 [INFO] ThirdParty:1030 - CMSIS Pack Vendor :STMicroelectronics X-CUBE-DISPLAY 3.0.0
2026-07-28 12:40:31,587 [INFO] ThirdParty:1030 - CMSIS Pack Vendor :wolfSSL I-CUBE-wolfSSH 1.4.20
2026-07-28 12:40:31,587 [INFO] ThirdParty:1030 - CMSIS Pack Vendor :STMicroelectronics X-CUBE-NFC7 2.0.0
2026-07-28 12:40:31,587 [INFO] ThirdParty:1030 - CMSIS Pack Vendor :STMicroelectronics X-CUBE-GNSS1 7.1.1
2026-07-28 12:40:31,587 [INFO] ThirdParty:1030 - CMSIS Pack Vendor :STMicroelectronics FP-SNS-MOTENVWB1 1.5.0
2026-07-28 12:40:31,587 [INFO] ThirdParty:1030 - CMSIS Pack Vendor :STMicroelectronics X-CUBE-TCPP 4.2.0
2026-07-28 12:40:31,587 [INFO] ThirdParty:1030 - CMSIS Pack Vendor :RealThread X-CUBE-RT-Thread_Nano 4.1.1
2026-07-28 12:40:31,587 [INFO] ThirdParty:1030 - CMSIS Pack Vendor :STMicroelectronics FP-ATR-SIGFOX1 3.2.0
2026-07-28 12:40:31,587 [INFO] ThirdParty:1030 - CMSIS Pack Vendor :STMicroelectronics X-CUBE-NFC10 1.0.0
2026-07-28 12:40:31,587 [INFO] ThirdParty:1030 - CMSIS Pack Vendor :STMicroelectronics HAL Drivers 0.0.0
2026-07-28 12:40:31,587 [INFO] ThirdParty:1030 - CMSIS Pack Vendor :STMicroelectronics MBEDTLS 2.16.2
2026-07-28 12:40:31,587 [INFO] ThirdParty:1030 - CMSIS Pack Vendor :STMicroelectronics X-CUBE-ST60 1.1.0
2026-07-28 12:40:31,587 [INFO] ThirdParty:1030 - CMSIS Pack Vendor :STMicroelectronics X-CUBE-ALS 1.0.2
2026-07-28 12:40:31,587 [INFO] ThirdParty:1030 - CMSIS Pack Vendor :emotas I-CUBE-CANOPEN 1.3.0
2026-07-28 12:40:31,587 [INFO] ThirdParty:1030 - CMSIS Pack Vendor :wolfSSL I-CUBE-wolfSSL 5.9.2
2026-07-28 12:40:31,587 [INFO] ThirdParty:1030 - CMSIS Pack Vendor :STMicroelectronics MBEDTLS 2.14.1
2026-07-28 12:40:31,587 [INFO] ThirdParty:1030 - CMSIS Pack Vendor :ITTIA_DB I-CUBE-ITTIADB 8.9.0
2026-07-28 12:40:31,587 [INFO] ThirdParty:1030 - CMSIS Pack Vendor :Cesanta I-CUBE-Mongoose 7.21.7
2026-07-28 12:40:31,587 [INFO] ThirdParty:1030 - CMSIS Pack Vendor :STMicroelectronics X-CUBE-TOUCHGFX 4.26.1
2026-07-28 12:40:31,587 [INFO] ThirdParty:1030 - CMSIS Pack Vendor :STMicroelectronics X-CUBE-NFC6 3.2.0
2026-07-28 12:40:31,587 [INFO] ThirdParty:1030 - CMSIS Pack Vendor :STMicroelectronics FP-SNS-STBOX1 2.1.0
2026-07-28 12:40:31,587 [INFO] ThirdParty:1030 - CMSIS Pack Vendor :STMicroelectronics X-CUBE-AI 10.2.1
2026-07-28 12:40:31,587 [INFO] ThirdParty:1030 - CMSIS Pack Vendor :STMicroelectronics ThreadX 1.0.0
2026-07-28 12:40:31,587 [INFO] ThirdParty:1030 - CMSIS Pack Vendor :STMicroelectronics FP-SNS-SMARTAG2 1.2.0
2026-07-28 12:40:31,587 [INFO] ThirdParty:1030 - CMSIS Pack Vendor :STMicroelectronics X-CUBE-MEMS1 12.1.0
2026-07-28 12:40:31,587 [INFO] ThirdParty:1030 - CMSIS Pack Vendor :STMicroelectronics FP-SNS-FLIGHT1 5.1.0
2026-07-28 12:40:31,587 [INFO] ThirdParty:1030 - CMSIS Pack Vendor :STMicroelectronics X-CUBE-AZRTOS-WL 2.0.0
2026-07-28 12:40:31,587 [INFO] ThirdParty:1030 - CMSIS Pack Vendor :SEGGER I-CUBE-embOS 1.3.1
2026-07-28 12:40:31,587 [INFO] ThirdParty:1030 - CMSIS Pack Vendor :STMicroelectronics X-CUBE-DPower 1.3.0
2026-07-28 12:40:31,587 [INFO] ThirdParty:1030 - CMSIS Pack Vendor :STMicroelectronics USB_DEVICE 1.0.0
2026-07-28 12:40:31,587 [INFO] ThirdParty:1030 - CMSIS Pack Vendor :STMicroelectronics X-CUBE-AZRTOS-L4 2.0.0
2026-07-28 12:40:31,587 [INFO] ThirdParty:1030 - CMSIS Pack Vendor :STMicroelectronics ThreadX 0.0.2
2026-07-28 12:40:31,587 [INFO] ThirdParty:1030 - CMSIS Pack Vendor :STMicroelectronics lwIP 2.1.2
2026-07-28 12:40:31,587 [INFO] ThirdParty:1030 - CMSIS Pack Vendor :STMicroelectronics X-CUBE-SFXS2LP1 4.0.0
2026-07-28 12:40:31,587 [INFO] ThirdParty:1030 - CMSIS Pack Vendor :STMicroelectronics X-CUBE-BLE2 3.3.0
2026-07-28 12:40:31,587 [INFO] ThirdParty:1030 - CMSIS Pack Vendor :Avnet-IOTCONNECT X-CUBE-iotc-st67-sdk 1.0.0
2026-07-28 12:40:31,587 [INFO] ThirdParty:1030 - CMSIS Pack Vendor :STMicroelectronics X-CUBE-TOF1 3.4.3
2026-07-28 12:40:31,587 [INFO] ThirdParty:1030 - CMSIS Pack Vendor :Infineon AIROC-Wi-Fi-Bluetooth-STM32 1.8.0
2026-07-28 12:40:31,587 [INFO] ThirdParty:1030 - CMSIS Pack Vendor :STMicroelectronics X-CUBE-NFC13 1.0.0
2026-07-28 12:40:31,587 [INFO] ThirdParty:1030 - CMSIS Pack Vendor :STMicroelectronics PDM2PCM 3.2.0
2026-07-28 12:40:31,587 [INFO] ThirdParty:1030 - CMSIS Pack Vendor :STMicroelectronics X-CUBE-WB05N 2.1.0
2026-07-28 12:40:31,587 [INFO] ThirdParty:841 - exiting critical section [change project]
2026-07-28 12:40:31,935 [INFO] PinOutPanel:1589 - setPackage(No Configuration,No Configuration)
2026-07-28 12:40:31,936 [INFO] PinOutPanel:1589 - setPackage(STM32L4S5VITx,LQFP100)
2026-07-28 12:40:32,388 [INFO] UtilMem:75 - Before build in PCC Used Memory: 797756672 Bytes (1073741824)
2026-07-28 12:40:33,163 [INFO] UtilMem:75 - After build in PCC Used Memory: 928255648 Bytes (1073741824)
2026-07-28 12:40:33,186 [INFO] IPUIPlugin:80 - create IPUIPlugin
2026-07-28 12:40:33,187 [INFO] IPUIPlugin:80 - create IPUIPlugin
2026-07-28 12:40:33,187 [INFO] IPUIPlugin:80 - create IPUIPlugin
2026-07-28 12:40:33,187 [INFO] IPUIPlugin:80 - create IPUIPlugin
2026-07-28 12:40:33,187 [INFO] IPUIPlugin:80 - create IPUIPlugin
2026-07-28 12:40:33,187 [INFO] IPUIPlugin:80 - create IPUIPlugin
2026-07-28 12:40:33,187 [INFO] IPUIPlugin:80 - create IPUIPlugin
2026-07-28 12:40:33,187 [INFO] IPUIPlugin:80 - create IPUIPlugin
2026-07-28 12:40:33,187 [INFO] IPUIPlugin:80 - create IPUIPlugin
2026-07-28 12:40:33,187 [INFO] IPUIPlugin:80 - create IPUIPlugin
2026-07-28 12:40:33,187 [INFO] IPUIPlugin:80 - create IPUIPlugin
2026-07-28 12:40:33,187 [INFO] IPUIPlugin:80 - create IPUIPlugin
2026-07-28 12:40:33,187 [INFO] IPUIPlugin:80 - create IPUIPlugin
2026-07-28 12:40:33,187 [INFO] IPUIPlugin:80 - create IPUIPlugin
2026-07-28 12:40:33,187 [INFO] IPUIPlugin:80 - create IPUIPlugin
2026-07-28 12:40:33,187 [INFO] IPUIPlugin:80 - create IPUIPlugin
2026-07-28 12:40:33,187 [INFO] IPUIPlugin:80 - create IPUIPlugin
2026-07-28 12:40:33,187 [INFO] IPUIPlugin:80 - create IPUIPlugin
2026-07-28 12:40:33,188 [INFO] IPUIPlugin:80 - create IPUIPlugin
2026-07-28 12:40:33,188 [INFO] IPUIPlugin:80 - create IPUIPlugin
2026-07-28 12:40:33,188 [INFO] IPUIPlugin:80 - create IPUIPlugin
2026-07-28 12:40:33,188 [INFO] IPUIPlugin:80 - create IPUIPlugin
2026-07-28 12:40:33,188 [INFO] IPUIPlugin:80 - create IPUIPlugin
2026-07-28 12:40:33,188 [INFO] IPUIPlugin:80 - create IPUIPlugin
2026-07-28 12:40:33,188 [INFO] IPUIPlugin:80 - create IPUIPlugin
2026-07-28 12:40:33,188 [INFO] IPUIPlugin:80 - create IPUIPlugin
2026-07-28 12:40:33,188 [INFO] IPUIPlugin:80 - create IPUIPlugin
2026-07-28 12:40:33,188 [INFO] IPUIPlugin:80 - create IPUIPlugin
2026-07-28 12:40:33,188 [INFO] IPUIPlugin:80 - create IPUIPlugin
2026-07-28 12:40:33,188 [INFO] IPUIPlugin:80 - create IPUIPlugin
2026-07-28 12:40:33,189 [INFO] IPUIPlugin:80 - create IPUIPlugin
2026-07-28 12:40:33,189 [INFO] IPUIPlugin:80 - create IPUIPlugin
2026-07-28 12:40:33,189 [INFO] IPUIPlugin:80 - create IPUIPlugin
2026-07-28 12:40:33,189 [INFO] IPUIPlugin:80 - create IPUIPlugin
2026-07-28 12:40:33,189 [INFO] IPUIPlugin:80 - create IPUIPlugin
2026-07-28 12:40:33,189 [INFO] IPUIPlugin:80 - create IPUIPlugin
2026-07-28 12:40:33,189 [INFO] IPUIPlugin:80 - create IPUIPlugin
2026-07-28 12:40:33,189 [INFO] IPUIPlugin:80 - create IPUIPlugin
2026-07-28 12:40:33,189 [INFO] IPUIPlugin:80 - create IPUIPlugin
2026-07-28 12:40:33,189 [INFO] IPUIPlugin:80 - create IPUIPlugin
2026-07-28 12:40:33,189 [INFO] IPUIPlugin:80 - create IPUIPlugin
2026-07-28 12:40:33,189 [INFO] IPUIPlugin:80 - create IPUIPlugin
2026-07-28 12:40:33,190 [INFO] IPUIPlugin:80 - create IPUIPlugin
2026-07-28 12:40:33,190 [INFO] IPUIPlugin:80 - create IPUIPlugin
2026-07-28 12:40:33,190 [INFO] IPUIPlugin:80 - create IPUIPlugin
2026-07-28 12:40:33,190 [INFO] IPUIPlugin:80 - create IPUIPlugin
2026-07-28 12:40:33,190 [INFO] IPUIPlugin:80 - create IPUIPlugin
2026-07-28 12:40:33,190 [INFO] IPUIPlugin:80 - create IPUIPlugin
2026-07-28 12:40:33,190 [INFO] IPUIPlugin:80 - create IPUIPlugin
2026-07-28 12:40:33,191 [INFO] IPUIPlugin:80 - create IPUIPlugin
2026-07-28 12:40:33,191 [INFO] IPUIPlugin:80 - create IPUIPlugin
2026-07-28 12:40:33,191 [INFO] IPUIPlugin:80 - create IPUIPlugin
2026-07-28 12:40:33,191 [INFO] IPUIPlugin:80 - create IPUIPlugin
2026-07-28 12:40:33,192 [INFO] IPUIPlugin:80 - create IPUIPlugin
2026-07-28 12:40:33,192 [INFO] IPUIPlugin:80 - create IPUIPlugin
2026-07-28 12:40:33,192 [INFO] IPUIPlugin:80 - create IPUIPlugin
2026-07-28 12:40:33,192 [INFO] IPUIPlugin:80 - create IPUIPlugin
2026-07-28 12:40:33,192 [INFO] IPUIPlugin:80 - create IPUIPlugin
2026-07-28 12:40:33,192 [INFO] IPUIPlugin:80 - create IPUIPlugin
2026-07-28 12:40:33,193 [INFO] IPUIPlugin:80 - create IPUIPlugin
2026-07-28 12:40:33,193 [INFO] IPUIPlugin:80 - create IPUIPlugin
2026-07-28 12:40:33,193 [INFO] IPUIPlugin:80 - create IPUIPlugin
2026-07-28 12:40:33,193 [INFO] IPUIPlugin:80 - create IPUIPlugin
2026-07-28 12:40:33,372 [INFO] CADModel:165 - CPN selected for project levelSTM32L4S5VIT6
2026-07-28 12:40:33,372 [INFO] CADModel:114 - Register for checkConnection events
2026-07-28 12:40:33,415 [INFO] OpenFileManager:386 - Restore cursor
2026-07-28 12:40:33,695 [WARN] IP:2250 - MaxTran not found: check if there is a RefParameter without a condition.
2026-07-28 12:40:33,695 [WARN] IP:2250 - Refresh not found: check if there is a RefParameter without a condition.
2026-07-28 12:40:33,695 [WARN] IP:2250 - MaxTran not found: check if there is a RefParameter without a condition.
2026-07-28 12:40:33,696 [WARN] IP:2250 - Refresh not found: check if there is a RefParameter without a condition.
2026-07-28 12:40:35,854 [INFO] UtilMem:75 - End SaveConfig() Used Memory: 945812928 Bytes (1073741824)
2026-07-28 12:41:14,850 [INFO] McuFinderGlobals:76 - Set McuFinderConnectedMode to true
2026-07-28 12:41:14,854 [INFO] ApiDb:448 - Save user favorites file C:\Users\ADMIN/.stm32cubeide/favorites.mcus.txt: 0 item(s)
2026-07-28 12:41:14,854 [INFO] ApiDb:452 - User favorites MCUs=[]
2026-07-28 12:41:14,855 [INFO] ApiDb:448 - Save user favorites file C:\Users\ADMIN/.stm32cubeide/favorites.boards.txt: 0 item(s)
2026-07-28 12:41:14,855 [INFO] ApiDb:452 - User favorites Boards=[]
2026-07-28 14:04:17,439 [INFO] WebApp:194 - Connection lost
2026-07-28 14:04:34,134 [INFO] WebApp:191 - Connection restablished
2026-07-28 14:05:00,610 [INFO] McuFinderGlobals:63 - Set McuFinder mode to 2 (CubeIDE integrated)
2026-07-28 14:05:00,610 [INFO] UserAuth:171 - activating auth plugin
2026-07-28 14:05:00,613 [INFO] UserAuth:487 - Internet connection configuration mode: 1
2026-07-28 14:09:07,211 [INFO] McuFinderGlobals:63 - Set McuFinder mode to 2 (CubeIDE integrated)
2026-07-28 14:09:07,211 [INFO] UserAuth:171 - activating auth plugin
2026-07-28 14:09:07,213 [INFO] UserAuth:487 - Internet connection configuration mode: 1
2026-07-28 14:10:02,166 [INFO] WebApp:652 - userauth.ini deleted or not created
2026-07-28 14:12:02,621 [INFO] UtilMem:75 - End SaveConfig() Used Memory: 653029480 Bytes (1073741824)
2026-07-28 14:12:05,048 [INFO] UtilMem:75 - End SaveConfig() Used Memory: 734489920 Bytes (1073741824)
2026-07-28 14:12:06,987 [INFO] ServerAccessManage:452 - Complete download http(s) 200
2026-07-28 14:12:06,989 [INFO] ServerAccessManage:509 - Download File stm32cube_fw_l4_v1180.zip
2026-07-28 14:12:22,328 [INFO] AnalyticsPlugin:368 - Accepted License(s): [FW.L4.1.18.0]
2026-07-28 14:12:22,330 [INFO] FileExtend:248 - Unzip File : stm32cube_fw_l4_v1180.zip
2026-07-28 14:12:22,330 [INFO] FileExtend:263 - Standard Zip Deflate
2026-07-28 14:13:01,869 [INFO] ServerAccessManage:452 - Complete download http(s) 200
2026-07-28 14:13:01,869 [INFO] ServerAccessManage:509 - Download File stm32cube_fw_l4_v1182.zip
2026-07-28 14:13:05,804 [INFO] FileExtend:248 - Unzip File : stm32cube_fw_l4_v1182.zip
2026-07-28 14:13:05,806 [INFO] FileExtend:263 - Standard Zip Deflate
2026-07-28 14:13:30,092 [INFO] LoadServerPackagesThread:196 - End of LoadServerPackages Thread
2026-07-28 14:13:30,370 [INFO] ThirdPartyModel:298 - Start build external matchings
2026-07-28 14:13:30,397 [INFO] UtilMem:75 - End SaveConfig() Used Memory: 790948144 Bytes (1073741824)
2026-07-28 14:13:30,906 [INFO] ThirdPartyModel:316 - End build external matchings
2026-07-28 14:13:30,921 [INFO] CheckServerUpdateThread:120 - End of CheckServer Thread
2026-07-28 14:13:31,101 [INFO] BlockDiagram:2775 - set Specific Code input for plugin: SYS
2026-07-28 14:13:31,101 [INFO] BlockDiagram:2775 - set Specific Code input for plugin: RCC
2026-07-28 14:13:31,102 [INFO] BlockDiagram:2775 - set Specific Code input for plugin: NVIC
2026-07-28 14:13:31,104 [INFO] CodeGenerator:892 - code generatio: config db path: C:\ST\STM32CubeIDE_1.19.0\STM32CubeIDE\plugins\com.st.stm32cube.common.mx_6.15.0.202507011659\\db\
2026-07-28 14:13:31,303 [INFO] CodeEngine:265 - oldGeneratedFile, D:\TinyML_GJ\TinyML_Workshop\STM32\First_STM32_project\MXTmpFiles\license.tmp_save
2026-07-28 14:13:31,886 [INFO] CodeEngine:289 - Generated code: D:\TinyML_GJ\TinyML_Workshop\STM32\First_STM32_project\MXTmpFiles\license.tmp
2026-07-28 14:13:32,070 [INFO] CodeEngine:265 - oldGeneratedFile, D:\TinyML_GJ\TinyML_Workshop\STM32\First_STM32_project\Core\Src\stm32l4xx_it.c_save
2026-07-28 14:13:32,290 [INFO] CodeEngine:289 - Generated code: D:\TinyML_GJ\TinyML_Workshop\STM32\First_STM32_project\Core\Src\stm32l4xx_it.c
2026-07-28 14:13:32,325 [INFO] CodeEngine:265 - oldGeneratedFile, D:\TinyML_GJ\TinyML_Workshop\STM32\First_STM32_project\Core\Inc\stm32l4xx_it.h_save
2026-07-28 14:13:32,398 [INFO] CodeEngine:289 - Generated code: D:\TinyML_GJ\TinyML_Workshop\STM32\First_STM32_project\Core\Inc\stm32l4xx_it.h
2026-07-28 14:13:32,438 [INFO] CodeEngine:265 - oldGeneratedFile, D:\TinyML_GJ\TinyML_Workshop\STM32\First_STM32_project\Core\Src\stm32l4xx_hal_msp.c_save
2026-07-28 14:13:32,628 [INFO] CodeEngine:289 - Generated code: D:\TinyML_GJ\TinyML_Workshop\STM32\First_STM32_project\Core\Src\stm32l4xx_hal_msp.c
2026-07-28 14:13:32,648 [INFO] CodeEngine:265 - oldGeneratedFile, D:\TinyML_GJ\TinyML_Workshop\STM32\First_STM32_project\MXTmpFiles\system.tmp_save
2026-07-28 14:13:32,709 [INFO] CodeEngine:289 - Generated code: D:\TinyML_GJ\TinyML_Workshop\STM32\First_STM32_project\MXTmpFiles\system.tmp
2026-07-28 14:13:32,728 [INFO] CodeEngine:321 - oldGeneratedFile, D:\TinyML_GJ\TinyML_Workshop\STM32\First_STM32_project\Core\Inc\stm32l4xx_hal_conf.h_save
2026-07-28 14:13:32,854 [INFO] CodeEngine:345 - Generated code: D:\TinyML_GJ\TinyML_Workshop\STM32\First_STM32_project\Core\Inc\stm32l4xx_hal_conf.h
2026-07-28 14:13:32,936 [INFO] ApiDbMcu:532 - Load IP Config File for RCC
2026-07-28 14:13:32,950 [INFO] CodeEngine:265 - oldGeneratedFile, D:\TinyML_GJ\TinyML_Workshop\STM32\First_STM32_project\Core\Inc\main.h_save
2026-07-28 14:13:33,105 [INFO] CodeEngine:289 - Generated code: D:\TinyML_GJ\TinyML_Workshop\STM32\First_STM32_project\Core\Inc\main.h
2026-07-28 14:13:33,119 [INFO] CodeEngine:265 - oldGeneratedFile, D:\TinyML_GJ\TinyML_Workshop\STM32\First_STM32_project\Core\Src\main.c_save
2026-07-28 14:13:33,293 [INFO] CodeEngine:289 - Generated code: D:\TinyML_GJ\TinyML_Workshop\STM32\First_STM32_project\Core\Src\main.c
2026-07-28 14:13:33,528 [INFO] ProjectBuilder:3606 - Time for Copy HAL[1] : 73mS.
2026-07-28 14:13:33,537 [INFO] ProjectBuilder:5216 - Project Generator version: 4.7.0-B52
2026-07-28 14:13:33,601 [INFO] ConfigFileManager:1595 - The Die is : DIE470
2026-07-28 14:13:33,621 [INFO] ApiDbMcu:532 - Load IP Config File for FATFS
2026-07-28 14:13:33,635 [INFO] ApiDbMcu:532 - Load IP Config File for FREERTOS
2026-07-28 14:13:33,653 [INFO] ApiDbMcu:532 - Load IP Config File for TOUCHSENSING
2026-07-28 14:13:33,669 [INFO] ApiDbMcu:532 - Load IP Config File for USB_DEVICE
2026-07-28 14:13:33,683 [INFO] ApiDbMcu:532 - Load IP Config File for USB_HOST
2026-07-28 14:13:34,373 [INFO] LogOutputStream:77 - [STDOUT_REDIRECT] 
2026-07-28 14:13:37,791 [INFO] ProjectBuilder:5496 - Time for Generating toolchain IDE Files: 4254mS.
2026-07-28 14:13:37,791 [INFO] ProjectBuilder:3463 - Time for Copy CMSIS : 0mS.
2026-07-28 14:13:37,793 [INFO] ProjectBuilder:3463 - Time for Copy CMSIS : 0mS.
2026-07-28 14:32:48,120 [INFO] UtilMem:75 - End SaveConfig() Used Memory: 941157240 Bytes (1073741824)
2026-07-28 14:34:26,928 [INFO] UtilMem:75 - End SaveConfig() Used Memory: 776380000 Bytes (1073741824)
2026-07-28 14:34:34,912 [INFO] UtilMem:75 - End SaveConfig() Used Memory: 706937792 Bytes (1073741824)
2026-07-28 14:34:41,187 [INFO] UtilMem:75 - End SaveConfig() Used Memory: 783061608 Bytes (1073741824)
2026-07-28 14:34:41,545 [INFO] BlockDiagram:2775 - set Specific Code input for plugin: SYS
2026-07-28 14:34:41,546 [INFO] BlockDiagram:2775 - set Specific Code input for plugin: RCC
2026-07-28 14:34:41,546 [INFO] BlockDiagram:2775 - set Specific Code input for plugin: NVIC
2026-07-28 14:34:41,546 [INFO] BlockDiagram:2775 - set Specific Code input for plugin: GPIO
2026-07-28 14:34:41,548 [INFO] CodeGenerator:892 - code generatio: config db path: C:\ST\STM32CubeIDE_1.19.0\STM32CubeIDE\plugins\com.st.stm32cube.common.mx_6.15.0.202507011659\\db\
2026-07-28 14:34:41,637 [INFO] CodeEngine:265 - oldGeneratedFile, D:\TinyML_GJ\TinyML_Workshop\STM32\First_STM32_project\MXTmpFiles\license.tmp_save
2026-07-28 14:34:41,860 [INFO] CodeEngine:289 - Generated code: D:\TinyML_GJ\TinyML_Workshop\STM32\First_STM32_project\MXTmpFiles\license.tmp
2026-07-28 14:34:41,927 [INFO] CodeEngine:265 - oldGeneratedFile, D:\TinyML_GJ\TinyML_Workshop\STM32\First_STM32_project\MXTmpFiles\gpio.tmp_save
2026-07-28 14:34:42,055 [INFO] CodeEngine:289 - Generated code: D:\TinyML_GJ\TinyML_Workshop\STM32\First_STM32_project\MXTmpFiles\gpio.tmp
2026-07-28 14:34:42,082 [INFO] CodeEngine:265 - oldGeneratedFile, D:\TinyML_GJ\TinyML_Workshop\STM32\First_STM32_project\Core\Src\stm32l4xx_it.c_save
2026-07-28 14:34:42,274 [INFO] CodeEngine:289 - Generated code: D:\TinyML_GJ\TinyML_Workshop\STM32\First_STM32_project\Core\Src\stm32l4xx_it.c
2026-07-28 14:34:42,278 [INFO] CodeEngine:265 - oldGeneratedFile, D:\TinyML_GJ\TinyML_Workshop\STM32\First_STM32_project\Core\Inc\stm32l4xx_it.h_save
2026-07-28 14:34:42,344 [INFO] CodeEngine:289 - Generated code: D:\TinyML_GJ\TinyML_Workshop\STM32\First_STM32_project\Core\Inc\stm32l4xx_it.h
2026-07-28 14:34:42,353 [INFO] CodeEngine:265 - oldGeneratedFile, D:\TinyML_GJ\TinyML_Workshop\STM32\First_STM32_project\Core\Src\stm32l4xx_hal_msp.c_save
2026-07-28 14:34:42,462 [INFO] CodeEngine:289 - Generated code: D:\TinyML_GJ\TinyML_Workshop\STM32\First_STM32_project\Core\Src\stm32l4xx_hal_msp.c
2026-07-28 14:34:42,467 [INFO] CodeEngine:265 - oldGeneratedFile, D:\TinyML_GJ\TinyML_Workshop\STM32\First_STM32_project\MXTmpFiles\system.tmp_save
2026-07-28 14:34:42,511 [INFO] CodeEngine:289 - Generated code: D:\TinyML_GJ\TinyML_Workshop\STM32\First_STM32_project\MXTmpFiles\system.tmp
2026-07-28 14:34:42,521 [INFO] CodeEngine:321 - oldGeneratedFile, D:\TinyML_GJ\TinyML_Workshop\STM32\First_STM32_project\Core\Inc\stm32l4xx_hal_conf.h_save
2026-07-28 14:34:42,650 [INFO] CodeEngine:345 - Generated code: D:\TinyML_GJ\TinyML_Workshop\STM32\First_STM32_project\Core\Inc\stm32l4xx_hal_conf.h
2026-07-28 14:34:42,675 [INFO] CodeEngine:265 - oldGeneratedFile, D:\TinyML_GJ\TinyML_Workshop\STM32\First_STM32_project\Core\Inc\main.h_save
2026-07-28 14:34:42,788 [INFO] CodeEngine:289 - Generated code: D:\TinyML_GJ\TinyML_Workshop\STM32\First_STM32_project\Core\Inc\main.h
2026-07-28 14:34:42,794 [INFO] CodeEngine:265 - oldGeneratedFile, D:\TinyML_GJ\TinyML_Workshop\STM32\First_STM32_project\Core\Src\main.c_save
2026-07-28 14:34:42,895 [INFO] CodeEngine:289 - Generated code: D:\TinyML_GJ\TinyML_Workshop\STM32\First_STM32_project\Core\Src\main.c
2026-07-28 14:34:43,104 [INFO] ProjectBuilder:3606 - Time for Copy HAL[1] : 113mS.
2026-07-28 14:34:43,109 [INFO] ProjectBuilder:5216 - Project Generator version: 4.7.0-B52
2026-07-28 14:34:43,167 [INFO] ConfigFileManager:1595 - The Die is : DIE470
2026-07-28 14:34:44,285 [INFO] ProjectBuilder:5496 - Time for Generating toolchain IDE Files: 1175mS.
2026-07-28 14:34:44,285 [INFO] ProjectBuilder:3463 - Time for Copy CMSIS : 0mS.
2026-07-28 14:34:44,286 [INFO] ProjectBuilder:3463 - Time for Copy CMSIS : 0mS.
2026-07-28 14:54:42,101 [INFO] MainUpdater:2872 - connection check result : 10
2026-07-28 14:54:42,102 [INFO] McuFinderGlobals:76 - Set McuFinderConnectedMode to true
2026-07-28 14:54:42,482 [INFO] ServerAccessManage:452 - Complete download http(s) 200
2026-07-28 14:54:42,483 [INFO] ServerAccessManage:509 - Download File mcusAds.json._tmp_
2026-07-28 14:54:42,593 [INFO] LoadUrlFilesThread:156 - End of LoadUrlFiles Thread
2026-07-28 14:54:42,924 [INFO] ServerAccessManage:452 - Complete download http(s) 200
2026-07-28 14:54:42,925 [INFO] ServerAccessManage:509 - Download File cube-finder-db.zip
2026-07-28 14:54:44,714 [INFO] FileExtend:248 - Unzip File : cube-finder-db.zip
2026-07-28 14:54:44,714 [INFO] FileExtend:263 - Standard Zip Deflate
2026-07-28 14:54:45,459 [INFO] LoadUrlFilesThread:156 - End of LoadUrlFiles Thread
2026-07-28 14:55:06,684 [ERROR] ServerAccessManage:1295 - Problem during Server Connection :  IO error Connection timed out: getsockopt
2026-07-28 14:55:06,686 [ERROR] ServerAccessManage:740 - Problem during Server Connection :  : crdb.zip.
2026-07-28 14:55:08,347 [INFO] LoadUrlFilesThread:156 - End of LoadUrlFiles Thread
2026-07-28 14:55:09,976 [INFO] DbMcusAds:53 - JSON generation date=Wed Jul 15 15:16:00 IST 2026 (1784108760991)
2026-07-28 14:55:09,982 [INFO] ApiDb:448 - Save user favorites file C:\Users\ADMIN/.stm32cubeide/favorites.mcus.txt: 0 item(s)
2026-07-28 14:55:09,983 [INFO] ApiDb:452 - User favorites MCUs=[]
2026-07-28 14:55:09,991 [INFO] ApiDb:581 - Connected to CubeFinder SQLite database (C:\Users\ADMIN\.stmcufinder\plugins\mcufinder\mcu\cube-finder-db.db)
2026-07-28 14:55:10,045 [INFO] ApiDb:668 - CubeFinder database Data Model version=2.1
2026-07-28 14:55:10,045 [INFO] ApiDb:669 - CubeFinder database Configuration version=3.0.42
2026-07-28 14:55:10,045 [INFO] ApiDb:670 - CubeFinder database generation date=2026-06-23 (1782213372)
2026-07-28 14:55:10,045 [INFO] ApiDb:671 - CubeFinder database FW Pack versions=[FP-ATR-ASTRA1_V2.0.0, FP-SNS-FLIGHT1_V5.1.0, FP-SNS-MOTENV1_V5.1.0, FP-SNS-MOTENVWB1_V1.5.0, FP-SNS-SMARTAG2_V1.2.0, FP-SNS-STBOX1_V2.1.0, STM32Cube_FW_C0_V1.4.0, STM32Cube_FW_F4_V1.28.3, STM32Cube_FW_F7_V1.17.4, STM32Cube_FW_G0_V1.6.3, STM32Cube_FW_G4_V1.6.2, STM32Cube_FW_H5_V1.7.0, STM32Cube_FW_H7RS_V1.3.0, STM32Cube_FW_H7_V1.13.0, STM32Cube_FW_L0_V1.12.2, STM32Cube_FW_L4_V1.18.2, STM32Cube_FW_L5_V1.6.0, STM32Cube_FW_N6_V1.4.0, STM32Cube_FW_U0_V1.3.0, STM32Cube_FW_U3_V1.4.0, STM32Cube_FW_U5_V1.9.0, STM32Cube_FW_WB0_V1.5.0, STM32Cube_FW_WBA_V1.10.0, STM32Cube_FW_WB_V1.24.0, STM32Cube_FW_WL3_V1.5.0, STM32Cube_FW_WL_V1.6.0, X-CUBE-ALGOBUILD_V1.5.0, X-CUBE-ALS_V1.0.2, X-CUBE-AZRTOS-F4_V1.1.0, X-CUBE-AZRTOS-F7_V1.1.0, X-CUBE-AZRTOS-G0_V1.1.0, X-CUBE-AZRTOS-G4_V2.0.0, X-CUBE-AZRTOS-H7RS_V1.1.0, X-CUBE-AZRTOS-H7_V3.5.0, X-CUBE-AZRTOS-L4_V2.0.0, X-CUBE-AZRTOS-L5_V2.0.0, X-CUBE-AZRTOS-WB_V2.0.0, X-CUBE-AZRTOS-WL_V2.0.0, X-CUBE-BLE1_V7.1.0, X-CUBE-BLE2_V3.3.0, X-CUBE-BLEMGR_V4.1.0, X-CUBE-EEPRMA1_V5.2.0, X-CUBE-FREERTOS_V1.5.0, X-CUBE-GNSS1_V7.1.1, X-CUBE-MEMS1_V12.1.0, X-CUBE-NFC4_V3.0.0, X-CUBE-NFC7_V2.0.0, X-CUBE-SFXS2LP1_V4.0.0, X-CUBE-ST67W61_V1.3.0, X-CUBE-SUBG2_V5.0.0, X-CUBE-TOF1_V3.4.3]
2026-07-28 14:55:11,619 [INFO] ApiDb:240 - Found 880 in-development CPN: [B-G473E-ZEST1S, B-WB1M-WPAN1, B-WBA5M-WPAN, B-WL5M-SUBG1, NUCLEO-C031C6, NUCLEO-C051C8, NUCLEO-C071RB, NUCLEO-C092RC, NUCLEO-H503RB, NUCLEO-H533RE, NUCLEO-H563ZI, NUCLEO-H7S3L8, NUCLEO-N657X0-Q, NUCLEO-U031R8, NUCLEO-U083RC, NUCLEO-U385RG-Q, NUCLEO-U545RE-Q, NUCLEO-U5A5ZJ-Q, NUCLEO-WB05KZ, NUCLEO-WB07CC, NUCLEO-WB09KE, NUCLEO-WBA52CG, NUCLEO-WBA55CG, NUCLEO-WL33CC1, NUCLEO-WL33CC2, STEVAL-PROTEUS1, STEVAL-SMARTAG2, STEVAL-STWINBX1, STM320518-EVAL, STM32C0116-DK, STM32C011D6Y3TR, STM32C011D6Y6TR, STM32C011F4P3, STM32C011F4P6, STM32C011F4U3, STM32C011F4U6TR, STM32C011F6P3, STM32C011F6P6, STM32C011F6U3, STM32C011F6U6TR, STM32C011J4M3, STM32C011J4M6, STM32C011J6M3, STM32C011J6M6, STM32C0316-DK, STM32C031C4T3, STM32C031C4T6, STM32C031C4U3, STM32C031C4U6, STM32C031C6T3, STM32C031C6T6, STM32C031C6U3, STM32C031C6U6, STM32C031F4P3, STM32C031F4P6, STM32C031F6P3, STM32C031F6P6, STM32C031G4U3, STM32C031G4U6, STM32C031G6U3, STM32C031G6U6, STM32C031K4T3, STM32C031K4T6, STM32C031K4U3, STM32C031K4U6, STM32C031K6T3, STM32C031K6T6, STM32C031K6U3, STM32C031K6U6, STM32C051C6T6, STM32C051C6U6, STM32C051C8T6, STM32C051C8U6, STM32C051D8Y6TR, STM32C051F6P6, STM32C051F8P6, STM32C051G6U6, STM32C051G8U6, STM32C051K6T6, STM32C051K6U6, STM32C051K8T6, STM32C071C8T6, STM32C071C8T6N, STM32C071C8U6, STM32C071C8U6N, STM32C071CBT6, STM32C071CBT6N, STM32C071CBU6, STM32C071CBU6N, STM32C071F8P6, STM32C071F8P6N, STM32C071FBP6, STM32C071FBP6N, STM32C071FBY6TR, STM32C071G8U6, STM32C071G8U6N, STM32C071GBU6, STM32C071GBU6N, STM32C071K8T6, STM32C071K8T6N, STM32C071K8U6, STM32C071K8U6N, STM32C071KBT6, STM32C071KBT6N, STM32C071KBU6, STM32C071KBU6N, STM32C071R8T6, STM32C071R8T6N, STM32C071RBI6N, STM32C071RBT6, STM32C071RBT6N, STM32C091CBT6, STM32C091CBU6, STM32C091CCT6, STM32C091CCU6, STM32C091ECY6TR, STM32C091FBP6, STM32C091FCP6, STM32C091GBU6, STM32C091GCU6, STM32C091KBT6, STM32C091KBU6, STM32C091KCT6, STM32C091KCU6, STM32C091RBT6, STM32C091RCI6, STM32C091RCT6, STM32C092CBT6, STM32C092CBU6, STM32C092CCT6, STM32C092CCU6, STM32C092ECY6TR, STM32C092FBP6, STM32C092FCP6, STM32C092GBU6, STM32C092GCU6, STM32C092KBT6, STM32C092KBU6, STM32C092KCT6, STM32C092KCU6, STM32C092RBT6, STM32C092RCI6, STM32C092RCT6, STM32G071K8TXN, STM32G071K8UXN, STM32G081GBU6N, STM32G081KBT6N, STM32G081KBUXN, STM32G0B1CCT6N, STM32G0B1KCT6, STM32G0B1NEY6TR, STM32G0B1RCT6N, STM32G0C1CCT6, STM32G0C1CCT6N, STM32G0C1CCU6N, STM32G0C1CET6N, STM32G0C1CEU6N, STM32G0C1KCT6, STM32G0C1NEY6TR, STM32G0C1RCI6N, STM32G0C1RCT6N, STM32G0C1REI6N, STM32G0C1RET6N, STM32G0C1VCI6, STM32G0C1VEI6, STM32G411C6T3, STM32G411C6T6, STM32G411C6U3, STM32G411C6U6, STM32G411C8T3, STM32G411C8T6, STM32G411C8U3, STM32G411C8U6, STM32G411CBT3, STM32G411CBT6, STM32G411CBU3, STM32G411CBU6, STM32G411K6T3, STM32G411K6T6, STM32G411K6U3, STM32G411K6U6, STM32G411K8T3, STM32G411K8T6, STM32G411K8U3, STM32G411K8U6, STM32G411KBT3, STM32G411KBT6, STM32G411KBU3, STM32G411KBU6, STM32G411M6T3, STM32G411M6T6, STM32G411M8T3, STM32G411M8T6, STM32G411MBT3, STM32G411MBT6, STM32G411R6T3, STM32G411R6T6, STM32G411R8T3, STM32G411R8T6, STM32G411RBT3, STM32G411RBT6, STM32G414CBT3, STM32G414CBT6, STM32G414CBU3, STM32G414CBU6, STM32G414CCT3, STM32G414CCT6, STM32G414CCU3, STM32G414CCU6, STM32G414MBT3, STM32G414MBT6, STM32G414MCT3, STM32G414MCT6, STM32G414RBT3, STM32G414RBT6, STM32G414RCT3, STM32G414RCT6, STM32G414VBT3, STM32G414VBT6, STM32G414VCT3, STM32G414VCT6, STM32G431CBT3Z, STM32G431RBT3Z, STM32G471CCT6, STM32G471CCU6, STM32G471CET3, STM32G471CET6, STM32G471CEU3, STM32G471CEU6, STM32G471MCT6, STM32G471MET3, STM32G471MET6, STM32G471MEY6TR, STM32G471QCT6, STM32G471QET3, STM32G471RCT6, STM32G471RET3, STM32G471RET6, STM32G471VCH6, STM32G471VCI6, STM32G471VCT6, STM32G471VEH3, STM32G471VEH6, STM32G471VEI3, STM32G471VEI6, STM32G471VET3, STM32G471VET6, STM32G473QET3Z, STM32G473RET3Z, STM32G474CCT6, STM32G491RET3Z, STM32H503CBT6, STM32H503CBU6, STM32H503EBY6TR, STM32H503KBU6, STM32H503RBT6, STM32H523CCT6, STM32H523CCU6, STM32H523CET6, STM32H523CEU6, STM32H523HEY6TR, STM32H523RCT6, STM32H523RET6, STM32H523VCI6, STM32H523VCT6, STM32H523VEI6, STM32H523VET6, STM32H523ZCJ6, STM32H523ZCT6, STM32H523ZEJ6, STM32H523ZET6, STM32H533CET6, STM32H533CEU6, STM32H533HEY6TR, STM32H533RET6, STM32H533VEI6, STM32H533VET6, STM32H533ZEJ6, STM32H533ZET6, STM32H562AGI6, STM32H562AII6, STM32H562IGK6, STM32H562IGT6, STM32H562IIK6, STM32H562IIT6, STM32H562RGT6, STM32H562RGV6, STM32H562RIT6, STM32H562RIV6, STM32H562VGT6, STM32H562VIT6, STM32H562ZGT6, STM32H562ZIT6, STM32H563AGI6, STM32H563AII3Q, STM32H563AII6, STM32H563IGK6, STM32H563IGT6, STM32H563IIK3Q, STM32H563IIK6, STM32H563IIT3Q, STM32H563IIT6, STM32H563MIY3QTR, STM32H563RGT6, STM32H563RGV6, STM32H563RIT6, STM32H563RIV6, STM32H563VGT6, STM32H563VIT3Q, STM32H563VIT6, STM32H563ZGT6, STM32H563ZIT3Q, STM32H563ZIT6, STM32H573AII3Q, STM32H573AII6, STM32H573I-DK, STM32H573IIK3Q, STM32H573IIK6, STM32H573IIT3Q, STM32H573IIT6, STM32H573MIY3QTR, STM32H573RIT6, STM32H573RIV6, STM32H573VIT3Q, STM32H573VIT6, STM32H573ZIT3Q, STM32H573ZIT6, STM32H7R3A8I6, STM32H7R3I8K6, STM32H7R3I8T6, STM32H7R3L8H6, STM32H7R3L8H6H, STM32H7R3R8V6, STM32H7R3V8H6, STM32H7R3V8T6, STM32H7R3V8Y6TR, STM32H7R3Z8J6, STM32H7R3Z8T6, STM32H7R7A8I6, STM32H7R7I8K6, STM32H7R7I8T6, STM32H7R7L8H6, STM32H7R7L8H6H, STM32H7R7Z8J6, STM32H7S3A8I6, STM32H7S3I8K6, STM32H7S3I8T6, STM32H7S3L8H6, STM32H7S3L8H6H, STM32H7S3R8V6, STM32H7S3V8H6, STM32H7S3V8T6, STM32H7S3V8Y6TR, STM32H7S3Z8J6, STM32H7S3Z8T6, STM32H7S78-DK, STM32H7S7A8I6, STM32H7S7I8K6, STM32H7S7I8T6, STM32H7S7L8H6, STM32H7S7L8H6H, STM32H7S7Z8J6, STM32L4R5QGI6STR, STM32MP131AAE3, STM32MP131AAF3, STM32MP131AAG3, STM32MP131CAE3, STM32MP131CAF3, STM32MP131CAG3, STM32MP131DAE7, STM32MP131DAF7, STM32MP131DAG7, STM32MP131FAE7, STM32MP131FAF7, STM32MP131FAG7, STM32MP133AAE3, STM32MP133AAF3, STM32MP133AAG3, STM32MP133CAE3, STM32MP133CAF3, STM32MP133CAG3, STM32MP133DAE7, STM32MP133DAF7, STM32MP133DAG7, STM32MP133FAE7, STM32MP133FAF7, STM32MP133FAG7, STM32MP135AAE3, STM32MP135AAF3, STM32MP135AAG3, STM32MP135CAE3, STM32MP135CAF3, STM32MP135CAG3, STM32MP135DAE7, STM32MP135DAF7, STM32MP135DAG7, STM32MP135F-DK, STM32MP135FAE7, STM32MP135FAF7, STM32MP135FAF7T, STM32MP135FAF7U, STM32MP135FAG7, STM32MP211AAL3, STM32MP211AAM3, STM32MP211AAN3, STM32MP211AAO3, STM32MP211CAL3, STM32MP211CAM3, STM32MP211CAN3, STM32MP211CAO3, STM32MP211DAL3, STM32MP211DAM3, STM32MP211DAN3, STM32MP211DAO3, STM32MP211FAL3, STM32MP211FAM3, STM32MP211FAN3, STM32MP211FAO3, STM32MP213AAL3, STM32MP213AAM3, STM32MP213AAN3, STM32MP213AAO3, STM32MP213CAL3, STM32MP213CAM3, STM32MP213CAN3, STM32MP213CAO3, STM32MP213DAL3, STM32MP213DAM3, STM32MP213DAN3, STM32MP213DAO3, STM32MP213FAL3, STM32MP213FAM3, STM32MP213FAN3, STM32MP213FAO3, STM32MP215AAL3, STM32MP215AAM3, STM32MP215AAN3, STM32MP215AAO3, STM32MP215CAL3, STM32MP215CAM3, STM32MP215CAN3, STM32MP215CAO3, STM32MP215DAL3, STM32MP215DAM3, STM32MP215DAN3, STM32MP215DAO3, STM32MP215F-DK, STM32MP215FAL3, STM32MP215FAM3, STM32MP215FAN3, STM32MP215FAO3, STM32MP231AAJ3, STM32MP231AAK3, STM32MP231AAL3, STM32MP231CAJ3, STM32MP231CAK3, STM32MP231CAL3, STM32MP231DAJ3, STM32MP231DAK3, STM32MP231DAL3, STM32MP231FAJ3, STM32MP231FAK3, STM32MP231FAL3, STM32MP233AAJ3, STM32MP233AAK3, STM32MP233AAL3, STM32MP233CAJ3, STM32MP233CAK3, STM32MP233CAL3, STM32MP233DAJ3, STM32MP233DAK3, STM32MP233DAL3, STM32MP233FAJ3, STM32MP233FAK3, STM32MP233FAL3, STM32MP235AAJ3, STM32MP235AAK3, STM32MP235AAL3, STM32MP235CAJ3, STM32MP235CAK3, STM32MP235CAL3, STM32MP235DAJ3, STM32MP235DAK3, STM32MP235DAL3, STM32MP235FAJ3, STM32MP235FAK3, STM32MP235FAL3, STM32MP251AAI3, STM32MP251AAK3, STM32MP251AAL3, STM32MP251CAI3, STM32MP251CAK3, STM32MP251CAL3, STM32MP251DAI3, STM32MP251DAK3, STM32MP251DAL3, STM32MP251FAI3, STM32MP251FAK3, STM32MP251FAL3, STM32MP253AAI3, STM32MP253AAK3, STM32MP253AAL3, STM32MP253CAI3, STM32MP253CAK3, STM32MP253CAL3, STM32MP253DAI3, STM32MP253DAK3, STM32MP253DAL3, STM32MP253FAI3, STM32MP253FAK3, STM32MP253FAL3, STM32MP255AAI3, STM32MP255AAK3, STM32MP255AAL3, STM32MP255CAI3, STM32MP255CAK3, STM32MP255CAL3, STM32MP255DAI3, STM32MP255DAK3, STM32MP255DAL3, STM32MP255FAI3, STM32MP255FAK3, STM32MP255FAL3, STM32MP257AAI3, STM32MP257AAK3, STM32MP257AAL3, STM32MP257CAI3, STM32MP257CAK3, STM32MP257CAL3, STM32MP257DAI3, STM32MP257DAK3, STM32MP257DAL3, STM32MP257F-DK, STM32MP257F-EV1, STM32MP257FAI3, STM32MP257FAK3, STM32MP257FAL3, STM32N645A0H3Q, STM32N645B0H3Q, STM32N645I0H3Q, STM32N645L0H3Q, STM32N645X0H3Q, STM32N645Z0H3Q, STM32N647A0H3Q, STM32N647B0H3Q, STM32N647I0H3Q, STM32N647L0H3Q, STM32N647X0H3Q, STM32N647Z0H3Q, STM32N655A0H3Q, STM32N655B0H3Q, STM32N655I0H3Q, STM32N655L0H3Q, STM32N655X0H3Q, STM32N655Z0H3Q, STM32N6570-DK, STM32N657A0H3Q, STM32N657B0H3Q, STM32N657I0H3Q, STM32N657L0H3Q, STM32N657X0H3Q, STM32N657Z0H3Q, STM32U031C6T6, STM32U031C6U6, STM32U031C8T6, STM32U031C8U6, STM32U031F4P6, STM32U031F6P6, STM32U031F8P6, STM32U031G6Y6TR, STM32U031G8Y6TR, STM32U031K4U6, STM32U031K6U6, STM32U031K8U6, STM32U031R6I6, STM32U031R6T6, STM32U031R8I6, STM32U031R8T6, STM32U073C8T6, STM32U073C8U6, STM32U073CBT6, STM32U073CBU6, STM32U073CCT6, STM32U073CCU6, STM32U073H8Y6TR, STM32U073HBY6TR, STM32U073HCY6TR, STM32U073K8U6, STM32U073KBU6, STM32U073KCU6, STM32U073M8I6, STM32U073M8T6, STM32U073MBI6, STM32U073MBT6, STM32U073MCI6, STM32U073MCT6, STM32U073R8I6, STM32U073R8T6, STM32U073RBI6, STM32U073RBT6, STM32U073RCI6, STM32U073RCT6, STM32U083C-DK, STM32U083CCT6, STM32U083CCU6, STM32U083HCY6TR, STM32U083KCU6, STM32U083MCI6, STM32U083MCT6, STM32U083RCI6, STM32U083RCT6, STM32U375CET6, STM32U375CET6Q, STM32U375CEU6, STM32U375CEU6Q, STM32U375CEY6QTR, STM32U375CGT6, STM32U375CGT6Q, STM32U375CGU6, STM32U375CGU6Q, STM32U375CGY6QTR, STM32U375KEU6, STM32U375KGU6, STM32U375REI6, STM32U375REI6Q, STM32U375RET6, STM32U375RET6Q, STM32U375REY6GTR, STM32U375REY6QTR, STM32U375RGI6, STM32U375RGI6Q, STM32U375RGT6, STM32U375RGT6Q, STM32U375RGY6GTR, STM32U375RGY6QTR, STM32U375VEI6, STM32U375VEI6Q, STM32U375VET6, STM32U375VET6Q, STM32U375VGI6, STM32U375VGI6Q, STM32U375VGT6, STM32U375VGT6Q, STM32U385CGT6, STM32U385CGT6Q, STM32U385CGU6, STM32U385CGU6Q, STM32U385CGY6QTR, STM32U385KGU6, STM32U385RGI6, STM32U385RGI6Q, STM32U385RGT6, STM32U385RGT6Q, STM32U385RGY6GTR, STM32U385RGY6QTR, STM32U385VGI6, STM32U385VGI6Q, STM32U385VGT6, STM32U385VGT6Q, STM32U535CBT6, STM32U535CBT6Q, STM32U535CBU6, STM32U535CBU6Q, STM32U535CCT6, STM32U535CCT6Q, STM32U535CCU6, STM32U535CCU6Q, STM32U535CET6, STM32U535CET6Q, STM32U535CEU6, STM32U535CEU6Q, STM32U535JEY6QTR, STM32U535NCY6QTR, STM32U535NEY6QTR, STM32U535RBI6, STM32U535RBI6Q, STM32U535RBT6, STM32U535RBT6Q, STM32U535RCI6, STM32U535RCI6Q, STM32U535RCT6, STM32U535RCT6Q, STM32U535REI6, STM32U535REI6Q, STM32U535RET6, STM32U535RET6Q, STM32U535VCI6, STM32U535VCI6Q, STM32U535VCT6, STM32U535VCT6Q, STM32U535VEI6, STM32U535VEI6Q, STM32U535VET6, STM32U535VET6Q, STM32U545CET6, STM32U545CET6Q, STM32U545CEU6, STM32U545CEU6Q, STM32U545JEY6QTR, STM32U545NEY6QTR, STM32U545REI6, STM32U545REI6Q, STM32U545RET6, STM32U545RET6Q, STM32U545VEI6, STM32U545VEI6Q, STM32U545VET6, STM32U545VET6Q, STM32U595AIH6, STM32U595AIH6Q, STM32U595AJH6, STM32U595AJH6Q, STM32U595QII6, STM32U595QII6Q, STM32U595QJI6, STM32U595QJI6Q, STM32U595RIT6, STM32U595RIT6Q, STM32U595RJT6, STM32U595RJT6Q, STM32U595VIT6, STM32U595VIT6Q, STM32U595VJT6, STM32U595VJT6Q, STM32U595ZIT6, STM32U595ZIT6Q, STM32U595ZIY6QTR, STM32U595ZJT6, STM32U595ZJT6Q, STM32U595ZJY6QTR, STM32U599BJY6QTR, STM32U599NIH6Q, STM32U599NJH6Q, STM32U599VIT6Q, STM32U599VJT6, STM32U599VJT6Q, STM32U599ZIT6Q, STM32U599ZIY6QTR, STM32U599ZJT6Q, STM32U599ZJY6QTR, STM32U5A5AJH6, STM32U5A5AJH6Q, STM32U5A5QII3Q , STM32U5A5QJI6, STM32U5A5QJI6Q, STM32U5A5RJT6, STM32U5A5RJT6Q, STM32U5A5VJT6, STM32U5A5VJT6Q, STM32U5A5ZJT6, STM32U5A5ZJT6Q, STM32U5A5ZJY6QTR, STM32U5A9BJY6QTR, STM32U5A9J-DK, STM32U5A9NJH6Q, STM32U5A9VJT6Q, STM32U5A9ZJT6Q, STM32U5A9ZJY6QTR, STM32U5F7VIT6, STM32U5F7VIT6Q, STM32U5F7VJT6, STM32U5F7VJT6Q, STM32U5F9BJY6QTR, STM32U5F9NJH6Q, STM32U5F9VIT6Q, STM32U5F9VJT6Q, STM32U5F9ZIJ6QTR, STM32U5F9ZIT6Q, STM32U5F9ZJJ6QTR, STM32U5F9ZJT6Q, STM32U5G7VJT6, STM32U5G7VJT6Q, STM32U5G9BJY6QTR, STM32U5G9J-DK1, STM32U5G9J-DK2, STM32U5G9NJH6Q, STM32U5G9VJT6Q, STM32U5G9ZJJ6QTR, STM32U5G9ZJT6Q, STM32WB05KZV6TR, STM32WB05KZV7TR, STM32WB05TZF6TR, STM32WB05TZF7TR, STM32WB06CCF6TR, STM32WB06CCF7TR, STM32WB06CCV6TR, STM32WB06CCV7TR, STM32WB06KCV6TR, STM32WB06KCV7TR, STM32WB07CCF6TR, STM32WB07CCF7TR, STM32WB07CCV6TR, STM32WB07CCV7TR, STM32WB07KCV6TR, STM32WB07KCV7TR, STM32WB09KEV6TR, STM32WB09KEV7TR, STM32WB09TEF6TR, STM32WB09TEF7TR, STM32WB1MMCH6, STM32WBA50KGU6, STM32WBA50KGU6TR, STM32WBA52CEU6, STM32WBA52CEU6TR, STM32WBA52CEU7, STM32WBA52CEU7TR, STM32WBA52CGU6, STM32WBA52CGU6TR, STM32WBA52CGU6U, STM32WBA52CGU7, STM32WBA52CGU7TR, STM32WBA52KEU6, STM32WBA52KEU6TR, STM32WBA52KGU6, STM32WBA52KGU6TR, STM32WBA54CEU6, STM32WBA54CEU6TR, STM32WBA54CEU7, STM32WBA54CEU7TR, STM32WBA54CGU6, STM32WBA54CGU6TR, STM32WBA54CGU7, STM32WBA54CGU7TR, STM32WBA54KEU6, STM32WBA54KEU6TR, STM32WBA54KEU7, STM32WBA54KEU7TR, STM32WBA54KGU6, STM32WBA54KGU6TR, STM32WBA54KGU7, STM32WBA54KGU7TR, STM32WBA55CEU6, STM32WBA55CEU6TR, STM32WBA55CEU7, STM32WBA55CEU7TR, STM32WBA55CGU6, STM32WBA55CGU6TR, STM32WBA55CGU6U, STM32WBA55CGU7, STM32WBA55CGU7TR, STM32WBA55G-DK1, STM32WBA55HEF6, STM32WBA55HEF7, STM32WBA55HGF6, STM32WBA55HGF7, STM32WBA55UEI6, STM32WBA55UEI6TR, STM32WBA55UEI7, STM32WBA55UEI7TR, STM32WBA55UGI6, STM32WBA55UGI6TR, STM32WBA55UGI7, STM32WBA55UGI7TR, STM32WBA5MMGH6TR, STM32WBA62MGF6, STM32WBA62MIF6, STM32WBA65MGF7, STM32WBA65MIF6, STM32WBA65MIF7, STM32WL30K8V6, STM32WL30KBV6, STM32WL31C8V6, STM32WL31CBV6, STM32WL31K8V6, STM32WL31KBV6, STM32WL33C8V6, STM32WL33C8V6X, STM32WL33CBV6, STM32WL33CBV6X, STM32WL33CCV6, STM32WL33CCV6A, STM32WL33CCV6X, STM32WL33K8V7, STM32WL33K8V7X, STM32WL33KBV7 , STM32WL33KBV7X, STM32WL33KCV7, STM32WL33KCV7X, STM32WL5MOCH6, STM32WL5MOCH6TR]
2026-07-28 14:55:11,629 [INFO] DbMcus:218 - Found 5250 MCUs, 5097 are supported
2026-07-28 14:55:11,629 [INFO] ApiDb:423 - Load user favorites file C:\Users\ADMIN/.stm32cubeide/favorites.mcus.txt: 0 item(s)
2026-07-28 14:55:11,629 [INFO] ApiDb:427 - User favorites MCUs=[]
2026-07-28 14:55:11,629 [INFO] DbMcus:224 - Set 0 / 0 favorites MCUs
2026-07-28 14:55:11,910 [INFO] ApiDb:448 - Save user favorites file C:\Users\ADMIN/.stm32cubeide/favorites.boards.txt: 0 item(s)
2026-07-28 14:55:11,910 [INFO] ApiDb:452 - User favorites Boards=[]
2026-07-28 14:55:11,911 [INFO] ApiDb:581 - Connected to CubeFinder SQLite database (C:\Users\ADMIN\.stmcufinder\plugins\mcufinder\mcu\cube-finder-db.db)
2026-07-28 14:55:11,956 [INFO] ApiDb:668 - CubeFinder database Data Model version=2.1
2026-07-28 14:55:11,956 [INFO] ApiDb:669 - CubeFinder database Configuration version=3.0.42
2026-07-28 14:55:11,956 [INFO] ApiDb:670 - CubeFinder database generation date=2026-06-23 (1782213372)
2026-07-28 14:55:11,957 [INFO] ApiDb:671 - CubeFinder database FW Pack versions=[FP-ATR-ASTRA1_V2.0.0, FP-SNS-FLIGHT1_V5.1.0, FP-SNS-MOTENV1_V5.1.0, FP-SNS-MOTENVWB1_V1.5.0, FP-SNS-SMARTAG2_V1.2.0, FP-SNS-STBOX1_V2.1.0, STM32Cube_FW_C0_V1.4.0, STM32Cube_FW_F4_V1.28.3, STM32Cube_FW_F7_V1.17.4, STM32Cube_FW_G0_V1.6.3, STM32Cube_FW_G4_V1.6.2, STM32Cube_FW_H5_V1.7.0, STM32Cube_FW_H7RS_V1.3.0, STM32Cube_FW_H7_V1.13.0, STM32Cube_FW_L0_V1.12.2, STM32Cube_FW_L4_V1.18.2, STM32Cube_FW_L5_V1.6.0, STM32Cube_FW_N6_V1.4.0, STM32Cube_FW_U0_V1.3.0, STM32Cube_FW_U3_V1.4.0, STM32Cube_FW_U5_V1.9.0, STM32Cube_FW_WB0_V1.5.0, STM32Cube_FW_WBA_V1.10.0, STM32Cube_FW_WB_V1.24.0, STM32Cube_FW_WL3_V1.5.0, STM32Cube_FW_WL_V1.6.0, X-CUBE-ALGOBUILD_V1.5.0, X-CUBE-ALS_V1.0.2, X-CUBE-AZRTOS-F4_V1.1.0, X-CUBE-AZRTOS-F7_V1.1.0, X-CUBE-AZRTOS-G0_V1.1.0, X-CUBE-AZRTOS-G4_V2.0.0, X-CUBE-AZRTOS-H7RS_V1.1.0, X-CUBE-AZRTOS-H7_V3.5.0, X-CUBE-AZRTOS-L4_V2.0.0, X-CUBE-AZRTOS-L5_V2.0.0, X-CUBE-AZRTOS-WB_V2.0.0, X-CUBE-AZRTOS-WL_V2.0.0, X-CUBE-BLE1_V7.1.0, X-CUBE-BLE2_V3.3.0, X-CUBE-BLEMGR_V4.1.0, X-CUBE-EEPRMA1_V5.2.0, X-CUBE-FREERTOS_V1.5.0, X-CUBE-GNSS1_V7.1.1, X-CUBE-MEMS1_V12.1.0, X-CUBE-NFC4_V3.0.0, X-CUBE-NFC7_V2.0.0, X-CUBE-SFXS2LP1_V4.0.0, X-CUBE-ST67W61_V1.3.0, X-CUBE-SUBG2_V5.0.0, X-CUBE-TOF1_V3.4.3]
2026-07-28 14:55:11,986 [INFO] DbBoardsSqlite:226 - include board P-NUCLEO-WB55-NUCLEO as a kit item of type 'Nucleo-64'
2026-07-28 14:55:11,986 [INFO] DbBoardsSqlite:226 - include board P-NUCLEO-WB55-USBDONGLE as a kit item of type 'Nucleo USB Dongle'
2026-07-28 14:55:11,986 [INFO] DbBoardsSqlite:226 - include board STEVAL-IDP005V1 as a kit item of type 'Evaluation Board'
2026-07-28 14:55:11,986 [INFO] DbBoardsSqlite:226 - include board STEVAL-IDP005V2 as a kit item of type 'Evaluation Board'
2026-07-28 14:55:12,030 [INFO] ApiDb:240 - Found 880 in-development CPN: [B-G473E-ZEST1S, B-WB1M-WPAN1, B-WBA5M-WPAN, B-WL5M-SUBG1, NUCLEO-C031C6, NUCLEO-C051C8, NUCLEO-C071RB, NUCLEO-C092RC, NUCLEO-H503RB, NUCLEO-H533RE, NUCLEO-H563ZI, NUCLEO-H7S3L8, NUCLEO-N657X0-Q, NUCLEO-U031R8, NUCLEO-U083RC, NUCLEO-U385RG-Q, NUCLEO-U545RE-Q, NUCLEO-U5A5ZJ-Q, NUCLEO-WB05KZ, NUCLEO-WB07CC, NUCLEO-WB09KE, NUCLEO-WBA52CG, NUCLEO-WBA55CG, NUCLEO-WL33CC1, NUCLEO-WL33CC2, STEVAL-PROTEUS1, STEVAL-SMARTAG2, STEVAL-STWINBX1, STM320518-EVAL, STM32C0116-DK, STM32C011D6Y3TR, STM32C011D6Y6TR, STM32C011F4P3, STM32C011F4P6, STM32C011F4U3, STM32C011F4U6TR, STM32C011F6P3, STM32C011F6P6, STM32C011F6U3, STM32C011F6U6TR, STM32C011J4M3, STM32C011J4M6, STM32C011J6M3, STM32C011J6M6, STM32C0316-DK, STM32C031C4T3, STM32C031C4T6, STM32C031C4U3, STM32C031C4U6, STM32C031C6T3, STM32C031C6T6, STM32C031C6U3, STM32C031C6U6, STM32C031F4P3, STM32C031F4P6, STM32C031F6P3, STM32C031F6P6, STM32C031G4U3, STM32C031G4U6, STM32C031G6U3, STM32C031G6U6, STM32C031K4T3, STM32C031K4T6, STM32C031K4U3, STM32C031K4U6, STM32C031K6T3, STM32C031K6T6, STM32C031K6U3, STM32C031K6U6, STM32C051C6T6, STM32C051C6U6, STM32C051C8T6, STM32C051C8U6, STM32C051D8Y6TR, STM32C051F6P6, STM32C051F8P6, STM32C051G6U6, STM32C051G8U6, STM32C051K6T6, STM32C051K6U6, STM32C051K8T6, STM32C071C8T6, STM32C071C8T6N, STM32C071C8U6, STM32C071C8U6N, STM32C071CBT6, STM32C071CBT6N, STM32C071CBU6, STM32C071CBU6N, STM32C071F8P6, STM32C071F8P6N, STM32C071FBP6, STM32C071FBP6N, STM32C071FBY6TR, STM32C071G8U6, STM32C071G8U6N, STM32C071GBU6, STM32C071GBU6N, STM32C071K8T6, STM32C071K8T6N, STM32C071K8U6, STM32C071K8U6N, STM32C071KBT6, STM32C071KBT6N, STM32C071KBU6, STM32C071KBU6N, STM32C071R8T6, STM32C071R8T6N, STM32C071RBI6N, STM32C071RBT6, STM32C071RBT6N, STM32C091CBT6, STM32C091CBU6, STM32C091CCT6, STM32C091CCU6, STM32C091ECY6TR, STM32C091FBP6, STM32C091FCP6, STM32C091GBU6, STM32C091GCU6, STM32C091KBT6, STM32C091KBU6, STM32C091KCT6, STM32C091KCU6, STM32C091RBT6, STM32C091RCI6, STM32C091RCT6, STM32C092CBT6, STM32C092CBU6, STM32C092CCT6, STM32C092CCU6, STM32C092ECY6TR, STM32C092FBP6, STM32C092FCP6, STM32C092GBU6, STM32C092GCU6, STM32C092KBT6, STM32C092KBU6, STM32C092KCT6, STM32C092KCU6, STM32C092RBT6, STM32C092RCI6, STM32C092RCT6, STM32G071K8TXN, STM32G071K8UXN, STM32G081GBU6N, STM32G081KBT6N, STM32G081KBUXN, STM32G0B1CCT6N, STM32G0B1KCT6, STM32G0B1NEY6TR, STM32G0B1RCT6N, STM32G0C1CCT6, STM32G0C1CCT6N, STM32G0C1CCU6N, STM32G0C1CET6N, STM32G0C1CEU6N, STM32G0C1KCT6, STM32G0C1NEY6TR, STM32G0C1RCI6N, STM32G0C1RCT6N, STM32G0C1REI6N, STM32G0C1RET6N, STM32G0C1VCI6, STM32G0C1VEI6, STM32G411C6T3, STM32G411C6T6, STM32G411C6U3, STM32G411C6U6, STM32G411C8T3, STM32G411C8T6, STM32G411C8U3, STM32G411C8U6, STM32G411CBT3, STM32G411CBT6, STM32G411CBU3, STM32G411CBU6, STM32G411K6T3, STM32G411K6T6, STM32G411K6U3, STM32G411K6U6, STM32G411K8T3, STM32G411K8T6, STM32G411K8U3, STM32G411K8U6, STM32G411KBT3, STM32G411KBT6, STM32G411KBU3, STM32G411KBU6, STM32G411M6T3, STM32G411M6T6, STM32G411M8T3, STM32G411M8T6, STM32G411MBT3, STM32G411MBT6, STM32G411R6T3, STM32G411R6T6, STM32G411R8T3, STM32G411R8T6, STM32G411RBT3, STM32G411RBT6, STM32G414CBT3, STM32G414CBT6, STM32G414CBU3, STM32G414CBU6, STM32G414CCT3, STM32G414CCT6, STM32G414CCU3, STM32G414CCU6, STM32G414MBT3, STM32G414MBT6, STM32G414MCT3, STM32G414MCT6, STM32G414RBT3, STM32G414RBT6, STM32G414RCT3, STM32G414RCT6, STM32G414VBT3, STM32G414VBT6, STM32G414VCT3, STM32G414VCT6, STM32G431CBT3Z, STM32G431RBT3Z, STM32G471CCT6, STM32G471CCU6, STM32G471CET3, STM32G471CET6, STM32G471CEU3, STM32G471CEU6, STM32G471MCT6, STM32G471MET3, STM32G471MET6, STM32G471MEY6TR, STM32G471QCT6, STM32G471QET3, STM32G471RCT6, STM32G471RET3, STM32G471RET6, STM32G471VCH6, STM32G471VCI6, STM32G471VCT6, STM32G471VEH3, STM32G471VEH6, STM32G471VEI3, STM32G471VEI6, STM32G471VET3, STM32G471VET6, STM32G473QET3Z, STM32G473RET3Z, STM32G474CCT6, STM32G491RET3Z, STM32H503CBT6, STM32H503CBU6, STM32H503EBY6TR, STM32H503KBU6, STM32H503RBT6, STM32H523CCT6, STM32H523CCU6, STM32H523CET6, STM32H523CEU6, STM32H523HEY6TR, STM32H523RCT6, STM32H523RET6, STM32H523VCI6, STM32H523VCT6, STM32H523VEI6, STM32H523VET6, STM32H523ZCJ6, STM32H523ZCT6, STM32H523ZEJ6, STM32H523ZET6, STM32H533CET6, STM32H533CEU6, STM32H533HEY6TR, STM32H533RET6, STM32H533VEI6, STM32H533VET6, STM32H533ZEJ6, STM32H533ZET6, STM32H562AGI6, STM32H562AII6, STM32H562IGK6, STM32H562IGT6, STM32H562IIK6, STM32H562IIT6, STM32H562RGT6, STM32H562RGV6, STM32H562RIT6, STM32H562RIV6, STM32H562VGT6, STM32H562VIT6, STM32H562ZGT6, STM32H562ZIT6, STM32H563AGI6, STM32H563AII3Q, STM32H563AII6, STM32H563IGK6, STM32H563IGT6, STM32H563IIK3Q, STM32H563IIK6, STM32H563IIT3Q, STM32H563IIT6, STM32H563MIY3QTR, STM32H563RGT6, STM32H563RGV6, STM32H563RIT6, STM32H563RIV6, STM32H563VGT6, STM32H563VIT3Q, STM32H563VIT6, STM32H563ZGT6, STM32H563ZIT3Q, STM32H563ZIT6, STM32H573AII3Q, STM32H573AII6, STM32H573I-DK, STM32H573IIK3Q, STM32H573IIK6, STM32H573IIT3Q, STM32H573IIT6, STM32H573MIY3QTR, STM32H573RIT6, STM32H573RIV6, STM32H573VIT3Q, STM32H573VIT6, STM32H573ZIT3Q, STM32H573ZIT6, STM32H7R3A8I6, STM32H7R3I8K6, STM32H7R3I8T6, STM32H7R3L8H6, STM32H7R3L8H6H, STM32H7R3R8V6, STM32H7R3V8H6, STM32H7R3V8T6, STM32H7R3V8Y6TR, STM32H7R3Z8J6, STM32H7R3Z8T6, STM32H7R7A8I6, STM32H7R7I8K6, STM32H7R7I8T6, STM32H7R7L8H6, STM32H7R7L8H6H, STM32H7R7Z8J6, STM32H7S3A8I6, STM32H7S3I8K6, STM32H7S3I8T6, STM32H7S3L8H6, STM32H7S3L8H6H, STM32H7S3R8V6, STM32H7S3V8H6, STM32H7S3V8T6, STM32H7S3V8Y6TR, STM32H7S3Z8J6, STM32H7S3Z8T6, STM32H7S78-DK, STM32H7S7A8I6, STM32H7S7I8K6, STM32H7S7I8T6, STM32H7S7L8H6, STM32H7S7L8H6H, STM32H7S7Z8J6, STM32L4R5QGI6STR, STM32MP131AAE3, STM32MP131AAF3, STM32MP131AAG3, STM32MP131CAE3, STM32MP131CAF3, STM32MP131CAG3, STM32MP131DAE7, STM32MP131DAF7, STM32MP131DAG7, STM32MP131FAE7, STM32MP131FAF7, STM32MP131FAG7, STM32MP133AAE3, STM32MP133AAF3, STM32MP133AAG3, STM32MP133CAE3, STM32MP133CAF3, STM32MP133CAG3, STM32MP133DAE7, STM32MP133DAF7, STM32MP133DAG7, STM32MP133FAE7, STM32MP133FAF7, STM32MP133FAG7, STM32MP135AAE3, STM32MP135AAF3, STM32MP135AAG3, STM32MP135CAE3, STM32MP135CAF3, STM32MP135CAG3, STM32MP135DAE7, STM32MP135DAF7, STM32MP135DAG7, STM32MP135F-DK, STM32MP135FAE7, STM32MP135FAF7, STM32MP135FAF7T, STM32MP135FAF7U, STM32MP135FAG7, STM32MP211AAL3, STM32MP211AAM3, STM32MP211AAN3, STM32MP211AAO3, STM32MP211CAL3, STM32MP211CAM3, STM32MP211CAN3, STM32MP211CAO3, STM32MP211DAL3, STM32MP211DAM3, STM32MP211DAN3, STM32MP211DAO3, STM32MP211FAL3, STM32MP211FAM3, STM32MP211FAN3, STM32MP211FAO3, STM32MP213AAL3, STM32MP213AAM3, STM32MP213AAN3, STM32MP213AAO3, STM32MP213CAL3, STM32MP213CAM3, STM32MP213CAN3, STM32MP213CAO3, STM32MP213DAL3, STM32MP213DAM3, STM32MP213DAN3, STM32MP213DAO3, STM32MP213FAL3, STM32MP213FAM3, STM32MP213FAN3, STM32MP213FAO3, STM32MP215AAL3, STM32MP215AAM3, STM32MP215AAN3, STM32MP215AAO3, STM32MP215CAL3, STM32MP215CAM3, STM32MP215CAN3, STM32MP215CAO3, STM32MP215DAL3, STM32MP215DAM3, STM32MP215DAN3, STM32MP215DAO3, STM32MP215F-DK, STM32MP215FAL3, STM32MP215FAM3, STM32MP215FAN3, STM32MP215FAO3, STM32MP231AAJ3, STM32MP231AAK3, STM32MP231AAL3, STM32MP231CAJ3, STM32MP231CAK3, STM32MP231CAL3, STM32MP231DAJ3, STM32MP231DAK3, STM32MP231DAL3, STM32MP231FAJ3, STM32MP231FAK3, STM32MP231FAL3, STM32MP233AAJ3, STM32MP233AAK3, STM32MP233AAL3, STM32MP233CAJ3, STM32MP233CAK3, STM32MP233CAL3, STM32MP233DAJ3, STM32MP233DAK3, STM32MP233DAL3, STM32MP233FAJ3, STM32MP233FAK3, STM32MP233FAL3, STM32MP235AAJ3, STM32MP235AAK3, STM32MP235AAL3, STM32MP235CAJ3, STM32MP235CAK3, STM32MP235CAL3, STM32MP235DAJ3, STM32MP235DAK3, STM32MP235DAL3, STM32MP235FAJ3, STM32MP235FAK3, STM32MP235FAL3, STM32MP251AAI3, STM32MP251AAK3, STM32MP251AAL3, STM32MP251CAI3, STM32MP251CAK3, STM32MP251CAL3, STM32MP251DAI3, STM32MP251DAK3, STM32MP251DAL3, STM32MP251FAI3, STM32MP251FAK3, STM32MP251FAL3, STM32MP253AAI3, STM32MP253AAK3, STM32MP253AAL3, STM32MP253CAI3, STM32MP253CAK3, STM32MP253CAL3, STM32MP253DAI3, STM32MP253DAK3, STM32MP253DAL3, STM32MP253FAI3, STM32MP253FAK3, STM32MP253FAL3, STM32MP255AAI3, STM32MP255AAK3, STM32MP255AAL3, STM32MP255CAI3, STM32MP255CAK3, STM32MP255CAL3, STM32MP255DAI3, STM32MP255DAK3, STM32MP255DAL3, STM32MP255FAI3, STM32MP255FAK3, STM32MP255FAL3, STM32MP257AAI3, STM32MP257AAK3, STM32MP257AAL3, STM32MP257CAI3, STM32MP257CAK3, STM32MP257CAL3, STM32MP257DAI3, STM32MP257DAK3, STM32MP257DAL3, STM32MP257F-DK, STM32MP257F-EV1, STM32MP257FAI3, STM32MP257FAK3, STM32MP257FAL3, STM32N645A0H3Q, STM32N645B0H3Q, STM32N645I0H3Q, STM32N645L0H3Q, STM32N645X0H3Q, STM32N645Z0H3Q, STM32N647A0H3Q, STM32N647B0H3Q, STM32N647I0H3Q, STM32N647L0H3Q, STM32N647X0H3Q, STM32N647Z0H3Q, STM32N655A0H3Q, STM32N655B0H3Q, STM32N655I0H3Q, STM32N655L0H3Q, STM32N655X0H3Q, STM32N655Z0H3Q, STM32N6570-DK, STM32N657A0H3Q, STM32N657B0H3Q, STM32N657I0H3Q, STM32N657L0H3Q, STM32N657X0H3Q, STM32N657Z0H3Q, STM32U031C6T6, STM32U031C6U6, STM32U031C8T6, STM32U031C8U6, STM32U031F4P6, STM32U031F6P6, STM32U031F8P6, STM32U031G6Y6TR, STM32U031G8Y6TR, STM32U031K4U6, STM32U031K6U6, STM32U031K8U6, STM32U031R6I6, STM32U031R6T6, STM32U031R8I6, STM32U031R8T6, STM32U073C8T6, STM32U073C8U6, STM32U073CBT6, STM32U073CBU6, STM32U073CCT6, STM32U073CCU6, STM32U073H8Y6TR, STM32U073HBY6TR, STM32U073HCY6TR, STM32U073K8U6, STM32U073KBU6, STM32U073KCU6, STM32U073M8I6, STM32U073M8T6, STM32U073MBI6, STM32U073MBT6, STM32U073MCI6, STM32U073MCT6, STM32U073R8I6, STM32U073R8T6, STM32U073RBI6, STM32U073RBT6, STM32U073RCI6, STM32U073RCT6, STM32U083C-DK, STM32U083CCT6, STM32U083CCU6, STM32U083HCY6TR, STM32U083KCU6, STM32U083MCI6, STM32U083MCT6, STM32U083RCI6, STM32U083RCT6, STM32U375CET6, STM32U375CET6Q, STM32U375CEU6, STM32U375CEU6Q, STM32U375CEY6QTR, STM32U375CGT6, STM32U375CGT6Q, STM32U375CGU6, STM32U375CGU6Q, STM32U375CGY6QTR, STM32U375KEU6, STM32U375KGU6, STM32U375REI6, STM32U375REI6Q, STM32U375RET6, STM32U375RET6Q, STM32U375REY6GTR, STM32U375REY6QTR, STM32U375RGI6, STM32U375RGI6Q, STM32U375RGT6, STM32U375RGT6Q, STM32U375RGY6GTR, STM32U375RGY6QTR, STM32U375VEI6, STM32U375VEI6Q, STM32U375VET6, STM32U375VET6Q, STM32U375VGI6, STM32U375VGI6Q, STM32U375VGT6, STM32U375VGT6Q, STM32U385CGT6, STM32U385CGT6Q, STM32U385CGU6, STM32U385CGU6Q, STM32U385CGY6QTR, STM32U385KGU6, STM32U385RGI6, STM32U385RGI6Q, STM32U385RGT6, STM32U385RGT6Q, STM32U385RGY6GTR, STM32U385RGY6QTR, STM32U385VGI6, STM32U385VGI6Q, STM32U385VGT6, STM32U385VGT6Q, STM32U535CBT6, STM32U535CBT6Q, STM32U535CBU6, STM32U535CBU6Q, STM32U535CCT6, STM32U535CCT6Q, STM32U535CCU6, STM32U535CCU6Q, STM32U535CET6, STM32U535CET6Q, STM32U535CEU6, STM32U535CEU6Q, STM32U535JEY6QTR, STM32U535NCY6QTR, STM32U535NEY6QTR, STM32U535RBI6, STM32U535RBI6Q, STM32U535RBT6, STM32U535RBT6Q, STM32U535RCI6, STM32U535RCI6Q, STM32U535RCT6, STM32U535RCT6Q, STM32U535REI6, STM32U535REI6Q, STM32U535RET6, STM32U535RET6Q, STM32U535VCI6, STM32U535VCI6Q, STM32U535VCT6, STM32U535VCT6Q, STM32U535VEI6, STM32U535VEI6Q, STM32U535VET6, STM32U535VET6Q, STM32U545CET6, STM32U545CET6Q, STM32U545CEU6, STM32U545CEU6Q, STM32U545JEY6QTR, STM32U545NEY6QTR, STM32U545REI6, STM32U545REI6Q, STM32U545RET6, STM32U545RET6Q, STM32U545VEI6, STM32U545VEI6Q, STM32U545VET6, STM32U545VET6Q, STM32U595AIH6, STM32U595AIH6Q, STM32U595AJH6, STM32U595AJH6Q, STM32U595QII6, STM32U595QII6Q, STM32U595QJI6, STM32U595QJI6Q, STM32U595RIT6, STM32U595RIT6Q, STM32U595RJT6, STM32U595RJT6Q, STM32U595VIT6, STM32U595VIT6Q, STM32U595VJT6, STM32U595VJT6Q, STM32U595ZIT6, STM32U595ZIT6Q, STM32U595ZIY6QTR, STM32U595ZJT6, STM32U595ZJT6Q, STM32U595ZJY6QTR, STM32U599BJY6QTR, STM32U599NIH6Q, STM32U599NJH6Q, STM32U599VIT6Q, STM32U599VJT6, STM32U599VJT6Q, STM32U599ZIT6Q, STM32U599ZIY6QTR, STM32U599ZJT6Q, STM32U599ZJY6QTR, STM32U5A5AJH6, STM32U5A5AJH6Q, STM32U5A5QII3Q , STM32U5A5QJI6, STM32U5A5QJI6Q, STM32U5A5RJT6, STM32U5A5RJT6Q, STM32U5A5VJT6, STM32U5A5VJT6Q, STM32U5A5ZJT6, STM32U5A5ZJT6Q, STM32U5A5ZJY6QTR, STM32U5A9BJY6QTR, STM32U5A9J-DK, STM32U5A9NJH6Q, STM32U5A9VJT6Q, STM32U5A9ZJT6Q, STM32U5A9ZJY6QTR, STM32U5F7VIT6, STM32U5F7VIT6Q, STM32U5F7VJT6, STM32U5F7VJT6Q, STM32U5F9BJY6QTR, STM32U5F9NJH6Q, STM32U5F9VIT6Q, STM32U5F9VJT6Q, STM32U5F9ZIJ6QTR, STM32U5F9ZIT6Q, STM32U5F9ZJJ6QTR, STM32U5F9ZJT6Q, STM32U5G7VJT6, STM32U5G7VJT6Q, STM32U5G9BJY6QTR, STM32U5G9J-DK1, STM32U5G9J-DK2, STM32U5G9NJH6Q, STM32U5G9VJT6Q, STM32U5G9ZJJ6QTR, STM32U5G9ZJT6Q, STM32WB05KZV6TR, STM32WB05KZV7TR, STM32WB05TZF6TR, STM32WB05TZF7TR, STM32WB06CCF6TR, STM32WB06CCF7TR, STM32WB06CCV6TR, STM32WB06CCV7TR, STM32WB06KCV6TR, STM32WB06KCV7TR, STM32WB07CCF6TR, STM32WB07CCF7TR, STM32WB07CCV6TR, STM32WB07CCV7TR, STM32WB07KCV6TR, STM32WB07KCV7TR, STM32WB09KEV6TR, STM32WB09KEV7TR, STM32WB09TEF6TR, STM32WB09TEF7TR, STM32WB1MMCH6, STM32WBA50KGU6, STM32WBA50KGU6TR, STM32WBA52CEU6, STM32WBA52CEU6TR, STM32WBA52CEU7, STM32WBA52CEU7TR, STM32WBA52CGU6, STM32WBA52CGU6TR, STM32WBA52CGU6U, STM32WBA52CGU7, STM32WBA52CGU7TR, STM32WBA52KEU6, STM32WBA52KEU6TR, STM32WBA52KGU6, STM32WBA52KGU6TR, STM32WBA54CEU6, STM32WBA54CEU6TR, STM32WBA54CEU7, STM32WBA54CEU7TR, STM32WBA54CGU6, STM32WBA54CGU6TR, STM32WBA54CGU7, STM32WBA54CGU7TR, STM32WBA54KEU6, STM32WBA54KEU6TR, STM32WBA54KEU7, STM32WBA54KEU7TR, STM32WBA54KGU6, STM32WBA54KGU6TR, STM32WBA54KGU7, STM32WBA54KGU7TR, STM32WBA55CEU6, STM32WBA55CEU6TR, STM32WBA55CEU7, STM32WBA55CEU7TR, STM32WBA55CGU6, STM32WBA55CGU6TR, STM32WBA55CGU6U, STM32WBA55CGU7, STM32WBA55CGU7TR, STM32WBA55G-DK1, STM32WBA55HEF6, STM32WBA55HEF7, STM32WBA55HGF6, STM32WBA55HGF7, STM32WBA55UEI6, STM32WBA55UEI6TR, STM32WBA55UEI7, STM32WBA55UEI7TR, STM32WBA55UGI6, STM32WBA55UGI6TR, STM32WBA55UGI7, STM32WBA55UGI7TR, STM32WBA5MMGH6TR, STM32WBA62MGF6, STM32WBA62MIF6, STM32WBA65MGF7, STM32WBA65MIF6, STM32WBA65MIF7, STM32WL30K8V6, STM32WL30KBV6, STM32WL31C8V6, STM32WL31CBV6, STM32WL31K8V6, STM32WL31KBV6, STM32WL33C8V6, STM32WL33C8V6X, STM32WL33CBV6, STM32WL33CBV6X, STM32WL33CCV6, STM32WL33CCV6A, STM32WL33CCV6X, STM32WL33K8V7, STM32WL33K8V7X, STM32WL33KBV7 , STM32WL33KBV7X, STM32WL33KCV7, STM32WL33KCV7X, STM32WL5MOCH6, STM32WL5MOCH6TR]
2026-07-28 14:55:12,121 [INFO] BoardInfo:889 - No configuration file found for board NUCLEO-H5E5ZJ
2026-07-28 14:55:12,122 [INFO] DbBoards:161 - Board is not supported: NUCLEO-H5E5ZJ
2026-07-28 14:55:12,166 [INFO] BoardInfo:889 - No configuration file found for board NUCLEO-U3C5ZI-Q
2026-07-28 14:55:12,167 [INFO] DbBoards:161 - Board is not supported: NUCLEO-U3C5ZI-Q
2026-07-28 14:55:12,179 [INFO] BoardInfo:889 - No configuration file found for board NUCLEO-WBA25CE1
2026-07-28 14:55:12,180 [INFO] DbBoards:161 - Board is not supported: NUCLEO-WBA25CE1
2026-07-28 14:55:12,187 [INFO] BoardInfo:889 - No configuration file found for board NUCLEO-WL3RKB1
2026-07-28 14:55:12,188 [INFO] DbBoards:161 - Board is not supported: NUCLEO-WL3RKB1
2026-07-28 14:55:12,189 [INFO] BoardInfo:889 - No configuration file found for board NUCLEO-WL3RKB2
2026-07-28 14:55:12,190 [INFO] DbBoards:161 - Board is not supported: NUCLEO-WL3RKB2
2026-07-28 14:55:12,199 [INFO] BoardInfo:889 - No configuration file found for board P-NUCLEO-WB55
2026-07-28 14:55:12,200 [INFO] DbBoards:161 - Kit is not supported: P-NUCLEO-WB55
2026-07-28 14:55:12,205 [INFO] BoardInfo:889 - No configuration file found for board STEVAL-BFA001V1B
2026-07-28 14:55:12,205 [INFO] DbBoards:161 - Kit is not supported: STEVAL-BFA001V1B
2026-07-28 14:55:12,206 [INFO] BoardInfo:889 - No configuration file found for board STEVAL-BFA001V2B
2026-07-28 14:55:12,207 [INFO] DbBoards:161 - Kit is not supported: STEVAL-BFA001V2B
2026-07-28 14:55:12,286 [INFO] BoardInfo:889 - No configuration file found for board STM32H5F5J-DK
2026-07-28 14:55:12,287 [INFO] DbBoards:161 - Board is not supported: STM32H5F5J-DK
2026-07-28 14:55:12,352 [INFO] DbBoards:168 - Found 218 boards, 209 are supported
2026-07-28 14:55:12,353 [INFO] DbBoards:169 - Found 218 boards, 43 of them is supported for  Bsp
2026-07-28 14:55:12,355 [INFO] ApiDb:423 - Load user favorites file C:\Users\ADMIN/.stm32cubeide/favorites.boards.txt: 0 item(s)
2026-07-28 14:55:12,355 [INFO] ApiDb:427 - User favorites Boards=[]
2026-07-28 14:55:12,355 [INFO] DbBoards:198 - Set 0 / 0 favorites Boards
2026-07-28 14:55:12,356 [ERROR] TargetSelectorAdapter:267 - Unable to refresh data
2026-07-28 14:55:12,426 [INFO] McuFinderGlobals:76 - Set McuFinderConnectedMode to true
2026-07-28 14:55:12,428 [INFO] MultiScanPanel:200 - Auto-refresh data requested => check proxy status ongoing
2026-07-28 14:55:12,429 [INFO] FinderPluginLoader:96 - Searching for filters in installed packs
2026-07-28 14:55:14,098 [INFO] LoadUrlFilesThread:185 - End of LoadServerUrlFiles without Thread
2026-07-28 14:55:14,099 [INFO] DetailPanel:341 - Set advertising image to C:/Users/ADMIN/STM32Cube/Repository/\en.stm32h5cubemxbanner.png
2026-07-28 14:57:36,153 [INFO] MultiScanPanel:200 - Auto-refresh data requested => check proxy status ongoing
2026-07-28 14:57:36,268 [INFO] LoadUrlFilesThread:185 - End of LoadServerUrlFiles without Thread
2026-07-28 14:57:36,269 [INFO] DetailPanel:341 - Set advertising image to C:/Users/ADMIN/STM32Cube/Repository/\en.stm32h5cubemxbanner.png
2026-07-28 14:57:36,282 [INFO] DbBoards:642 - Loading board mini-images...
2026-07-28 14:57:38,013 [INFO] DbBoards:665 - Loaded 218 board mini-images
2026-07-28 14:57:46,633 [INFO] McuFinderGlobals:76 - Set McuFinderConnectedMode to true
2026-07-28 14:57:46,911 [INFO] ApiDb:448 - Save user favorites file C:\Users\ADMIN/.stm32cubeide/favorites.mcus.txt: 0 item(s)
2026-07-28 14:57:46,911 [INFO] ApiDb:452 - User favorites MCUs=[]
2026-07-28 14:57:46,916 [INFO] ApiDb:448 - Save user favorites file C:\Users\ADMIN/.stm32cubeide/favorites.boards.txt: 0 item(s)
2026-07-28 14:57:46,916 [INFO] ApiDb:452 - User favorites Boards=[]
2026-07-28 14:58:11,791 [INFO] UtilMem:75 - End SaveConfig() Used Memory: 950326512 Bytes (1073741824)
2026-07-28 14:58:17,916 [INFO] UtilMem:75 - End SaveConfig() Used Memory: 982851944 Bytes (1073741824)
2026-07-28 14:58:21,924 [INFO] UtilMem:75 - End SaveConfig() Used Memory: 946110896 Bytes (1073741824)
2026-07-28 14:58:22,246 [INFO] BlockDiagram:2775 - set Specific Code input for plugin: SYS
2026-07-28 14:58:22,246 [INFO] BlockDiagram:2775 - set Specific Code input for plugin: RCC
2026-07-28 14:58:22,246 [INFO] BlockDiagram:2775 - set Specific Code input for plugin: NVIC
2026-07-28 14:58:22,247 [INFO] BlockDiagram:2775 - set Specific Code input for plugin: GPIO
2026-07-28 14:58:22,249 [INFO] CodeGenerator:892 - code generatio: config db path: C:\ST\STM32CubeIDE_1.19.0\STM32CubeIDE\plugins\com.st.stm32cube.common.mx_6.15.0.202507011659\\db\
2026-07-28 14:58:22,358 [INFO] CodeEngine:265 - oldGeneratedFile, D:\TinyML_GJ\TinyML_Workshop\STM32\First_STM32_project\MXTmpFiles\license.tmp_save
2026-07-28 14:58:22,603 [INFO] CodeEngine:289 - Generated code: D:\TinyML_GJ\TinyML_Workshop\STM32\First_STM32_project\MXTmpFiles\license.tmp
2026-07-28 14:58:22,625 [INFO] CodeEngine:265 - oldGeneratedFile, D:\TinyML_GJ\TinyML_Workshop\STM32\First_STM32_project\MXTmpFiles\gpio.tmp_save
2026-07-28 14:58:22,782 [INFO] CodeEngine:289 - Generated code: D:\TinyML_GJ\TinyML_Workshop\STM32\First_STM32_project\MXTmpFiles\gpio.tmp
2026-07-28 14:58:22,806 [INFO] CodeEngine:265 - oldGeneratedFile, D:\TinyML_GJ\TinyML_Workshop\STM32\First_STM32_project\Core\Src\stm32l4xx_it.c_save
2026-07-28 14:58:23,087 [INFO] CodeEngine:289 - Generated code: D:\TinyML_GJ\TinyML_Workshop\STM32\First_STM32_project\Core\Src\stm32l4xx_it.c
2026-07-28 14:58:23,094 [INFO] CodeEngine:265 - oldGeneratedFile, D:\TinyML_GJ\TinyML_Workshop\STM32\First_STM32_project\Core\Inc\stm32l4xx_it.h_save
2026-07-28 14:58:23,155 [INFO] CodeEngine:289 - Generated code: D:\TinyML_GJ\TinyML_Workshop\STM32\First_STM32_project\Core\Inc\stm32l4xx_it.h
2026-07-28 14:58:23,166 [INFO] CodeEngine:265 - oldGeneratedFile, D:\TinyML_GJ\TinyML_Workshop\STM32\First_STM32_project\Core\Src\stm32l4xx_hal_msp.c_save
2026-07-28 14:58:23,326 [INFO] CodeEngine:289 - Generated code: D:\TinyML_GJ\TinyML_Workshop\STM32\First_STM32_project\Core\Src\stm32l4xx_hal_msp.c
2026-07-28 14:58:23,331 [INFO] CodeEngine:265 - oldGeneratedFile, D:\TinyML_GJ\TinyML_Workshop\STM32\First_STM32_project\MXTmpFiles\system.tmp_save
2026-07-28 14:58:23,403 [INFO] CodeEngine:289 - Generated code: D:\TinyML_GJ\TinyML_Workshop\STM32\First_STM32_project\MXTmpFiles\system.tmp
2026-07-28 14:58:23,413 [INFO] CodeEngine:321 - oldGeneratedFile, D:\TinyML_GJ\TinyML_Workshop\STM32\First_STM32_project\Core\Inc\stm32l4xx_hal_conf.h_save
2026-07-28 14:58:23,522 [INFO] CodeEngine:345 - Generated code: D:\TinyML_GJ\TinyML_Workshop\STM32\First_STM32_project\Core\Inc\stm32l4xx_hal_conf.h
2026-07-28 14:58:23,546 [INFO] CodeEngine:265 - oldGeneratedFile, D:\TinyML_GJ\TinyML_Workshop\STM32\First_STM32_project\Core\Inc\main.h_save
2026-07-28 14:58:23,669 [INFO] CodeEngine:289 - Generated code: D:\TinyML_GJ\TinyML_Workshop\STM32\First_STM32_project\Core\Inc\main.h
2026-07-28 14:58:23,673 [INFO] CodeEngine:265 - oldGeneratedFile, D:\TinyML_GJ\TinyML_Workshop\STM32\First_STM32_project\Core\Src\main.c_save
2026-07-28 14:58:23,776 [INFO] CodeEngine:289 - Generated code: D:\TinyML_GJ\TinyML_Workshop\STM32\First_STM32_project\Core\Src\main.c
2026-07-28 14:58:23,992 [INFO] ProjectBuilder:3606 - Time for Copy HAL[1] : 107mS.
2026-07-28 14:58:23,994 [INFO] ProjectBuilder:5216 - Project Generator version: 4.7.0-B52
2026-07-28 14:58:24,050 [INFO] ConfigFileManager:1595 - The Die is : DIE470
2026-07-28 14:58:24,958 [INFO] ProjectBuilder:5496 - Time for Generating toolchain IDE Files: 964mS.
2026-07-28 14:58:24,960 [INFO] ProjectBuilder:3463 - Time for Copy CMSIS : 1mS.
2026-07-28 14:58:24,962 [INFO] ProjectBuilder:3463 - Time for Copy CMSIS : 0mS.
2026-07-28 14:59:25,535 [INFO] UtilMem:75 - End SaveConfig() Used Memory: 716279464 Bytes (1073741824)
2026-07-28 14:59:26,878 [INFO] UtilMem:75 - End SaveConfig() Used Memory: 761362632 Bytes (1073741824)
2026-07-28 14:59:28,034 [INFO] UtilMem:75 - End SaveConfig() Used Memory: 809782512 Bytes (1073741824)
2026-07-28 14:59:28,310 [INFO] BlockDiagram:2775 - set Specific Code input for plugin: SYS
2026-07-28 14:59:28,310 [INFO] BlockDiagram:2775 - set Specific Code input for plugin: RCC
2026-07-28 14:59:28,310 [INFO] BlockDiagram:2775 - set Specific Code input for plugin: NVIC
2026-07-28 14:59:28,311 [INFO] BlockDiagram:2775 - set Specific Code input for plugin: GPIO
2026-07-28 14:59:28,312 [INFO] CodeGenerator:892 - code generatio: config db path: C:\ST\STM32CubeIDE_1.19.0\STM32CubeIDE\plugins\com.st.stm32cube.common.mx_6.15.0.202507011659\\db\
2026-07-28 14:59:28,381 [INFO] CodeEngine:265 - oldGeneratedFile, D:\TinyML_GJ\TinyML_Workshop\STM32\First_STM32_project\MXTmpFiles\license.tmp_save
2026-07-28 14:59:28,569 [INFO] CodeEngine:289 - Generated code: D:\TinyML_GJ\TinyML_Workshop\STM32\First_STM32_project\MXTmpFiles\license.tmp
2026-07-28 14:59:28,584 [INFO] CodeEngine:265 - oldGeneratedFile, D:\TinyML_GJ\TinyML_Workshop\STM32\First_STM32_project\MXTmpFiles\gpio.tmp_save
2026-07-28 14:59:28,720 [INFO] CodeEngine:289 - Generated code: D:\TinyML_GJ\TinyML_Workshop\STM32\First_STM32_project\MXTmpFiles\gpio.tmp
2026-07-28 14:59:28,741 [INFO] CodeEngine:265 - oldGeneratedFile, D:\TinyML_GJ\TinyML_Workshop\STM32\First_STM32_project\Core\Src\stm32l4xx_it.c_save
2026-07-28 14:59:28,853 [INFO] CodeEngine:289 - Generated code: D:\TinyML_GJ\TinyML_Workshop\STM32\First_STM32_project\Core\Src\stm32l4xx_it.c
2026-07-28 14:59:28,859 [INFO] CodeEngine:265 - oldGeneratedFile, D:\TinyML_GJ\TinyML_Workshop\STM32\First_STM32_project\Core\Inc\stm32l4xx_it.h_save
2026-07-28 14:59:28,930 [INFO] CodeEngine:289 - Generated code: D:\TinyML_GJ\TinyML_Workshop\STM32\First_STM32_project\Core\Inc\stm32l4xx_it.h
2026-07-28 14:59:28,939 [INFO] CodeEngine:265 - oldGeneratedFile, D:\TinyML_GJ\TinyML_Workshop\STM32\First_STM32_project\Core\Src\stm32l4xx_hal_msp.c_save
2026-07-28 14:59:29,078 [INFO] CodeEngine:289 - Generated code: D:\TinyML_GJ\TinyML_Workshop\STM32\First_STM32_project\Core\Src\stm32l4xx_hal_msp.c
2026-07-28 14:59:29,081 [INFO] CodeEngine:265 - oldGeneratedFile, D:\TinyML_GJ\TinyML_Workshop\STM32\First_STM32_project\MXTmpFiles\system.tmp_save
2026-07-28 14:59:29,149 [INFO] CodeEngine:289 - Generated code: D:\TinyML_GJ\TinyML_Workshop\STM32\First_STM32_project\MXTmpFiles\system.tmp
2026-07-28 14:59:29,164 [INFO] CodeEngine:321 - oldGeneratedFile, D:\TinyML_GJ\TinyML_Workshop\STM32\First_STM32_project\Core\Inc\stm32l4xx_hal_conf.h_save
2026-07-28 14:59:29,282 [INFO] CodeEngine:345 - Generated code: D:\TinyML_GJ\TinyML_Workshop\STM32\First_STM32_project\Core\Inc\stm32l4xx_hal_conf.h
2026-07-28 14:59:29,310 [INFO] CodeEngine:265 - oldGeneratedFile, D:\TinyML_GJ\TinyML_Workshop\STM32\First_STM32_project\Core\Inc\main.h_save
2026-07-28 14:59:29,417 [INFO] CodeEngine:289 - Generated code: D:\TinyML_GJ\TinyML_Workshop\STM32\First_STM32_project\Core\Inc\main.h
2026-07-28 14:59:29,421 [INFO] CodeEngine:265 - oldGeneratedFile, D:\TinyML_GJ\TinyML_Workshop\STM32\First_STM32_project\Core\Src\main.c_save
2026-07-28 14:59:29,508 [INFO] CodeEngine:289 - Generated code: D:\TinyML_GJ\TinyML_Workshop\STM32\First_STM32_project\Core\Src\main.c
2026-07-28 14:59:29,766 [INFO] ProjectBuilder:3606 - Time for Copy HAL[1] : 132mS.
2026-07-28 14:59:29,770 [INFO] ProjectBuilder:5216 - Project Generator version: 4.7.0-B52
2026-07-28 14:59:29,839 [INFO] ConfigFileManager:1595 - The Die is : DIE470
2026-07-28 14:59:30,476 [INFO] ProjectBuilder:5496 - Time for Generating toolchain IDE Files: 706mS.
2026-07-28 14:59:30,477 [INFO] ProjectBuilder:3463 - Time for Copy CMSIS : 0mS.
2026-07-28 14:59:30,478 [INFO] ProjectBuilder:3463 - Time for Copy CMSIS : 0mS.
2026-07-28 15:27:54,363 [INFO] MainUpdater:2872 - connection check result : 10
2026-07-28 15:27:54,364 [INFO] McuFinderGlobals:76 - Set McuFinderConnectedMode to true
2026-07-28 15:27:54,729 [INFO] ServerAccessManage:452 - Complete download http(s) 200
2026-07-28 15:27:54,732 [INFO] ServerAccessManage:509 - Download File mcusAds.json._tmp_
2026-07-28 15:27:54,845 [INFO] LoadUrlFilesThread:156 - End of LoadUrlFiles Thread
2026-07-28 15:27:55,199 [INFO] ServerAccessManage:452 - Complete download http(s) 200
2026-07-28 15:27:55,200 [INFO] ServerAccessManage:509 - Download File cube-finder-db.zip
2026-07-28 15:27:56,060 [INFO] FileExtend:248 - Unzip File : cube-finder-db.zip
2026-07-28 15:27:56,060 [INFO] FileExtend:263 - Standard Zip Deflate
2026-07-28 15:27:56,878 [INFO] LoadUrlFilesThread:156 - End of LoadUrlFiles Thread
2026-07-28 15:28:18,122 [ERROR] ServerAccessManage:1295 - Problem during Server Connection :  IO error Connection timed out: getsockopt
2026-07-28 15:28:18,122 [ERROR] ServerAccessManage:740 - Problem during Server Connection :  : crdb.zip.
2026-07-28 15:28:20,597 [INFO] LoadUrlFilesThread:156 - End of LoadUrlFiles Thread
2026-07-28 15:28:21,531 [INFO] DbMcusAds:53 - JSON generation date=Wed Jul 15 15:16:00 IST 2026 (1784108760991)
2026-07-28 15:28:21,537 [INFO] ApiDb:448 - Save user favorites file C:\Users\ADMIN/.stm32cubeide/favorites.mcus.txt: 0 item(s)
2026-07-28 15:28:21,537 [INFO] ApiDb:452 - User favorites MCUs=[]
2026-07-28 15:28:21,540 [INFO] ApiDb:581 - Connected to CubeFinder SQLite database (C:\Users\ADMIN\.stmcufinder\plugins\mcufinder\mcu\cube-finder-db.db)
2026-07-28 15:28:21,593 [INFO] ApiDb:668 - CubeFinder database Data Model version=2.1
2026-07-28 15:28:21,593 [INFO] ApiDb:669 - CubeFinder database Configuration version=3.0.42
2026-07-28 15:28:21,594 [INFO] ApiDb:670 - CubeFinder database generation date=2026-06-23 (1782213372)
2026-07-28 15:28:21,594 [INFO] ApiDb:671 - CubeFinder database FW Pack versions=[FP-ATR-ASTRA1_V2.0.0, FP-SNS-FLIGHT1_V5.1.0, FP-SNS-MOTENV1_V5.1.0, FP-SNS-MOTENVWB1_V1.5.0, FP-SNS-SMARTAG2_V1.2.0, FP-SNS-STBOX1_V2.1.0, STM32Cube_FW_C0_V1.4.0, STM32Cube_FW_F4_V1.28.3, STM32Cube_FW_F7_V1.17.4, STM32Cube_FW_G0_V1.6.3, STM32Cube_FW_G4_V1.6.2, STM32Cube_FW_H5_V1.7.0, STM32Cube_FW_H7RS_V1.3.0, STM32Cube_FW_H7_V1.13.0, STM32Cube_FW_L0_V1.12.2, STM32Cube_FW_L4_V1.18.2, STM32Cube_FW_L5_V1.6.0, STM32Cube_FW_N6_V1.4.0, STM32Cube_FW_U0_V1.3.0, STM32Cube_FW_U3_V1.4.0, STM32Cube_FW_U5_V1.9.0, STM32Cube_FW_WB0_V1.5.0, STM32Cube_FW_WBA_V1.10.0, STM32Cube_FW_WB_V1.24.0, STM32Cube_FW_WL3_V1.5.0, STM32Cube_FW_WL_V1.6.0, X-CUBE-ALGOBUILD_V1.5.0, X-CUBE-ALS_V1.0.2, X-CUBE-AZRTOS-F4_V1.1.0, X-CUBE-AZRTOS-F7_V1.1.0, X-CUBE-AZRTOS-G0_V1.1.0, X-CUBE-AZRTOS-G4_V2.0.0, X-CUBE-AZRTOS-H7RS_V1.1.0, X-CUBE-AZRTOS-H7_V3.5.0, X-CUBE-AZRTOS-L4_V2.0.0, X-CUBE-AZRTOS-L5_V2.0.0, X-CUBE-AZRTOS-WB_V2.0.0, X-CUBE-AZRTOS-WL_V2.0.0, X-CUBE-BLE1_V7.1.0, X-CUBE-BLE2_V3.3.0, X-CUBE-BLEMGR_V4.1.0, X-CUBE-EEPRMA1_V5.2.0, X-CUBE-FREERTOS_V1.5.0, X-CUBE-GNSS1_V7.1.1, X-CUBE-MEMS1_V12.1.0, X-CUBE-NFC4_V3.0.0, X-CUBE-NFC7_V2.0.0, X-CUBE-SFXS2LP1_V4.0.0, X-CUBE-ST67W61_V1.3.0, X-CUBE-SUBG2_V5.0.0, X-CUBE-TOF1_V3.4.3]
2026-07-28 15:28:23,258 [INFO] ApiDb:240 - Found 880 in-development CPN: [B-G473E-ZEST1S, B-WB1M-WPAN1, B-WBA5M-WPAN, B-WL5M-SUBG1, NUCLEO-C031C6, NUCLEO-C051C8, NUCLEO-C071RB, NUCLEO-C092RC, NUCLEO-H503RB, NUCLEO-H533RE, NUCLEO-H563ZI, NUCLEO-H7S3L8, NUCLEO-N657X0-Q, NUCLEO-U031R8, NUCLEO-U083RC, NUCLEO-U385RG-Q, NUCLEO-U545RE-Q, NUCLEO-U5A5ZJ-Q, NUCLEO-WB05KZ, NUCLEO-WB07CC, NUCLEO-WB09KE, NUCLEO-WBA52CG, NUCLEO-WBA55CG, NUCLEO-WL33CC1, NUCLEO-WL33CC2, STEVAL-PROTEUS1, STEVAL-SMARTAG2, STEVAL-STWINBX1, STM320518-EVAL, STM32C0116-DK, STM32C011D6Y3TR, STM32C011D6Y6TR, STM32C011F4P3, STM32C011F4P6, STM32C011F4U3, STM32C011F4U6TR, STM32C011F6P3, STM32C011F6P6, STM32C011F6U3, STM32C011F6U6TR, STM32C011J4M3, STM32C011J4M6, STM32C011J6M3, STM32C011J6M6, STM32C0316-DK, STM32C031C4T3, STM32C031C4T6, STM32C031C4U3, STM32C031C4U6, STM32C031C6T3, STM32C031C6T6, STM32C031C6U3, STM32C031C6U6, STM32C031F4P3, STM32C031F4P6, STM32C031F6P3, STM32C031F6P6, STM32C031G4U3, STM32C031G4U6, STM32C031G6U3, STM32C031G6U6, STM32C031K4T3, STM32C031K4T6, STM32C031K4U3, STM32C031K4U6, STM32C031K6T3, STM32C031K6T6, STM32C031K6U3, STM32C031K6U6, STM32C051C6T6, STM32C051C6U6, STM32C051C8T6, STM32C051C8U6, STM32C051D8Y6TR, STM32C051F6P6, STM32C051F8P6, STM32C051G6U6, STM32C051G8U6, STM32C051K6T6, STM32C051K6U6, STM32C051K8T6, STM32C071C8T6, STM32C071C8T6N, STM32C071C8U6, STM32C071C8U6N, STM32C071CBT6, STM32C071CBT6N, STM32C071CBU6, STM32C071CBU6N, STM32C071F8P6, STM32C071F8P6N, STM32C071FBP6, STM32C071FBP6N, STM32C071FBY6TR, STM32C071G8U6, STM32C071G8U6N, STM32C071GBU6, STM32C071GBU6N, STM32C071K8T6, STM32C071K8T6N, STM32C071K8U6, STM32C071K8U6N, STM32C071KBT6, STM32C071KBT6N, STM32C071KBU6, STM32C071KBU6N, STM32C071R8T6, STM32C071R8T6N, STM32C071RBI6N, STM32C071RBT6, STM32C071RBT6N, STM32C091CBT6, STM32C091CBU6, STM32C091CCT6, STM32C091CCU6, STM32C091ECY6TR, STM32C091FBP6, STM32C091FCP6, STM32C091GBU6, STM32C091GCU6, STM32C091KBT6, STM32C091KBU6, STM32C091KCT6, STM32C091KCU6, STM32C091RBT6, STM32C091RCI6, STM32C091RCT6, STM32C092CBT6, STM32C092CBU6, STM32C092CCT6, STM32C092CCU6, STM32C092ECY6TR, STM32C092FBP6, STM32C092FCP6, STM32C092GBU6, STM32C092GCU6, STM32C092KBT6, STM32C092KBU6, STM32C092KCT6, STM32C092KCU6, STM32C092RBT6, STM32C092RCI6, STM32C092RCT6, STM32G071K8TXN, STM32G071K8UXN, STM32G081GBU6N, STM32G081KBT6N, STM32G081KBUXN, STM32G0B1CCT6N, STM32G0B1KCT6, STM32G0B1NEY6TR, STM32G0B1RCT6N, STM32G0C1CCT6, STM32G0C1CCT6N, STM32G0C1CCU6N, STM32G0C1CET6N, STM32G0C1CEU6N, STM32G0C1KCT6, STM32G0C1NEY6TR, STM32G0C1RCI6N, STM32G0C1RCT6N, STM32G0C1REI6N, STM32G0C1RET6N, STM32G0C1VCI6, STM32G0C1VEI6, STM32G411C6T3, STM32G411C6T6, STM32G411C6U3, STM32G411C6U6, STM32G411C8T3, STM32G411C8T6, STM32G411C8U3, STM32G411C8U6, STM32G411CBT3, STM32G411CBT6, STM32G411CBU3, STM32G411CBU6, STM32G411K6T3, STM32G411K6T6, STM32G411K6U3, STM32G411K6U6, STM32G411K8T3, STM32G411K8T6, STM32G411K8U3, STM32G411K8U6, STM32G411KBT3, STM32G411KBT6, STM32G411KBU3, STM32G411KBU6, STM32G411M6T3, STM32G411M6T6, STM32G411M8T3, STM32G411M8T6, STM32G411MBT3, STM32G411MBT6, STM32G411R6T3, STM32G411R6T6, STM32G411R8T3, STM32G411R8T6, STM32G411RBT3, STM32G411RBT6, STM32G414CBT3, STM32G414CBT6, STM32G414CBU3, STM32G414CBU6, STM32G414CCT3, STM32G414CCT6, STM32G414CCU3, STM32G414CCU6, STM32G414MBT3, STM32G414MBT6, STM32G414MCT3, STM32G414MCT6, STM32G414RBT3, STM32G414RBT6, STM32G414RCT3, STM32G414RCT6, STM32G414VBT3, STM32G414VBT6, STM32G414VCT3, STM32G414VCT6, STM32G431CBT3Z, STM32G431RBT3Z, STM32G471CCT6, STM32G471CCU6, STM32G471CET3, STM32G471CET6, STM32G471CEU3, STM32G471CEU6, STM32G471MCT6, STM32G471MET3, STM32G471MET6, STM32G471MEY6TR, STM32G471QCT6, STM32G471QET3, STM32G471RCT6, STM32G471RET3, STM32G471RET6, STM32G471VCH6, STM32G471VCI6, STM32G471VCT6, STM32G471VEH3, STM32G471VEH6, STM32G471VEI3, STM32G471VEI6, STM32G471VET3, STM32G471VET6, STM32G473QET3Z, STM32G473RET3Z, STM32G474CCT6, STM32G491RET3Z, STM32H503CBT6, STM32H503CBU6, STM32H503EBY6TR, STM32H503KBU6, STM32H503RBT6, STM32H523CCT6, STM32H523CCU6, STM32H523CET6, STM32H523CEU6, STM32H523HEY6TR, STM32H523RCT6, STM32H523RET6, STM32H523VCI6, STM32H523VCT6, STM32H523VEI6, STM32H523VET6, STM32H523ZCJ6, STM32H523ZCT6, STM32H523ZEJ6, STM32H523ZET6, STM32H533CET6, STM32H533CEU6, STM32H533HEY6TR, STM32H533RET6, STM32H533VEI6, STM32H533VET6, STM32H533ZEJ6, STM32H533ZET6, STM32H562AGI6, STM32H562AII6, STM32H562IGK6, STM32H562IGT6, STM32H562IIK6, STM32H562IIT6, STM32H562RGT6, STM32H562RGV6, STM32H562RIT6, STM32H562RIV6, STM32H562VGT6, STM32H562VIT6, STM32H562ZGT6, STM32H562ZIT6, STM32H563AGI6, STM32H563AII3Q, STM32H563AII6, STM32H563IGK6, STM32H563IGT6, STM32H563IIK3Q, STM32H563IIK6, STM32H563IIT3Q, STM32H563IIT6, STM32H563MIY3QTR, STM32H563RGT6, STM32H563RGV6, STM32H563RIT6, STM32H563RIV6, STM32H563VGT6, STM32H563VIT3Q, STM32H563VIT6, STM32H563ZGT6, STM32H563ZIT3Q, STM32H563ZIT6, STM32H573AII3Q, STM32H573AII6, STM32H573I-DK, STM32H573IIK3Q, STM32H573IIK6, STM32H573IIT3Q, STM32H573IIT6, STM32H573MIY3QTR, STM32H573RIT6, STM32H573RIV6, STM32H573VIT3Q, STM32H573VIT6, STM32H573ZIT3Q, STM32H573ZIT6, STM32H7R3A8I6, STM32H7R3I8K6, STM32H7R3I8T6, STM32H7R3L8H6, STM32H7R3L8H6H, STM32H7R3R8V6, STM32H7R3V8H6, STM32H7R3V8T6, STM32H7R3V8Y6TR, STM32H7R3Z8J6, STM32H7R3Z8T6, STM32H7R7A8I6, STM32H7R7I8K6, STM32H7R7I8T6, STM32H7R7L8H6, STM32H7R7L8H6H, STM32H7R7Z8J6, STM32H7S3A8I6, STM32H7S3I8K6, STM32H7S3I8T6, STM32H7S3L8H6, STM32H7S3L8H6H, STM32H7S3R8V6, STM32H7S3V8H6, STM32H7S3V8T6, STM32H7S3V8Y6TR, STM32H7S3Z8J6, STM32H7S3Z8T6, STM32H7S78-DK, STM32H7S7A8I6, STM32H7S7I8K6, STM32H7S7I8T6, STM32H7S7L8H6, STM32H7S7L8H6H, STM32H7S7Z8J6, STM32L4R5QGI6STR, STM32MP131AAE3, STM32MP131AAF3, STM32MP131AAG3, STM32MP131CAE3, STM32MP131CAF3, STM32MP131CAG3, STM32MP131DAE7, STM32MP131DAF7, STM32MP131DAG7, STM32MP131FAE7, STM32MP131FAF7, STM32MP131FAG7, STM32MP133AAE3, STM32MP133AAF3, STM32MP133AAG3, STM32MP133CAE3, STM32MP133CAF3, STM32MP133CAG3, STM32MP133DAE7, STM32MP133DAF7, STM32MP133DAG7, STM32MP133FAE7, STM32MP133FAF7, STM32MP133FAG7, STM32MP135AAE3, STM32MP135AAF3, STM32MP135AAG3, STM32MP135CAE3, STM32MP135CAF3, STM32MP135CAG3, STM32MP135DAE7, STM32MP135DAF7, STM32MP135DAG7, STM32MP135F-DK, STM32MP135FAE7, STM32MP135FAF7, STM32MP135FAF7T, STM32MP135FAF7U, STM32MP135FAG7, STM32MP211AAL3, STM32MP211AAM3, STM32MP211AAN3, STM32MP211AAO3, STM32MP211CAL3, STM32MP211CAM3, STM32MP211CAN3, STM32MP211CAO3, STM32MP211DAL3, STM32MP211DAM3, STM32MP211DAN3, STM32MP211DAO3, STM32MP211FAL3, STM32MP211FAM3, STM32MP211FAN3, STM32MP211FAO3, STM32MP213AAL3, STM32MP213AAM3, STM32MP213AAN3, STM32MP213AAO3, STM32MP213CAL3, STM32MP213CAM3, STM32MP213CAN3, STM32MP213CAO3, STM32MP213DAL3, STM32MP213DAM3, STM32MP213DAN3, STM32MP213DAO3, STM32MP213FAL3, STM32MP213FAM3, STM32MP213FAN3, STM32MP213FAO3, STM32MP215AAL3, STM32MP215AAM3, STM32MP215AAN3, STM32MP215AAO3, STM32MP215CAL3, STM32MP215CAM3, STM32MP215CAN3, STM32MP215CAO3, STM32MP215DAL3, STM32MP215DAM3, STM32MP215DAN3, STM32MP215DAO3, STM32MP215F-DK, STM32MP215FAL3, STM32MP215FAM3, STM32MP215FAN3, STM32MP215FAO3, STM32MP231AAJ3, STM32MP231AAK3, STM32MP231AAL3, STM32MP231CAJ3, STM32MP231CAK3, STM32MP231CAL3, STM32MP231DAJ3, STM32MP231DAK3, STM32MP231DAL3, STM32MP231FAJ3, STM32MP231FAK3, STM32MP231FAL3, STM32MP233AAJ3, STM32MP233AAK3, STM32MP233AAL3, STM32MP233CAJ3, STM32MP233CAK3, STM32MP233CAL3, STM32MP233DAJ3, STM32MP233DAK3, STM32MP233DAL3, STM32MP233FAJ3, STM32MP233FAK3, STM32MP233FAL3, STM32MP235AAJ3, STM32MP235AAK3, STM32MP235AAL3, STM32MP235CAJ3, STM32MP235CAK3, STM32MP235CAL3, STM32MP235DAJ3, STM32MP235DAK3, STM32MP235DAL3, STM32MP235FAJ3, STM32MP235FAK3, STM32MP235FAL3, STM32MP251AAI3, STM32MP251AAK3, STM32MP251AAL3, STM32MP251CAI3, STM32MP251CAK3, STM32MP251CAL3, STM32MP251DAI3, STM32MP251DAK3, STM32MP251DAL3, STM32MP251FAI3, STM32MP251FAK3, STM32MP251FAL3, STM32MP253AAI3, STM32MP253AAK3, STM32MP253AAL3, STM32MP253CAI3, STM32MP253CAK3, STM32MP253CAL3, STM32MP253DAI3, STM32MP253DAK3, STM32MP253DAL3, STM32MP253FAI3, STM32MP253FAK3, STM32MP253FAL3, STM32MP255AAI3, STM32MP255AAK3, STM32MP255AAL3, STM32MP255CAI3, STM32MP255CAK3, STM32MP255CAL3, STM32MP255DAI3, STM32MP255DAK3, STM32MP255DAL3, STM32MP255FAI3, STM32MP255FAK3, STM32MP255FAL3, STM32MP257AAI3, STM32MP257AAK3, STM32MP257AAL3, STM32MP257CAI3, STM32MP257CAK3, STM32MP257CAL3, STM32MP257DAI3, STM32MP257DAK3, STM32MP257DAL3, STM32MP257F-DK, STM32MP257F-EV1, STM32MP257FAI3, STM32MP257FAK3, STM32MP257FAL3, STM32N645A0H3Q, STM32N645B0H3Q, STM32N645I0H3Q, STM32N645L0H3Q, STM32N645X0H3Q, STM32N645Z0H3Q, STM32N647A0H3Q, STM32N647B0H3Q, STM32N647I0H3Q, STM32N647L0H3Q, STM32N647X0H3Q, STM32N647Z0H3Q, STM32N655A0H3Q, STM32N655B0H3Q, STM32N655I0H3Q, STM32N655L0H3Q, STM32N655X0H3Q, STM32N655Z0H3Q, STM32N6570-DK, STM32N657A0H3Q, STM32N657B0H3Q, STM32N657I0H3Q, STM32N657L0H3Q, STM32N657X0H3Q, STM32N657Z0H3Q, STM32U031C6T6, STM32U031C6U6, STM32U031C8T6, STM32U031C8U6, STM32U031F4P6, STM32U031F6P6, STM32U031F8P6, STM32U031G6Y6TR, STM32U031G8Y6TR, STM32U031K4U6, STM32U031K6U6, STM32U031K8U6, STM32U031R6I6, STM32U031R6T6, STM32U031R8I6, STM32U031R8T6, STM32U073C8T6, STM32U073C8U6, STM32U073CBT6, STM32U073CBU6, STM32U073CCT6, STM32U073CCU6, STM32U073H8Y6TR, STM32U073HBY6TR, STM32U073HCY6TR, STM32U073K8U6, STM32U073KBU6, STM32U073KCU6, STM32U073M8I6, STM32U073M8T6, STM32U073MBI6, STM32U073MBT6, STM32U073MCI6, STM32U073MCT6, STM32U073R8I6, STM32U073R8T6, STM32U073RBI6, STM32U073RBT6, STM32U073RCI6, STM32U073RCT6, STM32U083C-DK, STM32U083CCT6, STM32U083CCU6, STM32U083HCY6TR, STM32U083KCU6, STM32U083MCI6, STM32U083MCT6, STM32U083RCI6, STM32U083RCT6, STM32U375CET6, STM32U375CET6Q, STM32U375CEU6, STM32U375CEU6Q, STM32U375CEY6QTR, STM32U375CGT6, STM32U375CGT6Q, STM32U375CGU6, STM32U375CGU6Q, STM32U375CGY6QTR, STM32U375KEU6, STM32U375KGU6, STM32U375REI6, STM32U375REI6Q, STM32U375RET6, STM32U375RET6Q, STM32U375REY6GTR, STM32U375REY6QTR, STM32U375RGI6, STM32U375RGI6Q, STM32U375RGT6, STM32U375RGT6Q, STM32U375RGY6GTR, STM32U375RGY6QTR, STM32U375VEI6, STM32U375VEI6Q, STM32U375VET6, STM32U375VET6Q, STM32U375VGI6, STM32U375VGI6Q, STM32U375VGT6, STM32U375VGT6Q, STM32U385CGT6, STM32U385CGT6Q, STM32U385CGU6, STM32U385CGU6Q, STM32U385CGY6QTR, STM32U385KGU6, STM32U385RGI6, STM32U385RGI6Q, STM32U385RGT6, STM32U385RGT6Q, STM32U385RGY6GTR, STM32U385RGY6QTR, STM32U385VGI6, STM32U385VGI6Q, STM32U385VGT6, STM32U385VGT6Q, STM32U535CBT6, STM32U535CBT6Q, STM32U535CBU6, STM32U535CBU6Q, STM32U535CCT6, STM32U535CCT6Q, STM32U535CCU6, STM32U535CCU6Q, STM32U535CET6, STM32U535CET6Q, STM32U535CEU6, STM32U535CEU6Q, STM32U535JEY6QTR, STM32U535NCY6QTR, STM32U535NEY6QTR, STM32U535RBI6, STM32U535RBI6Q, STM32U535RBT6, STM32U535RBT6Q, STM32U535RCI6, STM32U535RCI6Q, STM32U535RCT6, STM32U535RCT6Q, STM32U535REI6, STM32U535REI6Q, STM32U535RET6, STM32U535RET6Q, STM32U535VCI6, STM32U535VCI6Q, STM32U535VCT6, STM32U535VCT6Q, STM32U535VEI6, STM32U535VEI6Q, STM32U535VET6, STM32U535VET6Q, STM32U545CET6, STM32U545CET6Q, STM32U545CEU6, STM32U545CEU6Q, STM32U545JEY6QTR, STM32U545NEY6QTR, STM32U545REI6, STM32U545REI6Q, STM32U545RET6, STM32U545RET6Q, STM32U545VEI6, STM32U545VEI6Q, STM32U545VET6, STM32U545VET6Q, STM32U595AIH6, STM32U595AIH6Q, STM32U595AJH6, STM32U595AJH6Q, STM32U595QII6, STM32U595QII6Q, STM32U595QJI6, STM32U595QJI6Q, STM32U595RIT6, STM32U595RIT6Q, STM32U595RJT6, STM32U595RJT6Q, STM32U595VIT6, STM32U595VIT6Q, STM32U595VJT6, STM32U595VJT6Q, STM32U595ZIT6, STM32U595ZIT6Q, STM32U595ZIY6QTR, STM32U595ZJT6, STM32U595ZJT6Q, STM32U595ZJY6QTR, STM32U599BJY6QTR, STM32U599NIH6Q, STM32U599NJH6Q, STM32U599VIT6Q, STM32U599VJT6, STM32U599VJT6Q, STM32U599ZIT6Q, STM32U599ZIY6QTR, STM32U599ZJT6Q, STM32U599ZJY6QTR, STM32U5A5AJH6, STM32U5A5AJH6Q, STM32U5A5QII3Q , STM32U5A5QJI6, STM32U5A5QJI6Q, STM32U5A5RJT6, STM32U5A5RJT6Q, STM32U5A5VJT6, STM32U5A5VJT6Q, STM32U5A5ZJT6, STM32U5A5ZJT6Q, STM32U5A5ZJY6QTR, STM32U5A9BJY6QTR, STM32U5A9J-DK, STM32U5A9NJH6Q, STM32U5A9VJT6Q, STM32U5A9ZJT6Q, STM32U5A9ZJY6QTR, STM32U5F7VIT6, STM32U5F7VIT6Q, STM32U5F7VJT6, STM32U5F7VJT6Q, STM32U5F9BJY6QTR, STM32U5F9NJH6Q, STM32U5F9VIT6Q, STM32U5F9VJT6Q, STM32U5F9ZIJ6QTR, STM32U5F9ZIT6Q, STM32U5F9ZJJ6QTR, STM32U5F9ZJT6Q, STM32U5G7VJT6, STM32U5G7VJT6Q, STM32U5G9BJY6QTR, STM32U5G9J-DK1, STM32U5G9J-DK2, STM32U5G9NJH6Q, STM32U5G9VJT6Q, STM32U5G9ZJJ6QTR, STM32U5G9ZJT6Q, STM32WB05KZV6TR, STM32WB05KZV7TR, STM32WB05TZF6TR, STM32WB05TZF7TR, STM32WB06CCF6TR, STM32WB06CCF7TR, STM32WB06CCV6TR, STM32WB06CCV7TR, STM32WB06KCV6TR, STM32WB06KCV7TR, STM32WB07CCF6TR, STM32WB07CCF7TR, STM32WB07CCV6TR, STM32WB07CCV7TR, STM32WB07KCV6TR, STM32WB07KCV7TR, STM32WB09KEV6TR, STM32WB09KEV7TR, STM32WB09TEF6TR, STM32WB09TEF7TR, STM32WB1MMCH6, STM32WBA50KGU6, STM32WBA50KGU6TR, STM32WBA52CEU6, STM32WBA52CEU6TR, STM32WBA52CEU7, STM32WBA52CEU7TR, STM32WBA52CGU6, STM32WBA52CGU6TR, STM32WBA52CGU6U, STM32WBA52CGU7, STM32WBA52CGU7TR, STM32WBA52KEU6, STM32WBA52KEU6TR, STM32WBA52KGU6, STM32WBA52KGU6TR, STM32WBA54CEU6, STM32WBA54CEU6TR, STM32WBA54CEU7, STM32WBA54CEU7TR, STM32WBA54CGU6, STM32WBA54CGU6TR, STM32WBA54CGU7, STM32WBA54CGU7TR, STM32WBA54KEU6, STM32WBA54KEU6TR, STM32WBA54KEU7, STM32WBA54KEU7TR, STM32WBA54KGU6, STM32WBA54KGU6TR, STM32WBA54KGU7, STM32WBA54KGU7TR, STM32WBA55CEU6, STM32WBA55CEU6TR, STM32WBA55CEU7, STM32WBA55CEU7TR, STM32WBA55CGU6, STM32WBA55CGU6TR, STM32WBA55CGU6U, STM32WBA55CGU7, STM32WBA55CGU7TR, STM32WBA55G-DK1, STM32WBA55HEF6, STM32WBA55HEF7, STM32WBA55HGF6, STM32WBA55HGF7, STM32WBA55UEI6, STM32WBA55UEI6TR, STM32WBA55UEI7, STM32WBA55UEI7TR, STM32WBA55UGI6, STM32WBA55UGI6TR, STM32WBA55UGI7, STM32WBA55UGI7TR, STM32WBA5MMGH6TR, STM32WBA62MGF6, STM32WBA62MIF6, STM32WBA65MGF7, STM32WBA65MIF6, STM32WBA65MIF7, STM32WL30K8V6, STM32WL30KBV6, STM32WL31C8V6, STM32WL31CBV6, STM32WL31K8V6, STM32WL31KBV6, STM32WL33C8V6, STM32WL33C8V6X, STM32WL33CBV6, STM32WL33CBV6X, STM32WL33CCV6, STM32WL33CCV6A, STM32WL33CCV6X, STM32WL33K8V7, STM32WL33K8V7X, STM32WL33KBV7 , STM32WL33KBV7X, STM32WL33KCV7, STM32WL33KCV7X, STM32WL5MOCH6, STM32WL5MOCH6TR]
2026-07-28 15:28:23,261 [INFO] DbMcus:218 - Found 5250 MCUs, 5097 are supported
2026-07-28 15:28:23,261 [INFO] ApiDb:423 - Load user favorites file C:\Users\ADMIN/.stm32cubeide/favorites.mcus.txt: 0 item(s)
2026-07-28 15:28:23,261 [INFO] ApiDb:427 - User favorites MCUs=[]
2026-07-28 15:28:23,262 [INFO] DbMcus:224 - Set 0 / 0 favorites MCUs
2026-07-28 15:28:23,672 [INFO] ApiDb:448 - Save user favorites file C:\Users\ADMIN/.stm32cubeide/favorites.boards.txt: 0 item(s)
2026-07-28 15:28:23,672 [INFO] ApiDb:452 - User favorites Boards=[]
2026-07-28 15:28:23,672 [INFO] ApiDb:581 - Connected to CubeFinder SQLite database (C:\Users\ADMIN\.stmcufinder\plugins\mcufinder\mcu\cube-finder-db.db)
2026-07-28 15:28:23,715 [INFO] ApiDb:668 - CubeFinder database Data Model version=2.1
2026-07-28 15:28:23,715 [INFO] ApiDb:669 - CubeFinder database Configuration version=3.0.42
2026-07-28 15:28:23,715 [INFO] ApiDb:670 - CubeFinder database generation date=2026-06-23 (1782213372)
2026-07-28 15:28:23,716 [INFO] ApiDb:671 - CubeFinder database FW Pack versions=[FP-ATR-ASTRA1_V2.0.0, FP-SNS-FLIGHT1_V5.1.0, FP-SNS-MOTENV1_V5.1.0, FP-SNS-MOTENVWB1_V1.5.0, FP-SNS-SMARTAG2_V1.2.0, FP-SNS-STBOX1_V2.1.0, STM32Cube_FW_C0_V1.4.0, STM32Cube_FW_F4_V1.28.3, STM32Cube_FW_F7_V1.17.4, STM32Cube_FW_G0_V1.6.3, STM32Cube_FW_G4_V1.6.2, STM32Cube_FW_H5_V1.7.0, STM32Cube_FW_H7RS_V1.3.0, STM32Cube_FW_H7_V1.13.0, STM32Cube_FW_L0_V1.12.2, STM32Cube_FW_L4_V1.18.2, STM32Cube_FW_L5_V1.6.0, STM32Cube_FW_N6_V1.4.0, STM32Cube_FW_U0_V1.3.0, STM32Cube_FW_U3_V1.4.0, STM32Cube_FW_U5_V1.9.0, STM32Cube_FW_WB0_V1.5.0, STM32Cube_FW_WBA_V1.10.0, STM32Cube_FW_WB_V1.24.0, STM32Cube_FW_WL3_V1.5.0, STM32Cube_FW_WL_V1.6.0, X-CUBE-ALGOBUILD_V1.5.0, X-CUBE-ALS_V1.0.2, X-CUBE-AZRTOS-F4_V1.1.0, X-CUBE-AZRTOS-F7_V1.1.0, X-CUBE-AZRTOS-G0_V1.1.0, X-CUBE-AZRTOS-G4_V2.0.0, X-CUBE-AZRTOS-H7RS_V1.1.0, X-CUBE-AZRTOS-H7_V3.5.0, X-CUBE-AZRTOS-L4_V2.0.0, X-CUBE-AZRTOS-L5_V2.0.0, X-CUBE-AZRTOS-WB_V2.0.0, X-CUBE-AZRTOS-WL_V2.0.0, X-CUBE-BLE1_V7.1.0, X-CUBE-BLE2_V3.3.0, X-CUBE-BLEMGR_V4.1.0, X-CUBE-EEPRMA1_V5.2.0, X-CUBE-FREERTOS_V1.5.0, X-CUBE-GNSS1_V7.1.1, X-CUBE-MEMS1_V12.1.0, X-CUBE-NFC4_V3.0.0, X-CUBE-NFC7_V2.0.0, X-CUBE-SFXS2LP1_V4.0.0, X-CUBE-ST67W61_V1.3.0, X-CUBE-SUBG2_V5.0.0, X-CUBE-TOF1_V3.4.3]
2026-07-28 15:28:23,745 [INFO] DbBoardsSqlite:226 - include board P-NUCLEO-WB55-NUCLEO as a kit item of type 'Nucleo-64'
2026-07-28 15:28:23,746 [INFO] DbBoardsSqlite:226 - include board P-NUCLEO-WB55-USBDONGLE as a kit item of type 'Nucleo USB Dongle'
2026-07-28 15:28:23,746 [INFO] DbBoardsSqlite:226 - include board STEVAL-IDP005V1 as a kit item of type 'Evaluation Board'
2026-07-28 15:28:23,746 [INFO] DbBoardsSqlite:226 - include board STEVAL-IDP005V2 as a kit item of type 'Evaluation Board'
2026-07-28 15:28:23,788 [INFO] ApiDb:240 - Found 880 in-development CPN: [B-G473E-ZEST1S, B-WB1M-WPAN1, B-WBA5M-WPAN, B-WL5M-SUBG1, NUCLEO-C031C6, NUCLEO-C051C8, NUCLEO-C071RB, NUCLEO-C092RC, NUCLEO-H503RB, NUCLEO-H533RE, NUCLEO-H563ZI, NUCLEO-H7S3L8, NUCLEO-N657X0-Q, NUCLEO-U031R8, NUCLEO-U083RC, NUCLEO-U385RG-Q, NUCLEO-U545RE-Q, NUCLEO-U5A5ZJ-Q, NUCLEO-WB05KZ, NUCLEO-WB07CC, NUCLEO-WB09KE, NUCLEO-WBA52CG, NUCLEO-WBA55CG, NUCLEO-WL33CC1, NUCLEO-WL33CC2, STEVAL-PROTEUS1, STEVAL-SMARTAG2, STEVAL-STWINBX1, STM320518-EVAL, STM32C0116-DK, STM32C011D6Y3TR, STM32C011D6Y6TR, STM32C011F4P3, STM32C011F4P6, STM32C011F4U3, STM32C011F4U6TR, STM32C011F6P3, STM32C011F6P6, STM32C011F6U3, STM32C011F6U6TR, STM32C011J4M3, STM32C011J4M6, STM32C011J6M3, STM32C011J6M6, STM32C0316-DK, STM32C031C4T3, STM32C031C4T6, STM32C031C4U3, STM32C031C4U6, STM32C031C6T3, STM32C031C6T6, STM32C031C6U3, STM32C031C6U6, STM32C031F4P3, STM32C031F4P6, STM32C031F6P3, STM32C031F6P6, STM32C031G4U3, STM32C031G4U6, STM32C031G6U3, STM32C031G6U6, STM32C031K4T3, STM32C031K4T6, STM32C031K4U3, STM32C031K4U6, STM32C031K6T3, STM32C031K6T6, STM32C031K6U3, STM32C031K6U6, STM32C051C6T6, STM32C051C6U6, STM32C051C8T6, STM32C051C8U6, STM32C051D8Y6TR, STM32C051F6P6, STM32C051F8P6, STM32C051G6U6, STM32C051G8U6, STM32C051K6T6, STM32C051K6U6, STM32C051K8T6, STM32C071C8T6, STM32C071C8T6N, STM32C071C8U6, STM32C071C8U6N, STM32C071CBT6, STM32C071CBT6N, STM32C071CBU6, STM32C071CBU6N, STM32C071F8P6, STM32C071F8P6N, STM32C071FBP6, STM32C071FBP6N, STM32C071FBY6TR, STM32C071G8U6, STM32C071G8U6N, STM32C071GBU6, STM32C071GBU6N, STM32C071K8T6, STM32C071K8T6N, STM32C071K8U6, STM32C071K8U6N, STM32C071KBT6, STM32C071KBT6N, STM32C071KBU6, STM32C071KBU6N, STM32C071R8T6, STM32C071R8T6N, STM32C071RBI6N, STM32C071RBT6, STM32C071RBT6N, STM32C091CBT6, STM32C091CBU6, STM32C091CCT6, STM32C091CCU6, STM32C091ECY6TR, STM32C091FBP6, STM32C091FCP6, STM32C091GBU6, STM32C091GCU6, STM32C091KBT6, STM32C091KBU6, STM32C091KCT6, STM32C091KCU6, STM32C091RBT6, STM32C091RCI6, STM32C091RCT6, STM32C092CBT6, STM32C092CBU6, STM32C092CCT6, STM32C092CCU6, STM32C092ECY6TR, STM32C092FBP6, STM32C092FCP6, STM32C092GBU6, STM32C092GCU6, STM32C092KBT6, STM32C092KBU6, STM32C092KCT6, STM32C092KCU6, STM32C092RBT6, STM32C092RCI6, STM32C092RCT6, STM32G071K8TXN, STM32G071K8UXN, STM32G081GBU6N, STM32G081KBT6N, STM32G081KBUXN, STM32G0B1CCT6N, STM32G0B1KCT6, STM32G0B1NEY6TR, STM32G0B1RCT6N, STM32G0C1CCT6, STM32G0C1CCT6N, STM32G0C1CCU6N, STM32G0C1CET6N, STM32G0C1CEU6N, STM32G0C1KCT6, STM32G0C1NEY6TR, STM32G0C1RCI6N, STM32G0C1RCT6N, STM32G0C1REI6N, STM32G0C1RET6N, STM32G0C1VCI6, STM32G0C1VEI6, STM32G411C6T3, STM32G411C6T6, STM32G411C6U3, STM32G411C6U6, STM32G411C8T3, STM32G411C8T6, STM32G411C8U3, STM32G411C8U6, STM32G411CBT3, STM32G411CBT6, STM32G411CBU3, STM32G411CBU6, STM32G411K6T3, STM32G411K6T6, STM32G411K6U3, STM32G411K6U6, STM32G411K8T3, STM32G411K8T6, STM32G411K8U3, STM32G411K8U6, STM32G411KBT3, STM32G411KBT6, STM32G411KBU3, STM32G411KBU6, STM32G411M6T3, STM32G411M6T6, STM32G411M8T3, STM32G411M8T6, STM32G411MBT3, STM32G411MBT6, STM32G411R6T3, STM32G411R6T6, STM32G411R8T3, STM32G411R8T6, STM32G411RBT3, STM32G411RBT6, STM32G414CBT3, STM32G414CBT6, STM32G414CBU3, STM32G414CBU6, STM32G414CCT3, STM32G414CCT6, STM32G414CCU3, STM32G414CCU6, STM32G414MBT3, STM32G414MBT6, STM32G414MCT3, STM32G414MCT6, STM32G414RBT3, STM32G414RBT6, STM32G414RCT3, STM32G414RCT6, STM32G414VBT3, STM32G414VBT6, STM32G414VCT3, STM32G414VCT6, STM32G431CBT3Z, STM32G431RBT3Z, STM32G471CCT6, STM32G471CCU6, STM32G471CET3, STM32G471CET6, STM32G471CEU3, STM32G471CEU6, STM32G471MCT6, STM32G471MET3, STM32G471MET6, STM32G471MEY6TR, STM32G471QCT6, STM32G471QET3, STM32G471RCT6, STM32G471RET3, STM32G471RET6, STM32G471VCH6, STM32G471VCI6, STM32G471VCT6, STM32G471VEH3, STM32G471VEH6, STM32G471VEI3, STM32G471VEI6, STM32G471VET3, STM32G471VET6, STM32G473QET3Z, STM32G473RET3Z, STM32G474CCT6, STM32G491RET3Z, STM32H503CBT6, STM32H503CBU6, STM32H503EBY6TR, STM32H503KBU6, STM32H503RBT6, STM32H523CCT6, STM32H523CCU6, STM32H523CET6, STM32H523CEU6, STM32H523HEY6TR, STM32H523RCT6, STM32H523RET6, STM32H523VCI6, STM32H523VCT6, STM32H523VEI6, STM32H523VET6, STM32H523ZCJ6, STM32H523ZCT6, STM32H523ZEJ6, STM32H523ZET6, STM32H533CET6, STM32H533CEU6, STM32H533HEY6TR, STM32H533RET6, STM32H533VEI6, STM32H533VET6, STM32H533ZEJ6, STM32H533ZET6, STM32H562AGI6, STM32H562AII6, STM32H562IGK6, STM32H562IGT6, STM32H562IIK6, STM32H562IIT6, STM32H562RGT6, STM32H562RGV6, STM32H562RIT6, STM32H562RIV6, STM32H562VGT6, STM32H562VIT6, STM32H562ZGT6, STM32H562ZIT6, STM32H563AGI6, STM32H563AII3Q, STM32H563AII6, STM32H563IGK6, STM32H563IGT6, STM32H563IIK3Q, STM32H563IIK6, STM32H563IIT3Q, STM32H563IIT6, STM32H563MIY3QTR, STM32H563RGT6, STM32H563RGV6, STM32H563RIT6, STM32H563RIV6, STM32H563VGT6, STM32H563VIT3Q, STM32H563VIT6, STM32H563ZGT6, STM32H563ZIT3Q, STM32H563ZIT6, STM32H573AII3Q, STM32H573AII6, STM32H573I-DK, STM32H573IIK3Q, STM32H573IIK6, STM32H573IIT3Q, STM32H573IIT6, STM32H573MIY3QTR, STM32H573RIT6, STM32H573RIV6, STM32H573VIT3Q, STM32H573VIT6, STM32H573ZIT3Q, STM32H573ZIT6, STM32H7R3A8I6, STM32H7R3I8K6, STM32H7R3I8T6, STM32H7R3L8H6, STM32H7R3L8H6H, STM32H7R3R8V6, STM32H7R3V8H6, STM32H7R3V8T6, STM32H7R3V8Y6TR, STM32H7R3Z8J6, STM32H7R3Z8T6, STM32H7R7A8I6, STM32H7R7I8K6, STM32H7R7I8T6, STM32H7R7L8H6, STM32H7R7L8H6H, STM32H7R7Z8J6, STM32H7S3A8I6, STM32H7S3I8K6, STM32H7S3I8T6, STM32H7S3L8H6, STM32H7S3L8H6H, STM32H7S3R8V6, STM32H7S3V8H6, STM32H7S3V8T6, STM32H7S3V8Y6TR, STM32H7S3Z8J6, STM32H7S3Z8T6, STM32H7S78-DK, STM32H7S7A8I6, STM32H7S7I8K6, STM32H7S7I8T6, STM32H7S7L8H6, STM32H7S7L8H6H, STM32H7S7Z8J6, STM32L4R5QGI6STR, STM32MP131AAE3, STM32MP131AAF3, STM32MP131AAG3, STM32MP131CAE3, STM32MP131CAF3, STM32MP131CAG3, STM32MP131DAE7, STM32MP131DAF7, STM32MP131DAG7, STM32MP131FAE7, STM32MP131FAF7, STM32MP131FAG7, STM32MP133AAE3, STM32MP133AAF3, STM32MP133AAG3, STM32MP133CAE3, STM32MP133CAF3, STM32MP133CAG3, STM32MP133DAE7, STM32MP133DAF7, STM32MP133DAG7, STM32MP133FAE7, STM32MP133FAF7, STM32MP133FAG7, STM32MP135AAE3, STM32MP135AAF3, STM32MP135AAG3, STM32MP135CAE3, STM32MP135CAF3, STM32MP135CAG3, STM32MP135DAE7, STM32MP135DAF7, STM32MP135DAG7, STM32MP135F-DK, STM32MP135FAE7, STM32MP135FAF7, STM32MP135FAF7T, STM32MP135FAF7U, STM32MP135FAG7, STM32MP211AAL3, STM32MP211AAM3, STM32MP211AAN3, STM32MP211AAO3, STM32MP211CAL3, STM32MP211CAM3, STM32MP211CAN3, STM32MP211CAO3, STM32MP211DAL3, STM32MP211DAM3, STM32MP211DAN3, STM32MP211DAO3, STM32MP211FAL3, STM32MP211FAM3, STM32MP211FAN3, STM32MP211FAO3, STM32MP213AAL3, STM32MP213AAM3, STM32MP213AAN3, STM32MP213AAO3, STM32MP213CAL3, STM32MP213CAM3, STM32MP213CAN3, STM32MP213CAO3, STM32MP213DAL3, STM32MP213DAM3, STM32MP213DAN3, STM32MP213DAO3, STM32MP213FAL3, STM32MP213FAM3, STM32MP213FAN3, STM32MP213FAO3, STM32MP215AAL3, STM32MP215AAM3, STM32MP215AAN3, STM32MP215AAO3, STM32MP215CAL3, STM32MP215CAM3, STM32MP215CAN3, STM32MP215CAO3, STM32MP215DAL3, STM32MP215DAM3, STM32MP215DAN3, STM32MP215DAO3, STM32MP215F-DK, STM32MP215FAL3, STM32MP215FAM3, STM32MP215FAN3, STM32MP215FAO3, STM32MP231AAJ3, STM32MP231AAK3, STM32MP231AAL3, STM32MP231CAJ3, STM32MP231CAK3, STM32MP231CAL3, STM32MP231DAJ3, STM32MP231DAK3, STM32MP231DAL3, STM32MP231FAJ3, STM32MP231FAK3, STM32MP231FAL3, STM32MP233AAJ3, STM32MP233AAK3, STM32MP233AAL3, STM32MP233CAJ3, STM32MP233CAK3, STM32MP233CAL3, STM32MP233DAJ3, STM32MP233DAK3, STM32MP233DAL3, STM32MP233FAJ3, STM32MP233FAK3, STM32MP233FAL3, STM32MP235AAJ3, STM32MP235AAK3, STM32MP235AAL3, STM32MP235CAJ3, STM32MP235CAK3, STM32MP235CAL3, STM32MP235DAJ3, STM32MP235DAK3, STM32MP235DAL3, STM32MP235FAJ3, STM32MP235FAK3, STM32MP235FAL3, STM32MP251AAI3, STM32MP251AAK3, STM32MP251AAL3, STM32MP251CAI3, STM32MP251CAK3, STM32MP251CAL3, STM32MP251DAI3, STM32MP251DAK3, STM32MP251DAL3, STM32MP251FAI3, STM32MP251FAK3, STM32MP251FAL3, STM32MP253AAI3, STM32MP253AAK3, STM32MP253AAL3, STM32MP253CAI3, STM32MP253CAK3, STM32MP253CAL3, STM32MP253DAI3, STM32MP253DAK3, STM32MP253DAL3, STM32MP253FAI3, STM32MP253FAK3, STM32MP253FAL3, STM32MP255AAI3, STM32MP255AAK3, STM32MP255AAL3, STM32MP255CAI3, STM32MP255CAK3, STM32MP255CAL3, STM32MP255DAI3, STM32MP255DAK3, STM32MP255DAL3, STM32MP255FAI3, STM32MP255FAK3, STM32MP255FAL3, STM32MP257AAI3, STM32MP257AAK3, STM32MP257AAL3, STM32MP257CAI3, STM32MP257CAK3, STM32MP257CAL3, STM32MP257DAI3, STM32MP257DAK3, STM32MP257DAL3, STM32MP257F-DK, STM32MP257F-EV1, STM32MP257FAI3, STM32MP257FAK3, STM32MP257FAL3, STM32N645A0H3Q, STM32N645B0H3Q, STM32N645I0H3Q, STM32N645L0H3Q, STM32N645X0H3Q, STM32N645Z0H3Q, STM32N647A0H3Q, STM32N647B0H3Q, STM32N647I0H3Q, STM32N647L0H3Q, STM32N647X0H3Q, STM32N647Z0H3Q, STM32N655A0H3Q, STM32N655B0H3Q, STM32N655I0H3Q, STM32N655L0H3Q, STM32N655X0H3Q, STM32N655Z0H3Q, STM32N6570-DK, STM32N657A0H3Q, STM32N657B0H3Q, STM32N657I0H3Q, STM32N657L0H3Q, STM32N657X0H3Q, STM32N657Z0H3Q, STM32U031C6T6, STM32U031C6U6, STM32U031C8T6, STM32U031C8U6, STM32U031F4P6, STM32U031F6P6, STM32U031F8P6, STM32U031G6Y6TR, STM32U031G8Y6TR, STM32U031K4U6, STM32U031K6U6, STM32U031K8U6, STM32U031R6I6, STM32U031R6T6, STM32U031R8I6, STM32U031R8T6, STM32U073C8T6, STM32U073C8U6, STM32U073CBT6, STM32U073CBU6, STM32U073CCT6, STM32U073CCU6, STM32U073H8Y6TR, STM32U073HBY6TR, STM32U073HCY6TR, STM32U073K8U6, STM32U073KBU6, STM32U073KCU6, STM32U073M8I6, STM32U073M8T6, STM32U073MBI6, STM32U073MBT6, STM32U073MCI6, STM32U073MCT6, STM32U073R8I6, STM32U073R8T6, STM32U073RBI6, STM32U073RBT6, STM32U073RCI6, STM32U073RCT6, STM32U083C-DK, STM32U083CCT6, STM32U083CCU6, STM32U083HCY6TR, STM32U083KCU6, STM32U083MCI6, STM32U083MCT6, STM32U083RCI6, STM32U083RCT6, STM32U375CET6, STM32U375CET6Q, STM32U375CEU6, STM32U375CEU6Q, STM32U375CEY6QTR, STM32U375CGT6, STM32U375CGT6Q, STM32U375CGU6, STM32U375CGU6Q, STM32U375CGY6QTR, STM32U375KEU6, STM32U375KGU6, STM32U375REI6, STM32U375REI6Q, STM32U375RET6, STM32U375RET6Q, STM32U375REY6GTR, STM32U375REY6QTR, STM32U375RGI6, STM32U375RGI6Q, STM32U375RGT6, STM32U375RGT6Q, STM32U375RGY6GTR, STM32U375RGY6QTR, STM32U375VEI6, STM32U375VEI6Q, STM32U375VET6, STM32U375VET6Q, STM32U375VGI6, STM32U375VGI6Q, STM32U375VGT6, STM32U375VGT6Q, STM32U385CGT6, STM32U385CGT6Q, STM32U385CGU6, STM32U385CGU6Q, STM32U385CGY6QTR, STM32U385KGU6, STM32U385RGI6, STM32U385RGI6Q, STM32U385RGT6, STM32U385RGT6Q, STM32U385RGY6GTR, STM32U385RGY6QTR, STM32U385VGI6, STM32U385VGI6Q, STM32U385VGT6, STM32U385VGT6Q, STM32U535CBT6, STM32U535CBT6Q, STM32U535CBU6, STM32U535CBU6Q, STM32U535CCT6, STM32U535CCT6Q, STM32U535CCU6, STM32U535CCU6Q, STM32U535CET6, STM32U535CET6Q, STM32U535CEU6, STM32U535CEU6Q, STM32U535JEY6QTR, STM32U535NCY6QTR, STM32U535NEY6QTR, STM32U535RBI6, STM32U535RBI6Q, STM32U535RBT6, STM32U535RBT6Q, STM32U535RCI6, STM32U535RCI6Q, STM32U535RCT6, STM32U535RCT6Q, STM32U535REI6, STM32U535REI6Q, STM32U535RET6, STM32U535RET6Q, STM32U535VCI6, STM32U535VCI6Q, STM32U535VCT6, STM32U535VCT6Q, STM32U535VEI6, STM32U535VEI6Q, STM32U535VET6, STM32U535VET6Q, STM32U545CET6, STM32U545CET6Q, STM32U545CEU6, STM32U545CEU6Q, STM32U545JEY6QTR, STM32U545NEY6QTR, STM32U545REI6, STM32U545REI6Q, STM32U545RET6, STM32U545RET6Q, STM32U545VEI6, STM32U545VEI6Q, STM32U545VET6, STM32U545VET6Q, STM32U595AIH6, STM32U595AIH6Q, STM32U595AJH6, STM32U595AJH6Q, STM32U595QII6, STM32U595QII6Q, STM32U595QJI6, STM32U595QJI6Q, STM32U595RIT6, STM32U595RIT6Q, STM32U595RJT6, STM32U595RJT6Q, STM32U595VIT6, STM32U595VIT6Q, STM32U595VJT6, STM32U595VJT6Q, STM32U595ZIT6, STM32U595ZIT6Q, STM32U595ZIY6QTR, STM32U595ZJT6, STM32U595ZJT6Q, STM32U595ZJY6QTR, STM32U599BJY6QTR, STM32U599NIH6Q, STM32U599NJH6Q, STM32U599VIT6Q, STM32U599VJT6, STM32U599VJT6Q, STM32U599ZIT6Q, STM32U599ZIY6QTR, STM32U599ZJT6Q, STM32U599ZJY6QTR, STM32U5A5AJH6, STM32U5A5AJH6Q, STM32U5A5QII3Q , STM32U5A5QJI6, STM32U5A5QJI6Q, STM32U5A5RJT6, STM32U5A5RJT6Q, STM32U5A5VJT6, STM32U5A5VJT6Q, STM32U5A5ZJT6, STM32U5A5ZJT6Q, STM32U5A5ZJY6QTR, STM32U5A9BJY6QTR, STM32U5A9J-DK, STM32U5A9NJH6Q, STM32U5A9VJT6Q, STM32U5A9ZJT6Q, STM32U5A9ZJY6QTR, STM32U5F7VIT6, STM32U5F7VIT6Q, STM32U5F7VJT6, STM32U5F7VJT6Q, STM32U5F9BJY6QTR, STM32U5F9NJH6Q, STM32U5F9VIT6Q, STM32U5F9VJT6Q, STM32U5F9ZIJ6QTR, STM32U5F9ZIT6Q, STM32U5F9ZJJ6QTR, STM32U5F9ZJT6Q, STM32U5G7VJT6, STM32U5G7VJT6Q, STM32U5G9BJY6QTR, STM32U5G9J-DK1, STM32U5G9J-DK2, STM32U5G9NJH6Q, STM32U5G9VJT6Q, STM32U5G9ZJJ6QTR, STM32U5G9ZJT6Q, STM32WB05KZV6TR, STM32WB05KZV7TR, STM32WB05TZF6TR, STM32WB05TZF7TR, STM32WB06CCF6TR, STM32WB06CCF7TR, STM32WB06CCV6TR, STM32WB06CCV7TR, STM32WB06KCV6TR, STM32WB06KCV7TR, STM32WB07CCF6TR, STM32WB07CCF7TR, STM32WB07CCV6TR, STM32WB07CCV7TR, STM32WB07KCV6TR, STM32WB07KCV7TR, STM32WB09KEV6TR, STM32WB09KEV7TR, STM32WB09TEF6TR, STM32WB09TEF7TR, STM32WB1MMCH6, STM32WBA50KGU6, STM32WBA50KGU6TR, STM32WBA52CEU6, STM32WBA52CEU6TR, STM32WBA52CEU7, STM32WBA52CEU7TR, STM32WBA52CGU6, STM32WBA52CGU6TR, STM32WBA52CGU6U, STM32WBA52CGU7, STM32WBA52CGU7TR, STM32WBA52KEU6, STM32WBA52KEU6TR, STM32WBA52KGU6, STM32WBA52KGU6TR, STM32WBA54CEU6, STM32WBA54CEU6TR, STM32WBA54CEU7, STM32WBA54CEU7TR, STM32WBA54CGU6, STM32WBA54CGU6TR, STM32WBA54CGU7, STM32WBA54CGU7TR, STM32WBA54KEU6, STM32WBA54KEU6TR, STM32WBA54KEU7, STM32WBA54KEU7TR, STM32WBA54KGU6, STM32WBA54KGU6TR, STM32WBA54KGU7, STM32WBA54KGU7TR, STM32WBA55CEU6, STM32WBA55CEU6TR, STM32WBA55CEU7, STM32WBA55CEU7TR, STM32WBA55CGU6, STM32WBA55CGU6TR, STM32WBA55CGU6U, STM32WBA55CGU7, STM32WBA55CGU7TR, STM32WBA55G-DK1, STM32WBA55HEF6, STM32WBA55HEF7, STM32WBA55HGF6, STM32WBA55HGF7, STM32WBA55UEI6, STM32WBA55UEI6TR, STM32WBA55UEI7, STM32WBA55UEI7TR, STM32WBA55UGI6, STM32WBA55UGI6TR, STM32WBA55UGI7, STM32WBA55UGI7TR, STM32WBA5MMGH6TR, STM32WBA62MGF6, STM32WBA62MIF6, STM32WBA65MGF7, STM32WBA65MIF6, STM32WBA65MIF7, STM32WL30K8V6, STM32WL30KBV6, STM32WL31C8V6, STM32WL31CBV6, STM32WL31K8V6, STM32WL31KBV6, STM32WL33C8V6, STM32WL33C8V6X, STM32WL33CBV6, STM32WL33CBV6X, STM32WL33CCV6, STM32WL33CCV6A, STM32WL33CCV6X, STM32WL33K8V7, STM32WL33K8V7X, STM32WL33KBV7 , STM32WL33KBV7X, STM32WL33KCV7, STM32WL33KCV7X, STM32WL5MOCH6, STM32WL5MOCH6TR]
2026-07-28 15:28:23,887 [INFO] BoardInfo:889 - No configuration file found for board NUCLEO-H5E5ZJ
2026-07-28 15:28:23,888 [INFO] DbBoards:161 - Board is not supported: NUCLEO-H5E5ZJ
2026-07-28 15:28:23,939 [INFO] BoardInfo:889 - No configuration file found for board NUCLEO-U3C5ZI-Q
2026-07-28 15:28:23,940 [INFO] DbBoards:161 - Board is not supported: NUCLEO-U3C5ZI-Q
2026-07-28 15:28:23,953 [INFO] BoardInfo:889 - No configuration file found for board NUCLEO-WBA25CE1
2026-07-28 15:28:23,954 [INFO] DbBoards:161 - Board is not supported: NUCLEO-WBA25CE1
2026-07-28 15:28:23,962 [INFO] BoardInfo:889 - No configuration file found for board NUCLEO-WL3RKB1
2026-07-28 15:28:23,964 [INFO] DbBoards:161 - Board is not supported: NUCLEO-WL3RKB1
2026-07-28 15:28:23,964 [INFO] BoardInfo:889 - No configuration file found for board NUCLEO-WL3RKB2
2026-07-28 15:28:23,965 [INFO] DbBoards:161 - Board is not supported: NUCLEO-WL3RKB2
2026-07-28 15:28:23,972 [INFO] BoardInfo:889 - No configuration file found for board P-NUCLEO-WB55
2026-07-28 15:28:23,973 [INFO] DbBoards:161 - Kit is not supported: P-NUCLEO-WB55
2026-07-28 15:28:23,979 [INFO] BoardInfo:889 - No configuration file found for board STEVAL-BFA001V1B
2026-07-28 15:28:23,979 [INFO] DbBoards:161 - Kit is not supported: STEVAL-BFA001V1B
2026-07-28 15:28:23,980 [INFO] BoardInfo:889 - No configuration file found for board STEVAL-BFA001V2B
2026-07-28 15:28:23,981 [INFO] DbBoards:161 - Kit is not supported: STEVAL-BFA001V2B
2026-07-28 15:28:24,098 [INFO] BoardInfo:889 - No configuration file found for board STM32H5F5J-DK
2026-07-28 15:28:24,100 [INFO] DbBoards:161 - Board is not supported: STM32H5F5J-DK
2026-07-28 15:28:24,159 [INFO] DbBoards:168 - Found 218 boards, 209 are supported
2026-07-28 15:28:24,159 [INFO] DbBoards:169 - Found 218 boards, 43 of them is supported for  Bsp
2026-07-28 15:28:24,162 [INFO] ApiDb:423 - Load user favorites file C:\Users\ADMIN/.stm32cubeide/favorites.boards.txt: 0 item(s)
2026-07-28 15:28:24,162 [INFO] ApiDb:427 - User favorites Boards=[]
2026-07-28 15:28:24,162 [INFO] DbBoards:198 - Set 0 / 0 favorites Boards
2026-07-28 15:28:24,162 [ERROR] TargetSelectorAdapter:267 - Unable to refresh data
2026-07-28 15:28:24,195 [INFO] McuFinderGlobals:76 - Set McuFinderConnectedMode to true
2026-07-28 15:28:24,196 [INFO] MultiScanPanel:200 - Auto-refresh data requested => check proxy status ongoing
2026-07-28 15:28:24,197 [INFO] FinderPluginLoader:96 - Searching for filters in installed packs
2026-07-28 15:28:26,131 [INFO] LoadUrlFilesThread:185 - End of LoadServerUrlFiles without Thread
2026-07-28 15:28:26,131 [INFO] DetailPanel:341 - Set advertising image to C:/Users/ADMIN/STM32Cube/Repository/\en.stm32h5cubemxbanner.png
2026-07-28 15:31:36,205 [INFO] MultiScanPanel:200 - Auto-refresh data requested => check proxy status ongoing
2026-07-28 15:31:36,320 [INFO] LoadUrlFilesThread:185 - End of LoadServerUrlFiles without Thread
2026-07-28 15:31:36,320 [INFO] DetailPanel:341 - Set advertising image to C:/Users/ADMIN/STM32Cube/Repository/\en.stm32h5cubemxbanner.png
2026-07-28 15:31:36,326 [INFO] DbBoards:642 - Loading board mini-images...
2026-07-28 15:31:37,762 [INFO] DbBoards:665 - Loaded 218 board mini-images
2026-07-28 15:31:42,602 [INFO] BoardResultTable:719 - Mark Board B-L4S5I-IOT01A as favorite
2026-07-28 15:32:08,343 [INFO] MainUpdater:2872 - connection check result : 10
2026-07-28 15:32:08,344 [INFO] MainUpdater:2872 - connection check result : 10
2026-07-28 15:32:08,419 [INFO] MicroXplorer:468 - Change Database Path : 
2026-07-28 15:32:08,419 [INFO] MicroXplorer:498 - Change Database Version : DB.6.0.150
2026-07-28 15:32:08,468 [ERROR] ProjectManagerView:395 - 
java.lang.NullPointerException: Cannot invoke "javax.swing.JTextField.getText()" because the return value of "java.util.List.get(int)" is null
	at com.st.microxplorer.plugins.projectmanager.gui.ProjectChoiceTab$9.caretUpdate(ProjectChoiceTab.java:2706) ~[filemanager.jar:?]
	at javax.swing.text.JTextComponent.fireCaretUpdate(JTextComponent.java:408) ~[?:?]
	at javax.swing.text.JTextComponent$MutableCaretEvent.fire(JTextComponent.java:4484) ~[?:?]
	at javax.swing.text.JTextComponent$MutableCaretEvent.stateChanged(JTextComponent.java:4506) ~[?:?]
	at javax.swing.text.DefaultCaret.fireStateChanged(DefaultCaret.java:857) ~[?:?]
	at javax.swing.text.DefaultCaret.changeCaretPosition(DefaultCaret.java:1343) ~[?:?]
	at javax.swing.text.DefaultCaret.handleSetDot(DefaultCaret.java:1242) ~[?:?]
	at javax.swing.text.DefaultCaret.setDot(DefaultCaret.java:1223) ~[?:?]
	at javax.swing.text.DefaultCaret$Handler.insertUpdate(DefaultCaret.java:1819) ~[?:?]
	at javax.swing.text.AbstractDocument.fireInsertUpdate(AbstractDocument.java:227) ~[?:?]
	at javax.swing.text.AbstractDocument.handleInsertString(AbstractDocument.java:781) ~[?:?]
	at javax.swing.text.AbstractDocument.insertString(AbstractDocument.java:740) ~[?:?]
	at javax.swing.text.PlainDocument.insertString(PlainDocument.java:131) ~[?:?]
	at javax.swing.text.AbstractDocument.replace(AbstractDocument.java:699) ~[?:?]
	at javax.swing.text.JTextComponent.setText(JTextComponent.java:1725) ~[?:?]
	at com.st.microxplorer.plugins.projectmanager.gui.ProjectChoiceTab.createHeapStackFields(ProjectChoiceTab.java:993) ~[filemanager.jar:?]
	at com.st.microxplorer.plugins.projectmanager.gui.ProjectChoiceTab.buildLinkSettingsPanel(ProjectChoiceTab.java:3813) ~[filemanager.jar:?]
	at com.st.microxplorer.plugins.projectmanager.gui.ProjectChoiceTab.defineWindowsFields(ProjectChoiceTab.java:1987) ~[filemanager.jar:?]
	at com.st.microxplorer.plugins.projectmanager.gui.ProjectChoiceTab.updateSettings(ProjectChoiceTab.java:558) ~[filemanager.jar:?]
	at com.st.microxplorer.plugins.projectmanager.gui.ProjectSettingsPanel.UpdateDialog(ProjectSettingsPanel.java:247) ~[filemanager.jar:?]
	at com.st.microxplorer.plugins.projectmanager.ProjectManagerView.propertyChange(ProjectManagerView.java:392) ~[filemanager.jar:?]
	at java.beans.PropertyChangeSupport.fire(PropertyChangeSupport.java:343) ~[?:?]
	at java.beans.PropertyChangeSupport.firePropertyChange(PropertyChangeSupport.java:335) ~[?:?]
	at java.beans.PropertyChangeSupport.firePropertyChange(PropertyChangeSupport.java:268) ~[?:?]
	at com.st.microxplorer.util.MXPropertyChangeSupport.firePropertyChange(MXPropertyChangeSupport.java:54) ~[STM32CubeMX.jar:?]
	at com.st.microxplorer.mxsystem.MxSystem.closeConfig(MxSystem.java:899) ~[STM32CubeMX.jar:?]
	at com.st.microxplorer.maingui.MainPanel.closeConfig(MainPanel.java:792) ~[STM32CubeMX.jar:?]
	at com.st.microxplorer.plugins.filemanager.engine.OpenFileManager.loadConfigurationFile(OpenFileManager.java:288) ~[filemanager.jar:?]
	at com.st.microxplorer.plugins.filemanager.engine.MainFileManager.userLoadConfig(MainFileManager.java:364) ~[filemanager.jar:?]
	at com.st.microxplorer.plugins.filemanager.FileManagerView.getSpecificTask(FileManagerView.java:268) ~[filemanager.jar:?]
	at com.st.stm32cube.common.mx.editor.CubeMxEditor.getMxTabbedPaneInstance(CubeMxEditor.java:1191) ~[com.st.stm32cube.common.mx_6.15.0.202507011659/:?]
	at com.st.stm32cube.common.mx.editor.CubeMxEditor$12$1.createSwingComponent(CubeMxEditor.java:1068) ~[com.st.stm32cube.common.mx_6.15.0.202507011659/:?]
	at com.st.stm32cube.common.mx.oss.core.awtswtbridge.EmbeddedSwingComposite.doComponentCreation(EmbeddedSwingComposite.java:492) ~[com.st.stm32cube.common.mx.oss_6.15.0.202507011659/:?]
	at com.st.stm32cube.common.mx.oss.core.awtswtbridge.EmbeddedSwingComposite$4.run(EmbeddedSwingComposite.java:291) ~[com.st.stm32cube.common.mx.oss_6.15.0.202507011659/:?]
	at com.st.stm32cube.common.mx.oss.core.awtswtbridge.AwtEnvironment$2.run(AwtEnvironment.java:166) ~[com.st.stm32cube.common.mx.oss_6.15.0.202507011659/:?]
	at java.awt.event.InvocationEvent.dispatch(InvocationEvent.java:318) ~[?:?]
	at java.awt.EventQueue.dispatchEventImpl(EventQueue.java:773) ~[?:?]
	at java.awt.EventQueue$4.run(EventQueue.java:720) ~[?:?]
	at java.awt.EventQueue$4.run(EventQueue.java:714) ~[?:?]
	at java.security.AccessController.doPrivileged(AccessController.java:400) ~[?:?]
	at java.security.ProtectionDomain$JavaSecurityAccessImpl.doIntersectionPrivilege(ProtectionDomain.java:87) ~[?:?]
	at java.awt.EventQueue.dispatchEvent(EventQueue.java:742) ~[?:?]
	at java.awt.EventDispatchThread.pumpOneEventForFilters(EventDispatchThread.java:203) ~[?:?]
	at java.awt.EventDispatchThread.pumpEventsForFilter(EventDispatchThread.java:124) ~[?:?]
	at java.awt.EventDispatchThread.pumpEventsForHierarchy(EventDispatchThread.java:113) ~[?:?]
	at java.awt.EventDispatchThread.pumpEvents(EventDispatchThread.java:109) ~[?:?]
	at java.awt.EventDispatchThread.pumpEvents(EventDispatchThread.java:101) ~[?:?]
	at java.awt.EventDispatchThread.run(EventDispatchThread.java:90) ~[?:?]
2026-07-28 15:32:08,503 [WARN] ThirdParty:871 - waiting for thirdparty lock release [close project]
2026-07-28 15:32:08,503 [INFO] ThirdParty:873 - entering critical section [close project]
2026-07-28 15:32:08,503 [INFO] ThirdParty:883 - exiting critical section [close project]
2026-07-28 15:32:08,687 [INFO] PinOutPanel:1589 - setPackage(No Configuration,No Configuration)
2026-07-28 15:32:08,722 [INFO] UtilMem:75 - Begin LoadConfig() Used Memory: 697907440 Bytes (1073741824)
2026-07-28 15:32:08,723 [INFO] OpenFileManager:355 - Change cursor
2026-07-28 15:32:08,761 [INFO] RulesReader:64 - Compatibility file has been processed (317 Rules)
2026-07-28 15:32:08,767 [INFO] ProjectFactory:514 - No CPN specified for board B-L4S5I-IOT01A => set CPN to STM32L4S5VIT6
2026-07-28 15:32:08,767 [INFO] Mcu:2029 - Initializing MCU STM32L4S5VITx STM32L4S5VITx STM32L4S5VIT6
2026-07-28 15:32:10,821 [INFO] Context:786 - Trying to add GPIOservice into a context  which must be forbidden
2026-07-28 15:32:11,546 [INFO] Rule:233 - rule 117617 - U5Cobra4M][GTZC] default value MPCBB3 and MPCBB5 - Not Secured memory - MPCBB1 is applicable
2026-07-28 15:32:11,547 [INFO] Rule:233 - rule 117617 - U5Cobra4M][GTZC] default value MPCBB3 and MPCBB5 - Not Secured memory - MPCBB1 is applicable
2026-07-28 15:32:11,547 [INFO] Rule:233 - rule 117617 - U5Cobra4M][GTZC] default value MPCBB3 and MPCBB5 - Not Secured memory - MPCBB2 is applicable
2026-07-28 15:32:11,547 [INFO] Rule:233 - rule 117617 - U5Cobra4M][GTZC] default value MPCBB3 and MPCBB5 - Not Secured memory - MPCBB2 is applicable
2026-07-28 15:32:11,547 [INFO] Rule:233 - rule 117617 - U5Cobra4M][GTZC] default value MPCBB3 and MPCBB5 - Not Secured memory - MPCBB3 is applicable
2026-07-28 15:32:11,547 [INFO] Rule:233 - rule 117617 - U5Cobra4M][GTZC] default value MPCBB3 and MPCBB5 - Not Secured memory - MPCBB3 is applicable
2026-07-28 15:32:11,547 [INFO] Rule:233 - rule 117617 - U5Cobra4M][GTZC] default value MPCBB3 and MPCBB5 - Not Secured memory - MPCBB4 is applicable
2026-07-28 15:32:11,547 [INFO] Rule:233 - rule 117617 - U5Cobra4M][GTZC] default value MPCBB3 and MPCBB5 - Not Secured memory - MPCBB4 is applicable
2026-07-28 15:32:11,547 [INFO] Rule:233 - rule 117617 - U5Cobra4M][GTZC] default value MPCBB3 and MPCBB5 - Secured memory - MPCBB1 is applicable
2026-07-28 15:32:11,547 [INFO] Rule:233 - rule 117617 - U5Cobra4M][GTZC] default value MPCBB3 and MPCBB5 - Secured memory - MPCBB2 is applicable
2026-07-28 15:32:11,547 [INFO] Rule:233 - rule 117617 - U5Cobra4M][GTZC] default value MPCBB3 and MPCBB5 - Secured memory - MPCBB3 is applicable
2026-07-28 15:32:11,547 [INFO] Rule:233 - rule 117617 - U5Cobra4M][GTZC] default value MPCBB3 and MPCBB5 - Secured memory - MPCBB4 is applicable
2026-07-28 15:32:11,547 [INFO] Rule:233 - rule 117617 - U5Cobra4M][GTZC] default value MPCBB3 and MPCBB5 - Privileged memory - MPCBB1 is applicable
2026-07-28 15:32:11,547 [INFO] Rule:233 - rule 117617 - U5Cobra4M][GTZC] default value MPCBB3 and MPCBB5 - Privileged memory - MPCBB2 is applicable
2026-07-28 15:32:11,547 [INFO] Rule:233 - rule 117617 - U5Cobra4M][GTZC] default value MPCBB3 and MPCBB5 - Privileged memory - MPCBB3 is applicable
2026-07-28 15:32:11,547 [INFO] Rule:233 - rule 117617 - U5Cobra4M][GTZC] default value MPCBB3 and MPCBB5 - Privileged memory - MPCBB4 is applicable
2026-07-28 15:32:11,547 [INFO] Rule:233 - rule 117617 - U5Cobra4M][GTZC] default value MPCBB3 and MPCBB5 - Not Privileged memory - MPCBB1 is applicable
2026-07-28 15:32:11,547 [INFO] Rule:233 - rule 117617 - U5Cobra4M][GTZC] default value MPCBB3 and MPCBB5 - Not Privileged memory - MPCBB2 is applicable
2026-07-28 15:32:11,547 [INFO] Rule:233 - rule 117617 - U5Cobra4M][GTZC] default value MPCBB3 and MPCBB5 - Not Privileged memory - MPCBB3 is applicable
2026-07-28 15:32:11,547 [INFO] Rule:233 - rule 117617 - U5Cobra4M][GTZC] default value MPCBB3 and MPCBB5 - Not Privileged memory - MPCBB4 is applicable
2026-07-28 15:32:11,547 [INFO] Rule:233 - rule 117617 - U5Cobra4M][GTZC] default value MPCBB3 and MPCBB5 - Privileged memory - MPCBB1 is applicable
2026-07-28 15:32:11,547 [INFO] Rule:233 - rule 117617 - U5Cobra4M][GTZC] default value MPCBB3 and MPCBB5 - Privileged memory - MPCBB2 is applicable
2026-07-28 15:32:11,547 [INFO] Rule:233 - rule 117617 - U5Cobra4M][GTZC] default value MPCBB3 and MPCBB5 - Privileged memory - MPCBB3 is applicable
2026-07-28 15:32:11,547 [INFO] Rule:233 - rule 117617 - U5Cobra4M][GTZC] default value MPCBB3 and MPCBB5 - Privileged memory - MPCBB4 is applicable
2026-07-28 15:32:11,547 [INFO] Rule:233 - rule 117617 - U5Cobra4M][GTZC] default value MPCBB3 and MPCBB5 - Privileged memory - MPCBB1 is applicable
2026-07-28 15:32:11,547 [INFO] Rule:233 - rule 117617 - U5Cobra4M][GTZC] default value MPCBB3 and MPCBB5 - Privileged memory - MPCBB2 is applicable
2026-07-28 15:32:11,547 [INFO] Rule:233 - rule 117617 - U5Cobra4M][GTZC] default value MPCBB3 and MPCBB5 - Privileged memory - MPCBB3 is applicable
2026-07-28 15:32:11,547 [INFO] Rule:233 - rule 117617 - U5Cobra4M][GTZC] default value MPCBB3 and MPCBB5 - Privileged memory - MPCBB4 is applicable
2026-07-28 15:32:11,547 [INFO] Rule:233 - rule 117617 - U5Cobra4M][GTZC] default value MPCBB3 and MPCBB5 - Not Privileged memory - MPCBB1 is applicable
2026-07-28 15:32:11,547 [INFO] Rule:233 - rule 117617 - U5Cobra4M][GTZC] default value MPCBB3 and MPCBB5 - Not Privileged memory - MPCBB2 is applicable
2026-07-28 15:32:11,547 [INFO] Rule:233 - rule 117617 - U5Cobra4M][GTZC] default value MPCBB3 and MPCBB5 - Not Privileged memory - MPCBB3 is applicable
2026-07-28 15:32:11,547 [INFO] Rule:233 - rule 117617 - U5Cobra4M][GTZC] default value MPCBB3 and MPCBB5 - Not Privileged memory - MPCBB4 is applicable
2026-07-28 15:32:11,547 [INFO] Rule:233 - rule 117617 - U5Cobra4M][GTZC] default value MPCBB3 and MPCBB5 - Privileged memory - MPCBB1 is applicable
2026-07-28 15:32:11,547 [INFO] Rule:233 - rule 117617 - U5Cobra4M][GTZC] default value MPCBB3 and MPCBB5 - Privileged memory - MPCBB2 is applicable
2026-07-28 15:32:11,547 [INFO] Rule:233 - rule 117617 - U5Cobra4M][GTZC] default value MPCBB3 and MPCBB5 - Privileged memory - MPCBB3 is applicable
2026-07-28 15:32:11,547 [INFO] Rule:233 - rule 117617 - U5Cobra4M][GTZC] default value MPCBB3 and MPCBB5 - Privileged memory - MPCBB4 is applicable
2026-07-28 15:32:11,547 [INFO] Rule:233 - rule WakeUp0 Mode is applicable
2026-07-28 15:32:11,547 [INFO] Rule:233 - rule WakeUp0 SIGNAL is applicable
2026-07-28 15:32:11,547 [INFO] Rule:233 - rule WakeUp1 Mode is applicable
2026-07-28 15:32:11,548 [INFO] Rule:233 - rule WakeUp1 SIGNAL is applicable
2026-07-28 15:32:11,548 [INFO] Rule:233 - rule WakeUp2 Mode is applicable
2026-07-28 15:32:11,548 [INFO] Rule:233 - rule WakeUp2 SIGNAL is applicable
2026-07-28 15:32:11,548 [INFO] Rule:233 - rule WakeUp4 Mode is applicable
2026-07-28 15:32:11,548 [INFO] Rule:233 - rule WakeUp4 SIGNAL is applicable
2026-07-28 15:32:11,548 [INFO] Rule:233 - rule WakeUp5 Mode is applicable
2026-07-28 15:32:11,548 [INFO] Rule:233 - rule WakeUp5 SIGNAL is applicable
2026-07-28 15:32:11,548 [INFO] Rule:233 - rule Change Default Value for LSE Drive Capability for WB family is applicable
2026-07-28 15:32:11,549 [INFO] Rule:233 - rule change FDCAN default value is applicable
2026-07-28 15:32:11,549 [INFO] Rule:233 - rule Adapt Old IOC before rework replace old CORTEX_M33/CORTEX_M55 attributes by the new one. is applicable
2026-07-28 15:32:11,549 [INFO] Rule:233 - rule Rename parametre of RCC RCC_APBDBG_DIV2 to RCC_TIMPRES_DIV2 is applicable
2026-07-28 15:32:11,549 [INFO] Rule:233 - rule Rename DIE493 pin PA10 [PA12] -> PA10 is applicable
2026-07-28 15:32:11,549 [INFO] Rule:233 - rule Rename DIE493 pin PA9 [PA11] -> PA9 is applicable
2026-07-28 15:32:11,549 [INFO] Rule:233 - rule Rename DIE492 PartNumber CPN STM32WBA5MJGHx -> STM32WBA5MMGHx is applicable
2026-07-28 15:32:11,549 [INFO] Rule:233 - rule Rename DIE492 PartNumber  Name STM32WBA5MJGHx -> STM32WBA5MMGHx is applicable
2026-07-28 15:32:11,549 [INFO] Rule:233 - rule Rename DIE492 PartNumber UserName STM32WBA5MJGHx -> STM32WBA5MMGHx is applicable
2026-07-28 15:32:11,549 [INFO] Rule:233 - rule Rename DIE492 PartNumber DeviceId STM32WBA5MJGHx -> STM32WBA5MMGHx is applicable
2026-07-28 15:32:11,549 [INFO] Rule:233 - rule Adapt Old IOC CSI. is applicable
2026-07-28 15:32:11,549 [INFO] Rule:233 - rule Adapt Old IOC DCMIPP. is applicable
2026-07-28 15:32:11,549 [INFO] Rule:233 - rule Adapt Old IOC DCMIPP Mode Parallel. is applicable
2026-07-28 15:32:11,549 [INFO] Rule:233 - rule Adapt Old IOC LTDC. is applicable
2026-07-28 15:32:11,549 [INFO] Rule:233 - rule Rename STM32MP2 RIF Peripheral LTDC RIF.RISUP.LTDC_L0L1.Privilege -> RIF.RISUP.LTDC_L1L2.Privilege is applicable
2026-07-28 15:32:11,549 [INFO] Rule:233 - rule Rename STM32MP2 RIF Peripheral LTDC RIF.RISUP.LTDC_L0L1.Privilege -> RIF.RISUP.LTDC_L1L2.Privilege is applicable
2026-07-28 15:32:11,549 [INFO] Rule:233 - rule Rename STM32MP2 RIF Peripheral LTDC RIF.RISUP.LTDC_L0L1.Lock -> RIF.RISUP.LTDC_L1L2.Lock is applicable
2026-07-28 15:32:11,549 [INFO] Rule:233 - rule Rename STM32MP2 RIF Peripheral LTDC RIF.RISUP.LTDC_L2.Lock -> RIF.RISUP.LTDC_L3.Lock is applicable
2026-07-28 15:32:11,549 [INFO] Rule:233 - rule Adapt the old IOC example for updating the SYS when it is misconfigured. is applicable
2026-07-28 15:32:11,549 [INFO] Rule:233 - rule Rename STM32C09 Mcu.Package LQFP64 -> LQFP48 is applicable
2026-07-28 15:32:11,549 [INFO] Rule:233 - rule Adapt the old IOC example for updating the SYS when it is misconfigured. is applicable
2026-07-28 15:32:11,549 [INFO] Rule:233 - rule Adapt the old IOC example for updating the SYS when it is misconfigured. is applicable
2026-07-28 15:32:11,553 [INFO] DbConfProperties:307 - Apply Compatibility (5/68 Rules)
2026-07-28 15:32:11,586 [INFO] ImportTextPane:234 - (OptionalMessage_ERROR) Pin84 (VP_RIF_VS_RIF1) cannot be retrieved for this MCU
2026-07-28 15:32:11,643 [INFO] RtosManager:558 - Registered RTOS mode: class=CMSIS, group=RTOS, mode=CMSIS_V1, owner=FREERTOS
2026-07-28 15:32:11,643 [INFO] RtosManager:558 - Registered RTOS mode: class=CMSIS, group=RTOS2, mode=CMSIS_V2, owner=FREERTOS
2026-07-28 15:32:11,643 [INFO] RtosManager:558 - Registered RTOS mode: class=RTOS, group=Core, mode=CMSIS_V1, owner=FREERTOS
2026-07-28 15:32:11,643 [INFO] RtosManager:558 - Registered RTOS mode: class=RTOS, group=Core, mode=CMSIS_V2, owner=FREERTOS
2026-07-28 15:32:11,643 [WARN] ModelIntegratedComponent:184 - Missing modes for component STMicroelectronics:FreeRTOS:0.0.1:STMicroelectronics:RTOS:FreeRTOS:Core:::10.2.0:
2026-07-28 15:32:11,659 [WARN] ModelIntegratedComponent:63 - No mode defined for component null
2026-07-28 15:32:11,659 [WARN] ModelIntegratedComponent:63 - No mode defined for component null
2026-07-28 15:32:11,659 [WARN] ModelIntegratedComponent:63 - No mode defined for component null
2026-07-28 15:32:11,659 [WARN] ModelIntegratedComponent:63 - No mode defined for component null
2026-07-28 15:32:11,659 [WARN] ModelIntegratedComponent:63 - No mode defined for component null
2026-07-28 15:32:11,659 [WARN] ModelIntegratedComponent:63 - No mode defined for component null
2026-07-28 15:32:11,660 [WARN] ModelIntegratedComponent:63 - No mode defined for component null
2026-07-28 15:32:11,660 [WARN] ModelIntegratedComponent:63 - No mode defined for component null
2026-07-28 15:32:11,660 [WARN] ModelIntegratedComponent:63 - No mode defined for component null
2026-07-28 15:32:11,660 [WARN] ModelIntegratedComponent:63 - No mode defined for component null
2026-07-28 15:32:11,660 [WARN] ModelIntegratedComponent:63 - No mode defined for component null
2026-07-28 15:32:11,660 [WARN] ModelIntegratedComponent:63 - No mode defined for component null
2026-07-28 15:32:11,660 [WARN] ModelIntegratedComponent:63 - No mode defined for component null
2026-07-28 15:32:11,660 [WARN] ModelIntegratedComponent:63 - No mode defined for component null
2026-07-28 15:32:11,660 [WARN] ModelIntegratedComponent:63 - No mode defined for component null
2026-07-28 15:32:11,660 [WARN] ModelIntegratedComponent:63 - No mode defined for component null
2026-07-28 15:32:11,660 [WARN] ModelIntegratedComponent:63 - No mode defined for component null
2026-07-28 15:32:11,660 [WARN] ModelIntegratedComponent:63 - No mode defined for component null
2026-07-28 15:32:11,660 [WARN] ModelIntegratedComponent:63 - No mode defined for component null
2026-07-28 15:32:11,660 [WARN] ModelIntegratedComponent:63 - No mode defined for component null
2026-07-28 15:32:11,660 [WARN] ModelIntegratedComponent:63 - No mode defined for component null
2026-07-28 15:32:11,660 [WARN] ModelIntegratedComponent:63 - No mode defined for component null
2026-07-28 15:32:11,660 [WARN] ModelIntegratedComponent:63 - No mode defined for component null
2026-07-28 15:32:11,660 [WARN] ModelIntegratedComponent:63 - No mode defined for component null
2026-07-28 15:32:11,660 [WARN] ModelIntegratedComponent:63 - No mode defined for component null
2026-07-28 15:32:11,660 [WARN] ModelIntegratedComponent:63 - No mode defined for component null
2026-07-28 15:32:11,660 [WARN] ModelIntegratedComponent:63 - No mode defined for component null
2026-07-28 15:32:11,660 [WARN] ModelIntegratedComponent:63 - No mode defined for component null
2026-07-28 15:32:11,660 [WARN] ModelIntegratedComponent:63 - No mode defined for component null
2026-07-28 15:32:11,660 [WARN] ModelIntegratedComponent:63 - No mode defined for component null
2026-07-28 15:32:11,660 [WARN] ModelIntegratedComponent:63 - No mode defined for component null
2026-07-28 15:32:11,660 [WARN] ModelIntegratedComponent:63 - No mode defined for component null
2026-07-28 15:32:11,660 [WARN] ModelIntegratedComponent:63 - No mode defined for component null
2026-07-28 15:32:11,660 [WARN] ModelIntegratedComponent:63 - No mode defined for component null
2026-07-28 15:32:11,660 [WARN] ModelIntegratedComponent:63 - No mode defined for component null
2026-07-28 15:32:11,660 [WARN] ModelPack:524 - Component already loaded: STMicroelectronics:HAL Drivers:0.0.0:STMicroelectronics:Device:STMicro_Driver:XSPI:HAL::0.0.1:HAL_XSPI
2026-07-28 15:32:11,751 [INFO] ThirdPartyModel:298 - Start build external matchings
2026-07-28 15:32:12,016 [INFO] ThirdPartyModel:316 - End build external matchings
2026-07-28 15:32:12,045 [WARN] IP:2250 - MaxTran not found: check if there is a RefParameter without a condition.
2026-07-28 15:32:12,045 [WARN] IP:2250 - Refresh not found: check if there is a RefParameter without a condition.
2026-07-28 15:32:12,046 [INFO] ImportTextPane:234 - (OptionalMessage_ERROR) IP (RCC) : Invalid parameter (FamilyName)
2026-07-28 15:32:12,313 [INFO] UtilMem:75 - End LoadConfig() Used Memory: 814847832 Bytes (1073741824)
2026-07-28 15:32:12,402 [WARN] ThirdParty:833 - waiting for thirdparty lock release [change project]
2026-07-28 15:32:12,403 [INFO] ThirdParty:835 - entering critical section [change project]
2026-07-28 15:32:12,403 [INFO] ThirdParty:1030 - CMSIS Pack Vendor :STMicroelectronics X-CUBE-AZRTOS-H7 3.5.0
2026-07-28 15:32:12,403 [INFO] ThirdParty:1030 - CMSIS Pack Vendor :STMicroelectronics X-CUBE-PM33A1 1.0.0
2026-07-28 15:32:12,403 [INFO] ThirdParty:1030 - CMSIS Pack Vendor :STMicroelectronics USBPD 4.1
2026-07-28 15:32:12,403 [INFO] ThirdParty:1030 - CMSIS Pack Vendor :STMicroelectronics X-CUBE-NFC9 1.0.0
2026-07-28 15:32:12,403 [INFO] ThirdParty:1030 - CMSIS Pack Vendor :STMicroelectronics USB_HOST 2.0.0
2026-07-28 15:32:12,403 [INFO] ThirdParty:1030 - CMSIS Pack Vendor :STMicroelectronics FP-ATR-ASTRA1 2.0.3
2026-07-28 15:32:12,403 [INFO] ThirdParty:1030 - CMSIS Pack Vendor :STMicroelectronics X-CUBE-AZRTOS-F4 1.1.0
2026-07-28 15:32:12,403 [INFO] ThirdParty:1030 - CMSIS Pack Vendor :STMicroelectronics LIBJPEG 8.0.0
2026-07-28 15:32:12,403 [INFO] ThirdParty:1030 - CMSIS Pack Vendor :STMicroelectronics X-CUBE-BLE1 7.1.0
2026-07-28 15:32:12,403 [INFO] ThirdParty:1030 - CMSIS Pack Vendor :wolfSSL I-CUBE-wolfMQTT 1.19.2
2026-07-28 15:32:12,403 [INFO] ThirdParty:1030 - CMSIS Pack Vendor :STMicroelectronics USB_DEVICE 3.0.0
2026-07-28 15:32:12,403 [INFO] ThirdParty:1030 - CMSIS Pack Vendor :STMicroelectronics X-CUBE-ISPU 2.1.0
2026-07-28 15:32:12,403 [INFO] ThirdParty:1030 - CMSIS Pack Vendor :STMicroelectronics X-CUBE-EEPRMA1 5.2.0
2026-07-28 15:32:12,403 [INFO] ThirdParty:1030 - CMSIS Pack Vendor :STMicroelectronics X-CUBE-IPS 3.2.0
2026-07-28 15:32:12,403 [INFO] ThirdParty:1030 - CMSIS Pack Vendor :STMicroelectronics eDS-WB_DPC_TT-BIDIR 2.1.1
2026-07-28 15:32:12,403 [INFO] ThirdParty:1030 - CMSIS Pack Vendor :STMicroelectronics X-CUBE-AZRTOS-WB 2.0.0
2026-07-28 15:32:12,403 [INFO] ThirdParty:1030 - CMSIS Pack Vendor :STMicroelectronics X-CUBE-NFC12 1.0.0
2026-07-28 15:32:12,403 [INFO] ThirdParty:1030 - CMSIS Pack Vendor :STMicroelectronics X-CUBE-AZRTOS-F7 1.1.0
2026-07-28 15:32:12,403 [INFO] ThirdParty:1030 - CMSIS Pack Vendor :STMicroelectronics X-CUBE-AZRTOS-L5 2.0.0
2026-07-28 15:32:12,403 [INFO] ThirdParty:1030 - CMSIS Pack Vendor :STMicroelectronics USB_DEVICE 2.0.0
2026-07-28 15:32:12,403 [INFO] ThirdParty:1030 - CMSIS Pack Vendor :STMicroelectronics X-CUBE-FREERTOS 1.6.0
2026-07-28 15:32:12,403 [INFO] ThirdParty:1030 - CMSIS Pack Vendor :STMicroelectronics FP-SNS-STAIOTCFT 1.1.0
2026-07-28 15:32:12,403 [INFO] ThirdParty:1030 - CMSIS Pack Vendor :quantropi X-CUBE-qispace-sdk-base 2.1.0
2026-07-28 15:32:12,403 [INFO] ThirdParty:1030 - CMSIS Pack Vendor :STMicroelectronics X-CUBE-STSE01 2.0.0
2026-07-28 15:32:12,403 [INFO] ThirdParty:1030 - CMSIS Pack Vendor :STMicroelectronics X-CUBE-ALGOBUILD 1.5.0
2026-07-28 15:32:12,403 [INFO] ThirdParty:1030 - CMSIS Pack Vendor :STMicroelectronics FP-SNS-MOTENV1 5.1.0
2026-07-28 15:32:12,403 [INFO] ThirdParty:1030 - CMSIS Pack Vendor :STMicroelectronics FreeRTOS 0.0.1
2026-07-28 15:32:12,403 [INFO] ThirdParty:1030 - CMSIS Pack Vendor :STMicroelectronics X-CUBE-AZRTOS-H7RS 1.3.0
2026-07-28 15:32:12,403 [INFO] ThirdParty:1030 - CMSIS Pack Vendor :STMicroelectronics X-CUBE-AZRTOS-G0 1.1.0
2026-07-28 15:32:12,403 [INFO] ThirdParty:1030 - CMSIS Pack Vendor :STMicroelectronics X-CUBE-NFC4 3.0.0
2026-07-28 15:32:12,403 [INFO] ThirdParty:1030 - CMSIS Pack Vendor :STMicroelectronics X-CUBE-SUBG2 5.0.0
2026-07-28 15:32:12,403 [INFO] ThirdParty:1030 - CMSIS Pack Vendor :STMicroelectronics STM32_WPAN 1.0.0
2026-07-28 15:32:12,403 [INFO] ThirdParty:1030 - CMSIS Pack Vendor :STMicroelectronics eDS-WB_DPC_VIENNA 1.2.0
2026-07-28 15:32:12,403 [INFO] ThirdParty:1030 - CMSIS Pack Vendor :EmbeddedOffice I-CUBE-FS-RTOS 1.0.1
2026-07-28 15:32:12,403 [INFO] ThirdParty:1030 - CMSIS Pack Vendor :STMicroelectronics lwIP 2.0.3
2026-07-28 15:32:12,403 [INFO] ThirdParty:1030 - CMSIS Pack Vendor :WES I-CUBE-Cesium 1.4.0
2026-07-28 15:32:12,403 [INFO] ThirdParty:1030 - CMSIS Pack Vendor :STMicroelectronics eDS-WB_DPC_3PH2L-BIDIR 1.1.1
2026-07-28 15:32:12,403 [INFO] ThirdParty:1030 - CMSIS Pack Vendor :STMicroelectronics USB_HOST 1.0.0
2026-07-28 15:32:12,403 [INFO] ThirdParty:1030 - CMSIS Pack Vendor :STMicroelectronics X-CUBE-AZRTOS-G4 2.0.0
2026-07-28 15:32:12,403 [INFO] ThirdParty:1030 - CMSIS Pack Vendor :STMicroelectronics PDM2PCM 3.1.0
2026-07-28 15:32:12,403 [INFO] ThirdParty:1030 - CMSIS Pack Vendor :STMicroelectronics PDM2PCM 3.3.0
2026-07-28 15:32:12,403 [INFO] ThirdParty:1030 - CMSIS Pack Vendor :wolfSSL I-CUBE-wolfTPM 3.8.0
2026-07-28 15:32:12,403 [INFO] ThirdParty:1030 - CMSIS Pack Vendor :STMicroelectronics X-CUBE-DISPLAY 3.0.0
2026-07-28 15:32:12,403 [INFO] ThirdParty:1030 - CMSIS Pack Vendor :wolfSSL I-CUBE-wolfSSH 1.4.20
2026-07-28 15:32:12,403 [INFO] ThirdParty:1030 - CMSIS Pack Vendor :STMicroelectronics X-CUBE-NFC7 2.0.0
2026-07-28 15:32:12,403 [INFO] ThirdParty:1030 - CMSIS Pack Vendor :STMicroelectronics X-CUBE-GNSS1 7.1.1
2026-07-28 15:32:12,403 [INFO] ThirdParty:1030 - CMSIS Pack Vendor :STMicroelectronics FP-SNS-MOTENVWB1 1.5.0
2026-07-28 15:32:12,403 [INFO] ThirdParty:1030 - CMSIS Pack Vendor :STMicroelectronics X-CUBE-TCPP 4.2.0
2026-07-28 15:32:12,403 [INFO] ThirdParty:1030 - CMSIS Pack Vendor :RealThread X-CUBE-RT-Thread_Nano 4.1.1
2026-07-28 15:32:12,403 [INFO] ThirdParty:1030 - CMSIS Pack Vendor :STMicroelectronics FP-ATR-SIGFOX1 3.2.0
2026-07-28 15:32:12,403 [INFO] ThirdParty:1030 - CMSIS Pack Vendor :STMicroelectronics X-CUBE-NFC10 1.0.0
2026-07-28 15:32:12,403 [INFO] ThirdParty:1030 - CMSIS Pack Vendor :STMicroelectronics HAL Drivers 0.0.0
2026-07-28 15:32:12,403 [INFO] ThirdParty:1030 - CMSIS Pack Vendor :STMicroelectronics MBEDTLS 2.16.2
2026-07-28 15:32:12,403 [INFO] ThirdParty:1030 - CMSIS Pack Vendor :STMicroelectronics X-CUBE-ST60 1.1.0
2026-07-28 15:32:12,403 [INFO] ThirdParty:1030 - CMSIS Pack Vendor :STMicroelectronics X-CUBE-ALS 1.0.2
2026-07-28 15:32:12,403 [INFO] ThirdParty:1030 - CMSIS Pack Vendor :emotas I-CUBE-CANOPEN 1.3.0
2026-07-28 15:32:12,403 [INFO] ThirdParty:1030 - CMSIS Pack Vendor :wolfSSL I-CUBE-wolfSSL 5.9.2
2026-07-28 15:32:12,403 [INFO] ThirdParty:1030 - CMSIS Pack Vendor :STMicroelectronics MBEDTLS 2.14.1
2026-07-28 15:32:12,403 [INFO] ThirdParty:1030 - CMSIS Pack Vendor :ITTIA_DB I-CUBE-ITTIADB 8.9.0
2026-07-28 15:32:12,403 [INFO] ThirdParty:1030 - CMSIS Pack Vendor :Cesanta I-CUBE-Mongoose 7.21.7
2026-07-28 15:32:12,403 [INFO] ThirdParty:1030 - CMSIS Pack Vendor :STMicroelectronics X-CUBE-TOUCHGFX 4.26.1
2026-07-28 15:32:12,403 [INFO] ThirdParty:1030 - CMSIS Pack Vendor :STMicroelectronics X-CUBE-NFC6 3.2.0
2026-07-28 15:32:12,403 [INFO] ThirdParty:1030 - CMSIS Pack Vendor :STMicroelectronics FP-SNS-STBOX1 2.1.0
2026-07-28 15:32:12,403 [INFO] ThirdParty:1030 - CMSIS Pack Vendor :STMicroelectronics X-CUBE-AI 10.2.1
2026-07-28 15:32:12,403 [INFO] ThirdParty:1030 - CMSIS Pack Vendor :STMicroelectronics ThreadX 1.0.0
2026-07-28 15:32:12,403 [INFO] ThirdParty:1030 - CMSIS Pack Vendor :STMicroelectronics FP-SNS-SMARTAG2 1.2.0
2026-07-28 15:32:12,403 [INFO] ThirdParty:1030 - CMSIS Pack Vendor :STMicroelectronics X-CUBE-MEMS1 12.1.0
2026-07-28 15:32:12,403 [INFO] ThirdParty:1030 - CMSIS Pack Vendor :STMicroelectronics FP-SNS-FLIGHT1 5.1.0
2026-07-28 15:32:12,403 [INFO] ThirdParty:1030 - CMSIS Pack Vendor :STMicroelectronics X-CUBE-AZRTOS-WL 2.0.0
2026-07-28 15:32:12,403 [INFO] ThirdParty:1030 - CMSIS Pack Vendor :SEGGER I-CUBE-embOS 1.3.1
2026-07-28 15:32:12,403 [INFO] ThirdParty:1030 - CMSIS Pack Vendor :STMicroelectronics X-CUBE-DPower 1.3.0
2026-07-28 15:32:12,403 [INFO] ThirdParty:1030 - CMSIS Pack Vendor :STMicroelectronics USB_DEVICE 1.0.0
2026-07-28 15:32:12,403 [INFO] ThirdParty:1030 - CMSIS Pack Vendor :STMicroelectronics X-CUBE-AZRTOS-L4 2.0.0
2026-07-28 15:32:12,403 [INFO] ThirdParty:1030 - CMSIS Pack Vendor :STMicroelectronics ThreadX 0.0.2
2026-07-28 15:32:12,403 [INFO] ThirdParty:1030 - CMSIS Pack Vendor :STMicroelectronics lwIP 2.1.2
2026-07-28 15:32:12,403 [INFO] ThirdParty:1030 - CMSIS Pack Vendor :STMicroelectronics X-CUBE-SFXS2LP1 4.0.0
2026-07-28 15:32:12,403 [INFO] ThirdParty:1030 - CMSIS Pack Vendor :STMicroelectronics X-CUBE-BLE2 3.3.0
2026-07-28 15:32:12,403 [INFO] ThirdParty:1030 - CMSIS Pack Vendor :Avnet-IOTCONNECT X-CUBE-iotc-st67-sdk 1.0.0
2026-07-28 15:32:12,403 [INFO] ThirdParty:1030 - CMSIS Pack Vendor :STMicroelectronics X-CUBE-TOF1 3.4.3
2026-07-28 15:32:12,403 [INFO] ThirdParty:1030 - CMSIS Pack Vendor :Infineon AIROC-Wi-Fi-Bluetooth-STM32 1.8.0
2026-07-28 15:32:12,404 [INFO] ThirdParty:1030 - CMSIS Pack Vendor :STMicroelectronics X-CUBE-NFC13 1.0.0
2026-07-28 15:32:12,404 [INFO] ThirdParty:1030 - CMSIS Pack Vendor :STMicroelectronics PDM2PCM 3.2.0
2026-07-28 15:32:12,404 [INFO] ThirdParty:1030 - CMSIS Pack Vendor :STMicroelectronics X-CUBE-WB05N 2.1.0
2026-07-28 15:32:12,404 [INFO] ThirdParty:841 - exiting critical section [change project]
2026-07-28 15:32:12,651 [INFO] PinOutPanel:1589 - setPackage(No Configuration,No Configuration)
2026-07-28 15:32:12,651 [INFO] PinOutPanel:1589 - setPackage(STM32L4S5VITx,LQFP100)
2026-07-28 15:32:13,064 [INFO] UtilMem:75 - Before build in PCC Used Memory: 808213904 Bytes (1073741824)
2026-07-28 15:32:13,407 [INFO] UtilMem:75 - After build in PCC Used Memory: 917798304 Bytes (1073741824)
2026-07-28 15:32:13,426 [INFO] IPUIPlugin:80 - create IPUIPlugin
2026-07-28 15:32:13,426 [INFO] IPUIPlugin:80 - create IPUIPlugin
2026-07-28 15:32:13,426 [INFO] IPUIPlugin:80 - create IPUIPlugin
2026-07-28 15:32:13,426 [INFO] IPUIPlugin:80 - create IPUIPlugin
2026-07-28 15:32:13,426 [INFO] IPUIPlugin:80 - create IPUIPlugin
2026-07-28 15:32:13,426 [INFO] IPUIPlugin:80 - create IPUIPlugin
2026-07-28 15:32:13,426 [INFO] IPUIPlugin:80 - create IPUIPlugin
2026-07-28 15:32:13,426 [INFO] IPUIPlugin:80 - create IPUIPlugin
2026-07-28 15:32:13,426 [INFO] IPUIPlugin:80 - create IPUIPlugin
2026-07-28 15:32:13,426 [INFO] IPUIPlugin:80 - create IPUIPlugin
2026-07-28 15:32:13,426 [INFO] IPUIPlugin:80 - create IPUIPlugin
2026-07-28 15:32:13,427 [INFO] IPUIPlugin:80 - create IPUIPlugin
2026-07-28 15:32:13,427 [INFO] IPUIPlugin:80 - create IPUIPlugin
2026-07-28 15:32:13,427 [INFO] IPUIPlugin:80 - create IPUIPlugin
2026-07-28 15:32:13,427 [INFO] IPUIPlugin:80 - create IPUIPlugin
2026-07-28 15:32:13,427 [INFO] IPUIPlugin:80 - create IPUIPlugin
2026-07-28 15:32:13,427 [INFO] IPUIPlugin:80 - create IPUIPlugin
2026-07-28 15:32:13,427 [INFO] IPUIPlugin:80 - create IPUIPlugin
2026-07-28 15:32:13,427 [INFO] IPUIPlugin:80 - create IPUIPlugin
2026-07-28 15:32:13,427 [INFO] IPUIPlugin:80 - create IPUIPlugin
2026-07-28 15:32:13,427 [INFO] IPUIPlugin:80 - create IPUIPlugin
2026-07-28 15:32:13,427 [INFO] IPUIPlugin:80 - create IPUIPlugin
2026-07-28 15:32:13,427 [INFO] IPUIPlugin:80 - create IPUIPlugin
2026-07-28 15:32:13,428 [INFO] IPUIPlugin:80 - create IPUIPlugin
2026-07-28 15:32:13,428 [INFO] IPUIPlugin:80 - create IPUIPlugin
2026-07-28 15:32:13,428 [INFO] IPUIPlugin:80 - create IPUIPlugin
2026-07-28 15:32:13,428 [INFO] IPUIPlugin:80 - create IPUIPlugin
2026-07-28 15:32:13,428 [INFO] IPUIPlugin:80 - create IPUIPlugin
2026-07-28 15:32:13,428 [INFO] IPUIPlugin:80 - create IPUIPlugin
2026-07-28 15:32:13,429 [INFO] IPUIPlugin:80 - create IPUIPlugin
2026-07-28 15:32:13,429 [INFO] IPUIPlugin:80 - create IPUIPlugin
2026-07-28 15:32:13,429 [INFO] IPUIPlugin:80 - create IPUIPlugin
2026-07-28 15:32:13,429 [INFO] IPUIPlugin:80 - create IPUIPlugin
2026-07-28 15:32:13,429 [INFO] IPUIPlugin:80 - create IPUIPlugin
2026-07-28 15:32:13,429 [INFO] IPUIPlugin:80 - create IPUIPlugin
2026-07-28 15:32:13,429 [INFO] IPUIPlugin:80 - create IPUIPlugin
2026-07-28 15:32:13,429 [INFO] IPUIPlugin:80 - create IPUIPlugin
2026-07-28 15:32:13,429 [INFO] IPUIPlugin:80 - create IPUIPlugin
2026-07-28 15:32:13,430 [INFO] IPUIPlugin:80 - create IPUIPlugin
2026-07-28 15:32:13,430 [INFO] IPUIPlugin:80 - create IPUIPlugin
2026-07-28 15:32:13,430 [INFO] IPUIPlugin:80 - create IPUIPlugin
2026-07-28 15:32:13,430 [INFO] IPUIPlugin:80 - create IPUIPlugin
2026-07-28 15:32:13,430 [INFO] IPUIPlugin:80 - create IPUIPlugin
2026-07-28 15:32:13,430 [INFO] IPUIPlugin:80 - create IPUIPlugin
2026-07-28 15:32:13,430 [INFO] IPUIPlugin:80 - create IPUIPlugin
2026-07-28 15:32:13,430 [INFO] IPUIPlugin:80 - create IPUIPlugin
2026-07-28 15:32:13,430 [INFO] IPUIPlugin:80 - create IPUIPlugin
2026-07-28 15:32:13,431 [INFO] IPUIPlugin:80 - create IPUIPlugin
2026-07-28 15:32:13,431 [INFO] IPUIPlugin:80 - create IPUIPlugin
2026-07-28 15:32:13,431 [INFO] IPUIPlugin:80 - create IPUIPlugin
2026-07-28 15:32:13,431 [INFO] IPUIPlugin:80 - create IPUIPlugin
2026-07-28 15:32:13,431 [INFO] IPUIPlugin:80 - create IPUIPlugin
2026-07-28 15:32:13,431 [INFO] IPUIPlugin:80 - create IPUIPlugin
2026-07-28 15:32:13,432 [INFO] IPUIPlugin:80 - create IPUIPlugin
2026-07-28 15:32:13,432 [INFO] IPUIPlugin:80 - create IPUIPlugin
2026-07-28 15:32:13,432 [INFO] IPUIPlugin:80 - create IPUIPlugin
2026-07-28 15:32:13,432 [INFO] IPUIPlugin:80 - create IPUIPlugin
2026-07-28 15:32:13,433 [INFO] IPUIPlugin:80 - create IPUIPlugin
2026-07-28 15:32:13,433 [INFO] IPUIPlugin:80 - create IPUIPlugin
2026-07-28 15:32:13,433 [INFO] IPUIPlugin:80 - create IPUIPlugin
2026-07-28 15:32:13,433 [INFO] IPUIPlugin:80 - create IPUIPlugin
2026-07-28 15:32:13,433 [INFO] IPUIPlugin:80 - create IPUIPlugin
2026-07-28 15:32:13,433 [INFO] IPUIPlugin:80 - create IPUIPlugin
2026-07-28 15:32:13,489 [INFO] CADModel:165 - CPN selected for project levelSTM32L4S5VIT6
2026-07-28 15:32:13,489 [INFO] CADModel:114 - Register for checkConnection events
2026-07-28 15:32:13,555 [INFO] OpenFileManager:386 - Restore cursor
2026-07-28 15:32:13,851 [WARN] IP:2250 - MaxTran not found: check if there is a RefParameter without a condition.
2026-07-28 15:32:13,851 [WARN] IP:2250 - Refresh not found: check if there is a RefParameter without a condition.
2026-07-28 15:32:13,851 [WARN] IP:2250 - MaxTran not found: check if there is a RefParameter without a condition.
2026-07-28 15:32:13,851 [WARN] IP:2250 - Refresh not found: check if there is a RefParameter without a condition.
2026-07-28 15:32:14,531 [INFO] UtilMem:75 - End SaveConfig() Used Memory: 946436904 Bytes (1073741824)
2026-07-28 15:32:14,635 [INFO] UtilMem:75 - End SaveConfig() Used Memory: 964801800 Bytes (1073741824)
2026-07-28 15:32:14,991 [INFO] BlockDiagram:2775 - set Specific Code input for plugin: SPI
2026-07-28 15:32:14,991 [INFO] BlockDiagram:2775 - set Specific Code input for plugin: SPI
2026-07-28 15:32:14,991 [INFO] BlockDiagram:2775 - set Specific Code input for plugin: DFSDM
2026-07-28 15:32:14,991 [INFO] BlockDiagram:2775 - set Specific Code input for plugin: SYS
2026-07-28 15:32:14,991 [INFO] BlockDiagram:2775 - set Specific Code input for plugin: ADC
2026-07-28 15:32:14,991 [INFO] BlockDiagram:2775 - set Specific Code input for plugin: RCC
2026-07-28 15:32:14,991 [INFO] BlockDiagram:2775 - set Specific Code input for plugin: I2C
2026-07-28 15:32:14,991 [INFO] BlockDiagram:2775 - set Specific Code input for plugin: I2C
2026-07-28 15:32:14,991 [INFO] BlockDiagram:2775 - set Specific Code input for plugin: USB_OTG_FS
2026-07-28 15:32:14,991 [INFO] BlockDiagram:2775 - set Specific Code input for plugin: NVIC
2026-07-28 15:32:14,991 [INFO] BlockDiagram:2775 - set Specific Code input for plugin: USART
2026-07-28 15:32:14,991 [INFO] BlockDiagram:2775 - set Specific Code input for plugin: USART
2026-07-28 15:32:14,991 [INFO] BlockDiagram:2775 - set Specific Code input for plugin: USART
2026-07-28 15:32:14,991 [INFO] BlockDiagram:2775 - set Specific Code input for plugin: OCTOSPI
2026-07-28 15:32:14,991 [INFO] BlockDiagram:2775 - set Specific Code input for plugin: UART
2026-07-28 15:32:14,991 [INFO] BlockDiagram:2775 - set Specific Code input for plugin: GPIO
2026-07-28 15:32:14,993 [INFO] CodeGenerator:892 - code generatio: config db path: C:\ST\STM32CubeIDE_1.19.0\STM32CubeIDE\plugins\com.st.stm32cube.common.mx_6.15.0.202507011659\\db\
2026-07-28 15:32:15,022 [WARN] IP:2250 - MaxTran not found: check if there is a RefParameter without a condition.
2026-07-28 15:32:15,022 [WARN] IP:2250 - Refresh not found: check if there is a RefParameter without a condition.
2026-07-28 15:32:15,117 [INFO] CodeEngine:265 - oldGeneratedFile, D:\TinyML_GJ\TinyML_Workshop\STM32\UART_First\MXTmpFiles\license.tmp_save
2026-07-28 15:32:15,345 [INFO] CodeEngine:289 - Generated code: D:\TinyML_GJ\TinyML_Workshop\STM32\UART_First\MXTmpFiles\license.tmp
2026-07-28 15:32:15,502 [INFO] CodeEngine:265 - oldGeneratedFile, D:\TinyML_GJ\TinyML_Workshop\STM32\UART_First\MXTmpFiles\gpio.tmp_save
2026-07-28 15:32:15,644 [INFO] CodeEngine:289 - Generated code: D:\TinyML_GJ\TinyML_Workshop\STM32\UART_First\MXTmpFiles\gpio.tmp
2026-07-28 15:32:17,302 [WARN] IPConfigManager:103 - WARNING: Missing Config File for USB ip!!
2026-07-28 15:32:17,403 [WARN] IPConfigManager:3238 - Warning: the RefConfig PWREx_EnableUSBVoltageDetector is not available in your config.xml file
2026-07-28 15:32:17,427 [INFO] CodeEngine:265 - oldGeneratedFile, D:\TinyML_GJ\TinyML_Workshop\STM32\UART_First\Core\Src\stm32l4xx_it.c_save
2026-07-28 15:32:17,618 [INFO] CodeEngine:289 - Generated code: D:\TinyML_GJ\TinyML_Workshop\STM32\UART_First\Core\Src\stm32l4xx_it.c
2026-07-28 15:32:17,630 [INFO] CodeEngine:265 - oldGeneratedFile, D:\TinyML_GJ\TinyML_Workshop\STM32\UART_First\Core\Inc\stm32l4xx_it.h_save
2026-07-28 15:32:17,678 [INFO] CodeEngine:289 - Generated code: D:\TinyML_GJ\TinyML_Workshop\STM32\UART_First\Core\Inc\stm32l4xx_it.h
2026-07-28 15:32:17,694 [INFO] CodeEngine:265 - oldGeneratedFile, D:\TinyML_GJ\TinyML_Workshop\STM32\UART_First\Core\Src\stm32l4xx_hal_msp.c_save
2026-07-28 15:32:17,844 [INFO] CodeEngine:289 - Generated code: D:\TinyML_GJ\TinyML_Workshop\STM32\UART_First\Core\Src\stm32l4xx_hal_msp.c
2026-07-28 15:32:17,857 [INFO] CodeEngine:265 - oldGeneratedFile, D:\TinyML_GJ\TinyML_Workshop\STM32\UART_First\MXTmpFiles\system.tmp_save
2026-07-28 15:32:17,900 [INFO] CodeEngine:289 - Generated code: D:\TinyML_GJ\TinyML_Workshop\STM32\UART_First\MXTmpFiles\system.tmp
2026-07-28 15:32:17,909 [INFO] CodeEngine:321 - oldGeneratedFile, D:\TinyML_GJ\TinyML_Workshop\STM32\UART_First\Core\Inc\stm32l4xx_hal_conf.h_save
2026-07-28 15:32:18,000 [INFO] CodeEngine:345 - Generated code: D:\TinyML_GJ\TinyML_Workshop\STM32\UART_First\Core\Inc\stm32l4xx_hal_conf.h
2026-07-28 15:32:18,031 [INFO] ApiDbMcu:532 - Load IP Config File for ADC1
2026-07-28 15:32:18,039 [INFO] ApiDbMcu:532 - Load IP Config File for DFSDM1
2026-07-28 15:32:18,041 [INFO] ApiDbMcu:532 - Load IP Config File for I2C1
2026-07-28 15:32:18,043 [INFO] ApiDbMcu:532 - Load IP Config File for I2C2
2026-07-28 15:32:18,044 [INFO] ApiDbMcu:532 - Load IP Config File for OCTOSPI1
2026-07-28 15:32:18,045 [INFO] ApiDbMcu:532 - Load IP Config File for SPI1
2026-07-28 15:32:18,047 [INFO] ApiDbMcu:532 - Load IP Config File for SPI3
2026-07-28 15:32:18,053 [INFO] ApiDbMcu:532 - Load IP Config File for UART4
2026-07-28 15:32:18,059 [INFO] ApiDbMcu:532 - Load IP Config File for USART1
2026-07-28 15:32:18,064 [INFO] ApiDbMcu:532 - Load IP Config File for USART2
2026-07-28 15:32:18,071 [INFO] ApiDbMcu:532 - Load IP Config File for USART3
2026-07-28 15:32:18,071 [ERROR] ApiDbMcu:560 - Cannot parse USB_OTG_FS_Config file : file do not exist
2026-07-28 15:32:18,071 [ERROR] ApiDbMcu:560 - Cannot parse USB_OTG_FS_Config file : file do not exist
2026-07-28 15:32:18,073 [INFO] ApiDbMcu:532 - Load IP Config File for RCC
2026-07-28 15:32:18,075 [WARN] IPConfigManager:3811 - IP not found : USB_OTG
2026-07-28 15:32:18,076 [WARN] CodeGenerator:4259 - IP not found : null
2026-07-28 15:32:18,082 [INFO] CodeEngine:265 - oldGeneratedFile, D:\TinyML_GJ\TinyML_Workshop\STM32\UART_First\Core\Inc\main.h_save
2026-07-28 15:32:18,184 [INFO] CodeEngine:289 - Generated code: D:\TinyML_GJ\TinyML_Workshop\STM32\UART_First\Core\Inc\main.h
2026-07-28 15:32:18,195 [INFO] CodeEngine:265 - oldGeneratedFile, D:\TinyML_GJ\TinyML_Workshop\STM32\UART_First\Core\Src\main.c_save
2026-07-28 15:32:18,284 [INFO] CodeEngine:289 - Generated code: D:\TinyML_GJ\TinyML_Workshop\STM32\UART_First\Core\Src\main.c
2026-07-28 15:32:18,451 [INFO] ProjectBuilder:3606 - Time for Copy HAL[1] : 79mS.
2026-07-28 15:32:18,454 [INFO] ProjectBuilder:5216 - Project Generator version: 4.7.0-B52
2026-07-28 15:32:18,497 [INFO] ConfigFileManager:1595 - The Die is : DIE470
2026-07-28 15:32:18,511 [INFO] ApiDbMcu:532 - Load IP Config File for FATFS
2026-07-28 15:32:18,514 [INFO] ApiDbMcu:532 - Load IP Config File for FREERTOS
2026-07-28 15:32:18,522 [INFO] ApiDbMcu:532 - Load IP Config File for TOUCHSENSING
2026-07-28 15:32:18,524 [INFO] ApiDbMcu:532 - Load IP Config File for USB_DEVICE
2026-07-28 15:32:18,526 [INFO] ApiDbMcu:532 - Load IP Config File for USB_HOST
2026-07-28 15:32:19,809 [INFO] ProjectBuilder:5496 - Time for Generating toolchain IDE Files: 1354mS.
2026-07-28 15:32:19,810 [INFO] ProjectBuilder:3463 - Time for Copy CMSIS : 1mS.
2026-07-28 15:32:19,811 [INFO] ProjectBuilder:3463 - Time for Copy CMSIS : 0mS.
2026-07-28 15:32:20,642 [INFO] McuFinderGlobals:76 - Set McuFinderConnectedMode to true
2026-07-28 15:32:20,643 [INFO] ApiDb:448 - Save user favorites file C:\Users\ADMIN/.stm32cubeide/favorites.mcus.txt: 0 item(s)
2026-07-28 15:32:20,643 [INFO] ApiDb:452 - User favorites MCUs=[]
2026-07-28 15:32:20,649 [INFO] ApiDb:448 - Save user favorites file C:\Users\ADMIN/.stm32cubeide/favorites.boards.txt: 1 item(s)
2026-07-28 15:32:20,650 [INFO] ApiDb:452 - User favorites Boards=[B-L4S5I-IOT01A]
2026-07-28 15:36:33,622 [INFO] UtilMem:75 - End SaveConfig() Used Memory: 782547640 Bytes (1073741824)
2026-07-28 15:36:46,313 [INFO] UtilMem:75 - End SaveConfig() Used Memory: 864326872 Bytes (1073741824)
2026-07-28 15:37:13,048 [INFO] UtilMem:75 - End SaveConfig() Used Memory: 918338424 Bytes (1073741824)
2026-07-28 15:37:13,189 [INFO] BlockDiagram:2775 - set Specific Code input for plugin: SYS
2026-07-28 15:37:13,189 [INFO] BlockDiagram:2775 - set Specific Code input for plugin: RCC
2026-07-28 15:37:13,189 [INFO] BlockDiagram:2775 - set Specific Code input for plugin: NVIC
2026-07-28 15:37:13,189 [INFO] BlockDiagram:2775 - set Specific Code input for plugin: USART
2026-07-28 15:37:13,190 [INFO] BlockDiagram:2775 - set Specific Code input for plugin: GPIO
2026-07-28 15:37:13,190 [INFO] CodeGenerator:892 - code generatio: config db path: C:\ST\STM32CubeIDE_1.19.0\STM32CubeIDE\plugins\com.st.stm32cube.common.mx_6.15.0.202507011659\\db\
2026-07-28 15:37:13,264 [INFO] CodeEngine:265 - oldGeneratedFile, D:\TinyML_GJ\TinyML_Workshop\STM32\UART_First\MXTmpFiles\license.tmp_save
2026-07-28 15:37:13,480 [INFO] CodeEngine:289 - Generated code: D:\TinyML_GJ\TinyML_Workshop\STM32\UART_First\MXTmpFiles\license.tmp
2026-07-28 15:37:13,503 [INFO] CodeEngine:265 - oldGeneratedFile, D:\TinyML_GJ\TinyML_Workshop\STM32\UART_First\MXTmpFiles\gpio.tmp_save
2026-07-28 15:37:13,645 [INFO] CodeEngine:289 - Generated code: D:\TinyML_GJ\TinyML_Workshop\STM32\UART_First\MXTmpFiles\gpio.tmp
2026-07-28 15:37:13,696 [INFO] CodeEngine:265 - oldGeneratedFile, D:\TinyML_GJ\TinyML_Workshop\STM32\UART_First\Core\Src\stm32l4xx_it.c_save
2026-07-28 15:37:13,843 [INFO] CodeEngine:289 - Generated code: D:\TinyML_GJ\TinyML_Workshop\STM32\UART_First\Core\Src\stm32l4xx_it.c
2026-07-28 15:37:13,848 [INFO] CodeEngine:265 - oldGeneratedFile, D:\TinyML_GJ\TinyML_Workshop\STM32\UART_First\Core\Inc\stm32l4xx_it.h_save
2026-07-28 15:37:13,924 [INFO] CodeEngine:289 - Generated code: D:\TinyML_GJ\TinyML_Workshop\STM32\UART_First\Core\Inc\stm32l4xx_it.h
2026-07-28 15:37:13,945 [INFO] CodeEngine:265 - oldGeneratedFile, D:\TinyML_GJ\TinyML_Workshop\STM32\UART_First\Core\Src\stm32l4xx_hal_msp.c_save
2026-07-28 15:37:14,121 [INFO] CodeEngine:289 - Generated code: D:\TinyML_GJ\TinyML_Workshop\STM32\UART_First\Core\Src\stm32l4xx_hal_msp.c
2026-07-28 15:37:14,124 [INFO] CodeEngine:265 - oldGeneratedFile, D:\TinyML_GJ\TinyML_Workshop\STM32\UART_First\MXTmpFiles\system.tmp_save
2026-07-28 15:37:14,191 [INFO] CodeEngine:289 - Generated code: D:\TinyML_GJ\TinyML_Workshop\STM32\UART_First\MXTmpFiles\system.tmp
2026-07-28 15:37:14,206 [INFO] CodeEngine:321 - oldGeneratedFile, D:\TinyML_GJ\TinyML_Workshop\STM32\UART_First\Core\Inc\stm32l4xx_hal_conf.h_save
2026-07-28 15:37:14,335 [INFO] CodeEngine:345 - Generated code: D:\TinyML_GJ\TinyML_Workshop\STM32\UART_First\Core\Inc\stm32l4xx_hal_conf.h
2026-07-28 15:37:14,361 [INFO] CodeEngine:265 - oldGeneratedFile, D:\TinyML_GJ\TinyML_Workshop\STM32\UART_First\Core\Inc\main.h_save
2026-07-28 15:37:14,470 [INFO] CodeEngine:289 - Generated code: D:\TinyML_GJ\TinyML_Workshop\STM32\UART_First\Core\Inc\main.h
2026-07-28 15:37:14,476 [INFO] CodeEngine:265 - oldGeneratedFile, D:\TinyML_GJ\TinyML_Workshop\STM32\UART_First\Core\Src\main.c_save
2026-07-28 15:37:14,596 [INFO] CodeEngine:289 - Generated code: D:\TinyML_GJ\TinyML_Workshop\STM32\UART_First\Core\Src\main.c
2026-07-28 15:37:14,853 [INFO] ProjectBuilder:3606 - Time for Copy HAL[1] : 132mS.
2026-07-28 15:37:14,855 [INFO] ProjectBuilder:5216 - Project Generator version: 4.7.0-B52
2026-07-28 15:37:14,903 [INFO] ConfigFileManager:1595 - The Die is : DIE470
2026-07-28 15:37:15,718 [INFO] ProjectBuilder:5496 - Time for Generating toolchain IDE Files: 862mS.
2026-07-28 15:37:15,721 [INFO] ProjectBuilder:3463 - Time for Copy CMSIS : 0mS.
2026-07-28 15:37:15,723 [INFO] ProjectBuilder:3463 - Time for Copy CMSIS : 0mS.
2026-07-28 16:09:28,459 [ERROR] LogOutputStream:75 - [STDERR_REDIRECT] 
2026-07-28 16:09:28,462 [ERROR] LogOutputStream:75 - [STDERR_REDIRECT] 
