Ax,Ay,Az,Gx,Gy,Gz,Label
-0.033,0.007,1.11,2.29,-1.847,-0.229,Idle
-0.033,0.005,1.115,2.26,-1.71,-0.229,Idle
-0.031,0.005,1.115,2.313,-1.702,-0.435,Idle
-0.028,-0.002,1.106,2.13,-1.397,-0.397,Idle
-0.033,0.006,1.117,2.42,-1.45,-0.573,Idle
-0.033,0.002,1.114,2.298,-1.458,-0.183,Idle
-0.029,0.003,1.115,2.221,-1.389,-0.443,Idle
-0.032,0,1.116,2.534,-1.687,-0.374,Idle
-0.028,0.002,1.113,2.427,-1.779,-0.443,Idle
-0.03,0.002,1.118,2.565,-1.695,-0.336,Idle
-0.031,0,1.11,2.603,-1.794,-0.473,Idle
-0.033,0.005,1.117,2.344,-1.542,-0.382,Idle
-0.032,0.001,1.112,2.496,-1.557,-0.473,Idle
-0.031,0.001,1.109,2.344,-1.466,-0.214,Idle
-0.029,0.004,1.114,2.099,-1.634,-0.443,Idle
-0.026,0.001,1.109,2.382,-1.443,-0.099,Idle
-0.031,0.002,1.115,2.405,-1.695,-0.405,Idle
-0.033,0.004,1.109,2.641,-1.595,-0.244,Idle
-0.029,0.004,1.115,2.382,-1.58,-0.328,Idle
-0.028,-0.001,1.109,2.573,-1.573,-0.397,Idle
-0.031,0.001,1.111,2.542,-1.817,-0.252,Idle
-0.03,0.003,1.111,2.282,-1.481,-0.382,Idle
-0.035,0,1.114,2.115,-1.565,-0.374,Idle
-0.035,0.003,1.114,2.557,-1.634,-0.321,Idle
-0.034,0.002,1.118,2.435,-1.626,-0.237,Idle
-0.035,0,1.112,2.328,-1.656,-0.313,Idle
-0.027,0.005,1.111,2.313,-1.74,-0.229,Idle
-0.031,0.002,1.111,2.427,-1.664,-0.344,Idle
-0.03,0.004,1.115,2.29,-1.603,-0.298,Idle
-0.034,-0.001,1.115,2.481,-1.573,-0.374,Idle
-0.027,0.003,1.111,2.382,-1.779,-0.511,Idle
-0.036,0.002,1.109,2.405,-1.466,-0.489,Idle
-0.031,0.002,1.113,2.366,-1.901,-0.366,Idle
-0.033,0.003,1.113,2.489,-1.641,-0.42,Idle
-0.024,0,1.104,2.275,-1.42,-0.214,Idle
-0.029,0,1.106,2.458,-1.534,-0.282,Idle
-0.03,0.003,1.12,2.275,-1.634,-0.168,Idle
-0.029,0.002,1.115,2.305,-1.435,-0.496,Idle
-0.033,-0.002,1.112,2.443,-1.908,-0.672,Idle
-0.028,0.002,1.112,2.42,-1.603,-0.435,Idle
-0.032,0.003,1.11,2.305,-1.588,-0.267,Idle
-0.032,0,1.108,2.282,-1.626,-0.458,Idle
-0.031,0.005,1.11,2.435,-1.664,-0.45,Idle
-0.028,0.005,1.111,2.473,-1.618,-0.397,Idle
-0.029,0.004,1.11,2.435,-1.733,-0.481,Idle
-0.033,0,1.111,2.427,-1.771,-0.183,Idle
-0.031,0,1.115,2.557,-1.618,-0.198,Idle
-0.031,0.003,1.114,2.382,-1.458,-0.351,Idle
-0.032,0.003,1.114,2.542,-1.527,-0.26,Idle
-0.034,0.001,1.113,2.389,-1.435,-0.359,Idle
-0.029,-0.001,1.116,2.542,-1.695,-0.275,Idle
-0.036,0.002,1.116,2.328,-1.832,-0.496,Idle
-0.036,0.004,1.121,2.42,-1.863,-0.504,Idle
-0.033,0.005,1.113,2.336,-1.771,-0.412,Idle
-0.036,0.004,1.117,2.405,-1.595,-0.397,Idle
-0.027,-0.001,1.11,2.588,-1.511,-0.29,Idle
-0.031,0.002,1.111,2.466,-1.473,-0.481,Idle
-0.034,0.002,1.112,2.267,-1.664,-0.504,Idle
-0.032,0.003,1.106,2.389,-1.321,-0.092,Idle
-0.034,0.002,1.103,2.214,-1.878,-0.275,Idle
-0.027,-0.004,1.114,2.389,-1.672,-0.519,Idle
-0.032,0.004,1.115,2.611,-2.023,-0.298,Idle
-0.033,0.003,1.113,2.107,-1.832,-0.435,Idle
-0.029,0.002,1.115,2.305,-1.618,-0.252,Idle
-0.031,-0.003,1.109,2.351,-1.679,-0.397,Idle
-0.03,-0.001,1.105,2.366,-1.519,-0.496,Idle
-0.029,0.002,1.105,2.672,-1.611,-0.176,Idle
-0.035,0,1.105,2.405,-1.565,-0.588,Idle
-0.034,0.004,1.122,2.42,-1.473,-0.405,Idle
-0.034,0.003,1.115,2.374,-1.595,-0.359,Idle
-0.028,-0.001,1.109,2.344,-1.672,-0.359,Idle
-0.033,0.003,1.11,2.26,-1.664,-0.344,Idle
-0.029,0.002,1.114,2.344,-1.802,-0.443,Idle
-0.03,0.007,1.111,2.435,-1.595,-0.389,Idle
-0.029,0.006,1.109,2.298,-1.534,-0.481,Idle
-0.03,0.006,1.112,2.344,-1.695,-0.275,Idle
-0.029,0.002,1.117,2.267,-1.664,-0.305,Idle
-0.032,0,1.115,2.344,-1.672,-0.504,Idle
-0.03,0.003,1.116,2.496,-1.656,-0.206,Idle
-0.029,0.004,1.114,2.359,-1.702,-0.427,Idle
-0.033,0.002,1.119,2.588,-1.771,-0.466,Idle
-0.032,0,1.107,2.496,-1.756,-0.389,Idle
-0.03,0.003,1.109,2.252,-1.573,-0.557,Idle
-0.036,0.003,1.113,2.351,-1.557,-0.359,Idle
-0.033,0.006,1.122,2.359,-1.511,-0.313,Idle
-0.033,0.003,1.111,2.45,-1.611,-0.313,Idle
-0.031,0.005,1.114,2.397,-1.58,-0.267,Idle
-0.026,0.003,1.109,2.405,-1.618,-0.489,Idle
-0.031,0.001,1.11,2.443,-1.924,-0.344,Idle
-0.028,0.001,1.109,2.649,-1.618,-0.344,Idle
-0.031,0.002,1.119,2.397,-1.649,-0.595,Idle
-0.031,0.002,1.117,2.359,-1.672,-0.504,Idle
-0.031,0.001,1.108,2.466,-1.573,-0.244,Idle
-0.03,-0.001,1.112,2.351,-1.466,-0.389,Idle
-0.029,0.003,1.109,2.183,-1.435,-0.55,Idle
-0.031,0.003,1.108,2.641,-1.504,-0.42,Idle
-0.028,0.001,1.11,2.282,-1.687,-0.588,Idle
-0.03,-0.001,1.111,2.366,-1.786,-0.542,Idle
-0.03,0.002,1.112,2.588,-1.802,-0.336,Idle
-0.033,0,1.116,2.481,-1.794,-0.313,Idle
-0.029,0,1.113,2.481,-1.893,-0.344,Idle
-0.035,0.005,1.113,2.359,-1.786,-0.366,Idle
-0.031,0,1.104,2.344,-1.565,-0.122,Idle
-0.033,0.001,1.112,2.443,-1.504,-0.336,Idle
-0.031,0.004,1.104,2.244,-1.885,-0.115,Idle
-0.028,0.002,1.107,2.435,-1.679,-0.26,Idle
-0.029,0.002,1.11,2.458,-1.618,-0.298,Idle
-0.035,0.001,1.115,2.321,-1.656,-0.092,Idle
-0.034,0.001,1.113,2.473,-1.634,-0.191,Idle
-0.028,-0.002,1.113,2.527,-1.664,-0.313,Idle
-0.031,0.003,1.109,2.435,-1.733,-0.16,Idle
-0.027,0,1.118,2.405,-1.511,-0.26,Idle
-0.029,0.005,1.116,2.313,-1.672,-0.351,Idle
-0.031,0.003,1.111,2.611,-1.588,-0.305,Idle
-0.028,0.003,1.106,2.511,-1.656,-0.366,Idle
-0.029,0.003,1.107,2.267,-1.573,-0.443,Idle
-0.029,0.003,1.106,2.489,-1.656,-0.45,Idle
-0.033,0.002,1.118,2.237,-1.855,-0.267,Idle
-0.03,0.003,1.116,2.145,-1.687,-0.55,Idle
-0.03,0.006,1.115,2.282,-1.473,-0.267,Idle
-0.035,0.005,1.102,2.359,-1.412,-0.145,Idle
-0.031,0.001,1.111,2.382,-1.656,-0.466,Idle
-0.033,0.002,1.113,2.374,-1.511,-0.588,Idle
-0.029,0.001,1.109,2.412,-1.817,-0.405,Idle
-0.031,0.004,1.115,2.336,-1.405,-0.321,Idle
-0.029,0.002,1.113,2.321,-1.58,-0.229,Idle
-0.029,0.003,1.112,2.45,-1.496,-0.282,Idle
-0.033,0,1.107,2.527,-1.573,-0.237,Idle
-0.033,0.001,1.116,2.321,-1.687,-0.565,Idle
-0.031,0.001,1.11,2.565,-1.817,-0.359,Idle
-0.031,0.003,1.113,2.282,-1.779,-0.435,Idle
-0.031,0.003,1.117,2.26,-1.588,-0.557,Idle
-0.027,0.004,1.106,2.527,-1.405,-0.252,Idle
-0.032,0.007,1.113,2.45,-1.481,-0.626,Idle
-0.026,0.002,1.105,2.267,-1.603,-0.145,Idle
-0.027,-0.001,1.105,2.679,-1.466,-0.405,Idle
-0.024,0.003,1.107,2.435,-1.641,-0.282,Idle
-0.032,0.005,1.114,2.427,-1.771,-0.298,Idle
-0.03,0.001,1.11,2.641,-1.802,-0.321,Idle
-0.025,-0.002,1.109,2.305,-1.382,-0.366,Idle
-0.029,0.002,1.121,2.374,-1.588,-0.481,Idle
-0.036,0.005,1.116,2.679,-1.718,-0.275,Idle
-0.034,0,1.111,2.29,-1.725,-0.267,Idle
-0.035,0.004,1.124,2.267,-1.504,-0.282,Idle
-0.032,0.005,1.11,2.595,-1.817,-0.244,Idle
-0.034,0,1.115,2.58,-1.55,-0.328,Idle
-0.034,0.002,1.115,2.427,-1.771,-0.046,Idle
-0.034,0.001,1.116,2.336,-1.687,-0.328,Idle
-0.021,0.001,1.104,2.55,-1.534,-0.115,Idle
-0.031,-0.002,1.116,2.588,-1.588,-0.244,Idle
-0.031,0,1.11,2.443,-1.656,-0.397,Idle
-0.03,0.004,1.115,2.618,-1.519,-0.191,Idle
-0.033,0.003,1.112,2.221,-1.641,-0.435,Idle
-0.028,0,1.106,2.374,-1.443,-0.298,Idle
-0.031,0.006,1.117,2.42,-1.565,-0.374,Idle
-0.027,0.005,1.109,2.252,-1.557,-0.626,Idle
-0.039,0.002,1.107,2.336,-1.656,-0.473,Idle
-0.034,0.006,1.118,2.496,-1.573,-0.374,Idle
-0.03,0.002,1.115,2.458,-1.504,-0.321,Idle
-0.033,-0.001,1.118,2.344,-1.756,-0.252,Idle
-0.031,0.004,1.11,2.473,-1.779,-0.359,Idle
-0.031,0.006,1.114,2.305,-1.802,-0.573,Idle
-0.03,0.006,1.115,2.542,-1.55,-0.427,Idle
-0.029,-0.001,1.113,2.374,-1.71,-0.382,Idle
-0.035,0.004,1.112,2.496,-1.702,-0.557,Idle
-0.028,0,1.105,2.321,-1.748,-0.382,Idle
-0.035,0.005,1.117,2.344,-1.557,-0.351,Idle
-0.035,0.005,1.116,2.298,-1.443,-0.336,Idle
-0.029,0.002,1.105,2.328,-1.489,-0.397,Idle
-0.034,0.005,1.118,2.298,-1.588,-0.542,Idle
-0.027,0.005,1.109,2.71,-1.389,-0.313,Idle
-0.02,-0.002,1.102,2.565,-1.382,-0.221,Idle
-0.036,0.002,1.107,2.443,-1.634,-0.359,Idle
-0.037,0.008,1.121,2.046,-2.015,-0.351,Idle
-0.042,0.01,1.129,2.137,-1.817,-0.336,Idle
-0.02,-0.003,1.105,2.557,-1.489,-0.191,Idle
-0.024,-0.004,1.103,2.542,-1.298,-0.42,Idle
-0.033,0.01,1.122,2.313,-1.878,-0.519,Idle
-0.04,0.013,1.134,2.168,-1.84,-0.672,Idle
-0.028,0,1.111,2.344,-1.328,-0.412,Idle
-0.032,0.008,1.113,2.527,-1.634,-0.489,Idle
-0.029,0.003,1.111,2.168,-1.672,-0.374,Idle
-0.023,-0.002,1.108,2.519,-1.664,-0.275,Idle
-0.034,0.003,1.107,2.534,-1.71,-0.313,Idle
-0.024,0,1.101,2.618,-1.641,-0.298,Idle
-0.041,0.002,1.135,2.267,-1.588,-0.374,Idle
-0.032,0.001,1.11,2.481,-2.008,-0.16,Idle
-0.037,0.001,1.113,2.336,-1.779,-0.458,Idle
-0.026,0.001,1.109,2.382,-1.733,-0.267,Idle
-0.033,0.005,1.106,2.282,-1.542,-0.412,Idle
-0.032,0.006,1.122,2.382,-1.649,-0.336,Idle
-0.036,0.004,1.119,2.359,-1.847,-0.26,Idle
-0.038,0.003,1.131,2.122,-1.847,-0.26,Idle
-0.026,0.002,1.113,2.42,-1.695,-0.42,Idle
-0.025,-0.005,1.099,2.435,-1.412,-0.351,Idle
-0.025,-0.009,1.116,2.26,-1.313,-0.382,Idle
-0.026,-0.001,1.109,2.496,-1.55,-0.336,Idle
-0.026,-0.001,1.117,2.519,-1.641,-0.481,Idle
-0.025,0,1.115,2.344,-1.786,-0.55,Idle
-0.031,0.004,1.116,2.565,-1.634,-0.435,Idle
-0.029,0.001,1.114,2.359,-1.695,-0.359,Idle
-0.029,-0.002,1.106,2.481,-1.656,-0.366,Idle
-0.03,0.003,1.109,2.389,-1.595,-0.366,Idle
-0.03,0.006,1.114,2.519,-1.603,-0.374,Idle
-0.031,0.003,1.12,2.336,-1.992,-0.55,Idle
-0.03,-0.001,1.116,2.489,-1.679,-0.206,Idle
-0.029,-0.001,1.108,2.443,-1.611,-0.366,Idle
-0.029,-0.001,1.113,2.511,-1.786,-0.397,Idle
-0.026,0.002,1.112,2.443,-1.626,-0.382,Idle
-0.029,-0.004,1.112,2.397,-1.878,-0.191,Idle
-0.031,0.003,1.117,2.389,-1.718,-0.336,Idle
-0.033,0.003,1.112,2.427,-1.794,-0.183,Idle
-0.034,0.004,1.112,2.557,-1.939,-0.328,Idle
-0.033,0.005,1.107,2.382,-1.695,-0.466,Idle
-0.032,0.003,1.114,2.336,-1.55,-0.275,Idle
-0.03,0.003,1.107,2.427,-2.023,-0.473,Idle
-0.032,0.005,1.11,2.443,-1.763,-0.427,Idle
-0.04,0.01,1.12,2.473,-1.855,-0.244,Idle
-0.039,0.005,1.124,2.153,-1.885,-0.374,Idle
-0.034,0.009,1.119,2.489,-1.847,-0.344,Idle
-0.032,0,1.112,2.595,-1.588,-0.313,Idle
-0.033,0.003,1.115,2.595,-1.992,-0.229,Idle
-0.034,0.008,1.118,2.244,-1.802,-0.405,Idle
-0.029,0.005,1.116,2.725,-1.641,-0.435,Idle
-0.03,0.002,1.111,2.534,-1.588,-0.351,Idle
-0.03,0.005,1.111,2.427,-1.672,-0.198,Idle
-0.026,0.002,1.111,2.229,-1.435,-0.29,Idle
-0.029,0.003,1.107,2.603,-1.71,-0.298,Idle
-0.03,0.002,1.117,2.405,-1.695,-0.45,Idle
-0.035,0.004,1.116,2.42,-1.771,-0.305,Idle
-0.032,0.004,1.118,2.198,-1.611,-0.29,Idle
-0.034,0.008,1.113,2.405,-1.634,-0.42,Idle
-0.029,0,1.108,2.244,-1.672,-0.473,Idle
-0.031,0,1.105,2.229,-1.427,-0.397,Idle
-0.03,0.005,1.115,2.267,-1.725,-0.496,Idle
-0.036,0.004,1.114,2.435,-1.664,-0.298,Idle
-0.035,0.01,1.109,2.473,-1.931,-0.45,Idle
-0.038,0.006,1.114,2.305,-1.58,-0.313,Idle
-0.03,0.005,1.112,2.489,-1.611,-0.344,Idle
-0.022,-0.005,1.102,2.427,-1.504,-0.267,Idle
-0.037,0.006,1.122,2.397,-1.74,-0.496,Idle
-0.045,0.013,1.139,2.191,-2.252,-0.45,Idle
-0.034,-0.001,1.112,2.481,-1.611,-0.214,Idle
-0.019,-0.007,1.096,2.595,-1.374,-0.153,Idle
-0.02,0,1.097,2.435,-1.679,-0.405,Idle
-0.034,0.004,1.118,2.382,-1.695,-0.321,Idle
-0.03,0.005,1.115,2.374,-1.901,-0.29,Idle
-0.027,0.001,1.111,2.275,-1.435,-0.221,Idle
-0.027,-0.001,1.106,2.29,-1.405,-0.374,Idle
-0.032,0.003,1.116,2.344,-1.656,-0.481,Idle
-0.032,0.006,1.118,2.45,-1.664,-0.496,Idle
-0.026,-0.002,1.114,2.397,-1.756,-0.389,Idle
-0.031,0,1.109,2.427,-1.435,-0.244,Idle
-0.025,0.004,1.111,2.557,-1.511,-0.282,Idle
-0.027,0.003,1.114,2.481,-1.466,-0.595,Idle
-0.031,0.004,1.114,2.282,-1.733,-0.061,Idle
-0.024,-0.001,1.106,2.634,-1.382,-0.321,Idle
-0.033,0.001,1.11,2.29,-1.763,-0.198,Idle
-0.034,0.003,1.113,2.405,-1.634,-0.26,Idle
-0.031,0.005,1.121,2.282,-1.588,-0.237,Idle
-0.031,0.001,1.11,2.122,-1.847,-0.344,Idle
-0.027,0.002,1.11,2.366,-1.786,-0.336,Idle
-0.031,0.004,1.11,2.504,-1.58,-0.321,Idle
-0.029,0.003,1.108,2.397,-1.458,-0.366,Idle
-0.029,0.002,1.112,2.595,-1.588,-0.359,Idle
-0.03,0.007,1.109,2.626,-1.534,-0.153,Idle
-0.033,0.005,1.108,2.336,-1.649,-0.382,Idle
-0.03,0.003,1.112,2.191,-1.527,-0.374,Idle
-0.032,0,1.12,2.359,-1.702,-0.427,Idle
-0.031,0.002,1.111,2.344,-1.718,-0.351,Idle
-0.03,0.002,1.108,2.466,-1.878,-0.412,Idle
-0.029,0.003,1.11,2.473,-1.794,-0.405,Idle
-0.036,0.005,1.118,2.374,-1.832,-0.527,Idle
-0.034,0.003,1.115,2.458,-1.466,-0.641,Idle
-0.021,-0.003,1.098,2.809,-1.237,-0.405,Idle
-0.025,-0.003,1.099,2.42,-1.847,-0.603,Idle
-0.046,0.01,1.135,2.359,-2.145,-0.397,Idle
-0.031,0.007,1.124,2.489,-1.733,-0.221,Idle
-0.026,-0.001,1.103,2.42,-1.489,-0.366,Idle
-0.021,-0.011,1.119,2.328,-1.534,-0.435,Idle
-0.079,0.031,1.135,1.649,-2.771,-0.611,Idle
0.013,-0.028,1.1,3.008,-0.557,0.008,Idle
-0.032,0.002,1.101,2.504,-1.557,-0.359,Idle
-0.025,-0.002,1.11,2.557,-1.634,-0.198,Idle
-0.034,0.004,1.107,2.344,-1.756,-0.588,Idle
-0.039,0.01,1.129,2.313,-1.71,-0.405,Idle
-0.069,0.019,1.129,1.863,-2.351,-0.435,Idle
-0.032,0.002,1.123,2.42,-1.649,-0.389,Idle
-0.028,0.011,1.118,2.389,-1.672,-0.282,Idle
-0.035,0.002,1.109,2.26,-1.573,-0.412,Idle
-0.035,0.006,1.115,2.275,-1.786,-0.267,Idle
-0.032,0.003,1.121,2.198,-1.534,-0.45,Idle
-0.036,0.005,1.113,2.435,-1.611,-0.321,Idle
-0.033,0.003,1.115,2.481,-1.649,-0.557,Idle
-0.034,0.003,1.114,2.29,-1.557,-0.42,Idle
-0.033,0.003,1.112,2.26,-1.511,-0.359,Idle
-0.028,0.004,1.104,2.427,-1.557,-0.252,Idle
-0.028,-0.003,1.119,2.359,-1.679,-0.405,Idle
-0.033,0.007,1.113,2.321,-1.794,-0.366,Idle
-0.033,0.005,1.11,2.458,-1.916,-0.466,Idle
-0.034,0.002,1.118,2.313,-1.611,-0.397,Idle
-0.028,0.001,1.111,2.595,-1.55,-0.298,Idle
-0.028,0.004,1.11,2.55,-1.664,-0.206,Idle
-0.028,-0.001,1.112,2.29,-1.748,-0.435,Idle
-0.034,0.002,1.115,2.328,-1.55,-0.305,Idle
-0.03,0.006,1.114,2.176,-1.466,-0.275,Idle
-0.034,0.005,1.113,2.183,-1.855,-0.198,Idle
-0.031,0.001,1.114,2.366,-1.756,-0.076,Idle
-0.029,0.003,1.114,2.458,-1.756,-0.336,Idle
-0.029,0.002,1.116,2.29,-1.519,-0.229,Idle
-0.03,-0.001,1.108,2.359,-1.634,-0.511,Idle
-0.027,0.007,1.107,2.198,-1.542,-0.237,Idle
-0.031,0,1.116,2.458,-1.656,-0.397,Idle
-0.028,0.009,1.114,2.405,-1.573,-0.183,Idle
-0.031,0.003,1.114,2.473,-1.924,-0.458,Idle
-0.029,0,1.112,2.626,-1.58,-0.366,Idle
-0.03,0.004,1.111,2.298,-1.786,-0.427,Idle
-0.032,0.009,1.108,2.13,-1.489,-0.481,Idle
-0.031,0.003,1.107,2.191,-1.969,-0.321,Idle
-0.037,0.001,1.115,2.282,-1.679,-0.183,Idle
-0.033,0.001,1.111,2.137,-1.626,-0.29,Idle
-0.032,0.004,1.107,2.534,-1.71,-0.344,Idle
-0.031,0.001,1.111,2.519,-1.656,-0.443,Idle
-0.028,0.002,1.107,2.366,-1.481,-0.443,Idle
-0.028,0.002,1.108,2.473,-1.542,-0.015,Idle
-0.027,0.002,1.116,2.55,-1.664,-0.29,Idle
-0.032,0.002,1.113,2.305,-1.878,-0.282,Idle
-0.03,0.005,1.113,2.336,-1.573,-0.344,Idle
-0.03,0.002,1.114,2.504,-1.763,-0.275,Idle
-0.031,0.002,1.111,2.58,-1.58,-0.397,Idle
-0.032,0.002,1.117,2.275,-1.611,-0.603,Idle
-0.03,0.002,1.111,2.458,-1.74,-0.389,Idle
-0.031,-0.001,1.109,2.466,-1.466,-0.351,Idle
-0.031,0.003,1.111,2.298,-1.71,-0.267,Idle
-0.028,0,1.115,2.649,-1.55,-0.389,Idle
-0.027,0.004,1.106,2.527,-1.725,-0.336,Idle
-0.031,0,1.114,2.55,-1.496,-0.595,Idle
-0.032,0,1.111,2.55,-1.504,-0.267,Idle
-0.035,0.004,1.11,2.496,-1.74,-0.344,Idle
-0.02,-0.004,1.099,2.565,-1.511,-0.458,Idle
-0.017,-0.002,1.084,2.466,-1.344,-0.237,Idle
-0.024,-0.003,1.106,2.504,-1.298,-0.344,Idle
-0.026,0.003,1.102,2.405,-1.786,-0.237,Idle
-0.032,0,1.12,2.29,-1.847,-0.351,Idle
-0.029,0.005,1.114,2.481,-1.656,-0.267,Idle
0.001,-0.03,1.051,2.855,-0.519,-0.092,Idle
-0.025,0.001,1.111,2.336,-1.466,-0.389,Idle
-0.025,-0.001,1.11,2.412,-1.733,-0.504,Idle
-0.025,-0.003,1.111,2.282,-1.763,-0.473,Idle
-0.025,-0.003,1.109,2.252,-1.565,-0.435,Idle
-0.028,0.001,1.106,2.206,-1.817,-0.229,Idle
-0.029,0.004,1.121,2.237,-1.603,-0.214,Idle
-0.031,0.001,1.108,2.389,-1.695,-0.191,Idle
-0.03,0.002,1.109,2.168,-1.84,-0.366,Idle
-0.03,0.001,1.108,2.282,-1.603,-0.328,Idle
-0.031,0.002,1.112,2.282,-1.664,-0.252,Idle
-0.031,0.003,1.11,2.397,-1.748,-0.336,Idle
-0.024,0.003,1.109,2.519,-1.427,-0.351,Idle
-0.018,-0.006,1.11,2.458,-1.634,-0.366,Idle
-0.012,-0.009,1.111,2.634,-1.191,-0.29,Idle
-0.025,0,1.104,2.504,-1.588,-0.29,Idle
-0.035,0.009,1.124,2.55,-1.824,-0.496,Idle
-0.036,0.007,1.119,2.26,-1.824,-0.588,Idle
-0.031,0.005,1.123,2.351,-1.779,-0.496,Idle
-0.032,0.01,1.114,2.229,-1.634,-0.542,Idle
-0.028,0.002,1.111,2.366,-1.244,-0.42,Idle
-0.029,0.004,1.11,2.435,-1.481,-0.26,Idle
-0.023,0,1.109,2.45,-1.427,-0.29,Idle
-0.033,0.001,1.107,2.389,-1.611,-0.267,Idle
-0.024,0,1.117,2.489,-1.458,-0.221,Idle
-0.029,-0.005,1.11,2.328,-1.672,-0.153,Idle
-0.034,0.008,1.114,2.458,-1.695,-0.557,Idle
-0.042,0.008,1.119,2.229,-2,-0.542,Idle
-0.033,0.002,1.104,2.466,-1.802,-0.336,Idle
-0.044,0.01,1.147,2.374,-1.969,-0.565,Idle
-0.049,0.019,1.131,2.061,-2.336,-0.55,Idle
-0.041,0.001,1.104,2.053,-1.817,-0.458,Idle
-0.016,0.001,1.119,2.687,-1.397,-0.237,Idle
-0.034,0.011,1.131,2.542,-1.672,-0.443,Idle
-0.023,-0.003,1.119,2.473,-1.298,-0.374,Idle
-0.035,-0.003,1.094,2.351,-1.664,-0.58,Idle
-0.035,0.006,1.12,2.191,-1.481,-0.443,Idle
-0.034,0.008,1.115,2.305,-1.58,-0.435,Idle
-0.028,-0.001,1.117,2.519,-1.542,-0.382,Idle
-0.031,0.003,1.106,2.489,-1.763,-0.328,Idle
-0.028,0,1.111,2.656,-1.42,-0.473,Idle
-0.027,-0.001,1.108,2.473,-1.565,-0.267,Idle
-0.028,0.002,1.109,2.336,-1.397,-0.214,Idle
-0.031,-0.001,1.115,2.458,-1.527,-0.336,Idle
-0.028,0.004,1.112,2.412,-1.702,-0.458,Idle
-0.036,0.001,1.117,2.305,-1.855,-0.534,Idle
-0.037,0.011,1.123,2.405,-1.901,-0.267,Idle
-0.034,0,1.124,2.366,-1.534,-0.481,Idle
-0.028,0.001,1.112,2.29,-1.771,-0.237,Idle
-0.036,0,1.12,2.511,-1.611,-0.26,Idle
-0.03,-0.002,1.115,2.534,-1.382,-0.344,Idle
-0.029,0,1.108,2.275,-1.863,-0.374,Idle
-0.025,-0.005,1.109,2.573,-1.588,-0.237,Idle
-0.029,0,1.108,2.473,-1.679,-0.382,Idle
-0.031,0.002,1.11,2.405,-1.641,-0.595,Idle
-0.034,0.003,1.116,2.443,-1.626,-0.382,Idle
-0.027,0,1.101,2.489,-1.489,-0.267,Idle
-0.029,0.003,1.109,2.344,-1.504,-0.344,Idle
-0.03,-0.001,1.111,2.45,-1.351,-0.443,Idle
-0.018,-0.011,1.09,2.718,-1.405,-0.244,Idle
-0.028,0,1.106,2.473,-1.504,-0.298,Idle
-0.034,0.006,1.1,2.58,-1.718,-0.206,Idle
-0.029,0.008,1.111,2.473,-1.26,-0.702,Idle
-0.035,0.004,1.113,2.252,-1.679,-0.496,Idle
-0.029,0,1.125,2.542,-1.534,-0.321,Idle
-0.029,0.003,1.125,2.366,-1.55,-0.321,Idle
-0.033,0,1.111,2.237,-1.794,-0.359,Idle
-0.03,0,1.12,2.275,-1.786,-0.389,Idle
-0.032,0.008,1.115,2.389,-1.458,-0.374,Idle
-0.03,0.002,1.111,2.55,-1.534,-0.351,Idle
-0.025,0.002,1.109,2.29,-1.779,-0.427,Idle
-0.03,0.003,1.116,2.519,-1.679,-0.237,Idle
-0.034,0.004,1.114,2.321,-1.489,-0.305,Idle
-0.03,0.003,1.116,2.344,-1.58,-0.42,Idle
-0.033,0.001,1.109,2.466,-1.802,-0.244,Idle
-0.032,0,1.109,2.328,-1.733,-0.328,Idle
-0.03,0.004,1.11,2.58,-1.664,-0.45,Idle
-0.026,0,1.113,2.458,-1.481,-0.359,Idle
-0.031,0.004,1.12,2.511,-1.58,-0.504,Idle
-0.031,0.004,1.115,2.382,-1.809,-0.313,Idle
-0.031,0.001,1.113,2.382,-1.786,-0.26,Idle
-0.033,0.002,1.116,2.344,-1.84,-0.443,Idle
-0.032,-0.003,1.116,2.702,-1.664,-0.443,Idle
-0.034,0.002,1.117,2.305,-1.733,-0.511,Idle
-0.036,0.004,1.118,2.237,-1.664,-0.504,Idle
-0.028,0.003,1.116,2.412,-1.595,-0.473,Idle
-0.027,0.001,1.116,2.427,-1.702,-0.45,Idle
-0.033,0,1.107,2.351,-1.565,-0.252,Idle
-0.039,0.003,1.118,2.588,-1.824,-0.115,Idle
-0.033,0.005,1.118,2.55,-1.794,-0.504,Idle
-0.03,0.003,1.11,2.427,-1.55,-0.458,Idle
-0.032,0.007,1.114,2.397,-1.618,-0.466,Idle
-0.029,0.003,1.113,2.466,-1.504,-0.351,Idle
-0.029,0.003,1.12,2.557,-1.756,-0.221,Idle
-0.034,-0.002,1.108,2.443,-1.756,-0.198,Idle
-0.041,0.001,1.112,2.298,-1.618,-0.504,Idle
-0.042,0.009,1.121,2.153,-1.74,-0.603,Idle
-0.03,-0.002,1.106,2.55,-1.412,-0.26,Idle
-0.036,0.006,1.082,2.557,-1.427,-0.443,Idle
-0.039,0.001,1.098,2.16,-1.74,-0.374,Idle
-0.036,0.002,1.108,2.412,-1.771,-0.328,Idle
-0.025,0.001,1.109,2.435,-1.489,-0.366,Idle
-0.032,0.005,1.105,2.557,-1.695,-0.16,Idle
-0.033,0.006,1.12,2.382,-1.771,-0.427,Idle
-0.029,-0.002,1.117,2.397,-1.557,-0.55,Idle
-0.03,0.003,1.113,2.336,-1.649,-0.496,Idle
-0.031,0.004,1.108,2.42,-1.672,-0.305,Idle
-0.034,0.003,1.112,2.305,-1.656,-0.321,Idle
-0.031,0.004,1.115,2.244,-1.504,-0.366,Idle
-0.032,0.001,1.113,2.443,-1.809,-0.267,Idle
-0.036,0.006,1.111,2.557,-1.374,-0.382,Idle
-0.03,0.002,1.112,2.542,-1.802,-0.29,Idle
-0.032,0.001,1.114,2.443,-1.618,-0.473,Idle
-0.034,0.002,1.116,2.412,-1.824,-0.328,Idle
-0.033,0.001,1.113,2.427,-1.733,-0.252,Idle
-0.031,0.002,1.115,2.466,-1.519,-0.458,Idle
-0.031,0.001,1.11,2.382,-1.603,-0.115,Idle
-0.029,0.002,1.111,2.45,-1.519,-0.252,Idle
-0.029,0.001,1.114,2.511,-1.672,-0.466,Idle
-0.033,0.003,1.114,2.282,-1.901,-0.244,Idle
-0.032,0.001,1.111,2.198,-1.718,-0.435,Idle
-0.033,0.001,1.115,2.443,-1.588,-0.374,Idle
-0.026,0.001,1.114,2.206,-1.611,-0.489,Idle
-0.031,0.002,1.113,2.321,-1.71,-0.374,Idle
-0.034,0.005,1.107,2.389,-1.786,-0.313,Idle
-0.031,0,1.11,2.321,-1.763,-0.122,Idle
-0.03,0,1.12,2.313,-1.664,-0.16,Idle
-0.027,0.005,1.111,2.397,-1.687,-0.389,Idle
-0.03,0.003,1.105,2.351,-1.588,-0.542,Idle
-0.03,0.007,1.116,2.313,-1.496,-0.412,Idle
-0.031,0.001,1.111,2.321,-1.443,-0.374,Idle
-0.031,0.002,1.106,2.611,-1.573,-0.282,Idle
-0.031,0.005,1.103,2.42,-1.565,-0.389,Idle
-0.027,0.004,1.119,2.198,-1.527,-0.481,Idle
-0.024,0.002,1.112,2.382,-1.748,-0.321,Idle
-0.033,0.004,1.117,2.115,-1.573,-0.481,Idle
-0.029,0.003,1.11,2.359,-1.756,-0.168,Idle
-0.034,-0.001,1.105,2.55,-1.664,-0.328,Idle
-0.032,-0.001,1.115,2.344,-1.519,-0.328,Idle
-0.03,0.009,1.118,2.519,-1.687,-0.466,Idle
-0.029,0.001,1.119,2.115,-1.618,-0.405,Idle
-0.028,0.004,1.112,2.519,-1.84,-0.282,Idle
-0.027,0.001,1.11,2.374,-1.763,-0.298,Idle
-0.025,0.003,1.112,2.504,-1.71,-0.405,Idle
-0.036,0.002,1.115,2.366,-1.763,-0.336,Idle
-0.032,-0.002,1.109,2.458,-1.641,-0.29,Idle
-0.032,0.002,1.11,2.336,-1.519,-0.145,Idle
-0.031,0.006,1.112,2.153,-1.733,-0.527,Idle
-0.036,0,1.11,2.176,-1.519,-0.298,Idle
-0.032,0.003,1.116,2.031,-1.565,-0.29,Idle
-0.028,0.002,1.113,2.221,-1.924,-0.321,Idle
-0.031,0,1.118,2.389,-1.557,-0.282,Idle
-0.027,0.004,1.115,2.397,-1.588,-0.466,Idle
-0.032,0.006,1.113,2.42,-1.74,-0.313,Idle
-0.032,0.003,1.111,2.42,-1.466,-0.405,Idle
-0.028,-0.001,1.113,2.466,-1.626,-0.359,Idle
-0.032,-0.001,1.108,2.382,-1.473,-0.298,Idle
-0.031,0.002,1.109,2.382,-1.466,-0.176,Idle
-0.03,0.004,1.113,2.328,-1.641,-0.527,Idle
-0.028,0.005,1.117,2.344,-1.603,-0.718,Idle
-0.038,0.003,1.119,2.687,-1.481,-0.351,Idle
-0.029,0.004,1.112,2.58,-1.435,-0.328,Idle
-0.031,0.004,1.108,2.542,-1.733,-0.511,Idle
-0.033,0.004,1.121,2.489,-1.641,-0.389,Idle
-0.031,0.003,1.104,2.42,-1.443,-0.038,Idle
-0.032,0.003,1.103,2.656,-1.435,-0.267,Idle
-0.028,0,1.106,2.427,-1.366,-0.321,Idle
-0.028,-0.002,1.109,2.45,-1.611,-0.389,Idle
-0.032,-0.001,1.107,2.496,-1.702,-0.198,Idle
-0.033,0.002,1.105,2.443,-1.664,-0.443,Idle
-0.032,0.002,1.126,2.649,-1.771,-0.198,Idle
-0.028,-0.001,1.112,2.252,-1.611,-0.076,Idle
-0.031,-0.002,1.103,2.366,-1.71,-0.282,Idle
-0.032,0.002,1.113,2.565,-1.511,-0.336,Idle
-0.031,0.006,1.115,2.313,-1.672,-0.168,Idle
-0.03,0.001,1.107,2.443,-1.511,-0.313,Idle
-0.03,0.007,1.111,2.382,-1.687,-0.412,Idle
-0.029,-0.002,1.112,2.427,-1.481,-0.221,Idle
-0.031,0.002,1.116,2.511,-1.595,-0.26,Idle
-0.031,0,1.113,2.405,-1.802,-0.427,Idle
-0.028,0.004,1.109,2.382,-1.565,-0.244,Idle
-0.032,0.005,1.115,2.466,-1.649,-0.313,Idle
-0.035,0.004,1.115,2.435,-1.534,-0.237,Idle
-0.032,0.002,1.118,2.496,-1.901,-0.26,Idle
-0.026,0.002,1.114,2.435,-1.565,-0.183,Idle
-0.033,0.005,1.117,2.336,-1.771,-0.206,Idle
-0.029,-0.001,1.113,2.427,-1.45,-0.382,Idle
-0.036,0,1.118,2.015,-2.198,-0.405,Idle
-0.031,0.007,1.118,2.168,-2.069,-0.557,Idle
-0.037,0.009,1.122,2.206,-2.023,-0.519,Idle
-0.035,0.006,1.118,2.405,-1.702,-0.458,Idle
-0.032,0.002,1.111,2.328,-1.489,-0.221,Idle
-0.028,0.004,1.105,2.527,-1.672,-0.229,Idle
-0.032,0.005,1.113,2.366,-1.695,-0.412,Idle
-0.032,0.005,1.113,2.336,-1.687,-0.336,Idle
-0.029,0.001,1.117,2.473,-1.504,-0.389,Idle
-0.026,0,1.1,2.443,-1.458,-0.305,Idle
-0.03,0.002,1.113,2.244,-1.725,-0.336,Idle
-0.031,0.003,1.116,2.29,-1.695,-0.504,Idle
-0.042,0.008,1.118,2.16,-1.84,-0.382,Idle
-0.041,0.007,1.121,2.321,-2.084,-0.458,Idle
-0.034,0.004,1.114,2.313,-1.656,-0.534,Idle
-0.036,0.007,1.111,2.26,-1.687,-0.603,Idle
-0.03,0.001,1.116,2.328,-1.618,-0.366,Idle
-0.03,0.007,1.107,2.42,-1.763,-0.55,Idle
-0.035,0.006,1.118,2.412,-1.855,-0.618,Idle
-0.028,0.003,1.114,2.481,-1.664,-0.45,Idle
-0.031,0.003,1.112,2.412,-1.611,-0.374,Idle
-0.028,0.005,1.108,2.336,-1.687,-0.26,Idle
-0.025,0.002,1.107,2.527,-1.779,-0.603,Idle
-0.032,0.003,1.109,2.252,-1.656,-0.405,Idle
-0.032,0,1.097,2.252,-1.55,-0.443,Idle
-0.041,0.007,1.114,2.389,-1.687,-0.191,Idle
-0.031,0.005,1.107,2.45,-1.115,-0.237,Idle
-0.029,0.003,1.112,2.16,-1.824,-0.382,Idle
-0.034,0.004,1.119,2.542,-1.901,-0.366,Idle
-0.035,0.007,1.116,2.16,-1.878,-0.29,Idle
-0.025,0.003,1.113,2.443,-1.534,-0.427,Idle
-0.028,-0.001,1.106,2.298,-1.656,-0.29,Idle
-0.033,0.005,1.118,2.328,-1.603,-0.489,Idle
-0.033,0.004,1.11,2.435,-1.427,-0.527,Idle
-0.035,0.005,1.118,2.336,-1.763,-0.389,Idle
-0.029,0.004,1.109,2.74,-1.221,-0.511,Idle
-0.033,0.005,1.109,2.435,-1.649,-0.405,Idle
-0.034,0.004,1.111,2.473,-1.527,-0.397,Idle
-0.029,0.002,1.117,2.466,-1.45,-0.42,Idle
-0.033,0.003,1.116,2.26,-1.878,-0.542,Idle
-0.042,0.009,1.122,2.351,-1.931,-0.084,Idle
-0.037,0.005,1.117,2.13,-1.901,-0.374,Idle
-0.03,0.002,1.108,2.374,-1.634,-0.206,Idle
-0.036,0.005,1.11,2.229,-1.84,-0.672,Idle
-0.034,0.004,1.119,2.16,-1.664,-0.435,Idle
-0.032,0.003,1.108,2.496,-1.618,-0.26,Idle
-0.027,-0.002,1.109,2.412,-1.626,-0.168,Idle
-0.024,0.001,1.109,2.573,-1.534,-0.374,Idle
-0.031,0.004,1.108,2.198,-1.473,-0.244,Idle
-0.032,0.005,1.11,2.366,-1.58,-0.237,Idle
-0.028,0.002,1.115,2.382,-1.565,-0.588,Idle
-0.029,0.003,1.109,2.328,-1.779,-0.412,Idle
-0.031,0,1.116,2.336,-1.542,-0.496,Idle
-0.036,0.003,1.118,2.374,-1.939,-0.252,Idle
-0.031,0.004,1.111,2.374,-1.489,-0.389,Idle
-0.031,0,1.114,2.282,-1.29,-0.221,Idle
-0.035,-0.003,1.122,2.412,-1.939,-0.336,Idle
-0.028,-0.002,1.105,2.511,-1.763,-0.336,Idle
-0.03,0.003,1.108,2.321,-1.573,-0.275,Idle
-0.031,0.001,1.11,2.237,-1.496,-0.252,Idle
-0.028,-0.002,1.115,2.672,-1.656,-0.26,Idle
-0.031,0.001,1.117,2.473,-1.542,-0.412,Idle
-0.033,0.007,1.127,2.305,-1.824,-0.626,Idle
-0.022,0,1.121,2.275,-1.595,-0.29,Idle
-0.031,0.004,1.107,2.13,-1.618,-0.298,Idle
-0.032,0.006,1.115,2.198,-1.748,-0.321,Idle
-0.029,0.004,1.112,2.382,-1.634,-0.305,Idle
-0.031,0.004,1.114,2.405,-1.626,-0.313,Idle
-0.026,0.003,1.113,2.435,-1.58,-0.427,Idle
-0.027,-0.002,1.105,2.573,-1.489,-0.466,Idle
-0.033,0,1.111,2.42,-1.42,-0.313,Idle
-0.034,0.004,1.116,2.313,-1.573,-0.527,Idle
-0.033,0.001,1.109,2.244,-1.55,-0.26,Idle
-0.033,0.007,1.115,2.344,-1.359,-0.45,Idle
-0.028,0.003,1.117,2.313,-1.641,-0.26,Idle
-0.027,0.005,1.108,2.321,-1.649,-0.618,Idle
-0.031,-0.001,1.111,2.26,-1.588,-0.122,Idle
-0.03,0.001,1.114,2.328,-1.832,-0.336,Idle
-0.027,-0.001,1.113,2.595,-1.779,-0.282,Idle
-0.031,0,1.105,2.351,-1.427,-0.244,Idle
-0.03,0.003,1.118,2.351,-1.588,-0.374,Idle
-0.03,0.002,1.11,2.656,-1.733,-0.634,Idle
-0.035,0.003,1.123,2.183,-1.618,-0.344,Idle
-0.036,0.009,1.111,2.244,-1.504,-0.313,Idle
-0.037,0.008,1.113,2.42,-1.443,-0.412,Idle
-0.034,0.004,1.113,2.527,-1.588,-0.183,Idle
-0.033,0.002,1.11,2.405,-1.557,-0.252,Idle
-0.032,0.005,1.106,2.244,-1.595,-0.412,Idle
-0.031,0.005,1.112,2.229,-1.664,-0.351,Idle
-0.03,0.001,1.113,2.511,-1.641,-0.443,Idle
-0.03,-0.005,1.109,2.366,-1.55,-0.29,Idle
-0.031,-0.001,1.115,2.542,-1.595,-0.412,Idle
-0.026,-0.003,1.115,2.588,-1.87,-0.122,Idle
-0.033,0.002,1.112,2.382,-1.641,-0.366,Idle
-0.032,0.005,1.115,2.229,-1.626,-0.382,Idle
-0.031,0,1.12,2.58,-1.702,-0.611,Idle
-0.028,0.001,1.107,2.489,-1.649,-0.405,Idle
-0.03,0.001,1.106,2.542,-1.458,-0.313,Idle
-0.027,-0.001,1.112,2.687,-1.321,-0.298,Idle
-0.025,0.004,1.106,2.366,-1.496,-0.275,Idle
-0.02,0.001,1.107,2.565,-1.595,-0.374,Idle
-0.023,-0.002,1.106,2.473,-1.405,-0.26,Idle
-0.027,0.003,1.111,2.176,-1.832,-0.351,Idle
-0.038,0.009,1.118,2.282,-1.588,-0.145,Idle
-0.029,0.001,1.119,2.458,-1.481,-0.359,Idle
-0.04,0.003,1.119,2.389,-1.748,-0.191,Idle
-0.031,0.004,1.115,2.435,-1.595,-0.267,Idle
-0.034,0.004,1.113,2.527,-1.786,-0.244,Idle
-0.033,-0.001,1.114,2.435,-1.611,-0.351,Idle
-0.033,0.002,1.117,2.389,-1.55,-0.519,Idle
-0.029,0.005,1.111,2.275,-1.672,-0.45,Idle
-0.031,0.002,1.106,2.504,-1.641,-0.618,Idle
-0.037,0.003,1.11,2.313,-1.748,-0.183,Idle
-0.029,0.003,1.113,2.397,-1.634,-0.344,Idle
-0.032,-0.001,1.104,2.534,-1.664,-0.221,Idle
-0.032,0.001,1.106,2.489,-1.42,-0.557,Idle
-0.031,0.002,1.111,2.595,-1.84,-0.466,Idle
-0.028,0.001,1.104,2.458,-1.588,-0.359,Idle
-0.032,0.005,1.112,2.336,-1.481,-0.45,Idle
-0.03,0.005,1.118,2.26,-1.282,-0.229,Idle
-0.03,0.001,1.117,2.298,-1.794,-0.458,Idle
-0.031,-0.002,1.116,2.55,-1.481,-0.573,Idle
-0.029,0.006,1.111,2.534,-1.725,-0.443,Idle
-0.029,0.004,1.111,2.481,-1.557,-0.252,Idle
-0.033,-0.002,1.112,2.237,-1.443,-0.435,Idle
-0.026,0.002,1.119,2.183,-1.611,-0.427,Idle
-0.028,0.005,1.115,2.496,-1.55,-0.344,Idle
-0.029,0.003,1.113,2.534,-1.786,-0.267,Idle
-0.031,0.003,1.112,2.458,-1.687,-0.435,Idle
-0.033,0.001,1.109,2.351,-1.359,-0.26,Idle
-0.033,0.008,1.114,2.573,-1.733,-0.412,Idle
-0.028,0.004,1.119,2.504,-1.565,-0.42,Idle
-0.028,0.004,1.112,2.405,-1.748,-0.626,Idle
-0.03,0.003,1.108,2.244,-1.771,-0.183,Idle
-0.029,0.002,1.111,2.305,-1.634,-0.382,Idle
-0.031,-0.001,1.116,2.252,-1.496,-0.489,Idle
-0.036,0.004,1.117,2.359,-1.45,-0.237,Idle
-0.033,0.008,1.115,2.244,-2.076,-0.427,Idle
-0.029,0.005,1.105,2.344,-1.802,-0.244,Idle
-0.026,0.003,1.11,2.244,-1.603,-0.405,Idle
-0.03,0.004,1.105,2.466,-1.71,-0.382,Idle
-0.034,0,1.114,2.252,-1.84,-0.389,Idle
-0.03,0.005,1.111,2.45,-1.679,-0.427,Idle
-0.034,0,1.126,2.489,-1.542,-0.237,Idle
-0.029,0,1.122,2.382,-1.74,-0.137,Idle
-0.031,0.003,1.108,2.137,-1.893,-0.557,Idle
-0.028,0.002,1.112,2.435,-1.573,-0.359,Idle
-0.032,0.002,1.117,2.252,-1.557,-0.397,Idle
-0.032,0.001,1.109,2.389,-1.389,-0.084,Idle
-0.037,0.004,1.135,2.573,-1.679,-0.489,Idle
-0.032,0.004,1.12,2.244,-1.473,-0.466,Idle
-0.027,0.002,1.109,2.473,-1.649,-0.466,Idle
-0.032,0.001,1.11,2.382,-1.817,-0.405,Idle
-0.032,0.003,1.113,2.634,-1.725,-0.321,Idle
0.071,-0.021,0.788,3.305,0.42,-0.031,Idle
-0.028,-0.003,1.211,2.321,-1.679,-0.45,Idle
-0.015,-0.001,1.078,2.443,-1.382,-0.176,Idle
-0.039,0.003,1.125,2.275,-1.519,-0.489,Idle
-0.029,-0.002,1.112,2.481,-1.588,-0.427,Idle
-0.051,0.01,1.158,2.145,-2.061,-0.519,Idle
-0.033,-0.002,1.116,2.221,-1.366,-0.45,Idle
-0.032,0.003,1.097,2.389,-1.695,-0.489,Idle
-0.036,0.009,1.115,2.168,-1.939,-0.366,Idle
-0.026,0,1.1,2.641,-1.527,-0.366,Idle
-0.026,-0.001,1.108,2.374,-1.565,-0.481,Idle
-0.024,-0.01,1.087,2.519,-1.748,-0.603,Idle
-0.036,0,1.115,2.504,-1.893,-0.473,Idle
-0.029,0,1.116,2.298,-1.443,-0.443,Idle
-0.028,0.003,1.116,2.412,-1.878,-0.389,Idle
-0.024,0.002,1.114,2.443,-1.733,-0.389,Idle
-0.037,0.004,1.118,2.366,-1.687,-0.313,Idle
-0.031,0.009,1.114,2.374,-1.573,-0.298,Idle
-0.036,0.007,1.122,2.321,-1.733,-0.443,Idle
-0.031,0.004,1.103,2.656,-1.282,-0.29,Idle
-0.029,0,1.106,2.634,-1.55,-0.214,Idle
-0.04,0.003,1.125,2.328,-1.794,-0.588,Idle
-0.03,0.003,1.117,2.26,-1.58,-0.176,Idle
-0.028,0,1.108,2.328,-1.817,-0.397,Idle
-0.028,-0.001,1.112,2.321,-1.405,-0.366,Idle
-0.034,0.003,1.106,2.359,-1.71,-0.573,Idle
-0.027,0.001,1.108,2.359,-1.504,-0.092,Idle
-0.017,-0.027,1.123,2.634,-1.092,-0.313,Idle
-0.019,0.001,1.083,2.832,-1.023,-0.214,Idle
-0.016,-0.003,1.104,2.672,-1.046,-0.137,Idle
-0.027,0.002,1.106,2.504,-1.771,-0.26,Idle
-0.03,0.002,1.108,2.481,-1.672,-0.397,Idle
-0.028,0,1.106,2.26,-1.519,-0.458,Idle
-0.027,0.004,1.122,2.389,-1.748,-0.26,Idle
-0.028,0.001,1.109,2.603,-2,-0.145,Idle
-0.029,0.004,1.11,2.336,-1.557,-0.641,Idle
-0.025,0.006,1.114,2.42,-1.74,-0.374,Idle
-0.034,0.001,1.11,2.29,-1.618,-0.176,Idle
-0.029,0.002,1.109,2.29,-1.771,-0.137,Idle
-0.031,0.005,1.117,2.206,-1.55,-0.374,Idle
-0.03,-0.002,1.124,2.427,-1.786,-0.466,Idle
-0.032,0.003,1.11,2.366,-1.603,-0.374,Idle
-0.029,0.006,1.114,2.221,-1.802,-0.405,Idle
-0.03,0.002,1.117,2.229,-1.725,-0.26,Idle
-0.029,0.004,1.116,2.557,-1.595,-0.481,Idle
-0.031,0.003,1.112,2.313,-1.504,-0.351,Idle
-0.033,0.002,1.107,2.374,-1.786,-0.557,Idle
-0.03,0.001,1.114,2.382,-1.748,-0.229,Idle
-0.034,0.003,1.11,2.588,-1.664,-0.473,Idle
-0.031,0.001,1.111,2.527,-1.466,-0.634,Idle
-0.032,0,1.114,2.351,-1.519,-0.221,Idle
-0.03,0.003,1.117,2.412,-1.733,-0.649,Idle
-0.033,0.002,1.11,2.244,-1.756,-0.336,Idle
-0.03,0.002,1.108,2.435,-1.481,-0.023,Idle
-0.031,0.007,1.107,2.496,-1.58,-0.328,Idle
-0.032,0.004,1.109,2.061,-1.466,-0.321,Idle
-0.028,0,1.11,2.542,-1.542,-0.366,Idle
-0.029,0.006,1.111,2.252,-1.702,-0.504,Idle
-0.032,0.004,1.113,2.42,-1.634,-0.244,Idle
-0.031,0.003,1.118,2.397,-1.771,-0.588,Idle
-0.031,0.001,1.117,2.26,-1.718,-0.389,Idle
-0.029,0.003,1.116,2.344,-1.542,-0.45,Idle
-0.032,0.001,1.109,2.58,-1.55,-0.153,Idle
-0.026,0.005,1.11,2.595,-1.611,-0.275,Idle
-0.029,0.004,1.112,2.779,-1.641,-0.382,Idle
-0.03,0.004,1.109,2.473,-1.496,-0.382,Idle
-0.031,0,1.107,2.588,-1.908,-0.496,Idle
-0.029,0.001,1.114,2.641,-1.466,-0.237,Idle
-0.031,0.006,1.107,2.29,-1.626,-0.237,Idle
-0.033,0,1.118,2.473,-1.756,-0.534,Idle
-0.029,0.002,1.103,2.565,-1.458,-0.389,Idle
-0.031,0.001,1.11,2.496,-1.763,-0.45,Idle
-0.029,0.004,1.118,2.527,-1.557,-0.42,Idle
-0.033,0.004,1.11,2.489,-1.489,-0.473,Idle
-0.032,0.001,1.103,2.489,-1.466,-0.382,Idle
-0.027,0.006,1.117,2.351,-1.733,-0.191,Idle
-0.029,0.005,1.116,2.366,-1.473,-0.534,Idle
-0.032,0.005,1.119,2.672,-1.786,-0.366,Idle
-0.031,0.004,1.115,2.473,-1.641,-0.053,Idle
-0.03,0,1.102,2.496,-1.55,-0.504,Idle
-0.034,0,1.116,2.443,-1.595,-0.176,Idle
-0.034,0,1.114,2.359,-1.527,-0.626,Idle
-0.031,0.005,1.111,2.473,-1.695,-0.435,Idle
-0.031,0.007,1.108,2.542,-1.595,-0.13,Idle
-0.033,0.005,1.11,2.244,-1.679,-0.26,Idle
-0.033,0.004,1.111,2.557,-1.611,-0.168,Idle
-0.032,0.001,1.114,2.359,-1.527,-0.412,Idle
-0.03,0.001,1.108,2.366,-1.71,-0.359,Idle
-0.027,0.004,1.115,2.29,-1.878,-0.641,Idle
-0.032,0,1.111,2.42,-1.435,-0.443,Idle
-0.028,0.003,1.115,2.359,-1.878,-0.267,Idle
-0.03,0.005,1.109,2.389,-1.634,-0.595,Idle
-0.033,0,1.117,2.244,-1.565,-0.389,Idle
-0.034,0,1.118,2.374,-1.603,-0.412,Idle
-0.031,0.001,1.112,2.55,-1.55,-0.489,Idle
-0.03,0.004,1.11,2.397,-1.458,-0.382,Idle
-0.028,0.003,1.11,2.649,-1.718,-0.374,Idle
-0.03,0.003,1.113,2.649,-1.664,-0.359,Idle
-0.033,0.004,1.128,2.374,-1.695,-0.244,Idle
-0.029,0.004,1.124,2.351,-1.672,-0.458,Idle
-0.031,0.003,1.114,2.412,-1.588,-0.427,Idle
-0.031,0,1.112,2.595,-1.847,-0.511,Idle
-0.029,0.001,1.115,2.511,-1.679,-0.595,Idle
-0.026,0.003,1.111,2.298,-1.656,-0.313,Idle
-0.032,0.005,1.116,2.359,-1.779,-0.374,Idle
-0.031,0.001,1.106,2.168,-1.58,-0.359,Idle
-0.031,0.002,1.115,2.519,-1.603,-0.092,Idle
-0.03,0,1.109,2.42,-1.733,-0.145,Idle
-0.029,0.001,1.105,2.511,-1.55,-0.267,Idle
-0.035,0.002,1.114,2.229,-1.656,-0.13,Idle
-0.033,0.002,1.119,2.412,-1.466,-0.611,Idle
-0.031,0.007,1.108,2.542,-1.733,-0.198,Idle
-0.032,0.002,1.111,2.389,-1.924,-0.374,Idle
-0.029,0.004,1.112,2.336,-1.588,-0.244,Idle
-0.03,0.004,1.117,2.351,-1.786,-0.191,Idle
-0.034,0.003,1.109,2.458,-1.55,-0.137,Idle
-0.031,-0.001,1.111,2.58,-1.489,-0.412,Idle
-0.031,0.003,1.119,2.221,-1.565,-0.435,Idle
-0.034,0.005,1.108,2.389,-1.473,-0.153,Idle
-0.03,0.002,1.112,2.45,-1.504,-0.427,Idle
-0.033,0.004,1.11,2.412,-1.771,-0.336,Idle
-0.031,0.005,1.117,2.244,-1.748,-0.344,Idle
-0.032,0,1.111,2.29,-1.649,-0.305,Idle
-0.032,0.001,1.113,2.382,-1.794,-0.137,Idle
-0.028,0,1.113,2.42,-1.756,-0.298,Idle
-0.026,0,1.112,2.489,-1.679,-0.473,Idle
-0.028,0.006,1.105,2.573,-1.664,-0.176,Idle
-0.03,0.003,1.112,2.405,-1.695,-0.267,Idle
-0.032,-0.003,1.118,2.412,-1.603,-0.366,Idle
-0.032,-0.001,1.117,2.55,-1.427,-0.412,Idle
-0.033,0.002,1.119,2.443,-1.718,-0.45,Idle
-0.028,-0.001,1.111,2.412,-1.817,-0.382,Idle
-0.033,0.001,1.107,2.473,-1.672,-0.458,Idle
-0.031,0.004,1.105,2.504,-1.489,-0.443,Idle
-0.035,0,1.113,2.435,-1.443,-0.412,Idle
-0.031,0.003,1.118,2.481,-1.557,-0.252,Idle
-0.032,0.002,1.115,2.489,-1.725,-0.557,Idle
-0.029,0.004,1.105,2.366,-1.626,-0.519,Idle
-0.034,0.002,1.113,2.466,-1.901,-0.191,Idle
-0.031,0,1.108,2.542,-1.87,-0.328,Idle
-0.033,0.005,1.114,2.344,-1.466,-0.397,Idle
-0.031,0.002,1.118,2.611,-1.458,-0.221,Idle
-0.029,0.003,1.114,2.534,-1.634,-0.382,Idle
-0.031,0.001,1.104,2.45,-1.405,-0.237,Idle
-0.029,0.003,1.116,2.191,-1.664,-0.397,Idle
-0.029,0.001,1.115,2.389,-1.611,-0.198,Idle
-0.033,0.007,1.11,2.244,-1.672,-0.336,Idle
-0.031,0.002,1.112,2.397,-1.389,-0.55,Idle
-0.03,0.003,1.115,2.282,-1.649,-0.519,Idle
-0.03,0.001,1.107,2.313,-1.595,-0.038,Idle
-0.031,0.003,1.112,2.282,-1.786,-0.252,Idle
-0.032,0,1.11,2.534,-1.588,-0.092,Idle
-0.032,0.005,1.109,2.305,-1.641,-0.435,Idle
-0.032,0.004,1.115,2.45,-1.664,-0.595,Idle
-0.031,0.001,1.11,2.427,-1.542,-0.389,Idle
-0.031,-0.002,1.113,2.389,-1.58,-0.412,Idle
-0.028,0.005,1.107,2.412,-1.595,-0.321,Idle
-0.031,0.002,1.112,2.29,-1.466,-0.221,Idle
-0.032,-0.001,1.109,2.351,-1.702,-0.45,Idle
-0.029,0,1.114,2.504,-1.595,-0.389,Idle
-0.029,0.005,1.121,2.504,-1.71,-0.42,Idle
-0.032,0.003,1.111,2.489,-1.664,-0.389,Idle
-0.033,0.007,1.114,2.267,-1.702,-0.244,Idle
-0.028,0.005,1.106,2.397,-1.473,-0.382,Idle
-0.03,0.004,1.11,2.382,-1.71,-0.382,Idle
-0.031,0.001,1.115,2.397,-1.672,-0.374,Idle
-0.029,0.004,1.107,2.481,-1.649,-0.435,Idle
-0.03,0.002,1.115,2.443,-1.618,-0.229,Idle
-0.029,-0.001,1.117,2.42,-1.427,-0.191,Idle
-0.035,0.001,1.115,2.557,-1.267,-0.374,Idle
-0.031,0.003,1.104,2.359,-1.397,-0.183,Idle
-0.032,0.001,1.106,2.183,-1.588,-0.328,Idle
-0.034,0.004,1.11,2.252,-1.672,-0.634,Idle
-0.033,0.002,1.115,2.206,-1.55,-0.359,Idle
-0.035,0.005,1.12,2.252,-1.718,-0.16,Idle
-0.031,0.004,1.112,2.321,-1.382,-0.588,Idle
-0.032,0,1.112,2.267,-1.534,-0.321,Idle
-0.029,0.003,1.115,2.313,-1.542,-0.366,Idle
-0.032,-0.001,1.115,2.412,-1.771,-0.427,Idle
-0.032,0.003,1.113,2.305,-1.557,-0.313,Idle
-0.031,0.001,1.11,2.366,-1.779,-0.29,Idle
-0.03,0.004,1.116,2.183,-1.588,-0.466,Idle
-0.027,0.003,1.11,2.443,-1.527,-0.221,Idle
-0.03,0.005,1.113,2.244,-1.679,-0.504,Idle
-0.033,0.004,1.115,2.427,-1.641,-0.328,Idle
-0.031,0.002,1.112,2.542,-1.489,-0.359,Idle
-0.029,0.004,1.111,2.351,-1.664,-0.519,Idle
-0.029,0.001,1.108,2.695,-1.573,-0.527,Idle
-0.033,0.006,1.116,2.29,-1.733,-0.496,Idle
-0.027,-0.001,1.111,2.473,-1.802,-0.321,Idle
-0.03,0.005,1.105,2.305,-1.679,-0.489,Idle
-0.029,0.002,1.106,2.489,-1.672,-0.282,Idle
-0.034,0.001,1.116,2.435,-1.74,-0.527,Idle
-0.036,0.005,1.119,2.42,-1.863,-0.397,Idle
-0.031,-0.001,1.109,2.45,-1.74,-0.45,Idle
-0.031,0.001,1.111,2.427,-1.511,-0.527,Idle
-0.032,0.002,1.108,2.427,-1.702,-0.275,Idle
-0.03,0.006,1.11,2.481,-1.916,-0.275,Idle
-0.031,0.004,1.11,2.26,-1.458,-0.145,Idle
-0.028,0.002,1.11,2.244,-1.687,-0.321,Idle
-0.033,0.003,1.119,2.351,-1.504,-0.435,Idle
-0.032,0.005,1.114,2.405,-1.359,-0.435,Idle
-0.028,-0.001,1.111,2.344,-1.611,-0.137,Idle
-0.028,-0.001,1.112,2.55,-1.679,-0.275,Idle
-0.028,0.001,1.112,2.481,-1.718,-0.344,Idle
-0.03,0.002,1.12,2.397,-1.626,-0.42,Idle
-0.031,0.006,1.114,2.252,-1.534,-0.305,Idle
-0.033,0.003,1.117,2.458,-1.641,-0.336,Idle
-0.032,0.001,1.115,2.374,-1.626,-0.221,Idle
-0.03,0,1.112,2.412,-1.733,-0.435,Idle
-0.029,0.004,1.116,2.374,-1.603,-0.336,Idle
-0.028,0.003,1.109,2.557,-1.588,-0.679,Idle
-0.036,0.004,1.117,2.198,-1.626,-0.267,Idle
-0.03,0.006,1.113,2.405,-1.557,-0.412,Idle
-0.031,0.005,1.114,2.374,-1.802,-0.443,Idle
-0.028,0.001,1.105,2.595,-1.527,-0.45,Idle
-0.035,0.006,1.108,2.435,-1.87,-0.275,Idle
-0.031,0.004,1.111,2.55,-1.718,-0.237,Idle
-0.032,0.003,1.112,2.366,-1.412,-0.16,Idle
-0.035,0.004,1.117,2.481,-1.733,-0.435,Idle
-0.031,0.003,1.111,2.55,-1.634,-0.359,Idle
-0.029,0.002,1.115,2.336,-1.58,-0.435,Idle
-0.031,0.002,1.122,2.58,-1.695,-0.176,Idle
-0.034,0.002,1.107,2.42,-1.557,-0.275,Idle
-0.034,-0.001,1.112,2.282,-1.763,-0.13,Idle
-0.033,-0.001,1.111,2.42,-1.481,-0.458,Idle
-0.034,0.004,1.112,2.344,-1.618,-0.252,Idle
-0.026,0.009,1.112,2.305,-1.405,-0.282,Idle
-0.033,0.003,1.113,2.305,-1.489,-0.466,Idle
-0.033,0.004,1.108,2.344,-1.458,-0.229,Idle
-0.027,-0.001,1.115,2.427,-1.687,-0.336,Idle
-0.033,0.006,1.119,2.527,-1.45,-0.58,Idle
-0.027,0.002,1.113,2.45,-1.55,-0.321,Idle
-0.031,-0.001,1.111,2.328,-1.664,-0.397,Idle
-0.03,0.001,1.11,2.527,-1.649,-0.389,Idle
-0.033,0.001,1.115,2.427,-1.748,-0.45,Idle
-0.027,0.002,1.108,2.458,-1.664,-0.252,Idle
-0.031,-0.003,1.112,2.29,-1.511,-0.267,Idle
-0.032,0.001,1.107,2.29,-1.626,-0.137,Idle
-0.031,0.001,1.113,2.183,-1.611,-0.397,Idle
-0.031,0.003,1.114,2.229,-1.542,-0.168,Idle
-0.028,0.001,1.115,2.397,-1.412,-0.328,Idle
-0.033,0.004,1.115,2.382,-1.748,-0.626,Idle
-0.033,0.003,1.107,2.298,-1.664,-0.344,Idle
-0.032,0.003,1.115,2.466,-1.634,-0.427,Idle
-0.034,0.005,1.114,2.191,-1.641,-0.282,Idle
-0.031,0.003,1.116,2.412,-1.519,-0.305,Idle
-0.032,0.002,1.11,2.298,-1.534,-0.473,Idle
-0.03,0.001,1.115,2.573,-1.733,-0.511,Idle
-0.029,-0.001,1.114,2.55,-1.695,-0.489,Idle
-0.03,0,1.117,2.206,-1.748,-0.412,Idle
-0.032,0.007,1.112,2.221,-1.618,-0.427,Idle
-0.033,0.005,1.116,2.504,-1.74,-0.641,Idle
-0.031,0.001,1.115,2.092,-1.389,-0.29,Idle
-0.03,0.002,1.112,2.473,-1.786,-0.412,Idle
-0.03,0.003,1.112,2.176,-1.771,-0.321,Idle
-0.032,0.001,1.107,2.374,-1.718,-0.298,Idle
-0.026,0.001,1.116,2.496,-1.489,-0.443,Idle
-0.03,0.003,1.11,2.542,-1.626,-0.321,Idle
-0.029,0.004,1.108,2.359,-1.473,-0.42,Idle
-0.031,0.001,1.115,2.595,-1.679,-0.397,Idle
-0.028,0.002,1.11,2.244,-1.542,-0.328,Idle
-0.031,0.004,1.109,2.427,-1.511,-0.382,Idle
-0.029,0.004,1.11,2.298,-1.641,-0.405,Idle
-0.034,0.005,1.11,2.298,-1.611,-0.55,Idle
-0.028,0.005,1.107,2.382,-1.481,-0.282,Idle
-0.033,0.003,1.111,2.649,-1.634,-0.29,Idle
-0.031,-0.002,1.116,2.634,-1.565,-0.366,Idle
-0.031,0.001,1.11,2.389,-1.504,-0.214,Idle
-0.029,0.004,1.111,2.397,-1.779,-0.374,Idle
-0.031,0.004,1.115,2.328,-1.603,-0.427,Idle
-0.03,0.002,1.11,2.481,-1.74,-0.29,Idle
-0.031,0.002,1.112,2.359,-1.595,-0.282,Idle
-0.033,0.004,1.111,2.427,-1.687,-0.389,Idle
-0.028,0.005,1.106,2.458,-1.649,-0.336,Idle
-0.029,0.004,1.12,2.359,-1.534,-0.427,Idle
-0.033,0.001,1.107,2.366,-1.603,-0.649,Idle
-0.029,0.005,1.109,2.466,-1.641,-0.351,Idle
-0.034,0,1.11,2.305,-1.603,-0.496,Idle
-0.032,0.007,1.114,2.313,-1.672,-0.382,Idle
-0.03,0.003,1.109,2.527,-1.55,-0.397,Idle
-0.03,0.004,1.115,2.389,-1.489,-0.313,Idle
-0.032,0.001,1.117,2.336,-1.817,-0.244,Idle
-0.034,0.002,1.117,2.359,-1.397,-0.481,Idle
-0.032,0.005,1.106,2.237,-1.473,-0.366,Idle
-0.03,0.003,1.119,2.252,-1.557,-0.771,Idle
-0.029,0.002,1.113,2.389,-1.87,-0.275,Idle
-0.03,0.005,1.11,2.183,-1.832,-0.481,Idle
-0.029,0.003,1.115,2.328,-1.618,-0.153,Idle
-0.028,0.001,1.115,2.412,-1.649,-0.267,Idle
-0.031,0.004,1.109,2.366,-1.42,-0.275,Idle
-0.035,0.006,1.108,2.305,-1.954,-0.191,Idle
-0.029,0.002,1.117,2.42,-1.534,-0.099,Idle
-0.027,0.006,1.108,2.389,-1.588,-0.534,Idle
-0.032,0,1.112,2.412,-1.519,-0.298,Idle
-0.031,0.003,1.112,2.221,-1.542,-0.519,Idle
-0.033,0.003,1.117,2.496,-1.748,-0.122,Idle
-0.027,0.002,1.108,2.466,-1.496,-0.42,Idle
-0.035,0.004,1.111,2.473,-1.748,-0.267,Idle
-0.035,0.001,1.106,2.344,-1.809,-0.313,Idle
-0.038,0.005,1.115,2.168,-1.58,-0.282,Idle
-0.033,0.005,1.113,2.45,-1.779,-0.664,Idle
-0.029,0,1.117,2.45,-1.504,-0.42,Idle
-0.033,0.003,1.116,2.214,-1.634,-0.443,Idle
-0.031,0.001,1.115,2.443,-1.695,-0.359,Idle
-0.033,0.004,1.111,2.359,-1.611,-0.527,Idle
-0.027,0,1.104,2.489,-1.58,-0.435,Idle
-0.026,0.001,1.108,2.42,-1.588,-0.389,Idle
-0.033,0.007,1.115,2.282,-1.603,-0.55,Idle
-0.032,0.004,1.114,2.282,-1.519,-0.382,Idle
-0.026,0.003,1.122,2.427,-1.87,-0.26,Idle
-0.032,0.002,1.113,2.275,-1.573,-0.336,Idle
-0.031,0.005,1.121,2.374,-1.656,-0.389,Idle
-0.03,0.006,1.111,2.382,-1.771,-0.374,Idle
-0.029,0.003,1.106,2.557,-1.672,-0.588,Idle
-0.033,0.006,1.119,2.153,-1.802,-0.321,Idle
-0.031,0.004,1.117,2.443,-1.527,-0.336,Idle
-0.027,0.004,1.115,2.328,-1.679,-0.473,Idle
-0.031,-0.001,1.11,2.412,-1.611,-0.389,Idle
-0.035,0.005,1.116,2.435,-1.611,-0.489,Idle
-0.033,-0.001,1.114,2.458,-1.458,-0.298,Idle
-0.03,0.001,1.11,2.527,-1.725,-0.412,Idle
-0.029,0,1.113,2.405,-1.611,-0.29,Idle
-0.038,0,1.11,2.519,-1.634,-0.29,Idle
-0.036,0,1.11,2.351,-1.824,-0.305,Idle
-0.033,0.004,1.11,2.298,-1.817,-0.374,Idle
-0.031,0.005,1.106,2.321,-1.511,-0.405,Idle
-0.029,0.004,1.116,2.412,-1.588,-0.687,Idle
-0.033,0.001,1.119,2.725,-1.855,-0.305,Idle
-0.032,0.004,1.112,2.374,-1.641,-0.511,Idle
-0.03,0.004,1.112,2.389,-1.634,-0.374,Idle
-0.032,0.001,1.112,2.206,-1.565,-0.214,Idle
-0.029,0.004,1.116,2.405,-1.748,-0.366,Idle
-0.029,0.003,1.117,2.244,-1.603,-0.229,Idle
-0.033,0.002,1.116,2.313,-1.542,-0.183,Idle
-0.033,0.003,1.11,2.458,-1.634,-0.519,Idle
-0.027,0.001,1.116,2.206,-1.519,-0.55,Idle
-0.032,0.006,1.114,2.366,-1.55,-0.534,Idle
-0.025,0,1.1,2.473,-1.756,-0.176,Idle
-0.026,0,1.116,2.275,-1.565,-0.321,Idle
-0.03,0.003,1.107,2.359,-1.542,-0.42,Idle
-0.034,0.005,1.116,2.534,-1.817,-0.412,Idle
-0.03,0.001,1.113,2.412,-1.588,-0.229,Idle
-0.03,0,1.111,2.397,-1.595,-0.351,Idle
-0.029,0.002,1.104,2.26,-1.496,-0.305,Idle
-0.031,-0.001,1.113,2.496,-1.496,-0.145,Idle
-0.039,0.011,1.123,2.214,-2.008,-0.565,Idle
-0.034,0.006,1.112,2.466,-1.771,-0.466,Idle
-0.032,0.002,1.114,2.435,-1.58,-0.42,Idle
-0.036,0.003,1.112,2.611,-1.534,-0.237,Idle
-0.031,0.001,1.115,2.443,-1.634,-0.389,Idle
-0.031,0.004,1.099,2.42,-1.626,-0.42,Idle
-0.031,0.003,1.114,2.389,-1.748,-0.374,Idle
-0.028,0,1.112,2.443,-1.603,-0.214,Idle
-0.033,0.001,1.106,2.489,-1.702,-0.481,Idle
-0.033,0.003,1.113,2.412,-1.527,-0.397,Idle
-0.029,0.003,1.112,2.336,-1.603,-0.282,Idle
-0.031,0.001,1.115,2.374,-1.626,-0.29,Idle
-0.029,0.002,1.109,2.275,-1.649,-0.282,Idle
-0.029,0.002,1.112,2.58,-1.542,-0.344,Idle
-0.032,0.004,1.12,2.58,-1.595,-0.122,Idle
-0.031,0.003,1.109,2.511,-1.748,-0.26,Idle
-0.024,0.005,1.114,2.351,-1.504,-0.626,Idle
-0.031,-0.002,1.112,2.427,-1.71,-0.382,Idle
-0.032,0.004,1.117,2.458,-1.763,-0.42,Idle
-0.032,0.009,1.112,2.321,-1.656,-0.496,Idle
-0.031,0.001,1.115,2.305,-1.504,-0.298,Idle
-0.032,0.004,1.108,2.542,-1.817,-0.267,Idle
-0.03,-0.001,1.112,2.397,-1.55,-0.466,Idle
-0.032,0.003,1.11,2.153,-1.504,-0.229,Idle
-0.029,0.002,1.115,2.42,-1.557,-0.382,Idle
-0.032,0.003,1.106,2.374,-1.664,-0.305,Idle
-0.029,0.003,1.114,2.26,-1.557,-0.481,Idle
-0.029,0.004,1.11,2.481,-1.626,-0.412,Idle
-0.034,0.006,1.112,2.298,-1.74,-0.359,Idle
-0.028,0.001,1.12,2.305,-1.534,-0.519,Idle
-0.028,0,1.106,2.519,-1.748,-0.29,Idle
-0.026,0.001,1.106,2.42,-1.55,-0.374,Idle
-0.035,0.007,1.104,2.206,-1.756,-0.336,Idle
-0.031,-0.002,1.116,2.641,-1.595,-0.313,Idle
-0.034,0.002,1.11,2.473,-1.595,-0.221,Idle
-0.034,0.002,1.112,2.282,-1.672,-0.405,Idle
-0.032,0,1.111,2.214,-1.504,-0.298,Idle
-0.028,0,1.111,2.42,-1.557,-0.351,Idle
-0.032,0.001,1.117,2.351,-1.542,-0.374,Idle
-0.03,0.003,1.108,2.366,-1.817,-0.076,Idle
-0.033,0.002,1.117,2.336,-1.824,-0.366,Idle
-0.028,-0.001,1.115,2.382,-1.695,-0.344,Idle
-0.034,0.001,1.112,2.244,-1.656,-0.634,Idle
-0.033,0.003,1.109,2.412,-1.527,-0.458,Idle
-0.028,0,1.109,2.58,-1.649,-0.237,Idle
-0.028,0.001,1.109,2.397,-1.55,-0.336,Idle
-0.027,0.001,1.107,2.466,-1.481,-0.305,Idle
-0.034,0.002,1.109,2.359,-1.679,-0.618,Idle
-0.034,0.008,1.109,2.45,-2.053,-0.74,Idle
-0.031,0.003,1.113,2.359,-1.71,-0.206,Idle
-0.032,0.002,1.114,2.527,-1.725,0,Idle
-0.032,0.003,1.113,2.237,-1.962,-0.389,Idle
-0.033,0.002,1.117,2.282,-1.58,-0.466,Idle
-0.03,0,1.105,2.397,-1.664,-0.519,Idle
-0.031,0.003,1.114,2.397,-1.664,-0.443,Idle
-0.03,0,1.107,2.366,-1.695,-0.305,Idle
-0.034,0.004,1.109,2.237,-1.557,-0.496,Idle
-0.033,0.003,1.114,2.366,-1.794,-0.359,Idle
-0.035,0.007,1.11,2.481,-1.321,-0.389,Idle
-0.028,0,1.115,2.45,-1.405,-0.565,Idle
-0.03,0.002,1.11,2.489,-1.641,-0.366,Idle
-0.033,0.002,1.117,2.244,-1.74,-0.443,Idle
-0.034,0.006,1.112,2.412,-1.718,-0.389,Idle
-0.032,0.003,1.114,2.527,-1.763,-0.397,Idle
-0.034,0.004,1.114,2.466,-1.71,-0.321,Idle
-0.034,0.001,1.115,2.527,-1.542,-0.153,Idle
-0.026,0.004,1.105,2.412,-1.489,-0.252,Idle
-0.035,0.004,1.112,2.344,-1.534,-0.183,Idle
-0.029,0.001,1.117,2.237,-1.573,-0.344,Idle
-0.029,0.002,1.112,2.405,-1.611,-0.42,Idle
-0.028,0.001,1.113,2.458,-1.511,-0.496,Idle
-0.028,0.003,1.109,2.527,-1.71,-0.374,Idle
-0.03,0.005,1.109,2.42,-1.672,-0.473,Idle
-0.035,0.005,1.119,2.405,-1.924,-0.382,Idle
-0.032,0.002,1.12,2.321,-1.504,-0.443,Idle
-0.029,0.002,1.114,2.359,-1.55,-0.565,Idle
-0.03,0.001,1.115,2.496,-1.687,-0.473,Idle
-0.031,-0.001,1.112,2.389,-1.695,-0.076,Idle
-0.031,0.001,1.115,2.305,-1.626,-0.473,Idle
-0.032,0.005,1.112,2.351,-1.504,-0.313,Idle
-0.036,0.004,1.114,2.55,-1.725,-0.092,Idle
-0.03,0.002,1.107,2.389,-1.679,-0.214,Idle
-0.033,0.003,1.114,2.244,-1.557,-0.26,Idle
-0.031,0,1.115,2.466,-1.527,-0.359,Idle
-0.029,0.002,1.11,2.382,-1.473,-0.359,Idle
-0.031,0.003,1.111,2.229,-1.824,-0.328,Idle
-0.027,0.003,1.111,2.496,-1.672,-0.336,Idle
-0.034,0.001,1.114,2.412,-1.718,-0.496,Idle
-0.034,-0.003,1.117,2.397,-1.702,-0.351,Idle
-0.032,-0.001,1.11,2.305,-1.702,-0.534,Idle
-0.036,0.006,1.117,2.389,-1.771,-0.366,Idle
-0.036,0,1.11,2.321,-1.389,-0.282,Idle
-0.032,-0.001,1.111,2.191,-1.58,-0.145,Idle
-0.029,0.004,1.121,2.473,-1.664,-0.229,Idle
-0.035,0.003,1.109,2.435,-1.45,-0.397,Idle
-0.03,0.001,1.113,2.26,-1.542,-0.267,Idle
-0.027,0.002,1.112,2.26,-1.519,-0.511,Idle
-0.031,0.002,1.112,2.466,-1.679,-0.374,Idle
-0.033,-0.004,1.11,2.29,-1.702,-0.305,Idle
-0.03,0.002,1.11,2.298,-1.664,-0.45,Idle
-0.038,0.001,1.116,2.458,-1.687,-0.275,Idle
-0.033,0.001,1.114,2.618,-1.74,-0.252,Idle
-0.027,0.002,1.11,2.282,-1.534,-0.405,Idle
-0.031,0.002,1.112,2.382,-1.733,-0.244,Idle
-0.031,0.001,1.113,2.298,-1.542,-0.389,Idle
-0.027,0.004,1.118,2.481,-1.42,-0.183,Idle
-0.031,0.004,1.119,2.71,-1.282,-0.031,Idle
-0.031,0.007,1.122,2.374,-1.809,-0.58,Idle
-0.031,0.003,1.113,2.328,-1.656,-0.351,Idle
-0.029,0.002,1.113,2.55,-1.87,-0.496,Idle
-0.027,0.002,1.114,2.275,-1.649,-0.527,Idle
-0.031,0.001,1.115,2.71,-1.634,-0.183,Idle
-0.031,0.002,1.111,2.366,-1.794,-0.649,Idle
-0.03,-0.001,1.11,2.214,-1.595,-0.305,Idle
-0.03,0.003,1.116,2.534,-1.885,-0.153,Idle
-0.031,0.001,1.11,2.458,-1.618,-0.275,Idle
-0.031,0.003,1.11,2.45,-1.557,-0.313,Idle
-0.033,0.003,1.114,2.344,-1.511,-0.511,Idle
-0.027,0.003,1.11,2.221,-1.58,-0.344,Idle
-0.035,0.005,1.113,2.305,-1.611,-0.351,Idle
-0.03,0.003,1.115,2.206,-1.542,-0.382,Idle
-0.03,0.004,1.114,2.473,-1.672,-0.664,Idle
-0.035,0.004,1.111,2.496,-1.809,-0.229,Idle
-0.028,0.003,1.109,2.26,-1.74,-0.275,Idle
-0.031,0.003,1.113,2.534,-1.794,-0.382,Idle
-0.033,0.004,1.112,2.267,-1.855,-0.458,Idle
-0.031,0.003,1.116,2.557,-1.84,-0.328,Idle
-0.03,-0.001,1.109,2.588,-1.534,-0.458,Idle
-0.026,0,1.109,2.656,-1.511,-0.359,Idle
-0.025,0.001,1.112,2.466,-1.649,-0.366,Idle
-0.029,-0.005,1.112,2.595,-1.748,-0.397,Idle
-0.035,0.006,1.12,2.412,-1.702,-0.229,Idle
-0.033,0.005,1.117,2.542,-1.595,-0.565,Idle
-0.031,-0.003,1.114,2.527,-1.733,-0.321,Idle
-0.033,0.001,1.116,2.55,-1.55,-0.389,Idle
-0.032,0.001,1.111,2.443,-1.718,-0.466,Idle
-0.032,0.003,1.122,2.481,-1.679,-0.321,Idle
-0.03,0,1.108,2.374,-1.679,-0.435,Idle
-0.035,0.001,1.111,2.42,-1.695,-0.359,Idle
-0.031,0.003,1.11,2.328,-1.626,-0.29,Idle
-0.028,0.005,1.107,2.397,-1.718,-0.366,Idle
-0.03,-0.001,1.115,2.45,-1.557,-0.275,Idle
-0.03,0,1.108,2.489,-1.679,-0.366,Idle
-0.026,0,1.108,2.298,-1.641,-0.45,Idle
-0.032,0.002,1.107,2.359,-1.573,-0.389,Idle
-0.031,0.006,1.115,2.42,-1.55,-0.328,Idle
-0.029,0.001,1.108,2.389,-1.641,-0.466,Idle
-0.028,0.003,1.111,2.336,-1.45,-0.298,Idle
-0.031,0.004,1.113,2.405,-1.626,-0.153,Idle
-0.027,0.005,1.113,2.359,-1.412,-0.397,Idle
-0.032,0.005,1.11,2.321,-1.298,-0.153,Idle
-0.03,0.006,1.119,2.221,-1.634,-0.267,Idle
-0.034,0.006,1.111,2.389,-1.771,-0.244,Idle
-0.031,0,1.109,2.489,-1.817,-0.389,Idle
-0.032,0.001,1.112,2.366,-1.679,-0.351,Idle
-0.031,0.007,1.111,2.405,-1.649,-0.435,Idle
-0.031,0.004,1.111,2.244,-1.641,-0.405,Idle
-0.029,0.005,1.111,2.16,-1.412,-0.496,Idle
-0.028,0.009,1.112,2.435,-1.626,-0.191,Idle
-0.032,0.006,1.115,2.305,-1.649,-0.374,Idle
-0.031,0.002,1.115,2.489,-1.656,-0.45,Idle
-0.031,0.001,1.108,2.168,-1.504,-0.267,Idle
-0.033,0.002,1.114,2.344,-1.603,-0.55,Idle
-0.033,0.005,1.114,2.427,-1.763,-0.412,Idle
-0.035,0.004,1.117,2.496,-1.748,-0.26,Idle
-0.035,0.005,1.111,2.412,-1.763,-0.405,Idle
-0.028,0.005,1.109,2.45,-1.618,-0.344,Idle
-0.028,0.004,1.117,2.427,-1.855,-0.473,Idle
-0.031,0.003,1.111,2.382,-1.634,-0.282,Idle
-0.03,0,1.114,2.374,-1.695,-0.412,Idle
-0.029,0.005,1.11,2.313,-1.55,-0.221,Idle
-0.031,0,1.108,2.351,-1.748,-0.29,Idle
-0.03,0.006,1.125,2.29,-1.679,-0.366,Idle
-0.026,0.004,1.112,2.427,-1.45,-0.305,Idle
-0.03,0.004,1.115,2.542,-1.511,-0.344,Idle
-0.032,0.005,1.107,2.466,-1.565,-0.153,Idle
-0.029,0.002,1.105,2.351,-1.603,-0.305,Idle
-0.032,0.008,1.111,2.397,-1.618,-0.405,Idle
-0.029,-0.001,1.115,2.198,-1.55,-0.237,Idle
-0.029,0.002,1.112,2.473,-1.427,-0.45,Idle
-0.03,0.004,1.104,2.504,-1.527,-0.389,Idle
-0.032,0.004,1.129,2.443,-1.725,-0.534,Idle
-0.037,0.006,1.124,2.321,-1.656,-0.336,Idle
-0.034,0.008,1.116,2.427,-1.573,-0.267,Idle
-0.038,0.01,1.109,2.336,-1.87,-0.435,Idle
-0.037,0.004,1.11,2.374,-1.573,-0.221,Idle
-0.031,0.003,1.109,2.252,-1.641,-0.115,Idle
-0.032,-0.001,1.116,2.435,-1.794,-0.687,Idle
-0.033,0,1.115,2.382,-1.702,-0.275,Idle
-0.027,-0.001,1.106,2.458,-1.344,-0.427,Idle
-0.031,0.005,1.114,2.504,-1.504,-0.328,Idle
-0.034,0.006,1.115,2.435,-1.756,-0.504,Idle
-0.032,-0.002,1.11,2.412,-1.573,-0.26,Idle
-0.031,0.003,1.121,2.58,-1.847,-0.237,Idle
-0.033,0.003,1.11,2.252,-1.649,-0.679,Idle
-0.03,0.007,1.112,2.282,-1.519,-0.397,Idle
-0.029,-0.002,1.109,2.397,-1.733,-0.359,Idle
-0.03,0.004,1.111,2.405,-1.313,-0.137,Idle
-0.033,0.005,1.12,2.573,-1.756,-0.374,Idle
-0.029,0,1.108,2.26,-1.557,-0.244,Idle
-0.031,0.002,1.111,2.42,-1.649,-0.595,Idle
-0.028,-0.001,1.107,2.229,-1.351,-0.496,Idle
-0.033,0.004,1.106,2.328,-1.702,-0.191,Idle
-0.031,0.003,1.106,2.405,-1.55,-0.565,Idle
-0.032,0.004,1.11,2.305,-1.527,-0.145,Idle
-0.035,0.006,1.111,2.16,-1.771,-0.511,Idle
-0.03,0.001,1.114,2.504,-1.786,-0.366,Idle
-0.029,0.001,1.113,2.435,-1.534,-0.282,Idle
-0.029,0.003,1.114,2.58,-1.649,-0.229,Idle
-0.029,0.005,1.114,2.496,-1.611,-0.443,Idle
-0.031,0.002,1.115,2.519,-1.534,-0.313,Idle
-0.027,0,1.11,2.42,-1.672,-0.282,Idle
-0.032,0.004,1.115,2.427,-1.58,-0.504,Idle
-0.031,0.003,1.115,2.412,-1.466,-0.191,Idle
-0.034,0.002,1.112,2.443,-1.527,-0.282,Idle
-0.032,0.001,1.108,2.214,-1.504,-0.374,Idle
-0.028,0.002,1.108,2.321,-1.573,0.092,Idle
-0.028,0.002,1.105,2.412,-1.611,-0.267,Idle
-0.029,0.002,1.108,2.481,-1.664,-0.511,Idle
-0.027,0.001,1.112,2.313,-1.779,-0.145,Idle
-0.029,0.008,1.114,2.389,-1.672,-0.504,Idle
-0.028,0.002,1.115,2.534,-1.412,-0.473,Idle
-0.028,0.002,1.115,2.267,-1.527,-0.542,Idle
-0.031,0.005,1.112,2.481,-1.466,-0.076,Idle
-0.031,0.007,1.119,2.336,-1.603,-0.298,Idle
-0.03,0.002,1.113,2.405,-1.382,-0.328,Idle
-0.034,0.005,1.117,2.29,-1.626,-0.359,Idle
-0.032,-0.001,1.116,2.397,-1.725,-0.74,Idle
-0.03,0.004,1.114,2.305,-1.626,-0.45,Idle
-0.031,0.003,1.101,2.496,-1.443,-0.282,Idle
-0.032,0,1.103,2.282,-1.794,-0.26,Idle
-0.031,0.005,1.115,2.237,-1.496,-0.389,Idle
-0.031,0.001,1.112,2.435,-1.389,-0.427,Idle
-0.031,0.004,1.116,2.55,-1.641,-0.405,Idle
-0.031,0.007,1.115,2.473,-1.611,-0.084,Idle
-0.033,0,1.107,2.351,-1.802,-0.374,Idle
-0.031,0,1.114,2.45,-1.557,-0.618,Idle
-0.028,0.001,1.111,2.443,-1.466,-0.168,Idle
-0.033,0.003,1.117,2.389,-1.664,-0.244,Idle
-0.03,0.002,1.104,2.328,-1.718,-0.267,Idle
-0.03,0.003,1.118,2.595,-1.565,-0.389,Idle
-0.034,0,1.113,2.29,-1.87,-0.611,Idle
-0.028,0.004,1.104,2.496,-1.534,-0.366,Idle
-0.032,0.001,1.123,2.496,-1.695,-0.405,Idle
-0.032,0.004,1.11,2.481,-1.618,-0.305,Idle
-0.029,0.006,1.109,2.42,-1.763,-0.366,Idle
-0.028,0,1.111,2.328,-1.534,-0.473,Idle
-0.031,0.002,1.11,2.412,-1.58,-0.405,Idle
-0.028,0.004,1.117,2.298,-1.679,-0.389,Idle
-0.031,0.004,1.113,2.542,-1.519,-0.298,Idle
-0.033,0.002,1.118,2.473,-1.351,-0.237,Idle
-0.031,0.004,1.115,2.321,-1.534,-0.351,Idle
-0.031,0.006,1.112,2.412,-1.58,-0.298,Idle
-0.03,0.001,1.113,2.29,-1.656,-0.282,Idle
-0.03,0.005,1.115,2.023,-1.595,-0.382,Idle
-0.03,0.004,1.112,2.557,-1.695,-0.13,Idle
-0.03,0.002,1.113,2.374,-1.618,-0.412,Idle
-0.031,0,1.113,2.573,-1.725,-0.107,Idle
-0.033,0.005,1.106,2.389,-1.618,-0.275,Idle
-0.032,0.001,1.115,2.397,-1.779,-0.359,Idle
-0.031,0.005,1.112,2.458,-1.565,-0.397,Idle
-0.034,0.004,1.115,2.267,-1.771,-0.42,Idle
-0.032,0,1.112,2.267,-1.725,-0.282,Idle
-0.03,0.005,1.111,2.443,-1.595,-0.382,Idle
-0.029,0.003,1.111,2.55,-1.832,-0.466,Idle
-0.03,0.003,1.106,2.42,-1.679,-0.221,Idle
-0.031,0.005,1.11,2.481,-1.664,-0.328,Idle
-0.035,0.006,1.119,2.26,-1.519,-0.443,Idle
-0.032,0.008,1.111,2.252,-1.679,-0.45,Idle
-0.032,0.002,1.118,2.481,-1.656,-0.076,Idle
-0.033,0.007,1.112,2.221,-1.649,-0.473,Idle
-0.034,0,1.116,2.244,-1.618,-0.435,Idle
-0.034,0.009,1.117,2.374,-1.763,-0.168,Idle
-0.036,0.004,1.108,2.443,-1.687,-0.626,Idle
-0.031,0.008,1.112,2.344,-1.527,-0.489,Idle
-0.031,0.003,1.112,2.45,-1.687,-0.435,Idle
-0.029,-0.001,1.113,2.443,-1.611,-0.458,Idle
-0.035,0.004,1.112,2.405,-1.611,-0.366,Idle
-0.033,0.002,1.107,2.252,-1.641,-0.198,Idle
-0.03,0.007,1.108,2.443,-1.565,-0.405,Idle
-0.031,0.004,1.114,2.672,-1.496,-0.534,Idle
-0.035,0.004,1.113,2.328,-1.588,-0.374,Idle
-0.035,0.005,1.12,2.29,-1.611,-0.557,Idle
-0.031,0,1.111,2.229,-1.641,-0.519,Idle
-0.032,0.002,1.115,2.496,-1.847,-0.214,Idle
-0.033,-0.001,1.11,2.206,-1.504,-0.427,Idle
-0.03,-0.001,1.108,2.229,-1.626,-0.229,Idle
-0.031,0,1.108,2.29,-1.565,-0.221,Idle
-0.031,0.006,1.112,2.359,-1.588,-0.458,Idle
-0.033,0.004,1.107,2.275,-1.733,-0.153,Idle
-0.03,0.001,1.107,2.359,-1.481,-0.275,Idle
-0.036,0.003,1.113,2.275,-1.733,-0.229,Idle
-0.035,0.007,1.114,2.366,-1.779,-0.252,Idle
-0.033,0.002,1.115,2.42,-1.641,-0.328,Idle
-0.036,0.004,1.118,2.29,-1.603,-0.298,Idle
-0.034,0.003,1.115,2.313,-1.405,-0.328,Idle
-0.025,-0.001,1.117,2.313,-1.656,-0.412,Idle
-0.027,0,1.104,2.534,-1.794,-0.198,Idle
-0.028,0.002,1.111,2.374,-1.794,-0.504,Idle
-0.03,0,1.112,2.42,-1.679,-0.405,Idle
-0.027,0,1.114,2.435,-1.878,-0.42,Idle
-0.031,-0.002,1.109,2.489,-1.534,-0.305,Idle
-0.032,0.005,1.11,2.29,-1.649,-0.153,Idle
-0.034,0.006,1.112,2.649,-1.718,-0.214,Idle
-0.025,0.001,1.11,2.443,-1.611,-0.374,Idle
-0.032,0,1.114,2.397,-1.687,-0.519,Idle
-0.029,-0.001,1.113,2.405,-1.542,-0.435,Idle
-0.031,-0.001,1.112,2.756,-1.534,-0.374,Idle
-0.033,0.002,1.116,2.504,-1.74,-0.458,Idle
-0.031,0.002,1.113,2.588,-1.58,-0.511,Idle
-0.029,0.002,1.117,2.588,-1.847,-0.183,Idle
-0.041,0.008,1.12,2.45,-1.863,-0.695,Idle
-0.039,0.003,1.118,2.511,-1.695,-0.26,Idle
-0.036,0.004,1.124,2.237,-1.847,-0.359,Idle
-0.034,0.002,1.11,2.336,-1.595,-0.397,Idle
-0.026,0.001,1.109,2.489,-1.557,-0.29,Idle
-0.026,-0.001,1.114,2.573,-1.473,-0.26,Idle
-0.037,0.003,1.116,2.267,-1.626,-0.29,Idle
-0.028,0.001,1.11,2.504,-1.695,-0.275,Idle
-0.028,0.001,1.114,2.565,-1.511,-0.412,Idle
-0.03,0.002,1.11,2.611,-1.664,-0.321,Idle
-0.033,0.001,1.109,2.45,-1.794,-0.237,Idle
-0.033,0.005,1.114,2.496,-1.527,-0.137,Idle
-0.031,0.002,1.113,2.275,-1.725,-0.412,Idle
-0.032,0.005,1.115,2.405,-1.733,-0.519,Idle
-0.033,0.005,1.114,2.252,-1.573,-0.389,Idle
-0.029,0.002,1.106,2.336,-1.756,-0.336,Idle
-0.033,0,1.119,2.748,-1.641,-0.29,Idle
-0.031,0.003,1.117,2.481,-1.832,-0.176,Idle
-0.033,-0.001,1.113,2.374,-1.58,-0.504,Idle
-0.027,0.004,1.108,2.405,-1.458,-0.275,Idle
-0.032,0.001,1.114,2.328,-1.557,-0.397,Idle
-0.037,0.003,1.115,2.359,-1.763,-0.412,Idle
-0.031,0.002,1.109,2.389,-1.87,-0.29,Idle
-0.032,0.003,1.117,2.344,-1.573,-0.267,Idle
-0.028,0.001,1.116,2.389,-1.412,-0.153,Idle
-0.035,0.003,1.118,2.351,-1.771,-0.374,Idle
-0.032,0.007,1.118,2.389,-1.595,-0.489,Idle
-0.031,0.002,1.106,2.374,-1.634,-0.412,Idle
-0.035,0.001,1.113,2.534,-1.504,-0.435,Idle
-0.032,0.002,1.104,2.489,-1.443,-0.16,Idle
-0.026,0.005,1.117,2.519,-1.725,-0.55,Idle
-0.027,0,1.106,2.511,-1.45,-0.427,Idle
-0.032,0,1.108,2.443,-1.733,-0.405,Idle
-0.033,0.003,1.111,2.183,-1.473,-0.496,Idle
-0.033,0.006,1.103,2.321,-1.924,-0.29,Idle
-0.048,0.011,1.129,2.275,-1.916,-0.397,Idle
-0.042,0.008,1.12,2.282,-1.794,-0.26,Idle
-0.037,0.005,1.114,2.351,-1.702,-0.412,Idle
-0.035,0.006,1.119,2.412,-1.504,-0.489,Idle
-0.036,0.005,1.117,2.328,-1.595,-0.214,Idle
-0.034,0.008,1.112,2.45,-1.695,-0.374,Idle
-0.025,0.004,1.101,2.504,-1.573,-0.321,Idle
-0.029,0.003,1.108,2.809,-1.435,-0.229,Idle
-0.028,0.002,1.108,2.198,-1.702,-0.359,Idle
-0.032,0.001,1.113,2.336,-1.489,-0.298,Idle
-0.029,0.002,1.113,2.527,-1.802,-0.229,Idle
-0.029,0.003,1.109,2.168,-1.634,-0.389,Idle
-0.029,0.002,1.113,2.489,-1.412,-0.321,Idle
-0.033,0.003,1.113,2.397,-1.649,-0.214,Idle
-0.035,0.002,1.112,2.511,-1.71,-0.275,Idle
-0.03,0,1.118,2.466,-1.481,-0.221,Idle
-0.031,0.001,1.115,2.13,-1.481,-0.191,Idle
-0.029,0.002,1.117,2.344,-1.656,-0.252,Idle
-0.03,0.002,1.106,2.321,-1.641,-0.26,Idle
-0.033,0.004,1.112,2.351,-1.618,-0.405,Idle
-0.032,0.004,1.107,2.305,-1.641,-0.237,Idle
-0.034,0.004,1.109,2.374,-1.557,-0.504,Idle
-0.031,0.005,1.114,2.382,-1.611,-0.145,Idle
-0.034,0.002,1.107,2.198,-1.718,-0.275,Idle
-0.032,0.001,1.113,2.282,-1.573,-0.481,Idle
-0.026,0.001,1.113,2.328,-1.733,-0.382,Idle
-0.037,0.002,1.115,2.374,-1.473,-0.359,Idle
-0.029,-0.001,1.111,2.527,-1.588,-0.504,Idle
-0.035,0.004,1.107,2.282,-1.802,-0.313,Idle
-0.033,0.004,1.116,2.565,-1.634,-0.489,Idle
-0.035,0,1.116,2.374,-1.496,-0.275,Idle
-0.034,0.003,1.118,2.55,-1.496,-0.29,Idle
-0.026,0.004,1.116,2.611,-1.809,-0.366,Idle
-0.028,0.003,1.113,2.374,-1.656,-0.214,Idle
-0.027,0.004,1.11,2.458,-1.489,-0.366,Idle
-0.03,0,1.11,2.374,-1.832,-0.519,Idle
-0.029,0.004,1.11,2.481,-1.511,-0.344,Idle
-0.033,0,1.11,2.191,-1.725,-0.466,Idle
-0.032,0.004,1.112,2.244,-1.809,-0.412,Idle
-0.031,0.003,1.113,2.42,-1.55,-0.359,Idle
-0.033,0.003,1.111,2.321,-1.702,-0.145,Idle
-0.033,0.004,1.113,2.45,-1.718,-0.168,Idle
-0.029,0.006,1.114,2.267,-1.527,-0.511,Idle
-0.026,0.006,1.111,2.496,-1.641,-0.412,Idle
-0.029,-0.001,1.109,2.229,-1.771,-0.366,Idle
-0.034,0.002,1.109,2.595,-1.748,-0.313,Idle
-0.029,0.003,1.115,2.313,-1.527,-0.397,Idle
-0.029,0.002,1.117,2.58,-1.756,-0.328,Idle
-0.029,0.004,1.109,2.321,-1.588,-0.534,Idle
-0.029,0.005,1.11,2.313,-1.817,-0.183,Idle
-0.032,-0.002,1.115,2.382,-1.748,-0.328,Idle
-0.032,0.006,1.112,2.435,-1.595,-0.427,Idle
-0.032,0.004,1.118,2.557,-1.733,-0.511,Idle
-0.032,0.005,1.108,2.389,-1.756,-0.443,Idle
-0.032,-0.002,1.107,2.382,-1.527,-0.351,Idle
-0.035,0.006,1.114,2.435,-1.664,-0.611,Idle
-0.029,0.002,1.114,2.313,-1.802,-0.427,Idle
-0.028,0.008,1.107,2.328,-1.611,-0.214,Idle
-0.029,0,1.113,2.427,-1.176,-0.435,Idle
-0.032,0.006,1.109,2.405,-1.672,-0.45,Idle
-0.035,0.004,1.111,2.267,-1.489,-0.42,Idle
-0.032,0.002,1.113,2.298,-1.443,-0.405,Idle
-0.033,0.001,1.111,2.351,-1.603,-0.42,Idle
-0.032,0.003,1.117,2.511,-1.618,-0.328,Idle
-0.031,0.004,1.114,2.336,-1.824,-0.557,Idle
-0.036,0,1.119,2.435,-1.702,-0.435,Idle
-0.035,0.004,1.117,2.328,-1.527,-0.252,Idle
-0.032,0.001,1.114,2.519,-1.458,-0.382,Idle
-0.031,0.005,1.111,2.443,-1.344,-0.42,Idle
-0.03,0.001,1.119,2.237,-1.55,-0.252,Idle
-0.028,0.004,1.11,2.275,-1.74,-0.252,Idle
-0.032,0.001,1.106,2.542,-1.672,-0.244,Idle
-0.028,0.002,1.112,2.397,-1.893,-0.191,Idle
-0.038,0.003,1.114,2.26,-1.588,-0.374,Idle
-0.036,0.001,1.116,2.389,-1.802,-0.405,Idle
-0.032,0.006,1.116,2.519,-1.496,-0.252,Idle
-0.029,0,1.113,2.473,-1.473,-0.336,Idle
-0.03,0.003,1.111,2.481,-1.725,-0.405,Idle
-0.03,0,1.101,2.618,-1.641,-0.389,Idle
-0.027,0.001,1.113,2.321,-1.435,-0.489,Idle
-0.027,-0.001,1.113,2.267,-1.664,-0.435,Idle
-0.024,-0.002,1.114,2.573,-1.397,-0.382,Idle
-0.035,0,1.115,2.481,-1.611,-0.389,Idle
-0.033,0.001,1.11,2.321,-1.687,-0.481,Idle
-0.031,0.002,1.112,2.511,-1.817,-0.366,Idle
-0.034,0.003,1.114,2.321,-1.641,-0.305,Idle
-0.029,0,1.113,2.29,-1.618,-0.298,Idle
-0.032,0.001,1.116,2.328,-1.656,-0.298,Idle
-0.032,0.004,1.111,2.443,-1.389,-0.191,Idle
-0.027,0.003,1.106,2.435,-1.573,-0.435,Idle
-0.034,0.001,1.112,2.435,-1.817,-0.298,Idle
-0.027,0,1.11,2.458,-1.557,-0.435,Idle
-0.031,0.003,1.108,2.397,-1.534,-0.206,Idle
-0.034,0.003,1.113,2.397,-1.672,-0.412,Idle
-0.029,0.005,1.112,2.389,-1.573,-0.321,Idle
-0.034,0.002,1.114,2.328,-1.565,-0.382,Idle
-0.029,-0.001,1.1,2.336,-1.702,-0.153,Idle
-0.032,0.005,1.115,2.466,-1.908,-0.198,Idle
-0.033,0.002,1.117,2.366,-1.748,-0.519,Idle
-0.028,0,1.115,2.695,-1.672,-0.504,Idle
-0.032,0.003,1.115,2.45,-1.603,-0.397,Idle
-0.029,0.004,1.108,2.313,-1.504,-0.183,Idle
-0.036,0.002,1.112,2.374,-1.718,-0.519,Idle
-0.031,0.003,1.116,2.412,-1.489,-0.458,Idle
-0.03,0.001,1.109,2.626,-1.763,-0.313,Idle
-0.03,0.003,1.119,2.45,-1.527,-0.29,Idle
-0.036,0.007,1.118,2.344,-1.756,-0.397,Idle
-0.035,0.006,1.121,1.985,-1.786,-0.618,Idle
-0.032,0.001,1.109,2.168,-1.649,-0.45,Idle
-0.031,0.001,1.102,2.634,-1.702,-0.321,Idle
-0.033,0.007,1.109,2.45,-1.611,-0.466,Idle
-0.029,0,1.112,2.313,-1.557,-0.305,Idle
-0.034,0.003,1.113,2.397,-1.893,-0.313,Idle
-0.027,0,1.11,2.519,-1.626,-0.344,Idle
-0.032,0.002,1.113,2.405,-1.817,-0.496,Idle
-0.029,0,1.112,2.397,-1.649,-0.42,Idle
-0.03,0.003,1.111,2.321,-1.595,-0.42,Idle
-0.03,0.002,1.12,2.305,-1.534,-0.366,Idle
-0.034,0.001,1.112,2.443,-1.939,-0.458,Idle
-0.027,0.004,1.119,2.351,-1.786,-0.397,Idle
-0.034,0.001,1.11,2.458,-1.45,-0.374,Idle
-0.027,-0.001,1.114,2.275,-1.565,-0.198,Idle
-0.029,0,1.11,2.221,-1.664,-0.496,Idle
-0.033,0.001,1.112,2.435,-1.84,-0.496,Idle
-0.03,0,1.111,2.237,-2.015,-0.282,Idle
-0.032,0.005,1.11,2.443,-1.611,-0.458,Idle
-0.027,0.001,1.11,2.595,-1.71,-0.275,Idle
-0.028,0.001,1.108,2.45,-1.695,-0.534,Idle
-0.031,0.002,1.113,2.366,-1.779,-0.427,Idle
-0.032,0.004,1.114,2.359,-1.435,-0.359,Idle
-0.035,0.001,1.114,2.221,-1.733,-0.237,Idle
-0.033,0.004,1.119,2.389,-1.786,-0.267,Idle
-0.037,0.006,1.115,2.496,-1.595,-0.366,Idle
-0.031,0.003,1.113,2.45,-1.695,-0.374,Idle
-0.028,0.004,1.116,2.237,-1.588,-0.122,Idle
-0.026,0.003,1.108,2.527,-1.466,-0.282,Idle
-0.027,-0.001,1.116,2.359,-1.656,-0.351,Idle
-0.03,0,1.114,2.435,-1.618,-0.366,Idle
-0.029,0.002,1.107,2.435,-1.763,-0.374,Idle
-0.028,0,1.115,2.366,-1.519,-0.252,Idle
-0.028,0.003,1.113,2.397,-1.618,-0.244,Idle
-0.027,0.003,1.113,2.45,-1.588,-0.267,Idle
-0.026,0.003,1.108,2.42,-1.573,-0.313,Idle
-0.031,0,1.115,2.443,-1.542,-0.527,Idle
-0.031,0.006,1.109,2.481,-1.718,-0.122,Idle
-0.036,0.001,1.112,2.252,-1.779,-0.313,Idle
-0.034,0.005,1.115,2.519,-1.878,-0.191,Idle
-0.032,0,1.107,2.374,-1.679,-0.252,Idle
-0.031,0.006,1.114,2.427,-1.466,-0.473,Idle
-0.032,0.004,1.115,2.252,-1.557,-0.397,Idle
-0.031,0,1.114,2.427,-1.466,-0.359,Idle
-0.034,0.004,1.112,2.389,-1.718,-0.321,Idle
-0.029,0.005,1.114,2.473,-1.618,-0.473,Idle
-0.031,0.002,1.114,2.321,-1.466,-0.26,Idle
-0.032,0,1.107,2.42,-1.733,-0.206,Idle
-0.035,0.003,1.113,2.504,-1.58,-0.382,Idle
-0.03,0.005,1.111,2.672,-1.733,-0.328,Idle
-0.031,0.007,1.115,2.221,-1.656,-0.137,Idle
-0.03,0.006,1.116,2.351,-1.626,-0.282,Idle
-0.032,0.001,1.107,2.275,-1.641,-0.29,Idle
-0.03,0.002,1.108,2.542,-1.466,-0.252,Idle
-0.031,0,1.109,2.458,-1.504,-0.252,Idle
-0.037,0.006,1.115,2.58,-1.679,-0.466,Idle
-0.035,0.001,1.11,2.282,-1.626,-0.305,Idle
-0.031,-0.001,1.112,2.489,-1.763,-0.344,Idle
-0.027,0.002,1.11,2.198,-1.641,-0.298,Idle
-0.031,-0.001,1.11,2.183,-1.374,-0.359,Idle
-0.031,0.001,1.12,2.511,-1.802,-0.366,Idle
-0.029,0.002,1.11,2.443,-1.374,-0.458,Idle
-0.029,0.002,1.118,2.42,-1.664,-0.412,Idle
-0.033,0.002,1.118,2.397,-1.702,-0.565,Idle
-0.035,0.004,1.11,2.305,-1.641,-0.298,Idle
-0.032,0.002,1.116,2.298,-1.557,-0.183,Idle
-0.028,0.004,1.112,2.519,-1.481,-0.153,Idle
-0.033,0.004,1.116,2.473,-1.672,-0.344,Idle
-0.025,0.004,1.11,2.405,-1.565,-0.412,Idle
-0.028,0.005,1.109,2.489,-1.473,-0.466,Idle
-0.03,0.005,1.112,2.489,-1.824,-0.084,Idle
-0.027,0.004,1.107,2.573,-1.664,-0.275,Idle
-0.034,0.006,1.106,2.489,-1.626,-0.328,Idle
-0.028,0.003,1.108,2.183,-1.374,-0.466,Idle
-0.028,0.002,1.115,2.298,-1.756,-0.458,Idle
-0.032,0.005,1.116,2.427,-1.565,-0.298,Idle
-0.032,0.003,1.11,2.305,-1.58,-0.397,Idle
-0.036,0.003,1.12,2.298,-1.656,-0.366,Idle
-0.029,0.002,1.111,2.206,-1.664,-0.237,Idle
-0.033,0.007,1.11,2.458,-1.58,-0.412,Idle
-0.034,0.003,1.112,2.26,-1.641,-0.366,Idle
-0.031,0.005,1.111,2.366,-1.519,-0.29,Idle
-0.029,0.001,1.108,2.344,-1.634,-0.305,Idle
-0.028,0.002,1.113,2.504,-1.542,-0.443,Idle
-0.032,0.001,1.112,2.328,-1.779,-0.595,Idle
-0.031,0.005,1.116,2.542,-1.588,-0.328,Idle
-0.033,0.004,1.117,2.336,-1.786,-0.534,Idle
-0.029,0.005,1.109,2.466,-1.55,-0.351,Idle
-0.028,0.003,1.11,2.466,-1.733,-0.458,Idle
-0.031,0.001,1.115,2.42,-1.588,-0.328,Idle
-0.033,0,1.105,2.588,-1.649,-0.176,Idle
-0.029,0.005,1.116,2.557,-1.641,-0.061,Idle
-0.027,0.002,1.115,2.328,-1.496,-0.13,Idle
-0.035,0.002,1.12,2.26,-1.687,-0.282,Idle
-0.033,0.002,1.109,2.489,-1.802,-0.092,Idle
-0.031,-0.001,1.108,2.45,-1.71,-0.55,Idle
-0.029,0.003,1.116,2.504,-1.489,-0.298,Idle
-0.03,0.001,1.109,2.397,-1.351,-0.282,Idle
-0.032,0.002,1.115,2.344,-1.847,-0.351,Idle
-0.031,0.004,1.111,2.473,-1.511,-0.397,Idle
-0.03,-0.001,1.107,2.473,-1.771,-0.275,Idle
-0.031,0.003,1.115,2.389,-1.611,-0.412,Idle
-0.033,0.005,1.114,2.29,-1.679,-0.542,Idle
-0.031,0.006,1.115,2.435,-1.718,-0.489,Idle
-0.033,0.003,1.112,2.58,-1.664,-0.198,Idle
-0.033,0.002,1.117,2.626,-1.687,-0.458,Idle
-0.028,0.003,1.105,2.382,-1.58,-0.565,Idle
-0.031,0.003,1.109,2.435,-1.733,-0.45,Idle
-0.03,0.002,1.111,2.405,-1.802,-0.626,Idle
-0.028,0.003,1.108,2.252,-1.641,-0.496,Idle
-0.033,0.005,1.12,2.351,-1.573,0,Idle
-0.034,0.007,1.111,2.321,-1.611,-0.321,Idle
-0.039,0.006,1.124,2.313,-1.855,-0.351,Idle
-0.03,0.005,1.111,2.405,-1.534,-0.214,Idle
-0.021,-0.002,1.11,2.282,-1.496,-0.366,Idle
-0.034,0.006,1.114,2.511,-1.672,-0.58,Idle
-0.03,0.001,1.111,2.565,-1.687,-0.252,Idle
-0.03,0.007,1.112,2.397,-1.534,-0.237,Idle
-0.027,0.002,1.109,2.519,-1.748,-0.374,Idle
-0.032,0.004,1.111,2.603,-1.534,-0.214,Idle
-0.031,0.002,1.115,2.252,-1.702,-0.435,Idle
-0.035,0.008,1.115,2.42,-1.672,-0.435,Idle
-0.034,0.002,1.118,2.489,-1.664,-0.534,Idle
-0.032,0.001,1.11,2.458,-1.824,-0.565,Idle
-0.031,0.005,1.115,2.305,-1.534,-0.405,Idle
-0.027,0.001,1.111,2.397,-1.695,-0.397,Idle
-0.031,0.004,1.11,2.359,-1.42,-0.489,Idle
-0.032,0,1.11,2.595,-1.55,-0.58,Idle
-0.032,0.002,1.111,2.359,-1.824,-0.481,Idle
-0.03,0.008,1.115,2.374,-1.672,-0.351,Idle
-0.028,0.004,1.107,2.366,-1.603,-0.305,Idle
-0.028,0.002,1.108,2.321,-1.55,-0.244,Idle
-0.032,0.005,1.107,2.466,-1.702,-0.359,Idle
-0.03,0,1.115,2.389,-1.656,-0.603,Idle
-0.033,0.004,1.116,2.435,-1.58,-0.305,Idle
-0.03,0.002,1.12,2.427,-1.863,-0.412,Idle
-0.031,0.005,1.118,2.527,-1.496,-0.298,Idle
-0.026,0.002,1.109,2.443,-1.618,-0.122,Idle
-0.03,0,1.115,2.45,-1.588,-0.344,Idle
-0.027,-0.001,1.112,2.382,-1.534,-0.389,Idle
-0.031,0,1.107,2.26,-1.351,-0.168,Idle
-0.032,-0.001,1.115,2.412,-1.595,-0.29,Idle
-0.031,0.001,1.104,2.519,-1.649,-0.527,Idle
-0.028,0.001,1.105,2.328,-1.809,-0.275,Idle
-0.028,0.003,1.106,2.374,-1.802,-0.183,Idle
-0.028,-0.003,1.111,2.29,-1.427,-0.481,Idle
-0.036,0.001,1.116,2.618,-1.679,-0.229,Idle
-0.036,0.005,1.116,2.282,-1.718,-0.443,Idle
-0.029,0.003,1.106,2.489,-1.771,-0.611,Idle
-0.026,0,1.116,2.397,-1.534,-0.137,Idle
-0.031,0.003,1.113,2.435,-1.489,-0.397,Idle
-0.03,-0.001,1.109,2.458,-1.718,-0.214,Idle
-0.034,0.003,1.112,2.45,-1.618,-0.374,Idle
-0.032,0.006,1.116,2.458,-1.695,-0.351,Idle
-0.03,0.005,1.111,2.344,-1.618,-0.397,Idle
-0.035,0.004,1.109,2.611,-1.718,-0.351,Idle
-0.028,0,1.101,2.611,-1.664,-0.458,Idle
-0.031,0.002,1.11,2.481,-1.908,-0.435,Idle
-0.034,0.005,1.117,2.282,-1.687,-0.588,Idle
-0.028,0.004,1.108,2.595,-1.481,-0.42,Idle
-0.035,0.003,1.119,2.267,-1.779,-0.45,Idle
-0.034,0.006,1.116,2.282,-1.573,-0.366,Idle
-0.025,0.002,1.118,2.282,-1.771,-0.328,Idle
-0.03,0.002,1.109,2.527,-1.611,-0.42,Idle
-0.028,0.001,1.112,2.374,-1.534,-0.382,Idle
-0.032,0.006,1.11,2.687,-1.55,-0.443,Idle
-0.032,0.001,1.105,2.557,-1.641,-0.359,Idle
-0.03,-0.002,1.12,2.351,-1.588,-0.534,Idle
-0.034,0.003,1.113,2.412,-1.656,-0.206,Idle
-0.033,0.003,1.11,2.305,-1.557,-0.023,Idle
-0.036,0.007,1.119,2.412,-1.756,-0.557,Idle
-0.028,0,1.112,2.641,-1.618,-0.336,Idle
-0.034,0.005,1.12,2.336,-1.45,-0.42,Idle
-0.033,0.004,1.113,2.443,-1.641,-0.542,Idle
-0.028,-0.001,1.107,2.504,-1.389,-0.099,Idle
-0.035,0.004,1.117,2.344,-1.603,-0.382,Idle
-0.03,0.004,1.113,2.511,-1.618,-0.321,Idle
-0.031,0.006,1.114,2.29,-1.649,-0.412,Idle
-0.032,0.005,1.112,2.397,-1.763,-0.382,Idle
-0.034,0.003,1.116,2.336,-1.618,-0.481,Idle
-0.033,0,1.112,2.641,-1.771,-0.168,Idle
-0.026,0.001,1.108,2.595,-1.687,-0.183,Idle
-0.031,0.001,1.116,2.771,-1.649,-0.153,Idle
-0.029,0.002,1.108,2.55,-1.641,-0.618,Idle
-0.031,0.004,1.108,2.466,-1.863,-0.206,Idle
-0.031,0.004,1.114,2.321,-1.656,-0.29,Idle
-0.034,0.003,1.117,2.206,-1.595,-0.359,Idle
-0.031,0.001,1.12,2.405,-1.641,-0.29,Idle
-0.028,0.001,1.109,2.412,-1.679,-0.13,Idle
-0.03,0.003,1.117,2.344,-1.534,-0.229,Idle
-0.03,0,1.112,2.336,-1.557,-0.092,Idle
-0.029,0.004,1.118,2.321,-1.779,-0.29,Idle
-0.034,0.002,1.115,2.397,-1.71,-0.328,Idle
-0.034,0.003,1.109,2.42,-1.595,-0.527,Idle
-0.033,0.006,1.116,2.214,-1.595,-0.145,Idle
-0.031,0,1.116,2.534,-1.901,-0.183,Idle
-0.033,0,1.108,2.267,-1.756,-0.397,Idle
-0.03,0.003,1.116,2.351,-1.824,-0.328,Idle
-0.032,0.003,1.114,2.366,-1.573,-0.496,Idle
-0.032,0.004,1.114,2.29,-1.588,-0.252,Idle
-0.035,0.001,1.108,2.336,-1.634,-0.107,Idle
-0.031,0.005,1.116,2.489,-1.557,-0.397,Idle
-0.03,0.004,1.114,2.206,-1.595,-0.298,Idle
-0.035,0.004,1.112,2.275,-1.641,-0.489,Idle
-0.035,0.001,1.11,2.534,-1.435,-0.511,Idle
-0.032,0.002,1.107,2.336,-1.55,-0.298,Idle
-0.029,0.005,1.115,2.496,-1.618,-0.542,Idle
-0.028,-0.003,1.109,2.489,-1.573,-0.305,Idle
-0.029,0.006,1.114,2.351,-1.817,-0.473,Idle
-0.034,0.003,1.121,2.191,-1.809,-0.489,Idle
-0.035,0.004,1.123,2.153,-1.763,-0.26,Idle
-0.034,0.005,1.119,2.42,-1.672,-0.298,Idle
-0.036,0.007,1.114,2.374,-1.595,-0.176,Idle
-0.033,0.004,1.118,2.519,-1.618,-0.313,Idle
-0.029,0.002,1.106,2.45,-1.626,-0.366,Idle
-0.032,0,1.113,2.305,-2,-0.214,Idle
-0.028,0.003,1.112,2.473,-1.542,-0.397,Idle
-0.031,0.002,1.118,2.473,-1.565,-0.198,Idle
-0.034,0.006,1.107,2.45,-1.626,-0.221,Idle
-0.031,0.003,1.109,2.412,-1.664,-0.389,Idle
-0.031,0.004,1.111,2.412,-1.382,-0.137,Idle
-0.027,-0.001,1.106,2.389,-1.672,-0.389,Idle
-0.031,-0.001,1.11,2.382,-1.618,-0.176,Idle
-0.032,0.004,1.107,2.435,-1.435,-0.229,Idle
-0.031,0.005,1.117,2.321,-1.626,-0.244,Idle
-0.033,0.005,1.115,2.344,-1.641,-0.435,Idle
-0.031,0.004,1.111,2.405,-1.824,-0.137,Idle
-0.031,0.002,1.116,2.45,-1.664,-0.466,Idle
-0.028,0.002,1.111,2.534,-1.595,-0.336,Idle
-0.031,-0.001,1.114,2.221,-1.679,-0.252,Idle
-0.032,-0.003,1.113,2.466,-1.748,-0.45,Idle
-0.03,-0.001,1.114,2.473,-1.557,-0.214,Idle
-0.035,0.004,1.115,2.328,-1.244,-0.305,Idle
-0.029,0.007,1.106,2.481,-1.55,-0.389,Idle
-0.029,-0.002,1.117,2.511,-1.84,-0.366,Idle
-0.034,-0.001,1.117,2.366,-1.534,-0.305,Idle
-0.028,0.007,1.111,2.29,-1.603,-0.511,Idle
-0.035,0.001,1.112,2.42,-1.74,-0.412,Idle
-0.029,0.003,1.113,2.588,-1.588,-0.267,Idle
-0.031,0.005,1.114,2.641,-1.42,-0.473,Idle
-0.03,0.002,1.11,2.176,-1.649,-0.405,Idle
-0.031,0.004,1.111,2.351,-1.489,-0.321,Idle
-0.031,0.004,1.11,2.527,-1.58,-0.458,Idle
-0.03,-0.003,1.114,2.382,-1.573,-0.412,Idle
-0.029,0,1.115,2.641,-1.565,-0.275,Idle
-0.03,0.001,1.105,2.405,-1.656,-0.305,Idle
-0.03,0.005,1.11,2.412,-1.519,-0.55,Idle
-0.027,0.005,1.116,2.443,-1.496,-0.42,Idle
-0.029,0.002,1.104,2.412,-1.351,-0.344,Idle
-0.032,0.001,1.111,2.496,-1.748,-0.137,Idle
-0.03,-0.001,1.114,2.351,-1.702,-0.122,Idle
-0.03,0.004,1.115,2.359,-1.855,-0.221,Idle
-0.03,0.001,1.111,2.176,-1.71,-0.359,Idle
-0.027,0,1.117,2.389,-1.504,-0.573,Idle
-0.029,0.004,1.122,2.435,-1.733,-0.473,Idle
-0.031,0.004,1.113,2.473,-1.45,-0.374,Idle
-0.029,0,1.115,2.412,-1.473,-0.336,Idle
-0.023,0,1.11,2.496,-1.344,-0.359,Idle
-0.034,0.008,1.109,2.389,-1.901,-0.489,Idle
-0.029,0.002,1.108,2.42,-1.725,-0.267,Idle
-0.027,-0.001,1.107,2.405,-1.489,-0.42,Idle
-0.03,0,1.111,2.405,-1.534,-0.45,Idle
-0.032,0.004,1.108,2.45,-1.504,-0.221,Idle
-0.025,0.002,1.113,2.405,-1.42,-0.328,Idle
-0.028,0.005,1.111,2.42,-1.649,-0.145,Idle
-0.032,0.003,1.117,2.511,-1.374,-0.244,Idle
-0.021,-0.001,1.095,2.687,-1.557,-0.298,Idle
-0.029,-0.002,1.101,2.427,-1.397,-0.473,Idle
-0.036,0.005,1.11,2.519,-1.618,-0.206,Idle
-0.024,0.001,1.108,2.382,-1.695,-0.168,Idle
-0.033,0.005,1.118,2.389,-1.679,-0.214,Idle
-0.03,0.005,1.112,2.534,-1.473,-0.412,Idle
-0.035,0.003,1.108,2.382,-1.443,-0.214,Idle
-0.035,0.002,1.119,2.351,-1.588,-0.29,Idle
-0.029,0.002,1.109,2.496,-1.557,-0.427,Idle
-0.03,0.004,1.113,2.244,-1.71,-0.267,Idle
-0.033,0.002,1.109,2.481,-1.718,-0.275,Idle
-0.03,0.001,1.109,2.359,-1.733,-0.534,Idle
-0.032,0.001,1.119,2.305,-1.427,-0.565,Idle
-0.033,0.003,1.112,2.397,-1.511,-0.427,Idle
-0.031,0.001,1.116,2.389,-1.565,-0.481,Idle
-0.03,0.003,1.112,2.435,-1.527,-0.336,Idle
-0.03,0.005,1.115,2.26,-1.489,-0.313,Idle
-0.03,0.002,1.115,2.336,-1.656,-0.458,Idle
-0.036,0.004,1.11,2.344,-1.656,-0.351,Idle
-0.035,0.005,1.113,2.305,-1.756,-0.458,Idle
-0.028,0.006,1.109,2.198,-1.756,-0.214,Idle
-0.031,0.004,1.116,2.412,-1.634,-0.29,Idle
-0.027,0.002,1.114,2.489,-1.656,-0.336,Idle
-0.035,0.005,1.114,2.55,-1.702,-0.298,Idle
-0.027,0,1.108,2.389,-1.565,-0.099,Idle
-0.031,0.001,1.111,2.229,-1.458,-0.344,Idle
-0.033,0.004,1.109,2.397,-1.626,-0.443,Idle
-0.032,0.002,1.111,2.397,-1.534,-0.427,Idle
-0.036,0.005,1.118,2.382,-1.634,-0.359,Idle
-0.028,0.005,1.107,2.412,-1.565,-0.573,Idle
-0.032,0,1.112,2.214,-1.733,-0.374,Idle
-0.032,0,1.112,2.229,-1.511,-0.092,Idle
-0.03,0.003,1.116,2.542,-1.756,-0.244,Idle
-0.033,0.008,1.116,2.672,-1.603,-0.489,Idle
-0.032,0.005,1.113,2.328,-1.519,-0.534,Idle
-0.031,0.006,1.111,2.351,-1.603,-0.359,Idle
-0.031,0,1.103,2.542,-1.466,-0.504,Idle
-0.031,0.004,1.109,2.328,-1.443,-0.458,Idle
-0.033,0,1.117,2.435,-1.458,-0.214,Idle
-0.031,0.003,1.114,2.496,-1.443,-0.252,Idle
-0.035,0.005,1.118,2.366,-1.626,-0.305,Idle
-0.032,0.004,1.113,2.435,-1.748,-0.397,Idle
-0.031,0.004,1.116,2.504,-1.702,-0.527,Idle
-0.031,0.002,1.113,2.366,-1.588,-0.45,Idle
-0.031,0,1.109,2.244,-1.809,-0.382,Idle
-0.03,0,1.116,2.366,-1.588,-0.26,Idle
-0.031,0.006,1.11,2.58,-1.702,-0.305,Idle
-0.028,0.003,1.115,2.45,-1.45,-0.267,Idle
-0.03,0.001,1.109,2.328,-1.519,-0.26,Idle
-0.027,0,1.118,2.389,-1.679,-0.504,Idle
-0.033,0.002,1.113,2.504,-1.588,-0.26,Idle
-0.031,0,1.112,2.229,-1.725,-0.481,Idle
-0.031,0.001,1.11,2.313,-1.74,-0.389,Idle
-0.034,0.001,1.108,2.618,-1.382,-0.389,Idle
-0.033,0.002,1.119,2.527,-1.55,-0.374,Idle
-0.031,0.003,1.115,2.45,-1.511,-0.137,Idle
-0.029,0.001,1.11,2.366,-1.695,-0.389,Idle
-0.031,0.003,1.106,2.183,-1.542,-0.588,Idle
-0.031,0,1.115,2.573,-1.527,-0.412,Idle
-0.032,0.005,1.112,2.527,-1.603,-0.122,Idle
-0.026,-0.001,1.109,2.473,-1.405,-0.244,Idle
-0.031,0.006,1.12,2.252,-1.71,-0.282,Idle
-0.031,0.003,1.114,2.496,-1.679,-0.374,Idle
-0.027,0.005,1.107,2.542,-1.649,-0.313,Idle
-0.032,0.002,1.109,2.466,-1.634,-0.336,Idle
-0.033,0.007,1.117,2.321,-1.763,-0.458,Idle
-0.03,0.001,1.111,2.366,-1.557,-0.58,Idle
-0.033,0.006,1.117,2.298,-1.565,-0.527,Idle
-0.034,0.004,1.116,2.191,-1.756,-0.618,Idle
-0.034,0.002,1.11,2.298,-1.557,-0.305,Idle
-0.034,0.002,1.113,2.229,-1.618,-0.405,Idle
-0.03,0.003,1.104,2.489,-1.687,-0.405,Idle
-0.029,0.003,1.107,2.405,-1.695,-0.435,Idle
-0.029,-0.002,1.111,2.397,-1.298,-0.122,Idle
-0.028,-0.002,1.113,2.55,-1.779,-0.229,Idle
-0.035,0.006,1.113,2.405,-1.634,-0.305,Idle
-0.027,0.002,1.115,2.244,-1.504,-0.191,Idle
-0.035,0.006,1.107,2.244,-1.779,-0.252,Idle
-0.038,0.005,1.11,2.198,-1.748,-0.389,Idle
-0.035,0.004,1.115,2.305,-1.832,-0.313,Idle
-0.03,0.002,1.11,2.519,-1.687,-0.496,Idle
-0.035,0.001,1.103,2.298,-1.42,-0.427,Idle
-0.03,0.001,1.109,2.313,-1.214,-0.45,Idle
-0.033,0.002,1.115,2.214,-1.611,-0.275,Idle
-0.034,0.004,1.116,2.534,-1.718,-0.389,Idle
-0.031,0,1.112,2.313,-1.405,-0.443,Idle
-0.034,0.007,1.117,2.443,-1.771,-0.16,Idle
-0.037,0.006,1.113,2.237,-1.84,-0.473,Idle
-0.031,0.006,1.122,2.427,-1.687,-0.351,Idle
-0.035,0.004,1.111,2.359,-1.565,-0.519,Idle
-0.031,0.006,1.113,2.405,-1.695,-0.389,Idle
-0.028,0.003,1.109,2.58,-1.473,-0.496,Idle
-0.028,0.001,1.109,2.206,-1.718,-0.336,Idle
-0.03,0.003,1.106,2.298,-1.794,-0.405,Idle
-0.036,0.004,1.112,2.374,-1.695,-0.267,Idle
-0.031,0.005,1.113,2.496,-1.748,-0.382,Idle
-0.031,0.004,1.115,2.298,-1.718,-0.29,Idle
-0.037,0.007,1.119,2.603,-1.725,-0.351,Idle
-0.034,0.008,1.111,2.649,-1.733,-0.389,Idle
-0.03,-0.001,1.115,2.42,-1.687,-0.336,Idle
-0.03,0.008,1.116,2.237,-1.733,-0.542,Idle
-0.029,0.004,1.108,2.214,-1.435,-0.252,Idle
-0.033,0.001,1.111,2.267,-1.695,-0.252,Idle
-0.029,0.005,1.11,2.26,-1.412,-0.29,Idle
-0.035,0.004,1.115,2.534,-1.611,-0.26,Idle
-0.033,-0.001,1.109,2.29,-1.664,-0.221,Idle
-0.029,0.006,1.11,2.565,-1.733,-0.244,Idle
-0.034,0,1.115,2.359,-1.771,-0.099,Idle
-0.03,0.005,1.105,2.58,-1.45,-0.534,Idle
-0.029,0.002,1.113,2.435,-1.466,-0.237,Idle
-0.031,0,1.115,2.427,-1.802,-0.229,Idle
-0.033,0,1.118,2.427,-1.87,-0.389,Idle
-0.031,0.004,1.114,2.435,-1.374,-0.397,Idle
-0.035,0.007,1.117,2.435,-1.748,-0.389,Idle
-0.038,0.001,1.117,2.481,-1.679,-0.313,Idle
-0.034,0.002,1.114,2.389,-1.542,-0.397,Idle
-0.036,0.004,1.113,2.351,-1.588,-0.336,Idle
-0.029,0.004,1.114,2.443,-1.611,-0.565,Idle
-0.03,0.003,1.11,2.412,-1.878,-0.649,Idle
-0.035,0,1.112,2.412,-1.527,-0.397,Idle
-0.033,0.005,1.104,2.458,-1.641,-0.374,Idle
-0.038,0.005,1.123,2.29,-1.725,-0.29,Idle
-0.039,0.01,1.118,2.321,-1.588,-0.328,Idle
-0.039,0.006,1.122,2.435,-1.573,-0.168,Idle
-0.012,-0.005,1.105,2.809,-1.237,-0.29,Idle
-0.015,-0.003,1.089,2.534,-0.824,-0.275,Idle
-0.028,-0.001,1.111,2.542,-1.275,-0.565,Idle
-0.028,-0.001,1.104,2.26,-1.733,-0.366,Idle
-0.027,0.005,1.123,2.435,-1.802,-0.397,Idle
-0.032,-0.003,1.122,2.359,-1.573,-0.115,Idle
-0.032,0.004,1.107,2.397,-1.756,-0.29,Idle
-0.032,0.003,1.116,2.481,-1.595,-0.618,Idle
-0.032,0.003,1.114,2.382,-1.702,-0.321,Idle
-0.033,0.005,1.122,2.359,-1.679,-0.313,Idle
-0.035,0.002,1.114,2.42,-1.511,-0.221,Idle
-0.031,0.003,1.114,2.313,-1.58,-0.466,Idle
-0.033,0.003,1.111,2.275,-1.779,-0.45,Idle
-0.032,0.003,1.109,2.466,-1.58,-0.26,Idle
-0.033,0.006,1.113,2.351,-1.832,-0.565,Idle
-0.031,0.002,1.11,2.168,-1.634,-0.313,Idle
-0.032,0.001,1.12,2.374,-1.634,-0.145,Idle
-0.03,0.002,1.119,2.336,-1.534,-0.336,Idle
-0.027,0,1.116,2.504,-1.351,-0.26,Idle
-0.044,0.016,1.107,2.252,-1.71,-0.107,Idle
-0.017,0.002,1.077,2.527,-1.344,-0.107,Idle
0.021,-0.029,1.082,2.901,-0.137,-0.305,Idle
-0.037,-0.006,1.118,3.145,-0.878,-0.092,Idle
-0.049,-0.02,1.138,2.328,-1.679,-0.405,Idle
-0.048,0.01,1.158,2.107,-2.137,-0.374,Idle
-0.025,-0.024,1.119,2.42,-1.656,-0.412,Idle
-0.049,0.016,1.109,2.42,-1.618,-0.565,Idle
-0.015,-0.008,1.114,2.878,-1.298,-0.321,Idle
-0.002,-0.017,1.085,2.55,-0.885,-0.26,Idle
-0.016,-0.007,1.102,2.565,-1.664,-0.435,Idle
-0.023,0.005,1.115,2.198,-1.588,-0.313,Idle
-0.071,0.035,1.127,1.748,-2.496,-0.626,Idle
-0.094,0.052,1.135,1.779,-2.939,-0.58,Idle
-0.027,-0.003,1.096,2.55,-1.771,-0.405,Idle
-0.053,0.007,1.127,2.168,-1.962,-0.389,Idle
-0.033,0.005,1.106,2.511,-1.771,-0.313,Idle
-0.024,0.001,1.103,2.641,-1.389,-0.183,Idle
-0.024,-0.003,1.106,2.595,-1.618,-0.458,Idle
-0.028,0.005,1.104,2.344,-1.71,-0.458,Idle
-0.031,0.003,1.11,2.397,-1.588,-0.305,Idle
-0.034,0.008,1.115,2.519,-1.71,-0.435,Idle
-0.032,0.007,1.115,2.511,-1.664,-0.634,Idle
-0.032,0.009,1.11,2.366,-1.771,-0.344,Idle
-0.029,0,1.118,2.305,-1.756,-0.191,Idle
-0.029,0.001,1.115,2.435,-1.634,-0.481,Idle
-0.025,0.003,1.111,2.588,-1.489,-0.397,Idle
-0.027,-0.001,1.106,2.412,-1.496,-0.275,Idle
-0.028,0.004,1.11,2.351,-1.527,-0.656,Idle
-0.028,0.001,1.109,2.427,-1.611,-0.382,Idle
-0.034,0,1.111,2.458,-1.656,-0.336,Idle
-0.031,0.007,1.11,2.573,-1.618,-0.305,Idle
-0.028,0.001,1.108,2.511,-1.74,-0.26,Idle
-0.025,0.003,1.108,2.321,-1.527,-0.176,Idle
-0.029,0,1.118,2.45,-1.298,-0.305,Idle
-0.031,0.002,1.11,2.382,-1.656,-0.366,Idle
-0.032,0.004,1.113,2.145,-1.725,-0.504,Idle
-0.032,0.003,1.113,2.641,-1.794,-0.427,Idle
-0.028,0,1.113,2.412,-1.405,-0.145,Idle
-0.025,0,1.11,2.511,-1.519,-0.412,Idle
-0.025,-0.001,1.113,2.534,-1.405,-0.145,Idle
-0.026,0.003,1.099,2.534,-1.435,-0.336,Idle
-0.028,-0.001,1.105,2.58,-1.55,-0.336,Idle
-0.021,-0.003,1.106,2.489,-1.26,-0.412,Idle
-0.026,0,1.101,2.527,-1.534,-0.267,Idle
-0.029,-0.001,1.105,2.603,-1.656,-0.298,Idle
-0.027,0.002,1.107,2.374,-1.626,-0.382,Idle
-0.028,0.004,1.115,2.45,-1.786,-0.206,Idle
-0.026,0.004,1.111,2.565,-1.489,-0.473,Idle
-0.031,0.002,1.115,2.534,-1.45,-0.565,Idle
-0.038,0.005,1.108,2.397,-1.573,-0.45,Idle
-0.03,0.003,1.106,2.435,-1.496,-0.16,Idle
-0.031,0.002,1.116,2.565,-1.588,-0.389,Idle
-0.032,0,1.114,2.366,-1.756,-0.389,Idle
-0.03,0.002,1.116,2.229,-1.718,-0.382,Idle
-0.035,0.006,1.117,2.252,-1.557,-0.412,Idle
-0.032,0.003,1.113,2.397,-1.718,-0.313,Idle
-0.033,0.003,1.116,2.282,-1.641,-0.221,Idle
-0.028,0.004,1.11,2.305,-1.695,-0.328,Idle
-0.034,0.003,1.117,2.496,-1.641,-0.511,Idle
-0.032,0,1.112,2.496,-1.397,-0.344,Idle
-0.03,0.003,1.11,2.351,-1.603,-0.382,Idle
-0.031,0.001,1.111,2.427,-1.473,-0.168,Idle
-0.031,0.001,1.114,2.443,-1.71,-0.435,Idle
-0.036,0.007,1.118,2.435,-1.908,-0.198,Idle
-0.033,0.002,1.122,2.305,-1.71,-0.511,Idle
-0.033,0,1.116,2.198,-1.557,-0.29,Idle
-0.027,0,1.104,2.519,-1.672,-0.237,Idle
-0.028,0.003,1.111,2.382,-1.344,-0.214,Idle
-0.082,0.006,1.127,1.84,-2.824,-0.611,Idle
0.012,-0.01,1.075,3.198,-0.679,-0.099,Idle
0.121,-0.074,1.102,4.527,2.046,0.321,Idle
-0.093,0.027,1.179,1.443,-3.176,-0.595,Idle
-0.039,-0.058,1.15,2.618,-1.443,-0.221,Idle
-0.02,0.026,1.115,2.542,-1.237,-0.382,Idle
-0.013,-0.001,1.118,2.779,-1.168,-0.366,Idle
-0.047,0.002,1.124,2.344,-1.947,-0.466,Idle
-0.024,0.006,1.114,2.656,-1.55,-0.053,Idle
-0.025,-0.002,1.124,2.282,-1.26,-0.374,Idle
-0.037,0.002,1.113,2.656,-1.496,-0.412,Idle
-0.029,0,1.107,2.443,-1.466,-0.473,Idle
-0.037,0,1.115,2.42,-1.779,-0.412,Idle
-0.032,0.004,1.106,2.55,-1.901,-0.29,Idle
-0.028,0.002,1.112,2.511,-1.458,-0.076,Idle
-0.033,0.001,1.107,2.344,-1.786,-0.412,Idle
-0.031,0.009,1.109,2.389,-1.634,-0.366,Idle
-0.03,0.004,1.113,2.389,-1.534,-0.229,Idle
-0.034,0,1.108,2.389,-1.74,-0.29,Idle
-0.031,0.002,1.116,2.328,-1.611,-0.221,Idle
-0.029,0.006,1.11,2.832,-1.748,-0.466,Idle
-0.035,0.002,1.115,2.397,-1.802,-0.42,Idle
-0.029,0.005,1.111,2.366,-1.763,-0.42,Idle
-0.04,0.007,1.112,2.214,-1.695,-0.42,Idle
-0.016,-0.008,1.116,2.557,-1.359,-0.015,Idle
-0.031,0.004,1.118,2.145,-1.87,-0.427,Idle
-0.052,0.008,1.121,2.13,-1.954,-0.29,Idle
-0.026,0.008,1.112,2.336,-1.824,-0.374,Idle
-0.031,0.001,1.108,2.473,-1.542,-0.473,Idle
-0.025,-0.001,1.111,2.588,-1.573,-0.557,Idle
-0.04,0.003,1.118,2.168,-1.931,-0.473,Idle
-0.037,0.006,1.118,2.519,-1.763,-0.206,Idle
-0.034,0.005,1.12,2.573,-1.87,-0.145,Idle
-0.031,0.008,1.118,2.26,-1.534,-0.344,Idle
-0.031,0.001,1.1,2.267,-1.618,-0.305,Idle
-0.031,0.002,1.115,2.443,-1.634,-0.42,Idle
-0.031,0,1.113,2.435,-1.794,-0.336,Idle
-0.032,0,1.111,2.122,-1.885,-0.534,Idle
-0.034,0.003,1.113,2.397,-1.74,-0.229,Idle
-0.03,-0.003,1.107,2.45,-1.588,-0.16,Idle
-0.034,0.005,1.118,2.13,-1.71,-0.336,Idle
-0.03,0.005,1.116,2.313,-1.565,-0.389,Idle
-0.033,0.004,1.114,2.137,-1.893,-0.42,Idle
-0.03,0.001,1.123,2.42,-1.557,-0.214,Idle
-0.037,0.007,1.115,2.527,-1.58,-0.573,Idle
-0.031,0,1.113,2.458,-1.611,-0.504,Idle
-0.031,-0.001,1.115,2.374,-1.466,-0.626,Idle
-0.032,0.007,1.114,2.45,-1.664,-0.244,Idle
-0.031,0.002,1.115,2.718,-1.786,-0.298,Idle
-0.032,0.001,1.118,2.389,-1.847,-0.267,Idle
-0.031,0.004,1.107,2.366,-1.42,-0.229,Idle
-0.029,0.005,1.118,2.458,-1.511,-0.198,Idle
-0.032,0.003,1.113,2.412,-1.679,-0.374,Idle
-0.031,0.003,1.108,2.565,-1.611,-0.511,Idle
-0.031,0.002,1.113,2.718,-1.565,-0.313,Idle
-0.031,0.002,1.115,2.305,-1.878,-0.42,Idle
-0.033,0.002,1.113,2.336,-2.023,-0.359,Idle
-0.03,0.004,1.113,2.122,-1.794,-0.534,Idle
-0.029,0.003,1.108,2.313,-1.794,-0.374,Idle
-0.031,0.002,1.11,2.382,-1.672,-0.435,Idle
-0.029,0.001,1.113,2.603,-1.58,-0.489,Idle
-0.027,0,1.108,2.611,-1.435,-0.183,Idle
-0.031,0.005,1.11,2.519,-1.557,-0.084,Idle
-0.029,-0.001,1.109,2.519,-1.55,-0.397,Idle
-0.031,0.003,1.124,2.489,-1.725,-0.382,Idle
-0.034,0.003,1.118,2.29,-1.847,-0.389,Idle
-0.036,0.005,1.113,2.244,-1.733,-0.504,Idle
-0.03,0.003,1.115,2.252,-1.687,-0.305,Idle
-0.031,0.002,1.112,2.344,-1.687,-0.168,Idle
-0.027,0.002,1.118,2.595,-1.664,-0.466,Idle
-0.024,0,1.105,2.565,-1.649,-0.397,Idle
-0.025,0.001,1.108,2.42,-1.779,-0.412,Idle
-0.027,0.002,1.119,2.313,-1.458,-0.267,Idle
-0.032,0.001,1.108,2.397,-1.809,-0.336,Idle
-0.029,0.003,1.115,2.511,-1.58,-0.42,Idle
-0.033,0.003,1.12,2.321,-1.885,-0.42,Idle
-0.033,0,1.113,2.45,-1.87,-0.511,Idle
-0.035,0.002,1.115,2.29,-1.634,-0.26,Idle
-0.033,0.003,1.109,2.336,-1.733,-0.313,Idle
-0.037,0.008,1.12,2.321,-1.656,-0.366,Idle
-0.032,0.006,1.112,2.427,-1.847,-0.359,Idle
-0.033,0.008,1.111,2.397,-1.679,-0.412,Idle
-0.03,0.007,1.121,2.237,-1.58,-0.519,Idle
-0.027,-0.001,1.114,2.435,-1.977,-0.389,Idle
-0.03,0.002,1.114,2.504,-1.595,-0.466,Idle
-0.027,0.002,1.109,2.435,-1.618,-0.405,Idle
-0.031,0.002,1.112,2.534,-1.817,-0.252,Idle
-0.026,-0.001,1.108,2.557,-1.458,-0.359,Idle
-0.029,0.001,1.109,2.153,-1.588,-0.405,Idle
-0.032,0.005,1.111,2.603,-1.794,-0.519,Idle
-0.033,-0.002,1.108,2.534,-1.634,-0.427,Idle
-0.032,0.001,1.114,2.176,-1.901,-0.267,Idle
-0.029,0.001,1.108,2.359,-1.473,-0.366,Idle
-0.029,0.007,1.114,2.458,-1.695,-0.282,Idle
-0.036,0.002,1.111,2.55,-1.534,-0.504,Idle
-0.032,0.002,1.113,2.351,-1.71,-0.511,Idle
-0.032,0.001,1.115,2.565,-1.695,-0.443,Idle
-0.028,0.004,1.117,2.214,-1.542,-0.412,Idle
-0.033,0.004,1.118,2.405,-1.511,-0.344,Idle
-0.032,0.003,1.111,2.336,-1.511,-0.046,Idle
-0.036,0.004,1.11,2.336,-1.634,-0.313,Idle
-0.039,0.008,1.111,2.275,-1.573,-0.359,Idle
-0.039,0.002,1.13,2.198,-1.725,-0.595,Idle
-0.02,-0.002,1.103,2.382,-1.397,-0.298,Idle
-0.014,-0.013,1.098,2.611,-1.183,-0.26,Idle
-0.024,-0.004,1.095,2.626,-1.183,-0.13,Idle
-0.033,-0.001,1.111,2.649,-1.58,-0.359,Idle
-0.029,0.001,1.118,2.359,-1.702,-0.282,Idle
-0.034,0.008,1.115,2.344,-1.634,-0.29,Idle
-0.036,0.001,1.107,2.519,-1.832,-0.206,Idle
-0.03,0.003,1.117,2.336,-1.84,-0.519,Idle
-0.037,0.01,1.11,2.527,-1.832,-0.595,Idle
-0.033,0.003,1.115,2.557,-1.305,-0.26,Idle
-0.03,-0.001,1.113,2.458,-1.504,-0.603,Idle
-0.03,0.001,1.114,2.366,-1.496,-0.374,Idle
-0.032,0.006,1.115,2.336,-1.687,-0.458,Idle
-0.039,0.006,1.115,2.511,-1.687,-0.435,Idle
-0.035,0.003,1.105,2.489,-1.542,-0.183,Idle
-0.031,0,1.106,2.229,-1.939,-0.443,Idle
-0.035,0.004,1.116,2.267,-1.672,-0.55,Idle
-0.033,0.007,1.11,2.252,-1.763,-0.198,Idle
-0.027,0,1.114,2.389,-1.672,-0.229,Idle
-0.029,0,1.115,2.489,-1.656,-0.252,Idle
-0.031,-0.001,1.117,2.221,-1.718,-0.626,Idle
-0.03,0.004,1.117,2.237,-1.74,-0.427,Idle
-0.033,0.003,1.114,2.405,-1.763,-0.298,Idle
-0.03,0.004,1.116,2.496,-1.557,-0.313,Idle
-0.033,0.003,1.11,2.29,-1.756,-0.412,Idle
-0.031,0.007,1.112,2.496,-1.74,-0.458,Idle
-0.033,0.003,1.116,2.466,-1.618,-0.145,Idle
-0.036,0.003,1.112,2.519,-1.733,-0.603,Idle
-0.029,0.002,1.107,2.321,-1.527,-0.137,Idle
-0.037,-0.001,1.109,2.405,-1.611,-0.321,Idle
-0.021,0.006,1.119,2.496,-1.519,-0.313,Idle
-0.029,0.004,1.113,2.313,-1.718,-0.359,Idle
-0.05,0.005,1.115,2.389,-1.702,-0.351,Idle
-0.043,0.008,1.125,2.214,-2.008,-0.176,Idle
-0.029,0.004,1.12,2.382,-1.634,-0.244,Idle
-0.032,0.005,1.114,2.267,-1.672,-0.443,Idle
-0.03,0.007,1.117,2.389,-1.595,-0.458,Idle
-0.033,0.008,1.114,2.328,-1.588,-0.405,Idle
-0.03,0,1.112,2.466,-1.611,-0.267,Idle
-0.025,0.001,1.111,2.313,-1.634,-0.435,Idle
-0.029,0.005,1.119,2.45,-1.641,-0.527,Idle
-0.031,0.008,1.115,2.374,-1.786,-0.496,Idle
-0.026,0.002,1.116,2.351,-1.718,-0.45,Idle
-0.033,0.006,1.114,2.191,-1.427,-0.58,Idle
-0.033,0.003,1.111,2.099,-1.702,-0.504,Idle
-0.029,0,1.113,2.481,-1.725,-0.344,Idle
-0.034,0.001,1.116,2.527,-1.534,-0.092,Idle
-0.028,0.007,1.11,2.473,-1.435,-0.267,Idle
-0.033,0,1.115,2.466,-1.74,-0.458,Idle
-0.033,0.002,1.118,2.527,-1.855,-0.206,Idle
-0.038,0.007,1.115,2.42,-1.649,-0.336,Idle
-0.029,0.002,1.108,2.328,-1.55,-0.405,Idle
-0.036,0.004,1.116,2.191,-1.855,-0.382,Idle
-0.035,0.005,1.108,2.443,-1.618,-0.191,Idle
-0.036,0.005,1.117,2.595,-1.702,-0.405,Idle
-0.036,0.006,1.113,2.237,-1.687,-0.298,Idle
-0.028,0,1.112,2.405,-1.618,-0.336,Idle
-0.027,-0.002,1.11,2.298,-1.321,-0.351,Idle
-0.025,0.003,1.112,2.298,-1.55,-0.45,Idle
-0.032,0.005,1.11,2.298,-1.756,-0.321,Idle
-0.026,0.001,1.107,2.489,-1.321,-0.145,Idle
-0.032,0,1.116,2.298,-1.863,-0.481,Idle
-0.029,0.001,1.117,2.374,-1.74,-0.359,Idle
-0.036,0.006,1.116,2.344,-1.748,-0.542,Idle
-0.033,0.005,1.105,2.626,-1.687,-0.305,Idle
-0.028,0.003,1.112,2.443,-1.344,-0.443,Idle
-0.027,-0.002,1.105,2.252,-1.954,-0.275,Idle
-0.027,0.005,1.109,2.45,-1.573,-0.809,Idle
-0.03,0,1.11,2.344,-1.74,-0.252,Idle
-0.032,0.003,1.112,2.397,-1.634,-0.328,Idle
-0.032,0.002,1.118,2.389,-1.939,-0.206,Idle
-0.052,0.018,1.111,2.092,-1.664,-0.412,Idle
-0.031,0,1.114,2.443,-1.603,-0.466,Idle
-0.02,0.001,1.113,2.603,-1.313,-0.275,Idle
-0.019,-0.002,1.105,2.305,-1.412,-0.45,Idle
-0.023,-0.002,1.108,2.55,-1.634,-0.176,Idle
-0.028,-0.002,1.109,2.618,-1.252,-0.275,Idle
-0.032,0,1.095,2.473,-1.786,-0.321,Idle
-0.038,0.005,1.115,2.466,-1.702,-0.244,Idle
-0.037,0.01,1.115,2.038,-1.824,-0.557,Idle
-0.019,-0.009,1.11,2.649,-1.611,-0.061,Idle
-0.02,0,1.107,2.519,-1.557,-0.328,Idle
-0.027,-0.001,1.11,2.412,-1.252,-0.336,Idle
-0.032,0.003,1.117,2.321,-1.71,-0.351,Idle
-0.029,0.007,1.108,2.344,-1.893,-0.26,Idle
-0.031,0.002,1.126,2.305,-1.458,-0.275,Idle
-0.032,0.005,1.114,2.58,-1.687,-0.237,Idle
-0.034,0.007,1.115,2.366,-1.718,-0.221,Idle
-0.02,-0.006,1.099,2.725,-1.221,-0.511,Idle
-0.012,-0.01,1.088,2.672,-1.145,-0.366,Idle
-0.018,0.002,1.101,2.649,-1.382,-0.336,Idle
-0.017,0.004,1.106,2.466,-1.092,-0.321,Idle
-0.02,0.005,1.12,2.427,-1.565,-0.313,Idle
-0.022,-0.001,1.11,2.55,-1.267,-0.191,Idle
-0.03,0.001,1.11,2.42,-1.763,-0.206,Idle
-0.031,0.002,1.107,2.427,-1.687,-0.351,Idle
-0.031,0.003,1.114,2.458,-1.641,-0.603,Idle
-0.034,0.003,1.11,2.244,-1.595,-0.382,Idle
-0.033,0,1.108,2.565,-1.595,-0.458,Idle
-0.033,0.002,1.11,2.511,-1.565,-0.305,Idle
-0.029,0.006,1.118,2.397,-1.42,-0.389,Idle
-0.03,0.003,1.108,2.458,-1.527,-0.382,Idle
-0.034,0.002,1.119,2.389,-1.588,-0.466,Idle
-0.034,0.01,1.112,2.298,-1.687,-0.359,Idle
-0.035,0.001,1.115,2.595,-1.947,-0.328,Idle
-0.031,-0.002,1.094,2.511,-1.824,-0.496,Idle
-0.031,0.004,1.108,2.336,-1.626,-0.275,Idle
-0.031,0.004,1.108,2.359,-1.527,-0.344,Idle
-0.033,0.005,1.111,2.656,-1.664,-0.405,Idle
-0.03,0.002,1.111,2.695,-1.466,-0.321,Idle
-0.029,0.002,1.108,2.466,-1.458,-0.191,Idle
-0.033,0.001,1.11,2.359,-1.71,-0.466,Idle
-0.032,0.002,1.113,2.26,-1.618,-0.435,Idle
-0.031,0.002,1.112,2.374,-1.58,-0.466,Idle
-0.028,0.004,1.113,2.237,-1.458,-0.359,Idle
-0.028,0.006,1.117,2.527,-1.702,-0.191,Idle
-0.033,0.003,1.112,2.45,-1.786,-0.725,Idle
-0.032,0.005,1.104,2.267,-1.733,-0.435,Idle
-0.033,0.005,1.111,2.298,-1.519,-0.519,Idle
-0.032,0.003,1.113,2.511,-1.626,-0.588,Idle
-0.032,0,1.105,2.542,-1.351,-0.496,Idle
-0.03,0.006,1.121,2.504,-1.313,-0.656,Idle
-0.034,0.002,1.112,2.634,-1.817,-0.458,Idle
-0.032,0,1.105,2.405,-1.74,-0.359,Idle
-0.033,0.005,1.119,2.45,-1.527,-0.344,Idle
-0.031,0,1.114,2.389,-1.641,-0.267,Idle
-0.031,0,1.113,2.573,-1.542,-0.191,Idle
-0.031,0.001,1.12,2.405,-1.481,-0.481,Idle
-0.034,-0.001,1.114,2.221,-1.511,-0.351,Idle
-0.031,0.006,1.11,2.458,-1.504,-0.282,Idle
-0.033,-0.003,1.111,2.435,-1.771,-0.298,Idle
-0.031,0.003,1.11,2.504,-1.656,-0.366,Idle
-0.03,0.002,1.106,2.397,-1.824,-0.511,Idle
-0.033,0.006,1.114,2.466,-1.885,-0.305,Idle
-0.027,0,1.112,2.374,-1.931,-0.313,Idle
-0.029,-0.002,1.114,2.473,-1.733,-0.313,Idle
-0.029,0.006,1.116,2.382,-1.634,-0.588,Idle
-0.029,0.003,1.113,2.267,-1.397,-0.321,Idle
-0.029,0.004,1.116,2.511,-1.733,-0.305,Idle
-0.028,0.005,1.107,2.397,-1.626,-0.588,Idle
-0.032,0.002,1.115,2.275,-1.656,-0.366,Idle
-0.032,-0.001,1.112,2.458,-1.427,-0.183,Idle
-0.031,0.002,1.119,2.466,-1.595,-0.328,Idle
-0.03,0,1.117,2.458,-1.702,-0.267,Idle
-0.027,-0.002,1.104,2.656,-1.748,-0.412,Idle
-0.027,0.003,1.105,2.427,-1.595,-0.412,Idle
-0.035,0.006,1.095,2.481,-1.672,-0.29,Idle
-0.028,0.001,1.112,2.282,-1.458,-0.466,Idle
-0.029,0.002,1.103,2.382,-1.679,-0.13,Idle
-0.032,0.004,1.116,2.313,-1.565,-0.275,Idle
-0.032,0.006,1.113,2.389,-1.511,-0.473,Idle
-0.029,0.002,1.112,2.58,-1.489,-0.252,Idle
-0.032,0.002,1.115,2.305,-1.511,-0.305,Idle
-0.027,0.006,1.116,2.603,-1.481,-0.336,Idle
-0.033,0.004,1.105,2.565,-1.427,-0.16,Idle
-0.035,0.007,1.115,2.481,-1.702,-0.321,Idle
-0.032,0.001,1.109,2.427,-1.519,-0.466,Idle
-0.032,0.003,1.11,2.473,-1.947,-0.359,Idle
-0.03,0.001,1.106,2.26,-1.527,-0.443,Idle
-0.029,0.004,1.111,2.557,-1.756,-0.405,Idle
-0.03,-0.001,1.112,2.435,-1.618,-0.595,Idle
-0.026,0.003,1.115,2.435,-1.809,-0.328,Idle
-0.03,0.004,1.111,2.458,-1.725,-0.557,Idle
-0.03,0.003,1.094,2.427,-1.649,-0.344,Idle
-0.04,0.006,1.128,2.237,-1.695,-0.351,Idle
-0.032,0.001,1.11,2.443,-1.473,-0.374,Idle
-0.032,0.005,1.121,2.405,-1.527,-0.336,Idle
-0.034,0.004,1.124,2.321,-1.55,-0.084,Idle
-0.035,0.002,1.112,2.397,-1.84,-0.366,Idle
-0.031,0.004,1.121,2.618,-1.916,-0.252,Idle
-0.036,0,1.109,2.58,-1.626,-0.344,Idle
-0.034,-0.001,1.11,2.267,-1.817,-0.366,Idle
-0.033,0.005,1.113,2.069,-1.55,-0.542,Idle
-0.031,-0.002,1.106,2.55,-1.595,-0.405,Idle
-0.03,0.005,1.107,2.603,-1.718,-0.328,Idle
-0.033,0.003,1.112,2.573,-1.626,-0.45,Idle
-0.034,0.009,1.109,2.237,-1.374,-0.427,Idle
-0.023,-0.003,1.109,2.511,-1.443,-0.183,Idle
-0.03,0.002,1.107,2.344,-1.481,-0.321,Idle
-0.028,-0.003,1.104,2.389,-1.473,-0.076,Idle
-0.038,0.007,1.118,2.458,-1.893,-0.206,Idle
-0.041,0.013,1.118,2.221,-1.794,-0.58,Idle
-0.032,0.002,1.114,2.687,-1.71,-0.389,Idle
-0.035,0.001,1.118,2.305,-1.557,-0.397,Idle
-0.029,0,1.102,2.557,-1.351,-0.229,Idle
-0.025,0,1.111,2.557,-1.664,-0.405,Idle
-0.031,0.004,1.112,2.527,-1.458,-0.336,Idle
-0.029,0,1.117,2.344,-1.344,-0.534,Idle
-0.039,0.004,1.112,2.374,-1.786,-0.275,Idle
-0.038,0,1.108,2.405,-1.756,-0.267,Idle
-0.03,0.004,1.115,2.527,-1.824,-0.466,Idle
-0.031,0.001,1.109,2.366,-1.618,-0.366,Idle
-0.028,0.001,1.113,2.603,-1.511,-0.397,Idle
-0.036,0.004,1.108,2.458,-1.55,-0.389,Idle
-0.027,0.002,1.112,2.328,-1.527,-0.336,Idle
-0.026,0.002,1.109,2.664,-1.351,-0.13,Idle
-0.026,-0.001,1.106,2.557,-1.641,-0.489,Idle
-0.03,0.005,1.112,2.496,-1.489,-0.557,Idle
-0.028,-0.002,1.118,2.466,-1.618,-0.496,Idle
-0.036,0.006,1.112,2.344,-1.748,-0.321,Idle
-0.035,0.004,1.121,2.305,-1.718,-0.275,Idle
-0.028,0,1.113,2.603,-1.397,-0.427,Idle
-0.029,0.004,1.109,2.504,-1.511,-0.26,Idle
-0.035,0,1.109,2.359,-1.702,-0.214,Idle
-0.032,0.001,1.112,2.359,-1.504,-0.351,Idle
-0.034,0.006,1.117,2.382,-1.603,-0.16,Idle
-0.03,0,1.109,2.389,-1.71,-0.511,Idle
-0.031,-0.003,1.122,2.382,-1.679,-0.412,Idle
-0.041,0.01,1.128,2.023,-2.206,-0.458,Idle
-0.037,0.004,1.116,2.26,-1.84,-0.359,Idle
-0.027,-0.004,1.108,2.427,-1.527,-0.336,Idle
-0.033,0.005,1.112,2.473,-1.565,-0.435,Idle
0.019,-0.044,1.077,3.473,-0.206,-0.122,Idle
-0.009,-0.011,1.083,2.733,-1.351,-0.267,Idle
-0.019,-0.003,1.105,2.473,-1.435,-0.298,Idle
-0.031,0.002,1.113,2.252,-1.58,-0.435,Idle
-0.032,0,1.112,2.313,-1.611,-0.336,Idle
-0.028,0.007,1.111,2.359,-1.802,-0.412,Idle
-0.031,0.001,1.115,2.344,-1.763,-0.351,Idle
-0.036,0.006,1.113,2.198,-1.603,-0.481,Idle
-0.035,0.013,1.102,2.145,-1.756,-0.084,Idle
-0.052,0.011,1.137,1.985,-2.153,-0.481,Idle
-0.042,0.011,1.12,2.069,-1.878,-0.42,Idle
-0.033,-0.001,1.117,2.588,-1.687,-0.481,Idle
-0.016,0.003,1.128,2.076,-1.595,-0.489,Idle
-0.027,-0.001,1.101,2.542,-1.466,-0.252,Idle
-0.043,0.011,1.095,2.237,-2.015,-0.496,Idle
-0.04,0.016,1.125,2.122,-1.771,-0.435,Idle
-0.032,0.003,1.106,2.473,-1.527,-0.481,Idle
-0.031,0.001,1.112,2.344,-1.817,-0.412,Idle
-0.038,0.008,1.102,2.29,-1.908,-0.366,Idle
-0.033,0.003,1.111,2.481,-2.008,-0.389,Idle
-0.031,0.002,1.116,2.603,-1.725,-0.458,Idle
-0.031,0.009,1.111,2.313,-1.748,-0.382,Idle
-0.027,0,1.11,2.45,-1.702,-0.466,Idle
-0.033,0.005,1.117,2.198,-1.496,-0.313,Idle
-0.036,0.003,1.111,2.359,-1.458,-0.275,Idle
-0.036,0.004,1.119,2.214,-1.412,-0.321,Idle
-0.027,0.003,1.121,2.489,-1.802,-0.366,Idle
-0.015,-0.011,1.108,2.603,-1.519,-0.397,Idle
0.013,-0.037,1.112,2.901,-0.779,-0.198,Idle
-0.005,-0.017,1.1,2.718,-1.061,-0.153,Idle
-0.031,0.004,1.121,2.397,-1.565,-0.282,Idle
-0.026,0.001,1.115,2.382,-1.656,-0.389,Idle
-0.03,0.003,1.106,2.557,-1.489,-0.176,Idle
-0.031,0,1.106,2.443,-1.817,-0.443,Idle
-0.033,-0.004,1.112,2.275,-1.389,-0.344,Idle
-0.022,-0.001,1.108,2.405,-1.55,-0.221,Idle
-0.031,0.004,1.109,2.42,-1.649,-0.382,Idle
-0.028,0.003,1.122,2.374,-1.557,-0.336,Idle
-0.035,-0.001,1.114,2.473,-1.847,-0.359,Idle
-0.025,0.003,1.111,2.267,-1.763,-0.359,Idle
-0.031,0.004,1.115,2.412,-1.603,-0.351,Idle
-0.033,-0.001,1.11,2.427,-1.58,-0.427,Idle
-0.031,0,1.117,2.473,-1.496,-0.412,Idle
-0.031,0.004,1.106,2.519,-1.718,-0.397,Idle
-0.028,0.003,1.101,2.542,-1.672,-0.45,Idle
-0.029,0.002,1.108,2.252,-1.481,-0.565,Idle
-0.032,0.004,1.117,2.29,-1.756,-0.282,Idle
-0.067,0.006,1.247,2.176,-2.023,-0.916,Idle
-0.04,0.001,1.12,2.298,-1.756,-0.412,Idle
-0.051,0.014,1.126,2.099,-2.221,-0.16,Idle
-0.03,0.002,1.108,2.405,-1.504,-0.275,Idle
-0.04,0.002,1.118,2.237,-1.916,-0.328,Idle
-0.044,0.013,1.107,2.16,-1.962,-0.26,Idle
-0.043,0.015,1.131,2.336,-1.977,-0.328,Idle
-0.037,0.003,1.125,2.183,-1.84,-0.664,Idle
-0.036,0.006,1.119,2.336,-1.603,-0.511,Idle
-0.041,0.007,1.119,2.046,-2.122,-0.527,Idle
-0.033,0.004,1.111,2.366,-1.58,-0.366,Idle
-0.016,0,1.091,2.603,-1.115,-0.183,Idle
-0.036,0.008,1.131,2.389,-1.74,-0.458,Idle
-0.042,0.008,1.151,2.366,-1.74,-0.206,Idle
-0.029,0,1.123,2.298,-1.74,-0.298,Idle
-0.052,0.01,1.115,2.107,-2.084,-0.389,Idle
-0.035,0.003,1.11,2.481,-1.748,-0.305,Idle
-0.042,0.004,1.11,2.237,-1.832,-0.481,Idle
-0.042,-0.004,1.116,2.282,-1.847,-0.282,Idle
-0.043,0.018,1.085,2.176,-1.947,-0.221,Idle
-0.039,0.01,1.122,2.16,-2.053,-0.336,Idle
-0.046,0.01,1.122,2.168,-1.969,-0.397,Idle
-0.031,0.005,1.103,2.435,-1.466,-0.214,Idle
-0.026,0.001,1.109,2.504,-1.878,-0.244,Idle
-0.035,0.01,1.121,2.344,-2.13,-0.221,Idle
-0.031,0.004,1.099,2.321,-1.672,-0.366,Idle
-0.021,-0.004,1.088,2.359,-1.702,-0.473,Idle
-0.028,-0.001,1.098,2.679,-1.29,-0.221,Idle
-0.031,-0.004,1.106,2.809,-1.26,-0.122,Idle
-0.021,-0.002,1.099,2.588,-1.137,-0.153,Idle
-0.035,0.012,1.133,2.29,-1.794,-0.366,Idle
-0.044,0.009,1.115,2.252,-1.511,-0.336,Idle
-0.042,0.011,1.124,2.221,-1.901,-0.176,Idle
-0.038,0.003,1.123,2.305,-1.916,-0.443,Idle
-0.038,0.005,1.132,2.603,-1.557,-0.466,Idle
-0.035,0.006,1.121,2.29,-1.733,-0.458,Idle
-0.024,0.002,1.117,2.405,-1.466,-0.267,Idle
-0.032,0.001,1.108,2.443,-1.634,-0.321,Idle
-0.032,-0.001,1.092,2.412,-1.702,-0.206,Idle
-0.03,0.004,1.105,2.359,-1.557,-0.153,Idle
-0.029,0,1.123,2.534,-1.924,-0.412,Idle
-0.026,-0.007,1.121,2.321,-1.802,-0.336,Idle
-0.04,0.011,1.115,2.336,-1.595,-0.221,Idle
-0.031,0.003,1.108,2.55,-1.771,-0.412,Idle
-0.026,0.002,1.104,2.458,-1.71,-0.427,Idle
-0.041,0.006,1.122,2.42,-1.779,-0.527,Idle
-0.04,0.009,1.124,2.321,-1.496,-0.542,Idle
-0.029,0,1.118,2.427,-1.611,-0.366,Idle
-0.028,0.002,1.107,2.481,-1.534,-0.344,Idle
-0.035,0.005,1.12,2.443,-1.809,-0.481,Idle
-0.037,0.004,1.115,2.481,-1.435,-0.328,Idle
-0.033,0.003,1.111,2.366,-1.748,-0.45,Idle
-0.029,0,1.117,2.435,-1.557,-0.183,Idle
-0.03,0.002,1.11,2.473,-1.412,-0.351,Idle
-0.028,0.003,1.113,2.45,-1.573,-0.542,Idle
-0.032,0.004,1.117,2.359,-1.687,-0.008,Idle
-0.028,0.007,1.117,2.702,-1.702,0,Idle
-0.031,0.005,1.109,2.527,-1.794,-0.267,Idle
-0.035,0.007,1.114,2.366,-1.763,-0.496,Idle
-0.031,0.002,1.115,2.206,-1.603,-0.489,Idle
-0.03,0.005,1.112,2.511,-1.626,-0.061,Idle
-0.028,0.004,1.107,2.435,-1.519,-0.198,Idle
-0.024,-0.001,1.111,2.374,-1.435,-0.511,Idle
-0.029,0.001,1.112,2.397,-1.366,-0.481,Idle
-0.033,0.006,1.109,2.176,-1.847,-0.344,Idle
-0.027,-0.001,1.108,2.229,-1.573,-0.534,Idle
-0.031,0.005,1.12,2.504,-1.664,-0.313,Idle
-0.031,0.004,1.115,2.389,-1.771,-0.282,Idle
-0.029,0.001,1.106,2.412,-1.496,-0.504,Idle
-0.031,0.002,1.118,2.489,-1.527,-0.344,Idle
-0.032,0.006,1.118,2.321,-1.771,-0.603,Idle
-0.031,0,1.11,2.557,-1.496,-0.405,Idle
-0.032,0.003,1.112,2.244,-1.45,-0.573,Idle
-0.028,0.002,1.112,2.42,-1.511,-0.336,Idle
-0.029,0.007,1.114,2.366,-1.718,-0.26,Idle
-0.033,0.001,1.108,2.321,-1.679,-0.389,Idle
-0.029,0.005,1.105,2.382,-1.328,-0.389,Idle
-0.03,0.002,1.114,2.55,-1.634,-0.366,Idle
-0.029,0.005,1.107,2.405,-1.504,-0.534,Idle
-0.028,0,1.11,2.412,-1.573,-0.237,Idle
-0.024,0.002,1.11,2.26,-1.55,-0.183,Idle
-0.033,0.004,1.116,2.519,-1.504,-0.107,Idle
-0.032,0.003,1.112,2.634,-1.611,-0.298,Idle
-0.032,0.005,1.101,2.511,-1.382,-0.412,Idle
-0.026,-0.001,1.118,2.382,-1.679,-0.092,Idle
-0.029,0.002,1.107,2.366,-1.969,-0.366,Idle
-0.031,0.008,1.107,2.435,-1.611,-0.351,Idle
-0.03,0.003,1.108,2.42,-1.679,-0.466,Idle
-0.033,0.005,1.115,2.321,-1.351,-0.466,Idle
-0.032,0.002,1.114,2.397,-1.527,-0.275,Idle
-0.029,-0.004,1.107,2.359,-1.443,-0.626,Idle
-0.029,0.002,1.109,2.42,-1.55,-0.328,Idle
-0.029,-0.001,1.117,2.473,-1.641,-0.214,Idle
-0.035,0.003,1.11,2.634,-1.916,-0.412,Idle
-0.031,-0.002,1.106,2.42,-1.55,-0.595,Idle
-0.029,0.004,1.111,2.687,-1.58,-0.359,Idle
-0.031,0.003,1.119,2.382,-1.603,-0.389,Idle
-0.033,0.003,1.118,2.473,-1.71,-0.435,Idle
-0.03,0.01,1.115,2.305,-1.679,-0.374,Idle
-0.024,0.003,1.116,2.336,-1.305,-0.489,Idle
-0.033,0.007,1.096,2.397,-1.481,-0.252,Idle
-0.035,0.004,1.109,2.45,-1.748,-0.359,Idle
-0.032,0.004,1.114,2.26,-1.756,-0.298,Idle
-0.035,0.003,1.115,2.664,-1.519,-0.374,Idle
-0.028,0.005,1.104,2.466,-1.786,-0.397,Idle
-0.024,0.003,1.108,2.397,-1.641,-0.481,Idle
-0.032,0,1.113,2.344,-1.427,-0.435,Idle
-0.031,0.005,1.117,2.519,-1.588,-0.405,Idle
-0.03,0.004,1.121,2.435,-1.779,-0.511,Idle
-0.032,0.003,1.117,2.359,-1.565,-0.656,Idle
-0.034,0.001,1.115,2.397,-1.634,-0.466,Idle
-0.028,0.002,1.112,2.473,-1.481,-0.275,Idle
-0.033,-0.001,1.114,2.618,-1.618,-0.435,Idle
-0.034,0.006,1.121,2.313,-1.641,-0.328,Idle
-0.033,0.005,1.111,2.504,-1.74,-0.389,Idle
-0.032,0.001,1.119,2.458,-1.58,-0.176,Idle
-0.031,0.001,1.106,2.458,-1.473,-0.267,Idle
-0.034,0.002,1.111,2.473,-1.466,-0.382,Idle
-0.034,0.002,1.109,2.412,-1.595,-0.435,Idle
-0.032,0.006,1.108,2.305,-1.786,-0.298,Idle
-0.035,0.001,1.109,2.328,-1.443,-0.374,Idle
-0.034,-0.003,1.112,2.42,-1.618,-0.275,Idle
-0.03,0,1.118,2.443,-1.832,-0.061,Idle
-0.028,0.001,1.102,2.336,-1.626,-0.565,Idle
-0.03,-0.003,1.113,2.687,-1.763,-0.58,Idle
-0.032,-0.001,1.116,2.198,-1.42,-0.29,Idle
-0.035,0.006,1.113,2.443,-1.802,-0.298,Idle
-0.031,0.002,1.123,2.504,-1.557,-0.344,Idle
-0.039,0.005,1.12,2.26,-1.702,-0.626,Idle
-0.046,0.009,1.125,2.13,-1.969,-0.45,Idle
-0.035,0.008,1.115,2.427,-1.672,-0.397,Idle
-0.028,-0.001,1.119,2.649,-1.534,-0.145,Idle
-0.028,0.004,1.139,2.214,-1.954,-0.237,Idle
-0.022,-0.005,1.1,2.672,-1.275,-0.183,Idle
-0.024,-0.004,1.117,2.679,-1.473,-0.534,Idle
-0.03,0.004,1.102,2.466,-1.504,-0.267,Idle
-0.039,0.01,1.126,2.092,-2.099,-0.405,Idle
-0.027,-0.004,1.104,2.725,-1.74,-0.473,Idle
-0.031,0.007,1.11,2.298,-1.824,-0.405,Idle
-0.026,-0.003,1.104,2.618,-1.397,-0.214,Idle
-0.028,0.005,1.098,2.588,-1.74,-0.107,Idle
-0.026,-0.002,1.114,2.634,-1.656,-0.389,Idle
-0.032,0.003,1.11,2.42,-1.588,-0.351,Idle
-0.045,0.007,1.13,2.183,-1.885,-0.206,Idle
-0.031,0.001,1.115,2.595,-1.58,-0.275,Idle
-0.179,0.106,1.024,0.244,-4.229,0.298,Idle
-0.018,-0.01,1.116,2.74,-1.557,-0.641,Idle
-0.031,0.01,1.129,1.763,-1.885,-0.328,Idle
-0.071,0.028,1.151,1.626,-2.924,-0.664,Idle
-0.055,0.007,1.121,2.405,-1.84,-0.55,Idle
-0.034,-0.006,1.106,1.954,-1.336,-0.458,Idle
-0.035,0.004,1.109,2.405,-1.45,-0.305,Idle
-0.031,0.001,1.111,2.443,-1.779,-0.435,Idle
-0.027,0,1.112,2.321,-1.412,-0.466,Idle
-0.022,-0.004,1.102,2.618,-1.443,-0.252,Idle
-0.029,0.003,1.108,2.16,-1.496,-0.145,Idle
-0.032,0.002,1.111,2.427,-1.687,-0.336,Idle
-0.034,0.001,1.113,2.305,-1.725,-0.496,Idle
-0.034,0.004,1.11,2.305,-1.779,-0.359,Idle
-0.031,0.001,1.115,2.473,-1.74,-0.267,Idle
-0.031,0.006,1.108,2.435,-1.504,-0.481,Idle
-0.032,0.001,1.115,2.45,-1.855,-0.145,Idle
-0.03,0.003,1.11,2.29,-1.679,-0.275,Idle
-0.034,0.003,1.109,2.611,-1.58,-0.42,Idle
-0.031,0.004,1.11,2.252,-1.519,-0.641,Idle
-0.029,-0.001,1.11,2.351,-1.649,-0.466,Idle
-0.034,0.003,1.116,2.305,-1.832,-0.397,Idle
-0.03,0.002,1.117,2.427,-1.527,-0.344,Idle
-0.023,0.002,1.102,2.679,-1.382,-0.16,Idle
-0.028,0,1.104,2.42,-1.878,-0.328,Idle
-0.037,0.009,1.12,2.45,-1.573,-0.145,Idle
-0.04,0.006,1.12,2.29,-1.908,-0.427,Idle
-0.033,-0.001,1.105,2.321,-1.832,-0.176,Idle
-0.036,0.006,1.116,2.275,-1.656,-0.42,Idle
-0.032,0.009,1.112,2.466,-1.74,-0.344,Idle
-0.03,0,1.107,2.374,-1.481,-0.351,Idle
-0.033,0.003,1.113,2.389,-1.664,-0.29,Idle
-0.03,0.004,1.116,2.321,-1.473,-0.275,Idle
-0.032,0.004,1.112,2.489,-1.718,-0.542,Idle
-0.033,0.003,1.116,2.206,-1.656,-0.45,Idle
-0.031,0,1.115,2.595,-1.519,-0.443,Idle
-0.026,0.003,1.112,2.55,-1.412,-0.321,Idle
-0.034,0,1.112,2.313,-1.458,-0.305,Idle
-0.031,0.004,1.11,2.58,-1.786,-0.244,Idle
-0.031,0.002,1.114,2.405,-1.809,-0.267,Idle
-0.027,0,1.11,2.351,-1.366,-0.282,Idle
-0.035,0.005,1.118,2.221,-1.611,-0.206,Idle
-0.028,0.004,1.107,2.702,-1.565,-0.443,Idle
-0.029,0,1.117,2.519,-1.702,-0.397,Idle
-0.025,-0.001,1.112,2.427,-1.496,-0.427,Idle
-0.031,0,1.115,2.496,-1.511,-0.107,Idle
-0.031,0.003,1.109,2.389,-1.55,-0.45,Idle
-0.03,0,1.107,2.229,-1.679,-0.42,Idle
-0.034,0.004,1.11,2.45,-1.718,-0.481,Idle
-0.029,0.001,1.11,2.557,-1.55,-0.305,Idle
-0.029,0,1.111,2.481,-1.702,-0.198,Idle
-0.032,0.003,1.115,2.397,-1.969,-0.473,Idle
-0.031,0.003,1.111,2.481,-1.511,-0.229,Idle
-0.027,0.005,1.117,2.26,-1.542,-0.42,Idle
-0.033,0.006,1.113,2.527,-1.603,-0.313,Idle
-0.031,0.003,1.108,2.527,-1.458,-0.351,Idle
-0.03,0.004,1.117,2.282,-1.611,-0.313,Idle
-0.03,0,1.11,2.458,-1.656,-0.26,Idle
-0.031,0.002,1.115,2.344,-1.679,-0.366,Idle
-0.03,0.003,1.112,2.458,-1.618,-0.344,Idle
-0.028,0.005,1.112,2.382,-1.504,-0.542,Idle
-0.028,0.003,1.114,2.504,-1.679,-0.298,Idle
-0.029,0,1.108,2.534,-1.817,-0.321,Idle
-0.029,-0.003,1.108,2.221,-1.763,-0.221,Idle
-0.032,-0.001,1.108,2.221,-1.687,-0.282,Idle
-0.03,0,1.116,2.58,-1.405,-0.565,Idle
-0.033,0.003,1.108,2.397,-1.809,-0.282,Idle
-0.028,-0.002,1.107,2.527,-1.634,-0.695,Idle
-0.032,0.003,1.109,2.397,-1.74,-0.183,Idle
-0.033,0.005,1.113,2.397,-1.771,-0.351,Idle
-0.03,0.002,1.112,2.588,-1.756,-0.092,Idle
-0.035,0.006,1.113,2.42,-1.824,-0.466,Idle
-0.026,0.002,1.106,2.573,-1.641,-0.305,Idle
-0.029,-0.002,1.111,2.389,-1.489,-0.405,Idle
-0.026,0,1.11,2.412,-1.565,-0.366,Idle
-0.034,0.006,1.11,2.206,-1.679,-0.435,Idle
-0.033,0.001,1.124,2.519,-1.756,-0.565,Idle
-0.032,0.004,1.109,2.656,-1.74,-0.427,Idle
-0.028,0.002,1.117,2.397,-1.519,-0.313,Idle
-0.03,-0.003,1.112,2.481,-1.473,-0.473,Idle
-0.031,0.001,1.112,2.511,-1.733,-0.412,Idle
-0.028,0.002,1.112,2.313,-1.603,-0.137,Idle
-0.027,0.005,1.111,2.328,-1.481,-0.298,Idle
-0.031,0,1.113,2.656,-1.511,-0.397,Idle
-0.029,0.001,1.113,2.481,-1.527,-0.481,Idle
-0.031,0.005,1.108,2.351,-1.855,-0.191,Idle
-0.034,0.002,1.113,2.359,-1.58,-0.527,Idle
-0.032,0.004,1.113,2.359,-1.641,-0.634,Idle
-0.035,0.004,1.117,2.42,-1.695,-0.588,Idle
-0.034,0.003,1.105,2.313,-1.84,-0.328,Idle
-0.032,0.001,1.12,2.511,-1.733,-0.412,Idle
-0.032,0.003,1.116,2.321,-1.672,-0.198,Idle
-0.033,0.002,1.114,2.183,-1.603,-0.321,Idle
-0.027,0.005,1.1,2.374,-1.557,-0.466,Idle
-0.031,0.005,1.116,2.389,-1.603,-0.244,Idle
-0.033,0.002,1.12,2.344,-1.511,-0.405,Idle
-0.033,0.005,1.108,2.244,-1.748,-0.405,Idle
-0.036,0.005,1.118,2.206,-1.466,-0.489,Idle
-0.032,0.006,1.101,2.397,-1.824,-0.45,Idle
-0.035,0.003,1.115,2.405,-1.718,-0.267,Idle
-0.03,0.003,1.112,2.656,-1.702,-0.351,Idle
-0.034,0.005,1.118,2.534,-1.679,-0.084,Idle
-0.035,0.006,1.111,2.359,-1.733,-0.344,Idle
-0.031,0.005,1.111,2.282,-1.496,-0.466,Idle
-0.03,0.001,1.112,2.511,-1.58,-0.176,Idle
-0.031,0.005,1.113,2.679,-1.71,-0.298,Idle
-0.031,0.005,1.118,2.328,-1.718,-0.183,Idle
-0.034,0.005,1.101,2.466,-1.489,-0.458,Idle
-0.032,0.004,1.119,2.359,-1.74,-0.573,Idle
-0.033,0.005,1.116,2.336,-1.885,-0.45,Idle
-0.03,0.003,1.108,2.405,-1.611,-0.267,Idle
-0.035,0.002,1.112,2.229,-1.672,-0.328,Idle
-0.026,0.002,1.105,2.489,-1.481,-0.328,Idle
-0.03,0.004,1.115,2.183,-1.748,-0.137,Idle
-0.033,0.002,1.118,2.244,-1.687,-0.481,Idle
-0.034,0.001,1.113,2.366,-1.435,-0.183,Idle
-0.034,0.005,1.118,2.458,-1.695,-0.328,Idle
-0.031,0.005,1.112,2.412,-1.565,-0.183,Idle
-0.034,0.004,1.121,2.496,-1.863,-0.344,Idle
-0.031,0,1.114,2.389,-1.74,-0.198,Idle
-0.033,0.001,1.118,2.351,-1.573,-0.527,Idle
-0.032,0.002,1.115,2.29,-1.802,-0.664,Idle
-0.028,0.005,1.114,2.412,-1.779,-0.519,Idle
-0.033,0.003,1.112,2.145,-1.45,-0.267,Idle
-0.028,0.004,1.105,2.351,-1.679,-0.366,Idle
-0.029,0.001,1.109,2.351,-1.519,-0.183,Idle
-0.032,0.003,1.109,2.603,-1.718,-0.29,Idle
-0.033,0.001,1.112,2.489,-1.916,-0.328,Idle
-0.03,0.006,1.12,2.42,-1.405,-0.229,Idle
-0.026,0,1.108,2.58,-1.656,-0.313,Idle
-0.029,0.005,1.109,2.427,-1.74,-0.427,Idle
-0.035,0,1.103,2.305,-1.603,-0.481,Idle
-0.032,0,1.11,2.336,-1.71,-0.344,Idle
-0.031,0.004,1.109,2.45,-1.641,-0.763,Idle
-0.031,0.005,1.118,2.435,-1.634,-0.504,Idle
-0.032,0.002,1.113,2.359,-1.74,-0.267,Idle
-0.019,0,1.113,2.481,-1.328,-0.069,Idle
-0.024,-0.001,1.112,2.443,-1.359,-0.344,Idle
-0.027,0.006,1.115,2.443,-1.466,-0.504,Idle
-0.031,0.003,1.118,2.458,-1.42,-0.519,Idle
-0.035,0.007,1.119,2.237,-1.695,-0.405,Idle
-0.036,0.004,1.115,2.168,-1.832,-0.771,Idle
-0.032,0.003,1.117,2.542,-1.672,-0.473,Idle
-0.031,0.002,1.107,2.603,-1.832,-0.336,Idle
-0.033,0.008,1.107,2.168,-1.763,-0.45,Idle
-0.029,0.001,1.119,2.344,-1.45,-0.267,Idle
-0.034,0.003,1.115,2.382,-1.573,-0.275,Idle
-0.032,0.003,1.11,2.45,-1.55,-0.206,Idle
-0.032,0.003,1.113,2.191,-1.527,-0.206,Idle
-0.033,0.001,1.118,2.206,-1.611,-0.321,Idle
-0.03,0.001,1.109,2.305,-1.664,-0.58,Idle
-0.028,-0.002,1.105,2.374,-1.916,-0.344,Idle
-0.03,0.005,1.111,2.458,-1.679,-0.397,Idle
-0.033,0.002,1.117,2.107,-1.656,-0.45,Idle
-0.032,0.001,1.112,2.58,-1.473,-0.305,Idle
-0.03,0.004,1.109,2.557,-1.672,-0.13,Idle
-0.03,0.008,1.118,2.473,-1.298,-0.267,Idle
-0.032,0.001,1.115,2.489,-1.649,-0.26,Idle
-0.031,0.002,1.115,2.511,-1.74,-0.519,Idle
-0.033,0.003,1.118,2.397,-1.603,-0.489,Idle
-0.031,0.001,1.111,2.13,-1.511,-0.168,Idle
-0.03,0.001,1.108,2.443,-1.748,-0.511,Idle
-0.032,0.006,1.109,2.641,-1.702,-0.298,Idle
-0.03,0.004,1.116,2.466,-1.641,-0.374,Idle
-0.031,0.004,1.105,2.405,-1.626,-0.282,Idle
-0.031,0,1.103,2.511,-1.603,-0.26,Idle
-0.03,0.001,1.116,2.679,-1.84,-0.344,Idle
-0.035,0.003,1.115,2.321,-1.611,-0.237,Idle
-0.031,0.002,1.114,2.427,-1.321,-0.351,Idle
-0.031,0.003,1.113,2.366,-1.779,-0.275,Idle
-0.031,0.002,1.119,2.557,-1.458,-0.443,Idle
-0.031,0.005,1.116,2.298,-1.588,-0.344,Idle
-0.03,0.003,1.115,2.664,-1.702,-0.221,Idle
-0.033,0,1.111,2.313,-1.649,-0.618,Idle
-0.035,-0.001,1.105,2.55,-1.656,-0.55,Idle
-0.03,0.002,1.11,2.397,-1.466,-0.282,Idle
-0.03,0.002,1.114,2.313,-1.641,-0.305,Idle
-0.03,0.003,1.112,2.298,-1.725,-0.405,Idle
-0.03,0,1.108,2.618,-1.771,-0.183,Idle
-0.03,-0.001,1.108,2.511,-1.611,-0.374,Idle
-0.03,-0.002,1.113,2.45,-1.611,-0.282,Idle
-0.03,0,1.118,2.412,-1.443,-0.137,Idle
-0.034,0.002,1.11,2.397,-1.664,-0.466,Idle
-0.027,0.001,1.108,2.405,-1.649,-0.565,Idle
-0.035,0.003,1.111,2.374,-1.55,-0.397,Idle
-0.027,0.002,1.122,2.374,-1.718,-0.443,Idle
-0.028,0,1.111,2.397,-1.611,-0.115,Idle
-0.03,0.002,1.107,2.42,-1.588,-0.321,Idle
-0.03,0.004,1.11,2.466,-1.412,-0.519,Idle
-0.033,0.002,1.122,2.45,-1.786,-0.45,Idle
-0.033,0.005,1.113,2.298,-1.695,-0.603,Idle
-0.031,0.002,1.108,2.405,-1.687,-0.053,Idle
-0.036,0.008,1.105,2.412,-1.641,-0.328,Idle
-0.029,0,1.108,2.351,-1.542,-0.29,Idle
-0.03,0,1.116,2.336,-1.656,-0.351,Idle
-0.031,0.002,1.112,2.55,-1.641,-0.282,Idle
-0.03,-0.002,1.118,2.359,-1.679,-0.298,Idle
-0.031,0.002,1.114,2.412,-1.718,-0.366,Idle
-0.031,0.006,1.107,2.13,-1.71,-0.366,Idle
-0.033,0.005,1.112,2.168,-1.786,-0.366,Idle
-0.028,0,1.112,2.176,-1.733,-0.046,Idle
-0.029,0,1.104,2.435,-1.58,-0.603,Idle
-0.033,-0.001,1.111,2.496,-1.565,-0.313,Idle
-0.031,-0.005,1.109,2.237,-1.618,-0.687,Idle
-0.033,0.003,1.115,2.443,-1.725,-0.435,Idle
-0.027,0.002,1.114,2.458,-1.496,-0.366,Idle
-0.03,0.004,1.11,2.374,-1.534,-0.382,Idle
-0.034,0.004,1.115,2.397,-1.603,-0.435,Idle
-0.031,0.001,1.114,2.641,-1.664,-0.191,Idle
-0.035,0.007,1.109,2.397,-1.763,-0.466,Idle
-0.033,0.002,1.115,2.374,-1.885,-0.382,Idle
-0.031,0.006,1.112,2.473,-1.786,-0.229,Idle
-0.032,0.001,1.107,2.374,-1.45,-0.359,Idle
-0.031,0.002,1.111,2.382,-1.74,-0.244,Idle
-0.032,-0.002,1.115,2.42,-1.718,-0.198,Idle
-0.032,0.003,1.114,2.275,-1.794,-0.298,Idle
-0.035,0.001,1.115,2.214,-1.71,-0.374,Idle
-0.031,0.001,1.112,2.443,-1.908,-0.435,Idle
-0.031,0.003,1.109,2.244,-1.725,-0.313,Idle
-0.03,0,1.111,2.29,-1.519,-0.618,Idle
-0.031,-0.002,1.115,2.366,-1.672,-0.305,Idle
-0.028,0.004,1.108,2.328,-1.885,-0.435,Idle
-0.031,0.003,1.111,2.519,-1.87,-0.282,Idle
-0.029,0.006,1.115,2.16,-1.802,-0.305,Idle
-0.029,0.002,1.115,2.351,-1.702,-0.107,Idle
-0.032,0.003,1.12,2.473,-1.611,0,Idle
-0.036,0.001,1.119,2.473,-1.695,-0.405,Idle
-0.029,0,1.109,2.412,-1.74,-0.527,Idle
-0.032,0.003,1.118,2.366,-1.641,-0.443,Idle
-0.028,0.002,1.105,2.45,-1.931,-0.504,Idle
-0.031,0.004,1.108,2.298,-1.634,-0.282,Idle
-0.028,0.006,1.114,2.42,-1.565,-0.29,Idle
-0.032,0.003,1.114,2.359,-1.618,-0.328,Idle
-0.034,0.004,1.117,2.511,-1.74,-0.275,Idle
-0.03,-0.001,1.115,2.504,-1.611,-0.313,Idle
-0.033,0.004,1.114,2.496,-1.817,-0.527,Idle
-0.033,0.004,1.109,2.45,-1.71,-0.221,Idle
-0.03,0.005,1.109,2.29,-1.573,-0.481,Idle
-0.027,0.003,1.11,2.45,-1.634,-0.13,Idle
-0.031,0.004,1.113,2.237,-1.504,-0.198,Idle
-0.03,0.003,1.115,2.275,-1.786,-0.42,Idle
-0.031,0,1.119,2.427,-1.71,-0.595,Idle
-0.03,0.001,1.109,2.427,-1.565,-0.115,Idle
-0.032,0.005,1.111,2.443,-1.748,-0.466,Idle
-0.034,0.002,1.11,2.45,-1.55,-0.298,Idle
-0.032,0.002,1.114,2.275,-1.969,-0.244,Idle
-0.03,0,1.107,2.466,-1.603,-0.519,Idle
-0.03,0.002,1.11,2.229,-1.679,-0.504,Idle
-0.036,-0.002,1.113,2.351,-1.435,-0.359,Idle
-0.032,0.002,1.111,2.366,-1.496,-0.405,Idle
-0.028,0.006,1.112,2.374,-1.748,-0.55,Idle
-0.032,0.002,1.114,2.481,-1.634,-0.565,Idle
-0.036,0.001,1.118,2.443,-1.611,-0.359,Idle
-0.029,0.001,1.113,2.504,-1.649,-0.244,Idle
-0.029,0.005,1.119,2.29,-1.725,-0.565,Idle
-0.03,0.003,1.112,2.382,-1.824,-0.534,Idle
-0.028,0.003,1.11,2.412,-1.641,-0.618,Idle
-0.035,0.003,1.109,2.16,-1.443,-0.26,Idle
-0.037,0.008,1.12,2.191,-1.618,-0.679,Idle
-0.032,0,1.122,2.359,-1.443,-0.115,Idle
-0.029,0.002,1.11,2.374,-1.733,-0.313,Idle
-0.032,0.002,1.116,2.534,-1.771,-0.527,Idle
-0.029,0.003,1.113,2.458,-1.565,-0.412,Idle
-0.029,0.003,1.113,2.374,-1.725,-0.374,Idle
-0.033,0.004,1.12,2.252,-1.58,-0.305,Idle
-0.027,0,1.108,2.382,-1.702,-0.359,Idle
-0.032,0.003,1.111,2.427,-1.687,-0.557,Idle
-0.03,0.002,1.114,2.366,-1.519,-0.534,Idle
-0.03,0.002,1.114,2.542,-1.725,-0.565,Idle
-0.032,0.003,1.11,2.672,-1.954,-0.374,Idle
-0.03,0.002,1.112,2.344,-1.565,-0.382,Idle
-0.028,0.004,1.116,2.221,-1.794,-0.214,Idle
-0.029,-0.003,1.107,2.374,-1.496,-0.427,Idle
-0.028,0.005,1.114,2.42,-1.504,-0.336,Idle
-0.029,0.002,1.109,2.473,-1.695,-0.26,Idle
-0.036,0.004,1.117,2.351,-1.763,-0.389,Idle
-0.033,0,1.114,2.237,-1.542,-0.321,Idle
-0.031,0.004,1.109,2.344,-1.573,-0.573,Idle
-0.032,0,1.114,2.221,-1.802,-0.328,Idle
-0.03,0.002,1.112,2.382,-1.687,-0.305,Idle
-0.035,0.004,1.122,2.489,-1.55,-0.26,Idle
-0.032,0.004,1.114,2.435,-1.481,-0.527,Idle
-0.031,0.006,1.116,2.489,-1.649,-0.565,Idle
-0.033,0.003,1.112,2.473,-1.588,-0.389,Idle
-0.029,0.004,1.109,2.16,-1.573,-0.244,Idle
-0.032,-0.001,1.118,2.389,-1.458,-0.397,Idle
-0.032,0.001,1.116,2.221,-1.519,-0.595,Idle
-0.032,0.002,1.115,2.305,-1.763,-0.214,Idle
-0.036,0.001,1.114,2.328,-1.718,-0.405,Idle
-0.035,0.006,1.114,2.405,-1.725,-0.427,Idle
-0.03,0.003,1.109,2.305,-1.588,-0.588,Idle
-0.031,0.003,1.11,2.344,-1.328,-0.397,Idle
-0.03,0,1.11,1.977,-1.641,-0.298,Idle
-0.03,0.003,1.111,2.443,-1.656,-0.336,Idle
-0.036,0.002,1.114,2.298,-1.679,-0.405,Idle
-0.029,0.001,1.115,2.595,-1.489,-0.374,Idle
-0.033,0.002,1.117,2.244,-1.626,-0.58,Idle
-0.038,0.004,1.114,2.489,-1.534,-0.412,Idle
-0.028,0.003,1.11,2.42,-1.603,-0.435,Idle
-0.034,0.004,1.118,2.298,-1.71,-0.496,Idle
-0.032,-0.002,1.112,2.229,-1.489,-0.351,Idle
-0.034,0.004,1.115,2.29,-1.718,-0.229,Idle
-0.027,0.005,1.112,2.405,-1.603,-0.168,Idle
-0.028,0.003,1.115,2.557,-1.58,-0.122,Idle
-0.03,0.004,1.116,2.122,-1.595,-0.588,Idle
-0.029,0.007,1.112,2.443,-1.672,-0.45,Idle
-0.033,0.003,1.113,2.397,-1.794,-0.42,Idle
-0.03,0.004,1.099,2.45,-1.427,-0.214,Idle
-0.029,0.003,1.108,2.443,-1.405,-0.473,Idle
-0.033,0,1.113,2.45,-1.519,-0.466,Idle
-0.032,0.008,1.116,2.359,-1.649,-0.366,Idle
-0.037,0.001,1.111,2.412,-1.901,-0.443,Idle
-0.037,0.005,1.113,2.107,-1.71,-0.366,Idle
-0.034,0.002,1.11,2.519,-1.672,-0.382,Idle
-0.033,0.008,1.113,2.221,-1.71,-0.412,Idle
-0.023,0.001,1.112,2.504,-1.519,-0.412,Idle
-0.031,0.001,1.102,2.336,-1.695,-0.275,Idle
-0.032,0.006,1.108,2.405,-1.664,-0.351,Idle
-0.022,-0.001,1.108,2.58,-1.496,-0.504,Idle
-0.027,0.002,1.108,2.328,-1.588,-0.313,Idle
-0.029,0.002,1.109,2.344,-1.733,-0.382,Idle
-0.031,0.003,1.112,2.359,-1.748,-0.405,Idle
-0.029,-0.001,1.107,2.397,-1.725,-0.26,Idle
-0.031,0.001,1.105,2.382,-1.687,-0.519,Idle
-0.031,0.002,1.109,2.504,-1.634,-0.275,Idle
-0.032,0.006,1.113,2.176,-1.656,-0.427,Idle
-0.036,0.004,1.118,2.412,-1.695,-0.405,Idle
-0.041,0.012,1.114,2.389,-1.786,-0.504,Idle
-0.03,0.002,1.115,2.115,-1.695,-0.191,Idle
-0.025,-0.001,1.109,2.435,-1.489,-0.267,Idle
-0.034,0.003,1.113,2.473,-1.656,-0.282,Idle
-0.031,0.005,1.112,2.328,-1.405,-0.435,Idle
-0.032,0.003,1.107,2.397,-1.74,-0.176,Idle
-0.03,0.003,1.118,2.244,-1.412,-0.29,Idle
-0.025,0.003,1.111,2.626,-1.511,-0.336,Idle
-0.03,0.002,1.114,2.084,-1.641,-0.359,Idle
-0.028,-0.002,1.111,2.26,-1.847,-0.282,Idle
-0.031,0.001,1.112,2.244,-1.664,-0.168,Idle
-0.036,0.007,1.115,2.557,-1.534,-0.443,Idle
-0.032,0.003,1.108,2.328,-1.802,-0.206,Idle
-0.028,0.001,1.114,2.389,-1.786,-0.397,Idle
-0.031,0.005,1.115,2.328,-1.55,-0.252,Idle
-0.029,0.005,1.112,2.466,-1.656,-0.275,Idle
-0.025,0.005,1.108,2.527,-1.397,-0.183,Idle
-0.027,0.004,1.112,2.618,-1.473,-0.42,Idle
-0.031,0.003,1.117,2.496,-1.687,-0.29,Idle
-0.033,0.006,1.111,2.198,-1.603,-0.435,Idle
-0.033,0.004,1.112,2.443,-1.84,-0.519,Idle
-0.033,0.001,1.116,2.313,-1.656,-0.137,Idle
-0.029,0,1.11,2.504,-1.824,-0.267,Idle
-0.03,-0.001,1.113,2.519,-1.71,-0.427,Idle
-0.035,0.003,1.109,2.412,-1.573,-0.481,Idle
-0.029,-0.003,1.113,2.344,-1.656,-0.267,Idle
-0.032,0.003,1.108,2.435,-1.634,-0.389,Idle
-0.033,0.003,1.12,2.527,-1.634,-0.214,Idle
-0.028,0.002,1.109,2.397,-1.542,-0.382,Idle
-0.035,0.002,1.117,2.153,-1.863,-0.191,Idle
-0.035,0.002,1.116,2.344,-1.695,-0.458,Idle
-0.028,0.003,1.112,2.336,-1.382,-0.42,Idle
-0.034,0.005,1.112,2.214,-1.573,-0.351,Idle
-0.033,0.004,1.116,2.496,-1.573,-0.183,Idle
-0.03,0.003,1.118,2.626,-1.427,-0.359,Idle
-0.03,0.002,1.115,2.405,-1.534,-0.137,Idle
-0.032,0,1.116,2.382,-1.634,-0.374,Idle
-0.033,0.002,1.114,2.328,-1.656,-0.382,Idle
-0.033,0.001,1.115,2.328,-1.45,-0.374,Idle
-0.031,0,1.108,2.282,-1.748,-0.29,Idle
-0.03,0,1.11,2.29,-1.74,-0.366,Idle
-0.028,0.003,1.117,2.534,-1.504,-0.427,Idle
-0.03,0.002,1.112,2.618,-1.679,-0.282,Idle
-0.034,0.001,1.104,2.466,-1.786,-0.336,Idle
-0.026,0.002,1.118,2.305,-1.656,-0.267,Idle
-0.027,0.003,1.105,2.443,-1.779,-0.336,Idle
-0.032,0.001,1.119,2.137,-1.786,-0.443,Idle
-0.029,0.003,1.107,2.267,-1.588,-0.26,Idle
-0.03,0,1.113,2.603,-1.71,-0.55,Idle
-0.028,0.005,1.11,2.26,-1.603,-0.504,Idle
-0.034,0,1.115,2.534,-1.74,-0.359,Idle
-0.029,0.001,1.114,2.412,-1.748,-0.198,Idle
-0.031,0,1.108,2.519,-1.427,-0.45,Idle
-0.032,0.004,1.105,2.328,-1.649,-0.229,Idle
-0.032,0.002,1.112,2.466,-1.519,-0.542,Idle
-0.032,0,1.109,2.336,-1.702,-0.321,Idle
-0.028,0.009,1.113,2.435,-1.718,-0.237,Idle
-0.03,-0.001,1.112,2.374,-1.641,-0.382,Idle
-0.031,0.002,1.114,2.42,-1.763,-0.351,Idle
-0.027,0.003,1.115,2.389,-1.763,-0.389,Idle
-0.028,0.002,1.116,2.221,-1.351,-0.275,Idle
-0.028,0.002,1.106,2.45,-1.55,-0.176,Idle
-0.031,0.003,1.104,2.214,-1.756,-0.328,Idle
-0.035,0,1.109,2.382,-1.71,-0.397,Idle
-0.034,0.003,1.112,2.29,-1.679,-0.321,Idle
-0.032,0.004,1.106,2.573,-1.634,-0.092,Idle
-0.027,0,1.108,2.443,-1.649,-0.275,Idle
-0.027,0.003,1.112,2.473,-1.641,-0.359,Idle
-0.031,0.002,1.115,2.42,-1.779,-0.214,Idle
-0.027,0.003,1.11,2.481,-1.473,-0.351,Idle
-0.031,0.003,1.109,2.435,-1.641,-0.221,Idle
-0.029,0.003,1.12,2.504,-1.733,-0.275,Idle
-0.034,0.005,1.116,2.366,-1.672,-0.351,Idle
-0.028,0.01,1.115,2.435,-1.695,-0.412,Idle
-0.029,0.001,1.115,2.374,-1.58,-0.412,Idle
-0.025,0.003,1.114,2.267,-1.649,-0.511,Idle
-0.029,-0.003,1.116,2.382,-1.542,-0.221,Idle
-0.031,0.004,1.11,2.519,-1.763,-0.313,Idle
-0.031,0,1.115,2.382,-1.595,-0.252,Idle
-0.031,0.003,1.108,2.244,-1.321,-0.092,Idle
-0.029,0.001,1.111,2.496,-1.618,-0.321,Idle
-0.03,0.003,1.112,2.374,-1.603,-0.664,Idle
-0.031,0.006,1.13,2.198,-1.695,-0.366,Idle
-0.029,0.001,1.117,2.405,-1.718,-0.252,Idle
-0.032,0.004,1.11,2.427,-1.695,-0.282,Idle
-0.03,0.001,1.119,2.45,-1.611,-0.191,Idle
-0.029,0,1.113,2.611,-1.557,-0.534,Idle
-0.027,0.003,1.107,2.229,-1.573,-0.458,Idle
-0.029,0.001,1.108,2.55,-1.557,-0.45,Idle
-0.034,-0.004,1.111,2.489,-1.748,-0.443,Idle
-0.03,0.002,1.114,2.45,-1.756,-0.344,Idle
-0.031,0.006,1.113,2.237,-1.695,-0.489,Idle
-0.032,0.002,1.109,2.466,-1.634,-0.573,Idle
-0.034,0.002,1.101,2.481,-1.656,-0.458,Idle
-0.023,0.002,1.118,2.618,-1.466,-0.58,Idle
-0.027,0.003,1.127,2.244,-1.718,0.107,Idle
-0.034,0,1.116,2.26,-1.58,-0.366,Idle
-0.039,0.003,1.105,2.13,-1.565,-0.458,Idle
-0.03,-0.002,1.106,2.374,-1.626,-0.443,Idle
-0.043,0.005,1.11,2.313,-1.626,-0.176,Idle
-0.026,0.004,1.113,2.29,-1.557,-0.351,Idle
-0.028,0.003,1.11,2.466,-1.794,-0.42,Idle
-0.034,0,1.116,2.267,-1.725,-0.382,Idle
-0.034,0.004,1.11,2.313,-1.969,-0.16,Idle
-0.028,0.002,1.109,2.344,-1.489,-0.534,Idle
-0.035,0.002,1.113,2.435,-1.595,-0.412,Idle
-0.03,0.003,1.121,2.473,-1.626,-0.145,Idle
-0.037,0.006,1.124,2.092,-2.122,-0.305,Idle
-0.04,0.01,1.125,2.298,-1.947,-0.336,Idle
-0.037,0.013,1.118,2.466,-1.473,-0.366,Idle
-0.035,0.005,1.127,2.656,-1.832,-0.435,Idle
-0.03,0,1.102,2.756,-1.412,-0.031,Idle
-0.033,0.002,1.1,2.504,-1.595,-0.42,Idle
-0.029,0.001,1.104,2.397,-1.595,-0.473,Idle
-0.027,-0.002,1.111,2.504,-1.473,-0.405,Idle
-0.035,0.001,1.11,2.221,-1.55,-0.252,Idle
-0.039,0.01,1.11,2.198,-1.885,-0.412,Idle
-0.011,-0.002,1.114,2.382,-1.191,-0.313,Idle
-0.037,0.005,1.108,2.275,-1.656,-0.336,Idle
-0.027,0.003,1.121,2.214,-1.847,-0.366,Idle
-0.03,-0.004,1.108,2.588,-1.489,-0.176,Idle
-0.031,0.008,1.114,2.29,-1.45,-0.687,Idle
-0.033,0.002,1.117,2.489,-1.794,-0.26,Idle
-0.033,0.007,1.121,2.366,-1.611,-0.443,Idle
-0.032,0.004,1.116,2.611,-1.733,-0.542,Idle
-0.031,0.004,1.116,2.229,-1.244,-0.244,Idle
-0.031,0.003,1.117,2.336,-1.802,-0.206,Idle
-0.035,0.004,1.117,2.382,-1.763,-0.496,Idle
-0.033,0.004,1.113,2.473,-1.618,-0.466,Idle
-0.027,-0.002,1.108,2.443,-1.473,-0.427,Idle
-0.028,-0.003,1.109,2.473,-1.473,-0.183,Idle
-0.041,0,1.113,2.214,-1.832,-0.336,Idle
-0.041,0.008,1.122,2.198,-2.053,-0.366,Idle
-0.039,0.009,1.131,2.557,-1.931,-0.405,Idle
-0.023,-0.004,1.112,2.695,-1.527,-0.137,Idle
-0.025,0.005,1.108,2.489,-1.519,-0.427,Idle
-0.031,0,1.106,2.405,-1.771,-0.137,Idle
-0.037,0.008,1.12,2.397,-1.908,-0.29,Idle
-0.03,0,1.108,2.42,-1.656,-0.466,Idle
-0.026,-0.002,1.109,2.504,-1.618,-0.313,Idle
-0.028,0.004,1.108,2.405,-1.573,-0.389,Idle
-0.029,0.001,1.114,2.305,-1.55,-0.244,Idle
-0.031,-0.002,1.118,2.275,-1.924,-0.328,Idle
-0.037,0.002,1.115,2.351,-1.74,-0.29,Idle
-0.041,0.01,1.127,2.145,-1.939,-0.611,Idle
-0.042,0.008,1.117,2.183,-1.931,-0.305,Idle
-0.023,0,1.114,2.496,-1.481,-0.405,Idle
-0.013,-0.006,1.095,2.71,-1.344,-0.229,Idle
-0.019,-0.001,1.096,2.473,-1.481,-0.275,Idle
-0.035,0.006,1.115,2.321,-1.74,-0.29,Idle
-0.037,0.007,1.116,2.29,-2.031,-0.534,Idle
-0.033,0.003,1.121,2.374,-1.718,-0.244,Idle
-0.02,-0.004,1.101,2.466,-1.29,-0.443,Idle
-0.022,-0.001,1.114,2.374,-1.71,-0.115,Idle
-0.036,0.007,1.116,2.351,-1.489,-0.168,Idle
-0.034,0.008,1.115,2.176,-1.634,-0.458,Idle
-0.034,0.002,1.112,2.366,-1.718,-0.42,Idle
-0.03,0.005,1.113,2.504,-1.71,-0.298,Idle
-0.03,0.003,1.119,2,-1.817,-0.26,Idle
-0.03,0.003,1.108,2.641,-1.58,-0.313,Idle
-0.027,-0.001,1.112,2.298,-1.588,-0.221,Idle
-0.025,-0.002,1.109,2.504,-1.74,-0.183,Idle
-0.026,0.002,1.11,2.214,-1.763,-0.473,Idle
-0.033,0.004,1.115,2.344,-1.542,-0.298,Idle
-0.031,0.003,1.105,2.435,-1.458,-0.366,Idle
-0.025,0,1.105,2.443,-1.748,-0.58,Idle
-0.034,0.003,1.116,2.412,-1.824,-0.55,Idle
-0.036,0.001,1.127,2.511,-1.924,-0.366,Idle
-0.031,0.002,1.114,2.534,-1.565,-0.313,Idle
-0.025,0.002,1.11,2.473,-1.634,-0.321,Idle
-0.031,0.003,1.106,2.496,-1.344,-0.359,Idle
-0.03,0,1.112,2.267,-1.863,-0.351,Idle
-0.033,0.004,1.122,2.489,-1.779,-0.26,Idle
-0.034,0.002,1.116,2.374,-1.374,-0.382,Idle
-0.032,0.001,1.113,2.557,-1.519,-0.481,Idle
-0.03,0.001,1.111,2.573,-1.397,-0.374,Idle
-0.03,0.004,1.107,2.412,-1.634,-0.45,Idle
-0.032,0.002,1.106,2.061,-1.397,-0.466,Idle
-0.034,0.004,1.12,2.427,-1.718,-0.412,Idle
-0.029,0.003,1.109,2.298,-1.809,-0.496,Idle
-0.03,0.002,1.112,2.557,-1.695,-0.16,Idle
-0.033,0.001,1.118,2.595,-1.763,-0.489,Idle
-0.027,0.002,1.109,2.573,-1.565,-0.328,Idle
-0.032,0.001,1.109,2.382,-1.626,-0.214,Idle
-0.029,0.003,1.106,2.29,-1.618,-0.298,Idle
-0.027,-0.003,1.117,2.206,-1.603,-0.412,Idle
-0.028,0.001,1.109,2.527,-1.641,-0.321,Idle
-0.026,0,1.115,2.29,-1.672,-0.481,Idle
-0.032,0.001,1.11,2.405,-1.45,-0.046,Idle
-0.029,-0.001,1.117,2.405,-1.802,-0.534,Idle
-0.038,0.004,1.113,2.275,-1.664,-0.511,Idle
-0.029,0.001,1.115,2.321,-1.702,-0.305,Idle
-0.027,0.005,1.109,2.496,-1.664,-0.122,Idle
-0.027,0.001,1.115,2.435,-1.595,-0.305,Idle
-0.03,0.002,1.115,2.389,-1.679,-0.237,Idle
-0.03,0,1.11,2.344,-1.435,-0.466,Idle
-0.029,0,1.109,2.588,-1.725,-0.489,Idle
-0.029,0.004,1.117,2.489,-1.557,-0.275,Idle
-0.034,0.002,1.105,2.412,-1.771,-0.412,Idle
-0.032,0.001,1.113,2.595,-1.786,-0.13,Idle
-0.03,0.004,1.112,2.42,-1.679,-0.313,Idle
-0.031,0.001,1.114,2.359,-1.534,-0.511,Idle
-0.029,0.002,1.113,2.382,-1.656,-0.511,Idle
-0.121,0.003,1.056,-2.679,-5.924,-3.008,Pitch
-0.128,0.006,1.102,-9.511,-6.237,-1.366,Pitch
-0.125,-0.017,1.153,-8.565,-2.634,0.168,Pitch
-0.09,-0.023,1.156,3.45,-0.527,-2.038,Pitch
-0.073,-0.008,1.122,6.328,-1.611,-2.786,Pitch
-0.037,-0.011,1.13,4.618,-6.336,-4.092,Pitch
-0.038,-0.007,1.146,5.931,1.115,-9.924,Pitch
-0.081,-0.008,1.131,5.359,10.382,-10.893,Pitch
-0.073,-0.005,1.156,2.397,16.756,-9.107,Pitch
-0.063,-0.014,1.149,5.885,15.282,-8.191,Pitch
-0.065,0.016,1.143,8.641,10.893,-11.511,Pitch
-0.115,0.014,1.16,2.573,29.634,-11.809,Pitch
-0.087,-0.002,1.159,4.107,35.557,-11.046,Pitch
-0.043,0.01,1.157,7.763,38.649,-17.427,Pitch
-0.119,0.012,1.159,3.366,67.275,-23.962,Pitch
-0.205,-0.021,1.112,-1.962,80.084,-27.336,Pitch
-0.175,-0.043,1.127,1.458,72.656,-23.321,Pitch
-0.228,-0.013,1.101,4.954,76.076,-27.832,Pitch
-0.352,-0.025,1.052,5.832,69.198,-28.13,Pitch
-0.347,-0.013,0.993,15.519,60.366,-25.321,Pitch
-0.337,0.022,0.951,10.092,54.008,-31.908,Pitch
-0.46,-0.027,0.986,12.893,26.771,-33.595,Pitch
-0.565,-0.076,0.957,30.733,-1.672,-22.313,Pitch
-0.473,-0.028,0.876,25.977,-9.649,-13.496,Pitch
-0.423,-0.003,0.897,3.573,-0.641,-20.962,Pitch
-0.598,0.256,0.978,-24.969,-11.779,-19.405,Pitch
-0.467,0.02,0.969,-3.84,-26.519,-18.802,Pitch
-0.898,-0.315,1.14,-13.16,-43.023,0.076,Pitch
-0.413,-0.019,0.995,-7.122,-42.962,-3.145,Pitch
-0.385,-0.062,0.872,-10.45,-47.802,-1.473,Pitch
-0.377,0.021,0.796,-6.802,-113.802,-29.191,Pitch
-0.186,-0.013,0.882,-0.412,-250.137,-54.107,Pitch
-0.052,-0.134,0.871,86.275,-250.137,-27.489,Pitch
0.144,0.029,0.985,144.855,-250.137,10.458,Pitch
0.216,0.123,0.852,126.824,-250.137,54.611,Pitch
0.32,0.049,0.86,68.901,-250.137,93.649,Pitch
0.754,0.104,1.087,40.336,-250.137,78.756,Pitch
0.933,0.145,1.015,32.168,-250.137,61.405,Pitch
0.848,0.09,0.748,-19.763,-250.137,68.588,Pitch
1.03,0.047,0.729,-67.16,-250.137,89.603,Pitch
1.065,0.018,0.747,-75.298,-210.565,69.656,Pitch
1.053,-0.125,0.478,-62.58,-150.687,40.336,Pitch
1.122,-0.174,0.298,-26.74,-85.115,34.427,Pitch
1.019,-0.098,0.357,-25.679,-42.328,18.985,Pitch
1.023,-0.072,0.501,-14.489,23.496,4.466,Pitch
1.013,-0.069,0.489,-4.328,83.893,-7.489,Pitch
1.065,-0.095,0.497,-8.733,145.534,-10.214,Pitch
1.018,-0.085,0.535,-14.397,155.939,-17.412,Pitch
1.012,-0.144,0.478,-7.275,211.855,-23.305,Pitch
0.97,0.012,0.862,-21.534,250.13,-31.679,Pitch
0.783,-0.064,0.896,-31.229,250.13,-29.534,Pitch
0.93,-0.136,0.794,-6.893,250.13,7.489,Pitch
0.615,-0.066,0.904,-23.466,250.13,39.962,Pitch
0.206,-0.161,0.941,27.435,250.13,50.595,Pitch
-0.179,-0.025,1.147,26.664,250.13,32.878,Pitch
-0.101,-0.303,1.044,10.573,250.13,10.374,Pitch
-0.046,-0.166,0.907,50.817,250.13,28.427,Pitch
-0.513,0.093,1.001,13.13,250.13,35.901,Pitch
-0.516,-0.068,0.713,20.565,250.13,54.611,Pitch
-0.609,0.009,0.486,28.115,156.435,26.824,Pitch
-0.795,0.131,0.833,-11.389,186.954,13.702,Pitch
-0.798,-0.013,0.552,-29.992,197.214,17.878,Pitch
-0.958,0.026,0.412,5.42,84.427,22.885,Pitch
-0.849,0.071,0.521,-27.931,84.046,18.611,Pitch
-0.95,-0.073,0.417,-29.382,61.473,14.29,Pitch
-1.003,-0.022,0.442,1.45,11.58,10.656,Pitch
-0.873,0.027,0.396,-6.298,-58.046,4.634,Pitch
-0.998,0.018,0.573,-12.023,-109.947,-13.42,Pitch
-0.944,-0.056,0.657,-4.985,-162.092,-29.237,Pitch
-0.865,-0.091,0.661,14.878,-250.137,-21.672,Pitch
-0.754,0.031,0.593,38.55,-250.137,-32.824,Pitch
-0.409,-0.013,0.868,32.771,-250.137,-28.641,Pitch
-0.136,-0.009,1.065,44.214,-250.137,-9.206,Pitch
-0.013,0.063,1.092,46.504,-250.137,13.023,Pitch
-0.059,-0.005,0.973,-22.16,-250.137,24.634,Pitch
0.08,0.055,0.87,-75.122,-250.137,20.84,Pitch
0.642,-0.251,1.081,-18.954,-250.137,-25.191,Pitch
0.741,0.075,1.131,-9.122,-250.137,-22.084,Pitch
0.801,-0.047,0.819,-60.305,-250.137,21.069,Pitch
0.673,-0.04,0.621,-71.496,-250.137,13.901,Pitch
0.901,-0.082,0.508,-36.588,-250.137,-8.473,Pitch
1.136,-0.077,0.72,-17.679,-232.565,-1.29,Pitch
1.164,-0.095,0.483,-27.122,-102.282,9.466,Pitch
1.052,-0.147,0.153,-10.962,-70.374,8.962,Pitch
1.019,-0.063,0.178,2.443,-54.672,-5.137,Pitch
1.039,-0.085,0.335,5.611,-3.641,-2.229,Pitch
1.077,-0.111,0.379,11.809,32.107,-5.336,Pitch
1.018,-0.087,0.379,8.748,61.565,-5.397,Pitch
1.013,-0.128,0.399,10.473,107,2.748,Pitch
1.034,-0.158,0.353,25.969,136.695,13.298,Pitch
1.038,-0.134,0.456,35.076,143.702,2.58,Pitch
1.257,-0.128,0.74,17.198,250.13,19.443,Pitch
1.069,-0.004,0.769,-5.229,250.13,33.908,Pitch
0.763,-0.092,0.543,-6.458,250.13,21.359,Pitch
0.609,-0.096,1.021,2.305,250.13,32.595,Pitch
0.568,-0.159,1.022,6.198,250.13,44.191,Pitch
0.176,-0.104,0.723,14.13,250.13,44.702,Pitch
-0.11,-0.107,0.914,44.733,250.13,44.16,Pitch
-0.193,-0.135,1.007,54.099,250.13,36.672,Pitch
-0.441,-0.189,0.919,58.176,250.13,25.229,Pitch
-0.448,-0.047,0.851,54.252,220.305,-7.084,Pitch
-0.599,-0.036,0.926,51.412,138.321,-9.275,Pitch
-0.504,0.082,0.818,27.412,190.595,15.817,Pitch
-0.753,0.076,0.794,-22.214,110.779,6.962,Pitch
-0.75,-0.005,0.64,-26.794,3.656,-5.221,Pitch
-0.595,0.014,0.619,-1.756,7.473,-4.893,Pitch
-0.668,-0.002,0.723,-16.252,40.053,6.031,Pitch
-0.756,-0.031,0.731,-19.863,3,8.313,Pitch
-0.732,-0.054,0.756,0.931,-36.382,4.786,Pitch
-0.672,-0.033,0.888,0.359,-16.687,6.664,Pitch
-0.697,-0.034,0.838,-9.901,-14.053,2.008,Pitch
-0.733,-0.021,0.882,-1.107,-43.076,0.511,Pitch
-0.721,0.006,0.756,-13.534,-119.244,-15.214,Pitch
-0.647,-0.079,0.656,-7.626,-250.137,-30.832,Pitch
-0.542,-0.067,0.765,33.992,-250.137,-32.069,Pitch
-0.18,0.084,0.894,-0.252,-250.137,-44.794,Pitch
-0.092,-0.05,0.831,-5.885,-250.137,-57.313,Pitch
0.22,0.092,0.761,18.855,-250.137,-39.382,Pitch
0.467,-0.078,0.766,24.794,-250.137,-31.962,Pitch
0.887,-0.129,0.875,19.282,-250.137,-14.672,Pitch
0.935,-0.013,0.872,-16.214,-250.137,-8.42,Pitch
1.031,-0.014,0.525,-48.473,-250.137,-10.809,Pitch
0.921,0.003,0.33,-52.115,-250.137,-12.382,Pitch
1.27,-0.031,0.381,-26.511,-250.137,-12.389,Pitch
1.277,-0.142,0.374,3.947,-180.595,-10.015,Pitch
1.08,-0.029,0.292,-0.13,-61.969,2.687,Pitch
1.109,-0.024,0.177,-12.832,32.466,1.695,Pitch
1.089,-0.042,0.177,12.786,47.985,-1.046,Pitch
1.086,-0.054,0.244,27.779,40.84,-4.076,Pitch
1.161,-0.07,0.346,8.069,55.55,6.702,Pitch
1.124,-0.111,0.354,1.16,103.725,21.74,Pitch
1.19,-0.075,0.44,9,198.756,39.29,Pitch
1.23,-0.064,0.484,1.679,250.13,41.924,Pitch
1.178,-0.105,0.525,-23.969,250.13,36.527,Pitch
1.091,-0.112,0.775,-61.687,250.13,61.573,Pitch
0.758,-0.133,0.726,-37.595,250.13,96.382,Pitch
0.44,-0.158,0.774,27.183,250.13,91.435,Pitch
0.17,-0.142,0.97,45.954,250.13,94.137,Pitch
0.014,-0.171,1.01,46.443,250.13,94.794,Pitch
-0.194,-0.128,0.848,74.466,250.13,94.603,Pitch
-0.622,-0.12,0.892,68.481,250.13,24.244,Pitch
-0.559,-0.125,1.014,75.16,250.13,21.931,Pitch
-0.648,-0.009,0.759,115.176,250.13,17.611,Pitch
-0.667,0.17,0.561,61.183,136.092,2.939,Pitch
-0.688,0.135,0.644,9.443,101.237,6.038,Pitch
-0.784,0.092,0.621,-3.87,93.221,4.191,Pitch
-0.787,0.054,0.554,-25.534,37.74,-1.244,Pitch
-0.809,0.139,0.518,-44.908,-8.916,-7.366,Pitch
-0.816,0.003,0.554,-44.824,-32.718,-8.832,Pitch
-0.797,-0.049,0.665,-4.107,-37.74,-3.71,Pitch
-0.821,-0.048,0.754,11.985,-58.794,-6.267,Pitch
-0.854,-0.041,0.85,19.267,-98.832,-9.008,Pitch
-0.826,-0.021,0.81,17.023,-186.908,-26.931,Pitch
-0.592,-0.031,0.871,3.71,-250.137,-28.321,Pitch
-0.51,-0.027,0.828,-10.55,-250.137,-23.069,Pitch
-0.415,-0.009,0.731,-29.382,-250.137,-42.824,Pitch
-0.313,-0.003,0.816,-11.13,-250.137,-65.748,Pitch
-0.001,-0.07,1.125,-6.313,-250.137,-54.023,Pitch
0.219,-0.082,0.927,-15.214,-250.137,-40.275,Pitch
0.377,-0.073,0.655,-15.221,-250.137,-54.023,Pitch
0.511,-0.089,0.893,81.786,-250.137,-60.985,Pitch
0.838,0.052,0.818,109.092,-250.137,-33.107,Pitch
0.905,0.077,0.68,16.718,-250.137,2.931,Pitch
0.917,-0.01,0.432,-50.176,-250.137,27.42,Pitch
1.098,-0.053,0.395,-34.969,-250.137,23.084,Pitch
1.246,-0.025,0.332,27.351,-222.847,-18.115,Pitch
1.203,0.034,0.273,43.366,-143.519,0.153,Pitch
1.149,0.011,0.227,8.55,-31.84,-4.298,Pitch
1.124,0.031,0.189,-12.382,22.649,-2.916,Pitch
1.112,0.006,0.167,-6,34.366,-6.427,Pitch
1.123,0.016,0.2,-5.282,21.313,-3.221,Pitch
1.161,0.007,0.286,-15.122,25.618,7.298,Pitch
1.164,0.001,0.343,-11.336,92.924,11.557,Pitch
1.264,0.008,0.354,0.061,179,14.328,Pitch
1.234,-0.033,0.423,8.863,250.13,22.275,Pitch
1.172,-0.051,0.425,3.153,250.13,25.771,Pitch
1.004,-0.052,0.605,-4.542,250.13,34.573,Pitch
0.764,-0.01,0.725,2.969,250.13,41.557,Pitch
0.553,-0.013,0.889,3.298,250.13,34.969,Pitch
0.46,-0.026,0.937,-17.931,250.13,24.359,Pitch
0.273,-0.086,0.942,-13.504,250.13,27.855,Pitch
-0.041,-0.058,0.927,15.565,250.13,35.473,Pitch
-0.29,-0.083,0.991,23.198,250.13,49.969,Pitch
-0.247,0.006,0.861,30.084,250.13,43.84,Pitch
-0.507,-0.024,0.809,-7.321,198.168,20.206,Pitch
-0.557,-0.038,0.855,-10.489,160.496,16.031,Pitch
-0.557,-0.041,0.835,-11.168,154.031,13.031,Pitch
-0.64,-0.051,0.802,-3.45,117.74,2.252,Pitch
-0.712,-0.036,0.811,1.931,50.939,-6.855,Pitch
-0.723,-0.03,0.723,9.779,-6.45,-16.992,Pitch
-0.643,-0.033,0.683,17.748,-51.321,-16.534,Pitch
-0.7,-0.024,0.788,7.565,-115.45,-31.702,Pitch
-0.66,-0.052,0.747,13.702,-218.321,-27.779,Pitch
-0.518,-0.036,0.798,32.908,-250.137,-28.992,Pitch
-0.42,-0.024,0.714,52.954,-250.137,-29.061,Pitch
-0.175,0.062,0.719,90.275,-250.137,-35.397,Pitch
0.146,0.083,1.097,31.405,-250.137,-8.496,Pitch
0.306,0.028,0.915,-12.298,-250.137,-0.237,Pitch
0.679,-0.035,0.852,-20.275,-250.137,-3.779,Pitch
0.682,-0.024,0.603,-7.893,-250.137,-20.947,Pitch
0.801,-0.048,0.504,-2.519,-250.137,-30.366,Pitch
1.064,0.074,0.632,-18.214,-250.137,-4.084,Pitch
0.998,-0.006,0.445,-32.397,-246.542,-0.725,Pitch
1.131,0.034,0.288,-20.298,-217.71,12.489,Pitch
1.154,-0.055,0.275,21.122,-132.053,-0.076,Pitch
1.149,0.084,0.282,51.435,-54.145,2.298,Pitch
1.139,-0.006,0.256,1.939,-19.84,5.366,Pitch
1.14,-0.037,0.077,-4.374,-20.588,0.802,Pitch
1.181,-0.011,0.107,16.87,-32.229,-0.145,Pitch
1.177,0.008,0.263,19.015,19.954,9.992,Pitch
1.232,-0.017,0.255,11.328,100.664,19.71,Pitch
1.19,-0.053,0.208,28.405,182.924,27.26,Pitch
1.327,-0.02,0.361,21.053,250.13,22.611,Pitch
1.246,-0.083,0.548,-25.931,250.13,30.031,Pitch
0.966,-0.035,0.432,-68.374,250.13,29.382,Pitch
0.734,-0.083,0.646,-56.145,250.13,61.511,Pitch
0.583,-0.075,0.762,-53.336,250.13,110.313,Pitch
0.317,-0.119,0.865,-41.679,250.13,106.947,Pitch
0.08,-0.299,1.056,3.733,250.13,111.42,Pitch
-0.226,-0.172,0.966,38.45,250.13,114.588,Pitch
-0.461,-0.11,0.8,60.008,250.13,98.244,Pitch
-0.561,-0.068,0.866,56.168,205.878,23.336,Pitch
-0.607,-0.095,0.919,39.756,136.534,25.13,Pitch
-0.552,-0.033,0.807,76.58,175.435,32.321,Pitch
-0.548,0.02,0.763,59.382,153.565,20.023,Pitch
-0.722,0.012,0.832,15.557,53.046,1.336,Pitch
-0.716,0.003,0.803,5.328,23.809,0.237,Pitch
-0.711,0.052,0.642,3.756,1.359,-3.321,Pitch
-0.688,0.061,0.694,-22.901,-44.168,-18.802,Pitch
-0.654,-0.046,0.842,-38.809,-86.519,-33.962,Pitch
-0.665,-0.088,0.926,-26.725,-128.725,-46.595,Pitch
-0.571,-0.087,0.929,-16.084,-197.779,-65.084,Pitch
-0.441,-0.134,0.841,-7.58,-250.137,-82.466,Pitch
-0.368,-0.065,0.822,22.29,-250.137,-94.16,Pitch
-0.419,-0.091,0.946,67.206,-250.137,-98.611,Pitch
-0.019,-0.029,1.058,71.183,-250.137,-67.557,Pitch
0.212,-0.003,0.782,81.641,-250.137,-48.947,Pitch
0.489,0.025,0.755,75.107,-250.137,-49.305,Pitch
0.806,0.032,0.856,28.359,-250.137,-30.489,Pitch
0.763,-0.001,0.652,-23.084,-250.137,-1.397,Pitch
0.867,0.027,0.516,-42.29,-250.137,-3.519,Pitch
1.111,-0.006,0.402,-50.725,-188.985,-9.748,Pitch
1.098,0.047,0.212,-5.748,-152.458,-29.198,Pitch
1.194,0.078,0.403,-1.473,-121.962,-9.74,Pitch
1.046,0.006,0.339,-19.466,-66.366,-2.321,Pitch
1.085,0.042,0.312,-7.267,-44.008,-0.58,Pitch
1.072,0.016,0.283,9.824,-38.145,-5.45,Pitch
1.094,0.016,0.275,9.443,-26.305,-0.962,Pitch
1.097,0.01,0.296,0.733,1.557,5.023,Pitch
1.209,0.014,0.357,2.702,63.122,10.099,Pitch
1.26,0.018,0.388,16.702,147.13,16.863,Pitch
1.13,-0.011,0.404,14.733,240.198,37.473,Pitch
1.141,-0.014,0.524,-4.359,250.13,58.55,Pitch
0.983,-0.029,0.639,-31.649,250.13,90.557,Pitch
0.854,0.074,0.787,-40.626,250.13,77.634,Pitch
0.569,-0.061,0.657,-53.664,250.13,72.649,Pitch
0.26,-0.122,0.982,-20.84,250.13,59.489,Pitch
0.028,-0.187,1.142,8.641,250.13,63.702,Pitch
-0.039,-0.172,1.068,-0.947,250.13,67.779,Pitch
-0.205,-0.133,1.02,2.008,229.26,41.29,Pitch
-0.245,-0.231,1.165,-7.679,179.366,25.16,Pitch
-0.291,-0.183,1.144,-17.656,185.794,48.412,Pitch
-0.373,-0.16,0.896,-4.115,200.435,49.588,Pitch
-0.364,-0.129,0.795,-36.237,169.611,23.649,Pitch
-0.718,-0.21,0.824,-26.748,104.366,12.939,Pitch
-0.638,-0.22,0.934,39.176,124.282,25.74,Pitch
-0.654,-0.084,0.652,44.397,98.336,20.473,Pitch
-0.673,-0.044,0.722,33.069,29.237,10.824,Pitch
-0.705,-0.048,0.698,39.878,20.397,10.015,Pitch
-0.679,-0.047,0.711,38.725,2.046,1.855,Pitch
-0.684,-0.052,0.739,22.733,-26.947,-7.13,Pitch
-0.746,-0.042,0.756,17.458,-75.466,-10.679,Pitch
-0.679,-0.071,0.869,19.573,-124.282,-10.824,Pitch
-0.586,-0.075,0.95,9.649,-174.702,-22.519,Pitch
-0.409,-0.066,0.942,-4.412,-234.763,-32.252,Pitch
-0.427,-0.113,0.926,-2.504,-250.137,-33.069,Pitch
-0.308,-0.115,0.987,10,-250.137,-50.107,Pitch
-0.229,-0.03,0.893,8.885,-250.137,-63.221,Pitch
-0.019,-0.016,0.912,19.489,-250.137,-61.756,Pitch
0.35,-0.013,0.91,24.145,-250.137,-50.481,Pitch
0.527,-0.02,0.842,13.298,-250.137,-56.969,Pitch
0.694,-0.05,0.711,6.466,-250.137,-57.42,Pitch
0.817,-0.036,0.75,-24.176,-250.137,-31.359,Pitch
0.884,-0.018,0.573,-44.359,-250.137,-6.565,Pitch
0.963,-0.022,0.435,-21.473,-248.42,-10.794,Pitch
1.151,-0.022,0.517,10.534,-215.504,-21.405,Pitch
1.161,-0.086,0.265,18.985,-153.267,-17.137,Pitch
1.007,-0.056,0.344,-4.885,-99.763,3.382,Pitch
1.071,-0.022,0.251,-7.649,-75.191,11.305,Pitch
1.121,-0.016,0.22,13.031,-64.443,-1.802,Pitch
1.135,-0.001,0.205,27.031,-57.992,-0.855,Pitch
1.112,-0.035,0.259,10.45,-23.847,2.695,Pitch
1.084,-0.053,0.245,5.176,13.603,4.672,Pitch
1.05,-0.028,0.232,11.763,33.015,4.618,Pitch
1.068,-0.027,0.25,12.748,48.359,2,Pitch
1.098,-0.035,0.309,12.305,96.038,6.519,Pitch
1.1,-0.048,0.415,14.427,205.366,10.557,Pitch
1.171,-0.095,0.482,3,250.13,18.153,Pitch
1.001,0.058,0.644,-19.076,250.13,35.267,Pitch
0.844,-0.052,0.707,-0.939,250.13,76.489,Pitch
0.679,-0.031,0.713,-4.885,250.13,80.061,Pitch
0.372,-0.097,0.976,-20.443,250.13,75.771,Pitch
0.016,-0.09,1.125,9.855,250.13,78.229,Pitch
-0.11,-0.135,0.999,13.55,250.13,68.824,Pitch
-0.35,-0.014,0.865,15.443,250.13,45.74,Pitch
-0.612,-0.07,0.961,-2.221,248.214,-4.397,Pitch
-0.584,-0.062,0.808,30.046,183.282,29.313,Pitch
-0.564,-0.056,0.76,32.977,197.168,12.046,Pitch
-0.609,-0.062,0.837,7.076,130.84,7.466,Pitch
-0.732,-0.072,0.801,12.435,60.763,2.901,Pitch
-0.638,-0.013,0.759,16.107,29.84,3.198,Pitch
-0.667,-0.005,0.752,11.313,13.504,5.229,Pitch
-0.673,-0.014,0.761,4.779,4.695,4.29,Pitch
-0.689,-0.024,0.78,2.496,-0.473,-0.336,Pitch
-0.722,-0.047,0.824,-4.26,-6.481,-2.947,Pitch
-0.75,-0.066,0.818,1.168,-30.603,-1.779,Pitch
-0.698,-0.047,0.829,4.679,-85.664,-4.527,Pitch
-0.676,-0.04,0.837,-5.076,-193.595,9.374,Pitch
-0.608,-0.065,0.896,1.336,-250.137,12.13,Pitch
-0.432,-0.038,0.917,9.382,-250.137,20.679,Pitch
-0.199,-0.05,0.875,-8.374,-250.137,19.275,Pitch
-0.217,0.035,0.8,-12.893,-250.137,-7.664,Pitch
-0.037,-0.114,1.075,-26.771,-250.137,-50.656,Pitch
0.24,-0.092,1.115,-54.206,-250.137,-64.397,Pitch
0.487,0.009,0.863,-71.603,-250.137,-58.344,Pitch
0.449,-0.055,0.594,-67.092,-250.137,-43.809,Pitch
0.641,-0.117,0.723,-65.282,-250.137,-45.718,Pitch
0.936,-0.138,0.701,-10.237,-250.137,-76.733,Pitch
1.088,-0.051,0.533,17.985,-250.137,-76.45,Pitch
1.042,0.046,0.341,20.344,-210.977,-53.076,Pitch
1.111,0.001,0.223,26,-180.527,-47.031,Pitch
1.225,-0.077,0.392,32.595,-120.908,-23.13,Pitch
1.204,-0.021,0.331,20.481,-54.489,-12.542,Pitch
0.94,-0.008,0.254,0.466,-31.389,-6.595,Pitch
1.04,0.016,0.179,-1.595,-43.504,-1.252,Pitch
1.164,0.004,0.242,-0.718,-17.061,-0.588,Pitch
1.154,-0.012,0.276,-2.885,29.107,7.122,Pitch
1.009,0.009,0.207,-9.366,53.542,10.809,Pitch
1.007,0.007,0.198,-9.26,44.45,7.847,Pitch
1.075,-0.008,0.271,2.137,63.298,10.687,Pitch
1.102,-0.041,0.407,13.649,157.573,20.962,Pitch
1.241,0.01,0.519,29.092,250.13,42.977,Pitch
1.075,-0.127,0.505,36.168,250.13,56.702,Pitch
1.003,-0.063,0.613,25.344,250.13,64.519,Pitch
0.675,0.02,0.706,-3.924,250.13,54.878,Pitch
0.362,0.022,0.892,-19.58,250.13,60.366,Pitch
0.062,-0.088,0.957,-22.229,250.13,53.969,Pitch
-0.227,-0.01,0.999,-2.008,250.13,59.267,Pitch
-0.215,0.004,0.837,-13.29,250.13,62.863,Pitch
-0.757,-0.134,0.856,-4.336,233.771,18.069,Pitch
-0.568,-0.082,0.933,13.58,170.611,35.458,Pitch
-0.738,-0.018,0.644,32.076,135.641,22.229,Pitch
-0.715,-0.014,0.705,41.412,74.42,2.084,Pitch
-0.644,0.067,0.746,50.519,49.389,-1.802,Pitch
-0.776,0.024,0.746,48.939,23.573,0.771,Pitch
-0.666,0.053,0.774,33.855,-9.282,-1.511,Pitch
-0.645,0.053,0.768,9.176,-12.916,-5.275,Pitch
-0.715,0.018,0.81,-6.855,-3.847,-9.702,Pitch
-0.731,-0.005,0.828,-5.595,-8.099,-1.939,Pitch
-0.724,-0.01,0.843,-6.901,-29.412,-2.466,Pitch
-0.72,-0.002,0.815,-7.244,-74.275,-6.771,Pitch
-0.742,-0.016,0.822,2.046,-118.794,-8.443,Pitch
-0.672,-0.014,0.83,-4.656,-201.626,-16.718,Pitch
-0.606,-0.046,0.868,0.756,-250.137,-9.573,Pitch
-0.452,-0.045,0.844,20.252,-250.137,-15.405,Pitch
-0.163,0,0.929,-4.29,-250.137,-20.405,Pitch
-0.266,-0.084,0.944,-27.443,-250.137,-58.802,Pitch
0.106,-0.003,0.917,-6.069,-250.137,-61.809,Pitch
0.505,0.022,0.852,26.275,-250.137,-63.26,Pitch
0.706,-0.016,0.763,13.931,-250.137,-29.771,Pitch
0.693,-0.062,0.613,-26.405,-250.137,-17.763,Pitch
0.678,0.014,0.581,-30.198,-250.137,-10.221,Pitch
1.03,-0.025,0.505,-22.382,-250.137,-22.237,Pitch
1.415,-0.015,0.453,-21.458,-207.542,-14.405,Pitch
1.182,-0.004,0.262,-29.832,-145.588,-8.588,Pitch
1.041,-0.004,0.167,-26.588,-112.74,-8.298,Pitch
1.169,0.008,0.29,-6.168,-63.511,-10.725,Pitch
1.141,-0.008,0.259,6.481,-13.267,-4.046,Pitch
1.051,0.02,0.16,-16.855,-22.397,-6.847,Pitch
1.072,0.006,0.177,-16.58,-24.817,-3.099,Pitch
1.103,0.002,0.22,6.084,-19.855,3.687,Pitch
1.031,0.008,0.211,17.481,-11.74,4.008,Pitch
1.066,0.003,0.17,9.038,6.244,2.214,Pitch
1.108,-0.008,0.2,19.076,44.008,5.099,Pitch
1.075,-0.016,0.229,29.618,91.664,5.649,Pitch
1.047,-0.02,0.288,20.626,126.901,4.145,Pitch
1.184,-0.078,0.374,17.206,224.389,18.267,Pitch
1.224,-0.054,0.61,3.214,250.13,39.29,Pitch
1.046,-0.057,0.607,6.29,250.13,64.664,Pitch
0.958,-0.045,0.577,-26.756,250.13,84.29,Pitch
0.542,-0.054,0.775,-35.008,250.13,90.565,Pitch
0.271,0.024,0.97,-13.351,250.13,106.863,Pitch
0.01,-0.055,0.854,40.061,250.13,106.122,Pitch
-0.143,-0.036,0.826,8.015,250.13,94.359,Pitch
-0.446,0.098,0.729,4.305,250.13,87.145,Pitch
-0.68,-0.192,0.872,19.214,121.198,19.45,Pitch
-0.61,-0.102,1.022,26.733,14.42,4.924,Pitch
-0.583,-0.014,0.819,37.389,-49.405,14.069,Pitch
-0.488,0.079,0.847,37.595,-27.496,31.786,Pitch
-0.513,0.058,0.947,17.878,-8.046,35.71,Pitch
-0.501,0.006,0.945,3.282,-39.985,24.206,Pitch
-0.546,0.008,0.98,3.71,-46.672,15.031,Pitch
-0.448,-0.005,1.046,-3.336,-29.115,17.038,Pitch
-0.486,0.006,1.017,-14.038,-39.84,14.214,Pitch
-0.411,0.012,1.046,-12.458,-25.351,8.901,Pitch
-0.516,0.018,1.018,4.924,-24.527,8.725,Pitch
-0.379,0.001,1.028,11.939,-45.435,-11.58,Pitch
-0.428,0.026,0.996,11.282,-58.489,-23.824,Pitch
-0.46,0.019,1.015,8.153,-91.008,-28.443,Pitch
-0.433,0.022,0.903,1.534,-171.565,-48.618,Pitch
-0.389,0.048,0.826,-3.015,-250.137,-77.855,Pitch
-0.201,0.046,0.697,6.809,-250.137,-115.008,Pitch
0.113,0.027,0.862,34.412,-250.137,-170.023,Pitch
0.454,0.089,0.871,45.794,-250.137,-154.321,Pitch
0.661,0.113,0.829,44.053,-250.137,-122.656,Pitch
0.77,0.104,0.56,22.985,-250.137,-78.26,Pitch
1.074,-0.002,0.808,15.916,-250.137,-39.344,Pitch
1.273,0.148,0.8,2.947,-175.817,5.374,Pitch
1.117,0.141,0.524,-11.443,-97.832,27.58,Pitch
0.956,0.154,0.377,-5.74,-115.015,31.359,Pitch
0.946,0.109,0.418,-9.557,-113.099,12.115,Pitch
1.075,0.073,0.568,-16.664,-82.641,6.344,Pitch
1.02,0.086,0.49,-7.427,-37.771,11.038,Pitch
0.999,0.109,0.321,4.069,-43.198,12.26,Pitch
1.054,0.107,0.392,-0.374,-47.053,9.046,Pitch
1.119,0.067,0.438,-1.122,-11.115,12.641,Pitch
1.034,0.074,0.382,7.481,15.359,18.107,Pitch
1.02,0.089,0.359,9.458,24.733,13.443,Pitch
1.009,0.063,0.407,17.427,44.664,13.496,Pitch
1.068,0.038,0.469,30.008,131.214,27.885,Pitch
1.292,0.032,0.685,29.695,250.13,54.504,Pitch
1.145,0.007,0.675,32.267,250.13,80.023,Pitch
0.929,0.06,0.745,33.824,250.13,91.641,Pitch
0.63,0.006,0.768,17.641,250.13,59.626,Pitch
0.268,-0.02,0.917,27.366,250.13,44.832,Pitch
0.066,-0.044,1.083,80.519,250.13,58.267,Pitch
-0.174,0.138,0.938,66.313,250.13,59.893,Pitch
-0.564,0.164,0.857,41.443,228.725,21.176,Pitch
-0.574,0.108,0.798,39.412,166.725,11.947,Pitch
-0.506,0.174,0.76,23.382,130.397,6.435,Pitch
-0.604,0.179,0.718,5.664,86.153,2.481,Pitch
-0.705,0.181,0.769,-17.954,36.824,1.313,Pitch
-0.63,0.135,0.793,-23.58,9.038,3.977,Pitch
-0.614,0.123,0.743,-32.038,18.038,1.229,Pitch
-0.668,0.09,0.834,-31.252,0.015,-3.733,Pitch
-0.657,0.049,0.913,-20.397,-12.626,-4.985,Pitch
-0.659,0.057,0.877,-10.756,-41.954,-4.618,Pitch
-0.572,0.074,0.89,-3.924,-35.595,-5.313,Pitch
-0.613,0.066,0.865,2.626,-34.344,-6.695,Pitch
-0.567,0.087,0.906,6.374,-57.679,-5.542,Pitch
-0.615,0.082,0.896,13.771,-45.183,-7.618,Pitch
-0.59,0.073,0.843,13.397,-84.374,-16.695,Pitch
-0.582,0.11,0.787,8.977,-154.565,-16.931,Pitch
-0.568,0.121,0.797,7.977,-225.847,-33,Pitch
-0.468,0.085,0.901,-4.107,-250.137,-67.672,Pitch
-0.317,0.052,0.936,8.382,-250.137,-81.969,Pitch
-0.098,0.094,0.7,21.069,-250.137,-42.321,Pitch
0.25,0.075,0.919,20.115,-250.137,-18.321,Pitch
0.61,0.051,1.192,-2.084,-250.137,17.382,Pitch
0.723,0.021,1.024,-17.122,-250.137,45.527,Pitch
0.918,-0.011,0.818,-19,-248.084,55.626,Pitch
0.941,0.012,0.767,-23.481,-204.924,34.023,Pitch
0.911,0.002,0.782,-20.809,-138.061,1.84,Pitch
0.789,-0.018,0.798,-1.794,-56.16,-15.626,Pitch
0.848,-0.048,0.75,5.977,30.702,-10.611,Pitch
0.819,-0.062,0.724,6.84,63.076,21.076,Pitch
0.851,-0.05,0.691,8.863,33.702,47.733,Pitch
0.861,-0.028,0.802,12.878,30.672,44.779,Pitch
0.739,-0.042,0.796,14.038,43.832,37.137,Pitch
0.667,-0.043,0.777,1.725,36.985,23.733,Pitch
0.71,-0.025,0.786,0.198,22.496,11.916,Pitch
0.737,-0.056,0.81,2.145,-2.168,0.649,Pitch
0.724,-0.042,0.828,8.29,0.336,-1.275,Pitch
0.763,-0.102,0.765,15.649,38.214,-3.916,Pitch
0.797,-0.065,0.879,33.542,122.351,-14.443,Pitch
0.885,-0.024,0.965,44.763,250.13,-19.412,Pitch
0.854,-0.044,1.052,60.145,250.13,-7.992,Pitch
0.614,0.016,1.047,69.74,250.13,-8.191,Pitch
0.235,0.063,1.025,31.985,250.13,-12.481,Pitch
-0.018,0.037,1.217,14.466,250.13,-11.931,Pitch
-0.408,-0.028,1.141,7.672,250.13,-45.198,Pitch
-0.396,0.111,0.844,-11.985,221.603,1.656,Pitch
-0.575,0.08,0.825,28.328,169.687,14.863,Pitch
-0.636,0.114,0.896,-0.214,95.229,12.702,Pitch
-0.72,0.096,0.726,-17.374,13.206,-3.817,Pitch
-0.704,0.098,0.72,-5.565,-13.382,-3.878,Pitch
-0.631,0.087,0.784,-7.794,22.779,6.58,Pitch
-0.651,0.089,0.85,-22.191,22.55,8.695,Pitch
-0.69,0.013,0.792,-39.901,0.618,9.084,Pitch
-0.707,0.016,0.782,-27.542,-16.076,-0.847,Pitch
-0.634,0.03,0.848,-12.557,-21.168,-1.328,Pitch
-0.635,0.026,0.839,-14.977,-8.947,-2.107,Pitch
-0.666,-0.005,0.842,-11.344,-30.237,-0.504,Pitch
-0.636,0.04,0.797,-9.038,-87.679,-4.359,Pitch
-0.55,0.024,0.845,3.893,-100.382,-9.649,Pitch
-0.566,0.042,0.862,7.634,-135.115,-15.137,Pitch
-0.512,0.022,0.783,-6.58,-250.137,-25.137,Pitch
-0.249,0.034,0.761,-33.977,-250.137,-32.603,Pitch
-0.361,-0.05,0.894,-60.718,-250.137,-75.962,Pitch
0.278,-0.075,0.98,-47.427,-250.137,-90.206,Pitch
0.371,-0.035,0.711,-50.962,-250.137,-84.29,Pitch
0.701,0.017,0.538,-46.817,-250.137,-87.351,Pitch
0.894,-0.04,0.487,-17.237,-250.137,-67.893,Pitch
1.314,-0.119,0.567,-22.206,-250.137,-26.557,Pitch
1.371,-0.14,0.446,-66.786,-234.58,15.221,Pitch
1.283,-0.016,0.376,-41.183,-97.061,-2.076,Pitch
1.051,0.001,0.144,5.237,-62.122,-16.382,Pitch
1.105,-0.065,0.243,5.122,-48.534,-17.229,Pitch
1.114,-0.039,0.226,-6.481,-39.954,-12.053,Pitch
1.108,-0.008,0.241,1.557,-29.206,-12.931,Pitch
1.064,-0.042,0.241,22.031,-6.229,-9.389,Pitch
1.05,-0.05,0.228,15.176,4.282,-2.328,Pitch
1.043,-0.035,0.23,4.237,4.756,7.29,Pitch
1.091,-0.014,0.259,15.359,21.977,12.015,Pitch
1.009,-0.052,0.248,30.595,53.664,12.489,Pitch
1.188,-0.113,0.373,46.038,147.74,43.13,Pitch
1.173,-0.088,0.498,72.84,250.13,69.641,Pitch
1.127,-0.034,0.505,78.015,250.13,77.305,Pitch
1.118,-0.111,0.504,31.458,250.13,62.771,Pitch
0.766,-0.102,0.607,2.527,250.13,67.908,Pitch
0.43,-0.107,0.778,41.954,250.13,90,Pitch
0.238,0.025,0.856,51.366,250.13,94.733,Pitch
-0.136,-0.09,0.921,73.916,250.13,46.427,Pitch
-0.561,-0.049,0.728,85.557,250.13,32.878,Pitch
-0.378,0.083,0.775,49.664,178.26,-8.015,Pitch
-0.63,0.021,0.817,29.519,150.405,-0.611,Pitch
-0.72,0.054,0.901,30.069,101.008,9.504,Pitch
-0.623,0.088,0.853,21.153,41.145,-0.023,Pitch
-0.659,0.084,0.869,19.397,21.351,-3.344,Pitch
-0.685,0.04,0.971,12.206,-13.687,3.122,Pitch
-0.567,0.093,0.858,-13.321,-9.969,-2.832,Pitch
-0.632,0.039,0.859,-8.511,17.443,-0.969,Pitch
-0.629,0.013,0.896,-13.542,7.061,-9.733,Pitch
-0.653,-0.029,0.964,-8.924,-24.817,-7.527,Pitch
-0.564,0.046,0.863,-0.519,-26.908,-5.458,Pitch
-0.55,0.019,0.935,-7.321,-57.344,-10.565,Pitch
-0.559,0.027,0.877,-12.397,-127.573,-19.595,Pitch
-0.578,-0.021,0.796,-15.435,-228.496,-26.878,Pitch
-0.5,-0.05,0.978,-10.878,-250.137,-49.29,Pitch
-0.27,0.048,0.978,-20.679,-250.137,-68.374,Pitch
0.057,-0.062,0.85,-49.649,-250.137,-89.153,Pitch
0.047,-0.024,0.847,-19,-250.137,-87.809,Pitch
0.363,-0.012,0.838,-43.634,-250.137,-78.053,Pitch
0.853,-0.102,0.689,-33.176,-250.137,-50.389,Pitch
0.886,0.003,0.536,-34.458,-250.137,-39.618,Pitch
0.966,-0.083,0.567,-32.336,-250.137,-38.626,Pitch
1.159,-0.102,0.485,-14.405,-188.099,12.733,Pitch
1.184,-0.112,0.403,-31.595,-97.038,6.397,Pitch
1.126,-0.03,0.259,-15.779,-42.313,-8.092,Pitch
0.959,-0.042,0.163,18.916,-64.733,-10.221,Pitch
1.094,-0.083,0.319,20.603,-60.718,-0.168,Pitch
1.181,-0.097,0.353,10.924,-18.992,1,Pitch
1.06,-0.061,0.319,26.336,19.481,7.542,Pitch
0.951,-0.062,0.276,23.794,33.695,4.962,Pitch
0.98,-0.039,0.247,7.84,9.855,-3.023,Pitch
1.06,-0.06,0.335,12.817,7.153,-1.504,Pitch
0.996,-0.071,0.373,22.206,25.046,0.878,Pitch
0.913,-0.069,0.354,27.374,49.42,12.519,Pitch
1.036,-0.033,0.385,36.504,87.26,17.878,Pitch
1.016,-0.06,0.345,43.29,101.237,8.916,Pitch
0.982,-0.051,0.39,44.542,96.244,9.29,Pitch
0.993,-0.023,0.504,43.45,122.695,14.565,Pitch
1.078,-0.034,0.571,67.855,180.435,7.573,Pitch
0.994,0.056,0.601,129.962,250.13,-36.626,Pitch
0.897,-0.018,0.667,92.305,250.13,-102.344,Pitch
0.899,0.053,0.836,64.26,250.13,-122.031,Pitch
0.881,-0.001,0.597,68.87,250.13,-126.466,Pitch
0.339,-0.055,0.939,139.237,250.13,-168.382,Pitch
0.158,0.294,0.915,157.244,250.13,-198.206,Pitch
0.006,0.651,1.302,29.832,150.824,-95.29,Pitch
-0.419,0.334,1.074,-65.527,117.618,-13.359,Pitch
0.041,0.238,1.061,-165.244,97.221,64,Pitch
0.013,0.235,0.833,-202.817,60.427,128.832,Pitch
-0.073,0.223,0.898,-206.45,55.626,157.74,Pitch
-0.175,0.212,0.991,-203.924,109.641,156.809,Pitch
-0.145,-0.081,1.139,-191.527,238.55,118.893,Pitch
-0.363,-0.222,1.001,-113.649,224.328,65.603,Pitch
-0.375,-0.225,1.045,-20.496,163.679,31.168,Pitch
-0.461,-0.177,0.959,20.382,176.687,19.565,Pitch
-0.617,-0.173,0.949,107.053,193.046,8.099,Pitch
-0.542,-0.103,0.81,139,139.618,10.229,Pitch
-0.578,-0.005,0.785,106.626,110.13,2.252,Pitch
-0.667,0.051,0.842,83.931,84.565,5.076,Pitch
-0.687,0.093,0.823,40.939,56.74,4.885,Pitch
-0.696,0.068,0.73,-3.221,59.786,-4.023,Pitch
-0.695,0.095,0.766,-30.321,50.992,-7.298,Pitch
-0.84,0.03,0.758,-34.672,-11.344,-3.16,Pitch
-0.817,0.008,0.696,-32.855,-75.542,-13.16,Pitch
-0.757,-0.059,0.75,-31.588,-191.588,-14.756,Pitch
-0.759,0.008,0.809,-28.092,-250.137,-24.687,Pitch
-0.416,0.011,0.751,-44.679,-250.137,-45.481,Pitch
-0.23,0.047,0.802,-65.916,-250.137,-66.595,Pitch
-0.109,-0.042,0.862,-28.565,-250.137,-88.931,Pitch
0.23,-0.062,0.822,-8.756,-250.137,-105.046,Pitch
0.577,-0.018,0.67,10.16,-250.137,-67.42,Pitch
0.756,-0.056,0.439,-3.618,-250.137,-36.122,Pitch
1.151,-0.13,0.392,-47.145,-250.137,-7.534,Pitch
1.334,-0.102,0.452,-27.534,-250.137,13.153,Pitch
1.212,-0.085,0.374,5.855,-168.16,-6.382,Pitch
1.144,-0.046,0.193,18.344,-66.466,-1.969,Pitch
1.071,-0.091,0.094,-7.405,-37.695,-6.595,Pitch
1.189,-0.052,0.206,-8.023,-31.695,-18.962,Pitch
1.135,-0.042,0.311,14.298,-5.206,-15.481,Pitch
1.034,-0.048,0.23,3.244,25.244,-14.595,Pitch
1.093,-0.013,0.152,2.176,12.336,-3.519,Pitch
1.096,-0.048,0.254,0.527,4.038,-1.534,Pitch
1.068,-0.043,0.367,5.206,36.107,6.183,Pitch
1.102,-0.002,0.306,8.397,72.176,13.977,Pitch
1.193,-0.098,0.405,24.031,178.58,20.878,Pitch
1.299,-0.168,0.556,30.885,250.13,31.015,Pitch
1.101,-0.06,0.673,16.435,250.13,61.389,Pitch
1.272,-0.15,0.698,-24.511,250.13,116.153,Pitch
0.803,0.058,0.552,-59.565,250.13,119.534,Pitch
0.298,-0.139,1.025,-66.473,250.13,147.267,Pitch
-0.043,-0.031,0.91,22.176,250.13,147.206,Pitch
-0.261,0.317,0.611,32.611,250.13,115.672,Pitch
-0.792,-0.17,0.727,36.29,250.13,34.046,Pitch
-0.704,-0.185,0.8,59.679,126.74,14.664,Pitch
-0.694,-0.03,0.645,76.366,101.038,9.733,Pitch
-0.7,-0.001,0.621,82.885,88.435,2.153,Pitch
-0.638,0.031,0.788,58.794,68.702,-2.008,Pitch
-0.798,-0.028,0.754,38.435,30.336,-9.076,Pitch
-0.656,0.019,0.85,22.321,35.595,-9.023,Pitch
-0.773,0.029,0.79,9.985,25.634,-5.496,Pitch
-0.783,0.02,0.819,3.725,15.221,-4.664,Pitch
-0.744,-0.024,0.777,-6.84,-11.542,-8.26,Pitch
-0.781,-0.064,0.751,-6.595,-53.382,-16.221,Pitch
-0.748,-0.096,0.79,6.321,-130.511,-18.947,Pitch
-0.732,-0.065,0.764,30.649,-250.137,-14.206,Pitch
-0.537,-0.034,0.798,63.481,-250.137,-10.947,Pitch
-0.106,0.144,0.915,55.58,-250.137,1.031,Pitch
-0.042,0.06,0.97,-20.641,-250.137,-24.947,Pitch
-0.262,0.044,0.932,-62.588,-250.137,-34.565,Pitch
0.26,0.001,0.754,-40.824,-250.137,-64.931,Pitch
0.728,0.023,0.701,-10.443,-250.137,-65.275,Pitch
0.889,-0.053,0.519,-38.672,-250.137,-45.947,Pitch
0.974,-0.081,0.524,-56.252,-250.137,-33.87,Pitch
1.182,-0.033,0.476,-35.718,-250.137,-14.809,Pitch
1.127,0.015,0.353,-16.023,-209.542,-21.115,Pitch
1.093,0.005,0.181,2.992,-140.435,-26.244,Pitch
1.06,0,0.1,15.55,-121.397,-20.809,Pitch
1.273,-0.006,0.182,17.511,-67.489,-6.557,Pitch
1.216,-0.012,0.146,16.351,-12.809,9.176,Pitch
1.077,0.055,0.081,27.985,3.244,-0.305,Pitch
1.024,-0.011,0.106,34.168,3.863,0.176,Pitch
1.132,-0.016,0.19,20.878,22.328,6.939,Pitch
1.125,0,0.245,17.427,63.229,13.588,Pitch
1.106,0.041,0.202,17.489,112.687,16.267,Pitch
1.061,-0.036,0.206,2.412,127.595,9.992,Pitch
1.334,-0.062,0.389,-8.29,218.626,15.863,Pitch
1.409,-0.14,0.686,9.84,250.13,29.405,Pitch
1.108,-0.02,0.588,8.634,250.13,52.634,Pitch
0.864,-0.059,0.298,-18.336,250.13,90.336,Pitch
0.475,0.041,0.759,-50.519,250.13,76.992,Pitch
0.076,-0.145,1.168,-42.824,250.13,113.794,Pitch
-0.136,-0.129,0.764,-14.008,250.13,101.252,Pitch
-0.389,-0.079,0.722,8.137,250.13,56.145,Pitch
-0.86,-0.124,0.629,17.008,202.893,16.229,Pitch
-0.641,-0.1,0.722,40.855,178.145,16.542,Pitch
-0.735,0.061,0.616,34.725,161.115,23.893,Pitch
-0.77,-0.07,0.723,30.145,85.878,7.031,Pitch
-0.819,-0.044,0.708,23.756,50.344,-0.191,Pitch
-0.756,-0.042,0.738,25.588,47.038,-1.489,Pitch
-0.715,0.025,0.701,-2.481,7.603,-12.969,Pitch
-0.812,-0.031,0.692,-21.031,-31.511,-16.931,Pitch
-0.849,-0.077,0.713,-12.611,-60.618,-16.863,Pitch
-0.787,-0.109,0.726,-10.099,-139.718,-35.672,Pitch
-0.732,-0.162,0.799,4.489,-250.137,-37.855,Pitch
-0.723,-0.103,0.768,59.924,-250.137,-47.863,Pitch
-0.356,0.104,0.721,94.321,-250.137,-40.947,Pitch
0.016,0.084,0.927,33.076,-250.137,-55.145,Pitch
-0.083,-0.013,0.939,3.321,-250.137,-56.977,Pitch
0.257,0.055,0.668,8.947,-250.137,-42.603,Pitch
0.552,-0.02,0.558,4.076,-250.137,-40.145,Pitch
0.907,-0.01,0.463,-19.145,-250.137,-36.618,Pitch
1.473,-0.061,0.618,-46.718,-250.137,-27.55,Pitch
1.365,-0.038,0.434,-17.191,-250.137,-3.817,Pitch
1.008,-0.01,0.208,20.511,-204.878,36.237,Pitch
0.975,0.062,0.25,1.901,-143.916,1.252,Pitch
1.286,-0.053,0.244,-11.824,-85.962,0.916,Pitch
1.207,-0.008,0.2,5.511,-2.008,-18.641,Pitch
1.053,0.04,0.168,29.84,41.84,-17.588,Pitch
1.115,-0.038,0.167,24.565,49.489,-8.687,Pitch
1.253,0.007,0.309,17.725,97.382,-6.267,Pitch
1.278,0.016,0.409,29.55,190.641,5.809,Pitch
1.163,-0.009,0.478,30.595,250.13,7.649,Pitch
1.078,-0.11,0.464,39.107,250.13,13.321,Pitch
1.108,-0.039,0.667,14.916,250.13,47.122,Pitch
0.889,0.066,0.518,-19.878,250.13,18.023,Pitch
0.281,0.17,0.897,-23.229,250.13,29.496,Pitch
-0.259,0.022,1.079,43.969,250.13,12.214,Pitch
-0.204,0.084,0.857,52.397,250.13,-5.824,Pitch
-0.461,0.049,0.781,32.542,250.13,-29.198,Pitch
-0.499,0.076,0.747,21.634,250.13,-10.511,Pitch
-0.849,0.127,0.707,38.267,168.069,-19.046,Pitch
-0.685,0.095,0.737,9.176,100.58,-25.282,Pitch
-0.827,0.078,0.622,-28.534,81.885,-20.198,Pitch
-0.754,0.029,0.713,-49.901,72.389,-5.534,Pitch
-0.823,-0.014,0.71,-33.695,27.252,-1.397,Pitch
-0.76,-0.011,0.731,-37.534,-12.672,-0.588,Pitch
-0.701,-0.027,0.673,-42.771,-0.947,-0.908,Pitch
-0.816,-0.037,0.63,-29.405,-21.099,1.87,Pitch
-0.818,-0.084,0.681,4.611,-77.351,2.328,Pitch
-0.813,-0.064,0.722,17.214,-190.008,9.458,Pitch
-0.839,-0.047,0.73,21.702,-250.137,27.519,Pitch
-0.479,0.028,0.786,25.656,-250.137,36.641,Pitch
-0.186,0.088,0.678,-12.45,-250.137,-5.901,Pitch
-0.081,-0.023,0.943,3.641,-250.137,-19.237,Pitch
-0.031,0.088,0.666,23.573,-250.137,-30.687,Pitch
0.477,0.104,0.569,4.084,-250.137,-56.168,Pitch
1.069,0.05,0.719,23.595,-250.137,-35.87,Pitch
1.226,0.029,0.713,26.733,-250.137,-26.26,Pitch
1.178,0.02,0.413,-7.435,-250.137,2.153,Pitch
1.051,0.001,0.392,-23.092,-199.947,27.908,Pitch
1.024,0.049,0.421,-46.344,-126.634,20.908,Pitch
1.281,0.032,0.421,-46.328,-42.603,11.344,Pitch
1.185,0.025,0.364,-16.992,35.702,1.977,Pitch
1.034,0.011,0.245,8.634,36.649,15.511,Pitch
1.047,0.02,0.31,5.802,24.725,16.397,Pitch
1.096,-0.004,0.439,7.87,23.679,19.542,Pitch
1.044,0.011,0.423,14.107,40.046,15.473,Pitch
0.957,0.002,0.421,16.45,48.679,10.092,Pitch
1.063,-0.01,0.469,24.397,79.038,7.664,Pitch
1.085,0.032,0.534,43.458,134.992,12.771,Pitch
0.999,-0.08,0.585,57.679,208.557,-1.832,Pitch
1.003,-0.066,0.542,54.489,250.13,-54.137,Pitch
0.836,-0.054,0.851,8.855,250.13,-84.412,Pitch
0.84,0.077,0.884,18.382,250.13,-74.664,Pitch
0.803,0.159,0.857,99.611,250.13,-122.244,Pitch
0.893,0.119,0.997,120.412,250.13,-161.031,Pitch
0.566,0.162,1.152,65.733,250.13,-177.435,Pitch
0.011,0.274,0.923,-21.053,250.13,-140.595,Pitch
-0.659,0.237,0.325,-9.427,250.13,-72.84,Pitch
-0.714,0.347,0.571,-59.076,250.13,7.809,Pitch
-0.642,0.302,0.548,-137.878,221.718,5.573,Pitch
-0.797,0.07,0.689,-164.87,180.916,20.336,Pitch
-0.958,0.075,0.668,-173.893,188.985,54.053,Pitch
-0.751,0,0.594,-186.26,136.473,31.969,Pitch
-0.933,-0.055,0.591,-111.786,80.061,36.641,Pitch
-0.989,-0.077,0.721,-66.351,57.817,30.153,Pitch
-0.885,-0.112,0.629,-16.214,-2.099,20.26,Pitch
-0.731,-0.076,0.639,31.664,-20.901,20.557,Pitch
-0.804,-0.002,0.639,47.511,-13.282,20.267,Pitch
-0.807,0.027,0.696,52.718,-47.298,12.023,Pitch
-0.714,0.117,0.743,51.351,-68.214,9.718,Pitch
-0.792,0.107,0.731,39.275,-147.321,2.519,Pitch
-0.775,0.125,0.747,37.489,-250.137,-1.168,Pitch
-0.696,0.182,0.723,20.099,-250.137,0.939,Pitch
-0.548,0.131,0.646,27.802,-250.137,-10.405,Pitch
-0.154,0.061,0.888,24.74,-250.137,-13.603,Pitch
-0.097,0.157,0.697,47.099,-250.137,-7.924,Pitch
0.418,0.181,0.662,49.931,-250.137,-18.183,Pitch
0.845,0.053,0.697,55.985,-250.137,8.687,Pitch
1.02,0.122,0.852,24.679,-250.137,54.695,Pitch
1.132,0.024,0.657,-7.992,-250.137,44.206,Pitch
0.962,0.084,0.54,-5.16,-151.321,33.626,Pitch
0.851,0.073,0.439,7.794,-82.137,15.649,Pitch
0.918,0.098,0.479,-8.489,-86.786,12.504,Pitch
1.288,0.108,0.528,-30.687,-43.374,-0.58,Pitch
1.239,0.073,0.398,-11.962,4.534,21.267,Pitch
1.014,0.045,0.32,3.824,-5.916,29.71,Pitch
0.984,0.079,0.44,-3.305,5.489,33.634,Pitch
1.015,0.072,0.499,-7.992,35.687,30.969,Pitch
1.07,0.064,0.532,3.771,69.885,31.45,Pitch
0.997,0.022,0.46,11.328,85.725,32.504,Pitch
1.06,-0.051,0.469,9.771,173.878,16.252,Pitch
1.286,-0.076,0.699,0.412,250.13,-6.595,Pitch
1.211,0.074,1.024,-28.435,250.13,-8.809,Pitch
0.813,-0.005,0.71,-55.649,250.13,-1.397,Pitch
0.563,0.057,0.695,-74.794,250.13,15.427,Pitch
-0.183,-0.094,0.846,-67.947,250.13,31.542,Pitch
-0.501,-0.217,0.936,-0.092,250.13,29.947,Pitch
-0.721,-0.039,0.599,8.244,250.13,1.779,Pitch
-0.818,-0.032,0.562,-17.71,109.427,3.42,Pitch
-0.831,-0.076,0.667,1.198,90.763,12.275,Pitch
-0.805,-0.034,0.784,27.29,58.756,23.695,Pitch
-0.777,-0.025,0.695,12,-0.038,6.481,Pitch
-0.794,-0.065,0.645,21.931,-39.595,6.603,Pitch
-0.665,-0.003,0.65,18.542,-58.244,8.298,Pitch
-0.831,-0.067,0.841,14.351,-59.534,1,Pitch
-0.749,-0.1,0.884,23.313,-101.817,4.061,Pitch
-0.734,-0.091,0.906,50.664,-176.29,6.489,Pitch
-0.609,0.005,0.834,77.26,-250.137,2.878,Pitch
-0.242,0.118,0.795,63.122,-250.137,-30,Pitch
-0.458,0.054,0.693,25.13,-250.137,-8.893,Pitch
-0.139,0.05,1.076,31.397,-250.137,-16.382,Pitch
0.105,0.031,0.916,51.611,-250.137,-19.145,Pitch
0.32,0.127,0.563,52.092,-250.137,-2.565,Pitch
0.688,0.2,0.763,18.328,-250.137,24.863,Pitch
0.774,0.043,0.514,-51.588,-250.137,52.763,Pitch
1.04,0.055,0.318,-76.855,-250.137,64.053,Pitch
1.405,-0.101,0.244,-34.496,-250.137,65.214,Pitch
1.376,0.013,0.151,8.557,-192.443,14.779,Pitch
1.199,-0.04,0.244,-12.16,-91.244,-0.351,Pitch
1.098,0.009,0.187,-25.74,32.473,-26.198,Pitch
0.96,0.056,0.109,-27.672,84.237,-70.931,Pitch
1.117,0.075,0.231,2.962,81.305,-75.42,Pitch
1.174,0.041,0.173,41.87,21.588,-33.405,Pitch
1.17,0.054,0.328,20.198,8.649,-8.099,Pitch
1.115,0.049,0.353,-2.405,59.588,3.977,Pitch
1.147,0.091,0.332,-0.687,133.008,20.542,Pitch
1.397,0.081,0.412,-7.275,250.13,30.649,Pitch
1.383,0.086,0.479,-67.74,250.13,37.13,Pitch
1.053,-0.028,0.527,-89.496,250.13,41.267,Pitch
0.801,0.006,0.562,-130.473,250.13,112.153,Pitch
0.393,0.008,0.682,-104.443,250.13,129.42,Pitch
-0.219,-0.082,0.942,-74.794,250.13,147.466,Pitch
-0.34,-0.186,1.025,22.137,250.13,174.275,Pitch
-0.554,-0.436,0.733,68.924,250.13,109.389,Pitch
-0.946,-0.007,0.665,74.053,216.992,50.901,Pitch
-0.653,0.005,0.636,100.359,181.046,19.084,Pitch
-0.698,0.1,0.623,65.366,129.038,5.71,Pitch
-0.786,0.041,0.728,21.618,40.916,-2.649,Pitch
-0.746,0.12,0.593,0.794,28.023,-0.29,Pitch
-0.745,0.083,0.546,-16.45,-2.847,-12.344,Pitch
-0.745,0.002,0.734,-27.573,-41.351,-25.237,Pitch
-0.767,-0.04,0.814,-14.45,-60,-32.443,Pitch
-0.774,-0.058,0.832,4.473,-95.74,-32.13,Pitch
-0.696,-0.094,0.872,11.015,-158.26,-33.382,Pitch
-0.635,-0.075,0.875,6.412,-250.137,-27.153,Pitch
-0.48,-0.104,0.808,-1.992,-250.137,-42.527,Pitch
-0.393,0.012,0.878,-4.397,-250.137,-63.992,Pitch
-0.26,-0.015,0.971,7.244,-250.137,-65.389,Pitch
-0.178,0.05,0.828,2.611,-250.137,-75.382,Pitch
-0.042,0.074,0.666,-0.771,-250.137,-73.74,Pitch
0.426,-0.015,0.604,4.557,-250.137,-79.824,Pitch
0.808,0.002,0.542,37.389,-250.137,-68.237,Pitch
1.255,-0.026,0.478,17.908,-250.137,-51.397,Pitch
1.317,-0.027,0.242,39.031,-250.137,-18.267,Pitch
1.154,-0.046,0.22,77.084,-250.137,31.832,Pitch
1.114,-0.005,0.107,79.214,-183.947,52.473,Pitch
1.209,-0.018,0.014,53.786,-37.878,21.275,Pitch
1.158,0.012,-0.062,19.458,69.603,-43.229,Pitch
1.214,0.029,0.094,22.252,75.359,-50.664,Pitch
1.09,0.01,0.101,21.237,49.084,-23.878,Pitch
1.083,0.022,0.207,-5.183,20.931,-0.702,Pitch
1.06,0.022,0.249,-28.282,21.397,13.557,Pitch
1.044,-0.009,0.207,-35.031,41.267,7.389,Pitch
1.207,0.046,0.239,-31.863,128.122,1.489,Pitch
1.419,0.12,0.291,-28.649,250.13,13.282,Pitch
1.329,-0.099,0.483,-24.542,250.13,26.916,Pitch
1.153,0.088,0.448,0.84,250.13,24.183,Pitch
0.879,0.035,0.597,-25.191,250.13,2.344,Pitch
0.34,-0.037,0.756,-53.573,250.13,4.664,Pitch
-0.281,-0.162,0.982,-8.458,250.13,51.756,Pitch
-0.377,-0.017,1.044,-28.137,250.13,74.336,Pitch
-0.434,-0.143,0.772,12.916,250.13,48.107,Pitch
-0.573,-0.048,0.698,23.664,250.13,21.534,Pitch
-0.833,-0.015,0.712,54.023,146.359,-2.198,Pitch
-0.684,0.065,0.755,66.13,114.153,0.115,Pitch
-0.723,0.142,0.704,48.183,43.321,3.084,Pitch
-0.726,0.07,0.667,19.695,-14.298,4.282,Pitch
-0.649,0.096,0.643,1.008,-25,4.786,Pitch
-0.673,0.041,0.771,-14.153,-31.618,-2.397,Pitch
-0.72,0.029,0.843,-22.107,-42.55,-2.649,Pitch
-0.689,0.012,0.862,-30.267,-73.061,-9.42,Pitch
-0.661,-0.008,0.874,-34.656,-123.16,-19.015,Pitch
-0.594,-0.063,0.932,-49.092,-245.908,-22.809,Pitch
-0.465,-0.097,0.957,-37.42,-250.137,-29.634,Pitch
-0.406,-0.064,0.961,-36.863,-250.137,-37.458,Pitch
-0.132,-0.059,0.884,-22.916,-250.137,-58.267,Pitch
-0.157,0.117,0.598,2.336,-250.137,-79.405,Pitch
0.425,-0.003,0.713,10.374,-250.137,-94.733,Pitch
1.056,-0.078,0.818,61.519,-250.137,-70.489,Pitch
1.034,-0.057,0.582,38.725,-250.137,-44.634,Pitch
0.995,0.073,0.191,26.962,-250.137,-34.611,Pitch
1.119,0.007,0.281,20.74,-250.137,-31.244,Pitch
1.3,-0.007,0.261,25.038,-172.076,-2.015,Pitch
1.245,-0.004,0.196,12.168,-71.947,17.137,Pitch
1.129,0.026,0.123,-2.931,-14.405,20.053,Pitch
1.139,0.028,0.114,-6.557,5.244,21.962,Pitch
1.24,0.023,0.162,-8.046,61.756,14.168,Pitch
1.372,-0.011,0.229,-7.168,177.702,14.893,Pitch
1.446,0.009,0.334,-26.344,250.13,7.473,Pitch
1.238,0.005,0.514,-17.061,250.13,13.023,Pitch
0.993,-0.082,0.549,2.137,250.13,57.435,Pitch
0.703,0.049,0.622,-16.634,250.13,72.153,Pitch
0.427,-0.026,0.847,-39.511,250.13,35.237,Pitch
-0.235,-0.184,1.39,-7.771,250.13,43.237,Pitch
-0.169,-0.098,0.986,-19.947,250.13,61.588,Pitch
-0.394,-0.043,0.817,2.031,250.13,55.221,Pitch
-0.578,-0.081,0.851,2.702,202.695,31.015,Pitch
-0.624,-0.072,0.78,32.397,138.794,27.969,Pitch
-0.622,0.001,0.804,43.748,93.42,19.87,Pitch
-0.673,0,0.843,35.107,33.847,11.595,Pitch
-0.687,-0.028,0.734,32.733,-15.534,4.397,Pitch
-0.748,0.051,0.783,13.985,-48.534,-0.412,Pitch
-0.672,0.004,0.973,-1.359,-89.931,-12.168,Pitch
-0.58,-0.01,1.042,-4.473,-77.802,-11.435,Pitch
-0.556,-0.004,1.066,-9.71,-75.84,-10.29,Pitch
-0.574,-0.006,0.962,-20.817,-142.977,1.26,Pitch
-0.778,-0.093,0.887,-53.313,-250.137,-21.969,Pitch
-0.546,-0.018,0.892,-31.664,-250.137,-100.748,Pitch
-0.18,0.104,0.734,-25.458,-250.137,-96.718,Pitch
0.071,0.064,0.706,7.031,-250.137,-102.443,Pitch
0.204,0.038,0.51,25.092,-250.137,-132.29,Pitch
0.838,-0.01,0.659,48.931,-250.137,-96.023,Pitch
1.226,0.03,0.716,43.298,-250.137,-18.527,Pitch
1.146,0.097,0.273,-2.962,-220.244,-13.985,Pitch
1.168,0.076,0.316,-1.137,-164.893,10.702,Pitch
0.987,0.023,0.224,6.168,-99.237,8.344,Pitch
0.869,0.073,0.302,-4.511,-10.527,2.756,Pitch
0.949,0.067,0.306,-10.718,12.641,11.275,Pitch
1.011,0.038,0.259,0.733,20.84,6.74,Pitch
1.057,0.052,0.392,3.489,66.733,6.542,Pitch
1.037,0.028,0.498,7.489,145.893,9.435,Pitch
1.106,0.043,0.516,0.328,250.13,36.802,Pitch
1.038,-0.089,0.561,-26.275,250.13,69.244,Pitch
0.919,-0.017,0.729,-27.511,250.13,98.832,Pitch
0.651,0.02,0.756,0.221,250.13,125.099,Pitch
0.342,-0.035,0.971,-16.061,250.13,96.687,Pitch
-0.084,-0.148,0.989,6.824,250.13,71.191,Pitch
-0.397,-0.109,0.989,76.008,250.13,51.221,Pitch
-0.515,-0.057,0.86,83.725,250.13,54.443,Pitch
-0.808,0.032,0.651,55.321,192.137,21.527,Pitch
-0.831,-0.018,0.644,71.565,100.58,2.053,Pitch
-0.781,-0.031,0.753,65.534,38.107,-3.939,Pitch
-0.713,0.111,0.765,30.779,-3.206,2.664,Pitch
-0.671,0.164,0.88,-5.779,-72.573,-3.481,Pitch
-0.661,0.088,0.875,-47.282,-140.366,-24.794,Pitch
-0.568,-0.028,0.786,-57,-250.137,-18.924,Pitch
-0.419,-0.066,0.965,-50.794,-250.137,-19.809,Pitch
-0.205,-0.013,1.041,-68.481,-250.137,-66.985,Pitch
-0.104,-0.006,0.855,-38.176,-250.137,-67.099,Pitch
-0.046,-0.027,0.782,-19.168,-250.137,-86.458,Pitch
0.481,-0.045,0.66,-8.489,-250.137,-91.916,Pitch
0.923,-0.07,0.756,18.725,-250.137,-80.618,Pitch
1.124,0.111,0.663,29.969,-250.137,-39.893,Pitch
1.196,0.093,0.608,34.183,-227.794,-4.641,Pitch
1.143,0.069,0.444,62.153,-139.718,23.985,Pitch
1.074,0.015,0.386,74.611,-102.153,28.305,Pitch
1.062,-0.022,0.4,45.473,-43.473,26.122,Pitch
0.98,-0.06,0.388,1.443,-13.046,13.122,Pitch
1.06,-0.02,0.36,1.641,-7.893,5.863,Pitch
1.083,0.001,0.393,2.794,-4.565,1.565,Pitch
1.091,-0.046,0.503,-17.992,37.351,0.71,Pitch
1.149,0.029,0.521,-27.863,128.878,8.42,Pitch
1.032,-0.008,0.624,-2.779,235.023,16.115,Pitch
1.063,0.024,0.683,-11.053,250.13,29.779,Pitch
0.859,-0.016,0.736,-8.71,250.13,34.519,Pitch
0.683,-0.026,0.804,-17.748,250.13,51.084,Pitch
0.423,-0.048,0.977,-61.641,250.13,77.107,Pitch
0.164,-0.059,0.859,-27.435,250.13,79.595,Pitch
-0.237,-0.088,0.976,18.16,250.13,63.435,Pitch
-0.347,-0.135,0.889,28.908,250.13,49.214,Pitch
-0.484,-0.056,0.802,21.84,238.076,30.565,Pitch
-0.659,-0.062,0.878,27.458,159.977,26.489,Pitch
-0.606,-0.14,0.805,22.443,105.145,20.573,Pitch
-0.608,0.008,0.845,3.435,5.42,2.198,Pitch
-0.573,-0.049,0.848,-9.183,-69.969,-24.191,Pitch
-0.578,-0.061,0.863,-26.405,-162.542,-45.031,Pitch
-0.459,-0.104,0.94,-32.527,-250.137,-28.099,Pitch
-0.253,-0.149,1.048,-32.344,-250.137,-44.573,Pitch
-0.087,-0.212,1.113,-24.656,-250.137,-71.183,Pitch
0.001,-0.009,0.786,19.389,-250.137,-116.008,Pitch
0.267,0.12,0.671,14.084,-250.137,-131.824,Pitch
0.667,-0.071,0.921,7.084,-250.137,-93.015,Pitch
0.896,-0.04,0.832,34.466,-250.137,-55.916,Pitch
1.01,0.045,0.828,45.511,-250.137,-27.473,Pitch
0.878,0.115,0.556,59.26,-219.473,9.718,Pitch
1.01,0,0.521,33.023,-210.954,19.527,Pitch
1.077,-0.073,0.492,6.298,-109.573,10.137,Pitch
1.004,-0.036,0.509,6.153,-28.977,8.137,Pitch
0.952,-0.01,0.45,13.649,-0.947,7.183,Pitch
1.032,0.011,0.382,6.527,1.389,0.71,Pitch
1.076,-0.028,0.433,-3.214,3.496,-4.702,Pitch
1.062,-0.002,0.505,2,27.145,-3.969,Pitch
1.019,-0.033,0.558,3.84,96.351,-0.908,Pitch
1.024,0.005,0.601,-2.221,186.412,13.244,Pitch
1.139,0.075,0.786,-19.099,250.13,16.336,Pitch
1.001,-0.071,0.868,0.221,250.13,52.038,Pitch
0.693,-0.005,0.675,30.664,250.13,83.237,Pitch
0.488,0.042,0.665,-6.023,250.13,52.336,Pitch
0.16,-0.049,0.95,-33.733,250.13,25.74,Pitch
-0.424,-0.134,1.044,-13.969,250.13,27.176,Pitch
-0.458,-0.085,0.966,23.901,250.13,33.557,Pitch
-0.508,-0.004,0.859,18.237,233.229,35.847,Pitch
-0.611,0.017,0.856,17.275,180.626,27.649,Pitch
-0.875,0.025,0.926,-9.458,102.611,5.076,Pitch
-0.692,0.001,0.799,3.634,47.908,-7.092,Pitch
-0.664,-0.015,0.816,-2.076,-24.046,-7.916,Pitch
-0.605,-0.051,0.852,-3.847,-43.191,-11.588,Pitch
-0.602,-0.081,0.883,-13.603,-76.031,-19.817,Pitch
-0.497,-0.05,0.916,-22.45,-159.71,-27.962,Pitch
-0.425,-0.101,0.922,-15.244,-250.137,-36.42,Pitch
-0.294,-0.144,0.95,16.344,-250.137,-31.626,Pitch
-0.098,-0.005,1.031,7.366,-250.137,-47,Pitch
0.005,-0.107,0.965,-3.725,-250.137,-60.962,Pitch
0.399,-0.048,0.867,9.382,-250.137,-69.832,Pitch
0.488,0.075,0.847,10.595,-250.137,-63.282,Pitch
0.613,-0.033,0.864,25.748,-250.137,-61.191,Pitch
0.888,-0.12,0.888,10.84,-250.137,-17.832,Pitch
1.016,-0.055,0.585,-38.908,-208.038,-5.695,Pitch
1.037,-0.06,0.41,-14.763,-175.679,3.664,Pitch
1.035,-0.073,0.469,24.496,-148.336,20.191,Pitch
1.083,-0.053,0.51,21.924,-54.382,23.015,Pitch
1.001,0.014,0.427,-0.779,1.802,17.618,Pitch
1.029,-0.021,0.369,-11.29,0.206,0.939,Pitch
1.022,-0.048,0.391,13.687,-8.695,-4.229,Pitch
0.976,-0.063,0.498,21.244,1,-8.443,Pitch
0.995,-0.067,0.446,10.573,14.214,-6.496,Pitch
1.023,-0.074,0.469,8.527,28,-3.244,Pitch
0.977,-0.054,0.542,18.756,98.214,-7.099,Pitch
0.974,-0.028,0.719,17.435,250.13,-4.458,Pitch
1.114,-0.069,0.75,27.084,250.13,21.031,Pitch
0.884,-0.037,0.693,39.183,250.13,45.168,Pitch
0.717,-0.015,0.789,52.221,250.13,49.015,Pitch
0.47,0.011,0.921,6.374,250.13,13.099,Pitch
0.11,0.005,0.977,-23.809,250.13,-10.305,Pitch
-0.302,-0.065,1.013,31.771,250.13,-0.832,Pitch
-0.435,-0.101,0.877,68.122,250.13,31.992,Pitch
-0.577,-0.089,0.766,32.458,244.214,13.389,Pitch
-0.856,-0.025,0.843,7.595,124.969,-9.267,Pitch
-0.76,0.098,0.88,5.588,82.351,6.71,Pitch
-0.615,0.066,0.901,-5.588,82.687,-11.962,Pitch
-0.646,0.003,0.828,-23.504,-8.374,-3.626,Pitch
-0.613,0.008,0.796,-21.649,-80.382,-2.824,Pitch
-0.464,0.202,0.818,-22.855,-216.023,18.366,Pitch
-0.585,-0.09,0.905,-6.916,-250.137,22.351,Pitch
-0.264,-0.026,1.006,14.168,-250.137,-5.244,Pitch
-0.043,0.045,0.964,-25.84,-250.137,-23.679,Pitch
-0.002,0.033,0.888,-22.443,-250.137,-56.74,Pitch
0.345,0,0.86,19.664,-250.137,-56.26,Pitch
0.501,0.041,0.812,40.443,-250.137,-35.779,Pitch
0.876,-0.001,0.814,19.405,-250.137,-17.031,Pitch
0.901,-0.12,0.79,-15.061,-250.137,20.42,Pitch
1.14,-0.004,0.646,-26.702,-245.641,32.046,Pitch
1.134,0.007,0.529,-15.756,-147.473,32.893,Pitch
0.843,-0.081,0.371,-18.87,-97.824,5.183,Pitch
1.043,-0.041,0.406,-26.855,-56.87,0.908,Pitch
1.126,-0.049,0.394,-16.687,-25.611,2.504,Pitch
1.035,0.002,0.356,-3.023,-2.153,-1.588,Pitch
0.961,-0.007,0.371,2.55,6.42,-15.557,Pitch
1.108,-0.036,0.456,11.901,47.756,-21.87,Pitch
1.203,-0.013,0.523,25.878,139.183,-17.679,Pitch
1.087,-0.05,0.612,44.008,250.13,-12.427,Pitch
1.142,-0.083,0.691,68.176,250.13,5.626,Pitch
0.895,0.041,0.807,39.397,250.13,45.16,Pitch
0.677,0.061,0.833,25.71,250.13,47.672,Pitch
0.531,0.116,0.811,0.473,250.13,26.229,Pitch
0.08,0.032,0.855,-7.985,250.13,-9.45,Pitch
-0.374,-0.066,1.037,-19.382,250.13,-19.214,Pitch
-0.543,0.061,0.995,6.366,250.13,-8.237,Pitch
-0.544,0.051,0.815,8.916,164.466,1.275,Pitch
-0.555,0.01,0.848,-6.336,101.802,-1.763,Pitch
-0.764,0.131,0.877,-9.015,51.29,7.557,Pitch
-0.581,0.05,0.822,-4.855,41.374,2.45,Pitch
-0.633,-0.027,0.818,-0.145,-15.26,2.397,Pitch
-0.626,-0.017,0.791,6.183,-48.061,8.366,Pitch
-0.549,0.045,0.79,-4.206,-98.435,17.695,Pitch
-0.338,0.171,0.921,-21.359,-221.183,13.26,Pitch
-0.66,-0.141,0.763,-23.832,-250.137,18.588,Pitch
-0.301,-0.023,1.264,-34.053,-250.137,-18.122,Pitch
-0.08,-0.008,1.177,-48.565,-250.137,-58.557,Pitch
0.072,-0.013,0.841,-38.099,-250.137,-80.863,Pitch
0.608,0.032,0.665,-19.405,-250.137,-60.534,Pitch
0.7,0.07,0.762,-12.489,-250.137,-50.092,Pitch
1.001,-0.037,0.771,17.443,-250.137,-4.664,Pitch
0.962,-0.14,0.52,46.992,-250.137,9.069,Pitch
1.04,-0.08,0.425,38.992,-169.107,9.26,Pitch
1.079,-0.022,0.29,39.496,-115.901,3.573,Pitch
1.075,-0.035,0.426,38.794,-37.031,-22.29,Pitch
1.108,-0.08,0.438,27.924,-1.496,-18.702,Pitch
1.056,-0.098,0.335,2.221,-8.328,-7.969,Pitch
1.058,-0.052,0.365,-4.824,-14.466,-4.992,Pitch
1.126,-0.045,0.434,-9.435,25.427,0,Pitch
1.078,-0.037,0.459,-11.435,82.573,6.473,Pitch
0.998,-0.085,0.522,13.237,159.008,17.107,Pitch
1.202,-0.029,0.668,45.458,250.13,10.832,Pitch
1.084,-0.046,0.782,38.405,250.13,-19.191,Pitch
0.895,0.044,0.665,19.695,250.13,-33.305,Pitch
0.605,-0.106,0.81,-0.908,250.13,-18.145,Pitch
0.262,-0.008,0.82,-67.901,250.13,-22.779,Pitch
-0.081,-0.053,1.02,-69.916,250.13,-12.427,Pitch
-0.382,-0.029,0.998,-12.107,250.13,-3.13,Pitch
-0.49,-0.06,1.001,13.893,230.26,-4.626,Pitch
-0.56,-0.067,1.057,15.031,121,9.695,Pitch
-0.473,0.078,0.888,19.954,63.229,6.305,Pitch
-0.411,-0.067,0.692,32.099,56.275,-7.344,Pitch
-0.547,0.014,0.881,26.511,62.137,13.412,Pitch
-0.591,0.019,0.858,3.221,30.55,16.595,Pitch
-0.578,-0.006,0.796,-5.198,-7.824,4.389,Pitch
-0.544,-0.011,0.87,-23.687,-56.924,0.534,Pitch
-0.563,-0.015,0.901,-39.763,-132.26,0.221,Pitch
-0.593,-0.049,0.874,-36.771,-250.137,-13.176,Pitch
-0.335,-0.042,0.949,-15.374,-250.137,-39.672,Pitch
-0.045,-0.045,0.929,-33.908,-250.137,-59.153,Pitch
0.014,-0.158,0.915,10.061,-250.137,-78.023,Pitch
0.214,0.029,0.759,41.588,-250.137,-93.489,Pitch
0.639,0.063,0.752,39.053,-250.137,-87.252,Pitch
0.992,-0.03,0.92,6.603,-250.137,-41.939,Pitch
0.923,-0.039,0.677,5.534,-250.137,2.061,Pitch
0.908,-0.011,0.541,9.221,-241.107,6.076,Pitch
1.091,0.028,0.487,18.901,-154.122,-8.695,Pitch
1.107,0.011,0.579,19.176,-83.282,0.618,Pitch
1.004,-0.003,0.489,7.008,-1.229,-5.42,Pitch
0.968,-0.003,0.454,11.603,12.252,3.947,Pitch
1.036,0.002,0.454,16.42,25.229,13.565,Pitch
1.135,-0.02,0.549,8.901,59.519,14.328,Pitch
1.057,-0.039,0.625,5.443,138.893,20.092,Pitch
1.052,0.007,0.699,15.534,250.13,49.176,Pitch
1.036,-0.032,0.758,17.557,250.13,45.397,Pitch
0.917,-0.064,0.919,0.038,250.13,45.191,Pitch
0.557,-0.043,0.871,-2.908,250.13,38.191,Pitch
0.413,-0.002,0.945,-11.672,250.13,23.145,Pitch
0.171,-0.044,1.11,-31.176,250.13,54.802,Pitch
-0.251,0.01,0.792,15.878,250.13,76.832,Pitch
-0.511,-0.054,0.753,50.504,250.13,54.061,Pitch
-0.535,-0.095,0.885,45.87,138.511,2.802,Pitch
-0.448,-0.076,1.011,20.145,20.679,-15.649,Pitch
-0.453,-0.022,1.066,14.076,1.183,-8.924,Pitch
-0.436,0.001,0.896,8.496,-28.901,-12.336,Pitch
-0.362,0.021,0.862,-4.954,-29.992,-10.351,Pitch
-0.362,0.078,0.99,-6.046,-17.809,-13.107,Pitch
-0.406,-0.041,1.056,-15.992,-22.74,-8.496,Pitch
-0.415,-0.027,0.953,-6.519,-65.565,-6.282,Pitch
-0.375,-0.021,0.834,-19,-211.405,-22.527,Pitch
-0.309,-0.03,1.011,-24.634,-250.137,-26.611,Pitch
-0.182,-0.035,0.911,6.679,-250.137,-37.389,Pitch
0.06,0.005,0.82,51.885,-250.137,-63.26,Pitch
0.548,0.087,0.618,74.656,-250.137,-81.687,Pitch
0.888,0.059,0.82,77.023,-250.137,-36.962,Pitch
1.054,0.039,0.829,34.939,-250.137,15.802,Pitch
1.054,0.009,0.753,-6.443,-250.137,40.718,Pitch
1.021,-0.017,0.577,-20.076,-141.58,26.29,Pitch
1.073,0.013,0.607,-22.939,-46.275,10.832,Pitch
1.004,0.001,0.481,-23.107,-1.229,-5.901,Pitch
0.978,0.003,0.506,-28.351,17.489,-11.176,Pitch
1.017,0.003,0.507,-19.565,5.084,-1.115,Pitch
1.084,0.008,0.57,0.992,23.84,2.977,Pitch
1.073,0.012,0.613,13.153,92.863,13.221,Pitch
1.05,-0.062,0.726,17.992,189.855,29.298,Pitch
1.037,-0.023,0.808,0.649,250.13,28.221,Pitch
1,-0.05,0.837,-37.87,250.13,25.405,Pitch
0.797,-0.011,0.925,-50.573,250.13,61.893,Pitch
0.538,-0.025,0.917,-43.397,250.13,87.985,Pitch
0.163,-0.113,0.978,-3.496,250.13,103.389,Pitch
-0.111,-0.049,0.898,17.267,250.13,71.13,Pitch
-0.358,-0.013,0.899,48.427,250.13,41.565,Pitch
-0.32,0.028,0.844,72.344,250.13,31.206,Pitch
-0.4,-0.034,0.943,39.763,177.13,1.145,Pitch
-0.581,-0.001,0.894,29.679,166.687,-13.221,Pitch
-0.758,0.027,0.699,0.695,87.282,1.092,Pitch
-0.67,-0.021,0.755,8.481,51.977,-2.305,Pitch
-0.684,-0.027,0.74,0.145,-4.985,-7.069,Pitch
-0.597,-0.015,0.789,-4.466,-65.458,-10.84,Pitch
-0.602,-0.03,0.798,-8.405,-119.214,-14.542,Pitch
-0.531,-0.083,0.889,7.58,-176.473,-12.954,Pitch
-0.448,-0.042,0.844,9.947,-250.137,-20.053,Pitch
-0.335,-0.027,0.869,27.916,-250.137,-5.435,Pitch
-0.103,0.048,1.013,28.267,-250.137,-5.618,Pitch
0.065,-0.04,1.073,40.076,-250.137,-15.588,Pitch
0.163,-0.017,0.658,26.908,-250.137,-29.847,Pitch
0.478,0.064,0.727,32.71,-250.137,-14.122,Pitch
0.806,0.017,0.699,33.427,-250.137,21.519,Pitch
1.23,-0.04,0.932,-20.557,-250.137,40.618,Pitch
1.245,0.043,0.772,-35.466,-187.008,11.863,Pitch
0.97,0.011,0.566,-38.13,-109.107,-3.427,Pitch
0.947,-0.062,0.462,-47.42,-48.718,-33.832,Pitch
0.998,-0.06,0.567,-54.893,13.84,-26.611,Pitch
1.035,-0.008,0.438,-46.359,16.702,-11.534,Pitch
1.082,-0.002,0.479,-19.977,14.939,-4.748,Pitch
1.09,-0.009,0.517,2.183,43.954,-0.076,Pitch
1.119,-0.025,0.603,5.023,124.87,2.565,Pitch
1.065,-0.019,0.756,15.817,210.74,7.817,Pitch
1.094,-0.085,0.881,26.076,250.13,12.107,Pitch
0.875,-0.074,0.77,8.267,250.13,25.992,Pitch
0.622,-0.055,0.738,11.42,250.13,45.42,Pitch
0.355,-0.005,0.833,14.809,250.13,53.908,Pitch
0.025,0,1.133,28.817,250.13,55.389,Pitch
-0.214,0.083,1.041,23.214,250.13,34.641,Pitch
-0.271,0.028,0.892,-7.405,250.13,14.58,Pitch
-0.508,-0.013,0.75,-21.405,224.771,-0.321,Pitch
-0.533,-0.024,0.941,-22.107,145.282,5.565,Pitch
-0.534,-0.017,0.966,-23.985,125.008,3.664,Pitch
-0.569,-0.015,0.806,0.458,89.885,9.779,Pitch
-0.606,-0.004,0.787,8.908,39.809,2.969,Pitch
-0.572,-0.021,0.833,7.504,22.061,-0.802,Pitch
-0.638,-0.039,0.883,8,6.305,-0.779,Pitch
-0.622,-0.02,0.899,4.13,-29.672,-2.214,Pitch
-0.62,-0.021,0.879,-4.336,-63.397,-4.794,Pitch
-0.574,0.022,0.866,-15.267,-122.672,-0.344,Pitch
-0.473,0.016,0.865,5,-247.466,0.924,Pitch
-0.37,-0.049,0.956,4.649,-250.137,-8.099,Pitch
-0.221,-0.015,0.982,6.893,-250.137,-42.267,Pitch
-0.083,0,0.901,7.221,-250.137,-62.542,Pitch
0.253,0.078,0.723,11.634,-250.137,-68.008,Pitch
0.544,-0.041,0.689,-42.687,-250.137,-31.733,Pitch
0.696,-0.132,0.759,-32.779,-250.137,-22.809,Pitch
1.199,0.001,0.847,-12.977,-250.137,-18.74,Pitch
1.164,-0.035,0.634,-24.481,-160.076,-26.511,Pitch
1.088,0.016,0.528,-6.962,-92.344,-5.435,Pitch
0.981,-0.056,0.529,2.16,-27.313,-9.947,Pitch
0.949,-0.028,0.566,1.069,27.282,-4.183,Pitch
1.025,-0.029,0.579,16.893,58.74,9.824,Pitch
1.038,-0.045,0.611,31.29,110.427,19.802,Pitch
1.011,-0.034,0.74,27.13,206.84,29.489,Pitch
1.013,0.003,0.8,21.969,250.13,28.42,Pitch
0.966,-0.075,0.856,8.084,250.13,24.412,Pitch
0.746,-0.076,0.941,9.328,250.13,39.55,Pitch
0.436,0.036,0.98,6.901,250.13,52.275,Pitch
0.139,-0.059,0.978,25.756,250.13,43.183,Pitch
-0.146,0.024,0.979,46.084,250.13,25.763,Pitch
-0.303,0.046,1.033,34.45,250.13,9.321,Pitch
-0.463,-0.016,0.938,-9.229,213.435,-31.389,Pitch
-0.512,-0.044,0.844,-9.092,139.969,-18.13,Pitch
-0.561,-0.116,0.84,21.71,74.229,-9.947,Pitch
-0.45,-0.009,0.928,3.473,31.198,-10.809,Pitch
-0.43,0.013,0.9,-13.718,6.305,-5.824,Pitch
-0.517,-0.018,0.904,0.969,-50.595,-0.664,Pitch
-0.464,-0.023,0.968,1.107,-131.252,0.718,Pitch
-0.375,-0.031,1.007,2.389,-211.962,2.473,Pitch
-0.252,-0.022,0.955,-1.229,-250.137,-0.565,Pitch
-0.044,-0.015,1.178,-41.55,-250.137,-22.45,Pitch
-0.019,0.012,0.957,-18.046,-250.137,-56.931,Pitch
0.217,0.02,0.997,-3.435,-250.137,-41.878,Pitch
0.441,-0.027,0.76,-17.244,-250.137,-47.122,Pitch
0.556,0.001,0.604,-19.237,-250.137,-31.809,Pitch
0.868,-0.039,0.602,-11.939,-250.137,-15.305,Pitch
1.355,-0.069,0.762,-3.176,-245.145,-15.595,Pitch
1.233,-0.051,0.493,-2.412,-111.687,-12.168,Pitch
0.956,-0.006,0.399,10.069,-68.504,6.626,Pitch
0.973,-0.031,0.386,6.084,-13.061,-6.351,Pitch
1.02,-0.04,0.488,6.977,9.87,3.664,Pitch
1.092,-0.032,0.525,21.405,66.412,11.351,Pitch
1.087,-0.054,0.589,55.863,184.931,14.374,Pitch
0.99,-0.039,0.706,57.122,250.13,30.634,Pitch
0.939,-0.025,0.768,46.153,250.13,33.786,Pitch
0.827,0.02,0.829,29.901,250.13,17.748,Pitch
0.562,-0.042,0.839,34.115,250.13,1.214,Pitch
0.261,0.025,1.054,47.71,250.13,-6.26,Pitch
0.054,0.011,1.129,39.466,250.13,-12.718,Pitch
-0.172,0.004,1.076,27.893,250.13,-14.55,Pitch
-0.335,0.022,1.023,10.076,208.885,-13.901,Pitch
-0.293,0.072,1.062,-11.359,111.214,-4.519,Pitch
-0.363,0.066,0.972,-22.176,81.649,-3.885,Pitch
-0.385,0.023,0.937,-20.664,53.847,2.427,Pitch
-0.388,0.024,0.933,-11.718,21.443,4.557,Pitch
-0.364,0,0.927,-9.664,-50.267,1.588,Pitch
-0.356,-0.024,0.945,-5.634,-159.084,9.046,Pitch
-0.222,-0.034,0.992,6.809,-250.137,20.107,Pitch
0.011,0.006,1.065,-12.214,-250.137,10.786,Pitch
0.101,-0.039,1.001,-42.489,-250.137,-2.634,Pitch
0.198,-0.017,0.93,-38.229,-250.137,8.588,Pitch
0.338,0.02,0.916,-51.893,-250.137,-22.802,Pitch
0.525,-0.019,0.727,-54.733,-250.137,-42.099,Pitch
0.87,-0.064,0.714,-52.702,-250.137,-18.412,Pitch
1.028,-0.151,0.616,-63.115,-250.137,2.084,Pitch
1.042,-0.111,0.548,-62.092,-185.145,-2.313,Pitch
1.056,-0.053,0.534,-21.359,-119.298,-2.588,Pitch
0.986,-0.064,0.428,6.71,-41.916,-25.977,Pitch
1.028,-0.065,0.445,21.481,-0.573,-21.191,Pitch
1.119,-0.101,0.456,32.985,37.29,-7.13,Pitch
1.073,-0.105,0.426,42.916,79.962,1.107,Pitch
0.961,-0.078,0.604,52.878,167.282,9.336,Pitch
0.994,-0.07,0.707,51.305,250.13,14.649,Pitch
1.052,-0.051,0.787,48.45,250.13,26.29,Pitch
0.824,-0.024,0.831,40.008,250.13,22.84,Pitch
0.63,-0.021,0.8,28.275,250.13,19.588,Pitch
0.414,-0.121,1.082,16.649,250.13,0.977,Pitch
0.09,-0.122,1.127,-26.756,250.13,-6.443,Pitch
-0.186,-0.188,1.272,-16.519,250.13,-4.115,Pitch
-0.222,-0.064,1.069,9.832,196.626,-12.191,Pitch
-0.278,0.052,0.985,-15.71,105.802,-16.351,Pitch
-0.36,-0.019,0.842,7.992,102.267,7.336,Pitch
-0.384,-0.005,0.937,20.008,67.809,7.786,Pitch
-0.403,0,0.983,18.74,60.664,0.779,Pitch
-0.475,-0.012,0.912,9.084,43.489,4.29,Pitch
-0.571,-0.106,0.89,-1.756,29.687,7.504,Pitch
-0.51,-0.034,0.907,-9.496,-14.87,-3.947,Pitch
-0.504,-0.033,0.923,-7.84,-64.565,-16.076,Pitch
-0.454,-0.067,0.756,-3.42,-180.718,-11.153,Pitch
-0.2,-0.05,0.962,32.443,-250.137,15.557,Pitch
-0.084,-0.038,0.972,-2.374,-250.137,-30.824,Pitch
0.009,-0.068,1.087,-1.824,-250.137,-48.847,Pitch
0.146,0.118,0.839,23.145,-250.137,-78.786,Pitch
0.397,0.074,0.62,31.656,-250.137,-54.145,Pitch
0.939,-0.057,0.871,20.84,-250.137,-17.832,Pitch
1.058,-0.049,0.708,-24.183,-250.137,14.427,Pitch
1.131,-0.012,0.569,-42.534,-215.878,14.473,Pitch
1.008,0.05,0.512,-32.519,-134.031,17.611,Pitch
0.945,-0.013,0.409,-21.74,-89.504,-2.466,Pitch
1.034,-0.038,0.444,-23.931,-21.863,-12.573,Pitch
1.177,-0.02,0.435,-4.031,12.687,-12.13,Pitch
1.134,0.002,0.427,29.718,47.977,-1.664,Pitch
1.031,-0.038,0.485,41.565,93.725,2.153,Pitch
1.108,-0.034,0.595,34.573,185.71,-1.046,Pitch
1.158,-0.015,0.792,29.282,250.13,20.214,Pitch
0.936,-0.034,0.783,45.924,250.13,28.13,Pitch
0.761,-0.056,0.803,33.13,250.13,37.443,Pitch
0.524,0.062,0.76,2.29,250.13,28.008,Pitch
0.377,-0.032,0.911,21.069,250.13,21.863,Pitch
-0.139,-0.073,1.108,21.45,250.13,1.893,Pitch
-0.334,0.051,1.009,1.542,250.13,-5.427,Pitch
-0.565,-0.042,0.937,-13.573,188.244,-14.183,Pitch
-0.417,0.014,0.998,-45.71,93.924,3.145,Pitch
-0.543,-0.011,0.836,-38.939,99.847,-0.504,Pitch
-0.516,-0.015,0.844,-19.786,50.092,6.145,Pitch
-0.476,-0.036,0.933,-6.344,-10.733,2.076,Pitch
-0.488,-0.056,0.886,-6.405,-65.466,-8.313,Pitch
-0.425,-0.055,0.924,13.565,-129.382,-10.992,Pitch
-0.301,-0.059,0.946,26.672,-250.137,-9.656,Pitch
-0.163,-0.044,1.055,21.191,-250.137,-10.435,Pitch
0.131,-0.053,1.058,13.557,-250.137,-16.771,Pitch
0.004,0.063,0.782,-6.977,-250.137,-33.511,Pitch
0.294,-0.015,1.031,6.527,-250.137,-34.321,Pitch
0.505,-0.041,0.89,13.511,-250.137,-33.87,Pitch
0.672,-0.056,0.727,1.802,-250.137,-20.786,Pitch
0.77,-0.089,0.618,-14.336,-250.137,1.046,Pitch
1.103,0.021,0.596,-15.229,-250.137,6.435,Pitch
1.219,-0.02,0.551,3.649,-156.107,9.771,Pitch
1.014,-0.012,0.472,-7.534,-102.382,15.939,Pitch
0.988,-0.041,0.389,-18.985,-23.656,-0.45,Pitch
1.081,-0.038,0.424,-2.817,6.504,-3.687,Pitch
1.085,-0.016,0.441,23.496,49.481,-0.45,Pitch
1.06,-0.066,0.471,33.237,112.733,7.504,Pitch
1.029,-0.073,0.575,25.977,188.145,10.168,Pitch
1.042,-0.026,0.667,29.649,250.13,13.947,Pitch
1.038,0.067,0.809,48.809,250.13,12.466,Pitch
0.951,-0.101,0.821,35.221,250.13,-3.763,Pitch
0.708,-0.026,0.877,19.076,250.13,5.176,Pitch
0.356,-0.052,0.826,13.977,250.13,24.015,Pitch
0.037,-0.003,1.002,15.313,250.13,20.573,Pitch
-0.114,0.03,0.971,-7.985,250.13,9.092,Pitch
-0.269,0.05,1.02,-14.656,250.13,1.046,Pitch
-0.443,-0.026,1.055,-50.099,141.702,-20.504,Pitch
-0.461,-0.028,0.899,-45.542,59.305,-0.145,Pitch
-0.395,-0.018,0.894,-30.641,15.359,-7.389,Pitch
-0.546,-0.102,1.016,-31.542,-24.748,-26.55,Pitch
-0.437,-0.181,1.004,4.58,-83.618,-32.779,Pitch
-0.325,-0.101,1,55.168,-166.611,-29.122,Pitch
-0.067,-0.008,0.986,66.557,-235.939,-35.962,Pitch
-0.003,0.061,0.873,13.916,-242.908,0.099,Pitch
-0.298,-0.031,0.889,7.756,-250.137,-8.084,Pitch
-0.013,-0.004,1.032,27.305,-250.137,-35.901,Pitch
0.152,0.053,0.793,13.275,-250.137,-55,Pitch
0.504,0.18,0.636,18.603,-250.137,-50.878,Pitch
0.805,0.004,0.768,31.153,-250.137,-0.595,Pitch
0.902,-0.026,0.515,20.038,-250.137,24.55,Pitch
1.246,-0.026,0.462,-10.901,-250.137,7.366,Pitch
1.287,0.011,0.375,2.16,-183.275,-14.053,Pitch
1.11,-0.015,0.312,26.443,-159.397,1.183,Pitch
1.095,-0.004,0.336,7.634,-66.74,-23.443,Pitch
1.037,0.04,0.26,8.298,-34.649,-19.588,Pitch
1.107,0.083,0.261,16.634,-23.366,-22.344,Pitch
1.18,0.054,0.27,14.74,11.908,-23.687,Pitch
1.201,0.055,0.288,6.26,54.076,-16.603,Pitch
1.177,0.043,0.334,-11.069,115.191,-13.252,Pitch
1.188,0.069,0.479,-13.519,218.664,-3.244,Pitch
1.236,0.064,0.554,-18.695,250.13,21.618,Pitch
1.061,0.031,0.588,-50.779,250.13,51.237,Pitch
0.764,0.049,0.637,-59.687,250.13,58.656,Pitch
0.519,0.064,0.755,-64.351,250.13,48.328,Pitch
0.247,0.013,1,-77.26,250.13,38.008,Pitch
-0.002,-0.131,1.199,-46.611,250.13,30.664,Pitch
-0.245,-0.135,0.941,-22.84,250.13,37.069,Pitch
-0.402,-0.084,0.837,20.137,217.344,49.076,Pitch
-0.467,-0.11,0.889,51.702,123.924,31.542,Pitch
-0.422,-0.13,0.994,37.351,64.031,32.099,Pitch
-0.498,-0.106,0.864,31.809,35.771,29.023,Pitch
-0.471,0.001,0.881,51.84,-14.336,17.122,Pitch
-0.418,-0.006,0.948,67.824,-30.557,12.878,Pitch
-0.411,0.009,0.963,42.969,-52.969,8.046,Pitch
-0.366,0.029,0.989,11.542,-107.015,-2.756,Pitch
-0.301,-0.062,0.915,-19.817,-250.137,13.649,Pitch
-0.177,-0.016,0.937,-54.832,-250.137,16.053,Pitch
-0.011,-0.005,1.106,-91.076,-250.137,-57.786,Pitch
0.031,0.016,0.904,-39.954,-250.137,-85.924,Pitch
0.393,-0.045,0.785,-20.389,-250.137,-95.374,Pitch
0.663,0.116,0.585,0.115,-250.137,-87.008,Pitch
0.875,0.024,0.515,28.748,-250.137,-41.588,Pitch
1.172,-0.019,0.544,9.901,-250.137,-13.519,Pitch
1.271,-0.016,0.422,-6.748,-220.695,-17.321,Pitch
1.123,0.046,0.265,27.855,-169.885,12.275,Pitch
1.043,-0.003,0.253,18.893,-108.893,-4.344,Pitch
1.1,0.039,0.298,1.466,-66.206,-6.214,Pitch
1.135,0.009,0.333,3.542,-19.023,5.489,Pitch
1.106,0.013,0.322,15.641,40.817,11.405,Pitch
1.09,0.068,0.193,23.061,50.55,9.931,Pitch
1.128,0.04,0.217,10.237,61.473,2.649,Pitch
1.158,0.016,0.375,4.26,111.298,7.802,Pitch
1.166,0.072,0.489,18.618,215.832,13.817,Pitch
1.312,0.015,0.665,34.511,250.13,27.053,Pitch
0.932,0.042,0.551,51.87,250.13,22.947,Pitch
0.631,-0.001,0.508,73.206,250.13,6.084,Pitch
0.435,0.021,0.969,48.969,250.13,-14.527,Pitch
0.071,0.113,1.024,29.496,250.13,-18.855,Pitch
-0.184,0.038,0.939,29.916,250.13,-19.412,Pitch
-0.306,0.099,0.995,19.053,250.13,-20.748,Pitch
-0.488,0.036,0.986,7.832,181.008,-9.252,Pitch
-0.438,0.087,0.967,-13.076,75.878,-9.573,Pitch
-0.383,0.106,0.919,-22.313,41.786,-13.725,Pitch
-0.415,0.086,0.971,-32.817,7.557,-9.931,Pitch
-0.382,0.066,0.966,-35.916,-32.802,-10.382,Pitch
-0.394,0.047,0.968,-35.878,-84.359,-10.374,Pitch
-0.361,0.025,0.951,-24.985,-127.458,-4.71,Pitch
-0.21,0.007,0.969,-32.229,-196.763,-8.573,Pitch
-0.11,-0.008,0.946,-33.802,-250.137,-6.275,Pitch
0.144,-0.125,1.216,-11.237,-250.137,-11.229,Pitch
0.12,0.039,0.843,-8.466,-250.137,-55.282,Pitch
0.322,0.069,0.787,7.74,-250.137,-55.305,Pitch
0.501,0.021,0.625,17.061,-250.137,-50.656,Pitch
0.932,0.072,0.64,43.137,-250.137,-34.252,Pitch
1.239,-0.021,0.506,49.641,-250.137,7.496,Pitch
1.155,0.026,0.379,23.954,-229.87,24.809,Pitch
1.222,0.087,0.32,19.649,-135.618,30.496,Pitch
1.061,0.05,0.239,26.168,-70.527,-4.748,Pitch
1.051,-0.02,0.242,17.779,-17.214,0.13,Pitch
1.03,0.017,0.218,7.58,-7.206,7.771,Pitch
1.062,0,0.249,6.198,7.321,7.565,Pitch
1.132,0.003,0.232,11.038,33.42,7.504,Pitch
1.097,0.02,0.268,0.084,58.802,3.603,Pitch
1.027,0.022,0.297,-4.443,70.977,0.916,Pitch
1.057,0.001,0.382,1.885,114.756,5.267,Pitch
1.168,-0.007,0.465,-1.206,230.183,17.527,Pitch
1.149,0.008,0.634,2.878,250.13,41.244,Pitch
0.962,0.002,0.631,24.885,250.13,39.718,Pitch
0.579,-0.108,0.719,40.939,250.13,38.26,Pitch
0.531,-0.021,0.754,16.634,250.13,0.809,Pitch
0.246,-0.083,1.026,6.427,250.13,-15.504,Pitch
-0.04,-0.09,1.015,23.916,250.13,-10.267,Pitch
-0.157,0.018,1.027,29.977,250.13,-6.824,Pitch
-0.306,0.032,0.904,7.679,211.641,1.298,Pitch
-0.439,0.036,1.008,-25.313,89.618,-21.206,Pitch
-0.455,-0.005,1.007,-37.794,41.321,-7.191,Pitch
-0.374,0.003,0.999,-31.595,3.656,-9.863,Pitch
-0.328,-0.019,0.936,-28.466,-63.603,-10.87,Pitch
-0.114,0.08,0.882,-28.687,-220.847,11.679,Pitch
-0.329,-0.221,1.063,2.55,-250.137,15.137,Pitch
0.182,-0.166,1.155,-16.053,-250.137,-26.748,Pitch
0.084,0.026,0.717,-40.115,-250.137,-58.122,Pitch
0.247,0.027,0.86,-39.748,-250.137,-119.771,Pitch
0.474,0.102,0.697,-1.046,-250.137,-90.275,Pitch
0.945,-0.026,0.718,32.168,-250.137,-64.405,Pitch
1.126,-0.098,0.484,43.321,-250.137,-32.351,Pitch
1.055,0.032,0.411,23.565,-240.618,-4.382,Pitch
1.054,0.009,0.424,17.863,-175.855,27.779,Pitch
1.041,0.104,0.308,18.519,-111.252,-0.061,Pitch
1.175,-0.033,0.24,10.931,-45.458,10.092,Pitch
1.178,0.017,0.225,13.496,-12.092,6.481,Pitch
1.087,0.016,0.186,20.519,3.282,8.115,Pitch
1.057,-0.022,0.198,14.817,9.099,9,Pitch
1.135,-0.009,0.284,-0.87,36.962,5.275,Pitch
1.14,-0.009,0.321,2,97.16,9.427,Pitch
1.093,0.025,0.478,12.298,188.344,20.038,Pitch
1.198,-0.028,0.566,11.718,250.13,14.611,Pitch
1.1,-0.019,0.63,4.718,250.13,29.405,Pitch
0.849,0.035,0.628,14.985,250.13,22.237,Pitch
0.651,-0.083,0.806,27.573,250.13,22.084,Pitch
0.378,-0.025,0.953,16.046,250.13,-0.137,Pitch
0.094,-0.063,1.125,7.802,250.13,-10.168,Pitch
-0.205,-0.023,0.981,-3.076,250.13,-2.313,Pitch
-0.407,0.007,0.8,7.031,250.13,15.573,Pitch
-0.504,0.061,0.981,-25.206,127.427,-8.687,Pitch
-0.514,-0.005,0.936,-50.153,100.031,0.237,Pitch
-0.507,-0.068,0.959,-35.847,46.84,-2.55,Pitch
-0.489,-0.06,0.875,-9.29,-7.977,-4.626,Pitch
-0.503,-0.05,0.807,-18.763,-28.107,-8.992,Pitch
-0.49,-0.073,0.842,-10.916,-88,-13.84,Pitch
-0.394,-0.037,0.888,7.763,-213.069,-2.458,Pitch
-0.304,-0.156,0.982,29.221,-250.137,7.496,Pitch
-0.086,-0.066,0.942,11.824,-250.137,-21.26,Pitch
0.062,0.024,0.89,-15.267,-250.137,-55.519,Pitch
0.208,-0.02,0.979,6.863,-250.137,-75.55,Pitch
0.481,-0.038,0.72,13.992,-250.137,-83.16,Pitch
0.697,0.017,0.698,17.344,-250.137,-63.885,Pitch
1.03,-0.034,0.764,2.573,-250.137,-11.305,Pitch
1.044,-0.031,0.622,-16.206,-249.137,0.145,Pitch
1.102,0.039,0.303,-12.962,-164.328,-5.55,Pitch
1.062,0.047,0.252,3.321,-141.183,-2.527,Pitch
1.115,-0.074,0.326,-6.817,-83.527,-3.282,Pitch
1.166,-0.042,0.37,-6.176,-25.809,-1.015,Pitch
1.073,-0.014,0.354,21.183,22.115,7.748,Pitch
1.125,0.046,0.328,29.916,68.061,5.916,Pitch
1.088,-0.011,0.404,16.885,110.786,-0.244,Pitch
1.034,-0.049,0.429,15.336,156.282,0.046,Pitch
1.124,0.055,0.594,21.221,243.863,-2.519,Pitch
1.133,-0.063,0.73,24.603,250.13,15.473,Pitch
1.001,-0.062,0.789,17.221,250.13,27.214,Pitch
0.682,-0.001,0.731,28.031,250.13,27.45,Pitch
0.522,-0.013,0.809,14.595,250.13,3.107,Pitch
0.123,-0.031,1.008,5.29,250.13,-18.466,Pitch
-0.244,-0.036,0.994,33.863,250.13,0.786,Pitch
-0.315,-0.014,0.997,3.847,250.13,-3.878,Pitch
-0.564,0.04,0.924,-28.595,172.611,-34.237,Pitch
-0.494,-0.032,0.886,-29.198,57.344,-2.076,Pitch
-0.436,0.029,0.898,-15.237,47.687,5.458,Pitch
-0.484,0.009,0.883,-14.618,43.863,17.351,Pitch
-0.484,0.008,0.831,-19.725,18.634,13.733,Pitch
-0.578,-0.021,0.835,-13.038,-6.733,6.779,Pitch
-0.549,-0.058,0.908,7.931,-56.122,7.008,Pitch
-0.505,-0.01,0.839,10.191,-186.702,14.809,Pitch
-0.29,-0.067,0.951,-9.588,-250.137,6.664,Pitch
-0.236,-0.148,1.129,-3.771,-250.137,-21.046,Pitch
0.025,0.03,0.94,-7.687,-250.137,-50.427,Pitch
-0.013,0.091,0.873,16.397,-250.137,-80.206,Pitch
0.344,0.136,0.584,45.496,-250.137,-88.321,Pitch
0.775,0.056,0.649,72.29,-250.137,-51.504,Pitch
1.264,0.013,0.852,57.885,-250.137,13.824,Pitch
1.06,-0.031,0.569,10.298,-250.137,47.008,Pitch
1.054,-0.016,0.478,-28.076,-199.74,33.718,Pitch
1.108,0.046,0.417,-23.733,-144.695,66.679,Pitch
0.999,-0.075,0.376,-21.977,-41.939,15.496,Pitch
1.022,-0.002,0.411,-25.679,38.55,7.954,Pitch
1.012,-0.011,0.374,-11.328,78.221,0.74,Pitch
1.039,-0.003,0.361,-2.237,113.275,-52.45,Pitch
1.094,-0.035,0.49,-8.916,144.191,-62.45,Pitch
1.047,-0.048,0.59,-26.779,187.931,-46.359,Pitch
1.036,-0.031,0.655,-41.046,234.573,-15.336,Pitch
1.188,0.021,0.804,-40.473,250.13,44.092,Pitch
0.942,0.051,0.849,-45.252,250.13,81.84,Pitch
0.413,0.223,0.477,-5.786,250.13,67.74,Pitch
0.78,-0.076,1.013,-75.817,250.13,88.496,Pitch
-0.018,-0.142,1.09,-49.985,250.13,29.634,Pitch
-0.514,-0.088,1.013,23.878,250.13,11.191,Pitch
-0.278,0.034,0.889,28.718,209.977,40.649,Pitch
-0.094,0.169,0.926,-9.405,153.863,40.481,Pitch
-0.635,-0.088,0.696,24.496,145.191,58.893,Pitch
-0.608,-0.049,0.812,48.718,85.687,27.115,Pitch
-0.698,-0.034,0.82,51.313,42.985,19.573,Pitch
-0.597,-0.119,0.853,27.527,3.603,12.099,Pitch
-0.553,-0.024,0.883,-14.908,-11.893,13.611,Pitch
-0.479,-0.123,0.61,-58.336,-66.45,0.603,Pitch
-0.351,-0.127,0.845,-84.382,-168.649,0.023,Pitch
-0.588,-0.109,0.708,-40.275,-137.55,-19.336,Pitch
-0.614,0.004,0.949,-6.489,-198.779,-37.786,Pitch
-0.366,0.025,0.936,18.519,-250.137,-48.809,Pitch
-0.098,-0.111,0.978,49.847,-250.137,-53.183,Pitch
-0.126,-0.068,0.87,77.802,-250.137,-67.031,Pitch
0.107,0.039,0.738,127.809,-250.137,-79.397,Pitch
0.312,0.106,0.369,92.878,-250.137,-110.748,Pitch
0.769,0.029,0.512,76.748,-250.137,-61.015,Pitch
0.973,0.067,0.646,52.725,-250.137,-16.16,Pitch
1.357,0.013,0.577,-21.664,-250.137,13.42,Pitch
1.637,0.141,0.323,-8.802,-197.298,41.519,Pitch
1.297,0.022,0.232,-5.687,-157.908,50.702,Pitch
1.034,0.043,0.368,-24.29,-97.366,41.863,Pitch
1.059,0.076,0.386,-50.053,-40.924,31.427,Pitch
1.158,-0.03,0.484,-32.588,60.947,12.473,Pitch
1.079,0.068,0.462,-12.534,169.45,10.504,Pitch
1.181,0.186,0.294,27.664,216.397,-12.427,Pitch
1.469,0.042,0.553,39.061,250.13,-6.229,Pitch
1.327,-0.001,0.881,21.015,250.13,34.702,Pitch
0.847,-0.04,0.729,13,250.13,74.366,Pitch
0.617,0.178,0.684,-11.595,250.13,75.55,Pitch
0.602,0.126,0.813,-112.336,250.13,79.679,Pitch
0.178,-0.254,1.004,-62.015,250.13,85.885,Pitch
-0.016,0.081,0.626,6.718,250.13,98.405,Pitch
-0.277,-0.052,0.557,27.115,250.13,64.504,Pitch
-0.845,-0.129,0.819,62.382,84.878,-20.183,Pitch
-0.721,-0.069,0.801,63.168,6.702,2.13,Pitch
-0.486,0.024,0.826,41.87,17.389,11.931,Pitch
-0.641,0.051,0.775,32.053,7.916,1.924,Pitch
-0.64,0.1,0.73,47.977,-75.809,-9.099,Pitch
-0.312,0.101,0.905,50.656,-227.42,15.748,Pitch
-0.211,0.01,1.066,-1.863,-250.137,21.031,Pitch
-0.354,0.077,0.882,6.565,-250.137,25.817,Pitch
-0.25,0.067,0.856,-3.527,-250.137,-20.779,Pitch
0.171,0.199,0.622,11.198,-250.137,-43.382,Pitch
0.832,0.013,0.84,-11.672,-250.137,-0.13,Pitch
0.768,-0.146,0.67,-84.153,-250.137,29.321,Pitch
0.963,-0.183,0.368,-115.107,-250.137,51.023,Pitch
1.424,0.04,0.397,-115.305,-250.137,24.328,Pitch
1.344,0.008,0.228,-42.87,-204.626,4.122,Pitch
1.151,0.005,0.221,-20.656,-100.756,-28.092,Pitch
1.16,-0.006,0.189,-11.115,-32.237,-11.351,Pitch
1.229,-0.07,0.047,17.221,-9.55,-7.511,Pitch
1.223,0,0.174,45.275,7.168,-17.366,Pitch
1.141,-0.036,0.292,68.702,77.763,-10.489,Pitch
1.231,-0.025,0.488,39.901,160.718,8.634,Pitch
1.309,-0.088,0.499,34.282,250.13,31.015,Pitch
1.34,-0.071,0.64,49.252,250.13,35.198,Pitch
1.132,-0.076,0.68,17.489,250.13,29.611,Pitch
1.024,-0.118,0.708,-35.969,250.13,29.382,Pitch
0.608,0.03,0.665,-11.16,250.13,41.122,Pitch
0.235,0.001,0.726,54.038,250.13,51.221,Pitch
0.066,-0.047,0.923,-0.099,250.13,56.58,Pitch
-0.323,-0.1,0.736,66.84,250.13,71.771,Pitch
-0.787,-0.13,0.692,101.405,206.359,37.412,Pitch
-0.581,-0.022,0.88,44.214,80.405,11.695,Pitch
-0.562,0.043,0.763,17.344,35.16,5.298,Pitch
-0.582,0.095,0.827,22.038,-13.466,4.198,Pitch
-0.577,0.132,0.841,5.176,-95.824,-1.298,Pitch
-0.446,0.108,0.87,-28.153,-178.153,-3.725,Pitch
-0.438,0.117,0.663,-72.534,-250.137,-4.489,Pitch
-0.14,0.052,0.903,-93.519,-250.137,-61.74,Pitch
0.052,0.011,0.886,-61.916,-250.137,-70.87,Pitch
0.219,0.043,0.706,-21.786,-250.137,-63.038,Pitch
0.338,-0.027,0.515,-29.664,-250.137,-81.359,Pitch
0.86,-0.097,0.61,-3.763,-250.137,-54.954,Pitch
1.353,0.019,0.426,-36.489,-250.137,-5.336,Pitch
1.539,-0.011,0.329,-63.664,-249.802,-11.015,Pitch
1.43,0.013,0.228,-12.389,-156.176,17.573,Pitch
1.122,-0.046,0.238,7.794,-75.733,4.115,Pitch
1.117,-0.085,0.147,4.809,-5.847,7.45,Pitch
1.114,-0.052,0.16,12.954,24.931,14.305,Pitch
1.208,-0.045,0.286,40.649,76.313,17.939,Pitch
1.138,-0.102,0.462,69.679,193.733,28.71,Pitch
1.142,-0.041,0.553,76.74,250.13,40.321,Pitch
1.163,-0.046,0.59,63.718,250.13,24.786,Pitch
1.042,-0.08,0.782,12.45,250.13,3.832,Pitch
0.867,-0.031,0.705,-11.282,250.13,6.885,Pitch
0.69,-0.046,0.774,-8.176,250.13,22.168,Pitch
0.376,-0.057,1.041,-13.504,250.13,37.519,Pitch
0.079,-0.088,0.938,7.298,250.13,40.481,Pitch
-0.203,-0.159,0.989,24.901,250.13,36.763,Pitch
-0.438,-0.028,0.94,30.053,182,-3.023,Pitch
-0.367,-0.041,0.914,21.405,72.359,10.313,Pitch
-0.342,0.017,0.842,19.053,34.855,-18.634,Pitch
-0.364,0.074,0.764,18.229,-22.168,-36.595,Pitch
-0.544,-0.074,0.939,15.26,-66.779,-20.527,Pitch
-0.645,-0.103,0.947,58.321,-195.656,-3.939,Pitch
-0.07,-0.011,0.991,90.603,-250.137,-18.977,Pitch
-0.256,-0.004,0.755,-3.214,-250.137,4.725,Pitch
-0.103,0.07,0.896,19.26,-250.137,-27.366,Pitch
0.357,0.139,0.837,41.595,-250.137,-22,Pitch
0.627,-0.029,0.594,-5.924,-250.137,24.885,Pitch
1.021,-0.016,0.728,-27.481,-250.137,46.756,Pitch
0.875,0.033,0.505,-21.244,-250.137,47.366,Pitch
1.15,0,0.407,-14.504,-250.137,34.931,Pitch
1.328,-0.013,0.226,-39.527,-202.664,8.29,Pitch
1.319,-0.071,0.281,-37.031,-112.893,-17.137,Pitch
1.203,-0.04,0.242,-15.344,-6.16,-37.748,Pitch
1.087,-0.021,0.279,-16.351,23.901,-13.954,Pitch
1.134,-0.012,0.257,-28.069,54.466,-4.809,Pitch
1.168,-0.026,0.338,-8.55,134.053,-11.198,Pitch
1.2,-0.056,0.509,16.687,250.13,-6.916,Pitch
1.207,-0.023,0.535,10.122,250.13,11.008,Pitch
1.08,-0.086,0.653,-45.962,250.13,6.786,Pitch
0.939,0.018,0.776,-45.275,250.13,40.473,Pitch
0.608,-0.008,0.934,-5.29,250.13,60.809,Pitch
0.459,-0.067,0.954,-0.748,250.13,50.725,Pitch
0.174,-0.105,1.072,-23.649,250.13,45.504,Pitch
-0.207,-0.025,0.993,15.847,250.13,50.496,Pitch
-0.24,-0.019,0.951,5.023,237.382,33.321,Pitch
-0.34,0.006,0.801,-8.542,158.916,39.656,Pitch
-0.454,-0.096,0.884,-3.405,67.817,26.71,Pitch
-0.431,-0.05,0.885,12.977,26.504,18.046,Pitch
-0.453,-0.026,0.826,14.504,2.069,9.695,Pitch
-0.458,-0.025,0.753,-5.916,-72.763,-10.198,Pitch
-0.439,-0.039,0.917,-9.031,-160.496,-13.977,Pitch
-0.2,-0.095,0.986,-15.954,-250.137,-7.466,Pitch
0.066,-0.097,1.018,-28.267,-250.137,8.977,Pitch
-0.157,-0.061,0.792,-28.74,-250.137,-26.786,Pitch
0.123,0.077,0.729,-47.786,-250.137,-82.687,Pitch
0.497,-0.033,0.624,-18.008,-250.137,-98.855,Pitch
0.851,-0.052,0.494,20.405,-250.137,-39.695,Pitch
1.36,-0.056,0.56,13.542,-250.137,-7.908,Pitch
1.308,-0.061,0.486,8.458,-248.099,-1.565,Pitch
1.165,-0.096,0.359,18.435,-187.405,7.092,Pitch
1.073,-0.104,0.238,8.565,-109.328,-15.046,Pitch
1.128,-0.083,0.287,-1.893,-40.458,-8.221,Pitch
1.138,-0.085,0.293,-4.206,-1.359,3.817,Pitch
1.163,-0.036,0.318,6.145,47.855,3.198,Pitch
1.172,-0.055,0.381,26.992,144.458,3.893,Pitch
1.222,-0.071,0.506,32.595,250.13,-9.618,Pitch
1.243,-0.065,0.606,30.595,250.13,-6.557,Pitch
1.044,-0.02,0.675,60.191,250.13,-8.389,Pitch
0.799,-0.029,0.763,56.641,250.13,-17.504,Pitch
0.61,0.083,0.771,2.481,250.13,-51.954,Pitch
0.21,-0.093,1.069,-11.351,250.13,-44.481,Pitch
0.047,-0.016,1.075,28.588,250.13,-9.863,Pitch
-0.154,-0.052,0.902,29.916,250.13,-6.374,Pitch
-0.273,0.104,0.884,-6.763,133.382,-9.107,Pitch
-0.325,0.06,0.932,-20.183,47.817,0.183,Pitch
-0.343,0.034,1.031,-15.573,25.13,4.267,Pitch
-0.304,0.01,1.004,-10.244,-5.321,5.603,Pitch
-0.315,0.04,0.92,-20.656,-75.069,5.763,Pitch
-0.246,0.014,0.866,-12.389,-167.756,15.435,Pitch
-0.101,-0.004,0.96,-13.084,-250.137,-0.412,Pitch
0.123,-0.056,1.103,-6.595,-250.137,-7.542,Pitch
0.198,0.057,0.747,-24.244,-250.137,-13.641,Pitch
0.279,-0.027,0.65,-37.443,-250.137,-33.328,Pitch
0.569,0.013,0.67,-15.321,-250.137,-48.595,Pitch
1.032,-0.036,0.604,22.076,-250.137,-20.42,Pitch
1.294,0,0.451,-10.992,-250.137,12.42,Pitch
1.197,-0.139,0.302,-48.008,-225.74,34.931,Pitch
1.192,-0.056,0.274,-49.817,-133.29,45.748,Pitch
1.154,-0.019,0.274,-24.855,-19.191,-5.031,Pitch
1.087,-0.035,0.2,-6.786,45.725,-21.153,Pitch
1.133,-0.059,0.167,-7.985,73.382,-25.947,Pitch
1.191,-0.115,0.243,3.389,153.29,-12,Pitch
1.262,-0.008,0.506,23.718,250.13,2.779,Pitch
1.175,-0.034,0.632,48.565,250.13,26.534,Pitch
1.011,-0.078,0.547,45.885,250.13,27.985,Pitch
0.857,-0.071,0.639,25.069,250.13,19.313,Pitch
0.54,0.041,0.953,18.168,250.13,7.863,Pitch
0.288,-0.049,1.023,37.786,250.13,10.374,Pitch
0.04,0.04,0.9,32.733,250.13,18.443,Pitch
-0.072,0.077,0.86,24.679,250.13,32.282,Pitch
-0.206,0.013,1.102,-11.618,117.092,5.55,Pitch
-0.266,-0.018,1.01,11.435,60.992,6.763,Pitch
-0.298,0.014,0.926,9.412,4.168,5.336,Pitch
-0.283,0.025,0.927,-21.084,-70.771,-11.359,Pitch
-0.223,0.017,0.995,-23.687,-134.931,-20.595,Pitch
-0.078,-0.012,0.982,-4.382,-220.542,-2.695,Pitch
0.245,-0.051,0.933,-4.305,-250.137,12.206,Pitch
0.276,-0.017,0.903,-52.756,-250.137,-26.641,Pitch
0.298,0.073,0.934,-54.252,-250.137,-40.824,Pitch
0.367,-0.034,0.53,-30.595,-250.137,-69.519,Pitch
0.794,-0.052,0.644,-13.466,-250.137,-79.092,Pitch
1.19,-0.016,0.573,11.802,-250.137,-43.733,Pitch
1.286,-0.042,0.31,0.435,-191.031,-5.962,Pitch
1.139,-0.014,0.332,-2.481,-144.053,2.267,Pitch
1.087,0.079,0.365,25.389,-84.244,9.794,Pitch
1.008,0.029,0.316,32.397,-16.321,-4.397,Pitch
1.025,-0.025,0.287,20.802,11.389,-4.649,Pitch
1.104,0.008,0.329,13.176,37.29,4.023,Pitch
1.17,-0.041,0.463,20.817,115.107,12.924,Pitch
1.087,-0.019,0.569,24.344,236.031,24.359,Pitch
1.192,0.102,0.577,35.618,250.13,30.412,Pitch
1.074,-0.03,0.667,60.618,250.13,31.336,Pitch
0.77,0.018,0.758,73.435,250.13,15.176,Pitch
0.689,-0.023,0.941,73.427,250.13,-12.389,Pitch
0.299,0.055,0.899,30.359,250.13,-31.985,Pitch
-0.051,0.089,0.971,17.359,250.13,-17.588,Pitch
-0.225,0.083,0.718,53.29,250.13,20.298,Pitch
-0.573,0.132,1.172,-15.496,126.817,-18.244,Pitch
-0.339,0.17,0.918,-53.656,65.687,-10.405,Pitch
-0.261,0.148,0.886,-67.282,9.779,11.267,Pitch
-0.395,-0.008,1.021,-35.053,-26.481,16.702,Pitch
-0.261,-0.069,1.054,-26.198,-81.916,-5.969,Pitch
-0.373,-0.102,0.978,-30.031,-197.084,-26.672,Pitch
-0.067,0.046,0.863,27.504,-250.137,-4.992,Pitch
0.016,-0.085,1.171,-4.74,-250.137,-26.824,Pitch
0.142,0.002,0.665,-37.924,-250.137,-18.489,Pitch
0.271,0.025,0.762,-30.832,-250.137,-21.931,Pitch
0.502,0.021,0.635,-1.321,-250.137,-52.084,Pitch
0.843,0.001,0.607,-7.229,-250.137,-52.053,Pitch
1.034,-0.005,0.604,-58.634,-250.137,-55.214,Pitch
1.429,0.102,0.642,-48.321,-182.031,-54.466,Pitch
1.226,0.08,0.469,-6.038,-93.954,-37.55,Pitch
1.111,0.111,0.443,24.473,-64.29,9.313,Pitch
1.013,0,0.456,20.214,3,17.542,Pitch
1.031,0.017,0.579,52.305,107.145,40.237,Pitch
1.02,0.099,0.472,93.641,184.252,55.046,Pitch
1.042,0.058,0.533,68.107,190.473,26.229,Pitch
1.133,-0.04,0.661,-12.611,159.649,-20.557,Pitch
1.039,-0.019,0.875,-29.336,241.84,23.763,Pitch
1.066,0.071,0.796,-33.84,250.13,41.656,Pitch
0.763,-0.249,1.119,-69.206,250.13,42.122,Pitch
0.701,-0.144,1.246,-105.031,250.13,-2.511,Pitch
0.512,-0.138,0.944,-62.496,250.13,28.008,Pitch
0.292,-0.044,1.097,0.588,250.13,74.588,Pitch
-0.001,-0.078,0.663,11.176,250.13,77.366,Pitch
-0.594,0.044,0.617,52.221,123.176,27.71,Pitch
-0.441,-0.081,0.823,67.954,68.756,15.092,Pitch
-0.443,-0.043,0.847,40.267,73.069,19.534,Pitch
-0.431,-0.095,0.862,24.504,63.084,-4.626,Pitch
-0.555,0.013,0.958,-12.023,50.832,-12.519,Pitch
-0.469,-0.021,0.998,-15.664,23.878,0.137,Pitch
-0.445,-0.032,1.002,-35.374,0.725,-14.908,Pitch
-0.487,-0.102,0.96,-34.504,-88.779,4.748,Pitch
-0.713,-0.134,0.965,33.466,-250.137,14.992,Pitch
-0.192,0.183,0.696,35.496,-250.137,-10.84,Pitch
-0.402,-0.002,0.792,-7.504,-250.137,-29.336,Pitch
0.058,-0.225,1.03,71.679,-250.137,-51.519,Pitch
0.188,0.137,0.579,112.603,-250.137,-31.947,Pitch
0.613,0.06,0.655,62.718,-250.137,-7.153,Pitch
1.034,0.006,0.731,-2.366,-250.137,19.817,Pitch
1.177,0.037,0.646,-40.748,-250.137,35.382,Pitch
0.846,-0.063,0.345,-59.916,-250.137,18.053,Pitch
1.133,-0.031,0.244,-63.893,-250.137,25.626,Pitch
1.434,-0.002,0.235,-60.206,-135.855,21.031,Pitch
1.229,-0.006,0.242,-41.435,-4.069,-12.015,Pitch
1.049,0.016,0.166,-19.809,25.71,-22.252,Pitch
1.173,0.012,0.187,-0.389,56.489,-13.298,Pitch
1.272,-0.081,0.316,15.756,119.061,-6.252,Pitch
1.327,-0.036,0.438,14.794,249.878,6.641,Pitch
1.292,-0.005,0.446,15.878,250.13,19.534,Pitch
1.215,-0.039,0.626,-5.489,250.13,44.275,Pitch
0.946,-0.022,0.622,-75.191,250.13,51.947,Pitch
0.641,-0.003,0.772,-25.489,250.13,42.878,Pitch
0.456,-0.108,0.952,0.55,250.13,54.664,Pitch
0.044,-0.093,0.913,13.992,250.13,71.008,Pitch
-0.191,-0.028,0.73,36.679,250.13,74.282,Pitch
-0.426,0.032,0.697,36.924,182.939,66.687,Pitch
-0.217,-0.072,1.045,-4.267,79.084,31.771,Pitch
-0.36,-0.013,0.914,-13.824,51.725,27.672,Pitch
-0.44,0.011,0.874,-5.985,9.435,13.504,Pitch
-0.539,0.027,0.766,-27.191,-96.198,-42.092,Pitch
-0.454,0.01,0.833,-2.779,-250.137,-28.061,Pitch
-0.069,-0.14,0.886,-24.321,-250.137,-42.542,Pitch
0.19,-0.175,0.762,-52.725,-250.137,-51.84,Pitch
0.405,-0.041,0.664,-37.924,-250.137,-111.282,Pitch
0.664,0.162,0.706,-8.282,-250.137,-133.557,Pitch
0.93,-0.014,0.635,70.58,-250.137,-67.695,Pitch
1.328,-0.043,0.302,93.321,-250.137,26.824,Pitch
1.376,-0.169,0.276,30.542,-230.336,26.359,Pitch
1.294,-0.08,0.31,11.267,-147.557,6.855,Pitch
1.152,-0.049,0.294,-2.84,-55.634,-18.786,Pitch
1.125,-0.032,0.231,-19.397,14.542,-17.305,Pitch
1.177,0.037,0.306,-19.435,83.557,-14.847,Pitch
1.28,-0.022,0.328,-1.328,185.908,-20.466,Pitch
1.458,0.065,0.461,-23.336,250.13,3.061,Pitch
1.21,-0.036,0.528,-39.382,250.13,27.931,Pitch
0.822,-0.146,0.698,-33.618,250.13,55.603,Pitch
0.659,-0.021,0.77,-60.061,250.13,76.053,Pitch
0.472,-0.092,0.956,-93.496,250.13,37.931,Pitch
0.058,-0.138,1.099,-37.756,250.13,52.015,Pitch
-0.188,-0.169,0.98,5.649,250.13,58.084,Pitch
-0.36,-0.074,0.745,-15.412,187.321,19.565,Pitch
-0.402,-0.08,0.828,-24.916,122.481,31.282,Pitch
-0.488,-0.13,0.849,-15,80.29,13.855,Pitch
-0.541,-0.13,0.884,16.771,4.489,-2.084,Pitch
-0.466,-0.097,0.762,23.031,-100.252,-9.061,Pitch
-0.323,-0.131,0.793,13.191,-250.137,-29.389,Pitch
-0.176,-0.148,0.909,-1.763,-250.137,-58.573,Pitch
0.033,-0.16,0.998,12.962,-250.137,-76.992,Pitch
0.201,0.048,0.573,-16.389,-250.137,-138.244,Pitch
0.392,-0.004,0.671,11.603,-250.137,-128.13,Pitch
0.899,0.01,0.653,69.092,-250.137,-89.313,Pitch
1.245,0.027,0.509,68.427,-250.137,-35.282,Pitch
1.358,-0.102,0.392,35.374,-248.779,23.626,Pitch
1.334,-0.046,0.32,-13.473,-151.656,22,Pitch
1.126,-0.013,0.221,-27.779,-79.351,-15.992,Pitch
1.074,-0.009,0.231,-13.84,-4.977,-28.061,Pitch
1.173,0.014,0.238,-11.893,29.763,-17.779,Pitch
1.256,-0.041,0.36,-15.992,113.351,-2.947,Pitch
1.291,-0.112,0.45,1.153,250.13,1.641,Pitch
1.302,-0.082,0.508,31.466,250.13,12.573,Pitch
1.174,-0.082,0.59,-12.962,250.13,16.015,Pitch
0.939,-0.072,0.753,-5.702,250.13,46.046,Pitch
0.648,-0.02,0.833,21.977,250.13,44.13,Pitch
0.303,-0.019,0.936,13.389,250.13,36.435,Pitch
-0.058,-0.07,0.935,1.84,250.13,19.885,Pitch
-0.221,0.073,0.793,5.679,167.076,23.595,Pitch
-0.31,-0.025,0.96,2.481,42.511,5.84,Pitch
-0.232,-0.024,0.979,3.008,11.031,23.061,Pitch
-0.227,-0.058,1.023,-0.908,-24.924,13.252,Pitch
-0.215,-0.041,0.878,4.435,-97.969,0.122,Pitch
-0.135,-0.01,0.728,-8.374,-250.137,-22.389,Pitch
0.041,-0.032,0.747,-35.397,-250.137,-38.641,Pitch
0.205,-0.042,0.759,-60.13,-250.137,-39.115,Pitch
0.472,-0.009,0.608,-63.489,-250.137,-48.489,Pitch
0.657,-0.155,0.579,-57.725,-250.137,-61.069,Pitch
1.15,-0.113,0.684,-43.16,-250.137,-28.321,Pitch
1.571,-0.087,0.612,-27.023,-183.221,-11.962,Pitch
1.255,-0.093,0.352,9.122,-105.389,-14.725,Pitch
1.099,-0.025,0.317,31.672,-77.641,1.008,Pitch
1.015,-0.064,0.331,22.885,-17.679,-18.145,Pitch
1.188,-0.086,0.364,20.252,25.015,-8.313,Pitch
1.155,-0.085,0.472,41.565,100.687,8.542,Pitch
1.112,-0.076,0.6,54.046,205.588,37.786,Pitch
1.324,-0.069,0.68,37,250.13,17.519,Pitch
1.146,-0.071,0.664,37.763,250.13,-5.031,Pitch
0.818,-0.085,0.75,42.679,250.13,8.618,Pitch
0.571,-0.038,0.894,39.588,250.13,16.565,Pitch
0.354,-0.046,0.987,47.382,250.13,29.802,Pitch
-0.04,-0.025,0.926,28.924,250.13,6.015,Pitch
-0.296,-0.121,0.953,-6.061,250.13,-27.328,Pitch
-0.355,-0.05,0.889,-37.656,105.527,-5.908,Pitch
-0.336,-0.028,0.953,-2.573,36.084,-1.214,Pitch
-0.35,0.024,0.925,-9.466,13.786,11.099,Pitch
-0.323,0.003,0.909,-17.702,-28.809,9.336,Pitch
-0.204,0.087,0.854,-18.481,-146.725,14.931,Pitch
-0.15,-0.084,0.862,-2.809,-250.137,24.069,Pitch
0.061,-0.11,0.98,-29,-250.137,11.267,Pitch
0.197,0.014,0.84,-47.756,-250.137,-6.382,Pitch
0.13,0.039,0.532,-62.115,-250.137,-64.832,Pitch
0.575,-0.057,0.656,-47.756,-250.137,-79.779,Pitch
1.089,-0.124,0.583,-29.626,-250.137,-32.45,Pitch
1.509,-0.21,0.62,-34.496,-250.137,-16.74,Pitch
1.22,-0.03,0.476,-4.656,-167.641,-14.092,Pitch
1.015,-0.028,0.304,26.237,-124.061,-10.588,Pitch
1.017,-0.04,0.319,35.351,-71.55,-2.267,Pitch
1.1,-0.111,0.367,13.405,-9.458,-0.168,Pitch
1.222,-0.076,0.351,21.763,42.092,5.557,Pitch
1.188,-0.073,0.374,48.038,121.267,18.947,Pitch
1.187,-0.082,0.591,61.977,250.13,41.221,Pitch
1.197,-0.045,0.706,42.992,250.13,39.252,Pitch
1.041,0.059,0.689,63.122,250.13,24.328,Pitch
0.767,-0.102,0.679,45.649,250.13,17.534,Pitch
0.429,-0.038,0.79,14.214,250.13,-3.298,Pitch
0.371,-0.134,1.063,0.473,250.13,-11.947,Pitch
-0.044,-0.214,1.178,29.588,250.13,1.733,Pitch
-0.231,-0.043,0.873,37.809,250.13,13.115,Pitch
-0.318,-0.048,0.995,11.84,79.84,-54.527,Pitch
-0.322,-0.011,0.918,7.145,-12.656,-34.84,Pitch
-0.256,-0.014,1.052,22.969,-13.435,-2.725,Pitch
-0.312,0,0.954,-3.397,37.656,21.489,Pitch
-0.366,-0.038,0.901,-17.695,-19.672,11.42,Pitch
-0.316,-0.039,0.685,-22.527,-187.13,14.397,Pitch
-0.364,0.037,0.869,-24.588,-250.137,-21.198,Pitch
-0.086,-0.11,1.125,-17.695,-250.137,-54.237,Pitch
0.179,-0.089,0.879,-29.809,-250.137,-70.893,Pitch
0.345,-0.022,0.512,-48.16,-250.137,-74.908,Pitch
0.679,-0.022,0.697,-3.504,-250.137,-61.153,Pitch
0.887,-0.032,0.566,50.679,-250.137,-23.649,Pitch
1.182,-0.038,0.447,38.244,-250.137,2.214,Pitch
1.277,-0.06,0.402,11.008,-250.137,23.908,Pitch
1.319,0.044,0.302,2.947,-175.565,9.359,Pitch
1.168,0.003,0.346,36.366,-91.42,11.244,Pitch
1.076,-0.034,0.399,20.42,-9.435,-14.71,Pitch
1.116,-0.045,0.342,-5.947,57.458,-17.573,Pitch
1.179,-0.065,0.418,-12.832,135.046,-7.122,Pitch
1.259,0.027,0.612,-18,250.13,-5.573,Pitch
1.304,-0.052,0.597,-35.473,250.13,-17.954,Pitch
1.163,-0.07,0.54,-66.137,250.13,3.504,Pitch
1.05,0.041,0.701,-50.878,250.13,44.687,Pitch
0.682,-0.076,0.894,-64.626,250.13,67.359,Pitch
0.339,-0.089,0.898,-95.924,250.13,59.206,Pitch
0.042,-0.217,1.116,-40.702,250.13,96.527,Pitch
-0.098,-0.104,0.904,-14.573,250.13,129.519,Pitch
-0.268,-0.18,0.948,-19.672,160.29,53.847,Pitch
-0.417,-0.134,0.851,-5.565,110.985,43.672,Pitch
-0.453,-0.123,0.865,26.473,74.046,29.496,Pitch
-0.334,-0.105,0.858,49.962,54.969,15.359,Pitch
-0.471,-0.04,0.794,41.58,54.573,8.748,Pitch
-0.444,-0.075,0.848,33.244,44.061,13.328,Pitch
-0.461,-0.075,0.917,11.206,46.511,12.504,Pitch
-0.433,-0.103,0.962,-15.084,8.435,-10.687,Pitch
-0.455,-0.057,0.887,-40.458,9.962,-26.374,Pitch
-0.358,0.043,0.677,-45.458,-175.901,-22.038,Pitch
-0.777,-0.207,0.696,-27.656,-250.137,-53.611,Pitch
-0.285,-0.193,0.861,33.206,-250.137,-87.443,Pitch
0.055,-0.105,0.716,55.351,-250.137,-99.092,Pitch
0.532,0.054,0.618,82.076,-250.137,-97.87,Pitch
0.927,0.056,0.626,133.649,-250.137,-65.298,Pitch
1.353,-0.091,0.545,124.71,-250.137,-0.725,Pitch
1.316,-0.107,0.553,87.702,-250.137,50.061,Pitch
1.072,-0.004,0.529,48.015,-205.542,53.725,Pitch
1.125,-0.05,0.515,13.573,-121.328,49.046,Pitch
1.138,0.073,0.443,-34.748,-39.84,-14.847,Pitch
1.113,-0.002,0.351,-43.947,34.244,-27.626,Pitch
1.107,-0.054,0.366,-50.298,80.885,-24.641,Pitch
1.136,-0.066,0.536,-56.221,169.534,-10.611,Pitch
1.268,-0.083,0.598,-59.168,250.13,-24.298,Pitch
1.317,-0.123,0.6,-103.344,250.13,-22.115,Pitch
1.077,-0.039,0.699,-93.481,250.13,14.221,Pitch
0.847,-0.031,0.895,-88.611,250.13,58.756,Pitch
0.434,-0.046,0.931,-75.588,250.13,90.084,Pitch
0.013,-0.14,0.919,-12.313,250.13,115.733,Pitch
-0.199,-0.043,0.842,32.183,250.13,111.153,Pitch
-0.617,-0.221,0.905,8.931,218.954,56.908,Pitch
-0.477,-0.076,0.734,-10.099,112.702,77.718,Pitch
-0.593,-0.093,0.74,0.733,57.977,59.237,Pitch
-0.725,-0.018,0.769,-14.229,-4.336,25.206,Pitch
-0.691,0.006,0.681,-17.282,-67.244,4.45,Pitch
-0.499,0.025,0.646,-10.885,-155.809,4.237,Pitch
-0.354,-0.068,0.708,-36.267,-250.137,10.137,Pitch
-0.416,-0.171,1.02,-42.595,-250.137,-16.908,Pitch
-0.125,-0.143,0.968,-4.382,-250.137,-16.771,Pitch
0.019,-0.026,0.854,-26.038,-250.137,-56.656,Pitch
0.355,0.023,0.807,-47.16,-250.137,-79.885,Pitch
0.623,-0.105,0.875,-30.183,-250.137,-75.595,Pitch
0.777,-0.083,0.771,6.229,-250.137,-59.649,Pitch
0.941,-0.114,0.638,12.069,-235.168,-30.702,Pitch
1.105,-0.152,0.549,-11.389,-158.26,-18.71,Pitch
1.196,-0.184,0.542,-47.023,-101.397,-18.305,Pitch
1.007,-0.123,0.494,-28.618,-42.015,-32.023,Pitch
1.027,-0.114,0.48,-10.939,-25.473,-22.313,Pitch
1.073,-0.143,0.471,-10.634,-5.794,-10.229,Pitch
1.038,-0.122,0.529,-13.954,20.198,-5.183,Pitch
1.076,-0.083,0.613,-10.832,66.771,-4.809,Pitch
1.101,-0.056,0.768,-12.176,174.076,2.794,Pitch
1.172,-0.232,0.859,-23.275,250.13,-4.603,Pitch
1.125,-0.187,0.733,-41.794,250.13,7.679,Pitch
0.822,-0.138,0.698,-40.313,250.13,48.389,Pitch
0.478,-0.152,0.983,23.336,250.13,80.779,Pitch
0.255,-0.177,0.995,65.855,250.13,85.71,Pitch
-0.118,-0.103,0.799,74.168,250.13,68.618,Pitch
-0.361,-0.128,0.738,78.298,224.557,36.824,Pitch
-0.368,-0.059,0.967,26,88.481,-13.13,Pitch
-0.507,0.005,0.84,-4.16,48.435,-7.954,Pitch
-0.42,0.032,0.852,-1.664,50.26,-0.878,Pitch
-0.403,0.005,0.97,-23.664,72.992,11.832,Pitch
-0.494,-0.016,0.982,-36.573,34.084,15.466,Pitch
-0.518,-0.089,0.964,-31.863,-28.809,10.214,Pitch
-0.452,-0.093,1.036,-11.573,-72.015,16.695,Pitch
-0.399,-0.126,0.848,1.374,-182.565,26.168,Pitch
-0.326,-0.116,0.68,-11.397,-250.137,-14.947,Pitch
-0.059,0.003,0.854,-48.573,-250.137,-66.038,Pitch
0.252,-0.073,0.885,-63.351,-250.137,-70.42,Pitch
0.555,-0.093,0.648,-31.275,-250.137,-81.992,Pitch
0.742,-0.012,0.535,-13.718,-250.137,-84.008,Pitch
0.942,-0.057,0.409,-6.718,-250.137,-71.328,Pitch
1.417,-0.142,0.338,-14.809,-250.137,-22.962,Pitch
1.537,-0.138,0.268,4.16,-175.87,10.504,Pitch
1.121,0.004,0.196,16.053,-69.282,-12.015,Pitch
1.024,-0.019,0.154,7.305,-41.252,-12.298,Pitch
1.134,-0.065,0.207,0.466,-14.45,-6.931,Pitch
1.184,-0.082,0.251,-6.13,17.939,-1.87,Pitch
1.198,-0.112,0.344,-2.992,89.359,2.496,Pitch
1.288,-0.039,0.512,0.321,236.137,16.87,Pitch
1.355,-0.142,0.518,6.565,250.13,28.832,Pitch
1.244,-0.117,0.577,-15.198,250.13,28.229,Pitch
0.908,-0.078,0.634,7.206,250.13,49.191,Pitch
0.49,0,0.663,32.16,250.13,51.099,Pitch
0.348,-0.091,0.893,27.145,250.13,58.053,Pitch
0.025,-0.111,1.006,46.137,250.13,57.305,Pitch
-0.24,-0.044,0.846,57.924,250.13,64.45,Pitch
-0.541,-0.18,0.771,47.786,164.939,20.053,Pitch
-0.387,-0.057,0.868,23.359,37.046,21.611,Pitch
-0.375,-0.016,0.906,23.687,5.725,17.557,Pitch
-0.381,0.098,0.901,25.282,-10.618,19.427,Pitch
-0.394,0.077,0.733,-24.214,-114.008,-14.817,Pitch
-0.32,0.042,0.704,-68.008,-250.137,-57.763,Pitch
0.131,-0.102,0.974,-55.282,-250.137,-70.527,Pitch
0.367,0.009,1.025,-53.214,-250.137,-58.962,Pitch
0.256,0.006,0.425,-80.405,-250.137,-74.511,Pitch
0.793,-0.001,0.835,-63.122,-250.137,-61.908,Pitch
1.257,-0.119,0.594,-33.282,-250.137,-34.305,Pitch
1.514,-0.085,0.472,4.863,-250.137,-26.977,Pitch
1.246,-0.118,0.265,29.71,-161.924,-16.962,Pitch
1.142,-0.054,0.276,58.557,-75.015,26.031,Pitch
1.008,-0.038,0.298,37.527,-12.855,0.55,Pitch
1.037,-0.096,0.264,7.687,9.58,-7.656,Pitch
1.178,-0.088,0.313,5.87,48.466,-11.229,Pitch
1.16,-0.084,0.416,15.115,121.763,-19.427,Pitch
1.132,-0.065,0.552,15.649,233.481,-17.534,Pitch
1.253,-0.069,0.661,16.214,250.13,-5.092,Pitch
1.214,-0.06,0.634,6.534,250.13,1.359,Pitch
0.939,-0.033,0.711,6.939,250.13,21.893,Pitch
0.541,0.008,0.854,-9.473,250.13,35.466,Pitch
0.267,-0.012,0.863,8.061,250.13,43.641,Pitch
-0.037,0.032,0.887,19.595,250.13,48.573,Pitch
-0.119,-0.097,1.061,27.954,250.13,46.344,Pitch
-0.292,0.051,0.889,1.947,177.069,17.031,Pitch
-0.406,0.033,0.802,5.412,58.183,30.122,Pitch
-0.381,0.006,0.939,22.45,-9.733,20.489,Pitch
-0.4,0.024,0.964,34.55,-49.015,13.198,Pitch
-0.365,0.057,0.851,23.107,-95.336,3.832,Pitch
-0.307,0.072,0.704,-22.458,-250.137,-23.389,Pitch
0.02,-0.038,0.93,-66.298,-250.137,-68.244,Pitch
0.311,-0.02,0.964,-72.405,-250.137,-59.252,Pitch
0.327,0.005,0.854,-39.901,-250.137,-43.137,Pitch
0.435,0.032,0.641,-35.664,-250.137,-71.924,Pitch
0.792,-0.033,0.62,14.229,-250.137,-46.603,Pitch
1.195,-0.068,0.539,24.58,-250.137,0.435,Pitch
1.475,-0.131,0.474,-7.771,-212.038,29.305,Pitch
1.413,-0.033,0.373,-22.679,-88.443,8.023,Pitch
1.01,0.023,0.217,3.58,-41.733,6.824,Pitch
0.997,-0.077,0.296,-8.779,-22.053,-12.557,Pitch
1.065,-0.061,0.349,-16.282,19.099,-7.076,Pitch
1.193,-0.079,0.396,-0.947,70.969,1.481,Pitch
1.127,-0.087,0.612,15.817,184.504,16.511,Pitch
1.154,-0.093,0.64,40.42,250.13,35.695,Pitch
1.273,-0.095,0.622,31.267,250.13,22.298,Pitch
1.025,-0.091,0.745,24.412,250.13,16.656,Pitch
0.611,-0.038,0.792,45.267,250.13,21.176,Pitch
0.301,-0.052,0.894,70.481,250.13,34.168,Pitch
0.032,-0.008,0.924,77.679,250.13,37.802,Pitch
0.008,0.123,0.778,64.824,228.565,34.443,Pitch
-0.379,0.082,0.995,-2.374,87.107,-5,Pitch
-0.343,-0.023,1.021,-16.336,11.954,10.084,Pitch
-0.231,0.07,0.975,-4.924,-17.756,4.962,Pitch
-0.202,0.05,0.916,-31.099,-21.611,-8.061,Pitch
-0.127,-0.008,0.986,-42.046,-64.046,-29.405,Pitch
-0.137,0.046,0.845,-37.191,-250.137,-39.389,Pitch
0.01,-0.049,0.78,-48.466,-250.137,-51.718,Pitch
0.306,-0.063,0.983,-36.847,-250.137,-45.641,Pitch
0.368,-0.042,0.714,-52.305,-250.137,-46.267,Pitch
0.552,0.029,0.467,-44.611,-250.137,-65.221,Pitch
0.974,-0.055,0.638,-22.603,-250.137,-44.511,Pitch
1.472,-0.089,0.645,-8.916,-250.137,-16.931,Pitch
1.486,-0.071,0.539,-2.519,-122.298,-8.725,Pitch
1.15,-0.035,0.361,15.519,-44.855,3.427,Pitch
1.014,-0.002,0.342,25.321,15.176,1.985,Pitch
0.99,-0.017,0.361,26.611,22.786,10.168,Pitch
1,-0.053,0.416,22.534,40.885,17.069,Pitch
1.125,-0.043,0.531,25.901,88.214,28.115,Pitch
1.142,-0.061,0.657,54.359,183.145,40.45,Pitch
1.178,-0.149,0.716,59.244,250.13,43.214,Pitch
1.084,-0.034,0.514,29.313,250.13,21.397,Pitch
1.205,-0.092,0.827,-24.382,250.13,3.427,Pitch
0.769,-0.098,1.037,-22.519,250.13,15.473,Pitch
0.251,-0.055,0.711,65.725,250.13,26.855,Pitch
0.164,-0.138,0.832,83.046,250.13,37.771,Pitch
-0.053,-0.091,1.007,47.87,250.13,24.763,Pitch
-0.31,0.006,1.083,57.267,206.435,-6.885,Pitch
-0.335,0.016,0.844,39.725,144.756,8.771,Pitch
-0.457,0.074,0.733,-1.031,142.053,-7.313,Pitch
-0.545,0.078,0.753,0.534,92.229,-7.618,Pitch
-0.537,0.039,0.92,3.794,41.038,-5.573,Pitch
-0.501,0.056,0.886,-17.641,-35.901,-14.695,Pitch
-0.438,0.03,0.799,-56.481,-156.008,-32.206,Pitch
-0.378,-0.084,0.735,-70.221,-250.137,-53.84,Pitch
-0.034,-0.017,0.841,-25.588,-250.137,-56.092,Pitch
0.1,0.083,0.833,12.84,-250.137,-58.542,Pitch
0.315,0.084,0.568,42.565,-250.137,-62.863,Pitch
0.845,-0.032,0.589,63.763,-250.137,-52.893,Pitch
1.096,-0.103,0.718,30.695,-250.137,-6.947,Pitch
1.32,-0.07,0.514,-23.351,-250.137,20.893,Pitch
1.459,0.032,0.515,-55.863,-158.84,-5.58,Pitch
1.17,0.014,0.426,-8.802,-47.405,-4.603,Pitch
1.102,-0.019,0.34,0.489,15.878,-7.992,Pitch
1.063,-0.006,0.363,-4.893,76.366,-10.229,Pitch
0.999,-0.031,0.392,-1.053,86.221,-3.031,Pitch
1.114,-0.037,0.55,15.244,112.786,16.214,Pitch
1.103,-0.03,0.617,36.634,179.466,27.824,Pitch
1.288,0.014,0.784,28.878,250.13,28.405,Pitch
1.359,0.041,0.774,6.847,250.13,29.16,Pitch
1.095,-0.119,0.81,-40.847,250.13,45.427,Pitch
0.519,-0.097,1.027,-27.618,250.13,25.595,Pitch
0.163,-0.067,0.796,43.534,250.13,41.099,Pitch
-0.017,0.006,0.932,31.023,250.13,36.496,Pitch
-0.312,-0.046,0.809,8.42,250.13,41.023,Pitch
-0.451,-0.014,0.762,8.992,160.916,26.924,Pitch
-0.49,0.054,0.768,1.71,83.282,-4.863,Pitch
-0.496,0.012,0.814,-5.374,17.702,-5.145,Pitch
-0.465,0.034,0.843,-15.756,-55.122,-7.443,Pitch
-0.414,-0.008,0.765,-22.756,-171.534,-25.931,Pitch
-0.179,-0.07,0.724,-23.496,-250.137,-44.42,Pitch
-0.023,-0.103,0.918,-9.794,-250.137,-32.45,Pitch
0.284,0.093,0.949,-26.443,-250.137,-71.466,Pitch
0.262,0.145,0.647,-16.55,-250.137,-58.855,Pitch
0.492,-0.023,0.588,5.718,-250.137,-49.359,Pitch
0.867,-0.083,0.434,40.855,-250.137,-34.305,Pitch
1.534,-0.118,0.484,16.573,-250.137,19.71,Pitch
1.806,-0.105,0.52,-27.511,-149.015,12.557,Pitch
1.12,0.029,0.2,-18.504,-51.611,-1.42,Pitch
1.03,-0.027,0.231,-18.908,-28.962,-24.985,Pitch
1.129,-0.055,0.298,-5.847,33.962,-21.809,Pitch
1.138,-0.025,0.344,1.183,67.374,-7.74,Pitch
1.175,-0.042,0.492,14.099,131.481,7.336,Pitch
1.245,-0.092,0.636,32.26,250.13,21.756,Pitch
1.233,-0.045,0.642,33.809,250.13,31.588,Pitch
1.135,0.073,0.635,6.298,250.13,21.771,Pitch
0.874,-0.062,0.799,10.305,250.13,20.435,Pitch
0.554,-0.028,1,5.458,250.13,21.076,Pitch
0.158,-0.037,0.844,5.847,250.13,28.328,Pitch
-0.069,-0.013,0.895,23.756,250.13,43.71,Pitch
-0.425,-0.136,0.931,4.771,250.13,25.053,Pitch
-0.355,0.107,0.814,-30.359,144.107,22.763,Pitch
-0.547,-0.05,0.788,-23.947,91.038,14.626,Pitch
-0.594,-0.052,0.905,-11.672,54.481,5.344,Pitch
-0.541,-0.031,0.81,3.794,-18.771,7.298,Pitch
-0.517,-0.024,0.772,10.58,-106.221,-7.84,Pitch
-0.443,-0.011,0.742,-5.901,-222.992,-31.649,Pitch
-0.158,-0.075,0.864,-21.153,-250.137,-46.481,Pitch
-0.023,-0.176,0.988,13.099,-250.137,-23.84,Pitch
0.304,-0.093,0.901,-29.435,-250.137,-32.687,Pitch
0.252,0.07,0.741,-48.58,-250.137,-37.924,Pitch
0.368,-0.028,0.634,-8.588,-250.137,-23.405,Pitch
0.868,-0.024,0.493,-30.16,-250.137,-40.58,Pitch
1.23,-0.08,0.44,-34.718,-250.137,-16.13,Pitch
1.597,-0.203,0.527,-29.634,-230.336,-14.244,Pitch
1.32,-0.077,0.333,-3.611,-105.107,-1.153,Pitch
1.054,-0.054,0.293,15.427,-28.595,-12.901,Pitch
1.035,-0.089,0.29,4.573,26.496,-15.031,Pitch
1.041,-0.074,0.264,10.595,28.664,1.58,Pitch
1.233,-0.055,0.387,18.405,49.115,9.076,Pitch
1.234,-0.113,0.61,24.947,152.214,5.725,Pitch
1.205,-0.119,0.707,31.198,250.13,11.229,Pitch
1.184,-0.061,0.57,27.656,250.13,7.695,Pitch
1.179,-0.074,0.697,2.634,250.13,18.718,Pitch
0.878,-0.067,1.072,-2.71,250.13,43.74,Pitch
0.373,-0.045,0.79,33.397,250.13,56.359,Pitch
0.086,-0.026,0.872,21.84,250.13,62.344,Pitch
-0.318,0.05,0.882,6.16,250.13,59.244,Pitch
-0.574,-0.082,0.843,4.183,207.832,15.527,Pitch
-0.558,-0.118,0.95,2.55,113.389,34.679,Pitch
-0.502,-0.076,0.904,26.115,31.405,22.748,Pitch
-0.422,0.047,0.713,1.763,-2.015,-7.664,Pitch
-0.488,0.041,0.867,17.435,-37.687,-13.328,Pitch
-0.47,0.078,0.765,33.817,-103.076,-14.931,Pitch
-0.499,0.028,0.711,25.786,-249.756,-20.42,Pitch
-0.222,-0.074,0.84,-22.756,-250.137,-31.115,Pitch
0.001,-0.041,0.941,-76.885,-250.137,-26.664,Pitch
0.183,0.06,0.888,-101.183,-250.137,-56.107,Pitch
0.195,0.041,0.471,-88.244,-250.137,-80.092,Pitch
0.638,0.01,0.628,-50.893,-250.137,-81.359,Pitch
1.142,-0.087,0.629,-36.786,-250.137,-71.321,Pitch
1.56,-0.22,0.549,-52.977,-250.137,-42.099,Pitch
1.199,-0.115,0.432,-32.725,-149.641,-52.588,Pitch
1.048,0.008,0.229,12.748,-143.145,-33.389,Pitch
1.054,-0.031,0.317,19.924,-91.542,-44.916,Pitch
1.068,-0.066,0.34,21.405,-49.794,-12.695,Pitch
1.12,-0.055,0.356,24.931,6.221,4.71,Pitch
1.182,-0.03,0.425,36.122,84.466,10.802,Pitch
1.183,-0.039,0.47,44.023,170.229,22.511,Pitch
1.237,-0.136,0.609,30.672,250.13,57.015,Pitch
1.275,0.033,0.567,-8.763,250.13,89.115,Pitch
0.921,-0.028,0.655,-25.664,250.13,93.069,Pitch
0.847,-0.092,1.033,-3.061,250.13,112.099,Pitch
0.407,-0.084,0.909,8.931,250.13,116.496,Pitch
0.093,-0.184,0.967,51.824,250.13,110.763,Pitch
-0.152,-0.083,0.925,64.786,250.13,94,Pitch
-0.658,-0.151,0.73,60.099,236.794,31.015,Pitch
-0.411,0.021,0.802,51.458,126.794,50.817,Pitch
-0.584,-0.098,0.772,37.756,69.55,24.374,Pitch
-0.604,0.007,0.824,31.634,8.061,9.038,Pitch
-0.589,0.126,0.832,27.389,-61.145,-4.611,Pitch
-0.531,0.091,0.767,6.412,-129.115,-15.893,Pitch
-0.378,0.005,0.729,-41.931,-249.229,-26.71,Pitch
-0.024,-0.048,0.86,-59.198,-250.137,-35.893,Pitch
0.02,-0.225,1.289,-31.656,-250.137,-32.855,Pitch
0.124,-0.022,0.808,-80.809,-250.137,-43.321,Pitch
0.416,-0.002,0.687,-36.504,-250.137,-32.611,Pitch
0.758,0.025,0.764,-11.328,-250.137,-1.771,Pitch
0.896,-0.075,0.631,-70.771,-250.137,38.038,Pitch
1.178,-0.44,0.651,-73.26,-250.137,47.176,Pitch
1.169,-0.193,0.435,-50.58,-217.947,35.939,Pitch
0.92,-0.128,0.436,-10.534,-120.45,39.855,Pitch
1.123,-0.235,0.29,6.565,11.168,-4.916,Pitch
1.17,-0.239,0.294,15.855,105.901,-5.618,Pitch
0.941,-0.21,0.32,14,73.275,-28.809,Pitch
1.054,-0.17,0.45,18.855,60.672,-41.779,Pitch
1.068,-0.198,0.501,32.321,116.779,-49.84,Pitch
1.158,-0.248,0.525,49.504,185.275,-20.84,Pitch
1.118,-0.245,0.614,47.122,250.13,24.298,Pitch
0.981,-0.287,0.72,93.565,250.13,39.252,Pitch
0.928,-0.007,0.742,55.244,250.13,22.206,Pitch
0.743,-0.14,0.904,-33.756,250.13,63.786,Pitch
0.372,-0.167,0.925,43.733,250.13,80.023,Pitch
0.277,-0.038,0.978,45.42,250.13,94.962,Pitch
-0.306,-0.034,0.665,30.359,250.13,69.794,Pitch
-0.876,-0.15,0.576,55.237,250.13,18.763,Pitch
-0.62,-0.04,0.792,80.221,110.374,-2.206,Pitch
-0.538,-0.046,0.897,93.053,75.42,0.55,Pitch
-0.532,0.034,0.97,52.885,54.069,-3.069,Pitch
-0.626,0.129,0.839,29.916,22.214,-12.855,Pitch
-0.627,0.102,0.858,23.794,1.718,-15.344,Pitch
-0.558,0.073,0.885,-10.55,-9.702,-34.527,Pitch
-0.571,0.059,0.835,-34.611,-42.237,-49.046,Pitch
-0.66,-0.002,0.86,-49.015,-118.626,-66.725,Pitch
-0.557,-0.046,0.701,-59.282,-250.137,-75.183,Pitch
-0.405,0.056,0.734,-41.885,-250.137,-109.855,Pitch
-0.043,-0.009,0.812,-15.885,-250.137,-106.122,Pitch
0.23,0.029,0.583,40.282,-250.137,-99.687,Pitch
0.836,-0.061,0.939,47.588,-250.137,-41.336,Pitch
1.15,-0.132,0.629,36.863,-250.137,1.305,Pitch
0.889,-0.111,0.493,14.58,-250.137,6.779,Pitch
0.977,-0.052,0.631,-15.519,-250.137,-19.122,Pitch
1.255,-0.051,0.611,-18.779,-190.496,-14.985,Pitch
1.388,-0.045,0.426,-6.489,-59.695,1.603,Pitch
1.088,-0.088,0.39,-20.702,1.565,-4.008,Pitch
0.96,-0.043,0.41,-27.427,53.321,8.885,Pitch
1.155,-0.088,0.478,-27.901,118.26,27.603,Pitch
1.381,-0.027,0.561,-20.603,250.13,56.954,Pitch
1.259,-0.253,0.832,-2.985,250.13,97.557,Pitch
1.018,0.068,0.705,-35.443,250.13,124.336,Pitch
0.602,-0.142,0.694,-14.015,250.13,117.947,Pitch
0.324,-0.296,1.078,46.489,250.13,120.595,Pitch
0.076,-0.226,1.043,99.679,250.13,120.031,Pitch
-0.037,0.04,0.838,97.634,250.13,96.969,Pitch
-0.553,-0.129,1.042,37.031,234.84,34.641,Pitch
-0.537,0.01,0.725,45.588,115.031,45.145,Pitch
-0.526,0.014,0.75,40.008,45.153,11.214,Pitch
-0.546,0.011,0.787,5.031,19.45,-1.893,Pitch
-0.533,0.003,0.862,-11.779,-4.153,-16.618,Pitch
-0.564,-0.03,0.809,-25.695,-47.076,-22.664,Pitch
-0.589,0.037,0.671,-24.153,-148.962,-40.588,Pitch
-0.356,-0.04,0.715,-16.664,-250.137,-49.756,Pitch
-0.189,-0.114,1.018,-45.672,-250.137,-101.847,Pitch
-0.116,-0.091,0.935,0.397,-250.137,-90.267,Pitch
0.237,0.105,0.735,33.603,-250.137,-104.008,Pitch
0.474,-0.015,0.846,41.786,-250.137,-77.13,Pitch
0.866,-0.12,0.827,33.214,-250.137,-17.641,Pitch
0.921,-0.139,0.673,-38.725,-250.137,10.504,Pitch
1.104,-0.124,0.56,-71.885,-247.74,7.351,Pitch
1.199,-0.098,0.566,-46.939,-152.489,-13.786,Pitch
1.16,-0.137,0.544,-15.885,-63.137,0.962,Pitch
1.067,-0.115,0.432,-25.153,20.26,-5.191,Pitch
0.991,-0.091,0.478,-14.756,62.542,6.756,Pitch
1.085,-0.086,0.514,5.885,74.58,13.534,Pitch
1.108,-0.116,0.61,25.649,134.336,6.924,Pitch
1.08,-0.146,0.725,27.191,238.145,15.496,Pitch
1.169,-0.212,0.803,3.252,250.13,27.916,Pitch
1.088,-0.204,0.864,-1.771,250.13,64.718,Pitch
0.594,-0.084,0.731,14.878,250.13,115.809,Pitch
0.228,-0.076,0.661,72.351,250.13,116.298,Pitch
-0.041,-0.075,0.97,63.328,250.13,79.069,Pitch
-0.223,-0.133,1.093,52.908,250.13,75.328,Pitch
-0.38,0.028,0.877,32.45,160.885,32.168,Pitch
-0.487,0.025,0.745,22.855,95.885,53.038,Pitch
-0.519,0.025,0.826,10.908,42.015,35.145,Pitch
-0.423,0.007,0.906,-23.313,6.443,27.672,Pitch
-0.459,0.023,0.948,-39.382,-13.55,28.168,Pitch
-0.508,0,0.985,-34.527,-54.092,21.405,Pitch
-0.463,0.012,0.94,-27.115,-94.573,3.496,Pitch
-0.312,0.083,0.921,-42.809,-192.916,-56.145,Pitch
-0.508,-0.062,0.863,-58.336,-250.137,-169.176,Pitch
-0.029,-0.068,0.95,-10.252,-250.137,-198.664,Pitch
0.089,0.099,0.695,19.405,-250.137,-178.321,Pitch
0.573,-0.082,0.754,21.603,-250.137,-120.084,Pitch
0.862,-0.081,0.718,-14.634,-250.137,-73.427,Pitch
1.054,-0.063,0.64,-28.74,-250.137,-56.656,Pitch
1.185,-0.047,0.494,-23.908,-242.275,-42.947,Pitch
1.185,0.022,0.538,-5.427,-175.786,-30.679,Pitch
1.133,0.034,0.559,-4.023,-103.794,-8.519,Pitch
1.061,-0.09,0.577,-10.557,2.397,-10.748,Pitch
1.007,-0.02,0.531,9.031,65.794,-2.611,Pitch
0.985,-0.007,0.474,9.145,64.756,1.985,Pitch
1.066,-0.036,0.604,1.489,96.931,9.611,Pitch
1.053,-0.08,0.63,-0.321,132.611,23.069,Pitch
1.151,-0.121,0.736,-6.748,213.023,61.42,Pitch
1.039,-0.059,0.793,-11.389,250.13,117.954,Pitch
0.867,0.095,0.605,-30.26,250.13,151.275,Pitch
0.492,-0.094,0.803,-27.87,250.13,182.611,Pitch
0.416,-0.215,1.053,-26.87,250.13,193.031,Pitch
0.371,-0.176,1.145,-5.206,250.13,198.344,Pitch
0.203,-0.119,1.006,-8.588,250.13,200.053,Pitch
-0.405,-0.312,1.037,14.626,250.13,149.023,Pitch
-0.447,-0.158,0.833,53.977,132.847,81.817,Pitch
-0.431,-0.134,0.939,58.679,97.145,48.198,Pitch
-0.551,-0.022,0.741,56.817,98.718,7.595,Pitch
-0.557,0.04,0.698,59.427,72.252,-34.374,Pitch
-0.489,0.021,0.784,52.115,74.565,-50.504,Pitch
-0.557,0.063,0.976,46.481,42.038,-55.763,Pitch
-0.575,-0.142,0.967,47.015,-1.275,-66.382,Pitch
-0.584,-0.087,0.932,49.29,-18.679,-35.229,Pitch
-0.619,-0.057,0.82,48.015,-61.473,-20.55,Pitch
-0.567,-0.042,0.844,33.855,-151.969,-56.229,Pitch
-0.514,-0.016,0.864,33.748,-230.458,-86.969,Pitch
-0.408,0.013,0.597,38.084,-250.137,-95.252,Pitch
0.114,-0.042,1.029,24.008,-250.137,-99.321,Pitch
0.249,-0.05,0.78,24.924,-250.137,-56.374,Pitch
0.513,0.034,0.597,-16.42,-250.137,-33.695,Pitch
0.631,-0.018,0.459,-63.878,-250.137,-29.496,Pitch
1.386,-0.17,0.62,-95.42,-250.137,-14.099,Pitch
1.715,-0.138,0.682,-81.336,-151.542,-31.153,Pitch
1.148,-0.024,0.359,-48.992,-96.802,-32.969,Pitch
1.036,-0.064,0.303,-37.885,-50.756,-17.756,Pitch
1.081,-0.024,0.365,-21.038,13.389,-11.702,Pitch
1.165,-0.056,0.476,10.977,39.977,0.573,Pitch
1.064,-0.055,0.597,44.908,132.13,19.71,Pitch
1.117,-0.119,0.656,72.053,250.13,40.45,Pitch
1.332,-0.055,0.77,51.107,250.13,57.137,Pitch
1.18,-0.138,0.737,6.313,250.13,95.504,Pitch
0.705,-0.092,0.854,20.939,250.13,104.397,Pitch
0.331,-0.056,0.797,67.817,250.13,110.382,Pitch
-0.286,-0.043,0.913,82.87,250.13,60.725,Pitch
-0.704,-0.095,1.027,70.229,250.13,11.168,Pitch
-0.323,0.115,0.819,9.191,103.153,13.435,Pitch
-0.49,0.031,0.674,-5.939,59.405,0.336,Pitch
-0.613,0.023,0.759,-4.244,22.13,2.359,Pitch
-0.557,0.049,0.819,3.573,-9.015,-6.305,Pitch
-0.494,0.058,0.936,-19.115,-27.809,-8.198,Pitch
-0.503,0.014,0.888,-31.282,-50.565,-12.824,Pitch
-0.53,-0.026,0.853,-12.748,-93.771,-3.847,Pitch
-0.525,-0.065,0.776,8.954,-245.947,1.053,Pitch
-0.253,0.005,0.97,-11.237,-250.137,-40.107,Pitch
-0.11,-0.117,0.947,-46.725,-250.137,-104.015,Pitch
0.136,0.021,0.764,-25.023,-250.137,-109.603,Pitch
0.201,0.19,0.614,-11.099,-250.137,-106.901,Pitch
0.552,-0.066,0.501,-13.458,-250.137,-85.74,Pitch
1.166,-0.104,0.769,-37.985,-250.137,-41.321,Pitch
1.552,-0.074,0.668,-55.939,-250.137,-28.389,Pitch
1.229,0.02,0.456,-26.053,-140.481,-15.618,Pitch
1.176,0.001,0.392,-1.504,-49.45,11.863,Pitch
1.051,-0.008,0.352,-17.847,4.473,-1.374,Pitch
1.101,-0.04,0.383,-2.061,29.71,2.725,Pitch
1.139,-0.048,0.514,24.382,92.511,16.565,Pitch
1.048,-0.104,0.625,35.985,192.748,33.473,Pitch
1.169,-0.089,0.756,31.489,250.13,59.282,Pitch
1.323,-0.021,0.864,37.809,250.13,60.084,Pitch
1.014,-0.126,0.812,33.305,250.13,61.496,Pitch
0.675,-0.081,0.732,8.397,250.13,40.618,Pitch
0.178,-0.061,0.926,42.55,250.13,65.878,Pitch
-0.236,-0.102,0.898,100.992,250.13,64.756,Pitch
-0.519,-0.061,0.789,67.71,250.13,23.496,Pitch
-0.538,0.058,0.74,5.939,169.443,15.511,Pitch
-0.608,0.054,0.811,11.656,82.504,18.672,Pitch
-0.581,0.063,0.846,14.794,13.008,25.588,Pitch
-0.528,0.081,0.834,-8.26,-11.916,24.168,Pitch
-0.52,0.073,0.822,-35.061,-63.42,14,Pitch
-0.511,-0.006,0.885,-36.511,-110.687,9.855,Pitch
-0.438,-0.009,0.97,-22.366,-147.244,11.229,Pitch
-0.304,0.055,0.93,-17.26,-234.458,41.275,Pitch
-0.327,-0.031,0.859,-74.191,-250.137,-13.328,Pitch
-0.115,0.023,0.883,-92.221,-250.137,-59.74,Pitch
-0.105,0.03,0.833,-30.511,-250.137,-63.763,Pitch
0.435,0.033,0.737,12.847,-250.137,-80.389,Pitch
0.803,-0.072,0.681,-25.947,-250.137,-46.206,Pitch
1.215,-0.202,0.735,-44.359,-250.137,1.588,Pitch
1.405,-0.203,0.603,-32.153,-183.832,22.84,Pitch
1.01,-0.101,0.524,-6.573,-121.924,32.481,Pitch
0.895,-0.087,0.477,1.779,-85.031,35.359,Pitch
1.068,-0.113,0.604,-19.267,-3.893,14.931,Pitch
1.071,-0.097,0.553,-6.771,58.466,2.809,Pitch
1.018,-0.119,0.481,10.443,74.718,-9.076,Pitch
1.04,-0.115,0.543,13.374,87.969,-15.695,Pitch
1.173,-0.117,0.761,16.679,166.863,-17.26,Pitch
1.26,-0.164,0.945,20.687,250.13,-7.84,Pitch
1.044,-0.155,1.008,44.084,250.13,20.779,Pitch
0.75,-0.089,0.799,85.664,250.13,54.382,Pitch
0.285,-0.064,0.833,148.481,250.13,33.893,Pitch
-0.056,-0.055,0.831,141.954,250.13,-10.092,Pitch
-0.206,0.22,1.018,89.855,250.13,5.397,Pitch
-0.489,0.16,0.951,45.328,185.573,-48.122,Pitch
-0.572,0.131,0.599,52.008,175.771,-19.489,Pitch
-0.663,0.127,0.652,28.435,118.389,-5.855,Pitch
-0.631,0.174,0.779,-9.603,46.519,2.351,Pitch
-0.601,0.158,0.818,-57.687,-27.191,-0.573,Pitch
-0.572,0.044,0.8,-86.885,-70.397,-19.817,Pitch
-0.577,0.048,0.864,-99.885,-48.893,-9.031,Pitch
-0.618,0.037,0.799,-111.42,-51.221,2.824,Pitch
-0.594,-0.053,0.767,-92.275,-109.031,21.779,Pitch
-0.424,0.138,0.735,-60.374,-250.137,16.13,Pitch
-0.579,-0.06,0.799,-70.641,-250.137,-57.031,Pitch
-0.256,0.039,0.555,-28.58,-250.137,-89,Pitch
0.159,0.028,0.799,43.489,-250.137,-86.092,Pitch
0.583,0.002,0.619,51.313,-250.137,-91.939,Pitch
1.086,-0.182,0.575,20.969,-250.137,-35.847,Pitch
1.48,-0.111,0.683,-28.145,-250.137,4.748,Pitch
1.573,-0.05,0.838,-52.435,-140.901,2.176,Pitch
1.229,-0.036,0.587,-19.588,15.252,-3.382,Pitch
0.986,-0.056,0.423,-17.008,63.695,-10.008,Pitch
0.957,-0.069,0.487,-24.374,92.26,-5.046,Pitch
0.866,-0.095,0.516,-9.855,108.908,-3.229,Pitch
0.997,-0.083,0.668,5.374,135.527,12.473,Pitch
0.911,-0.06,0.725,12.092,166.656,19.809,Pitch
0.912,-0.091,0.734,13.748,194.374,29.412,Pitch
1.075,-0.049,0.896,5.473,231.275,46.237,Pitch
1.037,-0.028,1.019,-34.969,250.13,56.427,Pitch
1.024,-0.152,1.095,-59.16,250.13,66.145,Pitch
0.573,-0.219,1.07,-41.87,250.13,97.672,Pitch
0.164,-0.254,0.891,-0.573,250.13,112.351,Pitch
-0.347,-0.156,0.953,6.885,250.13,83.84,Pitch
-0.391,-0.048,0.938,-2.832,198.679,29.573,Pitch
-0.56,-0.047,0.546,25.916,139.191,32.206,Pitch
-0.656,0.008,0.532,8.695,83.939,10.908,Pitch
-0.65,-0.046,0.715,-1.237,34.031,-6.107,Pitch
-0.686,-0.072,0.749,15.832,-65.023,-11.756,Pitch
-0.525,-0.077,0.731,34.351,-222.672,9.863,Pitch
-0.315,-0.141,0.863,18.786,-250.137,6.435,Pitch
-0.159,-0.203,1.076,-8.977,-250.137,3.595,Pitch
-0.234,-0.099,0.913,-22.931,-250.137,-53.443,Pitch
-0.012,-0.019,0.651,-17.695,-250.137,-106.687,Pitch
0.235,0.085,0.81,-23.458,-250.137,-93.481,Pitch
0.451,-0.15,0.818,-46.305,-250.137,-76.198,Pitch
0.967,-0.209,0.617,-102.168,-250.137,-36.008,Pitch
1.317,-0.181,0.538,-93.863,-206.679,-37.908,Pitch
1.151,-0.1,0.496,-32.107,-169.122,-22.328,Pitch
1.18,-0.109,0.417,-9.107,-89.412,-24.885,Pitch
1.143,-0.101,0.469,-7.634,-16.466,-1.931,Pitch
1.104,-0.132,0.429,0.244,15.45,-1.466,Pitch
1.105,-0.109,0.371,27.359,7.344,-5.504,Pitch
1.074,-0.165,0.44,27.924,10.687,-8.42,Pitch
1.082,-0.143,0.544,16.603,38.221,0.519,Pitch
1.103,-0.138,0.615,10.74,92.748,4.137,Pitch
1.26,-0.157,0.726,37.298,213.817,15.71,Pitch
1.308,-0.215,0.964,57.115,250.13,36.252,Pitch
0.916,-0.112,0.682,61.275,250.13,66.061,Pitch
0.551,-0.08,0.645,67.29,250.13,91.45,Pitch
0.243,-0.064,1.069,64.931,250.13,88.023,Pitch
-0.149,-0.171,0.931,78.58,250.13,65.725,Pitch
-0.34,0.129,0.551,41.244,250.13,37.779,Pitch
-0.637,0.065,0.775,-5.74,171.832,-19.328,Pitch
-0.643,0.013,0.725,26.015,73.244,8.679,Pitch
-0.557,0.069,0.771,17.802,27.275,10.038,Pitch
-0.542,0.044,0.801,-9.962,-2.534,2.053,Pitch
-0.61,0.008,0.775,-12.962,-71.725,-1.893,Pitch
-0.535,0.027,0.846,-7.099,-120.565,-8.031,Pitch
-0.491,-0.037,0.937,-4.519,-129.458,-0.634,Pitch
-0.44,-0.01,0.956,6.153,-142.771,11.969,Pitch
-0.413,0.034,0.81,17.366,-250.137,17.023,Pitch
-0.161,0.04,0.599,-4.046,-250.137,-19.962,Pitch
0.212,-0.008,0.712,-93.176,-250.137,-53.176,Pitch
0.373,-0.034,0.733,-127.031,-250.137,-13.618,Pitch
0.844,-0.173,0.786,-59.153,-250.137,-15.183,Pitch
0.985,-0.012,0.765,-14.771,-250.137,-23.542,Pitch
1.098,-0.134,0.498,-24.916,-250.137,-7.389,Pitch
1.427,-0.183,0.43,-64.076,-150.534,4.672,Pitch
1.42,-0.101,0.486,-39.069,-46.275,-11.397,Pitch
1.04,-0.064,0.318,0.87,-12.511,-12.336,Pitch
0.973,-0.077,0.344,7.695,-11.252,-7.298,Pitch
1.039,-0.116,0.425,5.824,8.191,-0.786,Pitch
1.066,-0.124,0.457,10.29,41.977,6.107,Pitch
1.051,-0.126,0.593,31.977,110.649,19.015,Pitch
1.074,-0.107,0.711,53.374,228.176,26.015,Pitch
1.339,-0.12,0.784,56.221,250.13,-4.328,Pitch
1.163,-0.154,0.735,39.229,250.13,-6.405,Pitch
0.744,-0.136,0.754,31.916,250.13,26.779,Pitch
0.472,-0.057,0.936,50.099,250.13,64.221,Pitch
0.045,-0.062,0.831,35.885,250.13,45.099,Pitch
-0.462,-0.007,0.815,23.42,250.13,27.87,Pitch
-0.703,-0.017,0.929,2.336,200.366,-33.359,Pitch
-0.55,-0.026,0.648,-23.397,85.595,7.26,Pitch
-0.535,0.052,0.722,-18.718,32.771,2.496,Pitch
-0.579,-0.02,0.833,-12.252,13.344,4.359,Pitch
-0.56,-0.036,0.874,-7.74,-26.267,2.679,Pitch
-0.534,-0.052,0.835,-15.672,-94.664,-5.534,Pitch
-0.505,-0.087,0.824,-29.916,-161.901,-13.756,Pitch
-0.35,-0.121,0.854,-23.115,-250.137,-21.389,Pitch
-0.233,-0.134,1.043,4.168,-250.137,-21.153,Pitch
0.032,-0.027,0.799,-0.855,-250.137,-33.626,Pitch
0.049,0.042,0.633,-27.084,-250.137,-60.206,Pitch
0.419,0.008,0.749,-6.397,-250.137,-35.832,Pitch
0.658,-0.124,0.727,-29.504,-250.137,-14.573,Pitch
1.248,-0.305,0.638,-74.725,-250.137,21.702,Pitch
1.577,-0.228,0.707,-67.916,-196.618,19.191,Pitch
1.214,-0.109,0.478,-29.595,-102.924,11.458,Pitch
0.966,-0.092,0.431,-8.809,-38.427,3.885,Pitch
0.956,-0.105,0.429,-8.84,21.672,-9.145,Pitch
1.06,-0.125,0.407,1.985,34.092,-13.74,Pitch
1.046,-0.138,0.37,29.038,20.832,-9.473,Pitch
0.978,-0.125,0.467,29.992,45.153,-13.824,Pitch
0.985,-0.16,0.5,23.748,76.504,-8.71,Pitch
1.167,-0.167,0.683,31.153,157.244,11.137,Pitch
1.28,-0.14,0.907,55.893,250.13,18.45,Pitch
1.056,-0.172,0.764,84.244,250.13,19.595,Pitch
0.686,-0.13,0.56,92.779,250.13,22.618,Pitch
0.379,-0.061,0.844,93.733,250.13,22.206,Pitch
0.08,-0.067,0.991,67.878,250.13,29.641,Pitch
-0.317,-0.002,0.92,37.069,250.13,-8.649,Pitch
-0.789,-0.031,0.793,21.389,245.863,-42.374,Pitch
-0.577,0,0.76,-13.901,89.008,-19.992,Pitch
-0.524,0.06,0.851,-15.221,32.527,-12.962,Pitch
-0.541,0.043,0.865,-11.305,-8.985,6.328,Pitch
-0.534,0.021,0.855,-6.702,-32.725,9.374,Pitch
-0.51,0.023,0.899,0.397,-61.305,2.527,Pitch
-0.508,-0.043,0.876,-8.229,-96.435,1.672,Pitch
-0.412,-0.024,0.731,-28.023,-244.931,-4.817,Pitch
-0.212,-0.118,0.941,-38.779,-250.137,-20.908,Pitch
0.042,0,0.839,-45.863,-250.137,-28.252,Pitch
0.061,0.152,0.655,-87.939,-250.137,-45.702,Pitch
0.358,-0.07,0.784,-86.145,-250.137,-52.29,Pitch
0.712,-0.19,0.657,-56.405,-250.137,-17.901,Pitch
1.252,-0.154,0.702,-55.756,-250.137,-19.588,Pitch
1.352,-0.126,0.51,-50.962,-220.863,-25.435,Pitch
1.253,-0.149,0.305,-10.756,-161.664,-6.145,Pitch
1.064,-0.125,0.345,-7.595,-101.069,-7.687,Pitch
1.091,-0.127,0.405,-7.878,-34.824,2.412,Pitch
1.125,-0.092,0.457,10.267,22.344,0.214,Pitch
1.037,-0.138,0.341,35.351,61.191,-1.992,Pitch
1.054,-0.161,0.365,37.298,80.489,1.015,Pitch
1.148,-0.117,0.542,35.649,129.534,9.641,Pitch
1.33,-0.213,0.776,71.084,250.13,28.771,Pitch
1.255,-0.186,0.806,97.595,250.13,32.695,Pitch
0.879,-0.145,0.649,71.977,250.13,11.87,Pitch
0.603,-0.06,0.733,63.695,250.13,7.641,Pitch
0.261,-0.154,0.96,80.618,250.13,28.389,Pitch
-0.038,-0.133,1.001,73.336,250.13,14.618,Pitch
-0.227,-0.024,0.82,31.542,250.13,-3.321,Pitch
-0.672,0.075,0.778,4.382,236.336,-34.748,Pitch
-0.641,0.078,0.599,-12.038,149.42,4.649,Pitch
-0.64,0.066,0.632,-23.084,84.84,-4.389,Pitch
-0.735,0.01,0.693,-20.916,10.099,-2.496,Pitch
-0.661,-0.003,0.838,-14.122,-40.534,2.061,Pitch
-0.69,-0.024,0.741,-17.885,-117.366,-3.305,Pitch
-0.623,0.09,0.584,-25.534,-250.137,-3.649,Pitch
-0.316,0.001,0.696,-20.16,-250.137,-18.527,Pitch
-0.116,-0.094,1.015,-8.008,-250.137,-31.748,Pitch
-0.056,0.135,0.923,-24.366,-250.137,-46.038,Pitch
0.16,-0.016,0.827,12.863,-250.137,-15.427,Pitch
0.514,-0.02,0.692,1.076,-250.137,-19.832,Pitch
0.798,-0.101,0.637,-29.863,-250.137,-9.817,Pitch
1.293,-0.177,0.664,-61.634,-250.137,-14.672,Pitch
1.416,-0.097,0.523,-33.611,-240.084,-0.435,Pitch
1.166,-0.088,0.435,-23.359,-153.702,11.275,Pitch
0.98,-0.007,0.403,-17.702,-71.496,-2.702,Pitch
1.08,-0.121,0.327,-28.351,-40.756,-8.076,Pitch
1.173,-0.084,0.29,-23.863,-33.321,-16.183,Pitch
1.134,-0.047,0.255,7.878,-20.519,-5.382,Pitch
1.075,-0.079,0.334,13.282,10.916,0.45,Pitch
1.055,-0.125,0.41,1.137,60.008,9.733,Pitch
1.06,-0.102,0.46,-5.763,140.534,25.092,Pitch
1.168,-0.166,0.577,21.87,250.13,38.84,Pitch
1.232,-0.158,0.681,14.122,250.13,42.282,Pitch
1.234,-0.123,0.696,-26.611,250.13,41.885,Pitch
0.933,-0.112,0.877,-74.748,250.13,60.679,Pitch
0.48,-0.154,0.854,-19.573,250.13,88.885,Pitch
0.267,-0.093,1.019,40.84,250.13,102,Pitch
-0.013,-0.031,0.772,26.374,250.13,84,Pitch
-0.534,0.062,0.756,13.557,250.13,86.153,Pitch
-0.703,-0.203,0.825,24.863,107.366,11.565,Pitch
-0.541,-0.013,0.684,25.939,46.771,13.13,Pitch
-0.54,0,0.622,19.664,24.679,6.321,Pitch
-0.555,-0.062,0.86,17.42,27.481,9.985,Pitch
-0.638,-0.02,0.795,16.702,5.58,7.977,Pitch
-0.654,-0.027,0.769,21.847,-40.908,3.496,Pitch
-0.611,-0.012,0.735,37.397,-122.695,-2.679,Pitch
-0.528,0.018,0.653,30.282,-250.137,-11.634,Pitch
-0.338,-0.038,0.696,17.137,-250.137,-54.969,Pitch
0.081,-0.069,1.028,7.481,-250.137,-67.137,Pitch
0.221,0.066,0.658,0.702,-250.137,-51.023,Pitch
0.494,0.049,0.471,14.076,-250.137,-69.122,Pitch
0.994,-0.152,0.649,-10.611,-250.137,-39.153,Pitch
1.337,-0.17,0.643,-33.267,-250.137,6.992,Pitch
1.561,-0.14,0.459,-48.275,-250.137,8.466,Pitch
1.2,-0.065,0.374,-21.176,-155.84,30.847,Pitch
1.03,0.048,0.242,-34.382,-91.237,-13.13,Pitch
1.093,-0.079,0.263,-26.42,-52.55,-14.214,Pitch
1.173,-0.079,0.292,-16.382,-15.595,-9.695,Pitch
1.13,-0.051,0.265,15.122,16.588,-4.473,Pitch
1.109,-0.051,0.341,25.13,72.496,-1.641,Pitch
1.176,-0.076,0.403,28.527,150.679,4,Pitch
1.298,-0.097,0.586,37.153,250.13,18.656,Pitch
1.354,-0.074,0.709,45.405,250.13,33.809,Pitch
1.155,-0.062,0.557,30.74,250.13,16.313,Pitch
0.802,-0.081,0.544,-43.634,250.13,16.916,Pitch
0.351,-0.069,0.788,-37.779,250.13,18.779,Pitch
0.243,-0.066,1.135,1.298,250.13,47.16,Pitch
-0.11,-0.041,0.943,-21.58,250.13,55.672,Pitch
-0.431,0.11,0.51,3.771,250.13,64.832,Pitch
-0.567,-0.036,0.947,48.336,114.435,5.916,Pitch
-0.552,-0.026,0.688,6.313,57.916,7.534,Pitch
-0.651,-0.036,0.786,36.153,20.847,-0.328,Pitch
-0.552,-0.013,0.775,39.084,-27.031,6.344,Pitch
-0.405,0.01,0.897,9.58,-43.473,5.885,Pitch
-0.374,-0.004,0.94,-6.771,-67.435,-10.42,Pitch
-0.471,-0.028,0.965,-18.221,-149.214,17.779,Pitch
-0.53,-0.019,0.768,-5.137,-250.137,28.092,Pitch
-0.349,-0.061,0.705,-39.107,-250.137,-24.817,Pitch
-0.288,-0.225,0.905,-48.893,-250.137,-70.076,Pitch
0.084,0.02,0.562,-13.336,-250.137,-79.565,Pitch
0.459,-0.024,0.507,-27.527,-250.137,-83.053,Pitch
0.953,-0.038,0.364,-47.55,-250.137,-67.611,Pitch
1.628,-0.08,0.532,-46.069,-250.137,-90.481,Pitch
1.712,-0.042,0.427,14.244,-250.137,-54.16,Pitch
1.433,-0.024,0.279,45.702,-165.802,21.679,Pitch
1.05,0.031,0.334,42.099,-79.748,32.779,Pitch
0.983,0.027,0.266,31.046,-44.466,14.802,Pitch
1.059,0.004,0.263,18.221,-35.58,-5.473,Pitch
1.144,-0.013,0.316,22.267,-3.664,-8.489,Pitch
1.12,-0.016,0.291,17.687,47.298,-13.954,Pitch
1.149,-0.042,0.34,18.252,121.313,-7.191,Pitch
1.235,-0.079,0.531,10.733,250.13,12.901,Pitch
1.377,-0.065,0.567,22.397,250.13,33.634,Pitch
1.194,-0.092,0.637,-42.427,250.13,16.992,Pitch
1.058,-0.004,0.602,-94.817,250.13,25,Pitch
0.637,-0.041,0.793,-57.244,250.13,55.725,Pitch
0.453,-0.141,1.172,-20.824,250.13,86.756,Pitch
0.177,0.008,0.821,-32.748,250.13,65.099,Pitch
-0.23,-0.144,0.921,0.542,250.13,58.015,Pitch
-0.621,-0.238,0.902,32.557,179.099,18.038,Pitch
-0.335,-0.073,0.677,50.137,72.908,24.931,Pitch
-0.332,0.015,0.779,30.725,66.573,14.252,Pitch
-0.47,-0.085,0.872,38.962,89.344,23.198,Pitch
-0.482,0.001,0.897,31.939,93.519,17.031,Pitch
-0.552,-0.047,0.813,23.206,45.244,11.038,Pitch
-0.636,0,0.938,-2.718,-6.092,1.145,Pitch
-0.606,-0.026,0.802,-17.29,-46.534,-3.458,Pitch
-0.697,-0.018,0.508,-20.26,-156.695,-50.74,Pitch
-0.672,0.029,0.56,-37.458,-250.137,-97.718,Pitch
-0.33,0.035,0.552,24.824,-250.137,-95.282,Pitch
0.092,-0.025,0.662,47.519,-250.137,-90.496,Pitch
0.412,0.086,0.438,61.908,-250.137,-105.771,Pitch
0.976,0.128,0.312,99.565,-250.137,-72.687,Pitch
1.465,0.006,0.44,106.282,-250.137,-12.313,Pitch
1.851,0,0.47,71.809,-250.137,35.679,Pitch
1.693,-0.077,0.538,73.237,-230.55,48.863,Pitch
1.155,0.034,0.297,46.649,-111.412,62.618,Pitch
0.886,0.048,0.303,-6.924,-61.45,8.931,Pitch
1.045,0.03,0.331,-31.603,-21.061,6.046,Pitch
1.17,-0.044,0.364,-49.038,51.237,-1.557,Pitch
1.115,-0.017,0.346,-49.511,129.985,-17.221,Pitch
1.115,0.073,0.411,-52.443,211.198,-29.603,Pitch
1.202,-0.067,0.342,-35.885,250.13,-23.878,Pitch
1.303,0.048,0.53,-15.672,250.13,-2.542,Pitch
1.385,-0.021,1.004,-30.542,250.13,27.771,Pitch
1.015,0.067,0.692,-69.878,250.13,57.664,Pitch
0.74,-0.015,0.802,-77.137,250.13,61.427,Pitch
0.345,-0.07,1.083,-41.229,250.13,113.42,Pitch
0.09,-0.054,0.792,-10.221,250.13,128.496,Pitch
-0.312,-0.133,0.81,6.198,250.13,110.779,Pitch
-0.421,-0.05,0.938,-20.771,239.458,52.26,Pitch
-0.539,-0.091,0.606,15.389,165.45,40.046,Pitch
-0.642,-0.043,0.575,34.282,85.901,19.473,Pitch
-0.686,-0.083,0.612,36.214,33.435,5.153,Pitch
-0.598,0.052,0.685,27.382,-11.84,-2.313,Pitch
-0.658,0.001,0.665,19.29,-83.389,-7.374,Pitch
-0.562,0.066,0.719,20.573,-212.115,3.924,Pitch
-0.442,-0.026,0.743,38.298,-250.137,25.099,Pitch
-0.375,-0.042,0.975,28.58,-250.137,16.58,Pitch
-0.043,0.022,0.837,33.183,-250.137,4.847,Pitch
-0.027,0.113,0.617,-19.038,-250.137,-16.443,Pitch
0.304,0.052,0.65,-20.695,-250.137,-4.481,Pitch
0.817,-0.135,0.602,-82.908,-250.137,18.634,Pitch
1.304,-0.113,0.634,-95.183,-250.137,-5.481,Pitch
1.292,-0.064,0.474,-58.847,-250.137,-17.389,Pitch
1.184,-0.111,0.36,-26.443,-192,0.305,Pitch
1.125,-0.121,0.352,-29.13,-96.16,-21.069,Pitch
1.166,-0.065,0.257,-24.137,-49.687,-9.504,Pitch
1.254,-0.082,0.317,-3.26,-27.031,-3.084,Pitch
1.091,-0.051,0.241,18.351,-21.733,-5.534,Pitch
1.092,-0.054,0.355,23.16,3.069,-6.504,Pitch
1.187,-0.089,0.432,14.092,53.374,-5.939,Pitch
1.176,-0.094,0.47,16.29,127.092,-6.344,Pitch
1.122,-0.129,0.534,17.763,227.191,-6.046,Pitch
1.224,-0.135,0.676,24.58,250.13,1.466,Pitch
1.165,-0.03,0.711,6.397,250.13,-2.511,Pitch
1.163,-0.192,1,-10.573,250.13,32.221,Pitch
0.823,-0.048,0.917,-2.389,250.13,36.412,Pitch
0.378,0.056,0.832,1.977,250.13,52.595,Pitch
0.053,0.036,0.771,2.641,250.13,69.687,Pitch
-0.167,0.04,0.759,-6.763,250.13,76.473,Pitch
-0.681,-0.21,0.796,9.053,230.626,27.282,Pitch
-0.533,-0.091,0.793,12.13,95.45,19.924,Pitch
-0.449,-0.034,0.807,-6.595,28.954,14.153,Pitch
-0.559,0.027,0.779,-8,22.191,15.328,Pitch
-0.567,0.009,0.825,14.855,25.641,10.29,Pitch
-0.491,-0.019,0.892,1.137,3.137,3.313,Pitch
-0.536,-0.007,0.843,-12.374,-9.969,0.496,Pitch
-0.553,0.018,0.818,-13.55,-32.473,-0.832,Pitch
-0.543,0.006,0.859,-3.664,-51,-2.718,Pitch
-0.527,-0.063,0.838,-5.542,-92.618,-5.519,Pitch
-0.531,-0.005,0.766,-15.557,-227.695,-38.069,Pitch
-0.279,-0.037,0.664,-23.885,-250.137,-84.519,Pitch
-0.175,0.069,0.567,-39.176,-250.137,-74.573,Pitch
0.501,-0.101,0.969,8.87,-250.137,-82.405,Pitch
0.707,-0.105,0.747,36.725,-250.137,-67.656,Pitch
0.76,0.183,0.304,23.107,-250.137,-78.809,Pitch
1.267,-0.115,0.309,25.824,-250.137,-28.573,Pitch
1.564,-0.111,0.328,26.832,-250.137,25.511,Pitch
1.77,-0.108,0.41,26.817,-186.13,43.771,Pitch
1.041,0.006,0.255,23.26,-103.565,-2.115,Pitch
0.939,-0.01,0.223,13.718,-58.313,-7.191,Pitch
1.104,-0.022,0.225,-6.115,-31.031,-6.13,Pitch
1.159,-0.055,0.192,-9.359,1.664,-0.718,Pitch
1.176,-0.027,0.299,-16.328,59.794,-9.901,Pitch
1.194,-0.034,0.311,-16.687,153.275,-9.977,Pitch
1.267,-0.063,0.381,-1.374,250.13,0.511,Pitch
1.349,-0.128,0.505,5.382,250.13,9.176,Pitch
1.203,-0.036,0.634,34.893,250.13,2.977,Pitch
1.073,-0.075,0.751,-2.893,250.13,-20.55,Pitch
0.647,-0.027,0.723,-24.145,250.13,-28.733,Pitch
0.281,0.105,0.835,34.687,250.13,4.183,Pitch
0.013,-0.01,0.925,21.893,250.13,23.87,Pitch
-0.358,0.082,0.867,-0.855,250.13,13.489,Pitch
-0.518,-0.096,0.943,-25.634,197.977,-41.313,Pitch
-0.577,-0.036,0.819,-27.397,117.511,10.725,Pitch
-0.463,0.048,0.729,-26.885,68.504,10.16,Pitch
-0.498,-0.016,0.814,-45.954,37.634,-3.55,Pitch
-0.548,-0.09,0.861,-50.42,-10.473,-12.641,Pitch
-0.527,-0.099,0.915,-29.336,-50.992,-18.344,Pitch
-0.489,-0.097,0.88,-19.29,-103.115,-8.275,Pitch
-0.512,-0.088,0.766,-8.702,-207.29,4.435,Pitch
-0.378,-0.036,0.747,44.656,-250.137,3.489,Pitch
-0.115,-0.049,1.036,49.687,-250.137,-29.542,Pitch
0.087,0.139,0.715,18.305,-250.137,-54.809,Pitch
0.212,0.096,0.432,28.679,-250.137,-71.145,Pitch
0.57,0.016,0.788,46.107,-250.137,-37.076,Pitch
0.929,0.031,0.347,19.748,-250.137,-24.817,Pitch
1.345,-0.077,0.475,-4.695,-250.137,-2.176,Pitch
1.729,-0.13,0.399,18.443,-214.985,4.931,Pitch
1.23,0.012,0.266,41.901,-124.756,17.084,Pitch
0.973,0.046,0.286,4.672,-56.901,-12.031,Pitch
1.089,-0.006,0.199,-16.74,-29.145,-1.725,Pitch
1.147,-0.022,0.243,-12.298,-19.534,13.618,Pitch
1.163,0.01,0.289,-3.901,4.107,12.092,Pitch
1.113,0.007,0.299,5.443,35.145,6.786,Pitch
1.112,-0.007,0.292,9.603,75.275,2.916,Pitch
1.208,-0.016,0.42,23.519,142.58,9.282,Pitch
1.405,-0.081,0.599,44.649,250.13,18.893,Pitch
1.494,0.019,0.632,42.618,250.13,11.305,Pitch
1.151,-0.147,0.708,9.626,250.13,-21.992,Pitch
0.911,0.014,0.65,-18.947,250.13,-4.649,Pitch
0.625,0.034,0.781,-37.282,250.13,12.45,Pitch
0.191,0.058,0.769,-42.817,250.13,36.656,Pitch
-0.161,-0.077,0.655,-30.664,250.13,59.771,Pitch
-0.392,0.188,0.389,-11.786,250.13,90.504,Pitch
-0.729,-0.12,0.745,-6.412,175.542,28.885,Pitch
-0.724,-0.074,0.786,25.206,73.351,25.672,Pitch
-0.702,0.031,0.61,48.046,-15.611,18.901,Pitch
-0.623,0.109,0.808,30.565,-19.023,12.198,Pitch
-0.665,0.04,0.781,32.931,-27.389,7.008,Pitch
-0.627,0.059,0.831,29.389,-64.802,-9.893,Pitch
-0.557,0.052,0.822,-2.756,-87.069,-12.748,Pitch
-0.56,0.021,0.859,-16.924,-80.718,-19.145,Pitch
-0.479,-0.054,0.831,-43.664,-129.473,-3.878,Pitch
-0.5,0.046,0.886,-39.183,-225.672,-31.092,Pitch
-0.534,0.101,0.783,-34.344,-250.137,-75.053,Pitch
-0.481,0.11,0.764,-40.122,-250.137,-121.527,Pitch
-0.15,0.037,0.589,-11.29,-250.137,-107.153,Pitch
0.238,-0.031,0.401,28.725,-250.137,-100.328,Pitch
0.751,-0.043,0.314,58.031,-250.137,-59.084,Pitch
1.341,-0.007,0.259,28.588,-250.137,-45.237,Pitch
2,-0.022,0.651,2.786,-250.137,-23.206,Pitch
1.399,-0.009,0.287,15.985,-238.099,-3.809,Pitch
1.212,-0.022,0.258,50.244,-160.466,23.878,Pitch
1.164,0.008,0.321,26.145,-61.87,6.626,Pitch
1.091,0.049,0.207,-14.481,-39.038,13.389,Pitch
1.204,0.038,0.255,-17.214,-32.618,9.679,Pitch
1.241,0.018,0.301,-18.305,23.053,-0.153,Pitch
1.274,0.008,0.298,-5.244,92.588,-4.557,Pitch
1.314,-0.032,0.38,10.435,203.786,6.954,Pitch
1.447,-0.043,0.503,35.786,250.13,29.626,Pitch
1.307,-0.053,0.645,30.374,250.13,52.069,Pitch
1.164,-0.028,0.689,-19.397,250.13,60.061,Pitch
1.027,0.137,0.692,-60.58,250.13,46.397,Pitch
0.532,-0.089,0.604,-15.458,250.13,80.099,Pitch
0.025,-0.06,0.846,22.618,250.13,101.382,Pitch
-0.342,0.063,0.558,52.878,250.13,90.786,Pitch
-0.935,-0.099,0.557,45.664,250.13,6.275,Pitch
-0.757,0.025,0.593,-7.229,155.45,0.473,Pitch
-0.775,0.009,0.615,23.412,77.481,5.679,Pitch
-0.709,0.048,0.647,19.427,52.084,19.252,Pitch
-0.773,0.029,0.677,-6.58,4.641,8.443,Pitch
-0.748,0.014,0.726,-11.687,-57.29,5.954,Pitch
-0.603,0.016,0.698,6.099,-145.267,21.71,Pitch
-0.635,-0.029,0.64,18.542,-250.137,34.489,Pitch
-0.383,0.003,0.718,0.885,-250.137,45.557,Pitch
-0.275,0.027,1.044,-18.885,-250.137,13.611,Pitch
-0.272,0.138,0.719,-87.198,-250.137,-36.878,Pitch
0.049,0.151,0.705,-103.481,-250.137,-54.099,Pitch
0.477,-0.054,0.523,-53.656,-250.137,-77.603,Pitch
0.805,-0.07,0.55,-6.817,-250.137,-43.992,Pitch
1.221,-0.137,0.491,-26.611,-250.137,-16.489,Pitch
1.489,-0.166,0.349,-24.641,-250.137,2.031,Pitch
1.331,-0.134,0.08,7.389,-218.595,-9.55,Pitch
1.253,-0.073,0.104,5.267,-131.046,1.023,Pitch
1.188,-0.07,0.08,-15.382,-71.366,7.298,Pitch
1.175,-0.069,0.036,-22.527,-64.336,4.641,Pitch
1.177,-0.091,0.113,1.191,-44.603,0.099,Pitch
1.143,-0.059,0.157,5.527,5.382,-3.16,Pitch
1.203,-0.107,0.202,-2.588,68.634,3.351,Pitch
1.174,-0.103,0.29,6.389,162.901,0.351,Pitch
1.265,-0.072,0.355,39.344,250.13,-2.305,Pitch
1.286,-0.074,0.4,55.069,250.13,-7.832,Pitch
1.354,-0.103,0.609,5.16,250.13,-22.649,Pitch
1.094,-0.13,0.756,-34.099,250.13,-23.519,Pitch
0.722,-0.078,0.591,-19.069,250.13,18.122,Pitch
0.308,-0.011,0.716,13.863,250.13,70.183,Pitch
0.042,0.034,0.722,13.45,250.13,74.519,Pitch
-0.346,0.031,0.753,-17.145,250.13,71.168,Pitch
-0.55,0.023,0.834,-23.252,250.13,15.137,Pitch
-0.489,-0.093,0.921,-43.382,190.038,30.924,Pitch
-0.691,-0.055,0.73,-15.328,88.29,23.389,Pitch
-0.706,0.014,0.686,16.496,10.237,6.832,Pitch
-0.686,0.026,0.682,14.565,-35,-6.099,Pitch
-0.627,-0.048,0.813,32.023,-78.542,-7.107,Pitch
-0.576,-0.043,0.879,58,-129.985,2.618,Pitch
-0.508,-0.001,0.739,72.756,-250.137,14.71,Pitch
-0.391,0.075,0.731,27.053,-250.137,4.397,Pitch
-0.184,0.058,0.743,-25.687,-250.137,-36.84,Pitch
0.095,0.127,0.684,-36.252,-250.137,-66.122,Pitch
0.173,0.034,0.443,-25.916,-250.137,-40.076,Pitch
0.74,-0.137,0.491,-27.389,-250.137,7.527,Pitch
1.29,-0.123,0.579,-68.336,-250.137,14.954,Pitch
1.659,-0.093,0.31,-55.061,-250.137,-17.382,Pitch
1.4,-0.029,0.163,13.947,-250.137,-9.916,Pitch
1.188,-0.03,0.174,26.809,-157.504,-10.702,Pitch
1.189,-0.002,0.155,6.412,-61.145,2.885,Pitch
1.166,-0.023,0.185,8.794,-14.954,6.153,Pitch
1.219,-0.019,0.201,24.42,24.405,-3.145,Pitch
1.153,-0.002,0.188,27.901,57.443,-16.16,Pitch
1.156,-0.054,0.26,5.481,91.985,-18.885,Pitch
1.288,-0.068,0.4,-9.947,175.427,-5.282,Pitch
1.357,-0.022,0.507,-3.702,250.13,6.641,Pitch
1.427,-0.043,0.512,18.702,250.13,22.221,Pitch
1.163,-0.14,0.682,-6.611,250.13,21.916,Pitch
0.924,0.054,0.578,-67.061,250.13,22.511,Pitch
0.43,0.024,0.573,-69.87,250.13,22.168,Pitch
-0.064,-0.07,0.846,6.374,250.13,63.969,Pitch
-0.254,-0.034,0.91,33.527,250.13,57.473,Pitch
-0.364,0.115,0.762,35.092,250.13,59.183,Pitch
-0.463,0.007,0.723,25.389,235.519,-5.763,Pitch
-0.504,-0.065,0.944,36.84,98.519,8.817,Pitch
-0.513,-0.045,0.992,52.137,25.672,24.229,Pitch
-0.468,0.036,0.916,45.962,4.168,24.427,Pitch
-0.516,0.052,0.828,23.725,-0.947,16.878,Pitch
-0.546,0.032,0.792,3.305,-32.992,9.977,Pitch
-0.583,0.054,0.765,10.458,-120.847,11.031,Pitch
-0.463,0.06,0.717,22.519,-250.137,14.115,Pitch
-0.194,0.022,0.784,18.443,-250.137,21.206,Pitch
0.069,0.007,1.136,31.748,-250.137,20.794,Pitch
-0.075,0.137,0.49,-21.328,-250.137,17.198,Pitch
0.183,0.08,0.442,-34.214,-250.137,0.168,Pitch
0.661,0.005,0.531,16.267,-250.137,24.084,Pitch
1.2,-0.061,0.491,-34.55,-250.137,47.023,Pitch
1.67,-0.185,0.424,-127.695,-250.137,44.427,Pitch
1.656,-0.116,0.292,-90.496,-248.26,41.802,Pitch
1.228,-0.067,0.119,-50.275,-113.267,3.954,Pitch
1.093,0.006,-0.026,-7.466,-36.779,-9.122,Pitch
1.111,0.007,0.038,6.252,-34.313,-12.962,Pitch
1.184,-0.045,0.148,7.748,-30.977,-3.153,Pitch
1.208,-0.039,0.185,21.015,20.603,-6.275,Pitch
1.185,-0.034,0.235,27.863,94.71,-16.008,Pitch
1.255,-0.024,0.36,27.779,212.771,-22.023,Pitch
1.325,-0.129,0.398,16.824,250.13,-15.634,Pitch
1.344,-0.079,0.614,16.084,250.13,-12.794,Pitch
1.327,0.006,0.695,-28.977,250.13,-20.176,Pitch
1.046,-0.033,0.706,-88.359,250.13,2.466,Pitch
0.393,-0.025,0.742,-46.45,250.13,42.786,Pitch
0.099,-0.024,1,20.115,250.13,63.511,Pitch
-0.108,0.038,0.844,41.87,250.13,61.466,Pitch
-0.519,-0.083,0.791,44.656,250.13,23.359,Pitch
-0.415,-0.044,0.693,18.221,152.206,7.504,Pitch
-0.431,0.023,0.767,12,113.763,7.962,Pitch
-0.526,0.004,0.896,21.115,73.534,18.489,Pitch
-0.525,0.039,0.816,21.519,22.435,23.412,Pitch
-0.528,0.013,0.8,6.84,-25.092,19.824,Pitch
-0.522,0.041,0.764,-10.237,-74.794,18.634,Pitch
-0.504,0.022,0.9,-0.977,-151.344,21,Pitch
-0.379,0.035,0.996,-23.809,-207.061,10.687,Pitch
-0.292,0.06,0.75,-55.939,-250.137,-22.626,Pitch
-0.214,0.023,0.732,-21.305,-250.137,-24.595,Pitch
0.12,0.005,0.644,11.855,-250.137,-52.985,Pitch
0.36,0.04,0.598,19.145,-250.137,-18.023,Pitch
0.926,0.054,0.481,67.336,-250.137,-14.649,Pitch
1.208,-0.001,0.457,48.282,-250.137,22.55,Pitch
1.272,-0.067,0.463,14.412,-250.137,34.244,Pitch
1.422,-0.054,0.291,-10.519,-209.458,40.603,Pitch
1.367,-0.046,0.246,-29.939,-81.58,20.786,Pitch
1.187,-0.011,0.256,-53.893,9.313,-15.992,Pitch
1.021,-0.029,0.151,-67.511,58.473,-26.947,Pitch
1.105,0.025,0.204,-52.977,86.305,-13.435,Pitch
1.188,0.011,0.369,-30.733,160,-1.374,Pitch
1.213,-0.028,0.51,-5.542,250.13,-11.74,Pitch
1.187,-0.113,0.5,1.947,250.13,-8.046,Pitch
1.176,-0.021,0.588,12.573,250.13,21.298,Pitch
1.147,-0.025,0.89,-7.649,250.13,38.458,Pitch
0.829,0.01,1.084,-16.626,250.13,9.588,Pitch
0.552,-0.074,0.998,13.962,250.13,-2.748,Pitch
0.283,-0.01,0.878,-16.649,250.13,11.603,Pitch
-0.159,-0.136,0.959,-23.45,250.13,20.053,Pitch
-0.267,-0.013,0.982,-11.863,239.847,17.153,Pitch
-0.45,-0.029,0.694,11.58,174.374,28.473,Pitch
-0.507,0.012,0.662,8.809,94.42,16.901,Pitch
-0.554,0.017,0.737,21.214,20.015,12.336,Pitch
-0.542,0.029,0.717,46.58,-79.847,16.046,Pitch
-0.465,0.101,0.554,96.015,-250.137,29.176,Pitch
-0.237,0.104,0.465,37.481,-250.137,12.939,Pitch
0.014,0.045,0.614,-47.725,-250.137,-13.794,Pitch
0.365,0.05,0.901,-62.427,-250.137,0.183,Pitch
0.296,0.056,0.526,-70.71,-250.137,-0.267,Pitch
0.879,-0.134,0.505,-26.046,-250.137,1.405,Pitch
1.442,-0.096,0.644,-4.046,-250.137,24.595,Pitch
1.475,-0.127,0.497,-55.382,-250.137,13.397,Pitch
1.284,-0.112,0.354,-50.198,-178.992,32.412,Pitch
1.001,0.011,0.254,-17.45,-127.107,26.611,Pitch
1.107,-0.092,0.305,-3.298,-77.092,9.901,Pitch
1.313,-0.071,0.288,7.458,-18.588,-7.26,Pitch
1.228,-0.085,0.213,12.679,25.298,-24.008,Pitch
1.148,-0.083,0.285,16.55,90.344,-31.282,Pitch
1.196,-0.073,0.388,15.771,164.817,-26.489,Pitch
1.312,-0.173,0.552,28.611,250.13,1.466,Pitch
1.441,-0.017,0.617,47.275,250.13,28.16,Pitch
1.082,-0.021,0.58,38.947,250.13,9.183,Pitch
0.848,-0.035,0.706,9.954,250.13,4.718,Pitch
0.599,-0.041,1.01,25.557,250.13,26.412,Pitch
0.309,0.003,0.948,60.863,250.13,30.885,Pitch
-0.042,0.043,0.761,58.206,250.13,26.473,Pitch
-0.407,0.015,0.738,37.954,250.13,9.122,Pitch
-0.33,-0.049,0.929,-16.244,136.588,-12.878,Pitch
-0.442,0.02,0.885,10.855,73.008,-2.542,Pitch
-0.465,0.059,0.817,16.397,30.298,7.504,Pitch
-0.494,0.08,0.753,12.328,-43.573,3.252,Pitch
-0.492,0.12,0.759,19.603,-111.069,1.931,Pitch
-0.387,0.098,0.748,5.244,-202.115,-3.313,Pitch
-0.205,0.033,0.601,-20.618,-250.137,-14.588,Pitch
0.179,-0.027,0.964,-42.084,-250.137,-17.55,Pitch
0.378,0.102,0.689,-73.947,-250.137,-16.168,Pitch
0.297,-0.039,0.599,-63.099,-250.137,-6.58,Pitch
0.815,-0.087,0.639,-10.397,-250.137,-0.183,Pitch
1.194,-0.184,0.295,-0.763,-250.137,35.359,Pitch
1.617,-0.11,0.21,-52.351,-250.137,41.229,Pitch
1.449,-0.125,0.108,-35.496,-191.641,43.565,Pitch
1.16,-0.043,0.131,-2.29,-121.389,-0.031,Pitch
1.209,-0.038,0.1,24.687,-28.595,-15.45,Pitch
1.132,-0.05,0.058,14.832,22.328,-22.45,Pitch
1.085,-0.094,0.063,-0.809,34.137,-18.718,Pitch
1.183,-0.069,0.159,-0.061,68.771,-20.344,Pitch
1.241,-0.052,0.281,7.634,179.145,-26.198,Pitch
1.395,-0.156,0.443,31.282,250.13,-11.534,Pitch
1.435,-0.092,0.42,54.176,250.13,2.557,Pitch
1.123,0.022,0.552,15.237,250.13,-19.481,Pitch
1.028,-0.057,0.606,-5.885,250.13,-25.191,Pitch
0.635,-0.055,1.022,-36.046,250.13,1.366,Pitch
0.213,-0.051,0.943,-24.366,250.13,24.802,Pitch
-0.028,0.091,0.815,10.687,250.13,50.718,Pitch
-0.234,-0.03,0.774,-13.275,250.13,51.672,Pitch
-0.455,-0.005,0.73,-42.794,211.336,11.611,Pitch
-0.501,-0.03,0.946,-12.565,131.534,35.466,Pitch
-0.448,-0.054,0.882,2.16,67.634,12.649,Pitch
-0.483,0.01,0.826,9.122,25.893,7.069,Pitch
-0.53,-0.001,0.831,21.519,-16.763,-2.885,Pitch
-0.53,0.006,0.773,40.366,-95.939,-12.908,Pitch
-0.517,0.067,0.636,35.763,-222.779,-9.244,Pitch
-0.296,0.011,0.61,1.45,-250.137,-25.168,Pitch
0.035,-0.045,0.891,-14.176,-250.137,-58.595,Pitch
0.223,-0.016,0.631,-23.969,-250.137,-45.191,Pitch
0.518,0.031,0.689,-36.252,-250.137,-33.374,Pitch
0.867,-0.116,0.494,-70.282,-250.137,-35.45,Pitch
1.438,-0.165,0.647,-42.023,-250.137,-28.221,Pitch
1.498,-0.059,0.454,20.847,-250.137,-25.817,Pitch
1.196,-0.061,0.319,40.939,-193.595,17.229,Pitch
0.978,0.051,0.248,7.527,-99.473,-6.679,Pitch
1.091,0.001,0.112,-11.344,-62.893,-8.069,Pitch
1.109,-0.054,0.115,-5.038,-34.191,-7.977,Pitch
1.177,-0.045,0.113,-1.107,-8.977,-6.74,Pitch
1.199,-0.022,0.041,-3.695,8.504,-0.389,Pitch
1.178,0.005,0.11,-10.206,37.626,9.687,Pitch
1.227,-0.035,0.284,4.267,115.244,18.962,Pitch
1.434,-0.094,0.396,40.603,250.13,18.527,Pitch
1.376,0.006,0.39,82.733,250.13,6.672,Pitch
1.23,0.129,0.821,47.771,250.13,-41.496,Pitch
0.749,-0.064,0.628,25.496,250.13,-18.183,Pitch
0.586,-0.01,0.714,16.405,250.13,-0.893,Pitch
0.312,-0.018,0.898,18.015,250.13,10.649,Pitch
-0.157,0.041,0.909,14.084,250.13,36.779,Pitch
-0.381,0.211,0.625,-25.603,250.13,28.611,Pitch
-0.735,0.143,0.77,-34.679,193.542,-32.412,Pitch
-0.608,0.035,0.836,-7.603,98.137,3.275,Pitch
-0.542,-0.006,0.851,18.916,32.679,10.038,Pitch
-0.521,0.066,0.781,18.901,-40.702,2.321,Pitch
-0.562,0.042,0.828,6.435,-38.115,5.725,Pitch
-0.582,0.013,0.834,-8.527,-49.389,5.924,Pitch
-0.585,0.026,0.781,-14.023,-125.244,25.458,Pitch
-0.458,0.075,0.794,-5.099,-250.137,16.939,Pitch
-0.241,0.025,0.759,-20.282,-250.137,-8.901,Pitch
0.018,0.053,0.72,-31.107,-250.137,-48.893,Pitch
0.313,0.017,0.788,-20.183,-250.137,-39.611,Pitch
0.364,0.013,0.715,21,-250.137,-1.008,Pitch
0.797,0.023,0.44,38.076,-250.137,31.679,Pitch
1.172,-0.131,0.285,-38.336,-250.137,44.901,Pitch
-0.098,-0.093,1.125,3.382,-5.588,0.885,Roll
-0.102,-0.118,1.116,3.115,-5.802,0.634,Roll
-0.092,-0.15,1.134,3.107,-6.046,3.504,Roll
-0.111,-0.168,1.14,4.802,-5.267,6.87,Roll
-0.086,-0.169,1.186,8.008,0.954,8.962,Roll
-0.069,-0.171,1.206,8.313,8.595,12.321,Roll
-0.091,-0.181,1.182,1.542,8.695,18.817,Roll
-0.122,-0.198,1.124,-1.221,7.275,23.756,Roll
-0.129,-0.215,1.1,-0.26,10.092,24.504,Roll
-0.117,-0.235,1.076,4.008,10.397,26.13,Roll
-0.02,-0.265,1.079,8.489,16.321,33.305,Roll
-0.025,-0.244,1.097,12.061,15.466,45.962,Roll
-0.096,-0.18,1.124,14.565,18.931,49.214,Roll
-0.117,-0.116,1.166,13.779,18.359,47.282,Roll
-0.152,-0.052,1.143,9.817,21.412,40.511,Roll
-0.14,-0.019,1.136,1.321,16.656,38.519,Roll
-0.135,0.004,1.087,-4.954,8.527,38.13,Roll
-0.104,0.026,1.066,0.328,8.779,34.679,Roll
-0.096,0.032,1.077,5.855,12.924,34.031,Roll
-0.103,0.063,1.085,7.916,12.519,32.137,Roll
-0.026,0.128,1.082,9.71,11.939,32.962,Roll
-0.073,0.056,1.044,0.916,11.061,35.885,Roll
-0.172,0.083,1.038,4.313,19.046,35.328,Roll
-0.207,0.101,1.013,13.183,29.992,27.26,Roll
-0.164,0.116,0.989,22.588,29.031,25.557,Roll
-0.417,0.695,1.216,6.672,20.588,29.206,Roll
-0.176,0.117,1.012,0.679,7.252,-9.725,Roll
-0.247,0.04,0.918,5.611,-0.687,-9.962,Roll
-0.192,-0.028,0.818,29.962,-21.046,-3.435,Roll
-0.399,0.101,0.973,16.496,-61.718,-5.985,Roll
-0.307,0.081,0.863,-2.794,-150.931,-3.366,Roll
-0.182,0.052,0.901,-32.122,-250.137,32.55,Roll
-0.397,0.17,0.668,4.55,-250.137,25.786,Roll
0.061,0.06,0.729,-16.382,-250.137,22.084,Roll
0.55,-0.082,0.637,-23.534,-250.137,7.244,Roll
0.867,-0.03,0.307,-4.008,-250.137,37.55,Roll
1.467,-0.012,0.239,27.168,-250.137,37.008,Roll
1.526,-0.05,0.126,83.84,-250.137,36.802,Roll
1.566,-0.003,0.278,11.046,-211.237,39.847,Roll
1.396,-0.073,0.231,-94.092,-99.916,24.542,Roll
1.057,-0.07,0.124,-86.947,11.351,-15.901,Roll
1.224,-0.042,0.159,-51.26,103.046,-36.679,Roll
1.255,-0.103,0.252,-39.267,222.351,-33.588,Roll
1.238,-0.095,0.348,-26.305,250.13,-19.13,Roll
1.498,0.001,0.396,-37.748,250.13,12.374,Roll
0.971,0.029,0.819,-82.863,250.13,37.626,Roll
0.94,-0.02,0.393,-83.908,250.13,96.977,Roll
0.37,-0.05,0.839,-16.473,250.13,146.977,Roll
-0.07,-0.177,0.912,78.992,250.13,134.534,Roll
-0.414,0.033,0.855,81.885,250.13,101.855,Roll
-0.619,-0.056,0.75,92.916,250.13,56.458,Roll
-0.703,-0.001,0.656,116.229,187.374,46.366,Roll
-0.74,0.059,0.781,82.481,72.229,14.008,Roll
-0.716,0.114,0.66,60.42,13.107,9.954,Roll
-0.719,0.157,0.836,19.015,-68.695,-2.282,Roll
-0.633,0.136,0.699,-23.595,-193.252,-19.313,Roll
-0.449,0.132,0.837,-55.008,-220.046,-35.023,Roll
-0.407,0.139,1.005,-128.832,-216.328,-57.107,Roll
-0.62,-0.061,0.744,-145.412,-250.137,-67.16,Roll
-0.323,0.011,0.538,-60.954,-250.137,-128.473,Roll
0.122,0.032,0.872,27.87,-250.137,-113.397,Roll
0.708,-0.073,0.958,123.176,-250.137,-100.168,Roll
0.85,-0.014,0.362,138.382,-250.137,-60.779,Roll
0.91,0.141,0.349,162.656,-250.137,-32.542,Roll
1.353,0.064,0.682,80.985,-250.137,61.191,Roll
1.293,0.02,0.407,-34.038,-250.137,96.588,Roll
1.408,0.017,0.152,-40.168,-131.649,56,Roll
1.105,-0.069,0.103,-3.779,36.847,17.557,Roll
0.884,-0.076,-0.019,-50.153,63.084,-8.595,Roll
0.947,-0.118,0.126,-101.504,40.29,-4.725,Roll
1.253,-0.071,0.156,-86.802,80.802,12.107,Roll
1.15,-0.07,0.267,-28.687,97.527,27.817,Roll
0.936,0.004,0.14,-4.466,54.015,12.023,Roll
0.925,-0.025,0.285,-2.122,48.947,-8.221,Roll
1.025,-0.036,0.406,-8.931,53.466,-5.229,Roll
0.956,-0.036,0.357,-4.855,45.87,-0.763,Roll
1.061,-0.033,0.252,7.023,4.664,11.053,Roll
0.971,-0.031,0.351,6.389,-22.382,17.504,Roll
0.971,-0.067,0.381,-4.405,0.397,16.359,Roll
1.245,-0.086,0.344,-21.878,194.748,37.511,Roll
0.963,-0.317,0.363,-60.649,250.13,75.473,Roll
0.722,-0.179,0.763,-13.931,250.13,29.313,Roll
0.911,-0.205,0.826,19.305,250.13,39.58,Roll
0.786,-0.117,0.735,19.901,250.13,93.618,Roll
0.353,-0.071,0.877,33.55,250.13,121.74,Roll
0.163,-0.167,0.931,86.42,250.13,100.557,Roll
-0.115,-0.033,0.954,105.733,250.13,38.58,Roll
-0.151,-0.111,1.122,85.962,190.053,-4.427,Roll
-0.089,-0.052,1.059,39.794,147.687,10.786,Roll
-0.277,-0.024,1.125,29.435,123.702,5.71,Roll
-0.186,0.053,1.031,11.695,179.412,16.45,Roll
-0.315,-0.004,0.913,-20.145,182.626,10.824,Roll
-0.441,-0.009,1.025,-35.427,82,4.855,Roll
-0.463,-0.028,1.013,-27.901,42.084,9.137,Roll
-0.411,-0.042,0.924,-19.015,58.496,14.191,Roll
-0.461,-0.07,0.969,-5.824,58.298,7.221,Roll
-0.483,-0.062,1.031,12.626,35.267,3.763,Roll
-0.507,-0.046,0.96,13.45,13.374,1.863,Roll
-0.478,-0.033,0.938,14.038,-12.282,-4.252,Roll
-0.479,-0.051,0.998,8.122,-27.863,-9.191,Roll
-0.482,-0.052,0.978,4.015,-53.237,-16.046,Roll
-0.439,-0.006,0.966,7.26,-28.115,-7.344,Roll
-0.434,-0.044,0.979,4.382,-15.71,-3.191,Roll
-0.488,-0.041,0.986,-3.802,-70.328,-16.443,Roll
-0.537,-0.073,0.96,-16.389,-200.481,-25.359,Roll
-0.368,-0.094,0.967,12.832,-250.137,-38.321,Roll
0.125,0.037,0.95,0.275,-250.137,-27.626,Roll
0.287,-0.024,1.023,-20.443,-250.137,-41.992,Roll
0.473,-0.067,0.956,-36.313,-250.137,-33.641,Roll
0.424,-0.083,0.925,-40.313,-250.137,-45.176,Roll
0.594,-0.072,0.958,-23.565,-250.137,-46.962,Roll
0.763,-0.135,0.952,-15.13,-193.527,-14.664,Roll
0.832,-0.095,0.851,-19.076,-112.992,-5.496,Roll
0.754,-0.051,0.727,-5.336,-58.137,-8.389,Roll
0.779,-0.058,0.731,2.214,-26.359,-14.153,Roll
0.807,-0.092,0.793,4.305,-18.84,-6.489,Roll
0.805,-0.1,0.784,8.382,-8.275,2.824,Roll
0.865,-0.125,0.73,8.153,0.87,6.641,Roll
0.844,-0.1,0.738,4.519,10.687,3.985,Roll
0.793,-0.1,0.775,4.985,20.786,5,Roll
0.783,-0.09,0.795,12.412,58.42,6.137,Roll
0.716,-0.071,0.811,18.779,66.252,3.282,Roll
0.705,-0.051,0.847,19.466,89.16,5.412,Roll
0.612,-0.03,0.827,22.58,104.374,-12.023,Roll
0.563,-0.035,0.845,22.588,111.336,-44.481,Roll
0.57,0.018,0.95,21.504,134.313,-88.931,Roll
0.555,0.061,1.05,15.763,139.443,-140.557,Roll
0.557,0.086,1.086,7.206,134.466,-208.183,Roll
0.534,0.128,1.069,13.206,140.092,-250.137,Roll
0.728,0.229,0.859,31.145,111.458,-250.137,Roll
0.624,0.379,0.876,36.427,-0.061,-250.137,Roll
0.84,0.418,1.252,-12.145,-54.87,-250.137,Roll
0.456,0.303,0.885,-85.321,53,-250.137,Roll
-0.068,0.011,1.131,-142.618,-1.122,-250.137,Roll
-0.065,-0.223,1.079,-82.603,-19.069,-149.168,Roll
-0.21,-0.243,1.019,-70.092,1.046,-67.382,Roll
-0.119,0.021,1.174,-56.534,-23.435,-12.015,Roll
0.159,0.004,1.165,-35.725,7.542,61.672,Roll
0.042,0.025,0.966,-51.122,48.855,120.237,Roll
0.248,0.18,1.004,1.008,56.573,118.771,Roll
0.25,0.214,1.083,28.84,44.038,96.595,Roll
0.196,0.254,1.132,20.725,20.573,83.427,Roll
0.075,0.122,1.074,6.13,-0.313,68.397,Roll
0.079,0.13,1.081,5.511,4.443,62.702,Roll
0.074,0.103,1.053,-4.565,9.008,59.847,Roll
0.047,0.188,1.031,-24.824,12.427,44.924,Roll
0.001,0.136,1.038,-18.519,0.931,29.87,Roll
0.038,0.157,1.095,-1.237,-3.618,17.359,Roll
0.008,0.143,1.092,9.16,-13.008,6.725,Roll
0.069,0.14,1.118,16.076,-15.153,3.878,Roll
0.091,0.124,1.141,6.863,-0.473,-0.008,Roll
0.099,0.125,1.128,2.595,3.397,-6.344,Roll
0.089,0.128,1.168,-9.466,-3.725,-4.015,Roll
0.059,0.114,1.124,-20.763,-5.573,1.229,Roll
0.048,0.097,1.11,-20.489,-6.344,5.298,Roll
0.06,0.093,1.105,-18.542,-5.603,11.015,Roll
0.086,0.096,1.107,-12.275,-3.939,12.466,Roll
0.099,0.077,1.093,-2.038,-1.107,17.756,Roll
0.081,0.097,1.112,6.206,-0.634,33.595,Roll
0.067,0.064,1.077,6.573,-0.153,52.122,Roll
0.044,0.119,1.081,9.786,-2.359,69.878,Roll
0.036,0.078,1.088,12.534,-10.229,79.313,Roll
0.136,0.104,1.117,12.725,-19.191,113.321,Roll
0.065,0.04,1.175,3.504,-31,149.359,Roll
0.029,-0.004,1.016,1.695,-42.878,185.763,Roll
0.166,0.129,1.152,6.573,-23.756,218.855,Roll
0.206,0.104,1.132,-9.55,-33.542,250.13,Roll
0.344,0.05,1.403,-23.084,-72.771,250.13,Roll
0.439,0.051,1.048,-28.992,-93.672,250.13,Roll
0.463,-0.01,0.885,1.809,-71.214,250.13,Roll
0.605,-0.138,0.864,89.763,11.969,250.13,Roll
0.273,0.131,1.72,150.656,119.427,250.13,Roll
-0.291,0.212,1.558,94.382,21.183,183.008,Roll
0.026,-0.104,1.049,49.26,17.718,27.435,Roll
-0.093,0.086,1.204,-5.916,155.153,-86.931,Roll
0.278,0.144,1.208,8.046,207.954,-135.26,Roll
0.302,-0.01,0.978,66.237,235.931,-154.16,Roll
-0.031,-0.02,1.106,45.069,182.351,-137.794,Roll
-0.054,0,1.088,2.534,210.55,-147.504,Roll
-0.115,0.048,0.585,40.366,219.595,-117.779,Roll
-0.536,0.004,0.797,31.221,151.611,-99.008,Roll
-0.532,-0.099,0.91,-8.542,72.115,-88.382,Roll
-0.792,0.004,0.818,-16.618,-66.42,-52.42,Roll
-0.656,-0.102,0.748,-18.664,-250.137,-52.985,Roll
-0.533,-0.105,0.811,58.924,-250.137,-28.176,Roll
-0.179,-0.008,0.827,48.115,-250.137,28.427,Roll
-0.081,-0.092,0.71,49.321,-250.137,86.824,Roll
0.284,-0.019,0.547,52.931,-250.137,69.282,Roll
0.625,-0.094,0.744,79.473,-250.137,38.779,Roll
1.421,-0.146,0.763,-30.298,-250.137,25.267,Roll
1.677,-0.046,0.284,-97.389,-250.137,-32.221,Roll
1.169,0,0.228,-102.107,-206.588,-8.885,Roll
1.127,0.043,0.085,-94.916,-141.153,-14.863,Roll
1.213,0.03,0.03,-73.443,-75.473,-27.45,Roll
1.432,0.054,0.13,-41.443,25.16,-13.634,Roll
1.362,-0.004,0.286,-4.962,188.733,2.145,Roll
1.421,-0.099,0.269,39.718,250.13,26.466,Roll
1.289,-0.13,0.304,63.382,250.13,79.893,Roll
0.873,0.052,0.439,27.954,250.13,97.099,Roll
0.584,0.004,0.784,-50.634,250.13,34.656,Roll
0.215,-0.044,0.943,-45.58,250.13,36.466,Roll
0.183,-0.1,0.998,50.382,250.13,72.069,Roll
-0.105,-0.061,0.81,39.412,250.13,95.947,Roll
-0.528,0.029,0.749,59.656,250.13,50.359,Roll
-0.469,0.094,0.793,68.473,250.13,40.87,Roll
-0.795,0.005,0.823,33.198,157.916,13.076,Roll
-0.575,0.109,0.734,39.962,84.305,15.458,Roll
-0.667,0.042,0.649,21.084,48.817,4.565,Roll
-0.681,0.066,0.647,-2.656,8.618,-1.282,Roll
-0.695,0.021,0.735,-10.809,-61.122,-13.45,Roll
-0.686,-0.024,0.915,-20.595,-162.053,-17.26,Roll
-0.564,-0.017,0.95,-27.679,-241.702,-24.847,Roll
-0.369,-0.041,0.875,-44.336,-250.137,-27.282,Roll
-0.155,-0.392,1.237,3.618,-250.137,-36.069,Roll
-0.235,0.167,1.149,10.13,-250.137,-34.656,Roll
0.313,0.14,1.016,27.237,-250.137,-12.084,Roll
0.754,-0.13,0.649,44.626,-250.137,29.733,Roll
0.606,-0.161,0.746,7.137,-250.137,35.198,Roll
0.743,-0.033,0.667,-17.267,-250.137,31.137,Roll
1.207,-0.017,0.688,-36.473,-250.137,14.099,Roll
1.266,-0.1,0.618,-44.985,-130.061,-24.038,Roll
1.028,-0.077,0.423,-34.321,-69.863,-6.626,Roll
0.944,-0.083,0.381,-29.931,-48.954,4.947,Roll
1.048,-0.06,0.414,-32.076,-37.702,11.42,Roll
1.066,-0.078,0.439,-24.573,-7.344,13.153,Roll
1.058,-0.041,0.447,-14.565,42.374,7.672,Roll
1.13,-0.075,0.494,2.389,126.031,10.244,Roll
0.953,-0.156,0.359,27.313,156.168,3.985,Roll
0.863,-0.112,0.376,27.802,55.809,3.672,Roll
0.97,-0.167,0.537,3.901,59.656,10.702,Roll
1.243,-0.214,0.642,-3.198,225.687,31.779,Roll
1.112,-0.074,0.772,-10.153,250.13,72.336,Roll
0.446,-0.211,0.775,69.992,250.13,88.756,Roll
0.265,0.084,0.721,96.611,250.13,93.069,Roll
-0.062,-0.013,0.828,70.763,250.13,46.328,Roll
-0.25,-0.212,1.152,56.611,250.13,13.122,Roll
-0.612,-0.11,1.146,29.855,243.26,-21.763,Roll
-0.466,0.042,0.956,10.168,84.595,-4.885,Roll
-0.459,0.006,0.87,14.13,20.053,-7.237,Roll
-0.427,0.003,0.946,13.557,6.435,-4.878,Roll
-0.417,0.01,1.023,13.527,3.053,-5.847,Roll
-0.435,-0.006,1.036,9.336,-22.015,-6.382,Roll
-0.377,0.024,1.01,-6.015,-23.008,-6.977,Roll
-0.376,-0.012,0.992,-6.573,-6.084,-6.053,Roll
-0.421,-0.039,1.047,-0.931,6.008,-3.931,Roll
-0.404,-0.025,1.021,0.878,-0.573,-4.802,Roll
-0.423,-0.024,1.011,0.939,-17.763,-7.947,Roll
-0.399,-0.033,1.067,2.023,-9.656,-4.885,Roll
-0.396,-0.022,1.043,3.885,-1.069,-1.954,Roll
-0.341,-0.02,0.994,4.473,1.603,-0.954,Roll
-0.37,-0.031,1.034,1.55,21.542,1.107,Roll
-0.393,-0.048,1.023,-1.405,3.344,0.603,Roll
-0.389,-0.05,1.029,-4.802,-10.496,-2.275,Roll
-0.422,-0.049,1.001,-1.992,-14.84,0.473,Roll
-0.441,-0.046,0.992,-1.939,-37.122,2.649,Roll
-0.409,-0.039,0.948,-13.336,-101.359,5.031,Roll
-0.333,-0.049,1.054,-28.641,-172.313,-2.137,Roll
-0.279,-0.057,0.987,-34.427,-250.137,16.931,Roll
-0.122,-0.153,1.058,-45.55,-250.137,2.985,Roll
0.078,-0.037,0.84,-46.427,-250.137,-43.939,Roll
0.363,-0.1,0.832,-34.198,-250.137,-58.42,Roll
0.51,-0.04,0.624,-15.611,-250.137,-72.397,Roll
0.842,-0.034,0.762,-17.252,-250.137,-42.191,Roll
0.937,-0.074,0.629,-24.015,-250.137,-7.985,Roll
1,-0.148,0.521,2.718,-250.137,1.267,Roll
1.123,-0.051,0.426,-15.748,-138.382,-26.023,Roll
1.106,-0.144,0.334,-18.382,-43.595,-23.237,Roll
1.123,-0.094,0.346,-28.031,10.924,-14.939,Roll
1.158,-0.086,0.371,-21.511,44.267,-12.626,Roll
1.089,-0.114,0.267,-19,59.13,-2.046,Roll
1.046,-0.116,0.333,-12.282,44.237,4.366,Roll
0.957,-0.104,0.411,-6.748,37.847,3.282,Roll
0.921,-0.077,0.464,-4.603,35.916,-1.153,Roll
0.903,-0.109,0.374,-4.885,8.931,-5.137,Roll
0.95,-0.088,0.432,2.672,-8.573,-4.176,Roll
0.95,-0.087,0.469,6.74,-0.649,-2.534,Roll
0.95,-0.083,0.451,6.794,15.473,-2.656,Roll
0.93,-0.077,0.391,6.191,12.672,-2.55,Roll
0.941,-0.073,0.436,2.198,0.916,-1.305,Roll
0.938,-0.083,0.46,-0.947,-3.504,-1,Roll
0.967,-0.082,0.475,1.679,6.656,-1.405,Roll
0.987,-0.068,0.453,-0.046,18.198,-0.985,Roll
0.988,-0.079,0.432,-2.45,23.969,0.313,Roll
0.962,-0.083,0.462,4.519,16.84,1.466,Roll
0.939,-0.084,0.489,5.595,16.794,2.771,Roll
0.91,-0.082,0.476,1.336,17.626,4.374,Roll
0.879,-0.087,0.474,1.809,13.573,4.504,Roll
0.884,-0.083,0.495,2.374,6.695,3.26,Roll
0.897,-0.076,0.511,6.435,6.969,1.786,Roll
0.889,-0.07,0.486,6.275,9.214,1.542,Roll
0.895,-0.07,0.482,3.542,11.069,3.855,Roll
0.895,-0.068,0.497,3.229,7.786,4.534,Roll
0.894,-0.075,0.532,4.458,7.244,3.771,Roll
0.894,-0.073,0.53,3.55,9.069,2.389,Roll
0.905,-0.066,0.539,1.901,15.954,-4.069,Roll
0.892,-0.044,0.554,-2.679,29.076,-15.344,Roll
0.887,-0.09,0.54,-5.901,31.038,-21.595,Roll
0.913,-0.096,0.546,-0.527,15.405,-13.389,Roll
0.923,-0.083,0.55,2.885,5.947,-4.344,Roll
0.935,-0.066,0.573,6.649,12.443,1.527,Roll
0.912,-0.077,0.589,10.107,32.176,3.542,Roll
0.873,-0.069,0.596,13.351,44.29,4.198,Roll
0.849,-0.085,0.604,12.809,38.893,0.244,Roll
0.842,-0.075,0.641,10.74,37.687,-3.611,Roll
0.853,-0.06,0.646,9.466,41.595,-9.534,Roll
0.836,-0.046,0.669,4.908,41.252,-15.237,Roll
0.837,-0.062,0.639,1.321,29.405,-12.496,Roll
0.835,-0.051,0.673,2.611,20.71,-6.031,Roll
0.843,-0.042,0.709,3.855,31.695,-0.252,Roll
0.785,-0.047,0.722,3.87,39.595,4.924,Roll
0.748,-0.032,0.717,1.053,35.756,2.221,Roll
0.739,-0.047,0.728,-3.122,31.832,-7,Roll
0.767,-0.069,0.751,0.382,27.191,-5.679,Roll
0.779,-0.065,0.754,0.786,35.504,0.221,Roll
0.753,-0.072,0.751,4.542,32.275,7.053,Roll
0.723,-0.059,0.784,10.145,27.725,13.069,Roll
0.718,-0.063,0.776,9.053,16.305,9.901,Roll
0.747,-0.084,0.794,8.71,13.115,5.366,Roll
0.81,-0.033,0.783,9.084,22.466,1.214,Roll
0.727,-0.053,0.784,10.382,12.817,-1.168,Roll
0.713,-0.042,0.811,8.58,13.802,-1.435,Roll
0.746,-0.045,0.822,11.786,31.695,1.893,Roll
0.695,-0.026,0.81,10.084,40.718,6.557,Roll
0.67,-0.014,0.81,10.977,27.573,5.756,Roll
0.662,-0.039,0.829,10.427,14.954,1.87,Roll
0.682,-0.017,0.882,11.618,40.527,0.099,Roll
0.635,-0.006,0.862,12.519,40.656,-1.595,Roll
0.625,-0.025,0.89,11.702,38.763,-2.519,Roll
0.545,0.038,0.927,2.344,20.015,-4.656,Roll
0.738,0,0.961,-2.176,22.725,-6.534,Roll
0.632,0.056,0.738,-35.366,25.176,-17.649,Roll
0.562,-0.03,1.082,-55.221,58.344,-31.115,Roll
0.544,-0.042,0.946,-101.221,81.427,-43.58,Roll
0.596,-0.103,0.925,-160.901,59.252,-50.496,Roll
0.691,-0.102,0.909,-229.107,13.786,-24.969,Roll
0.447,-0.026,0.956,-250.137,32.603,-8.069,Roll
0.526,-0.128,0.798,-250.137,73.695,50.565,Roll
0.635,-0.432,0.899,-250.137,64.74,95.718,Roll
0.317,-0.828,0.896,-250.137,20.916,85.336,Roll
0.378,-0.807,0.537,-250.137,-19.634,89.466,Roll
0.32,-0.747,0.365,-250.137,-19.58,99.29,Roll
0.395,-0.764,0.222,-250.137,33.542,112.641,Roll
0.168,-0.977,0.207,-250.137,37.901,124.107,Roll
0.277,-1.213,0.075,-174,15.443,70.443,Roll
-0.086,-1.284,0.057,-28.924,23.58,40.634,Roll
0.064,-1.049,-0.105,100.122,6.656,12.45,Roll
0.094,-1.091,-0.033,200.137,-13.954,-22.931,Roll
0.049,-1.226,0.042,250.13,-23.649,-51.344,Roll
0.079,-0.806,0.638,250.13,-11.702,-46.031,Roll
0.241,-0.451,0.286,250.13,33.847,-26.557,Roll
0.308,-0.494,0.489,250.13,93.565,-8.969,Roll
0.201,-0.559,0.668,250.13,117.763,11.153,Roll
0.165,-0.414,0.882,250.13,104.221,20.397,Roll
0.214,-0.066,0.484,250.13,-14.29,39.214,Roll
0.23,0.213,0.833,250.13,-116.718,14.855,Roll
0.387,0.449,1.166,250.13,-64.466,17.046,Roll
0.252,0.507,0.917,229.534,-1.084,4.863,Roll
0.047,0.58,0.86,149.168,39.168,-2.176,Roll
0.126,0.81,1.14,72.611,16.962,-6.008,Roll
0.086,0.911,0.852,1.725,-3.031,-6.45,Roll
0.302,0.875,0.872,11.756,-8.603,-17.336,Roll
0.303,0.595,0.794,74.45,22.809,-31.084,Roll
0.168,0.717,0.872,145.511,10.061,-20.137,Roll
0.106,0.562,0.788,131.16,14.603,-21.672,Roll
0.156,0.734,0.901,104.817,27.817,-6.298,Roll
-0.023,0.906,1.135,-8.221,20.71,12.748,Roll
0.116,0.811,1.017,-127.969,21.687,11.817,Roll
0.095,0.739,0.977,-235.031,46.176,16.015,Roll
0.12,0.577,0.981,-250.137,98.992,7.115,Roll
0.323,0.297,0.908,-250.137,127.351,1.779,Roll
0.262,0.329,0.828,-250.137,117.969,-7.168,Roll
0.082,0.018,0.655,-250.137,70.733,22.168,Roll
-0.065,-0.221,0.671,-250.137,12.229,45.336,Roll
-0.018,-0.52,0.56,-250.137,-4.115,24.527,Roll
-0.163,-0.831,0.776,-250.137,20.076,28.725,Roll
-0.288,-1.337,0.436,-250.137,45.45,15.58,Roll
-0.212,-1.43,0.414,-178.099,-1.519,12.069,Roll
-0.177,-1.13,0.363,-77.443,2.023,21.924,Roll
-0.177,-0.942,0.2,-12.115,17.71,31.107,Roll
-0.211,-0.96,0.127,49.435,6.481,13.931,Roll
-0.232,-1.097,0.2,124.794,-32.405,-21.573,Roll
-0.2,-0.954,0.287,198.618,-50.687,-51.137,Roll
-0.123,-0.875,0.427,250.13,-52.42,-72.153,Roll
-0.027,-0.814,0.536,250.13,-59.122,-84.763,Roll
0.051,-0.663,0.656,250.13,-69.031,-76.702,Roll
0,-0.291,0.908,250.13,-55.718,-68.588,Roll
0.148,-0.289,0.836,250.13,-39.359,-79.427,Roll
0.298,-0.194,0.871,250.13,-31.756,-67.58,Roll
0.156,-0.06,0.851,250.13,4.321,-69.076,Roll
0.179,0.312,0.755,250.13,23.191,-65.092,Roll
0.091,0.672,0.815,250.13,51.29,-43.313,Roll
0.094,0.978,0.635,250.13,-15.565,3.221,Roll
-0.086,1,0.504,250.13,-40.351,25.527,Roll
-0.089,1.42,0.282,237.527,-0.061,24.481,Roll
0.029,1.348,0.451,135.748,-11.229,27.916,Roll
-0.017,1.212,0.337,22.046,-20.908,25.244,Roll
0.009,1.169,0.349,-90.565,-13.183,28.061,Roll
0.035,1.137,0.436,-204.046,-10.634,24.298,Roll
0.156,1.05,0.494,-250.137,-4.115,22.664,Roll
0.284,0.829,0.521,-250.137,14.13,9.443,Roll
0.377,0.738,0.626,-250.137,46.153,9.687,Roll
0.203,0.718,0.723,-250.137,64.985,27.618,Roll
0.15,0.577,0.841,-250.137,68.74,44.435,Roll
0.148,0.351,1.065,-250.137,7.71,57.634,Roll
0.227,0.1,0.956,-250.137,-23.817,73.13,Roll
0.262,-0.075,0.803,-250.137,-12.351,74.137,Roll
0.102,-0.204,0.818,-250.137,9.908,53.214,Roll
0.032,-0.496,0.845,-250.137,-1.496,45.458,Roll
0,-0.713,0.885,-250.137,-18.855,41.626,Roll
-0.003,-0.924,0.816,-237.084,-10.779,35.687,Roll
-0.001,-0.995,0.729,-172.985,-5.038,16.954,Roll
-0.055,-1.017,0.652,-95.168,3.947,5.748,Roll
-0.099,-1.033,0.623,-6.122,-5.71,-15.87,Roll
-0.098,-0.934,0.644,89.977,-22.573,-35.405,Roll
0.022,-0.902,0.619,186.076,-28.679,-57.74,Roll
0.25,-0.787,0.693,250.13,-23.977,-53.168,Roll
0.224,-0.639,0.774,250.13,-23.672,-58.527,Roll
0.207,-0.473,0.773,250.13,-23.015,-73.573,Roll
0.313,-0.405,0.832,250.13,13.809,-71.916,Roll
0.227,-0.234,0.885,250.13,22.031,-84.649,Roll
0.272,-0.037,0.928,250.13,10.282,-86.336,Roll
0.264,0.17,0.969,250.13,0.137,-70.481,Roll
0.122,0.408,1.035,250.13,-22.344,-69.534,Roll
0.111,0.705,0.76,250.13,-22.466,-68.137,Roll
0.156,0.794,0.695,250.13,-29.87,-41.954,Roll
0.082,1.037,0.578,250.13,-39.206,-7.977,Roll
0.019,0.994,0.487,168.626,-36.084,23.412,Roll
0.042,1.047,0.42,75.168,-41.099,30.626,Roll
0.088,1.088,0.593,-27.252,-27.038,24.122,Roll
0,1.107,0.588,-149.977,-27.74,23.092,Roll
0.126,0.96,0.654,-250.137,-35.565,35.817,Roll
0.391,0.746,0.74,-250.137,-19.115,42.366,Roll
0.543,0.677,0.678,-250.137,3.618,45.573,Roll
0.523,0.537,0.852,-250.137,70.16,49.893,Roll
0.317,0.406,0.864,-250.137,62.496,75.13,Roll
0.166,0.118,0.952,-250.137,23.595,90.939,Roll
0.184,-0.088,0.899,-250.137,-12.992,81.679,Roll
0.391,-0.308,0.965,-250.137,-32.099,82.687,Roll
0.334,-0.521,0.909,-250.137,-3.664,93.267,Roll
0.102,-0.669,0.814,-250.137,18.084,100.641,Roll
-0.05,-0.823,0.736,-250.137,-4.282,82.824,Roll
-0.019,-0.998,0.607,-222.595,-24.366,45.489,Roll
0.013,-1.092,0.549,-140.824,-32.252,15.878,Roll
-0.027,-1.023,0.495,-63.252,-40,-10.008,Roll
0.026,-0.998,0.48,19.084,-36.71,-22.969,Roll
0.065,-0.961,0.494,98.779,-28.435,-44,Roll
0.075,-0.905,0.528,176.824,-26.496,-70.603,Roll
0.112,-0.862,0.627,250.13,-14.008,-76.099,Roll
0.235,-0.678,0.723,250.13,4.412,-65.466,Roll
0.218,-0.622,0.763,250.13,4.45,-59.107,Roll
0.247,-0.442,0.725,250.13,3.481,-63.931,Roll
0.351,-0.251,0.714,250.13,-7.458,-69.786,Roll
0.458,-0.24,0.859,250.13,12.802,-63.153,Roll
0.493,-0.007,0.93,250.13,3.336,-67.046,Roll
0.365,0.272,0.854,250.13,-9.42,-43.649,Roll
0.177,0.546,0.842,250.13,-42,-28.832,Roll
0.199,0.872,0.732,250.13,-40.084,-30.061,Roll
0.238,1.012,0.722,250.13,-31.977,-18.504,Roll
0.171,1.118,0.613,178.504,-35.504,-6.794,Roll
0.155,1.127,0.578,87.351,-15.214,-12.458,Roll
0.25,1.071,0.477,11.198,-4.466,-15.008,Roll
0.27,0.963,0.464,-51.924,-8.061,-9.473,Roll
0.251,0.972,0.534,-122.351,-0.092,-7.092,Roll
0.203,0.94,0.572,-200.58,6,-12.107,Roll
0.262,0.84,0.639,-250.137,7.702,-10.542,Roll
0.368,0.759,0.637,-250.137,13.626,26.954,Roll
0.355,0.724,0.832,-250.137,22.756,59.023,Roll
0.365,0.474,1.018,-250.137,46.221,69.435,Roll
0.357,0.324,0.943,-250.137,40.71,70.214,Roll
0.415,0.139,0.977,-250.137,44.985,80.237,Roll
0.133,-0.07,0.713,-250.137,49.443,61.763,Roll
0.221,-0.225,0.915,-250.137,28.809,43.061,Roll
0.155,-0.501,0.895,-250.137,3.053,32.084,Roll
0.055,-0.707,0.963,-250.137,-23.031,30.13,Roll
0.126,-0.789,0.874,-184.496,-9.687,42.733,Roll
0.176,-0.849,0.782,-122.168,-3.198,45.443,Roll
0.156,-0.911,0.746,-68.611,-2.695,43.336,Roll
0.098,-0.84,0.694,-13.183,-7.496,29.756,Roll
0.07,-0.829,0.708,36.427,-14.832,21.252,Roll
0.08,-0.793,0.695,85.634,-17.977,8.183,Roll
0.129,-0.711,0.759,141.962,-33.275,-8.947,Roll
0.026,-0.692,0.842,202.397,-16.389,-30.748,Roll
0.073,-0.692,0.846,250.13,-15.427,-56.573,Roll
0.243,-0.488,0.884,250.13,-18.053,-82.679,Roll
0.211,-0.432,0.962,250.13,-19.649,-98.092,Roll
0.317,-0.191,0.844,250.13,-28.679,-105.504,Roll
0.359,0.028,0.865,250.13,-25.954,-97.74,Roll
0.282,0.276,0.881,250.13,-13.985,-91.13,Roll
0.249,0.589,0.945,250.13,-21.908,-51.267,Roll
0.177,0.7,0.809,250.13,-53.321,-50.45,Roll
0.153,0.832,0.639,250.13,-58.443,-31.061,Roll
0.203,0.986,0.598,250.13,-39.931,-18.786,Roll
0.186,1.072,0.468,193.687,-32.931,-6.977,Roll
0.186,1.007,0.362,129.473,-33.282,9.992,Roll
0.148,1.019,0.327,74.679,-29.588,10.183,Roll
0.19,1.023,0.355,15,-17.466,7.443,Roll
0.28,1,0.34,-32.031,-8.542,8.489,Roll
0.284,1.026,0.388,-73.824,3.458,3.527,Roll
0.32,1.055,0.522,-134.817,19.656,-2.824,Roll
0.307,1.017,0.541,-222.588,25.679,4.183,Roll
0.248,0.885,0.618,-250.137,20.015,15.702,Roll
0.409,0.756,0.639,-250.137,50.359,25.489,Roll
0.444,0.612,0.769,-250.137,71.099,38.542,Roll
0.283,0.402,0.725,-250.137,79.191,56.16,Roll
0.203,0.104,0.812,-250.137,40,82.397,Roll
0.186,0.003,0.815,-250.137,-4.809,80.496,Roll
0.138,-0.199,0.813,-250.137,3.565,71.168,Roll
0.255,-0.438,0.878,-250.137,30.626,52.947,Roll
0.059,-0.748,0.952,-250.137,29.198,36.137,Roll
-0.033,-0.979,0.944,-213.076,12.573,32.817,Roll
-0.011,-1.019,0.833,-116.58,0.237,36.718,Roll
0.03,-0.928,0.727,-48.015,-18.885,25.382,Roll
0.046,-0.896,0.661,7,-30.221,16.473,Roll
0.054,-0.879,0.66,51.427,-33.023,13.099,Roll
0.086,-0.852,0.712,109.618,-53.672,-4.191,Roll
0.112,-0.766,0.693,162.527,-53.939,-23.534,Roll
0.185,-0.684,0.722,216.473,-31.962,-29.786,Roll
0.126,-0.603,0.895,250.13,-4.16,-25.145,Roll
0.214,-0.482,0.843,250.13,-2.924,-40.817,Roll
0.203,-0.313,0.927,250.13,-18.168,-60.198,Roll
0.244,-0.179,0.815,250.13,-46.878,-88.573,Roll
0.309,-0.066,0.861,250.13,-22.305,-93.443,Roll
0.36,0.174,0.845,250.13,34.221,-70.504,Roll
0.271,0.602,0.702,250.13,18.336,-30.45,Roll
0.084,0.792,0.641,250.13,-22.603,-9.076,Roll
0.044,0.91,0.469,250.13,-24.618,-2.672,Roll
0.171,0.999,0.287,250.13,-23.496,26.985,Roll
0.232,1.317,0.276,250.13,-29.496,56.466,Roll
0.099,1.313,0.156,170.427,-31.229,61.153,Roll
0.012,1.108,0.085,75.321,-57.084,73.107,Roll
0.243,1.177,0.134,-18.26,-45.87,62.084,Roll
0.324,1.139,0.146,-109.084,-13.603,35.427,Roll
0.334,1.083,0.184,-194.679,16.542,-4.076,Roll
0.394,1.095,0.325,-250.137,46.603,-39.412,Roll
0.48,1.067,0.512,-250.137,76.198,-52.725,Roll
0.297,0.8,0.403,-250.137,76.832,-40.626,Roll
0.229,0.577,0.663,-250.137,64.603,-28.786,Roll
0.397,0.654,0.714,-250.137,95.504,6.534,Roll
0.224,0.466,0.834,-250.137,87.053,4.336,Roll
0.322,0.222,1.005,-250.137,38.626,10.031,Roll
0.253,0.036,0.91,-250.137,16.397,9.977,Roll
0.058,-0.101,0.926,-250.137,-2.893,22.786,Roll
-0.054,-0.289,0.875,-250.137,18.168,32.672,Roll
-0.003,-0.506,0.876,-250.137,28.527,48.046,Roll
-0.039,-0.698,0.855,-204.718,16.947,52.611,Roll
0.008,-0.864,0.844,-134.13,6.977,45.092,Roll
0.012,-0.904,0.804,-77.84,3.237,33.748,Roll
-0.093,-0.889,0.741,-13.137,5.344,28.878,Roll
-0.125,-0.865,0.703,50.076,-25.214,-0.053,Roll
-0.071,-0.822,0.673,113.855,-64.153,-36.702,Roll
-0.029,-0.718,0.757,164.656,-57.45,-45.901,Roll
0.052,-0.639,0.829,247.115,-78.153,-63.893,Roll
0.396,-0.443,0.933,250.13,-58.992,-41.023,Roll
0.575,-0.431,0.978,250.13,12.901,-28.489,Roll
0.21,-0.311,0.958,250.13,8.489,-20.298,Roll
0.085,-0.045,0.75,250.13,-39.962,-24.565,Roll
0.19,0.139,0.843,250.13,-33.458,-8.359,Roll
0.248,0.378,1.067,250.13,-18.969,14.939,Roll
0.226,0.577,0.995,250.13,-48.58,13.55,Roll
0.165,0.634,0.819,250.13,-62.809,7.878,Roll
0.162,0.865,0.816,226.786,-65.573,10.046,Roll
0.106,0.887,0.784,155.412,-47.023,4.176,Roll
0.197,0.958,0.67,61.069,-35.557,-8.969,Roll
0.198,0.921,0.614,-0.855,-11.863,-17.038,Roll
0.1,1.044,0.598,-50.008,8.511,-36.481,Roll
0.349,0.813,0.748,-124.71,-18.382,-29.87,Roll
0.343,0.899,0.706,-176.107,33.641,-38.084,Roll
0.226,0.777,0.809,-228.229,60.634,-33.542,Roll
0.459,0.715,0.923,-250.137,51.779,-28.221,Roll
0.187,0.665,0.887,-250.137,36.809,7.557,Roll
0.103,0.406,1.062,-250.137,28.008,37.809,Roll
0.099,0.277,0.899,-250.137,10.779,60.45,Roll
0.166,0.087,0.84,-250.137,8.473,61.847,Roll
0.099,-0.181,0.933,-250.137,-9.115,25.756,Roll
0.075,-0.358,0.806,-250.137,-15.824,37.45,Roll
0.294,-0.487,0.832,-250.137,8.679,25.137,Roll
0.209,-0.65,0.937,-232.061,30.809,31.71,Roll
0.113,-0.797,0.922,-141.718,36.656,50.916,Roll
-0.092,-0.889,0.865,-71.435,27.947,43.656,Roll
-0.039,-0.828,0.81,-11.695,-8.893,8.351,Roll
-0.01,-0.844,0.783,47.718,-12.115,-0.458,Roll
0.096,-0.843,0.815,115.763,-22.855,-11.282,Roll
0.112,-0.712,0.847,199.214,-47.046,-26.603,Roll
0.157,-0.628,0.983,250.13,-39,-33.305,Roll
0.189,-0.514,0.917,250.13,4.153,-36.137,Roll
0.053,-0.285,0.858,250.13,1.198,-50.389,Roll
0.132,-0.084,0.771,250.13,-19.954,-41.122,Roll
0.346,0.049,0.819,250.13,3.031,-28.122,Roll
0.544,0.335,0.925,250.13,61.092,-18.817,Roll
0.139,0.559,0.929,250.13,36.634,-15.275,Roll
0.028,1.059,0.746,250.13,-24.382,14.099,Roll
-0.071,1.026,0.629,250.13,-69.718,34.252,Roll
-0.048,0.981,0.473,227.962,-69.458,32.931,Roll
-0.086,1.037,0.443,148.71,-45.901,19.664,Roll
0.031,1.005,0.393,60.794,-26.206,7.046,Roll
0.131,1.041,0.356,-26.405,-26.206,14.405,Roll
0.19,1.128,0.46,-115.198,-22.893,17.649,Roll
0.236,1.044,0.545,-210.389,1.718,6.038,Roll
0.233,0.951,0.583,-250.137,17.649,-23.527,Roll
0.297,0.745,0.738,-250.137,19.237,-38.198,Roll
0.302,0.655,0.681,-250.137,32.382,15.649,Roll
0.272,0.509,0.775,-250.137,18.947,27.168,Roll
0.156,0.395,0.77,-250.137,-6.595,38.176,Roll
0.206,0.28,0.982,-250.137,3.832,58.443,Roll
0.133,0.044,0.987,-250.137,37.443,60.931,Roll
0.183,-0.106,0.962,-250.137,37.809,45.107,Roll
0.228,-0.375,1.062,-250.137,29.214,30.443,Roll
0.026,-0.579,1.007,-250.137,13.519,16.252,Roll
0.007,-0.734,0.989,-174.702,-4.954,32.901,Roll
0.023,-0.817,1.034,-102.969,-7.687,33.427,Roll
0.004,-0.837,0.972,-41.359,-11.672,27.366,Roll
0.087,-0.78,0.858,29.725,-3.58,17.763,Roll
0.001,-0.725,0.849,93.672,8.542,8.359,Roll
0.007,-0.627,0.858,161.397,14.275,0.779,Roll
0.031,-0.55,0.86,241.916,9.725,0.26,Roll
0.073,-0.494,0.91,250.13,4.611,-8.794,Roll
0.012,-0.403,0.95,250.13,-23.221,-16.756,Roll
0.243,-0.372,1.068,250.13,-76.183,-27.725,Roll
0.517,0.15,0.929,250.13,16.267,-65.672,Roll
0.469,0.505,0.655,250.13,123.504,-92.885,Roll
-0.226,0.699,0.703,237.817,81.427,-43.863,Roll
-0.094,0.774,0.853,164.87,3.779,-3.878,Roll
-0.039,0.877,1.081,141.344,-81.046,76.389,Roll
-0.175,0.851,0.822,69.809,-102.954,61.71,Roll
0.176,0.763,0.698,16.443,-27.046,11.481,Roll
0.074,0.714,0.621,1.824,48.641,-51.893,Roll
-0.06,0.673,0.728,18.412,40.244,-68.489,Roll
-0.122,0.626,0.867,57.649,-12.733,-38.794,Roll
0.181,0.8,0.886,61.527,7.115,-30.237,Roll
0.122,1.096,0.817,28.565,9.603,-17.718,Roll
0.055,0.97,0.943,-34.344,-2.023,-5.916,Roll
-0.089,0.936,0.758,-130.153,2.321,-15.908,Roll
-0.125,0.925,0.91,-250.137,1.931,-42.206,Roll
-0.07,0.748,0.902,-250.137,-27.947,-13.305,Roll
0.049,0.309,0.782,-250.137,-67.87,-4.344,Roll
0.182,-0.051,0.686,-250.137,-51.779,9.489,Roll
0.081,0.011,0.936,-250.137,23.336,4.771,Roll
0.049,-0.27,1.011,-250.137,60.611,-22.969,Roll
-0.144,-0.411,0.941,-250.137,22.527,-30.748,Roll
-0.241,-0.558,0.994,-223.802,-24.924,-31.16,Roll
-0.154,-0.628,0.931,-121.618,-47.977,-11.351,Roll
0.046,-0.687,0.867,-48.992,-36.176,-1.053,Roll
0.164,-0.78,0.878,11.412,-21.153,11.099,Roll
0.119,-0.737,0.866,73.733,-25.221,13.962,Roll
0.051,-0.763,0.822,133.145,-31.115,1.382,Roll
0.074,-0.677,0.846,193.176,-8.321,5.74,Roll
-0.047,-0.565,0.819,250.13,2.969,1.763,Roll
-0.012,-0.398,0.883,250.13,-20.473,-6.198,Roll
0.292,-0.225,0.944,250.13,-11.557,2.504,Roll
0.293,-0.137,0.902,250.13,-4.954,1.649,Roll
0.22,0.147,0.92,250.13,29.55,4.344,Roll
0.073,0.484,1.086,250.13,14.718,2.832,Roll
-0.095,0.805,0.992,250.13,-15.878,2.534,Roll
-0.058,0.926,0.848,250.13,-64.275,26.107,Roll
0.098,0.912,0.683,201.153,-94.725,50.244,Roll
0.063,1.034,0.616,119.13,-78.718,47.84,Roll
0.043,0.985,0.628,38.931,-41.099,33.427,Roll
0.086,0.962,0.602,-46.786,-17.55,17.099,Roll
0.147,0.882,0.636,-123.244,-11.595,5.679,Roll
0.17,0.94,0.774,-219.145,17.458,-10.924,Roll
0.198,0.825,0.877,-250.137,45.107,-26.962,Roll
0.324,0.719,0.849,-250.137,58.466,-26.863,Roll
0.396,0.459,0.853,-250.137,-4.977,-0.534,Roll
0.339,0.314,0.902,-250.137,-19.664,33.985,Roll
0.171,0.192,1.037,-250.137,3.321,62.153,Roll
0.142,-0.023,1.007,-250.137,18.656,55.74,Roll
0.047,-0.205,0.841,-250.137,-18.29,38.008,Roll
0.092,-0.364,0.871,-250.137,-32.588,32.397,Roll
0.176,-0.597,0.904,-250.137,-16.931,40.282,Roll
0.114,-0.72,0.898,-204.366,-3.588,53.779,Roll
0.057,-0.778,0.847,-136.389,-9.565,55.053,Roll
0.08,-0.854,0.785,-76.908,-35.481,33.206,Roll
0.093,-0.971,0.771,-33.252,-37.107,7.489,Roll
0.111,-0.806,0.663,4.588,-20.214,-9.405,Roll
-0.019,-0.784,0.691,49.985,-5.13,-26.847,Roll
0.015,-0.765,0.698,106.679,14.802,-42.29,Roll
0.154,-0.73,0.783,181.305,28.985,-47.153,Roll
0.355,-0.718,0.894,250.13,36.328,-34.962,Roll
0.286,-0.595,0.947,250.13,45.092,-17.351,Roll
0.144,-0.464,1.033,250.13,17.748,-28.656,Roll
0.005,-0.296,0.953,250.13,-34.122,-54.557,Roll
0.307,0.168,0.861,250.13,-177.489,-68.351,Roll
0.477,0.322,0.917,250.13,1.344,-38.427,Roll
0.151,0.424,0.92,250.13,-4.359,-33.305,Roll
0.113,0.501,0.876,250.13,-42.344,-22.611,Roll
0.15,0.648,0.779,250.13,-54.55,-7.618,Roll
0.248,0.77,0.743,250.13,-50.985,4.565,Roll
0.167,0.846,0.698,226.107,-42.595,0.962,Roll
0.201,0.908,0.545,173.847,-13.954,-4.427,Roll
0.172,1.052,0.6,99.832,-18.802,0.557,Roll
0.208,1.038,0.56,18.489,-9.282,1.145,Roll
0.23,1.078,0.519,-48.763,-8.107,-2.603,Roll
0.234,1.059,0.557,-131.168,4.061,-10.847,Roll
0.276,1.08,0.688,-240.496,15.458,-20.656,Roll
0.315,0.963,0.717,-250.137,30.214,-9.557,Roll
0.39,0.719,0.604,-250.137,31.191,3.611,Roll
0.444,0.52,0.633,-250.137,31.412,33.565,Roll
0.338,0.425,0.862,-250.137,42.29,50.496,Roll
0.127,0.213,0.909,-250.137,20.229,54.687,Roll
0.092,0.079,0.818,-250.137,-11.046,37.947,Roll
0.2,-0.15,0.923,-250.137,-19.229,26.427,Roll
0.214,-0.362,1.021,-250.137,-11.275,36.916,Roll
0.18,-0.533,1.022,-207.458,2.771,51.252,Roll
0.126,-0.594,0.959,-127.595,-17.237,44.954,Roll
0.237,-0.677,0.953,-79.756,-18.519,39.084,Roll
0.194,-0.703,0.866,-44.901,-5.55,38.45,Roll
0.147,-0.74,0.875,-8.351,-11.443,27.504,Roll
0.093,-0.759,0.832,25.702,-12.031,18.046,Roll
0.048,-0.695,0.899,88.076,-20.198,-2.527,Roll
0.148,-0.643,0.871,163.809,-14.641,-26.893,Roll
0.24,-0.578,0.918,250.13,-5.466,-42.534,Roll
0.351,-0.412,0.941,250.13,16.076,-48.412,Roll
0.38,-0.344,0.818,250.13,25.107,-56.42,Roll
0.362,-0.047,0.806,250.13,-8.534,-63.573,Roll
0.412,0.266,1.042,250.13,-21.611,-62.588,Roll
0.161,0.638,1.04,250.13,-25.489,-53.344,Roll
0.092,0.785,0.857,250.13,-49.847,-29.336,Roll
0.087,0.863,0.674,250.13,-79.885,15.733,Roll
0.149,0.883,0.489,250.13,-76.702,44.237,Roll
0.221,0.891,0.366,250.13,-60.733,33.626,Roll
0.247,0.962,0.324,250.13,-37.122,7.58,Roll
0.276,1.058,0.237,226.977,-22.321,13.573,Roll
0.296,1.069,0.111,164.412,-9.092,26.282,Roll
0.252,1.062,0.095,76.664,0.244,34.87,Roll
0.208,1.315,0.084,-22.924,0.435,27.427,Roll
0.258,1.341,0.144,-138.626,8.023,16.641,Roll
0.349,1.217,0.187,-250.137,21.573,5.542,Roll
0.387,1.215,0.302,-250.137,35.267,-19.137,Roll
0.388,0.989,0.487,-250.137,70.893,-53.397,Roll
0.438,0.773,0.567,-250.137,114.947,-58.015,Roll
0.51,0.407,0.593,-250.137,126.939,-29.74,Roll
0.517,0.205,0.792,-250.137,75.282,18.237,Roll
0.294,0.064,0.689,-250.137,50.275,56.153,Roll
0.096,0.053,0.829,-250.137,42.672,50.198,Roll
-0.035,-0.126,0.937,-250.137,19.435,38.802,Roll
-0.071,-0.496,1.067,-250.137,-5.458,33.58,Roll
-0.143,-0.735,1.024,-236.763,-20.794,19.107,Roll
-0.07,-0.804,0.925,-157.107,-31.183,12.969,Roll
0.276,-0.884,0.864,-99.641,-21.328,3.458,Roll
0.118,-0.849,0.802,-39.26,-7.863,14.198,Roll
-0.073,-0.805,0.765,24.74,-12.397,6.527,Roll
-0.034,-0.754,0.737,87.214,-26.55,-16.618,Roll
0.087,-0.705,0.751,155.885,-36,-34.29,Roll
0.179,-0.663,0.772,250.13,-34.107,-45.947,Roll
0.243,-0.423,0.949,250.13,-36.435,-58.527,Roll
0.269,-0.347,1.005,250.13,-38.74,-86.664,Roll
0.374,-0.226,0.868,250.13,-24.969,-90.595,Roll
0.349,-0.055,0.957,250.13,9.626,-70.42,Roll
0.326,0.312,0.89,250.13,12.969,-62.015,Roll
0.282,0.518,0.823,250.13,-14.229,-47.435,Roll
0.239,0.959,0.888,250.13,-49.229,-26.893,Roll
0.228,0.948,0.606,250.13,-42.015,-35.237,Roll
0.277,0.833,0.376,250.13,-12.389,-36.511,Roll
0.141,0.859,0.206,250.13,4.603,-12.305,Roll
0.002,0.897,0.042,237.931,-3.214,28.031,Roll
0.007,1.199,0.104,160.534,-19.427,58.069,Roll
0.101,1.221,0.072,72.298,-29.198,75.244,Roll
0.202,1.139,0.086,-23.603,-22.176,76.458,Roll
0.292,1.121,0.108,-121,-0.901,48.969,Roll
0.34,1.202,0.184,-226.588,18.053,18.771,Roll
0.323,1.097,0.29,-250.137,53.74,-17.221,Roll
0.304,0.945,0.405,-250.137,83.58,-39.107,Roll
0.453,0.844,0.417,-250.137,93.824,-21.519,Roll
0.33,0.462,0.495,-250.137,73.084,2.977,Roll
0.34,0.26,0.664,-250.137,71.45,27.015,Roll
0.361,0.246,0.882,-250.137,54.992,44.954,Roll
0.204,0.036,0.879,-250.137,43.221,35.252,Roll
0.01,-0.178,0.93,-250.137,31.702,27.924,Roll
0.115,-0.377,1.061,-250.137,55.55,40.397,Roll
0.033,-0.687,1.185,-174.626,121.779,59.824,Roll
0.112,-0.625,1.091,-69.229,152.656,43.855,Roll
-0.078,-0.713,0.984,-10.855,152.885,36.84,Roll
-0.288,-0.675,0.964,39.626,115.756,24.206,Roll
-0.385,-0.569,0.855,85.099,74.443,13.237,Roll
-0.264,-0.493,0.796,127.969,63.931,7.435,Roll
-0.164,-0.435,0.785,185.099,63.008,11.328,Roll
-0.165,-0.358,0.97,235.55,44.985,27.595,Roll
-0.196,-0.318,1.056,250.13,0.16,32.053,Roll
-0.243,-0.118,1.074,250.13,-72.053,17.42,Roll
-0.278,0.011,1.06,250.13,-133.626,3.397,Roll
-0.257,0.1,1.002,250.13,-213.038,11.496,Roll
-0.062,0.284,0.822,250.13,-250.137,5.481,Roll
0.219,0.335,0.961,250.13,-225.641,12.366,Roll
0.255,0.561,0.864,250.13,-170.779,8.885,Roll
0.403,0.562,0.63,250.13,-118.565,-17.229,Roll
0.514,0.798,0.611,250.13,-62.412,-29.405,Roll
0.381,0.996,0.589,250.13,-24.237,-19.885,Roll
0.149,1.139,0.589,250.13,-2.45,-27.542,Roll
0.297,1.445,0.571,165.649,18.374,-23.427,Roll
-0.157,1.151,0.557,50.908,32.366,-49.183,Roll
0.013,0.9,0.241,-39.969,21.046,-18.168,Roll
0.139,0.888,0.315,-96.366,5.374,2.137,Roll
0.218,0.971,0.452,-148.473,28.71,1.947,Roll
0.265,1.133,0.615,-228.427,43.893,-5.015,Roll
0.2,1.057,0.697,-250.137,46.527,-11.351,Roll
0.138,0.792,0.74,-250.137,47.435,1.374,Roll
0.198,0.529,0.671,-250.137,42.176,5.504,Roll
0.176,0.319,0.761,-250.137,2.634,48.649,Roll
0.145,-0.005,0.824,-250.137,-12.908,75.183,Roll
0.232,-0.214,0.844,-250.137,-3.504,44.473,Roll
0.247,-0.371,0.965,-250.137,-6.519,37.947,Roll
0.148,-0.644,1.004,-250.137,-18.435,46.664,Roll
0.135,-0.753,1.097,-250.137,20.947,53.511,Roll
0.024,-0.894,1.037,-164.427,31.443,55.053,Roll
-0.069,-0.898,0.875,-61.496,31.786,50.29,Roll
-0.151,-0.845,0.758,11.511,16.511,23.954,Roll
-0.131,-0.778,0.678,80.733,-18.466,8.931,Roll
0.018,-0.646,0.585,139.893,-21.328,3.046,Roll
0.059,-0.514,0.635,213.435,-26.023,13.473,Roll
0.077,-0.572,0.793,250.13,-37.046,22.359,Roll
0.159,-0.54,0.864,250.13,-45.244,16.366,Roll
0.138,-0.336,0.902,250.13,-45,4.489,Roll
0.076,-0.213,0.848,250.13,-33.221,-22.924,Roll
0.215,0.008,0.816,250.13,-1.817,-52.748,Roll
0.193,0.363,1.022,250.13,-12.122,-65.603,Roll
0.033,0.77,0.992,250.13,-41.191,-34.519,Roll
0.021,0.835,0.851,250.13,-66.092,-30.557,Roll
0.058,1,0.791,214.069,-41.221,-63.664,Roll
0.013,1.131,0.612,154.924,-18.641,-68.679,Roll
0.022,1.036,0.567,95.45,1.58,-77.832,Roll
0.006,0.936,0.47,59.237,-3.336,-59.427,Roll
0.005,0.901,0.466,40.137,-17.969,-31.618,Roll
0.004,0.825,0.446,26.649,-29.962,-0.176,Roll
-0.026,0.955,0.508,1.473,-14.603,11.176,Roll
-0.072,1.005,0.549,-56.076,3.176,18,Roll
-0.061,0.958,0.545,-116.824,-0.405,22.366,Roll
0.013,1.029,0.639,-187.351,0.107,29.687,Roll
0.053,0.989,0.711,-250.137,27.176,19.573,Roll
0.137,0.934,0.752,-250.137,67.947,12.328,Roll
0.247,0.604,0.697,-250.137,68.321,33.985,Roll
0.305,0.2,0.731,-250.137,50.458,42.237,Roll
0.127,-0.058,0.825,-250.137,26.496,19.519,Roll
0.034,-0.192,0.941,-250.137,18.023,17.412,Roll
-0.042,-0.359,1.107,-250.137,23.832,10.603,Roll
-0.148,-0.643,1.301,-250.137,28.45,14.099,Roll
-0.205,-0.738,1.136,-218.832,16.069,9.023,Roll
-0.279,-0.761,0.928,-137.954,-9.763,-0.313,Roll
-0.241,-0.671,0.746,-54.053,-38.542,-10.374,Roll
-0.154,-0.64,0.622,10.046,-42,-3.786,Roll
-0.091,-0.63,0.575,49.023,-41.389,-4.198,Roll
-0.089,-0.622,0.611,77.351,-40.557,-17.275,Roll
-0.052,-0.672,0.801,134.55,-48.405,-30.817,Roll
0.048,-0.626,0.894,250.13,-56.809,-34.397,Roll
0.252,-0.531,0.926,250.13,-44.71,-44.603,Roll
0.229,-0.402,1.006,250.13,-21.947,-64.038,Roll
0.142,-0.069,0.962,250.13,-23.13,-73.939,Roll
0.079,0.302,1.021,250.13,-26.046,-73.282,Roll
0.17,0.385,0.775,250.13,-14.176,-47.229,Roll
0.278,0.613,0.82,250.13,-21.786,-21.137,Roll
0.241,0.982,0.678,250.13,-32.756,-14.969,Roll
0.125,1.251,0.67,250.13,-26.298,-20.527,Roll
0.095,1.237,0.322,250.13,-27.26,-18.74,Roll
0.08,0.98,0.142,250.13,-18.626,5.145,Roll
-0.11,0.873,0.128,205.198,-8.855,15.748,Roll
-0.163,0.999,0.055,107.924,-1.893,18.756,Roll
-0.098,1.103,0.077,11.183,-1.664,22.527,Roll
0.013,1.095,0.078,-85,1.679,18.13,Roll
0.136,1.052,0.123,-174.771,4.42,3.832,Roll
0.156,1.153,0.178,-250.137,10.305,-9.191,Roll
0.141,1.048,0.266,-250.137,30.779,-18.969,Roll
0.251,1.056,0.408,-250.137,75.305,-40.191,Roll
0.146,1.052,0.525,-250.137,77.145,-40,Roll
0.129,0.803,0.659,-250.137,23.603,-3.008,Roll
0.152,0.521,0.732,-250.137,-2.901,30.901,Roll
0.181,0.139,0.834,-250.137,-18.58,47.527,Roll
0.079,0.112,0.988,-250.137,-12.58,43.718,Roll
0.102,-0.003,1.031,-250.137,10.344,75.939,Roll
0.061,-0.303,1.056,-250.137,54.542,73.458,Roll
0.026,-0.463,1.012,-250.137,75.771,57.588,Roll
-0.079,-0.626,0.933,-250.137,67.244,25.817,Roll
-0.12,-0.797,0.932,-250.137,41.664,-13.183,Roll
-0.147,-0.95,0.825,-216.74,-0.359,-16.878,Roll
-0.064,-1.078,0.888,-81.42,-24.672,-0.802,Roll
-0.216,-0.8,0.522,11.115,-18.58,11.878,Roll
-0.187,-0.815,0.525,85.198,-31.603,-2.863,Roll
-0.217,-0.796,0.562,157.588,-46.511,-20.794,Roll
-0.062,-0.735,0.658,250.13,-57.344,-25.031,Roll
0.111,-0.732,0.785,250.13,-55.366,-24.16,Roll
0.182,-0.548,0.923,250.13,-49.641,-47.87,Roll
0.311,-0.346,0.907,250.13,-33.359,-49.687,Roll
0.199,-0.128,0.91,250.13,-35.374,-38.71,Roll
0.124,0.148,0.967,250.13,-21.626,-34.664,Roll
0.14,0.374,0.931,250.13,-19.237,-20.206,Roll
0.175,0.677,0.966,250.13,-19.649,-27.038,Roll
0.133,0.809,0.842,250.13,-22.076,-35.908,Roll
0.108,0.962,0.729,250.13,-36.229,-31.244,Roll
0.095,0.932,0.482,250.13,-25.206,-24.237,Roll
0.084,0.951,0.435,230.916,-12.221,-10.405,Roll
0.01,0.973,0.295,163.87,-0.695,0.962,Roll
-0.073,1.007,0.209,89.214,-8.466,21.832,Roll
-0.018,1.048,0.252,4.679,-14.847,38.87,Roll
0.099,1.031,0.294,-77.489,-11.824,43.13,Roll
0.14,1.01,0.35,-156.427,0.634,36.282,Roll
0.161,1.126,0.544,-246.031,31.229,15.26,Roll
0.247,1.092,0.633,-250.137,66.229,-7.618,Roll
0.24,0.866,0.549,-250.137,84.847,-16.733,Roll
0.195,0.678,0.602,-250.137,73.58,-1.244,Roll
0.216,0.427,0.727,-250.137,56.069,28.718,Roll
0.33,0.24,0.963,-250.137,51.595,39.137,Roll
0.315,0.059,1.06,-250.137,96.092,29.214,Roll
0.022,-0.157,0.911,-250.137,92.603,6.496,Roll
-0.153,-0.29,1.047,-250.137,69.573,-3.458,Roll
-0.148,-0.464,1.124,-250.137,57.458,-5.466,Roll
-0.21,-0.637,0.876,-250.137,19.252,-11.336,Roll
-0.164,-0.768,0.781,-219.26,1.061,-11.885,Roll
-0.133,-0.793,0.715,-153.008,-7.237,6.092,Roll
-0.194,-0.898,0.723,-89.221,-25.901,4.176,Roll
-0.178,-0.934,0.692,-28.603,-44.588,-7.084,Roll
-0.205,-0.941,0.663,44.473,-64.16,-30.053,Roll
-0.041,-0.827,0.664,121.649,-70.702,-32.382,Roll
0.012,-0.778,0.723,202.565,-59.634,-32.023,Roll
0.138,-0.722,0.802,250.13,-48.802,-32.58,Roll
0.171,-0.695,0.945,250.13,-33.145,-30.817,Roll
0.213,-0.442,0.962,250.13,-21.023,-41.87,Roll
0.079,-0.373,0.964,250.13,-39.137,-35.885,Roll
-0.037,-0.204,1.093,250.13,-80.496,-35.611,Roll
0.309,0.291,0.793,250.13,-131.481,-34.962,Roll
0.363,0.328,0.73,250.13,-49.176,-31.718,Roll
0.154,0.573,0.884,250.13,-34.267,-27.779,Roll
0.147,0.782,0.875,250.13,-40.214,-40.366,Roll
0.209,0.865,0.787,250.13,-56.397,-28.16,Roll
0.353,0.888,0.653,250.13,-44.267,-15.611,Roll
0.201,0.949,0.516,239.382,-22.977,-8.947,Roll
0.149,0.96,0.352,201.786,-20.214,-0.061,Roll
0.174,1.134,0.393,132.832,-24.053,9.824,Roll
0.129,1.159,0.37,50.885,-20.382,14.618,Roll
0.136,1.058,0.303,-33.992,-14.084,19.985,Roll
0.213,1.042,0.352,-115.824,-3.313,18,Roll
0.224,1.06,0.429,-214.733,9.588,11.26,Roll
0.282,1.049,0.493,-250.137,47.115,11.695,Roll
0.371,0.78,0.498,-250.137,55.298,3.542,Roll
0.368,0.522,0.609,-250.137,55.954,12.771,Roll
0.332,0.437,0.717,-250.137,52.458,24.244,Roll
0.218,0.274,0.877,-250.137,47.664,38.573,Roll
0.112,0.162,0.874,-250.137,32,45.763,Roll
0.189,-0.053,0.944,-250.137,17.229,27.817,Roll
0.186,-0.209,0.984,-250.137,-9.847,21.87,Roll
0.156,-0.398,1.109,-250.137,-23.878,32.076,Roll
0.171,-0.494,1.011,-214.206,-18.489,50.115,Roll
0.239,-0.606,0.918,-184.336,-1.977,56.588,Roll
0.149,-0.637,0.881,-128.359,-1.008,59.16,Roll
0.108,-0.748,0.896,-88.74,5.84,53.176,Roll
0.074,-0.765,0.897,-56.855,0.183,40.122,Roll
0.033,-0.781,0.89,-6.046,-17.947,19.168,Roll
0.14,-0.737,0.881,66.794,-33.366,-4.847,Roll
0.188,-0.658,0.847,149.611,-20.817,-14.992,Roll
0.162,-0.643,0.897,242.626,-12.931,-23.824,Roll
0.208,-0.607,1.009,250.13,-20.557,-44.427,Roll
0.348,-0.389,1.087,250.13,-29.351,-64.183,Roll
0.261,-0.284,0.925,250.13,-37.176,-74.87,Roll
0.235,-0.009,0.831,250.13,-29.328,-67.954,Roll
0.105,0.219,1.065,250.13,-45.359,-49.244,Roll
0.274,0.427,0.923,250.13,-62.466,-26.611,Roll
0.284,0.521,0.85,250.13,-73.336,-15.435,Roll
0.327,0.669,0.69,250.13,-72.107,-13.893,Roll
0.268,0.798,0.598,250.13,-48.13,-16.008,Roll
0.307,0.792,0.385,250.13,-36.435,-12.015,Roll
0.257,0.925,0.386,239.908,-33.756,7.45,Roll
0.222,0.935,0.309,192.374,-38.031,18.252,Roll
0.268,0.986,0.25,143.046,-27.496,20.427,Roll
0.273,1.14,0.255,73.366,-15.145,20.817,Roll
0.292,1.252,0.28,-19.45,-1.443,13.046,Roll
0.323,1.197,0.282,-123.382,12,7.511,Roll
0.375,1.02,0.369,-235.412,38.084,7.702,Roll
0.359,1.023,0.423,-250.137,68.397,-11.435,Roll
0.472,1.006,0.584,-250.137,99.374,-21.42,Roll
0.475,0.764,0.653,-250.137,137.718,-28.885,Roll
0.355,0.451,0.709,-250.137,139.252,-19.649,Roll
0.296,0.255,0.758,-250.137,115.137,-6.756,Roll
0.233,0.182,1.036,-250.137,97.71,-3.511,Roll
0.097,0.034,0.931,-250.137,50.908,-4.771,Roll
0.015,-0.164,0.981,-250.137,20.046,-5.992,Roll
-0.028,-0.371,1.034,-244.977,-2.695,-1.847,Roll
0.006,-0.483,1.06,-164.374,-25.45,9.557,Roll
0.091,-0.561,1.025,-111.435,-10.847,27.87,Roll
0.034,-0.601,0.941,-75.405,-1.595,31.832,Roll
-0.038,-0.629,0.895,-38.046,-2.137,26.794,Roll
-0.042,-0.634,0.909,15.756,-16.427,9.511,Roll
-0.029,-0.615,0.926,88.71,-37.145,-11.305,Roll
0.062,-0.549,0.917,184.695,-63.702,-27.16,Roll
0.144,-0.46,0.92,250.13,-80.679,-44.542,Roll
0.214,-0.353,1.052,250.13,-76.153,-52.458,Roll
0.325,-0.192,0.948,250.13,-42.641,-62.359,Roll
0.293,0.021,0.987,250.13,-33.802,-66.305,Roll
0.176,0.178,0.91,250.13,-47.771,-60.176,Roll
0.254,0.437,0.902,250.13,-75.099,-41.817,Roll
0.288,0.593,0.835,250.13,-66.626,-33.794,Roll
0.311,0.685,0.738,250.13,-42.809,-42.702,Roll
0.27,0.951,0.647,250.13,-27.962,-36.618,Roll
0.162,0.869,0.418,247.153,-22.328,-22.725,Roll
0.144,1.047,0.397,187.015,-9.641,-3.664,Roll
0.19,1.112,0.346,125.809,-5.298,11.359,Roll
0.164,1.159,0.348,40.733,-7.008,20.183,Roll
0.174,1.099,0.344,-56.718,-0.076,16.244,Roll
0.227,1.1,0.39,-146.634,17.672,9.481,Roll
0.257,1.104,0.488,-242.588,51.763,-9.366,Roll
0.341,1.009,0.532,-250.137,71.389,-4.229,Roll
0.337,0.796,0.585,-250.137,83.267,-0.031,Roll
0.299,0.533,0.683,-250.137,76.939,3.901,Roll
0.279,0.262,0.77,-250.137,78.977,7.023,Roll
0.177,0.149,0.887,-250.137,79.527,20.977,Roll
0.064,0.062,0.881,-250.137,48.023,22.099,Roll
0.083,-0.182,1.038,-250.137,-7.45,20.405,Roll
0.177,-0.352,1.174,-250.137,-23.939,12.198,Roll
0.181,-0.475,1.189,-224.305,-3.069,17.595,Roll
0.06,-0.545,1.068,-173.13,19.206,26.237,Roll
-0.048,-0.583,0.941,-117.893,18,29.038,Roll
-0.091,-0.598,0.885,-65.076,-6.779,23.885,Roll
0.022,-0.649,0.85,-27.824,-20.16,15.504,Roll
0.016,-0.646,0.878,11.802,-25.405,2.824,Roll
-0.01,-0.614,0.874,69.389,-28.611,-11.824,Roll
0.029,-0.552,0.882,136.382,-38.244,-27.511,Roll
0.125,-0.494,0.875,220.664,-52.221,-40.565,Roll
0.239,-0.369,0.981,250.13,-53.519,-52.863,Roll
0.345,-0.267,1.033,250.13,-33.443,-50.573,Roll
0.34,-0.045,1.069,250.13,-24.214,-49.87,Roll
0.334,0.045,0.978,250.13,-30.244,-54.229,Roll
0.4,0.282,1.112,250.13,-22.42,-56.794,Roll
0.262,0.421,0.889,250.13,-4.046,-58.092,Roll
0.165,0.598,0.896,250.13,1.55,-40.55,Roll
0.109,0.672,0.684,250.13,-11.87,-19.267,Roll
0.037,0.787,0.649,250.13,-37.58,-0.267,Roll
0.13,0.867,0.598,228.374,-44.107,2.107,Roll
0.202,0.893,0.526,192.206,-38.557,3.954,Roll
0.213,1.004,0.488,141.748,-24.397,4.382,Roll
0.153,1.042,0.398,80.84,-15.511,2.244,Roll
0.225,1.084,0.384,11.206,-8.702,6.198,Roll
0.176,1.102,0.398,-63.473,2.969,4.366,Roll
0.188,1.091,0.405,-147.405,12.748,3.351,Roll
0.262,1.063,0.477,-237.221,30.802,2.397,Roll
0.314,0.994,0.616,-250.137,52.527,-7.611,Roll
0.426,0.81,0.622,-250.137,87.198,-2.511,Roll
0.291,0.561,0.696,-250.137,101.092,5.855,Roll
0.167,0.405,0.766,-250.137,99.954,8.176,Roll
0.005,0.246,0.805,-250.137,63.076,21.908,Roll
-0.067,0.011,0.734,-250.137,12.351,22.573,Roll
0.048,-0.224,1.028,-250.137,-25.588,29.656,Roll
0.198,-0.433,1.172,-250.137,-15.427,20.435,Roll
0.16,-0.535,1.104,-230.298,-6.214,17.527,Roll
0.045,-0.629,1.042,-140.473,-2.344,14.679,Roll
-0.008,-0.618,0.961,-71.687,-6.221,14.527,Roll
-0.068,-0.631,0.905,-25.176,-13.267,8.153,Roll
-0.029,-0.624,0.914,34.183,-26.855,-4.344,Roll
0.043,-0.592,0.947,119.504,-33.595,-20.046,Roll
0.166,-0.508,0.959,224.191,-37.137,-40.244,Roll
0.307,-0.46,0.9,250.13,-21.267,-56.626,Roll
0.315,-0.263,1.03,250.13,-20.84,-61.74,Roll
0.198,-0.089,0.937,250.13,-15.962,-57.542,Roll
0.157,0.163,1.028,250.13,-36.878,-47.008,Roll
0.231,0.384,1.015,250.13,-34.664,-41.939,Roll
0.29,0.61,1.007,250.13,-36.229,-28.519,Roll
0.222,0.748,0.878,250.13,-30.069,-17.13,Roll
0.137,0.73,0.632,250.13,-31.916,-15.16,Roll
0.159,0.778,0.504,250.13,-39.626,-3.55,Roll
0.109,0.896,0.451,241.443,-33.817,-7.817,Roll
0.1,0.877,0.363,184.794,-29.641,-9.664,Roll
0.25,0.998,0.259,138.824,-31.031,16.374,Roll
0.229,1.094,0.237,87.351,-20.397,24.351,Roll
0.228,1.141,0.277,18.977,-10.435,19.305,Roll
0.221,1.178,0.334,-67.672,5.038,9.099,Roll
0.192,1.148,0.356,-162.763,17.198,2.267,Roll
0.243,1.073,0.459,-250.137,27.557,0.29,Roll
0.355,0.934,0.55,-250.137,39.183,-1.802,Roll
0.379,0.807,0.49,-250.137,49.466,2.237,Roll
0.302,0.625,0.644,-250.137,45.214,15.954,Roll
0.214,0.425,0.825,-250.137,44.695,25.992,Roll
0.226,0.348,0.924,-250.137,21.053,39.16,Roll
0.185,0.12,0.932,-250.137,1.206,53.206,Roll
0.179,-0.079,0.924,-250.137,-7.527,49.466,Roll
0.291,-0.172,0.994,-250.137,-3.397,42.221,Roll
0.269,-0.344,1.015,-250.137,12.511,47.748,Roll
0.217,-0.493,0.981,-209.374,14.802,62.687,Roll
0.17,-0.612,1.04,-145.099,17.885,66.985,Roll
0.07,-0.612,0.836,-100.725,2.069,54.664,Roll
-0.027,-0.657,0.878,-65.939,-18.893,36.809,Roll
0.043,-0.69,0.848,-30.229,-28.115,20.885,Roll
0.034,-0.693,0.86,5.626,-19.634,11.229,Roll
0.017,-0.666,0.849,49.847,-16.916,-2.427,Roll
0.051,-0.637,0.906,99.252,-14.374,-20.229,Roll
0.127,-0.64,0.99,165.198,-16.557,-39.626,Roll
0.268,-0.55,1.101,244.328,-8.527,-54.763,Roll
0.348,-0.462,1.01,250.13,17.122,-59.573,Roll
0.224,-0.333,0.961,250.13,30.885,-60.198,Roll
0.19,0.006,0.859,250.13,-1.908,-55.763,Roll
0.156,0.009,0.807,250.13,-17.198,-42.321,Roll
0.281,0.342,0.886,250.13,-40.756,-45.725,Roll
0.281,0.596,0.882,250.13,-41.359,-37.718,Roll
0.187,0.787,0.606,250.13,-38.702,-22.397,Roll
0.156,1.052,0.514,250.13,-28.153,-1.595,Roll
0.021,1.003,0.324,250.13,-12.282,-8.015,Roll
-0.007,0.987,0.187,250.13,-18.321,-12.29,Roll
0.085,1.141,0.095,207.901,-8.405,-21.046,Roll
0.17,1.096,-0.066,137.962,0.809,-13.779,Roll
0.135,1.177,-0.048,55.038,-6.489,8.099,Roll
0.089,1.099,-0.072,-35.466,-9.954,16.817,Roll
0.186,1.128,-0.044,-123.527,-10,14.557,Roll
0.207,1.092,0.057,-203.298,2.55,4.427,Roll
0.129,1.235,0.281,-250.137,3.573,-11.542,Roll
0.167,1.155,0.356,-250.137,4.817,-17.542,Roll
0.324,0.923,0.413,-250.137,14.664,-18.466,Roll
0.329,0.676,0.585,-250.137,35.969,-25.718,Roll
0.24,0.533,0.69,-250.137,47.718,-30.412,Roll
0.154,0.373,0.724,-250.137,43.71,-20.534,Roll
0.083,0.231,0.849,-250.137,34.412,-4.679,Roll
0.143,0.023,0.931,-250.137,11.42,-2.542,Roll
0.144,-0.195,1.018,-250.137,11.336,-3.672,Roll
0.151,-0.301,0.863,-250.137,24.183,16.015,Roll
0.001,-0.492,0.892,-250.137,30.947,11.183,Roll
-0.012,-0.63,0.822,-250.137,27.267,1.878,Roll
-0.165,-0.832,0.737,-241.641,14.84,6.412,Roll
-0.135,-0.814,0.741,-151.939,1.511,25.87,Roll
-0.104,-0.86,0.613,-88.817,-12.977,30.519,Roll
-0.101,-1.081,0.669,-50.206,-4.733,28.092,Roll
-0.197,-1.101,0.697,31.855,-5.71,22.687,Roll
-0.25,-1.049,0.677,137.328,-19.771,3.145,Roll
-0.093,-0.89,0.718,247.336,-33.885,-9.107,Roll
0.072,-0.723,0.706,250.13,-59.702,-11.725,Roll
0.207,-0.56,0.846,250.13,-78.977,-12.863,Roll
0.201,-0.329,0.907,250.13,-48.229,-9.634,Roll
0.177,-0.306,0.982,250.13,-29.847,-12.443,Roll
0.102,-0.09,0.861,250.13,-25.634,-6.634,Roll
0.115,0.074,0.872,250.13,-37.565,-0.145,Roll
0.17,0.346,0.909,250.13,-50.008,-5.58,Roll
0.232,0.752,1.131,250.13,-74.588,-5.053,Roll
0.092,0.785,0.813,250.13,-80.45,10.115,Roll
0.051,0.701,0.441,250.13,-62.351,-0.458,Roll
0.158,0.821,0.345,250.13,-32.718,-1.389,Roll
0.128,0.929,0.282,250.13,-20.748,-6.145,Roll
0.221,1.198,0.319,193.008,-15.954,-1.664,Roll
0.195,1.234,0.282,121.786,-18.534,18.443,Roll
0.185,1.141,0.257,53.87,-23.504,22.344,Roll
0.116,1.225,0.223,-40.656,-5.626,12.55,Roll
0.237,1.191,0.222,-131.511,5.725,-1.626,Roll
0.235,1.224,0.276,-232.664,3.198,-6.481,Roll
0.302,1.029,0.361,-250.137,6.214,-4.939,Roll
0.376,0.879,0.477,-250.137,29.748,-7.74,Roll
0.332,0.769,0.572,-250.137,68.015,-1.733,Roll
0.303,0.534,0.687,-250.137,98.534,9.206,Roll
0.202,0.395,0.769,-250.137,91.916,42.053,Roll
0.164,0.194,0.715,-250.137,60.145,39.695,Roll
0.008,0.026,0.837,-250.137,25.45,26.74,Roll
-0.024,-0.194,0.931,-250.137,-9.794,14.137,Roll
0.044,-0.36,1.009,-250.137,-31.58,12.519,Roll
0.185,-0.63,1.111,-250.137,-11.412,18.267,Roll
0.099,-0.713,0.973,-204.366,-10.198,26.092,Roll
0.046,-0.809,0.859,-154.107,-7.969,35.588,Roll
0.062,-0.735,0.774,-116.328,-8.389,39.626,Roll
-0.019,-0.851,0.777,-62.107,-13.427,30.206,Roll
-0.032,-0.909,0.756,0.153,-18.832,9.015,Roll
0.047,-0.887,0.798,62.42,-20.176,-20.626,Roll
-0.076,-0.878,0.806,139.412,-34.542,-38.924,Roll
-0.018,-0.699,0.754,218.252,-58.84,-78.473,Roll
0.219,-0.583,0.766,250.13,-64.26,-97.664,Roll
0.388,-0.484,0.85,250.13,-21.603,-99.855,Roll
0.251,-0.301,0.784,250.13,9.282,-74.443,Roll
0.124,-0.279,0.879,250.13,11.107,-54.336,Roll
0.324,-0.065,0.967,250.13,4.779,-62.763,Roll
0.488,-0.017,1.032,250.13,18.046,-51.481,Roll
0.472,0.236,1.059,250.13,25.969,-65.565,Roll
0.233,0.498,0.993,250.13,8.878,-84.344,Roll
0.112,0.677,0.863,250.13,-20.832,-68.55,Roll
0.094,0.689,0.532,250.13,-19.519,-31.611,Roll
0.082,0.973,0.549,250.13,-11.695,-5.008,Roll
0.131,1.099,0.443,250.13,-17.74,13.794,Roll
0.054,1.021,0.262,231.496,-26.763,34.969,Roll
0.034,1.021,0.261,171.802,-16.87,35.366,Roll
0.011,1.117,0.224,96.603,-8.588,19.053,Roll
0.059,1.142,0.222,-1.985,0.252,23.641,Roll
0.28,1.081,0.227,-100.924,-3.771,18.237,Roll
0.332,1.014,0.222,-181.557,-0.405,2.244,Roll
0.321,1.018,0.368,-250.137,13.702,-14.122,Roll
0.263,1.008,0.523,-250.137,45,-33.847,Roll
0.263,0.76,0.576,-250.137,54.908,-20.977,Roll
0.184,0.615,0.544,-250.137,42,10.519,Roll
0.26,0.502,0.6,-250.137,46.359,26.511,Roll
0.273,0.41,0.846,-250.137,56.695,37.931,Roll
0.141,0.192,0.887,-250.137,58.153,38.611,Roll
0.054,0.141,0.79,-250.137,53.573,42.824,Roll
-0.001,-0.177,0.974,-250.137,36.015,55.168,Roll
0.01,-0.428,1.193,-226.855,22.023,65.183,Roll
0.016,-0.527,1.221,-198.29,13.679,56.985,Roll
-0.113,-0.62,1.114,-156.84,-28.802,50.74,Roll
-0.038,-0.628,0.928,-138.191,-59.176,38.191,Roll
0.092,-0.601,0.911,-147.237,-61.87,30.214,Roll
0.054,-0.713,0.815,-128.634,-64.679,10.214,Roll
0.065,-0.762,0.808,-97.313,-86.908,-11.802,Roll
0.121,-0.744,0.826,-59.282,-70.023,-22.366,Roll
0.108,-0.68,0.801,0.473,-38.267,-27.427,Roll
0.125,-0.669,0.805,52.626,-10.985,-30.374,Roll
0.234,-0.709,0.822,98.16,5.519,-32.061,Roll
0.271,-0.711,0.919,151.863,24.252,-27.87,Roll
0.231,-0.639,0.975,228.115,25.328,-33.763,Roll
0.276,-0.434,0.954,250.13,27.412,-41.908,Roll
0.278,-0.359,0.932,250.13,48.725,-34.595,Roll
0.218,-0.17,1.086,250.13,31.855,-27.069,Roll
0.229,0.05,1.016,250.13,0.656,-14.412,Roll
0.167,0.271,1.002,250.13,-33.26,-5.031,Roll
0.12,0.498,0.943,250.13,-51.374,-2.252,Roll
0.247,0.842,0.873,250.13,-69.656,19.305,Roll
0.216,0.75,0.849,250.13,-82.084,21.458,Roll
0.171,0.809,0.535,250.13,-72.298,26.565,Roll
0.15,0.772,0.376,250.13,-46.42,39.008,Roll
0.2,0.835,0.297,250.13,-37.595,33.565,Roll
0.215,0.936,0.21,208.687,-35.534,29.145,Roll
0.289,1.065,0.186,136.45,-22.809,22.221,Roll
0.264,1.179,0.147,48.115,-13.557,12.038,Roll
0.332,1.061,0.105,-40.366,-6.588,4.153,Roll
0.387,1.098,0.145,-121.244,7.893,-8.305,Roll
0.358,1.051,0.225,-206.786,18.641,-15.565,Roll
0.308,1.052,0.331,-250.137,31.191,-10.756,Roll
0.371,0.952,0.414,-250.137,33.641,-18.427,Roll
0.301,0.8,0.638,-250.137,43.626,-26.771,Roll
0.361,0.608,0.743,-250.137,51.786,-31.45,Roll
0.347,0.446,0.746,-250.137,17.687,1.695,Roll
0.213,0.303,0.8,-250.137,-6.214,21.542,Roll
0.236,0.237,0.882,-250.137,-7.221,25.809,Roll
0.299,0.128,1.006,-250.137,-0.977,37.382,Roll
0.343,-0.047,1.051,-250.137,0.427,48.817,Roll
0.334,-0.259,1.12,-250.137,9.763,52.947,Roll
0.146,-0.343,0.904,-250.137,5.695,41.542,Roll
0.069,-0.477,0.828,-244.595,-11.328,39.55,Roll
0.135,-0.583,0.81,-217.878,-4.733,42.176,Roll
0.333,-0.747,0.806,-185.649,10.664,55.542,Roll
0.147,-0.872,0.701,-178.061,19.427,56.298,Roll
0.037,-0.956,0.712,-127.45,-11.122,33.939,Roll
0.063,-0.934,0.702,-64.275,-27.351,8.672,Roll
0.223,-0.888,0.657,-8.191,-26.397,-4.878,Roll
0.178,-0.89,0.704,39.611,-10.931,-11.748,Roll
0.115,-0.868,0.681,97.824,-23.595,-31.084,Roll
0.191,-0.803,0.743,161.305,-26.641,-41.198,Roll
0.231,-0.628,0.763,233.122,-22.321,-42.137,Roll
0.304,-0.636,0.806,250.13,-13.924,-37.282,Roll
0.33,-0.519,0.994,250.13,3.588,-30.435,Roll
0.356,-0.387,1.039,250.13,-6.786,-27.267,Roll
0.348,-0.247,0.848,250.13,-35.832,-16.153,Roll
0.391,-0.034,0.972,250.13,-54.229,-17.366,Roll
0.374,0.128,1.105,250.13,-45.405,-17.733,Roll
0.241,0.364,0.95,250.13,-43.053,-25.679,Roll
0.217,0.537,0.916,250.13,-59.725,-32.359,Roll
0.152,0.541,0.726,250.13,-63.168,-32.702,Roll
0.2,0.706,0.622,250.13,-57.443,-30.672,Roll
0.306,0.825,0.572,231.885,-49.924,-30.29,Roll
0.32,0.858,0.46,176.656,-39.771,-25.382,Roll
0.355,0.864,0.393,131.206,-23.511,-19.328,Roll
0.371,1.054,0.42,64.099,-16.588,-17.664,Roll
0.335,1.095,0.411,-8.603,-9.351,-12.008,Roll
0.365,1.119,0.387,-87.351,-2.229,-5.435,Roll
0.34,1.012,0.439,-158.939,4.382,2.168,Roll
0.294,1.013,0.588,-250.137,13.954,-1.771,Roll
0.341,0.874,0.695,-250.137,28.115,-13.634,Roll
0.416,0.665,0.719,-250.137,42.649,-18.328,Roll
0.428,0.526,0.697,-250.137,63.115,-30.87,Roll
0.343,0.416,0.751,-250.137,62.397,-22.954,Roll
0.187,0.134,0.794,-250.137,40.481,7.939,Roll
0.186,0.008,0.878,-250.137,7.389,21.053,Roll
0.354,-0.079,0.973,-250.137,2.992,11.427,Roll
0.235,-0.243,0.938,-250.137,-11.939,9.153,Roll
0.078,-0.424,0.957,-250.137,-29.702,-5.359,Roll
0.085,-0.597,0.864,-250.137,-35.069,0.038,Roll
0.284,-0.658,0.85,-231.145,-24.618,16.107,Roll
0.198,-0.765,0.848,-189.511,-10.687,24.664,Roll
0.078,-0.706,0.661,-144.992,-19.893,24.924,Roll
0.218,-0.915,0.637,-105.374,-26.672,25.687,Roll
0.284,-0.792,0.765,-43.366,-20.702,33.802,Roll
0.201,-1.002,0.734,42.718,-20.008,24.588,Roll
0.16,-1.09,0.691,117.397,-1.802,6.893,Roll
0.376,-0.823,0.62,193.275,-8.107,-9.763,Roll
0.281,-0.782,0.767,250.13,-22.29,-15.511,Roll
0.283,-0.554,0.818,250.13,-15.206,-20.565,Roll
0.219,-0.516,0.926,250.13,-29.053,-31.618,Roll
0.325,-0.432,0.912,250.13,-50.153,-31.45,Roll
0.36,-0.26,0.932,250.13,-46.122,-20.458,Roll
0.338,-0.104,1.032,250.13,-66.641,-11.26,Roll
0.336,-0.006,1.006,250.13,-73.771,-10.405,Roll
0.401,0.184,0.896,250.13,-69.008,-34.58,Roll
0.489,0.308,0.827,250.13,-59.244,-45.542,Roll
0.461,0.44,0.887,250.13,-60.244,-44.183,Roll
0.433,0.666,0.85,250.13,-50,-45.947,Roll
0.377,0.678,0.584,250.13,-34.13,-41.099,Roll
0.337,0.796,0.538,233.076,-22.687,-32.718,Roll
0.301,0.934,0.48,173.053,-9.519,-21.466,Roll
0.302,1.038,0.487,93.061,-9.038,-7.695,Roll
0.331,1.063,0.468,15.87,-12.962,-1.832,Roll
0.399,1.002,0.458,-50.191,2.206,-13.084,Roll
0.434,0.997,0.546,-114.924,32.58,-28.053,Roll
0.409,0.972,0.553,-180.359,55.473,-33.992,Roll
0.33,0.917,0.602,-250.137,62.847,-30.611,Roll
0.318,0.765,0.685,-250.137,71.702,-31.794,Roll
0.296,0.575,0.738,-250.137,68.939,-35.786,Roll
0.333,0.456,0.783,-250.137,62.099,-31.542,Roll
0.303,0.348,0.852,-250.137,60.466,-34.542,Roll
0.214,0.193,0.833,-250.137,28.008,-21.878,Roll
0.209,-0.033,0.931,-250.137,-9.374,-7.13,Roll
0.258,-0.21,0.913,-250.137,-11.595,3.344,Roll
0.214,-0.349,1.017,-250.137,-8.809,-11.42,Roll
0.182,-0.492,0.968,-250.137,-24.313,-27.26,Roll
0.066,-0.615,0.825,-250.137,-26.802,-32.672,Roll
0.232,-0.773,0.777,-214.511,-23.389,-19.863,Roll
0.22,-0.851,0.79,-162.748,-19.855,-16.649,Roll
0.143,-0.909,0.725,-76.107,-34.748,-5.45,Roll
0.182,-0.939,0.729,21.298,-32.595,-10.496,Roll
0.238,-0.894,0.725,115.427,-23.809,-4.13,Roll
0.241,-0.773,0.76,198.527,-13.824,-6.153,Roll
0.272,-0.63,0.786,250.13,-20.16,-11.374,Roll
0.285,-0.436,0.812,250.13,-37.122,-16.817,Roll
0.448,-0.343,0.871,250.13,-25.389,2.137,Roll
0.47,-0.274,0.911,250.13,-41.298,8.863,Roll
0.337,-0.109,0.936,250.13,-18.389,-20.802,Roll
0.389,-0.008,0.956,250.13,18.992,-20.992,Roll
0.387,0.204,1.048,250.13,4.74,-10.176,Roll
0.319,0.311,0.89,250.13,17.137,2.435,Roll
0.311,0.468,0.816,250.13,18.397,8.221,Roll
0.252,0.568,0.718,250.13,18.183,7.122,Roll
0.198,0.771,0.667,250.13,15.954,1.863,Roll
0.179,1.009,0.626,196.061,4.977,-7.076,Roll
0.265,1.004,0.675,124.496,-3.344,-8.015,Roll
0.233,1.039,0.6,46.626,-8.053,-0.527,Roll
0.27,1.034,0.573,-28.634,-6.137,0.954,Roll
0.263,1.095,0.588,-106.962,-4.076,-3.053,Roll
0.28,0.963,0.655,-199.328,-2.55,-16.534,Roll
0.317,0.854,0.746,-250.137,-1.145,-26.374,Roll
0.348,0.684,0.698,-250.137,24.534,-37.985,Roll
0.315,0.507,0.774,-250.137,35.809,-40.626,Roll
0.283,0.327,0.719,-250.137,35.58,-37.802,Roll
0.293,0.237,0.849,-250.137,22.153,-34.038,Roll
0.311,0.002,0.887,-250.137,5.389,-36.641,Roll
0.333,-0.104,0.758,-250.137,4.443,-50.099,Roll
0.129,-0.353,0.865,-250.137,17.725,-64.023,Roll
0.111,-0.402,0.859,-250.137,15.718,-78.71,Roll
0.13,-0.647,0.895,-250.137,-7.328,-82.359,Roll
0.191,-0.834,0.846,-194.718,-34.893,-94.229,Roll
0.31,-0.915,0.79,-111.626,-53.076,-91.29,Roll
0.437,-0.94,0.867,-58.145,-15.855,-30.015,Roll
0.344,-0.815,0.684,-7.053,3.405,0.718,Roll
0.309,-0.852,0.633,19.511,-0.038,20.87,Roll
0.277,-0.793,0.628,46.893,-0.718,11.519,Roll
0.299,-0.821,0.766,73.26,7.328,18.931,Roll
0.359,-0.738,0.837,112.313,1.107,10.466,Roll
0.465,-0.819,0.841,150,-1.763,15.901,Roll
0.406,-0.699,0.917,173.473,12.634,35.069,Roll
0.354,-0.663,0.869,193.26,49.153,41.374,Roll
0.225,-0.586,0.872,244.137,37.847,44.336,Roll
0.252,-0.536,1.049,250.13,15.626,52.908,Roll
0.25,-0.274,1.017,250.13,-18.275,39.855,Roll
0.419,0.086,0.796,250.13,-49.061,36.847,Roll
0.506,0.183,0.733,250.13,1.298,20.053,Roll
0.282,0.174,0.803,250.13,39.87,30.366,Roll
0.154,0.518,0.964,250.13,-1.992,40.809,Roll
0.055,0.82,0.886,233.588,-39.435,53.992,Roll
0.131,0.851,0.801,150.466,-32.198,41.832,Roll
0.147,0.855,0.771,58.389,-7.84,20.771,Roll
0.197,0.785,0.622,-41.427,-11.489,5.947,Roll
0.3,0.758,0.644,-115.443,-16.824,-3.985,Roll
0.352,0.737,0.691,-178.237,-17.534,-11.679,Roll
0.477,0.661,0.817,-248.634,-19.847,-8.679,Roll
0.426,0.56,0.819,-250.137,-7.626,-20.931,Roll
0.404,0.487,0.902,-250.137,12.176,-34.412,Roll
0.37,0.392,0.949,-250.137,32.489,-50.565,Roll
0.307,0.282,0.925,-250.137,22.42,-50.405,Roll
0.248,0.05,0.955,-250.137,13.664,-59.107,Roll
0.237,-0.067,0.955,-250.137,11.092,-74.275,Roll
0.317,-0.173,0.992,-250.137,30.328,-77.496,Roll
0.476,-0.157,0.912,-250.137,47.344,-89.374,Roll
0.366,-0.382,0.859,-250.137,54.183,-101.969,Roll
0.312,-0.705,1.043,-240.664,79.023,-96.069,Roll
0.184,-0.816,1.014,-120.534,73.481,-75.58,Roll
0.011,-0.761,0.846,-32.634,44.069,-65.687,Roll
0.318,-0.697,0.8,19.893,36.573,-60.237,Roll
0.39,-0.819,0.791,35.16,18.595,-53.534,Roll
0.233,-0.643,0.939,59.939,-5.855,-27.221,Roll
0.115,-0.621,0.928,75.282,4.168,-11.176,Roll
0.242,-0.497,1.029,74.809,5.092,18.13,Roll
0.214,-0.534,1.077,72.198,20.618,61.626,Roll
0.128,-0.53,1.097,96.313,22.489,95.412,Roll
0.142,-0.522,1.119,128.496,-1.847,126.809,Roll
0.257,-0.444,1.188,162.977,-12.931,172.069,Roll
0.177,-0.421,1.111,185.397,-18.954,210.71,Roll
0.117,-0.26,1.023,190.87,-26.702,223.405,Roll
0.185,-0.275,0.976,204.969,-27.214,230.855,Roll
0.103,-0.281,0.891,218.702,-43.374,222.679,Roll
0.005,-0.126,0.779,228.069,-93.191,202.824,Roll
0.103,0.021,0.952,231.656,-122.794,197.122,Roll
0.273,0.044,1,237.328,-122.71,149.573,Roll
0.376,0.25,0.924,250.13,-124.313,86.069,Roll
0.411,0.452,0.938,250.13,-81.466,-19.328,Roll
0.609,0.501,0.707,250.13,-103.908,-75.985,Roll
0.305,0.708,0.85,250.13,-111.153,-119.557,Roll
0.379,0.99,0.751,210.481,-107.931,-124.099,Roll
0.223,1.029,0.58,104.435,-110.229,-80.115,Roll
0.344,1.016,0.575,37.466,-94.695,-55.389,Roll
0.398,1.009,0.569,-31.962,-54.885,-45.779,Roll
0.371,0.81,0.42,-65.076,-31.191,-34.863,Roll
0.389,0.772,0.488,-83.244,-9.679,-25.992,Roll
0.298,0.834,0.626,-116.427,4.977,-19.321,Roll
0.259,0.859,0.719,-193.908,11.252,-4.061,Roll
0.16,0.622,0.866,-250.137,31.55,13.939,Roll
0.278,0.554,0.802,-250.137,68.038,11.74,Roll
0.377,0.353,0.918,-250.137,70.649,-8.641,Roll
0.409,0.201,0.851,-250.137,75.878,15.588,Roll
0.156,0.026,0.748,-250.137,87.405,11.282,Roll
0.191,-0.171,0.858,-250.137,44.435,-2.809,Roll
0.235,-0.482,0.917,-250.137,2.908,-24.298,Roll
0.081,-0.672,0.864,-250.137,-14.405,-30.595,Roll
0.032,-0.723,0.783,-250.137,-7.13,-37.244,Roll
0.052,-0.867,0.69,-212.855,-19.458,-28.733,Roll
0.245,-0.953,0.689,-162.779,-27.366,-21.748,Roll
0.231,-0.953,0.577,-127.878,-29.771,-17.611,Roll
0.191,-0.923,0.574,-84.137,-25.71,-12.252,Roll
0.28,-1.027,0.528,-29.412,-30.389,-21.756,Roll
0.255,-1.089,0.539,24.122,-21.115,-22.969,Roll
0.23,-1,0.571,95.069,-5.824,-33.229,Roll
0.236,-0.932,0.652,182.924,13.42,-30.809,Roll
0.246,-0.815,0.66,250.13,21.405,-36.092,Roll
0.302,-0.67,0.767,250.13,19.679,-50.527,Roll
0.342,-0.46,0.822,250.13,20.237,-53.26,Roll
0.604,-0.402,0.754,250.13,65.046,-46.969,Roll
0.393,-0.12,0.925,250.13,-6.916,-45.031,Roll
0.426,0.042,0.777,250.13,19.588,-27.687,Roll
0.343,0.167,0.968,250.13,28.679,-27.908,Roll
0.291,0.412,0.885,250.13,17.389,-28.588,Roll
0.191,0.587,0.764,250.13,12.26,-18.893,Roll
0.253,0.826,0.75,250.13,1.695,-9.328,Roll
0.186,0.881,0.537,250.13,3.863,1.122,Roll
0.153,0.913,0.506,248.519,1.42,-3.672,Roll
0.098,1.253,0.593,163.84,10.84,-14.565,Roll
0.105,1.28,0.417,67.145,-10.992,0.687,Roll
0.223,0.906,0.22,14.366,-26.519,29.458,Roll
0.325,0.927,0.327,-24.939,-9.824,15.061,Roll
0.312,0.983,0.363,-74.382,11.031,2.664,Roll
0.282,1.102,0.477,-144.13,20.588,-6.214,Roll
0.288,1.125,0.486,-222.466,24.771,2.901,Roll
0.3,0.984,0.49,-250.137,31.504,18.695,Roll
0.32,0.84,0.554,-250.137,48.969,23.687,Roll
0.248,0.648,0.672,-250.137,57.718,26.809,Roll
0.217,0.417,0.743,-250.137,37.527,45.786,Roll
0.274,0.188,0.691,-250.137,32.359,32.061,Roll
0.22,-0.042,0.718,-250.137,39.504,13.145,Roll
0.206,-0.179,0.784,-250.137,61.557,2.55,Roll
0.157,-0.472,0.977,-250.137,34.42,-4.511,Roll
0.14,-0.63,0.939,-250.137,20.527,-16.076,Roll
0.071,-0.723,0.815,-250.137,-16.084,-33.588,Roll
0.034,-0.829,0.804,-176.557,-36.748,-44.702,Roll
0.025,-0.964,0.769,-96.542,-30.496,-33.763,Roll
0.235,-0.829,0.765,-25.26,-17.611,-27.061,Roll
0.209,-0.873,0.701,21.389,-17.992,-22.893,Roll
0.183,-0.852,0.701,72.076,-18.817,-21.855,Roll
0.251,-0.846,0.767,130.908,-14.802,-25.893,Roll
0.274,-0.793,0.838,197.557,-9.649,-28.443,Roll
0.304,-0.69,0.889,250.13,1.664,-34.153,Roll
0.504,-0.721,0.875,250.13,51.794,-37.481,Roll
0.331,-0.477,1.022,250.13,14.412,-43.618,Roll
0.272,-0.235,0.959,250.13,19.656,-55.435,Roll
0.356,-0.04,0.952,250.13,14.954,-52.191,Roll
0.485,0.147,0.925,250.13,-6.832,-40.58,Roll
0.441,0.362,0.98,250.13,29.565,-27.237,Roll
0.233,0.571,0.895,250.13,29.55,-27.489,Roll
0.063,0.573,0.708,250.13,-0.656,-13.359,Roll
0.085,0.837,0.687,250.13,-13.565,-15.29,Roll
0.072,0.941,0.497,228.351,-11.947,-17.115,Roll
0.113,0.903,0.463,178.008,-11.008,-7.771,Roll
0.13,0.951,0.398,127.053,-5.824,-0.802,Roll
0.182,0.962,0.362,72.053,-2.115,9.137,Roll
0.225,1.001,0.362,13.313,-5.527,16.817,Roll
0.279,1.029,0.382,-46.443,-7.87,19.87,Roll
0.297,1.012,0.39,-105.267,-2.237,16.901,Roll
0.281,1.027,0.499,-177.939,9.779,14.71,Roll
0.287,1.002,0.553,-250.137,30.496,7.191,Roll
0.285,0.859,0.585,-250.137,46.344,15.84,Roll
0.253,0.612,0.621,-250.137,48.641,24.153,Roll
0.243,0.516,0.713,-250.137,62.626,27.298,Roll
0.143,0.301,0.783,-250.137,62.458,35.718,Roll
0.172,0.122,0.863,-250.137,18.282,32.13,Roll
0.293,-0.072,0.98,-250.137,15.649,14.092,Roll
0.189,-0.276,0.979,-250.137,-1.55,1.252,Roll
0.114,-0.529,0.96,-250.137,-16.489,0.931,Roll
0.152,-0.795,0.91,-250.137,-31.496,9.534,Roll
0.279,-0.852,0.954,-250.137,-29.336,13.336,Roll
0.224,-0.943,0.783,-213.481,-20.901,9.595,Roll
0.091,-0.971,0.706,-138.504,-17.107,6.481,Roll
0.036,-0.982,0.655,-51.427,-27.84,-11.061,Roll
0.096,-0.931,0.606,26.817,-32.015,-20.87,Roll
0.145,-0.897,0.614,98,-23.473,-26.794,Roll
0.17,-0.782,0.629,158.786,-18.008,-37.794,Roll
0.196,-0.768,0.706,227.099,-16.237,-50.794,Roll
0.34,-0.649,0.805,250.13,-0.84,-61.321,Roll
0.419,-0.428,0.902,250.13,17.893,-52.076,Roll
0.321,-0.366,0.884,250.13,33.573,-39.718,Roll
0.366,-0.255,1.047,250.13,5.038,-23.832,Roll
0.298,-0.102,0.97,250.13,-5.954,-41.962,Roll
0.266,0.098,0.961,250.13,-23.359,-38.672,Roll
0.292,0.245,0.945,250.13,-32.389,-37.733,Roll
0.292,0.362,0.832,250.13,-27.42,-25.496,Roll
0.327,0.547,0.881,250.13,-21.802,-20.015,Roll
0.275,0.663,0.806,250.13,-22.275,-14.237,Roll
0.235,0.734,0.693,205.649,-26.275,-19.214,Roll
0.272,0.779,0.664,143.611,-24.931,-18.916,Roll
0.313,0.954,0.616,83.496,-13.771,-11.145,Roll
0.346,0.935,0.641,14.321,-16.198,9.198,Roll
0.296,0.902,0.633,-53.374,-7.313,15.397,Roll
0.315,0.865,0.65,-119.603,-0.191,24.107,Roll
0.326,0.83,0.714,-195.519,11.588,26.374,Roll
0.406,0.736,0.737,-250.137,35.733,29.053,Roll
0.441,0.62,0.739,-250.137,38.817,40.618,Roll
0.356,0.43,0.775,-250.137,34.947,56.893,Roll
0.298,0.249,0.798,-250.137,32.023,53.198,Roll
0.409,0.121,0.904,-250.137,52.908,41.527,Roll
0.408,-0.01,0.907,-250.137,73.74,32.153,Roll
0.279,-0.245,0.945,-250.137,49.412,27.832,Roll
0.111,-0.405,0.885,-250.137,-3.42,13.824,Roll
0.21,-0.653,0.965,-250.137,-49.656,0.756,Roll
0.378,-0.862,0.97,-218.977,-39.458,9.634,Roll
0.268,-0.845,0.829,-158.573,-10.519,21.061,Roll
0.119,-0.898,0.74,-70.573,0.664,12.863,Roll
0.034,-0.922,0.738,22.061,-19.534,-9.756,Roll
0.158,-0.834,0.701,106.046,-29.015,-27.611,Roll
0.233,-0.798,0.77,191.878,-21.832,-45.282,Roll
0.34,-0.615,0.853,250.13,-8.611,-59.321,Roll
0.367,-0.464,0.859,250.13,12.237,-58.374,Roll
0.36,-0.346,0.851,250.13,25.931,-46.107,Roll
0.317,-0.109,0.883,250.13,-6.412,-27.321,Roll
0.395,-0.006,0.875,250.13,-45.397,-35.374,Roll
0.455,0.192,0.945,250.13,-23.863,-30.069,Roll
0.413,0.345,0.976,250.13,-19.305,-31.382,Roll
0.3,0.497,0.935,250.13,-20.191,-32.038,Roll
0.286,0.61,0.822,250.13,-14.023,-31.084,Roll
0.317,0.746,0.766,243.824,-19.252,-28.565,Roll
0.257,0.811,0.666,174.786,-22.45,-28.924,Roll
0.297,0.868,0.618,112.565,-24.153,-20.534,Roll
0.344,0.892,0.605,56.435,-21.053,-4.985,Roll
0.353,0.842,0.574,5.779,-8.137,-1.435,Roll
0.369,0.897,0.583,-45.664,3.336,6.122,Roll
0.35,0.892,0.613,-105.336,6.046,16.16,Roll
0.35,0.879,0.694,-181.473,16.809,25.13,Roll
0.393,0.783,0.736,-250.137,29.267,35.298,Roll
0.398,0.657,0.751,-250.137,43.695,35.496,Roll
0.374,0.486,0.748,-250.137,46.397,43.466,Roll
0.306,0.323,0.793,-250.137,29.282,53.382,Roll
0.419,0.181,0.976,-250.137,24.779,56.382,Roll
0.45,-0.038,0.853,-250.137,31.405,42.863,Roll
0.344,-0.136,0.919,-250.137,35.214,41.405,Roll
0.213,-0.39,0.968,-250.137,24.382,37.885,Roll
0.156,-0.613,0.949,-250.137,-19.466,33.313,Roll
0.25,-0.745,0.936,-190.992,-29.847,30.794,Roll
0.184,-0.803,0.866,-117.985,-21.153,22.534,Roll
0.11,-0.805,0.789,-40.13,-29.328,11.649,Roll
0.191,-0.756,0.712,17.565,-45.092,-4.817,Roll
0.254,-0.772,0.726,61.702,-40.298,-15.45,Roll
0.27,-0.764,0.773,113.038,-32.947,-24.931,Roll
0.289,-0.695,0.839,176.481,-31.847,-43.084,Roll
0.332,-0.567,0.934,250.13,-32.053,-62.473,Roll
0.424,-0.416,0.951,250.13,-15.29,-72.618,Roll
0.396,-0.263,0.921,250.13,15.221,-65.954,Roll
0.451,-0.108,0.921,250.13,19.015,-45.443,Roll
0.518,0.069,0.943,250.13,-6.336,-53.313,Roll
0.5,0.162,0.89,250.13,-19.298,-53.252,Roll
0.518,0.331,1.048,250.13,5.71,-52.74,Roll
0.355,0.511,0.958,250.13,16.481,-48.824,Roll
0.273,0.615,0.838,250.13,8.031,-47.221,Roll
0.172,0.664,0.612,226.824,-11.58,-32.649,Roll
0.201,0.769,0.537,188.863,-25.29,-21.84,Roll
0.329,0.898,0.569,147.122,-18.359,-24.473,Roll
0.304,0.965,0.535,103.13,-12.84,-21.405,Roll
0.319,0.939,0.491,57.336,-19.13,-2.237,Roll
0.315,0.947,0.506,8.427,-16.344,8.145,Roll
0.369,0.99,0.558,-47.725,-7.977,14.626,Roll
0.38,1.02,0.646,-125.023,1.763,18.878,Roll
0.356,0.933,0.673,-213.679,22.87,24.473,Roll
0.427,0.8,0.661,-250.137,49.137,20.649,Roll
0.427,0.652,0.644,-250.137,70.649,17.809,Roll
0.333,0.486,0.677,-250.137,57.084,33.351,Roll
0.295,0.347,0.754,-250.137,38.115,42.939,Roll
0.292,0.239,0.835,-250.137,36.786,39.473,Roll
0.348,-0.02,0.819,-250.137,26.611,35.634,Roll
0.332,-0.136,0.909,-250.137,36.16,27.687,Roll
0.239,-0.4,1.109,-250.137,33.855,27.649,Roll
0.127,-0.568,1.072,-243.603,5.519,22.947,Roll
0.147,-0.674,0.955,-162.542,-21.878,10.565,Roll
0.14,-0.702,0.906,-87.458,-31.695,6.359,Roll
0.167,-0.713,0.856,-26.076,-21.527,7.076,Roll
0.129,-0.775,0.851,38.794,-11.702,-3,Roll
0.169,-0.732,0.884,108.947,-15.748,-22.954,Roll
0.167,-0.66,0.945,191.74,-14.45,-45.916,Roll
0.233,-0.45,1.033,250.13,1.252,-66.099,Roll
0.365,-0.317,1.011,250.13,37.618,-57.969,Roll
0.557,-0.311,0.772,250.13,54.16,-56.252,Roll
0.393,-0.001,0.92,250.13,-44.061,-46.038,Roll
0.348,0.194,0.879,250.13,-36.924,-48.214,Roll
0.394,0.351,0.948,250.13,2.893,-30.786,Roll
0.239,0.484,0.86,250.13,-8.473,-12.908,Roll
0.219,0.657,0.825,250.13,-27.641,-20.794,Roll
0.25,0.816,0.758,223.687,-31.893,-23.42,Roll
0.192,0.931,0.662,142.817,-22.061,-32.008,Roll
0.236,0.939,0.585,65.458,-11.099,-25.588,Roll
0.255,0.918,0.542,2.519,-4.84,-2.084,Roll
0.251,0.889,0.545,-59.336,-1.679,10.405,Roll
0.293,0.873,0.574,-115.122,4.176,20.809,Roll
0.342,0.847,0.641,-169.939,6.916,32.305,Roll
0.347,0.771,0.72,-219.977,10.702,35.542,Roll
0.367,0.685,0.771,-250.137,30.496,39.046,Roll
0.373,0.599,0.769,-250.137,43.893,33.084,Roll
0.278,0.497,0.88,-250.137,42.634,26.229,Roll
0.224,0.343,0.9,-250.137,16.855,22.344,Roll
0.246,0.164,0.91,-250.137,0.183,32.489,Roll
0.333,0.015,0.964,-250.137,1.046,17.74,Roll
0.353,-0.093,0.923,-250.137,3.298,13.45,Roll
0.417,-0.375,0.994,-250.137,7.931,10.718,Roll
0.278,-0.454,1.016,-250.137,-8.809,13.511,Roll
0.118,-0.76,0.915,-185.557,-27.565,19.26,Roll
0.133,-0.746,0.897,-86.191,-43.702,11.107,Roll
0.178,-0.782,0.771,-16.481,-33.237,-0.855,Roll
0.205,-0.833,0.837,57.053,-22.168,-8.573,Roll
0.222,-0.788,0.844,130.901,-14.427,-15.137,Roll
0.194,-0.658,0.896,223.702,-22.603,-23.641,Roll
0.362,-0.451,0.931,250.13,-12.542,-35.977,Roll
0.31,-0.366,0.904,250.13,4.611,-47.397,Roll
0.345,-0.249,0.928,250.13,6.351,-37.588,Roll
0.434,-0.087,1.049,250.13,-25.832,-21.061,Roll
0.419,0.157,0.9,250.13,-17.992,-33.672,Roll
0.357,0.337,0.93,250.13,-11.901,-33.832,Roll
0.402,0.447,0.871,250.13,-8.496,-37.053,Roll
0.251,0.602,0.787,250.13,-13.42,-41.55,Roll
0.223,0.671,0.576,250.13,-41.046,-24.191,Roll
0.274,0.837,0.567,238.557,-48.817,-9.107,Roll
0.296,1.031,0.55,163.779,-36.282,-24.763,Roll
0.365,1.027,0.461,106.374,-23.191,-19.71,Roll
0.276,0.984,0.39,47.702,-25.389,-2.038,Roll
0.323,0.9,0.33,-0.962,-17.809,12.649,Roll
0.378,0.934,0.359,-46.687,-3.672,17.176,Roll
0.385,1.003,0.45,-100.519,12.435,14.504,Roll
0.366,0.986,0.531,-175.244,28.855,16.038,Roll
0.379,1.041,0.629,-250.137,42.405,30.916,Roll
0.409,0.868,0.657,-250.137,63.74,42.916,Roll
0.42,0.688,0.575,-250.137,83.504,60.702,Roll
0.463,0.438,0.713,-250.137,65.794,85.008,Roll
0.396,0.207,0.792,-250.137,47.344,84.298,Roll
0.402,0.034,0.86,-250.137,72.931,54.397,Roll
0.265,-0.081,0.986,-250.137,83.351,31.313,Roll
0.081,-0.271,0.97,-250.137,23.481,19.374,Roll
0.092,-0.522,0.927,-250.137,-24.87,9.237,Roll
0.178,-0.707,0.924,-250.137,-31.504,14.702,Roll
0.165,-0.922,0.868,-216.916,-14.542,30.16,Roll
0.19,-0.868,0.743,-161.595,-9.26,28.115,Roll
0.164,-0.813,0.662,-107.366,-26.328,16.748,Roll
0.223,-0.868,0.581,-73.504,-47.565,-4.366,Roll
0.155,-0.916,0.617,-23.29,-48.153,-15.038,Roll
0.192,-0.934,0.637,52.802,-40.603,-26.046,Roll
0.254,-0.921,0.726,132.176,-21.344,-38.206,Roll
0.224,-0.835,0.757,224,-12.099,-61.313,Roll
0.283,-0.642,0.802,250.13,-12.115,-72.466,Roll
0.37,-0.548,0.77,250.13,16.817,-69.779,Roll
0.387,-0.377,0.868,250.13,20.435,-73.58,Roll
0.62,-0.074,0.987,250.13,22.046,-63.695,Roll
0.232,-0.048,0.985,250.13,23.748,-61.053,Roll
0.559,0.174,0.867,250.13,-18.13,-75.16,Roll
0.368,0.351,0.862,250.13,-1.702,-66.298,Roll
0.168,0.55,0.832,250.13,-34.321,-51.458,Roll
0.135,0.667,0.662,250.13,-19.336,-48.267,Roll
0.105,0.798,0.564,250.13,-30.206,-31.649,Roll
0.168,0.906,0.446,162.649,-22.634,-27.183,Roll
0.359,1.003,0.441,88.031,-3.496,-25.107,Roll
0.292,1.051,0.435,16.359,6.206,-6.42,Roll
0.279,0.967,0.393,-42.435,21.481,-4.336,Roll
0.32,0.952,0.422,-91.634,33.015,-6.328,Roll
0.351,0.977,0.506,-143.931,43.863,0.313,Roll
0.313,0.931,0.623,-206.061,57.16,5.145,Roll
0.3,0.896,0.687,-250.137,68.725,1.252,Roll
0.309,0.741,0.726,-250.137,50.565,12.786,Roll
0.299,0.625,0.785,-250.137,36.374,27.634,Roll
0.335,0.33,0.786,-250.137,4.771,54.687,Roll
0.215,0.139,0.904,-250.137,-4.565,66.221,Roll
0.293,-0.038,1.009,-250.137,14.794,49.038,Roll
0.177,-0.143,0.942,-250.137,35.992,20.244,Roll
0.091,-0.351,0.966,-250.137,23.115,-18.786,Roll
0.071,-0.51,0.89,-250.137,-8.298,-35.603,Roll
0.195,-0.696,0.863,-250.137,-21.046,-31.878,Roll
0.246,-0.788,0.87,-201.931,-8.489,-9.939,Roll
0.178,-0.796,0.76,-139.725,-4.504,-0.618,Roll
0.156,-0.855,0.674,-72.321,-24.176,5.107,Roll
0.186,-0.894,0.708,-2.046,-23.176,-5.42,Roll
0.198,-0.891,0.705,67.229,-27.824,-22.214,Roll
0.191,-0.835,0.753,148.137,-33.656,-44.031,Roll
0.245,-0.731,0.823,226.107,-27.344,-58.092,Roll
0.346,-0.585,0.901,250.13,-15.603,-57.252,Roll
0.403,-0.418,0.925,250.13,9.122,-55.695,Roll
0.374,-0.252,0.938,250.13,25.13,-55.427,Roll
0.383,-0.098,0.968,250.13,-49.901,-45.55,Roll
0.404,0.136,0.865,250.13,-31.466,-59.595,Roll
0.585,0.173,0.937,250.13,8.756,-53.122,Roll
0.373,0.36,0.866,250.13,9.634,-48.176,Roll
0.237,0.535,0.79,250.13,-18.229,-45.565,Roll
0.222,0.658,0.665,250.13,-29.16,-42.824,Roll
0.316,0.943,0.573,250.13,-6.015,-58.496,Roll
0.226,1.023,0.527,221.16,21.076,-76.626,Roll
0.148,1.107,0.433,151.565,30.634,-67.29,Roll
0.159,1.069,0.377,81.183,19.656,-28.374,Roll
0.115,1.091,0.354,12.275,14.069,-16.634,Roll
0.126,1.038,0.35,-50.702,21.656,-13.672,Roll
0.136,0.997,0.392,-104.344,26.038,-12.725,Roll
0.18,1.048,0.427,-165.939,13.947,7.763,Roll
0.198,1.147,0.551,-233.275,1.855,31.939,Roll
0.226,0.91,0.584,-250.137,0.832,42.298,Roll
0.37,0.705,0.532,-250.137,3.26,49.42,Roll
0.335,0.628,0.657,-250.137,11.405,59.237,Roll
0.2,0.387,0.698,-250.137,-3.992,67.87,Roll
0.186,0.296,0.827,-250.137,-23.214,65.634,Roll
0.109,0.112,0.919,-250.137,-63.031,47.275,Roll
0.259,-0.055,0.913,-250.137,-67.969,11.878,Roll
0.505,-0.261,0.938,-250.137,-21.489,-8.916,Roll
0.419,-0.326,0.981,-250.137,-11.382,1.847,Roll
0.278,-0.571,0.91,-250.137,-46.641,17.092,Roll
0.27,-0.702,0.905,-250.137,-67.802,18.863,Roll
0.423,-0.935,0.82,-170.756,-72.55,15.244,Roll
0.557,-0.921,0.74,-90.13,-27.237,24.962,Roll
0.351,-0.906,0.635,-24.206,-1.511,31.725,Roll
0.201,-0.846,0.559,29.74,-22.344,18.519,Roll
0.283,-0.803,0.599,67.901,-27.786,2.099,Roll
0.409,-0.781,0.594,83.282,-26.878,-6.634,Roll
0.434,-0.79,0.707,108.756,-8.87,-11.626,Roll
0.381,-0.714,0.785,150.977,8.992,-17.397,Roll
0.407,-0.675,0.87,207.687,25.901,-29.748,Roll
0.434,-0.601,0.899,250.13,52.55,-42.534,Roll
0.427,-0.39,0.923,250.13,57.458,-56.351,Roll
0.343,-0.354,0.847,250.13,1.405,-69.832,Roll
0.495,0.03,0.836,250.13,16.267,-81.252,Roll
0.5,0.097,0.868,250.13,10.573,-73.046,Roll
0.456,0.216,0.814,250.13,9.931,-73.038,Roll
0.341,0.301,0.832,250.13,6.427,-68.84,Roll
0.257,0.593,0.717,250.13,10.824,-68.817,Roll
0.285,0.626,0.585,250.13,24.817,-62.344,Roll
0.166,0.768,0.457,250.13,28.679,-54.55,Roll
0.135,0.847,0.401,250.13,22.168,-47.473,Roll
0.129,1.097,0.356,219.84,21.336,-32.412,Roll
0.13,1.241,0.361,136.458,15.87,-19.649,Roll
0.196,1.168,0.267,37.687,6.092,7.061,Roll
0.237,1.094,0.174,-37.397,2.137,25.687,Roll
0.228,1.043,0.232,-110.473,-9.664,30.29,Roll
0.235,1.059,0.295,-178.649,-12.214,34.603,Roll
0.286,1.041,0.446,-250.137,-3.107,21.221,Roll
0.324,0.962,0.567,-250.137,24.244,-2.931,Roll
0.293,0.791,0.608,-250.137,52.832,-31.557,Roll
0.253,0.774,0.577,-250.137,50.687,4.336,Roll
0.193,0.631,0.618,-250.137,-1.626,49.802,Roll
0.307,0.264,0.84,-250.137,-2.221,72.008,Roll
0.427,0.175,1.131,-250.137,32.939,74.504,Roll
0.271,-0.002,0.977,-250.137,50.397,60.901,Roll
0.115,-0.009,0.834,-250.137,26.641,38.42,Roll
-0.049,-0.277,0.905,-250.137,-0.687,26.901,Roll
0.025,-0.454,0.763,-250.137,-33.779,25.153,Roll
0.403,-0.734,0.815,-250.137,-17.985,23.534,Roll
0.377,-0.907,0.905,-243.237,17.031,39.573,Roll
0.131,-1.053,0.768,-147.649,20.214,41.672,Roll
-0.03,-0.982,0.719,-64.649,-21.29,35.725,Roll
0.003,-0.969,0.64,14.305,-33.366,21.802,Roll
0.107,-0.873,0.61,68.168,-6.985,20.74,Roll
0.08,-0.923,0.626,119.527,-1.855,3.198,Roll
0.07,-0.828,0.713,182.496,-30.168,-23.206,Roll
0.171,-0.704,0.753,237.145,-28.237,-32.092,Roll
0.24,-0.656,0.844,250.13,-14.206,-38.595,Roll
0.181,-0.551,0.969,250.13,-0.847,-52.435,Roll
0.253,-0.415,0.932,250.13,-11.863,-67.405,Roll
0.263,-0.326,0.946,250.13,1.122,-59.527,Roll
0.225,-0.046,0.966,250.13,-11.069,-58.718,Roll
0.286,0.203,0.942,250.13,-26.641,-55.397,Roll
0.33,0.299,0.922,250.13,-6.527,-50.45,Roll
0.345,0.426,0.829,250.13,3.634,-34.58,Roll
0.265,0.596,0.811,250.13,-1.679,-12.893,Roll
0.138,0.754,0.657,250.13,-13.794,10.618,Roll
0.078,0.879,0.516,250.13,-30.29,22.924,Roll
0.054,0.94,0.431,250.13,-18.076,13.084,Roll
0.126,1.116,0.395,192.122,-11.298,3.573,Roll
0.172,1.189,0.334,96.802,-14.542,13.885,Roll
0.194,1.071,0.289,-0.542,-18.023,24.947,Roll
0.255,0.984,0.273,-75.29,-6.901,12.985,Roll
0.28,0.981,0.315,-140.069,8.397,4.885,Roll
0.277,0.983,0.42,-205.405,15.794,-1.504,Roll
0.274,1.047,0.558,-250.137,24.45,-11.145,Roll
0.29,0.963,0.655,-250.137,40.252,-17.893,Roll
0.293,0.795,0.634,-250.137,31.977,2.901,Roll
0.227,0.533,0.668,-250.137,-13.748,24.389,Roll
0.204,0.334,0.688,-250.137,-41.863,28.809,Roll
0.393,0.271,0.709,-250.137,-24.397,37.313,Roll
0.366,0.114,1.068,-250.137,-1.977,49.221,Roll
0.324,-0.08,1.021,-250.137,-33.695,38.389,Roll
0.329,-0.243,1.004,-250.137,-51.466,21.733,Roll
0.268,-0.403,0.948,-250.137,-40.435,29.214,Roll
0.23,-0.486,0.865,-250.137,-33.954,40.168,Roll
0.357,-0.627,0.765,-250.137,-31.511,37.626,Roll
0.427,-0.734,0.731,-243.305,-15.687,45.611,Roll
0.357,-0.795,0.703,-204.695,-5.626,51.267,Roll
0.215,-0.985,0.654,-134.435,-5.786,50.282,Roll
0.14,-1.034,0.618,-54.687,-1.878,36.26,Roll
0.141,-1.004,0.57,26.412,-4.985,9.954,Roll
0.24,-0.939,0.557,92.473,-22.458,-16.496,Roll
0.293,-0.913,0.618,143.855,-14.809,-25.74,Roll
0.33,-0.86,0.702,199.824,-1.16,-39.046,Roll
0.404,-0.656,0.791,237.061,24.672,-39.374,Roll
0.35,-0.589,0.789,250.13,46.878,-26.053,Roll
0.257,-0.542,0.911,250.13,36.092,-29.786,Roll
0.443,-0.269,1.023,250.13,-6.038,-26.489,Roll
0.299,-0.384,1.003,250.13,-2.107,-68.198,Roll
-0.159,-0.491,1.119,250.13,-28.672,-63.824,Roll
0.319,0.034,0.942,250.13,-2.901,-63.305,Roll
0.277,0.131,0.987,245.534,33.931,-56.779,Roll
0.327,0.267,1.08,250.13,23.229,-46.282,Roll
0.323,0.268,0.955,250.13,-4.107,-43.908,Roll
0.355,0.429,0.917,250.13,-15.618,-41.015,Roll
0.333,0.579,0.854,250.13,-9.947,-28.931,Roll
0.23,0.636,0.655,250.13,-23.74,-23.298,Roll
0.205,0.748,0.612,250.13,-39.481,-4.427,Roll
0.244,0.823,0.557,250.13,-45.489,10,Roll
0.197,1.004,0.56,190.618,-36.092,13.191,Roll
0.184,0.987,0.56,102.038,-16.969,9.664,Roll
0.28,0.973,0.458,16.237,-5.893,3.328,Roll
0.303,1,0.436,-53.031,8.45,1.511,Roll
0.32,0.965,0.421,-125.664,11.466,1.321,Roll
0.317,0.897,0.451,-192.855,7.603,4.962,Roll
0.379,0.868,0.533,-249.679,20.336,2.58,Roll
0.38,0.852,0.716,-250.137,41.878,0.489,Roll
0.389,0.795,0.807,-250.137,51.076,34.557,Roll
0.309,0.514,0.73,-250.137,31.534,66.16,Roll
0.222,0.366,0.778,-250.137,19.473,51.252,Roll
0.187,0.3,0.834,-250.137,5.573,50.115,Roll
0.125,0.072,0.932,-250.137,-26.061,43.061,Roll
0.277,-0.123,1.054,-250.137,-31.313,36.519,Roll
0.472,-0.288,1.018,-250.137,-34.267,42.702,Roll
0.537,-0.408,1.058,-250.137,-25.282,56.374,Roll
0.322,-0.529,0.898,-250.137,-10.885,66.87,Roll
0.203,-0.621,0.708,-234.672,-4.695,75.13,Roll
0.281,-0.596,0.625,-221.71,19.389,76.954,Roll
0.112,-0.902,0.684,-170.84,25.427,73.45,Roll
0.082,-0.946,0.608,-108.382,18.305,51.817,Roll
0.022,-0.96,0.568,-51.542,-10.076,20.344,Roll
0.059,-1.035,0.617,15.695,-25.908,-2.328,Roll
0.167,-1.01,0.618,79.191,-30.725,-23.969,Roll
0.212,-0.978,0.654,126.397,-27.313,-48.45,Roll
0.247,-0.855,0.693,171.115,-29.565,-72.443,Roll
0.234,-0.817,0.786,211.733,-36.412,-91.748,Roll
0.356,-0.573,0.812,226.771,-16.397,-84.794,Roll
0.421,-0.562,0.931,230.443,36.366,-56.336,Roll
0.39,-0.387,0.906,240.282,62.908,-41.023,Roll
0.315,-0.492,0.993,249.008,36.046,-51.832,Roll
0.178,-0.32,0.988,250.038,16.427,-69.901,Roll
0.281,-0.139,1.018,250.13,15.969,-70.069,Roll
0.443,0.031,1.014,250.13,26.489,-74.969,Roll
0.297,0.074,0.993,228.947,-1.412,-64.252,Roll
0.246,0.208,0.982,188.756,-14.13,-66.221,Roll
0.221,0.354,0.955,165.153,-17.878,-57.718,Roll
0.218,0.419,0.883,169.305,-20.191,-36.885,Roll
0.253,0.454,0.95,149.45,-24.092,-20.015,Roll
0.299,0.493,0.946,109.305,-45.496,-0.45,Roll
0.307,0.524,0.915,69.985,-41.198,3.153,Roll
0.351,0.548,0.8,44.565,-32.893,-4.702,Roll
0.386,0.56,0.867,19.496,-28.435,-6.924,Roll
0.342,0.542,0.849,-22.763,-24.74,-7.908,Roll
0.325,0.534,0.86,-65.618,-22.107,-3.725,Roll
0.351,0.521,0.944,-119.519,-9.809,8.901,Roll
0.347,0.476,0.963,-185.427,-8.198,22.618,Roll
0.396,0.45,0.918,-230.985,-3.412,46.573,Roll
0.486,0.396,0.933,-247.87,10.153,79.863,Roll
0.42,0.265,0.886,-250.137,15.908,126.26,Roll
0.277,0.038,0.764,-250.137,-18.26,162.023,Roll
0.345,-0.135,0.823,-250.137,-45.802,136.985,Roll
0.523,-0.172,0.876,-250.137,-18.695,117.855,Roll
0.388,-0.358,0.857,-250.137,11.443,111.107,Roll
0.206,-0.615,0.801,-250.137,4.725,89.817,Roll
0.229,-0.866,0.757,-233.107,1.305,50.908,Roll
0.284,-0.965,0.74,-180.153,-14.137,18.649,Roll
0.344,-0.938,0.729,-127.908,-7.252,8.107,Roll
0.279,-1.001,0.673,-72.298,-4.351,8.489,Roll
0.149,-1.038,0.649,3.443,-3.305,-16.053,Roll
0.348,-0.981,0.661,81.038,-4.489,-33.87,Roll
0.341,-0.876,0.667,140.649,-1.931,-37.969,Roll
0.398,-0.859,0.742,200.748,15.496,-48.664,Roll
0.461,-0.778,0.816,250.13,43.458,-66.893,Roll
0.343,-0.599,0.865,250.13,31.427,-77.42,Roll
0.282,-0.502,0.811,250.13,9.473,-77.626,Roll
0.565,-0.212,0.95,250.13,20.107,-59.634,Roll
0.349,-0.155,0.982,250.13,20.603,-47.595,Roll
0.294,-0.017,1.015,250.13,2.519,-39.481,Roll
0.241,0.177,0.956,250.13,-2.061,-29.687,Roll
0.476,0.316,1.037,250.13,25.511,-25.061,Roll
0.219,0.378,1.096,250.13,8.382,-35.305,Roll
0.313,0.494,0.825,250.13,-41.573,-27.26,Roll
0.308,0.561,0.807,250.13,-51.863,-37.687,Roll
0.391,0.699,0.787,241.481,-29.504,-34.313,Roll
0.32,0.77,0.721,227.504,-1.687,-25.191,Roll
0.262,0.795,0.641,182.557,0.099,-19.137,Roll
0.258,0.839,0.513,126.931,-9.405,-13.511,Roll
0.29,0.878,0.525,69.786,-23.427,-3.725,Roll
0.33,0.903,0.56,2.061,-7.649,0.885,Roll
0.33,0.916,0.583,-73.206,18.573,1.382,Roll
0.314,0.88,0.591,-160.053,34.702,4.542,Roll
0.329,0.806,0.651,-250.137,40.756,16.649,Roll
0.334,0.712,0.712,-250.137,57.397,19.672,Roll
0.431,0.61,0.705,-250.137,88.206,26.969,Roll
0.393,0.554,0.803,-250.137,76.649,46.275,Roll
0.211,0.341,0.808,-250.137,42.573,73.893,Roll
0.166,0.212,0.662,-250.137,11.603,104.603,Roll
0.173,-0.12,0.783,-250.137,-1.916,102.672,Roll
0.22,-0.392,0.803,-250.137,-12.779,67.298,Roll
0.187,-0.551,0.899,-250.137,-11.687,42.313,Roll
0.135,-0.761,0.906,-214.603,-5.626,53.42,Roll
0.127,-1.112,0.938,-108.748,0.443,59.435,Roll
0.081,-1.171,0.854,-61.069,3.779,28.916,Roll
0.062,-0.849,0.613,-20.489,-18.626,15.191,Roll
0.069,-0.829,0.578,11.153,-34.183,8.053,Roll
0.157,-0.816,0.603,21.626,-37.542,8.702,Roll
0.135,-0.746,0.641,32.229,-26.382,10.626,Roll
0.086,-0.747,0.673,59.481,-24.84,9.16,Roll
0.113,-0.764,0.725,100.427,-34.985,-1.504,Roll
0.206,-0.791,0.789,145.053,-38.26,-27.947,Roll
0.198,-0.725,0.914,175.176,-19.13,-58.656,Roll
0.201,-0.646,0.938,206.038,-10.191,-110.473,Roll
0.249,-0.479,0.924,246.756,24.695,-163.863,Roll
0.187,-0.344,0.874,250.13,-8.672,-188.282,Roll
0.483,0.121,0.903,250.13,-13.969,-126.099,Roll
0.828,-0.005,0.94,250.13,-20.015,-74.206,Roll
0.563,0.196,1.157,250.13,-31.954,-96.076,Roll
0.237,0.605,1.007,250.13,-18.824,-103.305,Roll
0.068,0.609,0.815,250.13,-6.275,-91.244,Roll
0.128,0.711,0.729,250.13,8.725,-57.87,Roll
0.179,0.818,0.542,250.13,21.092,-31.802,Roll
0.236,0.88,0.511,188.328,15.427,-16.733,Roll
0.189,0.961,0.428,122.672,7.55,-11.443,Roll
0.264,0.979,0.408,56.664,4.931,-4.038,Roll
0.33,0.991,0.452,-7,16.328,-1.496,Roll
0.262,1.032,0.487,-70.534,34.107,-9.107,Roll
0.275,1.054,0.466,-141.473,35.794,-1.511,Roll
0.271,0.996,0.486,-219.87,17.649,32.198,Roll
0.271,0.893,0.536,-250.137,25.58,40.313,Roll
0.257,0.727,0.602,-250.137,31.519,41.206,Roll
0.161,0.635,0.756,-250.137,32.802,53.267,Roll
0.149,0.389,0.755,-250.137,7.092,71.122,Roll
0.204,0.159,0.758,-250.137,-37.382,83.427,Roll
0.282,-0.038,0.871,-250.137,-23.359,72.725,Roll
0.327,-0.105,0.937,-250.137,6.336,61.015,Roll
0.296,-0.322,0.956,-250.137,17.763,56.061,Roll
0.233,-0.552,0.961,-250.137,24.061,54.588,Roll
0.218,-0.765,1.026,-220.137,3.817,43.435,Roll
0.193,-0.899,1.012,-134.366,-42.992,17.084,Roll
0.19,-0.856,0.911,-47.389,-70.252,9.786,Roll
0.179,-0.781,0.796,26.519,-16.145,9.267,Roll
0.11,-0.748,0.682,56.168,6.13,3.931,Roll
0.125,-0.695,0.688,74.13,-12.496,-14.504,Roll
0.162,-0.667,0.753,102.695,-20.641,-30.511,Roll
0.239,-0.627,0.88,140.656,-15.634,-60.931,Roll
0.369,-0.665,0.911,210.359,4.908,-76.252,Roll
0.43,-0.616,1.049,250.13,34.282,-94.519,Roll
0.356,-0.43,0.956,250.13,44.893,-104.573,Roll
0.333,-0.206,0.917,250.13,0.389,-105.405,Roll
0.509,0.144,1.046,250.13,3.458,-80.412,Roll
0.482,0.303,0.921,250.13,23.992,-68.405,Roll
0.406,0.412,0.885,250.13,22.115,-39.313,Roll
0.168,0.431,0.738,250.13,21.672,-33.015,Roll
0.232,0.734,0.593,250.13,7.053,-23.511,Roll
0.134,1.001,0.566,250.13,-4.542,-12.809,Roll
0.087,1.107,0.469,221.221,-15.107,-13.939,Roll
0.011,1.077,0.327,129.405,-12.115,-14.511,Roll
0.117,0.988,0.269,42.511,-13.328,-1.779,Roll
0.216,0.995,0.286,-34.053,-12.153,-1.45,Roll
0.255,0.982,0.281,-90.366,1.718,3.435,Roll
0.322,0.908,0.3,-144.588,7.427,6.26,Roll
0.26,0.918,0.392,-195.939,24.145,2.702,Roll
0.245,0.941,0.515,-250.137,42.382,-1.511,Roll
0.234,0.886,0.59,-250.137,38.939,3.405,Roll
0.153,0.739,0.632,-250.137,14.221,20.069,Roll
0.25,0.623,0.727,-250.137,-21.443,34.115,Roll
0.395,0.427,0.809,-250.137,-26.542,52.87,Roll
0.362,0.267,0.927,-250.137,-13.191,47.084,Roll
0.309,0.054,1.023,-250.137,-3.275,40.237,Roll
0.376,-0.13,0.98,-250.137,19.672,28.55,Roll
0.266,-0.293,0.945,-250.137,27.985,11.511,Roll
0.163,-0.423,0.958,-250.137,18.557,1.015,Roll
0.068,-0.558,0.896,-190.649,-8.954,-1.397,Roll
0.151,-0.644,0.829,-141.221,-25.099,-3.053,Roll
0.16,-0.739,0.796,-112.634,-17.412,-4.603,Roll
0.195,-0.733,0.711,-90.282,-2.809,0.046,Roll
0.159,-0.807,0.736,-59.748,-21.351,-8.122,Roll
0.195,-0.874,0.766,-5.771,-24.847,-16.023,Roll
0.169,-0.807,0.671,42.504,-19.939,-21.672,Roll
0.219,-0.808,0.699,97.863,-29.557,-41.595,Roll
0.266,-0.745,0.804,157.779,-31.053,-64.153,Roll
0.377,-0.711,0.919,223.435,-4.351,-72.527,Roll
0.39,-0.573,0.944,250.13,12.908,-65.878,Roll
0.419,-0.433,1.094,250.13,18.244,-69.26,Roll
0.469,-0.194,1.181,250.13,6.206,-55.053,Roll
0.428,-0.005,1.137,250.13,16,-47.74,Roll
0.365,0.132,1.078,250.13,39.672,-32.031,Roll
0.337,0.37,0.953,250.13,76.015,-33.595,Roll
0.4,0.536,0.905,250.13,78.55,-40.863,Roll
0.185,0.718,0.902,250.13,64.672,-44.244,Roll
0.164,0.754,0.663,250.13,57.481,-36.863,Roll
0.083,0.815,0.543,190.076,53.794,-29.42,Roll
0,0.99,0.407,102.817,46.74,-25.527,Roll
0.022,0.938,0.388,-0.565,24.321,-11.008,Roll
0.14,0.902,0.362,-68.374,11.511,7.481,Roll
0.123,0.879,0.418,-124.153,8.489,22.214,Roll
0.14,0.875,0.494,-185.588,2.374,28.809,Roll
0.142,0.872,0.595,-250.137,0.015,28.817,Roll
0.158,0.739,0.562,-250.137,-2.389,27.611,Roll
0.18,0.671,0.65,-250.137,0.435,32.511,Roll
0.246,0.575,0.749,-250.137,-14.214,39.664,Roll
0.331,0.292,0.829,-250.137,-32.534,64.618,Roll
0.235,0.093,0.904,-250.137,-40.702,81.672,Roll
0.22,-0.073,0.979,-250.137,-38.267,59.786,Roll
0.191,-0.296,0.97,-250.137,-38.489,41.328,Roll
0.17,-0.499,1.001,-250.137,-34.489,12.618,Roll
0.307,-0.842,1.055,-250.137,-33.985,4.626,Roll
0.341,-0.86,1.036,-211.901,-16.405,20.42,Roll
0.161,-0.864,0.895,-145.359,-15.588,17.885,Roll
0.167,-0.907,0.885,-75.16,-24.084,1.878,Roll
0.224,-0.827,0.73,-32.855,-33.351,1.985,Roll
0.285,-0.781,0.641,-13.924,-31.908,1.779,Roll
0.306,-0.748,0.636,2.153,-9.748,0.687,Roll
0.244,-0.752,0.646,31.076,-0.786,-10.008,Roll
0.224,-0.701,0.711,78.718,3.595,-28.641,Roll
0.282,-0.68,0.741,142.74,-4.55,-50.603,Roll
0.365,-0.639,0.837,214.244,-8.832,-65.275,Roll
0.426,-0.471,1.006,250.13,3.542,-75.069,Roll
0.381,-0.373,0.88,250.13,17.031,-89.908,Roll
0.417,-0.194,0.912,250.13,8.489,-102.344,Roll
0.457,-0.114,0.927,250.13,-5.122,-85.305,Roll
0.514,0.049,1.043,250.13,5.786,-75.725,Roll
0.432,0.273,0.961,250.13,15.832,-77.595,Roll
0.287,0.438,0.923,250.13,23.076,-78.878,Roll
0.185,0.518,0.75,250.13,56.672,-88.053,Roll
0.225,0.714,0.608,250.13,62.298,-70.389,Roll
0.157,0.847,0.601,250.13,41.885,-42.542,Roll
0.209,1.059,0.541,199.908,20.275,-27.053,Roll
0.183,1.069,0.452,131.802,9.779,-10.298,Roll
0.132,1.03,0.437,67.046,17.588,-13.435,Roll
0.117,1.014,0.427,-4.412,20.305,-10.435,Roll
0.136,1.025,0.429,-72.328,17.74,-7.092,Roll
0.142,0.98,0.448,-146.908,7.031,14.359,Roll
0.14,0.994,0.563,-233.153,-4.71,36.366,Roll
0.158,0.863,0.601,-250.137,2.061,48.061,Roll
0.192,0.729,0.678,-250.137,16.321,52.206,Roll
0.344,0.507,0.696,-250.137,30.992,55.023,Roll
0.31,0.319,0.714,-250.137,17.679,72.893,Roll
0.262,0.081,0.826,-250.137,2.389,72.13,Roll
0.355,-0.052,0.929,-250.137,-7,44.053,Roll
0.293,-0.277,0.983,-250.137,-25.282,34.725,Roll
0.093,-0.518,0.916,-250.137,-43.244,23.221,Roll
0.272,-0.829,1.002,-250.137,-26.893,23.29,Roll
0.364,-1.003,0.91,-234.168,-7.802,23.153,Roll
0.214,-1.051,0.78,-151.13,-17.87,13.305,Roll
0.143,-0.94,0.677,-72.595,-27.679,13.878,Roll
0.179,-0.855,0.589,-21.809,-23.229,14.611,Roll
0.188,-0.865,0.563,18.275,-5.198,11.183,Roll
0.186,-0.863,0.583,54.931,8.702,-5.229,Roll
0.167,-0.821,0.625,106.679,15.809,-22.885,Roll
0.147,-0.816,0.689,173.664,10.748,-42.214,Roll
0.208,-0.763,0.777,250.13,12.748,-51.985,Roll
0.315,-0.634,0.863,250.13,27.786,-61.466,Roll
0.316,-0.469,0.781,250.13,20.824,-70.977,Roll
0.304,-0.258,0.911,250.13,-5.031,-72.809,Roll
0.327,-0.079,0.865,250.13,-25.176,-61.992,Roll
0.421,0.136,0.83,250.13,-18.489,-49.901,Roll
0.346,0.35,0.85,250.13,-0.328,-38.939,Roll
0.289,0.613,0.834,250.13,26.397,-31.221,Roll
0.149,0.777,0.708,250.13,21.046,-17.481,Roll
0.188,0.907,0.513,250.13,14.664,2.282,Roll
0.108,1.078,0.514,247.031,14.763,7.015,Roll
0.051,1.219,0.373,131.305,1.656,4.061,Roll
0.052,1.302,0.417,22.634,-13.344,9.076,Roll
0.264,1.011,0.284,-64.015,-6.069,8.824,Roll
0.276,1.016,0.36,-146.397,-5.023,21.573,Roll
0.295,0.967,0.414,-225.649,14,0.847,Roll
0.308,0.902,0.583,-250.137,37.573,-8.656,Roll
0.209,0.818,0.718,-250.137,62.191,-28.221,Roll
0.309,0.784,0.729,-250.137,65.595,-7.947,Roll
0.296,0.473,0.736,-250.137,33.244,9.656,Roll
0.198,0.231,0.751,-250.137,7.405,21.511,Roll
0.22,0.007,1.005,-250.137,9.885,31.137,Roll
0.3,-0.13,1.015,-250.137,25.145,27.198,Roll
0.147,-0.351,0.88,-250.137,17.42,14.336,Roll
0.119,-0.561,0.962,-250.137,4.969,12.015,Roll
0.173,-0.76,0.911,-250.137,-5.557,15.107,Roll
0.136,-0.91,0.895,-206.969,-6.298,16.649,Roll
0.013,-0.939,0.805,-119.71,3.122,23.901,Roll
-0.012,-0.926,0.662,-41.771,0.817,10.55,Roll
0.016,-0.866,0.611,11.855,-12.87,-0.702,Roll
0.115,-0.839,0.606,49.267,-23.947,-15.573,Roll
0.11,-0.811,0.653,89.176,-19.244,-22.809,Roll
0.113,-0.797,0.726,145.916,-13.092,-32.351,Roll
0.113,-0.762,0.756,225.893,-14.061,-50.206,Roll
0.228,-0.637,0.827,250.13,-26.206,-70.863,Roll
0.408,-0.461,0.913,250.13,-11.924,-78.924,Roll
0.288,-0.31,0.867,250.13,1.992,-83.74,Roll
0.239,-0.063,0.807,250.13,-12.489,-73,Roll
0.385,0.103,0.9,250.13,-26.802,-53.542,Roll
0.381,0.272,0.88,250.13,-17.366,-33.802,Roll
0.282,0.469,0.918,250.13,-2.008,-21.198,Roll
0.212,0.741,0.868,250.13,-11.038,-13.504,Roll
0.173,0.874,0.765,250.13,-21.58,-7.26,Roll
0.179,0.91,0.639,173.679,-23.756,-0.718,Roll
0.183,0.984,0.631,95.344,-20.863,4.153,Roll
0.191,0.89,0.527,25.382,-20.427,6.634,Roll
0.287,0.852,0.48,-16.656,-12.389,6.336,Roll
0.353,0.861,0.559,-58.023,1.641,4.863,Roll
0.293,0.933,0.652,-108.076,30.031,-8.542,Roll
0.299,0.925,0.726,-167.038,72.71,-13.237,Roll
0.292,0.842,0.716,-245.42,85.008,2.573,Roll
0.277,0.718,0.687,-250.137,71.664,19.878,Roll
0.258,0.594,0.798,-250.137,65.893,35.45,Roll
0.227,0.38,0.884,-250.137,65.473,39.382,Roll
0.18,0.188,0.885,-250.137,42.634,31.763,Roll
0.224,-0.055,0.983,-250.137,15.947,31.115,Roll
0.279,-0.249,0.975,-250.137,4.611,18.603,Roll
0.113,-0.428,0.904,-250.137,9.13,3.511,Roll
0.066,-0.666,0.998,-250.137,12.992,2.756,Roll
0.069,-0.773,0.907,-250.137,5.649,-0.58,Roll
0.131,-1.052,0.822,-198.809,-26.038,-14.649,Roll
0.07,-0.931,0.795,-94.702,-1.901,20.069,Roll
0,-0.823,0.634,-12.885,4.176,20.992,Roll
-0.043,-0.802,0.559,45.412,-9,7.511,Roll
0.009,-0.802,0.569,93.687,-22.634,-7.695,Roll
0.128,-0.82,0.643,134.664,-42.969,-31.145,Roll
0.169,-0.77,0.734,187.992,-39.458,-37.405,Roll
0.182,-0.694,0.831,249.969,-36.397,-50.145,Roll
0.219,-0.547,0.898,250.13,-24.771,-57.718,Roll
0.283,-0.435,0.909,250.13,-11.412,-68.71,Roll
0.375,-0.321,0.983,250.13,-12.656,-74.885,Roll
0.402,-0.15,0.932,250.13,-11.557,-71.87,Roll
0.355,0.123,0.953,250.13,-3.443,-76.763,Roll
0.371,0.254,0.853,250.13,31.336,-75.008,Roll
0.292,0.547,0.854,250.13,42.359,-63.198,Roll
0.231,0.72,0.81,250.13,29.74,-27.885,Roll
0.164,0.902,0.754,250.13,5.519,-9.359,Roll
0.09,0.937,0.645,250.13,8.176,-10.695,Roll
0.005,1.049,0.596,180.092,14.908,-19.824,Roll
0.033,1.067,0.502,91.244,18.771,-25.26,Roll
0.014,1.056,0.431,30.206,16.275,-11.092,Roll
0.056,0.962,0.354,-40.16,6.282,-1.863,Roll
0.171,0.963,0.428,-105.366,0.84,5.405,Roll
0.221,0.995,0.469,-170.366,4.603,6.176,Roll
0.258,1.003,0.652,-243.344,10.847,14.206,Roll
0.157,0.798,0.649,-250.137,27.496,-1.176,Roll
0.15,0.753,0.735,-250.137,50.634,-1.977,Roll
0.146,0.616,0.78,-250.137,37.916,16.076,Roll
0.117,0.36,0.771,-250.137,-10.603,32.473,Roll
0.14,0.123,1.011,-250.137,-47.275,36.725,Roll
0.257,0.07,1.072,-250.137,-23.786,25.244,Roll
0.24,-0.109,1.006,-250.137,-18.16,24.573,Roll
0.106,-0.273,0.959,-250.137,-21.641,25.42,Roll
0.116,-0.5,0.953,-250.137,-37.076,14.725,Roll
0.357,-0.68,1.104,-250.137,-1,28.336,Roll
0.198,-0.729,0.908,-198.069,16.969,40.137,Roll
-0.008,-0.773,0.835,-122.824,6.763,25.641,Roll
-0.018,-0.773,0.744,-59.55,-4.756,10.092,Roll
0.112,-0.768,0.689,-16.176,0.725,3.802,Roll
0.101,-0.78,0.685,17.809,22.374,3.908,Roll
0.047,-0.764,0.707,54.359,19.794,-1.336,Roll
0.096,-0.793,0.706,91.969,0.664,-15.908,Roll
0.229,-0.764,0.76,135.695,-31.053,-18.481,Roll
0.14,-0.715,0.886,168.107,-18.069,-19.824,Roll
0.041,-0.578,0.858,227.977,-34.802,-36.252,Roll
0.166,-0.477,0.999,250.13,-48.649,-50.038,Roll
0.306,-0.384,1.153,250.13,-22.962,-46.26,Roll
0.51,-0.191,1.108,250.13,-9.13,-42.107,Roll
0.338,0.033,0.993,250.13,-5.84,-43.985,Roll
0.254,0.214,1.087,250.13,-23.916,-36.763,Roll
0.205,0.358,1.229,250.13,-15.893,-22.053,Roll
0.199,0.502,1.027,250.13,-17.931,-25.275,Roll
0.246,0.653,0.942,237.282,-15.328,-24.954,Roll
0.148,0.754,0.862,181.321,-6.076,-23.527,Roll
0.086,0.78,0.806,104.458,6.153,-36.16,Roll
0.101,0.902,0.72,47.359,36.145,-45.977,Roll
0.193,0.808,0.661,16.267,46.542,-32.221,Roll
0.228,0.813,0.603,-5.725,32.015,-14.939,Roll
0.223,0.804,0.591,-12.84,28.595,-9.58,Roll
0.156,0.77,0.529,-14.87,26.779,-6.176,Roll
0.118,0.775,0.586,-21.038,19.153,-0.527,Roll
0.074,0.836,0.714,-61.71,30.504,4.939,Roll
0.07,0.811,0.735,-121.779,40.298,13.069,Roll
0.007,0.791,0.798,-207.733,34.931,27.305,Roll
-0.036,0.724,0.843,-250.137,10.26,58.504,Roll
0.101,0.489,0.818,-250.137,8.321,61.191,Roll
0.152,0.219,0.767,-250.137,5.046,53.481,Roll
0.148,-0.017,0.686,-250.137,15.611,39.359,Roll
0.09,-0.164,0.72,-250.137,1.748,25.756,Roll
0.177,-0.582,1.022,-250.137,-3.344,25.221,Roll
0.069,-0.699,0.896,-250.137,0.908,17.962,Roll
-0.103,-0.739,0.674,-250.137,-24.901,0.779,Roll
0.039,-0.904,0.704,-249.504,-31.87,-7.947,Roll
0.06,-1.002,0.694,-194.557,-31.061,-8.435,Roll
-0.011,-0.998,0.591,-131.901,-26.885,-10,Roll
0.083,-1.031,0.472,-75.412,-30.328,-20.954,Roll
0.175,-1.094,0.432,-39.359,-27.786,-27.756,Roll
0.105,-1.078,0.445,10.985,-24.214,-33.626,Roll
0.152,-1.084,0.453,65.382,-20.802,-37.725,Roll
0.216,-1.102,0.519,116.351,-2.275,-31.58,Roll
0.217,-1.077,0.562,159.084,16.611,-29.595,Roll
0.345,-1.023,0.646,188.015,29.458,-30.588,Roll
0.275,-0.95,0.708,213.061,56.824,-15.885,Roll
0.184,-0.849,0.791,250.13,64.023,-1.985,Roll
0.141,-0.622,0.795,250.13,41.565,-19.344,Roll
0.182,-0.461,0.908,250.13,34.397,-33.328,Roll
0.176,-0.205,0.868,250.13,16.74,-40.695,Roll
0.272,0.049,0.824,250.13,12.55,-19.595,Roll
0.202,0.098,0.82,250.13,18.489,-6.809,Roll
0.013,0.199,0.752,250.13,3.626,-8.664,Roll
0.119,0.439,0.821,250.13,-9.565,-8.458,Roll
0.058,0.672,0.904,250.13,-15.702,-14.45,Roll
0.157,0.677,0.739,250.13,-26.405,-2.603,Roll
0.096,0.717,0.663,203.893,-20.656,10.733,Roll
0.053,0.831,0.625,133.221,-31.008,9.855,Roll
0.123,0.913,0.598,63.656,-31.504,0.405,Roll
0.229,0.905,0.498,12.626,-31.733,-8.947,Roll
0.337,0.939,0.457,-16.954,-28.382,-13.137,Roll
0.362,1.04,0.606,-61.382,-14.038,-13.489,Roll
0.307,1.009,0.68,-129.321,-2.038,-17.534,Roll
0.228,1.07,0.702,-191.359,18.695,-32.191,Roll
0.184,0.932,0.826,-250.137,22.603,-25.542,Roll
0.087,0.743,0.888,-250.137,17.695,-16.947,Roll
0.04,0.565,0.916,-250.137,5.168,-6.611,Roll
0.156,0.347,1.005,-250.137,20.611,-6.267,Roll
0.165,0.091,0.771,-250.137,38.443,-9.397,Roll
0.043,-0.108,0.876,-250.137,18.427,-8.298,Roll
0.048,-0.342,0.937,-250.137,-11.466,-4.557,Roll
0.167,-0.509,1.027,-250.137,-10.435,-7.069,Roll
0.121,-0.566,1.085,-181.664,-29.214,-12.603,Roll
0.122,-0.537,0.972,-115.908,-60.58,-10.573,Roll
0.235,-0.592,0.931,-82.023,-38.183,9.687,Roll
0.148,-0.643,0.887,-46.206,-14.748,23.542,Roll
0.113,-0.717,0.881,-7.779,-17.481,19.481,Roll
0.104,-0.762,0.908,57.748,-15.412,12.122,Roll
0.152,-0.778,0.932,132.412,-10.382,4.885,Roll
0.164,-0.659,1.029,218.153,-7.061,-0.229,Roll
0.225,-0.48,1.021,250.13,0.733,-8.511,Roll
0.225,-0.18,0.889,250.13,-10.55,-12.58,Roll
0.264,0.072,0.857,250.13,-30.557,-18.328,Roll
0.304,0.298,0.975,250.13,-29.176,-19.534,Roll
0.389,0.392,0.79,250.13,-52.626,-19.046,Roll
0.278,0.617,0.922,250.13,-25.672,-10.237,Roll
0.124,0.661,0.681,250.13,-0.29,-10.031,Roll
0.101,0.851,0.601,250.13,7.153,-15.672,Roll
0.075,1.011,0.585,193.695,-1.679,-18.931,Roll
0.104,0.993,0.507,102.672,-9.229,-13.183,Roll
0.1,0.979,0.441,19.412,-14.496,-3.733,Roll
0.155,0.964,0.458,-59.42,-4.351,-4.901,Roll
0.196,1.011,0.548,-144.58,10,-7.725,Roll
0.171,0.908,0.584,-225.756,15.855,-4.069,Roll
0.162,0.833,0.691,-250.137,25.252,-2.13,Roll
0.196,0.728,0.852,-250.137,44.435,-5.008,Roll
0.226,0.667,0.888,-250.137,48.229,10.13,Roll
0.222,0.408,1.034,-250.137,60.664,7.168,Roll
0.145,0.209,1.029,-250.137,69.832,9.473,Roll
0.146,-0.017,0.827,-250.137,43.672,15.55,Roll
0.05,-0.17,0.746,-250.137,20.275,2.924,Roll
-0.07,-0.403,0.812,-250.137,-15.107,-1.969,Roll
0.003,-0.743,0.991,-250.137,-32.313,6.45,Roll
0.023,-0.927,0.905,-200.885,-27.13,14.962,Roll
0.061,-0.94,0.778,-116.573,-33.008,5.542,Roll
0.083,-0.895,0.679,-60.924,-37.115,4.015,Roll
-0.028,-0.929,0.684,-0.031,-26.275,-1.244,Roll
-0.028,-0.931,0.704,78.458,-32.427,-13.183,Roll
0.027,-0.846,0.731,163.038,-44.611,-33.588,Roll
0.132,-0.735,0.823,250.13,-45.366,-50.962,Roll
0.224,-0.567,0.906,250.13,-4.74,-52.969,Roll
0.232,-0.403,0.896,250.13,20.511,-53.817,Roll
0.331,-0.242,0.845,250.13,34.183,-57.053,Roll
0.146,-0.037,0.811,250.13,26.931,-65.489,Roll
0.192,0.165,0.74,250.13,22.771,-50.458,Roll
0.328,0.435,1.071,250.13,-32.809,-12.061,Roll
0.148,0.533,0.822,250.13,-1.748,-10.748,Roll
0.012,0.767,0.82,250.13,-10.473,-18.977,Roll
-0.031,0.921,0.68,248.328,-7.359,-39.504,Roll
-0.022,0.975,0.568,160.389,-3.069,-54.71,Roll
0.088,1.068,0.482,113.947,3.084,-20.649,Roll
0.068,1.055,0.427,38.771,-9.809,-1.733,Roll
0.109,0.991,0.366,-13.962,-6.458,4.733,Roll
0.187,1.057,0.43,-72.076,-2.71,8.893,Roll
0.22,0.996,0.443,-121.542,7.573,2.191,Roll
0.19,0.957,0.513,-166.076,24.855,8.786,Roll
0.134,0.941,0.658,-221.603,26.74,13.366,Roll
0.144,0.882,0.781,-250.137,48.618,15.695,Roll
0.131,0.765,0.779,-250.137,46.382,18.015,Roll
0.083,0.598,0.894,-250.137,35.359,10.878,Roll
0.084,0.376,0.835,-250.137,21.351,9.359,Roll
0.131,0.117,0.872,-250.137,10.702,11.771,Roll
0.135,-0.1,0.834,-250.137,20.824,12.863,Roll
0.008,-0.313,0.927,-250.137,9.244,8.878,Roll
-0.048,-0.532,0.913,-250.137,-11.863,-2.733,Roll
-0.029,-0.674,0.853,-250.137,-30.954,-11.939,Roll
0.08,-0.816,0.804,-209.832,-34.786,-12.008,Roll
0.07,-0.872,0.757,-150.374,-18.672,-10.168,Roll
-0.006,-0.897,0.618,-84.206,-27.527,-19.092,Roll
0.065,-0.945,0.609,-10.786,-40.893,-27.947,Roll
0.155,-0.978,0.677,54.176,-39.084,-36.954,Roll
0.161,-0.959,0.748,119.878,-26.237,-44.145,Roll
0.163,-0.846,0.796,190.176,-13.542,-47.725,Roll
0.245,-0.775,0.951,250.13,3.786,-45.672,Roll
0.216,-0.542,0.944,250.13,16.076,-45.374,Roll
0.202,-0.423,0.85,250.13,33.45,-33.466,Roll
0.334,-0.277,0.846,250.13,51.672,-25.618,Roll
0.278,-0.003,1.085,250.13,14.221,-22.573,Roll
0.203,0.163,1.112,250.13,-29.87,-25.122,Roll
0.106,0.337,0.866,250.13,-29.374,-28.626,Roll
0.167,0.52,0.845,250.13,-19.45,-22.954,Roll
0.198,0.635,0.714,250.13,6.092,-21.252,Roll
0.154,0.778,0.634,250.13,9.489,-23.267,Roll
0.043,0.917,0.532,250.13,12.008,-13.305,Roll
0.06,0.932,0.427,212.58,-0.298,-1.137,Roll
0.094,0.955,0.388,150.786,-1.702,-0.412,Roll
0.147,1.044,0.358,87.13,-0.595,-1.733,Roll
0.219,1.087,0.344,31.229,3.962,2.557,Roll
0.246,1.091,0.319,-24.069,3.649,5.489,Roll
0.2,1.078,0.384,-83.603,8.656,6.656,Roll
0.112,1.058,0.477,-155.901,20.489,7.221,Roll
0.127,1.021,0.551,-232.756,29.031,3.603,Roll
0.131,0.909,0.615,-250.137,41.473,-2.328,Roll
0.153,0.797,0.665,-250.137,62.122,-4.267,Roll
0.135,0.688,0.788,-250.137,63.237,2.832,Roll
0.13,0.546,0.782,-250.137,53.015,9.687,Roll
0.148,0.387,0.82,-250.137,48.924,14.595,Roll
0.105,0.229,0.875,-250.137,41.718,26.695,Roll
0.029,-0.006,1.014,-250.137,23.183,33.496,Roll
0.027,-0.226,0.994,-250.137,16.099,32.198,Roll
0.054,-0.375,1.012,-250.137,12.313,17.008,Roll
-0.034,-0.549,0.995,-250.137,-8.069,10.824,Roll
-0.053,-0.664,1.06,-213.29,-20.595,7.137,Roll
-0.032,-0.697,0.984,-158.511,-18.405,1.466,Roll
-0.001,-0.732,0.892,-93.015,-15.397,-6.267,Roll
0.01,-0.723,0.859,-25.84,-9.008,-9.595,Roll
0,-0.762,0.853,33.763,-6.282,-15.229,Roll
0.019,-0.725,0.895,88.145,-7.55,-22.061,Roll
0.073,-0.667,0.914,143.595,10.443,-28.084,Roll
0.09,-0.635,0.974,206.504,26.748,-34.221,Roll
0.096,-0.482,1.007,250.13,6.618,-35.244,Roll
0.104,-0.375,1.013,250.13,5.702,-46.45,Roll
0.104,-0.191,0.946,250.13,-13.832,-45.626,Roll
0.097,0.01,0.986,250.13,-49.977,-46.641,Roll
0.172,0.158,1.06,250.13,-38.366,-27.939,Roll
0.101,0.405,0.941,250.13,-33.878,-19.595,Roll
0.049,0.526,0.894,250.13,-52.603,-18.71,Roll
0.157,0.649,0.882,250.13,-29.115,-18.046,Roll
0.059,0.695,0.773,249.985,-5.221,-17.931,Roll
-0.005,0.773,0.612,205.725,-21.145,-1.481,Roll
0.079,0.826,0.667,151.015,-28.122,4.595,Roll
0.048,0.877,0.614,106.458,-22.008,-0.931,Roll
0.147,0.898,0.55,61.71,-19.038,-0.832,Roll
0.199,0.939,0.526,26.023,-17.305,11.901,Roll
0.256,0.98,0.572,-21,-15.046,16.061,Roll
0.198,0.971,0.618,-78.351,-8.397,12.458,Roll
0.192,0.927,0.651,-145.481,3.626,6.206,Roll
0.164,0.876,0.69,-210.863,19.214,2.534,Roll
0.156,0.802,0.742,-250.137,35.802,6,Roll
0.211,0.802,0.78,-250.137,52.656,23.626,Roll
0.304,0.643,0.86,-250.137,81.924,56.779,Roll
0.275,0.468,0.985,-250.137,79.885,78.908,Roll
0.15,0.191,0.961,-250.137,83.74,96.321,Roll
0.074,-0.051,0.835,-250.137,79.191,93.656,Roll
-0.082,-0.25,0.722,-250.137,47.901,53.664,Roll
-0.178,-0.443,0.885,-250.137,19.977,22.809,Roll
-0.138,-0.705,0.93,-250.137,23.557,13.328,Roll
-0.068,-0.823,0.927,-250.137,30.908,2.878,Roll
-0.021,-0.87,0.803,-215.527,22.634,-8.198,Roll
-0.112,-0.939,0.724,-161.878,1.947,-17.008,Roll
-0.134,-0.953,0.645,-90.435,-15.954,-32.137,Roll
0.01,-0.91,0.497,-30.985,-32.198,-38.244,Roll
0.033,-0.916,0.586,11.191,-37.107,-40.267,Roll
0.019,-0.903,0.706,59.29,-22.015,-31.42,Roll
0.009,-0.865,0.702,120.267,-8.206,-23.832,Roll
0.037,-0.867,0.79,198.359,8.992,-19.802,Roll
0.058,-0.751,0.853,250.13,16.084,-19.962,Roll
0.126,-0.565,0.906,250.13,19.504,-18.779,Roll
0.095,-0.434,0.857,250.13,-9.26,-29.649,Roll
0.186,-0.022,0.896,250.13,-80.954,-35.733,Roll
0.372,0.218,0.85,250.13,-38.954,-29.076,Roll
0.177,0.423,1.177,250.13,-41.023,1.237,Roll
0.089,0.445,0.888,250.13,-60.504,3.084,Roll
0.05,0.662,0.666,250.13,-34.275,-2.244,Roll
0.144,0.958,0.588,250.13,-12.427,7.954,Roll
0.068,1.075,0.515,250.13,-25.763,25.427,Roll
0.106,1.024,0.291,220.802,-27.275,31.397,Roll
0.049,1.026,0.235,130.58,-30.634,33.71,Roll
0.107,1.026,0.222,30.763,-17.435,12.031,Roll
0.251,1.002,0.215,-50.275,-8.389,8.115,Roll
0.269,1.05,0.298,-127,1.969,0.817,Roll
0.236,1.094,0.377,-210.351,17.595,-11.084,Roll
0.247,1.041,0.488,-250.137,42.435,-25.763,Roll
0.224,0.946,0.604,-250.137,64.214,-43.748,Roll
0.226,0.799,0.637,-250.137,80.565,-39.748,Roll
0.229,0.558,0.631,-250.137,64.443,-15.901,Roll
0.133,0.216,0.694,-250.137,25.176,-7.183,Roll
0.064,0.143,0.77,-250.137,18.382,-2.893,Roll
0.102,-0.074,0.894,-250.137,22.885,-5.351,Roll
0.157,-0.267,0.966,-250.137,22.588,-22.198,Roll
0.081,-0.537,0.982,-250.137,8.55,-31.58,Roll
0.059,-0.707,0.989,-250.137,-0.397,-28.321,Roll
-0.018,-0.77,0.917,-227.87,6.122,-20.168,Roll
-0.021,-0.856,0.811,-166.443,0.71,-9.924,Roll
0.034,-0.889,0.734,-107.74,2.336,1.969,Roll
0.026,-0.904,0.656,-54.58,-2.565,9.916,Roll
0.034,-0.985,0.731,2.901,-9.137,11.443,Roll
-0.001,-0.997,0.739,65.794,-12.427,13.885,Roll
0.036,-0.934,0.71,134.893,-12.29,15.237,Roll
0.061,-0.923,0.753,210.565,-2.427,17.26,Roll
0.034,-0.875,0.848,250.13,17.13,14.328,Roll
-0.11,-0.581,0.956,250.13,12.603,-5.191,Roll
0.08,-0.265,1.026,250.13,-33.473,-27.695,Roll
0.202,-0.081,0.981,250.13,-23.382,-25.725,Roll
0.155,0.084,0.815,250.13,-46.244,-27.511,Roll
0.095,0.368,0.967,250.13,-59.557,-19.458,Roll
-0.01,0.488,0.846,250.13,-74.061,-14.779,Roll
0.113,0.653,0.791,250.13,-41.183,-23,Roll
0.122,0.773,0.645,250.13,-11.29,-27.023,Roll
0.097,0.891,0.476,250.13,-3.206,-23.382,Roll
0.056,0.958,0.264,211.031,-10.13,-15.183,Roll
0.047,1.058,0.35,127.29,-18.412,-3.489,Roll
0.1,1.152,0.385,37.595,-16.641,10.74,Roll
0.185,1.099,0.367,-43.504,-9.466,25.198,Roll
0.204,1.046,0.41,-120.267,2.794,25.099,Roll
0.167,1.023,0.452,-194.489,21.611,17.298,Roll
0.193,1.001,0.531,-250.137,36.176,18.511,Roll
0.198,0.903,0.637,-250.137,47.595,19.168,Roll
0.168,0.868,0.73,-250.137,52.282,25.634,Roll
0.2,0.722,0.675,-250.137,60.733,38.435,Roll
0.151,0.401,0.77,-250.137,58.603,31.382,Roll
0.119,0.06,0.766,-250.137,49.565,25.916,Roll
0.125,-0.091,0.883,-250.137,36.435,17.649,Roll
0.105,-0.275,1.037,-250.137,59.908,9.779,Roll
0.053,-0.484,0.985,-250.137,51.473,-13.55,Roll
-0.052,-0.699,1.073,-250.137,16.908,-19.626,Roll
-0.081,-0.787,1.015,-246.527,4.985,-19.351,Roll
-0.089,-0.897,0.917,-162.565,0.061,-13.221,Roll
-0.103,-0.894,0.799,-81.748,-3.641,-11.206,Roll
-0.129,-0.868,0.731,7.053,-4.13,-7.84,Roll
0,-0.881,0.679,95.366,-5.603,-11.305,Roll
0.027,-0.827,0.81,175.458,6.046,-6.015,Roll
0.047,-0.777,0.78,250.13,15.427,-1.733,Roll
0.131,-0.638,0.933,250.13,-6.611,-8.099,Roll
0.064,-0.439,1.057,250.13,-14.29,-4.252,Roll
-0.028,-0.19,0.982,250.13,-51.344,-5.466,Roll
0.062,0.092,0.93,250.13,-77.305,-9,Roll
0.146,0.188,0.884,250.13,-75.74,-6.84,Roll
0.34,0.504,0.896,250.13,-46.595,-0.405,Roll
0.158,0.658,0.805,250.13,-58.115,1.557,Roll
0.106,0.684,0.731,250.13,-54.626,7.832,Roll
0.081,0.81,0.585,250.13,-13.473,-4.519,Roll
0.079,0.933,0.456,249.977,8.015,-3.45,Roll
0.109,1.054,0.373,169.962,-4.229,20.267,Roll
0.159,1.102,0.409,79.382,-17.618,34.282,Roll
0.171,1.12,0.326,0.573,-11.115,25.527,Roll
0.262,1.119,0.413,-88.527,3.153,10.534,Roll
0.226,1.05,0.413,-182.42,22.779,0.557,Roll
0.25,0.958,0.495,-250.137,39.511,-4.122,Roll
0.198,0.854,0.533,-250.137,57.328,-7.26,Roll
0.259,0.79,0.679,-250.137,56.618,3.496,Roll
0.259,0.599,0.749,-250.137,49.725,2.252,Roll
0.242,0.408,0.82,-250.137,64.366,6.511,Roll
0.216,0.218,0.953,-250.137,83.061,9.153,Roll
0.123,0.057,0.916,-250.137,73.473,1.45,Roll
-0.038,-0.121,0.993,-250.137,39.397,-1.748,Roll
-0.063,-0.324,1,-250.137,0.748,-9.962,Roll
0.025,-0.446,0.949,-250.137,-16.55,-12.641,Roll
-0.004,-0.608,0.875,-250.137,-13.076,-10.809,Roll
0.069,-0.753,0.885,-230.214,-6.992,-2.878,Roll
0.083,-0.849,0.817,-203.107,0.573,-2.931,Roll
-0.031,-0.927,0.694,-151.435,2.412,-1.496,Roll
-0.033,-0.977,0.625,-86.206,-4.473,-10.679,Roll
0.033,-0.968,0.57,-26.71,-16.481,-20.901,Roll
0.046,-0.948,0.579,30.099,-20.969,-18.336,Roll
0.052,-0.939,0.608,95.718,-15.473,-14.244,Roll
0.042,-0.904,0.678,165.435,-15.809,-16.511,Roll
0.03,-0.822,0.757,247.221,-13.473,-23.084,Roll
0.105,-0.686,0.782,250.13,-11.718,-29.244,Roll
0.145,-0.413,0.804,250.13,-7.267,-35.908,Roll
0.168,-0.258,0.816,250.13,-26.511,-30.664,Roll
0.394,-0.045,0.942,250.13,-78.168,-24.046,Roll
0.299,0.111,0.99,250.13,-45.115,-9.588,Roll
0.374,0.283,0.943,250.13,-56.725,4.969,Roll
0.244,0.494,0.905,250.13,-37.588,16.901,Roll
0.13,0.648,0.858,250.13,-20.687,27.42,Roll
0.123,0.846,0.816,250.13,-24.328,23.252,Roll
0.172,0.955,0.701,194.626,-27.145,12.328,Roll
0.237,0.99,0.629,118.427,-25.588,2.023,Roll
0.257,0.938,0.511,41.962,-21.863,-2.366,Roll
0.299,0.919,0.488,-18.366,-14.687,-2.557,Roll
0.304,0.955,0.49,-70.725,-2.023,-0.916,Roll
0.293,0.934,0.595,-135.557,12.336,-3.626,Roll
0.305,0.965,0.693,-219.29,30.031,-0.122,Roll
0.29,0.837,0.753,-250.137,38.473,9.931,Roll
0.369,0.716,0.73,-250.137,54.885,22.679,Roll
0.492,0.446,0.768,-250.137,76.481,11.977,Roll
0.396,0.337,0.876,-250.137,102.145,13.763,Roll
0.246,0.114,0.853,-250.137,107.45,15.481,Roll
0.122,-0.042,0.9,-250.137,95.275,10.29,Roll
-0.01,-0.345,0.976,-250.137,51.977,-5.71,Roll
0.001,-0.55,1.033,-250.137,14.809,-11.687,Roll
0.049,-0.645,0.957,-248.405,-1.214,-4.298,Roll
0.022,-0.745,0.913,-215.687,-4.305,2.084,Roll
0.018,-0.784,0.767,-178.954,-2.519,4.809,Roll
0.013,-0.846,0.695,-131.908,-5.443,-0.214,Roll
0.031,-0.833,0.632,-91.427,-7.824,-2.023,Roll
0.039,-0.909,0.611,-45.046,-6.664,-6.198,Roll
0.01,-0.909,0.534,4.099,-12.29,-13.145,Roll
0.038,-0.896,0.552,58.504,-17.718,-21.985,Roll
0.069,-0.939,0.656,124.679,-1.031,-19.656,Roll
0.101,-0.885,0.722,205.87,24.573,-12.534,Roll
0.092,-0.785,0.781,250.13,35.664,-2.664,Roll
0.062,-0.581,0.843,250.13,14.298,-11.137,Roll
0.073,-0.192,0.987,250.13,-32.695,-9.954,Roll
0.206,0.041,0.896,250.13,-65.885,-23.435,Roll
0.214,0.141,1.009,250.13,-12.275,-19.611,Roll
0.178,0.258,1.039,250.13,-2.565,-14.115,Roll
0.129,0.444,0.965,250.13,-17.58,11.053,Roll
0.077,0.596,0.853,250.13,-34.489,21.695,Roll
0.242,0.674,0.651,250.13,-41.42,48.298,Roll
0.155,0.896,0.693,250.13,-45.16,48.168,Roll
0.19,0.922,0.595,205.985,-29.748,34.847,Roll
0.24,0.932,0.507,154.076,-22.198,25.969,Roll
0.264,0.958,0.444,94.725,-21.763,23.656,Roll
0.26,1.047,0.493,20.458,-18.939,16.435,Roll
0.253,1.017,0.494,-59.931,-12.779,5.817,Roll
0.262,1.01,0.55,-140.336,-3.214,0.649,Roll
0.309,0.932,0.621,-232.504,14.672,-1.137,Roll
0.323,0.838,0.656,-250.137,34.985,-10.16,Roll
0.278,0.789,0.717,-250.137,44.672,-9.771,Roll
0.402,0.506,0.842,-250.137,45.511,-10.763,Roll
0.406,0.326,0.911,-250.137,81.321,-6.855,Roll
0.326,0.215,0.914,-250.137,122.473,-7.84,Roll
0.184,0,0.919,-250.137,114.405,-9.191,Roll
0.022,-0.204,1.036,-250.137,55.649,-14.832,Roll
-0.016,-0.37,1.003,-250.137,6,-14.076,Roll
-0.071,-0.499,1.005,-245.198,-11.313,-9.733,Roll
-0.01,-0.576,0.964,-212.443,-7.542,3.55,Roll
-0.015,-0.685,0.896,-166.473,-9.481,3.443,Roll
-0.02,-0.809,0.895,-111.13,-26.282,-6.87,Roll
0.023,-0.828,0.812,-49.321,-27.115,-9.13,Roll
0.03,-0.813,0.768,10.634,-27.748,-13.237,Roll
0.019,-0.764,0.732,71.191,-31.947,-18.656,Roll
0.097,-0.759,0.761,132.031,-31.534,-22.45,Roll
0.143,-0.705,0.81,209.893,-30.527,-23.214,Roll
0.161,-0.55,0.905,250.13,-26.939,-20.679,Roll
0.358,-0.394,0.921,250.13,2.779,-5.55,Roll
0.487,-0.323,1.025,250.13,52.153,10.565,Roll
0.168,-0.07,1.126,250.13,-12.718,12.687,Roll
0.114,0.064,0.981,250.13,-14.061,3.573,Roll
0.129,0.205,1.084,245.489,-4.71,7,Roll
0.135,0.299,1.02,206.588,0.664,8.366,Roll
0.1,0.376,0.985,151.031,-0.885,12.595,Roll
0.123,0.492,1.115,58.282,12.595,12.748,Roll
0.125,0.521,1.042,-50.214,19.809,2.847,Roll
0.137,0.496,0.978,-135.824,24.267,-2.985,Roll
0.167,0.455,1.013,-234.26,33.779,-10.137,Roll
0.258,0.364,0.999,-250.137,55.733,-10.412,Roll
0.299,0.199,0.846,-250.137,60.145,-3.046,Roll
0.207,-0.029,0.907,-250.137,39.634,10.137,Roll
-0.045,-0.28,0.816,-250.137,-12.008,4.45,Roll
-0.054,-0.53,0.862,-250.137,-38.962,-10.847,Roll
0.152,-0.762,0.839,-250.137,-41.489,-15.511,Roll
0.149,-0.951,0.681,-250.137,-22.832,-5.84,Roll
0.073,-0.993,0.639,-250.137,1.847,7.107,Roll
-0.006,-1.05,0.509,-222.771,13.611,11.084,Roll
-0.066,-1.02,0.346,-176.802,7.275,-0.84,Roll
0.038,-1.045,0.232,-144.229,-16.427,-21.206,Roll
0.069,-0.996,0.198,-99.237,-20.672,-24.069,Roll
0.057,-1.102,0.206,-30.542,-10.588,-14.298,Roll
0.043,-1.109,0.206,46.679,1.458,-2.305,Roll
0.067,-1.045,0.243,117.74,-6.053,-7.496,Roll
0.036,-1.047,0.302,194.275,-6.641,-16.412,Roll
0.098,-1.101,0.452,250.13,-15.282,-18.099,Roll
0.163,-0.908,0.542,250.13,2.924,-12.252,Roll
0.199,-0.735,0.667,250.13,17.779,-14.817,Roll
0.152,-0.44,0.849,250.13,29.87,-23.969,Roll
0.166,-0.224,0.822,250.13,50.397,-23.779,Roll
0.206,-0.093,0.897,250.13,-18.038,-14.153,Roll
0.286,0.182,0.84,250.13,1.26,-9.985,Roll
0.101,0.44,0.995,250.13,-3.649,2.832,Roll
0.029,0.587,0.776,250.13,-3.618,28.824,Roll
0.125,0.8,0.67,250.13,-22.916,56.458,Roll
0.191,1.056,0.559,250.13,-15.176,59.359,Roll
0.135,1.088,0.359,250.13,-3.611,51.29,Roll
0.071,1.099,0.227,250.13,-7.443,46.237,Roll
0.011,1.076,0.106,154.87,-3.687,36.656,Roll
0.097,1.109,0.094,58.031,-8.557,24.29,Roll
0.159,1.095,0.11,-32.489,3.626,27.878,Roll
0.205,1.082,0.111,-129.168,7.275,39.405,Roll
0.29,1.172,0.178,-222.328,5.519,40.427,Roll
0.34,1.171,0.321,-250.137,31.481,19.687,Roll
0.344,0.978,0.454,-250.137,48.824,4.733,Roll
0.394,0.903,0.574,-250.137,60.214,2.191,Roll
0.353,0.538,0.736,-250.137,65.687,-21.71,Roll
0.275,0.354,0.607,-250.137,81.473,-43.939,Roll
0.138,0.199,0.872,-250.137,121.13,-80,Roll
0.197,-0.055,0.688,-250.137,84.779,-93.947,Roll
0.284,-0.187,0.962,-250.137,44.427,-56.557,Roll
0.144,-0.385,1.099,-250.137,18.275,-34.855,Roll
0.02,-0.515,1.017,-208.099,8.527,-21.817,Roll
-0.005,-0.548,0.873,-158.855,5.229,-6.855,Roll
-0.006,-0.646,0.834,-125.84,18.847,9.214,Roll
0.009,-0.619,0.807,-98.366,29.405,19.092,Roll
0.046,-0.72,0.755,-76.817,10.794,7.626,Roll
0.021,-0.821,0.736,-54.427,-15.969,-2.351,Roll
0.022,-0.843,0.766,-10.962,-32.702,-4.13,Roll
0.061,-0.914,0.843,62.954,-39.229,4.328,Roll
0.093,-0.938,0.905,148.153,-42.084,1.168,Roll
0.127,-0.758,0.914,249.641,-66.374,-8.191,Roll
0.199,-0.548,0.967,250.13,-70.763,-22.595,Roll
0.251,-0.32,0.976,250.13,-56.611,-19.107,Roll
0.377,-0.164,1.096,250.13,-34.58,-17.099,Roll
0.29,-0.006,1.055,250.13,-15.084,-9.672,Roll
0.256,0.233,1.098,250.13,-18,-7.298,Roll
0.297,0.414,1.181,250.13,11.176,-6.756,Roll
0.246,0.497,0.932,250.13,25.336,-10.229,Roll
0.113,0.621,0.838,234.458,39.214,-9.313,Roll
0.026,0.628,0.767,175.618,31.298,-6.939,Roll
-0.004,0.781,0.681,103.87,15.649,-5.115,Roll
0.046,0.777,0.647,37.985,15.847,-15.817,Roll
0.121,0.771,0.626,-7.061,15.198,-19.221,Roll
0.097,0.803,0.673,-53.191,19.412,-23.878,Roll
0.063,0.776,0.705,-107.214,18.481,-25.351,Roll
0.033,0.786,0.858,-193.595,24.809,-27.489,Roll
0.084,0.711,0.925,-250.137,32.191,-19.824,Roll
0.113,0.565,0.882,-250.137,40.076,-6.649,Roll
0.078,0.35,0.821,-250.137,22.145,15.176,Roll
0.061,0.015,0.857,-250.137,-12.153,36.939,Roll
0.127,-0.297,0.953,-250.137,-24.16,31.458,Roll
0.234,-0.51,0.994,-250.137,16.794,8.74,Roll
0.152,-0.748,0.701,-250.137,27.58,-11.924,Roll
-0.057,-0.938,0.702,-250.137,-6.908,-19.038,Roll
0.02,-1.041,0.654,-250.137,-10.527,-7.504,Roll
-0.031,-1.11,0.524,-250.137,-4.267,12.473,Roll
-0.179,-1.134,0.287,-188.191,10.458,25.992,Roll
-0.198,-1.121,0.198,-80.748,-6.511,0.58,Roll
-0.17,-1.065,0.172,18.374,-32.626,-30.275,Roll
-0.049,-1.042,0.208,95.641,-53.344,-51.565,Roll
0.111,-1.04,0.315,176.267,-53.389,-58.855,Roll
0.102,-0.918,0.408,250.13,-45.427,-62.55,Roll
0.106,-0.906,0.555,250.13,-33.038,-59.489,Roll
0.223,-0.717,0.714,250.13,-24.626,-54.771,Roll
0.371,-0.444,0.793,250.13,-21.992,-58.328,Roll
0.319,-0.345,0.856,250.13,33.198,-27.397,Roll
0.345,-0.119,0.856,250.13,68.74,-10.412,Roll
0.229,0.144,1.018,250.13,-8.504,22.519,Roll
0.217,0.274,1.162,250.13,-56.214,25.641,Roll
0.165,0.583,1.142,250.13,-35.176,21.282,Roll
0.075,0.6,0.708,250.13,-26.45,4.71,Roll
0.184,0.77,0.63,250.13,-31,17.214,Roll
0.118,0.88,0.542,249.107,-35.832,23.779,Roll
0.08,0.979,0.526,145.725,-32.977,3.031,Roll
0.149,1.06,0.417,49.626,-24.198,-14.229,Roll
0.217,1.031,0.444,-42.038,-19.214,2.42,Roll
0.224,1.092,0.59,-164.748,-10.573,8.145,Roll
0.263,0.997,0.649,-250.137,-2.115,11.115,Roll
0.317,0.848,0.635,-250.137,15.42,2.55,Roll
0.323,0.576,0.751,-250.137,54.641,-19.878,Roll
0.321,0.478,0.687,-250.137,66.672,-26.076,Roll
0.312,0.363,0.804,-250.137,47.313,-0.992,Roll
0.273,0.111,0.929,-250.137,14.626,21.58,Roll
0.261,-0.115,0.907,-250.137,14.038,10.55,Roll
0.279,-0.273,0.976,-250.137,12.16,0.565,Roll
0.144,-0.445,0.953,-250.137,-9.496,-1.191,Roll
0.006,-0.548,0.835,-250.137,-28.771,-0.954,Roll
0.025,-0.804,0.819,-250.137,-39.878,-3.718,Roll
0.249,-0.873,0.735,-211.351,-30.481,5.298,Roll
0.328,-0.892,0.55,-177.298,-14.626,16.824,Roll
0.143,-0.963,0.482,-133.71,-28.786,15.282,Roll
0.093,-0.978,0.454,-75.595,-13.901,7.855,Roll
0.092,-1.071,0.457,6.038,-16.313,-13.389,Roll
0.156,-1.121,0.508,109.374,-20.641,-30.29,Roll
0.196,-1.042,0.589,211.115,-19.015,-41.389,Roll
0.19,-0.876,0.653,250.13,-26.069,-56.481,Roll
0.306,-0.677,0.643,250.13,-28.802,-60.756,Roll
0.341,-0.406,0.847,250.13,-31.168,-62.504,Roll
0.48,-0.353,0.941,250.13,12.16,-32.237,Roll
0.446,-0.219,0.971,250.13,46.786,-32.145,Roll
0.372,-0.057,0.935,250.13,-12.634,-15.099,Roll
0.373,0.239,0.849,250.13,-2.13,-24.992,Roll
0.472,0.316,0.994,250.13,34.42,-31.969,Roll
0.209,0.601,0.852,250.13,34.855,-30.496,Roll
0.103,0.643,0.604,250.13,18.099,-19.565,Roll
0.134,0.891,0.532,250.13,9.534,-3.985,Roll
0.126,0.981,0.413,244.298,5.466,-7.382,Roll
0.132,1.024,0.339,168.725,2.489,-8.076,Roll
0.156,1.072,0.29,110.076,5.954,-10.176,Roll
0.199,1.155,0.308,41.359,9.267,-15.748,Roll
0.19,1.126,0.349,-45.061,8.656,-11.695,Roll
0.151,1.134,0.382,-137.252,12.382,-12.344,Roll
0.182,1.183,0.462,-227.832,20.901,-15.672,Roll
0.268,1.064,0.508,-250.137,43.298,-8.13,Roll
0.379,0.969,0.674,-250.137,59.16,17.634,Roll
0.342,0.634,0.639,-250.137,95.29,-9.794,Roll
0.206,0.475,0.579,-250.137,96.519,-20.55,Roll
0.082,0.256,0.701,-250.137,56.855,-10.916,Roll
0.033,0.023,0.857,-250.137,26.969,-13.267,Roll
0.092,-0.153,1.013,-250.137,11.573,-27.969,Roll
-0.027,-0.387,1.169,-250.137,-18.344,-29.244,Roll
-0.064,-0.578,1.12,-250.137,-20.809,-17.214,Roll
-0.07,-0.636,0.994,-207.679,-29.092,-14.962,Roll
0.045,-0.731,0.883,-162.55,-30.282,-3.901,Roll
0.047,-0.724,0.698,-143.069,-17.481,7.176,Roll
0.11,-0.784,0.567,-141.023,-16.137,9.092,Roll
0.185,-0.883,0.599,-129.191,-10.031,9.412,Roll
0.125,-0.929,0.597,-90.382,-0.595,13.382,Roll
-0.007,-0.996,0.639,-15.153,-1.832,7.809,Roll
-0.02,-0.98,0.667,93.557,-16.344,-5.763,Roll
0.02,-0.954,0.721,200.176,-24,-26.053,Roll
0.112,-0.796,0.764,250.13,-28.305,-32.321,Roll
0.171,-0.576,0.834,250.13,-19.382,-27.084,Roll
0.251,-0.326,0.822,250.13,-16.473,-41.702,Roll
0.447,-0.297,0.707,250.13,31.511,-33.87,Roll
0.239,-0.005,0.874,250.13,-60.992,-29.305,Roll
0.255,0.216,0.88,250.13,-25.107,-30.328,Roll
0.326,0.426,0.835,250.13,-20.237,-16.038,Roll
0.146,0.635,0.778,250.13,-12.023,6.511,Roll
0.073,0.787,0.528,250.13,-6.725,13.031,Roll
0.119,0.923,0.481,250.13,-4.046,14.55,Roll
0.092,1.022,0.354,247.145,-11.298,10.802,Roll
0.158,1.115,0.293,163.611,-13.031,9.962,Roll
0.18,1.15,0.276,84.122,-4.008,6.092,Roll
0.23,1.145,0.275,2.824,9.366,-1.458,Roll
0.228,1.224,0.336,-87.916,21.389,-13.794,Roll
0.236,1.206,0.44,-179.725,27.58,-25.511,Roll
0.252,1.171,0.463,-250.137,28.282,-19.55,Roll
0.226,1.031,0.51,-250.137,39.458,-9.87,Roll
0.288,0.799,0.681,-250.137,57.122,-3.13,Roll
0.284,0.64,0.757,-250.137,90.275,-14.824,Roll
0.122,0.23,0.798,-250.137,89.641,-20.58,Roll
-0.017,0.047,0.816,-250.137,75.206,-31.084,Roll
0.075,0.011,0.872,-250.137,68.229,-34.206,Roll
0.052,-0.21,0.836,-250.137,36.718,-38.962,Roll
-0.03,-0.629,1.056,-250.137,1.603,-40.916,Roll
-0.082,-0.728,1.021,-250.137,-14.84,-37.679,Roll
-0.032,-0.813,0.854,-250.137,-1.038,-15.786,Roll
-0.051,-0.887,0.703,-198.42,17.092,-12.969,Roll
-0.12,-0.92,0.655,-131.069,-6.26,-16.046,Roll
-0.065,-0.92,0.546,-67.679,-24.069,-13.206,Roll
0.055,-0.938,0.542,-12.817,-21.214,-4.817,Roll
-0.01,-0.923,0.572,44.901,-11.534,0.084,Roll
-0.015,-0.934,0.606,124.153,-20.298,-3.473,Roll
-0.034,-0.91,0.705,221,-28.985,-10.237,Roll
-0.034,-0.761,0.69,250.13,-48.221,-23.679,Roll
0.181,-0.569,0.826,250.13,-65.405,-21.977,Roll
0.338,-0.345,0.942,250.13,-17.359,0.084,Roll
0.343,-0.103,0.932,250.13,40.076,16.427,Roll
0.331,-0.071,0.865,250.13,-21.084,-1.763,Roll
0.211,0.15,0.93,250.13,9.176,-6.718,Roll
0.086,0.509,0.916,250.13,-19.26,5.084,Roll
0.044,0.635,0.696,250.13,-40.153,23.626,Roll
0.095,0.793,0.595,250.13,-33.939,32.885,Roll
0.054,1.026,0.46,250.13,-26.794,33.466,Roll
0.085,1.03,0.364,228.618,-25.519,34.336,Roll
0.139,1.082,0.38,130.046,-30.855,38.542,Roll
0.135,1.133,0.368,33.305,-26.374,26.977,Roll
0.245,1.074,0.377,-55.237,-14.611,19.244,Roll
0.243,1.069,0.409,-136.29,-9.198,10.687,Roll
0.259,1.032,0.509,-209.534,4.87,-2.901,Roll
0.289,0.992,0.608,-250.137,32.611,-23.198,Roll
0.245,0.897,0.699,-250.137,47.221,-23.336,Roll
0.301,0.831,0.793,-250.137,45.748,-16.58,Roll
0.281,0.427,0.772,-250.137,43.489,-2.42,Roll
0.314,0.192,0.868,-250.137,64.679,-8.916,Roll
0.352,-0.006,1.043,-250.137,89.191,-14.985,Roll
0.255,-0.224,0.992,-250.137,90.779,-25.695,Roll
0.024,-0.307,0.981,-250.137,51.802,-29.389,Roll
-0.155,-0.548,0.958,-250.137,19.038,-24.061,Roll
-0.201,-0.619,0.873,-234.153,-0.718,-19.916,Roll
-0.088,-0.649,0.76,-183.901,-13.908,-22.672,Roll
0.04,-0.836,0.753,-146.046,-15.817,-11.252,Roll
0.076,-0.839,0.673,-109.878,-8.389,5.115,Roll
0.15,-0.863,0.585,-85.16,-6.397,13.748,Roll
0.069,-0.932,0.603,-48.847,-7.244,13.611,Roll
0.02,-0.928,0.596,7.557,-17.931,4.672,Roll
-0.023,-0.915,0.645,82.649,-21.954,-6.366,Roll
-0.012,-0.948,0.724,176.802,-19.511,-16.275,Roll
0.051,-0.898,0.75,250.13,-18.603,-23.634,Roll
0.156,-0.651,0.79,250.13,-24.71,-22.687,Roll
0.177,-0.418,0.841,250.13,-19.756,-10.504,Roll
0.299,-0.141,0.864,250.13,-8.504,-10.489,Roll
0.235,-0.076,0.994,250.13,-46.031,14.763,Roll
0.218,0.102,0.848,250.13,-32.969,-2.977,Roll
0.156,0.388,0.939,250.13,-23.252,-5.779,Roll
0.21,0.647,1.043,250.13,-2.366,5.519,Roll
0.072,0.697,0.761,250.13,12.595,14.237,Roll
0,0.802,0.546,250.13,-0.519,31.359,Roll
-0.01,0.885,0.406,226.076,-18.84,38.878,Roll
0.124,0.996,0.346,174.282,-26.924,43.534,Roll
0.236,1.088,0.362,120.13,-22.786,34.168,Roll
0.368,1.052,0.371,59.809,-14.244,18.756,Roll
0.317,1.111,0.38,-3.374,-9.985,12.985,Roll
0.244,1.131,0.415,-80.084,-1.702,1.611,Roll
0.231,1.143,0.516,-167.298,10.84,-7.046,Roll
0.202,1.082,0.62,-250.137,31.916,-17.565,Roll
0.226,0.956,0.684,-250.137,36.244,-14.008,Roll
0.266,0.774,0.639,-250.137,27.244,-0.214,Roll
0.288,0.392,0.734,-250.137,22.305,-0.74,Roll
0.276,0.219,0.829,-250.137,39.053,-6.992,Roll
0.25,0.083,0.908,-250.137,63.985,-0.947,Roll
0.232,-0.079,0.943,-250.137,56.969,-4.603,Roll
0.16,-0.27,0.899,-250.137,20.237,-21.359,Roll
0.033,-0.485,0.926,-250.137,-10.832,-35.466,Roll
0.062,-0.671,0.968,-250.137,-24.237,-30.16,Roll
0.079,-0.783,0.833,-250.137,-21.221,-12.901,Roll
0.162,-0.791,0.711,-215.817,-8.664,2.603,Roll
0.148,-0.889,0.645,-173.023,-0.473,15.771,Roll
0.078,-0.969,0.644,-113.595,4.26,27.168,Roll
0.002,-1.011,0.603,-28.809,15.321,33.267,Roll
-0.031,-0.978,0.546,60.969,2.779,11.069,Roll
-0.026,-0.922,0.586,141.954,-11.557,-5.985,Roll
0.018,-0.917,0.688,232.489,-26.229,-20.412,Roll
0.11,-0.806,0.741,250.13,-56.366,-42.519,Roll
0.146,-0.597,0.828,250.13,-76.382,-46.313,Roll
0.319,-0.381,0.972,250.13,-57.924,-43.901,Roll
0.331,-0.266,0.952,250.13,-4.931,-32.977,Roll
0.287,0.105,0.996,250.13,2.733,-17.901,Roll
0.377,-0.004,0.897,250.13,-58.603,-9.053,Roll
0.321,0.198,1.082,250.13,-24.336,-19.45,Roll
0.265,0.393,0.939,250.13,0.229,-25.618,Roll
0.198,0.555,0.811,250.13,6.863,-15.71,Roll
0.12,0.65,0.639,250.13,1.893,-0.824,Roll
0.139,0.785,0.532,225.061,-7.947,5.092,Roll
0.134,1.031,0.515,168.076,-7.748,20.198,Roll
0.248,1.161,0.535,77.534,1.603,9.817,Roll
0.264,1.178,0.608,-27.374,10.397,-3.336,Roll
0.213,1.082,0.629,-127.176,20.038,-4.26,Roll
0.181,0.98,0.656,-238,29.679,-9.061,Roll
0.206,0.85,0.655,-250.137,31.42,-12.87,Roll
0.25,0.642,0.656,-250.137,22.053,-8.153,Roll
0.195,0.452,0.69,-250.137,2.092,0.42,Roll
0.255,0.315,0.846,-250.137,-3.527,6.893,Roll
0.229,0.151,0.913,-250.137,-6.412,4.496,Roll
0.24,0.021,0.968,-250.137,2.901,-13.664,Roll
0.181,-0.118,0.89,-250.137,-3.305,-23.802,Roll
0.23,-0.299,0.902,-250.137,-7.939,-23.435,Roll
0.212,-0.537,0.92,-250.137,-21.336,-15.855,Roll
0.323,-0.733,0.854,-250.137,-24.588,-10.191,Roll
0.391,-0.828,0.752,-244.55,-45.229,-5.145,Roll
0.252,-0.931,0.709,-182.733,-19.053,8.947,Roll
0.217,-1.022,0.678,-102.634,-17.733,17.702,Roll
0.238,-1.055,0.615,-26.191,-9.237,17.664,Roll
0.237,-0.963,0.536,25.351,-6.252,10.359,Roll
0.16,-0.95,0.532,72.779,-10.42,-4.305,Roll
0.172,-0.955,0.643,140.015,-16.565,-20.618,Roll
0.246,-0.832,0.725,208.267,-12.786,-32.557,Roll
0.283,-0.711,0.809,250.13,-9.656,-41.076,Roll
0.314,-0.589,0.809,250.13,-9.344,-38.153,Roll
0.384,-0.51,0.872,250.13,-23.603,-35.229,Roll
0.414,-0.378,0.924,250.13,-48.962,-25.069,Roll
0.392,-0.18,0.909,250.13,-35.015,-21.718,Roll
0.471,-0.071,0.913,250.13,-28.87,-18.298,Roll
0.293,0.042,0.954,250.13,-25.542,-26.344,Roll
0.336,0.221,0.869,250.13,-33.58,-18.763,Roll
0.342,0.383,0.766,250.13,-27,-13.885,Roll
0.357,0.542,0.685,250.13,-26.725,-8.672,Roll
0.345,0.764,0.678,250.13,-23,-5.901,Roll
0.272,0.836,0.534,250.13,-19.282,-6.221,Roll
0.277,0.929,0.483,186.298,-6.374,-15.58,Roll
0.305,0.913,0.425,124.13,0.473,-12.832,Roll
0.381,1.022,0.369,75.435,8.107,-10.061,Roll
0.407,1.056,0.357,33.328,16.947,-5.519,Roll
0.428,1.084,0.414,-20.618,12.504,-2.573,Roll
0.441,1.125,0.447,-78.687,22.214,-6.649,Roll
0.38,1.066,0.493,-150.198,38.145,-8.855,Roll
0.352,1.032,0.57,-243.656,61.809,-3.069,Roll
0.363,0.919,0.609,-250.137,91.344,10.733,Roll
0.345,0.648,0.723,-250.137,94.328,14.817,Roll
0.374,0.436,0.78,-250.137,70.672,25.687,Roll
0.344,0.168,0.743,-250.137,59.809,28.305,Roll
0.294,-0.013,0.901,-250.137,56.366,25.435,Roll
0.182,-0.116,0.915,-250.137,41.809,10.611,Roll
0.263,-0.474,0.973,-250.137,37.366,1.878,Roll
0.287,-0.637,0.909,-250.137,42.71,8.183,Roll
0.234,-0.752,0.815,-250.137,56.42,16.794,Roll
0.068,-0.771,0.677,-250.137,57.763,14.405,Roll
0.006,-0.884,0.635,-228.794,40.939,15.748,Roll
0.053,-1.001,0.6,-157.969,20.099,23.176,Roll
0.034,-1.015,0.527,-90.328,16.473,25.534,Roll
-0.104,-1.034,0.484,-5.282,-9.534,-1.275,Roll
-0.056,-0.965,0.492,91.855,-25.618,-17.145,Roll
-0.041,-0.94,0.58,181.176,-36.191,-34.977,Roll
0.01,-0.829,0.57,250.13,-70.214,-57.29,Roll
0.211,-0.735,0.776,250.13,-81.466,-71.153,Roll
0.431,-0.691,0.929,250.13,-46.443,-54.313,Roll
0.353,-0.456,0.894,250.13,7.565,-29.374,Roll
0.365,-0.311,0.973,250.13,-24.466,20.901,Roll
0.318,-0.063,0.825,250.13,-66.947,13.756,Roll
0.405,0.076,1.176,250.13,-56.534,9.618,Roll
0.294,0.18,1.067,250.13,-32.389,2.565,Roll
0.268,0.47,0.98,250.13,-41.206,1.153,Roll
0.265,0.729,0.957,250.13,-19.008,9.237,Roll
0.207,0.751,0.661,187.359,-14.443,17.641,Roll
0.214,0.765,0.562,104.931,-21.191,23.351,Roll
0.258,0.818,0.611,37.168,-7.084,10.191,Roll
0.332,0.784,0.622,-22.359,12.351,-5.817,Roll
0.404,0.801,0.671,-87.74,31.893,-18.29,Roll
0.433,0.789,0.756,-152.756,77.794,-33.206,Roll
0.461,0.83,0.729,-222.153,120.336,-50.282,Roll
0.241,0.663,0.976,-241.519,74.863,-58.046,Roll
0.457,0.595,0.964,-224.214,-34.695,-34.084,Roll
0.374,0.509,1.04,-250.137,-47.023,-28.679,Roll
0.147,0.417,0.93,-250.137,-41.977,-32.901,Roll
0.049,0.228,0.819,-250.137,-11.588,-4.786,Roll
0.156,0.013,1.01,-250.137,8.565,22.695,Roll
0.197,-0.047,0.953,-250.137,-3.695,23.878,Roll
0.207,-0.376,0.722,-250.137,-7.794,17.023,Roll
0.317,-0.416,0.572,-250.137,-9.893,6.702,Roll
0.492,-0.688,0.639,-250.137,10.794,10.939,Roll
0.327,-0.821,0.717,-250.137,21.649,34.534,Roll
0.009,-0.939,0.54,-250.137,-2.87,28.023,Roll
-0.022,-1.069,0.574,-154.588,-34.344,21.359,Roll
0.192,-1.261,0.546,-55.305,-17.725,6.802,Roll
0.122,-1.208,0.488,33.511,-4.794,3.527,Roll
0.009,-1.129,0.479,125.725,6.435,2.008,Roll
0.039,-0.981,0.46,205.893,-6.305,-24.153,Roll
0.146,-0.922,0.537,250.13,-23.275,-50.237,Roll
0.322,-0.807,0.7,250.13,-27.16,-68.809,Roll
0.405,-0.635,0.769,250.13,7.695,-62.45,Roll
0.313,-0.531,0.792,250.13,40.771,-56.031,Roll
0.362,-0.495,0.801,250.13,23.519,-49.863,Roll
0.34,-0.144,0.872,250.13,16.565,-40.374,Roll
0.423,-0.08,0.968,250.13,32.313,-31.397,Roll
0.306,0.126,0.979,250.13,3.725,-13.878,Roll
0.251,0.322,0.995,250.13,-8.511,-1.244,Roll
0.093,0.569,0.917,250.13,-10.359,-0.611,Roll
0.15,0.568,0.772,250.13,-19.389,-12.389,Roll
0.207,0.724,0.721,246.603,-27.763,-10.641,Roll
0.292,0.75,0.729,204.336,-16.427,-23.664,Roll
0.313,0.741,0.557,183.618,11.061,-38.809,Roll
0.26,0.743,0.516,159.023,17.969,-48.481,Roll
0.229,1.119,0.494,117.748,32.534,-51.847,Roll
0.165,1.11,0.554,49.565,28.473,-42.55,Roll
0.078,1.16,0.525,-25.168,28.328,-34.458,Roll
0.114,1.108,0.516,-100.481,13.985,-17.015,Roll
0.142,1.035,0.549,-171.718,4.908,-7.137,Roll
0.099,0.976,0.656,-247.176,4.733,-4.847,Roll
0.045,0.879,0.747,-250.137,11.802,-14.466,Roll
0.056,0.656,0.762,-250.137,9.679,-16.489,Roll
0.056,0.438,0.853,-250.137,-16.756,-14.557,Roll
0.054,0.218,0.802,-250.137,-43.328,-0.473,Roll
0.223,-0.003,0.844,-250.137,-45.855,-2.206,Roll
0.404,-0.112,0.922,-250.137,-21.115,-24.038,Roll
0.345,-0.295,0.713,-250.137,-16.344,-23.557,Roll
0.097,-0.432,0.924,-250.137,-71.489,-1.885,Roll
0.036,-0.747,0.859,-250.137,-92.145,-6.611,Roll
0.176,-0.816,0.786,-231.939,-70.267,-6.809,Roll
0.271,-1.039,0.834,-137.55,-28.985,-9.397,Roll
0.288,-1.026,0.723,-52.015,-32.588,-2.344,Roll
0.219,-0.963,0.601,7.588,-7.878,4.466,Roll
0.257,-0.898,0.556,59.244,-9.412,-2.893,Roll
0.24,-0.838,0.58,109.977,-9.481,-17.305,Roll
0.227,-0.803,0.688,166.656,-3.328,-30.26,Roll
0.272,-0.74,0.74,232.611,-12.26,-41.618,Roll
0.335,-0.617,0.776,250.13,-17.733,-50.084,Roll
0.456,-0.517,0.889,250.13,-0.427,-45.947,Roll
0.521,-0.462,0.979,250.13,-18.084,-21.435,Roll
0.431,-0.23,0.971,250.13,-25.58,-44.588,Roll
0.473,-0.138,1.067,250.13,7.649,-42.588,Roll
0.385,-0.035,1.008,250.13,31.962,-67.496,Roll
0.458,0.131,0.851,250.13,45.786,-66.176,Roll
0.311,0.323,0.903,250.13,41.939,-63.405,Roll
0.155,0.553,0.855,250.13,61.145,-48.061,Roll
0.089,0.591,0.741,250.13,46.725,-40.58,Roll
0.04,0.748,0.535,250.13,40.397,-45.939,Roll
0.18,0.799,0.431,230.611,32.382,-27.855,Roll
0.149,0.938,0.438,202.573,36.122,-6.366,Roll
0.082,0.991,0.41,148.786,40.901,-8.954,Roll
0.082,1.093,0.391,74.702,26.931,-8.183,Roll
0.108,1.209,0.433,-14.885,11.351,-1.565,Roll
0.152,1.094,0.391,-90.969,6.183,1.641,Roll
0.157,1.059,0.418,-160.282,5.595,6.168,Roll
0.125,1.046,0.502,-238.924,7.359,12.351,Roll
0.129,0.913,0.595,-250.137,11.252,11.74,Roll
0.108,0.796,0.649,-250.137,3.473,20,Roll
0.161,0.54,0.733,-250.137,-7.153,24.015,Roll
0.133,0.273,0.799,-250.137,1.397,29.756,Roll
0.132,0.134,0.844,-250.137,-13.542,31.794,Roll
0.28,-0.068,0.927,-250.137,-28.756,15.595,Roll
0.414,-0.254,0.887,-250.137,-1.878,-6.611,Roll
0.178,-0.394,0.836,-250.137,-1.58,-0.427,Roll
0.018,-0.669,0.917,-250.137,-18.366,1.985,Roll
0.022,-0.86,0.813,-250.137,-30.107,-2.16,Roll
0.25,-1.011,0.728,-210.466,-28.198,-11.763,Roll
0.162,-1.14,0.666,-115.893,-37.435,-13.298,Roll
0.218,-1.022,0.6,-20.252,-15.771,13.527,Roll
0.153,-0.953,0.529,46.344,4.084,18.145,Roll
0.12,-0.933,0.502,106.641,16.229,5.611,Roll
0.152,-0.863,0.596,167.382,21.275,-5.252,Roll
0.136,-0.848,0.656,235.534,12.374,-18.443,Roll
0.233,-0.752,0.731,250.13,13.969,-6.893,Roll
0.206,-0.606,0.823,250.13,45.076,5.916,Roll
0.142,-0.423,0.744,250.13,38.45,13.496,Roll
0.249,-0.376,0.874,250.13,-19.656,26.725,Roll
0.311,-0.199,0.882,250.13,-9.702,37.924,Roll
0.264,0.097,0.935,250.13,-34.595,52.359,Roll
0.348,0.248,0.899,250.13,-40.573,80.038,Roll
0.342,0.432,0.891,250.13,-14.611,90.023,Roll
0.249,0.644,1.04,250.13,17.282,91.947,Roll
0.16,0.768,0.877,241.603,19.924,100.328,Roll
0.134,0.802,0.594,202.748,-2.076,102.26,Roll
0.165,0.865,0.616,186.573,-16.29,92.252,Roll
0.226,0.91,0.592,154.153,-28,71.527,Roll
0.274,0.909,0.549,126.557,-51.55,29.802,Roll
0.359,0.96,0.483,93.519,-60.008,-27.42,Roll
0.436,1.003,0.548,23.389,-39.015,-73.656,Roll
0.408,0.95,0.42,-25.015,-26.344,-105.031,Roll
0.422,0.983,0.522,-69.496,-20.45,-114.046,Roll
0.35,0.958,0.539,-103.397,-17.282,-112.397,Roll
254,0.983,0.629,-145.435,12.473,-111.763,Yaw
0.232,0.964,0.663,-192.115,50.634,-108.786,Yaw
0.306,1.091,0.598,-250.137,61.252,-71.046,Yaw
0.189,0.802,0.707,-250.137,24.565,-30.939,Yaw
0.195,0.563,0.821,-250.137,10.137,-6.534,Yaw
0.217,0.265,0.81,-250.137,51.954,12.542,Yaw
0.211,0.121,0.876,-250.137,75.252,32.58,Yaw
-0.052,-0.142,0.768,-250.137,45.489,34.382,Yaw
-0.273,-0.325,0.948,-250.137,-9.947,5.832,Yaw
-0.089,-0.589,0.961,-250.137,-29.298,-10.511,Yaw
0.058,-0.709,0.882,-250.137,-14.519,-14.901,Yaw
-0.1,-0.811,0.832,-233.527,0.351,-10.168,Yaw
-0.136,-0.875,0.75,-161.427,-17.229,-10.634,Yaw
-0.031,-0.882,0.674,-101.42,-30.618,-8.832,Yaw
0.106,-0.911,0.58,-62.435,-29.695,-6.878,Yaw
-0.013,-0.944,0.589,-10.702,-21.122,-9.901,Yaw
-0.045,-0.136,1.074,5.527,-1.359,0.298,Yaw
-0.024,-0.136,1.089,-3.458,-2.183,1.435,Yaw
-0.001,-0.153,1.148,-1.817,-1.053,1.397,Yaw
-0.003,-0.173,1.147,0.313,-0.634,0.595,Yaw
-0.004,-0.151,1.135,5.061,-2.122,-1.237,Yaw
-0.039,-0.12,1.107,4.252,-1.74,-0.718,Yaw
-0.035,-0.115,1.125,1.076,-0.115,5.275,Yaw
-0.05,-0.093,1.127,3.069,-0.771,9.847,Yaw
-0.032,-0.075,1.115,0.366,-4.282,10.153,Yaw
-0.015,-0.068,1.138,-8.847,0.344,17.267,Yaw
0.044,-0.095,1.18,-9.695,12.496,18.496,Yaw
0.075,-0.106,1.146,-3.252,10.519,10.626,Yaw
0.044,-0.107,1.105,-10.733,5.626,4.527,Yaw
0.007,-0.182,0.982,-29.191,2.611,8.534,Yaw
-0.028,-0.127,0.953,-51.305,2.969,20.237,Yaw
-0.013,-0.179,0.97,-82.366,14.893,38.71,Yaw
-0.001,-0.27,1.026,-107.42,36.473,58.29,Yaw
0.065,-0.651,1.288,-89.397,62.359,62.038,Yaw
-0.162,-0.5,1.246,-1.634,54.221,40.115,Yaw
-0.102,-0.227,0.911,17.122,3.947,-21.275,Yaw
-0.149,-0.346,0.833,10.656,16.901,-7.229,Yaw
-0.323,-0.358,0.951,33.71,37.924,13.466,Yaw
-0.457,-0.342,0.953,31.763,13.55,-4.908,Yaw
-0.238,-0.291,1.097,48.351,-33.45,-45.649,Yaw
-0.214,0.201,1.114,67.153,-20.893,-54.244,Yaw
-0.083,-0.307,0.719,140.298,8.58,-67.069,Yaw
-0.291,-0.393,1.252,161.046,4.053,-115.618,Yaw
-0.166,-0.137,1.096,77.176,-2.947,-126.992,Yaw
-0.038,-0.079,1.182,73.595,-0.969,-147.206,Yaw
0.027,-0.349,1.043,74.351,37.71,-169.802,Yaw
-0.108,-0.137,1.044,93.382,25.939,-176.389,Yaw
-0.031,-0.086,1.132,88.641,5.443,-174.427,Yaw
0.069,0.079,1.371,7.26,5.466,-141.634,Yaw
-0.104,-0.049,1.166,-90.427,10.008,-78.42,Yaw
-0.305,-0.306,0.995,-39.42,24.42,-70.855,Yaw
-0.624,0.361,1.084,21.267,27.153,-87.191,Yaw
-0.549,0.107,1.212,-58.076,49.115,-189.947,Yaw
-0.338,-0.074,1.153,-119.893,59.198,-120.42,Yaw
-0.416,0.048,0.999,-118.985,11.901,-31.153,Yaw
-0.403,-0.188,0.896,-47.802,-14.198,-1.725,Yaw
-0.15,-0.354,1.057,-17.458,-10.939,19,Yaw
-0.14,0.18,0.761,-43.115,-47.58,250.13,Yaw
-0.195,0.09,0.829,-54.107,-79.702,250.13,Yaw
-0.134,-0.034,1.118,-31.992,-125.725,250.13,Yaw
0.042,-0.041,1.231,23.878,-105.878,228.855,Yaw
0.052,-0.028,1.222,34.328,-55.42,197.069,Yaw
-0.035,0.145,1.111,7.634,-42.809,154.374,Yaw
-0.125,0.039,1.203,17.595,-48.962,91.153,Yaw
-0.082,0.033,1.277,37.916,-32.588,32.924,Yaw
-0.02,0.046,1.279,22.519,-14.611,-12.336,Yaw
0.015,0.031,1.229,-7.527,3.275,-42.443,Yaw
0.052,0.095,1.159,-23.656,13.489,-69.328,Yaw
0.029,0.162,1.092,-22.473,24.855,-85.061,Yaw
0.018,0.158,1.038,-3.282,27.55,-101.504,Yaw
-0.028,0.008,1.118,-2.229,44.305,-110.634,Yaw
-0.06,-0.027,1.085,-13.824,48.45,-111.893,Yaw
-0.063,0.006,1.07,-7.702,38.198,-111.168,Yaw
-0.03,0.077,1.071,7.458,19.313,-108.565,Yaw
-0.109,0.103,1.087,19.176,6.977,-113.901,Yaw
-0.049,0.166,1.082,34.885,17.214,-125.221,Yaw
-0.098,0.173,1.13,43.71,35.641,-169.206,Yaw
-0.11,0.051,1.084,41.794,37.878,-234.489,Yaw
-0.092,-0.049,1.043,17.206,14.069,-250.137,Yaw
0.031,-0.136,0.986,-9.328,-1.26,-250.137,Yaw
-0.019,-0.055,1,-25.977,7.947,-250.137,Yaw
-0.082,-0.108,1.032,-32.267,-18.878,-250.137,Yaw
-0.115,-0.092,1.08,-35.115,-33.641,-250.137,Yaw
-0.15,-0.202,1.145,-1.313,-59,-227.534,Yaw
-0.096,-0.085,1.204,9.58,-64.206,-170.924,Yaw
-0.067,-0.02,1.16,12.504,-31.397,-84.756,Yaw
-0.116,0.002,1.129,-2.176,-0.588,-5.908,Yaw
-0.144,-0.021,1.273,-29.679,23.038,78.916,Yaw
-0.131,-0.088,1.332,-52.534,34.74,181.557,Yaw
-0.078,-0.139,1.206,-42.618,40.115,250.13,Yaw
-0.155,-0.481,1.172,-15.771,19.611,250.13,Yaw
-0.067,-0.563,1.055,0.611,-26.832,250.13,Yaw
-0.045,-0.111,0.794,34.008,-59.13,250.13,Yaw
-0.115,0.107,0.878,46.542,-46.153,250.13,Yaw
-0.106,-0.104,0.868,-20.374,-78.366,250.13,Yaw
-0.153,0.076,0.863,17.847,-127.748,250.13,Yaw
-0.146,-0.014,1.151,39.229,-117.382,245.611,Yaw
-0.026,0.125,1.107,40.771,-68.267,145.244,Yaw
0.012,0.212,1.186,4.061,-37.58,54.145,Yaw
0.003,0.122,1.25,10.16,-25.252,-44.863,Yaw
0.107,0.183,1.271,8.519,4.015,-120.221,Yaw
0.074,0.208,1.143,13.863,35.473,-189.855,Yaw
0.039,0.136,1.154,12.221,41.122,-250.137,Yaw
0.1,0.124,1.076,22.481,51.023,-250.137,Yaw
0.01,0.252,1.016,53.489,44.595,-250.137,Yaw
0.105,0.108,1.01,56.481,14.695,-250.137,Yaw
0.106,0.055,1.08,12.122,-12.885,-250.137,Yaw
0.051,-0.22,1.182,-43.389,-7.252,-250.137,Yaw
-0.405,-0.428,1.305,-22.794,-16.298,-250.137,Yaw
-0.04,-0.114,0.918,-6.13,-36.038,-250.137,Yaw
-0.095,0.1,1.034,-33.603,-51.137,-250.137,Yaw
-0.207,0.083,1.182,-42.214,-60.992,-165.26,Yaw
-0.053,0.128,1.109,-63.511,-29.664,-94.618,Yaw
-0.116,-0.085,1.142,-55.305,-18.718,-35.275,Yaw
-0.08,-0.094,1.165,-9.885,-0.45,2.397,Yaw
-0.095,-0.052,1.122,3.328,19.763,46.588,Yaw
-0.073,-0.093,1.107,2.198,41.389,110.42,Yaw
-0.062,-0.167,1.194,-17.214,52.427,193.718,Yaw
-0.117,-0.317,1.216,-0.947,33.802,250.13,Yaw
-0.088,-0.29,1.117,7.13,7.321,250.13,Yaw
-0.116,-0.022,1.078,27.634,-10.389,250.13,Yaw
-0.216,0.166,1.152,-11.489,-25.229,250.13,Yaw
-0.21,0.053,0.993,-33.458,-9.107,250.13,Yaw
-0.014,0.194,1.004,-43.763,-37.206,250.13,Yaw
-0.217,-0.065,0.967,-73.481,-40.038,250.13,Yaw
-0.277,-0.085,1.046,-72.916,-58.344,220.252,Yaw
-0.222,-0.026,1.149,-31.176,-41.74,94.321,Yaw
-0.105,0.005,1.184,18.221,-13.855,-22.397,Yaw
-0.147,0.039,1.174,33.374,13.527,-96.931,Yaw
-0.181,-0.019,1.156,19.229,10.649,-147.473,Yaw
-0.051,0.053,1.096,10.885,5.244,-184.756,Yaw
0.008,0.068,1.076,30.855,14.023,-225.389,Yaw
-0.025,0.179,1.012,59.817,21.557,-250.137,Yaw
-0.053,0.21,0.978,84.733,6.344,-250.137,Yaw
-0.156,0.104,1.107,84.695,-8.145,-250.137,Yaw
-0.065,-0.083,1.322,109.939,-60.489,-250.137,Yaw
-0.003,-0.213,1,42.29,-74.939,-250.137,Yaw
0.064,-0.197,1.071,6.015,-66.725,-250.137,Yaw
-0.074,0.254,1.03,-53.992,-31.489,-228.313,Yaw
-0.011,0.247,1.14,-100.977,-2.504,-161.763,Yaw
-0.157,0.079,1.217,-68.656,-22.443,-61.977,Yaw
-0.087,0.056,1.213,-67.229,15.336,0.809,Yaw
-0.114,-0.045,1.145,-49.595,0.679,53.649,Yaw
-0.069,-0.102,1.13,-22.229,4.672,104.664,Yaw
0.031,-0.092,1.193,-13.802,27.481,149.824,Yaw
-0.003,-0.111,1.166,-37.427,45.473,208.977,Yaw
-0.025,-0.152,1.152,-30.756,43.351,250.13,Yaw
-0.002,-0.192,1.191,10.481,22.176,250.13,Yaw
-0.155,-0.239,1.038,17.71,53.702,250.13,Yaw
-0.189,0.004,0.767,-37.702,16.107,250.13,Yaw
-0.304,0.184,0.906,-44.962,-25.321,250.13,Yaw
-0.354,0.024,1.032,-35.908,-49.55,250.13,Yaw
-0.253,0.081,0.977,-45.565,-23.061,245.611,Yaw
-0.417,0.173,1.005,-75.405,-46.542,145.573,Yaw
-0.292,0.087,1.158,-58.069,-58.496,1.847,Yaw
-0.129,0.013,1.196,-3.847,-37.099,-142.702,Yaw
-0.121,-0.011,1.221,19.198,-5.634,-242.443,Yaw
0.007,0.128,1.195,24.153,7.046,-250.137,Yaw
0.031,0.156,1.153,50.015,24.145,-250.137,Yaw
-0.035,0.123,1.132,71.374,14.42,-250.137,Yaw
0.081,0.017,1.145,87.206,-5.649,-250.137,Yaw
0.215,-0.109,1.246,96.702,-45.802,-250.137,Yaw
0.09,-0.186,1.281,97.427,-54.359,-250.137,Yaw
0.17,-0.418,1.031,66.733,-41.885,-250.137,Yaw
0.065,-0.192,1.026,71.55,-40.008,-250.137,Yaw
-0.276,0.204,0.941,11.618,-24.214,-250.137,Yaw
-0.076,0.174,1.089,-47.389,-38.267,-196.031,Yaw
-0.141,0.149,1.157,-59.198,-23.679,-117.58,Yaw
-0.2,0.069,1.129,-44.511,-3.672,-44.534,Yaw
-0.138,0.021,1.054,-17.145,-9.198,-5.305,Yaw
-0.109,-0.123,0.949,15.809,-10.595,25.718,Yaw
-0.043,0.025,1.132,19.458,-1.122,26.359,Yaw
-0.029,0.052,1.201,16.588,2.702,43.603,Yaw
-0.057,0.291,1.232,-19.176,-7.466,114.412,Yaw
-0.055,0.317,1.279,-95.977,30.336,223.725,Yaw
-0.058,-0.167,1.292,-104.901,59.809,250.13,Yaw
-0.041,-0.533,1.039,-61.42,34,250.13,Yaw
0.032,-0.463,1.06,12.611,38.168,250.13,Yaw
0.035,0.247,1.063,-17.908,68.542,250.13,Yaw
-0.402,0.204,0.833,-74.962,16.687,250.13,Yaw
-0.037,-0.067,0.72,-80.229,-65.534,250.13,Yaw
-0.126,0.148,0.771,-37.84,-100.565,250.13,Yaw
-0.081,0.261,1.012,-28.267,-93.092,250.13,Yaw
-0.038,0.143,1.211,-20.603,-100.115,247.221,Yaw
-0.11,-0.02,1.383,6.153,-67.733,138.221,Yaw
-0.14,0.043,1.348,27.687,-22.817,3.313,Yaw
-0.028,0.165,1.366,7.534,6.038,-79.397,Yaw
-0.01,0.072,1.243,-23.351,29.534,-139.015,Yaw
0.014,0.084,1.107,-12.87,34.45,-200.58,Yaw
-0.033,0.104,1.111,27.924,36.031,-250.137,Yaw
0.026,0.292,1.052,65.206,30.191,-250.137,Yaw
0.075,0.248,1.032,91.962,25.496,-250.137,Yaw
0.069,0.294,1.064,89.229,10.084,-250.137,Yaw
0.228,0.054,0.936,73.382,1.939,-250.137,Yaw
0.294,-0.405,1.041,71.015,-36.977,-250.137,Yaw
0.217,-0.303,1.029,41.168,-80.786,-250.137,Yaw
-0.002,-0.105,1.078,-16.634,-54.206,-250.137,Yaw
-0.339,0.097,1.178,-22.16,-47.763,-250.137,Yaw
-0.09,0.103,1.125,-42.924,-60.366,-230.107,Yaw
-0.13,0.111,1.149,-65.191,-43.809,-147.916,Yaw
-0.165,-0.142,1.226,-27.748,-31.809,-63.878,Yaw
-0.188,-0.164,1.201,-5.237,-21.084,15.931,Yaw
-0.082,-0.152,1.143,5.718,-4.008,76.924,Yaw
-0.028,-0.087,1.218,11.229,19.649,119.29,Yaw
-0.055,-0.003,1.297,-21.122,52.45,171.992,Yaw
-0.04,0.023,1.239,-74.664,70.221,246.542,Yaw
-0.045,-0.06,1.1,-68.466,39.947,250.13,Yaw
-0.075,-0.662,1.234,-51.153,28.313,250.13,Yaw
0.101,-0.374,1.046,-73.13,18.634,250.13,Yaw
-0.072,0.216,0.919,-117.374,-27.137,250.13,Yaw
-0.094,0.314,0.857,-142.252,-22.908,250.13,Yaw
-0.124,-0.158,0.753,-125.267,-111.366,250.13,Yaw
-0.389,-0.191,0.9,-1.344,-172.672,250.13,Yaw
-0.082,0.166,0.924,90.328,-129.13,198.733,Yaw
-0.048,0.163,1.196,75.603,-81.901,133.481,Yaw
-0.107,0.144,1.207,19.649,-71.176,75.466,Yaw
-0.025,0.138,1.25,-3.87,-47.618,9.198,Yaw
0.05,0.09,1.285,-31.611,-26.84,-44.962,Yaw
0.058,0.102,1.255,-34.046,2.901,-104.603,Yaw
0.013,0.116,1.173,-1.244,9.137,-188.427,Yaw
-0.015,0.122,1.169,44.641,30.336,-250.137,Yaw
0.044,0.197,1.131,97.771,54.786,-250.137,Yaw
0.118,0.276,1.135,95.519,32.817,-250.137,Yaw
0.204,0.205,1.135,55.252,5.565,-250.137,Yaw
0.274,-0.111,1.081,13.519,-19.87,-250.137,Yaw
0.372,-0.443,1.023,3.046,12.817,-250.137,Yaw
-0.003,-0.316,0.982,12.664,22.122,-250.137,Yaw
-0.45,0.061,0.998,-39.137,-28.023,-250.137,Yaw
-0.199,0.102,1.197,-31.557,-57.626,-250.137,Yaw
-0.201,-0.184,1.208,-37.267,-44.351,-176.87,Yaw
-0.259,-0.109,1.248,-40.595,-49.389,-73.252,Yaw
-0.206,-0.129,1.178,-39.122,-28.412,19.382,Yaw
-0.13,-0.153,1.152,-42.87,1.229,84.458,Yaw
-0.126,-0.214,1.176,-39.221,18.649,147.344,Yaw
-0.118,-0.204,1.125,-52.214,43.74,218.771,Yaw
-0.116,-0.19,1.06,-78.481,56.802,250.13,Yaw
-0.118,-0.411,1.226,-89.481,15.794,250.13,Yaw
-0.16,-0.557,1.024,-90.817,-35.969,250.13,Yaw
-0.34,-0.118,1.346,-123.26,-86.366,250.13,Yaw
-0.037,-0.107,0.706,-89.29,-96.908,250.13,Yaw
-0.068,-0.079,0.808,-50.702,-108.42,250.13,Yaw
-0.119,-0.161,1.026,42.351,-132.13,250.13,Yaw
-0.13,0.197,1.047,102.733,-119.985,231.771,Yaw
-0.107,0.118,1.07,86.664,-71.321,173.74,Yaw
-0.174,0.172,1.146,58.504,-58.42,127.45,Yaw
0.005,0.242,1.22,22.374,-46.885,86.763,Yaw
0.094,0.178,1.156,-29.527,-16.511,53.809,Yaw
-0.004,0.204,1.19,-48.267,3.076,-1.992,Yaw
-0.011,0.166,1.223,-18.977,1.069,-78.84,Yaw
-0.059,0.053,1.286,33.573,21.702,-184.496,Yaw
-0.05,0.192,1.287,72.214,49.779,-250.137,Yaw
0.022,0.208,1.093,85.931,50.977,-250.137,Yaw
0.066,0.242,1.069,82.359,41.145,-250.137,Yaw
-0.048,0.071,1.069,52.565,18.405,-250.137,Yaw
0.066,-0.001,1.067,39.878,13.748,-250.137,Yaw
0.09,-0.163,1.093,102.473,-53.16,-250.137,Yaw
0.181,-0.338,0.892,32.74,-109.878,-250.137,Yaw
0.016,0.085,0.982,-64.947,-92.626,-250.137,Yaw
-0.098,-0.047,0.96,-80.282,-25.16,-250.137,Yaw
-0.275,-0.244,1.156,-76.939,-53.107,-198.565,Yaw
-0.169,-0.113,1.237,-52.885,-74.45,-103.458,Yaw
-0.124,-0.093,1.182,-63.947,-43.809,-0.527,Yaw
-0.105,-0.328,1.276,-40.695,-14.122,85.198,Yaw
-0.082,-0.354,1.31,-15.733,11.679,157.641,Yaw
-0.075,-0.367,1.25,-32.473,35.023,232.321,Yaw
-0.035,-0.392,1.228,-64.344,58.527,250.13,Yaw
-0.062,-0.379,1.021,-54.519,52.702,250.13,Yaw
-0.092,-0.659,0.852,-15.611,0.794,250.13,Yaw
0.127,-0.196,0.876,-32.038,-35.985,250.13,Yaw
-0.017,0.126,0.853,-88.191,-87.931,250.13,Yaw
0.015,-0.145,0.973,-94.87,-119.298,250.13,Yaw
-0.11,-0.042,0.834,1.954,-120.718,250.13,Yaw
-0.208,0.05,0.818,35.191,-113.382,250.13,Yaw
-0.162,0.04,0.942,25.015,-130.947,200.824,Yaw
0.02,0.121,1.262,28.916,-107.382,142.794,Yaw
0.035,0.268,1.34,10.542,-65.832,80.809,Yaw
-0.057,0.219,1.241,1.55,-23.466,6.832,Yaw
-0.065,0.148,1.203,-18.061,-22.382,-85.015,Yaw
-0.05,0.095,1.182,-20.824,7.802,-183.466,Yaw
0.007,0.1,1.196,-5.595,27.221,-250.137,Yaw
0.103,0.213,1.114,1.198,30.481,-250.137,Yaw
0.231,0.084,1.202,10.87,56.107,-250.137,Yaw
0.135,-0.209,1.224,24.939,95.076,-250.137,Yaw
0.185,-0.178,1.202,55.443,118.679,-250.137,Yaw
0.039,-0.371,1.116,95.595,117.244,-250.137,Yaw
0.048,-0.256,0.844,119.641,56.29,-250.137,Yaw
-0.187,-0.047,0.865,33.939,1.641,-250.137,Yaw
-0.359,0.113,1.029,-4.824,-9.817,-250.137,Yaw
-0.306,-0.135,1.136,-10.595,-40.221,-226.168,Yaw
-0.334,-0.058,1.178,-18.603,-45.863,-127.725,Yaw
-0.28,-0.079,1.135,-28.328,-22.198,-24.092,Yaw
-0.28,-0.252,1.164,-8.916,-7.733,65.756,Yaw
-0.234,-0.157,1.164,-15.748,-8.237,142.031,Yaw
-0.149,-0.125,1.141,-46.267,6.893,203.885,Yaw
-0.124,-0.315,1.395,-99.55,41.359,250.13,Yaw
-0.083,-0.229,1.176,-100.832,20.313,250.13,Yaw
-0.131,-0.34,1.026,-119.115,-0.176,250.13,Yaw
-0.227,-0.276,0.885,-86.962,-58.053,250.13,Yaw
-0.111,-0.198,0.904,-98.366,-86.29,250.13,Yaw
-0.088,0.036,0.663,-60.863,-121.916,250.13,Yaw
-0.088,-0.218,0.75,-7.718,-172.122,250.13,Yaw
0.032,0.07,0.957,-8.901,-175.206,250.13,Yaw
0.132,0.365,1.245,38.038,-140.595,250.13,Yaw
-0.003,0.238,1.243,79.725,-83.359,198.061,Yaw
-0.227,0.216,1.154,92.031,-74.809,90.336,Yaw
-0.178,0.253,1.223,37.26,-90.374,-12.168,Yaw
0.068,0.163,1.302,-6.939,-53.504,-77.55,Yaw
0.093,0.205,1.333,-17.985,-16.74,-125.13,Yaw
0.167,0.113,1.253,-19.42,29.74,-191.908,Yaw
0.161,0.163,1.592,10.183,62.107,-250.137,Yaw
0.061,0.225,1.125,51.71,83.206,-250.137,Yaw
0.095,0.312,0.911,26.145,62.557,-250.137,Yaw
0.091,-0.069,1.004,-10.496,51.153,-250.137,Yaw
0.187,-0.28,1.192,-3.527,42.412,-250.137,Yaw
0.337,-0.001,0.866,11.977,37,-250.137,Yaw
0.002,-0.334,0.758,-33.13,53.298,-250.137,Yaw
-0.261,-0.215,0.858,-27.695,-10.313,-250.137,Yaw
-0.195,-0.175,0.86,-19.954,-62.718,-250.137,Yaw
-0.247,-0.229,1.178,-20.328,-56.977,-168.13,Yaw
-0.224,-0.181,1.365,0.267,-39.313,-76.198,Yaw
-0.215,-0.14,1.261,-2.992,-14.832,26.756,Yaw
-0.251,-0.228,1.179,-30.168,0.481,117,Yaw
-0.165,-0.263,1.102,-45.542,12.328,182.504,Yaw
-0.156,-0.328,1.198,-83.053,54.542,240.382,Yaw
-0.194,-0.391,1.337,-38.489,25.771,250.13,Yaw
-0.021,-0.474,0.984,-30.74,3.725,250.13,Yaw
-0.14,-0.272,0.957,-11.885,0.015,250.13,Yaw
-0.079,-0.117,0.862,-55.931,-32.893,250.13,Yaw
0.006,-0.078,0.677,-79.092,-105.649,250.13,Yaw
0.18,-0.283,0.569,-5.481,-181.069,250.13,Yaw
0.017,0.137,0.985,51.092,-143,250.13,Yaw
-0.008,0.349,1.205,53.771,-115.542,247.924,Yaw
-0.071,0.216,1.197,30.748,-94.183,160.229,Yaw
-0.004,0.255,1.293,16.466,-75,67.046,Yaw
0.108,0.33,1.376,3.55,-45.42,-10.237,Yaw
0.072,0.36,1.302,4.84,-1.008,-77.58,Yaw
0.109,0.24,1.238,-9.176,11.115,-148.405,Yaw
0.123,0.16,1.241,3.038,36.145,-213.412,Yaw
-0.04,0.205,1.224,5.397,39.679,-250.137,Yaw
0.118,0.174,1.109,-9.695,55.267,-250.137,Yaw
0.226,0.197,1.039,-27.053,59.382,-250.137,Yaw
0.241,-0.026,1.062,-34.855,87,-250.137,Yaw
0.284,-0.658,1.189,-17.206,111.42,-250.137,Yaw
-0.3,-0.48,0.958,3.031,126.008,-250.137,Yaw
-0.161,0.215,0.801,41.977,30.786,-250.137,Yaw
-0.173,-0.271,0.941,22.046,-20.656,-250.137,Yaw
-0.247,-0.328,1.184,62.985,-79.763,-231.031,Yaw
-0.32,0.03,1.228,48.702,-57.679,-137.511,Yaw
-0.218,-0.013,1.089,-11.206,-12.191,-51.031,Yaw
-0.323,-0.202,1.047,-40.191,-2.832,32.435,Yaw
-0.259,-0.219,1.06,-37.191,-6.771,111.534,Yaw
-0.299,-0.5,1.3,-27.023,-2.008,173.168,Yaw
-0.209,-0.418,1.435,-23.282,0.55,219.069,Yaw
-0.025,-0.257,1.294,-26.282,9.336,250.13,Yaw
0.16,-0.188,1.129,-17.901,12.634,250.13,Yaw
0.009,-0.041,1.007,-17.931,12.397,250.13,Yaw
0.012,-0.054,0.811,-53.466,-36.214,250.13,Yaw
0.087,0.076,0.857,-56.061,-66.466,250.13,Yaw
-0.08,0.062,0.855,-21.137,-69.74,250.13,Yaw
-0.056,0.102,0.843,18.366,-102.702,250.13,Yaw
-0.09,0.093,1.07,41.122,-105.023,250.13,Yaw
-0.028,0.035,1.12,55.504,-79.588,200.664,Yaw
-0.104,0.247,1.198,65.481,-61.885,121.817,Yaw
-0.057,0.408,1.225,46.664,-45.634,43.954,Yaw
-0.047,0.403,1.177,10.275,-21.244,-35.435,Yaw
0.061,0.364,1.125,-15.855,5.214,-119.344,Yaw
0.061,0.379,1.098,-22.794,20.176,-202.084,Yaw
0.127,0.296,1.1,-3.855,39.221,-250.137,Yaw
0.205,0.287,1.109,3.176,46.779,-250.137,Yaw
0.094,0.321,1.094,-30.328,40.527,-250.137,Yaw
0.086,0.248,1.121,-66.687,45.481,-250.137,Yaw
0.274,-0.057,1.048,-79.382,61.511,-250.137,Yaw
0.132,-0.385,0.929,-67.29,96.756,-250.137,Yaw
-0.034,-0.528,0.812,-15.099,72.885,-250.137,Yaw
-0.287,-0.42,0.983,40.664,-20.962,-250.137,Yaw
-0.37,-0.34,1.143,58.84,-77.924,-250.137,Yaw
-0.2,-0.143,1.194,36.702,-48.496,-147.977,Yaw
-0.174,0.007,1.141,-6.947,-13.87,-48.176,Yaw
-0.185,-0.173,1.173,-0.962,-3.71,45.771,Yaw
-0.196,-0.291,1.229,29.924,0.206,130.748,Yaw
-0.125,-0.322,1.245,21.053,8.939,195.092,Yaw
-0.104,-0.174,1.269,6.824,29.832,249.908,Yaw
-0.167,-0.203,1.308,-20.435,37.679,250.13,Yaw
-0.153,-0.204,1.101,-26.565,25.603,250.13,Yaw
-0.257,-0.269,0.996,-9.718,11.947,250.13,Yaw
0.085,0.017,0.837,-27.87,-56.389,250.13,Yaw
-0.04,0.189,1.041,-27.565,-52.58,250.13,Yaw
0.132,0.073,0.94,-23.985,-33.214,250.13,Yaw
-0.183,0.095,0.916,-19.611,-52.74,250.13,Yaw
-0.289,0.079,1.051,-32.855,-89.893,219.435,Yaw
0.067,0.339,1.179,-2.992,-70.42,129.038,Yaw
-0.082,0.259,1.088,24.366,-31.779,60.252,Yaw
-0.143,0.202,0.99,18.931,-42.908,-9.176,Yaw
-0.044,0.234,1.05,3.84,-58.794,-72.473,Yaw
0.105,0.184,1.183,-3.656,-51.107,-133.183,Yaw
0.228,0.025,1.372,-0.84,-5.847,-187.275,Yaw
0.169,0.069,1.363,16.092,23.771,-250.137,Yaw
0.194,0.12,1.168,15.565,57.618,-250.137,Yaw
0.17,0.21,1.046,9.496,69.74,-250.137,Yaw
0.23,0.081,1.01,17.374,81.718,-250.137,Yaw
0.098,-0.17,0.969,46.351,59.084,-250.137,Yaw
0.047,-0.373,0.988,52.664,24.573,-250.137,Yaw
-0.193,-0.143,0.931,51.206,-34.672,-250.137,Yaw
-0.144,0.012,0.902,-7.031,-32.481,-250.137,Yaw
-0.298,-0.066,1.194,-33.527,-8.763,-208.908,Yaw
-0.378,-0.169,1.343,-3.954,-24.031,-122.015,Yaw
-0.247,0.141,1.258,-12.099,-47.076,-13,Yaw
-0.257,0.042,1.153,-38.069,-13.695,97.435,Yaw
-0.299,-0.032,1.127,-51.763,-11.206,198.45,Yaw
-0.288,-0.344,1.222,-61.817,0.557,250.13,Yaw
-0.292,-0.382,1.243,-62.466,4.145,250.13,Yaw
-0.107,-0.47,1.27,-34.985,7.038,250.13,Yaw
0.025,-0.228,0.983,-23.939,31.382,250.13,Yaw
-0.048,0.066,0.738,-48.313,-7.244,250.13,Yaw
-0.069,0.068,0.933,-57.664,-103.031,250.13,Yaw
0.021,-0.154,1.011,-10.832,-135.206,250.13,Yaw
0.027,0.247,1.037,73.695,-87.603,250.13,Yaw
-0.046,0.361,1.056,90.832,-55.931,161.519,Yaw
-0.176,0.204,1.16,73.145,-63.702,68.397,Yaw
-0.138,0.167,1.205,56.985,-47.519,-37.55,Yaw
0.032,0.289,1.224,12.344,-27.557,-121.282,Yaw
0.259,0.175,1.216,-28.901,28.939,-167,Yaw
-0.033,0.269,1.248,-39.511,42.786,-240.763,Yaw
0.029,0.329,1.086,-37.542,51.771,-250.137,Yaw
0.151,0.408,0.957,-30.847,50.939,-250.137,Yaw
0.183,0.273,1.007,-39.305,23.664,-250.137,Yaw
0.22,-0.143,1.069,-11.412,30.244,-250.137,Yaw
0.199,-0.403,0.927,24.931,40.679,-250.137,Yaw
-0.073,-0.478,0.935,15.458,18.588,-250.137,Yaw
-0.231,-0.203,1.167,36.824,-42.16,-250.137,Yaw
-0.12,0.013,1.105,-13.962,-36.534,-213.534,Yaw
-0.156,-0.098,1.135,-35.305,-11.092,-162.893,Yaw
-0.264,-0.261,1.115,-2.031,-16.756,-111.206,Yaw
-0.302,-0.223,1.165,10.527,-29.679,-48.55,Yaw
-0.257,-0.15,1.147,4.687,-14.809,30.756,Yaw
-0.19,-0.195,1.201,-2.519,-11.305,114.679,Yaw
-0.167,-0.146,1.236,-10.443,-5.412,198.13,Yaw
-0.077,-0.205,1.372,-15.183,6.901,250.13,Yaw
0.023,-0.237,1.326,-10.962,17.496,250.13,Yaw
-0.11,-0.31,1.089,-18.145,34.557,250.13,Yaw
0.018,-0.234,0.902,-38.351,-6.458,250.13,Yaw
-0.048,-0.067,0.947,-72.718,-57.023,250.13,Yaw
0.062,-0.167,0.95,-67.053,-103.405,250.13,Yaw
0.14,-0.132,0.962,19.038,-92.344,250.13,Yaw
0.014,0.037,0.932,92.069,-79.656,250.13,Yaw
0.01,0.168,0.98,94.305,-78.718,211.298,Yaw
-0.162,0.202,1.136,92.191,-84.756,158.634,Yaw
-0.072,0.263,1.154,80.046,-76.977,91.412,Yaw
0.082,0.301,1.119,25.481,-37.824,27.641,Yaw
0.045,0.42,1.176,-29.244,-22.336,-34.893,Yaw
0.126,0.411,1.153,-50.794,12.847,-115.122,Yaw
-0.018,0.402,1.185,-55.237,15.519,-218.672,Yaw
0.18,0.292,1.178,-29.237,18.107,-250.137,Yaw
0.261,0.304,1.073,5.046,27.817,-250.137,Yaw
0.354,0.246,0.999,-10.954,38.687,-250.137,Yaw
0.408,-0.026,1.022,-9.74,52.618,-250.137,Yaw
0.414,-0.296,1.022,34.16,37.847,-250.137,Yaw
0.108,-0.57,1.353,82.206,-4.725,-250.137,Yaw
0.042,-0.308,0.926,31.969,-20.42,-250.137,Yaw
-0.329,-0.021,1.027,-9.809,-18.336,-250.137,Yaw
-0.133,0.008,1.059,-26.198,-37.053,-242.366,Yaw
-0.232,-0.001,1.168,-42.733,-60.458,-179.794,Yaw
-0.229,-0.01,1.265,-31.863,-65.374,-96.779,Yaw
-0.16,-0.094,1.166,-11.794,-41.916,-28.061,Yaw
-0.101,-0.186,1.182,-3.45,-20.023,22.718,Yaw
-0.085,-0.164,1.187,-5.191,-0.366,64.153,Yaw
-0.064,-0.16,1.18,-26.053,27.344,104.756,Yaw
-0.096,-0.124,1.167,-44.397,30.008,151.718,Yaw
-0.09,-0.08,1.181,-46.908,3.153,208.45,Yaw
-0.047,-0.085,1.269,-46.588,-3.366,250.13,Yaw
0.009,-0.087,1.116,-30.267,13.214,250.13,Yaw
0.005,-0.353,0.945,-56.389,32.664,250.13,Yaw
-0.068,-0.34,0.804,-60.084,-38.092,250.13,Yaw
-0.008,-0.045,0.861,-83.26,-106.58,250.13,Yaw
0.162,-0.1,0.995,-52.84,-147.137,250.13,Yaw
0.149,-0.18,0.878,11.626,-150.374,250.13,Yaw
-0.078,0.228,0.972,60.55,-122.863,250.13,Yaw
-0.034,0.093,1.151,42.603,-92.893,227.458,Yaw
-0.069,-0.019,1.259,39.672,-91.008,151.153,Yaw
0.259,-0.044,1.185,58.947,-73.542,78.74,Yaw
0.134,0.219,1.326,28.473,-40.061,41.321,Yaw
0.154,0.27,1.227,-8.244,-25.771,3.977,Yaw
0.112,0.257,1.202,-12.061,-2.489,-53.13,Yaw
0.115,0.252,1.196,-13.427,16.351,-111.42,Yaw
0.113,0.119,1.236,-7.351,45.031,-169.687,Yaw
0.057,0.233,1.612,1.58,57.008,-250.137,Yaw
0.164,0.178,1.074,12.092,62.74,-250.137,Yaw
0.028,0.17,0.94,1.832,57.389,-250.137,Yaw
0.294,-0.059,0.966,8.672,55.672,-250.137,Yaw
0.243,-0.162,1.075,47.191,52.87,-250.137,Yaw
0.191,-0.428,1.252,44.489,37.252,-250.137,Yaw
0.04,-0.171,0.84,20.962,57.221,-250.137,Yaw
-0.098,0.07,0.79,12.107,25.122,-250.137,Yaw
-0.351,0.105,0.903,40.809,-78.55,-250.137,Yaw
-0.093,0.07,1.226,-5.687,-77.298,-172.916,Yaw
-0.292,0.106,1.378,-45.244,-76.573,-87.527,Yaw
-0.12,0.008,1.239,-36.794,-51.015,-6.618,Yaw
-0.088,-0.14,1.223,-28.076,-18.908,66.771,Yaw
-0.065,-0.185,1.181,-29.679,1.557,118.183,Yaw
-0.034,-0.196,1.125,-45.435,31.092,158.061,Yaw
-0.122,-0.294,1.124,-55.351,34.313,192.557,Yaw
-0.019,-0.21,1.3,-34.26,9.229,250.13,Yaw
0.148,-0.09,1.162,-16.252,-5.748,250.13,Yaw
0.055,-0.041,0.945,-2.489,-2.863,250.13,Yaw
-0.208,-0.213,0.901,-51.672,-34.855,250.13,Yaw
0.004,-0.094,0.977,-100.382,-98.71,250.13,Yaw
0.049,-0.161,1.035,-120.641,-143.863,250.13,Yaw
0.374,-0.054,0.958,-35.031,-175.29,250.13,Yaw
0.161,0.188,1.112,39.389,-125.504,250.13,Yaw
-0.015,0.066,1.066,50.359,-84.878,237.313,Yaw
-0.176,0.01,1.138,53.26,-68.168,129.527,Yaw
-0.056,0.054,1.199,50.405,-47.496,34.45,Yaw
0.131,0.134,1.27,2.725,-23.618,-38.641,Yaw
0.143,0.097,1.175,-45.649,-9.313,-94.679,Yaw
0.188,0.008,1.184,-61.053,-6.153,-144.649,Yaw
0.146,0.023,1.153,-51.397,11.45,-199.771,Yaw
0.184,0.029,1.223,-17.176,43.328,-241.74,Yaw
0.245,-0.1,1.264,53.916,88.084,-250.137,Yaw
0.273,0.068,1.136,107.954,85.282,-250.137,Yaw
0.172,0.1,0.881,95.061,68.595,-250.137,Yaw
0.377,-0.14,1.075,70.847,61.885,-250.137,Yaw
0.205,-0.418,1.166,17.137,53.71,-250.137,Yaw
0.123,-0.043,0.936,-0.763,24.122,-250.137,Yaw
-0.045,0.176,0.963,-15.878,5.351,-250.137,Yaw
-0.294,-0.001,1.022,-31.695,-46.847,-250.137,Yaw
-0.181,-0.156,1.176,-56.252,-40.824,-217.832,Yaw
-0.181,-0.001,1.254,-16.031,-46.924,-119.855,Yaw
-0.159,-0.142,1.163,28.137,-50.412,-30.382,Yaw
-0.138,-0.166,1.212,33.901,-19.916,42.374,Yaw
-0.12,-0.046,1.22,31.107,-11.282,107.802,Yaw
0.037,-0.167,1.092,-1.176,11.275,147.656,Yaw
-0.022,0.074,1.153,-20.458,25.916,188.534,Yaw
-0.082,0.085,1.144,-47.649,22.107,245.58,Yaw
-0.033,-0.059,1.232,-88.725,26.725,250.13,Yaw
-0.201,-0.307,1.104,-110.511,24.214,250.13,Yaw
-0.048,-0.278,0.93,-83.679,-28.458,250.13,Yaw
0.208,-0.17,0.834,-68.481,-85.145,250.13,Yaw
0.048,-0.044,1.001,-75.618,-91.252,250.13,Yaw
0.144,-0.275,1.086,-95.74,-147.84,250.13,Yaw
0.128,-0.29,1.107,-44.16,-126.702,250.13,Yaw
0.116,-0.058,1.117,34.985,-89.298,250.13,Yaw
-0.071,-0.062,1.106,23.863,-68.565,238.748,Yaw
-0.08,-0.2,1.127,8.985,-66.756,163.397,Yaw
-0.282,-0.08,1.214,25.71,-51.634,62.176,Yaw
0.076,0.033,1.238,46.252,-21.626,-36.45,Yaw
0.161,0.128,1.298,38.893,7.282,-108,Yaw
0.12,0.061,1.204,17.924,33.962,-161.26,Yaw
0.1,-0.055,1.175,15.733,48.344,-211.076,Yaw
0.077,-0.054,1.139,30.824,67.26,-250.137,Yaw
0.162,-0.053,1.095,65.13,82.504,-250.137,Yaw
0.246,0.059,1.051,97.786,94.763,-250.137,Yaw
0.009,0.111,0.886,103.855,95.496,-250.137,Yaw
0.268,0.008,0.983,54.718,39.275,-250.137,Yaw
0.183,-0.344,1.083,55.076,-4.305,-250.137,Yaw
0.124,-0.257,1.038,31.969,-22.557,-250.137,Yaw
-0.165,-0.229,0.975,6.374,-30.847,-250.137,Yaw
-0.284,-0.1,1.186,-48.252,-16.786,-250.137,Yaw
-0.231,-0.066,1.186,-86.13,-9.893,-163.122,Yaw
-0.196,-0.107,1.14,-75.023,-17.473,-100.718,Yaw
-0.198,-0.164,1.146,-23.542,-40.321,-20.115,Yaw
-0.178,-0.248,1.21,-20.45,-30.649,60.817,Yaw
-0.098,-0.335,1.24,-32.771,-11.511,144.71,Yaw
-0.114,-0.327,1.181,-43.412,16.977,207.908,Yaw
-0.117,-0.354,1.104,-62.901,35.588,250.13,Yaw
-0.129,-0.451,1.125,-73.374,31.756,250.13,Yaw
-0.108,-0.39,1.021,-14.145,-17.885,250.13,Yaw
0.014,-0.43,0.855,-20.122,-68.679,250.13,Yaw
0.039,-0.119,0.917,-46.74,-108.076,250.13,Yaw
0.034,0.037,1.005,-93.107,-134.389,250.13,Yaw
0.089,-0.101,1.116,-82.473,-148.489,250.13,Yaw
0.156,-0.163,0.913,-12.603,-118.053,250.13,Yaw
-0.048,0.016,1.033,38.565,-92.061,198.305,Yaw
-0.105,0.007,1.178,23.336,-63.794,112.328,Yaw
-0.129,-0.054,1.313,28.038,-32.221,33.771,Yaw
-0.08,0.017,1.296,17.916,1.389,-43.061,Yaw
0.002,0.139,1.146,0.489,8.374,-105.237,Yaw
-0.04,0.104,1.055,-0.374,17.634,-161.786,Yaw
0.134,-0.101,1.051,15.756,47.534,-179.641,Yaw
-0.007,-0.069,1.114,50.504,76.26,-237.954,Yaw
-0.083,0.013,1.129,76.244,55.595,-250.137,Yaw
0.103,0.074,1.009,103.641,17.565,-250.137,Yaw
0.194,0.046,0.989,81.863,-1.947,-250.137,Yaw
0.362,-0.238,1.084,53.664,15.962,-250.137,Yaw
0.2,-0.19,1.084,17.023,39.031,-250.137,Yaw
0.002,-0.103,0.983,20.107,4.168,-250.137,Yaw
-0.038,-0.111,1.067,-25.885,-33.084,-250.137,Yaw
-0.162,0.005,1.063,-67.145,-49.626,-246.061,Yaw
-0.133,-0.272,1.201,-63.58,-44.519,-165.489,Yaw
-0.129,-0.238,1.234,-48.908,-51.015,-83.832,Yaw
-0.03,-0.105,1.188,-38.634,-35.58,-1.71,Yaw
-0.047,-0.258,1.272,-25.672,-7.771,71.641,Yaw
-0.067,-0.278,1.265,-11.931,6.282,140.565,Yaw
-0.115,-0.198,1.152,-25.794,27.771,203.626,Yaw
-0.107,-0.282,1.091,-78.183,49.473,250.13,Yaw
-0.136,-0.562,1.233,-92.779,25.786,250.13,Yaw
-0.029,-0.56,1.039,-46.496,-22.45,250.13,Yaw
0.104,-0.405,1.012,-35.206,-64.878,250.13,Yaw
0.151,-0.008,0.833,-35.321,-69.817,250.13,Yaw
0.015,-0.002,0.699,-64.924,-123.397,250.13,Yaw
-0.033,-0.165,0.848,-58.878,-177.74,250.13,Yaw
0.076,-0.132,0.949,15.13,-167.557,250.13,Yaw
-0.024,0.097,1.111,61.015,-117.145,235.397,Yaw
-0.175,0.025,1.172,57.336,-64.107,131.031,Yaw
-0.288,0.093,1.317,19.176,-55.015,18.176,Yaw
-0.033,0.216,1.371,-20.939,-15.344,-70,Yaw
0.037,0.189,1.216,-37,4.992,-146.656,Yaw
0.019,0.081,1.136,-29.809,26.366,-237.046,Yaw
0.292,-0.114,1.099,10.122,52.397,-250.137,Yaw
-0.024,-0.077,1.138,87.817,92.893,-250.137,Yaw
-0.028,0.269,1.164,99.305,59.053,-250.137,Yaw
0.335,0.029,1.156,64.229,67.191,-250.137,Yaw
0.232,-0.285,1.063,13.985,66.733,-250.137,Yaw
0.08,-0.233,0.96,-12.023,68.412,-250.137,Yaw
0.086,-0.08,1.029,-3.053,38.702,-250.137,Yaw
-0.009,-0.25,0.972,-10.13,9.313,-250.137,Yaw
-0.151,-0.251,1.115,-3.939,-37.756,-250.137,Yaw
-0.194,-0.167,1.066,-2.824,-24.305,-192.519,Yaw
-0.199,-0.203,1.086,-19.046,-29.092,-108.305,Yaw
-0.161,-0.219,1.22,-2.16,-27.931,-21.672,Yaw
-0.161,-0.167,1.219,-0.847,-12.817,57.664,Yaw
-0.13,-0.189,1.246,-11.733,10.099,135.885,Yaw
-0.13,-0.219,1.205,-27.786,21.893,206.267,Yaw
-0.114,-0.222,1.128,-59.153,14.328,250.13,Yaw
-0.108,-0.313,1.136,-87.771,8.595,250.13,Yaw
-0.281,-0.485,1.241,-47.466,-14.916,250.13,Yaw
0.073,-0.492,0.825,-41.321,-29.084,250.13,Yaw
0.124,-0.257,0.758,-35.664,-68.145,250.13,Yaw
0.072,-0.015,0.91,-18.557,-112.733,250.13,Yaw
0.185,-0.022,0.937,24.519,-148.244,250.13,Yaw
0.042,0.15,1.02,43.374,-134.267,250.13,Yaw
0.004,0.101,0.98,20.863,-111.42,250.13,Yaw
-0.187,0.249,1.173,45.13,-103.534,186.076,Yaw
-0.14,0.109,1.268,34.511,-93.885,85.588,Yaw
-0.038,0.137,1.309,6.565,-53.214,-3.87,Yaw
0.079,0.211,1.374,-38.916,-14.168,-67.763,Yaw
0.12,0.156,1.263,-57.153,17.13,-119.855,Yaw
0.024,0.104,1.237,-35.473,50.527,-159.008,Yaw
0.071,0.038,1.211,2.573,66.412,-208.58,Yaw
0.018,0.218,1.205,18.153,58.061,-250.137,Yaw
0.212,0.115,1.123,13.542,57.145,-250.137,Yaw
0.088,-0.185,1.123,-0.626,69.496,-250.137,Yaw
0.187,-0.28,1.144,11.527,74.42,-250.137,Yaw
0.179,-0.088,1.107,55.542,76.305,-250.137,Yaw
0.312,-0.198,0.917,39.374,89.756,-250.137,Yaw
0.017,-0.347,0.896,15.71,55.992,-250.137,Yaw
-0.148,-0.149,1.058,22.771,1.626,-250.137,Yaw
-0.19,-0.085,1.076,0.954,-4.855,-250.137,Yaw
-0.388,-0.179,1.188,-3.779,-17.42,-205.672,Yaw
-0.224,-0.02,1.078,-6.786,-21.542,-126.664,Yaw
-0.273,-0.081,0.982,-25.824,-30.679,-54.153,Yaw
-0.242,-0.201,1.055,-53.817,-40.115,19.519,Yaw
-0.175,-0.22,1.155,-66.298,-26.809,89.977,Yaw
-0.141,-0.304,1.175,-66.344,-2.702,148.725,Yaw
-0.154,-0.339,1.128,-42.969,17.031,198.298,Yaw
-0.139,-0.365,1.114,-27.076,17.229,250.13,Yaw
-0.087,-0.252,1.034,-13.672,-0.031,250.13,Yaw
0.022,-0.381,1.174,38.145,-18.435,250.13,Yaw
-0.053,-0.303,1.06,53.977,-22.534,250.13,Yaw
-0.008,-0.36,0.996,5.496,-29.565,250.13,Yaw
0.027,0.042,0.831,-16.527,-48.489,250.13,Yaw
-0.064,0.068,0.969,-32.588,-96.992,250.13,Yaw
0.006,0.079,0.966,-30.053,-126.145,250.13,Yaw
0.005,0.141,1.038,-20.496,-114.252,250.13,Yaw
-0.032,0.234,1.198,-16.656,-101.458,209.718,Yaw
-0.014,0.123,1.154,1.939,-74.298,138.84,Yaw
-0.063,0.046,1.25,0.061,-40.13,78.305,Yaw
0.002,0.099,1.26,-13.588,-32.969,12.977,Yaw
0.063,0.148,1.29,-19.511,8.26,-53.45,Yaw
0.008,0.185,1.281,-20.084,45.107,-123.351,Yaw
0.12,0.055,1.215,-11.053,64.13,-174.16,Yaw
0.01,0.103,1.183,1.336,78.672,-241.733,Yaw
0.04,0.137,1.18,11.992,92.779,-250.137,Yaw
0.322,0.252,1.112,6.588,91.473,-250.137,Yaw
0.186,0.037,1.006,11.824,70.664,-250.137,Yaw
0.187,-0.163,1.003,33.443,65.237,-250.137,Yaw
0.171,-0.304,1.043,44.176,63.725,-250.137,Yaw
0.086,-0.602,1.027,43.137,50.183,-250.137,Yaw
-0.093,-0.256,0.899,18.313,20.519,-250.137,Yaw
-0.163,-0.32,0.959,0.649,-1.939,-250.137,Yaw
-0.223,-0.22,1.089,17.947,-46.992,-250.137,Yaw
-0.218,-0.059,1.057,1.13,-44.504,-206.824,Yaw
-0.339,-0.193,1.167,-34,-30.443,-129.13,Yaw
-0.254,-0.146,1.169,-21.664,-30.527,-40.366,Yaw
-0.191,-0.194,1.14,-19.374,-23.305,55.206,Yaw
-0.114,-0.248,1.198,-33.176,-2.603,144.137,Yaw
-0.145,-0.304,1.231,-40.031,16.481,230.71,Yaw
-0.086,-0.367,1.237,-49.168,27.863,250.13,Yaw
-0.14,-0.418,1.156,-37.901,21.74,250.13,Yaw
-0.18,-0.383,1.086,31.832,-10.84,250.13,Yaw
-0.037,-0.38,0.765,29.962,-27.382,250.13,Yaw
0.036,-0.247,0.8,11.985,-55.725,250.13,Yaw
0.025,-0.076,0.922,-11.275,-102.412,250.13,Yaw
-0.031,-0.021,0.973,-11.397,-130.855,250.13,Yaw
0.079,0.083,1.069,45.885,-116.672,250.13,Yaw
0.024,0.059,1.163,13.893,-87,250.13,Yaw
0.024,0.231,1.118,-20.756,-63.527,196.344,Yaw
-0.056,0.343,1.145,-25.718,-43.214,127.366,Yaw
0.054,0.251,1.227,-15.023,-40.122,41.481,Yaw
0.017,0.135,1.232,-15.061,-17.153,-18.794,Yaw
0.119,0.121,1.226,-15.695,19.137,-89.145,Yaw
0.084,0.127,1.192,-12.389,40.198,-159.573,Yaw
0.048,0.129,1.123,6.588,51.855,-241.779,Yaw
0.156,0.13,1.116,28.832,56.618,-250.137,Yaw
0.15,0.125,1.055,31.344,48.863,-250.137,Yaw
0.214,0.131,0.971,32.893,37.252,-250.137,Yaw
0.336,-0.009,0.927,19.008,38.649,-250.137,Yaw
0.312,-0.24,1.085,-22.794,38.076,-250.137,Yaw
0.205,-0.213,1.039,-19.786,-16.519,-250.137,Yaw
0.122,-0.187,1.118,-38.015,-47.603,-250.137,Yaw
-0.084,-0.247,1.118,-5.183,-49.336,-250.137,Yaw
-0.038,-0.243,1.097,-12.351,-76.168,-250.137,Yaw
-0.17,-0.2,1.178,-47.443,-83.046,-210.679,Yaw
-0.016,-0.298,1.166,-49.695,-37.878,-130.71,Yaw
-0.119,-0.281,1.131,-35.015,-30.664,-57.611,Yaw
-0.016,-0.22,1.09,-26.466,-19.832,22.183,Yaw
0.072,-0.24,1.163,-18.626,-6.962,90.817,Yaw
0.162,-0.245,1.23,12.099,4.031,161.603,Yaw
0.133,-0.306,1.232,23.725,34.595,225.198,Yaw
0.026,-0.254,1.215,14.618,57.55,250.13,Yaw
0.039,-0.276,1.176,7.55,72.176,250.13,Yaw
0.024,-0.334,1.185,41.985,51.534,250.13,Yaw
-0.081,-0.478,0.912,-9.878,-13.412,250.13,Yaw
0.113,-0.178,0.765,7.214,-70.824,250.13,Yaw
0.146,-0.211,0.962,18.641,-119.695,250.13,Yaw
0.26,-0.163,1.128,63.176,-135.664,250.13,Yaw
0.064,0.018,1.014,72.351,-98.802,250.13,Yaw
-0.167,0.167,0.886,38.092,-67.076,250.13,Yaw
0.055,0.119,0.998,23.183,-79.038,190.42,Yaw
0.061,0.169,1.084,19.573,-86.29,134.069,Yaw
0.112,0.069,1.21,-6.527,-68.832,74.076,Yaw
0.221,0.016,1.207,-24.099,-35.031,34.794,Yaw
0.219,0.034,1.161,-12.198,-9.183,-7.298,Yaw
0.234,0.183,1.17,12.611,15.366,-45.092,Yaw
0.22,0.178,1.195,13.847,21.061,-90.191,Yaw
0.176,0.153,1.182,0.435,23.809,-137.076,Yaw
0.119,0.151,1.209,-10.389,47.466,-191,Yaw
0.118,0.225,1.251,-20.489,61.733,-250.137,Yaw
0.159,0.354,1.384,-36.84,70.176,-250.137,Yaw
0.429,0.337,0.978,-21.397,98.366,-250.137,Yaw
0.394,0.168,0.942,-6.649,119.992,-250.137,Yaw
0.356,-0.065,0.859,-8.107,65.725,-250.137,Yaw
0.191,-0.445,0.95,-21.977,49.832,-250.137,Yaw
0.029,-0.196,0.952,-9.092,16.427,-250.137,Yaw
-0.01,-0.226,0.897,-6.458,-24.58,-250.137,Yaw
-0.176,-0.22,1.186,-27.893,-64.328,-250.137,Yaw
-0.203,-0.117,1.19,-36.702,-83.511,-212.382,Yaw
-0.015,-0.186,1.069,-77.557,-29.588,-141.321,Yaw
-0.059,-0.192,1.006,-58,-34.595,-62.405,Yaw
-0.02,-0.299,1.031,-23.061,-32.71,14.26,Yaw
0.022,-0.376,1.115,-11.336,-10.588,87.756,Yaw
0.064,-0.369,1.193,-10.313,5.802,149.992,Yaw
0.032,-0.388,1.195,-11.443,17.656,204.069,Yaw
0.034,-0.473,1.229,-20.137,21.504,244.137,Yaw
0.02,-0.503,1.339,-55.061,30.756,250.13,Yaw
-0.023,-0.535,1.097,-22.733,-37.427,250.13,Yaw
0.105,-0.431,0.776,20.74,-75.656,250.13,Yaw
0.134,-0.521,0.838,53.962,-86.42,250.13,Yaw
0.27,-0.277,0.777,78.626,-121.664,250.13,Yaw
0.195,0.079,0.921,132.641,-148.153,250.13,Yaw
0.144,0.158,1.075,118.947,-116.336,250.13,Yaw
0.074,0.234,1.001,60.634,-103.832,250.13,Yaw
-0.093,0.349,1.105,0.275,-118.947,234.992,Yaw
-0.094,0.239,1.255,-17.282,-88.977,129.191,Yaw
0.143,0.151,1.383,-8.832,-25.634,26.221,Yaw
0.145,0.19,1.272,-26.992,-4.023,-64,Yaw
0.227,0.166,1.162,-44.16,12.137,-130.916,Yaw
0.194,0.079,1.16,-48.443,33.924,-192.74,Yaw
0.301,0.052,1.192,-26.198,69.771,-213.084,Yaw
0.25,0.145,1.114,-12.542,81.053,-243.046,Yaw
0.062,0.301,1.087,-15.542,79.069,-250.137,Yaw
0.213,0.157,1.01,-11.687,85.473,-250.137,Yaw
0.337,-0.211,1.013,9.015,91.374,-250.137,Yaw
0.173,-0.201,0.942,20.237,54.153,-250.137,Yaw
0.245,-0.104,1.093,53.336,-29.443,-250.137,Yaw
0.195,-0.325,1.092,46.282,-63.336,-250.137,Yaw
0.073,-0.173,1.191,-29.145,-70.992,-250.137,Yaw
0.103,0.103,1.102,-90.466,-60.55,-250.137,Yaw
0.119,-0.18,1.092,-98.695,-19.397,-249.237,Yaw
-0.154,-0.207,1.162,-65.168,-37.076,-176.206,Yaw
0.018,-0.078,1.041,-40.344,-39.13,-99.511,Yaw
-0.008,-0.217,1.041,-18.008,-18.702,-42.802,Yaw
0.012,-0.353,1.188,13.534,-15.588,9.992,Yaw
0.085,-0.328,1.223,7.069,-5.931,61.489,Yaw
0.103,-0.282,1.275,-22.305,3.947,113.176,Yaw
0.133,-0.296,1.236,-26.305,-4.336,165.137,Yaw
0.128,-0.214,1.181,-25.725,-9.687,217.366,Yaw
0.133,-0.235,1.164,-39.122,7.092,250.13,Yaw
0.101,-0.278,1.173,-57.382,37.107,250.13,Yaw
-0.016,-0.492,0.984,-43.786,-1.962,250.13,Yaw
0.066,-0.557,0.708,2.206,-70.221,250.13,Yaw
0.088,-0.138,0.667,60.13,-147.916,250.13,Yaw
0.024,-0.342,0.951,114.695,-167.244,250.13,Yaw
0.119,-0.093,1.039,114.771,-113.443,250.13,Yaw
0.041,0.111,0.994,69.466,-73.229,244.794,Yaw
0,0.199,1.082,18.466,-76.191,195.107,Yaw
-0.096,-0.08,1.121,-14.145,-76.382,141.122,Yaw
0.108,-0.039,1.165,-19.092,-44.344,61.595,Yaw
0.1,0.036,1.218,-15.26,-32.748,-9.13,Yaw
0.144,-0.001,1.236,-26.42,-26.099,-62.947,Yaw
0.178,-0.041,1.244,-26.58,0.74,-120.824,Yaw
0.193,-0.034,1.28,-23.191,26.969,-162.962,Yaw
0.222,0.013,1.233,-19.649,42.176,-197.191,Yaw
0.206,0.118,1.145,-16.061,48.969,-233.298,Yaw
0.303,-0.028,1.078,0.046,72.115,-250.137,Yaw
0.248,-0.052,1.117,11.985,72.511,-250.137,Yaw
0.277,-0.247,1.051,13.466,74.985,-250.137,Yaw
0.326,-0.332,0.991,28.809,80.939,-250.137,Yaw
-0.011,-0.376,0.922,78.908,50.618,-250.137,Yaw
0.2,-0.348,1.061,102.779,33.786,-250.137,Yaw
-0.012,0.01,1.118,42.817,0.557,-250.137,Yaw
-0.056,0.106,1.031,-37.534,-23.679,-250.137,Yaw
-0.161,-0.05,1.147,-59.649,-25.901,-250.137,Yaw
-0.08,-0.078,1.093,-36.763,-43.405,-210.359,Yaw
-0.146,0.002,1.06,-35.504,-51.679,-121.725,Yaw
-0.016,-0.227,1.183,-26.832,-22.985,-48.679,Yaw
-0.109,-0.182,1.289,-18.099,-18.58,20.466,Yaw
-0.031,-0.188,1.312,-19.71,6.282,88.527,Yaw
-0.062,-0.193,1.256,-16.664,23.908,158.885,Yaw
-0.058,-0.19,1.1,-15.878,24.397,220.351,Yaw
-0.103,-0.171,1.064,-20.221,19.435,250.13,Yaw
-0.032,-0.343,1.055,-41.641,7.214,250.13,Yaw
0.03,-0.306,1.027,-17.412,-14.435,250.13,Yaw
-0.035,-0.524,0.89,-18.55,-57.382,250.13,Yaw
0.019,-0.359,0.875,-12.061,-115.076,250.13,Yaw
0.292,-0.062,0.978,26.626,-148.962,250.13,Yaw
0.312,-0.117,0.929,61.069,-143.115,250.13,Yaw
0.221,-0.12,0.921,54.893,-87.489,250.13,Yaw
0.107,0.14,0.945,42.504,-71.328,250.13,Yaw
-0.035,0.086,1.21,38.71,-86.786,194.603,Yaw
-0.059,-0.035,1.223,54.672,-62.725,94.901,Yaw
0.172,0.064,1.246,46.664,-19.771,16,Yaw
0.148,0.17,1.275,0.122,-22.42,-49.687,Yaw
0.326,0.085,1.267,-31.26,10.802,-97.901,Yaw
0.246,0.071,1.279,-33.962,62.176,-133.496,Yaw
0.257,0.125,1.263,-31.145,63.977,-176.405,Yaw
0.221,0.106,1.154,-20.794,57.908,-212.618,Yaw
0.146,0.024,1.094,4.55,41.092,-250.137,Yaw
0.282,-0.007,1.169,28.916,46.672,-250.137,Yaw
0.424,-0.318,1.104,54.885,54.229,-250.137,Yaw
0.447,-0.186,0.988,56.023,30.267,-250.137,Yaw
0.21,-0.176,0.93,46.435,14.74,-250.137,Yaw
0.016,-0.021,1.044,21.878,-19.42,-250.137,Yaw
-0.03,-0.073,1.051,-17.382,-28.603,-250.137,Yaw
-0.155,0,1.187,-101.71,-69.427,-250.137,Yaw
-0.107,0.231,0.931,-137.626,-48.511,-185.534,Yaw
-0.132,-0.006,0.992,-115.74,-10.405,-104.969,Yaw
-0.15,-0.282,1.073,-51.931,-17.061,-41.985,Yaw
-0.134,-0.299,1.045,-3.931,-29.771,20.718,Yaw
-0.015,-0.305,1.124,22.954,-37.244,83.588,Yaw
0.042,-0.203,1.205,14.351,-5.992,135.985,Yaw
0.044,-0.244,1.217,9.305,23.763,183.748,Yaw
-0.022,-0.294,1.335,31.504,57.015,247.588,Yaw
0.185,-0.182,1.106,27.542,93.649,250.13,Yaw
-0.039,-0.337,0.845,19.466,91.656,250.13,Yaw
-0.139,0.096,0.886,-3.817,2.618,250.13,Yaw
-0.156,-0.009,1.05,-76.947,-71.412,250.13,Yaw
0.181,-0.303,1.062,-97.435,-100.26,250.13,Yaw
0.191,-0.047,0.945,-62.115,-102.527,250.13,Yaw
-0.039,-0.12,1.081,-37.084,-82.649,250.13,Yaw
-0.066,-0.21,1.295,-3.656,-75.374,157.618,Yaw
0.046,-0.298,1.268,42.092,-29.863,60.962,Yaw
-0.045,-0.044,1.246,49.634,0.183,-29.473,Yaw
0.005,-0.004,1.226,46.336,2.756,-109.267,Yaw
0.013,0.083,1.166,28.099,0.466,-172.053,Yaw
0.075,0.019,1.108,7.969,-5.336,-225.519,Yaw
0.072,0.057,1.144,10.412,11.191,-250.137,Yaw
0.101,0.129,1.112,19.511,14.901,-250.137,Yaw
0.079,0.267,0.948,29.427,-14.397,-250.137,Yaw
0.313,0.138,0.916,28.267,-36.634,-250.137,Yaw
0.947,-0.114,1.207,-10.893,1.038,-250.137,Yaw
0.234,-0.386,1.162,-28.542,63.198,-250.137,Yaw
0.009,-0.191,1.11,-57.282,67.244,-250.137,Yaw
-0.033,-0.053,1.072,-95.695,41.679,-250.137,Yaw
-0.094,-0.164,1.198,-113.115,33.908,-168.382,Yaw
-0.135,-0.2,1.167,-88.389,-0.481,-77.924,Yaw
-0.104,-0.208,1.122,-60.992,-8.702,3.42,Yaw
-0.153,-0.265,1.058,-32.519,-19.473,75.176,Yaw
-0.116,-0.29,1.081,3.664,-38.71,154.679,Yaw
-0.021,-0.27,1.032,40.679,-36.16,212.947,Yaw
-0.022,-0.422,1.349,69.885,-18.023,250.13,Yaw
0.064,-0.368,1.43,87.305,-13.115,250.13,Yaw
0.077,-0.387,1.005,76.824,26.763,250.13,Yaw
0.017,-0.139,0.904,75.229,24.748,250.13,Yaw
-0.088,0.096,0.965,25.122,-30.008,250.13,Yaw
0.07,0.025,1.095,-52.252,-94.282,250.13,Yaw
0.247,-0.092,0.901,-58.466,-90.176,250.13,Yaw
0.136,0.061,1.02,-39.511,-74.763,250.13,Yaw
-0.11,0.142,1.002,-17.809,-82.809,250.13,Yaw
-0.03,-0.011,1.125,14.191,-48.519,157.198,Yaw
0.057,0.143,1.179,25.885,-7.573,56.099,Yaw
-0.085,0.171,1.131,7.092,-7.527,-34.58,Yaw
0.052,0.166,1.126,-15.939,2.809,-107.168,Yaw
0.145,0.211,1.105,-17.763,11.649,-178.061,Yaw
0.144,0.005,1.091,-1.282,13.947,-247.58,Yaw
0.188,-0.012,1.172,27.649,36.534,-250.137,Yaw
0.155,0.025,1.22,49.015,43.893,-250.137,Yaw
0.151,0.087,1.043,59.962,51.634,-250.137,Yaw
0.273,0.02,0.998,52.672,59.985,-250.137,Yaw
0.104,-0.134,1.143,42.626,22.168,-250.137,Yaw
0.115,-0.217,1.058,11.191,-18.527,-250.137,Yaw
0.153,-0.201,1.074,-8.519,-23.405,-250.137,Yaw
0.08,0.281,1.065,-53.832,2.832,-250.137,Yaw
0.01,-0.17,1.027,-64.023,6.595,-221.313,Yaw
-0.117,-0.025,1.039,-34.153,-14.634,-150.092,Yaw
-0.174,-0.021,1.123,-5.427,-35.382,-61.092,Yaw
-0.143,-0.194,1.192,0.656,-24.603,30.847,Yaw
-0.15,0.064,1.199,6.252,-24.305,111.802,Yaw
-0.023,-0.108,1.22,24.756,-33.595,192.527,Yaw
-0.011,-0.038,1.25,27.26,-31.13,250.13,Yaw
0.041,-0.095,1.293,-14.565,1.153,250.13,Yaw
0.005,-0.217,1.201,-60.13,40.817,250.13,Yaw
-0.099,-0.324,1.09,-53.13,53.046,250.13,Yaw
0.127,-0.299,0.862,-53.038,39.947,250.13,Yaw
0.046,-0.036,0.947,-56.901,-33.336,250.13,Yaw
-0.027,0.064,1.031,-55.901,-89.672,250.13,Yaw
0.124,-0.091,0.94,-45.969,-104.069,250.13,Yaw
0.003,0.04,1.038,-1.405,-90.626,250.13,Yaw
-0.094,-0.084,1.151,31.634,-70.405,186.359,Yaw
-0.005,-0.069,1.159,53.298,-50.267,107.16,Yaw
-0.016,-0.069,1.272,38.565,-16.412,17.305,Yaw
-0.073,0.055,1.208,7.412,20.672,-68.069,Yaw
-0.026,-0.009,1.118,-9.962,29,-138.87,Yaw
0.044,-0.122,1.07,-10.702,34.977,-195.916,Yaw
0.007,-0.031,1.081,13.916,45.947,-248.198,Yaw
0.003,0.064,1.187,25.183,44.031,-250.137,Yaw
0.101,0.011,1.115,58.496,36.107,-250.137,Yaw
0.059,-0.016,1.056,70.282,29.725,-250.137,Yaw
0.073,-0.026,1.013,53.076,21.252,-250.137,Yaw
0.125,-0.086,1.008,53.557,26.29,-250.137,Yaw
0.076,-0.234,1.057,59.542,25.771,-250.137,Yaw
0.039,-0.048,1.106,49.008,10.679,-250.137,Yaw
-0.049,-0.021,1.097,16.336,-45.534,-250.137,Yaw
-0.134,-0.042,1.151,-18.519,-37.481,-158.702,Yaw
-0.216,0,1.197,-29.885,-25.282,-61.397,Yaw
-0.177,0.067,1.207,-32.351,-11.878,28.069,Yaw
-0.142,0.058,1.246,-31.252,-13.458,114.435,Yaw
-0.076,-0.168,1.194,-4.588,-38.817,212.076,Yaw
0.002,-0.089,1.219,-0.641,-35.176,250.13,Yaw
0.049,-0.159,1.256,-60.916,32.29,250.13,Yaw
-0.228,-0.257,1.296,-96.298,82.702,250.13,Yaw
-0.117,-0.572,1.083,-76.618,75.397,250.13,Yaw
-0.104,-0.199,0.906,-88.489,28.695,250.13,Yaw
-0.124,0.107,0.879,-112.618,-15.321,250.13,Yaw
-0.109,-0.23,0.852,-141.84,-100.939,250.13,Yaw
0.066,-0.27,0.865,-76.74,-134.16,250.13,Yaw
-0.103,-0.106,1.177,15.015,-101.916,232.427,Yaw
-0.051,-0.039,1.155,56.794,-73.618,157.55,Yaw
-0.093,-0.053,1.104,59.458,-42.107,81.473,Yaw
-0.214,-0.025,1.093,32.328,-23.824,-2.649,Yaw
-0.034,0.091,1.142,6.237,-6.473,-78.473,Yaw
-0.058,0.122,1.151,-4.969,21.855,-149.061,Yaw
-0.09,-0.015,1.169,19.374,35.282,-212.977,Yaw
-0.093,-0.038,1.1,64.939,34.779,-250.137,Yaw
-0.024,0.06,1.146,91.664,14.084,-250.137,Yaw
0.01,0.07,1.078,96.695,7.076,-250.137,Yaw
0.104,0.183,1.035,80.664,8.679,-250.137,Yaw
0.139,-0.085,0.991,71.664,8.527,-250.137,Yaw
0.055,-0.279,1.181,77.718,-1.29,-250.137,Yaw
-0.029,-0.065,1.109,58.458,-33.168,-250.137,Yaw
-0.025,0.01,1.055,3.588,-22.29,-250.137,Yaw
-0.019,0.083,1.143,-52.718,15.344,-250.137,Yaw
-0.125,0.016,1.165,-81.153,44.725,-190.718,Yaw
-0.214,-0.127,1.139,-65.87,19.107,-90.008,Yaw
-0.233,-0.042,1.215,-63.229,-17.053,7.55,Yaw
-0.198,-0.087,1.213,-82.573,-10.618,78.664,Yaw
-0.238,-0.303,1.128,-73.771,-17.824,161.351,Yaw
-0.12,-0.295,1.048,-48.977,-28.931,231.206,Yaw
-0.131,-0.183,1.109,-41.206,-25.244,250.13,Yaw
-0.167,-0.65,1.395,-20.466,-23.023,250.13,Yaw
-0.251,-0.532,1.089,-5.534,5.45,250.13,Yaw
-0.055,-0.344,0.95,-15.733,11.305,250.13,Yaw
-0.026,-0.084,0.887,-55.061,-5.137,250.13,Yaw
-0.139,-0.069,0.883,-89.954,-76.481,250.13,Yaw
-0.13,-0.232,0.872,-53.382,-130.542,250.13,Yaw
0.01,-0.093,1.044,4.595,-105.855,240.122,Yaw
0.001,-0.015,1.145,37.611,-68.71,196.672,Yaw
-0.139,0.106,1.145,43,-37.565,130.786,Yaw
-0.132,0.095,1.091,27.084,-17.053,64.832,Yaw
-0.167,0.129,1.092,0.458,-19.824,1.092,Yaw
-0.135,0.1,1.128,-11.023,-11.809,-62.656,Yaw
-0.072,0.021,1.15,-15.832,7.87,-124.748,Yaw
-0.026,-0.003,1.221,-13.366,20.267,-174.542,Yaw
0.073,0.033,1.187,2.168,53.977,-214.733,Yaw
0.097,0.259,1.123,19.916,60.405,-250.137,Yaw
0.146,0.24,0.987,18.473,68.26,-250.137,Yaw
0.074,-0.198,0.942,17.908,53.214,-250.137,Yaw
-0.002,-0.23,0.976,12.641,11.718,-250.137,Yaw
0.053,-0.318,1.076,23.809,-11.985,-250.137,Yaw
0.055,-0.401,1.037,-4.779,5.534,-250.137,Yaw
-0.216,-0.426,1.081,-13.58,17.74,-250.137,Yaw
-0.206,-0.366,1.116,0.305,-12.916,-208.664,Yaw
-0.049,-0.085,1.16,-4.252,-18.603,-132.725,Yaw
-0.129,-0.142,1.243,-18.305,-5.664,-58.046,Yaw
-0.128,-0.288,1.289,-4.565,-5.611,15.947,Yaw
-0.133,-0.313,1.197,0.176,-5.435,85.13,Yaw
-0.112,-0.34,1.11,-1.427,-1.802,153.435,Yaw
-0.136,-0.562,1.351,-5.588,1.771,213.389,Yaw
-0.058,-0.479,1.259,-18.656,10.649,250.13,Yaw
-0.012,-0.43,0.998,-9.725,3.076,250.13,Yaw
0.025,-0.332,0.921,-5.168,-23.618,250.13,Yaw
-0.023,-0.235,0.962,-25.244,-69.794,250.13,Yaw
-0.113,-0.07,0.965,-31.992,-104.595,250.13,Yaw
-0.02,0.02,1.073,-17.092,-112.763,250.13,Yaw
-0.035,0.011,1.051,1.55,-112.26,250.13,Yaw
0.012,-0.12,1.095,8.649,-92.634,208.076,Yaw
-0.125,0.054,1.17,8.511,-71.344,116.725,Yaw
-0.06,0.041,1.272,8.595,-40.275,28.313,Yaw
0.067,0.063,1.279,-4.695,8.42,-59.885,Yaw
-0.015,0.004,1.228,-2.092,54.42,-137.985,Yaw
0.016,-0.039,1.163,5.519,68.695,-208.26,Yaw
-0.025,-0.061,1.181,41.305,89.275,-250.137,Yaw
-0.04,0.011,1.177,80.542,110.107,-250.137,Yaw
-0.06,0.196,1.1,100.053,86.519,-250.137,Yaw
0.176,-0.135,1.078,99.527,83.275,-250.137,Yaw
-0.06,-0.156,0.971,76.649,78.229,-250.137,Yaw
0.032,-0.096,0.85,69.504,47.679,-250.137,Yaw
-0.114,-0.169,0.966,73.695,-0.359,-250.137,Yaw
-0.129,-0.153,1.027,41.832,-67.924,-250.137,Yaw
-0.266,0.04,1.073,-31.237,-79.137,-221.397,Yaw
-0.138,-0.088,1.075,-61.794,-55.565,-145.473,Yaw
-0.165,-0.147,1.083,-72.779,-18.771,-69.611,Yaw
-0.218,-0.21,1.062,-55.229,-13.191,-1.153,Yaw
-0.174,-0.278,1.106,-47.489,-17.443,60.466,Yaw
-0.241,-0.335,1.149,-36.786,-27,131.069,Yaw
-0.116,-0.31,1.166,-27.725,-17.145,195.977,Yaw
-0.203,-0.411,1.375,-43.763,4.137,250.13,Yaw
-0.012,-0.344,1.224,-16.489,-10.107,250.13,Yaw
-0.264,-0.547,1.059,-34.206,-22.374,250.13,Yaw
-0.07,-0.349,0.961,-44.58,-61.496,250.13,Yaw
-0.018,-0.178,0.86,-55.229,-60.481,250.13,Yaw
-0.124,-0.169,0.837,-61.16,-104.489,250.13,Yaw
-0.064,-0.09,1.007,-29.29,-130.931,250.13,Yaw
-0.05,0.118,1.11,13.191,-101.237,230.015,Yaw
-0.187,0.07,1.174,20.275,-40.374,120.595,Yaw
-0.298,0.12,1.086,18.473,-22.786,19.947,Yaw
-0.24,-0.001,1.104,8.168,-6.931,-78.924,Yaw
-0.112,-0.025,1.049,11.435,18.931,-142.321,Yaw
-0.056,-0.047,1.076,20.87,33.626,-192.947,Yaw
-0.096,0.024,1.122,32.321,32.603,-229.412,Yaw
-0.03,0.035,1.159,44.382,40.832,-250.137,Yaw
-0.019,0.075,1.142,60.374,45.26,-250.137,Yaw
-0.026,0.053,1.073,88.573,39.794,-250.137,Yaw
0.068,0.029,1.014,118.496,-26.611,-250.137,Yaw
0.099,-0.115,0.84,59.954,-40.267,-250.137,Yaw
0.102,-0.232,0.905,-7.885,-17.412,-250.137,Yaw
0.147,-0.129,0.924,-59.366,15.42,-250.137,Yaw
-0.149,-0.36,1.056,-79.26,42.214,-245.87,Yaw
-0.32,-0.272,1.205,-35.947,2.908,-198.069,Yaw
-0.152,-0.035,1.177,-14.191,-37.481,-155.092,Yaw
-0.066,0.002,1.25,-29.763,-31.183,-74.924,Yaw
-0.259,-0.297,1.674,51.313,-8.916,9.023,Yaw
-0.146,-0.185,1.251,105.092,2.344,88.847,Yaw
-0.164,-0.205,1.096,34.992,-3.924,134.107,Yaw
-0.12,-0.215,1.23,-1.45,-3.168,169.061,Yaw
-0.029,-0.173,1.298,-29.542,18.87,190.321,Yaw
-0.035,-0.206,1.306,-71.214,30.122,218.71,Yaw
-0.095,-0.242,1.175,-109.214,-7.237,250.13,Yaw
-0.15,-0.429,0.999,-106.267,-59.87,250.13,Yaw
0.034,-0.319,0.962,-62.718,-93.206,250.13,Yaw
0.052,-0.209,0.987,-1.779,-79.947,250.13,Yaw
0.003,-0.154,0.942,28.275,-73.58,250.13,Yaw
-0.038,-0.136,0.927,32.634,-72.534,250.13,Yaw
-0.064,0.084,1.087,58.496,-71.13,242.626,Yaw
-0.091,-0.053,1.097,60.756,-42.427,166.489,Yaw
-0.139,0.073,1.088,60.107,-9.45,67.939,Yaw
-0.161,0.164,1.128,31.481,-5.855,-41.45,Yaw
0.115,0.052,1.091,-1.198,9.527,-117.313,Yaw
0.008,-0.064,1.092,-0.954,46.031,-191.534,Yaw
0.029,-0.087,1.11,19.107,77.489,-242.626,Yaw
-0.253,0.163,1.16,35.366,113.26,-250.137,Yaw
-0.041,0.2,0.979,74.916,109.42,-250.137,Yaw
-0.095,0.244,0.949,125.832,91.618,-250.137,Yaw
-0.054,0.012,0.918,199.878,-3.87,-250.137,Yaw
0.218,-0.176,0.903,217.985,-112.977,-250.137,Yaw
-0.015,-0.03,1.012,110.252,-108.427,-250.137,Yaw
-0.383,-0.286,1.088,30.42,-57.229,-250.137,Yaw
-0.272,-0.001,1.114,-7.145,-43.252,-239.328,Yaw
-0.317,0.386,1.139,-17.641,-30.924,-184.855,Yaw
-0.25,0.162,1.228,-56.679,-31.321,-85.26,Yaw
-0.263,0.136,1.228,-86.687,-36.26,8.519,Yaw
-0.232,-0.07,1.335,-55.115,-28.405,90.244,Yaw
-0.11,-0.117,1.301,-26.71,-7.985,121.557,Yaw
-0.009,0.061,1.338,-39.748,23.031,104.947,Yaw
-0.367,-0.108,1.189,-82.779,55.313,130.366,Yaw
-0.365,-0.384,1.2,-117.214,30.924,250.13,Yaw
-0.269,-0.521,1.162,-95.183,-30.252,250.13,Yaw
-0.05,-0.426,1.008,-96.733,-31.206,250.13,Yaw
-0.043,-0.409,0.694,-101.809,-48.206,250.13,Yaw
0.076,-0.097,0.794,-84.405,-82.046,250.13,Yaw
0.14,-0.074,0.893,-51.099,-122.878,250.13,Yaw
0.167,-0.326,1.008,13.649,-152.053,250.13,Yaw
-0.089,0.126,1.083,56.458,-91.916,250.13,Yaw
-0.276,0.153,1.025,45.183,-55.641,195.489,Yaw
-0.227,0.083,1.218,16.191,-69.466,94.702,Yaw
-0.197,0.144,1.243,21.069,-44.405,-17.672,Yaw
0.195,0.032,1.18,8.603,-12,-100.397,Yaw
-0.012,-0.008,1.198,4.588,22.443,-169.863,Yaw
-0.068,-0.094,1.22,-11.634,49.198,-230.824,Yaw
-0.035,0.148,1.45,2.527,90.55,-250.137,Yaw
-0.018,0.139,1.187,50.931,101.695,-250.137,Yaw
0.024,0.098,1.067,95.458,77.099,-250.137,Yaw
0.153,0.031,0.931,118.038,40.191,-250.137,Yaw
0.083,0.057,0.969,90.115,0.427,-250.137,Yaw
0.047,0.013,1.048,43.145,-20.412,-250.137,Yaw
-0.04,0.004,1.025,-21.931,-30.573,-250.137,Yaw
-0.198,-0.273,1.18,-55.908,-29.092,-250.137,Yaw
-0.258,-0.281,1.111,-33.466,-33.313,-250.137,Yaw
-0.136,-0.204,0.937,-35.397,-26.824,-203.26,Yaw
-0.168,-0.186,1.038,-31.595,-25.305,-118.489,Yaw
-0.227,-0.276,1.199,-4.908,-29.046,-39.893,Yaw
-0.154,-0.249,1.225,15.153,-18.786,23.977,Yaw
-0.109,-0.2,1.205,3.321,9.756,82.802,Yaw
-0.131,-0.198,1.171,-33.672,23.107,123.679,Yaw
-0.152,-0.212,1.17,-53.466,31.099,160.176,Yaw
-0.135,-0.225,1.122,-43.267,21.412,198.58,Yaw
-0.162,-0.265,1.208,-37.344,3.695,247.527,Yaw
-0.254,-0.574,1.062,-44.924,-11.87,250.13,Yaw
0,-0.499,0.994,-61.008,-27.618,250.13,Yaw
-0.059,-0.251,0.876,-63.519,-45.374,250.13,Yaw
-0.135,-0.25,0.932,-78.794,-79.74,250.13,Yaw
-0.047,-0.176,0.901,-56.405,-99.87,250.13,Yaw
-0.042,-0.168,0.982,11.466,-91.847,250.13,Yaw
-0.122,-0.098,1.074,35.023,-72.718,212.26,Yaw
-0.164,0.006,1.124,35.931,-54.389,168.626,Yaw
-0.181,0.016,1.171,31.076,-39.824,107.061,Yaw
-0.162,0.001,1.176,11.489,-23.885,57.626,Yaw
-0.159,0.056,1.156,-4.695,-6.214,6.099,Yaw
-0.122,0.122,1.167,-17.763,1.473,-41.321,Yaw
-0.14,0.118,1.188,-16.321,16.366,-81.321,Yaw
-0.032,0.055,1.143,3.481,26.237,-117.908,Yaw
-0.089,0.083,1.223,12.191,27.374,-165.641,Yaw
-0.084,0.106,1.181,33.244,48.527,-227.092,Yaw
-0.047,0.062,1.099,73.916,67.176,-250.137,Yaw
-0.013,0.015,1.096,109.573,75.023,-250.137,Yaw
0.003,-0.076,1.1,114.74,75.641,-250.137,Yaw
0.012,-0.271,0.996,91.748,48.84,-250.137,Yaw
0.01,0.059,0.889,33.779,38.687,-250.137,Yaw
-0.093,-0.173,0.865,-5.885,35.779,-250.137,Yaw
-0.231,-0.386,0.944,-5.489,-7.443,-250.137,Yaw
-0.348,-0.285,0.962,-3.641,-58.458,-217.183,Yaw
-0.179,-0.193,1.017,-25.885,-43.466,-105.489,Yaw
-0.241,-0.204,1.199,-64.252,-17.458,-7.916,Yaw
-0.199,-0.256,1.263,-68.687,-8.237,80.901,Yaw
-0.189,-0.329,1.204,-55.267,-9.244,159.466,Yaw
-0.111,-0.699,1.119,-41.626,-20.908,234.16,Yaw
-0.236,-0.723,0.987,-26.794,-45.763,250.13,Yaw
-0.37,-0.36,1.11,-0.985,-51.817,250.13,Yaw
0.031,-0.666,0.955,45.672,-55.16,250.13,Yaw
0.013,-0.41,0.908,29.947,-43.794,250.13,Yaw
-0.068,-0.074,0.846,-21.397,-103.435,250.13,Yaw
0.065,0.107,0.939,-47.237,-154.656,250.13,Yaw
0.077,-0.094,1.135,-49.336,-144.313,250.13,Yaw
0.305,-0.038,1.109,-33.855,-107.863,250.13,Yaw
0.003,-0.075,1.125,-32.504,-88.061,250.13,Yaw
-0.082,-0.069,1.132,-13.115,-82.496,176.191,Yaw
0.025,0,1.167,1.359,-54.878,106.832,Yaw
0,0,1.204,5.672,-30.779,67.16,Yaw
0.031,-0.063,1.135,4.817,-15.298,27.397,Yaw
0.065,-0.054,1.163,-0.55,8.107,-4.802,Yaw
0.097,-0.001,1.178,-2.962,26.405,-35.008,Yaw
0.045,0.049,1.175,-10.771,31.832,-69.542,Yaw
-0.021,0.062,1.154,-10.344,49.656,-119.435,Yaw
-0.033,0.014,1.189,9.695,74.473,-199.252,Yaw
-0.016,0.056,1.186,53.405,93.313,-250.137,Yaw
0,0.188,1.086,83.458,105.008,-250.137,Yaw
0.117,0.131,0.963,82.908,86.748,-250.137,Yaw
0.132,-0.177,0.975,90.626,68.832,-250.137,Yaw
-0.112,-0.481,1.145,123.87,-1.481,-250.137,Yaw
0.09,-0.318,1.147,124.656,-65.046,-250.137,Yaw
-0.075,-0.068,0.99,7.099,-61.214,-250.137,Yaw
-0.172,0.105,1.116,-50.992,-60.298,-250.137,Yaw
0.036,-0.002,1.145,-76.733,-35.405,-176.198,Yaw
-0.101,-0.102,1.118,-78.969,-24.344,-107.893,Yaw
-0.115,-0.253,1.127,-55.595,-34.298,-39.534,Yaw
-0.052,-0.256,1.104,-38.656,-23.023,21.87,Yaw
-0.034,-0.263,1.111,-24.244,-19.374,74.817,Yaw
-0.017,-0.289,1.115,-13.748,-30.031,124.221,Yaw
0.032,-0.342,1.12,0.122,-45.748,190.321,Yaw
-0.046,-0.311,1.163,3.435,-48.733,250.13,Yaw
0.01,-0.371,1.174,13.481,-34.687,250.13,Yaw
-0.026,-0.501,1.229,54.282,-14.809,250.13,Yaw
0.144,-0.414,1.021,52.55,-7.374,250.13,Yaw
0.24,-0.246,0.922,23.954,-25.626,250.13,Yaw
0.145,-0.007,0.944,18.183,-71.252,250.13,Yaw
0.12,0.057,0.891,16.145,-82.763,250.13,Yaw
-0.064,-0.121,0.937,37.427,-91.183,250.13,Yaw
-0.043,0.069,1.164,58.435,-81.458,230.221,Yaw
0.019,0.112,1.228,51.405,-69.389,161.145,Yaw
0.015,0.157,1.24,28.252,-36.16,88.176,Yaw
-0.036,0.129,1.17,9.359,-13.824,21.802,Yaw
0.041,0.064,1.15,-6.817,11.473,-45.84,Yaw
0.081,0.051,1.178,-15.397,29.863,-115.489,Yaw
0.102,0.092,1.193,-19.916,44.985,-181.809,Yaw
0.015,0.056,1.135,-11.115,69.809,-240.901,Yaw
0.085,0.119,1.106,17.733,68.992,-250.137,Yaw
0.093,0.119,1.028,52.756,64.405,-250.137,Yaw
0.143,0.251,0.9,70.374,25.359,-250.137,Yaw
0.235,0.043,0.946,36.145,-2.015,-250.137,Yaw
0.016,-0.415,1.239,19.275,-52.901,-250.137,Yaw
0.068,-0.218,1.115,16.649,-83.115,-250.137,Yaw
0.215,0.114,0.963,-41.74,-54.855,-250.137,Yaw
0.066,0,0.981,-101.985,-17.947,-244.061,Yaw
-0.062,-0.1,1.104,-133.618,-10.84,-203.29,Yaw
0.009,-0.153,1.169,-127.802,-3.794,-147.901,Yaw
-0.065,-0.183,1.251,-96.344,-5.58,-52.55,Yaw
-0.056,-0.298,1.226,-52.183,-9.435,16.748,Yaw
-0.019,-0.334,1.166,-18.695,-14.878,77.649,Yaw
-0.042,-0.376,1.195,20.687,-16.26,128.901,Yaw
0.042,-0.384,1.154,36.855,-26.336,176,Yaw
-0.029,-0.335,1.125,26.779,-8.061,220.366,Yaw
0.032,-0.264,1.181,9.962,-1.015,250.13,Yaw
-0.044,-0.424,1.12,13.389,-41.473,250.13,Yaw
-0.006,-0.556,1.06,40.687,-66.893,250.13,Yaw
-0.097,-0.531,1.142,47.053,-71.374,250.13,Yaw
0.09,-0.213,0.899,44.779,-67.405,250.13,Yaw
0.167,-0.116,0.898,44.763,-64.664,250.13,Yaw
0.137,0.088,0.966,55.107,-75.084,250.13,Yaw
0.071,0.032,1.023,44.237,-51.344,250.13,Yaw
0.033,0.075,1.023,23.641,-51.489,231.069,Yaw
0.01,-0.029,1.137,31.847,-63,160.099,Yaw
0.042,0.033,1.267,58.412,-32.534,95.122,Yaw
0.02,0.123,1.183,55.206,-13.878,27.427,Yaw
0.044,0.176,1.123,21.824,-4.092,-32.718,Yaw
0.049,0.184,1.139,-18.763,2.725,-91.939,Yaw
0.115,0.083,1.149,-46.053,14.542,-153.603,Yaw
0.102,0.236,1.304,-38.924,45.779,-235.168,Yaw
0.069,0.027,1.06,-7.344,61.58,-250.137,Yaw
0.173,0.063,1.085,4.336,39.611,-250.137,Yaw
0.307,-0.019,1.005,25.275,41.328,-250.137,Yaw
0.454,-0.333,1.047,54.58,44.458,-250.137,Yaw
0.279,-0.456,0.868,52.916,60.061,-250.137,Yaw
-0.06,-0.581,1.037,55.359,-9,-250.137,Yaw
-0.116,0.26,1.088,10.084,-69.405,-250.137,Yaw
-0.032,0.128,1.131,-56.74,-42.87,-250.137,Yaw
-0.196,-0.113,1.281,-91.924,-18.298,-207.771,Yaw
-0.134,-0.014,1.167,-62.733,-13.672,-93.519,Yaw
-0.174,-0.04,1.086,-51.519,-10.901,-0.74,Yaw
-0.14,-0.219,1.162,-32.702,-17.313,70.969,Yaw
-0.012,-0.262,1.176,-18.092,-18.511,134.328,Yaw
-0.031,-0.205,1.167,-20.641,1.237,178.084,Yaw
-0.034,-0.17,1.196,-32.29,14.763,227.863,Yaw
-0.158,-0.345,1.367,-7.824,0.588,250.13,Yaw
0.046,-0.189,1.077,-32.13,-16.916,250.13,Yaw
-0.097,-0.442,1.045,-9.435,-15.565,250.13,Yaw
-0.001,-0.448,0.882,-21.435,-40.336,250.13,Yaw
0.221,-0.141,0.811,-17.389,-51.466,250.13,Yaw
-0.021,-0.111,0.871,2.107,-115.992,250.13,Yaw
0.048,-0.208,0.901,22.725,-130.122,250.13,Yaw
0.122,-0.01,1.021,40.389,-84.687,235.374,Yaw
0.017,0.132,1.138,17.611,-52.099,181.618,Yaw
-0.103,0.169,1.173,3.313,-67.847,131.534,Yaw
-0.035,-0.07,1.206,26.458,-58.962,64.687,Yaw
0.001,0.026,1.242,31.099,-32.84,-6.756,Yaw
0.078,0.106,1.302,-4.45,-3.382,-59.924,Yaw
0.08,0.015,1.25,-21.237,19.58,-113.405,Yaw
0.121,-0.044,1.18,-24.351,37.122,-176.183,Yaw
0.122,0.024,1.169,-7.863,41.634,-244.962,Yaw
0.166,0.048,1.151,30.153,61.153,-250.137,Yaw
0.292,0.047,1.105,45.183,77.221,-250.137,Yaw
0.31,-0.046,0.972,52.153,86.115,-250.137,Yaw
0.24,-0.393,0.875,67.313,58.046,-250.137,Yaw
-0.034,-0.424,1.164,61.817,-53.397,-250.137,Yaw
0.087,0.091,1.082,-24.611,-101.748,-250.137,Yaw
0.22,0.055,0.876,-105.756,-6.275,-250.137,Yaw
-0.106,-0.311,1.05,-112.237,25.145,-250.137,Yaw
-0.317,-0.033,1.212,-75.099,-11.511,-162.366,Yaw
-0.223,-0.082,1.206,-60.504,-10.992,-61.74,Yaw
-0.243,-0.268,1.17,-38.748,-5.229,19.901,Yaw
-0.104,-0.27,1.148,0.336,-24.42,104.435,Yaw
0.03,-0.296,1.157,13.496,-15.687,165.504,Yaw
0.01,-0.292,1.196,9.725,-18.084,220.282,Yaw
0.128,-0.277,1.141,-16.198,-35,250.13,Yaw
0.117,-0.236,1.074,-56.214,-36.931,250.13,Yaw
0.111,-0.315,0.927,-70.046,-75.107,250.13,Yaw
0.119,-0.441,0.962,-49.863,-194.626,250.13,Yaw
0.316,-0.282,0.941,53.611,-220.649,250.13,Yaw
0.195,-0.351,0.81,116.496,-122.115,250.13,Yaw
0.083,-0.167,0.99,139.649,-40.305,250.13,Yaw
-0.048,0.066,1.034,144.282,-22.053,217.656,Yaw
-0.091,0.183,1.076,108.733,-41.321,136.168,Yaw
-0.19,0.078,1.055,68.725,-57.412,36.794,Yaw
-0.084,0.147,1.107,32.16,-47.336,-51.031,Yaw
0.132,0.027,1.127,4.763,-42.962,-117.58,Yaw
0.194,0.171,1.235,-23.496,-22.405,-168.901,Yaw
0.279,0.053,1.35,-28.924,2.443,-219.977,Yaw
0.323,0.244,1.327,-32.519,48.397,-250.137,Yaw
0.364,-0.026,1.177,-12.206,102.496,-250.137,Yaw
0.181,0.129,1.083,34.649,117.328,-250.137,Yaw
0.137,0.01,0.885,44.038,74.504,-250.137,Yaw
0.271,0.036,0.873,48.115,17.275,-250.137,Yaw
0.085,0.008,0.948,12.664,-50.55,-250.137,Yaw
-0.053,0.069,1.021,-103.931,-55.061,-250.137,Yaw
-0.097,0.009,0.955,-148.427,2.092,-250.137,Yaw
-0.257,-0.138,1.129,-119.649,1.038,-172.458,Yaw
-0.273,-0.13,1.364,-68.794,-35.336,-58.641,Yaw
-0.208,-0.277,1.434,-19,-43.069,60.695,Yaw
-0.077,-0.365,1.35,-4.244,-37.275,144.794,Yaw
0.059,-0.309,1.285,11.328,-29.206,208.298,Yaw
0.039,-0.365,1.291,26.527,-1.901,250.13,Yaw
-0.086,-0.394,1.128,19.076,-6.641,250.13,Yaw
-0.04,-0.362,1.124,-1.336,-35.42,250.13,Yaw
0.006,-0.385,1.047,-29.092,-94.534,250.13,Yaw
0.287,-0.395,0.752,15.275,-122.336,250.13,Yaw
0.364,-0.225,0.821,86.115,-97.069,250.13,Yaw
0.218,0.028,0.917,104.061,-61.626,250.13,Yaw
-0.056,0.053,0.985,92.702,-36.786,250.13,Yaw
-0.15,-0.037,1.001,82.84,-49.046,180.473,Yaw
-0.056,0.069,1.056,78.412,-34.336,107.618,Yaw
-0.064,0.187,1.066,61.214,-30.695,26.099,Yaw
0.052,0.198,1.074,35.87,-26,-43.725,Yaw
0.105,0.035,1.028,20.092,-7.901,-120.252,Yaw
0.271,0.165,1.195,1.237,13.565,-200.038,Yaw
0.284,0.293,1.216,-10.344,35.725,-250.137,Yaw
0.158,0.269,1.129,-35.198,70.008,-250.137,Yaw
0.034,0.283,1.12,-39.763,69.443,-250.137,Yaw
0.253,0.188,0.899,-37.939,47.595,-250.137,Yaw
0.152,0.044,1,-27.084,62.534,-250.137,Yaw
-0.118,0.107,1.086,-14.565,-0.885,-250.137,Yaw
0.03,0.071,1.234,-73.466,-43.107,-250.137,Yaw
0.074,0.03,1.111,-108.87,-16.58,-207.489,Yaw
-0.056,-0.102,0.959,-79.42,17.084,-165.008,Yaw
-0.179,-0.279,0.976,-55.382,20.198,-119.076,Yaw
-0.062,-0.102,1.039,-31.137,-19.634,-54.191,Yaw
-0.093,-0.169,1.201,-27.809,-26.092,26.588,Yaw
-0.047,-0.333,1.224,-12.802,-24.214,105.389,Yaw
-0.028,-0.45,1.247,-8.863,-22.198,173.038,Yaw
-0.038,-0.642,1.248,7.863,-50.229,250.13,Yaw
0.102,-0.325,1.123,7.588,-61.863,250.13,Yaw
0.106,-0.207,1.118,11.832,-96.817,250.13,Yaw
0.08,-0.266,1.116,52.145,-141.664,250.13,Yaw
0.079,-0.282,1.048,104.58,-114.351,250.13,Yaw
0.15,-0.231,1,129.954,-70.878,250.13,Yaw
0.014,-0.067,1.021,120.847,-42.405,250.13,Yaw
-0.063,0.164,1.054,67.099,-27.313,218.542,Yaw
-0.124,0.154,1.09,26.275,-29.519,137.809,Yaw
-0.129,0.087,1.061,8.786,-25.809,40.397,Yaw
-0.023,0.086,1.079,-11.42,-10.679,-66.168,Yaw
0.124,0.169,1.158,-33.855,14.389,-170.519,Yaw
0.227,0.139,1.228,-50.947,45.298,-250.137,Yaw
0.226,0.156,1.177,-64.519,101.45,-250.137,Yaw
0.467,0.01,0.995,-36.221,134.794,-250.137,Yaw
0.098,0.153,0.959,10.092,109.969,-250.137,Yaw
0.141,0.108,0.874,-4.237,85.664,-250.137,Yaw
-0.034,-0.234,1.003,-12.015,34.412,-250.137,Yaw
-0.067,-0.282,1.065,-12.603,-31.244,-250.137,Yaw
-0.033,-0.125,1.137,-23.519,-56.931,-244.824,Yaw
-0.099,-0.136,1.233,-55.489,-31.412,-138.588,Yaw
-0.081,-0.015,1.265,-93.878,-7.992,-33.511,Yaw
-0.223,-0.125,1.249,-96.443,-11.359,76.573,Yaw
-0.048,-0.315,1.148,-70.977,-38.443,185.962,Yaw
0.058,-0.335,1.047,-41.359,-43.466,250.13,Yaw
0.048,-0.512,1.09,-11.115,-64.466,250.13,Yaw
-0.238,-0.605,1.101,25.511,-110.863,250.13,Yaw
-0.06,-0.612,1.031,84,-150.977,250.13,Yaw
0.001,-0.489,0.876,121.824,-169.405,250.13,Yaw
0.194,-0.268,0.863,129.321,-122.153,250.13,Yaw
0.169,-0.065,0.894,113.977,-87.885,250.13,Yaw
0,0.072,1.096,113.718,-88.031,210.412,Yaw
0.043,0.134,1.212,105.366,-74.786,116.45,Yaw
0.037,0.244,1.247,50.221,-49.069,9.267,Yaw
0.189,0.251,1.27,-35.809,-0.756,-95.191,Yaw
0.286,0.15,1.268,-98.809,54.534,-179.16,Yaw
0.329,0.128,1.199,-131.038,83.832,-240.015,Yaw
0.277,0.009,1.099,-127.26,130.885,-250.137,Yaw
0.134,-0.187,1.023,-75.649,130.099,-250.137,Yaw
0.121,-0.187,0.945,-15.435,105.069,-250.137,Yaw
0.067,-0.192,1.044,25.382,109.634,-250.137,Yaw
0.205,-0.122,0.978,64.092,113.183,-250.137,Yaw
-0.089,-0.108,1.028,50.672,74.229,-250.137,Yaw
-0.143,-0.13,1.03,-15.076,22.344,-246.504,Yaw
-0.064,-0.218,1.051,-43.626,-10.794,-201.733,Yaw
-0.094,-0.235,0.992,-24.908,-27.672,-143.641,Yaw
-0.154,-0.275,1.061,-7.954,-9.969,-50.924,Yaw
-0.187,-0.318,1.138,-10.206,-5.198,49.611,Yaw
-0.086,-0.383,1.044,-13.137,-26.992,143.122,Yaw
-0.165,-0.401,1.164,-0.679,-43.901,227.244,Yaw
-0.06,-0.268,1.194,-2,-70.985,250.13,Yaw
-0.016,-0.355,1.113,19.328,-127.588,250.13,Yaw
0.078,-0.501,0.925,59.985,-140.992,250.13,Yaw
0.065,-0.337,1.006,99.351,-113.748,250.13,Yaw
0.138,-0.286,1.055,106.29,-115.168,250.13,Yaw
0.06,-0.203,1.078,87.817,-87.748,244.611,Yaw
0.097,0.036,1.089,60.962,-43.427,181.931,Yaw
0.077,0.023,1.076,42.053,-29.771,122.618,Yaw
0.087,0.092,1.088,26.672,-34.595,57.954,Yaw
0.128,0.165,1.139,0.122,-19.824,-9.42,Yaw
0.177,0.154,1.219,-26.267,6.168,-77.221,Yaw
0.25,0.099,1.183,-30.763,27.702,-147.023,Yaw
0.308,0.067,1.178,-31.939,58.664,-202.771,Yaw
0.312,0.128,1.207,-40.489,91.84,-247.87,Yaw
0.202,0.089,1.119,-30.153,122.573,-250.137,Yaw
0.089,0.004,0.974,-15.015,131.198,-250.137,Yaw
0,0.04,1.1,9.885,98.084,-250.137,Yaw
-0.08,0.11,1.133,11.015,29.405,-250.137,Yaw
-0.079,0.071,1.03,-7.443,0.145,-233.412,Yaw
-0.024,0.062,1.062,-22.412,-9.321,-159.863,Yaw
-0.035,0.065,1.151,-30,-14.695,-94.656,Yaw
-0.097,-0.055,1.115,-46.519,-13.786,-39.42,Yaw
-0.044,-0.126,1.016,-45.031,-14.954,18.366,Yaw
-0.035,-0.26,0.986,-41.817,-24.099,71.84,Yaw
-0.075,-0.428,0.978,-36.092,-42.626,121.55,Yaw
-0.113,-0.645,1.108,-8.519,-57.252,178.489,Yaw
-0.069,-0.506,1.057,11.748,-83.282,247.55,Yaw
-0.027,-0.45,1.034,46.198,-124.374,250.13,Yaw
0.186,-0.521,0.837,101.687,-157.588,250.13,Yaw
0.256,-0.349,0.921,147.023,-94.618,250.13,Yaw
0.233,-0.108,1.068,150.267,-78.412,250.13,Yaw
0.132,-0.032,1.043,153,-63.176,250.13,Yaw
0.147,0.124,1.275,124.802,-31.954,211.603,Yaw
0.048,0.241,1.296,108.489,-37.13,148.74,Yaw
0.006,0.273,1.204,82.191,-21.214,46.26,Yaw
0.028,0.325,1.22,23.611,-4.733,-71.29,Yaw
0.283,0.367,1.222,-46.611,17.832,-178.939,Yaw
0.354,0.273,1.212,-100.863,45.412,-250.137,Yaw
0.529,0.25,1.186,-123.16,97.534,-250.137,Yaw
0.465,0.062,1.184,-119.611,143.099,-250.137,Yaw
0.08,0.014,1.015,-98.053,166.305,-250.137,Yaw
-0.077,0.037,0.87,-54.366,126.947,-250.137,Yaw
-0.127,0.037,0.896,-55.29,55.305,-250.137,Yaw
-0.09,0.035,0.968,-64.145,14.382,-250.137,Yaw
-0.054,-0.089,1.065,-77.901,21.198,-213.16,Yaw
-0.138,-0.159,1.067,-80.351,30.244,-140.122,Yaw
-0.188,-0.24,0.995,-52.366,24.855,-83.115,Yaw
-0.211,-0.342,0.86,-1.298,4.137,-8.603,Yaw
-0.169,-0.393,0.871,52.786,-32.397,88.244,Yaw
-0.182,-0.387,0.991,111.191,-85.634,186.397,Yaw
0.079,-0.258,1.174,147.962,-132.031,250.13,Yaw
0.107,-0.079,1.139,152.794,-127.985,250.13,Yaw
-0.094,-0.206,1.104,149.466,-122.496,250.13,Yaw
0.072,-0.193,0.976,106,-78.389,250.13,Yaw
0.169,0.002,1.016,64.802,-58.534,250.13,Yaw
0.134,0.126,1.128,56.336,-56.985,250.13,Yaw
-0.025,0.197,1.29,28.962,-39.389,151.183,Yaw
0.054,0.043,1.261,15.107,-27.244,41.924,Yaw
0.139,-0.076,1.183,22.725,2.153,-80.321,Yaw
0.249,0.141,1.31,28.214,37.519,-196.802,Yaw
0.26,0.292,1.241,6.176,70.687,-250.137,Yaw
0.323,0.329,1.153,-17.382,72.901,-250.137,Yaw
0.338,0.201,1.069,-10.229,75.641,-250.137,Yaw
-0.24,0.251,1.072,-22.687,15.527,-250.137,Yaw
-0.006,0.145,0.872,-55.229,-10.198,-250.137,Yaw
0.089,0.188,0.987,-58.55,-3.679,-250.137,Yaw
0.016,0.185,0.995,-58.023,-13.443,-214.519,Yaw
-0.036,-0.021,1.194,-62.076,10.84,-131.489,Yaw
-0.088,-0.077,0.962,-14.992,11.168,-63.58,Yaw
-0.203,0.058,1.131,4.901,-22.863,31.985,Yaw
-0.174,-0.074,1.146,3.221,-62,147.542,Yaw
0.02,0.028,1.147,-13.611,-54.947,228.718,Yaw
0.087,-0.027,1.154,-23.366,-39.244,250.13,Yaw
0.053,-0.186,1.208,-9.817,-50.252,250.13,Yaw
-0.234,-0.508,1.144,25.916,-78.023,250.13,Yaw
0.182,-0.315,1.059,55.985,-110.618,250.13,Yaw
0.12,-0.119,1.014,78.939,-70.962,250.13,Yaw
0.027,-0.165,1.021,91.878,-44.519,158.679,Yaw
0.034,0.052,1.078,95.389,-14.947,59.344,Yaw
0.113,0.231,1.182,85.427,-1.237,-55.992,Yaw
0.173,0.297,1.175,59.832,16.916,-164.336,Yaw
0.292,0.237,1.138,27.916,44.985,-248.427,Yaw
0.237,0.26,1.105,5.992,50.084,-250.137,Yaw
0.159,0.402,1.057,-34.252,69.947,-250.137,Yaw
0.147,0.406,0.963,-62.206,42.191,-250.137,Yaw
0.051,0.135,0.92,-64.389,33.504,-250.137,Yaw
-0.177,-0.016,0.884,-17.84,11.58,-250.137,Yaw
-0.16,0.272,0.886,19.481,-59.328,-224.962,Yaw
0.055,0.172,0.958,-38.565,-47.885,-143.031,Yaw
-0.206,0.061,1.18,-56.58,-41.702,-53.695,Yaw
-0.198,-0.007,1.242,-58.893,-35.626,55.595,Yaw
-0.118,-0.056,1.216,-50.511,-54,176.046,Yaw
0.022,0.033,1.193,-61.26,-40.931,250.13,Yaw
0.075,0.025,1.143,-119.145,-21.931,250.13,Yaw
-0.134,-0.225,1.289,-132.351,-33.626,250.13,Yaw
-0.062,-0.448,1.166,-99.71,-75.359,250.13,Yaw
-0.059,-0.358,1.021,-62.58,-153.473,250.13,Yaw
-0.036,-0.553,0.956,-44.748,-163.573,250.13,Yaw
-0.112,-0.444,0.86,16.679,-114.962,250.13,Yaw
-0.06,-0.302,1.07,32.763,-83.053,179.641,Yaw
-0.059,-0.119,1.15,52.603,-64.015,90.313,Yaw
-0.009,-0.103,1.244,80.969,-37.328,4.718,Yaw
0.073,0.004,1.198,74.534,0.779,-85.992,Yaw
0.189,0.031,1.128,39.221,32.382,-169.855,Yaw
0.257,0.018,1.168,-8.008,37.359,-241.55,Yaw
0.339,-0.054,1.129,-36.359,55.397,-250.137,Yaw
0.444,-0.302,1.344,-30.832,86.519,-250.137,Yaw
0.205,-0.353,1.017,14.786,127.13,-250.137,Yaw
0.098,-0.197,0.944,49.038,115.153,-250.137,Yaw
-0.029,-0.162,1.002,61.305,84.069,-250.137,Yaw
-0.122,-0.109,1.029,84.42,19.038,-250.137,Yaw
-0.022,0.024,1.036,63.947,-9.687,-250.137,Yaw
-0.048,0.151,1.168,39.771,-3.221,-205.038,Yaw
-0.041,-0.047,1.158,6.672,21.893,-108.947,Yaw
-0.232,-0.149,1.147,14.427,-3.183,-25.725,Yaw
-0.21,0.04,1.082,27.389,-18.229,79.947,Yaw
-0.02,0.091,1.13,22.679,-30.275,197.924,Yaw
-0.071,0.103,1.138,0.191,-21.779,250.13,Yaw
0.052,-0.018,1.113,-14.962,-49.489,250.13,Yaw
0.083,-0.222,1.281,-16.069,-68.244,250.13,Yaw
-0.055,-0.317,1.203,2.053,-92.099,250.13,Yaw
0.012,0.042,1.027,-10.588,-61.809,250.13,Yaw
0.073,-0.154,1.046,-45.817,-88.481,250.13,Yaw
0.129,-0.276,0.991,-9.061,-81.298,233.336,Yaw
0.021,-0.205,1.087,25.656,-49.656,101.397,Yaw
0.132,-0.246,1.141,44.947,-9.962,-13.29,Yaw
0.129,-0.166,1.198,26.748,22.557,-115.084,Yaw
0.24,0.071,1.167,-1.634,56.626,-196.87,Yaw
0.26,0.017,1.093,-20.282,85.26,-250.137,Yaw
0.165,0.082,1.083,-39.328,87.924,-250.137,Yaw
0.305,0.059,1.056,-54.069,100.565,-250.137,Yaw
0.181,0.106,1.069,-32.092,134.878,-250.137,Yaw
0.015,0.142,0.957,-13.237,104.29,-250.137,Yaw
0.054,0.051,1.029,-2.252,35.595,-250.137,Yaw
0.097,0.02,0.966,-12.962,5.695,-250.137,Yaw
-0.146,-0.152,0.995,-11.504,-17.443,-212.282,Yaw
-0.045,-0.118,1.019,-33.954,-4.664,-128.588,Yaw
-0.165,-0.202,1.228,-44.931,-29.435,-57.74,Yaw
-0.09,-0.204,1.278,-45.733,-34.885,57.435,Yaw
-0.033,-0.142,1.259,-46.42,-53.824,188.374,Yaw
0.09,-0.197,1.2,-53.542,-56.397,250.13,Yaw
-0.059,-0.227,1.177,-55.069,-72.504,250.13,Yaw
0.105,-0.365,1.165,-30.198,-133.26,250.13,Yaw
-0.039,-0.839,1.031,23.58,-169.954,250.13,Yaw
-0.046,-0.595,0.986,63.45,-153.412,250.13,Yaw
0.204,-0.56,0.992,67.992,-131.443,250.13,Yaw
0.139,-0.472,0.899,107.176,-86.359,250.13,Yaw
0.034,-0.192,0.966,121.687,-52.481,200.504,Yaw
0.023,0.095,1.007,109.649,-43.176,114.718,Yaw
-0.008,0.106,1.088,76.649,-45.939,26,Yaw
0.084,0.001,1.124,43.748,-37.237,-56.519,Yaw
0.141,0.055,1.137,9.031,-11.076,-127.443,Yaw
0.252,0.07,1.173,-32.305,9.252,-192.435,Yaw
0.321,0.09,1.189,-67.313,42,-250.137,Yaw
0.327,0.066,1.163,-65.687,74.443,-250.137,Yaw
0.314,-0.023,1.04,-25.473,107.069,-250.137,Yaw
0.272,-0.111,0.811,31.397,84.076,-250.137,Yaw
0.215,-0.26,0.812,76.977,73.496,-250.137,Yaw
0.103,-0.262,1.03,104.26,43.244,-250.137,Yaw
0.024,-0.17,1.087,86.061,-9.221,-250.137,Yaw
-0.086,0.073,1.179,37.588,-6.626,-250.137,Yaw
-0.209,0.465,1.173,-5.55,5.809,-182.916,Yaw
-0.187,0.125,1.244,-7.626,9.595,-62.58,Yaw
-0.215,0.044,1.282,9.038,-25.702,35.557,Yaw
-0.172,0.001,1.151,4.061,-31.176,112.237,Yaw
-0.115,-0.096,1.034,-1.534,-29.328,139.168,Yaw
-0.026,-0.137,1.07,1.191,-66.878,171.641,Yaw
0.153,-0.032,1.144,-21.092,-72.504,205.382,Yaw
0.247,0.045,1.223,-61.824,-57.954,250.13,Yaw
0.208,-0.031,1.198,-106.916,-52.473,250.13,Yaw
0.286,-0.107,1.098,-131.695,-55.824,250.13,Yaw
0.282,-0.152,0.986,-112.511,-113.115,250.13,Yaw
0.346,-0.272,0.998,-82.374,-181.786,250.13,Yaw
0.456,-0.467,1.028,-27.962,-165.26,250.13,Yaw
0.25,-0.657,1.031,27.237,-52.405,250.13,Yaw
-0.015,-0.596,0.946,79.962,-3.87,250.13,Yaw
-0.047,-0.133,1.078,101.74,-4.603,178.366,Yaw
-0.105,0,1.288,63.374,11.29,85.076,Yaw
-0.031,-0.03,1.009,-8.809,31.053,9.656,Yaw
-0.052,-0.009,0.959,-57.443,29.084,-56.939,Yaw
0.039,0.017,1.022,-72.832,22.695,-119,Yaw
0.057,-0.127,1.033,-53.038,12.412,-176.321,Yaw
0.14,-0.279,1.07,-33.336,15.649,-228.389,Yaw
0.259,-0.404,1.099,12.26,57.718,-250.137,Yaw
0.369,-0.449,1.067,81.847,116.107,-250.137,Yaw
0.414,-0.367,1.059,132.244,149.45,-250.137,Yaw
0.477,-0.468,0.941,166.359,159.786,-250.137,Yaw
0.275,-0.476,0.909,237.809,103.611,-250.137,Yaw
-0.075,-0.267,1.172,250.13,34.084,-250.137,Yaw
-0.064,0.124,0.944,232.038,13.595,-250.137,Yaw
-0.101,0.166,0.858,176.573,11.939,-250.137,Yaw
-0.406,0.471,0.786,146.588,7.275,-173.435,Yaw
-0.194,0.404,0.977,87.634,21.534,-51.977,Yaw
-0.156,0.507,1.113,39.458,-32.863,-0.473,Yaw
-0.215,0.488,1.236,-6.496,-38.344,78.916,Yaw
-0.081,0.443,1.166,-11.229,-26.137,137.71,Yaw
-0.02,0.397,1.075,-18.649,-13.45,180.534,Yaw
0.002,0.375,1.139,-53.901,3.45,212.336,Yaw
0.056,0.381,1.128,-112.427,23.924,250.13,Yaw
0.171,0.439,1.296,-181.26,39.107,250.13,Yaw
0.23,0.426,1.139,-250.137,9.153,250.13,Yaw
0.079,0.278,1,-250.137,3.137,250.13,Yaw
0.008,-0.042,1.013,-250.137,-0.13,250.13,Yaw
-0.179,-0.541,1,-250.137,-165.55,250.13,Yaw
0.039,-0.809,0.739,-250.137,-184.695,250.13,Yaw
-0.073,-1.117,0.64,-102.45,-81.069,250.13,Yaw
-0.36,-0.918,0.713,28.015,-20.183,133.74,Yaw
-0.177,-0.518,0.884,104.397,18.679,45.252,Yaw
-0.207,-0.21,1.012,89.695,50.198,-25.771,Yaw
-0.212,-0.276,0.833,67.389,50.687,-82.137,Yaw
-0.129,-0.246,0.813,50.015,34.092,-133.244,Yaw
-0.024,-0.439,0.904,59.527,21.55,-193.817,Yaw
-0.005,-0.597,1.017,110.939,39.634,-250.137,Yaw
0.069,-0.557,1.081,175.74,64.786,-250.137,Yaw
0.124,-0.494,1.029,250.13,85.824,-250.137,Yaw
0.094,-0.501,1.173,250.13,33.115,-250.137,Yaw
0.17,-0.219,1.031,250.13,-17.832,-250.137,Yaw
0.135,0.193,0.856,250.13,-30.519,-250.137,Yaw
0.051,0.612,0.981,250.13,-25.695,-250.137,Yaw
-0.053,0.689,1.002,234.427,22.931,-250.137,Yaw
-0.119,0.782,0.906,193.977,63.145,-214.534,Yaw
-0.217,0.593,0.74,138.901,127.908,-137.809,Yaw
-0.458,0.628,0.774,116.771,31.015,-36.809,Yaw
-0.418,0.598,0.747,48.969,28.527,32.328,Yaw
-0.417,0.654,0.821,14.557,33.328,77.29,Yaw
-0.331,0.689,0.762,-48.855,29.824,101.878,Yaw
-0.33,0.634,0.859,-92.443,23.504,126.794,Yaw
-0.255,0.686,0.821,-162.473,15.176,149.176,Yaw
-0.308,0.655,0.827,-250.137,8.527,182.542,Yaw
-0.045,0.637,0.925,-250.137,18.267,221.115,Yaw
-0.075,0.506,0.97,-250.137,70.099,213.626,Yaw
0.121,0.487,0.984,-250.137,80.969,213.321,Yaw
-0.013,0.102,1.306,-250.137,-11.153,193.641,Yaw
0.115,-0.34,1.034,-250.137,-107.664,150.565,Yaw
0.284,-0.719,0.886,-250.137,-71.565,66.534,Yaw
0.338,-1.312,0.638,-250.137,114.076,-2.878,Yaw
-0.413,-0.573,0.426,-250.137,182.427,-95.344,Yaw
-0.606,-0.707,0.225,-114.702,172.282,-194.771,Yaw
0.042,-0.997,0.44,16.656,147.206,-231.908,Yaw
0.009,-0.754,0.33,122.298,138.504,-180.115,Yaw
-0.385,-1.108,0.521,143.878,98.763,-133.733,Yaw
-0.146,-0.787,0.709,183.687,71.168,-89.221,Yaw
0.014,-0.777,0.519,221.74,97.336,-33.137,Yaw
0.006,-0.57,0.781,161.427,91.282,7.458,Yaw
-0.071,-0.787,0.822,117.771,61.74,10.107,Yaw
0.139,-0.681,0.673,114.901,35.427,2.863,Yaw
0.083,-0.646,0.759,111.748,40.13,0.855,Yaw
0.065,-0.721,0.914,93.802,36.359,17.969,Yaw
-0.008,-0.538,0.956,76.611,21.206,20.863,Yaw
0.082,-0.512,0.907,93.206,-1.763,53.13,Yaw
-0.07,-0.559,1.06,160.779,-13.534,97.733,Yaw
-0.499,-0.295,1.133,80.878,-16.786,126.443,Yaw
-0.315,-0.444,1.069,31.427,-55.496,198.313,Yaw
-0.19,-0.41,1.072,16.779,-78.641,250.13,Yaw
-0.327,-0.113,0.983,-23.969,-120.267,250.13,Yaw
0.035,-0.335,1.064,-33.427,-233.55,250.13,Yaw
0.383,-0.631,1.014,-58.107,-250.137,250.13,Yaw
0.244,-0.153,0.98,-19.641,-167.863,250.13,Yaw
-0.083,-0.007,1.146,-42.015,-126.176,250.13,Yaw
-0.427,-0.444,0.983,-32.061,-160.641,250.13,Yaw
-0.128,-0.466,1.023,32.176,-111.649,80.466,Yaw
0.216,-0.224,1.27,10.542,-25.42,-45.58,Yaw
0.218,-0.205,1.156,-16.588,48.046,-128.748,Yaw
0.178,-0.252,1.035,11.618,81.656,-213.389,Yaw
0.216,-0.17,1.052,55.176,123.397,-250.137,Yaw
0.24,-0.185,1.12,131.817,166.962,-250.137,Yaw
0.278,-0.145,1.129,250.13,196.916,-250.137,Yaw
-0.418,-0.048,1.095,250.13,115.214,-250.137,Yaw
0.244,-0.004,1.249,250.13,20.237,-250.137,Yaw
0.319,0.088,0.96,165.809,-88,-250.137,Yaw
0.2,0.094,1.177,8.351,-53.962,-250.137,Yaw
0,0.191,1.155,-104.664,25.634,-250.137,Yaw
-0.193,-0.338,0.885,-137.702,62.244,-250.137,Yaw
-0.174,-0.108,1.062,-64.84,-9.55,-166.656,Yaw
-0.258,-0.162,1.225,-45.214,-45.954,-89.397,Yaw
-0.238,-0.478,1.247,-85.809,-49.481,35.015,Yaw
-0.243,-0.141,1.327,-89.771,-39.511,129.977,Yaw
-0.325,-0.255,1.067,-43.542,-46.427,175.412,Yaw
-0.132,-0.396,1.147,-9.099,-38.855,211.336,Yaw
-0.084,-0.363,1.122,5.763,-36,250.13,Yaw
-0.06,-0.279,0.952,9.565,-57.779,250.13,Yaw
-0.064,-0.551,0.931,10.16,-66.344,250.13,Yaw
0.171,-0.366,0.893,16.687,-75.198,250.13,Yaw
0.476,-0.096,0.899,20.626,-66.786,250.13,Yaw
0.388,0.168,0.915,-16.588,-75.466,250.13,Yaw
0.229,0.011,1.052,-20.061,-129.634,250.13,Yaw
-0.031,0.039,1.092,13.618,-113.847,250.13,Yaw
-0.093,0.143,1.262,20.351,-83.779,183.42,Yaw
-0.113,0.117,1.256,-10.794,-44.863,70.252,Yaw
-0.051,-0.062,1.198,-6.244,4.321,-56.16,Yaw
0.114,0.211,1.188,5.351,31.16,-140.756,Yaw
0.16,0.135,1.184,-15.206,22.168,-222.969,Yaw
0.383,0.083,1.213,-20.664,33.664,-250.137,Yaw
0.263,0.018,1.222,15.191,73.046,-250.137,Yaw
0.333,0.008,1.144,69.595,105.26,-250.137,Yaw
0.159,-0.045,1.015,93.588,102.229,-250.137,Yaw
0.17,-0.149,0.843,114.779,14.42,-250.137,Yaw
0.328,-0.308,0.89,71.107,-53.855,-250.137,Yaw
0.163,-0.065,1.134,15.45,-56.046,-250.137,Yaw
-0.139,0.122,1.019,-36.565,-38.458,-250.137,Yaw
-0.148,-0.062,1.045,-65.458,-47.832,-250.137,Yaw
-0.063,-0.217,1.171,-81,-53.55,-164.183,Yaw
-0.255,-0.161,1.237,-52.534,-35.275,-54.519,Yaw
-0.094,-0.264,1.29,-31.298,-38.527,33.511,Yaw
-0.04,-0.26,1.275,-7.496,-35.42,107.931,Yaw
0.026,-0.155,1.203,13.275,-29.443,180.542,Yaw
0.014,-0.255,1.192,3.718,3.496,234.489,Yaw
0.06,-0.17,1.105,-20.252,30.229,250.13,Yaw
-0.008,-0.313,1.094,-31.603,13.221,250.13,Yaw
0.252,-0.282,0.988,-9.092,-39.244,250.13,Yaw
0.244,-0.336,1.061,25.718,-88.557,250.13,Yaw
0.26,-0.187,1.013,64.885,-114.695,250.13,Yaw
0.26,0.055,0.967,83.504,-59.672,250.13,Yaw
0.026,-0.001,0.832,56.878,-61.786,250.13,Yaw
0.113,0.09,1.012,33.611,-83.908,250.13,Yaw
0.108,0.116,1.188,8.168,-75.389,250.13,Yaw
0.057,0.063,1.198,-4.542,-41.931,189.191,Yaw
0.01,0.115,1.294,-5.053,-7.832,78.191,Yaw
0.15,0.13,1.231,-16.374,5.962,-43.031,Yaw
0.154,0.099,1.215,-21.198,21.794,-135.611,Yaw
0.252,0.061,1.146,-11.397,37.115,-201.885,Yaw
0.273,0.175,1.144,-2.366,47.595,-250.137,Yaw
0.245,0.151,1.083,5.71,50.069,-250.137,Yaw
0.238,0.041,1.042,14.519,55.649,-250.137,Yaw
0.346,-0.046,1.038,28.168,62.794,-250.137,Yaw
0.143,-0.039,1.054,47.733,43,-250.137,Yaw
0.264,-0.229,1.069,46.481,-1.977,-250.137,Yaw
0.158,-0.119,1.151,26.939,-37.45,-250.137,Yaw
0.212,-0.083,1.035,1.481,-12.305,-250.137,Yaw
0.027,-0.089,0.971,-37.214,14.427,-250.137,Yaw
-0.26,0.027,1.122,-55.275,-12.504,-241.275,Yaw
-0.097,0.023,1.217,-55.031,-27.405,-113.832,Yaw
-0.129,-0.061,1.175,-39.496,-2.023,-27.74,Yaw
-0.17,-0.221,1.134,-8.985,-11.16,51.16,Yaw
-0.115,-0.216,1.12,13.771,-33.473,113.748,Yaw
0.002,-0.203,1.15,26.076,-37.656,161.374,Yaw
-0.038,-0.19,1.26,-9.145,-3.366,213.275,Yaw
0.097,-0.215,1.248,-44.962,5.183,250.13,Yaw
0.126,-0.234,1.152,-56.008,-0.809,250.13,Yaw
0.14,-0.198,1.094,-65.038,-27,250.13,Yaw
-0.014,-0.19,1.222,-73.099,-76.527,250.13,Yaw
0.246,-0.142,0.876,-44.321,-103.221,250.13,Yaw
0.147,-0.1,0.95,-26.824,-106.389,250.13,Yaw
0.098,-0.37,0.902,36.321,-114.573,250.13,Yaw
-0.035,-0.208,1.219,85.191,-94.122,236.626,Yaw
0.008,-0.033,1.279,88.42,-47.298,139.031,Yaw
-0.039,0.116,1.213,56.221,-14.069,48.405,Yaw
0.034,0.173,1.046,4.214,-2.908,-10.779,Yaw
0.142,0.144,0.959,-26.443,-3.855,-54.824,Yaw
0.176,0.128,1.028,-34.076,-4.595,-105.389,Yaw
0.194,0.022,1.111,-27.115,1.092,-177.695,Yaw
0.215,-0.025,1.211,34.679,41.626,-250.137,Yaw
0.234,-0.106,1.127,91.84,73.267,-250.137,Yaw
0.326,-0.172,1.034,130.817,76.809,-250.137,Yaw
0.339,-0.122,1.067,148.489,73.977,-250.137,Yaw
0.257,-0.034,1.096,120.313,-10.527,-250.137,Yaw
0.129,-0.17,1.065,71.542,-30.153,-250.137,Yaw
-0.075,-0.024,0.991,49.802,-36.992,-250.137,Yaw
-0.075,0.151,0.971,-5.435,-53.145,-250.137,Yaw
-0.283,0.064,0.967,-54.183,-40.832,-228.611,Yaw
-0.294,0.002,1.049,-71.954,-12.962,-120.916,Yaw
-0.33,0.08,1.175,-41.847,-37.206,-26.206,Yaw
-0.227,-0.075,1.261,-8.145,-45.153,87.214,Yaw
-0.139,-0.072,1.256,23.824,-50.092,165.061,Yaw
0.018,-0.011,1.262,13.336,-15.931,186.359,Yaw
0.048,-0.034,1.213,-9.389,20.954,236.802,Yaw
0.049,-0.079,1.184,-30.015,30.756,250.13,Yaw
0.069,-0.058,0.998,-52.16,10.458,250.13,Yaw
0.156,-0.118,0.966,-63.878,-20.076,250.13,Yaw
0.186,-0.038,0.999,-73.153,-53.511,250.13,Yaw
0.207,0.005,0.962,-46.992,-86.954,250.13,Yaw
0.008,-0.114,1.047,9.679,-72.634,250.13,Yaw
0.197,-0.054,1.096,29.962,-46.794,250.13,Yaw
0.083,0.039,1.105,-28.809,-15.664,250.13,Yaw
-0.026,0.042,1.132,-66.573,-6.336,202.496,Yaw
-0.073,-0.217,1.037,-67.214,-29.702,126.565,Yaw
0.048,-0.278,1.188,-23.084,-11.725,51.557,Yaw
0.067,-0.133,1.268,-16.58,4.45,13.771,Yaw
0.169,-0.172,1.19,-10.855,10.695,-8.87,Yaw
0.13,-0.045,1.11,17.817,22.55,-34.603,Yaw
0.036,-0.096,1.069,34.786,15.969,-75.351,Yaw
-0.061,-0.093,1.117,41.198,17.885,-146.496,Yaw
-0.036,-0.056,1.131,50.496,19.664,-250.137,Yaw
0.086,-0.052,1.085,58.466,19.122,-250.137,Yaw
0.204,-0.204,1.101,89.435,39.099,-250.137,Yaw
0.165,-0.271,1.305,125.137,66.458,-250.137,Yaw
0.092,0.184,1.165,75.382,4.802,-250.137,Yaw
0.091,0.123,0.866,8.55,25,-250.137,Yaw
0.124,-0.043,0.991,6.008,6.336,-250.137,Yaw
0.217,-0.035,1.006,29.359,-43.718,-250.137,Yaw
0.019,0.007,1.045,15.275,-42.26,-250.137,Yaw
-0.061,-0.042,1.017,-13.389,12.427,-233.641,Yaw
-0.337,0.034,1.123,1.985,-30.359,-143.763,Yaw
-0.185,0.106,1.203,-10.435,-51.382,-32.664,Yaw
-0.217,-0.11,1.249,-12.053,-29.557,74.26,Yaw
-0.031,-0.132,1.253,3.687,-20.771,164.275,Yaw
0.154,-0.01,1.198,4.183,-8.435,218.702,Yaw
0.132,0.007,1.206,-9.595,-1.992,250.13,Yaw
0.223,-0.002,1.21,-34.687,-2.282,250.13,Yaw
0.207,0.003,1.088,-53.115,7.977,250.13,Yaw
0.042,-0.1,1.045,-57.099,-19.229,250.13,Yaw
0.144,-0.118,0.962,-49.427,-81.435,250.13,Yaw
0.119,-0.381,0.998,22.802,-108.412,250.13,Yaw
0.216,-0.122,1.045,43.985,-84.802,250.13,Yaw
0.163,-0.229,0.892,16.84,-85.908,250.13,Yaw
0.165,0.015,0.993,44.221,-76.229,250.13,Yaw
-0.027,0.036,1.189,47.489,-68.87,232.473,Yaw
0.136,0.12,1.23,31.664,-49.863,165.679,Yaw
0.101,0.091,1.129,32.389,-25.656,84.55,Yaw
0.143,0.03,1.119,27.718,-26.504,17.328,Yaw
0.153,-0.046,1.145,13.611,-22.687,-45.641,Yaw
0.28,-0.012,1.197,-5.901,-0.595,-101.374,Yaw
0.264,0.013,1.173,-21.855,26.878,-166.015,Yaw
0.239,0.121,1.109,-26.13,52.359,-242.069,Yaw
0.22,0.153,1.054,-16.84,69.595,-250.137,Yaw
0.29,0.065,0.953,-16.931,62.611,-250.137,Yaw
0.333,-0.009,0.964,-36.969,53.901,-250.137,Yaw
0.322,-0.214,1.068,-33.374,49.26,-250.137,Yaw
0.472,-0.213,0.837,-5.321,6.916,-250.137,Yaw
0.091,-0.19,0.981,9.817,-10.878,-250.137,Yaw
0.123,-0.136,1.126,4.672,-45.176,-250.137,Yaw
0.163,-0.014,1.201,-34.328,-29.298,-250.137,Yaw
0.168,0.021,1.1,-78.893,2.885,-250.137,Yaw
-0.018,-0.034,1.073,-70.282,-6.672,-171.252,Yaw
-0.066,-0.087,1.12,-67.58,-13.26,-91.71,Yaw
-0.082,-0.137,1.229,-58.061,-37.344,0.779,Yaw
-0.01,-0.183,1.272,-25.786,-37.244,90.076,Yaw
0.083,-0.213,1.292,10.672,-36.519,178.779,Yaw
0.065,-0.161,1.274,18.847,-26.397,250.13,Yaw
0.213,-0.163,1.212,4.908,-3.397,250.13,Yaw
0.213,-0.362,1.155,-4.603,-0.16,250.13,Yaw
0.152,-0.389,1.11,18.634,-36.664,250.13,Yaw
0.17,-0.34,1.025,19.847,-74.74,250.13,Yaw
0.164,-0.248,0.954,25.321,-75.328,250.13,Yaw
0.272,-0.285,0.988,33.336,-97.702,250.13,Yaw
0.255,-0.243,0.941,67.679,-89.076,250.13,Yaw
0.281,-0.013,0.907,74.328,-62.244,250.13,Yaw
0.054,0.019,0.958,70.885,-60.145,250.13,Yaw
0.088,-0.191,0.992,56.435,-77.275,184.183,Yaw
0.125,-0.187,1.001,67.908,-60.214,114.679,Yaw
0.173,0.098,1.151,49.809,-42.664,48.901,Yaw
0.211,0.049,1.175,29.374,-29.214,-11.832,Yaw
0.244,-0.012,1.162,17.748,-15.84,-83.527,Yaw
0.286,0.068,1.148,-3.176,-2.237,-154.336,Yaw
0.344,0.126,1.127,-31.26,18,-222.58,Yaw
0.361,-0.007,1.114,-49.87,43.496,-250.137,Yaw
0.447,-0.051,1.056,-39.42,82.962,-250.137,Yaw
0.296,-0.087,1.021,-30.061,84.313,-250.137,Yaw
0.422,0.034,0.964,-43.527,78.328,-250.137,Yaw
0.352,-0.158,0.988,-24.695,84.405,-250.137,Yaw
0.101,-0.142,1.097,-1.076,37.183,-250.137,Yaw
0.142,-0.077,1.057,-28.443,-14,-250.137,Yaw
0.114,-0.085,1.104,-64.931,-27.855,-250.137,Yaw
0.038,-0.062,1.067,-103.832,-24.573,-239.542,Yaw
-0.12,-0.181,1.124,-103.489,-21.214,-136.794,Yaw
-0.008,-0.165,1.204,-61.557,-5.344,-74,Yaw
-0.073,-0.26,1.219,-13.351,-34.099,26.176,Yaw
-0.035,-0.348,1.26,19.435,-42.183,111.351,Yaw
0.069,-0.228,1.216,36.145,-32.42,190.809,Yaw
0.163,-0.298,1.127,25.008,-27.947,250.13,Yaw
0.217,-0.292,1.11,17.702,-28.237,250.13,Yaw
0.23,-0.301,1.046,29.252,-42.405,250.13,Yaw
0.306,-0.335,1.056,61.206,-83.664,250.13,Yaw
0.31,-0.155,1.028,84.939,-143.962,250.13,Yaw
0.39,-0.039,0.952,103.015,-120.061,250.13,Yaw
0.265,-0.173,0.885,95.962,-77.229,250.13,Yaw
0.219,-0.164,0.937,115.786,-91.809,250.13,Yaw
0.141,0.131,1.108,125.664,-74.412,250.13,Yaw
-0.001,0.191,1.264,84.359,-51.359,174.817,Yaw
0.025,0,1.206,31.389,-48.969,65.771,Yaw
0.136,0.131,1.247,-5.527,-17.466,-43.771,Yaw
0.222,0.196,1.171,-45.962,11.947,-130.031,Yaw
0.324,0.14,1.081,-79.16,40.672,-187.397,Yaw
0.314,0.106,1.093,-98.397,57.275,-230.183,Yaw
0.296,0.079,1.06,-90.595,80.443,-250.137,Yaw
0.332,0.011,0.98,-47.321,94.412,-250.137,Yaw
0.416,-0.21,0.957,-16.42,87.542,-250.137,Yaw
0.425,-0.331,0.979,6.206,68.519,-250.137,Yaw
0.163,-0.321,1.221,9.45,76.618,-250.137,Yaw
0.173,-0.22,1.261,-1.481,52.191,-250.137,Yaw
0.077,-0.037,1.087,-25.137,-6.695,-250.137,Yaw
0.128,0.007,0.963,-47.931,1.145,-250.137,Yaw
0.078,-0.041,0.977,-45.687,-2.947,-250.137,Yaw
-0.015,-0.058,0.991,-25.153,-44.725,-152.504,Yaw
0.126,-0.039,1.14,-5.786,-16.756,-75.733,Yaw
-0.097,-0.104,1.195,10.641,-16.168,18.389,Yaw
-0.032,-0.115,1.171,24.206,-26.901,99.298,Yaw
0.119,-0.071,1.126,27.412,-19.435,180.786,Yaw
0.155,-0.062,1.125,28.046,8.13,245.298,Yaw
0.246,-0.162,1.154,21.405,21.13,250.13,Yaw
0.204,-0.222,1.014,29.397,-8.336,250.13,Yaw
0.298,-0.105,1.048,36.977,-37.336,250.13,Yaw
0.256,0.066,1.127,34.519,-48.519,250.13,Yaw
0.382,0.041,0.981,18.824,-54.901,250.13,Yaw
0.196,-0.049,1.088,19.229,-33.183,250.13,Yaw
0.211,-0.174,0.989,66.046,-53.641,250.13,Yaw
0.146,-0.083,1.047,84.046,-47.969,250.13,Yaw
0.08,0.048,1.028,70.046,-44.122,189.473,Yaw
0.013,0.147,1.185,47.061,-34.634,111.672,Yaw
0.004,0.106,1.222,18.687,-19.443,13.74,Yaw
0.063,0.187,1.193,-2.611,-12.634,-91.298,Yaw
0.149,0.154,1.174,-36.542,-2.618,-179.031,Yaw
0.227,0.11,1.196,-68.71,11.115,-240.298,Yaw
0.308,0.047,1.196,-79.267,47.771,-250.137,Yaw
0.398,-0.026,1.156,-73.527,77.679,-250.137,Yaw
0.32,-0.182,0.95,-43.847,98.977,-250.137,Yaw
0.189,-0.289,1.032,-13.45,69.336,-250.137,Yaw
0.329,0.066,1.056,-16.366,45.328,-250.137,Yaw
0.125,-0.083,0.978,-27.763,17.397,-250.137,Yaw
0.135,-0.222,1.1,-30.763,-16.252,-250.137,Yaw
0.152,-0.128,1.092,-22.885,-36.748,-250.137,Yaw
0.142,-0.026,0.952,-9.779,-32.771,-192.496,Yaw
0.046,-0.172,1.072,-16.901,-1.153,-134.336,Yaw
-0.179,-0.126,1.196,6,-27.137,-46.855,Yaw
-0.1,-0.024,1.253,25.863,-24.656,65.534,Yaw
-0.021,-0.051,1.184,23.45,-19.031,178.237,Yaw
0.195,-0.036,1.077,12.405,-24.817,250.13,Yaw
0.326,-0.104,1.062,8.137,-17.229,250.13,Yaw
0.307,-0.206,0.96,-7.328,-22.29,250.13,Yaw
0.285,-0.248,1.097,-26.878,-59.168,250.13,Yaw
0.436,-0.334,0.948,-2.603,-68.733,250.13,Yaw
0.401,-0.127,0.973,21.45,-53.939,250.13,Yaw
0.371,-0.201,0.932,18.878,-51.496,250.13,Yaw
0.17,-0.287,0.905,57.183,-64.954,250.13,Yaw
0.156,-0.207,1.021,92.053,-59.137,245.214,Yaw
0.139,-0.102,1.162,95.008,-67.122,166.794,Yaw
0.016,-0.178,1.263,91.885,-60.282,72.176,Yaw
0.047,-0.082,1.152,106.313,-27.099,-19.244,Yaw
0.044,0.088,1.138,73.786,-15.344,-96.16,Yaw
0.177,0.184,1.158,28.641,-14.298,-152.351,Yaw
0.205,0.21,1.18,-17.122,-6.053,-187.298,Yaw
0.264,0.186,1.208,-57.916,16.29,-222.725,Yaw
0.3,0.111,1.135,-79.519,51.153,-250.137,Yaw
0.304,-0.026,1.129,-73.588,82.557,-250.137,Yaw
0.269,-0.158,1.124,-65.015,101.336,-250.137,Yaw
0.356,-0.267,0.87,-38.817,61.511,-250.137,Yaw
-0.269,-0.233,1.034,-68.229,28.298,-250.137,Yaw
-0.028,0.015,0.976,-76.351,0.74,-250.137,Yaw
0.1,0.008,1.119,-69.916,-3.389,-231.702,Yaw
0.132,-0.1,1.098,-53.26,6.466,-190.076,Yaw
0.017,-0.237,1.167,-8.969,6.763,-105.092,Yaw
0.057,-0.033,1.248,14.389,12.038,-26.206,Yaw
0.111,-0.104,1.159,9.29,21.115,42.763,Yaw
0.084,-0.098,1.121,30.756,-4.679,105.443,Yaw
0.192,-0.129,1.146,55.786,-15.405,166.458,Yaw
0.204,-0.197,1.2,57.099,-2.74,206.153,Yaw
0.11,-0.231,1.105,58.321,8.206,242.076,Yaw
0.094,-0.118,0.906,54.328,16.168,250.13,Yaw
0.042,-0.115,0.878,35.511,-6.557,250.13,Yaw
0.078,0.009,0.888,23.756,-51.718,250.13,Yaw
0.532,-0.093,1.154,-1.405,-48.061,250.13,Yaw
0.142,0.004,1.162,24.985,-35.649,250.13,Yaw
0.044,0.109,1.224,33.412,-52.26,221.656,Yaw
-0.006,-0.088,1.185,36.382,-76.771,155.916,Yaw
-0.018,-0.109,1.125,70.397,-54.107,82.71,Yaw
0.006,0.115,1.187,87.122,-13.634,5.45,Yaw
0.065,0.155,1.163,68.168,-2.855,-64.496,Yaw
0.152,0.168,1.206,36.473,3.511,-118.771,Yaw
0.165,0.152,1.24,-4.855,5.244,-151.718,Yaw
0.203,0.234,1.193,-42.221,1.519,-168.481,Yaw
0.284,0.172,1.113,-70.466,54.534,-182.611,Yaw
0.232,0.073,1.152,-83.603,89.183,-225.229,Yaw
0.144,-0.135,1.051,-84.443,103.008,-250.137,Yaw
-0.048,-0.185,0.998,-71.794,99.145,-250.137,Yaw
-0.039,-0.02,1.049,-51.74,63.183,-250.137,Yaw
0.08,-0.076,0.98,-56.771,40.26,-250.137,Yaw
-0.021,-0.26,1.026,-73.191,29.588,-250.137,Yaw
-0.111,-0.287,1.089,-65.725,21.321,-201.656,Yaw
-0.156,-0.266,1.123,-55.191,15.832,-113.511,Yaw
-0.181,-0.194,1.183,-31.977,7.878,-32.298,Yaw
-0.14,-0.201,1.115,-12.954,8.595,40.71,Yaw
-0.125,-0.24,1.089,8.221,-11.084,104.183,Yaw
-0.06,-0.301,1.15,32.489,-22.305,159.153,Yaw
0.002,-0.391,1.095,66.611,-35.87,200.901,Yaw
-0.016,-0.308,1.086,111.466,-50.168,225.855,Yaw
-0.023,-0.242,1.02,136.427,-63.191,250.13,Yaw
-0.027,-0.048,0.964,134.969,-32.954,250.13,Yaw
-0.099,0.181,1,110.802,-33.374,250.13,Yaw
-0.073,-0.082,0.993,97.168,-60.13,250.13,Yaw
0.195,0.067,0.961,100.504,-36.603,220.824,Yaw
0.17,0.279,0.972,83.847,-18.427,207.321,Yaw
0.173,0.291,1.098,75.977,-45.382,168.168,Yaw
0.133,0.186,1.074,85.511,-42.198,123.901,Yaw
0.08,0.326,1.205,54.435,-17.527,70.389,Yaw
0.045,0.59,1.066,9.206,-2.771,26.496,Yaw
0.001,0.571,1.177,-29.992,-1.26,-15.321,Yaw
0.058,0.428,1.143,-54.496,4.26,-73.939,Yaw
0.161,0.308,1.159,-71.756,18.87,-131.634,Yaw
0.2,0.278,1.273,-79.969,43.359,-190.939,Yaw
0.111,0.321,1.224,-84.511,75.977,-250.137,Yaw
0.093,0.309,1.105,-67.893,105.679,-250.137,Yaw
0.116,0.176,1.111,-38.824,90.13,-250.137,Yaw
0.154,0.063,1.18,-15.817,36.298,-250.137,Yaw
0.085,0.051,1.121,-12.611,0.931,-250.137,Yaw
0.406,-0.128,0.981,-39.855,25.122,-250.137,Yaw
-0.136,-0.158,1.083,-60.702,-15.084,-250.137,Yaw
-0.214,-0.083,1.094,-97.794,12.641,-227.328,Yaw
-0.133,-0.21,0.974,-106.412,21.824,-175.55,Yaw
-0.205,-0.32,0.971,-96.664,-8.916,-104.153,Yaw
-0.194,-0.302,1.042,-86.473,-4.924,-25.084,Yaw
-0.151,-0.363,1.075,-64.87,-20.122,67.664,Yaw
-0.138,-0.379,1.148,-58.863,17.595,148.924,Yaw
-0.106,-0.539,1.193,-33.16,33.626,212.458,Yaw
-0.142,-0.597,1.079,0.588,27.443,250.13,Yaw
-0.114,-0.406,1.035,-5.511,41.878,250.13,Yaw
0.027,-0.321,0.972,-32.71,78.519,250.13,Yaw
0.031,-0.128,0.998,-70.916,71.832,250.13,Yaw
-0.389,0.251,1.742,-149.443,-77.695,250.13,Yaw
-0.237,-0.211,0.952,-7.504,-49.771,250.13,Yaw
-0.425,-0.182,0.925,99.588,-38.603,250.13,Yaw
-0.562,0.089,1.004,151.656,-42.893,228.893,Yaw
-0.541,0.083,1.059,160.481,-12.573,121.588,Yaw
-0.448,0.34,0.983,155.008,14.87,28.557,Yaw
-0.396,0.489,0.982,129.198,12.038,-40.985,Yaw
-0.531,0.624,0.913,94.725,-25.893,-108.344,Yaw
-0.279,0.557,0.941,53.763,-59.901,-164.824,Yaw
-0.327,0.547,1.118,20.573,-73.649,-223.084,Yaw
-0.133,0.417,1.217,-18.779,-41.779,-250.137,Yaw
-0.278,0.268,0.971,-112.802,63.267,-250.137,Yaw
-0.388,0.236,0.788,-150.237,117.794,-250.137,Yaw
-0.347,0.052,0.729,-113.878,72.931,-250.137,Yaw
-0.245,-0.238,0.839,-66.206,2.962,-250.137,Yaw
-0.302,-0.398,1,-125,40.366,-250.137,Yaw
-0.521,-0.439,0.786,-122.031,79.298,-208.969,Yaw
-0.526,-0.454,0.786,-101.305,32.427,-177.336,Yaw
-0.397,-0.597,0.847,-95.74,-4.511,-111.504,Yaw
-0.422,-0.811,0.812,-91.374,-13.756,-49.122,Yaw
-0.456,-0.884,0.757,-37.244,7.664,-3.565,Yaw
-0.417,-0.831,0.792,27.885,19.763,59.542,Yaw
-0.445,-0.775,0.765,67.786,9.939,113.756,Yaw
-0.404,-0.704,0.725,122.756,-31.336,164.244,Yaw
-0.371,-0.663,0.704,174.427,-67.84,208.542,Yaw
-0.214,-0.458,0.678,174.45,-98.534,244.328,Yaw
-0.269,-0.352,0.822,159.74,-124.42,250.13,Yaw
-0.152,-0.059,0.588,172.397,-83.099,250.13,Yaw
-0.053,0.174,0.732,159.244,-105.176,250.13,Yaw
0.032,0.08,0.945,131.405,-123.466,250.13,Yaw
0.11,0.41,0.89,93.328,-128.87,250.13,Yaw
0.199,0.479,0.967,77.878,-121.305,250.13,Yaw
0.043,0.552,0.967,70.557,-133.267,250.13,Yaw
0.06,0.974,1.122,27.573,-122.443,217.74,Yaw
-0.094,1.031,1.171,-21.534,-96.023,138.565,Yaw
0.207,0.734,1.326,-47.42,-67.481,65.29,Yaw
0.202,0.719,1.293,-42.214,-12.664,-20.466,Yaw
0.174,0.675,1.267,-61.405,34.397,-117.527,Yaw
0.072,0.496,1.193,-85.443,66.336,-209.282,Yaw
0.151,0.535,1.089,-121.725,51.527,-250.137,Yaw
0.121,0.457,1.141,-134.183,34.611,-250.137,Yaw
0.195,0.135,0.936,-111.092,52.382,-250.137,Yaw
0.249,-0.048,0.884,-82.412,11.481,-250.137,Yaw
0.273,0.008,0.884,-85.496,6.71,-250.137,Yaw
0.101,-0.006,0.926,-67.618,-6.588,-250.137,Yaw
0.111,-0.025,1.026,-32.779,-59.267,-250.137,Yaw
0.195,-0.075,1.052,-29.015,-75.221,-250.137,Yaw
0.052,-0.138,1.047,-38.847,-90.031,-198.244,Yaw
0.04,-0.326,1.102,-24.267,-60.29,-154.603,Yaw
-0.194,-0.277,1.146,-6.206,-55.603,-83.534,Yaw
-0.181,-0.198,1.148,-4.824,-62.275,-10.702,Yaw
-0.065,-0.298,1.164,5.115,-41.718,54.366,Yaw
0.007,-0.226,1.168,55.122,-36.336,121.168,Yaw
0.044,-0.124,1.097,81.015,-42.908,184.794,Yaw
0.341,-0.002,1.1,79.595,-58.542,225.74,Yaw
0.415,-0.018,1.161,67.336,-33.908,250.13,Yaw
0.334,-0.189,1.129,40.328,-2.244,250.13,Yaw
-0.258,-0.218,1.094,71.87,-50.588,250.13,Yaw
0.383,-0.005,0.998,62.687,-78.145,250.13,Yaw
0.413,-0.052,0.999,44.855,-72.985,250.13,Yaw
0.373,0.104,0.994,65.237,-28.443,250.13,Yaw
0.25,0.279,1.011,66.931,-14.947,237.588,Yaw
0.183,0.15,1.083,73.466,-19.511,170.84,Yaw
0.091,0.162,1.17,71.435,-40.702,85.878,Yaw
0.186,0.1,1.289,42.649,-28.725,-18.008,Yaw
0.246,0.092,1.247,13.214,9.344,-120.16,Yaw
0.307,0.128,1.122,-4.198,31.824,-199.115,Yaw
0.34,0.111,1.082,-21.481,39.748,-243.802,Yaw
0.262,0.078,1.105,-33.939,43.542,-250.137,Yaw
0.298,0.101,1.177,-33.55,34.473,-250.137,Yaw
0.373,0.183,1.089,-8.542,29.122,-250.137,Yaw
0.128,0.282,1.017,-23.191,-7.603,-250.137,Yaw
0.38,0.213,0.991,-38.267,7.878,-250.137,Yaw
0.35,-0.1,0.881,-26.519,33.275,-250.137,Yaw
0.146,-0.158,0.943,-3.466,-24.618,-250.137,Yaw
0.08,-0.008,1.047,14.779,-58.42,-250.137,Yaw
0.02,0.288,1.168,12.229,-19.702,-167.198,Yaw
-0.059,0.121,1.16,-4.107,-20.802,-113.183,Yaw
-0.097,0.021,1.205,-7.344,-43.511,-36.588,Yaw
-0.022,0.005,1.321,29.29,-14.198,45.069,Yaw
0.029,0.053,1.213,42.351,21.74,93.824,Yaw
-0.012,0.064,1.117,48.626,16.504,155.137,Yaw
0.138,0.138,1.177,37.122,16.183,216.45,Yaw
0.222,0.135,1.183,-9.74,47.603,250.13,Yaw
0.384,0.084,1.158,-63.885,72.916,250.13,Yaw
0.292,0.109,1.032,-95.672,78.733,250.13,Yaw
-0.071,0.169,0.937,-131.191,20.053,250.13,Yaw
-0.05,-0.01,1.068,-125.901,-96.71,250.13,Yaw
0.427,-0.21,1.055,-106.672,-139.802,250.13,Yaw
0.287,-0.244,1.137,-41.573,-82.275,250.13,Yaw
0.179,-0.252,1.031,19.351,-9.763,250.13,Yaw
-0.003,-0.127,1.009,57.634,11.626,185.649,Yaw
-0.02,0.021,1.113,53.458,6.214,121.969,Yaw
0.004,0.012,1.18,12.824,-3.71,60.786,Yaw
0.059,-0.01,1.146,-5.977,4.099,-12.107,Yaw
0.052,-0.052,1.161,0.786,6.565,-95.519,Yaw
0.108,-0.074,1.151,21.405,13.191,-175.786,Yaw
0.148,-0.121,1.14,48.931,25.817,-242.748,Yaw
0.136,-0.093,1.146,57.405,30.618,-250.137,Yaw
0.269,-0.095,1.105,67.71,42.527,-250.137,Yaw
0.255,-0.036,1.071,94.275,56.435,-250.137,Yaw
0.126,0.054,1.059,122.542,30.443,-250.137,Yaw
0.029,0.347,1.033,92.244,-3.969,-250.137,Yaw
0.15,0.081,0.959,93.031,-34.443,-250.137,Yaw
0.223,0.097,0.952,105.809,-95.908,-250.137,Yaw
0.163,0.202,0.9,86.947,-108.611,-250.137,Yaw
0.104,0.224,1.065,50.382,-58.26,-213.374,Yaw
-0.091,0.182,1.087,-1.809,-35.046,-134.45,Yaw
-0.13,0.217,1.148,-47.603,-27.26,-52.176,Yaw
-0.022,0.163,1.191,-32.969,-24.824,10.443,Yaw
-0.012,0.156,1.196,-8.046,-17.214,53.534,Yaw
0.022,0.115,1.177,-3.832,-7.916,92.099,Yaw
0.028,0.144,1.175,-11.565,-9.695,147.542,Yaw
0.086,0.083,1.201,-54.13,12.595,198.427,Yaw
0.216,0.139,1.267,-94.137,34.214,250.13,Yaw
0.161,0.074,1.17,-131.885,39.794,250.13,Yaw
0.16,0.025,1.083,-158.565,39.145,250.13,Yaw
0.133,0.135,0.982,-182.863,29.183,250.13,Yaw
0.133,-0.049,1.193,-201.473,-42.008,250.13,Yaw
-0.076,-0.565,0.915,-124.435,-155.847,250.13,Yaw
0.097,-0.362,0.903,-12.756,-97.206,250.13,Yaw
-0.047,-0.205,0.988,39.962,-44.145,250.13,Yaw
-0.237,-0.299,1.136,30.351,-43.153,150.595,Yaw
-0.096,-0.416,1.131,20.916,-45.076,40.817,Yaw
0.04,-0.165,1.042,52.443,-15.863,-35.916,Yaw
0.113,-0.079,1.121,56.405,5.885,-91.794,Yaw
0.158,-0.051,1.084,35.885,-0.313,-127.107,Yaw
0.199,-0.103,1.103,8.565,10.817,-149.679,Yaw
0.175,-0.103,1.156,1.672,35.679,-186.878,Yaw
0.216,-0.051,1.209,26.092,64.458,-250.137,Yaw
0.227,-0.104,1.119,54.435,96.458,-250.137,Yaw
0.598,-0.272,0.921,83.679,99.618,-250.137,Yaw
0.315,-0.383,1.053,97.466,75.458,-250.137,Yaw
-0.198,-0.176,1.152,66.878,1.962,-250.137,Yaw
0.302,-0.003,1.008,66.542,1.107,-250.137,Yaw
0.221,-0.024,1.007,42.527,6.878,-250.137,Yaw
-0.121,-0.14,1.019,14.336,-12.359,-250.137,Yaw
-0.059,0.018,1.129,8.359,-18.298,-195.985,Yaw
-0.15,0.018,1.115,15.061,-25.29,-115.344,Yaw
-0.149,-0.025,1.195,37.137,-28.153,-7.924,Yaw
-0.022,-0.109,1.253,40.252,-27.626,73.237,Yaw
0.046,-0.096,1.341,10.229,-14.87,138.733,Yaw
0.107,-0.118,1.234,-17.206,-11.42,201.695,Yaw
0.123,0.032,1.158,-28.046,0.969,244.344,Yaw
0.099,-0.081,1.175,-43.221,3.908,250.13,Yaw
0.178,-0.156,1.156,-65.053,0.878,250.13,Yaw
0.142,-0.05,1.037,-82.878,-11.13,250.13,Yaw
0.173,0.078,1.01,-101.351,-31.534,250.13,Yaw
0.136,-0.254,1.035,-82,-66.328,250.13,Yaw
0.213,-0.184,0.977,-31.45,-103.809,250.13,Yaw
0.343,-0.073,0.911,11.29,-88.611,250.13,Yaw
-0.185,-0.327,0.899,32.695,-42.634,250.13,Yaw
-0.079,-0.356,1.211,57.015,-37.947,217.046,Yaw
-0.092,-0.237,1.286,74.55,-45.321,97.206,Yaw
-0.17,0.017,1.188,89.344,-9.305,1.878,Yaw
-0.013,0.029,1.161,69.718,24.351,-79.359,Yaw
0.074,0.061,1.093,41.092,29.122,-139.382,Yaw
0.089,0.106,1.085,35.885,36.198,-185.206,Yaw
0.084,0.138,1.123,31.473,39.405,-234.389,Yaw
0.129,0.154,1.065,15.267,40.015,-250.137,Yaw
0.064,0.062,1.077,38.061,56.176,-250.137,Yaw
0.185,-0.013,1.042,39.466,54.046,-250.137,Yaw
0.008,0.016,0.941,45.901,23.107,-250.137,Yaw
-0.076,0.052,0.969,43.481,-26.168,-250.137,Yaw
0.448,-0.125,1.12,5.282,-88.573,-250.137,Yaw
0.385,-0.259,1.115,-32.122,-67.214,-250.137,Yaw
0.01,-0.085,1.094,-17.214,-56.275,-250.137,Yaw
-0.057,-0.109,1.054,-6.504,-8.397,-181.969,Yaw
-0.169,-0.053,1.183,9.42,-33.557,-95.122,Yaw
-0.149,-0.102,1.329,20.511,-37.863,13.42,Yaw
-0.058,-0.169,1.375,27,-11.969,117.55,Yaw
0.046,-0.131,1.221,26.748,4.099,198,Yaw
0.297,-0.063,1.206,12.763,17.969,246.466,Yaw
0.125,-0.144,1.109,9.885,12.252,250.13,Yaw
0.209,-0.147,1.129,-8.305,-2.855,250.13,Yaw
0.298,-0.166,1.197,-27.611,2.313,250.13,Yaw
0.271,-0.158,1.035,-32.748,-28.863,250.13,Yaw
0.387,0.135,1.03,-50.885,-33.679,250.13,Yaw
0.332,0.026,0.938,-44.473,-55.687,250.13,Yaw
0.144,0.048,0.878,-20.145,-49.672,250.13,Yaw
-0.157,-0.106,0.783,16.878,-37.626,250.13,Yaw
-0.295,-0.224,1.038,37.626,-55.55,221.87,Yaw
-0.072,-0.146,1.171,51.863,-69.817,129.595,Yaw
0.227,-0.031,1.224,54.053,-34.366,89.832,Yaw
0.122,0.105,1.116,34.305,-2.626,25.733,Yaw
0.093,0.082,1.064,15.885,-11.13,-25.947,Yaw
0.131,-0.006,1.131,1.198,-12.618,-82.336,Yaw
0.188,-0.044,1.161,-28.534,3.305,-143.359,Yaw
0.164,-0.023,1.177,-51.344,19.237,-196.878,Yaw
0.158,-0.05,1.123,-44.664,38.053,-250.137,Yaw
0.162,-0.081,1.093,-30.489,51.244,-250.137,Yaw
0.323,-0.111,0.999,-7.504,66.893,-250.137,Yaw
0.388,-0.148,1.002,-14.641,83.847,-250.137,Yaw
0.382,-0.294,1.109,6.099,69.588,-250.137,Yaw
0.32,-0.375,1.081,16.687,81.794,-250.137,Yaw
-0.021,-0.25,1.143,55.366,48.069,-250.137,Yaw
0.077,-0.08,1.077,28.626,-23.153,-250.137,Yaw
0.188,-0.033,1.036,-3.046,-26.962,-250.137,Yaw
-0.023,-0.112,1.114,-12.977,-1.137,-211.573,Yaw
-0.185,-0.146,1.189,-2.107,-29.748,-120.611,Yaw
-0.149,-0.072,1.127,-20.496,-31.947,-17.702,Yaw
-0.077,-0.205,1.162,-41.107,-11.855,93.496,Yaw
-0.044,-0.181,1.245,-48.855,-1.183,180.756,Yaw
0.057,-0.208,1.165,-35.122,8.71,244.183,Yaw
0.157,-0.278,1.111,-18.649,13.656,250.13,Yaw
0.156,-0.238,1.049,-17.924,-6.336,250.13,Yaw
0.188,-0.344,1.025,-36.412,-35.565,250.13,Yaw
0.282,-0.211,0.969,-26.366,-62.061,250.13,Yaw
0.131,-0.2,1.061,-11.611,-91.489,250.13,Yaw
0.173,-0.078,1.144,50.634,-117.779,250.13,Yaw
0.239,0.145,0.966,48.267,-106.137,250.13,Yaw
0.105,-0.131,0.925,20.893,-57.511,250.13,Yaw
-0.233,-0.462,0.948,73.893,-92.695,250.13,Yaw
0.04,-0.077,1.241,92.641,-105.328,186.389,Yaw
0.144,0.075,1.222,87.649,-67.008,153.015,Yaw
0.035,0.116,1.288,73.443,-31.237,89.061,Yaw
0.037,0.066,1.308,21.824,-14.962,17.489,Yaw
0.198,0.092,1.176,-45.504,-4.336,-42.939,Yaw
0.194,0.079,1.118,-64.603,12.542,-100.092,Yaw
0.233,-0.161,1.037,-51.664,32.145,-156.519,Yaw
0.108,0.088,1.162,-40.58,46.603,-220.74,Yaw
0.1,-0.017,1.083,-15.45,51.771,-250.137,Yaw
0.245,-0.088,1.012,-5.656,54.221,-250.137,Yaw
0.345,-0.029,1.007,-19.16,58.229,-250.137,Yaw
0.419,-0.01,1.018,-53.008,62.519,-250.137,Yaw
0.402,-0.364,0.978,-43.534,66.649,-250.137,Yaw
0.248,-0.421,0.95,-5.718,58.107,-250.137,Yaw
0.216,-0.307,1.014,13.374,43.382,-250.137,Yaw
0.057,-0.283,1.14,5.71,-23.809,-250.137,Yaw
-0.328,-0.042,1.18,-20.939,-68.55,-250.137,Yaw
0.09,-0.102,1.068,-40.29,-16.298,-199.511,Yaw
0.024,-0.116,1.241,-56.908,-10.351,-135.702,Yaw
-0.096,-0.206,1.213,-32.695,-53.038,-57.397,Yaw
-0.014,-0.245,1.175,3.176,-43.252,10.473,Yaw
0.036,-0.239,1.166,36.527,-29.733,65.176,Yaw
0.029,-0.207,1.157,48.366,-27.763,120.527,Yaw
0.084,-0.182,1.098,45.527,-13.573,181.947,Yaw
0.078,-0.223,1.155,33.267,6.069,250.13,Yaw
0.225,-0.178,1.133,-7.038,11.443,250.13,Yaw
0.377,-0.298,1.06,-27.824,-17.427,250.13,Yaw
0.328,-0.247,1.065,-14.122,-76.374,250.13,Yaw
0.462,-0.26,1.05,17.672,-89.046,250.13,Yaw
0.442,-0.168,1.143,23.809,-75.382,250.13,Yaw
0.346,-0.202,1.278,15.13,-99.618,250.13,Yaw
0.26,-0.124,0.819,35.893,-74.611,250.13,Yaw
0.017,-0.241,0.758,56.809,-41.962,250.13,Yaw
-0.185,-0.189,1.107,83.977,-65.031,250.13,Yaw
-0.077,-0.258,1.242,93.863,-64.84,174.641,Yaw
0.088,-0.265,1.177,58.824,-27.13,120.611,Yaw
0.289,0.067,1.073,42.351,-15.58,86.412,Yaw
0.073,0.122,1.164,7.855,-19.832,12.031,Yaw
0.093,0.023,1.089,-3.954,-0.832,-53.58,Yaw
0.182,0.043,1.088,-18.191,17.198,-120.679,Yaw
0.23,-0.019,1.147,-30.611,28.771,-176.076,Yaw
0.192,0.034,1.192,-33.397,48.321,-211.87,Yaw
0.17,-0.022,1.135,-16.328,61.595,-250.137,Yaw
0.219,-0.007,1.069,0.603,75.069,-250.137,Yaw
0.255,-0.042,0.958,13.153,91.893,-250.137,Yaw
0.283,-0.118,0.876,6.573,70.038,-250.137,Yaw
0.418,-0.385,1.124,6.137,68.275,-250.137,Yaw
0.418,-0.509,0.999,25.977,56.756,-250.137,Yaw
0.042,-0.447,0.996,47.977,50.176,-250.137,Yaw
-0.154,-0.06,1.065,35.405,6.947,-250.137,Yaw
0.03,0.182,1.145,-23.824,-50.29,-250.137,Yaw
-0.102,-0.016,1.089,-88.321,-54.504,-248.832,Yaw
-0.035,-0.159,1.081,-72.992,-27.931,-147.221,Yaw
-0.021,-0.327,1.23,-39.107,-41.267,-73.824,Yaw
0.029,-0.373,1.168,-34.687,-35.58,-11.427,Yaw
0.007,-0.337,1.163,-25.473,-25.023,37.885,Yaw
0.041,-0.351,1.171,5.893,-23.382,79.901,Yaw
0.053,-0.281,1.157,31.656,-20.718,124.672,Yaw
0.044,-0.238,1.158,32.954,-10.908,176.855,Yaw
0.138,-0.116,1.239,17.313,13.153,250.13,Yaw
0.167,-0.264,1.017,3.435,-4.344,250.13,Yaw
0.164,-0.336,0.939,5.649,-53.763,250.13,Yaw
0.377,-0.348,1.011,-1.954,-129.939,250.13,Yaw
0.152,-0.307,1.185,16.031,-130.237,250.13,Yaw
0.271,-0.267,0.96,51.634,-126.282,250.13,Yaw
0.34,-0.319,0.785,59.695,-97.901,250.13,Yaw
0.123,-0.436,0.954,72.214,-79.321,250.13,Yaw
-0.085,-0.188,0.926,129.397,-40.893,250.13,Yaw
0.109,0.055,1.181,92.618,-32.733,191.153,Yaw
0.097,-0.015,1.174,31.458,-39.351,130.198,Yaw
-0.025,-0.06,1.137,-0.221,-40.229,64.573,Yaw
0.081,-0.042,1.112,-11.786,-26.336,-6.115,Yaw
0.192,0.082,1.215,-36.573,-7.939,-68.824,Yaw
0.288,-0.022,1.213,-50.931,14.947,-123.252,Yaw
0.247,-0.045,1.165,-48.382,45.763,-171.29,Yaw
0.26,-0.125,1.165,-29.718,69.45,-225.771,Yaw
0.206,-0.238,1.125,7.817,86.901,-250.137,Yaw
0.274,-0.156,1.071,39.534,108.336,-250.137,Yaw
0.37,-0.131,0.962,47.336,91.031,-250.137,Yaw
0.485,-0.332,0.949,34.191,41.718,-250.137,Yaw
0.266,-0.374,1.032,-1.26,53.16,-250.137,Yaw
0.046,-0.438,1.055,-40.603,46.137,-250.137,Yaw
0.018,-0.032,0.976,-33.496,3.817,-250.137,Yaw
0.044,-0.161,1.09,-69.389,-13.443,-250.137,Yaw
-0.122,-0.123,1.105,-79.206,-33.328,-250.137,Yaw
-0.098,-0.259,1.106,-47.565,8.55,-152.328,Yaw
-0.262,-0.284,1.18,24.42,-33.489,-51.397,Yaw
-0.049,-0.278,1.241,62,-44.008,42.977,Yaw
-0.019,-0.284,1.274,62.557,-35.74,124.031,Yaw
0.068,-0.181,1.226,43.931,-29.504,198.969,Yaw
0.045,-0.197,1.151,12.847,-7.847,250.13,Yaw
0.127,-0.244,1.075,-16.855,-12.855,250.13,Yaw
0.217,-0.25,1.122,-27.321,-11.733,250.13,Yaw
0.124,-0.262,1.028,-41.763,-57.053,250.13,Yaw
0.287,-0.243,1.045,-59.924,-122.947,250.13,Yaw
0.307,-0.429,1.011,-43.191,-153.298,250.13,Yaw
0.297,-0.542,1.034,-10.489,-151.069,250.13,Yaw
0.365,-0.531,0.768,73.389,-123.084,250.13,Yaw
0.011,-0.383,0.819,135.656,-54.71,250.13,Yaw
-0.138,-0.128,1.129,125.244,-52.809,245.824,Yaw
0.044,0.046,1.183,67.198,-43.992,203.191,Yaw
-0.11,-0.028,1.135,35.229,-37.908,109.229,Yaw
-0.06,-0.175,1.102,-8.229,-33.893,11.351,Yaw
0.215,-0.151,1.122,-23.267,-15,-64.031,Yaw
0.238,-0.032,1.171,-40.763,11.71,-140.038,Yaw
0.282,-0.12,1.149,-43.336,33.084,-187.336,Yaw
0.298,-0.112,1.147,-37.092,66.969,-209.748,Yaw
0.275,-0.152,1.136,-24.244,84.618,-243.992,Yaw
0.293,-0.201,1.127,3.481,114.74,-250.137,Yaw
0.227,-0.431,1.097,58.008,137.046,-250.137,Yaw
0.16,-0.474,1.034,113.672,147.389,-250.137,Yaw
0.321,-0.552,0.792,134.603,82.389,-250.137,Yaw
-0.155,-0.402,1.202,75.885,34.985,-250.137,Yaw
0.025,0.208,0.999,-3.71,40.626,-250.137,Yaw
0.203,0.05,1.027,-34.702,40.45,-250.137,Yaw
-0.059,-0.198,1.056,-2.214,13.802,-238.321,Yaw
-0.338,-0.187,1.179,44.122,-30.725,-167.992,Yaw
-0.238,-0.116,1.107,20.153,-18.153,-80.252,Yaw
-0.216,-0.111,1.042,16.977,0.802,-9.924,Yaw
-0.149,-0.083,1.121,44.397,-15.863,47.191,Yaw
-0.124,-0.021,1.195,37.397,-16.366,98.87,Yaw
-0.176,0.07,1.201,-3.542,-11.641,163.053,Yaw
-0.127,0.139,1.162,-49.931,3.13,238.679,Yaw
-0.046,0.104,1.104,-92.443,-12.481,250.13,Yaw
-0.227,-0.002,1.053,-110.771,-55.87,250.13,Yaw
0.208,0.089,1.06,-132.099,-116.076,250.13,Yaw
-0.075,-0.29,1.129,-100.336,-172.977,250.13,Yaw
-0.008,-0.447,1.054,-58.26,-200.427,250.13,Yaw
0.352,-0.54,0.745,3.458,-149.779,250.13,Yaw
0.023,-0.347,0.725,81.885,-96.504,250.13,Yaw
-0.067,-0.36,1.121,101.244,-75.702,175.939,Yaw
0.018,-0.294,1.244,74.702,-50.756,87.313,Yaw
0.008,0.028,1.143,57.809,-23.328,7.595,Yaw
0.089,0.041,1.116,44.26,-2.687,-51.076,Yaw
0.217,-0.057,1.062,11.435,-5.687,-89.824,Yaw
0.313,-0.028,1.174,-25.061,9.511,-125.412,Yaw
0.356,-0.024,1.206,-51.695,39.397,-168.137,Yaw
0.135,-0.055,1.249,-57.695,57.412,-208.832,Yaw
0.195,-0.111,1.072,-23.023,70.122,-250.137,Yaw
0.302,-0.112,1.085,26.702,98.649,-250.137,Yaw
0.493,-0.191,1.109,68.473,90.573,-250.137,Yaw
0.432,-0.225,1.101,65.779,101.008,-250.137,Yaw
0.3,-0.222,0.943,60.641,147.16,-250.137,Yaw
-0.274,0.091,1.207,33.695,92.031,-250.137,Yaw
0.125,0.194,0.974,43.328,14.71,-250.137,Yaw
0.192,0.016,1.026,8.435,-4.595,-250.137,Yaw
-0.265,-0.17,1.077,-25.443,-31.916,-250.137,Yaw
-0.222,-0.173,0.994,-12.29,-24.504,-149.908,Yaw
-0.273,-0.348,1.093,7.237,-23.595,-45.931,Yaw
-0.196,-0.338,1.216,31.153,-23.092,53.099,Yaw
-0.176,-0.295,1.246,35.305,-30.763,166.29,Yaw
0.021,-0.039,1.202,11.389,-34.824,250.13,Yaw
0.02,0.023,1.193,-11.779,-15.344,250.13,Yaw
0.142,-0.008,1.189,-60.328,20.519,250.13,Yaw
-0.044,-0.208,1.122,-107.588,-18.351,250.13,Yaw
-0.078,-0.324,1.081,-132.672,-73.313,250.13,Yaw
-0.03,-0.372,0.989,-137.015,-148.206,250.13,Yaw
0.18,-0.262,0.971,-97.855,-156.702,250.13,Yaw
0.036,-0.382,0.859,-57.847,-110.733,250.13,Yaw
-0.419,-0.495,0.639,19.809,-66.603,250.13,Yaw
-0.42,-0.281,1.014,72.954,-83.412,152.962,Yaw
0.091,-0.287,1.419,71.771,-42.496,36.046,Yaw
-0.028,-0.389,1.177,46.26,-13.763,-32.137,Yaw
0.13,-0.118,1.021,60.947,3.534,-102.58,Yaw
0.118,0.008,1.16,19.802,8.023,-161.649,Yaw
0.227,-0.011,1.18,-5.748,16.29,-181.863,Yaw
0.112,0.011,1.112,-5.389,32.466,-196.076,Yaw
0.142,0.01,1.053,-6.748,31.916,-244.145,Yaw
0.051,-0.179,1.173,26.046,49.649,-250.137,Yaw
0.188,-0.104,1.118,48.389,75.595,-250.137,Yaw
0.441,-0.271,1.023,65.168,110.321,-250.137,Yaw
0.538,-0.331,0.862,51.076,132.656,-250.137,Yaw
0.211,-0.295,1.324,-8.916,143.45,-250.137,Yaw
0.119,-0.126,1.067,-8.718,104.611,-250.137,Yaw
0.203,0.002,1.035,-7.313,43.313,-250.137,Yaw
-0.37,-0.132,1.168,-8.71,-23.626,-250.137,Yaw
-0.325,-0.099,1.035,-33.725,25.641,-250.137,Yaw
-0.267,-0.462,1.032,-35.954,-5.214,-120.115,Yaw
-0.281,-0.31,1.122,-8.344,-37.71,-15.901,Yaw
-0.208,-0.469,1.074,7.718,-39.626,52.733,Yaw
0.019,-0.46,1.066,18.87,-31.527,113.588,Yaw
0.006,-0.41,1.137,22.718,-20.527,154.374,Yaw
-0.052,-0.363,1.086,17.771,-13.573,189.313,Yaw
-0.091,-0.253,1.114,7.641,-22.076,245.412,Yaw
-0.017,-0.291,1.081,-17.511,-30.931,250.13,Yaw
-0.18,-0.13,1.01,-66.641,-36.649,250.13,Yaw
0.053,-0.292,0.99,-93.672,-100.023,250.13,Yaw
0.188,-0.336,1.083,-107.809,-150.015,250.13,Yaw
0.042,-0.449,1.072,-61.985,-200.901,250.13,Yaw
0.344,-0.25,0.97,-32.824,-163.237,250.13,Yaw
0.32,-0.235,0.987,-55.687,-132.573,250.13,Yaw
0.087,-0.381,0.816,18.427,-103.313,250.13,Yaw
-0.195,-0.361,1.029,64.069,-72.275,250.13,Yaw
-0.189,-0.309,1.219,87.137,-91.176,144.893,Yaw
0.141,-0.37,1.262,83.763,-66.855,96.756,Yaw
-0.018,-0.157,1.094,59.901,-36.527,34.206,Yaw
-0.012,-0.028,1.093,22.809,-22.885,-21.748,Yaw
0.069,-0.085,1.061,0.58,-14.687,-72.221,Yaw
0.17,-0.003,1.158,-11.71,2.336,-115.634,Yaw
0.231,-0.053,1.155,-26.473,17.13,-145.374,Yaw
0.214,-0.104,1.186,-35.443,41.244,-181.504,Yaw
0.197,-0.121,1.177,-33.985,74.802,-236.687,Yaw
0.213,-0.132,1.052,-15.084,118,-250.137,Yaw
0.291,-0.224,0.905,0.626,132.137,-250.137,Yaw
0.57,-0.298,0.84,26.802,137.076,-250.137,Yaw
0.611,-0.448,0.813,43.534,142.511,-250.137,Yaw
0.071,-0.584,1.113,-34.893,134.252,-250.137,Yaw
-0.214,-0.479,0.997,-90.076,107.786,-250.137,Yaw
-0.178,-0.178,1.096,-99.229,60.702,-250.137,Yaw
-0.108,-0.446,1.01,-71.237,3.435,-250.137,Yaw
-0.11,-0.264,1.14,-48.427,-24.756,-165.473,Yaw
-0.013,-0.393,1.052,-35.649,25.863,-85.947,Yaw
-0.158,-0.554,1.067,-11.573,7.359,-16.748,Yaw
-0.124,-0.531,1.011,0.863,-15.145,28.168,Yaw
-0.08,-0.556,1.001,13.489,-13.137,64.733,Yaw
-0.003,-0.604,1.056,37.649,-11.481,91.351,Yaw
-0.015,-0.516,1.063,55.122,-31.817,126.046,Yaw
0.022,-0.353,1.122,48.542,-45.031,182.191,Yaw
-0.172,-0.377,1.101,35.573,-72.496,250.13,Yaw
0.056,-0.282,1.058,27.344,-91.061,250.13,Yaw
0.098,-0.207,1.073,10.702,-97.74,250.13,Yaw
0.018,-0.306,1.041,-17.458,-175.305,250.13,Yaw
-0.15,-0.809,0.896,-11.061,-180.328,250.13,Yaw
0.33,-0.607,0.904,30.595,-151.122,250.13,Yaw
0.202,-0.368,0.849,72.031,-113.405,250.13,Yaw
0.031,-0.275,0.983,86.542,-96.107,250.13,Yaw
-0.03,-0.087,1.077,90.053,-74.863,239.298,Yaw
-0.073,-0.105,1.164,64.679,-74.626,170.374,Yaw
-0.005,-0.131,1.098,38.794,-60.099,100.794,Yaw
-0.063,-0.094,1.022,35.443,-38.84,26.069,Yaw
0.01,-0.23,1.015,22.733,-36.13,-37.42,Yaw
0.087,-0.08,1.089,-4.573,-30.198,-81.679,Yaw
0.282,-0.018,1.127,-30.779,-10.565,-104.366,Yaw
0.294,-0.037,1.171,-34.817,17.389,-127.099,Yaw
0.23,-0.02,1.124,-29.168,50.351,-155.489,Yaw
0.233,-0.066,1.142,-11.237,77.122,-216.382,Yaw
0.256,-0.041,1.132,12.176,112.527,-250.137,Yaw
0.345,-0.191,0.956,33.107,143.076,-250.137,Yaw
0.335,-0.263,0.893,22.763,119.206,-250.137,Yaw
0.268,-0.328,1.079,24.931,66.031,-250.137,Yaw
0.038,-0.263,1.178,34.305,54.458,-250.137,Yaw
0.076,-0.162,0.995,35.87,19.947,-250.137,Yaw
0.034,-0.157,1.083,4.344,-7.595,-250.137,Yaw
-0.066,-0.176,1.077,-16.038,-20.435,-250.137,Yaw
-0.245,-0.029,1.144,-52.198,-29.893,-229.969,Yaw
0.016,-0.083,1.146,-73.481,-1.45,-119.351,Yaw
-0.239,-0.377,1.282,-31.901,-15.55,-37.656,Yaw
-0.129,-0.337,1.275,11.221,-24.832,42.725,Yaw
-0.069,-0.348,1.269,15.969,-10.74,121.26,Yaw
-0.114,-0.331,1.185,10.748,-4.656,199.092,Yaw
0.019,-0.274,1.09,-10.45,-7.679,250.13,Yaw
0.015,-0.248,1.065,-31.771,-42.252,250.13,Yaw
0.146,-0.362,0.972,-30.756,-87.443,250.13,Yaw
0.274,-0.332,1.063,-20.924,-87.977,250.13,Yaw
0.14,-0.39,1.146,-6.969,-92.282,250.13,Yaw
0.036,-0.354,1.045,29.221,-134.191,250.13,Yaw
0.445,-0.262,0.933,40.305,-137.389,250.13,Yaw
0.25,-0.147,0.905,48.885,-89.26,250.13,Yaw
-0.165,-0.23,0.924,89.16,-71.718,250.13,Yaw
-0.163,-0.23,0.974,97.252,-86.084,172.802,Yaw
0.089,-0.122,1.165,72.176,-77.366,74.275,Yaw
0.072,0.034,1.157,30.305,-41.443,23.534,Yaw
0.119,0.104,1.103,-16.336,-17.267,-38.443,Yaw
0.199,0.116,1.029,-36.519,-4.817,-86.389,Yaw
0.303,0.072,1.111,-52.489,9.13,-123.786,Yaw
0.278,0.021,1.185,-51.153,28.374,-158.954,Yaw
0.307,-0.043,1.212,-28.496,52.786,-196.237,Yaw
0.298,-0.053,1.184,5.542,89.466,-250.137,Yaw
0.336,-0.107,1.078,27.817,110.45,-250.137,Yaw
0.354,-0.21,0.969,41.427,108.519,-250.137,Yaw
0.504,-0.463,1.07,58.756,100.924,-250.137,Yaw
0.059,-0.439,1.162,40.313,45.168,-250.137,Yaw
0.156,-0.168,1.018,6.924,30.802,-250.137,Yaw
-0.108,0.201,0.955,-41.183,19.115,-250.137,Yaw
0.036,-0.182,0.974,-79.977,-21.115,-250.137,Yaw
-0.245,-0.309,1.125,-41.427,-24.542,-250.137,Yaw
-0.156,-0.179,1.189,5.618,-15.008,-133.084,Yaw
-0.288,-0.25,1.215,43.771,-24.42,-47.206,Yaw
-0.18,-0.23,1.195,96.863,-43.237,34.992,Yaw
0.012,-0.185,1.243,112.42,-43.397,109.519,Yaw
0.048,-0.081,1.249,69.756,-10.008,179.847,Yaw
0.125,-0.007,1.231,8.74,32.374,234.076,Yaw
0.031,-0.213,1.216,-22.359,48.198,250.13,Yaw
0.038,-0.107,1.047,-45.122,38.244,250.13,Yaw
0.078,0.018,0.864,-103.771,-13.099,250.13,Yaw
0.295,0.014,1.096,-141.626,-95.137,250.13,Yaw
0.265,-0.576,1.021,-54.359,-175.405,250.13,Yaw
0.477,-0.492,1.062,70.221,-136.718,250.13,Yaw
0.215,0,0.902,83.779,-42.511,250.13,Yaw
-0.06,0.013,0.752,34.641,-45.481,250.13,Yaw
-0.081,-0.181,1.072,50.252,-106.824,239.015,Yaw
-0.047,-0.124,1.381,46.466,-82.954,133.557,Yaw
0.011,-0.126,1.095,27.855,-38.748,39.687,Yaw
0.185,0.03,1.118,-0.221,-5.916,-27.809,Yaw
0.272,-0.112,1.159,-18.565,15.679,-79.107,Yaw
0.303,-0.102,1.22,-34.679,31.137,-125.321,Yaw
0.315,-0.211,1.133,-38.145,37.344,-157.359,Yaw
0.233,0.008,1.165,-18.977,55.13,-193.695,Yaw
0.242,0.055,1.108,11.496,79.015,-250.137,Yaw
0.296,-0.054,1.031,43.053,94.878,-250.137,Yaw
0.303,-0.055,0.903,57.687,81.496,-250.137,Yaw
0.249,-0.217,1.073,59.626,43.405,-250.137,Yaw
0.28,-0.302,1.018,61.26,-6.832,-250.137,Yaw
0.119,-0.222,0.917,64.443,-6.763,-250.137,Yaw
0.103,-0.087,0.86,23.481,-26.267,-250.137,Yaw
0.011,0.142,1.02,-24.198,-45.389,-250.137,Yaw
-0.146,0.286,1.229,-72.824,-47.092,-250.137,Yaw
-0.145,0.061,1.231,-92.718,-39.359,-107.351,Yaw
-0.166,-0.16,1.374,-47.313,-28.908,-25.626,Yaw
-0.05,-0.186,1.35,-4.115,-36.908,81.099,Yaw
-0.014,-0.142,1.282,20.145,-43.664,162.046,Yaw
-0.119,-0.207,1.181,24.16,-24.939,218,Yaw
0.131,-0.11,1.129,8.153,11.244,250.13,Yaw
0.196,-0.107,1.099,-47.641,52.038,250.13,Yaw
-0.08,-0.295,1.159,-62.588,40.947,250.13,Yaw
-0.025,-0.3,1.032,-73.351,-1.687,250.13,Yaw
0.14,-0.597,1.052,-43.252,-121.122,250.13,Yaw
0.285,-0.4,0.922,22.412,-145.107,250.13,Yaw
0.366,-0.275,0.949,63.74,-108.557,250.13,Yaw
0.146,-0.071,0.845,80.733,-54.366,250.13,Yaw
-0.013,0.045,0.969,71.008,-52.092,250.13,Yaw
-0.082,-0.064,1.124,52.771,-104.611,223.695,Yaw
0.04,-0.172,1.063,46.733,-78.053,136.504,Yaw
0.082,0.086,1.134,31.015,-49.176,57.908,Yaw
0.165,0.05,1.219,3.542,-32.198,-1.687,Yaw
0.237,-0.152,1.138,-13.794,-5.588,-66.45,Yaw
0.316,-0.039,1.169,-37.611,14.267,-123.092,Yaw
0.273,0.063,1.166,-59.336,36.168,-166.74,Yaw
0.245,0.083,1.171,-66.42,53.824,-206.58,Yaw
0.271,-0.051,1.157,-63.351,71.489,-250.137,Yaw
0.307,-0.156,1.1,-40.504,104.71,-250.137,Yaw
0.429,-0.089,1.011,-12.359,128.603,-250.137,Yaw
0.488,-0.203,0.883,-9.511,111.733,-250.137,Yaw
0.465,-0.422,0.841,-15.305,75.511,-250.137,Yaw
0.215,-0.45,0.951,6.328,78.695,-250.137,Yaw
-0.05,-0.447,1.031,33.557,56.885,-250.137,Yaw
-0.131,-0.295,1.046,33.771,11.267,-250.137,Yaw
-0.299,-0.007,1.118,26.053,-7.389,-250.137,Yaw
-0.105,-0.016,1.186,3.969,-43.58,-222.794,Yaw
-0.023,0.054,1.39,-37.771,-28.137,-90.038,Yaw
-0.084,-0.19,1.401,-20.168,-30.794,29.702,Yaw
-0.026,-0.232,1.339,28.679,-21.824,106.153,Yaw
-0.05,-0.206,1.216,57.763,-11.885,145.977,Yaw
-0.004,-0.214,1.131,47.084,9.282,184.053,Yaw
0.015,-0.113,1.147,17.137,40.763,238.748,Yaw
0.052,-0.201,1.145,-33.702,68.718,250.13,Yaw
-0.073,-0.216,1.177,-54.092,23.634,250.13,Yaw
-0.093,-0.312,1.087,-89.824,-72.725,250.13,Yaw
0.438,-0.409,0.832,-82.496,-162.45,250.13,Yaw
0.336,-0.369,0.793,-16.137,-155.382,250.13,Yaw
0.373,-0.067,1.044,21.046,-80.718,250.13,Yaw
0.184,-0.184,0.861,20.176,-64.427,250.13,Yaw
-0.336,-0.23,0.885,49.267,-71.649,250.13,Yaw
-0.055,-0.12,1.108,52.313,-90.183,203.603,Yaw
-0.006,-0.141,1.16,46.489,-93.115,134.519,Yaw
-0.017,-0.134,1.171,55.382,-60.58,89.977,Yaw
0.073,-0.009,1.144,60.092,-34.908,25.664,Yaw
0.175,-0.031,1.209,41.504,-17.863,-32.733,Yaw
0.185,-0.029,1.278,19.748,5.076,-102.588,Yaw
0.129,-0.017,1.202,13.74,40.664,-175.634,Yaw
0.259,-0.395,1.079,8.542,65.183,-249.969,Yaw
0.208,-0.148,1.016,29.031,77.313,-250.137,Yaw
0.187,-0.004,1.076,56.405,83.13,-250.137,Yaw
0.208,0.194,0.963,54.26,65.977,-250.137,Yaw
0.326,0.191,0.938,21.115,37.344,-250.137,Yaw
0.255,-0.011,1.032,-0.313,-55.924,-250.137,Yaw
0.383,-0.107,1.037,-12.412,-77.511,-250.137,Yaw
0.35,-0.17,1.061,-47.359,-50.351,-250.137,Yaw
0.285,-0.024,1.037,-100.641,-19.573,-250.137,Yaw
-0.021,-0.106,1.048,-137.298,-7.977,-250.137,Yaw
-0.128,-0.269,1.06,-130.542,-23.618,-229.649,Yaw
0.007,-0.168,1.219,-119.885,-33.992,-159.534,Yaw
-0.142,-0.474,1.198,-79.885,-42.916,-52.038,Yaw
-0.061,-0.564,1.217,-1.763,-39.427,31.435,Yaw
0,-0.404,1.207,59.366,-40.359,105.641,Yaw
0.005,-0.412,1.104,77.069,-54.947,170.595,Yaw
0.006,-0.35,1.145,60.748,-37.641,246.221,Yaw
0.172,-0.28,1.188,39.679,-18.588,250.13,Yaw
0.292,-0.356,1.049,39.748,-25.885,250.13,Yaw
0.421,-0.289,0.949,74.916,-30.893,250.13,Yaw
0.512,-0.327,0.947,115.687,-75.817,250.13,Yaw
0.281,-0.265,1.016,128.053,-89.695,250.13,Yaw
0.318,-0.261,0.993,129.802,-64.893,250.13,Yaw
0.378,0.063,0.944,114.466,-64.679,250.13,Yaw
0.21,0.043,0.938,79.084,-56.832,250.13,Yaw
0.055,0.142,0.971,37.588,-49.099,250.13,Yaw
-0.032,0.065,1.214,9.794,-88.26,244.634,Yaw
0.036,-0.186,1.199,6.84,-59.061,133.527,Yaw
0.109,-0.017,1.219,-10.351,-19.878,53.061,Yaw
0.144,0.129,1.196,-45.756,0.053,-54.847,Yaw
0.283,0.146,1.309,-48.893,26.198,-123.939,Yaw
0.379,0.083,1.166,-20.687,45.489,-180.725,Yaw
0.399,0.066,1.136,-0.053,56.58,-217.382,Yaw
0.371,0.082,1.103,3.176,73.183,-250.137,Yaw
0.306,0.022,1.081,7.626,84.908,-250.137,Yaw
0.246,0.004,1.025,30.87,87.634,-250.137,Yaw
0.154,0.026,0.92,49.618,70.565,-250.137,Yaw
-0.021,0.154,1.062,49.168,-73.489,-250.137,Yaw
0.36,0.01,1.055,16.733,-159.16,-250.137,Yaw
0.562,0.149,1.198,-26.527,-136.794,-250.137,Yaw
0.506,0.13,1.042,-77.008,-53.008,-250.137,Yaw
0.234,-0.2,0.982,-105.031,36.458,-250.137,Yaw
-0.004,-0.367,1.074,-87.191,28.206,-250.137,Yaw
-0.312,0.289,1.132,-61.046,-18.458,-222.519,Yaw
-0.153,0.134,1.102,-50.641,-15.481,-74.634,Yaw
0.016,-0.216,1.088,-13.244,-25.374,3.908,Yaw
0.082,-0.148,1.114,32.374,-31.954,55.756,Yaw
0.135,-0.135,1.158,32.412,-7.939,103.733,Yaw
0.135,-0.129,1.18,-4.252,17.168,148.779,Yaw
0.104,-0.09,1.104,-43.664,41.275,207.504,Yaw
0.106,0.012,1.087,-75.756,47.137,250.13,Yaw
0.296,0.045,1.152,-116.008,20.779,250.13,Yaw
0.256,-0.248,1.14,-115.137,-38.687,250.13,Yaw
0.167,-0.443,1.096,-77.092,-88.496,250.13,Yaw
0.176,-0.359,1.061,-0.626,-125.168,250.13,Yaw
0.158,-0.242,1.044,45.885,-135.771,250.13,Yaw
0.199,-0.23,0.911,24.74,-89.847,250.13,Yaw
0.02,-0.086,0.854,40.084,-91.634,250.13,Yaw
0.021,-0.167,1.15,49.351,-116.565,250.13,Yaw
-0.029,-0.394,1.262,50.191,-77.733,241.847,Yaw
-0.137,-0.273,1.292,11.084,-44.878,155.183,Yaw
-0.053,-0.097,1.277,-22.389,-23.855,71.427,Yaw
-0.01,-0.116,1.184,-24.298,2.137,-14.458,Yaw
0.171,-0.325,1.046,-6.076,12.458,-82.519,Yaw
0.012,0.056,1.067,12.466,37.084,-167.634,Yaw
0.229,-0.147,1.156,-18.702,42.565,-206.878,Yaw
0.195,-0.119,1.119,-15.221,68.771,-229.046,Yaw
0.184,-0.152,1.08,13.725,100.313,-250.137,Yaw
0.255,-0.238,1.009,47.321,101.099,-250.137,Yaw
0.253,-0.294,0.951,114.916,107.252,-250.137,Yaw
0.188,-0.207,0.91,166.664,108.695,-250.137,Yaw
-0.268,-0.304,1.135,219.947,-4.84,-250.137,Yaw
0.148,-0.149,1.009,161.221,-39.466,-250.137,Yaw
-0.077,0.105,1.084,102.534,-108.366,-250.137,Yaw
0.204,0.225,0.97,10.519,-110.771,-250.137,Yaw
0.202,0.148,1.082,-61.603,-66.344,-250.137,Yaw
-0.154,0.104,1.302,-73.588,-61.282,-207.053,Yaw
-0.082,0.067,1.23,-92.298,-28.931,-97.321,Yaw
-0.124,-0.151,1.199,-72.779,-32.336,-10.321,Yaw
-0.052,-0.115,1.226,-33.237,-41.84,63.885,Yaw
0.063,-0.126,1.262,-11.824,-33.985,126.824,Yaw
0.068,-0.097,1.291,-14.977,-1.702,178.305,Yaw
0.087,-0.114,1.223,-59.168,57.58,230.153,Yaw
0.136,-0.084,1.167,-67.763,53.611,250.13,Yaw
0.047,-0.238,1.095,-57.313,14.588,250.13,Yaw
0.07,-0.286,1.084,-73.282,-27.779,250.13,Yaw
0.28,-0.366,1.104,-64.55,-69.008,250.13,Yaw
0.027,-0.439,1.013,-23.802,-99.214,250.13,Yaw
0.089,-0.227,0.943,23.634,-101.817,250.13,Yaw
0.237,-0.211,0.785,60.038,-97.885,250.13,Yaw
0.034,-0.05,0.985,46.763,-93.115,250.13,Yaw
-0.222,0.007,0.991,13.542,-100.985,250.13,Yaw
-0.191,-0.021,1.047,20.092,-87.634,198.878,Yaw
-0.059,-0.098,1.126,27.397,-75.71,118.931,Yaw
0.033,-0.199,1.244,17.191,-55.771,39.855,Yaw
0.008,0.053,1.193,20.481,-23.008,-36.038,Yaw
0.217,0.052,1.324,0.198,34.443,-132.626,Yaw
0.244,0.012,1.274,-7.366,60.42,-192.198,Yaw
0.191,0.03,1.218,-8.053,82.985,-250.137,Yaw
0.251,-0.059,1.001,16.573,87.534,-250.137,Yaw
0.174,-0.123,0.954,43.366,96.45,-250.137,Yaw
0.21,-0.089,1.07,70.008,83.137,-250.137,Yaw
0.296,-0.098,0.948,50.458,31.168,-250.137,Yaw
0.239,-0.204,1.013,17.649,33.916,-250.137,Yaw
0.142,-0.045,1.025,3.16,12.656,-250.137,Yaw
0.139,-0.102,0.988,-9.153,-34.282,-250.137,Yaw
0.235,-0.121,1.028,-67.863,-30.74,-250.137,Yaw
0.031,-0.26,1.032,-109.397,-13.702,-250.137,Yaw
-0.088,-0.191,1.111,-93.244,-26.099,-186.771,Yaw
-0.178,-0.212,1.157,-64.137,-10.962,-91.947,Yaw
-0.145,-0.458,1.231,-5.878,-30.198,-12.374,Yaw
-0.078,-0.411,1.277,38.977,-27.611,59.71,Yaw
-0.025,-0.36,1.246,39.985,-13.031,131.863,Yaw
-0.068,-0.379,1.213,2.275,7.481,209.496,Yaw
-0.057,-0.389,0.986,-38.237,12.298,250.13,Yaw
0.088,-0.345,0.98,-51.817,-14.069,250.13,Yaw
0.13,-0.467,0.997,-39.924,-68.466,250.13,Yaw
0.28,-0.409,1.042,-3.534,-137.076,250.13,Yaw
0.226,-0.487,1.086,70.702,-185.16,250.13,Yaw
0.373,-0.296,1.053,124.244,-133.672,250.13,Yaw
0.236,-0.024,0.92,101.053,-58.176,250.13,Yaw
0.196,-0.015,0.998,78.733,-69.977,250.13,Yaw
-0.059,-0.135,1.04,54.824,-85.374,250.13,Yaw
-0.046,0.058,1.073,31.473,-70.511,250.13,Yaw
-0.089,0.094,1.212,15.466,-62.069,194.504,Yaw
-0.11,-0.167,1.289,2.076,-42.137,85.641,Yaw
-0.003,-0.12,1.03,-5.496,-12.832,5.13,Yaw
0.229,0.191,1.224,-25.359,16.176,-130.191,Yaw
0.271,0.111,1.305,-25.695,48.756,-183.168,Yaw
0.22,0.024,1.164,-17.153,76.344,-218.84,Yaw
0.212,0.037,1.047,21.695,92.061,-250.137,Yaw
0.189,0.004,1.007,48.786,105.557,-250.137,Yaw
0.059,-0.07,0.986,85.191,111.603,-250.137,Yaw
0.067,-0.055,0.938,123.863,96.893,-250.137,Yaw
0.111,-0.153,1.064,143.13,17.206,-250.137,Yaw
0.006,-0.084,1.082,111.695,-120.634,-250.137,Yaw
0.091,0.155,1.081,59.267,-105.664,-250.137,Yaw
0.374,0.062,1.033,2.511,-113.71,-250.137,Yaw
0.319,0.185,1.105,-47.664,-68.855,-250.137,Yaw
-0.191,-0.018,1.135,-52.641,-31.443,-250.137,Yaw
-0.187,0.001,1.112,-47.42,-36.962,-222.656,Yaw
-0.088,0.086,1.024,-74.13,-51.969,-144.374,Yaw
0.013,-0.199,1.184,-78.191,-41.947,-88.954,Yaw
0.009,-0.252,1.217,-42.237,-38.092,-31.794,Yaw
0.119,-0.261,1.142,-28.298,-21.45,2.939,Yaw
0.09,-0.218,1.139,-30.092,-10.305,40.573,Yaw
0.133,-0.152,1.182,-10.122,-1.183,72.466,Yaw
-0.055,-0.226,1.263,7.061,-0.176,129.176,Yaw
-0.046,-0.099,1.218,12.023,15.084,186.962,Yaw
-0.089,-0.159,1.192,11.267,15.672,250.13,Yaw
0.141,-0.148,1.073,13.16,25.603,250.13,Yaw
0.115,-0.222,0.958,6.359,16.412,250.13,Yaw
0.055,-0.279,0.896,8.015,-36.672,250.13,Yaw
0.011,-0.308,1.132,-9.863,-125.847,250.13,Yaw
0.225,-0.289,1.083,26.427,-76.58,250.13,Yaw
0.241,-0.092,1.085,34.718,-53.176,250.13,Yaw
0.172,0.029,1.058,7.008,-68.351,250.13,Yaw
0.03,-0.095,1.022,-23.412,-78.618,250.13,Yaw
-0.09,-0.031,0.999,-21.931,-68.397,250.13,Yaw
0.098,0.034,1.166,-12.847,-42.916,200.939,Yaw
-0.04,-0.094,1.265,-11.168,-26.511,140.366,Yaw
-0.089,-0.22,1.171,-6.359,-3.641,43.74,Yaw
0.133,-0.135,1.065,1.244,10.489,-30.069,Yaw
0.102,0.039,1.169,10.603,44.542,-122.13,Yaw
0.123,-0.086,1.164,13.344,71.672,-219.473,Yaw
0.149,-0.08,1.048,38.42,85.649,-250.137,Yaw
0.238,0,1.078,51.924,105.809,-250.137,Yaw
0.353,-0.1,1.145,68.366,112.84,-250.137,Yaw
0.246,-0.127,0.953,117.511,114.366,-250.137,Yaw
-0.009,-0.135,0.961,147.168,67.87,-250.137,Yaw
-0.025,-0.048,1.016,148.038,-18.359,-250.137,Yaw
0.192,-0.046,0.994,141.137,-122.977,-250.137,Yaw
0.157,-0.095,1.047,69.489,-117.206,-250.137,Yaw
-0.145,0.035,1.11,0.817,-76.756,-250.137,Yaw
-0.356,0.136,1.205,-41.74,-84.244,-250.137,Yaw
0.06,0.127,1.206,-55.794,-67.145,-135.298,Yaw
-0.228,-0.047,1.238,-30.832,-53.489,-47.901,Yaw
-0.116,-0.159,1.257,-10.397,-60.275,5.115,Yaw
-0.079,-0.104,1.272,-8.397,-32.458,72.13,Yaw
-0.103,-0.068,1.265,-14.954,-14.13,161.42,Yaw
-0.103,-0.016,1.193,-24.183,-6.435,247.237,Yaw
-0.044,0.03,1.208,-52.756,13.809,250.13,Yaw
0.069,-0.186,1.214,-86.702,33.481,250.13,Yaw
-0.005,-0.228,1.234,-109.313,-9.527,250.13,Yaw
0.323,-0.302,1.006,-75.595,-74.282,250.13,Yaw
0.093,-0.298,1.107,-29.969,-91.809,250.13,Yaw
0.153,-0.513,1.103,-3.168,-109.992,250.13,Yaw
0.083,-0.42,1.041,4.603,-54.29,250.13,Yaw
0.072,-0.209,1.042,1.267,-28.229,250.13,Yaw
0.016,-0.131,0.971,-2.855,15.931,243.519,Yaw
-0.121,-0.246,1,19.908,14.305,160.45,Yaw
-0.216,-0.147,0.997,44.863,15.183,79.336,Yaw
-0.076,-0.147,1.005,19.191,-6.779,18.099,Yaw
0.005,-0.105,1.087,-9.534,-14.191,-12.725,Yaw
0.051,-0.116,1.098,-23.695,-7.168,-35.603,Yaw
0.049,-0.141,1.115,-13.145,4.366,-68.382,Yaw
0.04,-0.116,1.19,14.71,4.863,-127.969,Yaw
0.025,-0.079,1.207,53.221,26.847,-202.969,Yaw
0.04,-0.113,1.163,99.74,50.42,-250.137,Yaw
0.17,-0.123,1.103,156,72.023,-250.137,Yaw
0.337,-0.291,1.033,220.053,82.206,-250.137,Yaw
-0.111,0.024,1.237,246.71,-8.58,-250.137,Yaw
-0.129,0.07,1.013,170.489,-73.557,-250.137,Yaw
0.281,0.102,1.177,78.351,-88.565,-250.137,Yaw
0.166,0.028,0.976,-41.847,-76.137,-250.137,Yaw
-0.39,0.416,0.88,-114.305,-66.168,-250.137,Yaw
-0.29,0.04,0.912,-140.962,-33.519,-167.26,Yaw
-0.373,-0.26,1.229,-76.168,-66.183,-43.977,Yaw
-0.204,-0.261,1.328,-6.71,-57.527,58.817,Yaw
-0.125,-0.284,1.268,38.427,-45.985,146.809,Yaw
0.222,-0.074,1.14,69.947,-65.427,250.13,Yaw
0.113,-0.155,1.086,69.267,-31.969,250.13,Yaw
0.075,0.27,1.312,-22.55,25.489,250.13,Yaw
-0.039,-0.282,1.204,-49.511,61.809,250.13,Yaw
-0.588,-0.709,1.178,-39.137,27.344,250.13,Yaw
0.21,-0.247,0.82,-55.115,-53.084,250.13,Yaw
0.044,-0.266,1.136,-63.802,-145.573,250.13,Yaw
0.523,-0.355,1.073,18,-134.84,250.13,Yaw
0.339,-0.291,1.045,83.145,-26.084,250.13,Yaw
0.197,-0.025,0.852,59.595,1.252,250.13,Yaw
0.026,0.125,0.955,43.855,-15.695,250.13,Yaw
-0.064,0.002,1.12,46.229,-48.496,239.924,Yaw
-0.016,-0.185,1.123,41.786,-26.924,175.878,Yaw
0.079,0.116,1.163,31.214,-6.221,99.725,Yaw
0.116,0.154,1.167,5.046,5.16,35.107,Yaw
0.117,0.069,1.119,-10.221,-3.137,-20.504,Yaw
0.254,-0.072,1.154,-20.305,-0.931,-72.237,Yaw
0.21,-0.015,1.173,-17.626,29.313,-137.252,Yaw
-0.026,0.08,1.192,-28.809,34.313,-218.847,Yaw
0.125,-0.055,1.072,-28.405,54.13,-250.137,Yaw
0.244,-0.079,1.078,34.374,108.092,-250.137,Yaw
0.251,-0.188,1.106,97.855,150.939,-250.137,Yaw
-0.412,0.43,0.902,119.756,53.779,-250.137,Yaw
-0.09,0.419,0.945,53.29,-31.076,-250.137,Yaw
0.324,0.138,0.892,-20.145,5.71,-250.137,Yaw
0.101,-0.175,0.808,-18.183,-9.481,-250.137,Yaw
0.085,-0.211,1.086,28.695,-45.405,-250.137,Yaw
0.069,-0.207,1.139,32.473,-47.13,-250.137,Yaw
0.027,-0.143,1.252,14.099,-58.901,-209.863,Yaw
0.054,0.051,1.177,-22.626,-43.809,-144.29,Yaw
-0.099,-0.075,1.234,-49.985,-11.817,-78,Yaw
-0.102,-0.192,1.263,-60.58,-5.191,0.122,Yaw
-0.066,-0.31,1.281,-49.824,2.748,79.679,Yaw
-0.106,-0.328,1.274,-26.718,-2.382,185.374,Yaw
-0.158,-0.064,1.152,-36.695,0.298,250.13,Yaw
-0.25,-0.233,1.021,-81.71,-4.618,250.13,Yaw
-0.284,-0.485,0.98,-125.779,-72.863,250.13,Yaw
-0.095,-0.711,1.217,-95.786,-134.351,250.13,Yaw
0.008,-0.645,0.991,-34.763,-224.878,250.13,Yaw
0.432,-0.206,1.227,-21.794,-206.229,250.13,Yaw
0.243,-0.422,0.757,20.031,-156.29,250.13,Yaw
0.012,-0.585,0.838,100.099,-107.305,250.13,Yaw
0.049,-0.242,0.995,158.29,-62.176,187.939,Yaw
0.041,-0.188,1.105,130.221,-47.588,117.344,Yaw
0.104,0.003,1.224,69.183,-37.374,61.557,Yaw
0.112,0.018,1.105,16.26,-8.366,7.855,Yaw
0.075,0.082,1.084,-14.374,3.313,-54.588,Yaw
0.206,0.083,1.085,-12.489,8.282,-119.45,Yaw
0.247,-0.003,1.029,15.489,20.802,-186.565,Yaw
0.25,-0.036,1.06,60.779,25,-250.137,Yaw
0.334,-0.028,1.198,107.687,40.817,-250.137,Yaw
0.487,0.023,1.2,130.206,80.275,-250.137,Yaw
0.535,0.079,1.068,130.534,98.893,-250.137,Yaw
0.063,-0.22,1.027,77.191,74.481,-250.137,Yaw
-0.157,-0.104,1.026,45.779,13.687,-250.137,Yaw
-0.143,0.079,0.968,-11.473,-88.145,-250.137,Yaw
0.008,0.218,1.017,-57.221,-119.061,-250.137,Yaw
-0.087,-0.022,0.963,-68.916,-73.588,-250.137,Yaw
-0.232,-0.169,1.096,-50.244,-49.855,-178.015,Yaw
-0.344,-0.046,1.3,-35.58,-48.962,-71.366,Yaw
-0.303,-0.075,1.289,-29.519,-37.42,45.427,Yaw
-0.182,-0.208,1.255,-10.046,-41.931,145.244,Yaw
-0.012,-0.241,1.206,7.802,-27.344,229.115,Yaw
0.099,-0.228,1.151,-34.573,26.061,250.13,Yaw
0.034,-0.322,1.178,-74.634,36.176,250.13,Yaw
0.014,-0.42,1.194,-38.84,-1.748,250.13,Yaw
0.309,-0.39,0.99,73.466,-50.824,250.13,Yaw
0.066,-0.332,1.032,162.237,-91.298,250.13,Yaw
0.075,-0.156,0.873,250.13,-102.053,250.13,Yaw
0.223,0.115,0.792,250.13,-108.496,250.13,Yaw
0.143,0.39,0.829,250.13,-139.496,244.733,Yaw
0.175,0.385,0.891,250.13,-150.481,135.969,Yaw
0.385,0.745,0.864,250.13,-141.763,46.603,Yaw
0.394,0.918,0.996,141.939,-104.603,1.443,Yaw
0.44,0.864,0.966,22.786,-51.565,-28.855,Yaw
0.446,0.742,0.793,-69.176,-19.13,-46.336,Yaw
0.543,0.663,0.766,-149.229,-2.321,-37.107,Yaw
0.593,0.559,0.774,-201.992,37.015,-13.275,Yaw
0.586,0.369,0.824,-221.053,76.893,4.939,Yaw
0.508,0.46,0.998,-220.031,124,-7.718,Yaw
0.338,0.547,1.072,-206.305,138.519,-52.954,Yaw
0.25,0.453,1.065,-203.916,132.115,-129.588,Yaw
0.282,0.262,1.045,-165.366,156.519,-210.87,Yaw
0.288,0,1.079,-105.603,138.527,-250.137,Yaw
0.273,-0.085,0.945,-86.656,100.939,-250.137,Yaw
0.352,-0.333,0.821,-72.878,65.664,-250.137,Yaw
0.157,-0.563,0.934,-44.794,19.237,-250.137,Yaw
-0.043,-0.142,1.075,-47.427,-18.206,-250.137,Yaw
0.1,-0.24,1.052,-81.015,14.595,-250.137,Yaw
-0.153,-0.309,1.056,-107.71,36.313,-250.137,Yaw
-0.301,-0.392,1.05,-82.58,5.321,-171.962,Yaw
-0.223,-0.447,1.012,-2.527,-24.809,-27.947,Yaw
-0.065,-0.49,1.136,73.74,-19.206,49.489,Yaw
0.058,-0.366,1.232,90.389,-25.748,106.115,Yaw
0.052,-0.296,1.271,70.794,-4.511,178.359,Yaw
0.142,-0.287,1.295,65.916,39.725,250.13,Yaw
0.2,-0.374,1.256,27.305,54.718,250.13,Yaw
0.086,-0.378,1.029,0.305,2.397,250.13,Yaw
0.031,-0.164,0.884,-18.023,-85.992,250.13,Yaw
0.245,-0.041,0.843,-24.595,-136.405,250.13,Yaw
0.48,0.135,1.005,-37.053,-151.656,250.13,Yaw
0.125,0.07,1.204,-9.412,-140.74,250.13,Yaw
-0.262,-0.332,1.081,-0.008,-120.649,250.13,Yaw
-0.196,-0.466,0.917,97.221,-107.931,190.634,Yaw
0.062,0.431,1.594,46.489,-48.595,28.191,Yaw
0.194,0.238,1.265,-4.511,-21.282,-85.13,Yaw
0.281,0.181,1.17,-10.328,42.977,-146.634,Yaw
0.231,0.167,1.027,-23.496,63.664,-199.145,Yaw
0.212,0.177,0.966,-31.939,54.702,-243.389,Yaw
0.272,0.086,0.983,-14.13,51.695,-250.137,Yaw
0.285,0.04,1.112,42.069,93.374,-250.137,Yaw
0.221,-0.032,1.109,95.29,115.282,-250.137,Yaw
0.104,-0.422,0.938,187.092,63.206,-250.137,Yaw
0.272,-0.101,1.048,225.031,-62.084,-250.137,Yaw
0.278,0.156,1.048,106.374,-151.412,-250.137,Yaw
0.186,0.197,1.072,-48.229,-124.557,-250.137,Yaw
-0.06,0.433,1.076,-100.542,-83.756,-250.137,Yaw
-0.045,0.291,0.987,-100.702,-38.969,-198.023,Yaw
-0.119,-0.004,1.109,-54.336,-23.168,-142.954,Yaw
-0.328,-0.237,1.252,-0.84,-58.573,-13.168,Yaw
-0.261,-0.202,1.312,33.756,-43.55,96.328,Yaw
0.064,-0.083,1.339,48.901,-8.153,173.45,Yaw
0.005,-0.023,1.23,18.527,34.351,250.13,Yaw
0.145,0.017,1.228,-49.878,56.931,250.13,Yaw
-0.085,-0.22,1.326,-87.824,50.466,250.13,Yaw
0.254,-0.136,1.05,-111.298,11.115,250.13,Yaw
0.2,-0.204,0.988,-127.511,-37.863,250.13,Yaw
0.177,-0.166,1.031,-97.74,-99.466,250.13,Yaw
0.256,-0.097,1.04,-56.26,-130.198,250.13,Yaw
0.201,-0.042,1.017,-12.588,-125.992,250.13,Yaw
-0.052,0.017,0.973,9.053,-94.29,250.13,Yaw
-0.415,-0.111,0.96,0.137,-89.519,238.252,Yaw
-0.133,-0.291,1.075,19.641,-90.427,101.573,Yaw
0.061,-0.133,1.148,30.817,-51.87,-10.939,Yaw
0.363,0.092,1.263,-25.794,0.595,-87.382,Yaw
0.365,-0.02,1.188,-72.214,41.779,-160.573,Yaw
0.332,-0.155,1.039,-48.802,76.13,-225.321,Yaw
0.275,-0.058,1.133,-6.473,89.771,-250.137,Yaw
0.22,-0.115,1.097,37.527,103.687,-250.137,Yaw
0.325,-0.239,1.01,109.74,117.87,-250.137,Yaw
0.299,-0.37,0.942,170.099,82.84,-250.137,Yaw
0.169,-0.286,0.948,187.969,-3.878,-250.137,Yaw
0.185,-0.052,1.14,112.809,-67.649,-250.137,Yaw
0.203,-0.086,1.195,20.481,-87.458,-250.137,Yaw
0.178,0.104,1.064,-69.351,-55.718,-250.137,Yaw
0.084,0.095,1.018,-105.45,-44.519,-250.137,Yaw
-0.14,0.19,1.145,-84,-45.977,-164.939,Yaw
0.237,0.169,1.168,-23.038,-20,-86.183,Yaw
-0.183,-0.176,1.28,31.351,-23.618,39.718,Yaw
-0.014,-0.113,1.229,72.794,-21.16,129.198,Yaw
0.062,-0.053,1.181,81.328,1.947,231.351,Yaw
0.164,-0.006,1.176,53.87,45.733,250.13,Yaw
0.169,-0.058,1.297,29.061,75.878,250.13,Yaw
0.232,-0.093,1.093,10.481,80.695,250.13,Yaw
0.218,-0.176,1.032,-14.855,53.137,250.13,Yaw
0.436,-0.175,0.925,-21.718,17.71,250.13,Yaw
0.098,0.258,1.097,-45.229,-0.809,250.13,Yaw
0.242,0.003,1.061,-26.359,-47.267,250.13,Yaw
0.222,0.01,1.044,50.45,-46.13,250.13,Yaw
-0.163,0.245,1.054,31.229,-8.771,250.13,Yaw
0.033,0.052,1.207,-13.053,-21.221,167.931,Yaw
0.055,0.033,1.206,19.771,-26.939,60.214,Yaw
0.192,0.153,1.149,50.649,-12.221,-35.611,Yaw
0.191,0.135,1.116,16.718,13.626,-98.42,Yaw
0.296,0.01,1.06,-16.29,17.099,-158.527,Yaw
0.14,0.098,1.134,-18.084,14.817,-221.74,Yaw
0.211,-0.056,1.099,16.763,18.679,-250.137,Yaw
0.211,0.141,1.134,60.977,22.924,-250.137,Yaw
0.196,0.183,1,96.038,0.634,-250.137,Yaw
0.154,0.214,0.957,127.611,-91.901,-250.137,Yaw
0.436,0.229,0.939,64.015,-159.779,-250.137,Yaw
0.52,-0.067,1.011,-5.954,-126.359,-250.137,Yaw
0.24,-0.106,1.04,-12.748,-75.053,-250.137,Yaw
0.024,0.198,0.985,-34.641,-57.878,-250.137,Yaw
-0.265,0.433,1.116,-55.015,-41.053,-202.061,Yaw
0.009,0.372,1.238,-60.45,-31.282,-105.031,Yaw
-0.207,0.068,1.366,-47.481,-42.656,-12.061,Yaw
-0.098,0.018,1.364,-10.962,-16.13,84.427,Yaw
0.097,0.046,1.261,6.924,23.374,149.733,Yaw
-0.07,-0.029,1.233,-17.099,50.603,221.924,Yaw
0.153,0.07,1.244,-35.046,62.099,250.13,Yaw
0.147,-0.024,1.323,-53.756,60.863,250.13,Yaw
0.195,0.008,1.209,-81.26,50.092,250.13,Yaw
0.147,-0.062,0.965,-94.916,4.489,250.13,Yaw
0.314,-0.102,0.761,-77.55,-42.389,250.13,Yaw
0.261,-0.036,0.933,-61.206,-86.313,250.13,Yaw
0.447,-0.262,0.962,-35.847,-139.145,250.13,Yaw
0.208,-0.123,1.009,-4.397,-46.962,250.13,Yaw
-0.304,0.136,0.986,63.817,-42.16,250.13,Yaw
-0.093,-0.241,1.07,89.649,-78.061,219.298,Yaw
-0.129,-0.291,1.17,81.099,-70.893,89.962,Yaw
0.082,0.264,1.228,58.221,-24.908,-35.832,Yaw
0.15,0.128,1.168,21.45,5.244,-110.901,Yaw
0.191,0.169,1.066,-9.748,12.931,-185.473,Yaw
0.202,0.199,1.099,-23.74,22.634,-238.725,Yaw
0.27,0.204,1.07,-17.679,37.198,-250.137,Yaw
0.279,0.188,1.065,12.969,66.29,-250.137,Yaw
0.263,0.054,1.055,70.824,66.58,-250.137,Yaw
0.281,0.09,1.138,108.046,22.641,-250.137,Yaw
0.444,0.165,0.932,118.824,-30.336,-250.137,Yaw
0.314,0.164,0.984,45.137,-127.008,-250.137,Yaw
0.559,-0.113,1.051,-100.863,-86.786,-250.137,Yaw
0.356,0.037,1.098,-165.687,-40.16,-250.137,Yaw
-0.025,0.184,1.154,-182.824,-12.076,-250.137,Yaw
-0.1,-0.137,1.032,-189.542,-12.725,-191.053,Yaw
-0.157,-0.35,1.091,-132.069,-24.634,-115.145,Yaw
-0.251,-0.513,1.291,-21.992,-25.786,7.206,Yaw
-0.136,-0.437,1.289,66.55,-23.366,102.496,Yaw
0.103,-0.247,1.168,92.305,-16.527,171.71,Yaw
0.108,-0.198,1.094,70.481,1.366,209.008,Yaw
-0.055,-0.271,1.143,34.359,10.16,250.13,Yaw
0.113,-0.194,1.166,0.015,1.244,250.13,Yaw
0.119,-0.175,1.1,-19.878,-28.519,250.13,Yaw
0.196,-0.274,1.053,-18.275,-77.031,250.13,Yaw
0.457,-0.243,0.907,35.496,-119.427,250.13,Yaw
0.342,-0.171,0.924,105.702,-128.947,250.13,Yaw
0.405,0.087,1.2,107.702,-91.137,250.13,Yaw
0.356,0.066,0.914,55.282,-59.084,250.13,Yaw
-0.096,0.135,1.064,72.046,-51.298,250.13,Yaw
-0.153,0.086,1.294,19.382,-47.237,177.802,Yaw
-0.048,-0.013,1.128,-15.229,-29.969,76.557,Yaw
0.139,0.009,1.157,-25.015,-3.489,-28.504,Yaw
0.218,0.184,1.167,-34.656,22.275,-99.969,Yaw
0.307,0.097,1.089,-36.473,39.962,-137.168,Yaw
0.278,0.094,1.035,-36.351,32.038,-165.977,Yaw
0.278,0.133,1.178,-37.969,33.359,-195.008,Yaw
0.288,0.013,1.19,-4.489,69.954,-250.137,Yaw
0.275,-0.064,1.187,50.137,122.733,-250.137,Yaw
0.241,-0.044,1.021,96.023,115.779,-250.137,Yaw
0.235,-0.114,0.935,92.229,38.023,-250.137,Yaw
0.311,-0.112,1.034,21.794,-31.198,-250.137,Yaw
0.235,-0.239,1.029,-38.985,-36.267,-250.137,Yaw
0.344,-0.267,0.89,-38.122,-9.145,-250.137,Yaw
0.159,-0.278,1.085,-34.061,1.916,-250.137,Yaw
0.012,0.021,1.065,8.046,-6.221,-0.336,Shake
0.048,0.004,1.206,-14.618,11.573,0.466,Shake
0.014,0.008,1.104,13.267,-5.366,-2.443,Shake
0.007,-0.007,1.084,5.038,-1.374,0.26,Shake
0.02,-0.009,1.123,-3.038,0.557,1.893,Shake
0.041,0.011,1.126,5.023,-2.87,0.069,Shake
0.011,0.028,1.115,4.595,-1.611,-0.618,Shake
0.017,0.036,1.113,2.092,-3.176,-1.519,Shake
0.024,0.028,1.115,2.015,-3.695,-2.542,Shake
0.033,0.013,1.119,0.176,-5.992,-4.084,Shake
0.042,-0.01,1.157,-0.481,-6.252,-4.977,Shake
0.036,-0.006,1.167,7.519,-4.733,-5.244,Shake
0.044,0.016,1.152,9.053,-5.328,-4.557,Shake
0.094,0.021,1.188,4.893,0.107,-5.229,Shake
0.177,0.001,1.206,12.687,-0.832,-12.832,Shake
0.114,0.021,1.225,14,8.061,-19.916,Shake
0.016,0.031,1.233,13.298,9.282,-18.718,Shake
0.024,0.047,1.231,12.458,18.427,-10.496,Shake
0.016,0.042,1.244,-1.275,30.718,-15.115,Shake
-0.099,0.124,1.156,-17.206,29.725,-6.832,Shake
0.053,0.059,1.157,-13.748,29.649,-9.687,Shake
-0.248,-0.093,1.172,-1.008,35.13,-3.366,Shake
-0.156,-0.077,1.075,12.275,35.992,12.382,Shake
-0.037,-0.05,1.123,13.641,41.733,5.099,Shake
-0.212,-0.092,1.148,14.565,42.466,7.198,Shake
-0.18,-0.046,1.156,32.634,35.458,11.656,Shake
-0.177,0.104,1.147,43.947,39.802,23.855,Shake
-0.163,0.042,1.12,44.817,39.618,28.656,Shake
-0.119,-0.002,1.258,70.252,24.718,28.397,Shake
-0.186,0.006,1.228,92.183,60.183,25.519,Shake
-0.158,0.111,1.155,138.992,80.191,52.779,Shake
-0.332,0.231,1.143,157.992,72.733,55,Shake
-0.445,0.402,1.144,136.664,82.679,40.771,Shake
-0.447,0.415,1.23,27.893,94.969,13.084,Shake
-0.494,0.428,1.165,24.954,97.053,-3.771,Shake
-0.393,0.406,1.034,10.649,95.382,-13.053,Shake
-0.46,0.493,1.09,13.824,108.084,-19.618,Shake
-0.558,0.625,1.168,4.672,123.733,-35.13,Shake
-0.615,0.803,1.044,-30.473,119.511,-72.939,Shake
-0.604,0.731,0.565,-38.847,73.435,-92.687,Shake
-0.642,0.739,0.674,-21.26,61.893,-114.504,Shake
-0.609,0.7,0.763,-31.702,56.939,-139.74,Shake
-0.453,0.636,0.698,-56.168,47.763,-156.954,Shake
-0.246,0.528,0.537,-57.58,33.672,-156.489,Shake
-0.265,0.408,0.481,-35.664,18.511,-140.496,Shake
-0.482,0.326,0.427,-12.771,16.206,-145.985,Shake
-0.452,0.222,0.521,22,34.885,-165.718,Shake
-0.37,0.17,0.546,38.756,39.969,-161.031,Shake
-0.261,0.074,0.621,45.672,8.626,-134.45,Shake
-0.348,-0.002,0.623,39.84,-9.679,-110.221,Shake
-0.375,-0.088,0.592,44.649,-29.153,-98.534,Shake
-0.302,-0.14,0.592,51.237,-28.557,-86.252,Shake
-0.301,-0.26,0.672,76.87,-28.908,-67.191,Shake
-0.485,-0.294,0.921,72.489,-18.962,-50.328,Shake
-0.712,-0.321,0.882,55.534,-20.908,-47.321,Shake
-0.835,-0.348,0.951,65.534,-28.611,-48.519,Shake
-0.971,-0.31,1.165,66.427,-9.779,-62.198,Shake
-0.974,-0.334,1.257,54.557,-1.901,-83.725,Shake
-0.823,-0.42,1.275,33.374,8.344,-94.466,Shake
-0.62,-0.548,1.284,13.13,10.16,-83.122,Shake
-0.603,-0.595,1.159,-8.832,19.534,-65.84,Shake
-0.59,-0.618,0.979,-17.641,17.42,-56.015,Shake
-0.442,-0.658,0.926,-21.481,8.305,-40.534,Shake
-0.411,-0.646,0.917,-26.168,9.366,-24.519,Shake
-0.345,-0.631,0.785,-29.26,17.725,-19.031,Shake
-0.215,-0.631,0.646,-16.763,19.366,-8.733,Shake
-0.107,-0.577,0.592,1.16,24.427,11.267,Shake
-0.053,-0.523,0.596,7.779,12.618,37.221,Shake
-0.047,-0.448,0.586,3.634,-1.71,58.046,Shake
-0.053,-0.354,0.627,11.802,-4.924,72.183,Shake
-0.06,-0.252,0.648,15.763,-1.45,85.924,Shake
-0.118,-0.167,0.698,25.435,-4.053,98.046,Shake
-0.19,-0.151,0.829,18.977,-13.053,103.466,Shake
-0.151,-0.181,0.871,2.374,-17.962,116.527,Shake
-0.268,-0.154,0.882,3.359,-17.748,141.603,Shake
-0.471,-0.077,0.933,-1.687,-20.176,153.901,Shake
-0.642,0.061,1.022,-1.992,-16.305,154.74,Shake
-0.819,0.156,1.197,-9.786,-6.206,143.29,Shake
-0.864,0.211,1.166,-39.061,-10.641,136.038,Shake
-0.936,0.286,1.129,-42.954,-9.115,130.87,Shake
-1.033,0.384,1.097,-39.779,-6.557,118.84,Shake
-1.107,0.508,1.18,-38.374,3.015,98.496,Shake
-1.182,0.609,1.18,-40.275,22.16,72.023,Shake
-1.163,0.638,1.137,-55.695,16.947,42.58,Shake
-1.068,0.616,1.072,-64.504,12.611,18.969,Shake
-1.01,0.578,0.996,-64.344,19.618,-2.443,Shake
-0.982,0.492,0.878,-67.87,20.672,-26.824,Shake
-0.964,0.444,0.725,-60.931,14.26,-49.618,Shake
-0.775,0.34,0.602,-57.672,10.366,-67.519,Shake
-0.58,0.25,0.548,-40.137,2.656,-63.206,Shake
-0.488,0.204,0.536,-29.702,-7.656,-58.672,Shake
-0.481,0.195,0.536,-19.191,-9.878,-61.992,Shake
-0.407,0.177,0.519,-6.595,-12.527,-65.16,Shake
-0.249,0.159,0.524,-8.412,-26.87,-62.58,Shake
-0.157,0.119,0.595,5.496,-31.87,-51.634,Shake
-0.202,0.04,0.691,4.489,-25.565,-42.634,Shake
-0.25,-0.055,0.649,10.634,-27.374,-27.412,Shake
-0.244,-0.073,0.634,20.763,-35,-13.817,Shake
-0.339,-0.075,0.733,37.496,-30.992,-4.634,Shake
-0.381,-0.007,0.841,48.87,-24.863,2.153,Shake
-0.41,0.077,0.897,49.969,-21.573,6.916,Shake
-0.473,0.096,0.95,54.275,-31.275,15.015,Shake
-0.674,0.152,1.205,48.313,-24.511,1.817,Shake
-0.592,0.138,1.126,27.74,-4.885,-23.588,Shake
-0.507,0.103,1.028,40.809,3.466,-36.489,Shake
-0.705,0.094,1.211,47.473,10.954,-63.611,Shake
-0.633,-0.011,1.202,24.183,22.588,-100.45,Shake
-0.47,-0.141,0.993,8.779,40.58,-132.725,Shake
-0.265,-0.335,0.805,59.282,77.45,-151.588,Shake
-0.291,-0.279,1.041,63.282,73.061,-119.42,Shake
-0.784,-0.205,0.83,29.313,28.038,-103.954,Shake
-0.887,-0.23,0.628,41.015,26.519,-152.931,Shake
-0.206,-0.428,0.623,49.794,0.908,-147.565,Shake
-0.074,-0.673,0.791,17.214,-60.305,-89.443,Shake
-0.236,-0.738,0.799,39.115,-32.618,-62.885,Shake
-0.18,-0.9,1.019,56.237,2.817,-39.183,Shake
-0.282,-0.853,1.393,24.214,-3.954,17.42,Shake
-0.435,-0.808,1.265,-22.412,-16.267,46.58,Shake
-0.404,-0.782,1.174,-11.191,8.435,58.076,Shake
-0.455,-0.692,1.194,-14.145,28.229,89.779,Shake
-0.785,-0.562,0.998,-21.733,21.527,103.565,Shake
-0.88,-0.418,1.056,-15.473,2.763,96.26,Shake
-0.761,-0.231,1.236,-48.878,8.252,79.061,Shake
-0.628,-0.308,1.028,-64.611,24.275,78.824,Shake
-0.702,-0.275,0.935,-47.344,32.168,85.038,Shake
-0.802,-0.215,0.92,-47.435,40.359,81.855,Shake
-0.727,-0.162,0.84,-41.298,42.267,87.214,Shake
-0.981,-0.04,0.93,-53.115,49.718,86.405,Shake
-1.113,0.031,0.769,-67.824,32.29,71.977,Shake
-0.919,-0.03,0.635,-41.198,32.824,64.87,Shake
-0.862,0.031,0.821,-14.344,27.611,76.198,Shake
-0.987,0.159,0.963,-29.084,26.015,75.115,Shake
-1.073,0.146,0.678,-38.634,16.183,59.748,Shake
-0.918,-0.018,0.449,-4.313,9.183,47.061,Shake
-0.803,0.103,0.637,35.779,35.618,49.275,Shake
-0.989,0.334,0.796,7.603,39.595,30.763,Shake
-0.914,0.214,0.445,-10.198,5.221,10.71,Shake
-0.808,0.238,0.495,11.26,-30.023,21.695,Shake
-0.927,0.444,0.677,19.389,-34.534,18.183,Shake
-1.042,0.521,0.741,18.229,-23.084,-29.389,Shake
-0.734,0.352,0.749,17.534,4.672,-60.496,Shake
-0.696,0.275,0.637,25.679,-8.374,-44.298,Shake
-0.857,0.373,0.778,13.305,-60.053,-49.908,Shake
-0.579,0.292,0.784,-6.481,-76.244,-61.366,Shake
-0.409,0.21,0.679,24.603,-12,-65.954,Shake
-0.506,0.306,0.826,55.267,19.779,-64.985,Shake
-0.522,0.31,0.872,16.206,-27.252,-61.015,Shake
-0.551,0.17,0.673,12.679,-29.71,-60.069,Shake
-0.697,0.171,0.676,38.924,-4.855,-67.244,Shake
-0.7,0.149,0.759,40.55,4.084,-79.237,Shake
-0.593,0.053,0.792,40.84,-8.809,-78.832,Shake
-0.413,0.02,0.919,56.069,0.16,-81.664,Shake
-0.182,-0.036,1.092,44.832,3.198,-72.107,Shake
-0.031,-0.147,0.994,19.733,-7.42,-51.908,Shake
-0.037,-0.265,0.843,25.855,-2.412,-32.527,Shake
-0.221,-0.267,0.865,37.42,18.611,-19.534,Shake
-0.337,-0.252,0.912,39.427,24.71,-20.084,Shake
-0.248,-0.382,1.003,26.389,8.099,-12.756,Shake
-0.364,-0.614,0.958,9.328,16.626,15.252,Shake
-0.8,-0.628,0.902,16.427,11.16,22.168,Shake
-0.802,-0.638,1.008,1.466,-2.603,22.099,Shake
-0.843,-0.676,0.937,-3.679,-0.237,30.42,Shake
-0.947,-0.619,0.967,-0.176,13.359,32.42,Shake
-0.899,-0.498,0.963,-10.985,15.046,34.069,Shake
-0.831,-0.436,0.926,-20.084,11.26,36.519,Shake
-0.744,-0.411,0.854,-23.435,12.29,41.427,Shake
-0.732,-0.309,0.803,-19.466,20.885,44.443,Shake
-0.758,-0.206,0.73,-23.466,26.832,48.733,Shake
-0.933,-0.054,0.563,-15.481,22.924,48.305,Shake
-1.02,0.114,0.566,-10.481,10.947,33.634,Shake
-0.964,0.153,0.535,-6.885,8.061,21.298,Shake
-1.028,0.272,0.583,1.221,7.351,13.008,Shake
-1.106,0.324,0.541,-7.908,-13.893,-0.046,Shake
-0.937,0.293,0.445,3.45,-28.595,-13.344,Shake
-0.909,0.35,0.582,26.275,-11.939,-22.618,Shake
-0.934,0.414,0.63,26.382,-3.351,-42.305,Shake
-0.721,0.34,0.603,30.168,-18.863,-50.427,Shake
-0.63,0.394,0.749,32.183,-30.496,-47.527,Shake
-0.605,0.362,0.836,23.534,-29.069,-62.092,Shake
-0.368,0.216,0.931,17.473,-30.076,-66.321,Shake
-0.221,0.098,0.936,3.412,-32.55,-47.679,Shake
-0.244,0.003,0.819,1.695,-12.595,-33.527,Shake
-0.355,-0.038,0.815,18.679,-6.565,-31.687,Shake
-0.16,-0.161,0.947,3.344,-23.954,-26.87,Shake
-0.042,-0.327,0.856,3.985,-11.031,-4.908,Shake
-0.112,-0.301,0.993,16.489,5.076,13.031,Shake
-0.22,-0.273,1.112,0.527,0.076,24.061,Shake
-0.168,-0.378,0.911,-17.153,0.763,33.969,Shake
-0.238,-0.297,0.776,-0.198,10.42,50.237,Shake
-0.399,-0.199,0.851,-4.282,9.527,71.214,Shake
-0.654,-0.064,0.621,-19.786,-1.992,70.641,Shake
-0.733,0.074,0.502,7.611,-5.153,61.45,Shake
-0.886,0.145,0.82,11.817,-24.786,47.015,Shake
-0.684,-0.087,0.831,-34.519,-52.473,39.542,Shake
-0.602,-0.337,0.626,-15.863,-49.443,55.733,Shake
-0.799,-0.356,0.926,12.595,-40.557,65.924,Shake
-0.854,-0.384,1.129,-5.733,-36.916,67.42,Shake
-0.895,-0.287,1.16,4.351,-9.702,76.687,Shake
-1.06,-0.043,1.263,-1.71,-3.206,83.206,Shake
-1.209,0.113,1.217,-4.137,17.405,73.214,Shake
-1.3,0.336,1.266,-1.962,33.809,53.366,Shake
-1.37,0.494,1.259,-16.916,43.443,26.481,Shake
-1.286,0.512,1.141,-25.702,50.29,-2.611,Shake
-1.223,0.501,1.045,-32.42,51.916,-26.115,Shake
-1.108,0.369,0.892,-31.481,50.748,-44.504,Shake
-0.965,0.286,0.74,-26.962,39.275,-50.198,Shake
-0.902,0.263,0.618,-21.191,25.29,-58.832,Shake
-0.783,0.26,0.598,-7.786,27.489,-65.481,Shake
-0.734,0.264,0.518,1.878,33.076,-73.145,Shake
-0.594,0.242,0.495,6,17.046,-76.023,Shake
-0.575,0.228,0.458,14.809,9.779,-70.534,Shake
-0.598,0.228,0.447,23.183,11.008,-82.29,Shake
-0.478,0.16,0.441,28.252,6.145,-89.382,Shake
-0.369,0.068,0.427,30.504,-5.305,-83.649,Shake
-0.368,0.032,0.57,33.145,-8.885,-78.153,Shake
-0.31,-0.074,0.592,32.267,-5.153,-74.55,Shake
-0.32,-0.186,0.573,33.55,-12.947,-59.649,Shake
-0.381,-0.237,0.614,37.748,-23.053,-45.221,Shake
-0.444,-0.237,0.683,44.55,-18.389,-34.366,Shake
-0.556,-0.167,0.749,46.45,-15.435,-32.756,Shake
-0.526,-0.235,0.808,43.817,-16.13,-33.695,Shake
-0.644,-0.201,0.754,50.55,-6.466,-25.412,Shake
-0.781,-0.102,0.858,53.611,-17.809,-33.557,Shake
-0.639,-0.131,1.03,33.313,-48.481,-40.122,Shake
-0.445,-0.208,0.967,1.985,-58.321,-47.985,Shake
-0.138,-0.462,0.874,8.58,-56.893,-41.588,Shake
-0.064,-0.426,0.986,23.458,-32.366,-12.275,Shake
-0.314,-0.186,1.071,14.756,-23,0.924,Shake
-0.467,-0.254,0.969,-3.626,-32.252,-6.435,Shake
-0.423,-0.409,0.731,5.427,-20.275,2.847,Shake
-0.833,-0.268,0.719,26.237,-25.611,16.336,Shake
-1.29,-0.273,0.944,22.672,-51.321,-4.519,Shake
-1.211,-0.455,1.13,15.115,-58.221,-32.931,Shake
-0.948,-0.52,1.301,13.756,-53.267,-36.817,Shake
-0.73,-0.484,1.517,8.58,-57.374,-30.771,Shake
-0.509,-0.465,1.684,-11.366,-30.061,-32.145,Shake
-0.387,-0.53,1.486,-16.198,11.641,-34.153,Shake
-0.229,-0.536,1.413,-22.802,17.504,-25.573,Shake
-0.06,-0.573,1.269,-40.023,14.87,-5.954,Shake
-0.016,-0.557,1.091,-41.84,18.557,11.076,Shake
-0.004,-0.515,1.023,-41.649,21.267,27.069,Shake
-0.049,-0.445,0.954,-48.55,19.084,43.504,Shake
-0.146,-0.379,0.835,-52.74,15.427,54.786,Shake
-0.241,-0.328,0.701,-46.603,8.916,57.405,Shake
-0.296,-0.24,0.706,-41.023,1.794,54.969,Shake
-0.188,-0.209,0.64,-43.176,-6.229,57.031,Shake
-0.121,-0.152,0.567,-35.427,-3.275,66.557,Shake
-0.205,-0.078,0.562,-23.26,4.458,73.748,Shake
-0.28,-0.099,0.491,-18.542,6.847,77.969,Shake
-0.307,-0.13,0.407,-6.679,-7.756,86.061,Shake
-0.394,-0.023,0.521,8.779,-18.496,95.023,Shake
-0.499,0.091,0.642,8.611,-25.542,90.969,Shake
-0.417,0.115,0.648,7.763,-31.229,89.626,Shake
-0.461,0.177,0.745,16.16,-30.832,95.282,Shake
-0.706,0.258,0.785,22.069,-28.389,90.328,Shake
-0.695,0.292,0.858,20.595,-42.351,77.359,Shake
-0.701,0.374,0.902,18.939,-47.863,70.954,Shake
-0.74,0.369,0.991,13.069,-54.649,53.527,Shake
-0.65,0.286,0.917,12.42,-51.298,42.924,Shake
-0.774,0.376,0.969,32.504,-46.168,34.198,Shake
-0.885,0.452,1.155,28.183,-40.855,5.244,Shake
-0.745,0.323,1.118,14.237,-34.252,-19.099,Shake
-0.61,0.287,1.075,14.878,-44.893,-21.191,Shake
-0.692,0.457,1.298,-8.664,-65.427,-27.351,Shake
-0.825,0.257,1.111,-7.908,-63.794,-47.725,Shake
-0.765,0.26,1.213,14.458,-41.924,-66.244,Shake
-0.708,0.25,1.31,2.359,-31.16,-78.519,Shake
-0.699,0.122,1.177,-3.015,-33.221,-88.817,Shake
-0.631,-0.001,1.109,14.42,-22.244,-102.008,Shake
-0.516,-0.033,1.269,24.13,-25.031,-101.382,Shake
-0.44,-0.135,1.248,2.504,-38.695,-96.992,Shake
-0.289,-0.197,1.22,8.748,-18.679,-99.382,Shake
-0.116,-0.245,1.279,19.458,0.58,-93.908,Shake
-0.085,-0.28,1.313,5.672,3.885,-81.794,Shake
-0.127,-0.264,1.134,4.481,14.573,-73.366,Shake
-0.216,-0.175,1.091,8.26,22.336,-74.985,Shake
0.027,-0.196,1.194,-2.069,5.176,-70.397,Shake
0.12,-0.328,1.064,-13.427,10.443,-49.267,Shake
-0.164,-0.311,0.942,-4.779,25.649,-37.13,Shake
-0.344,-0.282,0.981,9.924,24.924,-45.542,Shake
-0.147,-0.364,1.03,-4.023,4.87,-43.16,Shake
0.173,-0.522,1.127,-5.74,-5.885,-26.542,Shake
0.426,-0.683,1.21,3.053,16.71,3.153,Shake
0.29,-0.674,1.207,5.229,37.198,28.641,Shake
0.11,-0.661,1.067,-5.405,35.275,48.405,Shake
-0.022,-0.616,1.013,-6.26,25.489,64.771,Shake
-0.084,-0.555,1.014,-8.527,22.389,80,Shake
-0.172,-0.454,1,-10.031,18.183,89.305,Shake
-0.262,-0.4,1.016,-20.366,9.328,95.916,Shake
-0.371,-0.311,1.006,-20.267,5.977,104.748,Shake
-0.571,-0.149,1.05,-14.176,17.924,101.947,Shake
-0.691,-0.007,1.058,-18.321,28.664,93.229,Shake
-0.909,0.11,1.085,-20.038,25.466,84.29,Shake
-1.003,0.158,1.166,-25.893,10.878,63.893,Shake
-0.943,0.134,1.156,-32.229,19.466,40.122,Shake
-0.89,0.155,1.016,-28.557,44.458,21.336,Shake
-0.925,0.272,0.966,-12.427,46.351,7.939,Shake
-0.931,0.39,1.012,-16.519,29.618,-4.107,Shake
-0.93,0.45,0.948,-22.26,26.412,-21.359,Shake
-0.904,0.471,0.873,-18.58,20.542,-45.687,Shake
-0.757,0.368,0.789,-9.863,22.534,-73.626,Shake
-0.456,0.28,0.766,-0.939,15.542,-80.893,Shake
-0.154,0.178,0.74,-6.275,-6.298,-74.58,Shake
0.027,0.075,0.643,2.527,-7.71,-63.397,Shake
0.052,0.047,0.721,11.267,7.107,-50.893,Shake
0.022,-0.062,0.621,1.504,2.191,-37.809,Shake
-0.001,-0.234,0.406,9.389,-10.733,-26.702,Shake
-0.133,-0.282,0.436,44.16,-6.603,-7.779,Shake
-0.455,-0.132,0.718,68.366,-1.954,3.588,Shake
-0.872,0.09,1.002,65.115,-5.695,-2.702,Shake
-1.055,0.139,1.141,51,-10.115,-30.71,Shake
-1.253,0.059,1.244,46.916,-5.282,-54.947,Shake
-1.375,-0.011,1.342,29.649,-13.641,-88.756,Shake
-0.97,-0.134,1.328,1.282,-38.29,-112.053,Shake
-0.429,-0.37,1.284,-9.412,-34.489,-113.626,Shake
-0.295,-0.451,1.068,-7.664,-0.435,-97.13,Shake
-0.368,-0.398,0.858,14.237,21.863,-98.595,Shake
-0.103,-0.345,0.84,20.977,6.557,-95.168,Shake
0.167,-0.373,0.798,13.412,-8.046,-72.527,Shake
0.352,-0.374,0.762,28.252,0.229,-48.664,Shake
0.371,-0.252,0.892,27.405,8.779,-25.725,Shake
0.275,-0.331,0.812,13.763,-0.206,-8.351,Shake
0.333,-0.461,0.777,12.847,-7.237,7,Shake
0.328,-0.568,0.871,28.198,9.519,26.252,Shake
0.192,-0.577,1.001,24.328,8.382,53.687,Shake
0.129,-0.628,1.16,1.802,-31.87,77.115,Shake
0.169,-0.772,1.14,-9.16,-9.084,94.473,Shake
-0.062,-0.645,1.161,21.84,27.649,120.649,Shake
-0.5,-0.415,1.375,13.466,29.588,132.565,Shake
-0.573,-0.396,1.262,-22.908,25.74,130.229,Shake
-0.627,-0.29,1.08,-17.626,34.481,138.756,Shake
-0.81,-0.057,1.148,-17.038,38.382,140.626,Shake
-1.058,0.18,1.018,-32.023,29.321,127.13,Shake
-1.182,0.227,0.871,-39.573,17.542,101.626,Shake
-1.258,0.121,0.824,-35.275,5.947,69.435,Shake
-1.203,-0.043,0.878,-21.901,5.321,37.84,Shake
-1,-0.214,1.116,-33.977,-9.588,22.092,Shake
-0.552,-0.298,0.97,-52.313,-16.542,28.565,Shake
-0.423,-0.243,0.888,-34.931,-18.87,45.267,Shake
-0.344,-0.081,0.951,-15.42,-0.489,48.542,Shake
-0.281,0.184,1.038,-6.649,17.977,42.74,Shake
-0.181,0.313,1.031,-3.802,27.229,32.527,Shake
-0.201,0.22,1.056,-8.015,43.649,38.695,Shake
-0.438,0.141,0.95,-22.237,30.405,52.267,Shake
-0.764,0.051,0.786,-23.679,30.237,54.397,Shake
-1.236,0.015,0.726,-3.817,34.939,38.824,Shake
-1.305,0.102,0.79,1.611,31.115,5.626,Shake
-1.018,0.144,0.71,8.817,27.183,-11.313,Shake
-0.754,0.287,0.82,5.962,0.053,-6.107,Shake
-0.772,0.347,0.75,-0.076,-17.565,-11.008,Shake
-0.699,0.285,0.648,12.939,2.29,-28.916,Shake
-0.647,0.34,0.592,34.489,23.092,-37.87,Shake
-0.578,0.527,0.693,31.458,1.954,-40.634,Shake
-0.355,0.47,0.776,9.443,-20.55,-47.191,Shake
-0.175,0.34,0.718,-0.321,-8.641,-38.55,Shake
-0.258,0.207,0.691,-1.466,-8.748,-25.313,Shake
-0.384,0.118,0.553,3.435,10.618,-18.053,Shake
-0.615,0.138,0.467,28.382,11.344,-12.817,Shake
-0.868,0.102,0.636,32.908,-7.084,-18.313,Shake
-1.133,-0.007,0.689,30.489,-19.725,-27.435,Shake
-1.217,-0.053,0.775,35.099,-32.183,-46.435,Shake
-1.173,-0.083,0.865,38.969,-31.328,-57.519,Shake
-1.066,-0.011,0.931,49.076,-46.313,-70.122,Shake
-0.75,0.086,1.206,41.55,-54.26,-82.489,Shake
-0.474,0.08,1.194,18.321,-47.183,-87.321,Shake
-0.214,0.029,1.084,4.924,-35.893,-83.725,Shake
-0.026,-0.032,0.991,3.13,-25.466,-75.504,Shake
0.095,-0.128,0.885,-8.313,-19.58,-56.802,Shake
0.042,-0.202,0.777,3.26,-3.847,-38.023,Shake
-0.129,-0.111,0.788,16.969,3.824,-23.053,Shake
-0.358,-0.084,0.845,16.244,5.26,-21.756,Shake
-0.495,-0.17,0.802,14.603,7.885,-24.939,Shake
-0.6,-0.135,0.779,27.458,7.702,-25.702,Shake
-0.759,-0.133,0.844,31.725,-0.076,-29.649,Shake
-0.848,-0.173,0.8,19.763,-24.168,-44.992,Shake
-0.625,-0.232,0.726,23.282,-39.328,-60.58,Shake
-0.277,-0.208,0.759,35.885,-48.931,-63.069,Shake
0.085,-0.288,0.958,38.145,-59.687,-47.84,Shake
0.291,-0.303,1.184,33.084,-48.924,-14.252,Shake
0.169,-0.159,1.294,31.382,-19.328,9.885,Shake
-0.009,-0.077,1.367,10.214,-4.763,16.969,Shake
0.033,-0.183,1.246,-11.069,-14.229,19.656,Shake
0.15,-0.365,1.134,-13.038,-18.008,42.679,Shake
-0.056,-0.305,1.2,-8.573,-21.718,68.87,Shake
-0.226,-0.315,1.216,-18.954,-18.649,70.191,Shake
-0.338,-0.41,1.017,-28.298,3.74,70.481,Shake
-0.409,-0.493,0.815,-20.053,-13.779,69.786,Shake
-0.267,-0.573,0.902,-6.573,-35.374,88.13,Shake
-0.395,-0.391,1.19,5.977,-27.634,106.939,Shake
-0.519,-0.228,1.309,-12.076,-17.824,97.344,Shake
-0.438,-0.337,1.108,-38.855,-10.863,83.481,Shake
-0.327,-0.358,0.882,-11.137,5.84,96.359,Shake
-0.755,-0.046,1.123,16.305,12.504,109.458,Shake
-1.192,0.086,1.219,-2.13,13.221,88.511,Shake
-1.332,0.129,1.194,-13.931,15.366,42.137,Shake
-0.979,0.091,1.098,-29.931,-9.786,12.634,Shake
-0.584,0.022,0.91,-40.962,-41.878,10.641,Shake
-0.3,-0.032,0.855,-21.763,-53.237,14.244,Shake
-0.071,0.041,1.075,-3.504,-40.977,10.557,Shake
0.206,0.066,1.042,-10.298,-18.954,12.664,Shake
0.463,0.084,0.987,2.366,-16.168,35.099,Shake
0.414,0.15,1.05,11.595,7.481,70.626,Shake
0.028,0.274,0.99,11.107,24.832,87.916,Shake
-0.336,0.387,0.911,8.542,23.427,82.366,Shake
-0.529,0.382,0.858,7.878,10.008,69.58,Shake
-0.718,0.349,0.851,17.496,-6.573,61.282,Shake
-0.893,0.432,1.008,18.229,-31.504,47.275,Shake
-0.836,0.423,1.098,7.191,-45.863,19.153,Shake
-0.695,0.372,0.997,-0.603,-38,-3.427,Shake
-0.626,0.356,0.987,14.588,-26.718,-19.038,Shake
-0.664,0.401,1.125,23.511,-22.588,-28.832,Shake
-0.821,0.44,1.158,16.458,-14.855,-45.832,Shake
-0.855,0.375,1.136,9.794,-21.099,-75.427,Shake
-0.623,0.277,1.079,1.038,-27.588,-98.275,Shake
-0.29,0.164,1.07,2.58,-39.481,-103.481,Shake
0.097,0.089,1.145,2.42,-42.763,-95.893,Shake
0.382,0.009,1.24,4.931,-17.992,-81.16,Shake
0.373,-0.083,1.166,2.122,19.374,-60.687,Shake
0.153,-0.104,0.979,4.229,24.626,-44.16,Shake
-0.049,-0.062,0.924,14.366,19.397,-32.527,Shake
-0.373,-0.014,0.944,15.145,7.58,-32.71,Shake
-0.611,0.055,0.96,7.198,-1.824,-39.023,Shake
-0.793,0.04,1,13.664,-20.099,-58.786,Shake
-0.763,0.038,1.076,8.389,-29.809,-77.695,Shake
-0.58,0.024,1.164,1.031,-39.412,-91.786,Shake
-0.217,-0.085,1.206,-14.489,-52.802,-94.901,Shake
0.131,-0.236,1.099,-17.282,-45.427,-82.55,Shake
0.281,-0.289,1.105,9.58,-10.137,-64.908,Shake
0.203,-0.198,1.265,16.389,11.992,-47.939,Shake
0.005,-0.132,1.216,-1.824,9.664,-34.618,Shake
-0.177,-0.118,1.109,-3.603,6.817,-29.122,Shake
-0.397,-0.067,1.062,5.893,9.977,-30.649,Shake
-0.627,0.005,1.132,7.405,8.214,-44.924,Shake
-0.762,0.029,1.154,-6.87,1.603,-73.847,Shake
-0.507,-0.075,1.03,-21.13,-13.679,-99.481,Shake
-0.096,-0.22,0.905,-27.931,-35.076,-97.534,Shake
0.379,-0.414,0.815,-9.198,-40.733,-83.198,Shake
0.86,-0.573,0.907,19.74,-22.756,-52.237,Shake
1.065,-0.62,1.119,32.542,-0.748,4.802,Shake
0.822,-0.577,1.186,18.412,13.756,65.244,Shake
0.436,-0.473,1.07,16.924,17.397,103.534,Shake
0.147,-0.348,1.138,24.473,19.42,119.084,Shake
0.01,-0.301,1.171,3.779,7.733,121.038,Shake
0.08,-0.339,1.097,-0.557,5.26,131.626,Shake
-0.015,-0.224,1.065,9.458,26.16,149.924,Shake
-0.477,0.052,1.131,26.061,54.145,156.046,Shake
-0.923,0.278,1.225,17.908,52.611,125.679,Shake
-1.088,0.263,1.247,-7.863,28.809,80.595,Shake
-0.871,0.136,1.198,-36.466,-4.244,50.412,Shake
-0.561,-0.009,1.01,-48.076,-14.015,29.29,Shake
-0.349,-0.127,0.919,-22.656,-7.588,19.344,Shake
-0.01,-0.116,1.028,-9.924,-11.481,18.069,Shake
0.315,-0.161,1.009,-10.511,-4.55,41.466,Shake
0.2,-0.072,0.949,10.565,16.023,81.565,Shake
-0.3,0.151,1.05,30.863,34.832,88.916,Shake
-0.734,0.332,1.146,24.687,46.885,72.282,Shake
-1.058,0.388,1.12,20.595,44.328,40.237,Shake
-1.208,0.401,1.305,9.069,5.443,3.183,Shake
-0.975,0.349,1.305,-35.122,-29.931,-28.275,Shake
-0.664,0.221,0.993,-40.389,-15.053,-60.748,Shake
-0.275,0.165,0.918,-10.595,-2.656,-78.908,Shake
0.125,0.086,0.986,-9.573,-13.214,-60.45,Shake
0.276,0.031,0.894,-7.115,-11.565,-26.733,Shake
0.35,-0.001,0.933,5.473,-13.573,-7.832,Shake
0.485,-0.166,0.891,5.939,-1.832,15.305,Shake
0.367,-0.203,0.877,33.824,29.214,50.061,Shake
0,-0.052,0.988,49.275,56.466,69.496,Shake
-0.464,0.075,1.031,49.237,62.893,72.29,Shake
-0.928,0.292,1.172,50.473,68.626,64.076,Shake
-1.375,0.491,1.24,24.092,41.672,28.931,Shake
-1.323,0.469,1.217,-11.702,-9.45,-26.046,Shake
-0.867,0.352,1.186,-37.084,-47.511,-47.55,Shake
-0.611,0.266,1.106,-49.313,-51.534,-57.42,Shake
-0.31,0.146,0.952,-39.344,-24.412,-83.588,Shake
0.127,-0.029,0.838,-24.725,-9.55,-83.076,Shake
0.407,-0.277,0.843,-13.542,-19.817,-36.771,Shake
0.206,-0.219,0.805,2.275,-5.405,8.939,Shake
0.01,-0.044,0.844,7.015,2.359,16.023,Shake
0.132,0.018,0.862,8.618,-10.771,16.687,Shake
0.181,0.035,0.852,0.718,-9.779,36.053,Shake
0.065,0.06,0.786,2.618,4.702,49.168,Shake
-0.21,0.108,0.783,8.87,-0.145,50.817,Shake
-0.341,0.184,0.875,12.847,-11.435,48.679,Shake
-0.379,0.304,0.964,4.863,-30.382,48.099,Shake
-0.43,0.358,0.981,-7.389,-48.26,41.687,Shake
-0.456,0.34,1.088,-6.557,-56.374,28.221,Shake
-0.436,0.317,1.12,-10.435,-39.771,16.092,Shake
-0.533,0.26,1.134,-8.977,-25.038,3.153,Shake
-0.621,0.209,1.186,6.183,-14.145,-12.519,Shake
-0.757,0.31,1.276,14.557,-1.794,-24.901,Shake
-0.838,0.402,1.404,2.176,-17.733,-51.84,Shake
-0.746,0.167,1.374,-38.55,-42.336,-79.29,Shake
-0.454,-0.069,1.063,-61.71,-46.412,-98.977,Shake
0.033,-0.274,0.818,-40.573,-39.473,-110.29,Shake
0.564,-0.51,0.796,-15.557,-22.29,-85.328,Shake
0.7,-0.549,0.843,12.672,-2.069,-24.863,Shake
0.357,-0.349,1.011,35.053,17.008,21.733,Shake
-0.138,-0.091,1.083,37.107,34.672,42.252,Shake
-0.64,0.125,1.135,47.229,27.947,23.611,Shake
-0.769,0.249,1.299,42.908,14.038,-11.748,Shake
-0.674,0.259,1.406,10.672,-10.992,-38.71,Shake
-0.524,0.159,1.289,-24.435,-26.847,-56.634,Shake
-0.305,0.057,1.131,-30.244,-16.573,-68.328,Shake
-0.162,-0.092,1.035,-22.092,-1.748,-79.969,Shake
0,-0.294,0.895,-16.611,-3.313,-82.641,Shake
0.288,-0.454,0.877,-7.542,-21.977,-65.359,Shake
0.437,-0.557,0.894,3.153,-19.481,-31.023,Shake
0.308,-0.491,0.893,22.756,-1.244,2.626,Shake
-0.087,-0.247,1.016,41.87,17.038,24.107,Shake
-0.547,0.088,1.241,34.435,8,20.489,Shake
-0.822,0.245,1.307,11.275,-7.534,-15.496,Shake
-0.74,0.235,1.272,-9.779,-27.076,-53.313,Shake
-0.512,0.084,1.135,-24.153,-20.504,-78.763,Shake
-0.316,-0.102,0.988,-27.198,-30.527,-90.122,Shake
-0.095,-0.226,0.947,-16.229,-41.763,-82.267,Shake
-0.07,-0.234,1.069,-9.023,-34.771,-74.397,Shake
-0.021,-0.238,1.124,-9.55,-26.771,-71.573,Shake
0.063,-0.299,1.107,-11.092,-24.183,-67.672,Shake
0.255,-0.415,1.02,-5.267,-23.763,-57.046,Shake
0.455,-0.5,1.048,10.718,-19.176,-28.878,Shake
0.307,-0.394,1.214,21.992,2.107,2.992,Shake
-0.006,-0.286,1.275,10.817,23.214,14.977,Shake
-0.434,-0.167,1.227,14.298,37.794,7.084,Shake
-0.836,-0.007,1.351,14.977,43.176,-23.443,Shake
-0.688,-0.062,1.365,-43.298,-19.305,-58.771,Shake
-0.056,-0.365,1.066,-76.427,-66.504,-70.603,Shake
0.711,-0.7,0.847,-39.244,-40.595,-61.305,Shake
0.982,-0.816,0.814,3.466,25.191,-7.817,Shake
0.763,-0.615,0.906,25.931,29.275,50.458,Shake
0.438,-0.435,0.929,32.092,26.802,77,Shake
0.219,-0.329,0.992,44.389,25.748,87.74,Shake
-0.028,-0.148,1.156,48.74,33.344,102.122,Shake
-0.534,0.148,1.38,45.313,49.458,92.298,Shake
-0.821,0.218,1.483,1.389,31.779,45.382,Shake
-0.642,0.029,1.293,-41.733,-5.145,16.664,Shake
-0.448,-0.1,1.118,-51.42,-22.916,0.496,Shake
-0.078,-0.303,0.855,-57.908,-34.481,-23.58,Shake
0.577,-0.628,0.531,-10.71,-10.969,-16.122,Shake
0.721,-0.512,0.699,61.878,23.519,65.878,Shake
0.061,-0.025,1.21,87.481,44.374,100.832,Shake
-0.536,0.274,1.424,55.015,50.511,76.794,Shake
-0.699,0.277,1.441,22.786,45.687,29.458,Shake
-0.663,0.18,1.444,-7.84,28.046,8.565,Shake
-0.604,0.095,1.339,-55.137,-17.969,-5.298,Shake
-0.221,-0.143,1.002,-75.382,-45.947,-25.336,Shake
0.314,-0.415,0.662,-43.931,-18.542,-32.687,Shake
0.619,-0.499,0.718,6.481,12.229,18.649,Shake
0.323,-0.258,0.896,26.977,20.504,63.595,Shake
-0.008,-0.103,0.969,21.473,24.252,74.931,Shake
-0.147,-0.032,1,23.863,10.84,68.443,Shake
-0.133,0.008,1.105,20.58,9.725,73.947,Shake
-0.381,0.13,1.215,16.496,18.664,79.687,Shake
-0.679,0.204,1.184,8.015,30.824,62.237,Shake
-0.928,0.342,1.314,18.031,32.58,38.076,Shake
-1.03,0.464,1.398,0.153,30.977,-4.344,Shake
-0.815,0.359,1.315,-35.244,2.534,-31.71,Shake
-0.608,0.22,1.109,-49.153,-18.145,-38.794,Shake
-0.443,0.164,1.013,-53.756,-40.947,-43.275,Shake
-0.157,0.048,0.828,-40.176,-20.107,-57.427,Shake
0.136,-0.055,0.757,-10.267,11.076,-58.092,Shake
0.295,-0.23,0.781,2.336,12.015,-36.588,Shake
0.358,-0.263,0.718,3.733,8.656,-6.718,Shake
0.45,-0.242,0.691,20.298,8.58,13.634,Shake
0.527,-0.26,0.781,32.618,20.282,34.603,Shake
0.347,-0.345,0.796,35.061,28.397,65.595,Shake
0.023,-0.341,0.938,34.42,17.092,82.527,Shake
-0.114,-0.29,0.983,41.565,19.176,88.924,Shake
-0.352,-0.051,1.194,43.855,16.595,92.313,Shake
-0.534,-0.026,1.312,18.092,-0.42,80.908,Shake
-0.46,-0.073,1.184,-4.214,-8.427,81.763,Shake
-0.638,-0.033,1.24,13.153,2.924,82.855,Shake
-0.811,0.114,1.399,17.107,8.382,75.794,Shake
-0.909,0.094,1.417,-7.137,8.511,54.702,Shake
-0.914,0.104,1.235,-21.527,14.794,36.351,Shake
-0.886,0.125,1.144,-9.466,21.947,16.458,Shake
-0.814,0.165,1.129,-3.527,27.824,-2.168,Shake
-0.705,0.2,1.146,-11.115,8.962,-9.237,Shake
-0.66,0.194,1.069,-21.832,4.542,-16.137,Shake
-0.694,0.192,0.904,-13.443,17.901,-34.405,Shake
-0.542,0.103,0.821,-8.832,19.847,-53.756,Shake
-0.266,-0.002,0.721,0.366,20.244,-58.962,Shake
-0.059,-0.018,0.72,13.374,15.214,-44.076,Shake
0.005,0.055,0.738,9.885,3.176,-25.649,Shake
0.108,0.136,0.782,14.55,-9.595,-14.435,Shake
0.135,0.138,0.832,5.481,-4.099,-5.412,Shake
0.06,-0.012,0.841,1.695,0.924,9.336,Shake
-0.104,-0.026,0.831,2.366,-2.099,27.71,Shake
-0.268,-0.143,0.909,8.176,-10.702,32.565,Shake
-0.399,-0.25,1.032,16.046,-5.382,37.458,Shake
-0.572,-0.236,1.126,19.725,2.771,42.42,Shake
-0.774,-0.194,1.137,27.42,10.626,37.603,Shake
-0.935,-0.071,1.225,40.275,13.405,24.504,Shake
-0.887,0,1.277,30.382,4.481,4.542,Shake
-0.689,0.094,1.185,8.153,4.13,-4.832,Shake
-0.573,0.121,1.034,8.542,18.725,-14.634,Shake
-0.499,0.187,0.881,13.908,39.939,-22.817,Shake
-0.424,0.305,0.814,13.542,23.695,-22.969,Shake
-0.22,0.341,0.788,2.015,-13.069,-11.069,Shake
-0.075,0.363,0.805,-3.282,-19.107,2.649,Shake
-0.085,0.362,0.818,1.267,-1.137,8.046,Shake
-0.126,0.359,0.854,0.481,2.641,12.878,Shake
-0.174,0.313,0.861,-1.115,5.878,15.977,Shake
-0.24,0.307,0.857,3.985,7.977,21.176,Shake
-0.358,0.345,0.983,8.099,3.573,21.13,Shake
-0.415,0.343,1.026,-3.992,3.924,16.931,Shake
-0.576,0.268,0.958,-3.771,13,8.878,Shake
-0.749,0.255,0.937,2.42,14.924,-5.443,Shake
-0.829,0.303,0.926,3.573,1.099,-17.519,Shake
-0.896,0.263,0.973,-4.405,-29.542,-29.237,Shake
-0.844,0.097,0.969,-20.649,-51.756,-42.099,Shake
-0.789,0.011,0.936,-8.969,-40.985,-57.695,Shake
-0.761,0.019,0.992,10.366,-29.481,-72.031,Shake
-0.811,-0.01,1.123,7.191,-27.267,-79.893,Shake
-0.905,-0.027,1.022,5.878,-32.863,-93.603,Shake
-0.736,-0.03,1.01,8.176,-47.176,-107.618,Shake
-0.432,-0.076,1.035,4.557,-65.015,-104.282,Shake
-0.234,-0.104,1.064,5.786,-58.26,-102.664,Shake
-0.04,-0.077,1.064,10.855,-31.542,-110.71,Shake
0.281,-0.115,1.066,7.244,-24.832,-103.275,Shake
0.487,-0.201,1.005,-1.076,-27.374,-73.725,Shake
0.503,-0.231,0.956,0.794,-25.076,-41.611,Shake
0.375,-0.257,0.901,4.573,-13.443,-24.031,Shake
0.231,-0.287,0.871,19.412,-0.504,-10.618,Shake
-0.003,-0.193,0.951,35.015,7.771,1.412,Shake
-0.289,-0.08,1.088,33.954,0.435,0.45,Shake
-0.476,-0.122,1.119,23.221,-12.008,-6.557,Shake
-0.619,-0.123,1.146,23.42,-15.298,-12.412,Shake
-0.795,-0.091,1.209,23.977,-22.74,-19.771,Shake
-0.916,-0.06,1.293,17.588,-33.023,-39.214,Shake
-0.779,-0.109,1.323,5.58,-37.496,-60.992,Shake
-0.552,-0.18,1.261,-4.641,-39.817,-69.13,Shake
-0.382,-0.212,1.184,-7.924,-39.824,-66.084,Shake
-0.318,-0.194,1.098,-1.015,-29.206,-70.038,Shake
-0.208,-0.131,1.041,5.168,-21.702,-78.252,Shake
0.11,-0.128,1.001,2.435,-35.847,-70.634,Shake
0.42,-0.139,1.011,7.069,-41.176,-48.893,Shake
0.496,-0.055,1.084,6.458,-26.153,-32.634,Shake
0.556,-0.051,1.05,1.611,-13.344,-23.603,Shake
0.601,-0.105,1.013,0.092,-7.351,-5.29,Shake
0.576,-0.133,0.934,-1.336,-6.45,18.626,Shake
0.49,-0.09,0.921,10.748,-1.176,35.13,Shake
0.377,-0.115,0.99,13.756,7.221,46.321,Shake
0.237,-0.264,0.922,13.748,5.084,52.153,Shake
0.31,-0.406,0.97,22.817,-12.267,68.45,Shake
0.233,-0.357,1.118,34.244,-3.786,97.328,Shake
-0.078,-0.183,1.287,40.26,11.626,105.321,Shake
-0.306,-0.054,1.419,37.26,26.664,94.511,Shake
-0.329,-0.047,1.427,16.916,28.275,85.786,Shake
-0.362,-0.077,1.327,-0.855,15.115,91.13,Shake
-0.402,-0.099,1.239,-1.763,9.557,94.924,Shake
-0.458,-0.057,1.19,6.489,18.595,92.26,Shake
-0.615,0.033,1.193,14.916,33.298,76.305,Shake
-0.71,0.163,1.237,12.176,48.038,48.244,Shake
-0.675,0.207,1.228,5.023,45,26.519,Shake
-0.627,0.171,1.218,-16.634,11.573,24,Shake
-0.604,0.148,1.123,-33.389,-18.58,18.237,Shake
-0.431,0.157,1.081,-38.809,-32.718,1.954,Shake
-0.223,0.063,0.942,-25.26,-13.252,-16.802,Shake
0.033,0.083,1.01,-12.855,-9.389,-15.29,Shake
0.192,0.123,0.991,-15.275,-14.573,-1.924,Shake
0.267,0.223,0.973,-6.954,-8.176,4.42,Shake
0.322,0.301,1.056,1.458,3.519,8.878,Shake
0.314,0.221,1.087,-11.695,-0.015,22.061,Shake
0.213,0.043,0.958,-15.221,-0.985,35,Shake
0.027,-0.108,0.987,2.687,1.855,44.42,Shake
-0.078,-0.137,1.162,12.603,11.359,48.863,Shake
-0.263,-0.067,1.261,15.84,25.565,48.382,Shake
-0.483,-0.023,1.376,17.985,37.718,40.344,Shake
-0.723,-0.017,1.387,6.366,38.092,29.305,Shake
-0.765,0.004,1.374,-8.71,25.053,14.779,Shake
-0.579,-0.06,1.275,-21.878,9.382,6.45,Shake
-0.452,-0.166,1.163,-24.031,1.45,7.702,Shake
-0.387,-0.165,1.055,-20.321,-4.649,14.473,Shake
-0.453,-0.09,0.926,-16.427,-8.336,12.237,Shake
-0.45,-0.032,0.854,-8.527,-1.267,-4.969,Shake
-0.398,0.028,0.731,5.473,19.565,-27.305,Shake
-0.154,0.151,0.765,16.969,1.664,-25.985,Shake
0.068,0.209,0.83,4.588,-28.191,-5.198,Shake
0.111,0.237,0.864,4.053,-31.107,4.496,Shake
0.213,0.305,0.887,13.756,-1.954,0.527,Shake
0.23,0.328,0.94,12.969,23.412,3.466,Shake
0.083,0.253,0.925,-1.328,16.947,21.214,Shake
-0.184,0.189,0.903,-4.855,4.466,29.863,Shake
-0.371,0.193,0.911,7.008,0.015,30.16,Shake
-0.625,0.272,1.099,14.542,-8.435,22.244,Shake
-0.751,0.339,1.222,5.198,-14.42,-3.641,Shake
-0.618,0.352,1.242,-5.55,-19.046,-29.412,Shake
-0.433,0.21,1.265,-13.328,-29.481,-39.069,Shake
-0.334,0.152,1.3,-15.763,-24.893,-39.244,Shake
-0.35,0.179,1.215,-13.603,-9.626,-51.061,Shake
-0.307,0.062,1.207,-10.565,-3.977,-66.412,Shake
-0.227,-0.041,1.232,-13.321,0.855,-70.061,Shake
-0.211,-0.03,1.177,-21.435,0.58,-68.748,Shake
-0.161,-0.13,1.043,-30.16,-8.427,-68.069,Shake
-0.122,-0.256,0.919,-25.298,-6.183,-63.885,Shake
-0.275,-0.264,0.958,-3.16,4.305,-59.153,Shake
-0.452,-0.239,1.067,-4.145,-3.954,-63.511,Shake
-0.399,-0.287,1.037,-19.015,-25.87,-68.908,Shake
-0.215,-0.338,0.965,-17.466,-36.473,-65.069,Shake
-0.101,-0.28,1.006,-4.511,-34.87,-58.237,Shake
-0.025,-0.191,1.068,-5.489,-31.718,-55.969,Shake
0.128,-0.111,1.043,-0.435,-18.313,-62.351,Shake
0.394,-0.113,1.082,7.603,2.794,-62.473,Shake
0.451,-0.175,1.131,6.389,16.802,-48.137,Shake
0.324,-0.215,1.055,-1.191,15.58,-28.595,Shake
0.205,-0.211,0.931,2.137,16.519,-18.733,Shake
0.061,-0.223,0.913,11.893,23.718,-20.802,Shake
-0.02,-0.231,0.912,13.13,26.023,-21.771,Shake
-0.107,-0.22,0.906,17.099,19.206,-17.038,Shake
-0.206,-0.231,0.962,18.939,7.504,-16.206,Shake
-0.178,-0.323,0.987,15.115,-9.305,-15.977,Shake
-0.031,-0.388,0.995,14.16,-20.74,-12.916,Shake
0.203,-0.505,0.975,7.687,-21.443,-9.763,Shake
0.434,-0.651,0.874,22.534,-8.084,8.931,Shake
0.368,-0.544,1.015,49.458,0.954,43.885,Shake
0.192,-0.422,1.182,41.802,-4.557,67.099,Shake
0.067,-0.373,1.134,27.313,0.099,74.725,Shake
-0.054,-0.235,1.174,45.382,10.969,76.656,Shake
-0.189,-0.116,1.388,30.176,15.084,77.206,Shake
-0.247,-0.195,1.239,-8.771,4.695,73.924,Shake
-0.207,-0.229,0.997,1.092,7.389,77.733,Shake
-0.356,-0.055,1.089,24.275,14.29,81.214,Shake
-0.538,0.046,1.166,13.985,7.573,70.282,Shake
-0.473,0.048,1.05,-0.931,1.389,48.267,Shake
-0.157,0.024,0.931,7.153,-5.458,38.817,Shake
0.059,-0.018,1.079,28.244,-9.137,51.313,Shake
0.194,0.032,1.254,20.794,-12.71,63.656,Shake
0.28,0.025,1.237,11.557,-0.794,75.328,Shake
0.061,0.08,1.223,24.053,26.313,80.656,Shake
-0.113,0.039,1.224,15.588,28.359,77.244,Shake
-0.162,0.012,1.155,11.817,24.511,85.511,Shake
-0.397,0.124,1.131,15.55,24.107,92.817,Shake
-0.633,0.171,1.168,9.328,19.664,77.191,Shake
-0.774,0.114,1.207,8.137,28.046,52.931,Shake
-0.843,0.165,1.227,-2.595,28.305,32.634,Shake
-0.74,0.179,1.039,-12.221,14.023,17.649,Shake
-0.533,0.133,1.06,-0.947,-7.58,16.809,Shake
-0.52,0.219,1.153,1.107,-3.305,8.542,Shake
-0.406,0.293,1.039,-5.359,2.542,-11.305,Shake
-0.042,0.396,1.029,5.534,-5.534,-13.908,Shake
0.214,0.522,1.211,16.763,10.641,-11.687,Shake
0.197,0.455,1.33,-2.924,28.595,-10.053,Shake
0.143,0.254,1.212,-22.45,25.763,-2.115,Shake
0.017,0.062,0.948,-26.16,31.618,10.366,Shake
-0.339,-0.112,0.801,-0.817,42.359,18.878,Shake
-0.72,-0.137,0.938,26.252,40.313,13.84,Shake
-0.802,-0.031,1.059,26.863,30.412,7.282,Shake
-0.83,0.023,1.06,24.496,15.374,2.71,Shake
-0.909,0.012,0.988,22.267,5.603,-12.794,Shake
-0.713,0.085,0.899,27.16,-4.885,-27.618,Shake
-0.475,0.125,0.857,26.794,-26.634,-26.702,Shake
-0.336,0.215,0.902,31.374,-45.71,-21.198,Shake
-0.25,0.288,0.994,21.969,-36.366,-33.176,Shake
-0.141,0.256,0.968,13.443,-29.206,-38.84,Shake
-0.17,0.217,0.892,19.588,-26.031,-37.115,Shake
-0.216,0.239,0.88,28.863,-8.939,-45.344,Shake
-0.002,0.371,0.923,22.397,-28.26,-35.847,Shake
0.198,0.458,0.994,17.519,-39.168,-18.221,Shake
0.347,0.647,1.192,16.015,-22.046,-9.008,Shake
0.261,0.487,1.377,-10.282,-1.534,-1.534,Shake
-0.128,0.081,1.209,-29.046,13.84,1.435,Shake
-0.504,-0.176,1.117,-15.565,20.359,-1.076,Shake
-0.667,-0.242,1.069,-10.328,8.115,-6.863,Shake
-0.617,-0.281,1.036,0.198,-13.664,-4.374,Shake
-0.592,-0.124,1.037,21.344,-15.412,-6.122,Shake
-0.471,0.047,1.169,27.183,-13.573,-10.008,Shake
-0.59,0.127,1.104,23.634,3.695,-22.618,Shake
-0.663,0.244,0.944,25.198,9.412,-42.214,Shake
-0.455,0.381,0.872,25.366,-14.191,-51.679,Shake
-0.095,0.479,0.918,18.931,-45.16,-41.031,Shake
0.235,0.591,1.11,2.42,-57,-21.679,Shake
0.351,0.628,1.109,-17.466,-32.542,-11.313,Shake
0.328,0.506,1.062,-28.305,4.046,-7.603,Shake
0.182,0.368,0.912,-34.26,23.336,-1.847,Shake
0.165,0.321,0.838,-29.137,18.176,8.679,Shake
0.081,0.257,0.868,-28.107,7.382,25.817,Shake
-0.098,0.096,0.923,-28.511,-1.122,30.672,Shake
-0.137,0.06,0.898,-21.55,11.511,26.763,Shake
-0.114,0.177,0.926,-13.389,12.42,29.397,Shake
-0.216,0.185,0.936,-16.244,-7.473,38.206,Shake
-0.28,0.111,0.951,-16.71,-13.122,36.611,Shake
-0.254,0.154,0.834,-8.832,-0.626,27.29,Shake
-0.374,0.086,0.904,11.733,-2.969,25.908,Shake
-0.604,0.058,0.992,14.679,-14.29,10.969,Shake
-0.416,0.087,1.057,22.687,-16.649,-3.756,Shake
-0.399,0.217,1.224,25.046,-12.71,-8.137,Shake
-0.547,0.236,1.23,22.153,-23.099,-26.244,Shake
-0.244,0.233,1.308,23.985,-38.725,-39.412,Shake
-0.007,0.207,1.343,8.328,-31.076,-35.969,Shake
-0.125,0.229,1.306,1.504,-20.916,-27.977,Shake
-0.333,0.21,1.339,2.832,-24.511,-37.542,Shake
-0.319,0.203,1.409,-7.573,-19.534,-54.603,Shake
-0.179,0.163,1.419,-25.458,-7.374,-65.275,Shake
-0.211,0.092,1.31,-34.641,4.733,-70.26,Shake
-0.341,0.002,1.17,-31.603,6.191,-77.901,Shake
-0.232,-0.071,1.256,-23.908,0.847,-78.534,Shake
-0.178,-0.101,1.228,-31.557,7.656,-75.397,Shake
-0.215,-0.178,1.113,-32.099,15.206,-76.397,Shake
-0.21,-0.301,0.956,-25.305,8.359,-78.252,Shake
-0.206,-0.412,0.89,-7.244,7.702,-72.092,Shake
-0.246,-0.448,1.055,-0.221,7.435,-63.351,Shake
-0.295,-0.491,1.016,-1.687,11.847,-59.725,Shake
-0.257,-0.405,1.12,13.237,19.489,-56.076,Shake
-0.175,-0.286,1.309,3.832,22.527,-48.466,Shake
-0.142,-0.249,1.336,-14.099,26.733,-42.282,Shake
-0.306,-0.274,1.38,-13.122,30.931,-33.573,Shake
-0.502,-0.328,1.401,-25.198,31.45,-26.382,Shake
-0.578,-0.348,1.271,-44.481,23.756,-25.855,Shake
-0.469,-0.351,1.128,-51.107,6.084,-22.351,Shake
-0.299,-0.348,1.102,-46.504,-13.611,-15.817,Shake
-0.268,-0.372,1.046,-45.313,-16.802,-8.664,Shake
-0.344,-0.403,0.888,-33.733,-3.771,-17.939,Shake
-0.488,-0.373,0.77,-7.748,18.992,-47.351,Shake
-0.38,-0.358,0.721,13.023,19.069,-62.733,Shake
-0.147,-0.371,0.847,15.069,-16.733,-36.588,Shake
-0.23,-0.254,0.86,1.359,-44.092,-15.405,Shake
-0.246,-0.123,0.76,6.969,-47.145,-29.206,Shake
0.173,-0.106,0.862,20.061,-45.588,-34.641,Shake
0.288,-0.113,0.996,26.779,-36.405,-16.832,Shake
0.089,-0.081,1.05,12.565,-10.733,-21.137,Shake
-0.051,-0.167,0.966,12.26,11.015,-38,Shake
-0.017,-0.311,1.019,11.618,10.786,-39.885,Shake
0.095,-0.408,0.907,-1.351,-17.008,-12.901,Shake
0.001,-0.382,0.965,4.038,-39.122,10.802,Shake
-0.078,-0.4,1.066,-3.183,-40.061,14.084,Shake
-0.058,-0.428,0.952,-2.031,-27.588,9.641,Shake
-0.168,-0.392,0.903,25.939,-14.824,0.26,Shake
-0.085,-0.284,0.984,37.931,-3.168,-9.115,Shake
0.193,-0.203,1.034,30.344,-20.779,3.176,Shake
0.422,-0.103,1.012,21.45,-34.481,27.298,Shake
0.535,-0.017,1.073,19.718,-19.229,36.046,Shake
0.649,-0.025,1.115,12.443,9.687,41.878,Shake
0.662,-0.135,1.06,-1.511,20.504,64.229,Shake
0.44,-0.259,0.959,-0.992,18.641,91.496,Shake
0.126,-0.265,0.946,12.26,30.374,102.435,Shake
-0.17,-0.19,1.021,19.359,34.695,102.084,Shake
-0.369,-0.121,1.056,16.168,21.374,95.26,Shake
-0.393,-0.096,1.113,13.542,6.908,87.29,Shake
-0.379,-0.144,1.081,9.298,-6.214,82.626,Shake
-0.404,-0.133,1.086,19.443,-2.053,74.557,Shake
-0.44,-0.065,1.167,21.71,3.374,63.107,Shake
-0.467,-0.057,1.077,17.305,2.55,51.16,Shake
-0.479,-0.017,1.056,28.901,-2.634,41.145,Shake
-0.509,0.055,1.135,33.397,-5.977,30.641,Shake
-0.521,0.1,1.144,25,-5.252,13.122,Shake
-0.379,0.149,1.073,18.656,0.221,-2.794,Shake
-0.276,0.215,0.975,25.008,2.153,-9.496,Shake
-0.123,0.312,1.004,27.481,-5.153,-6.038,Shake
0.001,0.365,1.052,20.313,-15.893,4.137,Shake
0.124,0.393,1.121,12.534,-18.405,15.733,Shake
0.232,0.483,1.22,-1.985,-10.023,29.718,Shake
0.247,0.433,1.166,-20.534,-1.023,41.374,Shake
0.164,0.211,1.079,-27.336,8.748,51.947,Shake
0.085,0.128,0.949,-19.115,16.328,58.817,Shake
-0.004,0.056,0.968,-7.336,14.641,64.458,Shake
-0.114,0.008,1.076,-2.702,10.557,69.885,Shake
-0.139,0.031,1.107,-5.87,7.244,76.145,Shake
-0.178,0.145,1.135,-10.473,1.191,79.267,Shake
-0.253,0.098,1.067,-15.595,-0.26,75.366,Shake
-0.344,-0.132,1,-7.74,12.13,63.947,Shake
-0.534,-0.227,1.035,17.58,26.718,56.252,Shake
-0.791,-0.163,1.15,27.695,16.015,55.069,Shake
-0.887,-0.01,1.205,9.298,-1.779,43.015,Shake
-0.829,-0.024,1.057,0.595,-16.313,18.038,Shake
-0.548,-0.005,0.989,14.427,-9.069,-2.824,Shake
-0.253,0.093,1.017,23.168,0.076,-8.29,Shake
-0.153,0.227,1.05,20.244,0.008,-1.718,Shake
-0.102,0.348,1.073,18.588,5.496,-1.153,Shake
-0.049,0.448,1.102,17.58,14.687,-6.328,Shake
-0.074,0.422,1.112,3.947,28.901,-9.84,Shake
-0.037,0.372,1.047,-4.84,21.802,-1.977,Shake
0.01,0.34,1.034,-12.145,10.389,14.137,Shake
-0.109,0.273,0.945,-13.786,1.328,26.908,Shake
-0.253,0.303,0.973,-4.573,4.183,29.008,Shake
-0.361,0.302,0.99,-5.618,2.244,22.489,Shake
-0.466,0.214,1.031,-12.145,-10.649,13.573,Shake
-0.328,0.116,0.998,-13.015,-9.42,5.809,Shake
-0.262,0.125,0.929,-7.26,-3.931,2.275,Shake
-0.321,0.114,0.959,1.244,-6.145,0.099,Shake
-0.448,0.063,0.995,4.656,-10.885,-13.084,Shake
-0.303,0.086,1.042,11.198,-14.145,-22.718,Shake
-0.336,0,1.151,6.382,-21.916,-18.244,Shake
-0.394,-0.056,1.178,-3.794,-26.519,-18.168,Shake
-0.402,0.003,1.073,7.244,-22.038,-24.794,Shake
-0.325,0.132,1.182,11.374,-15.031,-36.641,Shake
-0.219,0.152,1.229,2.511,-14.672,-40.649,Shake
-0.172,0.162,1.207,-1.901,-18.282,-39.26,Shake
-0.2,0.19,1.218,-1.771,-16.099,-41.557,Shake
-0.19,0.171,1.193,-7.183,-10.534,-49.786,Shake
-0.201,0.083,1.158,-1.511,-1.282,-54.45,Shake
-0.306,-0.02,1.198,1.878,-4.336,-55.16,Shake
-0.383,-0.029,1.263,-2.221,-15.29,-59.748,Shake
-0.256,-0.012,1.317,-12.664,-15.183,-69.626,Shake
-0.116,-0.09,1.235,-25.496,-6.687,-73.061,Shake
-0.131,-0.208,1.037,-21.74,-0.29,-70.863,Shake
-0.258,-0.256,0.957,-3.817,5.313,-63.344,Shake
-0.392,-0.227,0.938,6.817,4.473,-60.344,Shake
-0.386,-0.12,0.916,10.099,-5,-64.985,Shake
-0.062,-0.058,0.999,12.611,-13.885,-65.802,Shake
0.148,-0.028,1.062,9,-13.847,-53.153,Shake
0.196,-0.013,1.065,6.137,-16.176,-39.221,Shake
0.177,-0.012,1.048,1.962,-14.496,-30.756,Shake
0.065,0.008,1.085,10.153,-0.084,-33.893,Shake
-0.009,0.031,1.105,4.763,8.092,-42.16,Shake
0.036,-0.057,1.042,0.992,2.198,-39.435,Shake
0.012,-0.093,0.986,6.863,-3.053,-29.168,Shake
-0.098,-0.074,1.075,13.382,-1.779,-21.855,Shake
-0.167,-0.074,1.117,6.87,0.695,-21.214,Shake
-0.235,-0.091,1.064,-2.374,-0.885,-24.412,Shake
-0.182,-0.156,0.993,0.382,-2.427,-26.969,Shake
-0.123,-0.193,0.95,10.366,3.725,-19.092,Shake
-0.226,-0.146,1.018,18.153,-0.863,-12.588,Shake
-0.243,-0.157,1.036,10.389,-4.931,-12.458,Shake
-0.201,-0.217,0.996,10.626,-12.176,-9.656,Shake
-0.094,-0.286,1.017,16.557,-19.206,-1.16,Shake
-0.056,-0.306,1.116,30.618,-13.557,14.076,Shake
-0.086,-0.273,1.222,33.679,-4.244,19.13,Shake
-0.135,-0.262,1.287,21.863,3.221,12.687,Shake
-0.048,-0.32,1.183,12.626,-2.29,8.985,Shake
0.113,-0.368,1.113,17.153,5.328,23.435,Shake
0.046,-0.286,1.118,14.542,11.641,39.573,Shake
-0.04,-0.229,0.982,11.786,17.557,40.298,Shake
-0.093,-0.182,0.908,20.756,20.863,38.908,Shake
-0.225,-0.125,0.883,25.145,12.603,35.863,Shake
-0.12,-0.069,1.004,32.023,2.061,34.756,Shake
-0.039,0.084,1.129,23.435,-7.122,45.977,Shake
-0.26,0.106,1.12,1.786,-8.573,53.13,Shake
-0.493,0.006,1.029,1.244,-15.809,44.847,Shake
-0.418,0.067,1.008,21.847,-21.718,33.542,Shake
-0.215,0.192,1.458,43.641,-2.084,26.427,Shake
-0.259,0.236,1.632,13.061,17.885,24.519,Shake
-0.346,0.167,1.493,-18.534,15.58,29.046,Shake
-0.459,0.149,1.277,-22.588,9.855,26.015,Shake
-0.349,0.126,1.254,-5.786,15.42,12.588,Shake
-0.352,0.135,1.296,-13.267,25.763,4.863,Shake
-0.417,0.114,1.155,-27.313,20.649,0.847,Shake
-0.393,0.16,0.927,-30.748,-1.626,0.855,Shake
-0.214,0.285,0.977,-7.802,-23.649,-3.656,Shake
0.026,0.283,1.123,-12.42,-31.901,8.802,Shake
-0.078,0.332,1.154,-23.069,-30.412,17.565,Shake
-0.23,0.329,0.939,-20.214,-31.473,3.29,Shake
0.002,0.431,1.043,8.527,-17.763,-17.107,Shake
0.18,0.53,1.28,5.84,-0.45,-20.008,Shake
0.156,0.583,1.296,-14.412,3.351,-18.351,Shake
0.121,0.461,1.127,-30.031,-1.13,-16.748,Shake
0.02,0.318,0.951,-26.511,-2.443,-14.389,Shake
0.007,0.252,0.946,-11.389,-9.252,-11.634,Shake
0.02,0.231,0.988,-8.992,-18.58,-6,Shake
0.04,0.161,1.037,-2.931,-13.397,-5,Shake
0.014,0.095,1.089,7.885,0.756,-2.267,Shake
-0.141,0.121,1.139,10.267,13.443,-1.473,Shake
-0.236,0.116,1.183,9.282,7.756,-6.885,Shake
-0.255,0.044,1.195,3.786,7.053,-11.992,Shake
-0.241,-0.011,1.175,6.053,12.29,-16.244,Shake
-0.208,-0.042,1.158,5.855,17.87,-17.992,Shake
-0.167,-0.083,1.165,2.756,15.656,-13.565,Shake
-0.185,-0.118,1.122,-8.519,9.954,-11.168,Shake
-0.167,-0.21,1.025,-7.366,9.405,-9.45,Shake
-0.168,-0.306,0.947,3.313,11.786,-8.13,Shake
-0.248,-0.356,0.922,17.305,10.847,-5.84,Shake
-0.26,-0.351,1.088,14.13,10.374,-10.809,Shake
-0.257,-0.43,0.988,-9.855,14.084,-15.176,Shake
-0.204,-0.516,0.863,-3.122,4.092,-7.366,Shake
-0.223,-0.48,0.891,8.221,-2.863,6.389,Shake
-0.243,-0.39,0.991,6.588,-8.405,11.427,Shake
-0.223,-0.379,0.995,2.924,-7.786,13.031,Shake
-0.248,-0.373,1.027,3.656,-8.618,16.13,Shake
-0.248,-0.331,1.031,-2.557,-16.634,25.42,Shake
-0.262,-0.248,0.989,0.023,-25.206,30.275,Shake
-0.315,-0.146,1.023,10.13,-20.695,21.931,Shake
-0.28,-0.037,1.137,15.947,-19.573,12.702,Shake
-0.118,0.095,1.198,-0.237,-35.092,14.061,Shake
-0.025,0.055,1.146,0.29,-35.313,18.802,Shake
-0.068,0.126,1.097,10.832,-21.405,16.748,Shake
-0.057,0.304,1.237,26.321,-12.832,5.511,Shake
-0.05,0.366,1.296,13.099,-8.328,0.557,Shake
-0.117,0.353,1.218,0.069,-8.542,-0.031,Shake
-0.134,0.32,1.104,-6.046,-20.55,0.618,Shake
0.071,0.346,1.139,3.389,-28.519,-1.328,Shake
0.182,0.421,1.235,4.573,-8.771,-2.832,Shake
0.185,0.457,1.275,1.878,7.336,-5.038,Shake
0.111,0.408,1.188,-7.664,11.985,-2.42,Shake
0.032,0.348,1.082,-7.954,3.427,2.87,Shake
0.05,0.325,1.102,-1.603,3.458,5.351,Shake
0.065,0.313,1.185,-0.099,11.771,7.855,Shake
-0.008,0.276,1.244,-3.16,18.527,8.496,Shake
-0.104,0.218,1.174,-9.931,19.618,9.252,Shake
-0.193,0.19,1.118,-6.863,17.466,6.046,Shake
-0.213,0.13,1.137,-8.366,10.573,6.275,Shake
-0.218,0.078,1.098,-11.389,-1.267,11.42,Shake
-0.225,0.014,1.059,-5.855,-6,9.847,Shake
-0.208,-0.049,1.078,6.252,-1.58,5.244,Shake
-0.24,-0.045,1.165,11.649,9.847,-3.282,Shake
-0.28,-0.098,1.151,-7.229,14.122,-12.664,Shake
-0.296,-0.187,0.997,-12.695,11.389,-22.176,Shake
-0.252,-0.26,0.898,1.542,8.855,-30.221,Shake
-0.199,-0.33,0.91,15.473,8.672,-26.687,Shake
-0.245,-0.357,1.019,15.992,4.985,-21.702,Shake
-0.279,-0.408,1.06,-3.16,3.565,-23.389,Shake
-0.211,-0.525,0.933,-13.565,-5.298,-22.023,Shake
-0.144,-0.628,0.888,-0.305,-15.794,-6.16,Shake
-0.144,-0.609,1.002,9.824,-20.908,16.855,Shake
-0.199,-0.48,1.068,6.71,-19.763,27.275,Shake
-0.241,-0.359,0.995,6.588,-11.962,24.557,Shake
-0.218,-0.264,0.906,16.046,1.969,14.847,Shake
-0.107,-0.199,0.998,23.336,-0.626,15.962,Shake
-0.005,-0.144,1.105,8.824,-18.939,31.817,Shake
-0.039,-0.1,1.093,-6.313,-32.565,42.786,Shake
-0.055,-0.062,1.12,1.183,-32.718,39.015,Shake
-0.112,0.012,1.204,8.611,-17.389,33.366,Shake
-0.18,0.116,1.18,4.87,-10.176,23.824,Shake
-0.089,0.162,1.147,13.74,-3.351,10.137,Shake
0.027,0.229,1.166,19.122,-3.443,11.496,Shake
0.061,0.285,1.218,18.305,-9.908,23.023,Shake
-0.036,0.369,1.2,7.519,-10.16,25.053,Shake
-0.089,0.425,1.137,3.214,0.878,10.534,Shake
-0.009,0.475,1.056,12.069,4.45,-4.863,Shake
0.165,0.486,1.197,13.855,-0.275,-1.466,Shake
0.092,0.489,1.254,-5.519,-2.45,8.198,Shake
-0.013,0.408,1.13,-17.847,-8.397,7.817,Shake
0,0.311,1.095,-14.427,-7.13,7.206,Shake
0.003,0.262,1.142,-5.031,-0.214,6.473,Shake
0.006,0.256,1.212,-1.183,11.901,1.809,Shake
0.003,0.243,1.24,-6.733,17.58,2.206,Shake
-0.074,0.19,1.177,-13.802,15.214,7.153,Shake
-0.156,0.132,1.111,-10.115,12.015,4.84,Shake
-0.179,0.088,1.106,-4.969,12.763,-1.527,Shake
-0.166,0.04,1.129,-0.519,16.389,-6.275,Shake
-0.194,0.012,1.113,-3.656,16.42,-9.298,Shake
-0.205,-0.055,1.086,-9.046,12.489,-13.527,Shake
-0.231,-0.142,0.998,-10.145,11.191,-19.947,Shake
-0.234,-0.193,0.941,1.664,15.565,-28.855,Shake
-0.209,-0.228,0.955,13.275,18.214,-34.344,Shake
-0.226,-0.287,1.022,13.656,12.687,-30.168,Shake
-0.273,-0.335,1.016,5.046,2.031,-27.634,Shake
-0.261,-0.372,0.962,0.695,-5.214,-27.198,Shake
-0.228,-0.415,0.99,10.122,-2.519,-22.687,Shake
-0.271,-0.379,1.028,12.183,-5.282,-16.29,Shake
-0.294,-0.353,1.081,6.275,-7.519,-18.061,Shake
-0.33,-0.4,1.061,-2.527,-8.305,-18.595,Shake
-0.342,-0.435,0.989,-6.519,-21.435,-10.397,Shake
-0.265,-0.356,0.944,-6.855,-37.603,0.855,Shake
-0.139,-0.294,1.127,3.794,-50.893,5.023,Shake
-0.176,-0.202,1.271,-0.237,-35.779,-0.794,Shake
-0.239,-0.131,1.229,-1.16,-11.847,-16.282,Shake
-0.193,-0.064,1.234,-5.55,-10.053,-17.511,Shake
-0.097,-0.081,1.073,-5.588,-22.763,-1.71,Shake
-0.128,0.044,0.985,19.481,-29.489,6.221,Shake
-0.067,0.296,1.204,30.397,-21.962,-4.55,Shake
0.078,0.438,1.253,20.328,-6.115,-21.679,Shake
0.281,0.472,1.182,18.962,-1.702,-23.359,Shake
0.419,0.497,1.253,13.748,-5.84,-7.55,Shake
0.395,0.484,1.303,-0.985,-1.916,6.198,Shake
0.283,0.438,1.161,-15.672,16.313,10.733,Shake
0.156,0.393,1.042,-16.771,16.206,13.809,Shake
0.094,0.339,1.041,-9.069,6.511,14.374,Shake
0.129,0.292,1.107,-12.13,7.008,18.229,Shake
0.062,0.246,1.105,-13.206,13.802,21.053,Shake
-0.058,0.196,1.092,-8.229,23.962,20.13,Shake
-0.187,0.141,1.08,-4.733,25.107,13.45,Shake
-0.215,0.105,1.077,0.435,23.725,5.878,Shake
-0.189,0.07,1.111,2.435,22.802,0.221,Shake
-0.18,-0.009,1.113,1.344,24.382,1.672,Shake
-0.277,-0.047,1.081,5.626,30.214,3.71,Shake
-0.377,-0.013,1.063,11.802,22.321,-8.191,Shake
-0.342,-0.035,1.091,14.122,20.519,-23.954,Shake
-0.279,-0.112,1.113,10.069,20.275,-27.16,Shake
-0.288,-0.188,1.043,-2.863,13.908,-21.466,Shake
-0.328,-0.263,0.933,-5.13,2.756,-18.336,Shake
-0.386,-0.319,0.88,3.237,-8.794,-22.634,Shake
-0.37,-0.352,0.944,7.038,-7.87,-30.817,Shake
-0.283,-0.381,0.98,1.664,-11.237,-32.13,Shake
-0.217,-0.435,0.905,-5.863,-16.656,-21.74,Shake
-0.187,-0.472,0.845,3.16,-22.031,-10.695,Shake
-0.12,-0.415,0.929,17.427,-26.176,0.015,Shake
-0.101,-0.348,1.077,17.26,-23.092,7.679,Shake
-0.161,-0.333,1.072,11.611,-17.702,9.282,Shake
-0.221,-0.326,1.07,14.802,-13.756,9.26,Shake
-0.193,-0.269,1.08,13.191,-22.336,13.756,Shake
-0.054,-0.199,1.086,17.206,-36.947,21.511,Shake
-0.003,-0.112,1.177,22.908,-29.802,25.87,Shake
-0.07,0.018,1.242,20.115,-20.969,22.137,Shake
-0.07,0.086,1.246,10.885,-18.206,14.656,Shake
0.006,0.141,1.165,5.412,-17.847,12.977,Shake
0.046,0.183,1.16,16.198,-14.878,12.771,Shake
-0.004,0.263,1.27,12.336,-6.809,9.382,Shake
-0.067,0.305,1.178,-3.473,-8.443,3.779,Shake
0.025,0.325,1.126,-1.366,-20.588,-0.298,Shake
0.132,0.344,1.155,1.16,-16.176,3.145,Shake
0.074,0.411,1.206,2.168,-7.374,7.198,Shake
0.031,0.41,1.167,-0.427,-3.542,-1.153,Shake
0.096,0.338,1.145,4.466,5.702,-4.046,Shake
0.092,0.307,1.163,11.321,11.389,2.626,Shake
0.102,0.325,1.228,13.298,15.244,9.374,Shake
0.075,0.349,1.278,6.824,18.664,15.015,Shake
-0.014,0.355,1.262,-12.397,15.061,16.42,Shake
-0.075,0.257,1.143,-23.779,1.718,13.366,Shake
-0.091,0.149,1.099,-18.45,4.305,3.321,Shake
-0.115,0.076,1.044,-10.748,18.389,-8.046,Shake
-0.144,0.016,1.052,-3.924,22.366,-13.786,Shake
-0.153,-0.046,1.07,-7.466,19.344,-12.183,Shake
-0.166,-0.096,1.021,-5.076,12.511,-12.427,Shake
-0.197,-0.186,1.036,-5.504,11.221,-12.74,Shake
-0.243,-0.224,0.976,-6.359,13.885,-18.16,Shake
-0.166,-0.235,0.917,6.458,12.015,-22.298,Shake
-0.118,-0.193,1.017,13.153,13.817,-16.641,Shake
-0.162,-0.213,1.112,3.191,7.412,-3.313,Shake
-0.261,-0.265,1.073,-10.55,-8.511,6.962,Shake
-0.338,-0.368,1.008,-13.069,-15.855,3.137,Shake
-0.331,-0.458,0.968,-9.13,-12.244,-3.427,Shake
-0.229,-0.479,0.997,-1.664,-16.282,0.794,Shake
-0.154,-0.437,1.049,0.198,-17.16,8.176,Shake
-0.133,-0.383,1.166,1.038,-15.008,11.206,Shake
-0.242,-0.349,1.156,-8.221,-7.725,8.435,Shake
-0.324,-0.333,1.055,-8.076,-3.687,-1.458,Shake
-0.275,-0.299,1.03,-5.824,-8.733,2.115,Shake
-0.276,-0.232,1.002,-13.802,-24.336,12.802,Shake
-0.26,-0.147,0.875,-2.397,-37.511,9.893,Shake
-0.027,-0.066,0.949,16.153,-34.214,1.679,Shake
0.066,0.089,1.011,30.733,-26.374,2.031,Shake
0.185,0.208,1.129,32.412,-32.908,9.458,Shake
0.207,0.272,1.179,29.542,-28.473,15.374,Shake
0.115,0.326,1.194,32.115,-14.626,10.534,Shake
0.091,0.381,1.211,26.191,-6.908,2.794,Shake
0.133,0.391,1.181,18.45,-14.084,4.366,Shake
0.204,0.446,1.173,16.939,-19.519,8.412,Shake
0.243,0.47,1.262,7.885,-11.214,8.046,Shake
0.213,0.468,1.222,-2.069,-1.099,3.733,Shake
0.151,0.391,1.153,-1.504,4.817,1.74,Shake
0.132,0.349,1.168,2.611,9.26,0.969,Shake
0.136,0.341,1.2,-0.145,13.855,1.924,Shake
0.144,0.316,1.199,-4.389,18.687,0.954,Shake
0.116,0.22,1.163,-8.267,19.786,3.679,Shake
0.015,0.135,1.12,-7.511,29.122,6.641,Shake
-0.112,0.134,1.028,1.16,33.84,0.458,Shake
-0.131,0.11,1.075,6.916,31.198,-8.382,Shake
-0.138,0.02,1.094,3.443,24.473,-7.718,Shake
-0.182,-0.017,1.126,-1.718,19.153,-7.748,Shake
-0.23,-0.05,1.095,-6.71,10.099,-15.794,Shake
-0.217,-0.112,1.086,-10.588,8.748,-23.725,Shake
-0.208,-0.165,1.014,-10.496,13.595,-27.443,Shake
-0.198,-0.207,0.999,-1.122,11.802,-24.55,Shake
-0.214,-0.261,1.062,0.504,-1.084,-13.58,Shake
-0.197,-0.312,1.142,-6.206,-11.443,-4.435,Shake
-0.227,-0.334,1.119,-18.595,-4.947,-5.863,Shake
-0.292,-0.387,1.022,-18.771,0.313,-10.008,Shake
-0.332,-0.403,0.998,-4.969,1.947,-11.901,Shake
-0.369,-0.36,1.035,2.382,2.595,-14.786,Shake
-0.403,-0.273,1.093,3.489,2.458,-19.435,Shake
-0.466,-0.191,1.053,3.542,-2.244,-33.84,Shake
-0.486,-0.161,1.053,14.107,6.191,-43.115,Shake
-0.527,-0.073,1.069,11.427,-2.481,-47.74,Shake
-0.412,-0.009,1.104,-1.115,-23.29,-48.084,Shake
-0.276,0.004,1.149,-9,-45.107,-44.351,Shake
-0.208,0.003,1.187,-25.321,-47.176,-47.244,Shake
-0.146,-0.003,1.039,-25.489,-36.084,-58.489,Shake
-0.007,-0.004,0.938,-15.718,-36.16,-68.443,Shake
0.337,0.013,0.875,5.504,-43.389,-63.695,Shake
0.746,0.026,1.023,24.206,-30.573,-45.046,Shake
0.882,0.028,1.159,25.237,-7.786,-16.344,Shake
0.876,0.022,1.152,17.366,1.931,11.458,Shake
0.785,-0.023,1.129,17.275,4.855,39.267,Shake
0.569,-0.087,1.078,14.427,10.145,66.458,Shake
0.355,-0.091,1.018,19.962,15.489,81.359,Shake
0.283,-0.101,1.035,31.107,24.687,85.618,Shake
0.167,-0.105,1.09,35.137,32.977,96.053,Shake
0.021,-0.085,1.1,40.298,25.573,109.557,Shake
-0.201,-0.011,1.182,35.534,25.466,113.679,Shake
-0.389,0.021,1.162,29.344,26.076,103.16,Shake
-0.517,0.045,1.152,29.534,24.29,87.55,Shake
-0.559,0.068,1.115,26.153,19.733,67.931,Shake
-0.521,0.098,1.113,28.008,17.084,51.802,Shake
-0.484,0.148,1.125,17.908,8.374,41.42,Shake
-0.473,0.162,1.092,9.672,-5.985,29.786,Shake
-0.417,0.193,1.046,0.618,-12.275,16.321,Shake
-0.286,0.246,0.953,-0.229,-10.885,3.565,Shake
-0.171,0.329,0.943,8.267,-8.855,-5.115,Shake
-0.02,0.418,0.995,13.817,-6.779,-10.641,Shake
0.147,0.531,1.084,12.985,-4.649,-8.664,Shake
0.251,0.624,1.136,9.092,-6.687,-3.611,Shake
0.288,0.61,1.19,1.634,-6.076,4.511,Shake
0.177,0.53,1.103,-10.954,-3.267,12.649,Shake
0.106,0.475,1,-4.824,0.481,12.901,Shake
0.11,0.463,1.071,8.099,6.534,12.45,Shake
-0.003,0.418,1.183,9.473,12.183,13.817,Shake
-0.049,0.393,1.204,-1.473,7.855,15.969,Shake
-0.047,0.336,1.117,-12.847,0.489,17.832,Shake
-0.156,0.236,1.005,-5.305,-12.748,10.382,Shake
-0.122,0.206,1.067,7.824,-11.008,-2.771,Shake
-0.098,0.149,1.051,8.962,0.817,-8.344,Shake
-0.189,0.103,1.086,21.397,-4.305,-6.924,Shake
-0.165,0.128,1.179,26.313,-8.015,-5.641,Shake
-0.147,0.186,1.291,17.336,-7.366,-5.244,Shake
-0.195,0.155,1.317,-10.084,-10.771,-7.634,Shake
-0.2,0.073,1.184,-28.344,-16.053,-14.817,Shake
-0.153,-0.024,1.031,-29.229,-9.16,-23.198,Shake
-0.15,-0.119,1,-13.672,-4.397,-21.427,Shake
-0.186,-0.178,1.021,-5.985,-8.725,-12.336,Shake
-0.211,-0.179,1.104,-2.771,-11.718,-8.099,Shake
-0.293,-0.185,1.184,-26.74,-6.206,-9.336,Shake
-0.29,-0.274,1.053,-44.267,-18.412,-12.145,Shake
-0.196,-0.385,0.896,-44.13,-28.366,-15.817,Shake
-0.095,-0.486,0.828,-20.672,-31.901,-18.962,Shake
0.028,-0.478,0.957,2.092,-19.496,-18.198,Shake
0.045,-0.424,1.051,5.603,-3.145,-10.809,Shake
-0.029,-0.362,1.027,6.519,1.962,-1.687,Shake
-0.125,-0.301,1.022,7.374,1.573,4.695,Shake
-0.128,-0.241,1.047,3.863,-16.267,9.695,Shake
-0.036,-0.186,1.109,-3.55,-28.527,10.718,Shake
-0.017,-0.135,1.068,-11.588,-23.321,6.015,Shake
0.041,-0.061,1.049,-1.565,-19.962,-1.87,Shake
0.181,-0.006,1.099,6.344,-28.405,1.656,Shake
0.235,0.071,1.122,9.061,-25.786,12.298,Shake
0.181,0.189,1.091,19.702,-11.099,15.573,Shake
0.096,0.318,1.134,37.557,-6.206,8.954,Shake
0.102,0.389,1.258,38.107,-5.176,6.847,Shake
0.011,0.436,1.267,28.573,2.847,7.595,Shake
0.031,0.54,1.295,11.878,-12.969,4.695,Shake
0.176,0.562,1.264,5.16,-19.466,-1.496,Shake
0.346,0.555,1.221,7.183,-6.519,-1.656,Shake
0.353,0.566,1.249,12.832,13.496,-0.519,Shake
0.27,0.531,1.264,2.229,19.298,3.137,Shake
0.179,0.445,1.127,-8.931,13.153,8.321,Shake
0.148,0.382,1.059,-4.626,8.305,8.443,Shake
0.161,0.323,1.07,1.977,13.42,9.168,Shake
0.146,0.257,1.047,7.832,15.87,12.832,Shake
0.069,0.236,1.053,20.794,18.275,16.924,Shake
0.014,0.268,1.246,16.397,16.824,16.099,Shake
-0.03,0.225,1.2,-8.977,14.573,11.084,Shake
-0.053,0.135,1.09,-12.168,14.725,4.641,Shake
-0.105,0.082,1.082,-4.641,12.214,1.168,Shake
-0.173,0.069,1.159,-6.229,15.298,-6.16,Shake
-0.224,0.003,1.148,-20.992,14.031,-17.679,Shake
-0.215,-0.101,1.061,-25.115,9.878,-26.611,Shake
-0.189,-0.179,1.008,-22.008,8.611,-31.954,Shake
-0.165,-0.227,0.985,-11.748,10.885,-36.733,Shake
-0.193,-0.247,1.025,-6.687,16.13,-40.336,Shake
-0.22,-0.277,1.019,-13.328,15.221,-42.206,Shake
-0.203,-0.354,0.984,-14.008,6.519,-38.45,Shake
-0.145,-0.395,0.954,-15.023,-3.13,-28.26,Shake
-0.126,-0.446,0.919,-14.458,-15.534,-13.29,Shake
-0.089,-0.457,0.917,-8.603,-25.595,-1.878,Shake
-0.06,-0.433,0.91,-0.908,-26.725,3.71,Shake
-0.053,-0.384,0.915,14.672,-16.359,4.687,Shake
-0.1,-0.289,1.017,26.221,-9.977,6.702,Shake
-0.094,-0.191,1.119,19.756,-13.725,9.405,Shake
-0.082,-0.14,1.127,5.321,-22.115,11.504,Shake
-0.04,-0.084,1.09,4.656,-28.679,8.008,Shake
0.033,-0.04,1.059,11.519,-18.664,4.061,Shake
0,0.06,1.08,26.939,1.183,1.237,Shake
-0.008,0.213,1.13,38.794,10.748,-6.481,Shake
0.01,0.323,1.222,32.588,16.779,-12.542,Shake
-0.043,0.359,1.207,24.511,7.924,-14.29,Shake
0.094,0.409,1.241,6.405,-19.595,2.634,Shake
0.116,0.444,1.156,-5.87,-40.504,17.595,Shake
0.157,0.469,1.134,0.985,-36.176,15.153,Shake
0.248,0.504,1.208,8.183,-21.084,3.206,Shake
0.344,0.492,1.254,2.947,-12.405,4.504,Shake
0.313,0.439,1.234,-5.481,-13.672,18.16,Shake
0.219,0.417,1.186,-4.71,-11.557,22.443,Shake
0.154,0.386,1.169,0.695,4.282,15.725,Shake
0.097,0.362,1.172,6.313,15.397,7.214,Shake
0.048,0.31,1.188,-0.115,21.55,1.656,Shake
0.036,0.197,1.107,-6.84,21.26,0.298,Shake
0.007,0.111,1.034,-0.924,23.962,2.443,Shake
-0.089,0.059,1.006,2.481,18.534,-2.206,Shake
-0.132,-0.004,1.027,10.863,20.687,-19.229,Shake
-0.162,-0.056,1.085,5.015,28.87,-33.947,Shake
-0.078,-0.145,1.034,2.183,20.84,-35.954,Shake
-0.014,-0.219,1.002,0.656,11.206,-24.977,Shake
-0.058,-0.244,1.084,6.748,5.893,-13.87,Shake
-0.134,-0.222,1.148,-1.443,3.779,-12.733,Shake
-0.113,-0.219,1.1,-7.954,6.374,-19.359,Shake
-0.08,-0.221,1.052,-5.695,5.351,-14.55,Shake
-0.127,-0.22,1.106,-6.763,-2.344,-2.038,Shake
-0.2,-0.218,1.117,-14.992,-10.595,4.954,Shake
-0.201,-0.21,1.07,-18.885,-12.809,5.519,Shake
-0.172,-0.194,1.054,-18.809,-11.962,3.588,Shake
-0.067,-0.193,1.066,-13.496,-14.237,3,Shake
0.009,-0.208,1.071,-11.458,-12.244,6.504,Shake
0.022,-0.203,1.081,-7.595,-12.931,12.527,Shake
0.018,-0.191,1.077,-1.16,-10.885,13.87,Shake
-0.041,-0.16,1.098,1.511,-5.534,16.214,Shake
-0.117,-0.111,1.137,-2.679,-11.053,17.649,Shake
-0.092,-0.017,1.118,-12.557,-15.26,9.16,Shake
0.044,-0.005,1.102,-3.397,-15.328,2.817,Shake
0,0.042,1.185,13.565,-11.466,0.832,Shake
-0.163,0.14,1.267,9.962,4.229,-10.16,Shake
-0.271,0.218,1.282,3.649,22.748,-33.244,Shake
-0.174,0.246,1.223,-5.878,6.573,-44.183,Shake
-0.037,0.204,1.187,-10.168,-8.58,-36.695,Shake
0.079,0.219,1.159,-16.015,-7.771,-25.763,Shake
0.125,0.281,1.138,-4.344,-9.985,-23.58,Shake
0.231,0.347,1.149,6.313,8.511,-32.756,Shake
0.427,0.317,1.156,14.611,14.511,-23.733,Shake
0.368,0.216,1.157,7.16,12.954,5.176,Shake
0.171,0.138,1.009,5.618,4.748,22.282,Shake
0.279,0.076,0.956,22.771,-14.031,29.26,Shake
0.467,0.003,0.987,52.252,-0.771,51.237,Shake
0.301,0.104,1.211,51.115,31.672,72.809,Shake
0.082,0.188,1.15,19.107,38.374,90.038,Shake
-0.066,0.228,0.975,9.321,17.901,101.87,Shake
-0.134,0.24,0.957,21.756,3.87,102.641,Shake
-0.193,0.287,1.038,31.679,8.458,89.809,Shake
-0.278,0.309,1.183,35.672,18.962,72.183,Shake
-0.355,0.302,1.315,21.473,14.992,52.107,Shake
-0.327,0.25,1.269,-7.282,5.687,38.183,Shake
-0.293,0.198,1.165,-16.969,8.611,22.634,Shake
-0.215,0.139,1.078,-16.229,13.931,11.802,Shake
-0.178,0.067,1.018,-5.824,13.061,13.275,Shake
-0.259,0.084,1.08,-3.328,20.366,13.511,Shake
-0.313,0.064,1.085,-14.458,12.29,9.046,Shake
-0.299,-0.022,1.112,-28.672,-1.962,12.183,Shake
-0.324,-0.077,1.093,-45.855,-8.977,15.397,Shake
-0.385,-0.089,1.079,-56.542,-10.702,6.55,Shake
-0.431,-0.138,1.05,-65.84,-21.229,-11.42,Shake
-0.333,-0.217,0.96,-64.718,-26.366,-35.191,Shake
-0.159,-0.322,0.862,-44.634,-21.893,-51.397,Shake
-0.076,-0.413,0.925,-16.29,-20.649,-44.847,Shake
-0.118,-0.465,1.057,-13.641,-23.45,-36.031,Shake
-0.148,-0.506,1.028,-25.504,-25.809,-42.466,Shake
-0.054,-0.505,0.881,-15.664,-17.084,-53.954,Shake
-0.025,-0.464,0.87,14.511,-4.168,-59.183,Shake
-0.029,-0.395,0.999,22.519,-5.511,-63.008,Shake
0.033,-0.322,0.942,17.71,-11.84,-66.901,Shake
0.159,-0.246,0.914,35.473,-4.382,-59.206,Shake
0.279,-0.19,0.97,53.214,-3.168,-24.962,Shake
0.3,-0.103,1.041,59.069,-17.725,24.916,Shake
0.21,0.041,1.097,64.534,-24.336,51.939,Shake
0.113,0.206,1.222,67.267,-6.916,46.069,Shake
0.087,0.331,1.33,61.794,-5.298,35.916,Shake
0.068,0.44,1.385,48.328,-0.191,32.656,Shake
0.021,0.514,1.409,30.336,-0.901,39.351,Shake
-0.032,0.514,1.321,7.885,-3.122,36.977,Shake
-0.014,0.535,1.26,7.756,-0.221,18.58,Shake
0.028,0.527,1.275,7.206,19.832,-3.794,Shake
0.059,0.538,1.278,-3.626,24.84,-17.443,Shake
0.093,0.501,1.206,-24.366,14.885,-21.321,Shake
0.183,0.393,1.028,-33.382,4.916,-17.275,Shake
0.26,0.281,0.967,-24.992,-0.099,-5.137,Shake
0.275,0.203,0.977,-12.084,5.137,12.733,Shake
0.156,0.227,1.059,-1.847,13.809,23.176,Shake
0.085,0.221,1.023,-3.214,10.542,24.046,Shake
0.098,0.17,0.971,6.046,1.924,29.595,Shake
0.046,0.153,1.056,13.107,-1.511,34.664,Shake
-0.045,0.138,1.124,8.031,2.863,31.71,Shake
-0.083,0.092,1.13,6.725,6.023,28.763,Shake
-0.1,0.04,1.144,5.672,8.695,30.557,Shake
-0.17,0.026,1.195,-2.603,12.176,37.374,Shake
-0.276,0.015,1.168,-15.244,0.969,38.099,Shake
-0.298,0.001,1.184,-29.29,-12.229,32.687,Shake
-0.269,-0.006,1.21,-45.13,-15.985,34.305,Shake
-0.296,-0.046,1.117,-61.504,-15.763,31.145,Shake
-0.336,-0.057,1.086,-65.023,-13.634,22.733,Shake
-0.388,-0.104,1.053,-65.42,-12.939,3.588,Shake
-0.384,-0.145,1.026,-66.405,-17.382,-21.824,Shake
-0.312,-0.198,1.016,-65.061,-13.45,-52.389,Shake
-0.164,-0.285,0.885,-61.466,-9.359,-76.198,Shake
-0.052,-0.363,0.814,-37.221,-11.809,-85.214,Shake
-0.072,-0.38,0.85,-16.176,-2.137,-96.939,Shake
-0.11,-0.369,0.852,-5.412,-1.489,-120.969,Shake
0.052,-0.351,0.84,3.198,-4.374,-145.069,Shake
0.392,-0.396,0.738,20.954,-6.901,-141.794,Shake
0.651,-0.446,0.816,62.557,-1.26,-102.916,Shake
0.6,-0.356,1.078,74.809,9.901,-46.87,Shake
0.453,-0.327,1.204,53.328,4.397,-4.901,Shake
0.44,-0.344,1.029,40.038,-7.985,23.794,Shake
0.445,-0.265,0.961,68.076,-1.931,55.985,Shake
0.344,-0.129,1.154,90.351,7.16,86.046,Shake
0.142,0.036,1.385,73.42,8.794,106.336,Shake
0.002,0.095,1.35,42.053,-0.435,109.198,Shake
-0.104,0.093,1.292,29.267,-6.588,102.618,Shake
-0.088,0.063,1.226,25.557,-13.504,91.809,Shake
-0.055,0.073,1.246,31.42,-5.107,81.275,Shake
-0.141,0.153,1.33,38.527,17.031,68.725,Shake
-0.301,0.25,1.328,26.489,25.519,54.214,Shake
-0.428,0.318,1.352,10.962,12.237,33.198,Shake
-0.423,0.312,1.355,-15.595,1.954,5.076,Shake
-0.271,0.248,1.192,-47.183,-10.16,-18.916,Shake
-0.236,0.172,1.029,-44.718,-21.687,-40.489,Shake
-0.231,0.134,0.986,-27.527,-14.214,-74.29,Shake
-0.013,0.159,1.013,-22.321,2.153,-99.695,Shake
0.102,0.106,0.942,-27.763,-3.328,-98.87,Shake
0.252,0.098,0.827,-11.053,-8.168,-89.015,Shake
0.436,0.127,0.843,7.267,-15.649,-75.099,Shake
0.53,0.169,0.925,24.908,-0.107,-58.443,Shake
0.731,0.262,0.954,39.992,10.985,-35.893,Shake
0.886,0.339,1.132,41.015,2.237,6.802,Shake
0.785,0.339,1.148,20.87,14.244,51.473,Shake
0.464,0.325,0.962,19.038,28.061,84.603,Shake
0.193,0.383,1.075,23.519,22.45,91.504,Shake
0.135,0.376,1.135,9.237,20.275,86.214,Shake
0.147,0.296,1.056,10.939,21.504,89.802,Shake
0.153,0.32,1.11,20.221,24.565,100.191,Shake
0.021,0.381,1.194,7.115,21.359,101.954,Shake
-0.169,0.333,1.216,-6.786,14.183,92.382,Shake
-0.265,0.292,1.179,-9.534,8.092,67.71,Shake
-0.204,0.247,1.122,-10.412,8.794,39.809,Shake
-0.133,0.18,1.054,-3.542,9.695,20.389,Shake
-0.162,0.166,1.159,9.351,15.282,9.153,Shake
-0.221,0.218,1.227,0.435,18.672,1.221,Shake
-0.239,0.168,1.206,-22.855,13.824,-12.023,Shake
-0.168,0.09,1.062,-32.733,9.824,-22.489,Shake
-0.129,-0.007,1.016,-19.061,10.443,-20.107,Shake
-0.169,-0.005,1.047,-14.015,15.969,-19.779,Shake
-0.239,-0.033,1.028,-16.092,12.008,-28.015,Shake
-0.279,-0.088,1.046,-15.252,4.298,-39.725,Shake
-0.22,-0.176,1.024,-18.855,-2.176,-43.534,Shake
-0.196,-0.241,1.013,-18.832,-11.649,-35.382,Shake
-0.18,-0.252,0.988,-22.878,-22.641,-31.641,Shake
-0.171,-0.27,0.983,-20.511,-29.504,-33.053,Shake
-0.173,-0.286,0.95,-15.962,-31.809,-45.969,Shake
-0.094,-0.301,0.946,-0.481,-30.985,-58.519,Shake
-0.009,-0.243,1.05,7.534,-27.672,-65.198,Shake
0.085,-0.227,1.014,5.931,-14.137,-62.511,Shake
0.175,-0.199,1.004,22.305,-5.26,-52.412,Shake
0.203,-0.156,1.01,33.908,2.275,-37.771,Shake
0.207,-0.045,1.086,47.496,5.641,-28.328,Shake
0.284,0.043,1.21,46.786,6.389,-14.412,Shake
0.334,0.108,1.288,35.023,8.13,8.328,Shake
0.276,0.138,1.296,16.145,1.718,40.992,Shake
0.137,0.119,1.219,-1.145,-17.298,63.962,Shake
0.091,0.096,1.187,3.046,-21.702,69.656,Shake
0.073,0.092,1.229,8.481,-14.954,64.702,Shake
0.044,0.116,1.253,10.87,-2.809,54.527,Shake
0.091,0.154,1.27,12.931,9.939,46.626,Shake
0.059,0.198,1.255,13.733,21.237,44.893,Shake
-0.08,0.256,1.239,12.252,20.588,37.71,Shake
-0.229,0.32,1.227,5.061,17.58,19.405,Shake
-0.296,0.35,1.15,-5.191,8.687,-6.481,Shake
-0.241,0.314,1.111,-10.863,9.664,-26.885,Shake
-0.218,0.294,1.091,-21.435,0.611,-40.412,Shake
-0.218,0.267,1.075,-45.74,-11.649,-57.908,Shake
-0.102,0.16,0.966,-58.305,-16.336,-73.771,Shake
0.092,0.01,0.827,-57.496,-26.069,-74.832,Shake
0.219,-0.131,0.78,-38.611,-24.626,-58.427,Shake
0.266,-0.219,0.795,-13.527,-20.847,-35.908,Shake
0.321,-0.285,0.838,9.87,-23.55,-7.786,Shake
0.349,-0.235,0.922,35.786,-18.656,16.168,Shake
0.344,-0.11,1.168,51.099,-2.916,29.229,Shake
0.264,0.005,1.255,35.504,9.885,37.275,Shake
0.231,0.069,1.143,31.939,10.427,44.924,Shake
0.154,0.155,1.12,39.947,7.176,49.855,Shake
0.014,0.239,1.216,36.275,1.763,45.588,Shake
-0.064,0.275,1.252,23,-5.832,30.504,Shake
-0.081,0.27,1.178,11.481,-3.931,9.366,Shake
-0.05,0.251,1.164,7.802,-2.962,-5.237,Shake
-0.055,0.226,1.155,7.389,-2.71,-13.847,Shake
-0.096,0.222,1.132,1.069,-4.672,-26.466,Shake
-0.066,0.172,1.142,2.237,-7.26,-39.481,Shake
0.005,0.127,1.148,-3.58,-4.824,-42.061,Shake
0.011,0.091,1.132,-8.885,-6.26,-37.427,Shake
-0.043,0.069,1.133,-12.252,-9.107,-33.244,Shake
-0.109,0.074,1.15,-16.282,-8.466,-38.275,Shake
-0.131,0.068,1.132,-19.954,-4.16,-53.832,Shake
-0.066,0.026,1.101,-19.969,-4.206,-64.145,Shake
-0.071,-0.032,1.133,-20.382,-5.702,-64.153,Shake
-0.099,-0.058,1.185,-29.916,-13.519,-60.397,Shake
-0.11,-0.08,1.167,-49.053,-23.779,-64.557,Shake
-0.007,-0.12,1.065,-56.71,-25.206,-79.466,Shake
0.176,-0.209,0.926,-41.435,-18.267,-84.718,Shake
0.317,-0.261,0.958,-18.183,-10.313,-76.031,Shake
0.43,-0.318,0.972,-9.809,-12.847,-57.458,Shake
0.561,-0.368,0.915,-0.031,-23.763,-35.939,Shake
0.623,-0.414,0.898,22.557,-7.443,-5.244,Shake
0.564,-0.349,0.938,45.366,-0.656,30.046,Shake
0.47,-0.243,1.078,55.008,2.313,57.855,Shake
0.303,-0.141,1.176,45.756,10.908,76.695,Shake
0.181,-0.099,1.153,39.282,10.099,85.267,Shake
0.111,-0.122,1.154,36.977,7.107,86.435,Shake
0.038,-0.137,1.158,33,1.321,82.542,Shake
0.063,-0.117,1.138,34.252,-1.038,75.023,Shake
0.089,-0.041,1.197,39.405,10.069,77.321,Shake
-0.022,0.052,1.272,37.344,14.115,82.71,Shake
-0.181,0.09,1.344,24.893,3.298,74.221,Shake
-0.171,0.086,1.331,6.489,2.214,53.969,Shake
-0.136,0.077,1.251,-1.321,8.702,40.832,Shake
-0.22,0.085,1.193,-7.977,4.504,35.366,Shake
-0.293,0.131,1.137,-17.985,-7.473,17.893,Shake
-0.218,0.164,1.139,-22.557,-8.511,-11.191,Shake
-0.112,0.133,1.073,-24.374,2.756,-31.771,Shake
-0.028,0.135,1.05,-13.145,9,-48.481,Shake
0.005,0.176,1.135,-17.015,-2.397,-60.046,Shake
0.113,0.154,1.01,-42.939,-20.672,-58.656,Shake
0.199,0.153,0.835,-36.611,-29.107,-54.221,Shake
0.257,0.176,0.876,-8.817,-24.672,-58.26,Shake
0.458,0.215,1.027,-2.779,-20.305,-46.137,Shake
0.598,0.217,0.921,-5.656,-21.076,-16.878,Shake
0.678,0.252,0.966,19.679,-17.29,12.115,Shake
0.663,0.31,1.113,20.725,-7.008,31.275,Shake
0.529,0.25,1.02,16.137,9.435,50.389,Shake
0.408,0.195,0.921,33.359,12.679,68.695,Shake
0.406,0.232,1,55.351,11.924,89.763,Shake
0.32,0.367,1.241,52.282,20.71,99.183,Shake
0.244,0.35,1.187,28.802,32.87,97.885,Shake
0.165,0.325,1.09,35.878,34.374,94.916,Shake
0.122,0.33,1.094,40.45,32.969,90.794,Shake
-0.01,0.329,1.205,38.237,24.061,84.046,Shake
-0.094,0.308,1.172,19.313,15.718,70.901,Shake
-0.106,0.273,1.093,22.321,13.496,49.397,Shake
-0.134,0.279,1.184,28.145,22.061,28.359,Shake
-0.238,0.239,1.251,12.366,25.031,13.863,Shake
-0.293,0.232,1.27,-0.992,15.275,-7.443,Shake
-0.278,0.156,1.235,-24.092,9.26,-36.366,Shake
-0.197,0.09,1.124,-36.26,8.992,-53.061,Shake
-0.144,0.016,1.054,-35.954,8.893,-56.969,Shake
-0.194,-0.024,1.012,-33.053,6.656,-58.55,Shake
-0.248,-0.061,1.009,-32.863,-0.802,-65.107,Shake
-0.223,-0.113,1.033,-37.313,-15.13,-71.87,Shake
-0.14,-0.194,1.007,-43.901,-29.634,-74.252,Shake
-0.049,-0.289,0.96,-42.252,-37.916,-73.779,Shake
0.053,-0.382,0.928,-28.817,-38.74,-69.985,Shake
0.119,-0.439,0.954,-13.756,-33.435,-62.626,Shake
0.148,-0.423,0.982,-5.74,-26.702,-54.053,Shake
0.215,-0.411,0.935,8.71,-23.588,-43.885,Shake
0.232,-0.354,1.017,24.214,-14.718,-29.519,Shake
0.119,-0.274,1.145,24.42,-17.42,-15.748,Shake
0.012,-0.209,1.219,3.588,-28.786,-19.183,Shake
0.062,-0.185,1.127,-13.656,-38.084,-32.779,Shake
0.21,-0.158,1.076,-9.443,-26.496,-37.069,Shake
0.204,-0.041,1.145,-6.145,-19.16,-27.603,Shake
0.085,0.129,1.158,-7.336,-24.137,-27.611,Shake
0.073,0.241,1.209,0.069,-15.359,-46.672,Shake
0.056,0.294,1.224,14.924,14.588,-64.626,Shake
-0.001,0.387,1.33,9.336,16.053,-77.466,Shake
0.151,0.39,1.325,-17.802,-8.718,-77.611,Shake
0.354,0.231,1.145,-38.084,-31.618,-53.26,Shake
0.49,0.099,0.988,-27.359,-33.802,-30.618,Shake
0.584,0.04,0.94,-2.427,-11.321,-15.588,Shake
0.622,0.015,0.986,21.206,11.817,2.969,Shake
0.568,0.073,1.087,31.595,26.183,30.87,Shake
0.403,0.109,1.127,17.557,23.992,59.092,Shake
0.287,0.133,1.048,14.84,16.504,74.382,Shake
0.125,0.194,1.133,22.771,14.58,74.153,Shake
-0.098,0.247,1.181,15.374,17.038,54.855,Shake
-0.207,0.297,1.215,13.382,16.939,21.229,Shake
-0.304,0.366,1.323,0.076,13.557,-16.969,Shake
-0.388,0.367,1.299,-27.061,3.214,-55.84,Shake
-0.36,0.253,1.198,-39.374,-3.053,-92.038,Shake
-0.184,0.154,1.113,-42.992,-3.954,-119.45,Shake
0.043,0.052,1.071,-50.534,-11.977,-126.947,Shake
0.299,-0.076,0.982,-59.237,-16.748,-121.344,Shake
0.608,-0.23,0.801,-50.344,-14.366,-102.977,Shake
0.818,-0.353,0.769,-14.58,1.863,-63.611,Shake
0.814,-0.362,0.805,21.786,13.473,-12.84,Shake
0.617,-0.251,0.934,47.679,24.573,26.786,Shake
0.507,-0.051,1.105,34.328,23.588,61.206,Shake
0.328,0.043,1.096,23.718,13.099,85.947,Shake
0.168,0.12,1.095,26.664,11.779,96.656,Shake
0.043,0.197,1.182,28.489,25.023,90.649,Shake
-0.097,0.253,1.241,18.557,22.069,73.099,Shake
-0.153,0.227,1.225,7.74,6.947,44.786,Shake
-0.121,0.176,1.185,1.84,-0.107,22.305,Shake
-0.04,0.113,1.169,2.191,0.45,10.656,Shake
0.036,0.034,1.104,0.58,0.191,12.733,Shake
0.022,-0.043,1.052,6.122,-4.435,18.137,Shake
-0.056,-0.067,1.147,12.534,-11.687,9.321,Shake
-0.063,-0.089,1.2,-3.779,0.099,-8.969,Shake
-0.043,-0.148,1.12,-6.74,6.931,-16.206,Shake
-0.143,-0.126,1.145,-8.061,9,-20.649,Shake
-0.278,-0.114,1.18,-24.626,2.504,-42.351,Shake
-0.209,-0.193,1.129,-38.45,-5.252,-71.382,Shake
-0.004,-0.328,1.022,-41.473,-4.908,-86.794,Shake
0.16,-0.473,0.942,-36.626,-15.214,-75.397,Shake
0.276,-0.555,0.887,-28.496,-22.092,-52.893,Shake
0.314,-0.599,0.883,-9.969,-17.885,-26.427,Shake
0.306,-0.585,0.942,2.214,-16.672,-0.397,Shake
0.268,-0.54,1.003,5.733,-19.74,23.359,Shake
0.223,-0.495,1.036,7.351,-21.237,34.702,Shake
0.175,-0.455,1.003,9.855,-15.733,38.374,Shake
0.116,-0.388,1.041,19.603,-12.626,38.855,Shake
0.097,-0.317,1.072,16.275,-5.702,40.534,Shake
0.031,-0.228,1.055,16.489,-11.13,41.282,Shake
0,-0.136,1.054,20.519,-20.435,32.733,Shake
0.023,-0.049,1.14,28.679,-16.885,12.947,Shake
0.058,0.048,1.183,28.718,-2.74,-10.42,Shake
0.083,0.15,1.249,24.885,5.069,-18.985,Shake
0.056,0.232,1.286,12.122,-6.87,-27.939,Shake
-0.006,0.281,1.234,-6.939,-10.084,-36.42,Shake
-0.029,0.276,1.178,-11.939,-4.26,-54.099,Shake
0.071,0.295,1.16,-17.603,-7.603,-76.191,Shake
0.351,0.199,1.132,-30.641,-15.176,-76.947,Shake
0.61,0.12,1.024,-35.275,-34.206,-50.198,Shake
0.761,0.002,0.932,-24.221,-37.573,-12.26,Shake
0.773,-0.035,0.858,-0.916,-19.893,20.45,Shake
0.679,0.043,0.927,30.481,3.656,40.443,Shake
0.519,0.112,1.031,30.702,18.252,57.679,Shake
0.396,0.129,0.992,32.473,19.237,74.672,Shake
0.266,0.176,1.043,48.244,19.992,88.443,Shake
0.126,0.256,1.157,42.55,23.092,89.008,Shake
0.013,0.303,1.197,30.466,19.595,76.519,Shake
-0.074,0.323,1.224,22.641,19.611,52.87,Shake
-0.162,0.295,1.255,13.916,24.374,25.458,Shake
-0.164,0.28,1.281,6.061,14.679,0.84,Shake
-0.122,0.251,1.306,-9.802,8.924,-21.794,Shake
-0.071,0.162,1.22,-23.534,9.397,-39.908,Shake
0.009,0.053,1.139,-23.435,9.733,-51.275,Shake
0.061,-0.024,1.12,-22.305,9.969,-57.466,Shake
0.101,-0.091,1.072,-24.527,10.229,-61.099,Shake
0.154,-0.207,1.031,-24.069,4.489,-58.947,Shake
0.194,-0.283,0.987,-19.374,0.267,-49.282,Shake
0.19,-0.314,0.984,-9.267,3.153,-41.344,Shake
0.166,-0.325,0.991,-5.336,8.863,-36.55,Shake
0.138,-0.36,0.953,-2.924,7.603,-27.618,Shake
0.127,-0.412,0.942,-0.244,-3.573,-15.466,Shake
0.163,-0.455,0.925,3.603,-12.687,-3.481,Shake
0.191,-0.488,0.906,12.252,-9.282,6.756,Shake
0.194,-0.478,0.941,25.389,-7.275,19.29,Shake
0.182,-0.44,1.033,33.573,-11.366,33.863,Shake
0.16,-0.381,1.115,27.55,-13.611,46.435,Shake
0.131,-0.323,1.154,24.802,-19.504,52.435,Shake
0.142,-0.275,1.202,18.573,-11.916,49.26,Shake
0.173,-0.258,1.162,19.237,-2.359,42.847,Shake
0.154,-0.207,1.18,24.366,13.542,42.87,Shake
0.001,-0.119,1.167,20.588,17.42,42.26,Shake
-0.083,-0.059,1.162,14.817,3.763,33.198,Shake
-0.058,-0.008,1.185,6.962,-7.13,18.756,Shake
0.06,0.016,1.195,4.145,2,10.237,Shake
0.055,0.069,1.186,5.947,7.336,12.031,Shake
-0.028,0.134,1.19,4.061,6.244,5.763,Shake
0.03,0.206,1.188,3.603,9.282,-3.313,Shake
0.016,0.281,1.239,4.885,14.313,-4.214,Shake
-0.105,0.356,1.238,-4.878,10.076,-10.458,Shake
-0.166,0.342,1.153,-15.168,-0.145,-23.084,Shake
-0.022,0.323,1.121,-17.748,-15.588,-37.237,Shake
0.12,0.27,1.122,-20.649,-19.618,-40.313,Shake
0.249,0.209,1.082,-21.779,-14.496,-44.687,Shake
0.392,0.117,1.062,-17.656,-16.008,-42.328,Shake
0.594,0.01,1.022,-12.687,-20.847,-24.687,Shake
0.657,-0.083,0.998,-8.824,-20.061,3.084,Shake
0.607,-0.117,0.937,-4.336,-6.87,24.344,Shake
0.529,-0.148,0.855,3.198,7.885,39.748,Shake
0.457,-0.142,0.771,26.221,14.084,56.679,Shake
0.366,-0.039,0.891,56.763,21.046,76.084,Shake
0.168,0.117,1.06,58.794,28.695,88.366,Shake
-0.084,0.26,1.163,46.847,21.092,83.931,Shake
-0.218,0.331,1.137,33.656,9.809,60.893,Shake
-0.221,0.343,1.181,35.916,11.099,36.45,Shake
-0.24,0.306,1.253,36.901,13.969,20.435,Shake
-0.278,0.284,1.411,28.015,4.397,4.885,Shake
-0.214,0.25,1.463,-1.153,-2.542,-16.374,Shake
-0.035,0.126,1.349,-26.878,-1.427,-31.649,Shake
0.062,0.009,1.205,-30.252,2.267,-30.542,Shake
-0.006,-0.114,1.162,-31.481,1.267,-19.969,Shake
-0.112,-0.206,1.1,-35.321,-3.71,-18.458,Shake
-0.21,-0.316,1.009,-38.053,-2.664,-32.366,Shake
-0.149,-0.453,0.89,-35.557,-4.916,-47.092,Shake
0.028,-0.568,0.78,-23.908,-18.634,-43.763,Shake
0.238,-0.613,0.673,-4.74,-19.16,-30.527,Shake
0.336,-0.589,0.713,31.641,-10.809,-6.252,Shake
0.264,-0.469,0.786,53.015,2.191,19.496,Shake
0.125,-0.323,0.895,63.397,-1.832,33.13,Shake
0.095,-0.23,1.027,61.489,-10.641,37.855,Shake
0.107,-0.136,1.134,52.779,-10.527,41.931,Shake
0.165,-0.059,1.188,46.916,-16.458,52.557,Shake
0.067,0.085,1.351,53.191,-12.023,57.618,Shake
-0.043,0.258,1.573,41.847,-10.267,53.29,Shake
-0.121,0.321,1.551,-1.802,-9.611,33.092,Shake
-0.067,0.232,1.296,-24.565,-20,15.908,Shake
-0.002,0.224,1.135,-10.924,-14.58,3.733,Shake
-0.036,0.333,1.233,-0.969,9.13,-7.191,Shake
-0.17,0.415,1.274,-16.237,4.939,-25.282,Shake
-0.187,0.406,1.208,-35.046,-12.489,-55.878,Shake
-0.024,0.331,1.15,-44.55,-15.725,-82.924,Shake
0.193,0.246,1.081,-50.649,-16.344,-90.527,Shake
0.393,0.17,0.979,-56.626,-18.076,-79.42,Shake
0.666,0.011,0.782,-46.473,-28.702,-54.13,Shake
0.831,-0.034,0.766,-13.977,-23.023,-17.328,Shake
0.829,-0.023,0.819,16.092,-11.42,17.74,Shake
0.781,0.062,0.895,29.107,5.595,41.863,Shake
0.692,0.077,0.838,34.42,25.725,64.58,Shake
0.528,0.145,0.813,59.931,36.87,89.916,Shake
0.268,0.295,1.002,70.832,40.389,104.206,Shake
0.08,0.431,1.095,59.443,39.16,106.733,Shake
-0.11,0.517,1.125,40.893,19.359,96.267,Shake
-0.213,0.567,1.224,22.42,10.824,69.847,Shake
-0.274,0.494,1.214,-4.198,10.87,38.183,Shake
-0.265,0.412,1.181,-11.351,-3.42,8.824,Shake
-0.135,0.375,1.238,-15.618,-7.565,-15.229,Shake
-0.026,0.273,1.254,-26.847,-7.481,-28.519,Shake
-0.002,0.108,1.264,-33.786,-13.916,-27.542,Shake
-0.058,0.029,1.274,-34.748,-9.015,-32.069,Shake
-0.073,-0.094,1.184,-36.122,3.656,-49.542,Shake
-0.077,-0.218,1.168,-29.344,3.092,-57.275,Shake
-0.056,-0.292,1.158,-30.855,3.626,-63.908,Shake
-0.031,-0.426,1.092,-36.115,1.42,-66.153,Shake
-0.008,-0.557,0.97,-38.954,-3.13,-59.908,Shake
0.06,-0.62,0.873,-26.008,-12.405,-48.008,Shake
0.143,-0.636,0.848,-6.771,-12.076,-28.107,Shake
0.211,-0.566,0.893,16.214,-3.168,-9.206,Shake
0.195,-0.487,1.022,28.725,5.366,6.908,Shake
0.024,-0.434,1.045,24.588,2.916,15.832,Shake
-0.015,-0.297,1.039,20.779,-6.435,13.595,Shake
0.056,-0.208,1.077,18.458,-7.588,8.328,Shake
0.153,-0.114,1.081,29,1.611,16.122,Shake
-0.035,0.111,1.209,45.176,25.405,20.183,Shake
-0.307,0.36,1.326,38.45,24.336,0.527,Shake
-0.274,0.501,1.446,16.55,-3.023,-25.053,Shake
-0.114,0.41,1.407,-17.076,-15.366,-41.977,Shake
-0.025,0.284,1.254,-29.42,-20.931,-52.863,Shake
0.107,0.185,1.192,-34.649,-26.817,-61.534,Shake
0.274,0.05,1.153,-41.382,-22.771,-62.779,Shake
0.535,-0.099,1.037,-49.74,-18.695,-49.382,Shake
0.646,-0.244,0.916,-32.122,-16.374,-20.969,Shake
0.672,-0.359,0.803,-7.687,-7.786,7.412,Shake
0.628,-0.387,0.725,27.817,3.634,39.779,Shake
0.493,-0.203,0.89,76.702,23.863,70.863,Shake
0.048,0.085,1.147,81.885,39.527,85.443,Shake
-0.4,0.328,1.289,63.595,23.55,62.611,Shake
-0.496,0.427,1.361,39.954,23.916,17.26,Shake
-0.451,0.39,1.333,18.695,23.603,-12.252,Shake
-0.292,0.415,1.303,0.718,-5.084,-25.87,Shake
-0.147,0.331,1.265,-27.198,-28.695,-33.924,Shake
-0.101,0.212,1.157,-34.275,-25.29,-49.374,Shake
-0.052,0.22,1.097,-28.031,-11.809,-68.298,Shake
0.02,0.236,1.107,-34.008,-15.756,-82.137,Shake
0.12,0.139,0.957,-41.656,-13.962,-86.427,Shake
0.206,0.083,0.925,-21.489,-12.336,-81.954,Shake
0.182,0.102,1.057,-15.221,-11.84,-74.13,Shake
0.172,0.129,1.028,-17.74,-13.351,-69.038,Shake
0.227,0.101,0.991,-9.634,-6.458,-65.84,Shake
0.361,0.148,0.955,-3.969,3.527,-60,Shake
0.646,0.055,0.916,6.763,0.542,-34.977,Shake
0.71,0.021,0.932,23.282,22.473,0.313,Shake
0.54,0.096,0.905,35.328,52.115,23.504,Shake
0.304,0.224,1.067,52.573,53.977,32.794,Shake
-0.013,0.299,1.229,42.489,49.504,29.389,Shake
-0.35,0.395,1.351,34.305,35.557,11.779,Shake
-0.406,0.418,1.439,-2.733,15.672,-8.29,Shake
-0.51,0.286,1.309,-31.511,-6.595,-35.16,Shake
-0.151,0.144,1.175,-49,-43.924,-44.557,Shake
0.148,-0.031,1.021,-58.702,-56.618,-44.168,Shake
0.462,-0.186,0.854,-42.763,-38.076,-38.496,Shake
0.642,-0.17,0.887,-5.252,-4.786,-11.84,Shake
0.443,-0.068,1.093,8.504,24.504,11.076,Shake
0.223,-0.04,0.994,-2.588,32.519,19.664,Shake
0.12,0.014,0.949,9.863,19.756,17.389,Shake
0.062,0.004,1.113,8.817,8.084,12.573,Shake
0.09,-0.062,1.13,-10.244,-0.527,15.672,Shake
0.171,-0.136,0.99,-13.679,-0.473,23.008,Shake
0.25,-0.116,1.06,9.588,3.656,32.58,Shake
0.211,-0.024,1.187,6.366,21.298,38.947,Shake
0.005,-0.019,1.177,-0.756,26.061,31.481,Shake
-0.016,-0.08,1.157,-5.351,19.282,21.71,Shake
0.066,-0.108,1.098,-9.618,9.527,26.046,Shake
0.092,-0.105,1.005,-2.145,11.282,32.053,Shake
0.075,-0.171,0.963,15.298,17.458,41.29,Shake
-0.022,-0.208,0.935,25.565,12.588,53.679,Shake
-0.099,-0.171,1.012,37.626,7.733,59.588,Shake
-0.167,-0.154,1.112,26.397,7.916,62.527,Shake
-0.199,-0.197,1.072,10.214,-6.046,65.885,Shake
-0.188,-0.271,0.963,10.351,-12.74,64.893,Shake
-0.148,-0.361,0.927,23.031,-18.496,63.634,Shake
-0.196,-0.379,1.18,25.206,-20.855,62.206,Shake
-0.243,-0.418,1.143,-9.733,-21.489,57.26,Shake
-0.129,-0.416,0.958,-3.656,-25.305,49.305,Shake
-0.043,-0.343,1.017,25.634,-9.527,52.649,Shake
-0.151,-0.189,1.214,30.618,2.443,56.87,Shake
-0.198,-0.1,1.237,12.344,0.916,60.191,Shake
-0.171,-0.084,1.201,5.672,-12.527,62.015,Shake
-0.106,-0.063,1.2,0.237,-18.435,63.565,Shake
-0.044,-0.037,1.08,7.901,-6.733,54.473,Shake
-0.066,0.03,1.144,30.397,15.725,42.366,Shake
-0.121,0.113,1.203,27.031,17.908,33.344,Shake
-0.13,0.157,1.221,8.107,4.496,31.015,Shake
-0.126,0.194,1.212,-9.282,-14.603,33.221,Shake
-0.148,0.223,1.151,-23.489,-26.412,24.687,Shake
-0.069,0.217,1.05,-17.122,-25.786,4.672,Shake
-0.011,0.286,1.014,15.885,10.115,-15.573,Shake
-0.113,0.416,1.186,45.221,37.496,-33.718,Shake
-0.072,0.593,1.421,27.275,13.771,-40.878,Shake
0.028,0.592,1.392,-22.107,-22.588,-36.969,Shake
0.037,0.424,1.232,-49.611,-31.107,-39.328,Shake
-0.033,0.338,1.128,-47.168,-21.771,-58.435,Shake
0.076,0.247,1.182,-48.382,-34.634,-71.168,Shake
0.241,0.103,1.145,-65.511,-40.985,-64.771,Shake
0.332,-0.06,0.97,-71.099,-40.198,-55.458,Shake
0.481,-0.165,0.824,-59.748,-40.55,-41.26,Shake
0.656,-0.259,0.716,-37.855,-38.641,-15.45,Shake
0.803,-0.291,0.617,7.298,-15.947,18.405,Shake
0.617,-0.133,0.875,55.534,22.351,42.656,Shake
0.261,0.042,0.979,64.443,47.832,53.985,Shake
-0.153,0.22,1.13,69.924,49.29,41.359,Shake
-0.382,0.373,1.348,62.466,48.336,14.244,Shake
-0.422,0.445,1.404,26.412,36.16,-6.702,Shake
-0.476,0.41,1.368,0.092,13.099,-19.893,Shake
-0.51,0.364,1.355,-22.313,-12.115,-34.298,Shake
-0.353,0.3,1.266,-47.794,-29.832,-51.603,Shake
-0.139,0.174,1.111,-58.153,-35.366,-69.221,Shake
0.224,-0.011,0.947,-46.565,-28.244,-78.115,Shake
0.516,-0.125,0.931,-22.489,-8.977,-62.718,Shake
0.54,-0.184,0.939,-6.542,-4.031,-33.611,Shake
0.608,-0.237,0.899,5.992,-4.374,-10.534,Shake
0.558,-0.258,0.944,18.076,10.939,1.992,Shake
0.504,-0.264,0.866,26.527,24.061,11.977,Shake
0.534,-0.224,0.958,48.282,15.466,32.191,Shake
0.483,-0.144,1.071,42.198,15.076,55.931,Shake
0.331,-0.024,1.122,36.153,25.412,71.053,Shake
0.114,0.073,1.144,25.046,20.076,81.137,Shake
-0.07,0.154,1.136,21.908,16.29,80.389,Shake
-0.234,0.244,1.114,20.893,14.595,63.626,Shake
-0.295,0.281,1.206,21.672,17.321,35.618,Shake
-0.287,0.235,1.235,11.603,18.55,16.489,Shake
-0.241,0.193,1.165,10.489,18.473,5.931,Shake
-0.223,0.181,1.203,10.481,18.718,-0.809,Shake
-0.22,0.132,1.174,-3.679,18.382,-3.252,Shake
-0.278,0.037,1.088,-10.023,8.985,-4.611,Shake
-0.346,-0.009,1.016,-7.45,0.244,-14.969,Shake
-0.344,-0.032,0.948,2.015,-6.427,-27.435,Shake
-0.307,-0.062,0.989,12.786,-13.336,-33.878,Shake
-0.289,-0.052,1.105,13.153,-15.534,-38.412,Shake
-0.261,-0.064,1.131,1.405,-13.107,-44.214,Shake
-0.216,-0.094,1.134,-3.84,-15.145,-49.573,Shake
-0.109,-0.148,1.073,2.527,-11.534,-48.542,Shake
-0.186,-0.179,1.082,14.435,-11.511,-41.931,Shake
-0.44,-0.167,1.243,5.954,-6.679,-55.519,Shake
-0.324,-0.279,1.166,-15.221,-13.42,-83.031,Shake
0.031,-0.373,1.002,1.954,-7.977,-97.947,Shake
0.234,-0.348,1.054,26.557,2.412,-73.916,Shake
0.196,-0.279,1.284,35.481,5.71,-44.191,Shake
0.416,-0.335,1.395,-22.328,-23.336,-3.275,Shake
0.678,-0.506,1.061,-35.901,-24.832,44.084,Shake
0.521,-0.463,1.006,15.802,-0.038,81.763,Shake
0.262,-0.276,1.198,25.504,8.496,92.122,Shake
0.188,-0.165,1.152,18.817,5.084,88.893,Shake
0.115,-0.051,1.172,29.603,7.015,87.939,Shake
0.011,0.05,1.225,21.588,7.015,84.115,Shake
-0.055,0.042,1.158,10.985,-2.282,80.802,Shake
-0.09,0.043,1.028,5.16,-8.954,70.687,Shake
-0.025,0.093,0.935,19.565,-8.412,57.931,Shake
-0.045,0.173,0.949,40.076,-0.237,47.153,Shake
-0.149,0.313,1.1,38.588,2.061,28.664,Shake
-0.174,0.364,1.068,20.229,-2.282,6.649,Shake
-0.103,0.358,1.026,13.939,-14.26,-6.702,Shake
-0.105,0.397,1.044,14.092,-24.473,-10.336,Shake
-0.201,0.458,1.094,16.504,-23.466,-16.305,Shake
-0.277,0.484,1.221,6.443,-32.13,-30.489,Shake
-0.205,0.453,1.151,-10.473,-25.947,-50.947,Shake
-0.043,0.451,1.089,-8.733,-16.718,-61.168,Shake
0.078,0.464,1.067,-7.053,-19.282,-48.076,Shake
0.021,0.498,1.092,-18.183,-34.481,-32.168,Shake
-0.079,0.525,1.031,-19.191,-22.328,-54.603,Shake
0.071,0.515,1.034,-16.206,-13.649,-79.794,Shake
0.338,0.417,1.075,-14.603,-22.878,-75.763,Shake
0.505,0.292,1.114,-24.71,-26.924,-52.267,Shake
0.551,0.223,1.12,-38.008,-29.244,-31.305,Shake
0.561,0.126,1.001,-48.542,-32.313,-17.015,Shake
0.63,0.011,0.907,-36.985,-43.595,-2.298,Shake
0.849,-0.043,0.967,-6.687,-22.382,21.618,Shake
0.847,0.093,1.121,18.13,16.313,46.969,Shake
0.647,0.208,1.159,6.45,40.718,62.557,Shake
0.424,0.206,1.093,-1.878,28.649,70.656,Shake
0.346,0.157,0.912,-6.573,21.328,68.878,Shake
0.355,0.15,0.855,13.275,22.87,76.313,Shake
0.16,0.21,0.977,25.214,21.977,85.87,Shake
-0.089,0.214,1.022,19.618,23.076,73.176,Shake
-0.155,0.28,1.083,29.321,13.74,52.71,Shake
-0.06,0.305,1.195,30.649,19.427,33.733,Shake
-0.001,0.261,1.164,29.038,38.977,25.779,Shake
-0.043,0.288,1.107,41.031,60.115,25.282,Shake
-0.22,0.336,1.138,48.458,77.939,23.336,Shake
-0.372,0.397,1.216,40.519,71.695,13.527,Shake
-0.412,0.314,1.138,12.573,63.122,-5.107,Shake
-0.362,0.124,0.964,5.908,38.099,-13.992,Shake
-0.274,0.045,0.939,13.924,21.115,-8.977,Shake
-0.264,0.061,1.02,25.466,20.634,-7.573,Shake
-0.286,0.104,1.111,17.939,11.496,-7.145,Shake
-0.283,0.026,1.081,14.26,-0.725,-4.511,Shake
-0.299,0.057,1.093,23.069,-2.458,-4.122,Shake
-0.375,0.137,1.199,19.145,-2.977,-4.809,Shake
-0.38,0.15,1.184,-4.565,-16.832,-11.336,Shake
-0.26,0.035,0.995,-13.206,-34.519,-12.595,Shake
-0.201,0.001,0.969,7.252,-31.069,-18.962,Shake
-0.198,0.04,1.119,6.145,-10.008,-29.542,Shake
-0.133,-0.003,1.058,-10.412,-15.076,-29.618,Shake
-0.059,-0.094,0.974,-10.924,-25.511,-20.237,Shake
-0.084,-0.137,1.186,-7.771,-24.527,-10.122,Shake
-0.12,-0.191,1.203,-28.038,-24.344,2.321,Shake
-0.1,-0.278,1.073,-28.794,-34.947,11.71,Shake
-0.034,-0.315,1.004,-1.405,-38.023,17.527,Shake
-0.06,-0.2,1.167,25.321,-22.092,12.359,Shake
-0.096,-0.107,1.202,12.206,-9.16,10.328,Shake
-0.15,-0.07,0.991,-2.336,-28.687,14.962,Shake
-0.189,0.035,0.957,6.481,-39.977,-0.221,Shake
-0.1,0.136,1.101,19.969,-19.809,-28.206,Shake
-0.069,0.237,1.168,5.405,-11.962,-43.137,Shake
-0.095,0.339,1.221,-7.16,-24.176,-51.496,Shake
-0.234,0.448,1.271,-24.489,-29.344,-67.496,Shake
-0.323,0.499,1.242,-42.519,-41.183,-90.221,Shake
-0.243,0.465,1.238,-49.74,-37.885,-114.145,Shake
0.042,0.409,1.179,-71.168,-39.885,-114.656,Shake
0.148,0.257,0.993,-54.947,-33.115,-92.206,Shake
0.075,0.23,1.122,-21.168,-26.237,-84.252,Shake
0.083,0.233,1.297,-38.527,-39.16,-83.649,Shake
0.29,0.018,0.964,-41.679,-26.29,-85.107,Shake
0.414,-0.086,0.881,10.489,-4.092,-76.626,Shake
0.369,0.022,1.189,14.359,-8.389,-61.038,Shake
0.577,-0.051,1.126,-34.58,-37.198,-46,Shake
0.985,-0.285,0.736,-19.595,-21.305,-27.71,Shake
1.095,-0.323,0.83,39.267,13.626,9.573,Shake
0.789,-0.216,1.093,50.366,23.374,46.992,Shake
0.517,-0.194,1.178,22.588,7.779,68.069,Shake
0.422,-0.285,1.105,15.878,1.313,75.992,Shake
0.395,-0.339,1.029,29.74,21.702,75.244,Shake
0.3,-0.266,0.94,51.969,40.496,78.359,Shake
0.128,-0.076,1.082,72.427,46.023,85.473,Shake
-0.099,0.052,1.239,55.733,38.076,86.305,Shake
-0.242,0.022,1.179,21.137,23.45,75.908,Shake
-0.231,-0.044,1.042,13.481,10,68,Shake
-0.231,-0.038,1.079,24.435,-0.656,69.26,Shake
-0.219,0.007,1.103,25.863,-9.87,68.053,Shake
-0.193,0.104,1.097,30.664,-11.534,61.496,Shake
-0.161,0.227,1.213,29.71,-8.863,49.435,Shake
-0.146,0.309,1.236,20.481,4.519,29.031,Shake
-0.137,0.311,1.122,10.023,11.985,13.802,Shake
-0.198,0.291,1.02,22.282,15.275,2.427,Shake
-0.271,0.395,1.11,29.336,25.45,-14.382,Shake
-0.33,0.519,1.128,15.107,35.718,-34.885,Shake
-0.312,0.564,1.125,-1.878,-0.313,-40.382,Shake
-0.169,0.571,1.057,-29.954,-50.771,-33.031,Shake
-0.081,0.522,1.014,-26.29,-43.603,-51.832,Shake
-0.023,0.546,0.983,-20.466,-14.74,-76.916,Shake
0.189,0.482,0.99,-23.466,-35.908,-83.878,Shake
0.428,0.375,0.969,-17.626,-37.687,-70.321,Shake
0.589,0.354,0.965,-8.092,-26.481,-46.221,Shake
0.628,0.378,0.994,-7.26,-28.252,-16.145,Shake
0.673,0.439,1.049,-2.649,-29.191,-3.267,Shake
0.759,0.478,1.201,-6.74,-5.267,-2.863,Shake
0.802,0.404,1.172,-29.099,7.901,16.176,Shake
0.628,0.341,1.073,-37.618,4.802,45.489,Shake
0.429,0.318,1.043,-44,-8.405,58.282,Shake
0.385,0.257,1.018,-43.145,-11.252,54.221,Shake
0.434,0.26,1.021,-26.557,0.298,58.466,Shake
0.385,0.314,1.05,-8.908,20.557,68.282,Shake
0.252,0.323,1.135,5.664,23.977,79.26,Shake
0.107,0.382,1.194,10.229,35.015,83.267,Shake
-0.084,0.363,1.189,-0.748,34.191,76.702,Shake
-0.183,0.256,1.067,-3.458,15.824,60.908,Shake
-0.135,0.164,0.998,4.061,12.313,44.748,Shake
-0.153,0.043,0.955,20.672,15.534,37.16,Shake
-0.168,0.078,1.039,52.29,27.939,27.252,Shake
-0.275,0.174,1.233,36.847,55.756,7.695,Shake
-0.357,0.134,1.131,15.244,35.221,-2.13,Shake
-0.326,0.035,1.039,6.74,9.84,-4.053,Shake
-0.266,-0.072,0.941,11.344,-11.481,-0.664,Shake
-0.272,-0.082,1.093,27.382,-16.748,-5.725,Shake
-0.327,-0.043,1.289,7.397,10.542,-26.992,Shake
-0.251,-0.11,1.137,-18.29,5.13,-43.924,Shake
-0.085,-0.298,0.982,-19.672,-16.092,-39.84,Shake
0.049,-0.438,0.948,-10.313,-38.489,-18.756,Shake
0.078,-0.474,1.157,5.313,-44.374,-9.405,Shake
0.026,-0.501,1.329,-24.008,-21.298,-9.015,Shake
0.099,-0.656,1.01,-52.718,-30.611,-0.786,Shake
0.238,-0.761,0.787,-17.863,-26.863,16.504,Shake
0.228,-0.637,0.925,27.382,-13.557,42.191,Shake
0.017,-0.454,1.152,35.321,-5.122,53.763,Shake
-0.124,-0.338,1.16,19.176,-4.702,46.58,Shake
-0.089,-0.281,1.044,20.145,-16.672,37.275,Shake
-0.032,-0.184,1.087,33.366,-17.573,33.412,Shake
-0.072,-0.042,1.21,25.023,-15.084,28.336,Shake
-0.157,0.058,1.256,17.481,-14.802,11.351,Shake
-0.14,0.152,1.222,2.061,-10.733,-12.947,Shake
0.035,0.207,1.145,3.718,-20.931,-18.092,Shake
0.026,0.269,1.164,7.435,-19.344,-14.252,Shake
-0.19,0.387,1.174,9.87,-13.153,-32.115,Shake
-0.346,0.531,1.195,6.305,4.153,-73.198,Shake
-0.113,0.548,1.155,-11.031,-19,-92.267,Shake
0.124,0.47,1.143,-24.794,-46.405,-77.412,Shake
0.11,0.463,1.161,-40.702,-43.351,-73.695,Shake
0.12,0.474,1.039,-47.443,-47.939,-90.939,Shake
0.412,0.379,0.973,-46.427,-50.565,-105.206,Shake
0.753,0.213,0.9,-26.122,-29.542,-86.435,Shake
0.791,0.228,1.097,2.206,4.359,-46.626,Shake
0.608,0.32,1.202,-17.412,3.542,-18.58,Shake
0.546,0.302,1.079,-45.863,-27.191,-4.489,Shake
0.787,0.111,0.902,-37.382,-32.183,4.71,Shake
0.956,0.062,0.896,5.13,7.664,26.977,Shake
0.815,0.138,0.982,23.298,35.061,56.725,Shake
0.576,0.191,1.005,24.069,40.557,76.13,Shake
0.459,0.225,1.003,32.954,32.412,87.679,Shake
0.456,0.251,1.067,41.405,19.328,98.481,Shake
0.499,0.275,1.134,43.893,29.992,111.206,Shake
0.362,0.344,1.107,45.099,56.137,119.466,Shake
0.062,0.359,1.007,51.58,60.794,114.244,Shake
-0.099,0.374,1.058,60.473,50.229,101.489,Shake
-0.136,0.387,1.125,45.725,52,83.206,Shake
-0.146,0.337,1.027,35.183,45.748,74.374,Shake
-0.145,0.28,0.984,33.061,27.214,73.985,Shake
-0.181,0.22,0.926,34.42,8.672,74.641,Shake
-0.242,0.214,1.007,49.366,5.763,55.298,Shake
-0.307,0.226,1.154,38.397,28.954,27.275,Shake
-0.325,0.22,1.106,26.718,18.153,9.634,Shake
-0.28,0.142,1.093,14.885,-6.321,2.595,Shake
-0.309,0.097,1.178,5.321,-8.046,-9.618,Shake
-0.297,0.095,1.183,-14.42,-6.107,-26.824,Shake
-0.179,0.008,1.165,-26.931,-15.847,-30.313,Shake
-0.065,-0.106,1.026,-25.573,-13.931,-25.183,Shake
-0.021,-0.166,1.042,-5.489,-17.718,-13.092,Shake
-0.07,-0.188,1.276,-1.954,-6.573,-2.107,Shake
-0.183,-0.272,1.356,-27.794,-3.466,7.298,Shake
-0.206,-0.368,1.243,-48.153,-10.458,7.412,Shake
-0.134,-0.437,1.116,-44.931,-12,10.786,Shake
-0.09,-0.461,1.05,-33.687,-9.84,17.824,Shake
-0.115,-0.414,1.032,-15.817,-1.847,18.29,Shake
-0.194,-0.307,1.052,0.931,-13.359,13.145,Shake
-0.273,-0.189,1.174,9.42,-20.092,-2.527,Shake
-0.252,-0.089,1.203,1.939,-15.305,-26.435,Shake
-0.199,0.019,1.147,-9.382,-9.763,-39.649,Shake
-0.277,0.089,1.087,-5.656,-29.107,-43.023,Shake
-0.337,0.237,1.311,-13.809,-50.053,-67.924,Shake
-0.256,0.354,1.32,-65.275,-60.092,-98.053,Shake
0.015,0.224,0.917,-73.107,-58.267,-121.725,Shake
0.342,0.223,0.833,-13.229,-41.992,-122.137,Shake
0.399,0.332,1.214,-3.023,-28.603,-92.496,Shake
0.315,0.406,1.254,-43.229,-46.702,-68.992,Shake
0.492,0.281,0.948,-57.695,-62.45,-52.87,Shake
0.693,0.2,0.97,-22.313,-45.779,-30.802,Shake
0.595,0.293,1.132,-11.527,-22.87,-10.71,Shake
0.405,0.392,1.129,-19.55,3.481,-29.626,Shake
0.503,0.336,1.052,-24.176,6.893,-58.16,Shake
0.795,0.217,1.026,-11.473,1.519,-41.053,Shake
0.801,0.262,1.11,-9.504,3.756,-9.305,Shake
0.725,0.241,1.065,-24.26,3.336,11.634,Shake
0.635,0.138,0.917,-15.481,4.626,26.053,Shake
0.593,0.111,0.909,14.969,15.336,32.176,Shake
0.569,0.123,0.992,37.076,33.443,43.87,Shake
0.514,0.168,1.006,49.13,42.748,60.45,Shake
0.395,0.279,1.162,51.679,49.947,69.275,Shake
0.262,0.231,1.049,35.489,48.855,76.427,Shake
0.166,0.134,0.961,42.542,37.16,87.557,Shake
0.084,0.194,1.05,54.214,35.565,89.489,Shake
-0.094,0.265,1.18,29.122,42.588,70.939,Shake
-0.161,0.14,1,11.908,25.542,56.26,Shake
-0.075,0.073,0.848,28.511,9.863,51.16,Shake
-0.067,0.127,0.976,48.153,14.802,42.351,Shake
-0.197,0.151,1.239,43.466,20.084,29.076,Shake
-0.358,0.152,1.27,5.824,7.008,5.427,Shake
-0.26,0.107,1.164,-6.931,-10.183,-21.489,Shake
-0.345,0.119,1.307,-8.076,3.45,-56.176,Shake
-0.61,0.174,1.383,-24.595,-1.565,-104.313,Shake
-0.578,0.152,1.419,-62.137,2.389,-164.74,Shake
-0.256,-0.006,1.221,-92.786,-8.466,-202.122,Shake
0.056,-0.177,1.075,-91.565,-1.092,-208.771,Shake
0.156,-0.282,1.061,-81.634,-2.924,-196.695,Shake
0.186,-0.333,0.999,-78.092,-5.565,-176.969,Shake
0.191,-0.383,0.906,-66.908,6.573,-155.252,Shake
0.198,-0.382,0.817,-40.13,5.908,-128.374,Shake
0.415,-0.432,0.784,-42.153,-28.053,-91.176,Shake
0.703,-0.574,0.571,-9.023,-27.595,-48.137,Shake
0.761,-0.447,0.817,45.748,-11.733,-8.664,Shake
0.748,-0.398,0.995,29.267,-12.947,19.969,Shake
0.721,-0.48,0.891,34.504,-7.557,49.092,Shake
0.59,-0.428,0.895,59.924,4.176,76.473,Shake
0.402,-0.295,1.157,70.321,14.702,93.397,Shake
0.245,-0.236,1.249,49.672,18.214,98.969,Shake
0.133,-0.226,1.266,36.656,7.939,97.779,Shake
0.123,-0.23,1.177,26.26,4.58,96.71,Shake
0.105,-0.202,1.106,37.244,4.916,103.13,Shake
0.007,-0.115,1.174,45.916,7.046,107.725,Shake
-0.128,-0.019,1.232,36.733,8.595,101.901,Shake
-0.175,0.01,1.152,23.252,-1.427,89.13,Shake
-0.203,0.014,1.097,29.153,-4.611,72.031,Shake
-0.311,0.061,1.189,25.863,-1.748,46.695,Shake
-0.377,0.075,1.118,10.489,-10.565,20.992,Shake
-0.373,0.108,1.093,6.824,-18.107,-6.588,Shake
-0.275,0.187,1.124,-5.031,-29.74,-26.687,Shake
-0.145,0.195,1.047,-25.603,-44.733,-41.481,Shake
-0.109,0.212,0.904,-7.618,-31.229,-61.405,Shake
-0.034,0.363,1.097,17.672,-8.389,-85.985,Shake
0.207,0.383,1.144,-15.962,-32.725,-82.115,Shake
0.406,0.232,0.97,-16.809,-33.588,-66.611,Shake
0.351,0.252,0.996,10.931,-1.191,-61.031,Shake
0.306,0.277,1.077,2.031,-3.122,-58.153,Shake
0.413,0.228,0.905,-2.321,-12.473,-46.588,Shake
0.615,0.194,0.885,24.71,-20.351,-21.985,Shake
0.76,0.288,1.147,27.847,-31.115,12.847,Shake
0.782,0.295,1.173,2.168,-25.527,41.511,Shake
0.8,0.253,1.031,4,-8.038,61.542,Shake
0.735,0.223,0.977,25.359,9.626,86.603,Shake
0.632,0.182,0.923,44.718,5.725,117.282,Shake
0.534,0.208,0.873,66.084,-5.267,139.099,Shake
0.341,0.44,1.216,87.221,7.71,122.115,Shake
0.179,0.471,1.278,53.489,49.069,77.267,Shake
0.078,0.441,1.148,43.847,53.855,46.656,Shake
0.163,0.433,1.121,40.099,43.061,31.771,Shake
0.218,0.36,1.184,30.389,35.779,30.855,Shake
0.145,0.366,1.229,11.008,43.893,35.618,Shake
0.09,0.38,1.132,-1.282,39.947,36.344,Shake
0.051,0.365,1.085,-10.733,32.893,36.84,Shake
-0.152,0.324,1.137,-25.954,27.534,28.26,Shake
-0.253,0.23,1.01,-37.634,17.008,10.13,Shake
-0.241,0.115,0.938,-28.641,11.42,-8.916,Shake
-0.09,0.026,0.975,-7.145,9.015,-13.947,Shake
-0.035,0.002,1.106,1.015,7.366,-0.656,Shake
-0.049,0.027,1.181,-9.702,12.954,9.504,Shake
-0.218,0.058,1.234,-28.527,-1.794,13.748,Shake
-0.388,0.039,1.197,-49.191,-33.534,-13.794,Shake
-0.197,0.006,1.114,-46.481,-20.015,-65.13,Shake
0.087,-0.034,1.078,-31.504,6.145,-90.198,Shake
0.228,-0.047,1.181,-22.733,22.702,-80.565,Shake
0.093,-0.023,1.251,-47.351,25.252,-63.901,Shake
-0.119,-0.031,1.215,-76.244,14.237,-64.756,Shake
-0.179,-0.12,0.965,-84.336,3.939,-86.221,Shake
-0.156,-0.249,0.915,-52.794,10.42,-110.901,Shake
-0.153,-0.254,1.028,-35.275,25.809,-131.29,Shake
-0.105,-0.254,1.108,-41.069,15.053,-134.313,Shake
-0.068,-0.261,1.136,-62.267,1.344,-132.031,Shake
0.004,-0.313,0.975,-76.038,-13.031,-127.557,Shake
0.15,-0.455,0.747,-52.427,-3.534,-127.832,Shake
0.45,-0.554,0.763,-2.969,9.611,-104.893,Shake
0.772,-0.674,0.836,21.695,10.893,-32.527,Shake
0.718,-0.594,0.883,46.038,-3.931,55.366,Shake
0.406,-0.34,1.14,51.985,2.313,97.221,Shake
0.066,-0.169,1.123,39.679,3.168,102.489,Shake
-0.185,-0.016,1.167,45.229,2.496,80.405,Shake
-0.481,0.125,1.291,34.84,1.206,38.305,Shake
-0.594,0.173,1.283,6.641,-7.641,-18.74,Shake
-0.459,0.141,1.181,-16.702,-9.137,-72.137,Shake
-0.053,-0.012,1.001,-20.412,-16.649,-102.802,Shake
0.462,-0.212,0.968,-6.183,-13.519,-78.053,Shake
0.67,-0.363,0.968,6.046,-12.733,-15.481,Shake
0.552,-0.348,1.001,19.931,-16.473,34.13,Shake
0.415,-0.304,1.015,28.13,-11.58,57.863,Shake
0.322,-0.209,1.016,47.504,-7.221,73.824,Shake
0.095,-0.021,1.154,57.802,1.55,76.107,Shake
-0.258,0.203,1.371,37.008,4.779,52.191,Shake
-0.483,0.277,1.362,-6.115,-13.786,7.695,Shake
-0.369,0.236,1.207,-34.366,-15.771,-41.443,Shake
-0.045,0.081,1.017,-33.87,-19.718,-64.939,Shake
0.198,-0.062,1.042,-20.359,-17.458,-56.931,Shake
0.321,-0.16,1.011,-17.733,-14.122,-44.397,Shake
0.489,-0.254,0.932,-5.351,-13.794,-22.45,Shake
0.559,-0.278,0.899,22.687,-2.26,10.313,Shake
0.42,-0.164,1.031,48.916,11.107,40.046,Shake
0.052,0.053,1.345,45.305,24.847,41.649,Shake
-0.359,0.186,1.363,4.26,0.336,10.992,Shake
-0.367,0.148,1.269,-26.748,-19.153,-36.107,Shake
-0.193,0.063,1.129,-38.618,-16.481,-67.809,Shake
0.104,-0.093,1.058,-41.603,-23.924,-76.389,Shake
0.412,-0.306,0.935,-36.313,-17.779,-62.511,Shake
0.606,-0.502,0.836,-3.137,-3.542,-31.58,Shake
0.608,-0.535,0.902,25.84,3.779,3.397,Shake
0.536,-0.516,0.989,43.145,10.229,33.687,Shake
0.449,-0.487,1.038,56.046,15.321,59.061,Shake
0.35,-0.375,1.125,62.13,22.336,79.824,Shake
0.167,-0.287,1.237,55.748,25.092,96.298,Shake
-0.06,-0.247,1.302,31.443,11.924,100.427,Shake
-0.156,-0.314,1.193,3.092,-4.527,90.344,Shake
-0.055,-0.355,0.95,7.107,-12.565,81.611,Shake
-0.089,-0.26,0.983,39.344,-2.473,71.458,Shake
-0.129,-0.184,1.091,53.221,6.206,57.649,Shake
-0.223,-0.091,1.195,45.473,13.931,34.702,Shake
-0.197,-0.03,1.146,32.489,10.573,8.893,Shake
-0.133,0.062,1.075,32.603,13.832,-7.595,Shake
-0.156,0.141,1.138,34.977,19.672,-16.366,Shake
-0.165,0.212,1.232,19.244,14.611,-18.771,Shake
-0.162,0.283,1.188,-7.427,-1.794,-19.748,Shake
-0.187,0.251,1.114,-12.221,-10.305,-29.229,Shake
-0.153,0.246,1.075,-7.084,-15.656,-41.107,Shake
-0.043,0.26,1.134,-9.382,-24.328,-51.863,Shake
0.071,0.211,1.138,-14.481,-28.87,-55.595,Shake
0.05,0.237,1.132,-14.351,-15.351,-58.427,Shake
0.092,0.298,1.199,-26.664,-23.45,-67.489,Shake
0.258,0.229,1.02,-47.878,-46.733,-66.382,Shake
0.521,0.148,0.928,-31.702,-65.962,-52.275,Shake
0.796,0.028,0.909,-15.954,-57.038,-26.397,Shake
0.907,0.004,0.893,7.588,-18.634,3.985,Shake
0.907,0.079,0.951,34.908,7.748,42.122,Shake
0.734,0.202,1.125,39.298,34.435,76.046,Shake
0.422,0.307,1.156,34.397,53.42,100.794,Shake
-0.039,0.447,1.171,25.527,44.878,101.733,Shake
-0.447,0.52,1.19,17.145,20.015,62.809,Shake
-0.488,0.494,1.269,3.611,4.863,12.511,Shake
-0.391,0.418,1.29,-14.74,-3.107,-18.511,Shake
-0.352,0.336,1.243,-26.893,-13.756,-37.557,Shake
-0.309,0.293,1.201,-37.878,-21.695,-58.618,Shake
-0.15,0.233,1.144,-44.427,-27.695,-78.802,Shake
0.044,0.146,1.089,-47.412,-28.351,-90.679,Shake
0.246,0.065,1.032,-48.053,-33.748,-89.847,Shake
0.48,-0.036,0.986,-47.481,-38.634,-78.221,Shake
0.798,-0.227,0.876,-35.115,-17.183,-52.412,Shake
0.834,-0.324,0.82,-9.649,19.252,-18.237,Shake
0.711,-0.383,0.721,13.466,24.542,14.878,Shake
0.74,-0.423,0.666,45.176,12.198,49.878,Shake
0.706,-0.253,0.859,89.542,18.511,83.832,Shake
0.469,-0.014,1.21,75.664,47.489,101.702,Shake
0.189,0.112,1.231,37.931,54.122,105.16,Shake
-0.056,0.16,1.059,21.427,36.405,94.779,Shake
-0.227,0.193,1.155,30.237,18.084,70.534,Shake
-0.312,0.257,1.291,19.733,16.389,37.458,Shake
-0.302,0.261,1.294,-5.969,18.389,4.206,Shake
-0.238,0.192,1.197,-18.595,12.748,-19,Shake
-0.175,0.122,1.157,-23.656,5.595,-30.947,Shake
-0.137,0.071,1.117,-26.298,2.771,-37.527,Shake
-0.149,0.001,1.064,-27.42,0.687,-44.374,Shake
-0.204,-0.04,1.023,-25.061,-1.595,-58.473,Shake
-0.177,-0.085,0.97,-22.573,-8.595,-71.992,Shake
-0.078,-0.162,0.946,-21.344,-28.55,-77.481,Shake
0.103,-0.25,0.874,-15.336,-33.84,-76.893,Shake
0.318,-0.331,0.852,6.573,-25.71,-66.603,Shake
0.448,-0.331,0.944,27.099,-14.779,-41.817,Shake
0.484,-0.327,0.98,32.718,-10.74,-7.656,Shake
0.49,-0.351,0.919,43.366,-15.58,26.542,Shake
0.47,-0.277,0.974,67.817,-32.557,56.511,Shake
0.378,-0.209,1.32,74.489,-13.466,79.748,Shake
0.213,-0.137,1.347,45.962,9.26,84.84,Shake
0.108,-0.051,1.281,41.611,16.244,84.435,Shake
0.006,0.042,1.278,44.137,25.771,80.473,Shake
-0.182,0.112,1.417,40.229,34.481,64.168,Shake
-0.331,0.142,1.44,4.252,22.061,43.504,Shake
-0.327,0.091,1.261,-31.198,3.992,19.618,Shake
-0.194,-0.013,1.062,-28.031,-5.489,7.473,Shake
-0.14,-0.097,1.069,-12.412,-15.977,3.763,Shake
-0.097,-0.126,1.154,-9.939,-16.687,-6.275,Shake
-0.022,-0.15,1.154,-16.214,-9.786,-18.519,Shake
0.086,-0.173,1.103,-22.344,-9.924,-16.733,Shake
0.239,-0.216,0.967,-18.351,-14.168,0.565,Shake
0.291,-0.219,0.915,4.618,-17.557,22.748,Shake
0.278,-0.173,0.946,30.695,-11.832,36.038,Shake
0.226,-0.072,1.041,45.099,2.595,41.076,Shake
0.128,0.013,1.093,50.023,19.321,41.45,Shake
0.008,0.168,1.135,52.397,21.069,39.344,Shake
-0.077,0.309,1.211,43.901,4.198,35.328,Shake
-0.166,0.416,1.295,31.626,-2.397,19.244,Shake
-0.277,0.477,1.243,17.275,3.16,-7.763,Shake
-0.391,0.5,1.205,16.733,6.16,-39.076,Shake
-0.281,0.566,1.362,-11.405,-32.382,-53.527,Shake
-0.166,0.497,1.179,-55.374,-48.725,-65.496,Shake
-0.112,0.443,1.041,-54.824,-38.382,-87.046,Shake
0.04,0.478,1.095,-59.427,-56.038,-105.924,Shake
0.264,0.314,0.977,-78.252,-65.237,-116.847,Shake
0.449,0.193,0.844,-56.321,-38.908,-118.366,Shake
0.608,0.16,0.923,-24.718,-31.626,-100.015,Shake
0.663,0.166,1.06,-35.023,-32.962,-78.321,Shake
0.706,0.093,0.911,-34.573,-8.809,-64.275,Shake
0.791,0.046,0.842,-6.466,6.58,-46.237,Shake
0.888,-0.047,0.854,5.954,10.092,-12.847,Shake
0.813,-0.095,0.873,22.053,16.305,26.069,Shake
0.712,-0.09,0.876,35.015,31.725,55.282,Shake
0.557,-0.048,0.97,47.542,41.969,83.031,Shake
0.313,0.092,1.134,56.534,48.176,105.565,Shake
-0.08,0.238,1.186,35.26,45.832,98.504,Shake
-0.396,0.348,1.183,35.489,33.313,55.351,Shake
-0.386,0.406,1.292,33.511,30.672,6.847,Shake
-0.293,0.426,1.377,-0.931,17,-12.786,Shake
-0.268,0.361,1.293,-39.26,-18.924,-14.634,Shake
-0.168,0.282,1.157,-62.267,-46.053,-25.427,Shake
0.092,0.146,0.984,-72.015,-59.832,-41.695,Shake
0.541,-0.065,0.792,-49.42,-31.466,-52.359,Shake
0.805,-0.218,0.763,-4.809,12.321,-35.687,Shake
0.844,-0.252,0.763,18.534,37.634,7.565,Shake
0.683,-0.13,0.792,45.779,43.695,54.595,Shake
0.332,0.088,1.021,64.328,60.947,77.84,Shake
-0.125,0.285,1.146,47.962,62.153,69.29,Shake
-0.407,0.427,1.212,42.481,29.489,25.031,Shake
-0.308,0.387,1.353,17,28.313,-15.733,Shake
-0.199,0.298,1.315,-15.061,21.191,-24.557,Shake
-0.216,0.224,1.242,-37.779,-6.198,-21.611,Shake
-0.202,0.159,1.132,-46.107,-23.588,-31.992,Shake
-0.1,0.04,1.061,-43.634,-31.168,-47.053,Shake
0.052,-0.062,1.01,-36.931,-34.366,-54.702,Shake
0.258,-0.189,0.923,-21.244,-27.71,-52.427,Shake
0.45,-0.288,0.879,6.519,-3.626,-35.458,Shake
0.422,-0.284,0.93,32.435,15.267,-13.031,Shake
0.326,-0.222,1.006,45.87,21.58,8.275,Shake
0.267,-0.115,1.056,54.603,25.046,27.649,Shake
0.198,0.015,1.168,56.061,25.206,44.466,Shake
0.046,0.155,1.341,28.733,22.038,55.366,Shake
-0.173,0.24,1.301,2.115,9.687,45.626,Shake
-0.261,0.231,1.219,-15.221,-11.084,20.649,Shake
-0.177,0.167,1.173,-20.626,-5.618,-6.977,Shake
-0.081,0.104,1.148,-24.649,-5.718,-19.366,Shake
-0.032,0.057,1.105,-30.061,-6.802,-21.511,Shake
-0.024,-0.019,1.007,-26.267,-2.511,-22.336,Shake
-0.008,-0.078,0.917,-9.992,0.603,-23.748,Shake
0.074,-0.126,0.889,14.481,-4.008,-14.008,Shake
0.129,-0.139,0.922,37.557,-13.977,7.29,Shake
0.08,-0.071,1.144,52.634,-4.092,19.344,Shake
-0.022,-0.018,1.253,31.931,8.069,22.725,Shake
-0.122,-0.017,1.219,13.466,-1.756,18.298,Shake
-0.203,-0.03,1.284,-0.74,-9.565,0.214,Shake
-0.211,-0.086,1.218,-21.252,-21.473,-22.435,Shake
-0.057,-0.168,1.091,-20.313,-20.687,-42.16,Shake
0.113,-0.226,1.027,-8.405,-14.748,-47.069,Shake
0.292,-0.302,1.052,2.74,-17.855,-28.336,Shake
0.443,-0.385,1.025,3.061,-16.679,6.557,Shake
0.48,-0.392,0.921,14.588,-9.924,46.763,Shake
0.406,-0.297,0.904,44.305,3.489,80.977,Shake
0.23,-0.072,1.037,63.344,17.595,99.878,Shake
-0.006,0.177,1.139,63.618,32.481,98.466,Shake
-0.288,0.408,1.216,58.282,21.595,77.611,Shake
-0.419,0.536,1.314,43.145,4.198,43.656,Shake
-0.447,0.581,1.418,12.901,-3.26,10.313,Shake
-0.416,0.539,1.372,-33.634,-19.221,-15.489,Shake
-0.275,0.358,1.217,-64.45,-42.939,-43.359,Shake
-0.086,0.166,1.093,-71.916,-50.153,-70.817,Shake
0.211,0.01,0.948,-70.649,-52.924,-83.244,Shake
0.546,-0.164,0.816,-50.038,-58.748,-71.55,Shake
0.814,-0.31,0.744,-10.878,-31.237,-36.504,Shake
0.862,-0.278,0.79,35.008,6.931,6.733,Shake
0.75,-0.144,0.947,62.595,12.153,51.466,Shake
0.552,0.025,1.05,70.305,17.099,87.282,Shake
0.298,0.208,1.108,74.145,34.168,104.229,Shake
-0.048,0.392,1.202,75.122,38.328,95.115,Shake
-0.305,0.543,1.333,56.061,26.779,64.252,Shake
-0.396,0.576,1.372,26.412,13.618,26.481,Shake
-0.309,0.54,1.357,1.74,2.305,1.145,Shake
-0.288,0.502,1.321,-22.023,-14.641,-13.244,Shake
-0.257,0.425,1.281,-45.573,-30.832,-29.42,Shake
-0.2,0.33,1.183,-67.313,-36.87,-53.092,Shake
-0.08,0.241,1.04,-78.832,-39.634,-82.374,Shake
0.234,0.046,0.872,-75.214,-41.16,-101.176,Shake
0.624,-0.19,0.7,-44.611,-31.45,-85.053,Shake
0.782,-0.316,0.741,1.038,-3.405,-35.511,Shake
0.636,-0.218,0.749,32.023,4.351,10.901,Shake
0.495,-0.115,0.859,45.557,5.458,29.542,Shake
0.438,-0.028,0.902,56.916,10.191,38.55,Shake
0.332,0.096,0.994,72.786,17.504,45.595,Shake
0.155,0.318,1.255,68.084,9.45,48.359,Shake
-0.051,0.432,1.385,43.588,18.893,42.824,Shake
-0.327,0.544,1.418,9.267,11.26,22.13,Shake
-0.511,0.558,1.32,-12.267,1.328,-22.534,Shake
-0.33,0.476,1.269,-31.771,-19,-55.038,Shake
-0.085,0.354,1.182,-59.588,-44.565,-66.885,Shake
0.123,0.164,0.969,-67.901,-49.435,-76.893,Shake
0.34,-0.001,0.874,-51.45,-43.794,-82.611,Shake
0.615,-0.101,0.862,-34.763,-32.252,-74.802,Shake
0.884,-0.222,0.798,-9.84,-2.519,-48.183,Shake
0.877,-0.193,0.84,24.191,20.527,-4.244,Shake
0.762,-0.109,0.896,41.626,30.893,34.885,Shake
0.575,0.017,0.996,51.107,47.221,63.198,Shake
0.312,0.152,1.006,55.84,56.321,81.748,Shake
-0.039,0.332,1.073,60.992,48.74,79.198,Shake
-0.308,0.476,1.235,50.756,26.344,54.908,Shake
-0.415,0.601,1.352,24.992,18.725,15.817,Shake
-0.391,0.561,1.277,-12.328,1.901,-12.84,Shake
-0.251,0.461,1.169,-31.855,-32.931,-26.802,Shake
-0.07,0.339,1.116,-50.122,-54.305,-33.733,Shake
0.085,0.216,0.965,-53.725,-56.565,-47.618,Shake
0.336,0.103,0.862,-36.107,-45.626,-62.718,Shake
0.628,0.001,0.845,-13.282,-24.435,-58.748,Shake
0.874,-0.078,0.835,14.878,6.191,-27.336,Shake
0.808,-0.035,0.898,37.328,30.29,21.832,Shake
0.532,0.093,0.97,41.565,41.313,52.16,Shake
0.333,0.22,0.968,40.382,50.557,62.244,Shake
0.032,0.323,1.033,44.519,34.939,56.504,Shake
-0.082,0.52,1.195,26.588,16.26,50.595,Shake
-0.241,0.536,1.291,4.092,7.977,32.42,Shake
-0.347,0.593,1.304,-11.809,-1.481,9.908,Shake
-0.33,0.555,1.337,-31.015,-13.443,-18.214,Shake
-0.169,0.442,1.231,-52.267,-23.29,-40.405,Shake
0.053,0.29,1.106,-57.206,-29.359,-50.802,Shake
0.241,0.135,1.002,-49.351,-26.405,-52.947,Shake
0.369,0.006,0.936,-33.779,-15.947,-49.305,Shake
0.464,-0.047,0.918,-17.924,-5.588,-40.069,Shake
0.531,-0.07,0.911,-5.603,-1.733,-23.557,Shake
0.539,-0.09,0.929,4.702,2.511,-1.29,Shake
0.461,-0.064,0.928,13.084,7.053,19.985,Shake
0.383,0.009,0.994,26.458,14.511,34.267,Shake
0.289,0.089,1.123,30.565,24.244,45.336,Shake
0.154,0.155,1.254,20.672,23.107,54.069,Shake
-0.01,0.219,1.283,2.939,18.595,51.084,Shake
-0.12,0.262,1.271,-7.244,19.328,28.893,Shake
-0.193,0.244,1.243,-13.954,24.244,2.076,Shake
-0.215,0.212,1.215,-22.618,16.725,-17.26,Shake
-0.2,0.181,1.135,-29.679,7.962,-30.359,Shake
-0.181,0.134,1.074,-31.221,5.374,-44.473,Shake
-0.167,0.058,1.024,-29.863,-0.885,-60.435,Shake
-0.093,-0.042,1.008,-27.29,-14.069,-72.145,Shake
0.051,-0.11,0.987,-25.45,-27.305,-75.336,Shake
0.209,-0.183,0.955,-20.153,-27.023,-74.748,Shake
0.387,-0.278,0.896,-5.206,-12.534,-69.763,Shake
0.529,-0.324,0.896,9.55,-6.634,-49.237,Shake
0.577,-0.364,0.905,20.87,-10.221,-11.603,Shake
0.512,-0.315,0.944,28.802,-15.901,27.168,Shake
0.405,-0.181,0.99,43.55,-6,50.557,Shake
0.229,0.06,1.178,63.733,21.58,55.634,Shake
0.008,0.305,1.368,55.053,41.947,46.427,Shake
-0.195,0.445,1.461,25.481,31.42,30.58,Shake
-0.279,0.436,1.362,-5.786,9.718,11.977,Shake
-0.293,0.401,1.253,-14.977,-1.656,-11.985,Shake
-0.25,0.372,1.246,-23.802,1.046,-35.214,Shake
-0.229,0.297,1.156,-33.267,-2.481,-53.695,Shake
-0.183,0.199,1.104,-35.687,-10.244,-68.359,Shake
-0.098,0.096,1.031,-33.931,-18.366,-77.397,Shake
0.001,0.03,1.036,-33.206,-25.015,-81.122,Shake
0.113,-0.048,0.991,-33.122,-29.321,-84.405,Shake
0.293,-0.142,0.927,-23.901,-31.718,-80.42,Shake
0.44,-0.198,0.916,-5.74,-24.603,-65.198,Shake
0.545,-0.206,0.951,12.496,-16.221,-44.061,Shake
0.566,-0.146,1.055,24.916,1.153,-22.863,Shake
0.46,-0.096,1.118,21.634,15.221,-5.611,Shake
0.365,-0.094,1.068,14.733,12.359,12.977,Shake
0.304,-0.029,1.097,22.847,13.489,36.382,Shake
0.093,0.151,1.234,30.611,27.45,48.084,Shake
-0.252,0.321,1.377,17.496,22.84,33.359,Shake
-0.468,0.345,1.361,-9.817,-1.748,-2.42,Shake
-0.334,0.245,1.351,-22.031,-1.718,-36.229,Shake
-0.253,0.156,1.278,-30.863,1.687,-55.771,Shake
-0.156,0.033,1.251,-41.443,-16.237,-64.298,Shake
0.001,-0.159,1.22,-47.397,-32.901,-65.115,Shake
0.162,-0.297,1.153,-49.794,-25.832,-57.71,Shake
0.312,-0.405,0.993,-40.885,-14.916,-45.26,Shake
0.484,-0.467,0.841,-17.939,-15.786,-30.634,Shake
0.696,-0.507,0.817,18.855,1.397,-16.153,Shake
0.787,-0.434,0.988,42.931,38.855,9.099,Shake
0.7,-0.354,0.958,36.137,48.183,51.191,Shake
0.46,-0.219,0.941,43.702,29.115,88.252,Shake
0.229,-0.097,0.977,50.931,29.298,99.229,Shake
-0.001,0.1,1.113,62.802,31.221,94.183,Shake
-0.184,0.25,1.206,51.466,45.954,74.13,Shake
-0.316,0.343,1.229,33.275,33.679,57.183,Shake
-0.421,0.43,1.266,16.977,6.153,42.435,Shake
-0.38,0.394,1.325,-5.336,-10.153,23.679,Shake
-0.318,0.28,1.246,-34.42,-26.626,9.267,Shake
-0.224,0.144,1.033,-45.397,-33.649,-9.74,Shake
-0.011,0.028,0.9,-25.252,-26.809,-27.939,Shake
0.183,-0.056,0.904,-3.916,-14.008,-28.076,Shake
0.207,-0.078,0.931,7.252,-11.069,-15.985,Shake
0.238,-0.067,0.944,8.435,-20.084,-7.71,Shake
0.352,-0.039,0.911,10.198,-26.053,-4.344,Shake
0.549,-0.076,0.846,22.817,-13.069,-0.031,Shake
0.651,-0.053,0.863,45.939,7.115,24.267,Shake
0.451,0.109,1.034,61.58,21.076,52.618,Shake
0.122,0.27,1.182,55.382,29.931,58.534,Shake
-0.152,0.37,1.227,44.565,33.626,43.664,Shake
-0.261,0.396,1.241,29.618,23.931,28.901,Shake
-0.333,0.409,1.268,19.26,13.198,18.099,Shake
-0.403,0.453,1.26,3.756,-2.969,8.198,Shake
-0.44,0.432,1.214,-13.053,-14.924,-11.473,Shake
-0.415,0.414,1.155,-22.588,-18.924,-35.969,Shake
-0.26,0.38,1.103,-27.427,-32.855,-52.977,Shake
-0.049,0.272,1.072,-34.626,-49.908,-59.053,Shake
0.104,0.169,1,-35.809,-44.13,-61.847,Shake
0.246,0.116,1,-24.931,-37.725,-59.344,Shake
0.351,0.083,0.989,-22.443,-32.519,-54.74,Shake
0.481,0.043,0.938,-13.71,-19.069,-52.603,Shake
0.674,0.008,0.888,-4.718,-6.527,-41.672,Shake
0.852,-0.046,0.863,6.588,5.061,-11.71,Shake
0.801,-0.034,0.873,27.023,20.595,26.985,Shake
0.582,0.038,0.976,39.29,37.458,57.588,Shake
0.292,0.141,1.027,40.641,52.603,68.618,Shake
0.031,0.266,1.074,44.794,52.603,64.237,Shake
-0.151,0.375,1.232,42.809,35.519,52.771,Shake
-0.285,0.449,1.353,23.832,20.763,41.55,Shake
-0.377,0.48,1.378,3.252,7.038,29.069,Shake
-0.421,0.472,1.332,-16.779,-2.504,12.969,Shake
-0.43,0.442,1.287,-30.252,-10.847,-6.084,Shake
-0.381,0.385,1.189,-41.71,-16.443,-24.74,Shake
-0.278,0.303,1.114,-47.305,-29.328,-38.344,Shake
-0.118,0.222,1.03,-49.443,-35.443,-52.046,Shake
0.073,0.11,0.956,-44.763,-29.779,-62.176,Shake
0.259,0.004,0.901,-30.756,-20.374,-60.053,Shake
0.388,-0.059,0.877,-18.221,-12.496,-46.382,Shake
0.498,-0.085,0.867,-7.092,-10.13,-30.389,Shake
0.583,-0.123,0.902,4.321,-2.748,-16.786,Shake
0.609,-0.156,0.947,11.718,13.466,0.924,Shake
0.524,-0.147,0.936,21.412,26.824,23.015,Shake
0.393,-0.093,0.99,33.298,30.496,44.725,Shake
0.168,0.013,1.063,35.412,30.176,56.74,Shake
0.068,0.095,1.088,32.618,24.008,56.672,Shake
-0.028,0.18,1.242,16.916,4.046,49.87,Shake
-0.027,0.172,1.244,10.603,9.015,46.473,Shake
-0.154,0.232,1.281,15,26.328,40.107,Shake
-0.386,0.286,1.336,8.26,21.504,23.824,Shake
-0.542,0.287,1.357,-9.756,6.55,-5.122,Shake
-0.437,0.246,1.311,-33.71,-1.527,-30.58,Shake
-0.315,0.168,1.163,-46.252,-13.496,-43.496,Shake
-0.223,0.076,1.045,-50.962,-23.71,-54.466,Shake
-0.031,-0.011,0.942,-50.321,-36.679,-63.366,Shake
0.255,-0.128,0.869,-42.45,-44.855,-59.351,Shake
0.503,-0.205,0.828,-29.855,-45.718,-38.229,Shake
0.702,-0.292,0.818,-11.153,-43.45,-10.626,Shake
0.791,-0.306,0.922,9.71,-20.939,17.954,Shake
0.653,-0.266,0.974,15.221,6.511,41.489,Shake
0.475,-0.24,0.898,30.489,22.786,58.382,Shake
0.265,-0.121,0.953,47.954,33.588,68.603,Shake
0.031,0.073,1.073,57.351,36.969,64.351,Shake
-0.108,0.183,1.199,52.13,38.489,47.336,Shake
-0.237,0.267,1.246,45,42.557,33.962,Shake
-0.436,0.397,1.309,39.733,28.969,22.214,Shake
-0.561,0.44,1.417,15.962,11.198,3.176,Shake
-0.596,0.43,1.39,-18.038,-1.786,-20.489,Shake
-0.531,0.32,1.214,-38.321,-17.221,-43.725,Shake
-0.372,0.178,1.104,-46.626,-29.939,-64.672,Shake
-0.13,0.051,1.003,-48.099,-39.473,-77.328,Shake
0.176,-0.086,0.903,-38.84,-44.595,-76.664,Shake
0.464,-0.181,0.86,-17.733,-38.725,-60.183,Shake
0.639,-0.218,0.91,3.664,-24.252,-37.817,Shake
0.709,-0.219,0.984,18.321,0.924,-15.557,Shake
0.617,-0.191,1.001,25.771,12.595,13.214,Shake
0.475,-0.132,1.029,32.038,19.878,38.313,Shake
0.283,-0.034,1.086,35.679,28.038,54.29,Shake
0.043,0.076,1.183,35.702,27.847,57.168,Shake
-0.157,0.214,1.264,29.504,19.008,52.84,Shake
-0.338,0.312,1.345,15.305,11.863,32.794,Shake
-0.446,0.339,1.331,-2.122,12.412,4.496,Shake
-0.477,0.327,1.292,-17.359,2.008,-23.817,Shake
-0.383,0.243,1.244,-39.405,-10.405,-40.26,Shake
-0.31,0.129,1.087,-53.359,-25.885,-48.756,Shake
-0.183,0.008,0.935,-50.305,-36.069,-58.718,Shake
0.022,-0.105,0.836,-37.16,-39.145,-67.137,Shake
0.262,-0.188,0.805,-9.504,-32.435,-68.901,Shake
0.48,-0.244,0.865,12.962,-18.954,-55.702,Shake
0.607,-0.236,0.94,25.679,-11.511,-28.924,Shake
0.601,-0.231,0.966,35.481,-1.626,0.084,Shake
0.533,-0.098,1.152,34.71,-5.076,29.603,Shake
0.376,-0.016,1.173,30.168,6.191,47.168,Shake
0.21,0.075,1.241,26.565,13.901,54.282,Shake
0.024,0.154,1.25,16.824,19.084,53.321,Shake
-0.144,0.224,1.242,7.901,13.565,40.435,Shake
-0.293,0.239,1.235,-1.42,5.916,17.794,Shake
-0.374,0.24,1.225,-7.924,1.145,-11.771,Shake
-0.335,0.196,1.16,-21.618,-3.313,-35.557,Shake
-0.214,0.108,1.09,-29.16,-18.351,-48.733,Shake
-0.044,0.006,1.021,-36.038,-36.649,-54.229,Shake
0.225,-0.135,0.927,-27.053,-38.878,-55.794,Shake
0.486,-0.224,0.914,0.366,-20.962,-45.992,Shake
0.641,-0.253,1.017,17.588,-8.649,-19.626,Shake
0.642,-0.236,1.077,18.397,-3.71,17.672,Shake
0.502,-0.219,1.059,15.908,-2.527,48.672,Shake
0.358,-0.157,1.004,27.099,10.115,65.969,Shake
0.17,-0.006,1.097,43.603,26.847,69.817,Shake
-0.047,0.16,1.222,41.115,34.893,60.473,Shake
-0.213,0.279,1.278,31.733,23.29,42.328,Shake
-0.35,0.352,1.354,13.817,17.74,16.412,Shake
-0.395,0.35,1.294,-10.13,13.527,-12.153,Shake
-0.351,0.28,1.177,-28.206,2.954,-34.672,Shake
-0.227,0.182,1.057,-36.649,-13.031,-48.969,Shake
-0.021,0.078,0.97,-38.008,-32.191,-56.313,Shake
0.257,-0.08,0.898,-31.931,-41.168,-55.649,Shake
0.48,-0.208,0.869,-9.916,-24.496,-43.496,Shake
0.579,-0.253,0.877,17.145,-5.878,-17.931,Shake
0.559,-0.219,0.969,31.885,-5.893,17.397,Shake
0.46,-0.167,1.056,29.511,-10.511,46,Shake
0.354,-0.152,1.013,23.641,-8.321,60.45,Shake
0.302,-0.112,0.964,37.489,0.29,69.26,Shake
0.197,0.034,1.056,56.305,14.771,74.641,Shake
0.022,0.227,1.224,61.878,21.664,71.427,Shake
-0.205,0.41,1.412,46.954,18.603,53.153,Shake
-0.328,0.484,1.47,15.153,9.344,24.221,Shake
-0.32,0.458,1.424,-10.802,2.412,-2.962,Shake
-0.29,0.385,1.3,-30.885,-0.931,-24.847,Shake
-0.218,0.279,1.179,-42.588,-8.71,-43.038,Shake
-0.064,0.159,1.065,-47.374,-17.611,-57.496,Shake
0.157,0.022,0.982,-41.992,-26.679,-63.618,Shake
0.409,-0.125,0.903,-28.374,-15.58,-58.328,Shake
0.526,-0.221,0.859,-9.122,1.672,-36.58,Shake
0.524,-0.265,0.841,8.107,2.405,-4.214,Shake
0.448,-0.27,0.863,18.718,-10.076,26.947,Shake
0.393,-0.227,0.893,31.855,-11.672,45.267,Shake
0.337,-0.16,0.977,38.511,-0.252,51.863,Shake
0.298,-0.142,0.991,40.863,-2.313,59.649,Shake
0.287,-0.102,1.041,43.817,-9.244,70.756,Shake
0.257,0,1.124,43.092,-3.008,78.115,Shake
0.125,0.135,1.201,50.626,12.153,79.733,Shake
-0.054,0.252,1.319,43.626,15.885,70.069,Shake
-0.155,0.299,1.353,24.061,3.885,53.206,Shake
-0.069,0.304,1.334,15.389,7.145,38.687,Shake
-0.071,0.355,1.338,13.725,18.58,28.74,Shake
-0.139,0.413,1.371,6.13,24.786,11.191,Shake
-0.16,0.406,1.328,-6.756,28.954,-9.443,Shake
-0.182,0.382,1.262,-15.557,26.565,-20.855,Shake
-0.236,0.381,1.205,-29.183,18.603,-25.145,Shake
-0.237,0.355,1.086,-39.412,-1.351,-37.595,Shake
-0.168,0.302,1.1,-47.099,-13.282,-58.191,Shake
0,0.178,1.036,-53.74,-15.237,-71.634,Shake
0.246,0.026,0.91,-47.588,-16.718,-72.504,Shake
0.42,-0.096,0.894,-28.962,-11.359,-60.023,Shake
0.475,-0.202,0.87,-17.282,-6.496,-40.603,Shake
0.541,-0.237,0.823,-6.046,-5.237,-20.626,Shake
0.588,-0.238,0.827,12.55,-1.031,2.015,Shake
0.616,-0.199,0.866,26.069,7.733,28.214,Shake
0.482,-0.105,0.926,33.481,5.672,53.191,Shake
0.34,0,0.98,35.916,13.931,69.496,Shake
0.166,0.108,1.034,38.718,17.916,74.847,Shake
-0.009,0.196,1.096,36.076,12.74,70.076,Shake
-0.073,0.26,1.136,36.298,5.817,58.702,Shake
-0.103,0.352,1.218,34.092,9,48.298,Shake
-0.215,0.459,1.317,27.847,11.87,33.947,Shake
-0.333,0.521,1.341,7.611,9.466,13.55,Shake
-0.353,0.486,1.294,-9.809,-2.84,-10.931,Shake
-0.303,0.428,1.236,-21.679,-9.366,-29.985,Shake
-0.233,0.349,1.16,-29.16,-15.282,-45.321,Shake
-0.093,0.26,1.108,-32.427,-19.802,-57.366,Shake
0.051,0.168,1.036,-31.763,-23.183,-62.435,Shake
0.172,0.095,1.006,-26.969,-22.328,-62.794,Shake
0.306,0.003,0.972,-22.656,-22.168,-57.328,Shake
0.409,-0.048,0.967,-14.282,-19.115,-46.397,Shake
0.443,-0.113,0.946,-4.107,-8.466,-32.038,Shake
0.429,-0.115,0.932,1.359,-5.29,-17.557,Shake
0.431,-0.131,0.925,8.168,-3.435,-2.824,Shake
0.417,-0.101,0.925,18.58,2.145,11.695,Shake
0.368,-0.024,1.035,27.359,9.328,26.237,Shake
0.246,0.053,1.099,23.511,12.603,37.466,Shake
0.111,0.105,1.145,19.214,4.214,44.107,Shake
0.016,0.172,1.178,17.252,0.71,40.763,Shake
-0.076,0.187,1.244,15.527,5.672,25.55,Shake
-0.12,0.214,1.213,10.489,10.626,9.718,Shake
-0.163,0.241,1.298,13.885,9.908,-2.756,Shake
-0.188,0.243,1.292,2.656,10.962,-14.557,Shake
-0.259,0.208,1.261,-12.427,-0.084,-30.977,Shake
-0.183,0.129,1.176,-18.756,-2.748,-47.405,Shake
-0.132,0.043,1.086,-18.29,-1.038,-55.985,Shake
-0.042,-0.04,1.043,-17.878,-10.473,-58.542,Shake
0.062,-0.14,0.99,-19.687,-25.229,-55.473,Shake
0.279,-0.269,0.952,-10.74,-31.763,-47.298,Shake
0.475,-0.358,0.975,3.427,-22.176,-30.008,Shake
0.561,-0.375,1.043,15.366,-5.008,-4.634,Shake
0.492,-0.352,1.074,16.802,6.092,23.603,Shake
0.402,-0.308,1.07,18.924,4.214,45.878,Shake
0.315,-0.244,1.083,22.962,12.466,58.527,Shake
0.239,-0.163,1.066,26.985,22.405,65.015,Shake
0.18,-0.08,1.046,27.573,24.809,71.481,Shake
0.054,0.062,1.055,35.336,26.748,78.275,Shake
-0.138,0.222,1.126,43.435,22.458,75.832,Shake
-0.272,0.344,1.278,37.328,17.031,62.702,Shake
-0.368,0.394,1.313,13.725,16.679,42.977,Shake
-0.438,0.354,1.196,-5.71,6.397,27.718,Shake
-0.425,0.351,1.106,-5.702,-14.183,12.076,Shake
-0.275,0.345,1.2,1.565,-17,-9.092,Shake
-0.192,0.362,1.31,2.031,-5.58,-31,Shake
-0.125,0.362,1.354,-14.038,-6.489,-45.107,Shake
-0.055,0.275,1.24,-34.947,-13.786,-50.076,Shake
-0.024,0.169,1.085,-35.305,-20.962,-47.061,Shake
-0.055,0.17,0.998,-24.221,-12.58,-56.351,Shake
0.145,0.186,1.03,-14.26,-14.336,-75.321,Shake
0.407,0.094,1.064,-20.656,-23.405,-69.847,Shake
0.592,-0.078,0.947,-26.427,-25.473,-40.221,Shake
0.646,-0.136,0.82,-12.496,-19.427,-14.023,Shake
0.646,-0.107,0.816,5.427,-7.954,3.977,Shake
0.679,-0.091,0.856,18.092,0.939,19.015,Shake
0.673,-0.049,0.868,26.939,11.206,39.344,Shake
0.534,-0.006,0.902,37.511,17.634,63.809,Shake
0.283,0.12,0.975,46.924,24.267,78.901,Shake
-0.014,0.24,1.063,48.809,27.405,77.267,Shake
-0.212,0.34,1.177,40.42,16.664,63.328,Shake
-0.333,0.396,1.243,27.244,8.397,45.725,Shake
-0.383,0.424,1.301,16.626,1.618,27.305,Shake
-0.406,0.45,1.297,6.992,-3.779,10.076,Shake
-0.451,0.459,1.331,-2.168,-11.321,-11.237,Shake
-0.353,0.385,1.31,-17.336,-16.725,-31.802,Shake
-0.248,0.265,1.227,-26.947,-22.649,-45.511,Shake
-0.184,0.172,1.173,-31.924,-28.908,-56.038,Shake
-0.046,0.119,1.118,-36.397,-33.725,-65.55,Shake
0.101,0.044,1.044,-40.74,-33.55,-69.275,Shake
0.232,-0.036,0.94,-35.42,-27.962,-68.069,Shake
0.375,-0.077,0.927,-15.733,-23.122,-60.603,Shake
0.504,-0.085,0.991,-10.947,-26.947,-46.267,Shake
0.584,-0.138,0.949,-13.328,-15.374,-30.931,Shake
0.597,-0.149,0.873,-0.374,-1.634,-13.107,Shake
0.588,-0.104,0.841,13.687,4.55,2.26,Shake
0.606,-0.028,0.896,27.412,5.779,15.511,Shake
0.661,0.039,0.921,35.267,10.863,45.313,Shake
0.544,0.143,0.951,46.656,24.473,67.931,Shake
0.237,0.235,0.995,54.71,42.115,76.954,Shake
-0.009,0.36,1.063,46.046,41.237,71.55,Shake
-0.078,0.44,1.146,41.962,22.305,61.031,Shake
-0.137,0.502,1.221,29.748,11.29,55.916,Shake
-0.257,0.52,1.253,17.832,3.565,44.885,Shake
-0.356,0.56,1.295,8.496,-0.26,21.733,Shake
-0.398,0.574,1.302,-8.046,-2.908,-7.473,Shake
-0.307,0.463,1.233,-27.458,-11.557,-31.198,Shake
-0.208,0.35,1.153,-33.031,-18.13,-46.595,Shake
-0.129,0.28,1.117,-33.29,-16.901,-61.458,Shake
-0.06,0.218,1.055,-38.565,-18.084,-74.389,Shake
0.033,0.108,0.978,-40.656,-26.595,-81.344,Shake
0.21,0.019,0.915,-35.473,-38.534,-77.29,Shake
0.365,-0.044,0.9,-26.069,-40.244,-66.672,Shake
0.52,-0.097,0.896,-14.321,-29.679,-52.878,Shake
0.581,-0.133,0.924,-2.824,-23.473,-34.053,Shake
0.584,-0.149,0.966,0.397,-20.214,-12.74,Shake
0.555,-0.169,0.95,1.328,-14.023,3.458,Shake
0.515,-0.208,0.926,10.534,-6.809,16.198,Shake
0.482,-0.189,0.974,21.382,-3.359,29.832,Shake
0.448,-0.187,1.015,31.046,-1.092,44.168,Shake
0.393,-0.13,1.11,40.588,5.863,56.092,Shake
0.329,-0.051,1.19,37.878,15.924,64.603,Shake
0.207,0.009,1.19,39.397,23.794,72.313,Shake
0.065,0.12,1.275,38.511,28.992,75.84,Shake
-0.12,0.205,1.286,34.099,28.046,72.168,Shake
-0.284,0.315,1.322,27.71,27.015,57.473,Shake
-0.482,0.401,1.335,17.084,19.878,30.405,Shake
-0.506,0.452,1.312,4.771,12.771,-4.221,Shake
-0.373,0.462,1.31,-11.466,3.908,-29.351,Shake
-0.265,0.452,1.234,-28.641,-12.328,-42.588,Shake
-0.169,0.396,1.155,-40.405,-20.076,-57.969,Shake
-0.044,0.331,1.064,-42.519,-20.29,-78.756,Shake
0.154,0.253,1.03,-46.55,-24.191,-89.679,Shake
0.354,0.138,0.931,-46.573,-25.824,-88.87,Shake
0.524,0.005,0.887,-40.321,-30.939,-73.832,Shake
0.65,-0.106,0.822,-33.092,-30.13,-52.718,Shake
0.755,-0.213,0.75,-15.977,-19.58,-30.153,Shake
0.844,-0.268,0.72,9.046,-1.962,-3.534,Shake
0.763,-0.204,0.769,33,5.763,29.786,Shake
0.613,-0.112,0.883,42.176,7.954,57.702,Shake
0.45,-0.038,0.948,49.168,9.824,74.939,Shake
0.328,0.038,1.002,55.672,17.924,81.87,Shake
0.178,0.158,1.149,56.336,24.618,85.42,Shake
-0.002,0.283,1.231,44.809,25.107,86.84,Shake
-0.305,0.408,1.325,41.122,12.977,75.122,Shake
-0.496,0.495,1.433,25.511,5.611,42.916,Shake
-0.52,0.514,1.503,0.534,-2.489,3.786,Shake
-0.432,0.455,1.41,-23.656,-3.435,-25.198,Shake
-0.348,0.384,1.273,-39.084,-16.55,-42.763,Shake
-0.206,0.322,1.175,-43.092,-25.076,-60.481,Shake
-0.012,0.268,1.137,-41.649,-19.069,-82.298,Shake
0.184,0.184,1.107,-36.42,-4.664,-95.42,Shake
0.301,0.129,1.089,-38.496,-2.015,-91.198,Shake
0.41,0.043,0.968,-43.687,-17.519,-75.679,Shake
0.537,-0.075,0.849,-35.908,-25.733,-58.634,Shake
0.668,-0.151,0.805,-17.313,-15.305,-45.16,Shake
0.768,-0.204,0.831,-1.878,0.603,-27.023,Shake
0.752,-0.23,0.809,7.641,4.679,4.74,Shake
0.646,-0.215,0.792,21.122,-3.076,35.191,Shake
0.576,-0.156,0.855,34.412,-2.328,53.947,Shake
0.532,-0.106,0.927,42.84,2.771,68.847,Shake
0.465,-0.038,0.988,51.412,8.534,88.122,Shake
0.307,0.12,1.121,58.321,13.763,106.198,Shake
0.07,0.291,1.242,49.382,14.107,109.069,Shake
-0.219,0.414,1.299,31.992,14.893,88.191,Shake
-0.405,0.445,1.226,26.458,12.282,46.962,Shake
-0.361,0.52,1.31,33.214,19.634,9.176,Shake
-0.359,0.595,1.39,20.947,25.649,-17.221,Shake
-0.331,0.593,1.347,-9.275,13.802,-38.405,Shake
-0.257,0.474,1.216,-34.885,-10.397,-52.87,Shake
-0.142,0.343,1.07,-45.794,-29.084,-64.069,Shake
-0.016,0.228,0.993,-44.458,-34.832,-76.244,Shake
0.165,0.113,0.913,-36.656,-34.573,-86.252,Shake
0.356,0.004,0.904,-24.489,-37.321,-87.076,Shake
0.612,-0.082,0.918,-16.328,-38.168,-76.046,Shake
0.771,-0.164,0.925,-7.351,-25.511,-50.863,Shake
0.786,-0.175,0.886,2.656,-12.947,-16.229,Shake
0.67,-0.161,0.929,13.427,-8.794,10.954,Shake
0.548,-0.151,0.954,16.985,-3.74,25.756,Shake
0.485,-0.131,0.95,29.565,5.84,38.641,Shake
0.353,-0.021,1.064,41.687,17.992,51.771,Shake
0.205,0.093,1.163,42.519,26.267,57.298,Shake
0.045,0.211,1.294,36.763,30.313,54.985,Shake
-0.092,0.263,1.334,20.443,30.71,46.023,Shake
-0.207,0.308,1.333,9.885,28.412,33.206,Shake
-0.352,0.378,1.332,-3.641,25.954,13.649,Shake
-0.482,0.421,1.299,-11.901,8.679,-16.84,Shake
-0.362,0.402,1.317,-30.527,-8.137,-46.985,Shake
-0.211,0.307,1.215,-50.458,-22.275,-64.641,Shake
-0.009,0.206,1.08,-56.588,-33.931,-79.092,Shake
0.204,0.082,1.025,-52.71,-29.435,-87.053,Shake
0.366,-0.036,0.92,-46.336,-18.405,-84.282,Shake
0.456,-0.112,0.819,-32.267,-17.939,-72.557,Shake
0.583,-0.162,0.823,-19.069,-23.779,-55.206,Shake
0.723,-0.21,0.821,-7.649,-16.076,-32.466,Shake
0.8,-0.238,0.785,11.687,-3.053,-4.664,Shake
0.749,-0.214,0.871,32.931,5.672,27.214,Shake
0.595,-0.134,0.971,37.786,8.099,51.275,Shake
0.466,-0.068,0.987,43.634,14.962,66.588,Shake
0.322,0.012,1.058,54.901,29.29,74.183,Shake
0.173,0.139,1.169,56.58,43.771,75.511,Shake
0.006,0.26,1.26,51.664,50.076,74.389,Shake
-0.186,0.387,1.354,38.137,44.382,67.45,Shake
-0.403,0.461,1.408,16.664,29.985,51.458,Shake
-0.575,0.487,1.39,-6.137,11.962,20.496,Shake
-0.568,0.448,1.3,-23.672,-4.992,-16.664,Shake
-0.373,0.376,1.222,-32.817,-11.115,-44,Shake
-0.167,0.331,1.19,-37.145,-23.321,-58.74,Shake
0.043,0.292,1.218,-45,-35.664,-63.405,Shake
0.169,0.212,1.185,-60.908,-35.374,-66.076,Shake
0.215,0.093,0.975,-68.061,-25.427,-71.641,Shake
0.296,-0.016,0.816,-54.511,-18.527,-76.053,Shake
0.426,-0.071,0.758,-34.878,-20.985,-70.55,Shake
0.594,-0.131,0.79,-19.931,-25.565,-53.359,Shake
0.743,-0.219,0.771,-10.855,-22.702,-27.779,Shake
0.771,-0.284,0.733,8.641,-8.008,2.618,Shake
0.627,-0.244,0.781,29.985,0.542,31.931,Shake
0.486,-0.179,0.852,43.557,1.55,49.756,Shake
0.364,-0.108,0.99,50.466,2.542,57.901,Shake
0.292,-0.069,1.05,51.656,7.069,60.458,Shake
0.234,-0.028,1.108,51.985,11.504,63.908,Shake
0.152,0.072,1.208,56.695,22.542,70.168,Shake
-0.019,0.219,1.332,51.817,34.595,69.679,Shake
-0.215,0.337,1.434,35.511,34.206,57.366,Shake
-0.401,0.387,1.455,10.206,21.252,34.595,Shake
-0.469,0.387,1.391,-11.863,3.756,4.42,Shake
-0.372,0.336,1.274,-25.725,-5.038,-24.252,Shake
-0.235,0.293,1.186,-28.13,-10.282,-40.405,Shake
-0.141,0.304,1.177,-29,-15.573,-54.267,Shake
0.006,0.26,1.166,-36.794,-19.794,-67.168,Shake
0.091,0.167,1.1,-45.16,-22.244,-71.901,Shake
0.141,0.1,1.008,-48.198,-25.099,-77.45,Shake
0.296,0.047,0.935,-45.832,-36.527,-81.038,Shake
0.527,-0.059,0.905,-40.122,-39.962,-76.427,Shake
0.699,-0.157,0.859,-28.595,-25.336,-63.947,Shake
0.813,-0.249,0.782,-15.405,-8.832,-43.351,Shake
0.847,-0.309,0.743,3.679,0.771,-12.573,Shake
0.797,-0.338,0.685,20.42,6.122,22.42,Shake
0.707,-0.298,0.661,50.267,10.924,53.42,Shake
0.573,-0.149,0.868,71.985,17.656,77.74,Shake
0.437,-0.021,1.004,76.504,31.611,93.565,Shake
0.23,0.126,1.099,80.145,38.893,101.282,Shake
0.066,0.271,1.226,74.725,47.031,99.221,Shake
-0.097,0.426,1.368,56.779,44.611,95.519,Shake
-0.285,0.532,1.416,33.672,33.221,85.496,Shake
-0.463,0.598,1.395,9.656,13.634,57.504,Shake
-0.512,0.596,1.328,-6.527,-2.046,12.588,Shake
-0.358,0.535,1.283,-20.374,1.366,-26.641,Shake
-0.265,0.457,1.186,-28.008,-1.588,-49.832,Shake
-0.201,0.394,1.137,-37.565,-10.542,-65.748,Shake
-0.118,0.312,1.064,-45.977,-19.672,-79.565,Shake
-0.027,0.207,0.98,-46.817,-24.939,-92.992,Shake
0.118,0.109,0.929,-42.046,-32.504,-100.313,Shake
0.303,0.029,0.901,-31.305,-37.542,-98.496,Shake
0.51,-0.006,0.949,-17.794,-33.763,-87.74,Shake
0.646,-0.047,1.025,-10.687,-22.893,-69.45,Shake
0.654,-0.079,0.997,-8.618,-5.519,-46.473,Shake
0.574,-0.103,0.953,1.901,0.023,-22.237,Shake
0.475,-0.116,0.94,14.122,-1.092,-3.649,Shake
0.398,-0.086,1.026,19.802,2.641,11.351,Shake
0.305,-0.076,1.004,22.55,9.374,19.328,Shake
0.203,-0.044,1.073,33.611,13.023,25.611,Shake
0.092,0.009,1.207,31.832,15.695,29.534,Shake
-0.066,0.038,1.25,17.947,11.763,24.015,Shake
-0.16,0.042,1.24,4.817,6.359,6.412,Shake
-0.204,0.032,1.248,-2.107,1.977,-12.679,Shake
-0.176,0.008,1.23,-12.832,-7.092,-28.099,Shake
-0.091,-0.024,1.155,-23.718,-14.954,-34.832,Shake
0.009,-0.07,1.06,-27.282,-26.756,-42.176,Shake
0.167,-0.141,1.034,-20.359,-38.176,-54.313,Shake
0.468,-0.241,1.031,-13.389,-44.336,-55.969,Shake
0.742,-0.325,1.023,-5.137,-26.16,-32.618,Shake
0.811,-0.359,0.989,9.542,0.718,9.924,Shake
0.676,-0.318,0.973,21.489,5.183,47.534,Shake
0.62,-0.235,1.032,26.504,1.878,66.031,Shake
0.666,-0.202,1.026,25.718,8.076,80.718,Shake
0.649,-0.149,0.924,32.557,21.267,100.634,Shake
0.489,-0.017,0.963,54.435,39.183,122.359,Shake
0.2,0.174,1.083,60.298,59.534,132.214,Shake
-0.151,0.354,1.166,53.71,57.618,123.824,Shake
-0.423,0.488,1.229,42.397,33.206,95.496,Shake
-0.465,0.508,1.325,27.847,10.427,60.504,Shake
-0.32,0.495,1.354,13.229,11.595,36.534,Shake
-0.361,0.458,1.301,0.16,14.519,12.672,Shake
-0.35,0.45,1.211,-8.763,13.206,-9.282,Shake
-0.262,0.463,1.172,-8.099,2.641,-31.328,Shake
-0.168,0.485,1.243,-14.992,-1.26,-49.771,Shake
-0.162,0.43,1.208,-33.733,-6.405,-68.176,Shake
-0.065,0.339,1.079,-48.26,-20.901,-83.221,Shake
0.101,0.233,0.951,-53.542,-38.137,-89.954,Shake
0.339,0.094,0.917,-45.901,-53.221,-89,Shake
0.548,-0.038,0.894,-43.427,-41.237,-85.29,Shake
0.791,-0.19,0.751,-35.275,-26.878,-69.702,Shake
1.01,-0.296,0.693,-10.527,-19.573,-29.924,Shake
0.993,-0.31,0.743,16.168,-3.397,14.611,Shake
0.816,-0.195,0.865,29.481,6.84,51.672,Shake
0.638,-0.127,0.855,36.252,15.786,75.84,Shake
0.46,-0.028,0.898,53.771,26.855,94.573,Shake
0.211,0.122,1.013,60.206,31.351,99.588,Shake
0.037,0.253,1.137,55.977,31.023,94.374,Shake
-0.144,0.324,1.212,48.221,28.374,85.863,Shake
-0.383,0.375,1.256,46.115,25.832,65.183,Shake
-0.497,0.454,1.35,47.863,19.374,36.267,Shake
-0.475,0.464,1.415,25.626,14.038,10.382,Shake
-0.391,0.449,1.374,3.702,2.198,-7.374,Shake
-0.343,0.447,1.338,-14.244,-7.656,-26.084,Shake
-0.215,0.379,1.231,-23.756,-11.824,-45.16,Shake
-0.097,0.277,1.192,-24.824,-18.527,-56.061,Shake
0.005,0.178,1.177,-30.756,-24.466,-59.16,Shake
0.049,0.063,1.131,-37.664,-28.031,-59.397,Shake
0.107,-0.037,1.035,-39.229,-25.053,-64.16,Shake
0.247,-0.073,0.953,-25.878,-21.237,-64.962,Shake
0.42,-0.119,1.001,-18.466,-21.58,-55.298,Shake
0.48,-0.174,0.947,-14.412,-9.542,-38.786,Shake
0.523,-0.16,0.885,-6.023,-8.901,-20.649,Shake
0.586,-0.169,0.869,5.733,-3.244,-5.412,Shake
0.592,-0.123,0.852,20.756,12.458,10.527,Shake
0.534,-0.029,0.879,28.13,15.702,26.183,Shake
0.532,0.071,0.906,36.779,15.321,42.359,Shake
0.498,0.186,0.938,39.351,24.389,58.153,Shake
0.367,0.271,0.939,40.267,30.115,72.634,Shake
0.196,0.343,0.943,41.244,31.16,80.206,Shake
0.004,0.385,0.972,44.176,24.687,78.153,Shake
-0.1,0.456,1.042,40.573,14.099,69.817,Shake
-0.077,0.501,1.079,34.748,1.527,62.351,Shake
-0.005,0.553,1.12,30.748,-3.748,60.893,Shake
-0.078,0.613,1.179,18.893,-5.145,58.45,Shake
-0.213,0.576,1.227,-0.183,-20.595,44.466,Shake
-0.173,0.484,1.208,-12.527,-41.496,26.198,Shake
-0.093,0.454,1.198,-17.786,-38.58,2.374,Shake
0.056,0.429,1.17,-11.504,-15.053,-22.893,Shake
0.081,0.398,1.133,-12.496,7.847,-40.382,Shake
0.051,0.35,1.103,-16.084,3.13,-48.679,Shake
0.007,0.286,1.073,-21.084,-6.84,-50.55,Shake
0.012,0.243,1.096,-25.527,-24.275,-53.756,Shake
0.048,0.214,1.109,-28.84,-25.061,-65.84,Shake
0.045,0.158,1.12,-27.802,-17.061,-82.214,Shake
0.102,0.09,1.107,-23.26,-9.771,-95.344,Shake
0.219,0.056,1.092,-21.863,-17.725,-97.435,Shake
0.344,0.015,1.138,-26.038,-23.137,-87.092,Shake
0.405,-0.036,1.117,-33.046,-18.74,-72.786,Shake
0.407,-0.075,1.049,-28.053,-9.092,-58.74,Shake
0.347,-0.063,1.028,-19.237,0.641,-50.435,Shake
0.323,-0.067,1.032,-13.359,1.756,-45.901,Shake
0.364,-0.103,1.021,-7.779,0.122,-35.496,Shake
0.312,-0.102,1.003,1.053,0.076,-21.611,Shake
0.276,-0.077,1.058,11.115,3.313,-10.344,Shake
0.156,-0.018,1.108,11.061,6.641,-6.832,Shake
0.099,-0.005,1.123,5.374,-1.473,-9.908,Shake
0.072,-0.082,1.149,-0.244,-12.649,-13.16,Shake
0.145,-0.188,1.146,-5.137,-14.076,-16.305,Shake
0.203,-0.263,1.102,1.885,-5.84,-12.511,Shake
0.218,-0.301,1.14,7.405,-5.443,0.435,Shake
0.237,-0.29,1.166,6.435,-9.168,10.924,Shake
0.331,-0.259,1.189,2.092,-9.229,16.87,Shake
0.417,-0.29,1.174,1.473,2.756,25.588,Shake
0.35,-0.312,1.105,6.733,15.061,42.298,Shake
0.26,-0.241,1.1,8.321,11.863,58.305,Shake
0.164,-0.178,1.071,11.267,7.099,62.115,Shake
0.171,-0.127,1.088,19.389,12.992,55.588,Shake
0.175,-0.048,1.149,24.588,24.229,52.061,Shake
0.069,-0.022,1.125,16.015,18.931,53.405,Shake
0.063,0.052,1.08,15.519,-0.641,53.473,Shake
0.099,0.095,1.077,16.542,-3.061,46.634,Shake
0.072,0.141,1.094,23.489,9.557,37.107,Shake
0.048,0.253,1.082,26.504,15.344,26.42,Shake
-0.005,0.296,1.155,24.382,6.595,20.962,Shake
-0.095,0.368,1.127,17.832,0.069,15.611,Shake
-0.158,0.431,1.155,10.084,-10.855,3.267,Shake
-0.073,0.451,1.12,4.328,-16.863,-14.809,Shake
0.049,0.484,1.113,8.229,-5.481,-29.863,Shake
0.077,0.507,1.145,5.634,-1.695,-34.863,Shake
0.005,0.513,1.154,-9.351,-9.321,-39.42,Shake
0.038,0.486,1.037,-19.489,-22.107,-45.824,Shake
0.184,0.431,0.999,-14.405,-23.023,-53.595,Shake
0.279,0.408,1.056,-11.214,-19.557,-47.282,Shake
0.276,0.404,1.024,-18.71,-20.809,-42.053,Shake
0.388,0.362,0.982,-21.885,-28.229,-39.046,Shake
0.498,0.287,0.933,-23.145,-18.473,-32.42,Shake
0.467,0.232,0.91,-11.87,-5.359,-20.687,Shake
0.363,0.255,0.949,-5.344,0.458,-11.985,Shake
0.28,0.27,0.975,-10.992,-0.237,-8.55,Shake
0.259,0.24,0.949,-9.076,-0.679,-8.382,Shake
0.292,0.23,0.995,-1.382,-5.305,-5.489,Shake
0.349,0.246,1.056,-4.618,-10.466,0,Shake
0.42,0.195,1.071,-16.687,-20.977,9.832,Shake
0.479,0.084,0.989,-20.038,-19.985,23.71,Shake
0.46,0.06,0.963,-7.328,-5.908,34.87,Shake
0.338,0.103,0.994,5.824,13.87,41.809,Shake
0.19,0.104,1.078,9.458,14.84,43.786,Shake
0.1,0.047,1.09,-0.221,3.351,37.817,Shake
0.128,-0.015,0.993,7.397,3.443,27.008,Shake
0.107,0.007,1.105,30.496,16.756,21.954,Shake
0.005,0.058,1.273,21.725,17.008,20.977,Shake
-0.054,0.038,1.24,5.977,5.031,12.847,Shake
-0.05,0.016,1.217,6.252,1.382,0.756,Shake
-0.005,0.018,1.228,8.008,4.832,-11.168,Shake
0.007,-0.006,1.221,-1.29,4.336,-14.847,Shake
0.001,-0.048,1.186,-7.931,-7.412,-20.313,Shake
0.035,-0.129,1.14,-13.176,-8.427,-30.099,Shake
0.122,-0.215,1.067,-6.649,-0.855,-38.26,Shake
0.244,-0.318,1.104,2.031,-1.115,-31.763,Shake
0.305,-0.349,1.164,0.366,-5.061,-15.099,Shake
0.331,-0.357,1.149,-10.351,-3.443,-1.519,Shake
0.364,-0.394,1.092,-7.13,0.901,10.359,Shake
0.334,-0.408,1.11,0.313,8.672,23.382,Shake
0.29,-0.369,1.109,0.458,12.916,35.527,Shake
0.24,-0.341,1.083,3.053,12.534,47.656,Shake
0.187,-0.311,1.103,4.763,9.931,58.321,Shake
0.12,-0.266,1.084,4.878,8.405,65.153,Shake
0.031,-0.218,1.031,10.443,13.282,61.122,Shake
-0.047,-0.159,1.085,20.046,15.565,52.786,Shake
-0.052,-0.082,1.094,17.023,1.412,49.534,Shake
-0.014,-0.021,1.132,17.29,-6.611,44.802,Shake
-0.031,0.013,1.077,20.176,6.832,31.885,Shake
-0.054,0.107,1.022,39.672,16.824,19.092,Shake
-0.027,0.279,1.159,50.573,7.168,12.87,Shake
-0.05,0.363,1.202,39.878,7.977,9.153,Shake
-0.167,0.435,1.175,37.931,5.313,-3.908,Shake
-0.23,0.499,1.213,28.321,-0.405,-21.053,Shake
-0.218,0.495,1.112,16.771,-9.679,-36.519,Shake
-0.148,0.531,1.122,7.046,-22.763,-46.305,Shake
-0.084,0.538,1.151,-5.344,-43.496,-50.954,Shake
0.011,0.537,1.089,-18.42,-56.038,-61.939,Shake
0.187,0.553,1.087,-8.168,-25.29,-87.374,Shake
0.426,0.597,1.169,-17.008,-18.939,-84.794,Shake
0.564,0.56,0.942,-26.725,-4.962,-58.115,Shake
0.471,0.43,1.122,-21.038,-16.443,-36.771,Shake
0.294,0.439,0.95,-22.962,12.534,-37.42,Shake
0.231,0.444,0.988,-9.107,15.405,-46.809,Shake
0.301,0.398,1.05,-13.557,9.794,-43.336,Shake
0.352,0.327,1.069,-14.863,9.405,-34.099,Shake
0.316,0.262,1.12,-21.084,7.137,-26.496,Shake
0.323,0.153,1.078,-29.641,3.504,-20.954,Shake
0.406,0.062,1.051,-24.588,-2.702,-10.595,Shake
0.459,0.02,1.112,-22.13,-3.718,-0.313,Shake
0.542,-0.035,1.138,-22.794,-9.718,8.076,Shake
0.667,-0.109,1.168,-18.901,-2.069,23.634,Shake
0.752,-0.188,1.191,3.802,20.237,49.901,Shake
0.428,-0.252,1.281,18.13,38.527,70.092,Shake
0.208,-0.238,1.496,3.076,30.473,67.985,Shake
0.246,-0.317,1.434,-12.206,42.969,68.214,Shake
0.086,-0.285,1.343,-5.076,64.198,70.565,Shake
-0.078,-0.217,1.335,-4.282,63.878,64.924,Shake
