Ax,Ay,Az,Gx,Gy,Gz,Label
0.410,0.094,0.328,51.237,11.725,41.038,Idle
0.800,0.094,0.328,100.092,11.725,41.038,Idle
1.191,0.094,0.328,148.947,11.725,41.038,Idle
1.582,0.094,0.328,197.802,11.725,41.038,Idle
1.972,0.094,0.328,246.656,11.725,41.038,Idle
-1.637,0.094,0.328,-204.763,11.725,41.038,Idle
-1.247,0.094,0.328,-155.908,11.725,41.038,Idle
-0.856,0.094,0.328,-107.053,11.725,41.038,Idle
-0.465,0.094,0.328,-58.198,11.725,41.038,Idle
-0.075,0.094,0.328,-9.344,11.725,41.038,Idle
0.316,0.094,0.328,39.519,11.725,41.038,Idle
0.707,0.094,0.328,88.374,11.725,41.038,Idle
1.097,0.094,0.328,137.229,11.725,41.038,Idle
1.488,0.094,0.328,186.084,11.725,41.038,Idle
1.878,0.094,0.328,234.939,11.725,41.038,Idle
-1.731,0.094,0.328,-216.481,11.725,41.038,Idle
-1.340,0.094,0.328,-167.626,11.725,41.038,Idle
-0.950,0.094,0.328,-118.771,11.725,41.038,Idle
-0.559,0.094,0.328,-69.916,11.725,41.038,Idle
-0.168,0.094,0.328,-21.061,11.725,41.038,Idle
0.222,0.094,0.328,27.802,11.725,41.038,Idle
0.613,0.094,0.328,76.656,11.725,41.038,Idle
1.004,0.094,0.328,125.511,11.725,41.038,Idle
1.394,0.094,0.328,174.366,11.725,41.038,Idle
1.785,0.094,0.328,223.221,11.725,41.038,Idle
-1.825,0.094,0.328,-228.198,11.725,41.038,Idle
-1.434,0.094,0.328,-179.344,11.725,41.038,Idle
-1.043,0.094,0.328,-130.489,11.725,41.038,Idle
-0.653,0.094,0.328,-81.634,11.725,41.038,Idle
-0.262,0.094,0.328,-32.779,11.725,41.038,Idle
0.129,0.094,0.328,16.084,11.725,41.038,Idle
0.519,0.094,0.328,64.939,11.725,41.038,Idle
0.910,0.094,0.328,113.794,11.725,41.038,Idle
1.300,0.094,0.328,162.649,11.725,41.038,Idle
1.691,0.094,0.328,211.504,11.725,41.038,Idle
-1.918,0.094,0.328,-239.916,11.725,41.038,Idle
-1.528,0.094,0.328,-191.061,11.725,41.038,Idle
-1.137,0.094,0.328,-142.206,11.725,41.038,Idle
-0.746,0.094,0.328,-93.351,11.725,41.038,Idle
-0.356,0.094,0.328,-44.496,11.725,41.038,Idle
0.035,0.094,0.328,4.366,11.725,41.038,Idle
0.410,0.094,0.328,51.267,11.725,41.038,Idle
0.801,0.094,0.328,100.122,11.725,41.038,Idle
1.191,0.094,0.328,148.977,11.725,41.038,Idle
1.582,0.094,0.328,197.832,11.725,41.038,Idle
1.972,0.094,0.328,246.687,11.725,41.038,Idle
-1.637,0.094,0.328,-204.733,11.725,41.038,Idle
-1.246,0.094,0.328,-155.878,11.725,41.038,Idle
-0.856,0.094,0.328,-107.023,11.725,41.038,Idle
-0.465,0.094,0.328,-58.168,11.725,41.038,Idle
-0.074,0.094,0.328,-9.313,11.725,41.038,Idle
0.316,0.094,0.328,39.550,11.725,41.038,Idle
0.707,0.094,0.328,88.405,11.725,41.038,Idle
1.097,0.094,0.328,137.260,11.725,41.038,Idle
1.488,0.094,0.328,186.115,11.725,41.038,Idle
1.879,0.094,0.328,234.969,11.725,41.038,Idle
-1.731,0.094,0.328,-216.450,11.725,41.038,Idle
-1.340,0.094,0.328,-167.595,11.725,41.038,Idle
-0.949,0.094,0.328,-118.740,11.725,41.038,Idle
-0.559,0.094,0.328,-69.885,11.725,41.038,Idle
-0.168,0.094,0.328,-21.031,11.725,41.038,Idle
0.223,0.094,0.328,27.832,11.725,41.038,Idle
0.613,0.094,0.328,76.687,11.725,41.038,Idle
1.004,0.094,0.328,125.542,11.725,41.038,Idle
1.394,0.094,0.328,174.397,11.725,41.038,Idle
1.785,0.094,0.328,223.252,11.725,41.038,Idle
-1.824,0.094,0.328,-228.168,11.725,41.038,Idle
-1.434,0.094,0.328,-179.313,11.725,41.038,Idle
-1.043,0.094,0.328,-130.458,11.725,41.038,Idle
-0.652,0.094,0.328,-81.603,11.725,41.038,Idle
-0.262,0.094,0.328,-32.748,11.725,41.038,Idle
0.129,0.094,0.328,16.115,11.725,41.038,Idle
0.519,0.094,0.328,64.969,11.725,41.038,Idle
0.910,0.094,0.328,113.824,11.725,41.038,Idle
1.301,0.094,0.328,162.679,11.725,41.038,Idle
1.691,0.094,0.328,211.534,11.725,41.038,Idle
-1.918,0.094,0.328,-239.885,11.725,41.038,Idle
-1.527,0.094,0.328,-191.031,11.725,41.038,Idle
-1.137,0.094,0.328,-142.176,11.725,41.038,Idle
-0.746,0.094,0.328,-93.321,11.725,41.038,Idle
-0.356,0.094,0.328,-44.466,11.725,41.038,Idle
0.035,0.094,0.328,4.397,11.725,41.038,Idle
0.410,0.094,0.328,51.298,11.725,41.038,Idle
0.801,0.094,0.328,100.153,11.725,41.038,Idle
1.191,0.094,0.328,149.008,11.725,41.038,Idle
1.582,0.094,0.328,197.863,11.725,41.038,Idle
1.973,0.094,0.328,246.718,11.725,41.038,Idle
-1.637,0.094,0.328,-204.702,11.725,41.038,Idle
-1.246,0.094,0.328,-155.847,11.725,41.038,Idle
-0.855,0.094,0.328,-106.992,11.725,41.038,Idle
-0.465,0.094,0.328,-58.137,11.725,41.038,Idle
-0.074,0.094,0.328,-9.282,11.725,41.038,Idle
0.316,0.094,0.328,39.580,11.725,41.038,Idle
0.707,0.094,0.328,88.435,11.725,41.038,Idle
1.098,0.094,0.328,137.290,11.725,41.038,Idle
1.488,0.094,0.328,186.145,11.725,41.038,Idle
1.879,0.094,0.328,235.000,11.725,41.038,Idle
-1.730,0.094,0.328,-216.420,11.725,41.038,Idle
-1.340,0.094,0.328,-167.565,11.725,41.038,Idle
-0.949,0.094,0.328,-118.710,11.725,41.038,Idle
-0.559,0.094,0.328,-69.855,11.725,41.038,Idle
-0.168,0.094,0.328,-21.000,11.725,41.038,Idle
0.223,0.094,0.328,27.863,11.725,41.038,Idle
0.613,0.094,0.328,76.718,11.725,41.038,Idle
1.004,0.094,0.328,125.573,11.725,41.038,Idle
1.395,0.094,0.328,174.427,11.725,41.038,Idle
1.785,0.094,0.328,223.282,11.725,41.038,Idle
-1.824,0.094,0.328,-228.137,11.725,41.038,Idle
-1.433,0.094,0.328,-179.282,11.725,41.038,Idle
-1.043,0.094,0.328,-130.427,11.725,41.038,Idle
-0.652,0.094,0.328,-81.573,11.725,41.038,Idle
-0.262,0.094,0.328,-32.718,11.725,41.038,Idle
0.129,0.094,0.328,16.145,11.725,41.038,Idle
0.520,0.094,0.328,65.000,11.725,41.038,Idle
0.910,0.094,0.328,113.855,11.725,41.038,Idle
1.301,0.094,0.328,162.710,11.725,41.038,Idle
1.692,0.094,0.328,211.565,11.725,41.038,Idle
-1.918,0.094,0.328,-239.855,11.725,41.038,Idle
-1.527,0.094,0.328,-191.000,11.725,41.038,Idle
-1.137,0.094,0.328,-142.145,11.725,41.038,Idle
-0.746,0.094,0.328,-93.290,11.725,41.038,Idle
-0.355,0.094,0.328,-44.435,11.725,41.038,Idle
0.035,0.094,0.328,4.427,11.725,41.038,Idle
0.410,0.094,0.328,51.328,11.725,41.038,Idle
0.801,0.094,0.328,100.183,11.725,41.038,Idle
1.192,0.094,0.328,149.038,11.725,41.038,Idle
1.582,0.094,0.328,197.893,11.725,41.038,Idle
1.973,0.094,0.328,246.748,11.725,41.038,Idle
-1.636,0.094,0.328,-204.672,11.725,41.038,Idle
-1.246,0.094,0.328,-155.817,11.725,41.038,Idle
-0.855,0.094,0.328,-106.962,11.725,41.038,Idle
-0.465,0.094,0.328,-58.107,11.725,41.038,Idle
-0.074,0.094,0.328,-9.252,11.725,41.038,Idle
0.317,0.094,0.328,39.611,11.725,41.038,Idle
0.707,0.094,0.328,88.466,11.725,41.038,Idle
1.098,0.094,0.328,137.321,11.725,41.038,Idle
1.489,0.094,0.328,186.176,11.725,41.038,Idle
1.879,0.094,0.328,235.031,11.725,41.038,Idle
-1.730,0.094,0.328,-216.389,11.725,41.038,Idle
-1.340,0.094,0.328,-167.534,11.725,41.038,Idle
-0.949,0.094,0.328,-118.679,11.725,41.038,Idle
-0.558,0.094,0.328,-69.824,11.725,41.038,Idle
-0.168,0.094,0.328,-20.969,11.725,41.038,Idle
0.223,0.094,0.328,27.893,11.725,41.038,Idle
0.614,0.094,0.328,76.748,11.725,41.038,Idle
1.004,0.094,0.328,125.603,11.725,41.038,Idle
1.395,0.094,0.328,174.458,11.725,41.038,Idle
1.786,0.094,0.328,223.313,11.725,41.038,Idle
-1.824,0.094,0.328,-228.107,11.725,41.038,Idle
-1.433,0.094,0.328,-179.252,11.725,41.038,Idle
-1.043,0.094,0.328,-130.397,11.725,41.038,Idle
-0.652,0.094,0.328,-81.542,11.725,41.038,Idle
-0.261,0.094,0.328,-32.687,11.725,41.038,Idle
0.129,0.094,0.328,16.176,11.725,41.038,Idle
0.520,0.094,0.328,65.031,11.725,41.038,Idle
0.911,0.094,0.328,113.885,11.725,41.038,Idle
1.301,0.094,0.328,162.740,11.725,41.038,Idle
1.692,0.094,0.328,211.595,11.725,41.038,Idle
-1.918,0.094,0.328,-239.824,11.725,41.038,Idle
-1.527,0.094,0.328,-190.969,11.725,41.038,Idle
-1.136,0.094,0.328,-142.115,11.725,41.038,Idle
-0.746,0.094,0.328,-93.260,11.725,41.038,Idle
-0.355,0.094,0.328,-44.405,11.725,41.038,Idle
0.036,0.094,0.328,4.458,11.725,41.038,Idle
0.411,0.094,0.328,51.359,11.725,41.038,Idle
0.801,0.094,0.328,100.214,11.725,41.038,Idle
1.192,0.094,0.328,149.069,11.725,41.038,Idle
1.583,0.094,0.328,197.924,11.725,41.038,Idle
1.973,0.094,0.328,246.779,11.725,41.038,Idle
-1.636,0.094,0.328,-204.641,11.725,41.038,Idle
-1.246,0.094,0.328,-155.786,11.725,41.038,Idle
-0.855,0.094,0.328,-106.931,11.725,41.038,Idle
-0.464,0.094,0.328,-58.076,11.725,41.038,Idle
-0.074,0.094,0.328,-9.221,11.725,41.038,Idle
0.317,0.094,0.328,39.641,11.725,41.038,Idle
0.708,0.094,0.328,88.496,11.725,41.038,Idle
1.098,0.094,0.328,137.351,11.725,41.038,Idle
1.489,0.094,0.328,186.206,11.725,41.038,Idle
1.879,0.094,0.328,235.061,11.725,41.038,Idle
-1.730,0.094,0.328,-216.359,11.725,41.038,Idle
-1.339,0.094,0.328,-167.504,11.725,41.038,Idle
-0.949,0.094,0.328,-118.649,11.725,41.038,Idle
-0.558,0.094,0.328,-69.794,11.725,41.038,Idle
-0.167,0.094,0.328,-20.939,11.725,41.038,Idle
0.223,0.094,0.328,27.924,11.725,41.038,Idle
0.614,0.094,0.328,76.779,11.725,41.038,Idle
1.005,0.094,0.328,125.634,11.725,41.038,Idle
1.395,0.094,0.328,174.489,11.725,41.038,Idle
1.786,0.094,0.328,223.344,11.725,41.038,Idle
-1.824,0.094,0.328,-228.076,11.725,41.038,Idle
-1.433,0.094,0.328,-179.221,11.725,41.038,Idle
-1.042,0.094,0.328,-130.366,11.725,41.038,Idle
-0.652,0.094,0.328,-81.511,11.725,41.038,Idle
-0.261,0.094,0.328,-32.656,11.725,41.038,Idle
0.130,0.094,0.328,16.206,11.725,41.038,Idle
0.520,0.094,0.328,65.061,11.725,41.038,Idle
0.911,0.094,0.328,113.916,11.725,41.038,Idle
1.301,0.094,0.328,162.771,11.725,41.038,Idle
1.692,0.094,0.328,211.626,11.725,41.038,Idle
-1.917,0.094,0.328,-239.794,11.725,41.038,Idle
-1.527,0.094,0.328,-190.939,11.725,41.038,Idle
-1.136,0.094,0.328,-142.084,11.725,41.038,Idle
-0.745,0.094,0.328,-93.229,11.725,41.038,Idle
-0.355,0.094,0.328,-44.374,11.725,41.038,Idle
0.036,0.094,0.328,4.489,11.725,41.038,Idle
0.411,0.094,0.328,51.389,11.725,41.038,Idle
0.802,0.094,0.328,100.244,11.725,41.038,Idle
1.192,0.094,0.328,149.099,11.725,41.038,Idle
1.583,0.094,0.328,197.954,11.725,41.038,Idle
1.973,0.094,0.328,246.809,11.725,41.038,Idle
-1.636,0.094,0.328,-204.611,11.725,41.038,Idle
-1.245,0.094,0.328,-155.756,11.725,41.038,Idle
-0.855,0.094,0.328,-106.901,11.725,41.038,Idle
-0.464,0.094,0.328,-58.046,11.725,41.038,Idle
-0.073,0.094,0.328,-9.191,11.725,41.038,Idle
0.317,0.094,0.328,39.672,11.725,41.038,Idle
0.708,0.094,0.328,88.527,11.725,41.038,Idle
1.098,0.094,0.328,137.382,11.725,41.038,Idle
1.489,0.094,0.328,186.237,11.725,41.038,Idle
1.880,0.094,0.328,235.092,11.725,41.038,Idle
-1.730,0.094,0.328,-216.328,11.725,41.038,Idle
-1.339,0.094,0.328,-167.473,11.725,41.038,Idle
-0.948,0.094,0.328,-118.618,11.725,41.038,Idle
-0.558,0.094,0.328,-69.763,11.725,41.038,Idle
-0.167,0.094,0.328,-20.908,11.725,41.038,Idle
0.224,0.094,0.328,27.954,11.725,41.038,Idle
0.614,0.094,0.328,76.809,11.725,41.038,Idle
1.005,0.094,0.328,125.664,11.725,41.038,Idle
1.395,0.094,0.328,174.519,11.725,41.038,Idle
1.786,0.094,0.328,223.374,11.725,41.038,Idle
-1.823,0.094,0.328,-228.046,11.725,41.038,Idle
-1.433,0.094,0.328,-179.191,11.725,41.038,Idle
-1.042,0.094,0.328,-130.336,11.725,41.038,Idle
-0.651,0.094,0.328,-81.481,11.725,41.038,Idle
-0.261,0.094,0.328,-32.626,11.725,41.038,Idle
0.130,0.094,0.328,16.237,11.725,41.038,Idle
0.520,0.094,0.328,65.092,11.725,41.038,Idle
0.911,0.094,0.328,113.947,11.725,41.038,Idle
1.302,0.094,0.328,162.802,11.725,41.038,Idle
1.692,0.094,0.328,211.656,11.725,41.038,Idle
-1.917,0.094,0.328,-239.763,11.725,41.038,Idle
-1.526,0.094,0.328,-190.908,11.725,41.038,Idle
-1.136,0.094,0.328,-142.053,11.725,41.038,Idle
-0.745,0.094,0.328,-93.198,11.725,41.038,Idle
-0.355,0.094,0.328,-44.344,11.725,41.038,Idle
0.036,0.094,0.328,4.519,11.725,41.038,Idle
0.411,0.094,0.328,51.420,11.725,41.038,Idle
0.802,0.094,0.328,100.275,11.725,41.038,Idle
1.192,0.094,0.328,149.130,11.725,41.038,Idle
1.583,0.094,0.328,197.985,11.725,41.038,Idle
1.974,0.094,0.328,246.840,11.725,41.038,Idle
-1.636,0.094,0.328,-204.580,11.725,41.038,Idle
-1.245,0.094,0.328,-155.725,11.725,41.038,Idle
-0.854,0.094,0.328,-106.870,11.725,41.038,Idle
-0.464,0.094,0.328,-58.015,11.725,41.038,Idle
-0.073,0.094,0.328,-9.160,11.725,41.038,Idle
0.317,0.094,0.328,39.702,11.725,41.038,Idle
0.708,0.094,0.328,88.557,11.725,41.038,Idle
1.099,0.094,0.328,137.412,11.725,41.038,Idle
1.489,0.094,0.328,186.267,11.725,41.038,Idle
1.880,0.094,0.328,235.122,11.725,41.038,Idle
-1.729,0.094,0.328,-216.298,11.725,41.038,Idle
-1.339,0.094,0.328,-167.443,11.725,41.038,Idle
-0.948,0.094,0.328,-118.588,11.725,41.038,Idle
-0.558,0.094,0.328,-69.733,11.725,41.038,Idle
-0.167,0.094,0.328,-20.878,11.725,41.038,Idle
0.224,0.094,0.328,27.985,11.725,41.038,Idle
0.614,0.094,0.328,76.840,11.725,41.038,Idle
1.005,0.094,0.328,125.695,11.725,41.038,Idle
1.396,0.094,0.328,174.550,11.725,41.038,Idle
1.786,0.094,0.328,223.405,11.725,41.038,Idle
-1.823,0.094,0.328,-228.015,11.725,41.038,Idle
-1.432,0.094,0.328,-179.160,11.725,41.038,Idle
-1.042,0.094,0.328,-130.305,11.725,41.038,Idle
-0.651,0.094,0.328,-81.450,11.725,41.038,Idle
-0.261,0.094,0.328,-32.595,11.725,41.038,Idle
0.130,0.094,0.328,16.267,11.725,41.038,Idle
0.521,0.094,0.328,65.122,11.725,41.038,Idle
0.911,0.094,0.328,113.977,11.725,41.038,Idle
1.302,0.094,0.328,162.832,11.725,41.038,Idle
1.693,0.094,0.328,211.687,11.725,41.038,Idle
-1.917,0.094,0.328,-239.733,11.725,41.038,Idle
-1.526,0.094,0.328,-190.878,11.725,41.038,Idle
-1.136,0.094,0.328,-142.023,11.725,41.038,Idle
-0.745,0.094,0.328,-93.168,11.725,41.038,Idle
-0.354,0.094,0.328,-44.313,11.725,41.038,Idle
0.036,0.094,0.328,4.550,11.725,41.038,Idle
0.411,0.094,0.328,51.450,11.725,41.038,Idle
0.802,0.094,0.328,100.305,11.725,41.038,Idle
1.193,0.094,0.328,149.160,11.725,41.038,Idle
1.583,0.094,0.328,198.015,11.725,41.038,Idle
1.974,0.094,0.328,246.870,11.725,41.038,Idle
-1.635,0.094,0.328,-204.550,11.725,41.038,Idle
-1.245,0.094,0.328,-155.695,11.725,41.038,Idle
-0.854,0.094,0.328,-106.840,11.725,41.038,Idle
-0.464,0.094,0.328,-57.985,11.725,41.038,Idle
-0.073,0.094,0.328,-9.130,11.725,41.038,Idle
0.318,0.094,0.328,39.733,11.725,41.038,Idle
0.708,0.094,0.328,88.588,11.725,41.038,Idle
1.099,0.094,0.328,137.443,11.725,41.038,Idle
1.490,0.094,0.328,186.298,11.725,41.038,Idle
1.880,0.094,0.328,235.153,11.725,41.038,Idle
-1.729,0.094,0.328,-216.267,11.725,41.038,Idle
-1.339,0.094,0.328,-167.412,11.725,41.038,Idle
-0.948,0.094,0.328,-118.557,11.725,41.038,Idle
-0.557,0.094,0.328,-69.702,11.725,41.038,Idle
-0.167,0.094,0.328,-20.847,11.725,41.038,Idle
0.224,0.094,0.328,28.015,11.725,41.038,Idle
0.615,0.094,0.328,76.870,11.725,41.038,Idle
1.005,0.094,0.328,125.725,11.725,41.038,Idle
1.396,0.094,0.328,174.580,11.725,41.038,Idle
1.786,0.094,0.328,223.435,11.725,41.038,Idle
-1.823,0.094,0.328,-227.985,11.725,41.038,Idle
-1.432,0.094,0.328,-179.130,11.725,41.038,Idle
-1.042,0.094,0.328,-130.275,11.725,41.038,Idle
-0.651,0.094,0.328,-81.420,11.725,41.038,Idle
-0.260,0.094,0.328,-32.565,11.725,41.038,Idle
0.130,0.094,0.328,16.298,11.725,41.038,Idle
0.521,0.094,0.328,65.153,11.725,41.038,Idle
0.912,0.094,0.328,114.008,11.725,41.038,Idle
1.302,0.094,0.328,162.863,11.725,41.038,Idle
1.693,0.094,0.328,211.718,11.725,41.038,Idle
-1.917,0.094,0.328,-239.702,11.725,41.038,Idle
-1.526,0.094,0.328,-190.847,11.725,41.038,Idle
-1.135,0.094,0.328,-141.992,11.725,41.038,Idle
-0.745,0.094,0.328,-93.137,11.725,41.038,Idle
-0.354,0.094,0.328,-44.282,11.725,41.038,Idle
0.037,0.094,0.328,4.580,11.725,41.038,Idle
0.412,0.094,0.328,51.481,11.725,41.038,Idle
0.802,0.094,0.328,100.336,11.725,41.038,Idle
1.193,0.094,0.328,149.191,11.725,41.038,Idle
1.583,0.094,0.328,198.046,11.725,41.038,Idle
1.974,0.094,0.328,246.901,11.725,41.038,Idle
-1.635,0.094,0.328,-204.519,11.725,41.038,Idle
-1.245,0.094,0.328,-155.664,11.725,41.038,Idle
-0.854,0.094,0.328,-106.809,11.725,41.038,Idle
-0.463,0.094,0.328,-57.954,11.725,41.038,Idle
-0.073,0.094,0.328,-9.099,11.725,41.038,Idle
0.318,0.094,0.328,39.763,11.725,41.038,Idle
0.709,0.094,0.328,88.618,11.725,41.038,Idle
1.099,0.094,0.328,137.473,11.725,41.038,Idle
1.490,0.094,0.328,186.328,11.725,41.038,Idle
1.880,0.094,0.328,235.183,11.725,41.038,Idle
-1.729,0.094,0.328,-216.237,11.725,41.038,Idle
-1.338,0.094,0.328,-167.382,11.725,41.038,Idle
-0.948,0.094,0.328,-118.527,11.725,41.038,Idle
-0.557,0.094,0.328,-69.672,11.725,41.038,Idle
-0.166,0.094,0.328,-20.817,11.725,41.038,Idle
0.224,0.094,0.328,28.046,11.725,41.038,Idle
0.615,0.094,0.328,76.901,11.725,41.038,Idle
1.005,0.094,0.328,125.756,11.725,41.038,Idle
1.396,0.094,0.328,174.611,11.725,41.038,Idle
1.787,0.094,0.328,223.466,11.725,41.038,Idle
-1.823,0.094,0.328,-227.954,11.725,41.038,Idle
-1.432,0.094,0.328,-179.099,11.725,41.038,Idle
-1.041,0.094,0.328,-130.244,11.725,41.038,Idle
-0.651,0.094,0.328,-81.389,11.725,41.038,Idle
-0.260,0.094,0.328,-32.534,11.725,41.038,Idle
0.131,0.094,0.328,16.328,11.725,41.038,Idle
0.521,0.094,0.328,65.183,11.725,41.038,Idle
0.912,0.094,0.328,114.038,11.725,41.038,Idle
1.302,0.094,0.328,162.893,11.725,41.038,Idle
1.693,0.094,0.328,211.748,11.725,41.038,Idle
-1.916,0.094,0.328,-239.672,11.725,41.038,Idle
-1.526,0.094,0.328,-190.817,11.725,41.038,Idle
-1.135,0.094,0.328,-141.962,11.725,41.038,Idle
-0.744,0.094,0.328,-93.107,11.725,41.038,Idle
-0.354,0.094,0.328,-44.252,11.725,41.038,Idle
0.037,0.094,0.328,4.611,11.725,41.038,Idle
0.412,0.094,0.328,51.511,11.725,41.038,Idle
0.802,0.094,0.328,100.366,11.725,41.038,Idle
1.193,0.094,0.328,149.221,11.725,41.038,Idle
1.584,0.094,0.328,198.076,11.725,41.038,Idle
1.974,0.094,0.328,246.931,11.725,41.038,Idle
-1.635,0.094,0.328,-204.489,11.725,41.038,Idle
-1.244,0.094,0.328,-155.634,11.725,41.038,Idle
-0.854,0.094,0.328,-106.779,11.725,41.038,Idle
-0.463,0.094,0.328,-57.924,11.725,41.038,Idle
-0.073,0.094,0.328,-9.069,11.725,41.038,Idle
0.318,0.094,0.328,39.794,11.725,41.038,Idle
0.709,0.094,0.328,88.649,11.725,41.038,Idle
1.099,0.094,0.328,137.504,11.725,41.038,Idle
1.490,0.094,0.328,186.359,11.725,41.038,Idle
1.881,0.094,0.328,235.214,11.725,41.038,Idle
-1.729,0.094,0.328,-216.206,11.725,41.038,Idle
-1.338,0.094,0.328,-167.351,11.725,41.038,Idle
-0.947,0.094,0.328,-118.496,11.725,41.038,Idle
-0.557,0.094,0.328,-69.641,11.725,41.038,Idle
-0.166,0.094,0.328,-20.786,11.725,41.038,Idle
0.224,0.094,0.328,28.076,11.725,41.038,Idle
0.615,0.094,0.328,76.931,11.725,41.038,Idle
1.006,0.094,0.328,125.786,11.725,41.038,Idle
1.396,0.094,0.328,174.641,11.725,41.038,Idle
1.787,0.094,0.328,223.496,11.725,41.038,Idle
-1.822,0.094,0.328,-227.924,11.725,41.038,Idle
-1.432,0.094,0.328,-179.069,11.725,41.038,Idle
-1.041,0.094,0.328,-130.214,11.725,41.038,Idle
-0.651,0.094,0.328,-81.359,11.725,41.038,Idle
-0.260,0.094,0.328,-32.504,11.725,41.038,Idle
0.131,0.094,0.328,16.359,11.725,41.038,Idle
0.521,0.094,0.328,65.214,11.725,41.038,Idle
0.912,0.094,0.328,114.069,11.725,41.038,Idle
1.303,0.094,0.328,162.924,11.725,41.038,Idle
1.693,0.094,0.328,211.779,11.725,41.038,Idle
-1.916,0.094,0.328,-239.641,11.725,41.038,Idle
-1.525,0.094,0.328,-190.786,11.725,41.038,Idle
-1.135,0.094,0.328,-141.931,11.725,41.038,Idle
-0.744,0.094,0.328,-93.076,11.725,41.038,Idle
-0.354,0.094,0.328,-44.221,11.725,41.038,Idle
0.037,0.094,0.328,4.641,11.725,41.038,Idle
0.412,0.094,0.328,51.542,11.725,41.038,Idle
0.803,0.094,0.328,100.397,11.725,41.038,Idle
1.193,0.094,0.328,149.252,11.725,41.038,Idle
1.584,0.094,0.328,198.107,11.725,41.038,Idle
1.975,0.094,0.328,246.962,11.725,41.038,Idle
-1.635,0.094,0.328,-204.458,11.725,41.038,Idle
-1.244,0.094,0.328,-155.603,11.725,41.038,Idle
-0.854,0.094,0.328,-106.748,11.725,41.038,Idle
-0.463,0.094,0.328,-57.893,11.725,41.038,Idle
-0.072,0.094,0.328,-9.038,11.725,41.038,Idle
0.318,0.094,0.328,39.824,11.725,41.038,Idle
0.709,0.094,0.328,88.679,11.725,41.038,Idle
1.100,0.094,0.328,137.534,11.725,41.038,Idle
1.490,0.094,0.328,186.389,11.725,41.038,Idle
1.881,0.094,0.328,235.244,11.725,41.038,Idle
-1.728,0.094,0.328,-216.176,11.725,41.038,Idle
-1.338,0.094,0.328,-167.321,11.725,41.038,Idle
-0.947,0.094,0.328,-118.466,11.725,41.038,Idle
-0.557,0.094,0.328,-69.611,11.725,41.038,Idle
-0.166,0.094,0.328,-20.756,11.725,41.038,Idle
0.225,0.094,0.328,28.107,11.725,41.038,Idle
0.615,0.094,0.328,76.962,11.725,41.038,Idle
1.006,0.094,0.328,125.817,11.725,41.038,Idle
1.397,0.094,0.328,174.672,11.725,41.038,Idle
1.787,0.094,0.328,223.527,11.725,41.038,Idle
-1.822,0.094,0.328,-227.893,11.725,41.038,Idle
-1.432,0.094,0.328,-179.038,11.725,41.038,Idle
-1.041,0.094,0.328,-130.183,11.725,41.038,Idle
-0.650,0.094,0.328,-81.328,11.725,41.038,Idle
-0.260,0.094,0.328,-32.473,11.725,41.038,Idle
0.131,0.094,0.328,16.389,11.725,41.038,Idle
0.522,0.094,0.328,65.244,11.725,41.038,Idle
0.912,0.094,0.328,114.099,11.725,41.038,Idle
1.303,0.094,0.328,162.954,11.725,41.038,Idle
1.694,0.094,0.328,211.809,11.725,41.038,Idle
-1.916,0.094,0.328,-239.611,11.725,41.038,Idle
-1.525,0.094,0.328,-190.756,11.725,41.038,Idle
-1.135,0.094,0.328,-141.901,11.725,41.038,Idle
-0.744,0.094,0.328,-93.046,11.725,41.038,Idle
-0.353,0.094,0.328,-44.191,11.725,41.038,Idle
0.037,0.094,0.328,4.672,11.725,41.038,Idle
0.412,0.094,0.328,51.573,11.725,41.038,Idle
0.803,0.094,0.328,100.427,11.725,41.038,Idle
1.194,0.094,0.328,149.282,11.725,41.038,Idle
1.584,0.094,0.328,198.137,11.725,41.038,Idle
1.975,0.094,0.328,246.992,11.725,41.038,Idle
-1.635,0.094,0.328,-204.427,11.725,41.038,Idle
-1.244,0.094,0.328,-155.573,11.725,41.038,Idle
-0.853,0.094,0.328,-106.718,11.725,41.038,Idle
-0.463,0.094,0.328,-57.863,11.725,41.038,Idle
-0.072,0.094,0.328,-9.008,11.725,41.038,Idle
0.319,0.094,0.328,39.855,11.725,41.038,Idle
0.709,0.094,0.328,88.710,11.725,41.038,Idle
1.100,0.094,0.328,137.565,11.725,41.038,Idle
1.491,0.094,0.328,186.420,11.725,41.038,Idle
1.881,0.094,0.328,235.275,11.725,41.038,Idle
-1.728,0.094,0.328,-216.145,11.725,41.038,Idle
-1.338,0.094,0.328,-167.290,11.725,41.038,Idle
-0.947,0.094,0.328,-118.435,11.725,41.038,Idle
-0.556,0.094,0.328,-69.580,11.725,41.038,Idle
-0.166,0.094,0.328,-20.725,11.725,41.038,Idle
0.225,0.094,0.328,28.137,11.725,41.038,Idle
0.616,0.094,0.328,76.992,11.725,41.038,Idle
1.006,0.094,0.328,125.847,11.725,41.038,Idle
1.397,0.094,0.328,174.702,11.725,41.038,Idle
1.787,0.094,0.328,223.557,11.725,41.038,Idle
-1.822,0.094,0.328,-227.863,11.725,41.038,Idle
-1.431,0.094,0.328,-179.008,11.725,41.038,Idle
-1.041,0.094,0.328,-130.153,11.725,41.038,Idle
-0.650,0.094,0.328,-81.298,11.725,41.038,Idle
-0.259,0.094,0.328,-32.443,11.725,41.038,Idle
0.131,0.094,0.328,16.420,11.725,41.038,Idle
0.522,0.094,0.328,65.275,11.725,41.038,Idle
0.913,0.094,0.328,114.130,11.725,41.038,Idle
1.303,0.094,0.328,162.985,11.725,41.038,Idle
1.694,0.094,0.328,211.840,11.725,41.038,Idle
-1.916,0.094,0.328,-239.580,11.725,41.038,Idle
-1.525,0.094,0.328,-190.725,11.725,41.038,Idle
-1.134,0.094,0.328,-141.870,11.725,41.038,Idle
-0.744,0.094,0.328,-93.015,11.725,41.038,Idle
-0.353,0.094,0.328,-44.160,11.725,41.038,Idle
0.038,0.094,0.328,4.702,11.725,41.038,Idle
0.413,0.094,0.328,51.603,11.725,41.038,Idle
0.803,0.094,0.328,100.458,11.725,41.038,Idle
1.194,0.094,0.328,149.313,11.725,41.038,Idle
1.584,0.094,0.328,198.168,11.725,41.038,Idle
1.975,0.094,0.328,247.023,11.725,41.038,Idle
-1.634,0.094,0.328,-204.397,11.725,41.038,Idle
-1.244,0.094,0.328,-155.542,11.725,41.038,Idle
-0.853,0.094,0.328,-106.687,11.725,41.038,Idle
-0.462,0.094,0.328,-57.832,11.725,41.038,Idle
-0.072,0.094,0.328,-8.977,11.725,41.038,Idle
0.319,0.094,0.328,39.885,11.725,41.038,Idle
0.710,0.094,0.328,88.740,11.725,41.038,Idle
1.100,0.094,0.328,137.595,11.725,41.038,Idle
1.491,0.094,0.328,186.450,11.725,41.038,Idle
1.881,0.094,0.328,235.305,11.725,41.038,Idle
-1.728,0.094,0.328,-216.115,11.725,41.038,Idle
-1.337,0.094,0.328,-167.260,11.725,41.038,Idle
-0.947,0.094,0.328,-118.405,11.725,41.038,Idle
-0.556,0.094,0.328,-69.550,11.725,41.038,Idle
-0.165,0.094,0.328,-20.695,11.725,41.038,Idle
0.225,0.094,0.328,28.168,11.725,41.038,Idle
0.616,0.094,0.328,77.023,11.725,41.038,Idle
1.006,0.094,0.328,125.878,11.725,41.038,Idle
1.397,0.094,0.328,174.733,11.725,41.038,Idle
1.788,0.094,0.328,223.588,11.725,41.038,Idle
-1.822,0.094,0.328,-227.832,11.725,41.038,Idle
-1.431,0.094,0.328,-178.977,11.725,41.038,Idle
-1.040,0.094,0.328,-130.122,11.725,41.038,Idle
-0.650,0.094,0.328,-81.267,11.725,41.038,Idle
-0.259,0.094,0.328,-32.412,11.725,41.038,Idle
0.132,0.094,0.328,16.450,11.725,41.038,Idle
0.522,0.094,0.328,65.305,11.725,41.038,Idle
0.913,0.094,0.328,114.160,11.725,41.038,Idle
1.303,0.094,0.328,163.015,11.725,41.038,Idle
1.694,0.094,0.328,211.870,11.725,41.038,Idle
-1.915,0.094,0.328,-239.550,11.725,41.038,Idle
-1.525,0.094,0.328,-190.695,11.725,41.038,Idle
-1.134,0.094,0.328,-141.840,11.725,41.038,Idle
-0.743,0.094,0.328,-92.985,11.725,41.038,Idle
-0.353,0.094,0.328,-44.130,11.725,41.038,Idle
0.038,0.094,0.328,4.733,11.725,41.038,Idle
0.413,0.094,0.328,51.634,11.725,41.038,Idle
0.803,0.094,0.328,100.489,11.725,41.038,Idle
1.194,0.094,0.328,149.344,11.725,41.038,Idle
1.585,0.094,0.328,198.198,11.725,41.038,Idle
1.975,0.094,0.328,247.053,11.725,41.038,Idle
-1.634,0.094,0.328,-204.366,11.725,41.038,Idle
-1.243,0.094,0.328,-155.511,11.725,41.038,Idle
-0.853,0.094,0.328,-106.656,11.725,41.038,Idle
-0.462,0.094,0.328,-57.802,11.725,41.038,Idle
-0.072,0.094,0.328,-8.947,11.725,41.038,Idle
0.319,0.094,0.328,39.916,11.725,41.038,Idle
0.710,0.094,0.328,88.771,11.725,41.038,Idle
1.100,0.094,0.328,137.626,11.725,41.038,Idle
1.491,0.094,0.328,186.481,11.725,41.038,Idle
1.882,0.094,0.328,235.336,11.725,41.038,Idle
-1.728,0.094,0.328,-216.084,11.725,41.038,Idle
-1.337,0.094,0.328,-167.229,11.725,41.038,Idle
-0.946,0.094,0.328,-118.374,11.725,41.038,Idle
-0.556,0.094,0.328,-69.519,11.725,41.038,Idle
-0.165,0.094,0.328,-20.664,11.725,41.038,Idle
0.225,0.094,0.328,28.198,11.725,41.038,Idle
0.616,0.094,0.328,77.053,11.725,41.038,Idle
1.007,0.094,0.328,125.908,11.725,41.038,Idle
1.397,0.094,0.328,174.763,11.725,41.038,Idle
1.788,0.094,0.328,223.618,11.725,41.038,Idle
-1.821,0.094,0.328,-227.802,11.725,41.038,Idle
-1.431,0.094,0.328,-178.947,11.725,41.038,Idle
-1.040,0.094,0.328,-130.092,11.725,41.038,Idle
-0.650,0.094,0.328,-81.237,11.725,41.038,Idle
-0.259,0.094,0.328,-32.382,11.725,41.038,Idle
0.132,0.094,0.328,16.481,11.725,41.038,Idle
0.522,0.094,0.328,65.336,11.725,41.038,Idle
0.913,0.094,0.328,114.191,11.725,41.038,Idle
1.304,0.094,0.328,163.046,11.725,41.038,Idle
1.694,0.094,0.328,211.901,11.725,41.038,Idle
-1.915,0.094,0.328,-239.519,11.725,41.038,Idle
-1.524,0.094,0.328,-190.664,11.725,41.038,Idle
-1.134,0.094,0.328,-141.809,11.725,41.038,Idle
-0.743,0.094,0.328,-92.954,11.725,41.038,Idle
-0.353,0.094,0.328,-44.099,11.725,41.038,Idle
0.038,0.094,0.328,4.763,11.725,41.038,Idle
0.413,0.094,0.328,51.664,11.725,41.038,Idle
0.804,0.094,0.328,100.519,11.725,41.038,Idle
1.194,0.094,0.328,149.374,11.725,41.038,Idle
1.585,0.094,0.328,198.229,11.725,41.038,Idle
1.976,0.094,0.328,247.084,11.725,41.038,Idle
-1.634,0.094,0.328,-204.336,11.725,41.038,Idle
-1.243,0.094,0.328,-155.481,11.725,41.038,Idle
-0.853,0.094,0.328,-106.626,11.725,41.038,Idle
-0.462,0.094,0.328,-57.771,11.725,41.038,Idle
-0.071,0.094,0.328,-8.916,11.725,41.038,Idle
0.319,0.094,0.328,39.947,11.725,41.038,Idle
0.710,0.094,0.328,88.802,11.725,41.038,Idle
1.101,0.094,0.328,137.656,11.725,41.038,Idle
1.491,0.094,0.328,186.511,11.725,41.038,Idle
1.882,0.094,0.328,235.366,11.725,41.038,Idle
-1.727,0.094,0.328,-216.053,11.725,41.038,Idle
-1.337,0.094,0.328,-167.198,11.725,41.038,Idle
-0.946,0.094,0.328,-118.344,11.725,41.038,Idle
-0.556,0.094,0.328,-69.489,11.725,41.038,Idle
-0.165,0.094,0.328,-20.634,11.725,41.038,Idle
0.226,0.094,0.328,28.229,11.725,41.038,Idle
0.616,0.094,0.328,77.084,11.725,41.038,Idle
1.007,0.094,0.328,125.939,11.725,41.038,Idle
1.398,0.094,0.328,174.794,11.725,41.038,Idle
1.788,0.094,0.328,223.649,11.725,41.038,Idle
-1.821,0.094,0.328,-227.771,11.725,41.038,Idle
-1.431,0.094,0.328,-178.916,11.725,41.038,Idle
-1.040,0.094,0.328,-130.061,11.725,41.038,Idle
-0.649,0.094,0.328,-81.206,11.725,41.038,Idle
-0.259,0.094,0.328,-32.351,11.725,41.038,Idle
0.132,0.094,0.328,16.511,11.725,41.038,Idle
0.523,0.094,0.328,65.366,11.725,41.038,Idle
0.913,0.094,0.328,114.221,11.725,41.038,Idle
1.304,0.094,0.328,163.076,11.725,41.038,Idle
1.695,0.094,0.328,211.931,11.725,41.038,Idle
-1.915,0.094,0.328,-239.489,11.725,41.038,Idle
-1.524,0.094,0.328,-190.634,11.725,41.038,Idle
-1.134,0.094,0.328,-141.779,11.725,41.038,Idle
-0.743,0.094,0.328,-92.924,11.725,41.038,Idle
-0.352,0.094,0.328,-44.069,11.725,41.038,Idle
0.038,0.094,0.328,4.794,11.725,41.038,Idle
0.413,0.094,0.328,51.695,11.725,41.038,Idle
0.804,0.094,0.328,100.550,11.725,41.038,Idle
1.195,0.094,0.328,149.405,11.725,41.038,Idle
1.585,0.094,0.328,198.260,11.725,41.038,Idle
1.976,0.094,0.328,247.115,11.725,41.038,Idle
-1.634,0.094,0.328,-204.305,11.725,41.038,Idle
-1.243,0.094,0.328,-155.450,11.725,41.038,Idle
-0.852,0.094,0.328,-106.595,11.725,41.038,Idle
-0.462,0.094,0.328,-57.740,11.725,41.038,Idle
-0.071,0.094,0.328,-8.885,11.725,41.038,Idle
0.320,0.094,0.328,39.977,11.725,41.038,Idle
0.710,0.094,0.328,88.832,11.725,41.038,Idle
1.101,0.094,0.328,137.687,11.725,41.038,Idle
1.492,0.094,0.328,186.542,11.725,41.038,Idle
1.882,0.094,0.328,235.397,11.725,41.038,Idle
-1.727,0.094,0.328,-216.023,11.725,41.038,Idle
-1.337,0.094,0.328,-167.168,11.725,41.038,Idle
-0.946,0.094,0.328,-118.313,11.725,41.038,Idle
-0.555,0.094,0.328,-69.458,11.725,41.038,Idle
-0.165,0.094,0.328,-20.603,11.725,41.038,Idle
0.226,0.094,0.328,28.260,11.725,41.038,Idle
0.617,0.094,0.328,77.115,11.725,41.038,Idle
1.007,0.094,0.328,125.969,11.725,41.038,Idle
1.398,0.094,0.328,174.824,11.725,41.038,Idle
1.788,0.094,0.328,223.679,11.725,41.038,Idle
-1.821,0.094,0.328,-227.740,11.725,41.038,Idle
-1.430,0.094,0.328,-178.885,11.725,41.038,Idle
-1.040,0.094,0.328,-130.031,11.725,41.038,Idle
-0.649,0.094,0.328,-81.176,11.725,41.038,Idle
-0.258,0.094,0.328,-32.321,11.725,41.038,Idle
0.132,0.094,0.328,16.542,11.725,41.038,Idle
0.523,0.094,0.328,65.397,11.725,41.038,Idle
0.914,0.094,0.328,114.252,11.725,41.038,Idle
1.304,0.094,0.328,163.107,11.725,41.038,Idle
1.695,0.094,0.328,211.962,11.725,41.038,Idle
-1.915,0.094,0.328,-239.458,11.725,41.038,Idle
-1.524,0.094,0.328,-190.603,11.725,41.038,Idle
-1.133,0.094,0.328,-141.748,11.725,41.038,Idle
-0.743,0.094,0.328,-92.893,11.725,41.038,Idle
-0.352,0.094,0.328,-44.038,11.725,41.038,Idle
0.039,0.094,0.328,4.824,11.725,41.038,Idle
0.414,0.094,0.328,51.725,11.725,41.038,Idle
0.804,0.094,0.328,100.580,11.725,41.038,Idle
1.195,0.094,0.328,149.435,11.725,41.038,Idle
1.585,0.094,0.328,198.290,11.725,41.038,Idle
1.976,0.094,0.328,247.145,11.725,41.038,Idle
-1.633,0.094,0.328,-204.275,11.725,41.038,Idle
-1.243,0.094,0.328,-155.420,11.725,41.038,Idle
-0.852,0.094,0.328,-106.565,11.725,41.038,Idle
-0.461,0.094,0.328,-57.710,11.725,41.038,Idle
-0.071,0.094,0.328,-8.855,11.725,41.038,Idle
0.320,0.094,0.328,40.008,11.725,41.038,Idle
0.711,0.094,0.328,88.863,11.725,41.038,Idle
1.101,0.094,0.328,137.718,11.725,41.038,Idle
1.492,0.094,0.328,186.573,11.725,41.038,Idle
1.882,0.094,0.328,235.427,11.725,41.038,Idle
-1.727,0.094,0.328,-215.992,11.725,41.038,Idle
-1.336,0.094,0.328,-167.137,11.725,41.038,Idle
-0.946,0.094,0.328,-118.282,11.725,41.038,Idle
-0.555,0.094,0.328,-69.427,11.725,41.038,Idle
-0.164,0.094,0.328,-20.573,11.725,41.038,Idle
0.226,0.094,0.328,28.290,11.725,41.038,Idle
0.617,0.094,0.328,77.145,11.725,41.038,Idle
1.007,0.094,0.328,126.000,11.725,41.038,Idle
1.398,0.094,0.328,174.855,11.725,41.038,Idle
1.789,0.094,0.328,223.710,11.725,41.038,Idle
-1.821,0.094,0.328,-227.710,11.725,41.038,Idle
-1.430,0.094,0.328,-178.855,11.725,41.038,Idle
-1.039,0.094,0.328,-130.000,11.725,41.038,Idle
-0.649,0.094,0.328,-81.145,11.725,41.038,Idle
-0.258,0.094,0.328,-32.290,11.725,41.038,Idle
0.133,0.094,0.328,16.573,11.725,41.038,Idle
0.523,0.094,0.328,65.427,11.725,41.038,Idle
0.914,0.094,0.328,114.282,11.725,41.038,Idle
1.304,0.094,0.328,163.137,11.725,41.038,Idle
1.695,0.094,0.328,211.992,11.725,41.038,Idle
-1.914,0.094,0.328,-239.427,11.725,41.038,Idle
-1.524,0.094,0.328,-190.573,11.725,41.038,Idle
-1.133,0.094,0.328,-141.718,11.725,41.038,Idle
-0.742,0.094,0.328,-92.863,11.725,41.038,Idle
-0.352,0.094,0.328,-44.008,11.725,41.038,Idle
0.039,0.094,0.328,4.855,11.725,41.038,Idle
0.414,0.094,0.328,51.756,11.725,41.038,Idle
0.804,0.094,0.328,100.611,11.725,41.038,Idle
1.195,0.094,0.328,149.466,11.725,41.038,Idle
1.586,0.094,0.328,198.321,11.725,41.038,Idle
1.976,0.094,0.328,247.176,11.725,41.038,Idle
-1.633,0.094,0.328,-204.244,11.725,41.038,Idle
-1.242,0.094,0.328,-155.389,11.725,41.038,Idle
-0.852,0.094,0.328,-106.534,11.725,41.038,Idle
-0.461,0.094,0.328,-57.679,11.725,41.038,Idle
-0.071,0.094,0.328,-8.824,11.725,41.038,Idle
0.320,0.094,0.328,40.038,11.725,41.038,Idle
0.711,0.094,0.328,88.893,11.725,41.038,Idle
1.101,0.094,0.328,137.748,11.725,41.038,Idle
1.492,0.094,0.328,186.603,11.725,41.038,Idle
1.883,0.094,0.328,235.458,11.725,41.038,Idle
-1.727,0.094,0.328,-215.962,11.725,41.038,Idle
-1.336,0.094,0.328,-167.107,11.725,41.038,Idle
-0.945,0.094,0.328,-118.252,11.725,41.038,Idle
-0.555,0.094,0.328,-69.397,11.725,41.038,Idle
-0.164,0.094,0.328,-20.542,11.725,41.038,Idle
0.226,0.094,0.328,28.321,11.725,41.038,Idle
0.617,0.094,0.328,77.176,11.725,41.038,Idle
1.008,0.094,0.328,126.031,11.725,41.038,Idle
1.398,0.094,0.328,174.885,11.725,41.038,Idle
1.789,0.094,0.328,223.740,11.725,41.038,Idle
-1.820,0.094,0.328,-227.679,11.725,41.038,Idle
-1.430,0.094,0.328,-178.824,11.725,41.038,Idle
-1.039,0.094,0.328,-129.969,11.725,41.038,Idle
-0.649,0.094,0.328,-81.115,11.725,41.038,Idle
-0.258,0.094,0.328,-32.260,11.725,41.038,Idle
0.133,0.094,0.328,16.603,11.725,41.038,Idle
0.523,0.094,0.328,65.458,11.725,41.038,Idle
0.914,0.094,0.328,114.313,11.725,41.038,Idle
1.305,0.094,0.328,163.168,11.725,41.038,Idle
1.695,0.094,0.328,212.023,11.725,41.038,Idle
-1.914,0.094,0.328,-239.397,11.725,41.038,Idle
-1.523,0.094,0.328,-190.542,11.725,41.038,Idle
-1.133,0.094,0.328,-141.687,11.725,41.038,Idle
-0.742,0.094,0.328,-92.832,11.725,41.038,Idle
-0.352,0.094,0.328,-43.977,11.725,41.038,Idle
0.039,0.094,0.328,4.885,11.725,41.038,Idle
0.414,0.094,0.328,51.786,11.725,41.038,Idle
0.805,0.094,0.328,100.641,11.725,41.038,Idle
1.195,0.094,0.328,149.496,11.725,41.038,Idle
1.586,0.094,0.328,198.351,11.725,41.038,Idle
1.977,0.094,0.328,247.206,11.725,41.038,Idle
-1.633,0.094,0.328,-204.214,11.725,41.038,Idle
-1.242,0.094,0.328,-155.359,11.725,41.038,Idle
-0.852,0.094,0.328,-106.504,11.725,41.038,Idle
-0.461,0.094,0.328,-57.649,11.725,41.038,Idle
-0.070,0.094,0.328,-8.794,11.725,41.038,Idle
0.320,0.094,0.328,40.069,11.725,41.038,Idle
0.711,0.094,0.328,88.924,11.725,41.038,Idle
1.102,0.094,0.328,137.779,11.725,41.038,Idle
1.492,0.094,0.328,186.634,11.725,41.038,Idle
1.883,0.094,0.328,235.489,11.725,41.038,Idle
-1.727,0.094,0.328,-215.931,11.725,41.038,Idle
-1.336,0.094,0.328,-167.076,11.725,41.038,Idle
-0.945,0.094,0.328,-118.221,11.725,41.038,Idle
-0.555,0.094,0.328,-69.366,11.725,41.038,Idle
-0.164,0.094,0.328,-20.511,11.725,41.038,Idle
0.227,0.094,0.328,28.351,11.725,41.038,Idle
0.617,0.094,0.328,77.206,11.725,41.038,Idle
1.008,0.094,0.328,126.061,11.725,41.038,Idle
1.399,0.094,0.328,174.916,11.725,41.038,Idle
1.789,0.094,0.328,223.771,11.725,41.038,Idle
-1.820,0.094,0.328,-227.649,11.725,41.038,Idle
-1.430,0.094,0.328,-178.794,11.725,41.038,Idle
-1.039,0.094,0.328,-129.939,11.725,41.038,Idle
-0.648,0.094,0.328,-81.084,11.725,41.038,Idle
-0.258,0.094,0.328,-32.229,11.725,41.038,Idle
0.133,0.094,0.328,16.634,11.725,41.038,Idle
0.524,0.094,0.328,65.489,11.725,41.038,Idle
0.914,0.094,0.328,114.344,11.725,41.038,Idle
1.305,0.094,0.328,163.198,11.725,41.038,Idle
1.695,0.094,0.328,212.053,11.725,41.038,Idle
-1.914,0.094,0.328,-239.366,11.725,41.038,Idle
-1.523,0.094,0.328,-190.511,11.725,41.038,Idle
-1.133,0.094,0.328,-141.656,11.725,41.038,Idle
-0.742,0.094,0.328,-92.802,11.725,41.038,Idle
-0.351,0.094,0.328,-43.947,11.725,41.038,Idle
0.039,0.094,0.328,4.916,11.725,41.038,Idle
0.414,0.094,0.328,51.817,11.725,41.038,Idle
0.805,0.094,0.328,100.672,11.725,41.038,Idle
1.196,0.094,0.328,149.527,11.725,41.038,Idle
1.586,0.094,0.328,198.382,11.725,41.038,Idle
1.977,0.094,0.328,247.237,11.725,41.038,Idle
-1.633,0.094,0.328,-204.183,11.725,41.038,Idle
-1.242,0.094,0.328,-155.328,11.725,41.038,Idle
-0.851,0.094,0.328,-106.473,11.725,41.038,Idle
-0.461,0.094,0.328,-57.618,11.725,41.038,Idle
-0.070,0.094,0.328,-8.763,11.725,41.038,Idle
0.321,0.094,0.328,40.099,11.725,41.038,Idle
0.711,0.094,0.328,88.954,11.725,41.038,Idle
1.102,0.094,0.328,137.809,11.725,41.038,Idle
1.492,0.094,0.328,186.664,11.725,41.038,Idle
1.883,0.094,0.328,235.519,11.725,41.038,Idle
-1.726,0.094,0.328,-215.901,11.725,41.038,Idle
-1.336,0.094,0.328,-167.046,11.725,41.038,Idle
-0.945,0.094,0.328,-118.191,11.725,41.038,Idle
-0.554,0.094,0.328,-69.336,11.725,41.038,Idle
-0.164,0.094,0.328,-20.481,11.725,41.038,Idle
0.227,0.094,0.328,28.382,11.725,41.038,Idle
0.618,0.094,0.328,77.237,11.725,41.038,Idle
1.008,0.094,0.328,126.092,11.725,41.038,Idle
1.399,0.094,0.328,174.947,11.725,41.038,Idle
1.789,0.094,0.328,223.802,11.725,41.038,Idle
-1.820,0.094,0.328,-227.618,11.725,41.038,Idle
-1.429,0.094,0.328,-178.763,11.725,41.038,Idle
-1.039,0.094,0.328,-129.908,11.725,41.038,Idle
-0.648,0.094,0.328,-81.053,11.725,41.038,Idle
-0.257,0.094,0.328,-32.198,11.725,41.038,Idle
0.133,0.094,0.328,16.664,11.725,41.038,Idle
0.524,0.094,0.328,65.519,11.725,41.038,Idle
0.914,0.094,0.328,114.374,11.725,41.038,Idle
1.305,0.094,0.328,163.229,11.725,41.038,Idle
1.696,0.094,0.328,212.084,11.725,41.038,Idle
-1.914,0.094,0.328,-239.336,11.725,41.038,Idle
-1.523,0.094,0.328,-190.481,11.725,41.038,Idle
-1.132,0.094,0.328,-141.626,11.725,41.038,Idle
-0.742,0.094,0.328,-92.771,11.725,41.038,Idle
-0.351,0.094,0.328,-43.916,11.725,41.038,Idle
0.040,0.094,0.328,4.947,11.725,41.038,Idle
0.415,0.094,0.328,51.847,11.725,41.038,Idle
0.805,0.094,0.328,100.702,11.725,41.038,Idle
1.196,0.094,0.328,149.557,11.725,41.038,Idle
1.586,0.094,0.328,198.412,11.725,41.038,Idle
1.977,0.094,0.328,247.267,11.725,41.038,Idle
-1.632,0.094,0.328,-204.153,11.725,41.038,Idle
-1.242,0.094,0.328,-155.298,11.725,41.038,Idle
-0.851,0.094,0.328,-106.443,11.725,41.038,Idle
-0.460,0.094,0.328,-57.588,11.725,41.038,Idle
-0.070,0.094,0.328,-8.733,11.725,41.038,Idle
0.321,0.094,0.328,40.130,11.725,41.038,Idle
0.711,0.094,0.328,88.985,11.725,41.038,Idle
1.102,0.094,0.328,137.840,11.725,41.038,Idle
1.493,0.094,0.328,186.695,11.725,41.038,Idle
1.883,0.094,0.328,235.550,11.725,41.038,Idle
-1.726,0.094,0.328,-215.870,11.725,41.038,Idle
-1.335,0.094,0.328,-167.015,11.725,41.038,Idle
-0.945,0.094,0.328,-118.160,11.725,41.038,Idle
-0.554,0.094,0.328,-69.305,11.725,41.038,Idle
-0.164,0.094,0.328,-20.450,11.725,41.038,Idle
0.227,0.094,0.328,28.412,11.725,41.038,Idle
0.618,0.094,0.328,77.267,11.725,41.038,Idle
1.008,0.094,0.328,126.122,11.725,41.038,Idle
1.399,0.094,0.328,174.977,11.725,41.038,Idle
1.790,0.094,0.328,223.832,11.725,41.038,Idle
-1.820,0.094,0.328,-227.588,11.725,41.038,Idle
-1.429,0.094,0.328,-178.733,11.725,41.038,Idle
-1.038,0.094,0.328,-129.878,11.725,41.038,Idle
-0.648,0.094,0.328,-81.023,11.725,41.038,Idle
-0.257,0.094,0.328,-32.168,11.725,41.038,Idle
0.133,0.094,0.328,16.695,11.725,41.038,Idle
0.524,0.094,0.328,65.550,11.725,41.038,Idle
0.915,0.094,0.328,114.405,11.725,41.038,Idle
1.305,0.094,0.328,163.260,11.725,41.038,Idle
1.696,0.094,0.328,212.115,11.725,41.038,Idle
-1.913,0.094,0.328,-239.305,11.725,41.038,Idle
-1.523,0.094,0.328,-190.450,11.725,41.038,Idle
-1.132,0.094,0.328,-141.595,11.725,41.038,Idle
-0.742,0.094,0.328,-92.740,11.725,41.038,Idle
-0.351,0.094,0.328,-43.885,11.725,41.038,Idle
0.040,0.094,0.328,4.977,11.725,41.038,Idle
0.415,0.094,0.328,51.878,11.725,41.038,Idle
0.805,0.094,0.328,100.733,11.725,41.038,Idle
1.196,0.094,0.328,149.588,11.725,41.038,Idle
1.587,0.094,0.328,198.443,11.725,41.038,Idle
1.977,0.094,0.328,247.298,11.725,41.038,Idle
-1.632,0.094,0.328,-204.122,11.725,41.038,Idle
-1.241,0.094,0.328,-155.267,11.725,41.038,Idle
-0.851,0.094,0.328,-106.412,11.725,41.038,Idle
-0.460,0.094,0.328,-57.557,11.725,41.038,Idle
-0.070,0.094,0.328,-8.702,11.725,41.038,Idle
0.321,0.094,0.328,40.160,11.725,41.038,Idle
0.712,0.094,0.328,89.015,11.725,41.038,Idle
1.102,0.094,0.328,137.870,11.725,41.038,Idle
1.493,0.094,0.328,186.725,11.725,41.038,Idle
1.884,0.094,0.328,235.580,11.725,41.038,Idle
-1.726,0.094,0.328,-215.840,11.725,41.038,Idle
-1.335,0.094,0.328,-166.985,11.725,41.038,Idle
-0.945,0.094,0.328,-118.130,11.725,41.038,Idle
-0.554,0.094,0.328,-69.275,11.725,41.038,Idle
-0.163,0.094,0.328,-20.420,11.725,41.038,Idle
0.227,0.094,0.328,28.443,11.725,41.038,Idle
0.618,0.094,0.328,77.298,11.725,41.038,Idle
1.009,0.094,0.328,126.153,11.725,41.038,Idle
1.399,0.094,0.328,175.008,11.725,41.038,Idle
1.790,0.094,0.328,223.863,11.725,41.038,Idle
-1.819,0.094,0.328,-227.557,11.725,41.038,Idle
-1.429,0.094,0.328,-178.702,11.725,41.038,Idle
-1.038,0.094,0.328,-129.847,11.725,41.038,Idle
-0.648,0.094,0.328,-80.992,11.725,41.038,Idle
-0.257,0.094,0.328,-32.137,11.725,41.038,Idle
0.134,0.094,0.328,16.725,11.725,41.038,Idle
0.524,0.094,0.328,65.580,11.725,41.038,Idle
0.915,0.094,0.328,114.435,11.725,41.038,Idle
1.306,0.094,0.328,163.290,11.725,41.038,Idle
1.696,0.094,0.328,212.145,11.725,41.038,Idle
-1.913,0.094,0.328,-239.275,11.725,41.038,Idle
-1.523,0.094,0.328,-190.420,11.725,41.038,Idle
-1.132,0.094,0.328,-141.565,11.725,41.038,Idle
-0.741,0.094,0.328,-92.710,11.725,41.038,Idle
-0.351,0.094,0.328,-43.855,11.725,41.038,Idle
0.040,0.094,0.328,5.008,11.725,41.038,Idle
0.415,0.094,0.328,51.908,11.725,41.038,Idle
0.806,0.094,0.328,100.763,11.725,41.038,Idle
1.196,0.094,0.328,149.618,11.725,41.038,Idle
1.587,0.094,0.328,198.473,11.725,41.038,Idle
1.978,0.094,0.328,247.328,11.725,41.038,Idle
-1.632,0.094,0.328,-204.092,11.725,41.038,Idle
-1.241,0.094,0.328,-155.237,11.725,41.038,Idle
-0.851,0.094,0.328,-106.382,11.725,41.038,Idle
-0.460,0.094,0.328,-57.527,11.725,41.038,Idle
-0.069,0.094,0.328,-8.672,11.725,41.038,Idle
0.321,0.094,0.328,40.191,11.725,41.038,Idle
0.712,0.094,0.328,89.046,11.725,41.038,Idle
1.103,0.094,0.328,137.901,11.725,41.038,Idle
1.493,0.094,0.328,186.756,11.725,41.038,Idle
1.884,0.094,0.328,235.611,11.725,41.038,Idle
-1.726,0.094,0.328,-215.809,11.725,41.038,Idle
-1.335,0.094,0.328,-166.954,11.725,41.038,Idle
-0.944,0.094,0.328,-118.099,11.725,41.038,Idle
-0.554,0.094,0.328,-69.244,11.725,41.038,Idle
-0.163,0.094,0.328,-20.389,11.725,41.038,Idle
0.228,0.094,0.328,28.473,11.725,41.038,Idle
0.618,0.094,0.328,77.328,11.725,41.038,Idle
1.009,0.094,0.328,126.183,11.725,41.038,Idle
1.400,0.094,0.328,175.038,11.725,41.038,Idle
1.790,0.094,0.328,223.893,11.725,41.038,Idle
-1.819,0.094,0.328,-227.527,11.725,41.038,Idle
-1.429,0.094,0.328,-178.672,11.725,41.038,Idle
-1.038,0.094,0.328,-129.817,11.725,41.038,Idle
-0.647,0.094,0.328,-80.962,11.725,41.038,Idle
-0.257,0.094,0.328,-32.107,11.725,41.038,Idle
0.134,0.094,0.328,16.756,11.725,41.038,Idle
0.525,0.094,0.328,65.611,11.725,41.038,Idle
0.915,0.094,0.328,114.466,11.725,41.038,Idle
1.306,0.094,0.328,163.321,11.725,41.038,Idle
1.696,0.094,0.328,212.176,11.725,41.038,Idle
-1.913,0.094,0.328,-239.244,11.725,41.038,Idle
-1.522,0.094,0.328,-190.389,11.725,41.038,Idle
-1.132,0.094,0.328,-141.534,11.725,41.038,Idle
-0.741,0.094,0.328,-92.679,11.725,41.038,Idle
-0.350,0.094,0.328,-43.824,11.725,41.038,Idle
0.040,0.094,0.328,5.038,11.725,41.038,Idle
0.415,0.094,0.328,51.939,11.725,41.038,Idle
0.806,0.094,0.328,100.794,11.725,41.038,Idle
1.197,0.094,0.328,149.649,11.725,41.038,Idle
1.587,0.094,0.328,198.504,11.725,41.038,Idle
1.978,0.094,0.328,247.359,11.725,41.038,Idle
-1.632,0.094,0.328,-204.061,11.725,41.038,Idle
-1.241,0.094,0.328,-155.206,11.725,41.038,Idle
-0.850,0.094,0.328,-106.351,11.725,41.038,Idle
-0.460,0.094,0.328,-57.496,11.725,41.038,Idle
-0.069,0.094,0.328,-8.641,11.725,41.038,Idle
0.322,0.094,0.328,40.221,11.725,41.038,Idle
0.712,0.094,0.328,89.076,11.725,41.038,Idle
1.103,0.094,0.328,137.931,11.725,41.038,Idle
1.493,0.094,0.328,186.786,11.725,41.038,Idle
1.884,0.094,0.328,235.641,11.725,41.038,Idle
-1.725,0.094,0.328,-215.779,11.725,41.038,Idle
-1.335,0.094,0.328,-166.924,11.725,41.038,Idle
-0.944,0.094,0.328,-118.069,11.725,41.038,Idle
-0.553,0.094,0.328,-69.214,11.725,41.038,Idle
-0.163,0.094,0.328,-20.359,11.725,41.038,Idle
0.228,0.094,0.328,28.504,11.725,41.038,Idle
0.619,0.094,0.328,77.359,11.725,41.038,Idle
1.009,0.094,0.328,126.214,11.725,41.038,Idle
1.400,0.094,0.328,175.069,11.725,41.038,Idle
1.790,0.094,0.328,223.924,11.725,41.038,Idle
-1.819,0.094,0.328,-227.496,11.725,41.038,Idle
-1.428,0.094,0.328,-178.641,11.725,41.038,Idle
-1.038,0.094,0.328,-129.786,11.725,41.038,Idle
-0.647,0.094,0.328,-80.931,11.725,41.038,Idle
-0.256,0.094,0.328,-32.076,11.725,41.038,Idle
0.134,0.094,0.328,16.786,11.725,41.038,Idle
0.525,0.094,0.328,65.641,11.725,41.038,Idle
0.915,0.094,0.328,114.496,11.725,41.038,Idle
1.306,0.094,0.328,163.351,11.725,41.038,Idle
1.697,0.094,0.328,212.206,11.725,41.038,Idle
-1.913,0.094,0.328,-239.214,11.725,41.038,Idle
-1.522,0.094,0.328,-190.359,11.725,41.038,Idle
-1.131,0.094,0.328,-141.504,11.725,41.038,Idle
-0.741,0.094,0.328,-92.649,11.725,41.038,Idle
-0.350,0.094,0.328,-43.794,11.725,41.038,Idle
0.041,0.094,0.328,5.069,11.725,41.038,Idle
0.416,0.094,0.328,51.969,11.725,41.038,Idle
0.806,0.094,0.328,100.824,11.725,41.038,Idle
1.197,0.094,0.328,149.679,11.725,41.038,Idle
1.587,0.094,0.328,198.534,11.725,41.038,Idle
1.978,0.094,0.328,247.389,11.725,41.038,Idle
-1.631,0.094,0.328,-204.031,11.725,41.038,Idle
-1.241,0.094,0.328,-155.176,11.725,41.038,Idle
-0.850,0.094,0.328,-106.321,11.725,41.038,Idle
-0.459,0.094,0.328,-57.466,11.725,41.038,Idle
-0.069,0.094,0.328,-8.611,11.725,41.038,Idle
0.322,0.094,0.328,40.252,11.725,41.038,Idle
0.712,0.094,0.328,89.107,11.725,41.038,Idle
1.103,0.094,0.328,137.962,11.725,41.038,Idle
1.494,0.094,0.328,186.817,11.725,41.038,Idle
1.884,0.094,0.328,235.672,11.725,41.038,Idle
-1.725,0.094,0.328,-215.748,11.725,41.038,Idle
-1.334,0.094,0.328,-166.893,11.725,41.038,Idle
-0.944,0.094,0.328,-118.038,11.725,41.038,Idle
-0.553,0.094,0.328,-69.183,11.725,41.038,Idle
-0.163,0.094,0.328,-20.328,11.725,41.038,Idle
0.228,0.094,0.328,28.534,11.725,41.038,Idle
0.619,0.094,0.328,77.389,11.725,41.038,Idle
1.009,0.094,0.328,126.244,11.725,41.038,Idle
1.400,0.094,0.328,175.099,11.725,41.038,Idle
1.791,0.094,0.328,223.954,11.725,41.038,Idle
-1.819,0.094,0.328,-227.466,11.725,41.038,Idle
-1.428,0.094,0.328,-178.611,11.725,41.038,Idle
-1.037,0.094,0.328,-129.756,11.725,41.038,Idle
-0.647,0.094,0.328,-80.901,11.725,41.038,Idle
-0.256,0.094,0.328,-32.046,11.725,41.038,Idle
0.134,0.094,0.328,16.817,11.725,41.038,Idle
0.525,0.094,0.328,65.672,11.725,41.038,Idle
0.916,0.094,0.328,114.527,11.725,41.038,Idle
1.306,0.094,0.328,163.382,11.725,41.038,Idle
1.697,0.094,0.328,212.237,11.725,41.038,Idle
-1.912,0.094,0.328,-239.183,11.725,41.038,Idle
-1.522,0.094,0.328,-190.328,11.725,41.038,Idle
-1.131,0.094,0.328,-141.473,11.725,41.038,Idle
-0.741,0.094,0.328,-92.618,11.725,41.038,Idle
-0.350,0.094,0.328,-43.763,11.725,41.038,Idle
0.041,0.094,0.328,5.099,11.725,41.038,Idle
0.416,0.094,0.328,52.000,11.725,41.038,Idle
0.806,0.094,0.328,100.855,11.725,41.038,Idle
1.197,0.094,0.328,149.710,11.725,41.038,Idle
1.588,0.094,0.328,198.565,11.725,41.038,Idle
1.978,0.094,0.328,247.420,11.725,41.038,Idle
-1.631,0.094,0.328,-204.000,11.725,41.038,Idle
-1.240,0.094,0.328,-155.145,11.725,41.038,Idle
-0.850,0.094,0.328,-106.290,11.725,41.038,Idle
-0.459,0.094,0.328,-57.435,11.725,41.038,Idle
-0.069,0.094,0.328,-8.580,11.725,41.038,Idle
0.322,0.094,0.328,40.282,11.725,41.038,Idle
0.713,0.094,0.328,89.137,11.725,41.038,Idle
1.103,0.094,0.328,137.992,11.725,41.038,Idle
1.494,0.094,0.328,186.847,11.725,41.038,Idle
1.885,0.094,0.328,235.702,11.725,41.038,Idle
-1.725,0.094,0.328,-215.718,11.725,41.038,Idle
-1.334,0.094,0.328,-166.863,11.725,41.038,Idle
-0.944,0.094,0.328,-118.008,11.725,41.038,Idle
-0.553,0.094,0.328,-69.153,11.725,41.038,Idle
-0.162,0.094,0.328,-20.298,11.725,41.038,Idle
0.228,0.094,0.328,28.565,11.725,41.038,Idle
0.619,0.094,0.328,77.420,11.725,41.038,Idle
1.010,0.094,0.328,126.275,11.725,41.038,Idle
1.400,0.094,0.328,175.130,11.725,41.038,Idle
1.791,0.094,0.328,223.985,11.725,41.038,Idle
-1.818,0.094,0.328,-227.435,11.725,41.038,Idle
-1.428,0.094,0.328,-178.580,11.725,41.038,Idle
-1.037,0.094,0.328,-129.725,11.725,41.038,Idle
-0.647,0.094,0.328,-80.870,11.725,41.038,Idle
-0.256,0.094,0.328,-32.015,11.725,41.038,Idle
0.135,0.094,0.328,16.847,11.725,41.038,Idle
0.525,0.094,0.328,65.702,11.725,41.038,Idle
0.916,0.094,0.328,114.557,11.725,41.038,Idle
1.307,0.094,0.328,163.412,11.725,41.038,Idle
1.697,0.094,0.328,212.267,11.725,41.038,Idle
-1.912,0.094,0.328,-239.153,11.725,41.038,Idle
-1.522,0.094,0.328,-190.298,11.725,41.038,Idle
-1.131,0.094,0.328,-141.443,11.725,41.038,Idle
-0.740,0.094,0.328,-92.588,11.725,41.038,Idle
-0.350,0.094,0.328,-43.733,11.725,41.038,Idle
0.041,0.094,0.328,5.130,11.725,41.038,Idle
0.416,0.094,0.328,52.031,11.725,41.038,Idle
0.807,0.094,0.328,100.885,11.725,41.038,Idle
1.197,0.094,0.328,149.740,11.725,41.038,Idle
1.588,0.094,0.328,198.595,11.725,41.038,Idle
1.979,0.094,0.328,247.450,11.725,41.038,Idle
-1.631,0.094,0.328,-203.969,11.725,41.038,Idle
-1.240,0.094,0.328,-155.115,11.725,41.038,Idle
-0.850,0.094,0.328,-106.260,11.725,41.038,Idle
-0.459,0.094,0.328,-57.405,11.725,41.038,Idle
-0.068,0.094,0.328,-8.550,11.725,41.038,Idle
0.322,0.094,0.328,40.313,11.725,41.038,Idle
0.713,0.094,0.328,89.168,11.725,41.038,Idle
1.104,0.094,0.328,138.023,11.725,41.038,Idle
1.494,0.094,0.328,186.878,11.725,41.038,Idle
1.885,0.094,0.328,235.733,11.725,41.038,Idle
-1.725,0.094,0.328,-215.687,11.725,41.038,Idle
-1.334,0.094,0.328,-166.832,11.725,41.038,Idle
-0.943,0.094,0.328,-117.977,11.725,41.038,Idle
-0.553,0.094,0.328,-69.122,11.725,41.038,Idle
-0.162,0.094,0.328,-20.267,11.725,41.038,Idle
0.229,0.094,0.328,28.595,11.725,41.038,Idle
0.619,0.094,0.328,77.450,11.725,41.038,Idle
1.010,0.094,0.328,126.305,11.725,41.038,Idle
1.401,0.094,0.328,175.160,11.725,41.038,Idle
1.791,0.094,0.328,224.015,11.725,41.038,Idle
-1.818,0.094,0.328,-227.405,11.725,41.038,Idle
-1.428,0.094,0.328,-178.550,11.725,41.038,Idle
-1.037,0.094,0.328,-129.695,11.725,41.038,Idle
-0.646,0.094,0.328,-80.840,11.725,41.038,Idle
-0.256,0.094,0.328,-31.985,11.725,41.038,Idle
0.135,0.094,0.328,16.878,11.725,41.038,Idle
0.526,0.094,0.328,65.733,11.725,41.038,Idle
0.916,0.094,0.328,114.588,11.725,41.038,Idle
1.307,0.094,0.328,163.443,11.725,41.038,Idle
1.697,0.094,0.328,212.298,11.725,41.038,Idle
-1.912,0.094,0.328,-239.122,11.725,41.038,Idle
-1.521,0.094,0.328,-190.267,11.725,41.038,Idle
-1.131,0.094,0.328,-141.412,11.725,41.038,Idle
-0.740,0.094,0.328,-92.557,11.725,41.038,Idle
-0.349,0.094,0.328,-43.702,11.725,41.038,Idle
0.041,0.094,0.328,5.160,11.725,41.038,Idle
0.416,0.094,0.328,52.061,11.725,41.038,Idle
0.807,0.094,0.328,100.916,11.725,41.038,Idle
1.198,0.094,0.328,149.771,11.725,41.038,Idle
1.588,0.094,0.328,198.626,11.725,41.038,Idle
1.979,0.094,0.328,247.481,11.725,41.038,Idle
-1.631,0.094,0.328,-203.939,11.725,41.038,Idle
-1.240,0.094,0.328,-155.084,11.725,41.038,Idle
-0.849,0.094,0.328,-106.229,11.725,41.038,Idle
-0.459,0.094,0.328,-57.374,11.725,41.038,Idle
-0.068,0.094,0.328,-8.519,11.725,41.038,Idle
0.323,0.094,0.328,40.344,11.725,41.038,Idle
0.713,0.094,0.328,89.198,11.725,41.038,Idle
1.104,0.094,0.328,138.053,11.725,41.038,Idle
1.494,0.094,0.328,186.908,11.725,41.038,Idle
1.885,0.094,0.328,235.763,11.725,41.038,Idle
-1.724,0.094,0.328,-215.656,11.725,41.038,Idle
-1.334,0.094,0.328,-166.802,11.725,41.038,Idle
-0.943,0.094,0.328,-117.947,11.725,41.038,Idle
-0.552,0.094,0.328,-69.092,11.725,41.038,Idle
-0.162,0.094,0.328,-20.237,11.725,41.038,Idle
0.229,0.094,0.328,28.626,11.725,41.038,Idle
0.620,0.094,0.328,77.481,11.725,41.038,Idle
1.010,0.094,0.328,126.336,11.725,41.038,Idle
1.401,0.094,0.328,175.191,11.725,41.038,Idle
1.791,0.094,0.328,224.046,11.725,41.038,Idle
-1.818,0.094,0.328,-227.374,11.725,41.038,Idle
-1.427,0.094,0.328,-178.519,11.725,41.038,Idle
-1.037,0.094,0.328,-129.664,11.725,41.038,Idle
-0.646,0.094,0.328,-80.809,11.725,41.038,Idle
-0.255,0.094,0.328,-31.954,11.725,41.038,Idle
0.135,0.094,0.328,16.908,11.725,41.038,Idle
0.526,0.094,0.328,65.763,11.725,41.038,Idle
0.916,0.094,0.328,114.618,11.725,41.038,Idle
1.307,0.094,0.328,163.473,11.725,41.038,Idle
1.698,0.094,0.328,212.328,11.725,41.038,Idle
-1.912,0.094,0.328,-239.092,11.725,41.038,Idle
-1.521,0.094,0.328,-190.237,11.725,41.038,Idle
-1.130,0.094,0.328,-141.382,11.725,41.038,Idle
-0.740,0.094,0.328,-92.527,11.725,41.038,Idle
-0.349,0.094,0.328,-43.672,11.725,41.038,Idle
0.042,0.094,0.328,5.191,11.725,41.038,Idle
0.417,0.094,0.328,52.092,11.725,41.038,Idle
0.807,0.094,0.328,100.947,11.725,41.038,Idle
1.198,0.094,0.328,149.802,11.725,41.038,Idle
1.588,0.094,0.328,198.656,11.725,41.038,Idle
1.979,0.094,0.328,247.511,11.725,41.038,Idle
-1.630,0.094,0.328,-203.908,11.725,41.038,Idle
-1.240,0.094,0.328,-155.053,11.725,41.038,Idle
-0.849,0.094,0.328,-106.198,11.725,41.038,Idle
-0.458,0.094,0.328,-57.344,11.725,41.038,Idle
-0.068,0.094,0.328,-8.489,11.725,41.038,Idle
0.323,0.094,0.328,40.374,11.725,41.038,Idle
0.713,0.094,0.328,89.229,11.725,41.038,Idle
1.104,0.094,0.328,138.084,11.725,41.038,Idle
1.495,0.094,0.328,186.939,11.725,41.038,Idle
1.885,0.094,0.328,235.794,11.725,41.038,Idle
-1.724,0.094,0.328,-215.626,11.725,41.038,Idle
-1.333,0.094,0.328,-166.771,11.725,41.038,Idle
-0.943,0.094,0.328,-117.916,11.725,41.038,Idle
-0.552,0.094,0.328,-69.061,11.725,41.038,Idle
-0.162,0.094,0.328,-20.206,11.725,41.038,Idle
0.229,0.094,0.328,28.656,11.725,41.038,Idle
0.620,0.094,0.328,77.511,11.725,41.038,Idle
1.010,0.094,0.328,126.366,11.725,41.038,Idle
1.401,0.094,0.328,175.221,11.725,41.038,Idle
1.792,0.094,0.328,224.076,11.725,41.038,Idle
-1.818,0.094,0.328,-227.344,11.725,41.038,Idle
-1.427,0.094,0.328,-178.489,11.725,41.038,Idle
-1.036,0.094,0.328,-129.634,11.725,41.038,Idle
-0.646,0.094,0.328,-80.779,11.725,41.038,Idle
-0.255,0.094,0.328,-31.924,11.725,41.038,Idle
0.135,0.094,0.328,16.939,11.725,41.038,Idle
0.526,0.094,0.328,65.794,11.725,41.038,Idle
0.917,0.094,0.328,114.649,11.725,41.038,Idle
1.307,0.094,0.328,163.504,11.725,41.038,Idle
1.698,0.094,0.328,212.359,11.725,41.038,Idle
-1.911,0.094,0.328,-239.061,11.725,41.038,Idle
-1.521,0.094,0.328,-190.206,11.725,41.038,Idle
-1.130,0.094,0.328,-141.351,11.725,41.038,Idle
-0.740,0.094,0.328,-92.496,11.725,41.038,Idle
-0.349,0.094,0.328,-43.641,11.725,41.038,Idle
0.042,0.094,0.328,5.221,11.725,41.038,Idle
0.417,0.094,0.328,52.122,11.725,41.038,Idle
0.807,0.094,0.328,100.977,11.725,41.038,Idle
1.198,0.094,0.328,149.832,11.725,41.038,Idle
1.589,0.094,0.328,198.687,11.725,41.038,Idle
1.979,0.094,0.328,247.542,11.725,41.038,Idle
-1.630,0.094,0.328,-203.878,11.725,41.038,Idle
-1.240,0.094,0.328,-155.023,11.725,41.038,Idle
-0.849,0.094,0.328,-106.168,11.725,41.038,Idle
-0.458,0.094,0.328,-57.313,11.725,41.038,Idle
-0.068,0.094,0.328,-8.458,11.725,41.038,Idle
0.323,0.094,0.328,40.405,11.725,41.038,Idle
0.714,0.094,0.328,89.260,11.725,41.038,Idle
1.104,0.094,0.328,138.115,11.725,41.038,Idle
1.495,0.094,0.328,186.969,11.725,41.038,Idle
1.886,0.094,0.328,235.824,11.725,41.038,Idle
-1.724,0.094,0.328,-215.595,11.725,41.038,Idle
-1.333,0.094,0.328,-166.740,11.725,41.038,Idle
-0.943,0.094,0.328,-117.885,11.725,41.038,Idle
-0.552,0.094,0.328,-69.031,11.725,41.038,Idle
-0.161,0.094,0.328,-20.176,11.725,41.038,Idle
0.229,0.094,0.328,28.687,11.725,41.038,Idle
0.620,0.094,0.328,77.542,11.725,41.038,Idle
1.011,0.094,0.328,126.397,11.725,41.038,Idle
1.401,0.094,0.328,175.252,11.725,41.038,Idle
1.792,0.094,0.328,224.107,11.725,41.038,Idle
-1.818,0.094,0.328,-227.313,11.725,41.038,Idle
-1.427,0.094,0.328,-178.458,11.725,41.038,Idle
-1.036,0.094,0.328,-129.603,11.725,41.038,Idle
-0.646,0.094,0.328,-80.748,11.725,41.038,Idle
-0.255,0.094,0.328,-31.893,11.725,41.038,Idle
0.136,0.094,0.328,16.969,11.725,41.038,Idle
0.526,0.094,0.328,65.824,11.725,41.038,Idle
0.917,0.094,0.328,114.679,11.725,41.038,Idle
1.308,0.094,0.328,163.534,11.725,41.038,Idle
1.698,0.094,0.328,212.389,11.725,41.038,Idle
-1.911,0.094,0.328,-239.031,11.725,41.038,Idle
-1.521,0.094,0.328,-190.176,11.725,41.038,Idle
-1.130,0.094,0.328,-141.321,11.725,41.038,Idle
-0.739,0.094,0.328,-92.466,11.725,41.038,Idle
-0.349,0.094,0.328,-43.611,11.725,41.038,Idle
0.042,0.094,0.328,5.252,11.725,41.038,Idle
0.417,0.094,0.328,52.153,11.725,41.038,Idle
0.808,0.094,0.328,101.008,11.725,41.038,Idle
1.198,0.094,0.328,149.863,11.725,41.038,Idle
1.589,0.094,0.328,198.718,11.725,41.038,Idle
1.979,0.094,0.328,247.573,11.725,41.038,Idle
-1.630,0.094,0.328,-203.847,11.725,41.038,Idle
-1.239,0.094,0.328,-154.992,11.725,41.038,Idle
-0.849,0.094,0.328,-106.137,11.725,41.038,Idle
-0.458,0.094,0.328,-57.282,11.725,41.038,Idle
-0.067,0.094,0.328,-8.427,11.725,41.038,Idle
0.323,0.094,0.328,40.435,11.725,41.038,Idle
0.714,0.094,0.328,89.290,11.725,41.038,Idle
1.105,0.094,0.328,138.145,11.725,41.038,Idle
1.495,0.094,0.328,187.000,11.725,41.038,Idle
1.886,0.094,0.328,235.855,11.725,41.038,Idle
-1.724,0.094,0.328,-215.565,11.725,41.038,Idle
-1.333,0.094,0.328,-166.710,11.725,41.038,Idle
-0.942,0.094,0.328,-117.855,11.725,41.038,Idle
-0.552,0.094,0.328,-69.000,11.725,41.038,Idle
-0.161,0.094,0.328,-20.145,11.725,41.038,Idle
0.230,0.094,0.328,28.718,11.725,41.038,Idle
0.620,0.094,0.328,77.573,11.725,41.038,Idle
1.011,0.094,0.328,126.427,11.725,41.038,Idle
1.401,0.094,0.328,175.282,11.725,41.038,Idle
1.792,0.094,0.328,224.137,11.725,41.038,Idle
-1.817,0.094,0.328,-227.282,11.725,41.038,Idle
-1.427,0.094,0.328,-178.427,11.725,41.038,Idle
-1.036,0.094,0.328,-129.573,11.725,41.038,Idle
-0.645,0.094,0.328,-80.718,11.725,41.038,Idle
-0.255,0.094,0.328,-31.863,11.725,41.038,Idle
0.136,0.094,0.328,17.000,11.725,41.038,Idle
0.527,0.094,0.328,65.855,11.725,41.038,Idle
0.917,0.094,0.328,114.710,11.725,41.038,Idle
1.308,0.094,0.328,163.565,11.725,41.038,Idle
1.698,0.094,0.328,212.420,11.725,41.038,Idle
-1.911,0.094,0.328,-239.000,11.725,41.038,Idle
-1.520,0.094,0.328,-190.145,11.725,41.038,Idle
-1.130,0.094,0.328,-141.290,11.725,41.038,Idle
-0.739,0.094,0.328,-92.435,11.725,41.038,Idle
-0.348,0.094,0.328,-43.580,11.725,41.038,Idle
0.042,0.094,0.328,5.282,11.725,41.038,Idle
0.417,0.094,0.328,52.183,11.725,41.038,Idle
0.808,0.094,0.328,101.038,11.725,41.038,Idle
1.198,0.094,0.328,149.893,11.725,41.038,Idle
1.589,0.094,0.328,198.748,11.725,41.038,Idle
1.980,0.094,0.328,247.603,11.725,41.038,Idle
-1.630,0.094,0.328,-203.817,11.725,41.038,Idle
-1.239,0.094,0.328,-154.962,11.725,41.038,Idle
-0.848,0.094,0.328,-106.107,11.725,41.038,Idle
-0.458,0.094,0.328,-57.252,11.725,41.038,Idle
-0.067,0.094,0.328,-8.397,11.725,41.038,Idle
0.324,0.094,0.328,40.466,11.725,41.038,Idle
0.714,0.094,0.328,89.321,11.725,41.038,Idle
1.105,0.094,0.328,138.176,11.725,41.038,Idle
1.495,0.094,0.328,187.031,11.725,41.038,Idle
1.886,0.094,0.328,235.885,11.725,41.038,Idle
-1.723,0.094,0.328,-215.534,11.725,41.038,Idle
-1.333,0.094,0.328,-166.679,11.725,41.038,Idle
-0.942,0.094,0.328,-117.824,11.725,41.038,Idle
-0.551,0.094,0.328,-68.969,11.725,41.038,Idle
-0.161,0.094,0.328,-20.115,11.725,41.038,Idle
0.230,0.094,0.328,28.748,11.725,41.038,Idle
0.620,0.094,0.328,77.603,11.725,41.038,Idle
1.011,0.094,0.328,126.458,11.725,41.038,Idle
1.402,0.094,0.328,175.313,11.725,41.038,Idle
1.792,0.094,0.328,224.168,11.725,41.038,Idle
-1.817,0.094,0.328,-227.252,11.725,41.038,Idle
-1.426,0.094,0.328,-178.397,11.725,41.038,Idle
-1.036,0.094,0.328,-129.542,11.725,41.038,Idle
-0.645,0.094,0.328,-80.687,11.725,41.038,Idle
-0.255,0.094,0.328,-31.832,11.725,41.038,Idle
0.136,0.094,0.328,17.031,11.725,41.038,Idle
0.527,0.094,0.328,65.885,11.725,41.038,Idle
0.917,0.094,0.328,114.740,11.725,41.038,Idle
1.308,0.094,0.328,163.595,11.725,41.038,Idle
1.699,0.094,0.328,212.450,11.725,41.038,Idle
-1.911,0.094,0.328,-238.969,11.725,41.038,Idle
-1.520,0.094,0.328,-190.115,11.725,41.038,Idle
-1.129,0.094,0.328,-141.260,11.725,41.038,Idle
-0.739,0.094,0.328,-92.405,11.725,41.038,Idle
-0.348,0.094,0.328,-43.550,11.725,41.038,Idle
0.042,0.094,0.328,5.313,11.725,41.038,Idle
0.417,0.094,0.328,52.214,11.725,41.038,Idle
0.808,0.094,0.328,101.069,11.725,41.038,Idle
1.199,0.094,0.328,149.924,11.725,41.038,Idle
1.589,0.094,0.328,198.779,11.725,41.038,Idle
1.980,0.094,0.328,247.634,11.725,41.038,Idle
-1.629,0.094,0.328,-203.786,11.725,41.038,Idle
-1.239,0.094,0.328,-154.931,11.725,41.038,Idle
-0.848,0.094,0.328,-106.076,11.725,41.038,Idle
-0.458,0.094,0.328,-57.221,11.725,41.038,Idle
-0.067,0.094,0.328,-8.366,11.725,41.038,Idle
0.324,0.094,0.328,40.496,11.725,41.038,Idle
0.714,0.094,0.328,89.351,11.725,41.038,Idle
1.105,0.094,0.328,138.206,11.725,41.038,Idle
1.496,0.094,0.328,187.061,11.725,41.038,Idle
1.886,0.094,0.328,235.916,11.725,41.038,Idle
-1.723,0.094,0.328,-215.504,11.725,41.038,Idle
-1.332,0.094,0.328,-166.649,11.725,41.038,Idle
-0.942,0.094,0.328,-117.794,11.725,41.038,Idle
-0.551,0.094,0.328,-68.939,11.725,41.038,Idle
-0.161,0.094,0.328,-20.084,11.725,41.038,Idle
0.230,0.094,0.328,28.779,11.725,41.038,Idle
0.621,0.094,0.328,77.634,11.725,41.038,Idle
1.011,0.094,0.328,126.489,11.725,41.038,Idle
1.402,0.094,0.328,175.344,11.725,41.038,Idle
1.793,0.094,0.328,224.198,11.725,41.038,Idle
-1.817,0.094,0.328,-227.221,11.725,41.038,Idle
-1.426,0.094,0.328,-178.366,11.725,41.038,Idle
-1.036,0.094,0.328,-129.511,11.725,41.038,Idle
-0.645,0.094,0.328,-80.656,11.725,41.038,Idle
-0.254,0.094,0.328,-31.802,11.725,41.038,Idle
0.136,0.094,0.328,17.061,11.725,41.038,Idle
0.527,0.094,0.328,65.916,11.725,41.038,Idle
0.918,0.094,0.328,114.771,11.725,41.038,Idle
1.308,0.094,0.328,163.626,11.725,41.038,Idle
1.699,0.094,0.328,212.481,11.725,41.038,Idle
-1.910,0.094,0.328,-238.939,11.725,41.038,Idle
-1.520,0.094,0.328,-190.084,11.725,41.038,Idle
-1.129,0.094,0.328,-141.229,11.725,41.038,Idle
-0.739,0.094,0.328,-92.374,11.725,41.038,Idle
-0.348,0.094,0.328,-43.519,11.725,41.038,Idle
0.043,0.094,0.328,5.344,11.725,41.038,Idle
0.418,0.094,0.328,52.244,11.725,41.038,Idle
0.808,0.094,0.328,101.099,11.725,41.038,Idle
1.199,0.094,0.328,149.954,11.725,41.038,Idle
1.590,0.094,0.328,198.809,11.725,41.038,Idle
1.980,0.094,0.328,247.664,11.725,41.038,Idle
-1.629,0.094,0.328,-203.756,11.725,41.038,Idle
-1.239,0.094,0.328,-154.901,11.725,41.038,Idle
-0.848,0.094,0.328,-106.046,11.725,41.038,Idle
-0.457,0.094,0.328,-57.191,11.725,41.038,Idle
-0.067,0.094,0.328,-8.336,11.725,41.038,Idle
0.324,0.094,0.328,40.527,11.725,41.038,Idle
0.715,0.094,0.328,89.382,11.725,41.038,Idle
1.105,0.094,0.328,138.237,11.725,41.038,Idle
1.496,0.094,0.328,187.092,11.725,41.038,Idle
1.887,0.094,0.328,235.947,11.725,41.038,Idle
-1.723,0.094,0.328,-215.473,11.725,41.038,Idle
-1.332,0.094,0.328,-166.618,11.725,41.038,Idle
-0.942,0.094,0.328,-117.763,11.725,41.038,Idle
-0.551,0.094,0.328,-68.908,11.725,41.038,Idle
-0.160,0.094,0.328,-20.053,11.725,41.038,Idle
0.230,0.094,0.328,28.809,11.725,41.038,Idle
0.621,0.094,0.328,77.664,11.725,41.038,Idle
1.012,0.094,0.328,126.519,11.725,41.038,Idle
1.402,0.094,0.328,175.374,11.725,41.038,Idle
1.793,0.094,0.328,224.229,11.725,41.038,Idle
-1.817,0.094,0.328,-227.191,11.725,41.038,Idle
-1.426,0.094,0.328,-178.336,11.725,41.038,Idle
-1.035,0.094,0.328,-129.481,11.725,41.038,Idle
-0.645,0.094,0.328,-80.626,11.725,41.038,Idle
-0.254,0.094,0.328,-31.771,11.725,41.038,Idle
0.137,0.094,0.328,17.092,11.725,41.038,Idle
0.527,0.094,0.328,65.947,11.725,41.038,Idle
0.918,0.094,0.328,114.802,11.725,41.038,Idle
1.309,0.094,0.328,163.656,11.725,41.038,Idle
1.699,0.094,0.328,212.511,11.725,41.038,Idle
-1.910,0.094,0.328,-238.908,11.725,41.038,Idle
-1.520,0.094,0.328,-190.053,11.725,41.038,Idle
-1.129,0.094,0.328,-141.198,11.725,41.038,Idle
-0.738,0.094,0.328,-92.344,11.725,41.038,Idle
-0.348,0.094,0.328,-43.489,11.725,41.038,Idle
0.043,0.094,0.328,5.374,11.725,41.038,Idle
0.418,0.094,0.328,52.275,11.725,41.038,Idle
0.809,0.094,0.328,101.130,11.725,41.038,Idle
1.199,0.094,0.328,149.985,11.725,41.038,Idle
1.590,0.094,0.328,198.840,11.725,41.038,Idle
1.980,0.094,0.328,247.695,11.725,41.038,Idle
-1.629,0.094,0.328,-203.725,11.725,41.038,Idle
-1.238,0.094,0.328,-154.870,11.725,41.038,Idle
-0.848,0.094,0.328,-106.015,11.725,41.038,Idle
-0.457,0.094,0.328,-57.160,11.725,41.038,Idle
-0.066,0.094,0.328,-8.305,11.725,41.038,Idle
0.324,0.094,0.328,40.557,11.725,41.038,Idle
0.715,0.094,0.328,89.412,11.725,41.038,Idle
1.106,0.094,0.328,138.267,11.725,41.038,Idle
1.496,0.094,0.328,187.122,11.725,41.038,Idle
1.887,0.094,0.328,235.977,11.725,41.038,Idle
-1.723,0.094,0.328,-215.443,11.725,41.038,Idle
-1.332,0.094,0.328,-166.588,11.725,41.038,Idle
-0.941,0.094,0.328,-117.733,11.725,41.038,Idle
-0.551,0.094,0.328,-68.878,11.725,41.038,Idle
-0.160,0.094,0.328,-20.023,11.725,41.038,Idle
0.231,0.094,0.328,28.840,11.725,41.038,Idle
0.621,0.094,0.328,77.695,11.725,41.038,Idle
1.012,0.094,0.328,126.550,11.725,41.038,Idle
1.402,0.094,0.328,175.405,11.725,41.038,Idle
1.793,0.094,0.328,224.260,11.725,41.038,Idle
-1.816,0.094,0.328,-227.160,11.725,41.038,Idle
-1.426,0.094,0.328,-178.305,11.725,41.038,Idle
-1.035,0.094,0.328,-129.450,11.725,41.038,Idle
-0.644,0.094,0.328,-80.595,11.725,41.038,Idle
-0.254,0.094,0.328,-31.740,11.725,41.038,Idle
0.137,0.094,0.328,17.122,11.725,41.038,Idle
0.528,0.094,0.328,65.977,11.725,41.038,Idle
0.918,0.094,0.328,114.832,11.725,41.038,Idle
1.309,0.094,0.328,163.687,11.725,41.038,Idle
1.699,0.094,0.328,212.542,11.725,41.038,Idle
-1.910,0.094,0.328,-238.878,11.725,41.038,Idle
-1.519,0.094,0.328,-190.023,11.725,41.038,Idle
-1.129,0.094,0.328,-141.168,11.725,41.038,Idle
-0.738,0.094,0.328,-92.313,11.725,41.038,Idle
-0.347,0.094,0.328,-43.458,11.725,41.038,Idle
0.043,0.094,0.328,5.405,11.725,41.038,Idle
0.418,0.094,0.328,52.305,11.725,41.038,Idle
0.809,0.094,0.328,101.160,11.725,41.038,Idle
1.199,0.094,0.328,150.015,11.725,41.038,Idle
1.590,0.094,0.328,198.870,11.725,41.038,Idle
1.981,0.094,0.328,247.725,11.725,41.038,Idle
-1.629,0.094,0.328,-203.695,11.725,41.038,Idle
-1.238,0.094,0.328,-154.840,11.725,41.038,Idle
-0.847,0.094,0.328,-105.985,11.725,41.038,Idle
-0.457,0.094,0.328,-57.130,11.725,41.038,Idle
-0.066,0.094,0.328,-8.275,11.725,41.038,Idle
0.325,0.094,0.328,40.588,11.725,41.038,Idle
0.715,0.094,0.328,89.443,11.725,41.038,Idle
1.106,0.094,0.328,138.298,11.725,41.038,Idle
1.496,0.094,0.328,187.153,11.725,41.038,Idle
1.887,0.094,0.328,236.008,11.725,41.038,Idle
-1.722,0.094,0.328,-215.412,11.725,41.038,Idle
-1.332,0.094,0.328,-166.557,11.725,41.038,Idle
-0.941,0.094,0.328,-117.702,11.725,41.038,Idle
-0.550,0.094,0.328,-68.847,11.725,41.038,Idle
-0.160,0.094,0.328,-19.992,11.725,41.038,Idle
0.231,0.094,0.328,28.870,11.725,41.038,Idle
0.621,0.094,0.328,77.725,11.725,41.038,Idle
1.012,0.094,0.328,126.580,11.725,41.038,Idle
1.403,0.094,0.328,175.435,11.725,41.038,Idle
1.793,0.094,0.328,224.290,11.725,41.038,Idle
-1.816,0.094,0.328,-227.130,11.725,41.038,Idle
-1.425,0.094,0.328,-178.275,11.725,41.038,Idle
-1.035,0.094,0.328,-129.420,11.725,41.038,Idle
-0.644,0.094,0.328,-80.565,11.725,41.038,Idle
-0.254,0.094,0.328,-31.710,11.725,41.038,Idle
0.137,0.094,0.328,17.153,11.725,41.038,Idle
0.528,0.094,0.328,66.008,11.725,41.038,Idle
0.918,0.094,0.328,114.863,11.725,41.038,Idle
1.309,0.094,0.328,163.718,11.725,41.038,Idle
1.700,0.094,0.328,212.573,11.725,41.038,Idle
-1.910,0.094,0.328,-238.847,11.725,41.038,Idle
-1.519,0.094,0.328,-189.992,11.725,41.038,Idle
-1.128,0.094,0.328,-141.137,11.725,41.038,Idle
-0.738,0.094,0.328,-92.282,11.725,41.038,Idle
-0.347,0.094,0.328,-43.427,11.725,41.038,Idle
0.043,0.094,0.328,5.435,11.725,41.038,Idle
0.418,0.094,0.328,52.336,11.725,41.038,Idle
0.809,0.094,0.328,101.191,11.725,41.038,Idle
1.200,0.094,0.328,150.046,11.725,41.038,Idle
1.590,0.094,0.328,198.901,11.725,41.038,Idle
1.981,0.094,0.328,247.756,11.725,41.038,Idle
-1.628,0.094,0.328,-203.664,11.725,41.038,Idle
-1.238,0.094,0.328,-154.809,11.725,41.038,Idle
-0.847,0.094,0.328,-105.954,11.725,41.038,Idle
-0.457,0.094,0.328,-57.099,11.725,41.038,Idle
-0.066,0.094,0.328,-8.244,11.725,41.038,Idle
0.325,0.094,0.328,40.618,11.725,41.038,Idle
0.715,0.094,0.328,89.473,11.725,41.038,Idle
1.106,0.094,0.328,138.328,11.725,41.038,Idle
1.497,0.094,0.328,187.183,11.725,41.038,Idle
1.887,0.094,0.328,236.038,11.725,41.038,Idle
-1.722,0.094,0.328,-215.382,11.725,41.038,Idle
-1.331,0.094,0.328,-166.527,11.725,41.038,Idle
-0.941,0.094,0.328,-117.672,11.725,41.038,Idle
-0.550,0.094,0.328,-68.817,11.725,41.038,Idle
-0.160,0.094,0.328,-19.962,11.725,41.038,Idle
0.231,0.094,0.328,28.901,11.725,41.038,Idle
0.622,0.094,0.328,77.756,11.725,41.038,Idle
1.012,0.094,0.328,126.611,11.725,41.038,Idle
1.403,0.094,0.328,175.466,11.725,41.038,Idle
1.794,0.094,0.328,224.321,11.725,41.038,Idle
-1.816,0.094,0.328,-227.099,11.725,41.038,Idle
-1.425,0.094,0.328,-178.244,11.725,41.038,Idle
-1.035,0.094,0.328,-129.389,11.725,41.038,Idle
-0.644,0.094,0.328,-80.534,11.725,41.038,Idle
-0.253,0.094,0.328,-31.679,11.725,41.038,Idle
0.137,0.094,0.328,17.183,11.725,41.038,Idle
0.528,0.094,0.328,66.038,11.725,41.038,Idle
0.919,0.094,0.328,114.893,11.725,41.038,Idle
1.309,0.094,0.328,163.748,11.725,41.038,Idle
1.700,0.094,0.328,212.603,11.725,41.038,Idle
-1.909,0.094,0.328,-238.817,11.725,41.038,Idle
-1.519,0.094,0.328,-189.962,11.725,41.038,Idle
-1.128,0.094,0.328,-141.107,11.725,41.038,Idle
-0.738,0.094,0.328,-92.252,11.725,41.038,Idle
-0.347,0.094,0.328,-43.397,11.725,41.038,Idle
0.044,0.094,0.328,5.466,11.725,41.038,Idle
0.419,0.094,0.328,52.366,11.725,41.038,Idle
0.809,0.094,0.328,101.221,11.725,41.038,Idle
1.200,0.094,0.328,150.076,11.725,41.038,Idle
1.591,0.094,0.328,198.931,11.725,41.038,Idle
1.981,0.094,0.328,247.786,11.725,41.038,Idle
-1.628,0.094,0.328,-203.634,11.725,41.038,Idle
-1.238,0.094,0.328,-154.779,11.725,41.038,Idle
-0.847,0.094,0.328,-105.924,11.725,41.038,Idle
-0.456,0.094,0.328,-57.069,11.725,41.038,Idle
-0.066,0.094,0.328,-8.214,11.725,41.038,Idle
0.325,0.094,0.328,40.649,11.725,41.038,Idle
0.716,0.094,0.328,89.504,11.725,41.038,Idle
1.106,0.094,0.328,138.359,11.725,41.038,Idle
1.497,0.094,0.328,187.214,11.725,41.038,Idle
1.888,0.094,0.328,236.069,11.725,41.038,Idle
-1.722,0.094,0.328,-215.351,11.725,41.038,Idle
-1.331,0.094,0.328,-166.496,11.725,41.038,Idle
-0.941,0.094,0.328,-117.641,11.725,41.038,Idle
-0.550,0.094,0.328,-68.786,11.725,41.038,Idle
-0.159,0.094,0.328,-19.931,11.725,41.038,Idle
0.231,0.094,0.328,28.931,11.725,41.038,Idle
0.622,0.094,0.328,77.786,11.725,41.038,Idle
1.013,0.094,0.328,126.641,11.725,41.038,Idle
1.403,0.094,0.328,175.496,11.725,41.038,Idle
1.794,0.094,0.328,224.351,11.725,41.038,Idle
-1.816,0.094,0.328,-227.069,11.725,41.038,Idle
-1.425,0.094,0.328,-178.214,11.725,41.038,Idle
-1.034,0.094,0.328,-129.359,11.725,41.038,Idle
-0.644,0.094,0.328,-80.504,11.725,41.038,Idle
-0.253,0.094,0.328,-31.649,11.725,41.038,Idle
0.138,0.094,0.328,17.214,11.725,41.038,Idle
0.528,0.094,0.328,66.069,11.725,41.038,Idle
0.919,0.094,0.328,114.924,11.725,41.038,Idle
1.310,0.094,0.328,163.779,11.725,41.038,Idle
1.700,0.094,0.328,212.634,11.725,41.038,Idle
-1.909,0.094,0.328,-238.786,11.725,41.038,Idle
-1.519,0.094,0.328,-189.931,11.725,41.038,Idle
-1.128,0.094,0.328,-141.076,11.725,41.038,Idle
-0.737,0.094,0.328,-92.221,11.725,41.038,Idle
-0.347,0.094,0.328,-43.366,11.725,41.038,Idle
0.044,0.094,0.328,5.496,11.725,41.038,Idle
0.419,0.094,0.328,52.397,11.725,41.038,Idle
0.810,0.094,0.328,101.252,11.725,41.038,Idle
1.200,0.094,0.328,150.107,11.725,41.038,Idle
1.591,0.094,0.328,198.962,11.725,41.038,Idle
1.981,0.094,0.328,247.817,11.725,41.038,Idle
-1.628,0.094,0.328,-203.603,11.725,41.038,Idle
-1.237,0.094,0.328,-154.748,11.725,41.038,Idle
-0.847,0.094,0.328,-105.893,11.725,41.038,Idle
-0.456,0.094,0.328,-57.038,11.725,41.038,Idle
-0.065,0.094,0.328,-8.183,11.725,41.038,Idle
0.325,0.094,0.328,40.679,11.725,41.038,Idle
0.716,0.094,0.328,89.534,11.725,41.038,Idle
1.107,0.094,0.328,138.389,11.725,41.038,Idle
1.497,0.094,0.328,187.244,11.725,41.038,Idle
1.888,0.094,0.328,236.099,11.725,41.038,Idle
-1.722,0.094,0.328,-215.321,11.725,41.038,Idle
-1.331,0.094,0.328,-166.466,11.725,41.038,Idle
-0.940,0.094,0.328,-117.611,11.725,41.038,Idle
-0.550,0.094,0.328,-68.756,11.725,41.038,Idle
-0.159,0.094,0.328,-19.901,11.725,41.038,Idle
0.232,0.094,0.328,28.962,11.725,41.038,Idle
0.622,0.094,0.328,77.817,11.725,41.038,Idle
1.013,0.094,0.328,126.672,11.725,41.038,Idle
1.403,0.094,0.328,175.527,11.725,41.038,Idle
1.794,0.094,0.328,224.382,11.725,41.038,Idle
-1.815,0.094,0.328,-227.038,11.725,41.038,Idle
-1.425,0.094,0.328,-178.183,11.725,41.038,Idle
-1.034,0.094,0.328,-129.328,11.725,41.038,Idle
-0.643,0.094,0.328,-80.473,11.725,41.038,Idle
-0.253,0.094,0.328,-31.618,11.725,41.038,Idle
0.138,0.094,0.328,17.244,11.725,41.038,Idle
0.529,0.094,0.328,66.099,11.725,41.038,Idle
0.919,0.094,0.328,114.954,11.725,41.038,Idle
1.310,0.094,0.328,163.809,11.725,41.038,Idle
1.700,0.094,0.328,212.664,11.725,41.038,Idle
-1.909,0.094,0.328,-238.756,11.725,41.038,Idle
-1.518,0.094,0.328,-189.901,11.725,41.038,Idle
-1.128,0.094,0.328,-141.046,11.725,41.038,Idle
-0.737,0.094,0.328,-92.191,11.725,41.038,Idle
-0.346,0.094,0.328,-43.336,11.725,41.038,Idle
0.044,0.094,0.328,5.527,11.725,41.038,Idle
0.419,0.094,0.328,52.427,11.725,41.038,Idle
0.810,0.094,0.328,101.282,11.725,41.038,Idle
1.200,0.094,0.328,150.137,11.725,41.038,Idle
1.591,0.094,0.328,198.992,11.725,41.038,Idle
1.982,0.094,0.328,247.847,11.725,41.038,Idle
-1.628,0.094,0.328,-203.573,11.725,41.038,Idle
-1.237,0.094,0.328,-154.718,11.725,41.038,Idle
-0.846,0.094,0.328,-105.863,11.725,41.038,Idle
-0.456,0.094,0.328,-57.008,11.725,41.038,Idle
-0.065,0.094,0.328,-8.153,11.725,41.038,Idle
0.326,0.094,0.328,40.710,11.725,41.038,Idle
0.716,0.094,0.328,89.565,11.725,41.038,Idle
1.107,0.094,0.328,138.420,11.725,41.038,Idle
1.497,0.094,0.328,187.275,11.725,41.038,Idle
1.888,0.094,0.328,236.130,11.725,41.038,Idle
-1.721,0.094,0.328,-215.290,11.725,41.038,Idle
-1.331,0.094,0.328,-166.435,11.725,41.038,Idle
-0.940,0.094,0.328,-117.580,11.725,41.038,Idle
-0.549,0.094,0.328,-68.725,11.725,41.038,Idle
-0.159,0.094,0.328,-19.870,11.725,41.038,Idle
0.232,0.094,0.328,28.992,11.725,41.038,Idle
0.622,0.094,0.328,77.847,11.725,41.038,Idle
1.013,0.094,0.328,126.702,11.725,41.038,Idle
1.404,0.094,0.328,175.557,11.725,41.038,Idle
1.794,0.094,0.328,224.412,11.725,41.038,Idle
-1.815,0.094,0.328,-227.008,11.725,41.038,Idle
-1.424,0.094,0.328,-178.153,11.725,41.038,Idle
-1.034,0.094,0.328,-129.298,11.725,41.038,Idle
-0.643,0.094,0.328,-80.443,11.725,41.038,Idle
-0.253,0.094,0.328,-31.588,11.725,41.038,Idle
0.138,0.094,0.328,17.275,11.725,41.038,Idle
0.529,0.094,0.328,66.130,11.725,41.038,Idle
0.919,0.094,0.328,114.985,11.725,41.038,Idle
1.310,0.094,0.328,163.840,11.725,41.038,Idle
1.701,0.094,0.328,212.695,11.725,41.038,Idle
-1.909,0.094,0.328,-238.725,11.725,41.038,Idle
-1.518,0.094,0.328,-189.870,11.725,41.038,Idle
-1.128,0.094,0.328,-141.015,11.725,41.038,Idle
-0.737,0.094,0.328,-92.160,11.725,41.038,Idle
-0.346,0.094,0.328,-43.305,11.725,41.038,Idle
0.044,0.094,0.328,5.557,11.725,41.038,Idle
0.419,0.094,0.328,52.458,11.725,41.038,Idle
0.810,0.094,0.328,101.313,11.725,41.038,Idle
1.201,0.094,0.328,150.168,11.725,41.038,Idle
1.591,0.094,0.328,199.023,11.725,41.038,Idle
1.982,0.094,0.328,247.878,11.725,41.038,Idle
-1.627,0.094,0.328,-203.542,11.725,41.038,Idle
-1.237,0.094,0.328,-154.687,11.725,41.038,Idle
-0.846,0.094,0.328,-105.832,11.725,41.038,Idle
-0.456,0.094,0.328,-56.977,11.725,41.038,Idle
-0.065,0.094,0.328,-8.122,11.725,41.038,Idle
0.326,0.094,0.328,40.740,11.725,41.038,Idle
0.716,0.094,0.328,89.595,11.725,41.038,Idle
1.107,0.094,0.328,138.450,11.725,41.038,Idle
1.498,0.094,0.328,187.305,11.725,41.038,Idle
1.888,0.094,0.328,236.160,11.725,41.038,Idle
-1.721,0.094,0.328,-215.260,11.725,41.038,Idle
-1.331,0.094,0.328,-166.405,11.725,41.038,Idle
-0.940,0.094,0.328,-117.550,11.725,41.038,Idle
-0.549,0.094,0.328,-68.695,11.725,41.038,Idle
-0.159,0.094,0.328,-19.840,11.725,41.038,Idle
0.232,0.094,0.328,29.023,11.725,41.038,Idle
0.623,0.094,0.328,77.878,11.725,41.038,Idle
1.013,0.094,0.328,126.733,11.725,41.038,Idle
1.404,0.094,0.328,175.588,11.725,41.038,Idle
1.795,0.094,0.328,224.443,11.725,41.038,Idle
-1.815,0.094,0.328,-226.977,11.725,41.038,Idle
-1.424,0.094,0.328,-178.122,11.725,41.038,Idle
-1.034,0.094,0.328,-129.267,11.725,41.038,Idle
-0.643,0.094,0.328,-80.412,11.725,41.038,Idle
-0.252,0.094,0.328,-31.557,11.725,41.038,Idle
0.138,0.094,0.328,17.305,11.725,41.038,Idle
0.529,0.094,0.328,66.160,11.725,41.038,Idle
0.920,0.094,0.328,115.015,11.725,41.038,Idle
1.310,0.094,0.328,163.870,11.725,41.038,Idle
1.701,0.094,0.328,212.725,11.725,41.038,Idle
-1.909,0.094,0.328,-238.695,11.725,41.038,Idle
-1.518,0.094,0.328,-189.840,11.725,41.038,Idle
-1.127,0.094,0.328,-140.985,11.725,41.038,Idle
-0.737,0.094,0.328,-92.130,11.725,41.038,Idle
-0.346,0.094,0.328,-43.275,11.725,41.038,Idle
0.045,0.094,0.328,5.588,11.725,41.038,Idle
0.420,0.094,0.328,52.489,11.725,41.038,Idle
0.810,0.094,0.328,101.344,11.725,41.038,Idle
1.201,0.094,0.328,150.198,11.725,41.038,Idle
1.592,0.094,0.328,199.053,11.725,41.038,Idle
1.982,0.094,0.328,247.908,11.725,41.038,Idle
-1.627,0.094,0.328,-203.511,11.725,41.038,Idle
-1.237,0.094,0.328,-154.656,11.725,41.038,Idle
-0.846,0.094,0.328,-105.802,11.725,41.038,Idle
-0.455,0.094,0.328,-56.947,11.725,41.038,Idle
-0.065,0.094,0.328,-8.092,11.725,41.038,Idle
0.326,0.094,0.328,40.771,11.725,41.038,Idle
0.717,0.094,0.328,89.626,11.725,41.038,Idle
1.107,0.094,0.328,138.481,11.725,41.038,Idle
1.498,0.094,0.328,187.336,11.725,41.038,Idle
1.888,0.094,0.328,236.191,11.725,41.038,Idle
-1.721,0.094,0.328,-215.229,11.725,41.038,Idle
-1.330,0.094,0.328,-166.374,11.725,41.038,Idle
-0.940,0.094,0.328,-117.519,11.725,41.038,Idle
-0.549,0.094,0.328,-68.664,11.725,41.038,Idle
-0.158,0.094,0.328,-19.809,11.725,41.038,Idle
0.232,0.094,0.328,29.053,11.725,41.038,Idle
0.623,0.094,0.328,77.908,11.725,41.038,Idle
1.014,0.094,0.328,126.763,11.725,41.038,Idle
1.404,0.094,0.328,175.618,11.725,41.038,Idle
1.795,0.094,0.328,224.473,11.725,41.038,Idle
-1.815,0.094,0.328,-226.947,11.725,41.038,Idle
-1.424,0.094,0.328,-178.092,11.725,41.038,Idle
-1.033,0.094,0.328,-129.237,11.725,41.038,Idle
-0.643,0.094,0.328,-80.382,11.725,41.038,Idle
-0.252,0.094,0.328,-31.527,11.725,41.038,Idle
0.139,0.094,0.328,17.336,11.725,41.038,Idle
0.529,0.094,0.328,66.191,11.725,41.038,Idle
0.920,0.094,0.328,115.046,11.725,41.038,Idle
1.310,0.094,0.328,163.901,11.725,41.038,Idle
1.701,0.094,0.328,212.756,11.725,41.038,Idle
-1.908,0.094,0.328,-238.664,11.725,41.038,Idle
-1.518,0.094,0.328,-189.809,11.725,41.038,Idle
-1.127,0.094,0.328,-140.954,11.725,41.038,Idle
-0.736,0.094,0.328,-92.099,11.725,41.038,Idle
-0.346,0.094,0.328,-43.244,11.725,41.038,Idle
0.045,0.094,0.328,5.618,11.725,41.038,Idle
0.420,0.094,0.328,52.519,11.725,41.038,Idle
0.811,0.094,0.328,101.374,11.725,41.038,Idle
1.201,0.094,0.328,150.229,11.725,41.038,Idle
1.592,0.094,0.328,199.084,11.725,41.038,Idle
1.982,0.094,0.328,247.939,11.725,41.038,Idle
-1.627,0.094,0.328,-203.481,11.725,41.038,Idle
-1.236,0.094,0.328,-154.626,11.725,41.038,Idle
-0.846,0.094,0.328,-105.771,11.725,41.038,Idle
-0.455,0.094,0.328,-56.916,11.725,41.038,Idle
-0.064,0.094,0.328,-8.061,11.725,41.038,Idle
0.326,0.094,0.328,40.802,11.725,41.038,Idle
0.717,0.094,0.328,89.656,11.725,41.038,Idle
1.107,0.094,0.328,138.511,11.725,41.038,Idle
1.498,0.094,0.328,187.366,11.725,41.038,Idle
1.889,0.094,0.328,236.221,11.725,41.038,Idle
-1.721,0.094,0.328,-215.198,11.725,41.038,Idle
-1.330,0.094,0.328,-166.344,11.725,41.038,Idle
-0.939,0.094,0.328,-117.489,11.725,41.038,Idle
-0.549,0.094,0.328,-68.634,11.725,41.038,Idle
-0.158,0.094,0.328,-19.779,11.725,41.038,Idle
0.233,0.094,0.328,29.084,11.725,41.038,Idle
0.623,0.094,0.328,77.939,11.725,41.038,Idle
1.014,0.094,0.328,126.794,11.725,41.038,Idle
1.404,0.094,0.328,175.649,11.725,41.038,Idle
1.795,0.094,0.328,224.504,11.725,41.038,Idle
-1.814,0.094,0.328,-226.916,11.725,41.038,Idle
-1.424,0.094,0.328,-178.061,11.725,41.038,Idle
-1.033,0.094,0.328,-129.206,11.725,41.038,Idle
-0.642,0.094,0.328,-80.351,11.725,41.038,Idle
-0.252,0.094,0.328,-31.496,11.725,41.038,Idle
0.139,0.094,0.328,17.366,11.725,41.038,Idle
0.529,0.094,0.328,66.221,11.725,41.038,Idle
0.920,0.094,0.328,115.076,11.725,41.038,Idle
1.311,0.094,0.328,163.931,11.725,41.038,Idle
1.701,0.094,0.328,212.786,11.725,41.038,Idle
-1.908,0.094,0.328,-238.634,11.725,41.038,Idle
-1.517,0.094,0.328,-189.779,11.725,41.038,Idle
-1.127,0.094,0.328,-140.924,11.725,41.038,Idle
-0.736,0.094,0.328,-92.069,11.725,41.038,Idle
-0.346,0.094,0.328,-43.214,11.725,41.038,Idle
0.045,0.094,0.328,5.649,11.725,41.038,Idle
0.420,0.094,0.328,52.550,11.725,41.038,Idle
0.811,0.094,0.328,101.405,11.725,41.038,Idle
1.201,0.094,0.328,150.260,11.725,41.038,Idle
1.592,0.094,0.328,199.115,11.725,41.038,Idle
1.983,0.094,0.328,247.969,11.725,41.038,Idle
-1.627,0.094,0.328,-203.450,11.725,41.038,Idle
-1.236,0.094,0.328,-154.595,11.725,41.038,Idle
-0.845,0.094,0.328,-105.740,11.725,41.038,Idle
-0.455,0.094,0.328,-56.885,11.725,41.038,Idle
-0.064,0.094,0.328,-8.031,11.725,41.038,Idle
0.326,0.094,0.328,40.832,11.725,41.038,Idle
0.717,0.094,0.328,89.687,11.725,41.038,Idle
1.108,0.094,0.328,138.542,11.725,41.038,Idle
1.498,0.094,0.328,187.397,11.725,41.038,Idle
1.889,0.094,0.328,236.252,11.725,41.038,Idle
-1.720,0.094,0.328,-215.168,11.725,41.038,Idle
-1.330,0.094,0.328,-166.313,11.725,41.038,Idle
-0.939,0.094,0.328,-117.458,11.725,41.038,Idle
-0.549,0.094,0.328,-68.603,11.725,41.038,Idle
-0.158,0.094,0.328,-19.748,11.725,41.038,Idle
0.233,0.094,0.328,29.115,11.725,41.038,Idle
0.623,0.094,0.328,77.969,11.725,41.038,Idle
1.014,0.094,0.328,126.824,11.725,41.038,Idle
1.405,0.094,0.328,175.679,11.725,41.038,Idle
1.795,0.094,0.328,224.534,11.725,41.038,Idle
-1.814,0.094,0.328,-226.885,11.725,41.038,Idle
-1.423,0.094,0.328,-178.031,11.725,41.038,Idle
-1.033,0.094,0.328,-129.176,11.725,41.038,Idle
-0.642,0.094,0.328,-80.321,11.725,41.038,Idle
-0.252,0.094,0.328,-31.466,11.725,41.038,Idle
0.139,0.094,0.328,17.397,11.725,41.038,Idle
0.530,0.094,0.328,66.252,11.725,41.038,Idle
0.920,0.094,0.328,115.107,11.725,41.038,Idle
1.311,0.094,0.328,163.962,11.725,41.038,Idle
1.702,0.094,0.328,212.817,11.725,41.038,Idle
-1.908,0.094,0.328,-238.603,11.725,41.038,Idle
-1.517,0.094,0.328,-189.748,11.725,41.038,Idle
-1.127,0.094,0.328,-140.893,11.725,41.038,Idle
-0.736,0.094,0.328,-92.038,11.725,41.038,Idle
-0.345,0.094,0.328,-43.183,11.725,41.038,Idle
0.045,0.094,0.328,5.679,11.725,41.038,Idle
0.420,0.094,0.328,52.580,11.725,41.038,Idle
0.811,0.094,0.328,101.435,11.725,41.038,Idle
1.202,0.094,0.328,150.290,11.725,41.038,Idle
1.592,0.094,0.328,199.145,11.725,41.038,Idle
1.983,0.094,0.328,248.000,11.725,41.038,Idle
-1.626,0.094,0.328,-203.420,11.725,41.038,Idle
-1.236,0.094,0.328,-154.565,11.725,41.038,Idle
-0.845,0.094,0.328,-105.710,11.725,41.038,Idle
-0.455,0.094,0.328,-56.855,11.725,41.038,Idle
-0.064,0.094,0.328,-8.000,11.725,41.038,Idle
0.327,0.094,0.328,40.863,11.725,41.038,Idle
0.717,0.094,0.328,89.718,11.725,41.038,Idle
1.108,0.094,0.328,138.573,11.725,41.038,Idle
1.499,0.094,0.328,187.427,11.725,41.038,Idle
1.889,0.094,0.328,236.282,11.725,41.038,Idle
-1.720,0.094,0.328,-215.137,11.725,41.038,Idle
-1.330,0.094,0.328,-166.282,11.725,41.038,Idle
-0.939,0.094,0.328,-117.427,11.725,41.038,Idle
-0.548,0.094,0.328,-68.573,11.725,41.038,Idle
-0.158,0.094,0.328,-19.718,11.725,41.038,Idle
0.233,0.094,0.328,29.145,11.725,41.038,Idle
0.624,0.094,0.328,78.000,11.725,41.038,Idle
1.014,0.094,0.328,126.855,11.725,41.038,Idle
1.405,0.094,0.328,175.710,11.725,41.038,Idle
1.796,0.094,0.328,224.565,11.725,41.038,Idle
-1.814,0.094,0.328,-226.855,11.725,41.038,Idle
-1.423,0.094,0.328,-178.000,11.725,41.038,Idle
-1.033,0.094,0.328,-129.145,11.725,41.038,Idle
-0.642,0.094,0.328,-80.290,11.725,41.038,Idle
-0.251,0.094,0.328,-31.435,11.725,41.038,Idle
0.139,0.094,0.328,17.427,11.725,41.038,Idle
0.530,0.094,0.328,66.282,11.725,41.038,Idle
0.921,0.094,0.328,115.137,11.725,41.038,Idle
1.311,0.094,0.328,163.992,11.725,41.038,Idle
1.702,0.094,0.328,212.847,11.725,41.038,Idle
-1.908,0.094,0.328,-238.573,11.725,41.038,Idle
-1.517,0.094,0.328,-189.718,11.725,41.038,Idle
-1.126,0.094,0.328,-140.863,11.725,41.038,Idle
-0.736,0.094,0.328,-92.008,11.725,41.038,Idle
-0.345,0.094,0.328,-43.153,11.725,41.038,Idle
0.046,0.094,0.328,5.710,11.725,41.038,Idle
0.421,0.094,0.328,52.611,11.725,41.038,Idle
0.811,0.094,0.328,101.466,11.725,41.038,Idle
1.202,0.094,0.328,150.321,11.725,41.038,Idle
1.593,0.094,0.328,199.176,11.725,41.038,Idle
1.983,0.094,0.328,248.031,11.725,41.038,Idle
-1.626,0.094,0.328,-203.389,11.725,41.038,Idle
-1.236,0.094,0.328,-154.534,11.725,41.038,Idle
-0.845,0.094,0.328,-105.679,11.725,41.038,Idle
-0.454,0.094,0.328,-56.824,11.725,41.038,Idle
-0.064,0.094,0.328,-7.969,11.725,41.038,Idle
0.327,0.094,0.328,40.893,11.725,41.038,Idle
0.718,0.094,0.328,89.748,11.725,41.038,Idle
1.108,0.094,0.328,138.603,11.725,41.038,Idle
1.499,0.094,0.328,187.458,11.725,41.038,Idle
1.889,0.094,0.328,236.313,11.725,41.038,Idle
-1.720,0.094,0.328,-215.107,11.725,41.038,Idle
-1.329,0.094,0.328,-166.252,11.725,41.038,Idle
-0.939,0.094,0.328,-117.397,11.725,41.038,Idle
-0.548,0.094,0.328,-68.542,11.725,41.038,Idle
-0.157,0.094,0.328,-19.687,11.725,41.038,Idle
0.233,0.094,0.328,29.176,11.725,41.038,Idle
0.624,0.094,0.328,78.031,11.725,41.038,Idle
1.015,0.094,0.328,126.885,11.725,41.038,Idle
1.405,0.094,0.328,175.740,11.725,41.038,Idle
1.796,0.094,0.328,224.595,11.725,41.038,Idle
-1.814,0.094,0.328,-226.824,11.725,41.038,Idle
-1.423,0.094,0.328,-177.969,11.725,41.038,Idle
-1.032,0.094,0.328,-129.115,11.725,41.038,Idle
-0.642,0.094,0.328,-80.260,11.725,41.038,Idle
-0.251,0.094,0.328,-31.405,11.725,41.038,Idle
0.140,0.094,0.328,17.458,11.725,41.038,Idle
0.530,0.094,0.328,66.313,11.725,41.038,Idle
0.921,0.094,0.328,115.168,11.725,41.038,Idle
1.311,0.094,0.328,164.023,11.725,41.038,Idle
1.702,0.094,0.328,212.878,11.725,41.038,Idle
-1.907,0.094,0.328,-238.542,11.725,41.038,Idle
-1.517,0.094,0.328,-189.687,11.725,41.038,Idle
-1.126,0.094,0.328,-140.832,11.725,41.038,Idle
-0.735,0.094,0.328,-91.977,11.725,41.038,Idle
-0.345,0.094,0.328,-43.122,11.725,41.038,Idle
0.046,0.094,0.328,5.740,11.725,41.038,Idle
0.421,0.094,0.328,52.641,11.725,41.038,Idle
0.812,0.094,0.328,101.496,11.725,41.038,Idle
1.202,0.094,0.328,150.351,11.725,41.038,Idle
1.593,0.094,0.328,199.206,11.725,41.038,Idle
1.983,0.094,0.328,248.061,11.725,41.038,Idle
-1.626,0.094,0.328,-203.359,11.725,41.038,Idle
-1.235,0.094,0.328,-154.504,11.725,41.038,Idle
-0.845,0.094,0.328,-105.649,11.725,41.038,Idle
-0.454,0.094,0.328,-56.794,11.725,41.038,Idle
-0.063,0.094,0.328,-7.939,11.725,41.038,Idle
0.327,0.094,0.328,40.924,11.725,41.038,Idle
0.718,0.094,0.328,89.779,11.725,41.038,Idle
1.108,0.094,0.328,138.634,11.725,41.038,Idle
1.499,0.094,0.328,187.489,11.725,41.038,Idle
1.890,0.094,0.328,236.344,11.725,41.038,Idle
-1.720,0.094,0.328,-215.076,11.725,41.038,Idle
-1.329,0.094,0.328,-166.221,11.725,41.038,Idle
-0.938,0.094,0.328,-117.366,11.725,41.038,Idle
-0.548,0.094,0.328,-68.511,11.725,41.038,Idle
-0.157,0.094,0.328,-19.656,11.725,41.038,Idle
0.234,0.094,0.328,29.206,11.725,41.038,Idle
0.624,0.094,0.328,78.061,11.725,41.038,Idle
1.015,0.094,0.328,126.916,11.725,41.038,Idle
1.405,0.094,0.328,175.771,11.725,41.038,Idle
1.796,0.094,0.328,224.626,11.725,41.038,Idle
-1.813,0.094,0.328,-226.794,11.725,41.038,Idle
-1.423,0.094,0.328,-177.939,11.725,41.038,Idle
-1.032,0.094,0.328,-129.084,11.725,41.038,Idle
-0.641,0.094,0.328,-80.229,11.725,41.038,Idle
-0.251,0.094,0.328,-31.374,11.725,41.038,Idle
0.140,0.094,0.328,17.489,11.725,41.038,Idle
0.530,0.094,0.328,66.344,11.725,41.038,Idle
0.921,0.094,0.328,115.198,11.725,41.038,Idle
1.312,0.094,0.328,164.053,11.725,41.038,Idle
1.702,0.094,0.328,212.908,11.725,41.038,Idle
-1.907,0.094,0.328,-238.511,11.725,41.038,Idle
-1.516,0.094,0.328,-189.656,11.725,41.038,Idle
-1.126,0.094,0.328,-140.802,11.725,41.038,Idle
-0.735,0.094,0.328,-91.947,11.725,41.038,Idle
-0.345,0.094,0.328,-43.092,11.725,41.038,Idle
0.046,0.094,0.328,5.771,11.725,41.038,Idle
0.421,0.094,0.328,52.672,11.725,41.038,Idle
0.812,0.094,0.328,101.527,11.725,41.038,Idle
1.202,0.094,0.328,150.382,11.725,41.038,Idle
1.593,0.094,0.328,199.237,11.725,41.038,Idle
1.984,0.094,0.328,248.092,11.725,41.038,Idle
-1.626,0.094,0.328,-203.328,11.725,41.038,Idle
-1.235,0.094,0.328,-154.473,11.725,41.038,Idle
-0.844,0.094,0.328,-105.618,11.725,41.038,Idle
-0.454,0.094,0.328,-56.763,11.725,41.038,Idle
-0.063,0.094,0.328,-7.908,11.725,41.038,Idle
0.327,0.094,0.328,40.954,11.725,41.038,Idle
0.718,0.094,0.328,89.809,11.725,41.038,Idle
1.109,0.094,0.328,138.664,11.725,41.038,Idle
1.499,0.094,0.328,187.519,11.725,41.038,Idle
1.890,0.094,0.328,236.374,11.725,41.038,Idle
-1.719,0.094,0.328,-215.046,11.725,41.038,Idle
-1.329,0.094,0.328,-166.191,11.725,41.038,Idle
-0.938,0.094,0.328,-117.336,11.725,41.038,Idle
-0.548,0.094,0.328,-68.481,11.725,41.038,Idle
-0.157,0.094,0.328,-19.626,11.725,41.038,Idle
0.234,0.094,0.328,29.237,11.725,41.038,Idle
0.624,0.094,0.328,78.092,11.725,41.038,Idle
1.015,0.094,0.328,126.947,11.725,41.038,Idle
1.406,0.094,0.328,175.802,11.725,41.038,Idle
1.796,0.094,0.328,224.656,11.725,41.038,Idle
-1.813,0.094,0.328,-226.763,11.725,41.038,Idle
-1.422,0.094,0.328,-177.908,11.725,41.038,Idle
-1.032,0.094,0.328,-129.053,11.725,41.038,Idle
-0.641,0.094,0.328,-80.198,11.725,41.038,Idle
-0.251,0.094,0.328,-31.344,11.725,41.038,Idle
0.140,0.094,0.328,17.519,11.725,41.038,Idle
0.531,0.094,0.328,66.374,11.725,41.038,Idle
0.921,0.094,0.328,115.229,11.725,41.038,Idle
1.312,0.094,0.328,164.084,11.725,41.038,Idle
1.703,0.094,0.328,212.939,11.725,41.038,Idle
-1.907,0.094,0.328,-238.481,11.725,41.038,Idle
-1.516,0.094,0.328,-189.626,11.725,41.038,Idle
-1.126,0.094,0.328,-140.771,11.725,41.038,Idle
-0.735,0.094,0.328,-91.916,11.725,41.038,Idle
-0.344,0.094,0.328,-43.061,11.725,41.038,Idle
0.046,0.094,0.328,5.802,11.725,41.038,Idle
0.421,0.094,0.328,52.702,11.725,41.038,Idle
0.812,0.094,0.328,101.557,11.725,41.038,Idle
1.203,0.094,0.328,150.412,11.725,41.038,Idle
1.593,0.094,0.328,199.267,11.725,41.038,Idle
1.984,0.094,0.328,248.122,11.725,41.038,Idle
-1.625,0.094,0.328,-203.298,11.725,41.038,Idle
-1.235,0.094,0.328,-154.443,11.725,41.038,Idle
-0.844,0.094,0.328,-105.588,11.725,41.038,Idle
-0.454,0.094,0.328,-56.733,11.725,41.038,Idle
-0.063,0.094,0.328,-7.878,11.725,41.038,Idle
0.328,0.094,0.328,40.985,11.725,41.038,Idle
0.718,0.094,0.328,89.840,11.725,41.038,Idle
1.109,0.094,0.328,138.695,11.725,41.038,Idle
1.500,0.094,0.328,187.550,11.725,41.038,Idle
1.890,0.094,0.328,236.405,11.725,41.038,Idle
-1.719,0.094,0.328,-215.015,11.725,41.038,Idle
-1.329,0.094,0.328,-166.160,11.725,41.038,Idle
-0.938,0.094,0.328,-117.305,11.725,41.038,Idle
-0.547,0.094,0.328,-68.450,11.725,41.038,Idle
-0.157,0.094,0.328,-19.595,11.725,41.038,Idle
0.234,0.094,0.328,29.267,11.725,41.038,Idle
0.625,0.094,0.328,78.122,11.725,41.038,Idle
1.015,0.094,0.328,126.977,11.725,41.038,Idle
1.406,0.094,0.328,175.832,11.725,41.038,Idle
1.797,0.094,0.328,224.687,11.725,41.038,Idle
-1.813,0.094,0.328,-226.733,11.725,41.038,Idle
-1.422,0.094,0.328,-177.878,11.725,41.038,Idle
-1.032,0.094,0.328,-129.023,11.725,41.038,Idle
-0.641,0.094,0.328,-80.168,11.725,41.038,Idle
-0.250,0.094,0.328,-31.313,11.725,41.038,Idle
0.140,0.094,0.328,17.550,11.725,41.038,Idle
0.531,0.094,0.328,66.405,11.725,41.038,Idle
0.922,0.094,0.328,115.260,11.725,41.038,Idle
1.312,0.094,0.328,164.115,11.725,41.038,Idle
1.703,0.094,0.328,212.969,11.725,41.038,Idle
-1.907,0.094,0.328,-238.450,11.725,41.038,Idle
-1.516,0.094,0.328,-189.595,11.725,41.038,Idle
-1.125,0.094,0.328,-140.740,11.725,41.038,Idle
-0.735,0.094,0.328,-91.885,11.725,41.038,Idle
-0.344,0.094,0.328,-43.031,11.725,41.038,Idle
0.047,0.094,0.328,5.832,11.725,41.038,Idle
0.422,0.094,0.328,52.733,11.725,41.038,Idle
0.812,0.094,0.328,101.588,11.725,41.038,Idle
1.203,0.094,0.328,150.443,11.725,41.038,Idle
1.594,0.094,0.328,199.298,11.725,41.038,Idle
1.984,0.094,0.328,248.153,11.725,41.038,Idle
-1.625,0.094,0.328,-203.267,11.725,41.038,Idle
-1.235,0.094,0.328,-154.412,11.725,41.038,Idle
-0.844,0.094,0.328,-105.557,11.725,41.038,Idle
-0.453,0.094,0.328,-56.702,11.725,41.038,Idle
-0.063,0.094,0.328,-7.847,11.725,41.038,Idle
0.328,0.094,0.328,41.015,11.725,41.038,Idle
0.719,0.094,0.328,89.870,11.725,41.038,Idle
1.109,0.094,0.328,138.725,11.725,41.038,Idle
1.500,0.094,0.328,187.580,11.725,41.038,Idle
1.890,0.094,0.328,236.435,11.725,41.038,Idle
-1.719,0.094,0.328,-214.985,11.725,41.038,Idle
-1.328,0.094,0.328,-166.130,11.725,41.038,Idle
-0.938,0.094,0.328,-117.275,11.725,41.038,Idle
-0.547,0.094,0.328,-68.420,11.725,41.038,Idle
-0.156,0.094,0.328,-19.565,11.725,41.038,Idle
0.234,0.094,0.328,29.298,11.725,41.038,Idle
0.625,0.094,0.328,78.153,11.725,41.038,Idle
1.016,0.094,0.328,127.008,11.725,41.038,Idle
1.406,0.094,0.328,175.863,11.725,41.038,Idle
1.797,0.094,0.328,224.718,11.725,41.038,Idle
-1.813,0.094,0.328,-226.702,11.725,41.038,Idle
-1.422,0.094,0.328,-177.847,11.725,41.038,Idle
-1.031,0.094,0.328,-128.992,11.725,41.038,Idle
-0.641,0.094,0.328,-80.137,11.725,41.038,Idle
-0.250,0.094,0.328,-31.282,11.725,41.038,Idle
0.141,0.094,0.328,17.580,11.725,41.038,Idle
0.531,0.094,0.328,66.435,11.725,41.038,Idle
0.922,0.094,0.328,115.290,11.725,41.038,Idle
1.312,0.094,0.328,164.145,11.725,41.038,Idle
1.703,0.094,0.328,213.000,11.725,41.038,Idle
-1.906,0.094,0.328,-238.420,11.725,41.038,Idle
-1.516,0.094,0.328,-189.565,11.725,41.038,Idle
-1.125,0.094,0.328,-140.710,11.725,41.038,Idle
-0.734,0.094,0.328,-91.855,11.725,41.038,Idle
-0.344,0.094,0.328,-43.000,11.725,41.038,Idle
0.031,0.109,0.328,3.908,13.679,41.038,Idle
0.422,0.109,0.328,52.763,13.679,41.038,Idle
0.812,0.109,0.328,101.618,13.679,41.038,Idle
1.203,0.109,0.328,150.473,13.679,41.038,Idle
1.594,0.109,0.328,199.328,13.679,41.038,Idle
1.984,0.109,0.328,248.183,13.679,41.038,Idle
-1.625,0.109,0.328,-203.237,13.679,41.038,Idle
-1.234,0.109,0.328,-154.382,13.679,41.038,Idle
-0.844,0.109,0.328,-105.527,13.679,41.038,Idle
-0.453,0.109,0.328,-56.672,13.679,41.038,Idle
-0.062,0.109,0.328,-7.817,13.679,41.038,Idle
0.328,0.109,0.328,41.046,13.679,41.038,Idle
0.719,0.109,0.328,89.901,13.679,41.038,Idle
1.109,0.109,0.328,138.756,13.679,41.038,Idle
1.500,0.109,0.328,187.611,13.679,41.038,Idle
1.891,0.109,0.328,236.466,13.679,41.038,Idle
-1.719,0.109,0.328,-214.954,13.679,41.038,Idle
-1.328,0.109,0.328,-166.099,13.679,41.038,Idle
-0.937,0.109,0.328,-117.244,13.679,41.038,Idle
-0.547,0.109,0.328,-68.389,13.679,41.038,Idle
-0.156,0.109,0.328,-19.534,13.679,41.038,Idle
0.234,0.109,0.328,29.328,13.679,41.038,Idle
0.625,0.109,0.328,78.183,13.679,41.038,Idle
1.016,0.109,0.328,127.038,13.679,41.038,Idle
1.406,0.109,0.328,175.893,13.679,41.038,Idle
1.797,0.109,0.328,224.748,13.679,41.038,Idle
-1.812,0.109,0.328,-226.672,13.679,41.038,Idle
-1.422,0.109,0.328,-177.817,13.679,41.038,Idle
-1.031,0.109,0.328,-128.962,13.679,41.038,Idle
-0.641,0.109,0.328,-80.107,13.679,41.038,Idle
-0.250,0.109,0.328,-31.252,13.679,41.038,Idle
0.141,0.109,0.328,17.611,13.679,41.038,Idle
0.531,0.109,0.328,66.466,13.679,41.038,Idle
0.922,0.109,0.328,115.321,13.679,41.038,Idle
1.313,0.109,0.328,164.176,13.679,41.038,Idle
1.703,0.109,0.328,213.031,13.679,41.038,Idle
-1.906,0.109,0.328,-238.389,13.679,41.038,Idle
-1.515,0.109,0.328,-189.534,13.679,41.038,Idle
-1.125,0.109,0.328,-140.679,13.679,41.038,Idle
-0.734,0.109,0.328,-91.824,13.679,41.038,Idle
-0.344,0.109,0.328,-42.969,13.679,41.038,Idle
0.047,0.109,0.328,5.893,13.679,41.038,Idle
0.438,0.109,0.328,54.748,13.679,41.038,Idle
0.828,0.109,0.328,103.603,13.679,41.038,Idle
1.219,0.109,0.328,152.458,13.679,41.038,Idle
1.610,0.109,0.328,201.313,13.679,41.038,Idle
-2.000,0.109,0.328,-250.107,13.679,41.038,Idle
-1.609,0.109,0.328,-201.252,13.679,41.038,Idle
-1.219,0.109,0.328,-152.397,13.679,41.038,Idle
-0.828,0.109,0.328,-103.542,13.679,41.038,Idle
-0.437,0.109,0.328,-54.687,13.679,41.038,Idle
-0.047,0.109,0.328,-5.832,13.679,41.038,Idle
0.344,0.109,0.328,43.031,13.679,41.038,Idle
0.735,0.109,0.328,91.885,13.679,41.038,Idle
1.125,0.109,0.328,140.740,13.679,41.038,Idle
1.516,0.109,0.328,189.595,13.679,41.038,Idle
1.907,0.109,0.328,238.450,13.679,41.038,Idle
-1.703,0.109,0.328,-212.969,13.679,41.038,Idle
-1.312,0.109,0.328,-164.115,13.679,41.038,Idle
-0.922,0.109,0.328,-115.260,13.679,41.038,Idle
-0.531,0.109,0.328,-66.405,13.679,41.038,Idle
-0.140,0.109,0.328,-17.550,13.679,41.038,Idle
0.250,0.109,0.328,31.313,13.679,41.038,Idle
0.641,0.109,0.328,80.168,13.679,41.038,Idle
1.032,0.109,0.328,129.023,13.679,41.038,Idle
1.422,0.109,0.328,177.878,13.679,41.038,Idle
1.813,0.109,0.328,226.733,13.679,41.038,Idle
-1.797,0.109,0.328,-224.687,13.679,41.038,Idle
-1.406,0.109,0.328,-175.832,13.679,41.038,Idle
-1.015,0.109,0.328,-126.977,13.679,41.038,Idle
-0.625,0.109,0.328,-78.122,13.679,41.038,Idle
-0.234,0.109,0.328,-29.267,13.679,41.038,Idle
0.157,0.109,0.328,19.595,13.679,41.038,Idle
0.547,0.109,0.328,68.450,13.679,41.038,Idle
0.938,0.109,0.328,117.305,13.679,41.038,Idle
1.329,0.109,0.328,166.160,13.679,41.038,Idle
1.719,0.109,0.328,215.015,13.679,41.038,Idle
-1.890,0.109,0.328,-236.405,13.679,41.038,Idle
-1.500,0.109,0.328,-187.550,13.679,41.038,Idle
-1.109,0.109,0.328,-138.695,13.679,41.038,Idle
-0.718,0.109,0.328,-89.840,13.679,41.038,Idle
-0.328,0.109,0.328,-40.985,13.679,41.038,Idle
0.063,0.109,0.328,7.878,13.679,41.038,Idle
0.438,0.109,0.328,54.779,13.679,41.038,Idle
0.829,0.109,0.328,103.634,13.679,41.038,Idle
1.219,0.109,0.328,152.489,13.679,41.038,Idle
1.610,0.109,0.328,201.344,13.679,41.038,Idle
-2.000,0.109,0.328,-250.076,13.679,41.038,Idle
-1.609,0.109,0.328,-201.221,13.679,41.038,Idle
-1.218,0.109,0.328,-152.366,13.679,41.038,Idle
-0.828,0.109,0.328,-103.511,13.679,41.038,Idle
-0.437,0.109,0.328,-54.656,13.679,41.038,Idle
-0.046,0.109,0.328,-5.802,13.679,41.038,Idle
0.344,0.109,0.328,43.061,13.679,41.038,Idle
0.735,0.109,0.328,91.916,13.679,41.038,Idle
1.126,0.109,0.328,140.771,13.679,41.038,Idle
1.516,0.109,0.328,189.626,13.679,41.038,Idle
1.907,0.109,0.328,238.481,13.679,41.038,Idle
-1.703,0.109,0.328,-212.939,13.679,41.038,Idle
-1.312,0.109,0.328,-164.084,13.679,41.038,Idle
-0.921,0.109,0.328,-115.229,13.679,41.038,Idle
-0.531,0.109,0.328,-66.374,13.679,41.038,Idle
-0.140,0.109,0.328,-17.519,13.679,41.038,Idle
0.251,0.109,0.328,31.344,13.679,41.038,Idle
0.641,0.109,0.328,80.198,13.679,41.038,Idle
1.032,0.109,0.328,129.053,13.679,41.038,Idle
1.422,0.109,0.328,177.908,13.679,41.038,Idle
1.813,0.109,0.328,226.763,13.679,41.038,Idle
-1.796,0.109,0.328,-224.656,13.679,41.038,Idle
-1.406,0.109,0.328,-175.802,13.679,41.038,Idle
-1.015,0.109,0.328,-126.947,13.679,41.038,Idle
-0.624,0.109,0.328,-78.092,13.679,41.038,Idle
-0.234,0.109,0.328,-29.237,13.679,41.038,Idle
0.157,0.109,0.328,19.626,13.679,41.038,Idle
0.548,0.109,0.328,68.481,13.679,41.038,Idle
0.938,0.109,0.328,117.336,13.679,41.038,Idle
1.329,0.109,0.328,166.191,13.679,41.038,Idle
1.719,0.109,0.328,215.046,13.679,41.038,Idle
-1.890,0.109,0.328,-236.374,13.679,41.038,Idle
-1.499,0.109,0.328,-187.519,13.679,41.038,Idle
-1.109,0.109,0.328,-138.664,13.679,41.038,Idle
-0.718,0.109,0.328,-89.809,13.679,41.038,Idle
-0.327,0.109,0.328,-40.954,13.679,41.038,Idle
0.063,0.109,0.328,7.908,13.679,41.038,Idle
0.454,0.109,0.328,56.763,13.679,41.038,Idle
0.844,0.109,0.328,105.618,13.679,41.038,Idle
1.235,0.109,0.328,154.473,13.679,41.038,Idle
1.626,0.109,0.328,203.328,13.679,41.038,Idle
-1.984,0.109,0.328,-248.092,13.679,41.038,Idle
-1.593,0.109,0.328,-199.237,13.679,41.038,Idle
-1.202,0.109,0.328,-150.382,13.679,41.038,Idle
-0.812,0.109,0.328,-101.527,13.679,41.038,Idle
-0.421,0.109,0.328,-52.672,13.679,41.038,Idle
-0.031,0.109,0.328,-3.817,13.679,41.038,Idle
0.360,0.109,0.328,45.046,13.679,41.038,Idle
0.751,0.109,0.328,93.901,13.679,41.038,Idle
1.141,0.109,0.328,142.756,13.679,41.038,Idle
1.532,0.109,0.328,191.611,13.679,41.038,Idle
1.923,0.109,0.328,240.466,13.679,41.038,Idle
-1.687,0.109,0.328,-210.954,13.679,41.038,Idle
-1.296,0.109,0.328,-162.099,13.679,41.038,Idle
-0.905,0.109,0.328,-113.244,13.679,41.038,Idle
-0.515,0.109,0.328,-64.389,13.679,41.038,Idle
-0.124,0.109,0.328,-15.534,13.679,41.038,Idle
0.266,0.109,0.328,33.328,13.679,41.038,Idle
0.657,0.109,0.328,82.183,13.679,41.038,Idle
1.048,0.109,0.328,131.038,13.679,41.038,Idle
1.438,0.109,0.328,179.893,13.679,41.038,Idle
1.829,0.109,0.328,228.748,13.679,41.038,Idle
-1.780,0.109,0.328,-222.672,13.679,41.038,Idle
-1.390,0.109,0.328,-173.817,13.679,41.038,Idle
-0.999,0.109,0.328,-124.962,13.679,41.038,Idle
-0.609,0.109,0.328,-76.107,13.679,41.038,Idle
-0.218,0.109,0.328,-27.252,13.679,41.038,Idle
0.173,0.109,0.328,21.611,13.679,41.038,Idle
0.563,0.109,0.328,70.466,13.679,41.038,Idle
0.954,0.109,0.328,119.321,13.679,41.038,Idle
1.345,0.109,0.328,168.176,13.679,41.038,Idle
1.735,0.109,0.328,217.031,13.679,41.038,Idle
-1.874,0.109,0.328,-234.389,13.679,41.038,Idle
-1.483,0.109,0.328,-185.534,13.679,41.038,Idle
-1.093,0.109,0.328,-136.679,13.679,41.038,Idle
-0.702,0.109,0.328,-87.824,13.679,41.038,Idle
-0.312,0.109,0.328,-38.969,13.679,41.038,Idle
0.079,0.109,0.328,9.893,13.679,41.038,Idle
0.470,0.109,0.328,58.748,13.679,41.038,Idle
0.860,0.109,0.328,107.603,13.679,41.038,Idle
1.251,0.109,0.328,156.458,13.679,41.038,Idle
1.642,0.109,0.328,205.313,13.679,41.038,Idle
-1.968,0.109,0.328,-246.107,13.679,41.038,Idle
-1.577,0.109,0.328,-197.252,13.679,41.038,Idle
-1.187,0.109,0.328,-148.397,13.679,41.038,Idle
-0.796,0.109,0.328,-99.542,13.679,41.038,Idle
-0.405,0.109,0.328,-50.687,13.679,41.038,Idle
-0.015,0.109,0.328,-1.832,13.679,41.038,Idle
0.376,0.109,0.328,47.031,13.679,41.038,Idle
0.767,0.109,0.328,95.885,13.679,41.038,Idle
1.157,0.109,0.328,144.740,13.679,41.038,Idle
1.548,0.109,0.328,193.595,13.679,41.038,Idle
1.939,0.109,0.328,242.450,13.679,41.038,Idle
-1.671,0.109,0.328,-208.969,13.679,41.038,Idle
-1.280,0.109,0.328,-160.115,13.679,41.038,Idle
-0.890,0.109,0.328,-111.260,13.679,41.038,Idle
-0.499,0.109,0.328,-62.405,13.679,41.038,Idle
-0.108,0.109,0.328,-13.550,13.679,41.038,Idle
0.282,0.109,0.328,35.313,13.679,41.038,Idle
0.673,0.109,0.328,84.168,13.679,41.038,Idle
1.064,0.109,0.328,133.023,13.679,41.038,Idle
1.454,0.109,0.328,181.878,13.679,41.038,Idle
1.845,0.109,0.328,230.733,13.679,41.038,Idle
-1.765,0.109,0.328,-220.687,13.679,41.038,Idle
-1.374,0.109,0.328,-171.832,13.679,41.038,Idle
-0.983,0.109,0.328,-122.977,13.679,41.038,Idle
-0.593,0.109,0.328,-74.122,13.679,41.038,Idle
-0.202,0.109,0.328,-25.267,13.679,41.038,Idle
0.189,0.109,0.328,23.595,13.679,41.038,Idle
0.579,0.109,0.328,72.450,13.679,41.038,Idle
0.970,0.109,0.328,121.305,13.679,41.038,Idle
1.361,0.109,0.328,170.160,13.679,41.038,Idle
1.751,0.109,0.328,219.015,13.679,41.038,Idle
-1.858,0.109,0.328,-232.405,13.679,41.038,Idle
-1.468,0.109,0.328,-183.550,13.679,41.038,Idle
-1.077,0.109,0.328,-134.695,13.679,41.038,Idle
-0.686,0.109,0.328,-85.840,13.679,41.038,Idle
-0.296,0.109,0.328,-36.985,13.679,41.038,Idle
0.095,0.109,0.328,11.878,13.679,41.038,Idle
0.486,0.109,0.328,60.733,13.679,41.038,Idle
0.876,0.109,0.328,109.588,13.679,41.038,Idle
1.267,0.109,0.328,158.443,13.679,41.038,Idle
1.657,0.109,0.328,207.298,13.679,41.038,Idle
-1.952,0.109,0.328,-244.122,13.679,41.038,Idle
-1.561,0.109,0.328,-195.267,13.679,41.038,Idle
-1.171,0.109,0.328,-146.412,13.679,41.038,Idle
-0.780,0.109,0.328,-97.557,13.679,41.038,Idle
-0.389,0.109,0.328,-48.702,13.679,41.038,Idle
0.001,0.109,0.328,0.160,13.679,41.038,Idle
0.376,0.109,0.328,47.061,13.679,41.038,Idle
0.767,0.109,0.328,95.916,13.679,41.038,Idle
1.158,0.109,0.328,144.771,13.679,41.038,Idle
1.548,0.109,0.328,193.626,13.679,41.038,Idle
1.939,0.109,0.328,242.481,13.679,41.038,Idle
-1.671,0.109,0.328,-208.939,13.679,41.038,Idle
-1.280,0.109,0.328,-160.084,13.679,41.038,Idle
-0.889,0.109,0.328,-111.229,13.679,41.038,Idle
-0.499,0.109,0.328,-62.374,13.679,41.038,Idle
-0.108,0.109,0.328,-13.519,13.679,41.038,Idle
0.283,0.109,0.328,35.344,13.679,41.038,Idle
0.673,0.109,0.328,84.198,13.679,41.038,Idle
1.064,0.109,0.328,133.053,13.679,41.038,Idle
1.454,0.109,0.328,181.908,13.679,41.038,Idle
1.845,0.109,0.328,230.763,13.679,41.038,Idle
-1.764,0.109,0.328,-220.656,13.679,41.038,Idle
-1.374,0.109,0.328,-171.802,13.679,41.038,Idle
-0.983,0.109,0.328,-122.947,13.679,41.038,Idle
-0.592,0.109,0.328,-74.092,13.679,41.038,Idle
-0.202,0.109,0.328,-25.237,13.679,41.038,Idle
0.189,0.109,0.328,23.626,13.679,41.038,Idle
0.580,0.109,0.328,72.481,13.679,41.038,Idle
0.970,0.109,0.328,121.336,13.679,41.038,Idle
1.361,0.109,0.328,170.191,13.679,41.038,Idle
1.751,0.109,0.328,219.046,13.679,41.038,Idle
-1.858,0.109,0.328,-232.374,13.679,41.038,Idle
-1.467,0.109,0.328,-183.519,13.679,41.038,Idle
-1.077,0.109,0.328,-134.664,13.679,41.038,Idle
-0.686,0.109,0.328,-85.809,13.679,41.038,Idle
-0.295,0.109,0.328,-36.954,13.679,41.038,Idle
0.095,0.109,0.328,11.908,13.679,41.038,Idle
0.486,0.109,0.328,60.763,13.679,41.038,Idle
0.876,0.109,0.328,109.618,13.679,41.038,Idle
1.267,0.109,0.328,158.473,13.679,41.038,Idle
1.658,0.109,0.328,207.328,13.679,41.038,Idle
-1.952,0.109,0.328,-244.092,13.679,41.038,Idle
-1.561,0.109,0.328,-195.237,13.679,41.038,Idle
-1.170,0.109,0.328,-146.382,13.679,41.038,Idle
-0.780,0.109,0.328,-97.527,13.679,41.038,Idle
-0.389,0.109,0.328,-48.672,13.679,41.038,Idle
0.002,0.109,0.328,0.191,13.679,41.038,Idle
0.377,0.109,0.328,47.092,13.679,41.038,Idle
0.767,0.109,0.328,95.947,13.679,41.038,Idle
1.158,0.109,0.328,144.802,13.679,41.038,Idle
1.548,0.109,0.328,193.656,13.679,41.038,Idle
1.939,0.109,0.328,242.511,13.679,41.038,Idle
-1.670,0.109,0.328,-208.908,13.679,41.038,Idle
-1.280,0.109,0.328,-160.053,13.679,41.038,Idle
-0.889,0.109,0.328,-111.198,13.679,41.038,Idle
-0.498,0.109,0.328,-62.344,13.679,41.038,Idle
-0.108,0.109,0.328,-13.489,13.679,41.038,Idle
0.283,0.109,0.328,35.374,13.679,41.038,Idle
0.673,0.109,0.328,84.229,13.679,41.038,Idle
1.064,0.109,0.328,133.084,13.679,41.038,Idle
1.455,0.109,0.328,181.939,13.679,41.038,Idle
1.845,0.109,0.328,230.794,13.679,41.038,Idle
-1.764,0.109,0.328,-220.626,13.679,41.038,Idle
-1.373,0.109,0.328,-171.771,13.679,41.038,Idle
-0.983,0.109,0.328,-122.916,13.679,41.038,Idle
-0.592,0.109,0.328,-74.061,13.679,41.038,Idle
-0.202,0.109,0.328,-25.206,13.679,41.038,Idle
0.189,0.109,0.328,23.656,13.679,41.038,Idle
0.580,0.109,0.328,72.511,13.679,41.038,Idle
0.970,0.109,0.328,121.366,13.679,41.038,Idle
1.361,0.109,0.328,170.221,13.679,41.038,Idle
1.752,0.109,0.328,219.076,13.679,41.038,Idle
-1.858,0.109,0.328,-232.344,13.679,41.038,Idle
-1.467,0.109,0.328,-183.489,13.679,41.038,Idle
-1.076,0.109,0.328,-134.634,13.679,41.038,Idle
-0.686,0.109,0.328,-85.779,13.679,41.038,Idle
-0.295,0.109,0.328,-36.924,13.679,41.038,Idle
0.095,0.109,0.328,11.939,13.679,41.038,Idle
0.486,0.109,0.328,60.794,13.679,41.038,Idle
0.877,0.109,0.328,109.649,13.679,41.038,Idle
1.267,0.109,0.328,158.504,13.679,41.038,Idle
1.658,0.109,0.328,207.359,13.679,41.038,Idle
-1.951,0.109,0.328,-244.061,13.679,41.038,Idle
-1.561,0.109,0.328,-195.206,13.679,41.038,Idle
-1.170,0.109,0.328,-146.351,13.679,41.038,Idle
-0.780,0.109,0.328,-97.496,13.679,41.038,Idle
-0.389,0.109,0.328,-48.641,13.679,41.038,Idle
0.002,0.109,0.328,0.221,13.679,41.038,Idle
0.377,0.109,0.328,47.122,13.679,41.038,Idle
0.767,0.109,0.328,95.977,13.679,41.038,Idle
1.158,0.109,0.328,144.832,13.679,41.038,Idle
1.549,0.109,0.328,193.687,13.679,41.038,Idle
1.939,0.109,0.328,242.542,13.679,41.038,Idle
-1.670,0.109,0.328,-208.878,13.679,41.038,Idle
-1.279,0.109,0.328,-160.023,13.679,41.038,Idle
-0.889,0.109,0.328,-111.168,13.679,41.038,Idle
-0.498,0.109,0.328,-62.313,13.679,41.038,Idle
-0.108,0.109,0.328,-13.458,13.679,41.038,Idle
0.283,0.109,0.328,35.405,13.679,41.038,Idle
0.674,0.109,0.328,84.260,13.679,41.038,Idle
1.064,0.109,0.328,133.115,13.679,41.038,Idle
1.455,0.109,0.328,181.969,13.679,41.038,Idle
1.846,0.109,0.328,230.824,13.679,41.038,Idle
-1.764,0.109,0.328,-220.595,13.679,41.038,Idle
-1.373,0.109,0.328,-171.740,13.679,41.038,Idle
-0.983,0.109,0.328,-122.885,13.679,41.038,Idle
-0.592,0.109,0.328,-74.031,13.679,41.038,Idle
-0.201,0.109,0.328,-25.176,13.679,41.038,Idle
0.189,0.109,0.328,23.687,13.679,41.038,Idle
0.580,0.109,0.328,72.542,13.679,41.038,Idle
0.971,0.109,0.328,121.397,13.679,41.038,Idle
1.361,0.109,0.328,170.252,13.679,41.038,Idle
1.752,0.109,0.328,219.107,13.679,41.038,Idle
-1.857,0.109,0.328,-232.313,13.679,41.038,Idle
-1.467,0.109,0.328,-183.458,13.679,41.038,Idle
-1.076,0.109,0.328,-134.603,13.679,41.038,Idle
-0.686,0.109,0.328,-85.748,13.679,41.038,Idle
-0.295,0.109,0.328,-36.893,13.679,41.038,Idle
0.096,0.109,0.328,11.969,13.679,41.038,Idle
0.486,0.109,0.328,60.824,13.679,41.038,Idle
0.877,0.109,0.328,109.679,13.679,41.038,Idle
1.268,0.109,0.328,158.534,13.679,41.038,Idle
1.658,0.109,0.328,207.389,13.679,41.038,Idle
-1.951,0.109,0.328,-244.031,13.679,41.038,Idle
-1.561,0.109,0.328,-195.176,13.679,41.038,Idle
-1.170,0.109,0.328,-146.321,13.679,41.038,Idle
-0.779,0.109,0.328,-97.466,13.679,41.038,Idle
-0.389,0.109,0.328,-48.611,13.679,41.038,Idle
0.002,0.109,0.328,0.252,13.679,41.038,Idle
0.377,0.109,0.328,47.153,13.679,41.038,Idle
0.768,0.109,0.328,96.008,13.679,41.038,Idle
1.158,0.109,0.328,144.863,13.679,41.038,Idle
1.549,0.109,0.328,193.718,13.679,41.038,Idle
1.940,0.109,0.328,242.573,13.679,41.038,Idle
-1.670,0.109,0.328,-208.847,13.679,41.038,Idle
-1.279,0.109,0.328,-159.992,13.679,41.038,Idle
-0.889,0.109,0.328,-111.137,13.679,41.038,Idle
-0.498,0.109,0.328,-62.282,13.679,41.038,Idle
-0.107,0.109,0.328,-13.427,13.679,41.038,Idle
0.283,0.109,0.328,35.435,13.679,41.038,Idle
0.674,0.109,0.328,84.290,13.679,41.038,Idle
1.065,0.109,0.328,133.145,13.679,41.038,Idle
1.455,0.109,0.328,182.000,13.679,41.038,Idle
1.846,0.109,0.328,230.855,13.679,41.038,Idle
-1.764,0.109,0.328,-220.565,13.679,41.038,Idle
-1.373,0.109,0.328,-171.710,13.679,41.038,Idle
-0.982,0.109,0.328,-122.855,13.679,41.038,Idle
-0.592,0.109,0.328,-74.000,13.679,41.038,Idle
-0.201,0.109,0.328,-25.145,13.679,41.038,Idle
0.190,0.109,0.328,23.718,13.679,41.038,Idle
0.580,0.109,0.328,72.573,13.679,41.038,Idle
0.971,0.109,0.328,121.427,13.679,41.038,Idle
1.362,0.109,0.328,170.282,13.679,41.038,Idle
1.752,0.109,0.328,219.137,13.679,41.038,Idle
-1.857,0.109,0.328,-232.282,13.679,41.038,Idle
-1.467,0.109,0.328,-183.427,13.679,41.038,Idle
-1.076,0.109,0.328,-134.573,13.679,41.038,Idle
-0.685,0.109,0.328,-85.718,13.679,41.038,Idle
-0.295,0.109,0.328,-36.863,13.679,41.038,Idle
0.096,0.109,0.328,12.000,13.679,41.038,Idle
0.487,0.109,0.328,60.855,13.679,41.038,Idle
0.877,0.109,0.328,109.710,13.679,41.038,Idle
1.268,0.109,0.328,158.565,13.679,41.038,Idle
1.658,0.109,0.328,207.420,13.679,41.038,Idle
-1.951,0.109,0.328,-244.000,13.679,41.038,Idle
-1.560,0.109,0.328,-195.145,13.679,41.038,Idle
-1.170,0.109,0.328,-146.290,13.679,41.038,Idle
-0.779,0.109,0.328,-97.435,13.679,41.038,Idle
-0.388,0.109,0.328,-48.580,13.679,41.038,Idle
0.002,0.109,0.328,0.282,13.679,41.038,Idle
0.377,0.109,0.328,47.183,13.679,41.038,Idle
0.768,0.109,0.328,96.038,13.679,41.038,Idle
1.159,0.109,0.328,144.893,13.679,41.038,Idle
1.549,0.109,0.328,193.748,13.679,41.038,Idle
1.940,0.109,0.328,242.603,13.679,41.038,Idle
-1.670,0.109,0.328,-208.817,13.679,41.038,Idle
-1.279,0.109,0.328,-159.962,13.679,41.038,Idle
-0.888,0.109,0.328,-111.107,13.679,41.038,Idle
-0.498,0.109,0.328,-62.252,13.679,41.038,Idle
-0.107,0.109,0.328,-13.397,13.679,41.038,Idle
0.284,0.109,0.328,35.466,13.679,41.038,Idle
0.674,0.109,0.328,84.321,13.679,41.038,Idle
1.065,0.109,0.328,133.176,13.679,41.038,Idle
1.455,0.109,0.328,182.031,13.679,41.038,Idle
1.846,0.109,0.328,230.885,13.679,41.038,Idle
-1.763,0.109,0.328,-220.534,13.679,41.038,Idle
-1.373,0.109,0.328,-171.679,13.679,41.038,Idle
-0.982,0.109,0.328,-122.824,13.679,41.038,Idle
-0.591,0.109,0.328,-73.969,13.679,41.038,Idle
-0.201,0.109,0.328,-25.115,13.679,41.038,Idle
0.190,0.109,0.328,23.748,13.679,41.038,Idle
0.581,0.109,0.328,72.603,13.679,41.038,Idle
0.971,0.109,0.328,121.458,13.679,41.038,Idle
1.362,0.109,0.328,170.313,13.679,41.038,Idle
1.752,0.109,0.328,219.168,13.679,41.038,Idle
-1.857,0.109,0.328,-232.252,13.679,41.038,Idle
-1.466,0.109,0.328,-183.397,13.679,41.038,Idle
-1.076,0.109,0.328,-134.542,13.679,41.038,Idle
-0.685,0.109,0.328,-85.687,13.679,41.038,Idle
-0.294,0.109,0.328,-36.832,13.679,41.038,Idle
0.096,0.109,0.328,12.031,13.679,41.038,Idle
0.487,0.109,0.328,60.885,13.679,41.038,Idle
0.877,0.109,0.328,109.740,13.679,41.038,Idle
1.268,0.109,0.328,158.595,13.679,41.038,Idle
1.659,0.109,0.328,207.450,13.679,41.038,Idle
-1.951,0.109,0.328,-243.969,13.679,41.038,Idle
-1.560,0.109,0.328,-195.115,13.679,41.038,Idle
-1.169,0.109,0.328,-146.260,13.679,41.038,Idle
-0.779,0.109,0.328,-97.405,13.679,41.038,Idle
-0.388,0.109,0.328,-48.550,13.679,41.038,Idle
0.003,0.109,0.328,0.313,13.679,41.038,Idle
0.378,0.109,0.328,47.214,13.679,41.038,Idle
0.768,0.109,0.328,96.069,13.679,41.038,Idle
1.159,0.109,0.328,144.924,13.679,41.038,Idle
1.549,0.109,0.328,193.779,13.679,41.038,Idle
1.940,0.109,0.328,242.634,13.679,41.038,Idle
-1.669,0.109,0.328,-208.786,13.679,41.038,Idle
-1.279,0.109,0.328,-159.931,13.679,41.038,Idle
-0.888,0.109,0.328,-111.076,13.679,41.038,Idle
-0.497,0.109,0.328,-62.221,13.679,41.038,Idle
-0.107,0.109,0.328,-13.366,13.679,41.038,Idle
0.284,0.109,0.328,35.496,13.679,41.038,Idle
0.674,0.109,0.328,84.351,13.679,41.038,Idle
1.065,0.109,0.328,133.206,13.679,41.038,Idle
1.456,0.109,0.328,182.061,13.679,41.038,Idle
1.846,0.109,0.328,230.916,13.679,41.038,Idle
-1.763,0.109,0.328,-220.504,13.679,41.038,Idle
-1.372,0.109,0.328,-171.649,13.679,41.038,Idle
-0.982,0.109,0.328,-122.794,13.679,41.038,Idle
-0.591,0.109,0.328,-73.939,13.679,41.038,Idle
-0.201,0.109,0.328,-25.084,13.679,41.038,Idle
0.190,0.109,0.328,23.779,13.679,41.038,Idle
0.581,0.109,0.328,72.634,13.679,41.038,Idle
0.971,0.109,0.328,121.489,13.679,41.038,Idle
1.362,0.109,0.328,170.344,13.679,41.038,Idle
1.753,0.109,0.328,219.198,13.679,41.038,Idle
-1.857,0.109,0.328,-232.221,13.679,41.038,Idle
-1.466,0.109,0.328,-183.366,13.679,41.038,Idle
-1.076,0.109,0.328,-134.511,13.679,41.038,Idle
-0.685,0.109,0.328,-85.656,13.679,41.038,Idle
-0.294,0.109,0.328,-36.802,13.679,41.038,Idle
0.096,0.109,0.328,12.061,13.679,41.038,Idle
0.487,0.109,0.328,60.916,13.679,41.038,Idle
0.878,0.109,0.328,109.771,13.679,41.038,Idle
1.268,0.109,0.328,158.626,13.679,41.038,Idle
1.659,0.109,0.328,207.481,13.679,41.038,Idle
-1.950,0.109,0.328,-243.939,13.679,41.038,Idle
-1.560,0.109,0.328,-195.084,13.679,41.038,Idle
-1.169,0.109,0.328,-146.229,13.679,41.038,Idle
-0.779,0.109,0.328,-97.374,13.679,41.038,Idle
-0.388,0.109,0.328,-48.519,13.679,41.038,Idle
0.003,0.109,0.328,0.344,13.679,41.038,Idle
0.378,0.109,0.328,47.244,13.679,41.038,Idle
0.768,0.109,0.328,96.099,13.679,41.038,Idle
1.159,0.109,0.328,144.954,13.679,41.038,Idle
1.550,0.109,0.328,193.809,13.679,41.038,Idle
1.940,0.109,0.328,242.664,13.679,41.038,Idle
-1.669,0.109,0.328,-208.756,13.679,41.038,Idle
-1.279,0.109,0.328,-159.901,13.679,41.038,Idle
-0.888,0.109,0.328,-111.046,13.679,41.038,Idle
-0.497,0.109,0.328,-62.191,13.679,41.038,Idle
-0.107,0.109,0.328,-13.336,13.679,41.038,Idle
0.284,0.109,0.328,35.527,13.679,41.038,Idle
0.675,0.109,0.328,84.382,13.679,41.038,Idle
1.065,0.109,0.328,133.237,13.679,41.038,Idle
1.456,0.109,0.328,182.092,13.679,41.038,Idle
1.847,0.109,0.328,230.947,13.679,41.038,Idle
-1.763,0.109,0.328,-220.473,13.679,41.038,Idle
-1.372,0.109,0.328,-171.618,13.679,41.038,Idle
-0.982,0.109,0.328,-122.763,13.679,41.038,Idle
-0.591,0.109,0.328,-73.908,13.679,41.038,Idle
-0.200,0.109,0.328,-25.053,13.679,41.038,Idle
0.190,0.109,0.328,23.809,13.679,41.038,Idle
0.581,0.109,0.328,72.664,13.679,41.038,Idle
0.972,0.109,0.328,121.519,13.679,41.038,Idle
1.362,0.109,0.328,170.374,13.679,41.038,Idle
1.753,0.109,0.328,219.229,13.679,41.038,Idle
-1.857,0.109,0.328,-232.191,13.679,41.038,Idle
-1.466,0.109,0.328,-183.336,13.679,41.038,Idle
-1.075,0.109,0.328,-134.481,13.679,41.038,Idle
-0.685,0.109,0.328,-85.626,13.679,41.038,Idle
-0.294,0.109,0.328,-36.771,13.679,41.038,Idle
0.097,0.109,0.328,12.092,13.679,41.038,Idle
0.487,0.109,0.328,60.947,13.679,41.038,Idle
0.878,0.109,0.328,109.802,13.679,41.038,Idle
1.269,0.109,0.328,158.656,13.679,41.038,Idle
1.659,0.109,0.328,207.511,13.679,41.038,Idle
-1.950,0.109,0.328,-243.908,13.679,41.038,Idle
-1.560,0.109,0.328,-195.053,13.679,41.038,Idle
-1.169,0.109,0.328,-146.198,13.679,41.038,Idle
-0.778,0.109,0.328,-97.344,13.679,41.038,Idle
-0.388,0.109,0.328,-48.489,13.679,41.038,Idle
0.003,0.109,0.328,0.374,13.679,41.038,Idle
0.378,0.109,0.328,47.275,13.679,41.038,Idle
0.769,0.109,0.328,96.130,13.679,41.038,Idle
1.159,0.109,0.328,144.985,13.679,41.038,Idle
1.550,0.109,0.328,193.840,13.679,41.038,Idle
1.940,0.109,0.328,242.695,13.679,41.038,Idle
-1.669,0.109,0.328,-208.725,13.679,41.038,Idle
-1.278,0.109,0.328,-159.870,13.679,41.038,Idle
-0.888,0.109,0.328,-111.015,13.679,41.038,Idle
-0.497,0.109,0.328,-62.160,13.679,41.038,Idle
-0.106,0.109,0.328,-13.305,13.679,41.038,Idle
0.284,0.109,0.328,35.557,13.679,41.038,Idle
0.675,0.109,0.328,84.412,13.679,41.038,Idle
1.066,0.109,0.328,133.267,13.679,41.038,Idle
1.456,0.109,0.328,182.122,13.679,41.038,Idle
1.847,0.109,0.328,230.977,13.679,41.038,Idle
-1.763,0.109,0.328,-220.443,13.679,41.038,Idle
-1.372,0.109,0.328,-171.588,13.679,41.038,Idle
-0.981,0.109,0.328,-122.733,13.679,41.038,Idle
-0.591,0.109,0.328,-73.878,13.679,41.038,Idle
-0.200,0.109,0.328,-25.023,13.679,41.038,Idle
0.191,0.109,0.328,23.840,13.679,41.038,Idle
0.581,0.109,0.328,72.695,13.679,41.038,Idle
0.972,0.109,0.328,121.550,13.679,41.038,Idle
1.362,0.109,0.328,170.405,13.679,41.038,Idle
1.753,0.109,0.328,219.260,13.679,41.038,Idle
-1.856,0.109,0.328,-232.160,13.679,41.038,Idle
-1.466,0.109,0.328,-183.305,13.679,41.038,Idle
-1.075,0.109,0.328,-134.450,13.679,41.038,Idle
-0.684,0.109,0.328,-85.595,13.679,41.038,Idle
-0.294,0.109,0.328,-36.740,13.679,41.038,Idle
0.097,0.109,0.328,12.122,13.679,41.038,Idle
0.488,0.109,0.328,60.977,13.679,41.038,Idle
0.878,0.109,0.328,109.832,13.679,41.038,Idle
1.269,0.109,0.328,158.687,13.679,41.038,Idle
1.659,0.109,0.328,207.542,13.679,41.038,Idle
-1.950,0.109,0.328,-243.878,13.679,41.038,Idle
-1.559,0.109,0.328,-195.023,13.679,41.038,Idle
-1.169,0.109,0.328,-146.168,13.679,41.038,Idle
-0.778,0.109,0.328,-97.313,13.679,41.038,Idle
-0.387,0.109,0.328,-48.458,13.679,41.038,Idle
0.003,0.109,0.328,0.405,13.679,41.038,Idle
0.378,0.109,0.328,47.305,13.679,41.038,Idle
0.769,0.109,0.328,96.160,13.679,41.038,Idle
1.159,0.109,0.328,145.015,13.679,41.038,Idle
1.550,0.109,0.328,193.870,13.679,41.038,Idle
1.941,0.109,0.328,242.725,13.679,41.038,Idle
-1.669,0.109,0.328,-208.695,13.679,41.038,Idle
-1.278,0.109,0.328,-159.840,13.679,41.038,Idle
-0.887,0.109,0.328,-110.985,13.679,41.038,Idle
-0.497,0.109,0.328,-62.130,13.679,41.038,Idle
-0.106,0.109,0.328,-13.275,13.679,41.038,Idle
0.285,0.109,0.328,35.588,13.679,41.038,Idle
0.675,0.109,0.328,84.443,13.679,41.038,Idle
1.066,0.109,0.328,133.298,13.679,41.038,Idle
1.456,0.109,0.328,182.153,13.679,41.038,Idle
1.847,0.109,0.328,231.008,13.679,41.038,Idle
-1.762,0.109,0.328,-220.412,13.679,41.038,Idle
-1.372,0.109,0.328,-171.557,13.679,41.038,Idle
-0.981,0.109,0.328,-122.702,13.679,41.038,Idle
-0.590,0.109,0.328,-73.847,13.679,41.038,Idle
-0.200,0.109,0.328,-24.992,13.679,41.038,Idle
0.191,0.109,0.328,23.870,13.679,41.038,Idle
0.581,0.109,0.328,72.725,13.679,41.038,Idle
0.972,0.109,0.328,121.580,13.679,41.038,Idle
1.363,0.109,0.328,170.435,13.679,41.038,Idle
1.753,0.109,0.328,219.290,13.679,41.038,Idle
-1.856,0.109,0.328,-232.130,13.679,41.038,Idle
-1.465,0.109,0.328,-183.275,13.679,41.038,Idle
-1.075,0.109,0.328,-134.420,13.679,41.038,Idle
-0.684,0.109,0.328,-85.565,13.679,41.038,Idle
-0.294,0.109,0.328,-36.710,13.679,41.038,Idle
0.097,0.109,0.328,12.153,13.679,41.038,Idle
0.488,0.109,0.328,61.008,13.679,41.038,Idle
0.878,0.109,0.328,109.863,13.679,41.038,Idle
1.269,0.109,0.328,158.718,13.679,41.038,Idle
1.660,0.109,0.328,207.573,13.679,41.038,Idle
-1.950,0.109,0.328,-243.847,13.679,41.038,Idle
-1.559,0.109,0.328,-194.992,13.679,41.038,Idle
-1.168,0.109,0.328,-146.137,13.679,41.038,Idle
-0.778,0.109,0.328,-97.282,13.679,41.038,Idle
-0.387,0.109,0.328,-48.427,13.679,41.038,Idle
0.003,0.109,0.328,0.435,13.679,41.038,Idle
0.378,0.109,0.328,47.336,13.679,41.038,Idle
0.769,0.109,0.328,96.191,13.679,41.038,Idle
1.160,0.109,0.328,145.046,13.679,41.038,Idle
1.550,0.109,0.328,193.901,13.679,41.038,Idle
1.941,0.109,0.328,242.756,13.679,41.038,Idle
-1.668,0.109,0.328,-208.664,13.679,41.038,Idle
-1.278,0.109,0.328,-159.809,13.679,41.038,Idle
-0.887,0.109,0.328,-110.954,13.679,41.038,Idle
-0.497,0.109,0.328,-62.099,13.679,41.038,Idle
-0.106,0.109,0.328,-13.244,13.679,41.038,Idle
0.285,0.109,0.328,35.618,13.679,41.038,Idle
0.675,0.109,0.328,84.473,13.679,41.038,Idle
1.066,0.109,0.328,133.328,13.679,41.038,Idle
1.457,0.109,0.328,182.183,13.679,41.038,Idle
1.847,0.109,0.328,231.038,13.679,41.038,Idle
-1.762,0.109,0.328,-220.382,13.679,41.038,Idle
-1.371,0.109,0.328,-171.527,13.679,41.038,Idle
-0.981,0.109,0.328,-122.672,13.679,41.038,Idle
-0.590,0.109,0.328,-73.817,13.679,41.038,Idle
-0.200,0.109,0.328,-24.962,13.679,41.038,Idle
0.191,0.109,0.328,23.901,13.679,41.038,Idle
0.582,0.109,0.328,72.756,13.679,41.038,Idle
0.972,0.109,0.328,121.611,13.679,41.038,Idle
1.363,0.109,0.328,170.466,13.679,41.038,Idle
1.754,0.109,0.328,219.321,13.679,41.038,Idle
-1.856,0.109,0.328,-232.099,13.679,41.038,Idle
-1.465,0.109,0.328,-183.244,13.679,41.038,Idle
-1.075,0.109,0.328,-134.389,13.679,41.038,Idle
-0.684,0.109,0.328,-85.534,13.679,41.038,Idle
-0.293,0.109,0.328,-36.679,13.679,41.038,Idle
0.097,0.109,0.328,12.183,13.679,41.038,Idle
0.488,0.109,0.328,61.038,13.679,41.038,Idle
0.879,0.109,0.328,109.893,13.679,41.038,Idle
1.269,0.109,0.328,158.748,13.679,41.038,Idle
1.660,0.109,0.328,207.603,13.679,41.038,Idle
-1.949,0.109,0.328,-243.817,13.679,41.038,Idle
-1.559,0.109,0.328,-194.962,13.679,41.038,Idle
-1.168,0.109,0.328,-146.107,13.679,41.038,Idle
-0.778,0.109,0.328,-97.252,13.679,41.038,Idle
-0.387,0.109,0.328,-48.397,13.679,41.038,Idle
0.004,0.109,0.328,0.466,13.679,41.038,Idle
0.379,0.109,0.328,47.366,13.679,41.038,Idle
0.769,0.109,0.328,96.221,13.679,41.038,Idle
1.160,0.109,0.328,145.076,13.679,41.038,Idle
1.551,0.109,0.328,193.931,13.679,41.038,Idle
1.941,0.109,0.328,242.786,13.679,41.038,Idle
-1.668,0.109,0.328,-208.634,13.679,41.038,Idle
-1.278,0.109,0.328,-159.779,13.679,41.038,Idle
-0.887,0.109,0.328,-110.924,13.679,41.038,Idle
-0.496,0.109,0.328,-62.069,13.679,41.038,Idle
-0.106,0.109,0.328,-13.214,13.679,41.038,Idle
0.285,0.109,0.328,35.649,13.679,41.038,Idle
0.676,0.109,0.328,84.504,13.679,41.038,Idle
1.066,0.109,0.328,133.359,13.679,41.038,Idle
1.457,0.109,0.328,182.214,13.679,41.038,Idle
1.848,0.109,0.328,231.069,13.679,41.038,Idle
-1.762,0.109,0.328,-220.351,13.679,41.038,Idle
-1.371,0.109,0.328,-171.496,13.679,41.038,Idle
-0.981,0.109,0.328,-122.641,13.679,41.038,Idle
-0.590,0.109,0.328,-73.786,13.679,41.038,Idle
-0.199,0.109,0.328,-24.931,13.679,41.038,Idle
0.191,0.109,0.328,23.931,13.679,41.038,Idle
0.582,0.109,0.328,72.786,13.679,41.038,Idle
0.973,0.109,0.328,121.641,13.679,41.038,Idle
1.363,0.109,0.328,170.496,13.679,41.038,Idle
1.754,0.109,0.328,219.351,13.679,41.038,Idle
-1.856,0.109,0.328,-232.069,13.679,41.038,Idle
-1.465,0.109,0.328,-183.214,13.679,41.038,Idle
-1.074,0.109,0.328,-134.359,13.679,41.038,Idle
-0.684,0.109,0.328,-85.504,13.679,41.038,Idle
-0.293,0.109,0.328,-36.649,13.679,41.038,Idle
0.098,0.109,0.328,12.214,13.679,41.038,Idle
0.488,0.109,0.328,61.069,13.679,41.038,Idle
0.879,0.109,0.328,109.924,13.679,41.038,Idle
1.270,0.109,0.328,158.779,13.679,41.038,Idle
1.660,0.109,0.328,207.634,13.679,41.038,Idle
-1.949,0.109,0.328,-243.786,13.679,41.038,Idle
-1.559,0.109,0.328,-194.931,13.679,41.038,Idle
-1.168,0.109,0.328,-146.076,13.679,41.038,Idle
-0.777,0.109,0.328,-97.221,13.679,41.038,Idle
-0.387,0.109,0.328,-48.366,13.679,41.038,Idle
0.004,0.109,0.328,0.496,13.679,41.038,Idle
0.379,0.109,0.328,47.397,13.679,41.038,Idle
0.770,0.109,0.328,96.252,13.679,41.038,Idle
1.160,0.109,0.328,145.107,13.679,41.038,Idle
1.551,0.109,0.328,193.962,13.679,41.038,Idle
1.941,0.109,0.328,242.817,13.679,41.038,Idle
-1.668,0.109,0.328,-208.603,13.679,41.038,Idle
-1.277,0.109,0.328,-159.748,13.679,41.038,Idle
-0.887,0.109,0.328,-110.893,13.679,41.038,Idle
-0.496,0.109,0.328,-62.038,13.679,41.038,Idle
-0.105,0.109,0.328,-13.183,13.679,41.038,Idle
0.285,0.109,0.328,35.679,13.679,41.038,Idle
0.676,0.109,0.328,84.534,13.679,41.038,Idle
1.067,0.109,0.328,133.389,13.679,41.038,Idle
1.457,0.109,0.328,182.244,13.679,41.038,Idle
1.848,0.109,0.328,231.099,13.679,41.038,Idle
-1.762,0.109,0.328,-220.321,13.679,41.038,Idle
-1.371,0.109,0.328,-171.466,13.679,41.038,Idle
-0.980,0.109,0.328,-122.611,13.679,41.038,Idle
-0.590,0.109,0.328,-73.756,13.679,41.038,Idle
-0.199,0.109,0.328,-24.901,13.679,41.038,Idle
0.192,0.109,0.328,23.962,13.679,41.038,Idle
0.582,0.109,0.328,72.817,13.679,41.038,Idle
0.973,0.109,0.328,121.672,13.679,41.038,Idle
1.363,0.109,0.328,170.527,13.679,41.038,Idle
1.754,0.109,0.328,219.382,13.679,41.038,Idle
-1.855,0.109,0.328,-232.038,13.679,41.038,Idle
-1.465,0.109,0.328,-183.183,13.679,41.038,Idle
-1.074,0.109,0.328,-134.328,13.679,41.038,Idle
-0.683,0.109,0.328,-85.473,13.679,41.038,Idle
-0.293,0.109,0.328,-36.618,13.679,41.038,Idle
0.098,0.109,0.328,12.244,13.679,41.038,Idle
0.489,0.109,0.328,61.099,13.679,41.038,Idle
0.879,0.109,0.328,109.954,13.679,41.038,Idle
1.270,0.109,0.328,158.809,13.679,41.038,Idle
1.660,0.109,0.328,207.664,13.679,41.038,Idle
-1.949,0.109,0.328,-243.756,13.679,41.038,Idle
-1.558,0.109,0.328,-194.901,13.679,41.038,Idle
-1.168,0.109,0.328,-146.046,13.679,41.038,Idle
-0.777,0.109,0.328,-97.191,13.679,41.038,Idle
-0.386,0.109,0.328,-48.336,13.679,41.038,Idle
0.004,0.109,0.328,0.527,13.679,41.038,Idle
0.379,0.109,0.328,47.427,13.679,41.038,Idle
0.770,0.109,0.328,96.282,13.679,41.038,Idle
1.160,0.109,0.328,145.137,13.679,41.038,Idle
1.551,0.109,0.328,193.992,13.679,41.038,Idle
1.942,0.109,0.328,242.847,13.679,41.038,Idle
-1.668,0.109,0.328,-208.573,13.679,41.038,Idle
-1.277,0.109,0.328,-159.718,13.679,41.038,Idle
-0.886,0.109,0.328,-110.863,13.679,41.038,Idle
-0.496,0.109,0.328,-62.008,13.679,41.038,Idle
-0.105,0.109,0.328,-13.153,13.679,41.038,Idle
0.286,0.109,0.328,35.710,13.679,41.038,Idle
0.676,0.109,0.328,84.565,13.679,41.038,Idle
1.067,0.109,0.328,133.420,13.679,41.038,Idle
1.457,0.109,0.328,182.275,13.679,41.038,Idle
1.848,0.109,0.328,231.130,13.679,41.038,Idle
-1.761,0.109,0.328,-220.290,13.679,41.038,Idle
-1.371,0.109,0.328,-171.435,13.679,41.038,Idle
-0.980,0.109,0.328,-122.580,13.679,41.038,Idle
-0.589,0.109,0.328,-73.725,13.679,41.038,Idle
-0.199,0.109,0.328,-24.870,13.679,41.038,Idle
0.192,0.109,0.328,23.992,13.679,41.038,Idle
0.582,0.109,0.328,72.847,13.679,41.038,Idle
0.973,0.109,0.328,121.702,13.679,41.038,Idle
1.364,0.109,0.328,170.557,13.679,41.038,Idle
1.754,0.109,0.328,219.412,13.679,41.038,Idle
-1.855,0.109,0.328,-232.008,13.679,41.038,Idle
-1.464,0.109,0.328,-183.153,13.679,41.038,Idle
-1.074,0.109,0.328,-134.298,13.679,41.038,Idle
-0.683,0.109,0.328,-85.443,13.679,41.038,Idle
-0.293,0.109,0.328,-36.588,13.679,41.038,Idle
0.098,0.109,0.328,12.275,13.679,41.038,Idle
0.489,0.109,0.328,61.130,13.679,41.038,Idle
0.879,0.109,0.328,109.985,13.679,41.038,Idle
1.270,0.109,0.328,158.840,13.679,41.038,Idle
1.661,0.109,0.328,207.695,13.679,41.038,Idle
-1.949,0.109,0.328,-243.725,13.679,41.038,Idle
-1.558,0.109,0.328,-194.870,13.679,41.038,Idle
-1.167,0.109,0.328,-146.015,13.679,41.038,Idle
-0.777,0.109,0.328,-97.160,13.679,41.038,Idle
-0.386,0.109,0.328,-48.305,13.679,41.038,Idle
0.004,0.109,0.328,0.557,13.679,41.038,Idle
0.379,0.109,0.328,47.458,13.679,41.038,Idle
0.770,0.109,0.328,96.313,13.679,41.038,Idle
1.161,0.109,0.328,145.168,13.679,41.038,Idle
1.551,0.109,0.328,194.023,13.679,41.038,Idle
1.942,0.109,0.328,242.878,13.679,41.038,Idle
-1.667,0.109,0.328,-208.542,13.679,41.038,Idle
-1.277,0.109,0.328,-159.687,13.679,41.038,Idle
-0.886,0.109,0.328,-110.832,13.679,41.038,Idle
-0.496,0.109,0.328,-61.977,13.679,41.038,Idle
-0.105,0.109,0.328,-13.122,13.679,41.038,Idle
0.286,0.109,0.328,35.740,13.679,41.038,Idle
0.676,0.109,0.328,84.595,13.679,41.038,Idle
1.067,0.109,0.328,133.450,13.679,41.038,Idle
1.458,0.109,0.328,182.305,13.679,41.038,Idle
1.848,0.109,0.328,231.160,13.679,41.038,Idle
-1.761,0.109,0.328,-220.260,13.679,41.038,Idle
-1.370,0.109,0.328,-171.405,13.679,41.038,Idle
-0.980,0.109,0.328,-122.550,13.679,41.038,Idle
-0.589,0.109,0.328,-73.695,13.679,41.038,Idle
-0.199,0.109,0.328,-24.840,13.679,41.038,Idle
0.192,0.109,0.328,24.023,13.679,41.038,Idle
0.583,0.109,0.328,72.878,13.679,41.038,Idle
0.973,0.109,0.328,121.733,13.679,41.038,Idle
1.364,0.109,0.328,170.588,13.679,41.038,Idle
1.755,0.109,0.328,219.443,13.679,41.038,Idle
-1.855,0.109,0.328,-231.977,13.679,41.038,Idle
-1.464,0.109,0.328,-183.122,13.679,41.038,Idle
-1.074,0.109,0.328,-134.267,13.679,41.038,Idle
-0.683,0.109,0.328,-85.412,13.679,41.038,Idle
-0.292,0.109,0.328,-36.557,13.679,41.038,Idle
0.098,0.109,0.328,12.305,13.679,41.038,Idle
0.489,0.109,0.328,61.160,13.679,41.038,Idle
0.880,0.109,0.328,110.015,13.679,41.038,Idle
1.270,0.109,0.328,158.870,13.679,41.038,Idle
1.661,0.109,0.328,207.725,13.679,41.038,Idle
-1.948,0.109,0.328,-243.695,13.679,41.038,Idle
-1.558,0.109,0.328,-194.840,13.679,41.038,Idle
-1.167,0.109,0.328,-145.985,13.679,41.038,Idle
-0.777,0.109,0.328,-97.130,13.679,41.038,Idle
-0.386,0.109,0.328,-48.275,13.679,41.038,Idle
0.005,0.109,0.328,0.588,13.679,41.038,Idle
0.380,0.109,0.328,47.489,13.679,41.038,Idle
0.770,0.109,0.328,96.344,13.679,41.038,Idle
1.161,0.109,0.328,145.198,13.679,41.038,Idle
1.552,0.109,0.328,194.053,13.679,41.038,Idle
1.942,0.109,0.328,242.908,13.679,41.038,Idle
-1.667,0.109,0.328,-208.511,13.679,41.038,Idle
-1.277,0.109,0.328,-159.656,13.679,41.038,Idle
-0.886,0.109,0.328,-110.802,13.679,41.038,Idle
-0.495,0.109,0.328,-61.947,13.679,41.038,Idle
-0.105,0.109,0.328,-13.092,13.679,41.038,Idle
0.286,0.109,0.328,35.771,13.679,41.038,Idle
0.677,0.109,0.328,84.626,13.679,41.038,Idle
1.067,0.109,0.328,133.481,13.679,41.038,Idle
1.458,0.109,0.328,182.336,13.679,41.038,Idle
1.849,0.109,0.328,231.191,13.679,41.038,Idle
-1.761,0.109,0.328,-220.229,13.679,41.038,Idle
-1.370,0.109,0.328,-171.374,13.679,41.038,Idle
-0.980,0.109,0.328,-122.519,13.679,41.038,Idle
-0.589,0.109,0.328,-73.664,13.679,41.038,Idle
-0.198,0.109,0.328,-24.809,13.679,41.038,Idle
0.192,0.109,0.328,24.053,13.679,41.038,Idle
0.583,0.109,0.328,72.908,13.679,41.038,Idle
0.974,0.109,0.328,121.763,13.679,41.038,Idle
1.364,0.109,0.328,170.618,13.679,41.038,Idle
1.755,0.109,0.328,219.473,13.679,41.038,Idle
-1.855,0.109,0.328,-231.947,13.679,41.038,Idle
-1.464,0.109,0.328,-183.092,13.679,41.038,Idle
-1.073,0.109,0.328,-134.237,13.679,41.038,Idle
-0.683,0.109,0.328,-85.382,13.679,41.038,Idle
-0.292,0.109,0.328,-36.527,13.679,41.038,Idle
0.099,0.109,0.328,12.336,13.679,41.038,Idle
0.489,0.109,0.328,61.191,13.679,41.038,Idle
0.880,0.109,0.328,110.046,13.679,41.038,Idle
1.271,0.109,0.328,158.901,13.679,41.038,Idle
1.661,0.109,0.328,207.756,13.679,41.038,Idle
-1.948,0.109,0.328,-243.664,13.679,41.038,Idle
-1.558,0.109,0.328,-194.809,13.679,41.038,Idle
-1.167,0.109,0.328,-145.954,13.679,41.038,Idle
-0.776,0.109,0.328,-97.099,13.679,41.038,Idle
-0.386,0.109,0.328,-48.244,13.679,41.038,Idle
0.005,0.109,0.328,0.618,13.679,41.038,Idle
0.380,0.109,0.328,47.519,13.679,41.038,Idle
0.771,0.109,0.328,96.374,13.679,41.038,Idle
1.161,0.109,0.328,145.229,13.679,41.038,Idle
1.552,0.109,0.328,194.084,13.679,41.038,Idle
1.942,0.109,0.328,242.939,13.679,41.038,Idle
-1.667,0.109,0.328,-208.481,13.679,41.038,Idle
-1.276,0.109,0.328,-159.626,13.679,41.038,Idle
-0.886,0.109,0.328,-110.771,13.679,41.038,Idle
-0.495,0.109,0.328,-61.916,13.679,41.038,Idle
-0.104,0.109,0.328,-13.061,13.679,41.038,Idle
0.286,0.109,0.328,35.802,13.679,41.038,Idle
0.677,0.109,0.328,84.656,13.679,41.038,Idle
1.068,0.109,0.328,133.511,13.679,41.038,Idle
1.458,0.109,0.328,182.366,13.679,41.038,Idle
1.849,0.109,0.328,231.221,13.679,41.038,Idle
-1.761,0.109,0.328,-220.198,13.679,41.038,Idle
-1.370,0.109,0.328,-171.344,13.679,41.038,Idle
-0.979,0.109,0.328,-122.489,13.679,41.038,Idle
-0.589,0.109,0.328,-73.634,13.679,41.038,Idle
-0.198,0.109,0.328,-24.779,13.679,41.038,Idle
0.193,0.109,0.328,24.084,13.679,41.038,Idle
0.583,0.109,0.328,72.939,13.679,41.038,Idle
0.974,0.109,0.328,121.794,13.679,41.038,Idle
1.364,0.109,0.328,170.649,13.679,41.038,Idle
1.755,0.109,0.328,219.504,13.679,41.038,Idle
-1.854,0.109,0.328,-231.916,13.679,41.038,Idle
-1.464,0.109,0.328,-183.061,13.679,41.038,Idle
-1.073,0.109,0.328,-134.206,13.679,41.038,Idle
-0.682,0.109,0.328,-85.351,13.679,41.038,Idle
-0.292,0.109,0.328,-36.496,13.679,41.038,Idle
0.099,0.109,0.328,12.366,13.679,41.038,Idle
0.490,0.109,0.328,61.221,13.679,41.038,Idle
0.880,0.109,0.328,110.076,13.679,41.038,Idle
1.271,0.109,0.328,158.931,13.679,41.038,Idle
1.661,0.109,0.328,207.786,13.679,41.038,Idle
-1.948,0.109,0.328,-243.634,13.679,41.038,Idle
-1.557,0.109,0.328,-194.779,13.679,41.038,Idle
-1.167,0.109,0.328,-145.924,13.679,41.038,Idle
-0.776,0.109,0.328,-97.069,13.679,41.038,Idle
-0.385,0.109,0.328,-48.214,13.679,41.038,Idle
0.005,0.109,0.328,0.649,13.679,41.038,Idle
0.380,0.109,0.328,47.550,13.679,41.038,Idle
0.771,0.109,0.328,96.405,13.679,41.038,Idle
1.161,0.109,0.328,145.260,13.679,41.038,Idle
1.552,0.109,0.328,194.115,13.679,41.038,Idle
1.943,0.109,0.328,242.969,13.679,41.038,Idle
-1.667,0.109,0.328,-208.450,13.679,41.038,Idle
-1.276,0.109,0.328,-159.595,13.679,41.038,Idle
-0.885,0.109,0.328,-110.740,13.679,41.038,Idle
-0.495,0.109,0.328,-61.885,13.679,41.038,Idle
-0.104,0.109,0.328,-13.031,13.679,41.038,Idle
0.286,0.109,0.328,35.832,13.679,41.038,Idle
0.677,0.109,0.328,84.687,13.679,41.038,Idle
1.068,0.109,0.328,133.542,13.679,41.038,Idle
1.458,0.109,0.328,182.397,13.679,41.038,Idle
1.849,0.109,0.328,231.252,13.679,41.038,Idle
-1.760,0.109,0.328,-220.168,13.679,41.038,Idle
-1.370,0.109,0.328,-171.313,13.679,41.038,Idle
-0.979,0.109,0.328,-122.458,13.679,41.038,Idle
-0.589,0.109,0.328,-73.603,13.679,41.038,Idle
-0.198,0.109,0.328,-24.748,13.679,41.038,Idle
0.193,0.109,0.328,24.115,13.679,41.038,Idle
0.583,0.109,0.328,72.969,13.679,41.038,Idle
0.974,0.109,0.328,121.824,13.679,41.038,Idle
1.365,0.109,0.328,170.679,13.679,41.038,Idle
1.755,0.109,0.328,219.534,13.679,41.038,Idle
-1.854,0.109,0.328,-231.885,13.679,41.038,Idle
-1.463,0.109,0.328,-183.031,13.679,41.038,Idle
-1.073,0.109,0.328,-134.176,13.679,41.038,Idle
-0.682,0.109,0.328,-85.321,13.679,41.038,Idle
-0.292,0.109,0.328,-36.466,13.679,41.038,Idle
0.099,0.109,0.328,12.397,13.679,41.038,Idle
0.490,0.109,0.328,61.252,13.679,41.038,Idle
0.880,0.109,0.328,110.107,13.679,41.038,Idle
1.271,0.109,0.328,158.962,13.679,41.038,Idle
1.662,0.109,0.328,207.817,13.679,41.038,Idle
-1.948,0.109,0.328,-243.603,13.679,41.038,Idle
-1.557,0.109,0.328,-194.748,13.679,41.038,Idle
-1.167,0.109,0.328,-145.893,13.679,41.038,Idle
-0.776,0.109,0.328,-97.038,13.679,41.038,Idle
-0.385,0.109,0.328,-48.183,13.679,41.038,Idle
0.005,0.109,0.328,0.679,13.679,41.038,Idle
0.380,0.109,0.328,47.580,13.679,41.038,Idle
0.771,0.109,0.328,96.435,13.679,41.038,Idle
1.162,0.109,0.328,145.290,13.679,41.038,Idle
1.552,0.109,0.328,194.145,13.679,41.038,Idle
1.943,0.109,0.328,243.000,13.679,41.038,Idle
-1.666,0.109,0.328,-208.420,13.679,41.038,Idle
-1.276,0.109,0.328,-159.565,13.679,41.038,Idle
-0.885,0.109,0.328,-110.710,13.679,41.038,Idle
-0.495,0.109,0.328,-61.855,13.679,41.038,Idle
-0.104,0.109,0.328,-13.000,13.679,41.038,Idle
0.287,0.109,0.328,35.863,13.679,41.038,Idle
0.677,0.109,0.328,84.718,13.679,41.038,Idle
1.068,0.109,0.328,133.573,13.679,41.038,Idle
1.459,0.109,0.328,182.427,13.679,41.038,Idle
1.849,0.109,0.328,231.282,13.679,41.038,Idle
-1.760,0.109,0.328,-220.137,13.679,41.038,Idle
-1.370,0.109,0.328,-171.282,13.679,41.038,Idle
-0.979,0.109,0.328,-122.427,13.679,41.038,Idle
-0.588,0.109,0.328,-73.573,13.679,41.038,Idle
-0.198,0.109,0.328,-24.718,13.679,41.038,Idle
0.193,0.109,0.328,24.145,13.679,41.038,Idle
0.584,0.109,0.328,73.000,13.679,41.038,Idle
0.974,0.109,0.328,121.855,13.679,41.038,Idle
1.365,0.109,0.328,170.710,13.679,41.038,Idle
1.756,0.109,0.328,219.565,13.679,41.038,Idle
-1.854,0.109,0.328,-231.855,13.679,41.038,Idle
-1.463,0.109,0.328,-183.000,13.679,41.038,Idle
-1.073,0.109,0.328,-134.145,13.679,41.038,Idle
-0.682,0.109,0.328,-85.290,13.679,41.038,Idle
-0.291,0.109,0.328,-36.435,13.679,41.038,Idle
0.099,0.109,0.328,12.427,13.679,41.038,Idle
0.490,0.109,0.328,61.282,13.679,41.038,Idle
0.881,0.109,0.328,110.137,13.679,41.038,Idle
1.271,0.109,0.328,158.992,13.679,41.038,Idle
1.662,0.109,0.328,207.847,13.679,41.038,Idle
-1.948,0.109,0.328,-243.573,13.679,41.038,Idle
-1.557,0.109,0.328,-194.718,13.679,41.038,Idle
-1.166,0.109,0.328,-145.863,13.679,41.038,Idle
1.438,0.125,0.328,179.824,15.634,41.038,Pitch
1.828,0.125,0.328,228.679,15.634,41.038,Pitch
-1.781,0.125,0.328,-222.740,15.634,41.038,Pitch
-1.390,0.125,0.328,-173.885,15.634,41.038,Pitch
-1.000,0.125,0.328,-125.031,15.634,41.038,Pitch
-0.609,0.125,0.328,-76.176,15.634,41.038,Pitch
-0.218,0.125,0.328,-27.321,15.634,41.038,Pitch
0.172,0.125,0.328,21.542,15.634,41.038,Pitch
0.563,0.125,0.328,70.397,15.634,41.038,Pitch
0.953,0.125,0.328,119.252,15.634,41.038,Pitch
1.344,0.125,0.328,168.107,15.634,41.038,Pitch
1.735,0.125,0.328,216.962,15.634,41.038,Pitch
-1.875,0.125,0.328,-234.458,15.634,41.038,Pitch
-1.484,0.125,0.328,-185.603,15.634,41.038,Pitch
-1.093,0.125,0.328,-136.748,15.634,41.038,Pitch
-0.703,0.125,0.328,-87.893,15.634,41.038,Pitch
-0.312,0.125,0.328,-39.038,15.634,41.038,Pitch
0.079,0.125,0.328,9.824,15.634,41.038,Pitch
0.454,0.125,0.328,56.725,15.634,41.038,Pitch
0.844,0.125,0.328,105.580,15.634,41.038,Pitch
1.235,0.125,0.328,154.435,15.634,41.038,Pitch
1.625,0.125,0.328,203.290,15.634,41.038,Pitch
-1.984,0.125,0.328,-248.130,15.634,41.038,Pitch
-1.593,0.125,0.328,-199.275,15.634,41.038,Pitch
-1.203,0.125,0.328,-150.420,15.634,41.038,Pitch
-0.812,0.125,0.328,-101.565,15.634,41.038,Pitch
-0.421,0.125,0.328,-52.710,15.634,41.038,Pitch
-0.031,0.125,0.328,-3.855,15.634,41.038,Pitch
0.360,0.125,0.328,45.008,15.634,41.038,Pitch
0.750,0.125,0.328,93.863,15.634,41.038,Pitch
1.141,0.125,0.328,142.718,15.634,41.038,Pitch
1.532,0.125,0.328,191.573,15.634,41.038,Pitch
1.922,0.125,0.328,240.427,15.634,41.038,Pitch
-1.687,0.125,0.328,-210.992,15.634,41.038,Pitch
-1.296,0.125,0.328,-162.137,15.634,41.038,Pitch
-0.906,0.125,0.328,-113.282,15.634,41.038,Pitch
-0.515,0.125,0.328,-64.427,15.634,41.038,Pitch
-0.125,0.125,0.328,-15.573,15.634,41.038,Pitch
0.266,0.125,0.328,33.290,15.634,41.038,Pitch
0.657,0.125,0.328,82.145,15.634,41.038,Pitch
1.047,0.125,0.328,131.000,15.634,41.038,Pitch
1.438,0.125,0.328,179.855,15.634,41.038,Pitch
1.829,0.125,0.328,228.710,15.634,41.038,Pitch
-1.781,0.125,0.328,-222.710,15.634,41.038,Pitch
-1.390,0.125,0.328,-173.855,15.634,41.038,Pitch
-0.999,0.125,0.328,-125.000,15.634,41.038,Pitch
-0.609,0.125,0.328,-76.145,15.634,41.038,Pitch
-0.218,0.125,0.328,-27.290,15.634,41.038,Pitch
0.172,0.125,0.328,21.573,15.634,41.038,Pitch
0.563,0.125,0.328,70.427,15.634,41.038,Pitch
0.954,0.125,0.328,119.282,15.634,41.038,Pitch
1.344,0.125,0.328,168.137,15.634,41.038,Pitch
1.735,0.125,0.328,216.992,15.634,41.038,Pitch
-1.874,0.125,0.328,-234.427,15.634,41.038,Pitch
-1.484,0.125,0.328,-185.573,15.634,41.038,Pitch
-1.093,0.125,0.328,-136.718,15.634,41.038,Pitch
-0.703,0.125,0.328,-87.863,15.634,41.038,Pitch
-0.312,0.125,0.328,-39.008,15.634,41.038,Pitch
0.079,0.125,0.328,9.855,15.634,41.038,Pitch
0.454,0.125,0.328,56.756,15.634,41.038,Pitch
0.844,0.125,0.328,105.611,15.634,41.038,Pitch
1.235,0.125,0.328,154.466,15.634,41.038,Pitch
1.626,0.125,0.328,203.321,15.634,41.038,Pitch
-1.984,0.125,0.328,-248.099,15.634,41.038,Pitch
-1.593,0.125,0.328,-199.244,15.634,41.038,Pitch
-1.202,0.125,0.328,-150.389,15.634,41.038,Pitch
-0.812,0.125,0.328,-101.534,15.634,41.038,Pitch
-0.421,0.125,0.328,-52.679,15.634,41.038,Pitch
-0.031,0.125,0.328,-3.824,15.634,41.038,Pitch
0.360,0.125,0.328,45.038,15.634,41.038,Pitch
0.751,0.125,0.328,93.893,15.634,41.038,Pitch
1.141,0.125,0.328,142.748,15.634,41.038,Pitch
1.532,0.125,0.328,191.603,15.634,41.038,Pitch
1.923,0.125,0.328,240.458,15.634,41.038,Pitch
-1.687,0.125,0.328,-210.962,15.634,41.038,Pitch
-1.296,0.125,0.328,-162.107,15.634,41.038,Pitch
-0.906,0.125,0.328,-113.252,15.634,41.038,Pitch
-0.515,0.125,0.328,-64.397,15.634,41.038,Pitch
-0.124,0.125,0.328,-15.542,15.634,41.038,Pitch
0.266,0.125,0.328,33.321,15.634,41.038,Pitch
0.657,0.125,0.328,82.176,15.634,41.038,Pitch
1.048,0.125,0.328,131.031,15.634,41.038,Pitch
1.438,0.125,0.328,179.885,15.634,41.038,Pitch
1.829,0.125,0.328,228.740,15.634,41.038,Pitch
-1.780,0.125,0.328,-222.679,15.634,41.038,Pitch
-1.390,0.125,0.328,-173.824,15.634,41.038,Pitch
-0.999,0.125,0.328,-124.969,15.634,41.038,Pitch
-0.609,0.125,0.328,-76.115,15.634,41.038,Pitch
-0.218,0.125,0.328,-27.260,15.634,41.038,Pitch
0.173,0.125,0.328,21.603,15.634,41.038,Pitch
0.563,0.125,0.328,70.458,15.634,41.038,Pitch
0.954,0.125,0.328,119.313,15.634,41.038,Pitch
1.345,0.125,0.328,168.168,15.634,41.038,Pitch
1.735,0.125,0.328,217.023,15.634,41.038,Pitch
-1.874,0.125,0.328,-234.397,15.634,41.038,Pitch
-1.484,0.125,0.328,-185.542,15.634,41.038,Pitch
-1.093,0.125,0.328,-136.687,15.634,41.038,Pitch
-0.702,0.125,0.328,-87.832,15.634,41.038,Pitch
-0.312,0.125,0.328,-38.977,15.634,41.038,Pitch
0.079,0.125,0.328,9.885,15.634,41.038,Pitch
0.454,0.125,0.328,56.786,15.634,41.038,Pitch
0.845,0.125,0.328,105.641,15.634,41.038,Pitch
1.235,0.125,0.328,154.496,15.634,41.038,Pitch
1.626,0.125,0.328,203.351,15.634,41.038,Pitch
-1.983,0.125,0.328,-248.069,15.634,41.038,Pitch
-1.593,0.125,0.328,-199.214,15.634,41.038,Pitch
-1.202,0.125,0.328,-150.359,15.634,41.038,Pitch
-0.812,0.125,0.328,-101.504,15.634,41.038,Pitch
-0.421,0.125,0.328,-52.649,15.634,41.038,Pitch
-0.030,0.125,0.328,-3.794,15.634,41.038,Pitch
0.360,0.125,0.328,45.069,15.634,41.038,Pitch
0.751,0.125,0.328,93.924,15.634,41.038,Pitch
1.142,0.125,0.328,142.779,15.634,41.038,Pitch
1.532,0.125,0.328,191.634,15.634,41.038,Pitch
1.923,0.125,0.328,240.489,15.634,41.038,Pitch
-1.687,0.125,0.328,-210.931,15.634,41.038,Pitch
-1.296,0.125,0.328,-162.076,15.634,41.038,Pitch
-0.905,0.125,0.328,-113.221,15.634,41.038,Pitch
-0.515,0.125,0.328,-64.366,15.634,41.038,Pitch
-0.124,0.125,0.328,-15.511,15.634,41.038,Pitch
0.267,0.125,0.328,33.351,15.634,41.038,Pitch
0.657,0.125,0.328,82.206,15.634,41.038,Pitch
1.048,0.125,0.328,131.061,15.634,41.038,Pitch
1.439,0.125,0.328,179.916,15.634,41.038,Pitch
1.829,0.125,0.328,228.771,15.634,41.038,Pitch
-1.780,0.125,0.328,-222.649,15.634,41.038,Pitch
-1.390,0.125,0.328,-173.794,15.634,41.038,Pitch
-0.999,0.125,0.328,-124.939,15.634,41.038,Pitch
-0.608,0.125,0.328,-76.084,15.634,41.038,Pitch
-0.218,0.125,0.328,-27.229,15.634,41.038,Pitch
0.173,0.125,0.328,21.634,15.634,41.038,Pitch
0.564,0.125,0.328,70.489,15.634,41.038,Pitch
0.954,0.125,0.328,119.344,15.634,41.038,Pitch
1.345,0.125,0.328,168.198,15.634,41.038,Pitch
1.735,0.125,0.328,217.053,15.634,41.038,Pitch
-1.874,0.125,0.328,-234.366,15.634,41.038,Pitch
-1.483,0.125,0.328,-185.511,15.634,41.038,Pitch
-1.093,0.125,0.328,-136.656,15.634,41.038,Pitch
-0.702,0.125,0.328,-87.802,15.634,41.038,Pitch
-0.311,0.125,0.328,-38.947,15.634,41.038,Pitch
0.079,0.125,0.328,9.916,15.634,41.038,Pitch
0.454,0.125,0.328,56.817,15.634,41.038,Pitch
0.845,0.125,0.328,105.672,15.634,41.038,Pitch
1.236,0.125,0.328,154.527,15.634,41.038,Pitch
1.626,0.125,0.328,203.382,15.634,41.038,Pitch
-1.983,0.125,0.328,-248.038,15.634,41.038,Pitch
-1.593,0.125,0.328,-199.183,15.634,41.038,Pitch
-1.202,0.125,0.328,-150.328,15.634,41.038,Pitch
-0.811,0.125,0.328,-101.473,15.634,41.038,Pitch
-0.421,0.125,0.328,-52.618,15.634,41.038,Pitch
-0.030,0.125,0.328,-3.763,15.634,41.038,Pitch
0.361,0.125,0.328,45.099,15.634,41.038,Pitch
0.751,0.125,0.328,93.954,15.634,41.038,Pitch
1.142,0.125,0.328,142.809,15.634,41.038,Pitch
1.532,0.125,0.328,191.664,15.634,41.038,Pitch
1.923,0.125,0.328,240.519,15.634,41.038,Pitch
-1.686,0.125,0.328,-210.901,15.634,41.038,Pitch
-1.296,0.125,0.328,-162.046,15.634,41.038,Pitch
-0.905,0.125,0.328,-113.191,15.634,41.038,Pitch
-0.514,0.125,0.328,-64.336,15.634,41.038,Pitch
-0.124,0.125,0.328,-15.481,15.634,41.038,Pitch
0.267,0.125,0.328,33.382,15.634,41.038,Pitch
0.658,0.125,0.328,82.237,15.634,41.038,Pitch
1.048,0.125,0.328,131.092,15.634,41.038,Pitch
1.439,0.125,0.328,179.947,15.634,41.038,Pitch
1.829,0.125,0.328,228.802,15.634,41.038,Pitch
-1.780,0.125,0.328,-222.618,15.634,41.038,Pitch
-1.389,0.125,0.328,-173.763,15.634,41.038,Pitch
-0.999,0.125,0.328,-124.908,15.634,41.038,Pitch
-0.608,0.125,0.328,-76.053,15.634,41.038,Pitch
-0.217,0.125,0.328,-27.198,15.634,41.038,Pitch
0.173,0.125,0.328,21.664,15.634,41.038,Pitch
0.564,0.125,0.328,70.519,15.634,41.038,Pitch
0.954,0.125,0.328,119.374,15.634,41.038,Pitch
1.345,0.125,0.328,168.229,15.634,41.038,Pitch
1.736,0.125,0.328,217.084,15.634,41.038,Pitch
-1.874,0.125,0.328,-234.336,15.634,41.038,Pitch
-1.483,0.125,0.328,-185.481,15.634,41.038,Pitch
-1.092,0.125,0.328,-136.626,15.634,41.038,Pitch
-0.702,0.125,0.328,-87.771,15.634,41.038,Pitch
-0.311,0.125,0.328,-38.916,15.634,41.038,Pitch
0.080,0.125,0.328,9.947,15.634,41.038,Pitch
0.455,0.125,0.328,56.847,15.634,41.038,Pitch
0.845,0.125,0.328,105.702,15.634,41.038,Pitch
1.236,0.125,0.328,154.557,15.634,41.038,Pitch
1.626,0.125,0.328,203.412,15.634,41.038,Pitch
-1.983,0.125,0.328,-248.008,15.634,41.038,Pitch
-1.592,0.125,0.328,-199.153,15.634,41.038,Pitch
-1.202,0.125,0.328,-150.298,15.634,41.038,Pitch
-0.811,0.125,0.328,-101.443,15.634,41.038,Pitch
-0.420,0.125,0.328,-52.588,15.634,41.038,Pitch
-0.030,0.125,0.328,-3.733,15.634,41.038,Pitch
0.361,0.125,0.328,45.130,15.634,41.038,Pitch
0.751,0.125,0.328,93.985,15.634,41.038,Pitch
1.142,0.125,0.328,142.840,15.634,41.038,Pitch
1.533,0.125,0.328,191.695,15.634,41.038,Pitch
1.923,0.125,0.328,240.550,15.634,41.038,Pitch
-1.686,0.125,0.328,-210.870,15.634,41.038,Pitch
-1.295,0.125,0.328,-162.015,15.634,41.038,Pitch
-0.905,0.125,0.328,-113.160,15.634,41.038,Pitch
-0.514,0.125,0.328,-64.305,15.634,41.038,Pitch
-0.124,0.125,0.328,-15.450,15.634,41.038,Pitch
0.267,0.125,0.328,33.412,15.634,41.038,Pitch
0.658,0.125,0.328,82.267,15.634,41.038,Pitch
1.048,0.125,0.328,131.122,15.634,41.038,Pitch
1.439,0.125,0.328,179.977,15.634,41.038,Pitch
1.830,0.125,0.328,228.832,15.634,41.038,Pitch
-1.780,0.125,0.328,-222.588,15.634,41.038,Pitch
-1.389,0.125,0.328,-173.733,15.634,41.038,Pitch
-0.998,0.125,0.328,-124.878,15.634,41.038,Pitch
-0.608,0.125,0.328,-76.023,15.634,41.038,Pitch
-0.217,0.125,0.328,-27.168,15.634,41.038,Pitch
0.173,0.125,0.328,21.695,15.634,41.038,Pitch
0.564,0.125,0.328,70.550,15.634,41.038,Pitch
0.955,0.125,0.328,119.405,15.634,41.038,Pitch
1.345,0.125,0.328,168.260,15.634,41.038,Pitch
1.736,0.125,0.328,217.115,15.634,41.038,Pitch
-1.873,0.125,0.328,-234.305,15.634,41.038,Pitch
-1.483,0.125,0.328,-185.450,15.634,41.038,Pitch
-1.092,0.125,0.328,-136.595,15.634,41.038,Pitch
-0.702,0.125,0.328,-87.740,15.634,41.038,Pitch
-0.311,0.125,0.328,-38.885,15.634,41.038,Pitch
0.080,0.125,0.328,9.977,15.634,41.038,Pitch
0.455,0.125,0.328,56.878,15.634,41.038,Pitch
0.845,0.125,0.328,105.733,15.634,41.038,Pitch
1.236,0.125,0.328,154.588,15.634,41.038,Pitch
1.627,0.125,0.328,203.443,15.634,41.038,Pitch
-1.983,0.125,0.328,-247.977,15.634,41.038,Pitch
-1.592,0.125,0.328,-199.122,15.634,41.038,Pitch
-1.201,0.125,0.328,-150.267,15.634,41.038,Pitch
-0.811,0.125,0.328,-101.412,15.634,41.038,Pitch
-0.420,0.125,0.328,-52.557,15.634,41.038,Pitch
-0.030,0.125,0.328,-3.702,15.634,41.038,Pitch
0.361,0.125,0.328,45.160,15.634,41.038,Pitch
0.752,0.125,0.328,94.015,15.634,41.038,Pitch
1.142,0.125,0.328,142.870,15.634,41.038,Pitch
1.533,0.125,0.328,191.725,15.634,41.038,Pitch
1.924,0.125,0.328,240.580,15.634,41.038,Pitch
-1.686,0.125,0.328,-210.840,15.634,41.038,Pitch
-1.295,0.125,0.328,-161.985,15.634,41.038,Pitch
-0.905,0.125,0.328,-113.130,15.634,41.038,Pitch
-0.514,0.125,0.328,-64.275,15.634,41.038,Pitch
-0.123,0.125,0.328,-15.420,15.634,41.038,Pitch
0.267,0.125,0.328,33.443,15.634,41.038,Pitch
0.658,0.125,0.328,82.298,15.634,41.038,Pitch
1.049,0.125,0.328,131.153,15.634,41.038,Pitch
1.439,0.125,0.328,180.008,15.634,41.038,Pitch
1.830,0.125,0.328,228.863,15.634,41.038,Pitch
-1.779,0.125,0.328,-222.557,15.634,41.038,Pitch
-1.389,0.125,0.328,-173.702,15.634,41.038,Pitch
-0.998,0.125,0.328,-124.847,15.634,41.038,Pitch
-0.608,0.125,0.328,-75.992,15.634,41.038,Pitch
-0.217,0.125,0.328,-27.137,15.634,41.038,Pitch
0.174,0.125,0.328,21.725,15.634,41.038,Pitch
0.564,0.125,0.328,70.580,15.634,41.038,Pitch
0.955,0.125,0.328,119.435,15.634,41.038,Pitch
1.346,0.125,0.328,168.290,15.634,41.038,Pitch
1.736,0.125,0.328,217.145,15.634,41.038,Pitch
-1.873,0.125,0.328,-234.275,15.634,41.038,Pitch
-1.483,0.125,0.328,-185.420,15.634,41.038,Pitch
-1.092,0.125,0.328,-136.565,15.634,41.038,Pitch
-0.701,0.125,0.328,-87.710,15.634,41.038,Pitch
-0.311,0.125,0.328,-38.855,15.634,41.038,Pitch
0.080,0.125,0.328,10.008,15.634,41.038,Pitch
0.471,0.125,0.328,58.863,15.634,41.038,Pitch
0.861,0.125,0.328,107.718,15.634,41.038,Pitch
1.252,0.125,0.328,156.573,15.634,41.038,Pitch
1.643,0.125,0.328,205.427,15.634,41.038,Pitch
-1.967,0.125,0.328,-245.992,15.634,41.038,Pitch
-1.576,0.125,0.328,-197.137,15.634,41.038,Pitch
-1.186,0.125,0.328,-148.282,15.634,41.038,Pitch
-0.795,0.125,0.328,-99.427,15.634,41.038,Pitch
-0.404,0.125,0.328,-50.573,15.634,41.038,Pitch
-0.014,0.125,0.328,-1.718,15.634,41.038,Pitch
0.377,0.125,0.328,47.145,15.634,41.038,Pitch
0.768,0.125,0.328,96.000,15.634,41.038,Pitch
1.158,0.125,0.328,144.855,15.634,41.038,Pitch
1.549,0.125,0.328,193.710,15.634,41.038,Pitch
1.939,0.125,0.328,242.565,15.634,41.038,Pitch
-1.670,0.125,0.328,-208.855,15.634,41.038,Pitch
-1.279,0.125,0.328,-160.000,15.634,41.038,Pitch
-0.889,0.125,0.328,-111.145,15.634,41.038,Pitch
-0.498,0.125,0.328,-62.290,15.634,41.038,Pitch
-0.107,0.125,0.328,-13.435,15.634,41.038,Pitch
0.283,0.125,0.328,35.427,15.634,41.038,Pitch
0.674,0.125,0.328,84.282,15.634,41.038,Pitch
1.065,0.125,0.328,133.137,15.634,41.038,Pitch
1.455,0.125,0.328,181.992,15.634,41.038,Pitch
1.846,0.125,0.328,230.847,15.634,41.038,Pitch
-1.764,0.125,0.328,-220.573,15.634,41.038,Pitch
-1.373,0.125,0.328,-171.718,15.634,41.038,Pitch
-0.982,0.125,0.328,-122.863,15.634,41.038,Pitch
-0.592,0.125,0.328,-74.008,15.634,41.038,Pitch
-0.201,0.125,0.328,-25.153,15.634,41.038,Pitch
0.190,0.125,0.328,23.710,15.634,41.038,Pitch
0.580,0.125,0.328,72.565,15.634,41.038,Pitch
0.971,0.125,0.328,121.420,15.634,41.038,Pitch
1.361,0.125,0.328,170.275,15.634,41.038,Pitch
1.752,0.125,0.328,219.130,15.634,41.038,Pitch
-1.857,0.125,0.328,-232.290,15.634,41.038,Pitch
-1.467,0.125,0.328,-183.435,15.634,41.038,Pitch
-1.076,0.125,0.328,-134.580,15.634,41.038,Pitch
-0.685,0.125,0.328,-85.725,15.634,41.038,Pitch
-0.295,0.125,0.328,-36.870,15.634,41.038,Pitch
0.096,0.125,0.328,11.992,15.634,41.038,Pitch
0.487,0.125,0.328,60.847,15.634,41.038,Pitch
0.877,0.125,0.328,109.702,15.634,41.038,Pitch
1.268,0.125,0.328,158.557,15.634,41.038,Pitch
1.658,0.125,0.328,207.412,15.634,41.038,Pitch
-1.951,0.125,0.328,-244.008,15.634,41.038,Pitch
-1.560,0.125,0.328,-195.153,15.634,41.038,Pitch
-1.170,0.125,0.328,-146.298,15.634,41.038,Pitch
-0.779,0.125,0.328,-97.443,15.634,41.038,Pitch
-0.388,0.125,0.328,-48.588,15.634,41.038,Pitch
0.002,0.125,0.328,0.275,15.634,41.038,Pitch
0.377,0.125,0.328,47.176,15.634,41.038,Pitch
0.768,0.125,0.328,96.031,15.634,41.038,Pitch
1.158,0.125,0.328,144.885,15.634,41.038,Pitch
1.549,0.125,0.328,193.740,15.634,41.038,Pitch
1.940,0.125,0.328,242.595,15.634,41.038,Pitch
-1.670,0.125,0.328,-208.824,15.634,41.038,Pitch
-1.279,0.125,0.328,-159.969,15.634,41.038,Pitch
-0.888,0.125,0.328,-111.115,15.634,41.038,Pitch
-0.498,0.125,0.328,-62.260,15.634,41.038,Pitch
-0.107,0.125,0.328,-13.405,15.634,41.038,Pitch
0.284,0.125,0.328,35.458,15.634,41.038,Pitch
0.674,0.125,0.328,84.313,15.634,41.038,Pitch
1.065,0.125,0.328,133.168,15.634,41.038,Pitch
1.455,0.125,0.328,182.023,15.634,41.038,Pitch
1.846,0.125,0.328,230.878,15.634,41.038,Pitch
-1.763,0.125,0.328,-220.542,15.634,41.038,Pitch
-1.373,0.125,0.328,-171.687,15.634,41.038,Pitch
-0.982,0.125,0.328,-122.832,15.634,41.038,Pitch
-0.591,0.125,0.328,-73.977,15.634,41.038,Pitch
-0.201,0.125,0.328,-25.122,15.634,41.038,Pitch
0.190,0.125,0.328,23.740,15.634,41.038,Pitch
0.580,0.125,0.328,72.595,15.634,41.038,Pitch
0.971,0.125,0.328,121.450,15.634,41.038,Pitch
1.362,0.125,0.328,170.305,15.634,41.038,Pitch
1.752,0.125,0.328,219.160,15.634,41.038,Pitch
-1.857,0.125,0.328,-232.260,15.634,41.038,Pitch
-1.466,0.125,0.328,-183.405,15.634,41.038,Pitch
-1.076,0.125,0.328,-134.550,15.634,41.038,Pitch
-0.685,0.125,0.328,-85.695,15.634,41.038,Pitch
-0.295,0.125,0.328,-36.840,15.634,41.038,Pitch
0.096,0.125,0.328,12.023,15.634,41.038,Pitch
0.487,0.125,0.328,60.878,15.634,41.038,Pitch
0.877,0.125,0.328,109.733,15.634,41.038,Pitch
1.268,0.125,0.328,158.588,15.634,41.038,Pitch
1.659,0.125,0.328,207.443,15.634,41.038,Pitch
-1.951,0.125,0.328,-243.977,15.634,41.038,Pitch
-1.560,0.125,0.328,-195.122,15.634,41.038,Pitch
-1.169,0.125,0.328,-146.267,15.634,41.038,Pitch
-0.779,0.125,0.328,-97.412,15.634,41.038,Pitch
-0.388,0.125,0.328,-48.557,15.634,41.038,Pitch
0.002,0.125,0.328,0.305,15.634,41.038,Pitch
0.377,0.125,0.328,47.206,15.634,41.038,Pitch
0.768,0.125,0.328,96.061,15.634,41.038,Pitch
1.159,0.125,0.328,144.916,15.634,41.038,Pitch
1.549,0.125,0.328,193.771,15.634,41.038,Pitch
1.940,0.125,0.328,242.626,15.634,41.038,Pitch
-1.669,0.125,0.328,-208.794,15.634,41.038,Pitch
-1.279,0.125,0.328,-159.939,15.634,41.038,Pitch
-0.888,0.125,0.328,-111.084,15.634,41.038,Pitch
-0.498,0.125,0.328,-62.229,15.634,41.038,Pitch
-0.107,0.125,0.328,-13.374,15.634,41.038,Pitch
0.284,0.125,0.328,35.489,15.634,41.038,Pitch
0.674,0.125,0.328,84.344,15.634,41.038,Pitch
1.065,0.125,0.328,133.198,15.634,41.038,Pitch
1.456,0.125,0.328,182.053,15.634,41.038,Pitch
1.846,0.125,0.328,230.908,15.634,41.038,Pitch
-1.763,0.125,0.328,-220.511,15.634,41.038,Pitch
-1.372,0.125,0.328,-171.656,15.634,41.038,Pitch
-0.982,0.125,0.328,-122.802,15.634,41.038,Pitch
-0.591,0.125,0.328,-73.947,15.634,41.038,Pitch
-0.201,0.125,0.328,-25.092,15.634,41.038,Pitch
0.190,0.125,0.328,23.771,15.634,41.038,Pitch
0.581,0.125,0.328,72.626,15.634,41.038,Pitch
0.971,0.125,0.328,121.481,15.634,41.038,Pitch
1.362,0.125,0.328,170.336,15.634,41.038,Pitch
1.753,0.125,0.328,219.191,15.634,41.038,Pitch
-1.857,0.125,0.328,-232.229,15.634,41.038,Pitch
-1.466,0.125,0.328,-183.374,15.634,41.038,Pitch
-1.076,0.125,0.328,-134.519,15.634,41.038,Pitch
-0.685,0.125,0.328,-85.664,15.634,41.038,Pitch
-0.294,0.125,0.328,-36.809,15.634,41.038,Pitch
0.096,0.125,0.328,12.053,15.634,41.038,Pitch
0.487,0.125,0.328,60.908,15.634,41.038,Pitch
0.878,0.125,0.328,109.763,15.634,41.038,Pitch
1.268,0.125,0.328,158.618,15.634,41.038,Pitch
1.659,0.125,0.328,207.473,15.634,41.038,Pitch
-1.951,0.125,0.328,-243.947,15.634,41.038,Pitch
-1.560,0.125,0.328,-195.092,15.634,41.038,Pitch
-1.169,0.125,0.328,-146.237,15.634,41.038,Pitch
-0.779,0.125,0.328,-97.382,15.634,41.038,Pitch
-0.388,0.125,0.328,-48.527,15.634,41.038,Pitch
0.003,0.125,0.328,0.336,15.634,41.038,Pitch
0.378,0.125,0.328,47.237,15.634,41.038,Pitch
0.768,0.125,0.328,96.092,15.634,41.038,Pitch
1.159,0.125,0.328,144.947,15.634,41.038,Pitch
1.550,0.125,0.328,193.802,15.634,41.038,Pitch
1.940,0.125,0.328,242.656,15.634,41.038,Pitch
-1.669,0.125,0.328,-208.763,15.634,41.038,Pitch
-1.279,0.125,0.328,-159.908,15.634,41.038,Pitch
-0.888,0.125,0.328,-111.053,15.634,41.038,Pitch
-0.497,0.125,0.328,-62.198,15.634,41.038,Pitch
-0.107,0.125,0.328,-13.344,15.634,41.038,Pitch
0.284,0.125,0.328,35.519,15.634,41.038,Pitch
0.675,0.125,0.328,84.374,15.634,41.038,Pitch
1.065,0.125,0.328,133.229,15.634,41.038,Pitch
1.456,0.125,0.328,182.084,15.634,41.038,Pitch
1.846,0.125,0.328,230.939,15.634,41.038,Pitch
-1.763,0.125,0.328,-220.481,15.634,41.038,Pitch
-1.372,0.125,0.328,-171.626,15.634,41.038,Pitch
-0.982,0.125,0.328,-122.771,15.634,41.038,Pitch
-0.591,0.125,0.328,-73.916,15.634,41.038,Pitch
-0.200,0.125,0.328,-25.061,15.634,41.038,Pitch
0.190,0.125,0.328,23.802,15.634,41.038,Pitch
0.581,0.125,0.328,72.656,15.634,41.038,Pitch
0.972,0.125,0.328,121.511,15.634,41.038,Pitch
1.362,0.125,0.328,170.366,15.634,41.038,Pitch
1.753,0.125,0.328,219.221,15.634,41.038,Pitch
-1.857,0.125,0.328,-232.198,15.634,41.038,Pitch
-1.466,0.125,0.328,-183.344,15.634,41.038,Pitch
-1.075,0.125,0.328,-134.489,15.634,41.038,Pitch
-0.685,0.125,0.328,-85.634,15.634,41.038,Pitch
-0.294,0.125,0.328,-36.779,15.634,41.038,Pitch
0.097,0.125,0.328,12.084,15.634,41.038,Pitch
0.487,0.125,0.328,60.939,15.634,41.038,Pitch
0.878,0.125,0.328,109.794,15.634,41.038,Pitch
1.268,0.125,0.328,158.649,15.634,41.038,Pitch
1.659,0.125,0.328,207.504,15.634,41.038,Pitch
-1.950,0.125,0.328,-243.916,15.634,41.038,Pitch
-1.560,0.125,0.328,-195.061,15.634,41.038,Pitch
-1.169,0.125,0.328,-146.206,15.634,41.038,Pitch
-0.778,0.125,0.328,-97.351,15.634,41.038,Pitch
-0.388,0.125,0.328,-48.496,15.634,41.038,Pitch
0.003,0.125,0.328,0.366,15.634,41.038,Pitch
0.378,0.125,0.328,47.267,15.634,41.038,Pitch
0.769,0.125,0.328,96.122,15.634,41.038,Pitch
1.159,0.125,0.328,144.977,15.634,41.038,Pitch
1.550,0.125,0.328,193.832,15.634,41.038,Pitch
1.940,0.125,0.328,242.687,15.634,41.038,Pitch
-1.669,0.125,0.328,-208.733,15.634,41.038,Pitch
-1.278,0.125,0.328,-159.878,15.634,41.038,Pitch
-0.888,0.125,0.328,-111.023,15.634,41.038,Pitch
-0.497,0.125,0.328,-62.168,15.634,41.038,Pitch
-0.106,0.125,0.328,-13.313,15.634,41.038,Pitch
0.284,0.125,0.328,35.550,15.634,41.038,Pitch
0.675,0.125,0.328,84.405,15.634,41.038,Pitch
1.065,0.125,0.328,133.260,15.634,41.038,Pitch
1.456,0.125,0.328,182.115,15.634,41.038,Pitch
1.847,0.125,0.328,230.969,15.634,41.038,Pitch
-1.763,0.125,0.328,-220.450,15.634,41.038,Pitch
-1.372,0.125,0.328,-171.595,15.634,41.038,Pitch
-0.981,0.125,0.328,-122.740,15.634,41.038,Pitch
-0.591,0.125,0.328,-73.885,15.634,41.038,Pitch
-0.200,0.125,0.328,-25.031,15.634,41.038,Pitch
0.191,0.125,0.328,23.832,15.634,41.038,Pitch
0.581,0.125,0.328,72.687,15.634,41.038,Pitch
0.972,0.125,0.328,121.542,15.634,41.038,Pitch
1.362,0.125,0.328,170.397,15.634,41.038,Pitch
1.753,0.125,0.328,219.252,15.634,41.038,Pitch
-1.856,0.125,0.328,-232.168,15.634,41.038,Pitch
-1.466,0.125,0.328,-183.313,15.634,41.038,Pitch
-1.075,0.125,0.328,-134.458,15.634,41.038,Pitch
-0.684,0.125,0.328,-85.603,15.634,41.038,Pitch
-0.294,0.125,0.328,-36.748,15.634,41.038,Pitch
0.097,0.125,0.328,12.115,15.634,41.038,Pitch
0.487,0.125,0.328,60.969,15.634,41.038,Pitch
0.878,0.125,0.328,109.824,15.634,41.038,Pitch
1.269,0.125,0.328,158.679,15.634,41.038,Pitch
1.659,0.125,0.328,207.534,15.634,41.038,Pitch
-1.950,0.125,0.328,-243.885,15.634,41.038,Pitch
-1.559,0.125,0.328,-195.031,15.634,41.038,Pitch
-1.169,0.125,0.328,-146.176,15.634,41.038,Pitch
-0.778,0.125,0.328,-97.321,15.634,41.038,Pitch
-0.388,0.125,0.328,-48.466,15.634,41.038,Pitch
0.003,0.125,0.328,0.397,15.634,41.038,Pitch
0.378,0.125,0.328,47.298,15.634,41.038,Pitch
0.769,0.125,0.328,96.153,15.634,41.038,Pitch
1.159,0.125,0.328,145.008,15.634,41.038,Pitch
1.550,0.125,0.328,193.863,15.634,41.038,Pitch
1.941,0.125,0.328,242.718,15.634,41.038,Pitch
-1.669,0.125,0.328,-208.702,15.634,41.038,Pitch
-1.278,0.125,0.328,-159.847,15.634,41.038,Pitch
-0.887,0.125,0.328,-110.992,15.634,41.038,Pitch
-0.497,0.125,0.328,-62.137,15.634,41.038,Pitch
-0.106,0.125,0.328,-13.282,15.634,41.038,Pitch
0.284,0.125,0.328,35.580,15.634,41.038,Pitch
0.675,0.125,0.328,84.435,15.634,41.038,Pitch
1.066,0.125,0.328,133.290,15.634,41.038,Pitch
1.456,0.125,0.328,182.145,15.634,41.038,Pitch
1.847,0.125,0.328,231.000,15.634,41.038,Pitch
-1.762,0.125,0.328,-220.420,15.634,41.038,Pitch
-1.372,0.125,0.328,-171.565,15.634,41.038,Pitch
-0.981,0.125,0.328,-122.710,15.634,41.038,Pitch
-0.591,0.125,0.328,-73.855,15.634,41.038,Pitch
-0.200,0.125,0.328,-25.000,15.634,41.038,Pitch
0.191,0.125,0.328,23.863,15.634,41.038,Pitch
0.581,0.125,0.328,72.718,15.634,41.038,Pitch
0.972,0.125,0.328,121.573,15.634,41.038,Pitch
1.363,0.125,0.328,170.427,15.634,41.038,Pitch
1.753,0.125,0.328,219.282,15.634,41.038,Pitch
-1.856,0.125,0.328,-232.137,15.634,41.038,Pitch
-1.465,0.125,0.328,-183.282,15.634,41.038,Pitch
-1.075,0.125,0.328,-134.427,15.634,41.038,Pitch
-0.684,0.125,0.328,-85.573,15.634,41.038,Pitch
-0.294,0.125,0.328,-36.718,15.634,41.038,Pitch
0.097,0.125,0.328,12.145,15.634,41.038,Pitch
0.488,0.125,0.328,61.000,15.634,41.038,Pitch
0.878,0.125,0.328,109.855,15.634,41.038,Pitch
1.269,0.125,0.328,158.710,15.634,41.038,Pitch
1.660,0.125,0.328,207.565,15.634,41.038,Pitch
-1.950,0.125,0.328,-243.855,15.634,41.038,Pitch
-1.559,0.125,0.328,-195.000,15.634,41.038,Pitch
-1.169,0.125,0.328,-146.145,15.634,41.038,Pitch
-0.778,0.125,0.328,-97.290,15.634,41.038,Pitch
-0.387,0.125,0.328,-48.435,15.634,41.038,Pitch
0.003,0.125,0.328,0.427,15.634,41.038,Pitch
0.378,0.125,0.328,47.328,15.634,41.038,Pitch
0.769,0.125,0.328,96.183,15.634,41.038,Pitch
1.160,0.125,0.328,145.038,15.634,41.038,Pitch
1.550,0.125,0.328,193.893,15.634,41.038,Pitch
1.941,0.125,0.328,242.748,15.634,41.038,Pitch
-1.668,0.125,0.328,-208.672,15.634,41.038,Pitch
-1.278,0.125,0.328,-159.817,15.634,41.038,Pitch
-0.887,0.125,0.328,-110.962,15.634,41.038,Pitch
-0.497,0.125,0.328,-62.107,15.634,41.038,Pitch
-0.106,0.125,0.328,-13.252,15.634,41.038,Pitch
0.285,0.125,0.328,35.611,15.634,41.038,Pitch
0.675,0.125,0.328,84.466,15.634,41.038,Pitch
1.066,0.125,0.328,133.321,15.634,41.038,Pitch
1.457,0.125,0.328,182.176,15.634,41.038,Pitch
1.847,0.125,0.328,231.031,15.634,41.038,Pitch
-1.762,0.125,0.328,-220.389,15.634,41.038,Pitch
-1.372,0.125,0.328,-171.534,15.634,41.038,Pitch
-0.981,0.125,0.328,-122.679,15.634,41.038,Pitch
-0.590,0.125,0.328,-73.824,15.634,41.038,Pitch
-0.200,0.125,0.328,-24.969,15.634,41.038,Pitch
0.191,0.125,0.328,23.893,15.634,41.038,Pitch
0.582,0.125,0.328,72.748,15.634,41.038,Pitch
0.972,0.125,0.328,121.603,15.634,41.038,Pitch
1.363,0.125,0.328,170.458,15.634,41.038,Pitch
1.754,0.125,0.328,219.313,15.634,41.038,Pitch
-1.856,0.125,0.328,-232.107,15.634,41.038,Pitch
-1.465,0.125,0.328,-183.252,15.634,41.038,Pitch
-1.075,0.125,0.328,-134.397,15.634,41.038,Pitch
-0.684,0.125,0.328,-85.542,15.634,41.038,Pitch
-0.293,0.125,0.328,-36.687,15.634,41.038,Pitch
0.097,0.125,0.328,12.176,15.634,41.038,Pitch
0.488,0.125,0.328,61.031,15.634,41.038,Pitch
0.879,0.125,0.328,109.885,15.634,41.038,Pitch
1.269,0.125,0.328,158.740,15.634,41.038,Pitch
1.660,0.125,0.328,207.595,15.634,41.038,Pitch
-1.950,0.125,0.328,-243.824,15.634,41.038,Pitch
-1.559,0.125,0.328,-194.969,15.634,41.038,Pitch
-1.168,0.125,0.328,-146.115,15.634,41.038,Pitch
-0.778,0.125,0.328,-97.260,15.634,41.038,Pitch
-0.387,0.125,0.328,-48.405,15.634,41.038,Pitch
0.004,0.125,0.328,0.458,15.634,41.038,Pitch
0.379,0.125,0.328,47.359,15.634,41.038,Pitch
0.769,0.125,0.328,96.214,15.634,41.038,Pitch
1.160,0.125,0.328,145.069,15.634,41.038,Pitch
1.551,0.125,0.328,193.924,15.634,41.038,Pitch
1.941,0.125,0.328,242.779,15.634,41.038,Pitch
-1.668,0.125,0.328,-208.641,15.634,41.038,Pitch
-1.278,0.125,0.328,-159.786,15.634,41.038,Pitch
-0.887,0.125,0.328,-110.931,15.634,41.038,Pitch
-0.496,0.125,0.328,-62.076,15.634,41.038,Pitch
-0.106,0.125,0.328,-13.221,15.634,41.038,Pitch
0.285,0.125,0.328,35.641,15.634,41.038,Pitch
0.676,0.125,0.328,84.496,15.634,41.038,Pitch
1.066,0.125,0.328,133.351,15.634,41.038,Pitch
1.457,0.125,0.328,182.206,15.634,41.038,Pitch
1.847,0.125,0.328,231.061,15.634,41.038,Pitch
-1.762,0.125,0.328,-220.359,15.634,41.038,Pitch
-1.371,0.125,0.328,-171.504,15.634,41.038,Pitch
-0.981,0.125,0.328,-122.649,15.634,41.038,Pitch
-0.590,0.125,0.328,-73.794,15.634,41.038,Pitch
-0.199,0.125,0.328,-24.939,15.634,41.038,Pitch
0.191,0.125,0.328,23.924,15.634,41.038,Pitch
0.582,0.125,0.328,72.779,15.634,41.038,Pitch
0.973,0.125,0.328,121.634,15.634,41.038,Pitch
1.363,0.125,0.328,170.489,15.634,41.038,Pitch
1.754,0.125,0.328,219.344,15.634,41.038,Pitch
-1.856,0.125,0.328,-232.076,15.634,41.038,Pitch
-1.465,0.125,0.328,-183.221,15.634,41.038,Pitch
-1.074,0.125,0.328,-134.366,15.634,41.038,Pitch
-0.684,0.125,0.328,-85.511,15.634,41.038,Pitch
-0.293,0.125,0.328,-36.656,15.634,41.038,Pitch
0.098,0.125,0.328,12.206,15.634,41.038,Pitch
0.488,0.125,0.328,61.061,15.634,41.038,Pitch
0.879,0.125,0.328,109.916,15.634,41.038,Pitch
1.269,0.125,0.328,158.771,15.634,41.038,Pitch
1.660,0.125,0.328,207.626,15.634,41.038,Pitch
-1.949,0.125,0.328,-243.794,15.634,41.038,Pitch
-1.559,0.125,0.328,-194.939,15.634,41.038,Pitch
-1.168,0.125,0.328,-146.084,15.634,41.038,Pitch
-0.777,0.125,0.328,-97.229,15.634,41.038,Pitch
-0.387,0.125,0.328,-48.374,15.634,41.038,Pitch
0.004,0.125,0.328,0.489,15.634,41.038,Pitch
0.379,0.125,0.328,47.389,15.634,41.038,Pitch
0.770,0.125,0.328,96.244,15.634,41.038,Pitch
1.160,0.125,0.328,145.099,15.634,41.038,Pitch
1.551,0.125,0.328,193.954,15.634,41.038,Pitch
1.941,0.125,0.328,242.809,15.634,41.038,Pitch
-1.668,0.125,0.328,-208.611,15.634,41.038,Pitch
-1.277,0.125,0.328,-159.756,15.634,41.038,Pitch
-0.887,0.125,0.328,-110.901,15.634,41.038,Pitch
-0.496,0.125,0.328,-62.046,15.634,41.038,Pitch
-0.105,0.125,0.328,-13.191,15.634,41.038,Pitch
0.285,0.125,0.328,35.672,15.634,41.038,Pitch
0.676,0.125,0.328,84.527,15.634,41.038,Pitch
1.066,0.125,0.328,133.382,15.634,41.038,Pitch
1.457,0.125,0.328,182.237,15.634,41.038,Pitch
1.848,0.125,0.328,231.092,15.634,41.038,Pitch
-1.762,0.125,0.328,-220.328,15.634,41.038,Pitch
-1.371,0.125,0.328,-171.473,15.634,41.038,Pitch
-0.980,0.125,0.328,-122.618,15.634,41.038,Pitch
-0.590,0.125,0.328,-73.763,15.634,41.038,Pitch
-0.199,0.125,0.328,-24.908,15.634,41.038,Pitch
0.192,0.125,0.328,23.954,15.634,41.038,Pitch
0.582,0.125,0.328,72.809,15.634,41.038,Pitch
0.973,0.125,0.328,121.664,15.634,41.038,Pitch
1.363,0.125,0.328,170.519,15.634,41.038,Pitch
1.754,0.125,0.328,219.374,15.634,41.038,Pitch
-1.855,0.125,0.328,-232.046,15.634,41.038,Pitch
-1.465,0.125,0.328,-183.191,15.634,41.038,Pitch
-1.074,0.125,0.328,-134.336,15.634,41.038,Pitch
-0.683,0.125,0.328,-85.481,15.634,41.038,Pitch
-0.293,0.125,0.328,-36.626,15.634,41.038,Pitch
0.098,0.125,0.328,12.237,15.634,41.038,Pitch
0.488,0.125,0.328,61.092,15.634,41.038,Pitch
0.879,0.125,0.328,109.947,15.634,41.038,Pitch
1.270,0.125,0.328,158.802,15.634,41.038,Pitch
1.660,0.125,0.328,207.656,15.634,41.038,Pitch
-1.949,0.125,0.328,-243.763,15.634,41.038,Pitch
-1.558,0.125,0.328,-194.908,15.634,41.038,Pitch
-1.168,0.125,0.328,-146.053,15.634,41.038,Pitch
-0.777,0.125,0.328,-97.198,15.634,41.038,Pitch
-0.387,0.125,0.328,-48.344,15.634,41.038,Pitch
0.004,0.125,0.328,0.519,15.634,41.038,Pitch
0.379,0.125,0.328,47.420,15.634,41.038,Pitch
0.770,0.125,0.328,96.275,15.634,41.038,Pitch
1.160,0.125,0.328,145.130,15.634,41.038,Pitch
1.551,0.125,0.328,193.985,15.634,41.038,Pitch
1.942,0.125,0.328,242.840,15.634,41.038,Pitch
-1.668,0.125,0.328,-208.580,15.634,41.038,Pitch
-1.277,0.125,0.328,-159.725,15.634,41.038,Pitch
-0.886,0.125,0.328,-110.870,15.634,41.038,Pitch
-0.496,0.125,0.328,-62.015,15.634,41.038,Pitch
-0.105,0.125,0.328,-13.160,15.634,41.038,Pitch
0.285,0.125,0.328,35.702,15.634,41.038,Pitch
0.676,0.125,0.328,84.557,15.634,41.038,Pitch
1.067,0.125,0.328,133.412,15.634,41.038,Pitch
1.457,0.125,0.328,182.267,15.634,41.038,Pitch
1.848,0.125,0.328,231.122,15.634,41.038,Pitch
-1.761,0.125,0.328,-220.298,15.634,41.038,Pitch
-1.371,0.125,0.328,-171.443,15.634,41.038,Pitch
-0.980,0.125,0.328,-122.588,15.634,41.038,Pitch
-0.590,0.125,0.328,-73.733,15.634,41.038,Pitch
-0.199,0.125,0.328,-24.878,15.634,41.038,Pitch
0.192,0.125,0.328,23.985,15.634,41.038,Pitch
0.582,0.125,0.328,72.840,15.634,41.038,Pitch
0.973,0.125,0.328,121.695,15.634,41.038,Pitch
1.364,0.125,0.328,170.550,15.634,41.038,Pitch
1.754,0.125,0.328,219.405,15.634,41.038,Pitch
-1.855,0.125,0.328,-232.015,15.634,41.038,Pitch
-1.464,0.125,0.328,-183.160,15.634,41.038,Pitch
-1.074,0.125,0.328,-134.305,15.634,41.038,Pitch
-0.683,0.125,0.328,-85.450,15.634,41.038,Pitch
-0.293,0.125,0.328,-36.595,15.634,41.038,Pitch
0.098,0.125,0.328,12.267,15.634,41.038,Pitch
0.489,0.125,0.328,61.122,15.634,41.038,Pitch
0.879,0.125,0.328,109.977,15.634,41.038,Pitch
1.270,0.125,0.328,158.832,15.634,41.038,Pitch
1.661,0.125,0.328,207.687,15.634,41.038,Pitch
-1.949,0.125,0.328,-243.733,15.634,41.038,Pitch
-1.558,0.125,0.328,-194.878,15.634,41.038,Pitch
-1.168,0.125,0.328,-146.023,15.634,41.038,Pitch
-0.777,0.125,0.328,-97.168,15.634,41.038,Pitch
-0.386,0.125,0.328,-48.313,15.634,41.038,Pitch
0.004,0.125,0.328,0.550,15.634,41.038,Pitch
0.379,0.125,0.328,47.450,15.634,41.038,Pitch
0.770,0.125,0.328,96.305,15.634,41.038,Pitch
1.161,0.125,0.328,145.160,15.634,41.038,Pitch
1.551,0.125,0.328,194.015,15.634,41.038,Pitch
1.942,0.125,0.328,242.870,15.634,41.038,Pitch
-1.667,0.125,0.328,-208.550,15.634,41.038,Pitch
-1.277,0.125,0.328,-159.695,15.634,41.038,Pitch
-0.886,0.125,0.328,-110.840,15.634,41.038,Pitch
-0.496,0.125,0.328,-61.985,15.634,41.038,Pitch
-0.105,0.125,0.328,-13.130,15.634,41.038,Pitch
0.286,0.125,0.328,35.733,15.634,41.038,Pitch
0.676,0.125,0.328,84.588,15.634,41.038,Pitch
1.067,0.125,0.328,133.443,15.634,41.038,Pitch
1.458,0.125,0.328,182.298,15.634,41.038,Pitch
1.848,0.125,0.328,231.153,15.634,41.038,Pitch
-1.761,0.125,0.328,-220.267,15.634,41.038,Pitch
-1.371,0.125,0.328,-171.412,15.634,41.038,Pitch
-0.980,0.125,0.328,-122.557,15.634,41.038,Pitch
-0.589,0.125,0.328,-73.702,15.634,41.038,Pitch
-0.199,0.125,0.328,-24.847,15.634,41.038,Pitch
0.192,0.125,0.328,24.015,15.634,41.038,Pitch
0.583,0.125,0.328,72.870,15.634,41.038,Pitch
0.973,0.125,0.328,121.725,15.634,41.038,Pitch
1.364,0.125,0.328,170.580,15.634,41.038,Pitch
1.755,0.125,0.328,219.435,15.634,41.038,Pitch
-1.855,0.125,0.328,-231.985,15.634,41.038,Pitch
-1.464,0.125,0.328,-183.130,15.634,41.038,Pitch
-1.074,0.125,0.328,-134.275,15.634,41.038,Pitch
-0.683,0.125,0.328,-85.420,15.634,41.038,Pitch
-0.292,0.125,0.328,-36.565,15.634,41.038,Pitch
0.098,0.125,0.328,12.298,15.634,41.038,Pitch
0.489,0.125,0.328,61.153,15.634,41.038,Pitch
0.880,0.125,0.328,110.008,15.634,41.038,Pitch
1.270,0.125,0.328,158.863,15.634,41.038,Pitch
1.661,0.125,0.328,207.718,15.634,41.038,Pitch
-1.949,0.125,0.328,-243.702,15.634,41.038,Pitch
-1.558,0.125,0.328,-194.847,15.634,41.038,Pitch
-1.167,0.125,0.328,-145.992,15.634,41.038,Pitch
-0.777,0.125,0.328,-97.137,15.634,41.038,Pitch
-0.386,0.125,0.328,-48.282,15.634,41.038,Pitch
0.005,0.125,0.328,0.580,15.634,41.038,Pitch
0.380,0.125,0.328,47.481,15.634,41.038,Pitch
0.770,0.125,0.328,96.336,15.634,41.038,Pitch
1.161,0.125,0.328,145.191,15.634,41.038,Pitch
1.552,0.125,0.328,194.046,15.634,41.038,Pitch
1.942,0.125,0.328,242.901,15.634,41.038,Pitch
-1.667,0.125,0.328,-208.519,15.634,41.038,Pitch
-1.277,0.125,0.328,-159.664,15.634,41.038,Pitch
-0.886,0.125,0.328,-110.809,15.634,41.038,Pitch
-0.495,0.125,0.328,-61.954,15.634,41.038,Pitch
-0.105,0.125,0.328,-13.099,15.634,41.038,Pitch
0.286,0.125,0.328,35.763,15.634,41.038,Pitch
0.677,0.125,0.328,84.618,15.634,41.038,Pitch
1.067,0.125,0.328,133.473,15.634,41.038,Pitch
1.458,0.125,0.328,182.328,15.634,41.038,Pitch
1.848,0.125,0.328,231.183,15.634,41.038,Pitch
-1.761,0.125,0.328,-220.237,15.634,41.038,Pitch
-1.370,0.125,0.328,-171.382,15.634,41.038,Pitch
-0.980,0.125,0.328,-122.527,15.634,41.038,Pitch
-0.589,0.125,0.328,-73.672,15.634,41.038,Pitch
-0.198,0.125,0.328,-24.817,15.634,41.038,Pitch
0.192,0.125,0.328,24.046,15.634,41.038,Pitch
0.583,0.125,0.328,72.901,15.634,41.038,Pitch
0.974,0.125,0.328,121.756,15.634,41.038,Pitch
1.364,0.125,0.328,170.611,15.634,41.038,Pitch
1.755,0.125,0.328,219.466,15.634,41.038,Pitch
-1.855,0.125,0.328,-231.954,15.634,41.038,Pitch
-1.464,0.125,0.328,-183.099,15.634,41.038,Pitch
-1.073,0.125,0.328,-134.244,15.634,41.038,Pitch
-0.683,0.125,0.328,-85.389,15.634,41.038,Pitch
-0.292,0.125,0.328,-36.534,15.634,41.038,Pitch
0.099,0.125,0.328,12.328,15.634,41.038,Pitch
0.489,0.125,0.328,61.183,15.634,41.038,Pitch
0.880,0.125,0.328,110.038,15.634,41.038,Pitch
1.270,0.125,0.328,158.893,15.634,41.038,Pitch
1.661,0.125,0.328,207.748,15.634,41.038,Pitch
-1.948,0.125,0.328,-243.672,15.634,41.038,Pitch
-1.558,0.125,0.328,-194.817,15.634,41.038,Pitch
-1.167,0.125,0.328,-145.962,15.634,41.038,Pitch
-0.776,0.125,0.328,-97.107,15.634,41.038,Pitch
-0.386,0.125,0.328,-48.252,15.634,41.038,Pitch
0.005,0.125,0.328,0.611,15.634,41.038,Pitch
0.380,0.125,0.328,47.511,15.634,41.038,Pitch
0.771,0.125,0.328,96.366,15.634,41.038,Pitch
1.161,0.125,0.328,145.221,15.634,41.038,Pitch
1.552,0.125,0.328,194.076,15.634,41.038,Pitch
1.942,0.125,0.328,242.931,15.634,41.038,Pitch
-1.667,0.125,0.328,-208.489,15.634,41.038,Pitch
-1.276,0.125,0.328,-159.634,15.634,41.038,Pitch
-0.886,0.125,0.328,-110.779,15.634,41.038,Pitch
-0.495,0.125,0.328,-61.924,15.634,41.038,Pitch
-0.104,0.125,0.328,-13.069,15.634,41.038,Pitch
0.286,0.125,0.328,35.794,15.634,41.038,Pitch
0.677,0.125,0.328,84.649,15.634,41.038,Pitch
1.067,0.125,0.328,133.504,15.634,41.038,Pitch
1.458,0.125,0.328,182.359,15.634,41.038,Pitch
1.849,0.125,0.328,231.214,15.634,41.038,Pitch
-1.761,0.125,0.328,-220.206,15.634,41.038,Pitch
-1.370,0.125,0.328,-171.351,15.634,41.038,Pitch
-0.979,0.125,0.328,-122.496,15.634,41.038,Pitch
-0.589,0.125,0.328,-73.641,15.634,41.038,Pitch
-0.198,0.125,0.328,-24.786,15.634,41.038,Pitch
0.193,0.125,0.328,24.076,15.634,41.038,Pitch
0.583,0.125,0.328,72.931,15.634,41.038,Pitch
0.974,0.125,0.328,121.786,15.634,41.038,Pitch
1.364,0.125,0.328,170.641,15.634,41.038,Pitch
1.755,0.125,0.328,219.496,15.634,41.038,Pitch
-1.854,0.125,0.328,-231.924,15.634,41.038,Pitch
-1.464,0.125,0.328,-183.069,15.634,41.038,Pitch
-1.073,0.125,0.328,-134.214,15.634,41.038,Pitch
-0.682,0.125,0.328,-85.359,15.634,41.038,Pitch
-0.292,0.125,0.328,-36.504,15.634,41.038,Pitch
0.099,0.125,0.328,12.359,15.634,41.038,Pitch
0.489,0.125,0.328,61.214,15.634,41.038,Pitch
0.880,0.125,0.328,110.069,15.634,41.038,Pitch
1.271,0.125,0.328,158.924,15.634,41.038,Pitch
1.661,0.125,0.328,207.779,15.634,41.038,Pitch
-1.948,0.125,0.328,-243.641,15.634,41.038,Pitch
-1.557,0.125,0.328,-194.786,15.634,41.038,Pitch
-1.167,0.125,0.328,-145.931,15.634,41.038,Pitch
-0.776,0.125,0.328,-97.076,15.634,41.038,Pitch
-0.386,0.125,0.328,-48.221,15.634,41.038,Pitch
0.005,0.125,0.328,0.641,15.634,41.038,Pitch
0.380,0.125,0.328,47.542,15.634,41.038,Pitch
0.771,0.125,0.328,96.397,15.634,41.038,Pitch
1.161,0.125,0.328,145.252,15.634,41.038,Pitch
1.552,0.125,0.328,194.107,15.634,41.038,Pitch
1.943,0.125,0.328,242.962,15.634,41.038,Pitch
-1.667,0.125,0.328,-208.458,15.634,41.038,Pitch
-1.276,0.125,0.328,-159.603,15.634,41.038,Pitch
-0.885,0.125,0.328,-110.748,15.634,41.038,Pitch
-0.495,0.125,0.328,-61.893,15.634,41.038,Pitch
-0.104,0.125,0.328,-13.038,15.634,41.038,Pitch
0.286,0.125,0.328,35.824,15.634,41.038,Pitch
0.677,0.125,0.328,84.679,15.634,41.038,Pitch
1.068,0.125,0.328,133.534,15.634,41.038,Pitch
1.458,0.125,0.328,182.389,15.634,41.038,Pitch
1.849,0.125,0.328,231.244,15.634,41.038,Pitch
-1.760,0.125,0.328,-220.176,15.634,41.038,Pitch
-1.370,0.125,0.328,-171.321,15.634,41.038,Pitch
-0.979,0.125,0.328,-122.466,15.634,41.038,Pitch
-0.589,0.125,0.328,-73.611,15.634,41.038,Pitch
-0.198,0.125,0.328,-24.756,15.634,41.038,Pitch
0.193,0.125,0.328,24.107,15.634,41.038,Pitch
0.583,0.125,0.328,72.962,15.634,41.038,Pitch
0.974,0.125,0.328,121.817,15.634,41.038,Pitch
1.365,0.125,0.328,170.672,15.634,41.038,Pitch
1.755,0.125,0.328,219.527,15.634,41.038,Pitch
-1.854,0.125,0.328,-231.893,15.634,41.038,Pitch
-1.464,0.125,0.328,-183.038,15.634,41.038,Pitch
-1.073,0.125,0.328,-134.183,15.634,41.038,Pitch
-0.682,0.125,0.328,-85.328,15.634,41.038,Pitch
-0.292,0.125,0.328,-36.473,15.634,41.038,Pitch
0.099,0.125,0.328,12.389,15.634,41.038,Pitch
0.490,0.125,0.328,61.244,15.634,41.038,Pitch
0.880,0.125,0.328,110.099,15.634,41.038,Pitch
1.271,0.125,0.328,158.954,15.634,41.038,Pitch
1.662,0.125,0.328,207.809,15.634,41.038,Pitch
-1.948,0.125,0.328,-243.611,15.634,41.038,Pitch
-1.557,0.125,0.328,-194.756,15.634,41.038,Pitch
-1.167,0.125,0.328,-145.901,15.634,41.038,Pitch
-0.776,0.125,0.328,-97.046,15.634,41.038,Pitch
-0.385,0.125,0.328,-48.191,15.634,41.038,Pitch
0.005,0.125,0.328,0.672,15.634,41.038,Pitch
0.380,0.125,0.328,47.573,15.634,41.038,Pitch
0.771,0.125,0.328,96.427,15.634,41.038,Pitch
1.162,0.125,0.328,145.282,15.634,41.038,Pitch
1.552,0.125,0.328,194.137,15.634,41.038,Pitch
1.943,0.125,0.328,242.992,15.634,41.038,Pitch
-1.667,0.125,0.328,-208.427,15.634,41.038,Pitch
-1.276,0.125,0.328,-159.573,15.634,41.038,Pitch
-0.885,0.125,0.328,-110.718,15.634,41.038,Pitch
-0.495,0.125,0.328,-61.863,15.634,41.038,Pitch
-0.104,0.125,0.328,-13.008,15.634,41.038,Pitch
0.287,0.125,0.328,35.855,15.634,41.038,Pitch
0.677,0.125,0.328,84.710,15.634,41.038,Pitch
1.068,0.125,0.328,133.565,15.634,41.038,Pitch
1.459,0.125,0.328,182.420,15.634,41.038,Pitch
1.849,0.125,0.328,231.275,15.634,41.038,Pitch
-1.760,0.125,0.328,-220.145,15.634,41.038,Pitch
-1.370,0.125,0.328,-171.290,15.634,41.038,Pitch
-0.979,0.125,0.328,-122.435,15.634,41.038,Pitch
-0.588,0.125,0.328,-73.580,15.634,41.038,Pitch
-0.198,0.125,0.328,-24.725,15.634,41.038,Pitch
0.193,0.125,0.328,24.137,15.634,41.038,Pitch
0.584,0.125,0.328,72.992,15.634,41.038,Pitch
0.974,0.125,0.328,121.847,15.634,41.038,Pitch
1.365,0.125,0.328,170.702,15.634,41.038,Pitch
1.755,0.125,0.328,219.557,15.634,41.038,Pitch
-1.854,0.125,0.328,-231.863,15.634,41.038,Pitch
-1.463,0.125,0.328,-183.008,15.634,41.038,Pitch
-1.073,0.125,0.328,-134.153,15.634,41.038,Pitch
-0.682,0.125,0.328,-85.298,15.634,41.038,Pitch
-0.291,0.125,0.328,-36.443,15.634,41.038,Pitch
0.099,0.125,0.328,12.420,15.634,41.038,Pitch
0.490,0.125,0.328,61.275,15.634,41.038,Pitch
0.881,0.125,0.328,110.130,15.634,41.038,Pitch
1.271,0.125,0.328,158.985,15.634,41.038,Pitch
1.662,0.125,0.328,207.840,15.634,41.038,Pitch
-1.948,0.125,0.328,-243.580,15.634,41.038,Pitch
-1.557,0.125,0.328,-194.725,15.634,41.038,Pitch
-1.166,0.125,0.328,-145.870,15.634,41.038,Pitch
-0.776,0.125,0.328,-97.015,15.634,41.038,Pitch
-0.385,0.125,0.328,-48.160,15.634,41.038,Pitch
0.006,0.125,0.328,0.702,15.634,41.038,Pitch
0.381,0.125,0.328,47.603,15.634,41.038,Pitch
0.771,0.125,0.328,96.458,15.634,41.038,Pitch
1.162,0.125,0.328,145.313,15.634,41.038,Pitch
1.552,0.125,0.328,194.168,15.634,41.038,Pitch
1.943,0.125,0.328,243.023,15.634,41.038,Pitch
-1.666,0.125,0.328,-208.397,15.634,41.038,Pitch
-1.276,0.125,0.328,-159.542,15.634,41.038,Pitch
-0.885,0.125,0.328,-110.687,15.634,41.038,Pitch
-0.494,0.125,0.328,-61.832,15.634,41.038,Pitch
-0.104,0.125,0.328,-12.977,15.634,41.038,Pitch
0.287,0.125,0.328,35.885,15.634,41.038,Pitch
0.678,0.125,0.328,84.740,15.634,41.038,Pitch
1.068,0.125,0.328,133.595,15.634,41.038,Pitch
1.459,0.125,0.328,182.450,15.634,41.038,Pitch
1.849,0.125,0.328,231.305,15.634,41.038,Pitch
-1.760,0.125,0.328,-220.115,15.634,41.038,Pitch
-1.369,0.125,0.328,-171.260,15.634,41.038,Pitch
-0.979,0.125,0.328,-122.405,15.634,41.038,Pitch
-0.588,0.125,0.328,-73.550,15.634,41.038,Pitch
-0.197,0.125,0.328,-24.695,15.634,41.038,Pitch
0.193,0.125,0.328,24.168,15.634,41.038,Pitch
0.584,0.125,0.328,73.023,15.634,41.038,Pitch
0.974,0.125,0.328,121.878,15.634,41.038,Pitch
1.365,0.125,0.328,170.733,15.634,41.038,Pitch
1.756,0.125,0.328,219.588,15.634,41.038,Pitch
-1.854,0.125,0.328,-231.832,15.634,41.038,Pitch
-1.463,0.125,0.328,-182.977,15.634,41.038,Pitch
-1.072,0.125,0.328,-134.122,15.634,41.038,Pitch
-0.682,0.125,0.328,-85.267,15.634,41.038,Pitch
-0.291,0.125,0.328,-36.412,15.634,41.038,Pitch
0.100,0.125,0.328,12.450,15.634,41.038,Pitch
0.490,0.125,0.328,61.305,15.634,41.038,Pitch
0.881,0.125,0.328,110.160,15.634,41.038,Pitch
1.271,0.125,0.328,159.015,15.634,41.038,Pitch
1.662,0.125,0.328,207.870,15.634,41.038,Pitch
-1.947,0.125,0.328,-243.550,15.634,41.038,Pitch
-1.557,0.125,0.328,-194.695,15.634,41.038,Pitch
-1.166,0.125,0.328,-145.840,15.634,41.038,Pitch
-0.775,0.125,0.328,-96.985,15.634,41.038,Pitch
-0.385,0.125,0.328,-48.130,15.634,41.038,Pitch
0.006,0.125,0.328,0.733,15.634,41.038,Pitch
0.381,0.125,0.328,47.634,15.634,41.038,Pitch
0.771,0.125,0.328,96.489,15.634,41.038,Pitch
1.162,0.125,0.328,145.344,15.634,41.038,Pitch
1.553,0.125,0.328,194.198,15.634,41.038,Pitch
1.943,0.125,0.328,243.053,15.634,41.038,Pitch
-1.666,0.125,0.328,-208.366,15.634,41.038,Pitch
-1.275,0.125,0.328,-159.511,15.634,41.038,Pitch
-0.885,0.125,0.328,-110.656,15.634,41.038,Pitch
-0.494,0.125,0.328,-61.802,15.634,41.038,Pitch
-0.104,0.125,0.328,-12.947,15.634,41.038,Pitch
0.287,0.125,0.328,35.916,15.634,41.038,Pitch
0.678,0.125,0.328,84.771,15.634,41.038,Pitch
1.068,0.125,0.328,133.626,15.634,41.038,Pitch
1.459,0.125,0.328,182.481,15.634,41.038,Pitch
1.850,0.125,0.328,231.336,15.634,41.038,Pitch
-1.760,0.125,0.328,-220.084,15.634,41.038,Pitch
-1.369,0.125,0.328,-171.229,15.634,41.038,Pitch
-0.978,0.125,0.328,-122.374,15.634,41.038,Pitch
-0.588,0.125,0.328,-73.519,15.634,41.038,Pitch
-0.197,0.125,0.328,-24.664,15.634,41.038,Pitch
0.193,0.125,0.328,24.198,15.634,41.038,Pitch
0.584,0.125,0.328,73.053,15.634,41.038,Pitch
0.975,0.125,0.328,121.908,15.634,41.038,Pitch
1.365,0.125,0.328,170.763,15.634,41.038,Pitch
1.756,0.125,0.328,219.618,15.634,41.038,Pitch
-1.853,0.125,0.328,-231.802,15.634,41.038,Pitch
-1.463,0.125,0.328,-182.947,15.634,41.038,Pitch
-1.072,0.125,0.328,-134.092,15.634,41.038,Pitch
-0.682,0.125,0.328,-85.237,15.634,41.038,Pitch
-0.291,0.125,0.328,-36.382,15.634,41.038,Pitch
0.100,0.125,0.328,12.481,15.634,41.038,Pitch
0.490,0.125,0.328,61.336,15.634,41.038,Pitch
0.881,0.125,0.328,110.191,15.634,41.038,Pitch
1.272,0.125,0.328,159.046,15.634,41.038,Pitch
1.662,0.125,0.328,207.901,15.634,41.038,Pitch
-1.947,0.125,0.328,-243.519,15.634,41.038,Pitch
-1.556,0.125,0.328,-194.664,15.634,41.038,Pitch
-1.166,0.125,0.328,-145.809,15.634,41.038,Pitch
-0.775,0.125,0.328,-96.954,15.634,41.038,Pitch
-0.385,0.125,0.328,-48.099,15.634,41.038,Pitch
0.006,0.125,0.328,0.763,15.634,41.038,Pitch
0.381,0.125,0.328,47.664,15.634,41.038,Pitch
0.772,0.125,0.328,96.519,15.634,41.038,Pitch
1.162,0.125,0.328,145.374,15.634,41.038,Pitch
1.553,0.125,0.328,194.229,15.634,41.038,Pitch
1.944,0.125,0.328,243.084,15.634,41.038,Pitch
-1.666,0.125,0.328,-208.336,15.634,41.038,Pitch
-1.275,0.125,0.328,-159.481,15.634,41.038,Pitch
-0.885,0.125,0.328,-110.626,15.634,41.038,Pitch
-0.494,0.125,0.328,-61.771,15.634,41.038,Pitch
-0.103,0.125,0.328,-12.916,15.634,41.038,Pitch
0.287,0.125,0.328,35.947,15.634,41.038,Pitch
0.678,0.125,0.328,84.802,15.634,41.038,Pitch
1.069,0.125,0.328,133.656,15.634,41.038,Pitch
1.459,0.125,0.328,182.511,15.634,41.038,Pitch
1.850,0.125,0.328,231.366,15.634,41.038,Pitch
-1.759,0.125,0.328,-220.053,15.634,41.038,Pitch
-1.369,0.125,0.328,-171.198,15.634,41.038,Pitch
-0.978,0.125,0.328,-122.344,15.634,41.038,Pitch
-0.588,0.125,0.328,-73.489,15.634,41.038,Pitch
-0.197,0.125,0.328,-24.634,15.634,41.038,Pitch
0.194,0.125,0.328,24.229,15.634,41.038,Pitch
0.584,0.125,0.328,73.084,15.634,41.038,Pitch
0.975,0.125,0.328,121.939,15.634,41.038,Pitch
1.366,0.125,0.328,170.794,15.634,41.038,Pitch
1.756,0.125,0.328,219.649,15.634,41.038,Pitch
-1.853,0.125,0.328,-231.771,15.634,41.038,Pitch
-1.463,0.125,0.328,-182.916,15.634,41.038,Pitch
-1.072,0.125,0.328,-134.061,15.634,41.038,Pitch
-0.681,0.125,0.328,-85.206,15.634,41.038,Pitch
-0.291,0.125,0.328,-36.351,15.634,41.038,Pitch
0.100,0.125,0.328,12.511,15.634,41.038,Pitch
0.491,0.125,0.328,61.366,15.634,41.038,Pitch
0.881,0.125,0.328,110.221,15.634,41.038,Pitch
1.272,0.125,0.328,159.076,15.634,41.038,Pitch
1.663,0.125,0.328,207.931,15.634,41.038,Pitch
-1.947,0.125,0.328,-243.489,15.634,41.038,Pitch
-1.556,0.125,0.328,-194.634,15.634,41.038,Pitch
-1.166,0.125,0.328,-145.779,15.634,41.038,Pitch
-0.775,0.125,0.328,-96.924,15.634,41.038,Pitch
-0.384,0.125,0.328,-48.069,15.634,41.038,Pitch
0.006,0.125,0.328,0.794,15.634,41.038,Pitch
0.381,0.125,0.328,47.695,15.634,41.038,Pitch
0.772,0.125,0.328,96.550,15.634,41.038,Pitch
1.163,0.125,0.328,145.405,15.634,41.038,Pitch
1.553,0.125,0.328,194.260,15.634,41.038,Pitch
1.944,0.125,0.328,243.115,15.634,41.038,Pitch
-1.666,0.125,0.328,-208.305,15.634,41.038,Pitch
-1.275,0.125,0.328,-159.450,15.634,41.038,Pitch
-0.884,0.125,0.328,-110.595,15.634,41.038,Pitch
-0.494,0.125,0.328,-61.740,15.634,41.038,Pitch
-0.103,0.125,0.328,-12.885,15.634,41.038,Pitch
0.288,0.125,0.328,35.977,15.634,41.038,Pitch
0.678,0.125,0.328,84.832,15.634,41.038,Pitch
1.069,0.125,0.328,133.687,15.634,41.038,Pitch
1.460,0.125,0.328,182.542,15.634,41.038,Pitch
1.850,0.125,0.328,231.397,15.634,41.038,Pitch
-1.759,0.125,0.328,-220.023,15.634,41.038,Pitch
-1.369,0.125,0.328,-171.168,15.634,41.038,Pitch
-0.978,0.125,0.328,-122.313,15.634,41.038,Pitch
-0.587,0.125,0.328,-73.458,15.634,41.038,Pitch
-0.197,0.125,0.328,-24.603,15.634,41.038,Pitch
0.194,0.125,0.328,24.260,15.634,41.038,Pitch
0.585,0.125,0.328,73.115,15.634,41.038,Pitch
0.975,0.125,0.328,121.969,15.634,41.038,Pitch
1.366,0.125,0.328,170.824,15.634,41.038,Pitch
1.756,0.125,0.328,219.679,15.634,41.038,Pitch
-1.853,0.125,0.328,-231.740,15.634,41.038,Pitch
-1.462,0.125,0.328,-182.885,15.634,41.038,Pitch
-1.072,0.125,0.328,-134.031,15.634,41.038,Pitch
-0.681,0.125,0.328,-85.176,15.634,41.038,Pitch
-0.290,0.125,0.328,-36.321,15.634,41.038,Pitch
0.100,0.125,0.328,12.542,15.634,41.038,Pitch
0.491,0.125,0.328,61.397,15.634,41.038,Pitch
0.882,0.125,0.328,110.252,15.634,41.038,Pitch
1.272,0.125,0.328,159.107,15.634,41.038,Pitch
1.663,0.125,0.328,207.962,15.634,41.038,Pitch
-1.947,0.125,0.328,-243.458,15.634,41.038,Pitch
-1.556,0.125,0.328,-194.603,15.634,41.038,Pitch
-1.165,0.125,0.328,-145.748,15.634,41.038,Pitch
-0.775,0.125,0.328,-96.893,15.634,41.038,Pitch
-0.384,0.125,0.328,-48.038,15.634,41.038,Pitch
0.007,0.125,0.328,0.824,15.634,41.038,Pitch
0.382,0.125,0.328,47.725,15.634,41.038,Pitch
0.772,0.125,0.328,96.580,15.634,41.038,Pitch
1.163,0.125,0.328,145.435,15.634,41.038,Pitch
1.553,0.125,0.328,194.290,15.634,41.038,Pitch
1.944,0.125,0.328,243.145,15.634,41.038,Pitch
-1.665,0.125,0.328,-208.275,15.634,41.038,Pitch
-1.275,0.125,0.328,-159.420,15.634,41.038,Pitch
-0.884,0.125,0.328,-110.565,15.634,41.038,Pitch
-0.493,0.125,0.328,-61.710,15.634,41.038,Pitch
-0.103,0.125,0.328,-12.855,15.634,41.038,Pitch
0.288,0.125,0.328,36.008,15.634,41.038,Pitch
0.679,0.125,0.328,84.863,15.634,41.038,Pitch
1.069,0.125,0.328,133.718,15.634,41.038,Pitch
1.460,0.125,0.328,182.573,15.634,41.038,Pitch
1.850,0.125,0.328,231.427,15.634,41.038,Pitch
-1.759,0.125,0.328,-219.992,15.634,41.038,Pitch
-1.368,0.125,0.328,-171.137,15.634,41.038,Pitch
-0.978,0.125,0.328,-122.282,15.634,41.038,Pitch
-0.587,0.125,0.328,-73.427,15.634,41.038,Pitch
-0.196,0.125,0.328,-24.573,15.634,41.038,Pitch
0.194,0.125,0.328,24.290,15.634,41.038,Pitch
0.585,0.125,0.328,73.145,15.634,41.038,Pitch
0.975,0.125,0.328,122.000,15.634,41.038,Pitch
1.366,0.125,0.328,170.855,15.634,41.038,Pitch
1.757,0.125,0.328,219.710,15.634,41.038,Pitch
-1.853,0.125,0.328,-231.710,15.634,41.038,Pitch
-1.462,0.125,0.328,-182.855,15.634,41.038,Pitch
-1.071,0.125,0.328,-134.000,15.634,41.038,Pitch
-0.681,0.125,0.328,-85.145,15.634,41.038,Pitch
-0.290,0.125,0.328,-36.290,15.634,41.038,Pitch
0.101,0.125,0.328,12.573,15.634,41.038,Pitch
0.491,0.125,0.328,61.427,15.634,41.038,Pitch
0.882,0.125,0.328,110.282,15.634,41.038,Pitch
1.272,0.125,0.328,159.137,15.634,41.038,Pitch
1.663,0.125,0.328,207.992,15.634,41.038,Pitch
-1.946,0.125,0.328,-243.427,15.634,41.038,Pitch
-1.556,0.125,0.328,-194.573,15.634,41.038,Pitch
-1.165,0.125,0.328,-145.718,15.634,41.038,Pitch
-0.774,0.125,0.328,-96.863,15.634,41.038,Pitch
-0.384,0.125,0.328,-48.008,15.634,41.038,Pitch
0.007,0.125,0.328,0.855,15.634,41.038,Pitch
0.382,0.125,0.328,47.756,15.634,41.038,Pitch
0.772,0.125,0.328,96.611,15.634,41.038,Pitch
1.163,0.125,0.328,145.466,15.634,41.038,Pitch
1.554,0.125,0.328,194.321,15.634,41.038,Pitch
1.944,0.125,0.328,243.176,15.634,41.038,Pitch
-1.665,0.125,0.328,-208.244,15.634,41.038,Pitch
-1.274,0.125,0.328,-159.389,15.634,41.038,Pitch
-0.884,0.125,0.328,-110.534,15.634,41.038,Pitch
-0.493,0.125,0.328,-61.679,15.634,41.038,Pitch
-0.103,0.125,0.328,-12.824,15.634,41.038,Pitch
0.288,0.125,0.328,36.038,15.634,41.038,Pitch
0.679,0.125,0.328,84.893,15.634,41.038,Pitch
1.069,0.125,0.328,133.748,15.634,41.038,Pitch
1.460,0.125,0.328,182.603,15.634,41.038,Pitch
1.851,0.125,0.328,231.458,15.634,41.038,Pitch
-1.759,0.125,0.328,-219.962,15.634,41.038,Pitch
-1.368,0.125,0.328,-171.107,15.634,41.038,Pitch
-0.977,0.125,0.328,-122.252,15.634,41.038,Pitch
-0.587,0.125,0.328,-73.397,15.634,41.038,Pitch
-0.196,0.125,0.328,-24.542,15.634,41.038,Pitch
0.194,0.125,0.328,24.321,15.634,41.038,Pitch
0.585,0.125,0.328,73.176,15.634,41.038,Pitch
0.976,0.125,0.328,122.031,15.634,41.038,Pitch
1.366,0.125,0.328,170.885,15.634,41.038,Pitch
1.757,0.125,0.328,219.740,15.634,41.038,Pitch
-1.852,0.125,0.328,-231.679,15.634,41.038,Pitch
-1.462,0.125,0.328,-182.824,15.634,41.038,Pitch
-1.071,0.125,0.328,-133.969,15.634,41.038,Pitch
-0.681,0.125,0.328,-85.115,15.634,41.038,Pitch
-0.290,0.125,0.328,-36.260,15.634,41.038,Pitch
0.101,0.125,0.328,12.603,15.634,41.038,Pitch
0.491,0.125,0.328,61.458,15.634,41.038,Pitch
0.882,0.125,0.328,110.313,15.634,41.038,Pitch
1.273,0.125,0.328,159.168,15.634,41.038,Pitch
1.663,0.125,0.328,208.023,15.634,41.038,Pitch
-1.946,0.125,0.328,-243.397,15.634,41.038,Pitch
-1.555,0.125,0.328,-194.542,15.634,41.038,Pitch
-1.165,0.125,0.328,-145.687,15.634,41.038,Pitch
-0.774,0.125,0.328,-96.832,15.634,41.038,Pitch
-0.384,0.125,0.328,-47.977,15.634,41.038,Pitch
0.007,0.125,0.328,0.885,15.634,41.038,Pitch
0.382,0.125,0.328,47.786,15.634,41.038,Pitch
0.773,0.125,0.328,96.641,15.634,41.038,Pitch
1.163,0.125,0.328,145.496,15.634,41.038,Pitch
1.554,0.125,0.328,194.351,15.634,41.038,Pitch
1.945,0.125,0.328,243.206,15.634,41.038,Pitch
-1.665,0.125,0.328,-208.214,15.634,41.038,Pitch
-1.274,0.125,0.328,-159.359,15.634,41.038,Pitch
-0.884,0.125,0.328,-110.504,15.634,41.038,Pitch
-0.493,0.125,0.328,-61.649,15.634,41.038,Pitch
-0.102,0.125,0.328,-12.794,15.634,41.038,Pitch
0.288,0.125,0.328,36.069,15.634,41.038,Pitch
0.679,0.125,0.328,84.924,15.634,41.038,Pitch
1.070,0.125,0.328,133.779,15.634,41.038,Pitch
1.460,0.125,0.328,182.634,15.634,41.038,Pitch
1.851,0.125,0.328,231.489,15.634,41.038,Pitch
-1.758,0.125,0.328,-219.931,15.634,41.038,Pitch
-1.368,0.125,0.328,-171.076,15.634,41.038,Pitch
-0.977,0.125,0.328,-122.221,15.634,41.038,Pitch
-0.587,0.125,0.328,-73.366,15.634,41.038,Pitch
-0.196,0.125,0.328,-24.511,15.634,41.038,Pitch
0.195,0.125,0.328,24.351,15.634,41.038,Pitch
0.585,0.125,0.328,73.206,15.634,41.038,Pitch
0.976,0.125,0.328,122.061,15.634,41.038,Pitch
1.367,0.125,0.328,170.916,15.634,41.038,Pitch
1.757,0.125,0.328,219.771,15.634,41.038,Pitch
-1.852,0.125,0.328,-231.649,15.634,41.038,Pitch
-1.462,0.125,0.328,-182.794,15.634,41.038,Pitch
-1.071,0.125,0.328,-133.939,15.634,41.038,Pitch
-0.680,0.125,0.328,-85.084,15.634,41.038,Pitch
-0.290,0.125,0.328,-36.229,15.634,41.038,Pitch
0.101,0.125,0.328,12.634,15.634,41.038,Pitch
0.492,0.125,0.328,61.489,15.634,41.038,Pitch
0.882,0.125,0.328,110.344,15.634,41.038,Pitch
1.273,0.125,0.328,159.198,15.634,41.038,Pitch
1.664,0.125,0.328,208.053,15.634,41.038,Pitch
-1.946,0.125,0.328,-243.366,15.634,41.038,Pitch
-1.555,0.125,0.328,-194.511,15.634,41.038,Pitch
-1.165,0.125,0.328,-145.656,15.634,41.038,Pitch
-0.774,0.125,0.328,-96.802,15.634,41.038,Pitch
-0.383,0.125,0.328,-47.947,15.634,41.038,Pitch
0.007,0.125,0.328,0.916,15.634,41.038,Pitch
0.382,0.125,0.328,47.817,15.634,41.038,Pitch
0.773,0.125,0.328,96.672,15.634,41.038,Pitch
1.164,0.125,0.328,145.527,15.634,41.038,Pitch
1.554,0.125,0.328,194.382,15.634,41.038,Pitch
1.945,0.125,0.328,243.237,15.634,41.038,Pitch
-1.665,0.125,0.328,-208.183,15.634,41.038,Pitch
-1.274,0.125,0.328,-159.328,15.634,41.038,Pitch
-0.883,0.125,0.328,-110.473,15.634,41.038,Pitch
-0.493,0.125,0.328,-61.618,15.634,41.038,Pitch
-0.102,0.125,0.328,-12.763,15.634,41.038,Pitch
0.289,0.125,0.328,36.099,15.634,41.038,Pitch
0.679,0.125,0.328,84.954,15.634,41.038,Pitch
1.070,0.125,0.328,133.809,15.634,41.038,Pitch
1.461,0.125,0.328,182.664,15.634,41.038,Pitch
1.851,0.125,0.328,231.519,15.634,41.038,Pitch
-1.758,0.125,0.328,-219.901,15.634,41.038,Pitch
-1.368,0.125,0.328,-171.046,15.634,41.038,Pitch
-0.977,0.125,0.328,-122.191,15.634,41.038,Pitch
-0.586,0.125,0.328,-73.336,15.634,41.038,Pitch
-0.196,0.125,0.328,-24.481,15.634,41.038,Pitch
0.195,0.125,0.328,24.382,15.634,41.038,Pitch
0.586,0.125,0.328,73.237,15.634,41.038,Pitch
0.976,0.125,0.328,122.092,15.634,41.038,Pitch
1.367,0.125,0.328,170.947,15.634,41.038,Pitch
1.757,0.125,0.328,219.802,15.634,41.038,Pitch
-1.852,0.125,0.328,-231.618,15.634,41.038,Pitch
-1.461,0.125,0.328,-182.763,15.634,41.038,Pitch
-1.071,0.125,0.328,-133.908,15.634,41.038,Pitch
-0.680,0.125,0.328,-85.053,15.634,41.038,Pitch
-0.289,0.125,0.328,-36.198,15.634,41.038,Pitch
0.101,0.125,0.328,12.664,15.634,41.038,Pitch
0.492,0.125,0.328,61.519,15.634,41.038,Pitch
0.883,0.125,0.328,110.374,15.634,41.038,Pitch
1.273,0.125,0.328,159.229,15.634,41.038,Pitch
1.664,0.125,0.328,208.084,15.634,41.038,Pitch
-1.946,0.125,0.328,-243.336,15.634,41.038,Pitch
-1.555,0.125,0.328,-194.481,15.634,41.038,Pitch
-1.164,0.125,0.328,-145.626,15.634,41.038,Pitch
-0.774,0.125,0.328,-96.771,15.634,41.038,Pitch
-0.383,0.125,0.328,-47.916,15.634,41.038,Pitch
0.008,0.125,0.328,0.947,15.634,41.038,Pitch
0.383,0.125,0.328,47.847,15.634,41.038,Pitch
0.773,0.125,0.328,96.702,15.634,41.038,Pitch
1.164,0.125,0.328,145.557,15.634,41.038,Pitch
1.554,0.125,0.328,194.412,15.634,41.038,Pitch
1.945,0.125,0.328,243.267,15.634,41.038,Pitch
-1.664,0.125,0.328,-208.153,15.634,41.038,Pitch
-1.274,0.125,0.328,-159.298,15.634,41.038,Pitch
-0.883,0.125,0.328,-110.443,15.634,41.038,Pitch
-0.492,0.125,0.328,-61.588,15.634,41.038,Pitch
-0.102,0.125,0.328,-12.733,15.634,41.038,Pitch
0.289,0.125,0.328,36.130,15.634,41.038,Pitch
0.680,0.125,0.328,84.985,15.634,41.038,Pitch
1.070,0.125,0.328,133.840,15.634,41.038,Pitch
1.461,0.125,0.328,182.695,15.634,41.038,Pitch
1.851,0.125,0.328,231.550,15.634,41.038,Pitch
-1.758,0.125,0.328,-219.870,15.634,41.038,Pitch
-1.367,0.125,0.328,-171.015,15.634,41.038,Pitch
-0.977,0.125,0.328,-122.160,15.634,41.038,Pitch
-0.586,0.125,0.328,-73.305,15.634,41.038,Pitch
-0.195,0.125,0.328,-24.450,15.634,41.038,Pitch
0.195,0.125,0.328,24.412,15.634,41.038,Pitch
0.586,0.125,0.328,73.267,15.634,41.038,Pitch
0.976,0.125,0.328,122.122,15.634,41.038,Pitch
1.367,0.125,0.328,170.977,15.634,41.038,Pitch
1.758,0.125,0.328,219.832,15.634,41.038,Pitch
-1.852,0.125,0.328,-231.588,15.634,41.038,Pitch
-1.461,0.125,0.328,-182.733,15.634,41.038,Pitch
-1.070,0.125,0.328,-133.878,15.634,41.038,Pitch
-0.680,0.125,0.328,-85.023,15.634,41.038,Pitch
-0.289,0.125,0.328,-36.168,15.634,41.038,Pitch
0.102,0.125,0.328,12.695,15.634,41.038,Pitch
0.492,0.125,0.328,61.550,15.634,41.038,Pitch
0.883,0.125,0.328,110.405,15.634,41.038,Pitch
1.273,0.125,0.328,159.260,15.634,41.038,Pitch
1.664,0.125,0.328,208.115,15.634,41.038,Pitch
-1.945,0.125,0.328,-243.305,15.634,41.038,Pitch
-1.555,0.125,0.328,-194.450,15.634,41.038,Pitch
-1.164,0.125,0.328,-145.595,15.634,41.038,Pitch
-0.773,0.125,0.328,-96.740,15.634,41.038,Pitch
-0.383,0.125,0.328,-47.885,15.634,41.038,Pitch
0.008,0.125,0.328,0.977,15.634,41.038,Pitch
0.383,0.125,0.328,47.878,15.634,41.038,Pitch
0.773,0.125,0.328,96.733,15.634,41.038,Pitch
1.164,0.125,0.328,145.588,15.634,41.038,Pitch
1.555,0.125,0.328,194.443,15.634,41.038,Pitch
1.945,0.125,0.328,243.298,15.634,41.038,Pitch
-1.664,0.125,0.328,-208.122,15.634,41.038,Pitch
-1.273,0.125,0.328,-159.267,15.634,41.038,Pitch
-0.883,0.125,0.328,-110.412,15.634,41.038,Pitch
-0.492,0.125,0.328,-61.557,15.634,41.038,Pitch
-0.102,0.125,0.328,-12.702,15.634,41.038,Pitch
0.289,0.125,0.328,36.160,15.634,41.038,Pitch
0.680,0.125,0.328,85.015,15.634,41.038,Pitch
1.070,0.125,0.328,133.870,15.634,41.038,Pitch
1.461,0.125,0.328,182.725,15.634,41.038,Pitch
1.852,0.125,0.328,231.580,15.634,41.038,Pitch
-1.758,0.125,0.328,-219.840,15.634,41.038,Pitch
-1.367,0.125,0.328,-170.985,15.634,41.038,Pitch
-0.977,0.125,0.328,-122.130,15.634,41.038,Pitch
-0.586,0.125,0.328,-73.275,15.634,41.038,Pitch
-0.195,0.125,0.328,-24.420,15.634,41.038,Pitch
0.195,0.125,0.328,24.443,15.634,41.038,Pitch
0.586,0.125,0.328,73.298,15.634,41.038,Pitch
0.977,0.125,0.328,122.153,15.634,41.038,Pitch
1.367,0.125,0.328,171.008,15.634,41.038,Pitch
1.758,0.125,0.328,219.863,15.634,41.038,Pitch
-1.851,0.125,0.328,-231.557,15.634,41.038,Pitch
-1.461,0.125,0.328,-182.702,15.634,41.038,Pitch
-1.070,0.125,0.328,-133.847,15.634,41.038,Pitch
-0.680,0.125,0.328,-84.992,15.634,41.038,Pitch
-0.289,0.125,0.328,-36.137,15.634,41.038,Pitch
0.102,0.125,0.328,12.725,15.634,41.038,Pitch
0.492,0.125,0.328,61.580,15.634,41.038,Pitch
0.883,0.125,0.328,110.435,15.634,41.038,Pitch
1.274,0.125,0.328,159.290,15.634,41.038,Pitch
1.664,0.125,0.328,208.145,15.634,41.038,Pitch
-1.945,0.125,0.328,-243.275,15.634,41.038,Pitch
-1.555,0.125,0.328,-194.420,15.634,41.038,Pitch
-1.164,0.125,0.328,-145.565,15.634,41.038,Pitch
-0.773,0.125,0.328,-96.710,15.634,41.038,Pitch
-0.383,0.125,0.328,-47.855,15.634,41.038,Pitch
0.008,0.125,0.328,1.008,15.634,41.038,Pitch
0.383,0.125,0.328,47.908,15.634,41.038,Pitch
0.774,0.125,0.328,96.763,15.634,41.038,Pitch
1.164,0.125,0.328,145.618,15.634,41.038,Pitch
1.555,0.125,0.328,194.473,15.634,41.038,Pitch
1.946,0.125,0.328,243.328,15.634,41.038,Pitch
-1.664,0.125,0.328,-208.092,15.634,41.038,Pitch
-1.273,0.125,0.328,-159.237,15.634,41.038,Pitch
-0.883,0.125,0.328,-110.382,15.634,41.038,Pitch
-0.492,0.125,0.328,-61.527,15.634,41.038,Pitch
-0.101,0.125,0.328,-12.672,15.634,41.038,Pitch
0.289,0.125,0.328,36.191,15.634,41.038,Pitch
0.680,0.125,0.328,85.046,15.634,41.038,Pitch
1.071,0.125,0.328,133.901,15.634,41.038,Pitch
1.461,0.125,0.328,182.756,15.634,41.038,Pitch
1.852,0.125,0.328,231.611,15.634,41.038,Pitch
-1.758,0.125,0.328,-219.809,15.634,41.038,Pitch
-1.367,0.125,0.328,-170.954,15.634,41.038,Pitch
-0.976,0.125,0.328,-122.099,15.634,41.038,Pitch
-0.586,0.125,0.328,-73.244,15.634,41.038,Pitch
-0.195,0.125,0.328,-24.389,15.634,41.038,Pitch
0.196,0.125,0.328,24.473,15.634,41.038,Pitch
0.586,0.125,0.328,73.328,15.634,41.038,Pitch
0.977,0.125,0.328,122.183,15.634,41.038,Pitch
1.368,0.125,0.328,171.038,15.634,41.038,Pitch
1.758,0.125,0.328,219.893,15.634,41.038,Pitch
-1.851,0.125,0.328,-231.527,15.634,41.038,Pitch
-1.461,0.125,0.328,-182.672,15.634,41.038,Pitch
-1.070,0.125,0.328,-133.817,15.634,41.038,Pitch
-0.679,0.125,0.328,-84.962,15.634,41.038,Pitch
-0.289,0.125,0.328,-36.107,15.634,41.038,Pitch
0.102,0.125,0.328,12.756,15.634,41.038,Pitch
0.493,0.125,0.328,61.611,15.634,41.038,Pitch
0.883,0.125,0.328,110.466,15.634,41.038,Pitch
1.274,0.125,0.328,159.321,15.634,41.038,Pitch
1.664,0.125,0.328,208.176,15.634,41.038,Pitch
-1.945,0.125,0.328,-243.244,15.634,41.038,Pitch
-1.554,0.125,0.328,-194.389,15.634,41.038,Pitch
-1.164,0.125,0.328,-145.534,15.634,41.038,Pitch
-0.773,0.125,0.328,-96.679,15.634,41.038,Pitch
-0.382,0.125,0.328,-47.824,15.634,41.038,Pitch
0.008,0.125,0.328,1.038,15.634,41.038,Pitch
0.383,0.125,0.328,47.939,15.634,41.038,Pitch
0.774,0.125,0.328,96.794,15.634,41.038,Pitch
1.165,0.125,0.328,145.649,15.634,41.038,Pitch
1.555,0.125,0.328,194.504,15.634,41.038,Pitch
1.946,0.125,0.328,243.359,15.634,41.038,Pitch
-1.664,0.125,0.328,-208.061,15.634,41.038,Pitch
-1.273,0.125,0.328,-159.206,15.634,41.038,Pitch
-0.882,0.125,0.328,-110.351,15.634,41.038,Pitch
-0.492,0.125,0.328,-61.496,15.634,41.038,Pitch
-0.101,0.125,0.328,-12.641,15.634,41.038,Pitch
0.290,0.125,0.328,36.221,15.634,41.038,Pitch
0.680,0.125,0.328,85.076,15.634,41.038,Pitch
1.071,0.125,0.328,133.931,15.634,41.038,Pitch
1.461,0.125,0.328,182.786,15.634,41.038,Pitch
1.852,0.125,0.328,231.641,15.634,41.038,Pitch
-1.757,0.125,0.328,-219.779,15.634,41.038,Pitch
-1.367,0.125,0.328,-170.924,15.634,41.038,Pitch
-0.976,0.125,0.328,-122.069,15.634,41.038,Pitch
-0.585,0.125,0.328,-73.214,15.634,41.038,Pitch
-0.195,0.125,0.328,-24.359,15.634,41.038,Pitch
0.196,0.125,0.328,24.504,15.634,41.038,Pitch
0.587,0.125,0.328,73.359,15.634,41.038,Pitch
0.977,0.125,0.328,122.214,15.634,41.038,Pitch
1.368,0.125,0.328,171.069,15.634,41.038,Pitch
1.758,0.125,0.328,219.924,15.634,41.038,Pitch
-1.851,0.125,0.328,-231.496,15.634,41.038,Pitch
-1.460,0.125,0.328,-182.641,15.634,41.038,Pitch
-1.070,0.125,0.328,-133.786,15.634,41.038,Pitch
-0.679,0.125,0.328,-84.931,15.634,41.038,Pitch
-0.288,0.125,0.328,-36.076,15.634,41.038,Pitch
0.102,0.125,0.328,12.786,15.634,41.038,Pitch
0.493,0.125,0.328,61.641,15.634,41.038,Pitch
0.883,0.125,0.328,110.496,15.634,41.038,Pitch
1.274,0.125,0.328,159.351,15.634,41.038,Pitch
1.665,0.125,0.328,208.206,15.634,41.038,Pitch
-1.945,0.125,0.328,-243.214,15.634,41.038,Pitch
-1.554,0.125,0.328,-194.359,15.634,41.038,Pitch
-1.163,0.125,0.328,-145.504,15.634,41.038,Pitch
-0.773,0.125,0.328,-96.649,15.634,41.038,Pitch
-0.382,0.125,0.328,-47.794,15.634,41.038,Pitch
0.009,0.125,0.328,1.069,15.634,41.038,Pitch
0.384,0.125,0.328,47.969,15.634,41.038,Pitch
0.774,0.125,0.328,96.824,15.634,41.038,Pitch
1.165,0.125,0.328,145.679,15.634,41.038,Pitch
1.555,0.125,0.328,194.534,15.634,41.038,Pitch
1.946,0.125,0.328,243.389,15.634,41.038,Pitch
-1.663,0.125,0.328,-208.031,15.634,41.038,Pitch
-1.273,0.125,0.328,-159.176,15.634,41.038,Pitch
-0.882,0.125,0.328,-110.321,15.634,41.038,Pitch
-0.491,0.125,0.328,-61.466,15.634,41.038,Pitch
-0.101,0.125,0.328,-12.611,15.634,41.038,Pitch
0.290,0.125,0.328,36.252,15.634,41.038,Pitch
0.680,0.125,0.328,85.107,15.634,41.038,Pitch
1.071,0.125,0.328,133.962,15.634,41.038,Pitch
1.462,0.125,0.328,182.817,15.634,41.038,Pitch
1.852,0.125,0.328,231.672,15.634,41.038,Pitch
-1.757,0.125,0.328,-219.748,15.634,41.038,Pitch
-1.366,0.125,0.328,-170.893,15.634,41.038,Pitch
-0.976,0.125,0.328,-122.038,15.634,41.038,Pitch
-0.585,0.125,0.328,-73.183,15.634,41.038,Pitch
-0.195,0.125,0.328,-24.328,15.634,41.038,Pitch
0.196,0.125,0.328,24.534,15.634,41.038,Pitch
0.587,0.125,0.328,73.389,15.634,41.038,Pitch
0.977,0.125,0.328,122.244,15.634,41.038,Pitch
1.368,0.125,0.328,171.099,15.634,41.038,Pitch
1.759,0.125,0.328,219.954,15.634,41.038,Pitch
-1.851,0.125,0.328,-231.466,15.634,41.038,Pitch
-1.460,0.125,0.328,-182.611,15.634,41.038,Pitch
-1.069,0.125,0.328,-133.756,15.634,41.038,Pitch
-0.679,0.125,0.328,-84.901,15.634,41.038,Pitch
-0.288,0.125,0.328,-36.046,15.634,41.038,Pitch
0.102,0.125,0.328,12.817,15.634,41.038,Pitch
0.493,0.125,0.328,61.672,15.634,41.038,Pitch
0.884,0.125,0.328,110.527,15.634,41.038,Pitch
1.274,0.125,0.328,159.382,15.634,41.038,Pitch
1.665,0.125,0.328,208.237,15.634,41.038,Pitch
-1.944,0.125,0.328,-243.183,15.634,41.038,Pitch
-1.554,0.125,0.328,-194.328,15.634,41.038,Pitch
-1.163,0.125,0.328,-145.473,15.634,41.038,Pitch
-0.773,0.125,0.328,-96.618,15.634,41.038,Pitch
-0.382,0.125,0.328,-47.763,15.634,41.038,Pitch
0.009,0.125,0.328,1.099,15.634,41.038,Pitch
0.384,0.125,0.328,48.000,15.634,41.038,Pitch
0.774,0.125,0.328,96.855,15.634,41.038,Pitch
1.165,0.125,0.328,145.710,15.634,41.038,Pitch
1.556,0.125,0.328,194.565,15.634,41.038,Pitch
1.946,0.125,0.328,243.420,15.634,41.038,Pitch
-1.663,0.125,0.328,-208.000,15.634,41.038,Pitch
-1.272,0.125,0.328,-159.145,15.634,41.038,Pitch
-0.882,0.125,0.328,-110.290,15.634,41.038,Pitch
-0.491,0.125,0.328,-61.435,15.634,41.038,Pitch
-0.101,0.125,0.328,-12.580,15.634,41.038,Pitch
0.290,0.125,0.328,36.282,15.634,41.038,Pitch
0.681,0.125,0.328,85.137,15.634,41.038,Pitch
1.071,0.125,0.328,133.992,15.634,41.038,Pitch
1.462,0.125,0.328,182.847,15.634,41.038,Pitch
1.853,0.125,0.328,231.702,15.634,41.038,Pitch
-1.757,0.125,0.328,-219.718,15.634,41.038,Pitch
-1.366,0.125,0.328,-170.863,15.634,41.038,Pitch
-0.976,0.125,0.328,-122.008,15.634,41.038,Pitch
-0.585,0.125,0.328,-73.153,15.634,41.038,Pitch
-0.194,0.125,0.328,-24.298,15.634,41.038,Pitch
0.196,0.125,0.328,24.565,15.634,41.038,Pitch
0.587,0.125,0.328,73.420,15.634,41.038,Pitch
0.978,0.125,0.328,122.275,15.634,41.038,Pitch
1.368,0.125,0.328,171.130,15.634,41.038,Pitch
1.759,0.125,0.328,219.985,15.634,41.038,Pitch
-1.850,0.125,0.328,-231.435,15.634,41.038,Pitch
-1.460,0.125,0.328,-182.580,15.634,41.038,Pitch
-1.069,0.125,0.328,-133.725,15.634,41.038,Pitch
-0.679,0.125,0.328,-84.870,15.634,41.038,Pitch
-0.288,0.125,0.328,-36.015,15.634,41.038,Pitch
0.103,0.125,0.328,12.847,15.634,41.038,Pitch
0.493,0.125,0.328,61.702,15.634,41.038,Pitch
0.884,0.125,0.328,110.557,15.634,41.038,Pitch
1.275,0.125,0.328,159.412,15.634,41.038,Pitch
1.665,0.125,0.328,208.267,15.634,41.038,Pitch
-1.944,0.125,0.328,-243.153,15.634,41.038,Pitch
-1.554,0.125,0.328,-194.298,15.634,41.038,Pitch
-1.163,0.125,0.328,-145.443,15.634,41.038,Pitch
-0.772,0.125,0.328,-96.588,15.634,41.038,Pitch
-0.382,0.125,0.328,-47.733,15.634,41.038,Pitch
0.009,0.125,0.328,1.130,15.634,41.038,Pitch
0.384,0.125,0.328,48.031,15.634,41.038,Pitch
0.775,0.125,0.328,96.885,15.634,41.038,Pitch
1.165,0.125,0.328,145.740,15.634,41.038,Pitch
1.556,0.125,0.328,194.595,15.634,41.038,Pitch
1.947,0.125,0.328,243.450,15.634,41.038,Pitch
-1.663,0.125,0.328,-207.969,15.634,41.038,Pitch
-1.272,0.125,0.328,-159.115,15.634,41.038,Pitch
-0.882,0.125,0.328,-110.260,15.634,41.038,Pitch
-0.491,0.125,0.328,-61.405,15.634,41.038,Pitch
-0.100,0.125,0.328,-12.550,15.634,41.038,Pitch
0.290,0.125,0.328,36.313,15.634,41.038,Pitch
0.681,0.125,0.328,85.168,15.634,41.038,Pitch
1.072,0.125,0.328,134.023,15.634,41.038,Pitch
1.462,0.125,0.328,182.878,15.634,41.038,Pitch
1.853,0.125,0.328,231.733,15.634,41.038,Pitch
-1.757,0.125,0.328,-219.687,15.634,41.038,Pitch
-1.366,0.125,0.328,-170.832,15.634,41.038,Pitch
-0.975,0.125,0.328,-121.977,15.634,41.038,Pitch
-0.585,0.125,0.328,-73.122,15.634,41.038,Pitch
-0.194,0.125,0.328,-24.267,15.634,41.038,Pitch
0.197,0.125,0.328,24.595,15.634,41.038,Pitch
0.587,0.125,0.328,73.450,15.634,41.038,Pitch
0.978,0.125,0.328,122.305,15.634,41.038,Pitch
1.369,0.125,0.328,171.160,15.634,41.038,Pitch
1.759,0.125,0.328,220.015,15.634,41.038,Pitch
-1.850,0.125,0.328,-231.405,15.634,41.038,Pitch
-1.460,0.125,0.328,-182.550,15.634,41.038,Pitch
-1.069,0.125,0.328,-133.695,15.634,41.038,Pitch
-0.678,0.125,0.328,-84.840,15.634,41.038,Pitch
-0.288,0.125,0.328,-35.985,15.634,41.038,Pitch
0.103,0.125,0.328,12.878,15.634,41.038,Pitch
0.494,0.125,0.328,61.733,15.634,41.038,Pitch
0.884,0.125,0.328,110.588,15.634,41.038,Pitch
1.275,0.125,0.328,159.443,15.634,41.038,Pitch
1.665,0.125,0.328,208.298,15.634,41.038,Pitch
-1.944,0.125,0.328,-243.122,15.634,41.038,Pitch
-1.553,0.125,0.328,-194.267,15.634,41.038,Pitch
-1.163,0.125,0.328,-145.412,15.634,41.038,Pitch
-0.772,0.125,0.328,-96.557,15.634,41.038,Pitch
-0.381,0.125,0.328,-47.702,15.634,41.038,Pitch
0.009,0.125,0.328,1.160,15.634,41.038,Pitch
0.384,0.125,0.328,48.061,15.634,41.038,Pitch
0.775,0.125,0.328,96.916,15.634,41.038,Pitch
1.166,0.125,0.328,145.771,15.634,41.038,Pitch
1.556,0.125,0.328,194.626,15.634,41.038,Pitch
1.947,0.125,0.328,243.481,15.634,41.038,Pitch
-1.663,0.125,0.328,-207.939,15.634,41.038,Pitch
-1.272,0.125,0.328,-159.084,15.634,41.038,Pitch
-0.881,0.125,0.328,-110.229,15.634,41.038,Pitch
-0.491,0.125,0.328,-61.374,15.634,41.038,Pitch
-0.100,0.125,0.328,-12.519,15.634,41.038,Pitch
0.291,0.125,0.328,36.344,15.634,41.038,Pitch
0.681,0.125,0.328,85.198,15.634,41.038,Pitch
1.072,0.125,0.328,134.053,15.634,41.038,Pitch
1.462,0.125,0.328,182.908,15.634,41.038,Pitch
1.853,0.125,0.328,231.763,15.634,41.038,Pitch
-1.756,0.125,0.328,-219.656,15.634,41.038,Pitch
-1.366,0.125,0.328,-170.802,15.634,41.038,Pitch
-0.975,0.125,0.328,-121.947,15.634,41.038,Pitch
-0.584,0.125,0.328,-73.092,15.634,41.038,Pitch
-0.194,0.125,0.328,-24.237,15.634,41.038,Pitch
0.197,0.125,0.328,24.626,15.634,41.038,Pitch
0.588,0.125,0.328,73.481,15.634,41.038,Pitch
0.978,0.125,0.328,122.336,15.634,41.038,Pitch
1.369,0.125,0.328,171.191,15.634,41.038,Pitch
1.759,0.125,0.328,220.046,15.634,41.038,Pitch
-1.850,0.125,0.328,-231.374,15.634,41.038,Pitch
-1.459,0.125,0.328,-182.519,15.634,41.038,Pitch
-1.069,0.125,0.328,-133.664,15.634,41.038,Pitch
-0.678,0.125,0.328,-84.809,15.634,41.038,Pitch
-0.287,0.125,0.328,-35.954,15.634,41.038,Pitch
0.103,0.125,0.328,12.908,15.634,41.038,Pitch
0.494,0.125,0.328,61.763,15.634,41.038,Pitch
0.884,0.125,0.328,110.618,15.634,41.038,Pitch
1.275,0.125,0.328,159.473,15.634,41.038,Pitch
1.666,0.125,0.328,208.328,15.634,41.038,Pitch
-1.944,0.125,0.328,-243.092,15.634,41.038,Pitch
-1.553,0.125,0.328,-194.237,15.634,41.038,Pitch
-1.162,0.125,0.328,-145.382,15.634,41.038,Pitch
-0.772,0.125,0.328,-96.527,15.634,41.038,Pitch
-0.381,0.125,0.328,-47.672,15.634,41.038,Pitch
0.010,0.125,0.328,1.191,15.634,41.038,Pitch
0.385,0.125,0.328,48.092,15.634,41.038,Pitch
0.775,0.125,0.328,96.947,15.634,41.038,Pitch
1.166,0.125,0.328,145.802,15.634,41.038,Pitch
0.000,0.000,-0.359,0.000,0.000,-44.924,Pitch
-0.312,0.000,0.328,-39.061,0.000,41.038,Pitch
0.078,0.000,0.328,9.802,0.000,41.038,Pitch
0.453,0.000,0.328,56.702,0.000,41.038,Pitch
0.828,0.000,0.328,103.603,0.000,41.038,Pitch
1.219,0.000,0.328,152.458,0.000,41.038,Pitch
1.610,0.000,0.328,201.313,0.000,41.038,Pitch
-2.000,0.000,0.328,-250.107,0.000,41.038,Pitch
-1.609,0.000,0.328,-201.252,0.000,41.038,Pitch
-1.219,0.000,0.328,-152.397,0.000,41.038,Pitch
-0.828,0.000,0.328,-103.542,0.000,41.038,Pitch
-0.437,0.000,0.328,-54.687,0.000,41.038,Pitch
-0.047,0.000,0.328,-5.832,0.000,41.038,Pitch
0.344,0.000,0.328,43.031,0.000,41.038,Pitch
0.719,0.000,0.328,89.931,0.000,41.038,Pitch
1.094,0.000,0.328,136.832,0.000,41.038,Pitch
1.485,0.000,0.328,185.687,0.000,41.038,Pitch
1.875,0.000,0.328,234.542,0.000,41.038,Pitch
-1.734,0.000,0.328,-216.878,0.000,41.038,Pitch
-1.343,0.000,0.328,-168.023,0.000,41.038,Pitch
-0.953,0.000,0.328,-119.168,0.000,41.038,Pitch
-0.562,0.000,0.328,-70.313,0.000,41.038,Pitch
-0.172,0.000,0.328,-21.458,0.000,41.038,Pitch
0.219,0.000,0.328,27.405,0.000,41.038,Pitch
0.594,0.000,0.328,74.305,0.000,41.038,Pitch
0.969,0.000,0.328,121.206,0.000,41.038,Pitch
1.360,0.000,0.328,170.061,0.000,41.038,Pitch
1.750,0.000,0.328,218.916,0.000,41.038,Pitch
-1.859,0.000,0.328,-232.504,0.000,41.038,Pitch
-1.468,0.000,0.328,-183.649,0.000,41.038,Pitch
-1.078,0.000,0.328,-134.794,0.000,41.038,Pitch
-0.687,0.000,0.328,-85.939,0.000,41.038,Pitch
-0.297,0.000,0.328,-37.084,0.000,41.038,Pitch
0.094,0.000,0.328,11.779,0.000,41.038,Pitch
0.469,0.000,0.328,58.679,0.000,41.038,Pitch
0.844,0.000,0.328,105.580,0.000,41.038,Pitch
1.235,0.000,0.328,154.435,0.000,41.038,Pitch
1.625,0.000,0.328,203.290,0.000,41.038,Pitch
-1.984,0.000,0.328,-248.130,0.000,41.038,Pitch
-1.593,0.000,0.328,-199.275,0.000,41.038,Pitch
-1.203,0.000,0.328,-150.420,0.000,41.038,Pitch
-0.812,0.000,0.328,-101.565,0.000,41.038,Pitch
-0.421,0.000,0.328,-52.710,0.000,41.038,Pitch
-0.031,0.000,0.328,-3.855,0.000,41.038,Pitch
0.360,0.000,0.328,45.008,0.000,41.038,Pitch
0.735,0.000,0.328,91.908,0.000,41.038,Pitch
1.110,0.000,0.328,138.809,0.000,41.038,Pitch
1.500,0.000,0.328,187.664,0.000,41.038,Pitch
1.891,0.000,0.328,236.519,0.000,41.038,Pitch
-1.718,0.000,0.328,-214.901,0.000,41.038,Pitch
-1.328,0.000,0.328,-166.046,0.000,41.038,Pitch
-0.937,0.000,0.328,-117.191,0.000,41.038,Pitch
-0.546,0.000,0.328,-68.336,0.000,41.038,Pitch
-0.156,0.000,0.328,-19.481,0.000,41.038,Pitch
0.235,0.000,0.328,29.382,0.000,41.038,Pitch
0.610,0.000,0.328,76.282,0.000,41.038,Pitch
0.985,0.000,0.328,123.183,0.000,41.038,Pitch
1.376,0.000,0.328,172.038,0.000,41.038,Pitch
1.766,0.000,0.328,220.893,0.000,41.038,Pitch
-1.843,0.000,0.328,-230.527,0.000,41.038,Pitch
-1.453,0.000,0.328,-181.672,0.000,41.038,Pitch
-1.062,0.000,0.328,-132.817,0.000,41.038,Pitch
-0.671,0.000,0.328,-83.962,0.000,41.038,Pitch
-0.281,0.000,0.328,-35.107,0.000,41.038,Pitch
0.110,0.000,0.328,13.756,0.000,41.038,Pitch
0.485,0.000,0.328,60.656,0.000,41.038,Pitch
0.860,0.000,0.328,107.557,0.000,41.038,Pitch
1.251,0.000,0.328,156.412,0.000,41.038,Pitch
1.641,0.000,0.328,205.267,0.000,41.038,Pitch
-1.968,0.000,0.328,-246.153,0.000,41.038,Pitch
-1.578,0.000,0.328,-197.298,0.000,41.038,Pitch
-1.187,0.000,0.328,-148.443,0.000,41.038,Pitch
-0.796,0.000,0.328,-99.588,0.000,41.038,Pitch
-0.406,0.000,0.328,-50.733,0.000,41.038,Pitch
-0.015,0.000,0.328,-1.878,0.000,41.038,Pitch
0.376,0.000,0.328,46.985,0.000,41.038,Pitch
0.751,0.000,0.328,93.885,0.000,41.038,Pitch
1.126,0.000,0.328,140.786,0.000,41.038,Pitch
1.516,0.000,0.328,189.641,0.000,41.038,Pitch
1.907,0.000,0.328,238.496,0.000,41.038,Pitch
-1.702,0.000,0.328,-212.924,0.000,41.038,Pitch
-1.312,0.000,0.328,-164.069,0.000,41.038,Pitch
-0.921,0.000,0.328,-115.214,0.000,41.038,Pitch
-0.531,0.000,0.328,-66.359,0.000,41.038,Pitch
-0.140,0.000,0.328,-17.504,0.000,41.038,Pitch
0.251,0.000,0.328,31.359,0.000,41.038,Pitch
0.626,0.000,0.328,78.260,0.000,41.038,Pitch
1.001,0.000,0.328,125.160,0.000,41.038,Pitch
1.391,0.000,0.328,174.015,0.000,41.038,Pitch
1.782,0.000,0.328,222.870,0.000,41.038,Pitch
-1.827,0.000,0.328,-228.550,0.000,41.038,Pitch
-1.437,0.000,0.328,-179.695,0.000,41.038,Pitch
-1.046,0.000,0.328,-130.840,0.000,41.038,Pitch
-0.656,0.000,0.328,-81.985,0.000,41.038,Pitch
-0.265,0.000,0.328,-33.130,0.000,41.038,Pitch
0.126,0.000,0.328,15.733,0.000,41.038,Pitch
0.501,0.000,0.328,62.634,0.000,41.038,Pitch
0.876,0.000,0.328,109.534,0.000,41.038,Pitch
1.266,0.000,0.328,158.389,0.000,41.038,Pitch
1.657,0.000,0.328,207.244,0.000,41.038,Pitch
-1.952,0.000,0.328,-244.176,0.000,41.038,Pitch
-1.562,0.000,0.328,-195.321,0.000,41.038,Pitch
-1.171,0.000,0.328,-146.466,0.000,41.038,Pitch
-0.780,0.000,0.328,-97.611,0.000,41.038,Pitch
-0.390,0.000,0.328,-48.756,0.000,41.038,Pitch
0.001,0.000,0.328,0.107,0.000,41.038,Pitch
0.376,0.000,0.328,47.008,0.000,41.038,Pitch
0.751,0.000,0.328,93.908,0.000,41.038,Pitch
1.126,0.000,0.328,140.809,0.000,41.038,Pitch
1.516,0.000,0.328,189.664,0.000,41.038,Pitch
1.907,0.000,0.328,238.519,0.000,41.038,Pitch
-1.702,0.000,0.328,-212.901,0.000,41.038,Pitch
-1.312,0.000,0.328,-164.046,0.000,41.038,Pitch
-0.921,0.000,0.328,-115.191,0.000,41.038,Pitch
-0.530,0.000,0.328,-66.336,0.000,41.038,Pitch
-0.140,0.000,0.328,-17.481,0.000,41.038,Pitch
0.251,0.000,0.328,31.382,0.000,41.038,Pitch
0.626,0.000,0.328,78.282,0.000,41.038,Pitch
1.001,0.000,0.328,125.183,0.000,41.038,Pitch
1.392,0.000,0.328,174.038,0.000,41.038,Pitch
1.782,0.000,0.328,222.893,0.000,41.038,Pitch
-1.827,0.000,0.328,-228.527,0.000,41.038,Pitch
-1.437,0.000,0.328,-179.672,0.000,41.038,Pitch
-1.046,0.000,0.328,-130.817,0.000,41.038,Pitch
-0.655,0.000,0.328,-81.962,0.000,41.038,Pitch
-0.265,0.000,0.328,-33.107,0.000,41.038,Pitch
0.126,0.000,0.328,15.756,0.000,41.038,Pitch
0.501,0.000,0.328,62.656,0.000,41.038,Pitch
0.876,0.000,0.328,109.557,0.000,41.038,Pitch
1.267,0.000,0.328,158.412,0.000,41.038,Pitch
1.657,0.000,0.328,207.267,0.000,41.038,Pitch
-1.952,0.000,0.328,-244.153,0.000,41.038,Pitch
-1.562,0.000,0.328,-195.298,0.000,41.038,Pitch
-1.171,0.000,0.328,-146.443,0.000,41.038,Pitch
-0.780,0.000,0.328,-97.588,0.000,41.038,Pitch
-0.390,0.000,0.328,-48.733,0.000,41.038,Pitch
0.001,0.000,0.328,0.130,0.000,41.038,Pitch
0.376,0.000,0.328,47.031,0.000,41.038,Pitch
0.751,0.000,0.328,93.931,0.000,41.038,Pitch
1.126,0.000,0.328,140.832,0.000,41.038,Pitch
1.517,0.000,0.328,189.687,0.000,41.038,Pitch
1.907,0.000,0.328,238.542,0.000,41.038,Pitch
-1.702,0.000,0.328,-212.878,0.000,41.038,Pitch
-1.311,0.000,0.328,-164.023,0.000,41.038,Pitch
-0.921,0.000,0.328,-115.168,0.000,41.038,Pitch
-0.530,0.000,0.328,-66.313,0.000,41.038,Pitch
-0.140,0.000,0.328,-17.458,0.000,41.038,Pitch
0.251,0.000,0.328,31.405,0.000,41.038,Pitch
0.626,0.000,0.328,78.305,0.000,41.038,Pitch
1.001,0.000,0.328,125.206,0.000,41.038,Pitch
1.392,0.000,0.328,174.061,0.000,41.038,Pitch
1.782,0.000,0.328,222.916,0.000,41.038,Pitch
-1.827,0.000,0.328,-228.504,0.000,41.038,Pitch
-1.436,0.000,0.328,-179.649,0.000,41.038,Pitch
-1.046,0.000,0.328,-130.794,0.000,41.038,Pitch
-0.655,0.000,0.328,-81.939,0.000,41.038,Pitch
-0.265,0.000,0.328,-33.084,0.000,41.038,Pitch
0.126,0.000,0.328,15.779,0.000,41.038,Pitch
0.501,0.000,0.328,62.679,0.000,41.038,Pitch
0.876,0.000,0.328,109.580,0.000,41.038,Pitch
1.267,0.000,0.328,158.435,0.000,41.038,Pitch
1.657,0.000,0.328,207.290,0.000,41.038,Pitch
-1.952,0.000,0.328,-244.130,0.000,41.038,Pitch
-1.561,0.000,0.328,-195.275,0.000,41.038,Pitch
-1.171,0.000,0.328,-146.420,0.000,41.038,Pitch
-0.780,0.000,0.328,-97.565,0.000,41.038,Pitch
-0.389,0.000,0.328,-48.710,0.000,41.038,Pitch
0.001,0.000,0.328,0.153,0.000,41.038,Pitch
0.376,0.000,0.328,47.053,0.000,41.038,Pitch
0.751,0.000,0.328,93.954,0.000,41.038,Pitch
1.126,0.000,0.328,140.855,0.000,41.038,Pitch
1.517,0.000,0.328,189.710,0.000,41.038,Pitch
1.907,0.000,0.328,238.565,0.000,41.038,Pitch
-1.702,0.000,0.328,-212.855,0.000,41.038,Pitch
-1.311,0.000,0.328,-164.000,0.000,41.038,Pitch
-0.921,0.000,0.328,-115.145,0.000,41.038,Pitch
-0.530,0.000,0.328,-66.290,0.000,41.038,Pitch
-0.139,0.000,0.328,-17.435,0.000,41.038,Pitch
0.251,0.000,0.328,31.427,0.000,41.038,Pitch
0.626,0.000,0.328,78.328,0.000,41.038,Pitch
1.001,0.000,0.328,125.229,0.000,41.038,Pitch
1.392,0.000,0.328,174.084,0.000,41.038,Pitch
1.783,0.000,0.328,222.939,0.000,41.038,Pitch
-1.827,0.000,0.328,-228.481,0.000,41.038,Pitch
-1.436,0.000,0.328,-179.626,0.000,41.038,Pitch
-1.046,0.000,0.328,-130.771,0.000,41.038,Pitch
-0.655,0.000,0.328,-81.916,0.000,41.038,Pitch
-0.264,0.000,0.328,-33.061,0.000,41.038,Pitch
0.126,0.000,0.328,15.802,0.000,41.038,Pitch
0.501,0.000,0.328,62.702,0.000,41.038,Pitch
0.876,0.000,0.328,109.603,0.000,41.038,Pitch
1.267,0.000,0.328,158.458,0.000,41.038,Pitch
1.658,0.000,0.328,207.313,0.000,41.038,Pitch
-1.952,0.000,0.328,-244.107,0.000,41.038,Pitch
-1.561,0.000,0.328,-195.252,0.000,41.038,Pitch
-1.171,0.000,0.328,-146.397,0.000,41.038,Pitch
-0.780,0.000,0.328,-97.542,0.000,41.038,Pitch
-0.389,0.000,0.328,-48.687,0.000,41.038,Pitch
0.001,0.000,0.328,0.176,0.000,41.038,Pitch
0.376,0.000,0.328,47.076,0.000,41.038,Pitch
0.751,0.000,0.328,93.977,0.000,41.038,Pitch
1.126,0.000,0.328,140.878,0.000,41.038,Pitch
1.517,0.000,0.328,189.733,0.000,41.038,Pitch
1.908,0.000,0.328,238.588,0.000,41.038,Pitch
-1.702,0.000,0.328,-212.832,0.000,41.038,Pitch
-1.311,0.000,0.328,-163.977,0.000,41.038,Pitch
-0.920,0.000,0.328,-115.122,0.000,41.038,Pitch
-0.530,0.000,0.328,-66.267,0.000,41.038,Pitch
-0.139,0.000,0.328,-17.412,0.000,41.038,Pitch
0.251,0.000,0.328,31.450,0.000,41.038,Pitch
0.626,0.000,0.328,78.351,0.000,41.038,Pitch
1.001,0.000,0.328,125.252,0.000,41.038,Pitch
1.392,0.000,0.328,174.107,0.000,41.038,Pitch
1.783,0.000,0.328,222.962,0.000,41.038,Pitch
-1.827,0.000,0.328,-228.458,0.000,41.038,Pitch
-1.436,0.000,0.328,-179.603,0.000,41.038,Pitch
-1.045,0.000,0.328,-130.748,0.000,41.038,Pitch
-0.655,0.000,0.328,-81.893,0.000,41.038,Pitch
-0.264,0.000,0.328,-33.038,0.000,41.038,Pitch
0.127,0.000,0.328,15.824,0.000,41.038,Pitch
0.502,0.000,0.328,62.725,0.000,41.038,Pitch
0.877,0.000,0.328,109.626,0.000,41.038,Pitch
1.267,0.000,0.328,158.481,0.000,41.038,Pitch
1.658,0.000,0.328,207.336,0.000,41.038,Pitch
-1.952,0.000,0.328,-244.084,0.000,41.038,Pitch
-1.561,0.000,0.328,-195.229,0.000,41.038,Pitch
-1.170,0.000,0.328,-146.374,0.000,41.038,Pitch
-0.780,0.000,0.328,-97.519,0.000,41.038,Pitch
-0.389,0.000,0.328,-48.664,0.000,41.038,Pitch
0.002,0.000,0.328,0.198,0.000,41.038,Pitch
0.377,0.000,0.328,47.099,0.000,41.038,Pitch
0.752,0.000,0.328,94.000,0.000,41.038,Pitch
1.127,0.000,0.328,140.901,0.000,41.038,Pitch
1.517,0.000,0.328,189.756,0.000,41.038,Pitch
1.908,0.000,0.328,238.611,0.000,41.038,Pitch
-1.702,0.000,0.328,-212.809,0.000,41.038,Pitch
-1.311,0.000,0.328,-163.954,0.000,41.038,Pitch
-0.920,0.000,0.328,-115.099,0.000,41.038,Pitch
-0.530,0.000,0.328,-66.244,0.000,41.038,Pitch
-0.139,0.000,0.328,-17.389,0.000,41.038,Pitch
0.252,0.000,0.328,31.473,0.000,41.038,Pitch
0.627,0.000,0.328,78.374,0.000,41.038,Pitch
1.002,0.000,0.328,125.275,0.000,41.038,Pitch
1.392,0.000,0.328,174.130,0.000,41.038,Pitch
1.783,0.000,0.328,222.985,0.000,41.038,Pitch
-1.826,0.000,0.328,-228.435,0.000,41.038,Pitch
-1.436,0.000,0.328,-179.580,0.000,41.038,Pitch
-1.045,0.000,0.328,-130.725,0.000,41.038,Pitch
-0.655,0.000,0.328,-81.870,0.000,41.038,Pitch
-0.264,0.000,0.328,-33.015,0.000,41.038,Pitch
0.127,0.000,0.328,15.847,0.000,41.038,Pitch
0.502,0.000,0.328,62.748,0.000,41.038,Pitch
0.877,0.000,0.328,109.649,0.000,41.038,Pitch
1.267,0.000,0.328,158.504,0.000,41.038,Pitch
1.658,0.000,0.328,207.359,0.000,41.038,Pitch
-1.951,0.000,0.328,-244.061,0.000,41.038,Pitch
-1.561,0.000,0.328,-195.206,0.000,41.038,Pitch
-1.170,0.000,0.328,-146.351,0.000,41.038,Pitch
-0.780,0.000,0.328,-97.496,0.000,41.038,Pitch
-0.389,0.000,0.328,-48.641,0.000,41.038,Pitch
0.002,0.000,0.328,0.221,0.000,41.038,Pitch
0.377,0.000,0.328,47.122,0.000,41.038,Pitch
0.752,0.000,0.328,94.023,0.000,41.038,Pitch
1.127,0.000,0.328,140.924,0.000,41.038,Pitch
1.517,0.000,0.328,189.779,0.000,41.038,Pitch
1.908,0.000,0.328,238.634,0.000,41.038,Pitch
-1.701,0.000,0.328,-212.786,0.000,41.038,Pitch
-1.311,0.000,0.328,-163.931,0.000,41.038,Pitch
-0.920,0.000,0.328,-115.076,0.000,41.038,Pitch
-0.529,0.000,0.328,-66.221,0.000,41.038,Pitch
-0.139,0.000,0.328,-17.366,0.000,41.038,Pitch
0.252,0.000,0.328,31.496,0.000,41.038,Pitch
0.627,0.000,0.328,78.397,0.000,41.038,Pitch
1.002,0.000,0.328,125.298,0.000,41.038,Pitch
1.392,0.000,0.328,174.153,0.000,41.038,Pitch
1.783,0.000,0.328,223.008,0.000,41.038,Pitch
-1.826,0.000,0.328,-228.412,0.000,41.038,Pitch
-1.436,0.000,0.328,-179.557,0.000,41.038,Pitch
-1.045,0.000,0.328,-130.702,0.000,41.038,Pitch
-0.654,0.000,0.328,-81.847,0.000,41.038,Pitch
-0.264,0.000,0.328,-32.992,0.000,41.038,Pitch
0.127,0.000,0.328,15.870,0.000,41.038,Pitch
0.502,0.000,0.328,62.771,0.000,41.038,Pitch
0.877,0.000,0.328,109.672,0.000,41.038,Pitch
1.268,0.000,0.328,158.527,0.000,41.038,Pitch
1.658,0.000,0.328,207.382,0.000,41.038,Pitch
-1.951,0.000,0.328,-244.038,0.000,41.038,Pitch
-1.561,0.000,0.328,-195.183,0.000,41.038,Pitch
-1.170,0.000,0.328,-146.328,0.000,41.038,Pitch
-0.779,0.000,0.328,-97.473,0.000,41.038,Pitch
-0.389,0.000,0.328,-48.618,0.000,41.038,Pitch
0.002,0.000,0.328,0.244,0.000,41.038,Pitch
0.377,0.000,0.328,47.145,0.000,41.038,Pitch
0.752,0.000,0.328,94.046,0.000,41.038,Pitch
1.127,0.000,0.328,140.947,0.000,41.038,Pitch
1.518,0.000,0.328,189.802,0.000,41.038,Pitch
1.908,0.000,0.328,238.656,0.000,41.038,Pitch
-1.701,0.000,0.328,-212.763,0.000,41.038,Pitch
-1.311,0.000,0.328,-163.908,0.000,41.038,Pitch
-0.920,0.000,0.328,-115.053,0.000,41.038,Pitch
-0.529,0.000,0.328,-66.198,0.000,41.038,Pitch
-0.139,0.000,0.328,-17.344,0.000,41.038,Pitch
0.252,0.000,0.328,31.519,0.000,41.038,Pitch
0.627,0.000,0.328,78.420,0.000,41.038,Pitch
1.002,0.000,0.328,125.321,0.000,41.038,Pitch
1.393,0.000,0.328,174.176,0.000,41.038,Pitch
1.783,0.000,0.328,223.031,0.000,41.038,Pitch
-1.826,0.000,0.328,-228.389,0.000,41.038,Pitch
-1.435,0.000,0.328,-179.534,0.000,41.038,Pitch
-1.045,0.000,0.328,-130.679,0.000,41.038,Pitch
-0.654,0.000,0.328,-81.824,0.000,41.038,Pitch
-0.264,0.000,0.328,-32.969,0.000,41.038,Pitch
0.127,0.000,0.328,15.893,0.000,41.038,Pitch
0.502,0.000,0.328,62.794,0.000,41.038,Pitch
0.877,0.000,0.328,109.695,0.000,41.038,Pitch
1.268,0.000,0.328,158.550,0.000,41.038,Pitch
1.658,0.000,0.328,207.405,0.000,41.038,Pitch
-1.951,0.000,0.328,-244.015,0.000,41.038,Pitch
-1.560,0.000,0.328,-195.160,0.000,41.038,Pitch
-1.170,0.000,0.328,-146.305,0.000,41.038,Pitch
-0.779,0.000,0.328,-97.450,0.000,41.038,Pitch
-0.389,0.000,0.328,-48.595,0.000,41.038,Pitch
0.002,0.000,0.328,0.267,0.000,41.038,Pitch
0.377,0.000,0.328,47.168,0.000,41.038,Pitch
0.752,0.000,0.328,94.069,0.000,41.038,Pitch
1.127,0.000,0.328,140.969,0.000,41.038,Pitch
1.518,0.000,0.328,189.824,0.000,41.038,Pitch
1.908,0.000,0.328,238.679,0.000,41.038,Pitch
-1.701,0.000,0.328,-212.740,0.000,41.038,Pitch
-1.310,0.000,0.328,-163.885,0.000,41.038,Pitch
-0.920,0.000,0.328,-115.031,0.000,41.038,Pitch
-0.529,0.000,0.328,-66.176,0.000,41.038,Pitch
-0.138,0.000,0.328,-17.321,0.000,41.038,Pitch
0.252,0.000,0.328,31.542,0.000,41.038,Pitch
0.627,0.000,0.328,78.443,0.000,41.038,Pitch
1.002,0.000,0.328,125.344,0.000,41.038,Pitch
1.393,0.000,0.328,174.198,0.000,41.038,Pitch
1.783,0.000,0.328,223.053,0.000,41.038,Pitch
-1.826,0.000,0.328,-228.366,0.000,41.038,Pitch
-1.435,0.000,0.328,-179.511,0.000,41.038,Pitch
-1.045,0.000,0.328,-130.656,0.000,41.038,Pitch
-0.654,0.000,0.328,-81.802,0.000,41.038,Pitch
-0.263,0.000,0.328,-32.947,0.000,41.038,Pitch
0.127,0.000,0.328,15.916,0.000,41.038,Pitch
0.502,0.000,0.328,62.817,0.000,41.038,Pitch
0.877,0.000,0.328,109.718,0.000,41.038,Pitch
1.268,0.000,0.328,158.573,0.000,41.038,Pitch
1.659,0.000,0.328,207.427,0.000,41.038,Pitch
-1.951,0.000,0.328,-243.992,0.000,41.038,Pitch
-1.560,0.000,0.328,-195.137,0.000,41.038,Pitch
-1.170,0.000,0.328,-146.282,0.000,41.038,Pitch
-0.779,0.000,0.328,-97.427,0.000,41.038,Pitch
-0.388,0.000,0.328,-48.573,0.000,41.038,Pitch
0.002,0.000,0.328,0.290,0.000,41.038,Pitch
0.377,0.000,0.328,47.191,0.000,41.038,Pitch
0.752,0.000,0.328,94.092,0.000,41.038,Pitch
1.127,0.000,0.328,140.992,0.000,41.038,Pitch
1.518,0.000,0.328,189.847,0.000,41.038,Pitch
1.909,0.000,0.328,238.702,0.000,41.038,Pitch
-1.701,0.000,0.328,-212.718,0.000,41.038,Pitch
-1.310,0.000,0.328,-163.863,0.000,41.038,Pitch
-0.920,0.000,0.328,-115.008,0.000,41.038,Pitch
-0.529,0.000,0.328,-66.153,0.000,41.038,Pitch
-0.138,0.000,0.328,-17.298,0.000,41.038,Pitch
0.252,0.000,0.328,31.565,0.000,41.038,Pitch
0.627,0.000,0.328,78.466,0.000,41.038,Pitch
1.002,0.000,0.328,125.366,0.000,41.038,Pitch
1.393,0.000,0.328,174.221,0.000,41.038,Pitch
1.784,0.000,0.328,223.076,0.000,41.038,Pitch
-1.826,0.000,0.328,-228.344,0.000,41.038,Pitch
-1.435,0.000,0.328,-179.489,0.000,41.038,Pitch
-1.044,0.000,0.328,-130.634,0.000,41.038,Pitch
-0.654,0.000,0.328,-81.779,0.000,41.038,Pitch
-0.263,0.000,0.328,-32.924,0.000,41.038,Pitch
0.127,0.000,0.328,15.939,0.000,41.038,Pitch
0.502,0.000,0.328,62.840,0.000,41.038,Pitch
0.877,0.000,0.328,109.740,0.000,41.038,Pitch
1.268,0.000,0.328,158.595,0.000,41.038,Pitch
1.659,0.000,0.328,207.450,0.000,41.038,Pitch
-1.951,0.000,0.328,-243.969,0.000,41.038,Pitch
-1.560,0.000,0.328,-195.115,0.000,41.038,Pitch
-1.169,0.000,0.328,-146.260,0.000,41.038,Pitch
-0.779,0.000,0.328,-97.405,0.000,41.038,Pitch
-0.388,0.000,0.328,-48.550,0.000,41.038,Pitch
0.003,0.000,0.328,0.313,0.000,41.038,Pitch
0.378,0.000,0.328,47.214,0.000,41.038,Pitch
0.753,0.000,0.328,94.115,0.000,41.038,Pitch
1.128,0.000,0.328,141.015,0.000,41.038,Pitch
1.518,0.000,0.328,189.870,0.000,41.038,Pitch
1.909,0.000,0.328,238.725,0.000,41.038,Pitch
-1.701,0.000,0.328,-212.695,0.000,41.038,Pitch
-1.310,0.000,0.328,-163.840,0.000,41.038,Pitch
-0.919,0.000,0.328,-114.985,0.000,41.038,Pitch
-0.529,0.000,0.328,-66.130,0.000,41.038,Pitch
-0.138,0.000,0.328,-17.275,0.000,41.038,Pitch
0.253,0.000,0.328,31.588,0.000,41.038,Pitch
0.628,0.000,0.328,78.489,0.000,41.038,Pitch
1.003,0.000,0.328,125.389,0.000,41.038,Pitch
1.393,0.000,0.328,174.244,0.000,41.038,Pitch
1.784,0.000,0.328,223.099,0.000,41.038,Pitch
-1.826,0.000,0.328,-228.321,0.000,41.038,Pitch
-1.435,0.000,0.328,-179.466,0.000,41.038,Pitch
-1.044,0.000,0.328,-130.611,0.000,41.038,Pitch
-0.654,0.000,0.328,-81.756,0.000,41.038,Pitch
-0.263,0.000,0.328,-32.901,0.000,41.038,Pitch
0.128,0.000,0.328,15.962,0.000,41.038,Pitch
0.503,0.000,0.328,62.863,0.000,41.038,Pitch
0.878,0.000,0.328,109.763,0.000,41.038,Pitch
1.268,0.000,0.328,158.618,0.000,41.038,Pitch
1.659,0.000,0.328,207.473,0.000,41.038,Pitch
-1.951,0.000,0.328,-243.947,0.000,41.038,Pitch
-1.560,0.000,0.328,-195.092,0.000,41.038,Pitch
-1.169,0.000,0.328,-146.237,0.000,41.038,Pitch
-0.779,0.000,0.328,-97.382,0.000,41.038,Pitch
-0.388,0.000,0.328,-48.527,0.000,41.038,Pitch
0.003,0.000,0.328,0.336,0.000,41.038,Pitch
0.378,0.000,0.328,47.237,0.000,41.038,Pitch
0.753,0.000,0.328,94.137,0.000,41.038,Pitch
1.128,0.000,0.328,141.038,0.000,41.038,Pitch
1.518,0.000,0.328,189.893,0.000,41.038,Pitch
1.909,0.000,0.328,238.748,0.000,41.038,Pitch
-1.700,0.000,0.328,-212.672,0.000,41.038,Pitch
-1.310,0.000,0.328,-163.817,0.000,41.038,Pitch
-0.919,0.000,0.328,-114.962,0.000,41.038,Pitch
-0.529,0.000,0.328,-66.107,0.000,41.038,Pitch
-0.138,0.000,0.328,-17.252,0.000,41.038,Pitch
0.253,0.000,0.328,31.611,0.000,41.038,Pitch
0.628,0.000,0.328,78.511,0.000,41.038,Pitch
1.003,0.000,0.328,125.412,0.000,41.038,Pitch
1.393,0.000,0.328,174.267,0.000,41.038,Pitch
1.784,0.000,0.328,223.122,0.000,41.038,Pitch
-1.825,0.000,0.328,-228.298,0.000,41.038,Pitch
-1.435,0.000,0.328,-179.443,0.000,41.038,Pitch
-1.044,0.000,0.328,-130.588,0.000,41.038,Pitch
-0.654,0.000,0.328,-81.733,0.000,41.038,Pitch
-0.263,0.000,0.328,-32.878,0.000,41.038,Pitch
0.128,0.000,0.328,15.985,0.000,41.038,Pitch
0.503,0.000,0.328,62.885,0.000,41.038,Pitch
0.878,0.000,0.328,109.786,0.000,41.038,Pitch
1.268,0.000,0.328,158.641,0.000,41.038,Pitch
1.659,0.000,0.328,207.496,0.000,41.038,Pitch
-1.950,0.000,0.328,-243.924,0.000,41.038,Pitch
-1.560,0.000,0.328,-195.069,0.000,41.038,Pitch
-1.169,0.000,0.328,-146.214,0.000,41.038,Pitch
-0.778,0.000,0.328,-97.359,0.000,41.038,Pitch
-0.388,0.000,0.328,-48.504,0.000,41.038,Pitch
0.003,0.000,0.328,0.359,0.000,41.038,Pitch
0.378,0.000,0.328,47.260,0.000,41.038,Pitch
0.753,0.000,0.328,94.160,0.000,41.038,Pitch
1.128,0.000,0.328,141.061,0.000,41.038,Pitch
1.518,0.000,0.328,189.916,0.000,41.038,Pitch
1.909,0.000,0.328,238.771,0.000,41.038,Pitch
-1.700,0.000,0.328,-212.649,0.000,41.038,Pitch
-1.310,0.000,0.328,-163.794,0.000,41.038,Pitch
-0.919,0.000,0.328,-114.939,0.000,41.038,Pitch
-0.528,0.000,0.328,-66.084,0.000,41.038,Pitch
-0.138,0.000,0.328,-17.229,0.000,41.038,Pitch
0.253,0.000,0.328,31.634,0.000,41.038,Pitch
0.628,0.000,0.328,78.534,0.000,41.038,Pitch
1.003,0.000,0.328,125.435,0.000,41.038,Pitch
1.394,0.000,0.328,174.290,0.000,41.038,Pitch
1.784,0.000,0.328,223.145,0.000,41.038,Pitch
-1.825,0.000,0.328,-228.275,0.000,41.038,Pitch
-1.435,0.000,0.328,-179.420,0.000,41.038,Pitch
-1.044,0.000,0.328,-130.565,0.000,41.038,Pitch
-0.653,0.000,0.328,-81.710,0.000,41.038,Pitch
-0.263,0.000,0.328,-32.855,0.000,41.038,Pitch
0.128,0.000,0.328,16.008,0.000,41.038,Pitch
0.503,0.000,0.328,62.908,0.000,41.038,Pitch
0.878,0.000,0.328,109.809,0.000,41.038,Pitch
1.269,0.000,0.328,158.664,0.000,41.038,Pitch
1.659,0.000,0.328,207.519,0.000,41.038,Pitch
-1.950,0.000,0.328,-243.901,0.000,41.038,Pitch
-1.560,0.000,0.328,-195.046,0.000,41.038,Pitch
-1.169,0.000,0.328,-146.191,0.000,41.038,Pitch
-0.778,0.000,0.328,-97.336,0.000,41.038,Pitch
-0.388,0.000,0.328,-48.481,0.000,41.038,Pitch
0.003,0.000,0.328,0.382,0.000,41.038,Pitch
0.378,0.000,0.328,47.282,0.000,41.038,Pitch
0.753,0.000,0.328,94.183,0.000,41.038,Pitch
1.128,0.000,0.328,141.084,0.000,41.038,Pitch
1.519,0.000,0.328,189.939,0.000,41.038,Pitch
1.909,0.000,0.328,238.794,0.000,41.038,Pitch
-1.700,0.000,0.328,-212.626,0.000,41.038,Pitch
-1.309,0.000,0.328,-163.771,0.000,41.038,Pitch
-0.919,0.000,0.328,-114.916,0.000,41.038,Pitch
-0.528,0.000,0.328,-66.061,0.000,41.038,Pitch
-0.138,0.000,0.328,-17.206,0.000,41.038,Pitch
0.253,0.000,0.328,31.656,0.000,41.038,Pitch
0.628,0.000,0.328,78.557,0.000,41.038,Pitch
1.003,0.000,0.328,125.458,0.000,41.038,Pitch
1.394,0.000,0.328,174.313,0.000,41.038,Pitch
1.784,0.000,0.328,223.168,0.000,41.038,Pitch
-1.825,0.000,0.328,-228.252,0.000,41.038,Pitch
-1.434,0.000,0.328,-179.397,0.000,41.038,Pitch
-1.044,0.000,0.328,-130.542,0.000,41.038,Pitch
-0.653,0.000,0.328,-81.687,0.000,41.038,Pitch
-0.263,0.000,0.328,-32.832,0.000,41.038,Pitch
0.128,0.000,0.328,16.031,0.000,41.038,Pitch
0.503,0.000,0.328,62.931,0.000,41.038,Pitch
0.878,0.000,0.328,109.832,0.000,41.038,Pitch
1.269,0.000,0.328,158.687,0.000,41.038,Pitch
1.659,0.000,0.328,207.542,0.000,41.038,Pitch
-1.950,0.000,0.328,-243.878,0.000,41.038,Pitch
-1.559,0.000,0.328,-195.023,0.000,41.038,Pitch
-1.169,0.000,0.328,-146.168,0.000,41.038,Pitch
-0.778,0.000,0.328,-97.313,0.000,41.038,Pitch
-0.387,0.000,0.328,-48.458,0.000,41.038,Pitch
0.003,0.000,0.328,0.405,0.000,41.038,Pitch
0.378,0.000,0.328,47.305,0.000,41.038,Pitch
0.753,0.000,0.328,94.206,0.000,41.038,Pitch
1.128,0.000,0.328,141.107,0.000,41.038,Pitch
1.519,0.000,0.328,189.962,0.000,41.038,Pitch
1.909,0.000,0.328,238.817,0.000,41.038,Pitch
-1.700,0.000,0.328,-212.603,0.000,41.038,Pitch
-1.309,0.000,0.328,-163.748,0.000,41.038,Pitch
-0.919,0.000,0.328,-114.893,0.000,41.038,Pitch
-0.528,0.000,0.328,-66.038,0.000,41.038,Pitch
-0.137,0.000,0.328,-17.183,0.000,41.038,Pitch
0.253,0.000,0.328,31.679,0.000,41.038,Pitch
0.628,0.000,0.328,78.580,0.000,41.038,Pitch
1.003,0.000,0.328,125.481,0.000,41.038,Pitch
1.394,0.000,0.328,174.336,0.000,41.038,Pitch
1.785,0.000,0.328,223.191,0.000,41.038,Pitch
-1.825,0.000,0.328,-228.229,0.000,41.038,Pitch
-1.434,0.000,0.328,-179.374,0.000,41.038,Pitch
-1.044,0.000,0.328,-130.519,0.000,41.038,Pitch
-0.653,0.000,0.328,-81.664,0.000,41.038,Pitch
-0.262,0.000,0.328,-32.809,0.000,41.038,Pitch
0.128,0.000,0.328,16.053,0.000,41.038,Pitch
0.503,0.000,0.328,62.954,0.000,41.038,Pitch
0.878,0.000,0.328,109.855,0.000,41.038,Pitch
1.269,0.000,0.328,158.710,0.000,41.038,Pitch
1.660,0.000,0.328,207.565,0.000,41.038,Pitch
-1.950,0.000,0.328,-243.855,0.000,41.038,Pitch
-1.559,0.000,0.328,-195.000,0.000,41.038,Pitch
-1.169,0.000,0.328,-146.145,0.000,41.038,Pitch
-0.778,0.000,0.328,-97.290,0.000,41.038,Pitch
-0.387,0.000,0.328,-48.435,0.000,41.038,Pitch
0.003,0.000,0.328,0.427,0.000,41.038,Pitch
0.378,0.000,0.328,47.328,0.000,41.038,Pitch
0.753,0.000,0.328,94.229,0.000,41.038,Pitch
1.128,0.000,0.328,141.130,0.000,41.038,Pitch
1.519,0.000,0.328,189.985,0.000,41.038,Pitch
1.910,0.000,0.328,238.840,0.000,41.038,Pitch
-1.700,0.000,0.328,-212.580,0.000,41.038,Pitch
-1.309,0.000,0.328,-163.725,0.000,41.038,Pitch
-0.918,0.000,0.328,-114.870,0.000,41.038,Pitch
-0.528,0.000,0.328,-66.015,0.000,41.038,Pitch
-0.137,0.000,0.328,-17.160,0.000,41.038,Pitch
0.253,0.000,0.328,31.702,0.000,41.038,Pitch
0.628,0.000,0.328,78.603,0.000,41.038,Pitch
1.003,0.000,0.328,125.504,0.000,41.038,Pitch
1.394,0.000,0.328,174.359,0.000,41.038,Pitch
1.785,0.000,0.328,223.214,0.000,41.038,Pitch
-1.825,0.000,0.328,-228.206,0.000,41.038,Pitch
-1.434,0.000,0.328,-179.351,0.000,41.038,Pitch
-1.043,0.000,0.328,-130.496,0.000,41.038,Pitch
-0.653,0.000,0.328,-81.641,0.000,41.038,Pitch
-0.262,0.000,0.328,-32.786,0.000,41.038,Pitch
0.129,0.000,0.328,16.076,0.000,41.038,Pitch
0.504,0.000,0.328,62.977,0.000,41.038,Pitch
0.879,0.000,0.328,109.878,0.000,41.038,Pitch
1.269,0.000,0.328,158.733,0.000,41.038,Pitch
1.660,0.000,0.328,207.588,0.000,41.038,Pitch
-1.950,0.000,0.328,-243.832,0.000,41.038,Pitch
-1.559,0.000,0.328,-194.977,0.000,41.038,Pitch
-1.168,0.000,0.328,-146.122,0.000,41.038,Pitch
-0.778,0.000,0.328,-97.267,0.000,41.038,Pitch
-0.387,0.000,0.328,-48.412,0.000,41.038,Pitch
0.004,0.000,0.328,0.450,0.000,41.038,Pitch
0.379,0.000,0.328,47.351,0.000,41.038,Pitch
0.754,0.000,0.328,94.252,0.000,41.038,Pitch
1.129,0.000,0.328,141.153,0.000,41.038,Pitch
1.519,0.000,0.328,190.008,0.000,41.038,Pitch
1.910,0.000,0.328,238.863,0.000,41.038,Pitch
-1.700,0.000,0.328,-212.557,0.000,41.038,Pitch
-1.309,0.000,0.328,-163.702,0.000,41.038,Pitch
-0.918,0.000,0.328,-114.847,0.000,41.038,Pitch
-0.528,0.000,0.328,-65.992,0.000,41.038,Pitch
-0.137,0.000,0.328,-17.137,0.000,41.038,Pitch
0.254,0.000,0.328,31.725,0.000,41.038,Pitch
0.629,0.000,0.328,78.626,0.000,41.038,Pitch
1.004,0.000,0.328,125.527,0.000,41.038,Pitch
1.394,0.000,0.328,174.382,0.000,41.038,Pitch
1.785,0.000,0.328,223.237,0.000,41.038,Pitch
-1.824,0.000,0.328,-228.183,0.000,41.038,Pitch
-1.434,0.000,0.328,-179.328,0.000,41.038,Pitch
-1.043,0.000,0.328,-130.473,0.000,41.038,Pitch
-0.653,0.000,0.328,-81.618,0.000,41.038,Pitch
-0.262,0.000,0.328,-32.763,0.000,41.038,Pitch
0.129,0.000,0.328,16.099,0.000,41.038,Pitch
0.504,0.000,0.328,63.000,0.000,41.038,Pitch
0.879,0.000,0.328,109.901,0.000,41.038,Pitch
1.269,0.000,0.328,158.756,0.000,41.038,Pitch
1.660,0.000,0.328,207.611,0.000,41.038,Pitch
-1.949,0.000,0.328,-243.809,0.000,41.038,Pitch
-1.559,0.000,0.328,-194.954,0.000,41.038,Pitch
-1.168,0.000,0.328,-146.099,0.000,41.038,Pitch
-0.778,0.000,0.328,-97.244,0.000,41.038,Pitch
-0.387,0.000,0.328,-48.389,0.000,41.038,Pitch
0.004,0.000,0.328,0.473,0.000,41.038,Pitch
0.379,0.000,0.328,47.374,0.000,41.038,Pitch
0.754,0.000,0.328,94.275,0.000,41.038,Pitch
1.129,0.000,0.328,141.176,0.000,41.038,Pitch
1.519,0.000,0.328,190.031,0.000,41.038,Pitch
1.910,0.000,0.328,238.885,0.000,41.038,Pitch
-1.699,0.000,0.328,-212.534,0.000,41.038,Pitch
-1.309,0.000,0.328,-163.679,0.000,41.038,Pitch
-0.918,0.000,0.328,-114.824,0.000,41.038,Pitch
-0.527,0.000,0.328,-65.969,0.000,41.038,Pitch
-0.137,0.000,0.328,-17.115,0.000,41.038,Pitch
0.254,0.000,0.328,31.748,0.000,41.038,Pitch
0.629,0.000,0.328,78.649,0.000,41.038,Pitch
1.004,0.000,0.328,125.550,0.000,41.038,Pitch
1.394,0.000,0.328,174.405,0.000,41.038,Pitch
1.785,0.000,0.328,223.260,0.000,41.038,Pitch
-1.824,0.000,0.328,-228.160,0.000,41.038,Pitch
-1.434,0.000,0.328,-179.305,0.000,41.038,Pitch
-1.043,0.000,0.328,-130.450,0.000,41.038,Pitch
-0.652,0.000,0.328,-81.595,0.000,41.038,Pitch
-0.262,0.000,0.328,-32.740,0.000,41.038,Pitch
0.129,0.000,0.328,16.122,0.000,41.038,Pitch
0.504,0.000,0.328,63.023,0.000,41.038,Pitch
0.879,0.000,0.328,109.924,0.000,41.038,Pitch
1.270,0.000,0.328,158.779,0.000,41.038,Pitch
1.660,0.000,0.328,207.634,0.000,41.038,Pitch
-1.949,0.000,0.328,-243.786,0.000,41.038,Pitch
-1.559,0.000,0.328,-194.931,0.000,41.038,Pitch
-1.168,0.000,0.328,-146.076,0.000,41.038,Pitch
-0.777,0.000,0.328,-97.221,0.000,41.038,Pitch
-0.387,0.000,0.328,-48.366,0.000,41.038,Pitch
0.004,0.000,0.328,0.496,0.000,41.038,Pitch
0.379,0.000,0.328,47.397,0.000,41.038,Pitch
0.754,0.000,0.328,94.298,0.000,41.038,Pitch
1.129,0.000,0.328,141.198,0.000,41.038,Pitch
1.520,0.000,0.328,190.053,0.000,41.038,Pitch
1.910,0.000,0.328,238.908,0.000,41.038,Pitch
-1.699,0.000,0.328,-212.511,0.000,41.038,Pitch
-1.309,0.000,0.328,-163.656,0.000,41.038,Pitch
-0.918,0.000,0.328,-114.802,0.000,41.038,Pitch
-0.527,0.000,0.328,-65.947,0.000,41.038,Pitch
-0.137,0.000,0.328,-17.092,0.000,41.038,Pitch
0.254,0.000,0.328,31.771,0.000,41.038,Pitch
0.629,0.000,0.328,78.672,0.000,41.038,Pitch
1.004,0.000,0.328,125.573,0.000,41.038,Pitch
1.395,0.000,0.328,174.427,0.000,41.038,Pitch
1.785,0.000,0.328,223.282,0.000,41.038,Pitch
-1.824,0.000,0.328,-228.137,0.000,41.038,Pitch
-1.433,0.000,0.328,-179.282,0.000,41.038,Pitch
-1.043,0.000,0.328,-130.427,0.000,41.038,Pitch
-0.652,0.000,0.328,-81.573,0.000,41.038,Pitch
-0.262,0.000,0.328,-32.718,0.000,41.038,Pitch
0.129,0.000,0.328,16.145,0.000,41.038,Pitch
0.504,0.000,0.328,63.046,0.000,41.038,Pitch
0.879,0.000,0.328,109.947,0.000,41.038,Pitch
1.270,0.000,0.328,158.802,0.000,41.038,Pitch
1.660,0.000,0.328,207.656,0.000,41.038,Pitch
-1.949,0.000,0.328,-243.763,0.000,41.038,Pitch
-1.558,0.000,0.328,-194.908,0.000,41.038,Pitch
-1.168,0.000,0.328,-146.053,0.000,41.038,Pitch
-0.777,0.000,0.328,-97.198,0.000,41.038,Pitch
-0.387,0.000,0.328,-48.344,0.000,41.038,Pitch
0.004,0.000,0.328,0.519,0.000,41.038,Pitch
0.379,0.000,0.328,47.420,0.000,41.038,Pitch
0.754,0.000,0.328,94.321,0.000,41.038,Pitch
1.129,0.000,0.328,141.221,0.000,41.038,Pitch
1.520,0.000,0.328,190.076,0.000,41.038,Pitch
1.910,0.000,0.328,238.931,0.000,41.038,Pitch
-1.699,0.000,0.328,-212.489,0.000,41.038,Pitch
-1.308,0.000,0.328,-163.634,0.000,41.038,Pitch
-0.918,0.000,0.328,-114.779,0.000,41.038,Pitch
-0.527,0.000,0.328,-65.924,0.000,41.038,Pitch
-0.136,0.000,0.328,-17.069,0.000,41.038,Pitch
0.254,0.000,0.328,31.794,0.000,41.038,Pitch
0.629,0.000,0.328,78.695,0.000,41.038,Pitch
1.004,0.000,0.328,125.595,0.000,41.038,Pitch
1.395,0.000,0.328,174.450,0.000,41.038,Pitch
1.785,0.000,0.328,223.305,0.000,41.038,Pitch
-1.824,0.000,0.328,-228.115,0.000,41.038,Pitch
-1.433,0.000,0.328,-179.260,0.000,41.038,Pitch
-1.043,0.000,0.328,-130.405,0.000,41.038,Pitch
-0.652,0.000,0.328,-81.550,0.000,41.038,Pitch
-0.261,0.000,0.328,-32.695,0.000,41.038,Pitch
0.129,0.000,0.328,16.168,0.000,41.038,Pitch
0.504,0.000,0.328,63.069,0.000,41.038,Pitch
0.879,0.000,0.328,109.969,0.000,41.038,Pitch
1.270,0.000,0.328,158.824,0.000,41.038,Pitch
1.661,0.000,0.328,207.679,0.000,41.038,Pitch
-1.949,0.000,0.328,-243.740,0.000,41.038,Pitch
-1.558,0.000,0.328,-194.885,0.000,41.038,Pitch
-1.168,0.000,0.328,-146.031,0.000,41.038,Pitch
-0.777,0.000,0.328,-97.176,0.000,41.038,Pitch
-0.386,0.000,0.328,-48.321,0.000,41.038,Pitch
0.004,0.000,0.328,0.542,0.000,41.038,Pitch
0.379,0.000,0.328,47.443,0.000,41.038,Pitch
0.754,0.000,0.328,94.344,0.000,41.038,Pitch
1.129,0.000,0.328,141.244,0.000,41.038,Pitch
1.520,0.000,0.328,190.099,0.000,41.038,Pitch
1.911,0.000,0.328,238.954,0.000,41.038,Pitch
-1.699,0.000,0.328,-212.466,0.000,41.038,Pitch
-1.308,0.000,0.328,-163.611,0.000,41.038,Pitch
-0.918,0.000,0.328,-114.756,0.000,41.038,Pitch
-0.527,0.000,0.328,-65.901,0.000,41.038,Pitch
-0.136,0.000,0.328,-17.046,0.000,41.038,Pitch
0.254,0.000,0.328,31.817,0.000,41.038,Pitch
0.629,0.000,0.328,78.718,0.000,41.038,Pitch
1.004,0.000,0.328,125.618,0.000,41.038,Pitch
1.395,0.000,0.328,174.473,0.000,41.038,Pitch
1.786,0.000,0.328,223.328,0.000,41.038,Pitch
-1.824,0.000,0.328,-228.092,0.000,41.038,Pitch
-1.433,0.000,0.328,-179.237,0.000,41.038,Pitch
-1.042,0.000,0.328,-130.382,0.000,41.038,Pitch
-0.652,0.000,0.328,-81.527,0.000,41.038,Pitch
-0.261,0.000,0.328,-32.672,0.000,41.038,Pitch
0.129,0.000,0.328,16.191,0.000,41.038,Pitch
0.504,0.000,0.328,63.092,0.000,41.038,Pitch
0.879,0.000,0.328,109.992,0.000,41.038,Pitch
1.270,0.000,0.328,158.847,0.000,41.038,Pitch
1.661,0.000,0.328,207.702,0.000,41.038,Pitch
-1.949,0.000,0.328,-243.718,0.000,41.038,Pitch
-1.558,0.000,0.328,-194.863,0.000,41.038,Pitch
-1.167,0.000,0.328,-146.008,0.000,41.038,Pitch
-0.777,0.000,0.328,-97.153,0.000,41.038,Pitch
-0.386,0.000,0.328,-48.298,0.000,41.038,Pitch
0.005,0.000,0.328,0.565,0.000,41.038,Pitch
0.380,0.000,0.328,47.466,0.000,41.038,Pitch
0.755,0.000,0.328,94.366,0.000,41.038,Pitch
1.130,0.000,0.328,141.267,0.000,41.038,Pitch
1.520,0.000,0.328,190.122,0.000,41.038,Pitch
1.911,0.000,0.328,238.977,0.000,41.038,Pitch
-1.699,0.000,0.328,-212.443,0.000,41.038,Pitch
-1.308,0.000,0.328,-163.588,0.000,41.038,Pitch
-0.917,0.000,0.328,-114.733,0.000,41.038,Pitch
-0.527,0.000,0.328,-65.878,0.000,41.038,Pitch
-0.136,0.000,0.328,-17.023,0.000,41.038,Pitch
0.255,0.000,0.328,31.840,0.000,41.038,Pitch
0.630,0.000,0.328,78.740,0.000,41.038,Pitch
1.005,0.000,0.328,125.641,0.000,41.038,Pitch
1.395,0.000,0.328,174.496,0.000,41.038,Pitch
1.786,0.000,0.328,223.351,0.000,41.038,Pitch
-1.824,0.000,0.328,-228.069,0.000,41.038,Pitch
-1.433,0.000,0.328,-179.214,0.000,41.038,Pitch
-1.042,0.000,0.328,-130.359,0.000,41.038,Pitch
-0.652,0.000,0.328,-81.504,0.000,41.038,Pitch
-0.261,0.000,0.328,-32.649,0.000,41.038,Pitch
0.130,0.000,0.328,16.214,0.000,41.038,Pitch
0.505,0.000,0.328,63.115,0.000,41.038,Pitch
0.880,0.000,0.328,110.015,0.000,41.038,Pitch
1.270,0.000,0.328,158.870,0.000,41.038,Pitch
1.661,0.000,0.328,207.725,0.000,41.038,Pitch
-1.948,0.000,0.328,-243.695,0.000,41.038,Pitch
-1.558,0.000,0.328,-194.840,0.000,41.038,Pitch
-1.167,0.000,0.328,-145.985,0.000,41.038,Pitch
-0.777,0.000,0.328,-97.130,0.000,41.038,Pitch
-0.386,0.000,0.328,-48.275,0.000,41.038,Pitch
0.005,0.000,0.328,0.588,0.000,41.038,Pitch
0.380,0.000,0.328,47.489,0.000,41.038,Pitch
0.755,0.000,0.328,94.389,0.000,41.038,Pitch
1.130,0.000,0.328,141.290,0.000,41.038,Pitch
1.520,0.000,0.328,190.145,0.000,41.038,Pitch
1.911,0.000,0.328,239.000,0.000,41.038,Pitch
-1.698,0.000,0.328,-212.420,0.000,41.038,Pitch
-1.308,0.000,0.328,-163.565,0.000,41.038,Pitch
-0.917,0.000,0.328,-114.710,0.000,41.038,Pitch
-0.527,0.000,0.328,-65.855,0.000,41.038,Pitch
-0.136,0.000,0.328,-17.000,0.000,41.038,Pitch
0.255,0.000,0.328,31.863,0.000,41.038,Pitch
0.630,0.000,0.328,78.763,0.000,41.038,Pitch
1.005,0.000,0.328,125.664,0.000,41.038,Pitch
1.395,0.000,0.328,174.519,0.000,41.038,Pitch
1.786,0.000,0.328,223.374,0.000,41.038,Pitch
-1.823,0.000,0.328,-228.046,0.000,41.038,Pitch
-1.433,0.000,0.328,-179.191,0.000,41.038,Pitch
-1.042,0.000,0.328,-130.336,0.000,41.038,Pitch
-0.651,0.000,0.328,-81.481,0.000,41.038,Pitch
-0.261,0.000,0.328,-32.626,0.000,41.038,Pitch
0.130,0.000,0.328,16.237,0.000,41.038,Pitch
0.505,0.000,0.328,63.137,0.000,41.038,Pitch
0.880,0.000,0.328,110.038,0.000,41.038,Pitch
1.270,0.000,0.328,158.893,0.000,41.038,Pitch
1.661,0.000,0.328,207.748,0.000,41.038,Pitch
-1.948,0.000,0.328,-243.672,0.000,41.038,Pitch
-1.558,0.000,0.328,-194.817,0.000,41.038,Pitch
-1.167,0.000,0.328,-145.962,0.000,41.038,Pitch
-0.776,0.000,0.328,-97.107,0.000,41.038,Pitch
-0.386,0.000,0.328,-48.252,0.000,41.038,Pitch
0.005,0.000,0.328,0.611,0.000,41.038,Pitch
0.380,0.000,0.328,47.511,0.000,41.038,Pitch
0.755,0.000,0.328,94.412,0.000,41.038,Pitch
1.130,0.000,0.328,141.313,0.000,41.038,Pitch
1.521,0.000,0.328,190.168,0.000,41.038,Pitch
1.911,0.000,0.328,239.023,0.000,41.038,Pitch
-1.698,0.000,0.328,-212.397,0.000,41.038,Pitch
-1.308,0.000,0.328,-163.542,0.000,41.038,Pitch
-0.917,0.000,0.328,-114.687,0.000,41.038,Pitch
-0.526,0.000,0.328,-65.832,0.000,41.038,Pitch
-0.136,0.000,0.328,-16.977,0.000,41.038,Pitch
0.255,0.000,0.328,31.885,0.000,41.038,Pitch
0.630,0.000,0.328,78.786,0.000,41.038,Pitch
1.005,0.000,0.328,125.687,0.000,41.038,Pitch
1.396,0.000,0.328,174.542,0.000,41.038,Pitch
1.786,0.000,0.328,223.397,0.000,41.038,Pitch
-1.823,0.000,0.328,-228.023,0.000,41.038,Pitch
-1.433,0.000,0.328,-179.168,0.000,41.038,Pitch
-1.042,0.000,0.328,-130.313,0.000,41.038,Pitch
-0.651,0.000,0.328,-81.458,0.000,41.038,Pitch
-0.261,0.000,0.328,-32.603,0.000,41.038,Pitch
0.130,0.000,0.328,16.260,0.000,41.038,Pitch
0.505,0.000,0.328,63.160,0.000,41.038,Pitch
0.880,0.000,0.328,110.061,0.000,41.038,Pitch
1.271,0.000,0.328,158.916,0.000,41.038,Pitch
1.661,0.000,0.328,207.771,0.000,41.038,Pitch
-1.948,0.000,0.328,-243.649,0.000,41.038,Pitch
-1.557,0.000,0.328,-194.794,0.000,41.038,Pitch
-1.167,0.000,0.328,-145.939,0.000,41.038,Pitch
-0.776,0.000,0.328,-97.084,0.000,41.038,Pitch
-0.386,0.000,0.328,-48.229,0.000,41.038,Pitch
0.005,0.000,0.328,0.634,0.000,41.038,Pitch
0.380,0.000,0.328,47.534,0.000,41.038,Pitch
0.755,0.000,0.328,94.435,0.000,41.038,Pitch
1.130,0.000,0.328,141.336,0.000,41.038,Pitch
1.521,0.000,0.328,190.191,0.000,41.038,Pitch
1.911,0.000,0.328,239.046,0.000,41.038,Pitch
-1.698,0.000,0.328,-212.374,0.000,41.038,Pitch
-1.307,0.000,0.328,-163.519,0.000,41.038,Pitch
-0.917,0.000,0.328,-114.664,0.000,41.038,Pitch
-0.526,0.000,0.328,-65.809,0.000,41.038,Pitch
-0.136,0.000,0.328,-16.954,0.000,41.038,Pitch
0.255,0.000,0.328,31.908,0.000,41.038,Pitch
0.630,0.000,0.328,78.809,0.000,41.038,Pitch
1.005,0.000,0.328,125.710,0.000,41.038,Pitch
1.396,0.000,0.328,174.565,0.000,41.038,Pitch
1.786,0.000,0.328,223.420,0.000,41.038,Pitch
-1.823,0.000,0.328,-228.000,0.000,41.038,Pitch
-1.432,0.000,0.328,-179.145,0.000,41.038,Pitch
-1.042,0.000,0.328,-130.290,0.000,41.038,Pitch
-0.651,0.000,0.328,-81.435,0.000,41.038,Pitch
-0.260,0.000,0.328,-32.580,0.000,41.038,Pitch
0.130,0.000,0.328,16.282,0.000,41.038,Pitch
0.505,0.000,0.328,63.183,0.000,41.038,Pitch
0.880,0.000,0.328,110.084,0.000,41.038,Pitch
1.271,0.000,0.328,158.939,0.000,41.038,Pitch
1.661,0.000,0.328,207.794,0.000,41.038,Pitch
-1.948,0.000,0.328,-243.626,0.000,41.038,Pitch
-1.557,0.000,0.328,-194.771,0.000,41.038,Pitch
-1.167,0.000,0.328,-145.916,0.000,41.038,Pitch
-0.776,0.000,0.328,-97.061,0.000,41.038,Pitch
-0.385,0.000,0.328,-48.206,0.000,41.038,Pitch
0.005,0.000,0.328,0.656,0.000,41.038,Pitch
0.380,0.000,0.328,47.557,0.000,41.038,Pitch
0.755,0.000,0.328,94.458,0.000,41.038,Pitch
1.130,0.000,0.328,141.359,0.000,41.038,Pitch
1.521,0.000,0.328,190.214,0.000,41.038,Pitch
1.911,0.000,0.328,239.069,0.000,41.038,Pitch
-1.698,0.000,0.328,-212.351,0.000,41.038,Pitch
-1.307,0.000,0.328,-163.496,0.000,41.038,Pitch
-0.917,0.000,0.328,-114.641,0.000,41.038,Pitch
-0.526,0.000,0.328,-65.786,0.000,41.038,Pitch
-0.135,0.000,0.328,-16.931,0.000,41.038,Pitch
0.255,0.000,0.328,31.931,0.000,41.038,Pitch
0.630,0.000,0.328,78.832,0.000,41.038,Pitch
1.005,0.000,0.328,125.733,0.000,41.038,Pitch
1.396,0.000,0.328,174.588,0.000,41.038,Pitch
1.787,0.000,0.328,223.443,0.000,41.038,Pitch
-1.823,0.000,0.328,-227.977,0.000,41.038,Pitch
-1.432,0.000,0.328,-179.122,0.000,41.038,Pitch
-1.042,0.000,0.328,-130.267,0.000,41.038,Pitch
-0.651,0.000,0.328,-81.412,0.000,41.038,Pitch
-0.260,0.000,0.328,-32.557,0.000,41.038,Pitch
0.130,0.000,0.328,16.305,0.000,41.038,Pitch
0.505,0.000,0.328,63.206,0.000,41.038,Pitch
0.880,0.000,0.328,110.107,0.000,41.038,Pitch
1.271,0.000,0.328,158.962,0.000,41.038,Pitch
1.662,0.000,0.328,207.817,0.000,41.038,Pitch
-1.948,0.000,0.328,-243.603,0.000,41.038,Pitch
-1.557,0.000,0.328,-194.748,0.000,41.038,Pitch
-1.167,0.000,0.328,-145.893,0.000,41.038,Pitch
-0.776,0.000,0.328,-97.038,0.000,41.038,Pitch
-0.385,0.000,0.328,-48.183,0.000,41.038,Pitch
0.005,0.000,0.328,0.679,0.000,41.038,Pitch
0.380,0.000,0.328,47.580,0.000,41.038,Pitch
0.755,0.000,0.328,94.481,0.000,41.038,Pitch
1.130,0.000,0.328,141.382,0.000,41.038,Pitch
1.521,0.000,0.328,190.237,0.000,41.038,Pitch
1.912,0.000,0.328,239.092,0.000,41.038,Pitch
-1.698,0.000,0.328,-212.328,0.000,41.038,Pitch
-1.307,0.000,0.328,-163.473,0.000,41.038,Pitch
-0.916,0.000,0.328,-114.618,0.000,41.038,Pitch
-0.526,0.000,0.328,-65.763,0.000,41.038,Pitch
-0.135,0.000,0.328,-16.908,0.000,41.038,Pitch
0.255,0.000,0.328,31.954,0.000,41.038,Pitch
0.630,0.000,0.328,78.855,0.000,41.038,Pitch
1.005,0.000,0.328,125.756,0.000,41.038,Pitch
1.396,0.000,0.328,174.611,0.000,41.038,Pitch
1.787,0.000,0.328,223.466,0.000,41.038,Pitch
-1.823,0.000,0.328,-227.954,0.000,41.038,Pitch
-1.432,0.000,0.328,-179.099,0.000,41.038,Pitch
-1.041,0.000,0.328,-130.244,0.000,41.038,Pitch
-0.651,0.000,0.328,-81.389,0.000,41.038,Pitch
-0.260,0.000,0.328,-32.534,0.000,41.038,Pitch
0.131,0.000,0.328,16.328,0.000,41.038,Pitch
0.506,0.000,0.328,63.229,0.000,41.038,Pitch
0.881,0.000,0.328,110.130,0.000,41.038,Pitch
1.271,0.000,0.328,158.985,0.000,41.038,Pitch
1.662,0.000,0.328,207.840,0.000,41.038,Pitch
-1.948,0.000,0.328,-243.580,0.000,41.038,Pitch
-1.557,0.000,0.328,-194.725,0.000,41.038,Pitch
-1.166,0.000,0.328,-145.870,0.000,41.038,Pitch
-0.776,0.000,0.328,-97.015,0.000,41.038,Pitch
-0.385,0.000,0.328,-48.160,0.000,41.038,Pitch
0.006,0.000,0.328,0.702,0.000,41.038,Pitch
0.381,0.000,0.328,47.603,0.000,41.038,Pitch
0.756,0.000,0.328,94.504,0.000,41.038,Pitch
1.131,0.000,0.328,141.405,0.000,41.038,Pitch
1.521,0.000,0.328,190.260,0.000,41.038,Pitch
1.912,0.000,0.328,239.115,0.000,41.038,Pitch
-1.698,0.000,0.328,-212.305,0.000,41.038,Pitch
-1.307,0.000,0.328,-163.450,0.000,41.038,Pitch
-0.916,0.000,0.328,-114.595,0.000,41.038,Pitch
-0.526,0.000,0.328,-65.740,0.000,41.038,Pitch
-0.135,0.000,0.328,-16.885,0.000,41.038,Pitch
0.256,0.000,0.328,31.977,0.000,41.038,Pitch
0.631,0.000,0.328,78.878,0.000,41.038,Pitch
1.006,0.000,0.328,125.779,0.000,41.038,Pitch
1.396,0.000,0.328,174.634,0.000,41.038,Pitch
1.787,0.000,0.328,223.489,0.000,41.038,Pitch
-1.822,0.000,0.328,-227.931,0.000,41.038,Pitch
-1.432,0.000,0.328,-179.076,0.000,41.038,Pitch
-1.041,0.000,0.328,-130.221,0.000,41.038,Pitch
-0.651,0.000,0.328,-81.366,0.000,41.038,Pitch
-0.260,0.000,0.328,-32.511,0.000,41.038,Pitch
0.131,0.000,0.328,16.351,0.000,41.038,Pitch
0.506,0.000,0.328,63.252,0.000,41.038,Pitch
0.881,0.000,0.328,110.153,0.000,41.038,Pitch
1.271,0.000,0.328,159.008,0.000,41.038,Pitch
1.662,0.000,0.328,207.863,0.000,41.038,Pitch
-1.947,0.000,0.328,-243.557,0.000,41.038,Pitch
-1.557,0.000,0.328,-194.702,0.000,41.038,Pitch
-1.166,0.000,0.328,-145.847,0.000,41.038,Pitch
-0.776,0.000,0.328,-96.992,0.000,41.038,Pitch
-0.385,0.000,0.328,-48.137,0.000,41.038,Pitch
0.006,0.000,0.328,0.725,0.000,41.038,Pitch
0.381,0.000,0.328,47.626,0.000,41.038,Pitch
0.756,0.000,0.328,94.527,0.000,41.038,Pitch
1.131,0.000,0.328,141.427,0.000,41.038,Pitch
1.521,0.000,0.328,190.282,0.000,41.038,Pitch
1.912,0.000,0.328,239.137,0.000,41.038,Pitch
-1.697,0.000,0.328,-212.282,0.000,41.038,Pitch
-1.307,0.000,0.328,-163.427,0.000,41.038,Pitch
-0.916,0.000,0.328,-114.573,0.000,41.038,Pitch
-0.525,0.000,0.328,-65.718,0.000,41.038,Pitch
-0.135,0.000,0.328,-16.863,0.000,41.038,Pitch
0.256,0.000,0.328,32.000,0.000,41.038,Pitch
0.631,0.000,0.328,78.901,0.000,41.038,Pitch
1.006,0.000,0.328,125.802,0.000,41.038,Pitch
1.396,0.000,0.328,174.656,0.000,41.038,Pitch
1.787,0.000,0.328,223.511,0.000,41.038,Pitch
-1.822,0.000,0.328,-227.908,0.000,41.038,Pitch
-1.432,0.000,0.328,-179.053,0.000,41.038,Pitch
-1.041,0.000,0.328,-130.198,0.000,41.038,Pitch
-0.650,0.000,0.328,-81.344,0.000,41.038,Pitch
-0.260,0.000,0.328,-32.489,0.000,41.038,Pitch
0.131,0.000,0.328,16.374,0.000,41.038,Pitch
0.506,0.000,0.328,63.275,0.000,41.038,Pitch
0.881,0.000,0.328,110.176,0.000,41.038,Pitch
1.272,0.000,0.328,159.031,0.000,41.038,Pitch
1.662,0.000,0.328,207.885,0.000,41.038,Pitch
-1.947,0.000,0.328,-243.534,0.000,41.038,Pitch
-1.557,0.000,0.328,-194.679,0.000,41.038,Pitch
-1.166,0.000,0.328,-145.824,0.000,41.038,Pitch
-0.775,0.000,0.328,-96.969,0.000,41.038,Pitch
-0.385,0.000,0.328,-48.115,0.000,41.038,Pitch
0.006,0.000,0.328,0.748,0.000,41.038,Pitch
0.381,0.000,0.328,47.649,0.000,41.038,Pitch
0.756,0.000,0.328,94.550,0.000,41.038,Pitch
1.131,0.000,0.328,141.450,0.000,41.038,Pitch
1.522,0.000,0.328,190.305,0.000,41.038,Pitch
1.912,0.000,0.328,239.160,0.000,41.038,Pitch
-1.697,0.000,0.328,-212.260,0.000,41.038,Pitch
-1.307,0.000,0.328,-163.405,0.000,41.038,Pitch
-0.916,0.000,0.328,-114.550,0.000,41.038,Pitch
-0.525,0.000,0.328,-65.695,0.000,41.038,Pitch
-0.135,0.000,0.328,-16.840,0.000,41.038,Pitch
0.256,0.000,0.328,32.023,0.000,41.038,Pitch
0.631,0.000,0.328,78.924,0.000,41.038,Pitch
1.006,0.000,0.328,125.824,0.000,41.038,Pitch
1.397,0.000,0.328,174.679,0.000,41.038,Pitch
1.787,0.000,0.328,223.534,0.000,41.038,Pitch
-1.822,0.000,0.328,-227.885,0.000,41.038,Pitch
-1.431,0.000,0.328,-179.031,0.000,41.038,Pitch
-1.041,0.000,0.328,-130.176,0.000,41.038,Pitch
-0.650,0.000,0.328,-81.321,0.000,41.038,Pitch
-0.260,0.000,0.328,-32.466,0.000,41.038,Pitch
0.131,0.000,0.328,16.397,0.000,41.038,Pitch
0.506,0.000,0.328,63.298,0.000,41.038,Pitch
0.881,0.000,0.328,110.198,0.000,41.038,Pitch
1.272,0.000,0.328,159.053,0.000,41.038,Pitch
1.662,0.000,0.328,207.908,0.000,41.038,Pitch
-1.947,0.000,0.328,-243.511,0.000,41.038,Pitch
-1.556,0.000,0.328,-194.656,0.000,41.038,Pitch
-1.166,0.000,0.328,-145.802,0.000,41.038,Pitch
-0.775,0.000,0.328,-96.947,0.000,41.038,Pitch
-0.385,0.000,0.328,-48.092,0.000,41.038,Pitch
0.006,0.000,0.328,0.771,0.000,41.038,Pitch
0.381,0.000,0.328,47.672,0.000,41.038,Pitch
0.756,0.000,0.328,94.573,0.000,41.038,Pitch
1.131,0.000,0.328,141.473,0.000,41.038,Pitch
1.522,0.000,0.328,190.328,0.000,41.038,Pitch
1.912,0.000,0.328,239.183,0.000,41.038,Pitch
-1.697,0.000,0.328,-212.237,0.000,41.038,Pitch
-1.306,0.000,0.328,-163.382,0.000,41.038,Pitch
-0.916,0.000,0.328,-114.527,0.000,41.038,Pitch
-0.525,0.000,0.328,-65.672,0.000,41.038,Pitch
-0.134,0.000,0.328,-16.817,0.000,41.038,Pitch
0.256,0.000,0.328,32.046,0.000,41.038,Pitch
0.631,0.000,0.328,78.947,0.000,41.038,Pitch
1.006,0.000,0.328,125.847,0.000,41.038,Pitch
1.397,0.000,0.328,174.702,0.000,41.038,Pitch
1.787,0.000,0.328,223.557,0.000,41.038,Pitch
-1.822,0.000,0.328,-227.863,0.000,41.038,Pitch
-1.431,0.000,0.328,-179.008,0.000,41.038,Pitch
-1.041,0.000,0.328,-130.153,0.000,41.038,Pitch
-0.650,0.000,0.328,-81.298,0.000,41.038,Pitch
-0.259,0.000,0.328,-32.443,0.000,41.038,Pitch
0.131,0.000,0.328,16.420,0.000,41.038,Pitch
0.506,0.000,0.328,63.321,0.000,41.038,Pitch
0.881,0.000,0.328,110.221,0.000,41.038,Pitch
1.272,0.000,0.328,159.076,0.000,41.038,Pitch
1.663,0.000,0.328,207.931,0.000,41.038,Pitch
-1.947,0.000,0.328,-243.489,0.000,41.038,Pitch
-1.556,0.000,0.328,-194.634,0.000,41.038,Pitch
-1.166,0.000,0.328,-145.779,0.000,41.038,Pitch
-0.775,0.000,0.328,-96.924,0.000,41.038,Pitch
-0.384,0.000,0.328,-48.069,0.000,41.038,Pitch
0.006,0.000,0.328,0.794,0.000,41.038,Pitch
0.381,0.000,0.328,47.695,0.000,41.038,Pitch
0.756,0.000,0.328,94.595,0.000,41.038,Pitch
1.131,0.000,0.328,141.496,0.000,41.038,Pitch
1.522,0.000,0.328,190.351,0.000,41.038,Pitch
1.913,0.000,0.328,239.206,0.000,41.038,Pitch
-1.697,0.000,0.328,-212.214,0.000,41.038,Pitch
-1.306,0.000,0.328,-163.359,0.000,41.038,Pitch
-0.916,0.000,0.328,-114.504,0.000,41.038,Pitch
-0.525,0.000,0.328,-65.649,0.000,41.038,Pitch
-0.134,0.000,0.328,-16.794,0.000,41.038,Pitch
0.256,0.000,0.328,32.069,0.000,41.038,Pitch
0.631,0.000,0.328,78.969,0.000,41.038,Pitch
1.006,0.000,0.328,125.870,0.000,41.038,Pitch
1.397,0.000,0.328,174.725,0.000,41.038,Pitch
1.788,0.000,0.328,223.580,0.000,41.038,Pitch
-1.822,0.000,0.328,-227.840,0.000,41.038,Pitch
-1.431,0.000,0.328,-178.985,0.000,41.038,Pitch
-1.040,0.000,0.328,-130.130,0.000,41.038,Pitch
-0.650,0.000,0.328,-81.275,0.000,41.038,Pitch
-0.259,0.000,0.328,-32.420,0.000,41.038,Pitch
0.131,0.000,0.328,16.443,0.000,41.038,Pitch
0.506,0.000,0.328,63.344,0.000,41.038,Pitch
0.881,0.000,0.328,110.244,0.000,41.038,Pitch
1.272,0.000,0.328,159.099,0.000,41.038,Pitch
1.663,0.000,0.328,207.954,0.000,41.038,Pitch
-1.947,0.000,0.328,-243.466,0.000,41.038,Pitch
-1.556,0.000,0.328,-194.611,0.000,41.038,Pitch
-1.165,0.000,0.328,-145.756,0.000,41.038,Pitch
-0.775,0.000,0.328,-96.901,0.000,41.038,Pitch
-0.384,0.000,0.328,-48.046,0.000,41.038,Pitch
0.007,0.000,0.328,0.817,0.000,41.038,Pitch
0.382,0.000,0.328,47.718,0.000,41.038,Pitch
0.757,0.000,0.328,94.618,0.000,41.038,Pitch
1.132,0.000,0.328,141.519,0.000,41.038,Pitch
1.522,0.000,0.328,190.374,0.000,41.038,Pitch
1.913,0.000,0.328,239.229,0.000,41.038,Pitch
-1.697,0.000,0.328,-212.191,0.000,41.038,Pitch
-1.306,0.000,0.328,-163.336,0.000,41.038,Pitch
-0.915,0.000,0.328,-114.481,0.000,41.038,Pitch
-0.525,0.000,0.328,-65.626,0.000,41.038,Pitch
-0.134,0.000,0.328,-16.771,0.000,41.038,Pitch
0.257,0.000,0.328,32.092,0.000,41.038,Pitch
0.632,0.000,0.328,78.992,0.000,41.038,Pitch
1.007,0.000,0.328,125.893,0.000,41.038,Pitch
1.397,0.000,0.328,174.748,0.000,41.038,Pitch
1.788,0.000,0.328,223.603,0.000,41.038,Pitch
-1.822,0.000,0.328,-227.817,0.000,41.038,Pitch
-1.431,0.000,0.328,-178.962,0.000,41.038,Pitch
-1.040,0.000,0.328,-130.107,0.000,41.038,Pitch
-0.650,0.000,0.328,-81.252,0.000,41.038,Pitch
-0.259,0.000,0.328,-32.397,0.000,41.038,Pitch
0.132,0.000,0.328,16.466,0.000,41.038,Pitch
0.507,0.000,0.328,63.366,0.000,41.038,Pitch
0.882,0.000,0.328,110.267,0.000,41.038,Pitch
1.272,0.000,0.328,159.122,0.000,41.038,Pitch
1.663,0.000,0.328,207.977,0.000,41.038,Pitch
-1.946,0.000,0.328,-243.443,0.000,41.038,Pitch
-1.556,0.000,0.328,-194.588,0.000,41.038,Pitch
-1.165,0.000,0.328,-145.733,0.000,41.038,Pitch
-0.775,0.000,0.328,-96.878,0.000,41.038,Pitch
-0.384,0.000,0.328,-48.023,0.000,41.038,Pitch
0.007,0.000,0.328,0.840,0.000,41.038,Pitch
0.382,0.000,0.328,47.740,0.000,41.038,Pitch
0.757,0.000,0.328,94.641,0.000,41.038,Pitch
1.132,0.000,0.328,141.542,0.000,41.038,Pitch
1.522,0.000,0.328,190.397,0.000,41.038,Pitch
1.913,0.000,0.328,239.252,0.000,41.038,Pitch
-1.696,0.000,0.328,-212.168,0.000,41.038,Pitch
-1.306,0.000,0.328,-163.313,0.000,41.038,Pitch
-0.915,0.000,0.328,-114.458,0.000,41.038,Pitch
-0.525,0.000,0.328,-65.603,0.000,41.038,Pitch
-0.134,0.000,0.328,-16.748,0.000,41.038,Pitch
0.257,0.000,0.328,32.115,0.000,41.038,Pitch
0.632,0.000,0.328,79.015,0.000,41.038,Pitch
1.007,0.000,0.328,125.916,0.000,41.038,Pitch
1.397,0.000,0.328,174.771,0.000,41.038,Pitch
1.788,0.000,0.328,223.626,0.000,41.038,Pitch
-1.821,0.000,0.328,-227.794,0.000,41.038,Pitch
-1.431,0.000,0.328,-178.939,0.000,41.038,Pitch
-1.040,0.000,0.328,-130.084,0.000,41.038,Pitch
-0.649,0.000,0.328,-81.229,0.000,41.038,Pitch
-0.259,0.000,0.328,-32.374,0.000,41.038,Pitch
0.132,0.000,0.328,16.489,0.000,41.038,Pitch
0.507,0.000,0.328,63.389,0.000,41.038,Pitch
0.882,0.000,0.328,110.290,0.000,41.038,Pitch
1.272,0.000,0.328,159.145,0.000,41.038,Pitch
1.663,0.000,0.328,208.000,0.000,41.038,Pitch
-1.946,0.000,0.328,-243.420,0.000,41.038,Pitch
-1.556,0.000,0.328,-194.565,0.000,41.038,Pitch
-1.165,0.000,0.328,-145.710,0.000,41.038,Pitch
-0.774,0.000,0.328,-96.855,0.000,41.038,Pitch
-0.384,0.000,0.328,-48.000,0.000,41.038,Pitch
0.007,0.000,0.328,0.863,0.000,41.038,Pitch
0.382,0.000,0.328,47.763,0.000,41.038,Pitch
0.757,0.000,0.328,94.664,0.000,41.038,Pitch
1.132,0.000,0.328,141.565,0.000,41.038,Pitch
1.523,0.000,0.328,190.420,0.000,41.038,Pitch
1.913,0.000,0.328,239.275,0.000,41.038,Pitch
-1.696,0.000,0.328,-212.145,0.000,41.038,Pitch
-1.306,0.000,0.328,-163.290,0.000,41.038,Pitch
-0.915,0.000,0.328,-114.435,0.000,41.038,Pitch
-0.524,0.000,0.328,-65.580,0.000,41.038,Pitch
-0.134,0.000,0.328,-16.725,0.000,41.038,Pitch
0.257,0.000,0.328,32.137,0.000,41.038,Pitch
0.632,0.000,0.328,79.038,0.000,41.038,Pitch
1.007,0.000,0.328,125.939,0.000,41.038,Pitch
1.398,0.000,0.328,174.794,0.000,41.038,Pitch
1.788,0.000,0.328,223.649,0.000,41.038,Pitch
-1.821,0.000,0.328,-227.771,0.000,41.038,Pitch
-1.431,0.000,0.328,-178.916,0.000,41.038,Pitch
-1.040,0.000,0.328,-130.061,0.000,41.038,Pitch
-0.649,0.000,0.328,-81.206,0.000,41.038,Pitch
-0.259,0.000,0.328,-32.351,0.000,41.038,Pitch
0.132,0.000,0.328,16.511,0.000,41.038,Pitch
0.507,0.000,0.328,63.412,0.000,41.038,Pitch
0.882,0.000,0.328,110.313,0.000,41.038,Pitch
1.273,0.000,0.328,159.168,0.000,41.038,Pitch
1.663,0.000,0.328,208.023,0.000,41.038,Pitch
-1.946,0.000,0.328,-243.397,0.000,41.038,Pitch
-1.555,0.000,0.328,-194.542,0.000,41.038,Pitch
-1.165,0.000,0.328,-145.687,0.000,41.038,Pitch
-0.774,0.000,0.328,-96.832,0.000,41.038,Pitch
-0.384,0.000,0.328,-47.977,0.000,41.038,Pitch
0.007,0.000,0.328,0.885,0.000,41.038,Pitch
0.382,0.000,0.328,47.786,0.000,41.038,Pitch
0.757,0.000,0.328,94.687,0.000,41.038,Pitch
1.132,0.000,0.328,141.588,0.000,41.038,Pitch
1.523,0.000,0.328,190.443,0.000,41.038,Pitch
1.913,0.000,0.328,239.298,0.000,41.038,Pitch
-1.696,0.000,0.328,-212.122,0.000,41.038,Pitch
-1.305,0.000,0.328,-163.267,0.000,41.038,Pitch
-0.915,0.000,0.328,-114.412,0.000,41.038,Pitch
-0.524,0.000,0.328,-65.557,0.000,41.038,Pitch
-0.134,0.000,0.328,-16.702,0.000,41.038,Pitch
0.257,0.000,0.328,32.160,0.000,41.038,Pitch
0.632,0.000,0.328,79.061,0.000,41.038,Pitch
1.007,0.000,0.328,125.962,0.000,41.038,Pitch
1.398,0.000,0.328,174.817,0.000,41.038,Pitch
1.788,0.000,0.328,223.672,0.000,41.038,Pitch
-1.821,0.000,0.328,-227.748,0.000,41.038,Pitch
-1.430,0.000,0.328,-178.893,0.000,41.038,Pitch
-1.040,0.000,0.328,-130.038,0.000,41.038,Pitch
-0.649,0.000,0.328,-81.183,0.000,41.038,Pitch
-0.258,0.000,0.328,-32.328,0.000,41.038,Pitch
0.132,0.000,0.328,16.534,0.000,41.038,Pitch
0.507,0.000,0.328,63.435,0.000,41.038,Pitch
0.882,0.000,0.328,110.336,0.000,41.038,Pitch
1.273,0.000,0.328,159.191,0.000,41.038,Pitch
1.663,0.000,0.328,208.046,0.000,41.038,Pitch
-1.946,0.000,0.328,-243.374,0.000,41.038,Pitch
-1.555,0.000,0.328,-194.519,0.000,41.038,Pitch
-1.165,0.000,0.328,-145.664,0.000,41.038,Pitch
-0.774,0.000,0.328,-96.809,0.000,41.038,Pitch
-0.383,0.000,0.328,-47.954,0.000,41.038,Pitch
0.007,0.000,0.328,0.908,0.000,41.038,Pitch
0.382,0.000,0.328,47.809,0.000,41.038,Pitch
0.757,0.000,0.328,94.710,0.000,41.038,Pitch
1.132,0.000,0.328,141.611,0.000,41.038,Pitch
1.523,0.000,0.328,190.466,0.000,41.038,Pitch
1.914,0.000,0.328,239.321,0.000,41.038,Pitch
-1.696,0.000,0.328,-212.099,0.000,41.038,Pitch
-1.305,0.000,0.328,-163.244,0.000,41.038,Pitch
-0.915,0.000,0.328,-114.389,0.000,41.038,Pitch
-0.524,0.000,0.328,-65.534,0.000,41.038,Pitch
-0.133,0.000,0.328,-16.679,0.000,41.038,Pitch
0.257,0.000,0.328,32.183,0.000,41.038,Pitch
0.632,0.000,0.328,79.084,0.000,41.038,Pitch
1.007,0.000,0.328,125.985,0.000,41.038,Pitch
1.398,0.000,0.328,174.840,0.000,41.038,Pitch
1.789,0.000,0.328,223.695,0.000,41.038,Pitch
-1.821,0.000,0.328,-227.725,0.000,41.038,Pitch
-1.430,0.000,0.328,-178.870,0.000,41.038,Pitch
-1.040,0.000,0.328,-130.015,0.000,41.038,Pitch
-0.649,0.000,0.328,-81.160,0.000,41.038,Pitch
-0.258,0.000,0.328,-32.305,0.000,41.038,Pitch
0.132,0.000,0.328,16.557,0.000,41.038,Pitch
0.507,0.000,0.328,63.458,0.000,41.038,Pitch
0.882,0.000,0.328,110.359,0.000,41.038,Pitch
1.273,0.000,0.328,159.214,0.000,41.038,Pitch
1.664,0.000,0.328,208.069,0.000,41.038,Pitch
-1.946,0.000,0.328,-243.351,0.000,41.038,Pitch
-1.555,0.000,0.328,-194.496,0.000,41.038,Pitch
-1.164,0.000,0.328,-145.641,0.000,41.038,Pitch
-0.774,0.000,0.328,-96.786,0.000,41.038,Pitch
-0.383,0.000,0.328,-47.931,0.000,41.038,Pitch
0.007,0.000,0.328,0.931,0.000,41.038,Pitch
0.382,0.000,0.328,47.832,0.000,41.038,Pitch
0.757,0.000,0.328,94.733,0.000,41.038,Pitch
1.132,0.000,0.328,141.634,0.000,41.038,Pitch
1.523,0.000,0.328,190.489,0.000,41.038,Pitch
1.914,0.000,0.328,239.344,0.000,41.038,Pitch
-1.696,0.000,0.328,-212.076,0.000,41.038,Pitch
-1.305,0.000,0.328,-163.221,0.000,41.038,Pitch
-0.914,0.000,0.328,-114.366,0.000,41.038,Pitch
-0.524,0.000,0.328,-65.511,0.000,41.038,Pitch
-0.133,0.000,0.328,-16.656,0.000,41.038,Pitch
0.258,0.000,0.328,32.206,0.000,41.038,Pitch
0.633,0.000,0.328,79.107,0.000,41.038,Pitch
1.008,0.000,0.328,126.008,0.000,41.038,Pitch
1.398,0.000,0.328,174.863,0.000,41.038,Pitch
1.789,0.000,0.328,223.718,0.000,41.038,Pitch
-1.821,0.000,0.328,-227.702,0.000,41.038,Pitch
-1.430,0.000,0.328,-178.847,0.000,41.038,Pitch
-1.039,0.000,0.328,-129.992,0.000,41.038,Pitch
-0.649,0.000,0.328,-81.137,0.000,41.038,Pitch
-0.258,0.000,0.328,-32.282,0.000,41.038,Pitch
0.133,0.000,0.328,16.580,0.000,41.038,Pitch
0.508,0.000,0.328,63.481,0.000,41.038,Pitch
0.883,0.000,0.328,110.382,0.000,41.038,Pitch
1.273,0.000,0.328,159.237,0.000,41.038,Pitch
1.664,0.000,0.328,208.092,0.000,41.038,Pitch
-1.946,0.000,0.328,-243.328,0.000,41.038,Pitch
-1.555,0.000,0.328,-194.473,0.000,41.038,Pitch
-1.164,0.000,0.328,-145.618,0.000,41.038,Pitch
-0.774,0.000,0.328,-96.763,0.000,41.038,Pitch
-0.383,0.000,0.328,-47.908,0.000,41.038,Pitch
0.008,0.000,0.328,0.954,0.000,41.038,Pitch
0.383,0.000,0.328,47.855,0.000,41.038,Pitch
0.758,0.000,0.328,94.756,0.000,41.038,Pitch
1.133,0.000,0.328,141.656,0.000,41.038,Pitch
1.523,0.000,0.328,190.511,0.000,41.038,Pitch
1.914,0.000,0.328,239.366,0.000,41.038,Pitch
-1.695,0.000,0.328,-212.053,0.000,41.038,Pitch
-1.305,0.000,0.328,-163.198,0.000,41.038,Pitch
-0.914,0.000,0.328,-114.344,0.000,41.038,Pitch
-0.524,0.000,0.328,-65.489,0.000,41.038,Pitch
-0.133,0.000,0.328,-16.634,0.000,41.038,Pitch
0.258,0.000,0.328,32.229,0.000,41.038,Pitch
0.633,0.000,0.328,79.130,0.000,41.038,Pitch
1.008,0.000,0.328,126.031,0.000,41.038,Pitch
1.398,0.000,0.328,174.885,0.000,41.038,Pitch
1.789,0.000,0.328,223.740,0.000,41.038,Pitch
-1.820,0.000,0.328,-227.679,0.000,41.038,Pitch
-1.430,0.000,0.328,-178.824,0.000,41.038,Pitch
-1.039,0.000,0.328,-129.969,0.000,41.038,Pitch
-0.649,0.000,0.328,-81.115,0.000,41.038,Pitch
-0.258,0.000,0.328,-32.260,0.000,41.038,Pitch
0.133,0.000,0.328,16.603,0.000,41.038,Pitch
0.508,0.000,0.328,63.504,0.000,41.038,Pitch
0.883,0.000,0.328,110.405,0.000,41.038,Pitch
1.273,0.000,0.328,159.260,0.000,41.038,Pitch
1.664,0.000,0.328,208.115,0.000,41.038,Pitch
-1.945,0.000,0.328,-243.305,0.000,41.038,Pitch
-1.555,0.000,0.328,-194.450,0.000,41.038,Pitch
-1.164,0.000,0.328,-145.595,0.000,41.038,Pitch
-0.773,0.000,0.328,-96.740,0.000,41.038,Pitch
-0.383,0.000,0.328,-47.885,0.000,41.038,Pitch
0.008,0.000,0.328,0.977,0.000,41.038,Pitch
0.383,0.000,0.328,47.878,0.000,41.038,Pitch
0.758,0.000,0.328,94.779,0.000,41.038,Pitch
1.133,0.000,0.328,141.679,0.000,41.038,Pitch
1.523,0.000,0.328,190.534,0.000,41.038,Pitch
1.914,0.000,0.328,239.389,0.000,41.038,Pitch
-1.695,0.000,0.328,-212.031,0.000,41.038,Pitch
-1.305,0.000,0.328,-163.176,0.000,41.038,Pitch
-0.914,0.000,0.328,-114.321,0.000,41.038,Pitch
-0.523,0.000,0.328,-65.466,0.000,41.038,Pitch
-0.133,0.000,0.328,-16.611,0.000,41.038,Pitch
0.258,0.000,0.328,32.252,0.000,41.038,Pitch
0.633,0.000,0.328,79.153,0.000,41.038,Pitch
1.008,0.000,0.328,126.053,0.000,41.038,Pitch
1.398,0.000,0.328,174.908,0.000,41.038,Pitch
1.789,0.000,0.328,223.763,0.000,41.038,Pitch
-1.820,0.000,0.328,-227.656,0.000,41.038,Pitch
-1.430,0.000,0.328,-178.802,0.000,41.038,Pitch
-1.039,0.000,0.328,-129.947,0.000,41.038,Pitch
-0.648,0.000,0.328,-81.092,0.000,41.038,Pitch
-0.258,0.000,0.328,-32.237,0.000,41.038,Pitch
0.133,0.000,0.328,16.626,0.000,41.038,Pitch
0.508,0.000,0.328,63.527,0.000,41.038,Pitch
0.883,0.000,0.328,110.427,0.000,41.038,Pitch
1.274,0.000,0.328,159.282,0.000,41.038,Pitch
1.664,0.000,0.328,208.137,0.000,41.038,Pitch
-1.945,0.000,0.328,-243.282,0.000,41.038,Pitch
-1.555,0.000,0.328,-194.427,0.000,41.038,Pitch
-1.164,0.000,0.328,-145.573,0.000,41.038,Pitch
-0.773,0.000,0.328,-96.718,0.000,41.038,Pitch
-0.383,0.000,0.328,-47.863,0.000,41.038,Pitch
0.008,0.000,0.328,1.000,0.000,41.038,Pitch
0.383,0.000,0.328,47.901,0.000,41.038,Pitch
0.758,0.000,0.328,94.802,0.000,41.038,Pitch
1.133,0.000,0.328,141.702,0.000,41.038,Pitch
1.524,0.000,0.328,190.557,0.000,41.038,Pitch
1.914,0.000,0.328,239.412,0.000,41.038,Pitch
-1.695,0.000,0.328,-212.008,0.000,41.038,Pitch
-1.305,0.000,0.328,-163.153,0.000,41.038,Pitch
-0.914,0.000,0.328,-114.298,0.000,41.038,Pitch
-0.523,0.000,0.328,-65.443,0.000,41.038,Pitch
-0.133,0.000,0.328,-16.588,0.000,41.038,Pitch
0.258,0.000,0.328,32.275,0.000,41.038,Pitch
0.633,0.000,0.328,79.176,0.000,41.038,Pitch
1.008,0.000,0.328,126.076,0.000,41.038,Pitch
1.399,0.000,0.328,174.931,0.000,41.038,Pitch
1.789,0.000,0.328,223.786,0.000,41.038,Pitch
-1.820,0.000,0.328,-227.634,0.000,41.038,Pitch
-1.429,0.000,0.328,-178.779,0.000,41.038,Pitch
-1.039,0.000,0.328,-129.924,0.000,41.038,Pitch
-0.648,0.000,0.328,-81.069,0.000,41.038,Pitch
-0.258,0.000,0.328,-32.214,0.000,41.038,Pitch
0.133,0.000,0.328,16.649,0.000,41.038,Pitch
0.508,0.000,0.328,63.550,0.000,41.038,Pitch
0.883,0.000,0.328,110.450,0.000,41.038,Pitch
1.274,0.000,0.328,159.305,0.000,41.038,Pitch
1.664,0.000,0.328,208.160,0.000,41.038,Pitch
-1.945,0.000,0.328,-243.260,0.000,41.038,Pitch
-1.554,0.000,0.328,-194.405,0.000,41.038,Pitch
-1.164,0.000,0.328,-145.550,0.000,41.038,Pitch
-0.773,0.000,0.328,-96.695,0.000,41.038,Pitch
-0.383,0.000,0.328,-47.840,0.000,41.038,Pitch
0.008,0.000,0.328,1.023,0.000,41.038,Pitch
0.383,0.000,0.328,47.924,0.000,41.038,Pitch
0.758,0.000,0.328,94.824,0.000,41.038,Pitch
1.133,0.000,0.328,141.725,0.000,41.038,Pitch
1.524,0.000,0.328,190.580,0.000,41.038,Pitch
1.914,0.000,0.328,239.435,0.000,41.038,Pitch
-1.695,0.000,0.328,-211.985,0.000,41.038,Pitch
-1.304,0.000,0.328,-163.130,0.000,41.038,Pitch
-0.914,0.000,0.328,-114.275,0.000,41.038,Pitch
-0.523,0.000,0.328,-65.420,0.000,41.038,Pitch
-0.132,0.000,0.328,-16.565,0.000,41.038,Pitch
0.258,0.000,0.328,32.298,0.000,41.038,Pitch
0.633,0.000,0.328,79.198,0.000,41.038,Pitch
1.008,0.000,0.328,126.099,0.000,41.038,Pitch
1.399,0.000,0.328,174.954,0.000,41.038,Pitch
1.789,0.000,0.328,223.809,0.000,41.038,Pitch
-1.820,0.000,0.328,-227.611,0.000,41.038,Pitch
-1.429,0.000,0.328,-178.756,0.000,41.038,Pitch
-1.039,0.000,0.328,-129.901,0.000,41.038,Pitch
-0.648,0.000,0.328,-81.046,0.000,41.038,Pitch
-0.257,0.000,0.328,-32.191,0.000,41.038,Pitch
0.133,0.000,0.328,16.672,0.000,41.038,Pitch
0.508,0.000,0.328,63.573,0.000,41.038,Pitch
0.883,0.000,0.328,110.473,0.000,41.038,Pitch
1.274,0.000,0.328,159.328,0.000,41.038,Pitch
1.665,0.000,0.328,208.183,0.000,41.038,Pitch
-1.945,0.000,0.328,-243.237,0.000,41.038,Pitch
-1.554,0.000,0.328,-194.382,0.000,41.038,Pitch
-1.164,0.000,0.328,-145.527,0.000,41.038,Pitch
-0.773,0.000,0.328,-96.672,0.000,41.038,Pitch
-0.382,0.000,0.328,-47.817,0.000,41.038,Pitch
0.008,0.000,0.328,1.046,0.000,41.038,Pitch
0.383,0.000,0.328,47.947,0.000,41.038,Pitch
0.758,0.000,0.328,94.847,0.000,41.038,Pitch
1.133,0.000,0.328,141.748,0.000,41.038,Pitch
1.524,0.000,0.328,190.603,0.000,41.038,Pitch
1.915,0.000,0.328,239.458,0.000,41.038,Pitch
-1.695,0.000,0.328,-211.962,0.000,41.038,Pitch
-1.304,0.000,0.328,-163.107,0.000,41.038,Pitch
-0.914,0.000,0.328,-114.252,0.000,41.038,Pitch
-0.523,0.000,0.328,-65.397,0.000,41.038,Pitch
-0.132,0.000,0.328,-16.542,0.000,41.038,Pitch
0.258,0.000,0.328,32.321,0.000,41.038,Pitch
0.633,0.000,0.328,79.221,0.000,41.038,Pitch
1.008,0.000,0.328,126.122,0.000,41.038,Pitch
1.399,0.000,0.328,174.977,0.000,41.038,Pitch
1.790,0.000,0.328,223.832,0.000,41.038,Pitch
-1.820,0.000,0.328,-227.588,0.000,41.038,Pitch
-1.429,0.000,0.328,-178.733,0.000,41.038,Pitch
-1.038,0.000,0.328,-129.878,0.000,41.038,Pitch
-0.648,0.000,0.328,-81.023,0.000,41.038,Pitch
-0.257,0.000,0.328,-32.168,0.000,41.038,Pitch
0.133,0.000,0.328,16.695,0.000,41.038,Pitch
0.508,0.000,0.328,63.595,0.000,41.038,Pitch
0.883,0.000,0.328,110.496,0.000,41.038,Pitch
1.274,0.000,0.328,159.351,0.000,41.038,Pitch
1.665,0.000,0.328,208.206,0.000,41.038,Pitch
-1.945,0.000,0.328,-243.214,0.000,41.038,Pitch
-1.554,0.000,0.328,-194.359,0.000,41.038,Pitch
-1.163,0.000,0.328,-145.504,0.000,41.038,Pitch
-0.773,0.000,0.328,-96.649,0.000,41.038,Pitch
-0.382,0.000,0.328,-47.794,0.000,41.038,Pitch
0.009,0.000,0.328,1.069,0.000,41.038,Pitch
0.384,0.000,0.328,47.969,0.000,41.038,Pitch
0.759,0.000,0.328,94.870,0.000,41.038,Pitch
1.134,0.000,0.328,141.771,0.000,41.038,Pitch
1.524,0.000,0.328,190.626,0.000,41.038,Pitch
1.915,0.000,0.328,239.481,0.000,41.038,Pitch
-1.695,0.000,0.328,-211.939,0.000,41.038,Pitch
-1.304,0.000,0.328,-163.084,0.000,41.038,Pitch
-0.913,0.000,0.328,-114.229,0.000,41.038,Pitch
-0.523,0.000,0.328,-65.374,0.000,41.038,Pitch
-0.132,0.000,0.328,-16.519,0.000,41.038,Pitch
0.259,0.000,0.328,32.344,0.000,41.038,Pitch
0.634,0.000,0.328,79.244,0.000,41.038,Pitch
1.009,0.000,0.328,126.145,0.000,41.038,Pitch
1.399,0.000,0.328,175.000,0.000,41.038,Pitch
1.790,0.000,0.328,223.855,0.000,41.038,Pitch
-1.820,0.000,0.328,-227.565,0.000,41.038,Pitch
-1.429,0.000,0.328,-178.710,0.000,41.038,Pitch
-1.038,0.000,0.328,-129.855,0.000,41.038,Pitch
-0.648,0.000,0.328,-81.000,0.000,41.038,Pitch
-0.257,0.000,0.328,-32.145,0.000,41.038,Pitch
0.134,0.000,0.328,16.718,0.000,41.038,Pitch
0.509,0.000,0.328,63.618,0.000,41.038,Pitch
0.884,0.000,0.328,110.519,0.000,41.038,Pitch
1.274,0.000,0.328,159.374,0.000,41.038,Pitch
1.665,0.000,0.328,208.229,0.000,41.038,Pitch
-1.944,0.000,0.328,-243.191,0.000,41.038,Pitch
-1.554,0.000,0.328,-194.336,0.000,41.038,Pitch
-1.163,0.000,0.328,-145.481,0.000,41.038,Pitch
-0.773,0.000,0.328,-96.626,0.000,41.038,Pitch
-0.382,0.000,0.328,-47.771,0.000,41.038,Pitch
0.009,0.000,0.328,1.092,0.000,41.038,Pitch
0.384,0.000,0.328,47.992,0.000,41.038,Pitch
0.759,0.000,0.328,94.893,0.000,41.038,Pitch
1.134,0.000,0.328,141.794,0.000,41.038,Pitch
1.524,0.000,0.328,190.649,0.000,41.038,Pitch
1.915,0.000,0.328,239.504,0.000,41.038,Pitch
-1.694,0.000,0.328,-211.916,0.000,41.038,Pitch
-1.304,0.000,0.328,-163.061,0.000,41.038,Pitch
-0.913,0.000,0.328,-114.206,0.000,41.038,Pitch
-0.523,0.000,0.328,-65.351,0.000,41.038,Pitch
-0.132,0.000,0.328,-16.496,0.000,41.038,Pitch
0.259,0.000,0.328,32.366,0.000,41.038,Pitch
0.634,0.000,0.328,79.267,0.000,41.038,Pitch
1.009,0.000,0.328,126.168,0.000,41.038,Pitch
.399,0.000,0.328,175.023,0.000,41.038,Roll
1.790,0.000,0.328,223.878,0.000,41.038,Roll
-1.819,0.000,0.328,-227.542,0.000,41.038,Roll
-1.429,0.000,0.328,-178.687,0.000,41.038,Roll
-1.038,0.000,0.328,-129.832,0.000,41.038,Roll
-0.647,0.000,0.328,-80.977,0.000,41.038,Roll
-0.257,0.000,0.328,-32.122,0.000,41.038,Roll
0.134,0.000,0.328,16.740,0.000,41.038,Roll
0.509,0.000,0.328,63.641,0.000,41.038,Roll
0.884,0.000,0.328,110.542,0.000,41.038,Roll
-1.158,0.000,0.328,-144.771,0.000,41.038,Roll
-0.767,0.000,0.328,-95.916,0.000,41.038,Roll
-0.376,0.000,0.328,-47.061,0.000,41.038,Roll
0.014,0.000,0.328,1.802,0.000,41.038,Roll
0.389,0.000,0.328,48.702,0.000,41.038,Roll
0.764,0.000,0.328,95.603,0.000,41.038,Roll
1.139,0.000,0.328,142.504,0.000,41.038,Roll
1.530,0.000,0.328,191.359,0.000,41.038,Roll
1.921,0.000,0.328,240.214,0.000,41.038,Roll
-1.689,0.000,0.328,-211.206,0.000,41.038,Roll
-1.298,0.000,0.328,-162.351,0.000,41.038,Roll
-0.907,0.000,0.328,-113.496,0.000,41.038,Roll
-0.517,0.000,0.328,-64.641,0.000,41.038,Roll
-0.126,0.000,0.328,-15.786,0.000,41.038,Roll
0.264,0.000,0.328,33.076,0.000,41.038,Roll
0.639,0.000,0.328,79.977,0.000,41.038,Roll
1.014,0.000,0.328,126.878,0.000,41.038,Roll
1.405,0.000,0.328,175.733,0.000,41.038,Roll
1.796,0.000,0.328,224.588,0.000,41.038,Roll
-1.814,0.000,0.328,-226.832,0.000,41.038,Roll
-1.423,0.000,0.328,-177.977,0.000,41.038,Roll
-1.032,0.000,0.328,-129.122,0.000,41.038,Roll
-0.642,0.000,0.328,-80.267,0.000,41.038,Roll
-0.251,0.000,0.328,-31.412,0.000,41.038,Roll
0.140,0.000,0.328,17.450,0.000,41.038,Roll
0.515,0.000,0.328,64.351,0.000,41.038,Roll
0.890,0.000,0.328,111.252,0.000,41.038,Roll
1.280,0.000,0.328,160.107,0.000,41.038,Roll
1.671,0.000,0.328,208.962,0.000,41.038,Roll
-1.939,0.000,0.328,-242.458,0.000,41.038,Roll
-1.548,0.000,0.328,-193.603,0.000,41.038,Roll
-1.157,0.000,0.328,-144.748,0.000,41.038,Roll
-0.767,0.000,0.328,-95.893,0.000,41.038,Roll
-0.376,0.000,0.328,-47.038,0.000,41.038,Roll
0.015,0.000,0.328,1.824,0.000,41.038,Roll
0.390,0.000,0.328,48.725,0.000,41.038,Roll
0.765,0.000,0.328,95.626,0.000,41.038,Roll
1.140,0.000,0.328,142.527,0.000,41.038,Roll
1.530,0.000,0.328,191.382,0.000,41.038,Roll
1.921,0.000,0.328,240.237,0.000,41.038,Roll
-1.689,0.000,0.328,-211.183,0.000,41.038,Roll
-1.298,0.000,0.328,-162.328,0.000,41.038,Roll
-0.907,0.000,0.328,-113.473,0.000,41.038,Roll
-0.517,0.000,0.328,-64.618,0.000,41.038,Roll
-0.126,0.000,0.328,-15.763,0.000,41.038,Roll
0.265,0.000,0.328,33.099,0.000,41.038,Roll
0.640,0.000,0.328,80.000,0.000,41.038,Roll
1.015,0.000,0.328,126.901,0.000,41.038,Roll
1.405,0.000,0.328,175.756,0.000,41.038,Roll
1.796,0.000,0.328,224.611,0.000,41.038,Roll
-1.813,0.000,0.328,-226.809,0.000,41.038,Roll
-1.423,0.000,0.328,-177.954,0.000,41.038,Roll
-1.032,0.000,0.328,-129.099,0.000,41.038,Roll
-0.642,0.000,0.328,-80.244,0.000,41.038,Roll
-0.251,0.000,0.328,-31.389,0.000,41.038,Roll
0.140,0.000,0.328,17.473,0.000,41.038,Roll
0.515,0.000,0.328,64.374,0.000,41.038,Roll
0.890,0.000,0.328,111.275,0.000,41.038,Roll
1.280,0.000,0.328,160.130,0.000,41.038,Roll
1.671,0.000,0.328,208.985,0.000,41.038,Roll
-1.938,0.000,0.328,-242.435,0.000,41.038,Roll
-1.548,0.000,0.328,-193.580,0.000,41.038,Roll
-1.157,0.000,0.328,-144.725,0.000,41.038,Roll
-0.767,0.000,0.328,-95.870,0.000,41.038,Roll
-0.376,0.000,0.328,-47.015,0.000,41.038,Roll
0.015,0.000,0.328,1.847,0.000,41.038,Roll
0.390,0.000,0.328,48.748,0.000,41.038,Roll
0.765,0.000,0.328,95.649,0.000,41.038,Roll
1.140,0.000,0.328,142.550,0.000,41.038,Roll
1.530,0.000,0.328,191.405,0.000,41.038,Roll
1.921,0.000,0.328,240.260,0.000,41.038,Roll
-1.688,0.000,0.328,-211.160,0.000,41.038,Roll
-1.298,0.000,0.328,-162.305,0.000,41.038,Roll
-0.907,0.000,0.328,-113.450,0.000,41.038,Roll
-0.516,0.000,0.328,-64.595,0.000,41.038,Roll
-0.126,0.000,0.328,-15.740,0.000,41.038,Roll
0.265,0.000,0.328,33.122,0.000,41.038,Roll
0.640,0.000,0.328,80.023,0.000,41.038,Roll
1.015,0.000,0.328,126.924,0.000,41.038,Roll
1.405,0.000,0.328,175.779,0.000,41.038,Roll
1.796,0.000,0.328,224.634,0.000,41.038,Roll
-1.813,0.000,0.328,-226.786,0.000,41.038,Roll
-1.423,0.000,0.328,-177.931,0.000,41.038,Roll
-1.032,0.000,0.328,-129.076,0.000,41.038,Roll
-0.641,0.000,0.328,-80.221,0.000,41.038,Roll
-0.251,0.000,0.328,-31.366,0.000,41.038,Roll
0.140,0.000,0.328,17.496,0.000,41.038,Roll
0.515,0.000,0.328,64.397,0.000,41.038,Roll
0.890,0.000,0.328,111.298,0.000,41.038,Roll
1.281,0.000,0.328,160.153,0.000,41.038,Roll
1.671,0.000,0.328,209.008,0.000,41.038,Roll
-1.938,0.000,0.328,-242.412,0.000,41.038,Roll
-1.548,0.000,0.328,-193.557,0.000,41.038,Roll
-1.157,0.000,0.328,-144.702,0.000,41.038,Roll
-0.766,0.000,0.328,-95.847,0.000,41.038,Roll
-0.376,0.000,0.328,-46.992,0.000,41.038,Roll
0.015,0.000,0.328,1.870,0.000,41.038,Roll
0.390,0.000,0.328,48.771,0.000,41.038,Roll
0.765,0.000,0.328,95.672,0.000,41.038,Roll
1.140,0.000,0.328,142.573,0.000,41.038,Roll
1.531,0.000,0.328,191.427,0.000,41.038,Roll
1.921,0.000,0.328,240.282,0.000,41.038,Roll
-1.688,0.000,0.328,-211.137,0.000,41.038,Roll
-1.298,0.000,0.328,-162.282,0.000,41.038,Roll
-0.907,0.000,0.328,-113.427,0.000,41.038,Roll
-0.516,0.000,0.328,-64.573,0.000,41.038,Roll
-0.126,0.000,0.328,-15.718,0.000,41.038,Roll
0.265,0.000,0.328,33.145,0.000,41.038,Roll
0.640,0.000,0.328,80.046,0.000,41.038,Roll
1.015,0.000,0.328,126.947,0.000,41.038,Roll
1.406,0.000,0.328,175.802,0.000,41.038,Roll
1.796,0.000,0.328,224.656,0.000,41.038,Roll
-1.813,0.000,0.328,-226.763,0.000,41.038,Roll
-1.422,0.000,0.328,-177.908,0.000,41.038,Roll
-1.032,0.000,0.328,-129.053,0.000,41.038,Roll
-0.641,0.000,0.328,-80.198,0.000,41.038,Roll
-0.251,0.000,0.328,-31.344,0.000,41.038,Roll
0.140,0.000,0.328,17.519,0.000,41.038,Roll
0.515,0.000,0.328,64.420,0.000,41.038,Roll
0.890,0.000,0.328,111.321,0.000,41.038,Roll
1.281,0.000,0.328,160.176,0.000,41.038,Roll
1.671,0.000,0.328,209.031,0.000,41.038,Roll
-1.938,0.000,0.328,-242.389,0.000,41.038,Roll
-1.547,0.000,0.328,-193.534,0.000,41.038,Roll
-1.157,0.000,0.328,-144.679,0.000,41.038,Roll
-0.766,0.000,0.328,-95.824,0.000,41.038,Roll
-0.376,0.000,0.328,-46.969,0.000,41.038,Roll
0.015,0.000,0.328,1.893,0.000,41.038,Roll
0.390,0.000,0.328,48.794,0.000,41.038,Roll
0.765,0.000,0.328,95.695,0.000,41.038,Roll
1.140,0.000,0.328,142.595,0.000,41.038,Roll
1.531,0.000,0.328,191.450,0.000,41.038,Roll
1.921,0.000,0.328,240.305,0.000,41.038,Roll
-1.688,0.000,0.328,-211.115,0.000,41.038,Roll
-1.297,0.000,0.328,-162.260,0.000,41.038,Roll
-0.907,0.000,0.328,-113.405,0.000,41.038,Roll
-0.516,0.000,0.328,-64.550,0.000,41.038,Roll
-0.125,0.000,0.328,-15.695,0.000,41.038,Roll
0.265,0.000,0.328,33.168,0.000,41.038,Roll
0.640,0.000,0.328,80.069,0.000,41.038,Roll
1.015,0.000,0.328,126.969,0.000,41.038,Roll
1.406,0.000,0.328,175.824,0.000,41.038,Roll
1.796,0.000,0.328,224.679,0.000,41.038,Roll
-1.813,0.000,0.328,-226.740,0.000,41.038,Roll
-1.422,0.000,0.328,-177.885,0.000,41.038,Roll
-1.032,0.000,0.328,-129.031,0.000,41.038,Roll
-0.641,0.000,0.328,-80.176,0.000,41.038,Roll
-0.250,0.000,0.328,-31.321,0.000,41.038,Roll
0.140,0.000,0.328,17.542,0.000,41.038,Roll
0.515,0.000,0.328,64.443,0.000,41.038,Roll
0.890,0.000,0.328,111.344,0.000,41.038,Roll
1.281,0.000,0.328,160.198,0.000,41.038,Roll
1.672,0.000,0.328,209.053,0.000,41.038,Roll
-1.938,0.000,0.328,-242.366,0.000,41.038,Roll
-1.547,0.000,0.328,-193.511,0.000,41.038,Roll
-1.157,0.000,0.328,-144.656,0.000,41.038,Roll
-0.766,0.000,0.328,-95.802,0.000,41.038,Roll
-0.375,0.000,0.328,-46.947,0.000,41.038,Roll
0.015,0.000,0.328,1.916,0.000,41.038,Roll
0.390,0.000,0.328,48.817,0.000,41.038,Roll
0.765,0.000,0.328,95.718,0.000,41.038,Roll
1.140,0.000,0.328,142.618,0.000,41.038,Roll
1.531,0.000,0.328,191.473,0.000,41.038,Roll
1.922,0.000,0.328,240.328,0.000,41.038,Roll
-1.688,0.000,0.328,-211.092,0.000,41.038,Roll
-1.297,0.000,0.328,-162.237,0.000,41.038,Roll
-0.907,0.000,0.328,-113.382,0.000,41.038,Roll
-0.516,0.000,0.328,-64.527,0.000,41.038,Roll
-0.125,0.000,0.328,-15.672,0.000,41.038,Roll
0.265,0.000,0.328,33.191,0.000,41.038,Roll
0.640,0.000,0.328,80.092,0.000,41.038,Roll
1.015,0.000,0.328,126.992,0.000,41.038,Roll
1.406,0.000,0.328,175.847,0.000,41.038,Roll
1.797,0.000,0.328,224.702,0.000,41.038,Roll
-1.813,0.000,0.328,-226.718,0.000,41.038,Roll
-1.422,0.000,0.328,-177.863,0.000,41.038,Roll
-1.031,0.000,0.328,-129.008,0.000,41.038,Roll
-0.641,0.000,0.328,-80.153,0.000,41.038,Roll
-0.250,0.000,0.328,-31.298,0.000,41.038,Roll
0.140,0.000,0.328,17.565,0.000,41.038,Roll
0.515,0.000,0.328,64.466,0.000,41.038,Roll
0.890,0.000,0.328,111.366,0.000,41.038,Roll
1.281,0.000,0.328,160.221,0.000,41.038,Roll
1.672,0.000,0.328,209.076,0.000,41.038,Roll
-1.938,0.000,0.328,-242.344,0.000,41.038,Roll
-1.547,0.000,0.328,-193.489,0.000,41.038,Roll
-1.156,0.000,0.328,-144.634,0.000,41.038,Roll
-0.766,0.000,0.328,-95.779,0.000,41.038,Roll
-0.375,0.000,0.328,-46.924,0.000,41.038,Roll
0.016,0.000,0.328,1.939,0.000,41.038,Roll
0.391,0.000,0.328,48.840,0.000,41.038,Roll
0.766,0.000,0.328,95.740,0.000,41.038,Roll
1.141,0.000,0.328,142.641,0.000,41.038,Roll
1.531,0.000,0.328,191.496,0.000,41.038,Roll
1.922,0.000,0.328,240.351,0.000,41.038,Roll
-1.688,0.000,0.328,-211.069,0.000,41.038,Roll
-1.297,0.000,0.328,-162.214,0.000,41.038,Roll
-0.906,0.000,0.328,-113.359,0.000,41.038,Roll
-0.516,0.000,0.328,-64.504,0.000,41.038,Roll
-0.125,0.000,0.328,-15.649,0.000,41.038,Roll
0.266,0.000,0.328,33.214,0.000,41.038,Roll
0.641,0.000,0.328,80.115,0.000,41.038,Roll
1.016,0.000,0.328,127.015,0.000,41.038,Roll
1.406,0.000,0.328,175.870,0.000,41.038,Roll
1.797,0.000,0.328,224.725,0.000,41.038,Roll
-1.813,0.000,0.328,-226.695,0.000,41.038,Roll
-1.422,0.000,0.328,-177.840,0.000,41.038,Roll
-1.031,0.000,0.328,-128.985,0.000,41.038,Roll
-0.641,0.000,0.328,-80.130,0.000,41.038,Roll
-0.250,0.000,0.328,-31.275,0.000,41.038,Roll
0.125,0.016,0.328,15.634,1.954,41.038,Roll
0.500,0.016,0.328,62.534,1.954,41.038,Roll
0.875,0.016,0.328,109.435,1.954,41.038,Roll
1.266,0.016,0.328,158.290,1.954,41.038,Roll
1.656,0.016,0.328,207.145,1.954,41.038,Roll
-1.953,0.016,0.328,-244.275,1.954,41.038,Roll
-1.562,0.016,0.328,-195.420,1.954,41.038,Roll
-1.172,0.016,0.328,-146.565,1.954,41.038,Roll
-0.781,0.016,0.328,-97.710,1.954,41.038,Roll
-0.391,0.016,0.328,-48.855,1.954,41.038,Roll
0.000,0.016,0.328,0.008,1.954,41.038,Roll
0.375,0.016,0.328,46.908,1.954,41.038,Roll
0.750,0.016,0.328,93.809,1.954,41.038,Roll
1.125,0.016,0.328,140.710,1.954,41.038,Roll
1.516,0.016,0.328,189.565,1.954,41.038,Roll
1.906,0.016,0.328,238.420,1.954,41.038,Roll
-1.703,0.016,0.328,-213.000,1.954,41.038,Roll
-1.312,0.016,0.328,-164.145,1.954,41.038,Roll
-0.922,0.016,0.328,-115.290,1.954,41.038,Roll
-0.531,0.016,0.328,-66.435,1.954,41.038,Roll
-0.141,0.016,0.328,-17.580,1.954,41.038,Roll
0.250,0.016,0.328,31.282,1.954,41.038,Roll
0.625,0.016,0.328,78.183,1.954,41.038,Roll
1.000,0.016,0.328,125.084,1.954,41.038,Roll
1.391,0.016,0.328,173.939,1.954,41.038,Roll
1.781,0.016,0.328,222.794,1.954,41.038,Roll
-1.828,0.016,0.328,-228.626,1.954,41.038,Roll
-1.437,0.016,0.328,-179.771,1.954,41.038,Roll
-1.047,0.016,0.328,-130.916,1.954,41.038,Roll
-0.656,0.016,0.328,-82.061,1.954,41.038,Roll
-0.266,0.016,0.328,-33.206,1.954,41.038,Roll
0.125,0.016,0.328,15.656,1.954,41.038,Roll
0.500,0.016,0.328,62.557,1.954,41.038,Roll
0.875,0.016,0.328,109.458,1.954,41.038,Roll
1.266,0.016,0.328,158.313,1.954,41.038,Roll
1.656,0.016,0.328,207.168,1.954,41.038,Roll
-1.953,0.016,0.328,-244.252,1.954,41.038,Roll
-1.562,0.016,0.328,-195.397,1.954,41.038,Roll
-1.172,0.016,0.328,-146.542,1.954,41.038,Roll
-0.781,0.016,0.328,-97.687,1.954,41.038,Roll
-0.390,0.016,0.328,-48.832,1.954,41.038,Roll
0.000,0.016,0.328,0.031,1.954,41.038,Roll
0.375,0.016,0.328,46.931,1.954,41.038,Roll
0.750,0.016,0.328,93.832,1.954,41.038,Roll
1.125,0.016,0.328,140.733,1.954,41.038,Roll
1.516,0.016,0.328,189.588,1.954,41.038,Roll
1.906,0.016,0.328,238.443,1.954,41.038,Roll
-1.703,0.016,0.328,-212.977,1.954,41.038,Roll
-1.312,0.016,0.328,-164.122,1.954,41.038,Roll
-0.922,0.016,0.328,-115.267,1.954,41.038,Roll
-0.531,0.016,0.328,-66.412,1.954,41.038,Roll
-0.140,0.016,0.328,-17.557,1.954,41.038,Roll
0.250,0.016,0.328,31.305,1.954,41.038,Roll
0.625,0.016,0.328,78.206,1.954,41.038,Roll
1.000,0.016,0.328,125.107,1.954,41.038,Roll
1.391,0.016,0.328,173.962,1.954,41.038,Roll
1.782,0.016,0.328,222.817,1.954,41.038,Roll
-1.828,0.016,0.328,-228.603,1.954,41.038,Roll
-1.437,0.016,0.328,-179.748,1.954,41.038,Roll
-1.047,0.016,0.328,-130.893,1.954,41.038,Roll
-0.656,0.016,0.328,-82.038,1.954,41.038,Roll
-0.265,0.016,0.328,-33.183,1.954,41.038,Roll
0.125,0.016,0.328,15.679,1.954,41.038,Roll
0.500,0.016,0.328,62.580,1.954,41.038,Roll
0.875,0.016,0.328,109.481,1.954,41.038,Roll
1.266,0.016,0.328,158.336,1.954,41.038,Roll
1.657,0.016,0.328,207.191,1.954,41.038,Roll
-1.953,0.016,0.328,-244.229,1.954,41.038,Roll
-1.562,0.016,0.328,-195.374,1.954,41.038,Roll
-1.172,0.016,0.328,-146.519,1.954,41.038,Roll
-0.781,0.016,0.328,-97.664,1.954,41.038,Roll
-0.390,0.016,0.328,-48.809,1.954,41.038,Roll
0.000,0.016,0.328,0.053,1.954,41.038,Roll
0.375,0.016,0.328,46.954,1.954,41.038,Roll
0.750,0.016,0.328,93.855,1.954,41.038,Roll
1.125,0.016,0.328,140.756,1.954,41.038,Roll
1.516,0.016,0.328,189.611,1.954,41.038,Roll
1.907,0.016,0.328,238.466,1.954,41.038,Roll
-1.703,0.016,0.328,-212.954,1.954,41.038,Roll
-1.312,0.016,0.328,-164.099,1.954,41.038,Roll
-0.921,0.016,0.328,-115.244,1.954,41.038,Roll
-0.531,0.016,0.328,-66.389,1.954,41.038,Roll
-0.140,0.016,0.328,-17.534,1.954,41.038,Roll
0.250,0.016,0.328,31.328,1.954,41.038,Roll
0.641,0.016,0.328,80.183,1.954,41.038,Roll
1.016,0.016,0.328,127.084,1.954,41.038,Roll
1.407,0.016,0.328,175.939,1.954,41.038,Roll
1.797,0.016,0.328,224.794,1.954,41.038,Roll
-1.812,0.016,0.328,-226.626,1.954,41.038,Roll
-1.421,0.016,0.328,-177.771,1.954,41.038,Roll
-1.031,0.016,0.328,-128.916,1.954,41.038,Roll
-0.640,0.016,0.328,-80.061,1.954,41.038,Roll
-0.250,0.016,0.328,-31.206,1.954,41.038,Roll
0.141,0.016,0.328,17.656,1.954,41.038,Roll
0.516,0.016,0.328,64.557,1.954,41.038,Roll
0.891,0.016,0.328,111.458,1.954,41.038,Roll
1.282,0.016,0.328,160.313,1.954,41.038,Roll
1.672,0.016,0.328,209.168,1.954,41.038,Roll
-1.937,0.016,0.328,-242.252,1.954,41.038,Roll
-1.546,0.016,0.328,-193.397,1.954,41.038,Roll
-1.156,0.016,0.328,-144.542,1.954,41.038,Roll
-0.765,0.016,0.328,-95.687,1.954,41.038,Roll
-0.374,0.016,0.328,-46.832,1.954,41.038,Roll
0.016,0.016,0.328,2.031,1.954,41.038,Roll
0.391,0.016,0.328,48.931,1.954,41.038,Roll
0.766,0.016,0.328,95.832,1.954,41.038,Roll
1.141,0.016,0.328,142.733,1.954,41.038,Roll
1.532,0.016,0.328,191.588,1.954,41.038,Roll
1.922,0.016,0.328,240.443,1.954,41.038,Roll
-1.687,0.016,0.328,-210.977,1.954,41.038,Roll
-1.296,0.016,0.328,-162.122,1.954,41.038,Roll
-0.906,0.016,0.328,-113.267,1.954,41.038,Roll
-0.515,0.016,0.328,-64.412,1.954,41.038,Roll
-0.124,0.016,0.328,-15.557,1.954,41.038,Roll
0.266,0.016,0.328,33.305,1.954,41.038,Roll
0.641,0.016,0.328,80.206,1.954,41.038,Roll
1.016,0.016,0.328,127.107,1.954,41.038,Roll
1.407,0.016,0.328,175.962,1.954,41.038,Roll
1.798,0.016,0.328,224.817,1.954,41.038,Roll
-1.812,0.016,0.328,-226.603,1.954,41.038,Roll
-1.421,0.016,0.328,-177.748,1.954,41.038,Roll
-1.031,0.016,0.328,-128.893,1.954,41.038,Roll
-0.640,0.016,0.328,-80.038,1.954,41.038,Roll
-0.249,0.016,0.328,-31.183,1.954,41.038,Roll
0.141,0.016,0.328,17.679,1.954,41.038,Roll
0.516,0.016,0.328,64.580,1.954,41.038,Roll
0.891,0.016,0.328,111.481,1.954,41.038,Roll
1.282,0.016,0.328,160.336,1.954,41.038,Roll
1.673,0.016,0.328,209.191,1.954,41.038,Roll
-1.937,0.016,0.328,-242.229,1.954,41.038,Roll
-1.546,0.016,0.328,-193.374,1.954,41.038,Roll
-1.156,0.016,0.328,-144.519,1.954,41.038,Roll
-0.765,0.016,0.328,-95.664,1.954,41.038,Roll
-0.374,0.016,0.328,-46.809,1.954,41.038,Roll
0.016,0.016,0.328,2.053,1.954,41.038,Roll
0.391,0.016,0.328,48.954,1.954,41.038,Roll
0.766,0.016,0.328,95.855,1.954,41.038,Roll
1.141,0.016,0.328,142.756,1.954,41.038,Roll
1.532,0.016,0.328,191.611,1.954,41.038,Roll
1.923,0.016,0.328,240.466,1.954,41.038,Roll
-1.687,0.016,0.328,-210.954,1.954,41.038,Roll
-1.296,0.016,0.328,-162.099,1.954,41.038,Roll
-0.905,0.016,0.328,-113.244,1.954,41.038,Roll
-0.515,0.016,0.328,-64.389,1.954,41.038,Roll
-0.124,0.016,0.328,-15.534,1.954,41.038,Roll
0.266,0.016,0.328,33.328,1.954,41.038,Roll
0.641,0.016,0.328,80.229,1.954,41.038,Roll
1.016,0.016,0.328,127.130,1.954,41.038,Roll
1.407,0.016,0.328,175.985,1.954,41.038,Roll
1.798,0.016,0.328,224.840,1.954,41.038,Roll
-1.812,0.016,0.328,-226.580,1.954,41.038,Roll
-1.421,0.016,0.328,-177.725,1.954,41.038,Roll
-1.030,0.016,0.328,-128.870,1.954,41.038,Roll
-0.640,0.016,0.328,-80.015,1.954,41.038,Roll
-0.249,0.016,0.328,-31.160,1.954,41.038,Roll
0.142,0.016,0.328,17.702,1.954,41.038,Roll
0.517,0.016,0.328,64.603,1.954,41.038,Roll
0.892,0.016,0.328,111.504,1.954,41.038,Roll
1.282,0.016,0.328,160.359,1.954,41.038,Roll
1.673,0.016,0.328,209.214,1.954,41.038,Roll
-1.937,0.016,0.328,-242.206,1.954,41.038,Roll
-1.546,0.016,0.328,-193.351,1.954,41.038,Roll
-1.155,0.016,0.328,-144.496,1.954,41.038,Roll
-0.765,0.016,0.328,-95.641,1.954,41.038,Roll
-0.374,0.016,0.328,-46.786,1.954,41.038,Roll
0.017,0.016,0.328,2.076,1.954,41.038,Roll
0.392,0.016,0.328,48.977,1.954,41.038,Roll
0.767,0.016,0.328,95.878,1.954,41.038,Roll
1.142,0.016,0.328,142.779,1.954,41.038,Roll
1.532,0.016,0.328,191.634,1.954,41.038,Roll
1.923,0.016,0.328,240.489,1.954,41.038,Roll
-1.687,0.016,0.328,-210.931,1.954,41.038,Roll
-1.296,0.016,0.328,-162.076,1.954,41.038,Roll
-0.905,0.016,0.328,-113.221,1.954,41.038,Roll
-0.515,0.016,0.328,-64.366,1.954,41.038,Roll
-0.124,0.016,0.328,-15.511,1.954,41.038,Roll
0.267,0.016,0.328,33.351,1.954,41.038,Roll
0.642,0.016,0.328,80.252,1.954,41.038,Roll
1.017,0.016,0.328,127.153,1.954,41.038,Roll
1.407,0.016,0.328,176.008,1.954,41.038,Roll
1.798,0.016,0.328,224.863,1.954,41.038,Roll
-1.811,0.016,0.328,-226.557,1.954,41.038,Roll
-1.421,0.016,0.328,-177.702,1.954,41.038,Roll
-1.030,0.016,0.328,-128.847,1.954,41.038,Roll
-0.640,0.016,0.328,-79.992,1.954,41.038,Roll
-0.249,0.016,0.328,-31.137,1.954,41.038,Roll
0.142,0.016,0.328,17.725,1.954,41.038,Roll
0.517,0.016,0.328,64.626,1.954,41.038,Roll
0.892,0.016,0.328,111.527,1.954,41.038,Roll
1.282,0.016,0.328,160.382,1.954,41.038,Roll
1.673,0.016,0.328,209.237,1.954,41.038,Roll
-1.936,0.016,0.328,-242.183,1.954,41.038,Roll
-1.546,0.016,0.328,-193.328,1.954,41.038,Roll
-1.155,0.016,0.328,-144.473,1.954,41.038,Roll
-0.765,0.016,0.328,-95.618,1.954,41.038,Roll
-0.374,0.016,0.328,-46.763,1.954,41.038,Roll
0.017,0.016,0.328,2.099,1.954,41.038,Roll
0.392,0.016,0.328,49.000,1.954,41.038,Roll
0.767,0.016,0.328,95.901,1.954,41.038,Roll
1.142,0.016,0.328,142.802,1.954,41.038,Roll
1.532,0.016,0.328,191.656,1.954,41.038,Roll
1.923,0.016,0.328,240.511,1.954,41.038,Roll
-1.686,0.016,0.328,-210.908,1.954,41.038,Roll
-1.296,0.016,0.328,-162.053,1.954,41.038,Roll
-0.905,0.016,0.328,-113.198,1.954,41.038,Roll
-0.514,0.016,0.328,-64.344,1.954,41.038,Roll
-0.124,0.016,0.328,-15.489,1.954,41.038,Roll
0.267,0.016,0.328,33.374,1.954,41.038,Roll
0.642,0.016,0.328,80.275,1.954,41.038,Roll
1.017,0.016,0.328,127.176,1.954,41.038,Roll
1.407,0.016,0.328,176.031,1.954,41.038,Roll
1.798,0.016,0.328,224.885,1.954,41.038,Roll
-1.811,0.016,0.328,-226.534,1.954,41.038,Roll
-1.421,0.016,0.328,-177.679,1.954,41.038,Roll
-1.030,0.016,0.328,-128.824,1.954,41.038,Roll
-0.639,0.016,0.328,-79.969,1.954,41.038,Roll
-0.249,0.016,0.328,-31.115,1.954,41.038,Roll
0.142,0.016,0.328,17.748,1.954,41.038,Roll
0.517,0.016,0.328,64.649,1.954,41.038,Roll
0.892,0.016,0.328,111.550,1.954,41.038,Roll
1.283,0.016,0.328,160.405,1.954,41.038,Roll
1.673,0.016,0.328,209.260,1.954,41.038,Roll
-1.936,0.016,0.328,-242.160,1.954,41.038,Roll
-1.546,0.016,0.328,-193.305,1.954,41.038,Roll
-1.155,0.016,0.328,-144.450,1.954,41.038,Roll
-0.764,0.016,0.328,-95.595,1.954,41.038,Roll
-0.374,0.016,0.328,-46.740,1.954,41.038,Roll
0.017,0.016,0.328,2.122,1.954,41.038,Roll
0.392,0.016,0.328,49.023,1.954,41.038,Roll
0.767,0.016,0.328,95.924,1.954,41.038,Roll
1.142,0.016,0.328,142.824,1.954,41.038,Roll
1.533,0.016,0.328,191.679,1.954,41.038,Roll
1.923,0.016,0.328,240.534,1.954,41.038,Roll
-1.686,0.016,0.328,-210.885,1.954,41.038,Roll
-1.296,0.016,0.328,-162.031,1.954,41.038,Roll
-0.905,0.016,0.328,-113.176,1.954,41.038,Roll
-0.514,0.016,0.328,-64.321,1.954,41.038,Roll
-0.124,0.016,0.328,-15.466,1.954,41.038,Roll
0.267,0.016,0.328,33.397,1.954,41.038,Roll
0.642,0.016,0.328,80.298,1.954,41.038,Roll
1.017,0.016,0.328,127.198,1.954,41.038,Roll
1.408,0.016,0.328,176.053,1.954,41.038,Roll
1.798,0.016,0.328,224.908,1.954,41.038,Roll
-1.811,0.016,0.328,-226.511,1.954,41.038,Roll
-1.420,0.016,0.328,-177.656,1.954,41.038,Roll
-1.030,0.016,0.328,-128.802,1.954,41.038,Roll
-0.639,0.016,0.328,-79.947,1.954,41.038,Roll
-0.249,0.016,0.328,-31.092,1.954,41.038,Roll
0.142,0.016,0.328,17.771,1.954,41.038,Roll
0.517,0.016,0.328,64.672,1.954,41.038,Roll
0.892,0.016,0.328,111.573,1.954,41.038,Roll
1.283,0.016,0.328,160.427,1.954,41.038,Roll
1.673,0.016,0.328,209.282,1.954,41.038,Roll
-1.936,0.016,0.328,-242.137,1.954,41.038,Roll
-1.545,0.016,0.328,-193.282,1.954,41.038,Roll
-1.155,0.016,0.328,-144.427,1.954,41.038,Roll
-0.764,0.016,0.328,-95.573,1.954,41.038,Roll
-0.374,0.016,0.328,-46.718,1.954,41.038,Roll
0.017,0.016,0.328,2.145,1.954,41.038,Roll
0.392,0.016,0.328,49.046,1.954,41.038,Roll
0.767,0.016,0.328,95.947,1.954,41.038,Roll
1.142,0.016,0.328,142.847,1.954,41.038,Roll
1.533,0.016,0.328,191.702,1.954,41.038,Roll
1.923,0.016,0.328,240.557,1.954,41.038,Roll
-1.686,0.016,0.328,-210.863,1.954,41.038,Roll
-1.295,0.016,0.328,-162.008,1.954,41.038,Roll
-0.905,0.016,0.328,-113.153,1.954,41.038,Roll
-0.514,0.016,0.328,-64.298,1.954,41.038,Roll
-0.123,0.016,0.328,-15.443,1.954,41.038,Roll
0.267,0.016,0.328,33.420,1.954,41.038,Roll
0.642,0.016,0.328,80.321,1.954,41.038,Roll
1.017,0.016,0.328,127.221,1.954,41.038,Roll
1.408,0.016,0.328,176.076,1.954,41.038,Roll
1.798,0.016,0.328,224.931,1.954,41.038,Roll
-1.811,0.016,0.328,-226.489,1.954,41.038,Roll
-1.420,0.016,0.328,-177.634,1.954,41.038,Roll
-1.030,0.016,0.328,-128.779,1.954,41.038,Roll
-0.639,0.016,0.328,-79.924,1.954,41.038,Roll
-0.248,0.016,0.328,-31.069,1.954,41.038,Roll
0.142,0.016,0.328,17.794,1.954,41.038,Roll
0.517,0.016,0.328,64.695,1.954,41.038,Roll
0.892,0.016,0.328,111.595,1.954,41.038,Roll
1.283,0.016,0.328,160.450,1.954,41.038,Roll
1.674,0.016,0.328,209.305,1.954,41.038,Roll
-1.936,0.016,0.328,-242.115,1.954,41.038,Roll
-1.545,0.016,0.328,-193.260,1.954,41.038,Roll
-1.155,0.016,0.328,-144.405,1.954,41.038,Roll
-0.764,0.016,0.328,-95.550,1.954,41.038,Roll
-0.373,0.016,0.328,-46.695,1.954,41.038,Roll
0.017,0.016,0.328,2.168,1.954,41.038,Roll
0.392,0.016,0.328,49.069,1.954,41.038,Roll
0.767,0.016,0.328,95.969,1.954,41.038,Roll
1.142,0.016,0.328,142.870,1.954,41.038,Roll
1.533,0.016,0.328,191.725,1.954,41.038,Roll
1.924,0.016,0.328,240.580,1.954,41.038,Roll
-1.686,0.016,0.328,-210.840,1.954,41.038,Roll
-1.295,0.016,0.328,-161.985,1.954,41.038,Roll
-0.905,0.016,0.328,-113.130,1.954,41.038,Roll
-0.514,0.016,0.328,-64.275,1.954,41.038,Roll
-0.123,0.016,0.328,-15.420,1.954,41.038,Roll
0.267,0.016,0.328,33.443,1.954,41.038,Roll
0.642,0.016,0.328,80.344,1.954,41.038,Roll
1.017,0.016,0.328,127.244,1.954,41.038,Roll
1.408,0.016,0.328,176.099,1.954,41.038,Roll
1.799,0.016,0.328,224.954,1.954,41.038,Roll
-1.811,0.016,0.328,-226.466,1.954,41.038,Roll
-1.420,0.016,0.328,-177.611,1.954,41.038,Roll
-1.029,0.016,0.328,-128.756,1.954,41.038,Roll
-0.639,0.016,0.328,-79.901,1.954,41.038,Roll
-0.248,0.016,0.328,-31.046,1.954,41.038,Roll
0.142,0.016,0.328,17.817,1.954,41.038,Roll
0.517,0.016,0.328,64.718,1.954,41.038,Roll
0.892,0.016,0.328,111.618,1.954,41.038,Roll
1.283,0.016,0.328,160.473,1.954,41.038,Roll
1.674,0.016,0.328,209.328,1.954,41.038,Roll
-1.936,0.016,0.328,-242.092,1.954,41.038,Roll
-1.545,0.016,0.328,-193.237,1.954,41.038,Roll
-1.154,0.016,0.328,-144.382,1.954,41.038,Roll
-0.764,0.016,0.328,-95.527,1.954,41.038,Roll
-0.373,0.016,0.328,-46.672,1.954,41.038,Roll
0.018,0.016,0.328,2.191,1.954,41.038,Roll
0.393,0.016,0.328,49.092,1.954,41.038,Roll
0.768,0.016,0.328,95.992,1.954,41.038,Roll
1.143,0.016,0.328,142.893,1.954,41.038,Roll
1.533,0.016,0.328,191.748,1.954,41.038,Roll
1.924,0.016,0.328,240.603,1.954,41.038,Roll
-1.686,0.016,0.328,-210.817,1.954,41.038,Roll
-1.295,0.016,0.328,-161.962,1.954,41.038,Roll
-0.904,0.016,0.328,-113.107,1.954,41.038,Roll
-0.514,0.016,0.328,-64.252,1.954,41.038,Roll
-0.123,0.016,0.328,-15.397,1.954,41.038,Roll
0.268,0.016,0.328,33.466,1.954,41.038,Roll
0.643,0.016,0.328,80.366,1.954,41.038,Roll
1.018,0.016,0.328,127.267,1.954,41.038,Roll
1.408,0.016,0.328,176.122,1.954,41.038,Roll
1.799,0.016,0.328,224.977,1.954,41.038,Roll
-1.811,0.016,0.328,-226.443,1.954,41.038,Roll
-1.420,0.016,0.328,-177.588,1.954,41.038,Roll
-1.029,0.016,0.328,-128.733,1.954,41.038,Roll
-0.639,0.016,0.328,-79.878,1.954,41.038,Roll
-0.248,0.016,0.328,-31.023,1.954,41.038,Roll
0.143,0.016,0.328,17.840,1.954,41.038,Roll
0.518,0.016,0.328,64.740,1.954,41.038,Roll
0.893,0.016,0.328,111.641,1.954,41.038,Roll
1.283,0.016,0.328,160.496,1.954,41.038,Roll
1.674,0.016,0.328,209.351,1.954,41.038,Roll
-1.935,0.016,0.328,-242.069,1.954,41.038,Roll
-1.545,0.016,0.328,-193.214,1.954,41.038,Roll
-1.154,0.016,0.328,-144.359,1.954,41.038,Roll
-0.764,0.016,0.328,-95.504,1.954,41.038,Roll
-0.373,0.016,0.328,-46.649,1.954,41.038,Roll
0.018,0.016,0.328,2.214,1.954,41.038,Roll
0.393,0.016,0.328,49.115,1.954,41.038,Roll
0.768,0.016,0.328,96.015,1.954,41.038,Roll
1.143,0.016,0.328,142.916,1.954,41.038,Roll
1.533,0.016,0.328,191.771,1.954,41.038,Roll
1.924,0.016,0.328,240.626,1.954,41.038,Roll
-1.685,0.016,0.328,-210.794,1.954,41.038,Roll
-1.295,0.016,0.328,-161.939,1.954,41.038,Roll
-0.904,0.016,0.328,-113.084,1.954,41.038,Roll
-0.514,0.016,0.328,-64.229,1.954,41.038,Roll
-0.123,0.016,0.328,-15.374,1.954,41.038,Roll
0.268,0.016,0.328,33.489,1.954,41.038,Roll
0.643,0.016,0.328,80.389,1.954,41.038,Roll
1.018,0.016,0.328,127.290,1.954,41.038,Roll
1.408,0.016,0.328,176.145,1.954,41.038,Roll
1.799,0.016,0.328,225.000,1.954,41.038,Roll
-1.810,0.016,0.328,-226.420,1.954,41.038,Roll
-1.420,0.016,0.328,-177.565,1.954,41.038,Roll
-1.029,0.016,0.328,-128.710,1.954,41.038,Roll
-0.638,0.016,0.328,-79.855,1.954,41.038,Roll
-0.248,0.016,0.328,-31.000,1.954,41.038,Roll
0.143,0.016,0.328,17.863,1.954,41.038,Roll
0.518,0.016,0.328,64.763,1.954,41.038,Roll
0.893,0.016,0.328,111.664,1.954,41.038,Roll
1.283,0.016,0.328,160.519,1.954,41.038,Roll
1.674,0.016,0.328,209.374,1.954,41.038,Roll
-1.935,0.016,0.328,-242.046,1.954,41.038,Roll
-1.545,0.016,0.328,-193.191,1.954,41.038,Roll
-1.154,0.016,0.328,-144.336,1.954,41.038,Roll
-0.763,0.016,0.328,-95.481,1.954,41.038,Roll
-0.373,0.016,0.328,-46.626,1.954,41.038,Roll
0.018,0.016,0.328,2.237,1.954,41.038,Roll
0.393,0.016,0.328,49.137,1.954,41.038,Roll
0.768,0.016,0.328,96.038,1.954,41.038,Roll
1.143,0.016,0.328,142.939,1.954,41.038,Roll
1.534,0.016,0.328,191.794,1.954,41.038,Roll
1.924,0.016,0.328,240.649,1.954,41.038,Roll
-1.685,0.016,0.328,-210.771,1.954,41.038,Roll
-1.295,0.016,0.328,-161.916,1.954,41.038,Roll
-0.904,0.016,0.328,-113.061,1.954,41.038,Roll
-0.513,0.016,0.328,-64.206,1.954,41.038,Roll
-0.123,0.016,0.328,-15.351,1.954,41.038,Roll
0.268,0.016,0.328,33.511,1.954,41.038,Roll
0.643,0.016,0.328,80.412,1.954,41.038,Roll
1.018,0.016,0.328,127.313,1.954,41.038,Roll
1.409,0.016,0.328,176.168,1.954,41.038,Roll
1.799,0.016,0.328,225.023,1.954,41.038,Roll
-1.810,0.016,0.328,-226.397,1.954,41.038,Roll
-1.420,0.016,0.328,-177.542,1.954,41.038,Roll
-1.029,0.016,0.328,-128.687,1.954,41.038,Roll
-0.638,0.016,0.328,-79.832,1.954,41.038,Roll
-0.248,0.016,0.328,-30.977,1.954,41.038,Roll
0.143,0.016,0.328,17.885,1.954,41.038,Roll
0.518,0.016,0.328,64.786,1.954,41.038,Roll
0.893,0.016,0.328,111.687,1.954,41.038,Roll
1.284,0.016,0.328,160.542,1.954,41.038,Roll
1.674,0.016,0.328,209.397,1.954,41.038,Roll
-1.935,0.016,0.328,-242.023,1.954,41.038,Roll
-1.544,0.016,0.328,-193.168,1.954,41.038,Roll
-1.154,0.016,0.328,-144.313,1.954,41.038,Roll
-0.763,0.016,0.328,-95.458,1.954,41.038,Roll
-0.373,0.016,0.328,-46.603,1.954,41.038,Roll
0.018,0.016,0.328,2.260,1.954,41.038,Roll
0.393,0.016,0.328,49.160,1.954,41.038,Roll
0.768,0.016,0.328,96.061,1.954,41.038,Roll
1.143,0.016,0.328,142.962,1.954,41.038,Roll
1.534,0.016,0.328,191.817,1.954,41.038,Roll
1.924,0.016,0.328,240.672,1.954,41.038,Roll
-1.685,0.016,0.328,-210.748,1.954,41.038,Roll
-1.294,0.016,0.328,-161.893,1.954,41.038,Roll
-0.904,0.016,0.328,-113.038,1.954,41.038,Roll
-0.513,0.016,0.328,-64.183,1.954,41.038,Roll
-0.123,0.016,0.328,-15.328,1.954,41.038,Roll
0.268,0.016,0.328,33.534,1.954,41.038,Roll
0.643,0.016,0.328,80.435,1.954,41.038,Roll
1.018,0.016,0.328,127.336,1.954,41.038,Roll
1.409,0.016,0.328,176.191,1.954,41.038,Roll
1.799,0.016,0.328,225.046,1.954,41.038,Roll
-1.810,0.016,0.328,-226.374,1.954,41.038,Roll
-1.419,0.016,0.328,-177.519,1.954,41.038,Roll
-1.029,0.016,0.328,-128.664,1.954,41.038,Roll
-0.638,0.016,0.328,-79.809,1.954,41.038,Roll
-0.247,0.016,0.328,-30.954,1.954,41.038,Roll
0.143,0.016,0.328,17.908,1.954,41.038,Roll
0.518,0.016,0.328,64.809,1.954,41.038,Roll
0.893,0.016,0.328,111.710,1.954,41.038,Roll
1.284,0.016,0.328,160.565,1.954,41.038,Roll
1.674,0.016,0.328,209.420,1.954,41.038,Roll
-1.935,0.016,0.328,-242.000,1.954,41.038,Roll
-1.544,0.016,0.328,-193.145,1.954,41.038,Roll
-1.154,0.016,0.328,-144.290,1.954,41.038,Roll
-0.763,0.016,0.328,-95.435,1.954,41.038,Roll
-0.372,0.016,0.328,-46.580,1.954,41.038,Roll
0.018,0.016,0.328,2.282,1.954,41.038,Roll
0.393,0.016,0.328,49.183,1.954,41.038,Roll
0.768,0.016,0.328,96.084,1.954,41.038,Roll
1.143,0.016,0.328,142.985,1.954,41.038,Roll
1.534,0.016,0.328,191.840,1.954,41.038,Roll
1.924,0.016,0.328,240.695,1.954,41.038,Roll
-1.685,0.016,0.328,-210.725,1.954,41.038,Roll
-1.294,0.016,0.328,-161.870,1.954,41.038,Roll
-0.904,0.016,0.328,-113.015,1.954,41.038,Roll
-0.513,0.016,0.328,-64.160,1.954,41.038,Roll
-0.122,0.016,0.328,-15.305,1.954,41.038,Roll
0.268,0.016,0.328,33.557,1.954,41.038,Roll
0.643,0.016,0.328,80.458,1.954,41.038,Roll
1.018,0.016,0.328,127.359,1.954,41.038,Roll
1.409,0.016,0.328,176.214,1.954,41.038,Roll
1.800,0.016,0.328,225.069,1.954,41.038,Roll
-1.810,0.016,0.328,-226.351,1.954,41.038,Roll
-1.419,0.016,0.328,-177.496,1.954,41.038,Roll
-1.029,0.016,0.328,-128.641,1.954,41.038,Roll
-0.638,0.016,0.328,-79.786,1.954,41.038,Roll
-0.247,0.016,0.328,-30.931,1.954,41.038,Roll
0.143,0.016,0.328,17.931,1.954,41.038,Roll
0.518,0.016,0.328,64.832,1.954,41.038,Roll
0.893,0.016,0.328,111.733,1.954,41.038,Roll
1.284,0.016,0.328,160.588,1.954,41.038,Roll
1.675,0.016,0.328,209.443,1.954,41.038,Roll
-1.935,0.016,0.328,-241.977,1.954,41.038,Roll
-1.544,0.016,0.328,-193.122,1.954,41.038,Roll
-1.154,0.016,0.328,-144.267,1.954,41.038,Roll
-0.763,0.016,0.328,-95.412,1.954,41.038,Roll
-0.372,0.016,0.328,-46.557,1.954,41.038,Roll
0.018,0.016,0.328,2.305,1.954,41.038,Roll
0.393,0.016,0.328,49.206,1.954,41.038,Roll
0.768,0.016,0.328,96.107,1.954,41.038,Roll
1.143,0.016,0.328,143.008,1.954,41.038,Roll
1.534,0.016,0.328,191.863,1.954,41.038,Roll
1.925,0.016,0.328,240.718,1.954,41.038,Roll
-1.685,0.016,0.328,-210.702,1.954,41.038,Roll
-1.294,0.016,0.328,-161.847,1.954,41.038,Roll
-0.903,0.016,0.328,-112.992,1.954,41.038,Roll
-0.513,0.016,0.328,-64.137,1.954,41.038,Roll
-0.122,0.016,0.328,-15.282,1.954,41.038,Roll
0.268,0.016,0.328,33.580,1.954,41.038,Roll
0.643,0.016,0.328,80.481,1.954,41.038,Roll
1.018,0.016,0.328,127.382,1.954,41.038,Roll
1.409,0.016,0.328,176.237,1.954,41.038,Roll
1.800,0.016,0.328,225.092,1.954,41.038,Roll
-1.810,0.016,0.328,-226.328,1.954,41.038,Roll
-1.419,0.016,0.328,-177.473,1.954,41.038,Roll
-1.028,0.016,0.328,-128.618,1.954,41.038,Roll
-0.638,0.016,0.328,-79.763,1.954,41.038,Roll
-0.247,0.016,0.328,-30.908,1.954,41.038,Roll
0.144,0.016,0.328,17.954,1.954,41.038,Roll
0.519,0.016,0.328,64.855,1.954,41.038,Roll
0.894,0.016,0.328,111.756,1.954,41.038,Roll
1.284,0.016,0.328,160.611,1.954,41.038,Roll
1.675,0.016,0.328,209.466,1.954,41.038,Roll
-1.935,0.016,0.328,-241.954,1.954,41.038,Roll
-1.544,0.016,0.328,-193.099,1.954,41.038,Roll
-1.153,0.016,0.328,-144.244,1.954,41.038,Roll
-0.763,0.016,0.328,-95.389,1.954,41.038,Roll
-0.372,0.016,0.328,-46.534,1.954,41.038,Roll
0.019,0.016,0.328,2.328,1.954,41.038,Roll
0.394,0.016,0.328,49.229,1.954,41.038,Roll
0.769,0.016,0.328,96.130,1.954,41.038,Roll
1.144,0.016,0.328,143.031,1.954,41.038,Roll
1.534,0.016,0.328,191.885,1.954,41.038,Roll
1.925,0.016,0.328,240.740,1.954,41.038,Roll
-1.685,0.016,0.328,-210.679,1.954,41.038,Roll
-1.294,0.016,0.328,-161.824,1.954,41.038,Roll
-0.903,0.016,0.328,-112.969,1.954,41.038,Roll
-0.513,0.016,0.328,-64.115,1.954,41.038,Roll
-0.122,0.016,0.328,-15.260,1.954,41.038,Roll
0.269,0.016,0.328,33.603,1.954,41.038,Roll
0.644,0.016,0.328,80.504,1.954,41.038,Roll
1.019,0.016,0.328,127.405,1.954,41.038,Roll
1.409,0.016,0.328,176.260,1.954,41.038,Roll
1.800,0.016,0.328,225.115,1.954,41.038,Roll
-1.809,0.016,0.328,-226.305,1.954,41.038,Roll
-1.419,0.016,0.328,-177.450,1.954,41.038,Roll
-1.028,0.016,0.328,-128.595,1.954,41.038,Roll
-0.638,0.016,0.328,-79.740,1.954,41.038,Roll
-0.247,0.016,0.328,-30.885,1.954,41.038,Roll
0.144,0.016,0.328,17.977,1.954,41.038,Roll
0.519,0.016,0.328,64.878,1.954,41.038,Roll
0.894,0.016,0.328,111.779,1.954,41.038,Roll
1.284,0.016,0.328,160.634,1.954,41.038,Roll
1.675,0.016,0.328,209.489,1.954,41.038,Roll
-1.934,0.016,0.328,-241.931,1.954,41.038,Roll
-1.544,0.016,0.328,-193.076,1.954,41.038,Roll
-1.153,0.016,0.328,-144.221,1.954,41.038,Roll
-0.763,0.016,0.328,-95.366,1.954,41.038,Roll
-0.372,0.016,0.328,-46.511,1.954,41.038,Roll
0.019,0.016,0.328,2.351,1.954,41.038,Roll
0.394,0.016,0.328,49.252,1.954,41.038,Roll
0.769,0.016,0.328,96.153,1.954,41.038,Roll
1.144,0.016,0.328,143.053,1.954,41.038,Roll
1.534,0.016,0.328,191.908,1.954,41.038,Roll
1.925,0.016,0.328,240.763,1.954,41.038,Roll
-1.684,0.016,0.328,-210.656,1.954,41.038,Roll
-1.294,0.016,0.328,-161.802,1.954,41.038,Roll
-0.903,0.016,0.328,-112.947,1.954,41.038,Roll
-0.512,0.016,0.328,-64.092,1.954,41.038,Roll
-0.122,0.016,0.328,-15.237,1.954,41.038,Roll
0.269,0.016,0.328,33.626,1.954,41.038,Roll
0.644,0.016,0.328,80.527,1.954,41.038,Roll
1.019,0.016,0.328,127.427,1.954,41.038,Roll
1.409,0.016,0.328,176.282,1.954,41.038,Roll
1.800,0.016,0.328,225.137,1.954,41.038,Roll
-1.809,0.016,0.328,-226.282,1.954,41.038,Roll
-1.419,0.016,0.328,-177.427,1.954,41.038,Roll
-1.028,0.016,0.328,-128.573,1.954,41.038,Roll
-0.637,0.016,0.328,-79.718,1.954,41.038,Roll
-0.247,0.016,0.328,-30.863,1.954,41.038,Roll
0.144,0.016,0.328,18.000,1.954,41.038,Roll
0.519,0.016,0.328,64.901,1.954,41.038,Roll
0.894,0.016,0.328,111.802,1.954,41.038,Roll
1.285,0.016,0.328,160.656,1.954,41.038,Roll
1.675,0.016,0.328,209.511,1.954,41.038,Roll
-1.934,0.016,0.328,-241.908,1.954,41.038,Roll
-1.544,0.016,0.328,-193.053,1.954,41.038,Roll
-1.153,0.016,0.328,-144.198,1.954,41.038,Roll
-0.762,0.016,0.328,-95.344,1.954,41.038,Roll
-0.372,0.016,0.328,-46.489,1.954,41.038,Roll
0.019,0.016,0.328,2.374,1.954,41.038,Roll
0.394,0.016,0.328,49.275,1.954,41.038,Roll
0.769,0.016,0.328,96.176,1.954,41.038,Roll
1.144,0.016,0.328,143.076,1.954,41.038,Roll
1.535,0.016,0.328,191.931,1.954,41.038,Roll
1.925,0.016,0.328,240.786,1.954,41.038,Roll
-1.684,0.016,0.328,-210.634,1.954,41.038,Roll
-1.294,0.016,0.328,-161.779,1.954,41.038,Roll
-0.903,0.016,0.328,-112.924,1.954,41.038,Roll
-0.512,0.016,0.328,-64.069,1.954,41.038,Roll
-0.122,0.016,0.328,-15.214,1.954,41.038,Roll
0.269,0.016,0.328,33.649,1.954,41.038,Roll
0.644,0.016,0.328,80.550,1.954,41.038,Roll
1.019,0.016,0.328,127.450,1.954,41.038,Roll
1.410,0.016,0.328,176.305,1.954,41.038,Roll
1.800,0.016,0.328,225.160,1.954,41.038,Roll
-1.809,0.016,0.328,-226.260,1.954,41.038,Roll
-1.418,0.016,0.328,-177.405,1.954,41.038,Roll
-1.028,0.016,0.328,-128.550,1.954,41.038,Roll
-0.637,0.016,0.328,-79.695,1.954,41.038,Roll
-0.247,0.016,0.328,-30.840,1.954,41.038,Roll
0.144,0.016,0.328,18.023,1.954,41.038,Roll
0.519,0.016,0.328,64.924,1.954,41.038,Roll
0.894,0.016,0.328,111.824,1.954,41.038,Roll
1.285,0.016,0.328,160.679,1.954,41.038,Roll
1.675,0.016,0.328,209.534,1.954,41.038,Roll
-1.934,0.016,0.328,-241.885,1.954,41.038,Roll
-1.543,0.016,0.328,-193.031,1.954,41.038,Roll
-1.153,0.016,0.328,-144.176,1.954,41.038,Roll
-0.762,0.016,0.328,-95.321,1.954,41.038,Roll
-0.372,0.016,0.328,-46.466,1.954,41.038,Roll
0.019,0.016,0.328,2.397,1.954,41.038,Roll
0.394,0.016,0.328,49.298,1.954,41.038,Roll
0.769,0.016,0.328,96.198,1.954,41.038,Roll
1.144,0.016,0.328,143.099,1.954,41.038,Roll
1.535,0.016,0.328,191.954,1.954,41.038,Roll
1.925,0.016,0.328,240.809,1.954,41.038,Roll
-1.684,0.016,0.328,-210.611,1.954,41.038,Roll
-1.293,0.016,0.328,-161.756,1.954,41.038,Roll
-0.903,0.016,0.328,-112.901,1.954,41.038,Roll
-0.512,0.016,0.328,-64.046,1.954,41.038,Roll
-0.121,0.016,0.328,-15.191,1.954,41.038,Roll
0.269,0.016,0.328,33.672,1.954,41.038,Roll
0.644,0.016,0.328,80.573,1.954,41.038,Roll
1.019,0.016,0.328,127.473,1.954,41.038,Roll
1.410,0.016,0.328,176.328,1.954,41.038,Roll
1.800,0.016,0.328,225.183,1.954,41.038,Roll
-1.809,0.016,0.328,-226.237,1.954,41.038,Roll
-1.418,0.016,0.328,-177.382,1.954,41.038,Roll
-1.028,0.016,0.328,-128.527,1.954,41.038,Roll
-0.637,0.016,0.328,-79.672,1.954,41.038,Roll
-0.246,0.016,0.328,-30.817,1.954,41.038,Roll
0.144,0.016,0.328,18.046,1.954,41.038,Roll
0.519,0.016,0.328,64.947,1.954,41.038,Roll
0.894,0.016,0.328,111.847,1.954,41.038,Roll
1.285,0.016,0.328,160.702,1.954,41.038,Roll
1.676,0.016,0.328,209.557,1.954,41.038,Roll
-1.934,0.016,0.328,-241.863,1.954,41.038,Roll
-1.543,0.016,0.328,-193.008,1.954,41.038,Roll
-1.153,0.016,0.328,-144.153,1.954,41.038,Roll
-0.762,0.016,0.328,-95.298,1.954,41.038,Roll
-0.371,0.016,0.328,-46.443,1.954,41.038,Roll
0.019,0.016,0.328,2.420,1.954,41.038,Roll
0.394,0.016,0.328,49.321,1.954,41.038,Roll
0.769,0.016,0.328,96.221,1.954,41.038,Roll
1.144,0.016,0.328,143.122,1.954,41.038,Roll
1.535,0.016,0.328,191.977,1.954,41.038,Roll
1.926,0.016,0.328,240.832,1.954,41.038,Roll
-1.684,0.016,0.328,-210.588,1.954,41.038,Roll
-1.293,0.016,0.328,-161.733,1.954,41.038,Roll
-0.903,0.016,0.328,-112.878,1.954,41.038,Roll
-0.512,0.016,0.328,-64.023,1.954,41.038,Roll
-0.121,0.016,0.328,-15.168,1.954,41.038,Roll
0.269,0.016,0.328,33.695,1.954,41.038,Roll
0.644,0.016,0.328,80.595,1.954,41.038,Roll
1.019,0.016,0.328,127.496,1.954,41.038,Roll
1.410,0.016,0.328,176.351,1.954,41.038,Roll
1.801,0.016,0.328,225.206,1.954,41.038,Roll
-1.809,0.016,0.328,-226.214,1.954,41.038,Roll
-1.418,0.016,0.328,-177.359,1.954,41.038,Roll
-1.027,0.016,0.328,-128.504,1.954,41.038,Roll
-0.637,0.016,0.328,-79.649,1.954,41.038,Roll
-0.246,0.016,0.328,-30.794,1.954,41.038,Roll
0.144,0.016,0.328,18.069,1.954,41.038,Roll
0.519,0.016,0.328,64.969,1.954,41.038,Roll
0.894,0.016,0.328,111.870,1.954,41.038,Roll
1.285,0.016,0.328,160.725,1.954,41.038,Roll
1.676,0.016,0.328,209.580,1.954,41.038,Roll
-1.934,0.016,0.328,-241.840,1.954,41.038,Roll
-1.543,0.016,0.328,-192.985,1.954,41.038,Roll
-1.152,0.016,0.328,-144.130,1.954,41.038,Roll
-0.762,0.016,0.328,-95.275,1.954,41.038,Roll
-0.371,0.016,0.328,-46.420,1.954,41.038,Roll
0.020,0.016,0.328,2.443,1.954,41.038,Roll
0.395,0.016,0.328,49.344,1.954,41.038,Roll
0.770,0.016,0.328,96.244,1.954,41.038,Roll
1.145,0.016,0.328,143.145,1.954,41.038,Roll
1.535,0.016,0.328,192.000,1.954,41.038,Roll
1.926,0.016,0.328,240.855,1.954,41.038,Roll
-1.684,0.016,0.328,-210.565,1.954,41.038,Roll
-1.293,0.016,0.328,-161.710,1.954,41.038,Roll
-0.902,0.016,0.328,-112.855,1.954,41.038,Roll
-0.512,0.016,0.328,-64.000,1.954,41.038,Roll
-0.121,0.016,0.328,-15.145,1.954,41.038,Roll
0.270,0.016,0.328,33.718,1.954,41.038,Roll
0.645,0.016,0.328,80.618,1.954,41.038,Roll
1.020,0.016,0.328,127.519,1.954,41.038,Roll
1.410,0.016,0.328,176.374,1.954,41.038,Roll
1.801,0.016,0.328,225.229,1.954,41.038,Roll
-1.809,0.016,0.328,-226.191,1.954,41.038,Roll
-1.418,0.016,0.328,-177.336,1.954,41.038,Roll
-1.027,0.016,0.328,-128.481,1.954,41.038,Roll
-0.637,0.016,0.328,-79.626,1.954,41.038,Roll
-0.246,0.016,0.328,-30.771,1.954,41.038,Roll
0.145,0.016,0.328,18.092,1.954,41.038,Roll
0.520,0.016,0.328,64.992,1.954,41.038,Roll
0.895,0.016,0.328,111.893,1.954,41.038,Roll
1.285,0.016,0.328,160.748,1.954,41.038,Roll
1.676,0.016,0.328,209.603,1.954,41.038,Roll
-1.933,0.016,0.328,-241.817,1.954,41.038,Roll
-1.543,0.016,0.328,-192.962,1.954,41.038,Roll
-1.152,0.016,0.328,-144.107,1.954,41.038,Roll
-0.762,0.016,0.328,-95.252,1.954,41.038,Roll
-0.371,0.016,0.328,-46.397,1.954,41.038,Roll
0.020,0.016,0.328,2.466,1.954,41.038,Roll
0.395,0.016,0.328,49.366,1.954,41.038,Roll
0.770,0.016,0.328,96.267,1.954,41.038,Roll
1.145,0.016,0.328,143.168,1.954,41.038,Roll
1.535,0.016,0.328,192.023,1.954,41.038,Roll
1.926,0.016,0.328,240.878,1.954,41.038,Roll
-1.683,0.016,0.328,-210.542,1.954,41.038,Roll
-1.293,0.016,0.328,-161.687,1.954,41.038,Roll
-0.902,0.016,0.328,-112.832,1.954,41.038,Roll
-0.512,0.016,0.328,-63.977,1.954,41.038,Roll
-0.121,0.016,0.328,-15.122,1.954,41.038,Roll
0.270,0.016,0.328,33.740,1.954,41.038,Roll
0.645,0.016,0.328,80.641,1.954,41.038,Roll
1.020,0.016,0.328,127.542,1.954,41.038,Roll
1.410,0.016,0.328,176.397,1.954,41.038,Roll
1.801,0.016,0.328,225.252,1.954,41.038,Roll
-1.808,0.016,0.328,-226.168,1.954,41.038,Roll
-1.418,0.016,0.328,-177.313,1.954,41.038,Roll
-1.027,0.016,0.328,-128.458,1.954,41.038,Roll
-0.636,0.016,0.328,-79.603,1.954,41.038,Roll
-0.246,0.016,0.328,-30.748,1.954,41.038,Roll
0.145,0.016,0.328,18.115,1.954,41.038,Roll
0.520,0.016,0.328,65.015,1.954,41.038,Roll
0.895,0.016,0.328,111.916,1.954,41.038,Roll
1.285,0.016,0.328,160.771,1.954,41.038,Roll
1.676,0.016,0.328,209.626,1.954,41.038,Roll
-1.933,0.016,0.328,-241.794,1.954,41.038,Roll
-1.543,0.016,0.328,-192.939,1.954,41.038,Roll
-1.152,0.016,0.328,-144.084,1.954,41.038,Roll
-0.761,0.016,0.328,-95.229,1.954,41.038,Roll
-0.371,0.016,0.328,-46.374,1.954,41.038,Roll
0.020,0.016,0.328,2.489,1.954,41.038,Roll
0.395,0.016,0.328,49.389,1.954,41.038,Roll
0.770,0.016,0.328,96.290,1.954,41.038,Roll
1.145,0.016,0.328,143.191,1.954,41.038,Roll
1.536,0.016,0.328,192.046,1.954,41.038,Roll
1.926,0.016,0.328,240.901,1.954,41.038,Roll
-1.683,0.016,0.328,-210.519,1.954,41.038,Roll
-1.293,0.016,0.328,-161.664,1.954,41.038,Roll
-0.902,0.016,0.328,-112.809,1.954,41.038,Roll
-0.511,0.016,0.328,-63.954,1.954,41.038,Roll
-0.121,0.016,0.328,-15.099,1.954,41.038,Roll
0.270,0.016,0.328,33.763,1.954,41.038,Roll
0.645,0.016,0.328,80.664,1.954,41.038,Roll
1.020,0.016,0.328,127.565,1.954,41.038,Roll
1.411,0.016,0.328,176.420,1.954,41.038,Roll
1.801,0.016,0.328,225.275,1.954,41.038,Roll
-1.808,0.016,0.328,-226.145,1.954,41.038,Roll
-1.418,0.016,0.328,-177.290,1.954,41.038,Roll
-1.027,0.016,0.328,-128.435,1.954,41.038,Roll
-0.636,0.016,0.328,-79.580,1.954,41.038,Roll
-0.246,0.016,0.328,-30.725,1.954,41.038,Roll
0.145,0.016,0.328,18.137,1.954,41.038,Roll
0.520,0.016,0.328,65.038,1.954,41.038,Roll
0.895,0.016,0.328,111.939,1.954,41.038,Roll
1.286,0.016,0.328,160.794,1.954,41.038,Roll
1.676,0.016,0.328,209.649,1.954,41.038,Roll
-1.933,0.016,0.328,-241.771,1.954,41.038,Roll
-1.542,0.016,0.328,-192.916,1.954,41.038,Roll
-1.152,0.016,0.328,-144.061,1.954,41.038,Roll
-0.761,0.016,0.328,-95.206,1.954,41.038,Roll
-0.371,0.016,0.328,-46.351,1.954,41.038,Roll
0.020,0.016,0.328,2.511,1.954,41.038,Roll
0.395,0.016,0.328,49.412,1.954,41.038,Roll
0.770,0.016,0.328,96.313,1.954,41.038,Roll
1.145,0.016,0.328,143.214,1.954,41.038,Roll
1.536,0.016,0.328,192.069,1.954,41.038,Roll
1.926,0.016,0.328,240.924,1.954,41.038,Roll
-1.683,0.016,0.328,-210.496,1.954,41.038,Roll
-1.292,0.016,0.328,-161.641,1.954,41.038,Roll
-0.902,0.016,0.328,-112.786,1.954,41.038,Roll
-0.511,0.016,0.328,-63.931,1.954,41.038,Roll
-0.121,0.016,0.328,-15.076,1.954,41.038,Roll
0.270,0.016,0.328,33.786,1.954,41.038,Roll
0.645,0.016,0.328,80.687,1.954,41.038,Roll
1.020,0.016,0.328,127.588,1.954,41.038,Roll
1.411,0.016,0.328,176.443,1.954,41.038,Roll
1.801,0.016,0.328,225.298,1.954,41.038,Roll
-1.808,0.016,0.328,-226.122,1.954,41.038,Roll
-1.417,0.016,0.328,-177.267,1.954,41.038,Roll
0.000,0.000,-0.359,0.000,0.000,-44.924,Roll
-0.312,0.000,0.328,-39.061,0.000,41.038,Roll
0.078,0.000,0.328,9.802,0.000,41.038,Roll
0.453,0.000,0.328,56.702,0.000,41.038,Roll
0.828,0.000,0.328,103.603,0.000,41.038,Roll
1.219,0.000,0.328,152.458,0.000,41.038,Roll
1.610,0.000,0.328,201.313,0.000,41.038,Roll
-2.000,0.000,0.328,-250.107,0.000,41.038,Roll
-1.609,0.000,0.328,-201.252,0.000,41.038,Roll
-1.219,0.000,0.328,-152.397,0.000,41.038,Roll
-0.828,0.000,0.328,-103.542,0.000,41.038,Roll
-0.437,0.000,0.328,-54.687,0.000,41.038,Roll
-0.047,0.000,0.328,-5.832,0.000,41.038,Roll
0.344,0.000,0.328,43.031,0.000,41.038,Roll
0.719,0.000,0.328,89.931,0.000,41.038,Roll
1.094,0.000,0.328,136.832,0.000,41.038,Roll
1.485,0.000,0.328,185.687,0.000,41.038,Roll
1.875,0.000,0.328,234.542,0.000,41.038,Roll
-1.734,0.000,0.328,-216.878,0.000,41.038,Roll
-1.343,0.000,0.328,-168.023,0.000,41.038,Roll
-0.953,0.000,0.328,-119.168,0.000,41.038,Roll
-0.562,0.000,0.328,-70.313,0.000,41.038,Roll
-0.172,0.000,0.328,-21.458,0.000,41.038,Roll
0.219,0.000,0.328,27.405,0.000,41.038,Roll
0.594,0.000,0.328,74.305,0.000,41.038,Roll
0.969,0.000,0.328,121.206,0.000,41.038,Roll
1.360,0.000,0.328,170.061,0.000,41.038,Roll
1.750,0.000,0.328,218.916,0.000,41.038,Roll
-1.859,0.000,0.328,-232.504,0.000,41.038,Roll
-1.468,0.000,0.328,-183.649,0.000,41.038,Roll
-1.078,0.000,0.328,-134.794,0.000,41.038,Roll
-0.687,0.000,0.328,-85.939,0.000,41.038,Roll
-0.297,0.000,0.328,-37.084,0.000,41.038,Roll
0.094,0.000,0.328,11.779,0.000,41.038,Roll
0.469,0.000,0.328,58.679,0.000,41.038,Roll
0.844,0.000,0.328,105.580,0.000,41.038,Roll
1.235,0.000,0.328,154.435,0.000,41.038,Roll
1.625,0.000,0.328,203.290,0.000,41.038,Roll
-1.984,0.000,0.328,-248.130,0.000,41.038,Roll
-1.593,0.000,0.328,-199.275,0.000,41.038,Roll
-1.203,0.000,0.328,-150.420,0.000,41.038,Roll
-0.812,0.000,0.328,-101.565,0.000,41.038,Roll
-0.421,0.000,0.328,-52.710,0.000,41.038,Roll
-0.031,0.000,0.328,-3.855,0.000,41.038,Roll
0.360,0.000,0.328,45.008,0.000,41.038,Roll
0.735,0.000,0.328,91.908,0.000,41.038,Roll
1.110,0.000,0.328,138.809,0.000,41.038,Roll
1.500,0.000,0.328,187.664,0.000,41.038,Roll
1.891,0.000,0.328,236.519,0.000,41.038,Roll
-1.718,0.000,0.328,-214.901,0.000,41.038,Roll
-1.328,0.000,0.328,-166.046,0.000,41.038,Roll
-0.937,0.000,0.328,-117.191,0.000,41.038,Roll
-0.546,0.000,0.328,-68.336,0.000,41.038,Roll
-0.156,0.000,0.328,-19.481,0.000,41.038,Roll
0.235,0.000,0.328,29.382,0.000,41.038,Roll
0.610,0.000,0.328,76.282,0.000,41.038,Roll
0.985,0.000,0.328,123.183,0.000,41.038,Roll
1.376,0.000,0.328,172.038,0.000,41.038,Roll
1.766,0.000,0.328,220.893,0.000,41.038,Roll
-1.843,0.000,0.328,-230.527,0.000,41.038,Roll
-1.453,0.000,0.328,-181.672,0.000,41.038,Roll
-1.062,0.000,0.328,-132.817,0.000,41.038,Roll
-0.671,0.000,0.328,-83.962,0.000,41.038,Roll
-0.281,0.000,0.328,-35.107,0.000,41.038,Roll
0.110,0.000,0.328,13.756,0.000,41.038,Roll
0.485,0.000,0.328,60.656,0.000,41.038,Roll
0.860,0.000,0.328,107.557,0.000,41.038,Roll
1.251,0.000,0.328,156.412,0.000,41.038,Roll
1.641,0.000,0.328,205.267,0.000,41.038,Roll
-1.968,0.000,0.328,-246.153,0.000,41.038,Roll
-1.578,0.000,0.328,-197.298,0.000,41.038,Roll
-1.187,0.000,0.328,-148.443,0.000,41.038,Roll
-0.796,0.000,0.328,-99.588,0.000,41.038,Roll
-0.406,0.000,0.328,-50.733,0.000,41.038,Roll
-0.015,0.000,0.328,-1.878,0.000,41.038,Roll
0.376,0.000,0.328,46.985,0.000,41.038,Roll
0.751,0.000,0.328,93.885,0.000,41.038,Roll
1.126,0.000,0.328,140.786,0.000,41.038,Roll
1.516,0.000,0.328,189.641,0.000,41.038,Roll
1.907,0.000,0.328,238.496,0.000,41.038,Roll
-1.702,0.000,0.328,-212.924,0.000,41.038,Roll
-1.312,0.000,0.328,-164.069,0.000,41.038,Roll
-0.921,0.000,0.328,-115.214,0.000,41.038,Roll
-0.531,0.000,0.328,-66.359,0.000,41.038,Roll
-0.140,0.000,0.328,-17.504,0.000,41.038,Roll
0.251,0.000,0.328,31.359,0.000,41.038,Roll
0.626,0.000,0.328,78.260,0.000,41.038,Roll
1.001,0.000,0.328,125.160,0.000,41.038,Roll
1.391,0.000,0.328,174.015,0.000,41.038,Roll
1.782,0.000,0.328,222.870,0.000,41.038,Roll
-1.827,0.000,0.328,-228.550,0.000,41.038,Roll
-1.437,0.000,0.328,-179.695,0.000,41.038,Roll
-1.046,0.000,0.328,-130.840,0.000,41.038,Roll
-0.656,0.000,0.328,-81.985,0.000,41.038,Roll
-0.265,0.000,0.328,-33.130,0.000,41.038,Roll
0.126,0.000,0.328,15.733,0.000,41.038,Roll
0.501,0.000,0.328,62.634,0.000,41.038,Roll
0.876,0.000,0.328,109.534,0.000,41.038,Roll
1.266,0.000,0.328,158.389,0.000,41.038,Roll
1.657,0.000,0.328,207.244,0.000,41.038,Roll
-1.952,0.000,0.328,-244.176,0.000,41.038,Roll
-1.562,0.000,0.328,-195.321,0.000,41.038,Roll
-1.171,0.000,0.328,-146.466,0.000,41.038,Roll
-0.780,0.000,0.328,-97.611,0.000,41.038,Roll
-0.390,0.000,0.328,-48.756,0.000,41.038,Roll
0.001,0.000,0.328,0.107,0.000,41.038,Roll
0.376,0.000,0.328,47.008,0.000,41.038,Roll
0.751,0.000,0.328,93.908,0.000,41.038,Roll
1.126,0.000,0.328,140.809,0.000,41.038,Roll
1.516,0.000,0.328,189.664,0.000,41.038,Roll
1.907,0.000,0.328,238.519,0.000,41.038,Roll
-1.702,0.000,0.328,-212.901,0.000,41.038,Roll
-1.312,0.000,0.328,-164.046,0.000,41.038,Roll
-0.921,0.000,0.328,-115.191,0.000,41.038,Roll
-0.530,0.000,0.328,-66.336,0.000,41.038,Roll
-0.140,0.000,0.328,-17.481,0.000,41.038,Roll
0.251,0.000,0.328,31.382,0.000,41.038,Roll
0.626,0.000,0.328,78.282,0.000,41.038,Roll
1.001,0.000,0.328,125.183,0.000,41.038,Roll
1.392,0.000,0.328,174.038,0.000,41.038,Roll
1.782,0.000,0.328,222.893,0.000,41.038,Roll
-1.827,0.000,0.328,-228.527,0.000,41.038,Roll
-1.437,0.000,0.328,-179.672,0.000,41.038,Roll
-1.046,0.000,0.328,-130.817,0.000,41.038,Roll
-0.655,0.000,0.328,-81.962,0.000,41.038,Roll
-0.265,0.000,0.328,-33.107,0.000,41.038,Roll
0.126,0.000,0.328,15.756,0.000,41.038,Roll
0.501,0.000,0.328,62.656,0.000,41.038,Roll
0.876,0.000,0.328,109.557,0.000,41.038,Roll
1.267,0.000,0.328,158.412,0.000,41.038,Roll
1.657,0.000,0.328,207.267,0.000,41.038,Roll
-1.952,0.000,0.328,-244.153,0.000,41.038,Roll
-1.562,0.000,0.328,-195.298,0.000,41.038,Roll
-1.171,0.000,0.328,-146.443,0.000,41.038,Roll
-0.780,0.000,0.328,-97.588,0.000,41.038,Roll
-0.390,0.000,0.328,-48.733,0.000,41.038,Roll
0.001,0.000,0.328,0.130,0.000,41.038,Roll
0.376,0.000,0.328,47.031,0.000,41.038,Roll
0.751,0.000,0.328,93.931,0.000,41.038,Roll
1.126,0.000,0.328,140.832,0.000,41.038,Roll
1.517,0.000,0.328,189.687,0.000,41.038,Roll
1.907,0.000,0.328,238.542,0.000,41.038,Roll
-1.702,0.000,0.328,-212.878,0.000,41.038,Roll
-1.311,0.000,0.328,-164.023,0.000,41.038,Roll
-0.921,0.000,0.328,-115.168,0.000,41.038,Roll
-0.530,0.000,0.328,-66.313,0.000,41.038,Roll
-0.140,0.000,0.328,-17.458,0.000,41.038,Roll
0.251,0.000,0.328,31.405,0.000,41.038,Roll
0.626,0.000,0.328,78.305,0.000,41.038,Roll
1.001,0.000,0.328,125.206,0.000,41.038,Roll
1.392,0.000,0.328,174.061,0.000,41.038,Roll
1.782,0.000,0.328,222.916,0.000,41.038,Roll
-1.827,0.000,0.328,-228.504,0.000,41.038,Roll
-1.436,0.000,0.328,-179.649,0.000,41.038,Roll
-1.046,0.000,0.328,-130.794,0.000,41.038,Roll
-0.655,0.000,0.328,-81.939,0.000,41.038,Roll
-0.265,0.000,0.328,-33.084,0.000,41.038,Roll
0.126,0.000,0.328,15.779,0.000,41.038,Roll
0.501,0.000,0.328,62.679,0.000,41.038,Roll
0.876,0.000,0.328,109.580,0.000,41.038,Roll
1.267,0.000,0.328,158.435,0.000,41.038,Roll
1.657,0.000,0.328,207.290,0.000,41.038,Roll
-1.952,0.000,0.328,-244.130,0.000,41.038,Roll
-1.561,0.000,0.328,-195.275,0.000,41.038,Roll
-1.171,0.000,0.328,-146.420,0.000,41.038,Roll
-0.780,0.000,0.328,-97.565,0.000,41.038,Roll
-0.389,0.000,0.328,-48.710,0.000,41.038,Roll
0.001,0.000,0.328,0.153,0.000,41.038,Roll
0.376,0.000,0.328,47.053,0.000,41.038,Roll
0.751,0.000,0.328,93.954,0.000,41.038,Roll
1.126,0.000,0.328,140.855,0.000,41.038,Roll
1.517,0.000,0.328,189.710,0.000,41.038,Roll
1.907,0.000,0.328,238.565,0.000,41.038,Roll
-1.702,0.000,0.328,-212.855,0.000,41.038,Roll
-1.311,0.000,0.328,-164.000,0.000,41.038,Roll
-0.921,0.000,0.328,-115.145,0.000,41.038,Roll
-0.530,0.000,0.328,-66.290,0.000,41.038,Roll
-0.139,0.000,0.328,-17.435,0.000,41.038,Roll
0.251,0.000,0.328,31.427,0.000,41.038,Roll
0.626,0.000,0.328,78.328,0.000,41.038,Roll
1.001,0.000,0.328,125.229,0.000,41.038,Roll
1.392,0.000,0.328,174.084,0.000,41.038,Roll
1.783,0.000,0.328,222.939,0.000,41.038,Roll
-1.827,0.000,0.328,-228.481,0.000,41.038,Roll
-1.436,0.000,0.328,-179.626,0.000,41.038,Roll
-1.046,0.000,0.328,-130.771,0.000,41.038,Roll
-0.655,0.000,0.328,-81.916,0.000,41.038,Roll
0.000,0.000,-0.359,0.000,0.000,-44.924,Roll
-0.312,0.000,0.328,-39.061,0.000,41.038,Roll
0.078,0.000,0.328,9.802,0.000,41.038,Roll
0.453,0.000,0.328,56.702,0.000,41.038,Roll
0.828,0.000,0.328,103.603,0.000,41.038,Roll
1.219,0.000,0.328,152.458,0.000,41.038,Roll
1.610,0.000,0.328,201.313,0.000,41.038,Roll
-2.000,0.000,0.328,-250.107,0.000,41.038,Roll
-1.609,0.000,0.328,-201.252,0.000,41.038,Roll
-1.219,0.000,0.328,-152.397,0.000,41.038,Roll
-0.828,0.000,0.328,-103.542,0.000,41.038,Roll
-0.437,0.000,0.328,-54.687,0.000,41.038,Roll
-0.047,0.000,0.328,-5.832,0.000,41.038,Roll
0.344,0.000,0.328,43.031,0.000,41.038,Roll
0.719,0.000,0.328,89.931,0.000,41.038,Roll
1.094,0.000,0.328,136.832,0.000,41.038,Roll
1.485,0.000,0.328,185.687,0.000,41.038,Roll
1.875,0.000,0.328,234.542,0.000,41.038,Roll
-1.734,0.000,0.328,-216.878,0.000,41.038,Roll
-1.343,0.000,0.328,-168.023,0.000,41.038,Roll
-0.953,0.000,0.328,-119.168,0.000,41.038,Roll
-0.562,0.000,0.328,-70.313,0.000,41.038,Roll
-0.172,0.000,0.328,-21.458,0.000,41.038,Roll
0.219,0.000,0.328,27.405,0.000,41.038,Roll
0.594,0.000,0.328,74.305,0.000,41.038,Roll
0.969,0.000,0.328,121.206,0.000,41.038,Roll
1.360,0.000,0.328,170.061,0.000,41.038,Roll
1.750,0.000,0.328,218.916,0.000,41.038,Roll
-1.859,0.000,0.328,-232.504,0.000,41.038,Roll
-1.468,0.000,0.328,-183.649,0.000,41.038,Roll
-1.078,0.000,0.328,-134.794,0.000,41.038,Roll
-0.687,0.000,0.328,-85.939,0.000,41.038,Roll
-0.297,0.000,0.328,-37.084,0.000,41.038,Roll
0.094,0.000,0.328,11.779,0.000,41.038,Roll
0.469,0.000,0.328,58.679,0.000,41.038,Roll
0.844,0.000,0.328,105.580,0.000,41.038,Roll
1.235,0.000,0.328,154.435,0.000,41.038,Roll
1.625,0.000,0.328,203.290,0.000,41.038,Roll
-1.984,0.000,0.328,-248.130,0.000,41.038,Roll
-1.593,0.000,0.328,-199.275,0.000,41.038,Roll
-1.203,0.000,0.328,-150.420,0.000,41.038,Roll
-0.812,0.000,0.328,-101.565,0.000,41.038,Roll
-0.421,0.000,0.328,-52.710,0.000,41.038,Roll
-0.031,0.000,0.328,-3.855,0.000,41.038,Roll
0.360,0.000,0.328,45.008,0.000,41.038,Roll
0.735,0.000,0.328,91.908,0.000,41.038,Roll
1.110,0.000,0.328,138.809,0.000,41.038,Roll
1.500,0.000,0.328,187.664,0.000,41.038,Roll
1.891,0.000,0.328,236.519,0.000,41.038,Roll
-1.718,0.000,0.328,-214.901,0.000,41.038,Roll
-1.328,0.000,0.328,-166.046,0.000,41.038,Roll
-0.937,0.000,0.328,-117.191,0.000,41.038,Roll
-0.546,0.000,0.328,-68.336,0.000,41.038,Roll
-0.156,0.000,0.328,-19.481,0.000,41.038,Roll
0.235,0.000,0.328,29.382,0.000,41.038,Roll
0.610,0.000,0.328,76.282,0.000,41.038,Roll
0.985,0.000,0.328,123.183,0.000,41.038,Roll
1.376,0.000,0.328,172.038,0.000,41.038,Roll
1.766,0.000,0.328,220.893,0.000,41.038,Roll
-1.843,0.000,0.328,-230.527,0.000,41.038,Roll
-1.453,0.000,0.328,-181.672,0.000,41.038,Roll
-1.062,0.000,0.328,-132.817,0.000,41.038,Roll
-0.671,0.000,0.328,-83.962,0.000,41.038,Roll
-0.281,0.000,0.328,-35.107,0.000,41.038,Roll
0.110,0.000,0.328,13.756,0.000,41.038,Roll
0.485,0.000,0.328,60.656,0.000,41.038,Roll
0.860,0.000,0.328,107.557,0.000,41.038,Roll
1.251,0.000,0.328,156.412,0.000,41.038,Roll
1.641,0.000,0.328,205.267,0.000,41.038,Roll
-1.968,0.000,0.328,-246.153,0.000,41.038,Roll
-1.578,0.000,0.328,-197.298,0.000,41.038,Roll
-1.187,0.000,0.328,-148.443,0.000,41.038,Roll
-0.796,0.000,0.328,-99.588,0.000,41.038,Roll
-0.406,0.000,0.328,-50.733,0.000,41.038,Roll
-0.015,0.000,0.328,-1.878,0.000,41.038,Roll
0.376,0.000,0.328,46.985,0.000,41.038,Roll
0.751,0.000,0.328,93.885,0.000,41.038,Roll
1.126,0.000,0.328,140.786,0.000,41.038,Roll
1.516,0.000,0.328,189.641,0.000,41.038,Roll
1.907,0.000,0.328,238.496,0.000,41.038,Roll
-1.702,0.000,0.328,-212.924,0.000,41.038,Roll
-1.312,0.000,0.328,-164.069,0.000,41.038,Roll
-0.921,0.000,0.328,-115.214,0.000,41.038,Roll
-0.531,0.000,0.328,-66.359,0.000,41.038,Roll
-0.140,0.000,0.328,-17.504,0.000,41.038,Roll
0.251,0.000,0.328,31.359,0.000,41.038,Roll
0.626,0.000,0.328,78.260,0.000,41.038,Roll
1.001,0.000,0.328,125.160,0.000,41.038,Roll
1.391,0.000,0.328,174.015,0.000,41.038,Roll
1.782,0.000,0.328,222.870,0.000,41.038,Roll
-1.827,0.000,0.328,-228.550,0.000,41.038,Roll
-1.437,0.000,0.328,-179.695,0.000,41.038,Roll
-1.046,0.000,0.328,-130.840,0.000,41.038,Roll
-0.656,0.000,0.328,-81.985,0.000,41.038,Roll
-0.265,0.000,0.328,-33.130,0.000,41.038,Roll
0.126,0.000,0.328,15.733,0.000,41.038,Roll
0.501,0.000,0.328,62.634,0.000,41.038,Roll
0.876,0.000,0.328,109.534,0.000,41.038,Roll
1.266,0.000,0.328,158.389,0.000,41.038,Roll
1.657,0.000,0.328,207.244,0.000,41.038,Roll
-1.952,0.000,0.328,-244.176,0.000,41.038,Roll
-1.562,0.000,0.328,-195.321,0.000,41.038,Roll
-1.171,0.000,0.328,-146.466,0.000,41.038,Roll
-0.780,0.000,0.328,-97.611,0.000,41.038,Roll
-0.390,0.000,0.328,-48.756,0.000,41.038,Roll
0.001,0.000,0.328,0.107,0.000,41.038,Roll
0.376,0.000,0.328,47.008,0.000,41.038,Roll
0.751,0.000,0.328,93.908,0.000,41.038,Roll
1.126,0.000,0.328,140.809,0.000,41.038,Roll
1.516,0.000,0.328,189.664,0.000,41.038,Roll
1.907,0.000,0.328,238.519,0.000,41.038,Roll
-1.702,0.000,0.328,-212.901,0.000,41.038,Roll
-1.312,0.000,0.328,-164.046,0.000,41.038,Roll
-0.921,0.000,0.328,-115.191,0.000,41.038,Roll
-0.530,0.000,0.328,-66.336,0.000,41.038,Roll
-0.140,0.000,0.328,-17.481,0.000,41.038,Roll
0.251,0.000,0.328,31.382,0.000,41.038,Roll
0.626,0.000,0.328,78.282,0.000,41.038,Roll
1.001,0.000,0.328,125.183,0.000,41.038,Roll
1.392,0.000,0.328,174.038,0.000,41.038,Roll
1.782,0.000,0.328,222.893,0.000,41.038,Roll
-1.827,0.000,0.328,-228.527,0.000,41.038,Roll
-1.437,0.000,0.328,-179.672,0.000,41.038,Roll
-1.046,0.000,0.328,-130.817,0.000,41.038,Roll
-0.655,0.000,0.328,-81.962,0.000,41.038,Roll
-0.265,0.000,0.328,-33.107,0.000,41.038,Roll
0.126,0.000,0.328,15.756,0.000,41.038,Roll
0.501,0.000,0.328,62.656,0.000,41.038,Roll
0.876,0.000,0.328,109.557,0.000,41.038,Roll
1.267,0.000,0.328,158.412,0.000,41.038,Roll
1.657,0.000,0.328,207.267,0.000,41.038,Roll
-1.952,0.000,0.328,-244.153,0.000,41.038,Roll
-1.562,0.000,0.328,-195.298,0.000,41.038,Roll
-1.171,0.000,0.328,-146.443,0.000,41.038,Roll
-0.780,0.000,0.328,-97.588,0.000,41.038,Roll
-0.390,0.000,0.328,-48.733,0.000,41.038,Roll
0.001,0.000,0.328,0.130,0.000,41.038,Roll
0.376,0.000,0.328,47.031,0.000,41.038,Roll
0.751,0.000,0.328,93.931,0.000,41.038,Roll
1.126,0.000,0.328,140.832,0.000,41.038,Roll
1.517,0.000,0.328,189.687,0.000,41.038,Roll
1.907,0.000,0.328,238.542,0.000,41.038,Roll
-1.702,0.000,0.328,-212.878,0.000,41.038,Roll
-1.311,0.000,0.328,-164.023,0.000,41.038,Roll
-0.921,0.000,0.328,-115.168,0.000,41.038,Roll
-0.530,0.000,0.328,-66.313,0.000,41.038,Roll
-0.140,0.000,0.328,-17.458,0.000,41.038,Roll
0.251,0.000,0.328,31.405,0.000,41.038,Roll
0.626,0.000,0.328,78.305,0.000,41.038,Roll
1.001,0.000,0.328,125.206,0.000,41.038,Roll
1.392,0.000,0.328,174.061,0.000,41.038,Roll
1.782,0.000,0.328,222.916,0.000,41.038,Roll
-1.827,0.000,0.328,-228.504,0.000,41.038,Roll
-1.436,0.000,0.328,-179.649,0.000,41.038,Roll
-1.046,0.000,0.328,-130.794,0.000,41.038,Roll
-0.655,0.000,0.328,-81.939,0.000,41.038,Roll
-0.265,0.000,0.328,-33.084,0.000,41.038,Roll
0.126,0.000,0.328,15.779,0.000,41.038,Roll
0.501,0.000,0.328,62.679,0.000,41.038,Roll
0.876,0.000,0.328,109.580,0.000,41.038,Roll
1.267,0.000,0.328,158.435,0.000,41.038,Roll
1.657,0.000,0.328,207.290,0.000,41.038,Roll
-1.952,0.000,0.328,-244.130,0.000,41.038,Roll
-1.561,0.000,0.328,-195.275,0.000,41.038,Roll
-1.171,0.000,0.328,-146.420,0.000,41.038,Roll
-0.780,0.000,0.328,-97.565,0.000,41.038,Roll
-0.389,0.000,0.328,-48.710,0.000,41.038,Roll
0.001,0.000,0.328,0.153,0.000,41.038,Roll
0.376,0.000,0.328,47.053,0.000,41.038,Roll
0.751,0.000,0.328,93.954,0.000,41.038,Roll
1.126,0.000,0.328,140.855,0.000,41.038,Roll
1.517,0.000,0.328,189.710,0.000,41.038,Roll
1.907,0.000,0.328,238.565,0.000,41.038,Roll
-1.702,0.000,0.328,-212.855,0.000,41.038,Roll
-1.311,0.000,0.328,-164.000,0.000,41.038,Roll
-0.921,0.000,0.328,-115.145,0.000,41.038,Roll
-0.530,0.000,0.328,-66.290,0.000,41.038,Roll
-0.139,0.000,0.328,-17.435,0.000,41.038,Roll
0.251,0.000,0.328,31.427,0.000,41.038,Roll
0.626,0.000,0.328,78.328,0.000,41.038,Roll
1.001,0.000,0.328,125.229,0.000,41.038,Roll
1.392,0.000,0.328,174.084,0.000,41.038,Roll
1.783,0.000,0.328,222.939,0.000,41.038,Roll
-1.827,0.000,0.328,-228.481,0.000,41.038,Roll
-1.436,0.000,0.328,-179.626,0.000,41.038,Roll
-1.046,0.000,0.328,-130.771,0.000,41.038,Roll
-0.655,0.000,0.328,-81.916,0.000,41.038,Roll
-0.264,0.000,0.328,-33.061,0.000,41.038,Roll
0.126,0.000,0.328,15.802,0.000,41.038,Roll
0.501,0.000,0.328,62.702,0.000,41.038,Roll
0.876,0.000,0.328,109.603,0.000,41.038,Roll
1.267,0.000,0.328,158.458,0.000,41.038,Roll
1.658,0.000,0.328,207.313,0.000,41.038,Roll
-1.952,0.000,0.328,-244.107,0.000,41.038,Roll
-1.561,0.000,0.328,-195.252,0.000,41.038,Roll
-1.171,0.000,0.328,-146.397,0.000,41.038,Roll
-0.780,0.000,0.328,-97.542,0.000,41.038,Roll
-0.389,0.000,0.328,-48.687,0.000,41.038,Roll
0.001,0.000,0.328,0.176,0.000,41.038,Roll
0.376,0.000,0.328,47.076,0.000,41.038,Roll
0.751,0.000,0.328,93.977,0.000,41.038,Roll
1.126,0.000,0.328,140.878,0.000,41.038,Roll
1.517,0.000,0.328,189.733,0.000,41.038,Roll
1.908,0.000,0.328,238.588,0.000,41.038,Roll
-1.702,0.000,0.328,-212.832,0.000,41.038,Roll
-1.311,0.000,0.328,-163.977,0.000,41.038,Roll
-0.920,0.000,0.328,-115.122,0.000,41.038,Roll
-0.530,0.000,0.328,-66.267,0.000,41.038,Roll
-0.139,0.000,0.328,-17.412,0.000,41.038,Roll
0.251,0.000,0.328,31.450,0.000,41.038,Roll
0.626,0.000,0.328,78.351,0.000,41.038,Roll
1.001,0.000,0.328,125.252,0.000,41.038,Roll
1.392,0.000,0.328,174.107,0.000,41.038,Roll
1.783,0.000,0.328,222.962,0.000,41.038,Roll
-1.827,0.000,0.328,-228.458,0.000,41.038,Roll
-1.436,0.000,0.328,-179.603,0.000,41.038,Roll
-1.045,0.000,0.328,-130.748,0.000,41.038,Roll
-0.655,0.000,0.328,-81.893,0.000,41.038,Roll
-0.264,0.000,0.328,-33.038,0.000,41.038,Roll
0.127,0.000,0.328,15.824,0.000,41.038,Roll
0.502,0.000,0.328,62.725,0.000,41.038,Roll
0.877,0.000,0.328,109.626,0.000,41.038,Roll
1.267,0.000,0.328,158.481,0.000,41.038,Roll
1.658,0.000,0.328,207.336,0.000,41.038,Roll
-1.952,0.000,0.328,-244.084,0.000,41.038,Roll
-1.561,0.000,0.328,-195.229,0.000,41.038,Roll
-1.170,0.000,0.328,-146.374,0.000,41.038,Roll
-0.780,0.000,0.328,-97.519,0.000,41.038,Roll
-0.389,0.000,0.328,-48.664,0.000,41.038,Roll
0.002,0.000,0.328,0.198,0.000,41.038,Roll
0.377,0.000,0.328,47.099,0.000,41.038,Roll
0.752,0.000,0.328,94.000,0.000,41.038,Roll
1.127,0.000,0.328,140.901,0.000,41.038,Roll
1.517,0.000,0.328,189.756,0.000,41.038,Roll
1.908,0.000,0.328,238.611,0.000,41.038,Roll
-1.702,0.000,0.328,-212.809,0.000,41.038,Roll
-1.311,0.000,0.328,-163.954,0.000,41.038,Roll
-0.920,0.000,0.328,-115.099,0.000,41.038,Roll
-0.530,0.000,0.328,-66.244,0.000,41.038,Roll
-0.139,0.000,0.328,-17.389,0.000,41.038,Roll
0.252,0.000,0.328,31.473,0.000,41.038,Roll
0.627,0.000,0.328,78.374,0.000,41.038,Roll
1.002,0.000,0.328,125.275,0.000,41.038,Roll
1.392,0.000,0.328,174.130,0.000,41.038,Roll
1.783,0.000,0.328,222.985,0.000,41.038,Roll
-1.826,0.000,0.328,-228.435,0.000,41.038,Roll
-1.436,0.000,0.328,-179.580,0.000,41.038,Roll
-1.045,0.000,0.328,-130.725,0.000,41.038,Roll
-0.655,0.000,0.328,-81.870,0.000,41.038,Roll
-0.264,0.000,0.328,-33.015,0.000,41.038,Roll
0.127,0.000,0.328,15.847,0.000,41.038,Roll
0.502,0.000,0.328,62.748,0.000,41.038,Roll
0.877,0.000,0.328,109.649,0.000,41.038,Roll
1.267,0.000,0.328,158.504,0.000,41.038,Roll
1.658,0.000,0.328,207.359,0.000,41.038,Roll
-1.951,0.000,0.328,-244.061,0.000,41.038,Roll
-1.561,0.000,0.328,-195.206,0.000,41.038,Roll
-1.170,0.000,0.328,-146.351,0.000,41.038,Roll
-0.780,0.000,0.328,-97.496,0.000,41.038,Roll
-0.389,0.000,0.328,-48.641,0.000,41.038,Roll
0.002,0.000,0.328,0.221,0.000,41.038,Roll
0.377,0.000,0.328,47.122,0.000,41.038,Roll
0.752,0.000,0.328,94.023,0.000,41.038,Roll
1.127,0.000,0.328,140.924,0.000,41.038,Roll
1.517,0.000,0.328,189.779,0.000,41.038,Roll
1.908,0.000,0.328,238.634,0.000,41.038,Roll
-1.701,0.000,0.328,-212.786,0.000,41.038,Roll
-1.311,0.000,0.328,-163.931,0.000,41.038,Roll
-0.920,0.000,0.328,-115.076,0.000,41.038,Roll
-0.529,0.000,0.328,-66.221,0.000,41.038,Roll
-0.139,0.000,0.328,-17.366,0.000,41.038,Roll
0.252,0.000,0.328,31.496,0.000,41.038,Roll
0.627,0.000,0.328,78.397,0.000,41.038,Roll
1.002,0.000,0.328,125.298,0.000,41.038,Roll
1.392,0.000,0.328,174.153,0.000,41.038,Roll
1.783,0.000,0.328,223.008,0.000,41.038,Roll
-1.826,0.000,0.328,-228.412,0.000,41.038,Roll
-1.436,0.000,0.328,-179.557,0.000,41.038,Roll
-1.045,0.000,0.328,-130.702,0.000,41.038,Roll
-0.654,0.000,0.328,-81.847,0.000,41.038,Roll
-0.264,0.000,0.328,-32.992,0.000,41.038,Roll
0.127,0.000,0.328,15.870,0.000,41.038,Roll
0.502,0.000,0.328,62.771,0.000,41.038,Roll
0.877,0.000,0.328,109.672,0.000,41.038,Roll
1.268,0.000,0.328,158.527,0.000,41.038,Roll
1.658,0.000,0.328,207.382,0.000,41.038,Roll
-1.951,0.000,0.328,-244.038,0.000,41.038,Roll
-1.561,0.000,0.328,-195.183,0.000,41.038,Roll
-1.170,0.000,0.328,-146.328,0.000,41.038,Roll
-0.779,0.000,0.328,-97.473,0.000,41.038,Roll
-0.389,0.000,0.328,-48.618,0.000,41.038,Roll
0.002,0.000,0.328,0.244,0.000,41.038,Roll
0.377,0.000,0.328,47.145,0.000,41.038,Roll
0.752,0.000,0.328,94.046,0.000,41.038,Roll
1.127,0.000,0.328,140.947,0.000,41.038,Roll
1.518,0.000,0.328,189.802,0.000,41.038,Roll
1.908,0.000,0.328,238.656,0.000,41.038,Roll
-1.701,0.000,0.328,-212.763,0.000,41.038,Roll
-1.311,0.000,0.328,-163.908,0.000,41.038,Roll
-0.920,0.000,0.328,-115.053,0.000,41.038,Roll
-0.529,0.000,0.328,-66.198,0.000,41.038,Roll
-0.139,0.000,0.328,-17.344,0.000,41.038,Roll
0.252,0.000,0.328,31.519,0.000,41.038,Roll
0.627,0.000,0.328,78.420,0.000,41.038,Roll
1.002,0.000,0.328,125.321,0.000,41.038,Roll
1.393,0.000,0.328,174.176,0.000,41.038,Roll
1.783,0.000,0.328,223.031,0.000,41.038,Roll
-1.826,0.000,0.328,-228.389,0.000,41.038,Roll
-1.435,0.000,0.328,-179.534,0.000,41.038,Roll
-1.045,0.000,0.328,-130.679,0.000,41.038,Roll
-0.654,0.000,0.328,-81.824,0.000,41.038,Roll
-0.264,0.000,0.328,-32.969,0.000,41.038,Roll
0.127,0.000,0.328,15.893,0.000,41.038,Roll
0.502,0.000,0.328,62.794,0.000,41.038,Roll
0.877,0.000,0.328,109.695,0.000,41.038,Roll
1.268,0.000,0.328,158.550,0.000,41.038,Roll
1.658,0.000,0.328,207.405,0.000,41.038,Roll
-1.951,0.000,0.328,-244.015,0.000,41.038,Roll
-1.560,0.000,0.328,-195.160,0.000,41.038,Roll
-1.170,0.000,0.328,-146.305,0.000,41.038,Roll
-0.779,0.000,0.328,-97.450,0.000,41.038,Roll
-0.389,0.000,0.328,-48.595,0.000,41.038,Roll
0.002,0.000,0.328,0.267,0.000,41.038,Roll
0.377,0.000,0.328,47.168,0.000,41.038,Roll
0.752,0.000,0.328,94.069,0.000,41.038,Roll
1.127,0.000,0.328,140.969,0.000,41.038,Roll
1.518,0.000,0.328,189.824,0.000,41.038,Roll
1.908,0.000,0.328,238.679,0.000,41.038,Roll
-1.701,0.000,0.328,-212.740,0.000,41.038,Roll
-1.310,0.000,0.328,-163.885,0.000,41.038,Roll
-0.920,0.000,0.328,-115.031,0.000,41.038,Roll
-0.529,0.000,0.328,-66.176,0.000,41.038,Roll
-0.138,0.000,0.328,-17.321,0.000,41.038,Roll
0.252,0.000,0.328,31.542,0.000,41.038,Roll
0.627,0.000,0.328,78.443,0.000,41.038,Roll
1.002,0.000,0.328,125.344,0.000,41.038,Roll
1.393,0.000,0.328,174.198,0.000,41.038,Roll
1.783,0.000,0.328,223.053,0.000,41.038,Roll
-1.826,0.000,0.328,-228.366,0.000,41.038,Roll
-1.435,0.000,0.328,-179.511,0.000,41.038,Roll
-1.045,0.000,0.328,-130.656,0.000,41.038,Roll
-0.654,0.000,0.328,-81.802,0.000,41.038,Roll
-0.263,0.000,0.328,-32.947,0.000,41.038,Roll
0.127,0.000,0.328,15.916,0.000,41.038,Roll
0.502,0.000,0.328,62.817,0.000,41.038,Roll
0.877,0.000,0.328,109.718,0.000,41.038,Roll
1.268,0.000,0.328,158.573,0.000,41.038,Roll
1.659,0.000,0.328,207.427,0.000,41.038,Roll
-1.951,0.000,0.328,-243.992,0.000,41.038,Roll
-1.560,0.000,0.328,-195.137,0.000,41.038,Roll
-1.170,0.000,0.328,-146.282,0.000,41.038,Roll
-0.779,0.000,0.328,-97.427,0.000,41.038,Roll
-0.388,0.000,0.328,-48.573,0.000,41.038,Roll
0.002,0.000,0.328,0.290,0.000,41.038,Roll
0.377,0.000,0.328,47.191,0.000,41.038,Roll
0.752,0.000,0.328,94.092,0.000,41.038,Roll
1.127,0.000,0.328,140.992,0.000,41.038,Roll
1.518,0.000,0.328,189.847,0.000,41.038,Roll
1.909,0.000,0.328,238.702,0.000,41.038,Roll
-1.701,0.000,0.328,-212.718,0.000,41.038,Roll
-1.310,0.000,0.328,-163.863,0.000,41.038,Roll
-0.920,0.000,0.328,-115.008,0.000,41.038,Roll
-0.529,0.000,0.328,-66.153,0.000,41.038,Roll
-0.138,0.000,0.328,-17.298,0.000,41.038,Roll
0.252,0.000,0.328,31.565,0.000,41.038,Roll
0.627,0.000,0.328,78.466,0.000,41.038,Roll
1.002,0.000,0.328,125.366,0.000,41.038,Roll
1.393,0.000,0.328,174.221,0.000,41.038,Roll
1.784,0.000,0.328,223.076,0.000,41.038,Roll
-1.826,0.000,0.328,-228.344,0.000,41.038,Roll
-1.435,0.000,0.328,-179.489,0.000,41.038,Roll
-1.044,0.000,0.328,-130.634,0.000,41.038,Roll
-0.654,0.000,0.328,-81.779,0.000,41.038,Roll
-0.263,0.000,0.328,-32.924,0.000,41.038,Roll
0.127,0.000,0.328,15.939,0.000,41.038,Roll
0.502,0.000,0.328,62.840,0.000,41.038,Roll
0.877,0.000,0.328,109.740,0.000,41.038,Roll
1.268,0.000,0.328,158.595,0.000,41.038,Roll
1.659,0.000,0.328,207.450,0.000,41.038,Roll
-1.951,0.000,0.328,-243.969,0.000,41.038,Roll
-1.560,0.000,0.328,-195.115,0.000,41.038,Roll
-1.169,0.000,0.328,-146.260,0.000,41.038,Roll
-0.779,0.000,0.328,-97.405,0.000,41.038,Roll
-0.388,0.000,0.328,-48.550,0.000,41.038,Roll
0.003,0.000,0.328,0.313,0.000,41.038,Roll
0.378,0.000,0.328,47.214,0.000,41.038,Roll
0.753,0.000,0.328,94.115,0.000,41.038,Roll
1.128,0.000,0.328,141.015,0.000,41.038,Roll
1.518,0.000,0.328,189.870,0.000,41.038,Roll
1.909,0.000,0.328,238.725,0.000,41.038,Roll
-1.701,0.000,0.328,-212.695,0.000,41.038,Roll
-1.310,0.000,0.328,-163.840,0.000,41.038,Roll
-0.919,0.000,0.328,-114.985,0.000,41.038,Roll
-0.529,0.000,0.328,-66.130,0.000,41.038,Roll
-0.138,0.000,0.328,-17.275,0.000,41.038,Roll
0.253,0.000,0.328,31.588,0.000,41.038,Roll
0.628,0.000,0.328,78.489,0.000,41.038,Roll
1.003,0.000,0.328,125.389,0.000,41.038,Roll
1.393,0.000,0.328,174.244,0.000,41.038,Roll
1.784,0.000,0.328,223.099,0.000,41.038,Roll
-1.826,0.000,0.328,-228.321,0.000,41.038,Roll
-1.435,0.000,0.328,-179.466,0.000,41.038,Roll
-1.044,0.000,0.328,-130.611,0.000,41.038,Roll
-0.654,0.000,0.328,-81.756,0.000,41.038,Roll
-0.263,0.000,0.328,-32.901,0.000,41.038,Roll
0.128,0.000,0.328,15.962,0.000,41.038,Roll
0.503,0.000,0.328,62.863,0.000,41.038,Roll
0.878,0.000,0.328,109.763,0.000,41.038,Roll
1.268,0.000,0.328,158.618,0.000,41.038,Roll
1.659,0.000,0.328,207.473,0.000,41.038,Roll
-1.951,0.000,0.328,-243.947,0.000,41.038,Roll
-1.560,0.000,0.328,-195.092,0.000,41.038,Roll
-1.169,0.000,0.328,-146.237,0.000,41.038,Roll
-0.779,0.000,0.328,-97.382,0.000,41.038,Roll
-0.388,0.000,0.328,-48.527,0.000,41.038,Roll
0.003,0.000,0.328,0.336,0.000,41.038,Roll
0.378,0.000,0.328,47.237,0.000,41.038,Roll
0.753,0.000,0.328,94.137,0.000,41.038,Roll
1.128,0.000,0.328,141.038,0.000,41.038,Roll
1.518,0.000,0.328,189.893,0.000,41.038,Roll
1.909,0.000,0.328,238.748,0.000,41.038,Roll
-1.700,0.000,0.328,-212.672,0.000,41.038,Roll
-1.310,0.000,0.328,-163.817,0.000,41.038,Roll
-0.919,0.000,0.328,-114.962,0.000,41.038,Roll
-0.529,0.000,0.328,-66.107,0.000,41.038,Roll
-0.138,0.000,0.328,-17.252,0.000,41.038,Roll
0.253,0.000,0.328,31.611,0.000,41.038,Roll
0.628,0.000,0.328,78.511,0.000,41.038,Roll
1.003,0.000,0.328,125.412,0.000,41.038,Roll
1.393,0.000,0.328,174.267,0.000,41.038,Roll
1.784,0.000,0.328,223.122,0.000,41.038,Roll
-1.825,0.000,0.328,-228.298,0.000,41.038,Roll
-1.435,0.000,0.328,-179.443,0.000,41.038,Roll
-1.044,0.000,0.328,-130.588,0.000,41.038,Roll
-0.654,0.000,0.328,-81.733,0.000,41.038,Roll
-0.263,0.000,0.328,-32.878,0.000,41.038,Roll
0.128,0.000,0.328,15.985,0.000,41.038,Roll
0.503,0.000,0.328,62.885,0.000,41.038,Roll
0.878,0.000,0.328,109.786,0.000,41.038,Roll
1.268,0.000,0.328,158.641,0.000,41.038,Roll
1.659,0.000,0.328,207.496,0.000,41.038,Roll
-1.950,0.000,0.328,-243.924,0.000,41.038,Roll
-1.560,0.000,0.328,-195.069,0.000,41.038,Roll
-1.169,0.000,0.328,-146.214,0.000,41.038,Roll
-0.778,0.000,0.328,-97.359,0.000,41.038,Roll
-0.388,0.000,0.328,-48.504,0.000,41.038,Roll
0.003,0.000,0.328,0.359,0.000,41.038,Roll
0.378,0.000,0.328,47.260,0.000,41.038,Roll
0.753,0.000,0.328,94.160,0.000,41.038,Roll
1.128,0.000,0.328,141.061,0.000,41.038,Roll
1.518,0.000,0.328,189.916,0.000,41.038,Roll
1.909,0.000,0.328,238.771,0.000,41.038,Roll
-1.700,0.000,0.328,-212.649,0.000,41.038,Roll
-1.310,0.000,0.328,-163.794,0.000,41.038,Roll
-0.919,0.000,0.328,-114.939,0.000,41.038,Roll
-0.528,0.000,0.328,-66.084,0.000,41.038,Roll
-0.138,0.000,0.328,-17.229,0.000,41.038,Roll
0.253,0.000,0.328,31.634,0.000,41.038,Roll
0.628,0.000,0.328,78.534,0.000,41.038,Roll
1.003,0.000,0.328,125.435,0.000,41.038,Roll
1.394,0.000,0.328,174.290,0.000,41.038,Roll
1.784,0.000,0.328,223.145,0.000,41.038,Roll
-1.825,0.000,0.328,-228.275,0.000,41.038,Roll
-1.435,0.000,0.328,-179.420,0.000,41.038,Roll
-1.044,0.000,0.328,-130.565,0.000,41.038,Roll
-0.653,0.000,0.328,-81.710,0.000,41.038,Roll
-0.263,0.000,0.328,-32.855,0.000,41.038,Roll
0.128,0.000,0.328,16.008,0.000,41.038,Roll
0.503,0.000,0.328,62.908,0.000,41.038,Roll
0.878,0.000,0.328,109.809,0.000,41.038,Roll
1.269,0.000,0.328,158.664,0.000,41.038,Roll
1.659,0.000,0.328,207.519,0.000,41.038,Roll
-1.950,0.000,0.328,-243.901,0.000,41.038,Roll
-1.560,0.000,0.328,-195.046,0.000,41.038,Roll
-1.169,0.000,0.328,-146.191,0.000,41.038,Roll
-0.778,0.000,0.328,-97.336,0.000,41.038,Roll
-0.388,0.000,0.328,-48.481,0.000,41.038,Roll
0.003,0.000,0.328,0.382,0.000,41.038,Roll
0.378,0.000,0.328,47.282,0.000,41.038,Roll
0.753,0.000,0.328,94.183,0.000,41.038,Roll
1.128,0.000,0.328,141.084,0.000,41.038,Roll
1.519,0.000,0.328,189.939,0.000,41.038,Roll
1.909,0.000,0.328,238.794,0.000,41.038,Roll
-1.700,0.000,0.328,-212.626,0.000,41.038,Roll
-1.309,0.000,0.328,-163.771,0.000,41.038,Roll
-0.919,0.000,0.328,-114.916,0.000,41.038,Roll
-0.528,0.000,0.328,-66.061,0.000,41.038,Roll
-0.138,0.000,0.328,-17.206,0.000,41.038,Roll
0.253,0.000,0.328,31.656,0.000,41.038,Roll
0.628,0.000,0.328,78.557,0.000,41.038,Roll
1.003,0.000,0.328,125.458,0.000,41.038,Roll
1.394,0.000,0.328,174.313,0.000,41.038,Roll
1.784,0.000,0.328,223.168,0.000,41.038,Roll
-1.825,0.000,0.328,-228.252,0.000,41.038,Roll
-1.434,0.000,0.328,-179.397,0.000,41.038,Roll
-1.044,0.000,0.328,-130.542,0.000,41.038,Roll
-0.653,0.000,0.328,-81.687,0.000,41.038,Roll
-0.263,0.000,0.328,-32.832,0.000,41.038,Roll
0.128,0.000,0.328,16.031,0.000,41.038,Roll
0.503,0.000,0.328,62.931,0.000,41.038,Roll
0.878,0.000,0.328,109.832,0.000,41.038,Roll
1.269,0.000,0.328,158.687,0.000,41.038,Roll
1.659,0.000,0.328,207.542,0.000,41.038,Roll
-1.950,0.000,0.328,-243.878,0.000,41.038,Roll
-1.559,0.000,0.328,-195.023,0.000,41.038,Roll
-1.169,0.000,0.328,-146.168,0.000,41.038,Roll
-0.778,0.000,0.328,-97.313,0.000,41.038,Roll
-0.387,0.000,0.328,-48.458,0.000,41.038,Roll
0.003,0.000,0.328,0.405,0.000,41.038,Roll
0.378,0.000,0.328,47.305,0.000,41.038,Roll
0.753,0.000,0.328,94.206,0.000,41.038,Roll
1.128,0.000,0.328,141.107,0.000,41.038,Roll
1.519,0.000,0.328,189.962,0.000,41.038,Roll
1.909,0.000,0.328,238.817,0.000,41.038,Roll
-1.700,0.000,0.328,-212.603,0.000,41.038,Roll
-1.309,0.000,0.328,-163.748,0.000,41.038,Roll
-0.919,0.000,0.328,-114.893,0.000,41.038,Roll
-0.528,0.000,0.328,-66.038,0.000,41.038,Roll
-0.137,0.000,0.328,-17.183,0.000,41.038,Roll
0.253,0.000,0.328,31.679,0.000,41.038,Roll
0.628,0.000,0.328,78.580,0.000,41.038,Roll
1.003,0.000,0.328,125.481,0.000,41.038,Roll
1.394,0.000,0.328,174.336,0.000,41.038,Roll
1.785,0.000,0.328,223.191,0.000,41.038,Roll
-1.825,0.000,0.328,-228.229,0.000,41.038,Roll
-1.434,0.000,0.328,-179.374,0.000,41.038,Roll
-1.044,0.000,0.328,-130.519,0.000,41.038,Roll
-0.653,0.000,0.328,-81.664,0.000,41.038,Roll
-0.262,0.000,0.328,-32.809,0.000,41.038,Roll
0.128,0.000,0.328,16.053,0.000,41.038,Roll
0.503,0.000,0.328,62.954,0.000,41.038,Roll
0.878,0.000,0.328,109.855,0.000,41.038,Roll
1.269,0.000,0.328,158.710,0.000,41.038,Roll
1.660,0.000,0.328,207.565,0.000,41.038,Roll
-1.950,0.000,0.328,-243.855,0.000,41.038,Roll
-1.559,0.000,0.328,-195.000,0.000,41.038,Roll
-1.169,0.000,0.328,-146.145,0.000,41.038,Roll
-0.778,0.000,0.328,-97.290,0.000,41.038,Roll
-0.387,0.000,0.328,-48.435,0.000,41.038,Roll
0.003,0.000,0.328,0.427,0.000,41.038,Roll
0.378,0.000,0.328,47.328,0.000,41.038,Roll
0.753,0.000,0.328,94.229,0.000,41.038,Roll
1.128,0.000,0.328,141.130,0.000,41.038,Roll
1.519,0.000,0.328,189.985,0.000,41.038,Roll
1.910,0.000,0.328,238.840,0.000,41.038,Roll
-1.700,0.000,0.328,-212.580,0.000,41.038,Roll
-1.309,0.000,0.328,-163.725,0.000,41.038,Roll
-0.918,0.000,0.328,-114.870,0.000,41.038,Roll
-0.528,0.000,0.328,-66.015,0.000,41.038,Roll
-0.137,0.000,0.328,-17.160,0.000,41.038,Roll
0.253,0.000,0.328,31.702,0.000,41.038,Roll
0.628,0.000,0.328,78.603,0.000,41.038,Roll
1.003,0.000,0.328,125.504,0.000,41.038,Roll
1.394,0.000,0.328,174.359,0.000,41.038,Roll
1.785,0.000,0.328,223.214,0.000,41.038,Roll
-1.825,0.000,0.328,-228.206,0.000,41.038,Roll
-1.434,0.000,0.328,-179.351,0.000,41.038,Roll
-1.043,0.000,0.328,-130.496,0.000,41.038,Roll
-0.653,0.000,0.328,-81.641,0.000,41.038,Roll
-0.262,0.000,0.328,-32.786,0.000,41.038,Roll
0.129,0.000,0.328,16.076,0.000,41.038,Roll
0.504,0.000,0.328,62.977,0.000,41.038,Roll
0.879,0.000,0.328,109.878,0.000,41.038,Roll
1.269,0.000,0.328,158.733,0.000,41.038,Roll
1.660,0.000,0.328,207.588,0.000,41.038,Roll
-1.950,0.000,0.328,-243.832,0.000,41.038,Roll
-1.559,0.000,0.328,-194.977,0.000,41.038,Roll
-1.168,0.000,0.328,-146.122,0.000,41.038,Roll
-0.778,0.000,0.328,-97.267,0.000,41.038,Roll
-0.387,0.000,0.328,-48.412,0.000,41.038,Roll
0.004,0.000,0.328,0.450,0.000,41.038,Roll
0.379,0.000,0.328,47.351,0.000,41.038,Roll
0.754,0.000,0.328,94.252,0.000,41.038,Roll
1.129,0.000,0.328,141.153,0.000,41.038,Roll
1.519,0.000,0.328,190.008,0.000,41.038,Roll
1.910,0.000,0.328,238.863,0.000,41.038,Roll
-1.700,0.000,0.328,-212.557,0.000,41.038,Roll
-1.309,0.000,0.328,-163.702,0.000,41.038,Roll
-0.918,0.000,0.328,-114.847,0.000,41.038,Roll
-0.528,0.000,0.328,-65.992,0.000,41.038,Roll
-0.137,0.000,0.328,-17.137,0.000,41.038,Roll
0.254,0.000,0.328,31.725,0.000,41.038,Roll
0.629,0.000,0.328,78.626,0.000,41.038,Roll
1.004,0.000,0.328,125.527,0.000,41.038,Roll
1.394,0.000,0.328,174.382,0.000,41.038,Roll
1.785,0.000,0.328,223.237,0.000,41.038,Roll
-1.824,0.000,0.328,-228.183,0.000,41.038,Roll
-1.434,0.000,0.328,-179.328,0.000,41.038,Roll
-1.043,0.000,0.328,-130.473,0.000,41.038,Roll
-0.653,0.000,0.328,-81.618,0.000,41.038,Roll
-0.262,0.000,0.328,-32.763,0.000,41.038,Roll
0.129,0.000,0.328,16.099,0.000,41.038,Roll
0.504,0.000,0.328,63.000,0.000,41.038,Roll
0.879,0.000,0.328,109.901,0.000,41.038,Roll
1.269,0.000,0.328,158.756,0.000,41.038,Roll
1.660,0.000,0.328,207.611,0.000,41.038,Roll
-1.949,0.000,0.328,-243.809,0.000,41.038,Roll
-1.559,0.000,0.328,-194.954,0.000,41.038,Roll
-1.168,0.000,0.328,-146.099,0.000,41.038,Roll
-0.778,0.000,0.328,-97.244,0.000,41.038,Roll
-0.387,0.000,0.328,-48.389,0.000,41.038,Roll
0.004,0.000,0.328,0.473,0.000,41.038,Roll
0.379,0.000,0.328,47.374,0.000,41.038,Roll
0.754,0.000,0.328,94.275,0.000,41.038,Roll
1.129,0.000,0.328,141.176,0.000,41.038,Roll
1.519,0.000,0.328,190.031,0.000,41.038,Roll
1.910,0.000,0.328,238.885,0.000,41.038,Roll
-1.699,0.000,0.328,-212.534,0.000,41.038,Roll
-1.309,0.000,0.328,-163.679,0.000,41.038,Roll
-0.918,0.000,0.328,-114.824,0.000,41.038,Roll
-0.527,0.000,0.328,-65.969,0.000,41.038,Roll
-0.137,0.000,0.328,-17.115,0.000,41.038,Roll
0.254,0.000,0.328,31.748,0.000,41.038,Roll
0.629,0.000,0.328,78.649,0.000,41.038,Roll
1.004,0.000,0.328,125.550,0.000,41.038,Roll
1.394,0.000,0.328,174.405,0.000,41.038,Roll
1.785,0.000,0.328,223.260,0.000,41.038,Roll
-1.824,0.000,0.328,-228.160,0.000,41.038,Roll
-1.434,0.000,0.328,-179.305,0.000,41.038,Roll
-1.043,0.000,0.328,-130.450,0.000,41.038,Roll
-0.652,0.000,0.328,-81.595,0.000,41.038,Roll
-0.262,0.000,0.328,-32.740,0.000,41.038,Roll
0.129,0.000,0.328,16.122,0.000,41.038,Roll
0.504,0.000,0.328,63.023,0.000,41.038,Roll
0.879,0.000,0.328,109.924,0.000,41.038,Roll
1.270,0.000,0.328,158.779,0.000,41.038,Roll
1.660,0.000,0.328,207.634,0.000,41.038,Roll
-1.949,0.000,0.328,-243.786,0.000,41.038,Roll
-1.559,0.000,0.328,-194.931,0.000,41.038,Roll
-1.168,0.000,0.328,-146.076,0.000,41.038,Roll
-0.777,0.000,0.328,-97.221,0.000,41.038,Roll
-0.387,0.000,0.328,-48.366,0.000,41.038,Roll
0.004,0.000,0.328,0.496,0.000,41.038,Roll
0.379,0.000,0.328,47.397,0.000,41.038,Roll
0.754,0.000,0.328,94.298,0.000,41.038,Roll
1.129,0.000,0.328,141.198,0.000,41.038,Roll
1.520,0.000,0.328,190.053,0.000,41.038,Roll
1.910,0.000,0.328,238.908,0.000,41.038,Roll
-1.699,0.000,0.328,-212.511,0.000,41.038,Roll
-1.309,0.000,0.328,-163.656,0.000,41.038,Roll
-0.918,0.000,0.328,-114.802,0.000,41.038,Roll
-0.527,0.000,0.328,-65.947,0.000,41.038,Roll
-0.137,0.000,0.328,-17.092,0.000,41.038,Roll
0.254,0.000,0.328,31.771,0.000,41.038,Roll
0.629,0.000,0.328,78.672,0.000,41.038,Roll
1.004,0.000,0.328,125.573,0.000,41.038,Roll
1.395,0.000,0.328,174.427,0.000,41.038,Roll
1.785,0.000,0.328,223.282,0.000,41.038,Roll
-1.824,0.000,0.328,-228.137,0.000,41.038,Roll
-1.433,0.000,0.328,-179.282,0.000,41.038,Roll
-1.043,0.000,0.328,-130.427,0.000,41.038,Roll
-0.652,0.000,0.328,-81.573,0.000,41.038,Roll
-0.262,0.000,0.328,-32.718,0.000,41.038,Roll
0.129,0.000,0.328,16.145,0.000,41.038,Roll
0.504,0.000,0.328,63.046,0.000,41.038,Roll
0.879,0.000,0.328,109.947,0.000,41.038,Roll
1.270,0.000,0.328,158.802,0.000,41.038,Roll
1.660,0.000,0.328,207.656,0.000,41.038,Roll
-1.949,0.000,0.328,-243.763,0.000,41.038,Roll
-1.558,0.000,0.328,-194.908,0.000,41.038,Roll
-1.168,0.000,0.328,-146.053,0.000,41.038,Roll
-0.777,0.000,0.328,-97.198,0.000,41.038,Roll
-0.387,0.000,0.328,-48.344,0.000,41.038,Roll
0.004,0.000,0.328,0.519,0.000,41.038,Roll
0.379,0.000,0.328,47.420,0.000,41.038,Roll
0.754,0.000,0.328,94.321,0.000,41.038,Roll
1.129,0.000,0.328,141.221,0.000,41.038,Roll
1.520,0.000,0.328,190.076,0.000,41.038,Roll
1.910,0.000,0.328,238.931,0.000,41.038,Roll
-1.699,0.000,0.328,-212.489,0.000,41.038,Roll
-1.308,0.000,0.328,-163.634,0.000,41.038,Roll
-0.918,0.000,0.328,-114.779,0.000,41.038,Roll
-0.527,0.000,0.328,-65.924,0.000,41.038,Roll
-0.136,0.000,0.328,-17.069,0.000,41.038,Roll
0.254,0.000,0.328,31.794,0.000,41.038,Roll
0.629,0.000,0.328,78.695,0.000,41.038,Roll
1.004,0.000,0.328,125.595,0.000,41.038,Roll
1.395,0.000,0.328,174.450,0.000,41.038,Roll
1.785,0.000,0.328,223.305,0.000,41.038,Roll
-1.824,0.000,0.328,-228.115,0.000,41.038,Roll
-1.433,0.000,0.328,-179.260,0.000,41.038,Roll
-1.043,0.000,0.328,-130.405,0.000,41.038,Roll
-0.652,0.000,0.328,-81.550,0.000,41.038,Roll
-0.261,0.000,0.328,-32.695,0.000,41.038,Roll
0.129,0.000,0.328,16.168,0.000,41.038,Roll
0.504,0.000,0.328,63.069,0.000,41.038,Roll
0.879,0.000,0.328,109.969,0.000,41.038,Roll
1.270,0.000,0.328,158.824,0.000,41.038,Roll
1.661,0.000,0.328,207.679,0.000,41.038,Roll
-1.949,0.000,0.328,-243.740,0.000,41.038,Roll
-1.558,0.000,0.328,-194.885,0.000,41.038,Roll
-1.168,0.000,0.328,-146.031,0.000,41.038,Roll
-0.777,0.000,0.328,-97.176,0.000,41.038,Roll
-0.386,0.000,0.328,-48.321,0.000,41.038,Roll
0.004,0.000,0.328,0.542,0.000,41.038,Roll
0.379,0.000,0.328,47.443,0.000,41.038,Roll
0.754,0.000,0.328,94.344,0.000,41.038,Roll
1.129,0.000,0.328,141.244,0.000,41.038,Roll
1.520,0.000,0.328,190.099,0.000,41.038,Roll
1.911,0.000,0.328,238.954,0.000,41.038,Roll
-1.699,0.000,0.328,-212.466,0.000,41.038,Roll
-1.308,0.000,0.328,-163.611,0.000,41.038,Roll
-0.918,0.000,0.328,-114.756,0.000,41.038,Roll
-0.527,0.000,0.328,-65.901,0.000,41.038,Roll
-0.136,0.000,0.328,-17.046,0.000,41.038,Roll
0.254,0.000,0.328,31.817,0.000,41.038,Roll
0.629,0.000,0.328,78.718,0.000,41.038,Roll
1.004,0.000,0.328,125.618,0.000,41.038,Roll
1.395,0.000,0.328,174.473,0.000,41.038,Roll
1.786,0.000,0.328,223.328,0.000,41.038,Roll
-1.824,0.000,0.328,-228.092,0.000,41.038,Roll
-1.433,0.000,0.328,-179.237,0.000,41.038,Roll
-1.042,0.000,0.328,-130.382,0.000,41.038,Roll
-0.652,0.000,0.328,-81.527,0.000,41.038,Roll
-0.261,0.000,0.328,-32.672,0.000,41.038,Roll
0.129,0.000,0.328,16.191,0.000,41.038,Roll
0.504,0.000,0.328,63.092,0.000,41.038,Roll
0.879,0.000,0.328,109.992,0.000,41.038,Roll
1.270,0.000,0.328,158.847,0.000,41.038,Roll
1.661,0.000,0.328,207.702,0.000,41.038,Roll
-1.949,0.000,0.328,-243.718,0.000,41.038,Roll
-1.558,0.000,0.328,-194.863,0.000,41.038,Roll
-1.167,0.000,0.328,-146.008,0.000,41.038,Roll
-0.777,0.000,0.328,-97.153,0.000,41.038,Roll
-0.386,0.000,0.328,-48.298,0.000,41.038,Roll
0.005,0.000,0.328,0.565,0.000,41.038,Roll
0.380,0.000,0.328,47.466,0.000,41.038,Roll
0.755,0.000,0.328,94.366,0.000,41.038,Roll
1.130,0.000,0.328,141.267,0.000,41.038,Roll
1.520,0.000,0.328,190.122,0.000,41.038,Roll
1.911,0.000,0.328,238.977,0.000,41.038,Roll
-1.699,0.000,0.328,-212.443,0.000,41.038,Roll
-1.308,0.000,0.328,-163.588,0.000,41.038,Roll
-0.917,0.000,0.328,-114.733,0.000,41.038,Roll
-0.527,0.000,0.328,-65.878,0.000,41.038,Roll
-0.136,0.000,0.328,-17.023,0.000,41.038,Roll
0.255,0.000,0.328,31.840,0.000,41.038,Roll
0.630,0.000,0.328,78.740,0.000,41.038,Roll
1.005,0.000,0.328,125.641,0.000,41.038,Roll
1.395,0.000,0.328,174.496,0.000,41.038,Roll
1.786,0.000,0.328,223.351,0.000,41.038,Roll
-1.824,0.000,0.328,-228.069,0.000,41.038,Roll
-1.433,0.000,0.328,-179.214,0.000,41.038,Roll
-1.042,0.000,0.328,-130.359,0.000,41.038,Roll
-0.652,0.000,0.328,-81.504,0.000,41.038,Roll
-0.261,0.000,0.328,-32.649,0.000,41.038,Roll
0.130,0.000,0.328,16.214,0.000,41.038,Roll
0.505,0.000,0.328,63.115,0.000,41.038,Roll
0.880,0.000,0.328,110.015,0.000,41.038,Roll
1.270,0.000,0.328,158.870,0.000,41.038,Roll
1.661,0.000,0.328,207.725,0.000,41.038,Roll
-1.948,0.000,0.328,-243.695,0.000,41.038,Roll
-1.558,0.000,0.328,-194.840,0.000,41.038,Roll
-1.167,0.000,0.328,-145.985,0.000,41.038,Roll
-0.777,0.000,0.328,-97.130,0.000,41.038,Roll
-0.386,0.000,0.328,-48.275,0.000,41.038,Roll
0.005,0.000,0.328,0.588,0.000,41.038,Roll
0.380,0.000,0.328,47.489,0.000,41.038,Roll
0.755,0.000,0.328,94.389,0.000,41.038,Roll
1.130,0.000,0.328,141.290,0.000,41.038,Roll
1.520,0.000,0.328,190.145,0.000,41.038,Roll
1.911,0.000,0.328,239.000,0.000,41.038,Roll
-1.698,0.000,0.328,-212.420,0.000,41.038,Roll
-1.308,0.000,0.328,-163.565,0.000,41.038,Roll
-0.917,0.000,0.328,-114.710,0.000,41.038,Roll
-0.527,0.000,0.328,-65.855,0.000,41.038,Roll
-0.136,0.000,0.328,-17.000,0.000,41.038,Roll
0.255,0.000,0.328,31.863,0.000,41.038,Roll
0.630,0.000,0.328,78.763,0.000,41.038,Roll
1.005,0.000,0.328,125.664,0.000,41.038,Roll
1.395,0.000,0.328,174.519,0.000,41.038,Roll
1.786,0.000,0.328,223.374,0.000,41.038,Roll
-1.823,0.000,0.328,-228.046,0.000,41.038,Roll
-1.433,0.000,0.328,-179.191,0.000,41.038,Roll
-1.042,0.000,0.328,-130.336,0.000,41.038,Roll
-0.651,0.000,0.328,-81.481,0.000,41.038,Roll
-0.261,0.000,0.328,-32.626,0.000,41.038,Roll
0.130,0.000,0.328,16.237,0.000,41.038,Roll
0.505,0.000,0.328,63.137,0.000,41.038,Roll
0.880,0.000,0.328,110.038,0.000,41.038,Roll
1.270,0.000,0.328,158.893,0.000,41.038,Roll
1.661,0.000,0.328,207.748,0.000,41.038,Roll
-1.948,0.000,0.328,-243.672,0.000,41.038,Roll
-1.558,0.000,0.328,-194.817,0.000,41.038,Roll
-1.167,0.000,0.328,-145.962,0.000,41.038,Roll
-0.776,0.000,0.328,-97.107,0.000,41.038,Roll
-0.386,0.000,0.328,-48.252,0.000,41.038,Roll
0.005,0.000,0.328,0.611,0.000,41.038,Roll
0.380,0.000,0.328,47.511,0.000,41.038,Roll
0.755,0.000,0.328,94.412,0.000,41.038,Roll
1.130,0.000,0.328,141.313,0.000,41.038,Roll
1.521,0.000,0.328,190.168,0.000,41.038,Roll
1.911,0.000,0.328,239.023,0.000,41.038,Roll
-1.698,0.000,0.328,-212.397,0.000,41.038,Roll
-1.308,0.000,0.328,-163.542,0.000,41.038,Roll
-0.917,0.000,0.328,-114.687,0.000,41.038,Roll
-0.526,0.000,0.328,-65.832,0.000,41.038,Roll
-0.136,0.000,0.328,-16.977,0.000,41.038,Roll
0.255,0.000,0.328,31.885,0.000,41.038,Roll
0.630,0.000,0.328,78.786,0.000,41.038,Roll
1.005,0.000,0.328,125.687,0.000,41.038,Roll
1.396,0.000,0.328,174.542,0.000,41.038,Roll
1.786,0.000,0.328,223.397,0.000,41.038,Roll
-1.823,0.000,0.328,-228.023,0.000,41.038,Roll
-1.433,0.000,0.328,-179.168,0.000,41.038,Roll
-1.042,0.000,0.328,-130.313,0.000,41.038,Roll
-0.651,0.000,0.328,-81.458,0.000,41.038,Roll
-0.261,0.000,0.328,-32.603,0.000,41.038,Roll
0.130,0.000,0.328,16.260,0.000,41.038,Roll
0.505,0.000,0.328,63.160,0.000,41.038,Roll
0.880,0.000,0.328,110.061,0.000,41.038,Roll
1.271,0.000,0.328,158.916,0.000,41.038,Roll
1.661,0.000,0.328,207.771,0.000,41.038,Roll
-1.948,0.000,0.328,-243.649,0.000,41.038,Roll
-1.557,0.000,0.328,-194.794,0.000,41.038,Roll
-1.167,0.000,0.328,-145.939,0.000,41.038,Roll
-0.776,0.000,0.328,-97.084,0.000,41.038,Roll
-0.386,0.000,0.328,-48.229,0.000,41.038,Roll
0.005,0.000,0.328,0.634,0.000,41.038,Roll
0.380,0.000,0.328,47.534,0.000,41.038,Roll
0.755,0.000,0.328,94.435,0.000,41.038,Roll
1.130,0.000,0.328,141.336,0.000,41.038,Roll
1.521,0.000,0.328,190.191,0.000,41.038,Roll
1.911,0.000,0.328,239.046,0.000,41.038,Roll
-1.698,0.000,0.328,-212.374,0.000,41.038,Roll
-1.307,0.000,0.328,-163.519,0.000,41.038,Roll
-0.917,0.000,0.328,-114.664,0.000,41.038,Roll
-0.526,0.000,0.328,-65.809,0.000,41.038,Roll
-0.136,0.000,0.328,-16.954,0.000,41.038,Roll
0.255,0.000,0.328,31.908,0.000,41.038,Roll
0.630,0.000,0.328,78.809,0.000,41.038,Roll
1.005,0.000,0.328,125.710,0.000,41.038,Roll
1.396,0.000,0.328,174.565,0.000,41.038,Roll
1.786,0.000,0.328,223.420,0.000,41.038,Roll
-1.823,0.000,0.328,-228.000,0.000,41.038,Roll
-1.432,0.000,0.328,-179.145,0.000,41.038,Roll
-1.042,0.000,0.328,-130.290,0.000,41.038,Roll
-0.651,0.000,0.328,-81.435,0.000,41.038,Roll
-0.260,0.000,0.328,-32.580,0.000,41.038,Roll
0.130,0.000,0.328,16.282,0.000,41.038,Roll
0.505,0.000,0.328,63.183,0.000,41.038,Roll
0.880,0.000,0.328,110.084,0.000,41.038,Roll
1.271,0.000,0.328,158.939,0.000,41.038,Roll
1.661,0.000,0.328,207.794,0.000,41.038,Roll
-1.948,0.000,0.328,-243.626,0.000,41.038,Roll
-1.557,0.000,0.328,-194.771,0.000,41.038,Roll
-1.167,0.000,0.328,-145.916,0.000,41.038,Roll
-0.776,0.000,0.328,-97.061,0.000,41.038,Roll
-0.385,0.000,0.328,-48.206,0.000,41.038,Roll
0.005,0.000,0.328,0.656,0.000,41.038,Roll
0.380,0.000,0.328,47.557,0.000,41.038,Roll
0.755,0.000,0.328,94.458,0.000,41.038,Roll
1.130,0.000,0.328,141.359,0.000,41.038,Roll
1.521,0.000,0.328,190.214,0.000,41.038,Roll
1.911,0.000,0.328,239.069,0.000,41.038,Roll
-1.698,0.000,0.328,-212.351,0.000,41.038,Roll
-1.307,0.000,0.328,-163.496,0.000,41.038,Roll
-0.917,0.000,0.328,-114.641,0.000,41.038,Roll
-0.526,0.000,0.328,-65.786,0.000,41.038,Roll
-0.135,0.000,0.328,-16.931,0.000,41.038,Roll
0.255,0.000,0.328,31.931,0.000,41.038,Roll
0.630,0.000,0.328,78.832,0.000,41.038,Roll
1.005,0.000,0.328,125.733,0.000,41.038,Roll
1.396,0.000,0.328,174.588,0.000,41.038,Roll
1.787,0.000,0.328,223.443,0.000,41.038,Roll
-1.823,0.000,0.328,-227.977,0.000,41.038,Roll
-1.432,0.000,0.328,-179.122,0.000,41.038,Roll
-1.042,0.000,0.328,-130.267,0.000,41.038,Roll
-0.651,0.000,0.328,-81.412,0.000,41.038,Roll
-0.260,0.000,0.328,-32.557,0.000,41.038,Roll
0.130,0.000,0.328,16.305,0.000,41.038,Roll
0.505,0.000,0.328,63.206,0.000,41.038,Roll
0.880,0.000,0.328,110.107,0.000,41.038,Roll
1.271,0.000,0.328,158.962,0.000,41.038,Roll
1.662,0.000,0.328,207.817,0.000,41.038,Roll
-1.948,0.000,0.328,-243.603,0.000,41.038,Roll
-1.557,0.000,0.328,-194.748,0.000,41.038,Roll
-1.167,0.000,0.328,-145.893,0.000,41.038,Roll
-0.776,0.000,0.328,-97.038,0.000,41.038,Roll
-0.385,0.000,0.328,-48.183,0.000,41.038,Roll
0.005,0.000,0.328,0.679,0.000,41.038,Roll
0.380,0.000,0.328,47.580,0.000,41.038,Roll
0.755,0.000,0.328,94.481,0.000,41.038,Roll
1.130,0.000,0.328,141.382,0.000,41.038,Roll
1.521,0.000,0.328,190.237,0.000,41.038,Roll
1.912,0.000,0.328,239.092,0.000,41.038,Roll
-1.698,0.000,0.328,-212.328,0.000,41.038,Roll
-1.307,0.000,0.328,-163.473,0.000,41.038,Roll
-0.916,0.000,0.328,-114.618,0.000,41.038,Roll
-0.526,0.000,0.328,-65.763,0.000,41.038,Roll
-0.135,0.000,0.328,-16.908,0.000,41.038,Roll
0.255,0.000,0.328,31.954,0.000,41.038,Roll
0.630,0.000,0.328,78.855,0.000,41.038,Roll
1.005,0.000,0.328,125.756,0.000,41.038,Roll
1.396,0.000,0.328,174.611,0.000,41.038,Roll
1.787,0.000,0.328,223.466,0.000,41.038,Roll
-1.823,0.000,0.328,-227.954,0.000,41.038,Roll
-1.432,0.000,0.328,-179.099,0.000,41.038,Roll
-1.041,0.000,0.328,-130.244,0.000,41.038,Roll
-0.651,0.000,0.328,-81.389,0.000,41.038,Roll
-0.260,0.000,0.328,-32.534,0.000,41.038,Roll
0.131,0.000,0.328,16.328,0.000,41.038,Roll
0.506,0.000,0.328,63.229,0.000,41.038,Roll
0.881,0.000,0.328,110.130,0.000,41.038,Roll
1.271,0.000,0.328,158.985,0.000,41.038,Roll
1.662,0.000,0.328,207.840,0.000,41.038,Roll
-1.948,0.000,0.328,-243.580,0.000,41.038,Roll
-1.557,0.000,0.328,-194.725,0.000,41.038,Roll
-1.166,0.000,0.328,-145.870,0.000,41.038,Roll
-0.776,0.000,0.328,-97.015,0.000,41.038,Roll
-0.385,0.000,0.328,-48.160,0.000,41.038,Roll
0.006,0.000,0.328,0.702,0.000,41.038,Roll
0.381,0.000,0.328,47.603,0.000,41.038,Roll
0.756,0.000,0.328,94.504,0.000,41.038,Roll
1.131,0.000,0.328,141.405,0.000,41.038,Roll
1.521,0.000,0.328,190.260,0.000,41.038,Roll
1.912,0.000,0.328,239.115,0.000,41.038,Roll
-1.698,0.000,0.328,-212.305,0.000,41.038,Roll
-1.307,0.000,0.328,-163.450,0.000,41.038,Roll
-0.916,0.000,0.328,-114.595,0.000,41.038,Roll
-0.526,0.000,0.328,-65.740,0.000,41.038,Roll
-0.135,0.000,0.328,-16.885,0.000,41.038,Roll
0.256,0.000,0.328,31.977,0.000,41.038,Roll
0.631,0.000,0.328,78.878,0.000,41.038,Roll
1.006,0.000,0.328,125.779,0.000,41.038,Roll
1.396,0.000,0.328,174.634,0.000,41.038,Roll
1.787,0.000,0.328,223.489,0.000,41.038,Roll
-1.822,0.000,0.328,-227.931,0.000,41.038,Roll
-1.432,0.000,0.328,-179.076,0.000,41.038,Roll
-1.041,0.000,0.328,-130.221,0.000,41.038,Roll
-0.651,0.000,0.328,-81.366,0.000,41.038,Roll
-0.260,0.000,0.328,-32.511,0.000,41.038,Roll
0.131,0.000,0.328,16.351,0.000,41.038,Roll
0.506,0.000,0.328,63.252,0.000,41.038,Roll
0.881,0.000,0.328,110.153,0.000,41.038,Roll
1.271,0.000,0.328,159.008,0.000,41.038,Roll
1.662,0.000,0.328,207.863,0.000,41.038,Roll
-1.947,0.000,0.328,-243.557,0.000,41.038,Roll
-1.557,0.000,0.328,-194.702,0.000,41.038,Roll
-1.166,0.000,0.328,-145.847,0.000,41.038,Roll
-0.776,0.000,0.328,-96.992,0.000,41.038,Roll
-0.385,0.000,0.328,-48.137,0.000,41.038,Roll
0.006,0.000,0.328,0.725,0.000,41.038,Roll
0.381,0.000,0.328,47.626,0.000,41.038,Roll
0.756,0.000,0.328,94.527,0.000,41.038,Roll
1.131,0.000,0.328,141.427,0.000,41.038,Roll
1.521,0.000,0.328,190.282,0.000,41.038,Roll
1.912,0.000,0.328,239.137,0.000,41.038,Roll
-1.697,0.000,0.328,-212.282,0.000,41.038,Roll
-1.307,0.000,0.328,-163.427,0.000,41.038,Roll
-0.916,0.000,0.328,-114.573,0.000,41.038,Roll
-0.525,0.000,0.328,-65.718,0.000,41.038,Roll
-0.135,0.000,0.328,-16.863,0.000,41.038,Roll
0.256,0.000,0.328,32.000,0.000,41.038,Roll
0.631,0.000,0.328,78.901,0.000,41.038,Roll
1.006,0.000,0.328,125.802,0.000,41.038,Roll
1.396,0.000,0.328,174.656,0.000,41.038,Roll
1.787,0.000,0.328,223.511,0.000,41.038,Roll
-1.822,0.000,0.328,-227.908,0.000,41.038,Roll
-1.432,0.000,0.328,-179.053,0.000,41.038,Roll
-1.041,0.000,0.328,-130.198,0.000,41.038,Roll
-0.650,0.000,0.328,-81.344,0.000,41.038,Roll
-0.260,0.000,0.328,-32.489,0.000,41.038,Roll
0.131,0.000,0.328,16.374,0.000,41.038,Roll
0.506,0.000,0.328,63.275,0.000,41.038,Roll
0.881,0.000,0.328,110.176,0.000,41.038,Roll
1.272,0.000,0.328,159.031,0.000,41.038,Roll
1.662,0.000,0.328,207.885,0.000,41.038,Roll
-1.947,0.000,0.328,-243.534,0.000,41.038,Roll
-1.557,0.000,0.328,-194.679,0.000,41.038,Roll
-1.166,0.000,0.328,-145.824,0.000,41.038,Roll
-0.775,0.000,0.328,-96.969,0.000,41.038,Roll
-0.385,0.000,0.328,-48.115,0.000,41.038,Roll
0.006,0.000,0.328,0.748,0.000,41.038,Roll
0.381,0.000,0.328,47.649,0.000,41.038,Roll
0.756,0.000,0.328,94.550,0.000,41.038,Roll
1.131,0.000,0.328,141.450,0.000,41.038,Roll
1.522,0.000,0.328,190.305,0.000,41.038,Roll
1.912,0.000,0.328,239.160,0.000,41.038,Roll
-1.697,0.000,0.328,-212.260,0.000,41.038,Roll
-1.307,0.000,0.328,-163.405,0.000,41.038,Roll
-0.916,0.000,0.328,-114.550,0.000,41.038,Roll
-0.525,0.000,0.328,-65.695,0.000,41.038,Roll
-0.135,0.000,0.328,-16.840,0.000,41.038,Roll
0.256,0.000,0.328,32.023,0.000,41.038,Roll
0.631,0.000,0.328,78.924,0.000,41.038,Roll
1.006,0.000,0.328,125.824,0.000,41.038,Roll
1.397,0.000,0.328,174.679,0.000,41.038,Roll
1.787,0.000,0.328,223.534,0.000,41.038,Roll
-1.822,0.000,0.328,-227.885,0.000,41.038,Roll
-1.431,0.000,0.328,-179.031,0.000,41.038,Roll
-1.041,0.000,0.328,-130.176,0.000,41.038,Roll
-0.650,0.000,0.328,-81.321,0.000,41.038,Roll
-0.260,0.000,0.328,-32.466,0.000,41.038,Roll
0.131,0.000,0.328,16.397,0.000,41.038,Roll
0.506,0.000,0.328,63.298,0.000,41.038,Roll
0.881,0.000,0.328,110.198,0.000,41.038,Roll
1.272,0.000,0.328,159.053,0.000,41.038,Roll
1.662,0.000,0.328,207.908,0.000,41.038,Roll
-1.947,0.000,0.328,-243.511,0.000,41.038,Roll
-1.556,0.000,0.328,-194.656,0.000,41.038,Roll
-1.166,0.000,0.328,-145.802,0.000,41.038,Roll
-0.775,0.000,0.328,-96.947,0.000,41.038,Roll
-0.385,0.000,0.328,-48.092,0.000,41.038,Roll
0.006,0.000,0.328,0.771,0.000,41.038,Roll
0.381,0.000,0.328,47.672,0.000,41.038,Roll
0.756,0.000,0.328,94.573,0.000,41.038,Roll
1.131,0.000,0.328,141.473,0.000,41.038,Roll
1.522,0.000,0.328,190.328,0.000,41.038,Roll
1.912,0.000,0.328,239.183,0.000,41.038,Roll
-1.697,0.000,0.328,-212.237,0.000,41.038,Roll
-1.306,0.000,0.328,-163.382,0.000,41.038,Roll
-0.916,0.000,0.328,-114.527,0.000,41.038,Roll
-0.525,0.000,0.328,-65.672,0.000,41.038,Roll
-0.134,0.000,0.328,-16.817,0.000,41.038,Roll
0.256,0.000,0.328,32.046,0.000,41.038,Roll
0.631,0.000,0.328,78.947,0.000,41.038,Roll
1.006,0.000,0.328,125.847,0.000,41.038,Roll
1.397,0.000,0.328,174.702,0.000,41.038,Roll
1.787,0.000,0.328,223.557,0.000,41.038,Roll
-1.822,0.000,0.328,-227.863,0.000,41.038,Roll
-1.431,0.000,0.328,-179.008,0.000,41.038,Roll
-1.041,0.000,0.328,-130.153,0.000,41.038,Roll
-0.650,0.000,0.328,-81.298,0.000,41.038,Roll
-0.259,0.000,0.328,-32.443,0.000,41.038,Roll
0.131,0.000,0.328,16.420,0.000,41.038,Roll
0.506,0.000,0.328,63.321,0.000,41.038,Roll
0.881,0.000,0.328,110.221,0.000,41.038,Roll
1.272,0.000,0.328,159.076,0.000,41.038,Roll
1.663,0.000,0.328,207.931,0.000,41.038,Roll
-1.947,0.000,0.328,-243.489,0.000,41.038,Roll
-1.556,0.000,0.328,-194.634,0.000,41.038,Roll
-1.166,0.000,0.328,-145.779,0.000,41.038,Roll
-0.775,0.000,0.328,-96.924,0.000,41.038,Roll
-0.384,0.000,0.328,-48.069,0.000,41.038,Roll
0.006,0.000,0.328,0.794,0.000,41.038,Roll
0.381,0.000,0.328,47.695,0.000,41.038,Roll
0.756,0.000,0.328,94.595,0.000,41.038,Roll
1.131,0.000,0.328,141.496,0.000,41.038,Roll
1.522,0.000,0.328,190.351,0.000,41.038,Roll
1.913,0.000,0.328,239.206,0.000,41.038,Roll
-1.697,0.000,0.328,-212.214,0.000,41.038,Roll
-1.306,0.000,0.328,-163.359,0.000,41.038,Roll
-0.916,0.000,0.328,-114.504,0.000,41.038,Roll
-0.525,0.000,0.328,-65.649,0.000,41.038,Roll
-0.134,0.000,0.328,-16.794,0.000,41.038,Roll
0.256,0.000,0.328,32.069,0.000,41.038,Roll
0.631,0.000,0.328,78.969,0.000,41.038,Roll
1.006,0.000,0.328,125.870,0.000,41.038,Roll
1.397,0.000,0.328,174.725,0.000,41.038,Roll
1.788,0.000,0.328,223.580,0.000,41.038,Roll
-1.822,0.000,0.328,-227.840,0.000,41.038,Roll
-1.431,0.000,0.328,-178.985,0.000,41.038,Roll
-1.040,0.000,0.328,-130.130,0.000,41.038,Roll
-0.650,0.000,0.328,-81.275,0.000,41.038,Roll
-0.259,0.000,0.328,-32.420,0.000,41.038,Roll
0.131,0.000,0.328,16.443,0.000,41.038,Roll
0.506,0.000,0.328,63.344,0.000,41.038,Roll
0.881,0.000,0.328,110.244,0.000,41.038,Roll
1.272,0.000,0.328,159.099,0.000,41.038,Roll
1.663,0.000,0.328,207.954,0.000,41.038,Roll
-1.947,0.000,0.328,-243.466,0.000,41.038,Roll
-1.556,0.000,0.328,-194.611,0.000,41.038,Roll
-1.165,0.000,0.328,-145.756,0.000,41.038,Roll
-0.775,0.000,0.328,-96.901,0.000,41.038,Roll
-0.384,0.000,0.328,-48.046,0.000,41.038,Roll
0.007,0.000,0.328,0.817,0.000,41.038,Roll
0.382,0.000,0.328,47.718,0.000,41.038,Roll
0.757,0.000,0.328,94.618,0.000,41.038,Roll
1.132,0.000,0.328,141.519,0.000,41.038,Roll
1.522,0.000,0.328,190.374,0.000,41.038,Roll
1.913,0.000,0.328,239.229,0.000,41.038,Roll
-1.697,0.000,0.328,-212.191,0.000,41.038,Roll
-1.306,0.000,0.328,-163.336,0.000,41.038,Roll
-0.915,0.000,0.328,-114.481,0.000,41.038,Roll
-0.525,0.000,0.328,-65.626,0.000,41.038,Roll
-0.134,0.000,0.328,-16.771,0.000,41.038,Roll
0.257,0.000,0.328,32.092,0.000,41.038,Roll
0.632,0.000,0.328,78.992,0.000,41.038,Roll
1.007,0.000,0.328,125.893,0.000,41.038,Roll
1.397,0.000,0.328,174.748,0.000,41.038,Roll
1.788,0.000,0.328,223.603,0.000,41.038,Roll
-1.822,0.000,0.328,-227.817,0.000,41.038,Roll
-1.431,0.000,0.328,-178.962,0.000,41.038,Roll
-1.040,0.000,0.328,-130.107,0.000,41.038,Roll
-0.650,0.000,0.328,-81.252,0.000,41.038,Roll
-0.259,0.000,0.328,-32.397,0.000,41.038,Roll
0.132,0.000,0.328,16.466,0.000,41.038,Roll
0.507,0.000,0.328,63.366,0.000,41.038,Roll
0.882,0.000,0.328,110.267,0.000,41.038,Roll
1.272,0.000,0.328,159.122,0.000,41.038,Roll
1.663,0.000,0.328,207.977,0.000,41.038,Roll
-1.946,0.000,0.328,-243.443,0.000,41.038,Roll
-1.556,0.000,0.328,-194.588,0.000,41.038,Roll
-1.165,0.000,0.328,-145.733,0.000,41.038,Roll
-0.775,0.000,0.328,-96.878,0.000,41.038,Roll
-0.384,0.000,0.328,-48.023,0.000,41.038,Roll
0.007,0.000,0.328,0.840,0.000,41.038,Roll
0.382,0.000,0.328,47.740,0.000,41.038,Roll
0.757,0.000,0.328,94.641,0.000,41.038,Roll
1.132,0.000,0.328,141.542,0.000,41.038,Roll
1.522,0.000,0.328,190.397,0.000,41.038,Roll
1.913,0.000,0.328,239.252,0.000,41.038,Roll
-1.696,0.000,0.328,-212.168,0.000,41.038,Roll
-1.306,0.000,0.328,-163.313,0.000,41.038,Roll
-0.915,0.000,0.328,-114.458,0.000,41.038,Roll
-0.525,0.000,0.328,-65.603,0.000,41.038,Roll
-0.134,0.000,0.328,-16.748,0.000,41.038,Roll
0.257,0.000,0.328,32.115,0.000,41.038,Roll
0.632,0.000,0.328,79.015,0.000,41.038,Roll
1.007,0.000,0.328,125.916,0.000,41.038,Roll
1.397,0.000,0.328,174.771,0.000,41.038,Roll
1.788,0.000,0.328,223.626,0.000,41.038,Roll
-1.821,0.000,0.328,-227.794,0.000,41.038,Roll
-1.431,0.000,0.328,-178.939,0.000,41.038,Roll
-1.040,0.000,0.328,-130.084,0.000,41.038,Roll
-0.649,0.000,0.328,-81.229,0.000,41.038,Roll
-0.259,0.000,0.328,-32.374,0.000,41.038,Roll
0.132,0.000,0.328,16.489,0.000,41.038,Roll
0.507,0.000,0.328,63.389,0.000,41.038,Roll
0.882,0.000,0.328,110.290,0.000,41.038,Roll
1.272,0.000,0.328,159.145,0.000,41.038,Roll
1.663,0.000,0.328,208.000,0.000,41.038,Roll
-1.946,0.000,0.328,-243.420,0.000,41.038,Roll
-1.556,0.000,0.328,-194.565,0.000,41.038,Roll
-1.165,0.000,0.328,-145.710,0.000,41.038,Roll
-0.774,0.000,0.328,-96.855,0.000,41.038,Roll
-0.384,0.000,0.328,-48.000,0.000,41.038,Roll
0.007,0.000,0.328,0.863,0.000,41.038,Roll
0.382,0.000,0.328,47.763,0.000,41.038,Roll
0.757,0.000,0.328,94.664,0.000,41.038,Roll
1.132,0.000,0.328,141.565,0.000,41.038,Roll
1.523,0.000,0.328,190.420,0.000,41.038,Roll
1.913,0.000,0.328,239.275,0.000,41.038,Roll
-1.696,0.000,0.328,-212.145,0.000,41.038,Roll
-1.306,0.000,0.328,-163.290,0.000,41.038,Roll
-0.915,0.000,0.328,-114.435,0.000,41.038,Roll
-0.524,0.000,0.328,-65.580,0.000,41.038,Roll
-0.134,0.000,0.328,-16.725,0.000,41.038,Roll
0.257,0.000,0.328,32.137,0.000,41.038,Roll
0.632,0.000,0.328,79.038,0.000,41.038,Roll
1.007,0.000,0.328,125.939,0.000,41.038,Roll
1.398,0.000,0.328,174.794,0.000,41.038,Roll
1.788,0.000,0.328,223.649,0.000,41.038,Roll
-1.821,0.000,0.328,-227.771,0.000,41.038,Roll
-1.431,0.000,0.328,-178.916,0.000,41.038,Roll
-1.040,0.000,0.328,-130.061,0.000,41.038,Roll
-0.649,0.000,0.328,-81.206,0.000,41.038,Roll
-0.259,0.000,0.328,-32.351,0.000,41.038,Roll
0.132,0.000,0.328,16.511,0.000,41.038,Roll
0.507,0.000,0.328,63.412,0.000,41.038,Roll
0.882,0.000,0.328,110.313,0.000,41.038,Roll
1.273,0.000,0.328,159.168,0.000,41.038,Roll
1.663,0.000,0.328,208.023,0.000,41.038,Roll
-1.946,0.000,0.328,-243.397,0.000,41.038,Roll
-1.555,0.000,0.328,-194.542,0.000,41.038,Roll
-1.165,0.000,0.328,-145.687,0.000,41.038,Roll
-0.774,0.000,0.328,-96.832,0.000,41.038,Roll
-0.384,0.000,0.328,-47.977,0.000,41.038,Roll
0.007,0.000,0.328,0.885,0.000,41.038,Roll
0.382,0.000,0.328,47.786,0.000,41.038,Roll
0.757,0.000,0.328,94.687,0.000,41.038,Roll
1.132,0.000,0.328,141.588,0.000,41.038,Roll
1.523,0.000,0.328,190.443,0.000,41.038,Roll
1.913,0.000,0.328,239.298,0.000,41.038,Roll
-1.696,0.000,0.328,-212.122,0.000,41.038,Roll
-1.305,0.000,0.328,-163.267,0.000,41.038,Roll
-0.915,0.000,0.328,-114.412,0.000,41.038,Roll
-0.524,0.000,0.328,-65.557,0.000,41.038,Roll
-0.134,0.000,0.328,-16.702,0.000,41.038,Roll
0.257,0.000,0.328,32.160,0.000,41.038,Roll
0.632,0.000,0.328,79.061,0.000,41.038,Roll
1.007,0.000,0.328,125.962,0.000,41.038,Roll
1.398,0.000,0.328,174.817,0.000,41.038,Roll
1.788,0.000,0.328,223.672,0.000,41.038,Roll
-1.821,0.000,0.328,-227.748,0.000,41.038,Roll
-1.430,0.000,0.328,-178.893,0.000,41.038,Roll
-1.040,0.000,0.328,-130.038,0.000,41.038,Roll
-0.649,0.000,0.328,-81.183,0.000,41.038,Roll
-0.258,0.000,0.328,-32.328,0.000,41.038,Roll
0.132,0.000,0.328,16.534,0.000,41.038,Roll
0.507,0.000,0.328,63.435,0.000,41.038,Roll
0.882,0.000,0.328,110.336,0.000,41.038,Roll
1.273,0.000,0.328,159.191,0.000,41.038,Roll
1.663,0.000,0.328,208.046,0.000,41.038,Roll
-1.946,0.000,0.328,-243.374,0.000,41.038,Roll
-1.555,0.000,0.328,-194.519,0.000,41.038,Roll
-1.165,0.000,0.328,-145.664,0.000,41.038,Roll
-0.774,0.000,0.328,-96.809,0.000,41.038,Roll
-0.383,0.000,0.328,-47.954,0.000,41.038,Roll
0.007,0.000,0.328,0.908,0.000,41.038,Roll
0.382,0.000,0.328,47.809,0.000,41.038,Roll
0.757,0.000,0.328,94.710,0.000,41.038,Roll
1.132,0.000,0.328,141.611,0.000,41.038,Roll
1.523,0.000,0.328,190.466,0.000,41.038,Roll
1.914,0.000,0.328,239.321,0.000,41.038,Roll
-1.696,0.000,0.328,-212.099,0.000,41.038,Roll
-1.305,0.000,0.328,-163.244,0.000,41.038,Roll
-0.915,0.000,0.328,-114.389,0.000,41.038,Roll
-0.524,0.000,0.328,-65.534,0.000,41.038,Roll
-0.133,0.000,0.328,-16.679,0.000,41.038,Roll
0.257,0.000,0.328,32.183,0.000,41.038,Roll
0.632,0.000,0.328,79.084,0.000,41.038,Roll
1.007,0.000,0.328,125.985,0.000,41.038,Roll
1.398,0.000,0.328,174.840,0.000,41.038,Roll
1.789,0.000,0.328,223.695,0.000,41.038,Roll
-1.821,0.000,0.328,-227.725,0.000,41.038,Roll
-1.430,0.000,0.328,-178.870,0.000,41.038,Roll
-1.040,0.000,0.328,-130.015,0.000,41.038,Roll
-0.649,0.000,0.328,-81.160,0.000,41.038,Roll
-0.258,0.000,0.328,-32.305,0.000,41.038,Roll
0.132,0.000,0.328,16.557,0.000,41.038,Roll
0.507,0.000,0.328,63.458,0.000,41.038,Roll
0.882,0.000,0.328,110.359,0.000,41.038,Roll
1.273,0.000,0.328,159.214,0.000,41.038,Roll
1.664,0.000,0.328,208.069,0.000,41.038,Roll
-1.946,0.000,0.328,-243.351,0.000,41.038,Roll
-1.555,0.000,0.328,-194.496,0.000,41.038,Roll
-1.164,0.000,0.328,-145.641,0.000,41.038,Roll
-0.774,0.000,0.328,-96.786,0.000,41.038,Roll
-0.383,0.000,0.328,-47.931,0.000,41.038,Roll
0.007,0.000,0.328,0.931,0.000,41.038,Roll
0.382,0.000,0.328,47.832,0.000,41.038,Roll
0.757,0.000,0.328,94.733,0.000,41.038,Roll
1.132,0.000,0.328,141.634,0.000,41.038,Roll
1.523,0.000,0.328,190.489,0.000,41.038,Roll
1.914,0.000,0.328,239.344,0.000,41.038,Roll
-1.696,0.000,0.328,-212.076,0.000,41.038,Roll
-1.305,0.000,0.328,-163.221,0.000,41.038,Roll
-0.914,0.000,0.328,-114.366,0.000,41.038,Roll
-0.524,0.000,0.328,-65.511,0.000,41.038,Roll
-0.133,0.000,0.328,-16.656,0.000,41.038,Roll
0.258,0.000,0.328,32.206,0.000,41.038,Roll
0.633,0.000,0.328,79.107,0.000,41.038,Roll
1.008,0.000,0.328,126.008,0.000,41.038,Roll
1.398,0.000,0.328,174.863,0.000,41.038,Roll
1.789,0.000,0.328,223.718,0.000,41.038,Roll
-1.821,0.000,0.328,-227.702,0.000,41.038,Roll
-1.430,0.000,0.328,-178.847,0.000,41.038,Roll
-1.039,0.000,0.328,-129.992,0.000,41.038,Roll
-0.649,0.000,0.328,-81.137,0.000,41.038,Roll
-0.258,0.000,0.328,-32.282,0.000,41.038,Roll
0.133,0.000,0.328,16.580,0.000,41.038,Roll
0.508,0.000,0.328,63.481,0.000,41.038,Roll
0.883,0.000,0.328,110.382,0.000,41.038,Roll
1.273,0.000,0.328,159.237,0.000,41.038,Roll
1.664,0.000,0.328,208.092,0.000,41.038,Roll
-1.946,0.000,0.328,-243.328,0.000,41.038,Roll
-1.555,0.000,0.328,-194.473,0.000,41.038,Roll
-1.164,0.000,0.328,-145.618,0.000,41.038,Roll
-0.774,0.000,0.328,-96.763,0.000,41.038,Roll
-0.383,0.000,0.328,-47.908,0.000,41.038,Roll
0.008,0.000,0.328,0.954,0.000,41.038,Roll
0.383,0.000,0.328,47.855,0.000,41.038,Roll
0.758,0.000,0.328,94.756,0.000,41.038,Roll
1.133,0.000,0.328,141.656,0.000,41.038,Roll
1.523,0.000,0.328,190.511,0.000,41.038,Roll
1.914,0.000,0.328,239.366,0.000,41.038,Roll
-1.695,0.000,0.328,-212.053,0.000,41.038,Roll
-1.305,0.000,0.328,-163.198,0.000,41.038,Roll
-0.914,0.000,0.328,-114.344,0.000,41.038,Roll
-0.524,0.000,0.328,-65.489,0.000,41.038,Roll
-0.133,0.000,0.328,-16.634,0.000,41.038,Roll
0.258,0.000,0.328,32.229,0.000,41.038,Roll
0.633,0.000,0.328,79.130,0.000,41.038,Roll
1.008,0.000,0.328,126.031,0.000,41.038,Roll
1.398,0.000,0.328,174.885,0.000,41.038,Roll
1.789,0.000,0.328,223.740,0.000,41.038,Roll
-1.820,0.000,0.328,-227.679,0.000,41.038,Roll
-1.430,0.000,0.328,-178.824,0.000,41.038,Roll
-1.039,0.000,0.328,-129.969,0.000,41.038,Roll
-0.649,0.000,0.328,-81.115,0.000,41.038,Roll
-0.258,0.000,0.328,-32.260,0.000,41.038,Roll
0.133,0.000,0.328,16.603,0.000,41.038,Roll
0.508,0.000,0.328,63.504,0.000,41.038,Roll
0.883,0.000,0.328,110.405,0.000,41.038,Roll
1.273,0.000,0.328,159.260,0.000,41.038,Roll
1.664,0.000,0.328,208.115,0.000,41.038,Roll
-1.945,0.000,0.328,-243.305,0.000,41.038,Roll
-1.555,0.000,0.328,-194.450,0.000,41.038,Roll
-1.164,0.000,0.328,-145.595,0.000,41.038,Roll
-0.773,0.000,0.328,-96.740,0.000,41.038,Roll
-0.383,0.000,0.328,-47.885,0.000,41.038,Roll
0.008,0.000,0.328,0.977,0.000,41.038,Roll
0.383,0.000,0.328,47.878,0.000,41.038,Roll
0.758,0.000,0.328,94.779,0.000,41.038,Roll
1.133,0.000,0.328,141.679,0.000,41.038,Roll
1.523,0.000,0.328,190.534,0.000,41.038,Roll
1.914,0.000,0.328,239.389,0.000,41.038,Roll
-1.695,0.000,0.328,-212.031,0.000,41.038,Roll
-1.305,0.000,0.328,-163.176,0.000,41.038,Roll
-0.914,0.000,0.328,-114.321,0.000,41.038,Roll
-0.523,0.000,0.328,-65.466,0.000,41.038,Roll
-0.133,0.000,0.328,-16.611,0.000,41.038,Roll
0.258,0.000,0.328,32.252,0.000,41.038,Roll
0.633,0.000,0.328,79.153,0.000,41.038,Roll
1.008,0.000,0.328,126.053,0.000,41.038,Roll
1.398,0.000,0.328,174.908,0.000,41.038,Roll
1.789,0.000,0.328,223.763,0.000,41.038,Roll
-1.820,0.000,0.328,-227.656,0.000,41.038,Roll
-1.430,0.000,0.328,-178.802,0.000,41.038,Roll
-1.039,0.000,0.328,-129.947,0.000,41.038,Roll
-0.648,0.000,0.328,-81.092,0.000,41.038,Roll
-0.258,0.000,0.328,-32.237,0.000,41.038,Roll
0.133,0.000,0.328,16.626,0.000,41.038,Roll
0.508,0.000,0.328,63.527,0.000,41.038,Roll
0.883,0.000,0.328,110.427,0.000,41.038,Roll
1.274,0.000,0.328,159.282,0.000,41.038,Roll
1.664,0.000,0.328,208.137,0.000,41.038,Roll
-1.945,0.000,0.328,-243.282,0.000,41.038,Roll
-1.555,0.000,0.328,-194.427,0.000,41.038,Roll
-1.164,0.000,0.328,-145.573,0.000,41.038,Roll
-0.773,0.000,0.328,-96.718,0.000,41.038,Roll
-0.383,0.000,0.328,-47.863,0.000,41.038,Roll
0.008,0.000,0.328,1.000,0.000,41.038,Roll
0.383,0.000,0.328,47.901,0.000,41.038,Roll
0.758,0.000,0.328,94.802,0.000,41.038,Roll
1.133,0.000,0.328,141.702,0.000,41.038,Roll
1.524,0.000,0.328,190.557,0.000,41.038,Roll
1.914,0.000,0.328,239.412,0.000,41.038,Roll
-1.695,0.000,0.328,-212.008,0.000,41.038,Roll
-1.305,0.000,0.328,-163.153,0.000,41.038,Roll
-0.914,0.000,0.328,-114.298,0.000,41.038,Roll
-0.523,0.000,0.328,-65.443,0.000,41.038,Roll
-0.133,0.000,0.328,-16.588,0.000,41.038,Roll
0.258,0.000,0.328,32.275,0.000,41.038,Roll
0.633,0.000,0.328,79.176,0.000,41.038,Roll
1.008,0.000,0.328,126.076,0.000,41.038,Roll
1.399,0.000,0.328,174.931,0.000,41.038,Roll
1.789,0.000,0.328,223.786,0.000,41.038,Roll
-1.820,0.000,0.328,-227.634,0.000,41.038,Roll
-1.429,0.000,0.328,-178.779,0.000,41.038,Roll
-1.039,0.000,0.328,-129.924,0.000,41.038,Roll
-0.648,0.000,0.328,-81.069,0.000,41.038,Roll
-0.258,0.000,0.328,-32.214,0.000,41.038,Roll
0.133,0.000,0.328,16.649,0.000,41.038,Roll
0.508,0.000,0.328,63.550,0.000,41.038,Roll
0.883,0.000,0.328,110.450,0.000,41.038,Roll
1.274,0.000,0.328,159.305,0.000,41.038,Roll
1.664,0.000,0.328,208.160,0.000,41.038,Roll
-1.945,0.000,0.328,-243.260,0.000,41.038,Roll
-1.554,0.000,0.328,-194.405,0.000,41.038,Roll
-1.164,0.000,0.328,-145.550,0.000,41.038,Roll
-0.773,0.000,0.328,-96.695,0.000,41.038,Roll
-0.383,0.000,0.328,-47.840,0.000,41.038,Roll
0.008,0.000,0.328,1.023,0.000,41.038,Roll
0.383,0.000,0.328,47.924,0.000,41.038,Roll
0.758,0.000,0.328,94.824,0.000,41.038,Roll
1.133,0.000,0.328,141.725,0.000,41.038,Roll
1.524,0.000,0.328,190.580,0.000,41.038,Roll
1.914,0.000,0.328,239.435,0.000,41.038,Roll
-1.695,0.000,0.328,-211.985,0.000,41.038,Roll
-1.304,0.000,0.328,-163.130,0.000,41.038,Roll
-0.914,0.000,0.328,-114.275,0.000,41.038,Roll
-0.523,0.000,0.328,-65.420,0.000,41.038,Roll
-0.132,0.000,0.328,-16.565,0.000,41.038,Roll
0.258,0.000,0.328,32.298,0.000,41.038,Roll
0.633,0.000,0.328,79.198,0.000,41.038,Roll
1.008,0.000,0.328,126.099,0.000,41.038,Roll
1.399,0.000,0.328,174.954,0.000,41.038,Roll
1.789,0.000,0.328,223.809,0.000,41.038,Roll
-1.820,0.000,0.328,-227.611,0.000,41.038,Roll
-1.429,0.000,0.328,-178.756,0.000,41.038,Roll
-1.039,0.000,0.328,-129.901,0.000,41.038,Roll
-0.648,0.000,0.328,-81.046,0.000,41.038,Roll
-0.257,0.000,0.328,-32.191,0.000,41.038,Roll
0.133,0.000,0.328,16.672,0.000,41.038,Roll
0.508,0.000,0.328,63.573,0.000,41.038,Roll
0.883,0.000,0.328,110.473,0.000,41.038,Roll
1.274,0.000,0.328,159.328,0.000,41.038,Roll
1.665,0.000,0.328,208.183,0.000,41.038,Roll
-1.945,0.000,0.328,-243.237,0.000,41.038,Roll
-1.554,0.000,0.328,-194.382,0.000,41.038,Roll
-1.164,0.000,0.328,-145.527,0.000,41.038,Roll
-0.773,0.000,0.328,-96.672,0.000,41.038,Roll
-0.382,0.000,0.328,-47.817,0.000,41.038,Roll
0.008,0.000,0.328,1.046,0.000,41.038,Roll
0.383,0.000,0.328,47.947,0.000,41.038,Roll
0.758,0.000,0.328,94.847,0.000,41.038,Roll
1.133,0.000,0.328,141.748,0.000,41.038,Roll
1.524,0.000,0.328,190.603,0.000,41.038,Roll
1.915,0.000,0.328,239.458,0.000,41.038,Roll
-1.695,0.000,0.328,-211.962,0.000,41.038,Roll
-1.304,0.000,0.328,-163.107,0.000,41.038,Roll
-0.914,0.000,0.328,-114.252,0.000,41.038,Roll
-0.523,0.000,0.328,-65.397,0.000,41.038,Roll
-0.132,0.000,0.328,-16.542,0.000,41.038,Roll
0.258,0.000,0.328,32.321,0.000,41.038,Roll
0.633,0.000,0.328,79.221,0.000,41.038,Roll
1.008,0.000,0.328,126.122,0.000,41.038,Roll
1.399,0.000,0.328,174.977,0.000,41.038,Roll
1.790,0.000,0.328,223.832,0.000,41.038,Roll
-1.820,0.000,0.328,-227.588,0.000,41.038,Roll
-1.429,0.000,0.328,-178.733,0.000,41.038,Roll
-1.038,0.000,0.328,-129.878,0.000,41.038,Roll
-0.648,0.000,0.328,-81.023,0.000,41.038,Roll
-0.257,0.000,0.328,-32.168,0.000,41.038,Roll
0.133,0.000,0.328,16.695,0.000,41.038,Roll
0.508,0.000,0.328,63.595,0.000,41.038,Roll
0.883,0.000,0.328,110.496,0.000,41.038,Roll
1.274,0.000,0.328,159.351,0.000,41.038,Roll
1.665,0.000,0.328,208.206,0.000,41.038,Roll
-1.945,0.000,0.328,-243.214,0.000,41.038,Roll
-1.554,0.000,0.328,-194.359,0.000,41.038,Roll
-1.163,0.000,0.328,-145.504,0.000,41.038,Roll
-0.773,0.000,0.328,-96.649,0.000,41.038,Roll
-0.382,0.000,0.328,-47.794,0.000,41.038,Roll
0.009,0.000,0.328,1.069,0.000,41.038,Roll
0.384,0.000,0.328,47.969,0.000,41.038,Roll
0.759,0.000,0.328,94.870,0.000,41.038,Roll
1.134,0.000,0.328,141.771,0.000,41.038,Roll
1.524,0.000,0.328,190.626,0.000,41.038,Roll
1.915,0.000,0.328,239.481,0.000,41.038,Roll
-1.695,0.000,0.328,-211.939,0.000,41.038,Roll
-1.304,0.000,0.328,-163.084,0.000,41.038,Roll
-0.913,0.000,0.328,-114.229,0.000,41.038,Roll
-0.523,0.000,0.328,-65.374,0.000,41.038,Roll
-0.132,0.000,0.328,-16.519,0.000,41.038,Roll
0.259,0.000,0.328,32.344,0.000,41.038,Roll
0.634,0.000,0.328,79.244,0.000,41.038,Roll
1.009,0.000,0.328,126.145,0.000,41.038,Roll
1.399,0.000,0.328,175.000,0.000,41.038,Roll
1.790,0.000,0.328,223.855,0.000,41.038,Roll
-1.820,0.000,0.328,-227.565,0.000,41.038,Roll
-1.429,0.000,0.328,-178.710,0.000,41.038,Roll
-1.038,0.000,0.328,-129.855,0.000,41.038,Roll
-0.648,0.000,0.328,-81.000,0.000,41.038,Roll
-0.257,0.000,0.328,-32.145,0.000,41.038,Roll
0.134,0.000,0.328,16.718,0.000,41.038,Roll
0.509,0.000,0.328,63.618,0.000,41.038,Roll
0.884,0.000,0.328,110.519,0.000,41.038,Roll
1.274,0.000,0.328,159.374,0.000,41.038,Roll
1.665,0.000,0.328,208.229,0.000,41.038,Roll
-1.944,0.000,0.328,-243.191,0.000,41.038,Roll
-1.554,0.000,0.328,-194.336,0.000,41.038,Roll
-1.163,0.000,0.328,-145.481,0.000,41.038,Roll
-0.773,0.000,0.328,-96.626,0.000,41.038,Roll
-0.382,0.000,0.328,-47.771,0.000,41.038,Roll
0.009,0.000,0.328,1.092,0.000,41.038,Roll
0.384,0.000,0.328,47.992,0.000,41.038,Roll
0.759,0.000,0.328,94.893,0.000,41.038,Roll
1.134,0.000,0.328,141.794,0.000,41.038,Roll
1.524,0.000,0.328,190.649,0.000,41.038,Roll
1.915,0.000,0.328,239.504,0.000,41.038,Roll
-1.694,0.000,0.328,-211.916,0.000,41.038,Roll
-1.304,0.000,0.328,-163.061,0.000,41.038,Roll
-0.913,0.000,0.328,-114.206,0.000,41.038,Roll
-0.523,0.000,0.328,-65.351,0.000,41.038,Roll
-0.132,0.000,0.328,-16.496,0.000,41.038,Roll
0.259,0.000,0.328,32.366,0.000,41.038,Roll
0.634,0.000,0.328,79.267,0.000,41.038,Roll
1.009,0.000,0.328,126.168,0.000,41.038,Roll
1.399,0.000,0.328,175.023,0.000,41.038,Roll
1.790,0.000,0.328,223.878,0.000,41.038,Roll
-1.819,0.000,0.328,-227.542,0.000,41.038,Roll
-1.429,0.000,0.328,-178.687,0.000,41.038,Roll
-1.038,0.000,0.328,-129.832,0.000,41.038,Roll
-0.647,0.000,0.328,-80.977,0.000,41.038,Roll
-0.257,0.000,0.328,-32.122,0.000,41.038,Roll
0.134,0.000,0.328,16.740,0.000,41.038,Roll
0.509,0.000,0.328,63.641,0.000,41.038,Roll
0.884,0.000,0.328,110.542,0.000,41.038,Roll
1.274,0.000,0.328,159.397,0.000,41.038,Roll
1.665,0.000,0.328,208.252,0.000,41.038,Roll
-1.944,0.000,0.328,-243.168,0.000,41.038,Roll
-1.554,0.000,0.328,-194.313,0.000,41.038,Roll
-1.163,0.000,0.328,-145.458,0.000,41.038,Roll
-0.772,0.000,0.328,-96.603,0.000,41.038,Roll
-0.382,0.000,0.328,-47.748,0.000,41.038,Roll
0.009,0.000,0.328,1.115,0.000,41.038,Roll
0.384,0.000,0.328,48.015,0.000,41.038,Roll
0.759,0.000,0.328,94.916,0.000,41.038,Roll
1.134,0.000,0.328,141.817,0.000,41.038,Roll
1.525,0.000,0.328,190.672,0.000,41.038,Roll
1.915,0.000,0.328,239.527,0.000,41.038,Roll
-1.694,0.000,0.328,-211.893,0.000,41.038,Roll
-1.304,0.000,0.328,-163.038,0.000,41.038,Roll
-0.913,0.000,0.328,-114.183,0.000,41.038,Roll
-0.522,0.000,0.328,-65.328,0.000,41.038,Roll
-0.132,0.000,0.328,-16.473,0.000,41.038,Roll
0.259,0.000,0.328,32.389,0.000,41.038,Roll
0.634,0.000,0.328,79.290,0.000,41.038,Roll
1.009,0.000,0.328,126.191,0.000,41.038,Roll
1.400,0.000,0.328,175.046,0.000,41.038,Roll
1.790,0.000,0.328,223.901,0.000,41.038,Roll
-1.819,0.000,0.328,-227.519,0.000,41.038,Roll
-1.429,0.000,0.328,-178.664,0.000,41.038,Roll
-1.038,0.000,0.328,-129.809,0.000,41.038,Roll
-0.647,0.000,0.328,-80.954,0.000,41.038,Roll
-0.257,0.000,0.328,-32.099,0.000,41.038,Roll
0.134,0.000,0.328,16.763,0.000,41.038,Roll
0.509,0.000,0.328,63.664,0.000,41.038,Roll
0.884,0.000,0.328,110.565,0.000,41.038,Roll
1.275,0.000,0.328,159.420,0.000,41.038,Roll
1.665,0.000,0.328,208.275,0.000,41.038,Roll
-1.944,0.000,0.328,-243.145,0.000,41.038,Roll
-1.553,0.000,0.328,-194.290,0.000,41.038,Roll
-1.163,0.000,0.328,-145.435,0.000,41.038,Roll
-0.772,0.000,0.328,-96.580,0.000,41.038,Roll
-0.382,0.000,0.328,-47.725,0.000,41.038,Roll
0.009,0.000,0.328,1.137,0.000,41.038,Roll
0.384,0.000,0.328,48.038,0.000,41.038,Roll
0.759,0.000,0.328,94.939,0.000,41.038,Roll
1.134,0.000,0.328,141.840,0.000,41.038,Roll
1.525,0.000,0.328,190.695,0.000,41.038,Roll
1.915,0.000,0.328,239.550,0.000,41.038,Roll
-1.694,0.000,0.328,-211.870,0.000,41.038,Roll
-1.303,0.000,0.328,-163.015,0.000,41.038,Roll
-0.913,0.000,0.328,-114.160,0.000,41.038,Roll
-0.522,0.000,0.328,-65.305,0.000,41.038,Roll
-0.132,0.000,0.328,-16.450,0.000,41.038,Roll
0.259,0.000,0.328,32.412,0.000,41.038,Roll
0.634,0.000,0.328,79.313,0.000,41.038,Roll
1.009,0.000,0.328,126.214,0.000,41.038,Roll
1.400,0.000,0.328,175.069,0.000,41.038,Roll
1.790,0.000,0.328,223.924,0.000,41.038,Roll
-1.819,0.000,0.328,-227.496,0.000,41.038,Roll
-1.428,0.000,0.328,-178.641,0.000,41.038,Roll
-1.038,0.000,0.328,-129.786,0.000,41.038,Roll
-0.647,0.000,0.328,-80.931,0.000,41.038,Roll
-0.256,0.000,0.328,-32.076,0.000,41.038,Roll
0.134,0.000,0.328,16.786,0.000,41.038,Roll
0.509,0.000,0.328,63.687,0.000,41.038,Roll
0.884,0.000,0.328,110.588,0.000,41.038,Roll
1.275,0.000,0.328,159.443,0.000,41.038,Roll
1.665,0.000,0.328,208.298,0.000,41.038,Roll
-1.944,0.000,0.328,-243.122,0.000,41.038,Roll
-1.553,0.000,0.328,-194.267,0.000,41.038,Roll
-1.163,0.000,0.328,-145.412,0.000,41.038,Roll
-0.772,0.000,0.328,-96.557,0.000,41.038,Roll
-0.381,0.000,0.328,-47.702,0.000,41.038,Roll
0.009,0.000,0.328,1.160,0.000,41.038,Roll
0.384,0.000,0.328,48.061,0.000,41.038,Roll
0.759,0.000,0.328,94.962,0.000,41.038,Roll
1.134,0.000,0.328,141.863,0.000,41.038,Roll
1.525,0.000,0.328,190.718,0.000,41.038,Roll
1.916,0.000,0.328,239.573,0.000,41.038,Roll
-1.694,0.000,0.328,-211.847,0.000,41.038,Roll
-1.303,0.000,0.328,-162.992,0.000,41.038,Roll
-0.913,0.000,0.328,-114.137,0.000,41.038,Roll
-0.522,0.000,0.328,-65.282,0.000,41.038,Roll
-0.131,0.000,0.328,-16.427,0.000,41.038,Roll
0.259,0.000,0.328,32.435,0.000,41.038,Roll
0.634,0.000,0.328,79.336,0.000,41.038,Roll
1.009,0.000,0.328,126.237,0.000,41.038,Roll
1.400,0.000,0.328,175.092,0.000,41.038,Roll
1.791,0.000,0.328,223.947,0.000,41.038,Roll
-1.819,0.000,0.328,-227.473,0.000,41.038,Roll
-1.428,0.000,0.328,-178.618,0.000,41.038,Roll
-1.038,0.000,0.328,-129.763,0.000,41.038,Roll
-0.647,0.000,0.328,-80.908,0.000,41.038,Roll
-0.256,0.000,0.328,-32.053,0.000,41.038,Roll
0.134,0.000,0.328,16.809,0.000,41.038,Roll
0.509,0.000,0.328,63.710,0.000,41.038,Roll
0.884,0.000,0.328,110.611,0.000,41.038,Roll
1.275,0.000,0.328,159.466,0.000,41.038,Roll
1.666,0.000,0.328,208.321,0.000,41.038,Roll
-1.944,0.000,0.328,-243.099,0.000,41.038,Roll
-1.553,0.000,0.328,-194.244,0.000,41.038,Roll
-1.162,0.000,0.328,-145.389,0.000,41.038,Roll
-0.772,0.000,0.328,-96.534,0.000,41.038,Roll
-0.381,0.000,0.328,-47.679,0.000,41.038,Roll
0.009,0.000,0.328,1.183,0.000,41.038,Roll
0.384,0.000,0.328,48.084,0.000,41.038,Roll
0.759,0.000,0.328,94.985,0.000,41.038,Roll
1.134,0.000,0.328,141.885,0.000,41.038,Roll
1.525,0.000,0.328,190.740,0.000,41.038,Roll
1.916,0.000,0.328,239.595,0.000,41.038,Roll
-1.694,0.000,0.328,-211.824,0.000,41.038,Roll
-1.303,0.000,0.328,-162.969,0.000,41.038,Roll
-0.912,0.000,0.328,-114.115,0.000,41.038,Roll
-0.522,0.000,0.328,-65.260,0.000,41.038,Roll
-0.131,0.000,0.328,-16.405,0.000,41.038,Roll
0.260,0.000,0.328,32.458,0.000,41.038,Roll
0.635,0.000,0.328,79.359,0.000,41.038,Roll
1.010,0.000,0.328,126.260,0.000,41.038,Roll
1.400,0.000,0.328,175.115,0.000,41.038,Roll
1.791,0.000,0.328,223.969,0.000,41.038,Roll
-1.819,0.000,0.328,-227.450,0.000,41.038,Roll
-1.428,0.000,0.328,-178.595,0.000,41.038,Roll
-1.037,0.000,0.328,-129.740,0.000,41.038,Roll
-0.647,0.000,0.328,-80.885,0.000,41.038,Roll
-0.256,0.000,0.328,-32.031,0.000,41.038,Roll
0.135,0.000,0.328,16.832,0.000,41.038,Roll
0.510,0.000,0.328,63.733,0.000,41.038,Roll
0.885,0.000,0.328,110.634,0.000,41.038,Roll
1.275,0.000,0.328,159.489,0.000,41.038,Roll
1.666,0.000,0.328,208.344,0.000,41.038,Roll
-1.944,0.000,0.328,-243.076,0.000,41.038,Roll
-1.553,0.000,0.328,-194.221,0.000,41.038,Roll
-1.162,0.000,0.328,-145.366,0.000,41.038,Roll
-0.772,0.000,0.328,-96.511,0.000,41.038,Roll
-0.381,0.000,0.328,-47.656,0.000,41.038,Roll
0.010,0.000,0.328,1.206,0.000,41.038,Roll
0.385,0.000,0.328,48.107,0.000,41.038,Roll
0.760,0.000,0.328,95.008,0.000,41.038,Roll
1.135,0.000,0.328,141.908,0.000,41.038,Roll
1.525,0.000,0.328,190.763,0.000,41.038,Roll
1.916,0.000,0.328,239.618,0.000,41.038,Roll
-1.693,0.000,0.328,-211.802,0.000,41.038,Roll
-1.303,0.000,0.328,-162.947,0.000,41.038,Roll
-0.912,0.000,0.328,-114.092,0.000,41.038,Roll
-0.522,0.000,0.328,-65.237,0.000,41.038,Roll
-0.131,0.000,0.328,-16.382,0.000,41.038,Roll
0.260,0.000,0.328,32.481,0.000,41.038,Roll
0.635,0.000,0.328,79.382,0.000,41.038,Roll
1.010,0.000,0.328,126.282,0.000,41.038,Roll
1.400,0.000,0.328,175.137,0.000,41.038,Roll
1.791,0.000,0.328,223.992,0.000,41.038,Roll
-1.818,0.000,0.328,-227.427,0.000,41.038,Roll
-1.428,0.000,0.328,-178.573,0.000,41.038,Roll
-1.037,0.000,0.328,-129.718,0.000,41.038,Roll
-0.647,0.000,0.328,-80.863,0.000,41.038,Roll
-0.256,0.000,0.328,-32.008,0.000,41.038,Roll
0.135,0.000,0.328,16.855,0.000,41.038,Roll
0.510,0.000,0.328,63.756,0.000,41.038,Roll
0.885,0.000,0.328,110.656,0.000,41.038,Roll
1.275,0.000,0.328,159.511,0.000,41.038,Roll
1.666,0.000,0.328,208.366,0.000,41.038,Roll
-1.943,0.000,0.328,-243.053,0.000,41.038,Roll
-1.553,0.000,0.328,-194.198,0.000,41.038,Roll
-1.162,0.000,0.328,-145.344,0.000,41.038,Roll
-0.771,0.000,0.328,-96.489,0.000,41.038,Roll
-0.381,0.000,0.328,-47.634,0.000,41.038,Roll
0.010,0.000,0.328,1.229,0.000,41.038,Roll
0.385,0.000,0.328,48.130,0.000,41.038,Roll
0.760,0.000,0.328,95.031,0.000,41.038,Roll
1.135,0.000,0.328,141.931,0.000,41.038,Roll
1.525,0.000,0.328,190.786,0.000,41.038,Roll
1.916,0.000,0.328,239.641,0.000,41.038,Roll
-1.693,0.000,0.328,-211.779,0.000,41.038,Roll
-1.303,0.000,0.328,-162.924,0.000,41.038,Roll
-0.912,0.000,0.328,-114.069,0.000,41.038,Roll
-0.521,0.000,0.328,-65.214,0.000,41.038,Roll
-0.131,0.000,0.328,-16.359,0.000,41.038,Roll
0.260,0.000,0.328,32.504,0.000,41.038,Roll
0.635,0.000,0.328,79.405,0.000,41.038,Roll
1.010,0.000,0.328,126.305,0.000,41.038,Roll
1.401,0.000,0.328,175.160,0.000,41.038,Roll
1.791,0.000,0.328,224.015,0.000,41.038,Roll
-1.818,0.000,0.328,-227.405,0.000,41.038,Roll
-1.428,0.000,0.328,-178.550,0.000,41.038,Roll
-1.037,0.000,0.328,-129.695,0.000,41.038,Roll
-0.646,0.000,0.328,-80.840,0.000,41.038,Roll
-0.256,0.000,0.328,-31.985,0.000,41.038,Roll
0.135,0.000,0.328,16.878,0.000,41.038,Roll
0.510,0.000,0.328,63.779,0.000,41.038,Roll
0.885,0.000,0.328,110.679,0.000,41.038,Roll
1.276,0.000,0.328,159.534,0.000,41.038,Roll
1.666,0.000,0.328,208.389,0.000,41.038,Roll
-1.943,0.000,0.328,-243.031,0.000,41.038,Roll
-1.553,0.000,0.328,-194.176,0.000,41.038,Roll
-1.162,0.000,0.328,-145.321,0.000,41.038,Roll
-0.771,0.000,0.328,-96.466,0.000,41.038,Roll
-0.381,0.000,0.328,-47.611,0.000,41.038,Roll
0.010,0.000,0.328,1.252,0.000,41.038,Roll
0.385,0.000,0.328,48.153,0.000,41.038,Roll
0.760,0.000,0.328,95.053,0.000,41.038,Roll
1.135,0.000,0.328,141.954,0.000,41.038,Roll
1.526,0.000,0.328,190.809,0.000,41.038,Roll
1.916,0.000,0.328,239.664,0.000,41.038,Roll
-1.693,0.000,0.328,-211.756,0.000,41.038,Roll
-1.302,0.000,0.328,-162.901,0.000,41.038,Roll
-0.912,0.000,0.328,-114.046,0.000,41.038,Roll
-0.521,0.000,0.328,-65.191,0.000,41.038,Roll
-0.131,0.000,0.328,-16.336,0.000,41.038,Roll
0.260,0.000,0.328,32.527,0.000,41.038,Roll
0.635,0.000,0.328,79.427,0.000,41.038,Roll
1.010,0.000,0.328,126.328,0.000,41.038,Roll
1.401,0.000,0.328,175.183,0.000,41.038,Roll
1.791,0.000,0.328,224.038,0.000,41.038,Roll
-1.818,0.000,0.328,-227.382,0.000,41.038,Roll
-1.427,0.000,0.328,-178.527,0.000,41.038,Roll
-1.037,0.000,0.328,-129.672,0.000,41.038,Roll
-0.646,0.000,0.328,-80.817,0.000,41.038,Roll
-0.256,0.000,0.328,-31.962,0.000,41.038,Roll
0.135,0.000,0.328,16.901,0.000,41.038,Roll
0.510,0.000,0.328,63.802,0.000,41.038,Roll
0.885,0.000,0.328,110.702,0.000,41.038,Roll
1.276,0.000,0.328,159.557,0.000,41.038,Roll
1.666,0.000,0.328,208.412,0.000,41.038,Roll
-1.943,0.000,0.328,-243.008,0.000,41.038,Roll
-1.552,0.000,0.328,-194.153,0.000,41.038,Roll
-1.162,0.000,0.328,-145.298,0.000,41.038,Roll
-0.771,0.000,0.328,-96.443,0.000,41.038,Roll
-0.380,0.000,0.328,-47.588,0.000,41.038,Roll
0.010,0.000,0.328,1.275,0.000,41.038,Roll
0.385,0.000,0.328,48.176,0.000,41.038,Roll
0.760,0.000,0.328,95.076,0.000,41.038,Roll
1.135,0.000,0.328,141.977,0.000,41.038,Roll
1.526,0.000,0.328,190.832,0.000,41.038,Roll
1.916,0.000,0.328,239.687,0.000,41.038,Roll
-1.693,0.000,0.328,-211.733,0.000,41.038,Roll
-1.302,0.000,0.328,-162.878,0.000,41.038,Roll
-0.912,0.000,0.328,-114.023,0.000,41.038,Roll
-0.521,0.000,0.328,-65.168,0.000,41.038,Roll
-0.130,0.000,0.328,-16.313,0.000,41.038,Roll
0.260,0.000,0.328,32.550,0.000,41.038,Roll
0.635,0.000,0.328,79.450,0.000,41.038,Roll
1.010,0.000,0.328,126.351,0.000,41.038,Roll
1.401,0.000,0.328,175.206,0.000,41.038,Roll
1.792,0.000,0.328,224.061,0.000,41.038,Roll
-1.818,0.000,0.328,-227.359,0.000,41.038,Roll
-1.427,0.000,0.328,-178.504,0.000,41.038,Roll
-1.037,0.000,0.328,-129.649,0.000,41.038,Roll
-0.646,0.000,0.328,-80.794,0.000,41.038,Roll
-0.255,0.000,0.328,-31.939,0.000,41.038,Roll
0.135,0.000,0.328,16.924,0.000,41.038,Roll
0.510,0.000,0.328,63.824,0.000,41.038,Roll
0.885,0.000,0.328,110.725,0.000,41.038,Roll
1.276,0.000,0.328,159.580,0.000,41.038,Roll
1.667,0.000,0.328,208.435,0.000,41.038,Roll
-1.943,0.000,0.328,-242.985,0.000,41.038,Roll
-1.552,0.000,0.328,-194.130,0.000,41.038,Roll
-1.162,0.000,0.328,-145.275,0.000,41.038,Roll
-0.771,0.000,0.328,-96.420,0.000,41.038,Roll
-0.380,0.000,0.328,-47.565,0.000,41.038,Roll
0.010,0.000,0.328,1.298,0.000,41.038,Roll
0.385,0.000,0.328,48.198,0.000,41.038,Roll
0.760,0.000,0.328,95.099,0.000,41.038,Roll
1.135,0.000,0.328,142.000,0.000,41.038,Roll
1.526,0.000,0.328,190.855,0.000,41.038,Roll
1.917,0.000,0.328,239.710,0.000,41.038,Roll
-1.693,0.000,0.328,-211.710,0.000,41.038,Roll
-1.302,0.000,0.328,-162.855,0.000,41.038,Roll
-0.911,0.000,0.328,-114.000,0.000,41.038,Roll
-0.521,0.000,0.328,-65.145,0.000,41.038,Roll
-0.130,0.000,0.328,-16.290,0.000,41.038,Roll
0.260,0.000,0.328,32.573,0.000,41.038,Roll
0.635,0.000,0.328,79.473,0.000,41.038,Roll
1.010,0.000,0.328,126.374,0.000,41.038,Roll
1.401,0.000,0.328,175.229,0.000,41.038,Roll
1.792,0.000,0.328,224.084,0.000,41.038,Roll
-1.818,0.000,0.328,-227.336,0.000,41.038,Roll
-1.427,0.000,0.328,-178.481,0.000,41.038,Roll
-1.036,0.000,0.328,-129.626,0.000,41.038,Roll
-0.646,0.000,0.328,-80.771,0.000,41.038,Roll
-0.255,0.000,0.328,-31.916,0.000,41.038,Roll
0.135,0.000,0.328,16.947,0.000,41.038,Roll
0.510,0.000,0.328,63.847,0.000,41.038,Roll
0.885,0.000,0.328,110.748,0.000,41.038,Roll
1.276,0.000,0.328,159.603,0.000,41.038,Roll
1.667,0.000,0.328,208.458,0.000,41.038,Roll
-1.943,0.000,0.328,-242.962,0.000,41.038,Roll
-1.552,0.000,0.328,-194.107,0.000,41.038,Roll
-1.161,0.000,0.328,-145.252,0.000,41.038,Roll
-0.771,0.000,0.328,-96.397,0.000,41.038,Roll
-0.380,0.000,0.328,-47.542,0.000,41.038,Roll
0.011,0.000,0.328,1.321,0.000,41.038,Roll
0.386,0.000,0.328,48.221,0.000,41.038,Roll
0.761,0.000,0.328,95.122,0.000,41.038,Roll
1.136,0.000,0.328,142.023,0.000,41.038,Roll
1.526,0.000,0.328,190.878,0.000,41.038,Roll
1.917,0.000,0.328,239.733,0.000,41.038,Roll
-1.693,0.000,0.328,-211.687,0.000,41.038,Roll
-1.302,0.000,0.328,-162.832,0.000,41.038,Roll
-0.911,0.000,0.328,-113.977,0.000,41.038,Roll
-0.521,0.000,0.328,-65.122,0.000,41.038,Roll
-0.130,0.000,0.328,-16.267,0.000,41.038,Roll
0.261,0.000,0.328,32.595,0.000,41.038,Roll
0.636,0.000,0.328,79.496,0.000,41.038,Roll
1.011,0.000,0.328,126.397,0.000,41.038,Roll
1.401,0.000,0.328,175.252,0.000,41.038,Roll
1.792,0.000,0.328,224.107,0.000,41.038,Roll
-1.818,0.000,0.328,-227.313,0.000,41.038,Roll
-1.427,0.000,0.328,-178.458,0.000,41.038,Roll
-1.036,0.000,0.328,-129.603,0.000,41.038,Roll
-0.646,0.000,0.328,-80.748,0.000,41.038,Roll
-0.255,0.000,0.328,-31.893,0.000,41.038,Roll
0.136,0.000,0.328,16.969,0.000,41.038,Roll
0.511,0.000,0.328,63.870,0.000,41.038,Roll
0.886,0.000,0.328,110.771,0.000,41.038,Roll
1.276,0.000,0.328,159.626,0.000,41.038,Roll
1.667,0.000,0.328,208.481,0.000,41.038,Roll
-1.942,0.000,0.328,-242.939,0.000,41.038,Roll
-1.552,0.000,0.328,-194.084,0.000,41.038,Roll
-1.161,0.000,0.328,-145.229,0.000,41.038,Roll
-0.771,0.000,0.328,-96.374,0.000,41.038,Roll
-0.380,0.000,0.328,-47.519,0.000,41.038,Roll
0.011,0.000,0.328,1.344,0.000,41.038,Roll
0.386,0.000,0.328,48.244,0.000,41.038,Roll
0.761,0.000,0.328,95.145,0.000,41.038,Roll
1.136,0.000,0.328,142.046,0.000,41.038,Roll
1.526,0.000,0.328,190.901,0.000,41.038,Roll
1.917,0.000,0.328,239.756,0.000,41.038,Roll
-1.692,0.000,0.328,-211.664,0.000,41.038,Roll
-1.302,0.000,0.328,-162.809,0.000,41.038,Roll
-0.911,0.000,0.328,-113.954,0.000,41.038,Roll
-0.521,0.000,0.328,-65.099,0.000,41.038,Roll
-0.130,0.000,0.328,-16.244,0.000,41.038,Roll
0.261,0.000,0.328,32.618,0.000,41.038,Roll
0.636,0.000,0.328,79.519,0.000,41.038,Roll
1.011,0.000,0.328,126.420,0.000,41.038,Roll
1.401,0.000,0.328,175.275,0.000,41.038,Roll
1.792,0.000,0.328,224.130,0.000,41.038,Roll
-1.817,0.000,0.328,-227.290,0.000,41.038,Roll
-1.427,0.000,0.328,-178.435,0.000,41.038,Roll
-1.036,0.000,0.328,-129.580,0.000,41.038,Roll
-0.645,0.000,0.328,-80.725,0.000,41.038,Roll
-0.255,0.000,0.328,-31.870,0.000,41.038,Roll
0.136,0.000,0.328,16.992,0.000,41.038,Roll
0.511,0.000,0.328,63.893,0.000,41.038,Roll
0.886,0.000,0.328,110.794,0.000,41.038,Roll
1.276,0.000,0.328,159.649,0.000,41.038,Roll
1.667,0.000,0.328,208.504,0.000,41.038,Roll
-1.942,0.000,0.328,-242.916,0.000,41.038,Roll
-1.552,0.000,0.328,-194.061,0.000,41.038,Roll
-1.161,0.000,0.328,-145.206,0.000,41.038,Roll
-0.770,0.000,0.328,-96.351,0.000,41.038,Roll
-0.380,0.000,0.328,-47.496,0.000,41.038,Roll
0.011,0.000,0.328,1.366,0.000,41.038,Roll
0.386,0.000,0.328,48.267,0.000,41.038,Roll
0.761,0.000,0.328,95.168,0.000,41.038,Roll
1.136,0.000,0.328,142.069,0.000,41.038,Roll
1.527,0.000,0.328,190.924,0.000,41.038,Roll
1.917,0.000,0.328,239.779,0.000,41.038,Roll
-1.692,0.000,0.328,-211.641,0.000,41.038,Roll
-1.302,0.000,0.328,-162.786,0.000,41.038,Roll
-0.911,0.000,0.328,-113.931,0.000,41.038,Roll
-0.520,0.000,0.328,-65.076,0.000,41.038,Roll
-0.130,0.000,0.328,-16.221,0.000,41.038,Roll
-1.421,0.016,0.328,-177.679,1.954,41.038,Yaw
-1.030,0.016,0.328,-128.824,1.954,41.038,Yaw
-0.639,0.016,0.328,-79.969,1.954,41.038,Yaw
-0.249,0.016,0.328,-31.115,1.954,41.038,Yaw
0.142,0.016,0.328,17.748,1.954,41.038,Yaw
0.517,0.016,0.328,64.649,1.954,41.038,Yaw
0.892,0.016,0.328,111.550,1.954,41.038,Yaw
1.283,0.016,0.328,160.405,1.954,41.038,Yaw
1.673,0.016,0.328,209.260,1.954,41.038,Yaw
-1.936,0.016,0.328,-242.160,1.954,41.038,Yaw
-1.546,0.016,0.328,-193.305,1.954,41.038,Yaw
-1.155,0.016,0.328,-144.450,1.954,41.038,Yaw
-0.764,0.016,0.328,-95.595,1.954,41.038,Yaw
-0.374,0.016,0.328,-46.740,1.954,41.038,Yaw
0.017,0.016,0.328,2.122,1.954,41.038,Yaw
0.392,0.016,0.328,49.023,1.954,41.038,Yaw
0.767,0.016,0.328,95.924,1.954,41.038,Yaw
1.142,0.016,0.328,142.824,1.954,41.038,Yaw
1.533,0.016,0.328,191.679,1.954,41.038,Yaw
1.923,0.016,0.328,240.534,1.954,41.038,Yaw
-1.686,0.016,0.328,-210.885,1.954,41.038,Yaw
-1.296,0.016,0.328,-162.031,1.954,41.038,Yaw
-0.905,0.016,0.328,-113.176,1.954,41.038,Yaw
-0.514,0.016,0.328,-64.321,1.954,41.038,Yaw
-0.124,0.016,0.328,-15.466,1.954,41.038,Yaw
0.267,0.016,0.328,33.397,1.954,41.038,Yaw
0.642,0.016,0.328,80.298,1.954,41.038,Yaw
1.017,0.016,0.328,127.198,1.954,41.038,Yaw
1.408,0.016,0.328,176.053,1.954,41.038,Yaw
1.798,0.016,0.328,224.908,1.954,41.038,Yaw
-1.811,0.016,0.328,-226.511,1.954,41.038,Yaw
-1.420,0.016,0.328,-177.656,1.954,41.038,Yaw
-1.030,0.016,0.328,-128.802,1.954,41.038,Yaw
-0.639,0.016,0.328,-79.947,1.954,41.038,Yaw
-0.249,0.016,0.328,-31.092,1.954,41.038,Yaw
0.142,0.016,0.328,17.771,1.954,41.038,Yaw
0.517,0.016,0.328,64.672,1.954,41.038,Yaw
0.892,0.016,0.328,111.573,1.954,41.038,Yaw
1.283,0.016,0.328,160.427,1.954,41.038,Yaw
1.673,0.016,0.328,209.282,1.954,41.038,Yaw
-1.936,0.016,0.328,-242.137,1.954,41.038,Yaw
-1.545,0.016,0.328,-193.282,1.954,41.038,Yaw
-1.155,0.016,0.328,-144.427,1.954,41.038,Yaw
-0.764,0.016,0.328,-95.573,1.954,41.038,Yaw
-0.374,0.016,0.328,-46.718,1.954,41.038,Yaw
0.017,0.016,0.328,2.145,1.954,41.038,Yaw
0.392,0.016,0.328,49.046,1.954,41.038,Yaw
0.767,0.016,0.328,95.947,1.954,41.038,Yaw
1.142,0.016,0.328,142.847,1.954,41.038,Yaw
1.533,0.016,0.328,191.702,1.954,41.038,Yaw
1.923,0.016,0.328,240.557,1.954,41.038,Yaw
-1.686,0.016,0.328,-210.863,1.954,41.038,Yaw
-1.295,0.016,0.328,-162.008,1.954,41.038,Yaw
-0.905,0.016,0.328,-113.153,1.954,41.038,Yaw
-0.514,0.016,0.328,-64.298,1.954,41.038,Yaw
-0.123,0.016,0.328,-15.443,1.954,41.038,Yaw
0.267,0.016,0.328,33.420,1.954,41.038,Yaw
0.642,0.016,0.328,80.321,1.954,41.038,Yaw
1.017,0.016,0.328,127.221,1.954,41.038,Yaw
1.408,0.016,0.328,176.076,1.954,41.038,Yaw
1.798,0.016,0.328,224.931,1.954,41.038,Yaw
-1.811,0.016,0.328,-226.489,1.954,41.038,Yaw
-1.420,0.016,0.328,-177.634,1.954,41.038,Yaw
-1.030,0.016,0.328,-128.779,1.954,41.038,Yaw
-0.639,0.016,0.328,-79.924,1.954,41.038,Yaw
-0.248,0.016,0.328,-31.069,1.954,41.038,Yaw
0.142,0.016,0.328,17.794,1.954,41.038,Yaw
0.517,0.016,0.328,64.695,1.954,41.038,Yaw
0.892,0.016,0.328,111.595,1.954,41.038,Yaw
1.283,0.016,0.328,160.450,1.954,41.038,Yaw
1.674,0.016,0.328,209.305,1.954,41.038,Yaw
-1.936,0.016,0.328,-242.115,1.954,41.038,Yaw
-1.545,0.016,0.328,-193.260,1.954,41.038,Yaw
-1.155,0.016,0.328,-144.405,1.954,41.038,Yaw
-0.764,0.016,0.328,-95.550,1.954,41.038,Yaw
-0.373,0.016,0.328,-46.695,1.954,41.038,Yaw
0.017,0.016,0.328,2.168,1.954,41.038,Yaw
0.392,0.016,0.328,49.069,1.954,41.038,Yaw
0.767,0.016,0.328,95.969,1.954,41.038,Yaw
1.142,0.016,0.328,142.870,1.954,41.038,Yaw
1.533,0.016,0.328,191.725,1.954,41.038,Yaw
1.924,0.016,0.328,240.580,1.954,41.038,Yaw
-1.686,0.016,0.328,-210.840,1.954,41.038,Yaw
-1.295,0.016,0.328,-161.985,1.954,41.038,Yaw
-0.905,0.016,0.328,-113.130,1.954,41.038,Yaw
-0.514,0.016,0.328,-64.275,1.954,41.038,Yaw
-0.123,0.016,0.328,-15.420,1.954,41.038,Yaw
0.267,0.016,0.328,33.443,1.954,41.038,Yaw
0.642,0.016,0.328,80.344,1.954,41.038,Yaw
1.017,0.016,0.328,127.244,1.954,41.038,Yaw
1.408,0.016,0.328,176.099,1.954,41.038,Yaw
1.799,0.016,0.328,224.954,1.954,41.038,Yaw
-1.811,0.016,0.328,-226.466,1.954,41.038,Yaw
-1.420,0.016,0.328,-177.611,1.954,41.038,Yaw
-1.029,0.016,0.328,-128.756,1.954,41.038,Yaw
-0.639,0.016,0.328,-79.901,1.954,41.038,Yaw
-0.248,0.016,0.328,-31.046,1.954,41.038,Yaw
0.142,0.016,0.328,17.817,1.954,41.038,Yaw
0.517,0.016,0.328,64.718,1.954,41.038,Yaw
0.892,0.016,0.328,111.618,1.954,41.038,Yaw
1.283,0.016,0.328,160.473,1.954,41.038,Yaw
1.674,0.016,0.328,209.328,1.954,41.038,Yaw
-1.936,0.016,0.328,-242.092,1.954,41.038,Yaw
-1.545,0.016,0.328,-193.237,1.954,41.038,Yaw
-1.154,0.016,0.328,-144.382,1.954,41.038,Yaw
-0.764,0.016,0.328,-95.527,1.954,41.038,Yaw
-0.373,0.016,0.328,-46.672,1.954,41.038,Yaw
0.018,0.016,0.328,2.191,1.954,41.038,Yaw
0.393,0.016,0.328,49.092,1.954,41.038,Yaw
0.768,0.016,0.328,95.992,1.954,41.038,Yaw
1.143,0.016,0.328,142.893,1.954,41.038,Yaw
1.533,0.016,0.328,191.748,1.954,41.038,Yaw
1.924,0.016,0.328,240.603,1.954,41.038,Yaw
-1.686,0.016,0.328,-210.817,1.954,41.038,Yaw
-1.295,0.016,0.328,-161.962,1.954,41.038,Yaw
-0.904,0.016,0.328,-113.107,1.954,41.038,Yaw
-0.514,0.016,0.328,-64.252,1.954,41.038,Yaw
-0.123,0.016,0.328,-15.397,1.954,41.038,Yaw
0.268,0.016,0.328,33.466,1.954,41.038,Yaw
0.643,0.016,0.328,80.366,1.954,41.038,Yaw
1.018,0.016,0.328,127.267,1.954,41.038,Yaw
1.408,0.016,0.328,176.122,1.954,41.038,Yaw
1.799,0.016,0.328,224.977,1.954,41.038,Yaw
-1.811,0.016,0.328,-226.443,1.954,41.038,Yaw
-1.420,0.016,0.328,-177.588,1.954,41.038,Yaw
-1.029,0.016,0.328,-128.733,1.954,41.038,Yaw
-0.639,0.016,0.328,-79.878,1.954,41.038,Yaw
-0.248,0.016,0.328,-31.023,1.954,41.038,Yaw
0.143,0.016,0.328,17.840,1.954,41.038,Yaw
0.518,0.016,0.328,64.740,1.954,41.038,Yaw
0.893,0.016,0.328,111.641,1.954,41.038,Yaw
1.283,0.016,0.328,160.496,1.954,41.038,Yaw
1.674,0.016,0.328,209.351,1.954,41.038,Yaw
-1.935,0.016,0.328,-242.069,1.954,41.038,Yaw
-1.545,0.016,0.328,-193.214,1.954,41.038,Yaw
-1.154,0.016,0.328,-144.359,1.954,41.038,Yaw
-0.764,0.016,0.328,-95.504,1.954,41.038,Yaw
-0.373,0.016,0.328,-46.649,1.954,41.038,Yaw
0.018,0.016,0.328,2.214,1.954,41.038,Yaw
0.393,0.016,0.328,49.115,1.954,41.038,Yaw
0.768,0.016,0.328,96.015,1.954,41.038,Yaw
1.143,0.016,0.328,142.916,1.954,41.038,Yaw
1.533,0.016,0.328,191.771,1.954,41.038,Yaw
1.924,0.016,0.328,240.626,1.954,41.038,Yaw
-1.685,0.016,0.328,-210.794,1.954,41.038,Yaw
-1.295,0.016,0.328,-161.939,1.954,41.038,Yaw
-0.904,0.016,0.328,-113.084,1.954,41.038,Yaw
-0.514,0.016,0.328,-64.229,1.954,41.038,Yaw
-0.123,0.016,0.328,-15.374,1.954,41.038,Yaw
0.268,0.016,0.328,33.489,1.954,41.038,Yaw
0.643,0.016,0.328,80.389,1.954,41.038,Yaw
1.018,0.016,0.328,127.290,1.954,41.038,Yaw
1.408,0.016,0.328,176.145,1.954,41.038,Yaw
1.799,0.016,0.328,225.000,1.954,41.038,Yaw
-1.810,0.016,0.328,-226.420,1.954,41.038,Yaw
-1.420,0.016,0.328,-177.565,1.954,41.038,Yaw
-1.029,0.016,0.328,-128.710,1.954,41.038,Yaw
-0.638,0.016,0.328,-79.855,1.954,41.038,Yaw
-0.248,0.016,0.328,-31.000,1.954,41.038,Yaw
0.143,0.016,0.328,17.863,1.954,41.038,Yaw
0.000,0.000,-0.359,0.000,0.000,-44.924,Yaw
-0.312,0.000,0.328,-39.061,0.000,41.038,Yaw
0.078,0.000,0.328,9.802,0.000,41.038,Yaw
0.453,0.000,0.328,56.702,0.000,41.038,Yaw
0.828,0.000,0.328,103.603,0.000,41.038,Yaw
1.219,0.000,0.328,152.458,0.000,41.038,Yaw
1.610,0.000,0.328,201.313,0.000,41.038,Yaw
-2.000,0.000,0.328,-250.107,0.000,41.038,Yaw
-1.609,0.000,0.328,-201.252,0.000,41.038,Yaw
-1.219,0.000,0.328,-152.397,0.000,41.038,Yaw
-0.828,0.000,0.328,-103.542,0.000,41.038,Yaw
-0.437,0.000,0.328,-54.687,0.000,41.038,Yaw
-0.047,0.000,0.328,-5.832,0.000,41.038,Yaw
0.344,0.000,0.328,43.031,0.000,41.038,Yaw
0.719,0.000,0.328,89.931,0.000,41.038,Yaw
1.094,0.000,0.328,136.832,0.000,41.038,Yaw
1.485,0.000,0.328,185.687,0.000,41.038,Yaw
1.875,0.000,0.328,234.542,0.000,41.038,Yaw
-1.734,0.000,0.328,-216.878,0.000,41.038,Yaw
-1.343,0.000,0.328,-168.023,0.000,41.038,Yaw
-0.953,0.000,0.328,-119.168,0.000,41.038,Yaw
-0.562,0.000,0.328,-70.313,0.000,41.038,Yaw
-0.172,0.000,0.328,-21.458,0.000,41.038,Yaw
0.219,0.000,0.328,27.405,0.000,41.038,Yaw
0.594,0.000,0.328,74.305,0.000,41.038,Yaw
0.969,0.000,0.328,121.206,0.000,41.038,Yaw
1.360,0.000,0.328,170.061,0.000,41.038,Yaw
1.750,0.000,0.328,218.916,0.000,41.038,Yaw
-1.859,0.000,0.328,-232.504,0.000,41.038,Yaw
-1.468,0.000,0.328,-183.649,0.000,41.038,Yaw
-1.078,0.000,0.328,-134.794,0.000,41.038,Yaw
-0.687,0.000,0.328,-85.939,0.000,41.038,Yaw
-0.297,0.000,0.328,-37.084,0.000,41.038,Yaw
0.094,0.000,0.328,11.779,0.000,41.038,Yaw
0.469,0.000,0.328,58.679,0.000,41.038,Yaw
0.844,0.000,0.328,105.580,0.000,41.038,Yaw
1.235,0.000,0.328,154.435,0.000,41.038,Yaw
1.625,0.000,0.328,203.290,0.000,41.038,Yaw
-1.984,0.000,0.328,-248.130,0.000,41.038,Yaw
-1.593,0.000,0.328,-199.275,0.000,41.038,Yaw
-1.203,0.000,0.328,-150.420,0.000,41.038,Yaw
-0.812,0.000,0.328,-101.565,0.000,41.038,Yaw
-0.421,0.000,0.328,-52.710,0.000,41.038,Yaw
-0.031,0.000,0.328,-3.855,0.000,41.038,Yaw
0.360,0.000,0.328,45.008,0.000,41.038,Yaw
0.735,0.000,0.328,91.908,0.000,41.038,Yaw
1.110,0.000,0.328,138.809,0.000,41.038,Yaw
1.500,0.000,0.328,187.664,0.000,41.038,Yaw
1.891,0.000,0.328,236.519,0.000,41.038,Yaw
-1.718,0.000,0.328,-214.901,0.000,41.038,Yaw
-1.328,0.000,0.328,-166.046,0.000,41.038,Yaw
-0.937,0.000,0.328,-117.191,0.000,41.038,Yaw
-0.546,0.000,0.328,-68.336,0.000,41.038,Yaw
-0.156,0.000,0.328,-19.481,0.000,41.038,Yaw
0.235,0.000,0.328,29.382,0.000,41.038,Yaw
0.610,0.000,0.328,76.282,0.000,41.038,Yaw
0.985,0.000,0.328,123.183,0.000,41.038,Yaw
1.376,0.000,0.328,172.038,0.000,41.038,Yaw
1.766,0.000,0.328,220.893,0.000,41.038,Yaw
-1.843,0.000,0.328,-230.527,0.000,41.038,Yaw
-1.453,0.000,0.328,-181.672,0.000,41.038,Yaw
-1.062,0.000,0.328,-132.817,0.000,41.038,Yaw
-0.671,0.000,0.328,-83.962,0.000,41.038,Yaw
-0.281,0.000,0.328,-35.107,0.000,41.038,Yaw
0.110,0.000,0.328,13.756,0.000,41.038,Yaw
0.485,0.000,0.328,60.656,0.000,41.038,Yaw
0.860,0.000,0.328,107.557,0.000,41.038,Yaw
1.251,0.000,0.328,156.412,0.000,41.038,Yaw
1.641,0.000,0.328,205.267,0.000,41.038,Yaw
-1.968,0.000,0.328,-246.153,0.000,41.038,Yaw
-1.578,0.000,0.328,-197.298,0.000,41.038,Yaw
-1.187,0.000,0.328,-148.443,0.000,41.038,Yaw
-0.796,0.000,0.328,-99.588,0.000,41.038,Yaw
-0.406,0.000,0.328,-50.733,0.000,41.038,Yaw
-0.015,0.000,0.328,-1.878,0.000,41.038,Yaw
0.376,0.000,0.328,46.985,0.000,41.038,Yaw
0.751,0.000,0.328,93.885,0.000,41.038,Yaw
1.126,0.000,0.328,140.786,0.000,41.038,Yaw
1.516,0.000,0.328,189.641,0.000,41.038,Yaw
1.907,0.000,0.328,238.496,0.000,41.038,Yaw
-1.702,0.000,0.328,-212.924,0.000,41.038,Yaw
-1.312,0.000,0.328,-164.069,0.000,41.038,Yaw
-0.921,0.000,0.328,-115.214,0.000,41.038,Yaw
-0.531,0.000,0.328,-66.359,0.000,41.038,Yaw
-0.140,0.000,0.328,-17.504,0.000,41.038,Yaw
0.251,0.000,0.328,31.359,0.000,41.038,Yaw
0.626,0.000,0.328,78.260,0.000,41.038,Yaw
1.001,0.000,0.328,125.160,0.000,41.038,Yaw
1.391,0.000,0.328,174.015,0.000,41.038,Yaw
1.782,0.000,0.328,222.870,0.000,41.038,Yaw
-1.827,0.000,0.328,-228.550,0.000,41.038,Yaw
-1.437,0.000,0.328,-179.695,0.000,41.038,Yaw
-1.046,0.000,0.328,-130.840,0.000,41.038,Yaw
-0.656,0.000,0.328,-81.985,0.000,41.038,Yaw
-0.265,0.000,0.328,-33.130,0.000,41.038,Yaw
0.126,0.000,0.328,15.733,0.000,41.038,Yaw
0.501,0.000,0.328,62.634,0.000,41.038,Yaw
0.876,0.000,0.328,109.534,0.000,41.038,Yaw
1.266,0.000,0.328,158.389,0.000,41.038,Yaw
1.657,0.000,0.328,207.244,0.000,41.038,Yaw
-1.952,0.000,0.328,-244.176,0.000,41.038,Yaw
-1.562,0.000,0.328,-195.321,0.000,41.038,Yaw
-1.171,0.000,0.328,-146.466,0.000,41.038,Yaw
-0.780,0.000,0.328,-97.611,0.000,41.038,Yaw
-0.390,0.000,0.328,-48.756,0.000,41.038,Yaw
0.001,0.000,0.328,0.107,0.000,41.038,Yaw
0.376,0.000,0.328,47.008,0.000,41.038,Yaw
0.751,0.000,0.328,93.908,0.000,41.038,Yaw
1.126,0.000,0.328,140.809,0.000,41.038,Yaw
1.516,0.000,0.328,189.664,0.000,41.038,Yaw
1.907,0.000,0.328,238.519,0.000,41.038,Yaw
-1.702,0.000,0.328,-212.901,0.000,41.038,Yaw
-1.312,0.000,0.328,-164.046,0.000,41.038,Yaw
-0.921,0.000,0.328,-115.191,0.000,41.038,Yaw
-0.530,0.000,0.328,-66.336,0.000,41.038,Yaw
-0.140,0.000,0.328,-17.481,0.000,41.038,Yaw
0.251,0.000,0.328,31.382,0.000,41.038,Yaw
0.626,0.000,0.328,78.282,0.000,41.038,Yaw
1.001,0.000,0.328,125.183,0.000,41.038,Yaw
1.392,0.000,0.328,174.038,0.000,41.038,Yaw
1.782,0.000,0.328,222.893,0.000,41.038,Yaw
-1.827,0.000,0.328,-228.527,0.000,41.038,Yaw
-1.437,0.000,0.328,-179.672,0.000,41.038,Yaw
-1.046,0.000,0.328,-130.817,0.000,41.038,Yaw
-0.655,0.000,0.328,-81.962,0.000,41.038,Yaw
-0.265,0.000,0.328,-33.107,0.000,41.038,Yaw
0.126,0.000,0.328,15.756,0.000,41.038,Yaw
0.501,0.000,0.328,62.656,0.000,41.038,Yaw
0.876,0.000,0.328,109.557,0.000,41.038,Yaw
1.267,0.000,0.328,158.412,0.000,41.038,Yaw
1.657,0.000,0.328,207.267,0.000,41.038,Yaw
-1.952,0.000,0.328,-244.153,0.000,41.038,Yaw
-1.562,0.000,0.328,-195.298,0.000,41.038,Yaw
-1.171,0.000,0.328,-146.443,0.000,41.038,Yaw
-0.780,0.000,0.328,-97.588,0.000,41.038,Yaw
-0.390,0.000,0.328,-48.733,0.000,41.038,Yaw
0.001,0.000,0.328,0.130,0.000,41.038,Yaw
0.376,0.000,0.328,47.031,0.000,41.038,Yaw
0.751,0.000,0.328,93.931,0.000,41.038,Yaw
1.126,0.000,0.328,140.832,0.000,41.038,Yaw
1.517,0.000,0.328,189.687,0.000,41.038,Yaw
1.907,0.000,0.328,238.542,0.000,41.038,Yaw
-1.702,0.000,0.328,-212.878,0.000,41.038,Yaw
-1.311,0.000,0.328,-164.023,0.000,41.038,Yaw
-0.921,0.000,0.328,-115.168,0.000,41.038,Yaw
-0.530,0.000,0.328,-66.313,0.000,41.038,Yaw
-0.140,0.000,0.328,-17.458,0.000,41.038,Yaw
0.251,0.000,0.328,31.405,0.000,41.038,Yaw
0.626,0.000,0.328,78.305,0.000,41.038,Yaw
1.001,0.000,0.328,125.206,0.000,41.038,Yaw
1.392,0.000,0.328,174.061,0.000,41.038,Yaw
1.782,0.000,0.328,222.916,0.000,41.038,Yaw
-1.827,0.000,0.328,-228.504,0.000,41.038,Yaw
-1.436,0.000,0.328,-179.649,0.000,41.038,Yaw
-1.046,0.000,0.328,-130.794,0.000,41.038,Yaw
-0.655,0.000,0.328,-81.939,0.000,41.038,Yaw
-0.265,0.000,0.328,-33.084,0.000,41.038,Yaw
0.126,0.000,0.328,15.779,0.000,41.038,Yaw
0.501,0.000,0.328,62.679,0.000,41.038,Yaw
0.876,0.000,0.328,109.580,0.000,41.038,Yaw
1.267,0.000,0.328,158.435,0.000,41.038,Yaw
1.657,0.000,0.328,207.290,0.000,41.038,Yaw
-1.952,0.000,0.328,-244.130,0.000,41.038,Yaw
-1.561,0.000,0.328,-195.275,0.000,41.038,Yaw
-1.171,0.000,0.328,-146.420,0.000,41.038,Yaw
-0.780,0.000,0.328,-97.565,0.000,41.038,Yaw
-0.389,0.000,0.328,-48.710,0.000,41.038,Yaw
0.001,0.000,0.328,0.153,0.000,41.038,Yaw
0.376,0.000,0.328,47.053,0.000,41.038,Yaw
0.751,0.000,0.328,93.954,0.000,41.038,Yaw
1.126,0.000,0.328,140.855,0.000,41.038,Yaw
1.517,0.000,0.328,189.710,0.000,41.038,Yaw
1.907,0.000,0.328,238.565,0.000,41.038,Yaw
-1.702,0.000,0.328,-212.855,0.000,41.038,Yaw
-1.311,0.000,0.328,-164.000,0.000,41.038,Yaw
-0.921,0.000,0.328,-115.145,0.000,41.038,Yaw
-0.530,0.000,0.328,-66.290,0.000,41.038,Yaw
-0.139,0.000,0.328,-17.435,0.000,41.038,Yaw
0.251,0.000,0.328,31.427,0.000,41.038,Yaw
0.626,0.000,0.328,78.328,0.000,41.038,Yaw
1.001,0.000,0.328,125.229,0.000,41.038,Yaw
1.392,0.000,0.328,174.084,0.000,41.038,Yaw
1.783,0.000,0.328,222.939,0.000,41.038,Yaw
-1.827,0.000,0.328,-228.481,0.000,41.038,Yaw
-1.436,0.000,0.328,-179.626,0.000,41.038,Yaw
-1.046,0.000,0.328,-130.771,0.000,41.038,Yaw
-0.655,0.000,0.328,-81.916,0.000,41.038,Yaw
-0.264,0.000,0.328,-33.061,0.000,41.038,Yaw
0.126,0.000,0.328,15.802,0.000,41.038,Yaw
0.501,0.000,0.328,62.702,0.000,41.038,Yaw
0.876,0.000,0.328,109.603,0.000,41.038,Yaw
1.267,0.000,0.328,158.458,0.000,41.038,Yaw
1.658,0.000,0.328,207.313,0.000,41.038,Yaw
-1.952,0.000,0.328,-244.107,0.000,41.038,Yaw
-1.561,0.000,0.328,-195.252,0.000,41.038,Yaw
-1.171,0.000,0.328,-146.397,0.000,41.038,Yaw
-0.780,0.000,0.328,-97.542,0.000,41.038,Yaw
-0.389,0.000,0.328,-48.687,0.000,41.038,Yaw
0.001,0.000,0.328,0.176,0.000,41.038,Yaw
0.376,0.000,0.328,47.076,0.000,41.038,Yaw
0.751,0.000,0.328,93.977,0.000,41.038,Yaw
1.126,0.000,0.328,140.878,0.000,41.038,Yaw
1.517,0.000,0.328,189.733,0.000,41.038,Yaw
1.908,0.000,0.328,238.588,0.000,41.038,Yaw
-1.702,0.000,0.328,-212.832,0.000,41.038,Yaw
-1.311,0.000,0.328,-163.977,0.000,41.038,Yaw
-0.920,0.000,0.328,-115.122,0.000,41.038,Yaw
-0.530,0.000,0.328,-66.267,0.000,41.038,Yaw
-0.139,0.000,0.328,-17.412,0.000,41.038,Yaw
0.251,0.000,0.328,31.450,0.000,41.038,Yaw
0.626,0.000,0.328,78.351,0.000,41.038,Yaw
1.001,0.000,0.328,125.252,0.000,41.038,Yaw
1.392,0.000,0.328,174.107,0.000,41.038,Yaw
1.783,0.000,0.328,222.962,0.000,41.038,Yaw
-1.827,0.000,0.328,-228.458,0.000,41.038,Yaw
-1.436,0.000,0.328,-179.603,0.000,41.038,Yaw
-1.045,0.000,0.328,-130.748,0.000,41.038,Yaw
-0.655,0.000,0.328,-81.893,0.000,41.038,Yaw
-0.264,0.000,0.328,-33.038,0.000,41.038,Yaw
0.127,0.000,0.328,15.824,0.000,41.038,Yaw
0.502,0.000,0.328,62.725,0.000,41.038,Yaw
0.877,0.000,0.328,109.626,0.000,41.038,Yaw
1.267,0.000,0.328,158.481,0.000,41.038,Yaw
1.658,0.000,0.328,207.336,0.000,41.038,Yaw
-1.952,0.000,0.328,-244.084,0.000,41.038,Yaw
-1.561,0.000,0.328,-195.229,0.000,41.038,Yaw
-1.170,0.000,0.328,-146.374,0.000,41.038,Yaw
-0.780,0.000,0.328,-97.519,0.000,41.038,Yaw
-0.389,0.000,0.328,-48.664,0.000,41.038,Yaw
0.002,0.000,0.328,0.198,0.000,41.038,Yaw
0.377,0.000,0.328,47.099,0.000,41.038,Yaw
0.752,0.000,0.328,94.000,0.000,41.038,Yaw
1.127,0.000,0.328,140.901,0.000,41.038,Yaw
1.517,0.000,0.328,189.756,0.000,41.038,Yaw
1.908,0.000,0.328,238.611,0.000,41.038,Yaw
-1.702,0.000,0.328,-212.809,0.000,41.038,Yaw
-1.311,0.000,0.328,-163.954,0.000,41.038,Yaw
-0.920,0.000,0.328,-115.099,0.000,41.038,Yaw
-0.530,0.000,0.328,-66.244,0.000,41.038,Yaw
-0.139,0.000,0.328,-17.389,0.000,41.038,Yaw
0.252,0.000,0.328,31.473,0.000,41.038,Yaw
0.627,0.000,0.328,78.374,0.000,41.038,Yaw
1.002,0.000,0.328,125.275,0.000,41.038,Yaw
1.392,0.000,0.328,174.130,0.000,41.038,Yaw
1.783,0.000,0.328,222.985,0.000,41.038,Yaw
-1.826,0.000,0.328,-228.435,0.000,41.038,Yaw
-1.436,0.000,0.328,-179.580,0.000,41.038,Yaw
-1.045,0.000,0.328,-130.725,0.000,41.038,Yaw
-0.655,0.000,0.328,-81.870,0.000,41.038,Yaw
-0.264,0.000,0.328,-33.015,0.000,41.038,Yaw
0.127,0.000,0.328,15.847,0.000,41.038,Yaw
0.502,0.000,0.328,62.748,0.000,41.038,Yaw
0.877,0.000,0.328,109.649,0.000,41.038,Yaw
1.267,0.000,0.328,158.504,0.000,41.038,Yaw
1.658,0.000,0.328,207.359,0.000,41.038,Yaw
-1.951,0.000,0.328,-244.061,0.000,41.038,Yaw
-1.561,0.000,0.328,-195.206,0.000,41.038,Yaw
-1.170,0.000,0.328,-146.351,0.000,41.038,Yaw
-0.780,0.000,0.328,-97.496,0.000,41.038,Yaw
-0.389,0.000,0.328,-48.641,0.000,41.038,Yaw
0.002,0.000,0.328,0.221,0.000,41.038,Yaw
0.377,0.000,0.328,47.122,0.000,41.038,Yaw
0.752,0.000,0.328,94.023,0.000,41.038,Yaw
1.127,0.000,0.328,140.924,0.000,41.038,Yaw
1.517,0.000,0.328,189.779,0.000,41.038,Yaw
1.908,0.000,0.328,238.634,0.000,41.038,Yaw
-1.701,0.000,0.328,-212.786,0.000,41.038,Yaw
-1.311,0.000,0.328,-163.931,0.000,41.038,Yaw
-0.920,0.000,0.328,-115.076,0.000,41.038,Yaw
-0.529,0.000,0.328,-66.221,0.000,41.038,Yaw
-0.139,0.000,0.328,-17.366,0.000,41.038,Yaw
0.252,0.000,0.328,31.496,0.000,41.038,Yaw
0.627,0.000,0.328,78.397,0.000,41.038,Yaw
1.002,0.000,0.328,125.298,0.000,41.038,Yaw
1.392,0.000,0.328,174.153,0.000,41.038,Yaw
1.783,0.000,0.328,223.008,0.000,41.038,Yaw
-1.826,0.000,0.328,-228.412,0.000,41.038,Yaw
-1.436,0.000,0.328,-179.557,0.000,41.038,Yaw
-1.045,0.000,0.328,-130.702,0.000,41.038,Yaw
-0.654,0.000,0.328,-81.847,0.000,41.038,Yaw
-0.264,0.000,0.328,-32.992,0.000,41.038,Yaw
0.127,0.000,0.328,15.870,0.000,41.038,Yaw
0.502,0.000,0.328,62.771,0.000,41.038,Yaw
0.877,0.000,0.328,109.672,0.000,41.038,Yaw
1.268,0.000,0.328,158.527,0.000,41.038,Yaw
1.658,0.000,0.328,207.382,0.000,41.038,Yaw
-1.951,0.000,0.328,-244.038,0.000,41.038,Yaw
-1.561,0.000,0.328,-195.183,0.000,41.038,Yaw
-1.170,0.000,0.328,-146.328,0.000,41.038,Yaw
-0.779,0.000,0.328,-97.473,0.000,41.038,Yaw
-0.389,0.000,0.328,-48.618,0.000,41.038,Yaw
0.002,0.000,0.328,0.244,0.000,41.038,Yaw
0.377,0.000,0.328,47.145,0.000,41.038,Yaw
0.752,0.000,0.328,94.046,0.000,41.038,Yaw
1.127,0.000,0.328,140.947,0.000,41.038,Yaw
1.518,0.000,0.328,189.802,0.000,41.038,Yaw
1.908,0.000,0.328,238.656,0.000,41.038,Yaw
-1.701,0.000,0.328,-212.763,0.000,41.038,Yaw
-1.311,0.000,0.328,-163.908,0.000,41.038,Yaw
-0.920,0.000,0.328,-115.053,0.000,41.038,Yaw
-0.529,0.000,0.328,-66.198,0.000,41.038,Yaw
-0.139,0.000,0.328,-17.344,0.000,41.038,Yaw
0.252,0.000,0.328,31.519,0.000,41.038,Yaw
0.627,0.000,0.328,78.420,0.000,41.038,Yaw
1.002,0.000,0.328,125.321,0.000,41.038,Yaw
1.393,0.000,0.328,174.176,0.000,41.038,Yaw
1.783,0.000,0.328,223.031,0.000,41.038,Yaw
-1.826,0.000,0.328,-228.389,0.000,41.038,Yaw
-1.435,0.000,0.328,-179.534,0.000,41.038,Yaw
-1.045,0.000,0.328,-130.679,0.000,41.038,Yaw
-0.654,0.000,0.328,-81.824,0.000,41.038,Yaw
-0.264,0.000,0.328,-32.969,0.000,41.038,Yaw
0.127,0.000,0.328,15.893,0.000,41.038,Yaw
0.502,0.000,0.328,62.794,0.000,41.038,Yaw
0.877,0.000,0.328,109.695,0.000,41.038,Yaw
1.268,0.000,0.328,158.550,0.000,41.038,Yaw
1.658,0.000,0.328,207.405,0.000,41.038,Yaw
-1.951,0.000,0.328,-244.015,0.000,41.038,Yaw
-1.560,0.000,0.328,-195.160,0.000,41.038,Yaw
-1.170,0.000,0.328,-146.305,0.000,41.038,Yaw
-0.779,0.000,0.328,-97.450,0.000,41.038,Yaw
-0.389,0.000,0.328,-48.595,0.000,41.038,Yaw
0.002,0.000,0.328,0.267,0.000,41.038,Yaw
0.377,0.000,0.328,47.168,0.000,41.038,Yaw
0.752,0.000,0.328,94.069,0.000,41.038,Yaw
1.127,0.000,0.328,140.969,0.000,41.038,Yaw
1.518,0.000,0.328,189.824,0.000,41.038,Yaw
1.908,0.000,0.328,238.679,0.000,41.038,Yaw
-1.701,0.000,0.328,-212.740,0.000,41.038,Yaw
-1.310,0.000,0.328,-163.885,0.000,41.038,Yaw
-0.920,0.000,0.328,-115.031,0.000,41.038,Yaw
-0.529,0.000,0.328,-66.176,0.000,41.038,Yaw
-0.138,0.000,0.328,-17.321,0.000,41.038,Yaw
0.252,0.000,0.328,31.542,0.000,41.038,Yaw
0.627,0.000,0.328,78.443,0.000,41.038,Yaw
1.002,0.000,0.328,125.344,0.000,41.038,Yaw
1.393,0.000,0.328,174.198,0.000,41.038,Yaw
1.783,0.000,0.328,223.053,0.000,41.038,Yaw
-1.826,0.000,0.328,-228.366,0.000,41.038,Yaw
-1.435,0.000,0.328,-179.511,0.000,41.038,Yaw
-1.045,0.000,0.328,-130.656,0.000,41.038,Yaw
-0.654,0.000,0.328,-81.802,0.000,41.038,Yaw
-0.263,0.000,0.328,-32.947,0.000,41.038,Yaw
0.127,0.000,0.328,15.916,0.000,41.038,Yaw
0.502,0.000,0.328,62.817,0.000,41.038,Yaw
0.877,0.000,0.328,109.718,0.000,41.038,Yaw
1.268,0.000,0.328,158.573,0.000,41.038,Yaw
1.659,0.000,0.328,207.427,0.000,41.038,Yaw
-1.951,0.000,0.328,-243.992,0.000,41.038,Yaw
-1.560,0.000,0.328,-195.137,0.000,41.038,Yaw
-1.170,0.000,0.328,-146.282,0.000,41.038,Yaw
-0.779,0.000,0.328,-97.427,0.000,41.038,Yaw
-0.388,0.000,0.328,-48.573,0.000,41.038,Yaw
0.002,0.000,0.328,0.290,0.000,41.038,Yaw
0.377,0.000,0.328,47.191,0.000,41.038,Yaw
0.752,0.000,0.328,94.092,0.000,41.038,Yaw
1.127,0.000,0.328,140.992,0.000,41.038,Yaw
1.518,0.000,0.328,189.847,0.000,41.038,Yaw
1.909,0.000,0.328,238.702,0.000,41.038,Yaw
-1.701,0.000,0.328,-212.718,0.000,41.038,Yaw
-1.310,0.000,0.328,-163.863,0.000,41.038,Yaw
-0.920,0.000,0.328,-115.008,0.000,41.038,Yaw
-0.529,0.000,0.328,-66.153,0.000,41.038,Yaw
-0.138,0.000,0.328,-17.298,0.000,41.038,Yaw
0.252,0.000,0.328,31.565,0.000,41.038,Yaw
0.627,0.000,0.328,78.466,0.000,41.038,Yaw
1.002,0.000,0.328,125.366,0.000,41.038,Yaw
1.393,0.000,0.328,174.221,0.000,41.038,Yaw
1.784,0.000,0.328,223.076,0.000,41.038,Yaw
-1.826,0.000,0.328,-228.344,0.000,41.038,Yaw
-1.435,0.000,0.328,-179.489,0.000,41.038,Yaw
-1.044,0.000,0.328,-130.634,0.000,41.038,Yaw
-0.654,0.000,0.328,-81.779,0.000,41.038,Yaw
-0.263,0.000,0.328,-32.924,0.000,41.038,Yaw
0.127,0.000,0.328,15.939,0.000,41.038,Yaw
0.502,0.000,0.328,62.840,0.000,41.038,Yaw
0.877,0.000,0.328,109.740,0.000,41.038,Yaw
1.268,0.000,0.328,158.595,0.000,41.038,Yaw
1.659,0.000,0.328,207.450,0.000,41.038,Yaw
-1.951,0.000,0.328,-243.969,0.000,41.038,Yaw
-1.560,0.000,0.328,-195.115,0.000,41.038,Yaw
-1.169,0.000,0.328,-146.260,0.000,41.038,Yaw
-0.779,0.000,0.328,-97.405,0.000,41.038,Yaw
-0.388,0.000,0.328,-48.550,0.000,41.038,Yaw
0.003,0.000,0.328,0.313,0.000,41.038,Yaw
0.378,0.000,0.328,47.214,0.000,41.038,Yaw
0.753,0.000,0.328,94.115,0.000,41.038,Yaw
1.128,0.000,0.328,141.015,0.000,41.038,Yaw
1.518,0.000,0.328,189.870,0.000,41.038,Yaw
1.909,0.000,0.328,238.725,0.000,41.038,Yaw
-1.701,0.000,0.328,-212.695,0.000,41.038,Yaw
-1.310,0.000,0.328,-163.840,0.000,41.038,Yaw
-0.919,0.000,0.328,-114.985,0.000,41.038,Yaw
-0.529,0.000,0.328,-66.130,0.000,41.038,Yaw
-0.138,0.000,0.328,-17.275,0.000,41.038,Yaw
0.253,0.000,0.328,31.588,0.000,41.038,Yaw
0.628,0.000,0.328,78.489,0.000,41.038,Yaw
1.003,0.000,0.328,125.389,0.000,41.038,Yaw
1.393,0.000,0.328,174.244,0.000,41.038,Yaw
1.784,0.000,0.328,223.099,0.000,41.038,Yaw
-1.826,0.000,0.328,-228.321,0.000,41.038,Yaw
-1.435,0.000,0.328,-179.466,0.000,41.038,Yaw
-1.044,0.000,0.328,-130.611,0.000,41.038,Yaw
-0.654,0.000,0.328,-81.756,0.000,41.038,Yaw
-0.263,0.000,0.328,-32.901,0.000,41.038,Yaw
0.128,0.000,0.328,15.962,0.000,41.038,Yaw
0.503,0.000,0.328,62.863,0.000,41.038,Yaw
0.878,0.000,0.328,109.763,0.000,41.038,Yaw
1.268,0.000,0.328,158.618,0.000,41.038,Yaw
1.659,0.000,0.328,207.473,0.000,41.038,Yaw
-1.951,0.000,0.328,-243.947,0.000,41.038,Yaw
-1.560,0.000,0.328,-195.092,0.000,41.038,Yaw
-1.169,0.000,0.328,-146.237,0.000,41.038,Yaw
-0.779,0.000,0.328,-97.382,0.000,41.038,Yaw
-0.388,0.000,0.328,-48.527,0.000,41.038,Yaw
0.003,0.000,0.328,0.336,0.000,41.038,Yaw
0.378,0.000,0.328,47.237,0.000,41.038,Yaw
0.753,0.000,0.328,94.137,0.000,41.038,Yaw
1.128,0.000,0.328,141.038,0.000,41.038,Yaw
1.518,0.000,0.328,189.893,0.000,41.038,Yaw
1.909,0.000,0.328,238.748,0.000,41.038,Yaw
-1.700,0.000,0.328,-212.672,0.000,41.038,Yaw
-1.310,0.000,0.328,-163.817,0.000,41.038,Yaw
-0.919,0.000,0.328,-114.962,0.000,41.038,Yaw
-0.529,0.000,0.328,-66.107,0.000,41.038,Yaw
-0.138,0.000,0.328,-17.252,0.000,41.038,Yaw
0.253,0.000,0.328,31.611,0.000,41.038,Yaw
0.628,0.000,0.328,78.511,0.000,41.038,Yaw
1.003,0.000,0.328,125.412,0.000,41.038,Yaw
1.393,0.000,0.328,174.267,0.000,41.038,Yaw
1.784,0.000,0.328,223.122,0.000,41.038,Yaw
-1.825,0.000,0.328,-228.298,0.000,41.038,Yaw
-1.435,0.000,0.328,-179.443,0.000,41.038,Yaw
-1.044,0.000,0.328,-130.588,0.000,41.038,Yaw
-0.654,0.000,0.328,-81.733,0.000,41.038,Yaw
-0.263,0.000,0.328,-32.878,0.000,41.038,Yaw
0.128,0.000,0.328,15.985,0.000,41.038,Yaw
0.503,0.000,0.328,62.885,0.000,41.038,Yaw
0.878,0.000,0.328,109.786,0.000,41.038,Yaw
1.268,0.000,0.328,158.641,0.000,41.038,Yaw
1.659,0.000,0.328,207.496,0.000,41.038,Yaw
-1.950,0.000,0.328,-243.924,0.000,41.038,Yaw
-1.560,0.000,0.328,-195.069,0.000,41.038,Yaw
-1.169,0.000,0.328,-146.214,0.000,41.038,Yaw
-0.778,0.000,0.328,-97.359,0.000,41.038,Yaw
-0.388,0.000,0.328,-48.504,0.000,41.038,Yaw
0.003,0.000,0.328,0.359,0.000,41.038,Yaw
0.378,0.000,0.328,47.260,0.000,41.038,Yaw
0.753,0.000,0.328,94.160,0.000,41.038,Yaw
1.128,0.000,0.328,141.061,0.000,41.038,Yaw
1.518,0.000,0.328,189.916,0.000,41.038,Yaw
1.909,0.000,0.328,238.771,0.000,41.038,Yaw
-1.700,0.000,0.328,-212.649,0.000,41.038,Yaw
-1.310,0.000,0.328,-163.794,0.000,41.038,Yaw
-0.919,0.000,0.328,-114.939,0.000,41.038,Yaw
-0.528,0.000,0.328,-66.084,0.000,41.038,Yaw
-0.138,0.000,0.328,-17.229,0.000,41.038,Yaw
0.253,0.000,0.328,31.634,0.000,41.038,Yaw
0.628,0.000,0.328,78.534,0.000,41.038,Yaw
1.003,0.000,0.328,125.435,0.000,41.038,Yaw
1.394,0.000,0.328,174.290,0.000,41.038,Yaw
1.784,0.000,0.328,223.145,0.000,41.038,Yaw
-1.825,0.000,0.328,-228.275,0.000,41.038,Yaw
-1.435,0.000,0.328,-179.420,0.000,41.038,Yaw
-1.044,0.000,0.328,-130.565,0.000,41.038,Yaw
-0.653,0.000,0.328,-81.710,0.000,41.038,Yaw
-0.263,0.000,0.328,-32.855,0.000,41.038,Yaw
0.128,0.000,0.328,16.008,0.000,41.038,Yaw
0.503,0.000,0.328,62.908,0.000,41.038,Yaw
0.878,0.000,0.328,109.809,0.000,41.038,Yaw
1.269,0.000,0.328,158.664,0.000,41.038,Yaw
1.659,0.000,0.328,207.519,0.000,41.038,Yaw
-1.950,0.000,0.328,-243.901,0.000,41.038,Yaw
-1.560,0.000,0.328,-195.046,0.000,41.038,Yaw
-1.169,0.000,0.328,-146.191,0.000,41.038,Yaw
-0.778,0.000,0.328,-97.336,0.000,41.038,Yaw
-0.388,0.000,0.328,-48.481,0.000,41.038,Yaw
0.003,0.000,0.328,0.382,0.000,41.038,Yaw
0.378,0.000,0.328,47.282,0.000,41.038,Yaw
0.753,0.000,0.328,94.183,0.000,41.038,Yaw
1.128,0.000,0.328,141.084,0.000,41.038,Yaw
1.519,0.000,0.328,189.939,0.000,41.038,Yaw
1.909,0.000,0.328,238.794,0.000,41.038,Yaw
-1.700,0.000,0.328,-212.626,0.000,41.038,Yaw
-1.309,0.000,0.328,-163.771,0.000,41.038,Yaw
-0.919,0.000,0.328,-114.916,0.000,41.038,Yaw
-0.528,0.000,0.328,-66.061,0.000,41.038,Yaw
-0.138,0.000,0.328,-17.206,0.000,41.038,Yaw
0.253,0.000,0.328,31.656,0.000,41.038,Yaw
0.628,0.000,0.328,78.557,0.000,41.038,Yaw
1.003,0.000,0.328,125.458,0.000,41.038,Yaw
1.394,0.000,0.328,174.313,0.000,41.038,Yaw
1.784,0.000,0.328,223.168,0.000,41.038,Yaw
-1.825,0.000,0.328,-228.252,0.000,41.038,Yaw
-1.434,0.000,0.328,-179.397,0.000,41.038,Yaw
-1.044,0.000,0.328,-130.542,0.000,41.038,Yaw
-0.653,0.000,0.328,-81.687,0.000,41.038,Yaw
-0.263,0.000,0.328,-32.832,0.000,41.038,Yaw
0.128,0.000,0.328,16.031,0.000,41.038,Yaw
0.503,0.000,0.328,62.931,0.000,41.038,Yaw
0.878,0.000,0.328,109.832,0.000,41.038,Yaw
1.269,0.000,0.328,158.687,0.000,41.038,Yaw
1.659,0.000,0.328,207.542,0.000,41.038,Yaw
-1.950,0.000,0.328,-243.878,0.000,41.038,Yaw
-1.559,0.000,0.328,-195.023,0.000,41.038,Yaw
-1.169,0.000,0.328,-146.168,0.000,41.038,Yaw
-0.778,0.000,0.328,-97.313,0.000,41.038,Yaw
-0.387,0.000,0.328,-48.458,0.000,41.038,Yaw
0.003,0.000,0.328,0.405,0.000,41.038,Yaw
0.378,0.000,0.328,47.305,0.000,41.038,Yaw
0.753,0.000,0.328,94.206,0.000,41.038,Yaw
1.128,0.000,0.328,141.107,0.000,41.038,Yaw
1.519,0.000,0.328,189.962,0.000,41.038,Yaw
1.909,0.000,0.328,238.817,0.000,41.038,Yaw
-1.700,0.000,0.328,-212.603,0.000,41.038,Yaw
-1.309,0.000,0.328,-163.748,0.000,41.038,Yaw
-0.919,0.000,0.328,-114.893,0.000,41.038,Yaw
-0.528,0.000,0.328,-66.038,0.000,41.038,Yaw
-0.137,0.000,0.328,-17.183,0.000,41.038,Yaw
0.253,0.000,0.328,31.679,0.000,41.038,Yaw
0.628,0.000,0.328,78.580,0.000,41.038,Yaw
1.003,0.000,0.328,125.481,0.000,41.038,Yaw
1.394,0.000,0.328,174.336,0.000,41.038,Yaw
1.785,0.000,0.328,223.191,0.000,41.038,Yaw
-1.825,0.000,0.328,-228.229,0.000,41.038,Yaw
-1.434,0.000,0.328,-179.374,0.000,41.038,Yaw
-1.044,0.000,0.328,-130.519,0.000,41.038,Yaw
-0.653,0.000,0.328,-81.664,0.000,41.038,Yaw
-0.262,0.000,0.328,-32.809,0.000,41.038,Yaw
0.128,0.000,0.328,16.053,0.000,41.038,Yaw
0.503,0.000,0.328,62.954,0.000,41.038,Yaw
0.878,0.000,0.328,109.855,0.000,41.038,Yaw
1.269,0.000,0.328,158.710,0.000,41.038,Yaw
1.660,0.000,0.328,207.565,0.000,41.038,Yaw
-1.950,0.000,0.328,-243.855,0.000,41.038,Yaw
-1.559,0.000,0.328,-195.000,0.000,41.038,Yaw
-1.169,0.000,0.328,-146.145,0.000,41.038,Yaw
-0.778,0.000,0.328,-97.290,0.000,41.038,Yaw
-0.387,0.000,0.328,-48.435,0.000,41.038,Yaw
0.003,0.000,0.328,0.427,0.000,41.038,Yaw
0.378,0.000,0.328,47.328,0.000,41.038,Yaw
0.753,0.000,0.328,94.229,0.000,41.038,Yaw
1.128,0.000,0.328,141.130,0.000,41.038,Yaw
1.519,0.000,0.328,189.985,0.000,41.038,Yaw
1.910,0.000,0.328,238.840,0.000,41.038,Yaw
-1.700,0.000,0.328,-212.580,0.000,41.038,Yaw
-1.309,0.000,0.328,-163.725,0.000,41.038,Yaw
-0.918,0.000,0.328,-114.870,0.000,41.038,Yaw
-0.528,0.000,0.328,-66.015,0.000,41.038,Yaw
-0.137,0.000,0.328,-17.160,0.000,41.038,Yaw
0.253,0.000,0.328,31.702,0.000,41.038,Yaw
0.628,0.000,0.328,78.603,0.000,41.038,Yaw
1.003,0.000,0.328,125.504,0.000,41.038,Yaw
1.394,0.000,0.328,174.359,0.000,41.038,Yaw
1.785,0.000,0.328,223.214,0.000,41.038,Yaw
-1.825,0.000,0.328,-228.206,0.000,41.038,Yaw
-1.434,0.000,0.328,-179.351,0.000,41.038,Yaw
-1.043,0.000,0.328,-130.496,0.000,41.038,Yaw
-0.653,0.000,0.328,-81.641,0.000,41.038,Yaw
-0.262,0.000,0.328,-32.786,0.000,41.038,Yaw
0.129,0.000,0.328,16.076,0.000,41.038,Yaw
0.504,0.000,0.328,62.977,0.000,41.038,Yaw
0.879,0.000,0.328,109.878,0.000,41.038,Yaw
1.269,0.000,0.328,158.733,0.000,41.038,Yaw
1.660,0.000,0.328,207.588,0.000,41.038,Yaw
-1.950,0.000,0.328,-243.832,0.000,41.038,Yaw
-1.559,0.000,0.328,-194.977,0.000,41.038,Yaw
-1.168,0.000,0.328,-146.122,0.000,41.038,Yaw
-0.778,0.000,0.328,-97.267,0.000,41.038,Yaw
-0.387,0.000,0.328,-48.412,0.000,41.038,Yaw
0.004,0.000,0.328,0.450,0.000,41.038,Yaw
0.379,0.000,0.328,47.351,0.000,41.038,Yaw
0.754,0.000,0.328,94.252,0.000,41.038,Yaw
1.129,0.000,0.328,141.153,0.000,41.038,Yaw
1.519,0.000,0.328,190.008,0.000,41.038,Yaw
1.910,0.000,0.328,238.863,0.000,41.038,Yaw
-1.700,0.000,0.328,-212.557,0.000,41.038,Yaw
-1.309,0.000,0.328,-163.702,0.000,41.038,Yaw
-0.918,0.000,0.328,-114.847,0.000,41.038,Yaw
-0.528,0.000,0.328,-65.992,0.000,41.038,Yaw
-0.137,0.000,0.328,-17.137,0.000,41.038,Yaw
0.254,0.000,0.328,31.725,0.000,41.038,Yaw
0.629,0.000,0.328,78.626,0.000,41.038,Yaw
1.004,0.000,0.328,125.527,0.000,41.038,Yaw
1.394,0.000,0.328,174.382,0.000,41.038,Yaw
1.785,0.000,0.328,223.237,0.000,41.038,Yaw
-1.824,0.000,0.328,-228.183,0.000,41.038,Yaw
-1.434,0.000,0.328,-179.328,0.000,41.038,Yaw
-1.043,0.000,0.328,-130.473,0.000,41.038,Yaw
-0.653,0.000,0.328,-81.618,0.000,41.038,Yaw
-0.262,0.000,0.328,-32.763,0.000,41.038,Yaw
0.129,0.000,0.328,16.099,0.000,41.038,Yaw
0.504,0.000,0.328,63.000,0.000,41.038,Yaw
0.879,0.000,0.328,109.901,0.000,41.038,Yaw
1.269,0.000,0.328,158.756,0.000,41.038,Yaw
1.660,0.000,0.328,207.611,0.000,41.038,Yaw
-1.949,0.000,0.328,-243.809,0.000,41.038,Yaw
-1.559,0.000,0.328,-194.954,0.000,41.038,Yaw
-1.168,0.000,0.328,-146.099,0.000,41.038,Yaw
-0.778,0.000,0.328,-97.244,0.000,41.038,Yaw
-0.387,0.000,0.328,-48.389,0.000,41.038,Yaw
0.004,0.000,0.328,0.473,0.000,41.038,Yaw
0.379,0.000,0.328,47.374,0.000,41.038,Yaw
0.754,0.000,0.328,94.275,0.000,41.038,Yaw
1.129,0.000,0.328,141.176,0.000,41.038,Yaw
1.519,0.000,0.328,190.031,0.000,41.038,Yaw
1.910,0.000,0.328,238.885,0.000,41.038,Yaw
-1.699,0.000,0.328,-212.534,0.000,41.038,Yaw
-1.309,0.000,0.328,-163.679,0.000,41.038,Yaw
-0.918,0.000,0.328,-114.824,0.000,41.038,Yaw
-0.527,0.000,0.328,-65.969,0.000,41.038,Yaw
-0.137,0.000,0.328,-17.115,0.000,41.038,Yaw
0.254,0.000,0.328,31.748,0.000,41.038,Yaw
0.629,0.000,0.328,78.649,0.000,41.038,Yaw
1.004,0.000,0.328,125.550,0.000,41.038,Yaw
1.394,0.000,0.328,174.405,0.000,41.038,Yaw
1.785,0.000,0.328,223.260,0.000,41.038,Yaw
-1.824,0.000,0.328,-228.160,0.000,41.038,Yaw
-1.434,0.000,0.328,-179.305,0.000,41.038,Yaw
-1.043,0.000,0.328,-130.450,0.000,41.038,Yaw
-0.652,0.000,0.328,-81.595,0.000,41.038,Yaw
-0.262,0.000,0.328,-32.740,0.000,41.038,Yaw
0.129,0.000,0.328,16.122,0.000,41.038,Yaw
0.504,0.000,0.328,63.023,0.000,41.038,Yaw
0.879,0.000,0.328,109.924,0.000,41.038,Yaw
1.270,0.000,0.328,158.779,0.000,41.038,Yaw
1.660,0.000,0.328,207.634,0.000,41.038,Yaw
-1.949,0.000,0.328,-243.786,0.000,41.038,Yaw
-1.559,0.000,0.328,-194.931,0.000,41.038,Yaw
-1.168,0.000,0.328,-146.076,0.000,41.038,Yaw
-0.777,0.000,0.328,-97.221,0.000,41.038,Yaw
-0.387,0.000,0.328,-48.366,0.000,41.038,Yaw
0.004,0.000,0.328,0.496,0.000,41.038,Yaw
0.379,0.000,0.328,47.397,0.000,41.038,Yaw
0.754,0.000,0.328,94.298,0.000,41.038,Yaw
1.129,0.000,0.328,141.198,0.000,41.038,Yaw
1.520,0.000,0.328,190.053,0.000,41.038,Yaw
1.910,0.000,0.328,238.908,0.000,41.038,Yaw
-1.699,0.000,0.328,-212.511,0.000,41.038,Yaw
-1.309,0.000,0.328,-163.656,0.000,41.038,Yaw
-0.918,0.000,0.328,-114.802,0.000,41.038,Yaw
-0.527,0.000,0.328,-65.947,0.000,41.038,Yaw
-0.137,0.000,0.328,-17.092,0.000,41.038,Yaw
0.254,0.000,0.328,31.771,0.000,41.038,Yaw
0.629,0.000,0.328,78.672,0.000,41.038,Yaw
1.004,0.000,0.328,125.573,0.000,41.038,Yaw
1.395,0.000,0.328,174.427,0.000,41.038,Yaw
1.785,0.000,0.328,223.282,0.000,41.038,Yaw
-1.824,0.000,0.328,-228.137,0.000,41.038,Yaw
-1.433,0.000,0.328,-179.282,0.000,41.038,Yaw
-1.043,0.000,0.328,-130.427,0.000,41.038,Yaw
-0.652,0.000,0.328,-81.573,0.000,41.038,Yaw
-0.262,0.000,0.328,-32.718,0.000,41.038,Yaw
0.129,0.000,0.328,16.145,0.000,41.038,Yaw
0.504,0.000,0.328,63.046,0.000,41.038,Yaw
0.879,0.000,0.328,109.947,0.000,41.038,Yaw
1.270,0.000,0.328,158.802,0.000,41.038,Yaw
1.660,0.000,0.328,207.656,0.000,41.038,Yaw
-1.949,0.000,0.328,-243.763,0.000,41.038,Yaw
-1.558,0.000,0.328,-194.908,0.000,41.038,Yaw
-1.168,0.000,0.328,-146.053,0.000,41.038,Yaw
-0.777,0.000,0.328,-97.198,0.000,41.038,Yaw
-0.387,0.000,0.328,-48.344,0.000,41.038,Yaw
0.004,0.000,0.328,0.519,0.000,41.038,Yaw
0.379,0.000,0.328,47.420,0.000,41.038,Yaw
0.754,0.000,0.328,94.321,0.000,41.038,Yaw
1.129,0.000,0.328,141.221,0.000,41.038,Yaw
1.520,0.000,0.328,190.076,0.000,41.038,Yaw
1.910,0.000,0.328,238.931,0.000,41.038,Yaw
-1.699,0.000,0.328,-212.489,0.000,41.038,Yaw
-1.308,0.000,0.328,-163.634,0.000,41.038,Yaw
-0.918,0.000,0.328,-114.779,0.000,41.038,Yaw
-0.527,0.000,0.328,-65.924,0.000,41.038,Yaw
-0.136,0.000,0.328,-17.069,0.000,41.038,Yaw
0.254,0.000,0.328,31.794,0.000,41.038,Yaw
0.629,0.000,0.328,78.695,0.000,41.038,Yaw
1.004,0.000,0.328,125.595,0.000,41.038,Yaw
1.395,0.000,0.328,174.450,0.000,41.038,Yaw
1.785,0.000,0.328,223.305,0.000,41.038,Yaw
-1.824,0.000,0.328,-228.115,0.000,41.038,Yaw
-1.433,0.000,0.328,-179.260,0.000,41.038,Yaw
-1.043,0.000,0.328,-130.405,0.000,41.038,Yaw
-0.652,0.000,0.328,-81.550,0.000,41.038,Yaw
-0.261,0.000,0.328,-32.695,0.000,41.038,Yaw
0.129,0.000,0.328,16.168,0.000,41.038,Yaw
0.504,0.000,0.328,63.069,0.000,41.038,Yaw
0.879,0.000,0.328,109.969,0.000,41.038,Yaw
1.270,0.000,0.328,158.824,0.000,41.038,Yaw
1.661,0.000,0.328,207.679,0.000,41.038,Yaw
-1.949,0.000,0.328,-243.740,0.000,41.038,Yaw
-1.558,0.000,0.328,-194.885,0.000,41.038,Yaw
-1.168,0.000,0.328,-146.031,0.000,41.038,Yaw
-0.777,0.000,0.328,-97.176,0.000,41.038,Yaw
-0.386,0.000,0.328,-48.321,0.000,41.038,Yaw
0.004,0.000,0.328,0.542,0.000,41.038,Yaw
0.379,0.000,0.328,47.443,0.000,41.038,Yaw
0.754,0.000,0.328,94.344,0.000,41.038,Yaw
1.129,0.000,0.328,141.244,0.000,41.038,Yaw
1.520,0.000,0.328,190.099,0.000,41.038,Yaw
1.911,0.000,0.328,238.954,0.000,41.038,Yaw
-1.699,0.000,0.328,-212.466,0.000,41.038,Yaw
-1.308,0.000,0.328,-163.611,0.000,41.038,Yaw
-0.918,0.000,0.328,-114.756,0.000,41.038,Yaw
-0.527,0.000,0.328,-65.901,0.000,41.038,Yaw
-0.136,0.000,0.328,-17.046,0.000,41.038,Yaw
0.254,0.000,0.328,31.817,0.000,41.038,Yaw
0.629,0.000,0.328,78.718,0.000,41.038,Yaw
1.004,0.000,0.328,125.618,0.000,41.038,Yaw
1.395,0.000,0.328,174.473,0.000,41.038,Yaw
1.786,0.000,0.328,223.328,0.000,41.038,Yaw
-1.824,0.000,0.328,-228.092,0.000,41.038,Yaw
-1.433,0.000,0.328,-179.237,0.000,41.038,Yaw
-1.042,0.000,0.328,-130.382,0.000,41.038,Yaw
-0.652,0.000,0.328,-81.527,0.000,41.038,Yaw
-0.261,0.000,0.328,-32.672,0.000,41.038,Yaw
0.129,0.000,0.328,16.191,0.000,41.038,Yaw
0.504,0.000,0.328,63.092,0.000,41.038,Yaw
0.879,0.000,0.328,109.992,0.000,41.038,Yaw
1.270,0.000,0.328,158.847,0.000,41.038,Yaw
1.661,0.000,0.328,207.702,0.000,41.038,Yaw
-1.949,0.000,0.328,-243.718,0.000,41.038,Yaw
-1.558,0.000,0.328,-194.863,0.000,41.038,Yaw
-1.167,0.000,0.328,-146.008,0.000,41.038,Yaw
-0.777,0.000,0.328,-97.153,0.000,41.038,Yaw
-0.386,0.000,0.328,-48.298,0.000,41.038,Yaw
0.005,0.000,0.328,0.565,0.000,41.038,Yaw
0.380,0.000,0.328,47.466,0.000,41.038,Yaw
0.755,0.000,0.328,94.366,0.000,41.038,Yaw
1.130,0.000,0.328,141.267,0.000,41.038,Yaw
1.520,0.000,0.328,190.122,0.000,41.038,Yaw
1.911,0.000,0.328,238.977,0.000,41.038,Yaw
-1.699,0.000,0.328,-212.443,0.000,41.038,Yaw
-1.308,0.000,0.328,-163.588,0.000,41.038,Yaw
-0.917,0.000,0.328,-114.733,0.000,41.038,Yaw
-0.527,0.000,0.328,-65.878,0.000,41.038,Yaw
-0.136,0.000,0.328,-17.023,0.000,41.038,Yaw
0.255,0.000,0.328,31.840,0.000,41.038,Yaw
0.630,0.000,0.328,78.740,0.000,41.038,Yaw
1.005,0.000,0.328,125.641,0.000,41.038,Yaw
1.395,0.000,0.328,174.496,0.000,41.038,Yaw
1.786,0.000,0.328,223.351,0.000,41.038,Yaw
-1.824,0.000,0.328,-228.069,0.000,41.038,Yaw
-1.433,0.000,0.328,-179.214,0.000,41.038,Yaw
-1.042,0.000,0.328,-130.359,0.000,41.038,Yaw
-0.652,0.000,0.328,-81.504,0.000,41.038,Yaw
-0.261,0.000,0.328,-32.649,0.000,41.038,Yaw
0.130,0.000,0.328,16.214,0.000,41.038,Yaw
0.505,0.000,0.328,63.115,0.000,41.038,Yaw
0.880,0.000,0.328,110.015,0.000,41.038,Yaw
1.270,0.000,0.328,158.870,0.000,41.038,Yaw
1.661,0.000,0.328,207.725,0.000,41.038,Yaw
-1.948,0.000,0.328,-243.695,0.000,41.038,Yaw
-1.558,0.000,0.328,-194.840,0.000,41.038,Yaw
-1.167,0.000,0.328,-145.985,0.000,41.038,Yaw
-0.777,0.000,0.328,-97.130,0.000,41.038,Yaw
-0.386,0.000,0.328,-48.275,0.000,41.038,Yaw
0.005,0.000,0.328,0.588,0.000,41.038,Yaw
0.380,0.000,0.328,47.489,0.000,41.038,Yaw
0.755,0.000,0.328,94.389,0.000,41.038,Yaw
1.130,0.000,0.328,141.290,0.000,41.038,Yaw
1.520,0.000,0.328,190.145,0.000,41.038,Yaw
1.911,0.000,0.328,239.000,0.000,41.038,Yaw
-1.698,0.000,0.328,-212.420,0.000,41.038,Yaw
-1.308,0.000,0.328,-163.565,0.000,41.038,Yaw
-0.917,0.000,0.328,-114.710,0.000,41.038,Yaw
-0.527,0.000,0.328,-65.855,0.000,41.038,Yaw
-0.136,0.000,0.328,-17.000,0.000,41.038,Yaw
0.255,0.000,0.328,31.863,0.000,41.038,Yaw
0.630,0.000,0.328,78.763,0.000,41.038,Yaw
1.005,0.000,0.328,125.664,0.000,41.038,Yaw
1.395,0.000,0.328,174.519,0.000,41.038,Yaw
1.786,0.000,0.328,223.374,0.000,41.038,Yaw
-1.823,0.000,0.328,-228.046,0.000,41.038,Yaw
-1.433,0.000,0.328,-179.191,0.000,41.038,Yaw
-1.042,0.000,0.328,-130.336,0.000,41.038,Yaw
-0.651,0.000,0.328,-81.481,0.000,41.038,Yaw
-0.261,0.000,0.328,-32.626,0.000,41.038,Yaw
0.130,0.000,0.328,16.237,0.000,41.038,Yaw
0.505,0.000,0.328,63.137,0.000,41.038,Yaw
0.880,0.000,0.328,110.038,0.000,41.038,Yaw
1.270,0.000,0.328,158.893,0.000,41.038,Yaw
1.661,0.000,0.328,207.748,0.000,41.038,Yaw
-1.948,0.000,0.328,-243.672,0.000,41.038,Yaw
-1.558,0.000,0.328,-194.817,0.000,41.038,Yaw
-1.167,0.000,0.328,-145.962,0.000,41.038,Yaw
-0.776,0.000,0.328,-97.107,0.000,41.038,Yaw
-0.386,0.000,0.328,-48.252,0.000,41.038,Yaw
0.005,0.000,0.328,0.611,0.000,41.038,Yaw
0.380,0.000,0.328,47.511,0.000,41.038,Yaw
0.755,0.000,0.328,94.412,0.000,41.038,Yaw
1.130,0.000,0.328,141.313,0.000,41.038,Yaw
1.521,0.000,0.328,190.168,0.000,41.038,Yaw
1.911,0.000,0.328,239.023,0.000,41.038,Yaw
-1.698,0.000,0.328,-212.397,0.000,41.038,Yaw
-1.308,0.000,0.328,-163.542,0.000,41.038,Yaw
-0.917,0.000,0.328,-114.687,0.000,41.038,Yaw
-0.526,0.000,0.328,-65.832,0.000,41.038,Yaw
-0.136,0.000,0.328,-16.977,0.000,41.038,Yaw
0.255,0.000,0.328,31.885,0.000,41.038,Yaw
0.630,0.000,0.328,78.786,0.000,41.038,Yaw
1.005,0.000,0.328,125.687,0.000,41.038,Yaw
1.396,0.000,0.328,174.542,0.000,41.038,Yaw
1.786,0.000,0.328,223.397,0.000,41.038,Yaw
-1.823,0.000,0.328,-228.023,0.000,41.038,Yaw
-1.433,0.000,0.328,-179.168,0.000,41.038,Yaw
-1.042,0.000,0.328,-130.313,0.000,41.038,Yaw
-0.651,0.000,0.328,-81.458,0.000,41.038,Yaw
-0.261,0.000,0.328,-32.603,0.000,41.038,Yaw
0.130,0.000,0.328,16.260,0.000,41.038,Yaw
0.505,0.000,0.328,63.160,0.000,41.038,Yaw
0.880,0.000,0.328,110.061,0.000,41.038,Yaw
1.271,0.000,0.328,158.916,0.000,41.038,Yaw
1.661,0.000,0.328,207.771,0.000,41.038,Yaw
-1.948,0.000,0.328,-243.649,0.000,41.038,Yaw
-1.557,0.000,0.328,-194.794,0.000,41.038,Yaw
-1.167,0.000,0.328,-145.939,0.000,41.038,Yaw
-0.776,0.000,0.328,-97.084,0.000,41.038,Yaw
-0.386,0.000,0.328,-48.229,0.000,41.038,Yaw
0.005,0.000,0.328,0.634,0.000,41.038,Yaw
0.380,0.000,0.328,47.534,0.000,41.038,Yaw
0.755,0.000,0.328,94.435,0.000,41.038,Yaw
1.130,0.000,0.328,141.336,0.000,41.038,Yaw
1.521,0.000,0.328,190.191,0.000,41.038,Yaw
1.911,0.000,0.328,239.046,0.000,41.038,Yaw
-1.698,0.000,0.328,-212.374,0.000,41.038,Yaw
-1.307,0.000,0.328,-163.519,0.000,41.038,Yaw
-0.917,0.000,0.328,-114.664,0.000,41.038,Yaw
-0.526,0.000,0.328,-65.809,0.000,41.038,Yaw
-0.136,0.000,0.328,-16.954,0.000,41.038,Yaw
0.255,0.000,0.328,31.908,0.000,41.038,Yaw
0.630,0.000,0.328,78.809,0.000,41.038,Yaw
1.005,0.000,0.328,125.710,0.000,41.038,Yaw
1.396,0.000,0.328,174.565,0.000,41.038,Yaw
1.786,0.000,0.328,223.420,0.000,41.038,Yaw
-1.823,0.000,0.328,-228.000,0.000,41.038,Yaw
-1.432,0.000,0.328,-179.145,0.000,41.038,Yaw
-1.042,0.000,0.328,-130.290,0.000,41.038,Yaw
-0.651,0.000,0.328,-81.435,0.000,41.038,Yaw
-0.260,0.000,0.328,-32.580,0.000,41.038,Yaw
0.130,0.000,0.328,16.282,0.000,41.038,Yaw
0.505,0.000,0.328,63.183,0.000,41.038,Yaw
0.880,0.000,0.328,110.084,0.000,41.038,Yaw
1.271,0.000,0.328,158.939,0.000,41.038,Yaw
1.661,0.000,0.328,207.794,0.000,41.038,Yaw
-1.948,0.000,0.328,-243.626,0.000,41.038,Yaw
-1.557,0.000,0.328,-194.771,0.000,41.038,Yaw
-1.167,0.000,0.328,-145.916,0.000,41.038,Yaw
-0.776,0.000,0.328,-97.061,0.000,41.038,Yaw
-0.385,0.000,0.328,-48.206,0.000,41.038,Yaw
0.005,0.000,0.328,0.656,0.000,41.038,Yaw
0.380,0.000,0.328,47.557,0.000,41.038,Yaw
0.755,0.000,0.328,94.458,0.000,41.038,Yaw
1.130,0.000,0.328,141.359,0.000,41.038,Yaw
1.521,0.000,0.328,190.214,0.000,41.038,Yaw
1.911,0.000,0.328,239.069,0.000,41.038,Yaw
-1.698,0.000,0.328,-212.351,0.000,41.038,Yaw
-1.307,0.000,0.328,-163.496,0.000,41.038,Yaw
-0.917,0.000,0.328,-114.641,0.000,41.038,Yaw
-0.526,0.000,0.328,-65.786,0.000,41.038,Yaw
-0.135,0.000,0.328,-16.931,0.000,41.038,Yaw
0.255,0.000,0.328,31.931,0.000,41.038,Yaw
0.630,0.000,0.328,78.832,0.000,41.038,Yaw
1.005,0.000,0.328,125.733,0.000,41.038,Yaw
1.396,0.000,0.328,174.588,0.000,41.038,Yaw
1.787,0.000,0.328,223.443,0.000,41.038,Yaw
-1.823,0.000,0.328,-227.977,0.000,41.038,Yaw
-1.432,0.000,0.328,-179.122,0.000,41.038,Yaw
-1.042,0.000,0.328,-130.267,0.000,41.038,Yaw
-0.651,0.000,0.328,-81.412,0.000,41.038,Yaw
-0.260,0.000,0.328,-32.557,0.000,41.038,Yaw
0.130,0.000,0.328,16.305,0.000,41.038,Yaw
0.505,0.000,0.328,63.206,0.000,41.038,Yaw
0.880,0.000,0.328,110.107,0.000,41.038,Yaw
1.271,0.000,0.328,158.962,0.000,41.038,Yaw
1.662,0.000,0.328,207.817,0.000,41.038,Yaw
-1.948,0.000,0.328,-243.603,0.000,41.038,Yaw
-1.557,0.000,0.328,-194.748,0.000,41.038,Yaw
-1.167,0.000,0.328,-145.893,0.000,41.038,Yaw
-0.776,0.000,0.328,-97.038,0.000,41.038,Yaw
-0.385,0.000,0.328,-48.183,0.000,41.038,Yaw
0.005,0.000,0.328,0.679,0.000,41.038,Yaw
0.380,0.000,0.328,47.580,0.000,41.038,Yaw
0.755,0.000,0.328,94.481,0.000,41.038,Yaw
1.130,0.000,0.328,141.382,0.000,41.038,Yaw
1.521,0.000,0.328,190.237,0.000,41.038,Yaw
1.912,0.000,0.328,239.092,0.000,41.038,Yaw
-1.698,0.000,0.328,-212.328,0.000,41.038,Yaw
-1.307,0.000,0.328,-163.473,0.000,41.038,Yaw
-0.916,0.000,0.328,-114.618,0.000,41.038,Yaw
-0.526,0.000,0.328,-65.763,0.000,41.038,Yaw
-0.135,0.000,0.328,-16.908,0.000,41.038,Yaw
0.255,0.000,0.328,31.954,0.000,41.038,Yaw
0.630,0.000,0.328,78.855,0.000,41.038,Yaw
1.005,0.000,0.328,125.756,0.000,41.038,Yaw
1.396,0.000,0.328,174.611,0.000,41.038,Yaw
1.787,0.000,0.328,223.466,0.000,41.038,Yaw
-1.823,0.000,0.328,-227.954,0.000,41.038,Yaw
-1.432,0.000,0.328,-179.099,0.000,41.038,Yaw
-1.041,0.000,0.328,-130.244,0.000,41.038,Yaw
-0.651,0.000,0.328,-81.389,0.000,41.038,Yaw
-0.260,0.000,0.328,-32.534,0.000,41.038,Yaw
0.131,0.000,0.328,16.328,0.000,41.038,Yaw
0.506,0.000,0.328,63.229,0.000,41.038,Yaw
0.881,0.000,0.328,110.130,0.000,41.038,Yaw
1.271,0.000,0.328,158.985,0.000,41.038,Yaw
1.662,0.000,0.328,207.840,0.000,41.038,Yaw
-1.948,0.000,0.328,-243.580,0.000,41.038,Yaw
-1.557,0.000,0.328,-194.725,0.000,41.038,Yaw
-1.166,0.000,0.328,-145.870,0.000,41.038,Yaw
-0.776,0.000,0.328,-97.015,0.000,41.038,Yaw
-0.385,0.000,0.328,-48.160,0.000,41.038,Yaw
0.006,0.000,0.328,0.702,0.000,41.038,Yaw
0.381,0.000,0.328,47.603,0.000,41.038,Yaw
0.756,0.000,0.328,94.504,0.000,41.038,Yaw
1.131,0.000,0.328,141.405,0.000,41.038,Yaw
1.521,0.000,0.328,190.260,0.000,41.038,Yaw
1.912,0.000,0.328,239.115,0.000,41.038,Yaw
-1.698,0.000,0.328,-212.305,0.000,41.038,Yaw
-1.307,0.000,0.328,-163.450,0.000,41.038,Yaw
-0.916,0.000,0.328,-114.595,0.000,41.038,Yaw
-0.526,0.000,0.328,-65.740,0.000,41.038,Yaw
-0.135,0.000,0.328,-16.885,0.000,41.038,Yaw
0.256,0.000,0.328,31.977,0.000,41.038,Yaw
0.631,0.000,0.328,78.878,0.000,41.038,Yaw
1.006,0.000,0.328,125.779,0.000,41.038,Yaw
1.396,0.000,0.328,174.634,0.000,41.038,Yaw
1.787,0.000,0.328,223.489,0.000,41.038,Yaw
-1.822,0.000,0.328,-227.931,0.000,41.038,Yaw
-1.432,0.000,0.328,-179.076,0.000,41.038,Yaw
-1.041,0.000,0.328,-130.221,0.000,41.038,Yaw
-0.651,0.000,0.328,-81.366,0.000,41.038,Yaw
-0.260,0.000,0.328,-32.511,0.000,41.038,Yaw
0.131,0.000,0.328,16.351,0.000,41.038,Yaw
0.506,0.000,0.328,63.252,0.000,41.038,Yaw
0.881,0.000,0.328,110.153,0.000,41.038,Yaw
1.271,0.000,0.328,159.008,0.000,41.038,Yaw
1.662,0.000,0.328,207.863,0.000,41.038,Yaw
-1.947,0.000,0.328,-243.557,0.000,41.038,Yaw
-1.557,0.000,0.328,-194.702,0.000,41.038,Yaw
-1.166,0.000,0.328,-145.847,0.000,41.038,Yaw
-0.776,0.000,0.328,-96.992,0.000,41.038,Yaw
0.000,0.000,-0.359,0.000,0.000,-44.924,Yaw
-0.312,0.000,0.328,-39.061,0.000,41.038,Yaw
0.078,0.000,0.328,9.802,0.000,41.038,Yaw
0.453,0.000,0.328,56.702,0.000,41.038,Yaw
0.828,0.000,0.328,103.603,0.000,41.038,Yaw
1.219,0.000,0.328,152.458,0.000,41.038,Yaw
1.610,0.000,0.328,201.313,0.000,41.038,Yaw
-2.000,0.000,0.328,-250.107,0.000,41.038,Yaw
-1.609,0.000,0.328,-201.252,0.000,41.038,Yaw
-1.219,0.000,0.328,-152.397,0.000,41.038,Yaw
-0.828,0.000,0.328,-103.542,0.000,41.038,Yaw
-0.437,0.000,0.328,-54.687,0.000,41.038,Yaw
-0.047,0.000,0.328,-5.832,0.000,41.038,Yaw
0.344,0.000,0.328,43.031,0.000,41.038,Yaw
0.719,0.000,0.328,89.931,0.000,41.038,Yaw
1.094,0.000,0.328,136.832,0.000,41.038,Yaw
1.485,0.000,0.328,185.687,0.000,41.038,Yaw
1.875,0.000,0.328,234.542,0.000,41.038,Yaw
-1.734,0.000,0.328,-216.878,0.000,41.038,Yaw
-1.343,0.000,0.328,-168.023,0.000,41.038,Yaw
-0.953,0.000,0.328,-119.168,0.000,41.038,Yaw
-0.562,0.000,0.328,-70.313,0.000,41.038,Yaw
-0.172,0.000,0.328,-21.458,0.000,41.038,Yaw
0.219,0.000,0.328,27.405,0.000,41.038,Yaw
0.594,0.000,0.328,74.305,0.000,41.038,Yaw
0.969,0.000,0.328,121.206,0.000,41.038,Yaw
1.360,0.000,0.328,170.061,0.000,41.038,Yaw
1.750,0.000,0.328,218.916,0.000,41.038,Yaw
-1.859,0.000,0.328,-232.504,0.000,41.038,Yaw
-1.468,0.000,0.328,-183.649,0.000,41.038,Yaw
-1.078,0.000,0.328,-134.794,0.000,41.038,Yaw
-0.687,0.000,0.328,-85.939,0.000,41.038,Yaw
-0.297,0.000,0.328,-37.084,0.000,41.038,Yaw
0.094,0.000,0.328,11.779,0.000,41.038,Yaw
0.469,0.000,0.328,58.679,0.000,41.038,Yaw
0.844,0.000,0.328,105.580,0.000,41.038,Yaw
1.235,0.000,0.328,154.435,0.000,41.038,Yaw
1.625,0.000,0.328,203.290,0.000,41.038,Yaw
-1.984,0.000,0.328,-248.130,0.000,41.038,Yaw
-1.593,0.000,0.328,-199.275,0.000,41.038,Yaw
-1.203,0.000,0.328,-150.420,0.000,41.038,Yaw
-0.812,0.000,0.328,-101.565,0.000,41.038,Yaw
-0.421,0.000,0.328,-52.710,0.000,41.038,Yaw
-0.031,0.000,0.328,-3.855,0.000,41.038,Yaw
0.360,0.000,0.328,45.008,0.000,41.038,Yaw
0.735,0.000,0.328,91.908,0.000,41.038,Yaw
1.110,0.000,0.328,138.809,0.000,41.038,Yaw
1.500,0.000,0.328,187.664,0.000,41.038,Yaw
1.891,0.000,0.328,236.519,0.000,41.038,Yaw
-1.718,0.000,0.328,-214.901,0.000,41.038,Yaw
-1.328,0.000,0.328,-166.046,0.000,41.038,Yaw
-0.937,0.000,0.328,-117.191,0.000,41.038,Yaw
-0.546,0.000,0.328,-68.336,0.000,41.038,Yaw
-0.156,0.000,0.328,-19.481,0.000,41.038,Yaw
0.235,0.000,0.328,29.382,0.000,41.038,Yaw
0.610,0.000,0.328,76.282,0.000,41.038,Yaw
0.985,0.000,0.328,123.183,0.000,41.038,Yaw
1.376,0.000,0.328,172.038,0.000,41.038,Yaw
1.766,0.000,0.328,220.893,0.000,41.038,Yaw
-1.843,0.000,0.328,-230.527,0.000,41.038,Yaw
-1.453,0.000,0.328,-181.672,0.000,41.038,Yaw
-1.062,0.000,0.328,-132.817,0.000,41.038,Yaw
-0.671,0.000,0.328,-83.962,0.000,41.038,Yaw
-0.281,0.000,0.328,-35.107,0.000,41.038,Yaw
0.110,0.000,0.328,13.756,0.000,41.038,Yaw
0.485,0.000,0.328,60.656,0.000,41.038,Yaw
0.860,0.000,0.328,107.557,0.000,41.038,Yaw
1.251,0.000,0.328,156.412,0.000,41.038,Yaw
1.641,0.000,0.328,205.267,0.000,41.038,Yaw
-1.968,0.000,0.328,-246.153,0.000,41.038,Yaw
-1.578,0.000,0.328,-197.298,0.000,41.038,Yaw
-1.187,0.000,0.328,-148.443,0.000,41.038,Yaw
-0.796,0.000,0.328,-99.588,0.000,41.038,Yaw
-0.406,0.000,0.328,-50.733,0.000,41.038,Yaw
-0.015,0.000,0.328,-1.878,0.000,41.038,Yaw
0.376,0.000,0.328,46.985,0.000,41.038,Yaw
0.751,0.000,0.328,93.885,0.000,41.038,Yaw
1.126,0.000,0.328,140.786,0.000,41.038,Yaw
1.516,0.000,0.328,189.641,0.000,41.038,Yaw
1.907,0.000,0.328,238.496,0.000,41.038,Yaw
-1.702,0.000,0.328,-212.924,0.000,41.038,Yaw
-1.312,0.000,0.328,-164.069,0.000,41.038,Yaw
-0.921,0.000,0.328,-115.214,0.000,41.038,Yaw
-0.531,0.000,0.328,-66.359,0.000,41.038,Yaw
-0.140,0.000,0.328,-17.504,0.000,41.038,Yaw
0.251,0.000,0.328,31.359,0.000,41.038,Yaw
0.626,0.000,0.328,78.260,0.000,41.038,Yaw
1.001,0.000,0.328,125.160,0.000,41.038,Yaw
1.391,0.000,0.328,174.015,0.000,41.038,Yaw
1.782,0.000,0.328,222.870,0.000,41.038,Yaw
-1.827,0.000,0.328,-228.550,0.000,41.038,Yaw
-1.437,0.000,0.328,-179.695,0.000,41.038,Yaw
-1.046,0.000,0.328,-130.840,0.000,41.038,Yaw
-0.656,0.000,0.328,-81.985,0.000,41.038,Yaw
-0.265,0.000,0.328,-33.130,0.000,41.038,Yaw
0.126,0.000,0.328,15.733,0.000,41.038,Yaw
0.501,0.000,0.328,62.634,0.000,41.038,Yaw
0.876,0.000,0.328,109.534,0.000,41.038,Yaw
1.266,0.000,0.328,158.389,0.000,41.038,Yaw
1.657,0.000,0.328,207.244,0.000,41.038,Yaw
-1.952,0.000,0.328,-244.176,0.000,41.038,Yaw
-1.562,0.000,0.328,-195.321,0.000,41.038,Yaw
-1.171,0.000,0.328,-146.466,0.000,41.038,Yaw
-0.780,0.000,0.328,-97.611,0.000,41.038,Yaw
-0.390,0.000,0.328,-48.756,0.000,41.038,Yaw
0.001,0.000,0.328,0.107,0.000,41.038,Yaw
0.376,0.000,0.328,47.008,0.000,41.038,Yaw
0.751,0.000,0.328,93.908,0.000,41.038,Yaw
1.126,0.000,0.328,140.809,0.000,41.038,Yaw
1.516,0.000,0.328,189.664,0.000,41.038,Yaw
1.907,0.000,0.328,238.519,0.000,41.038,Yaw
-1.702,0.000,0.328,-212.901,0.000,41.038,Yaw
-1.312,0.000,0.328,-164.046,0.000,41.038,Yaw
-0.921,0.000,0.328,-115.191,0.000,41.038,Yaw
-0.530,0.000,0.328,-66.336,0.000,41.038,Yaw
-0.140,0.000,0.328,-17.481,0.000,41.038,Yaw
0.251,0.000,0.328,31.382,0.000,41.038,Yaw
0.626,0.000,0.328,78.282,0.000,41.038,Yaw
1.001,0.000,0.328,125.183,0.000,41.038,Yaw
1.392,0.000,0.328,174.038,0.000,41.038,Yaw
1.782,0.000,0.328,222.893,0.000,41.038,Yaw
-1.827,0.000,0.328,-228.527,0.000,41.038,Yaw
-1.437,0.000,0.328,-179.672,0.000,41.038,Yaw
-1.046,0.000,0.328,-130.817,0.000,41.038,Yaw
-0.655,0.000,0.328,-81.962,0.000,41.038,Yaw
-0.265,0.000,0.328,-33.107,0.000,41.038,Yaw
0.126,0.000,0.328,15.756,0.000,41.038,Yaw
0.501,0.000,0.328,62.656,0.000,41.038,Yaw
0.876,0.000,0.328,109.557,0.000,41.038,Yaw
1.267,0.000,0.328,158.412,0.000,41.038,Yaw
1.657,0.000,0.328,207.267,0.000,41.038,Yaw
-1.952,0.000,0.328,-244.153,0.000,41.038,Yaw
-1.562,0.000,0.328,-195.298,0.000,41.038,Yaw
-1.171,0.000,0.328,-146.443,0.000,41.038,Yaw
-0.780,0.000,0.328,-97.588,0.000,41.038,Yaw
-0.390,0.000,0.328,-48.733,0.000,41.038,Yaw
0.001,0.000,0.328,0.130,0.000,41.038,Yaw
0.376,0.000,0.328,47.031,0.000,41.038,Yaw
0.751,0.000,0.328,93.931,0.000,41.038,Yaw
1.126,0.000,0.328,140.832,0.000,41.038,Yaw
1.517,0.000,0.328,189.687,0.000,41.038,Yaw
1.907,0.000,0.328,238.542,0.000,41.038,Yaw
-1.702,0.000,0.328,-212.878,0.000,41.038,Yaw
-1.311,0.000,0.328,-164.023,0.000,41.038,Yaw
-0.921,0.000,0.328,-115.168,0.000,41.038,Yaw
-0.530,0.000,0.328,-66.313,0.000,41.038,Yaw
-0.140,0.000,0.328,-17.458,0.000,41.038,Yaw
0.251,0.000,0.328,31.405,0.000,41.038,Yaw
0.626,0.000,0.328,78.305,0.000,41.038,Yaw
1.001,0.000,0.328,125.206,0.000,41.038,Yaw
1.392,0.000,0.328,174.061,0.000,41.038,Yaw
1.782,0.000,0.328,222.916,0.000,41.038,Yaw
-1.827,0.000,0.328,-228.504,0.000,41.038,Yaw
-1.436,0.000,0.328,-179.649,0.000,41.038,Yaw
-1.046,0.000,0.328,-130.794,0.000,41.038,Yaw
-0.655,0.000,0.328,-81.939,0.000,41.038,Yaw
-0.265,0.000,0.328,-33.084,0.000,41.038,Yaw
0.126,0.000,0.328,15.779,0.000,41.038,Yaw
0.501,0.000,0.328,62.679,0.000,41.038,Yaw
0.876,0.000,0.328,109.580,0.000,41.038,Yaw
1.267,0.000,0.328,158.435,0.000,41.038,Yaw
1.657,0.000,0.328,207.290,0.000,41.038,Yaw
-1.952,0.000,0.328,-244.130,0.000,41.038,Yaw
-1.561,0.000,0.328,-195.275,0.000,41.038,Yaw
-1.171,0.000,0.328,-146.420,0.000,41.038,Yaw
-0.780,0.000,0.328,-97.565,0.000,41.038,Yaw
-0.389,0.000,0.328,-48.710,0.000,41.038,Yaw
0.001,0.000,0.328,0.153,0.000,41.038,Yaw
0.376,0.000,0.328,47.053,0.000,41.038,Yaw
0.751,0.000,0.328,93.954,0.000,41.038,Yaw
1.126,0.000,0.328,140.855,0.000,41.038,Yaw
1.517,0.000,0.328,189.710,0.000,41.038,Yaw
1.907,0.000,0.328,238.565,0.000,41.038,Yaw
-1.702,0.000,0.328,-212.855,0.000,41.038,Yaw
-1.311,0.000,0.328,-164.000,0.000,41.038,Yaw
-0.921,0.000,0.328,-115.145,0.000,41.038,Yaw
-0.530,0.000,0.328,-66.290,0.000,41.038,Yaw
-0.139,0.000,0.328,-17.435,0.000,41.038,Yaw
0.251,0.000,0.328,31.427,0.000,41.038,Yaw
0.626,0.000,0.328,78.328,0.000,41.038,Yaw
1.001,0.000,0.328,125.229,0.000,41.038,Yaw
1.392,0.000,0.328,174.084,0.000,41.038,Yaw
1.783,0.000,0.328,222.939,0.000,41.038,Yaw
-1.827,0.000,0.328,-228.481,0.000,41.038,Yaw
-1.436,0.000,0.328,-179.626,0.000,41.038,Yaw
-1.046,0.000,0.328,-130.771,0.000,41.038,Yaw
-0.655,0.000,0.328,-81.916,0.000,41.038,Yaw
-0.264,0.000,0.328,-33.061,0.000,41.038,Yaw
0.126,0.000,0.328,15.802,0.000,41.038,Yaw
0.501,0.000,0.328,62.702,0.000,41.038,Yaw
0.876,0.000,0.328,109.603,0.000,41.038,Yaw
1.267,0.000,0.328,158.458,0.000,41.038,Yaw
1.658,0.000,0.328,207.313,0.000,41.038,Yaw
-1.952,0.000,0.328,-244.107,0.000,41.038,Yaw
-1.561,0.000,0.328,-195.252,0.000,41.038,Yaw
-1.171,0.000,0.328,-146.397,0.000,41.038,Yaw
-0.780,0.000,0.328,-97.542,0.000,41.038,Yaw
-0.389,0.000,0.328,-48.687,0.000,41.038,Yaw
0.001,0.000,0.328,0.176,0.000,41.038,Yaw
0.376,0.000,0.328,47.076,0.000,41.038,Yaw
0.751,0.000,0.328,93.977,0.000,41.038,Yaw
1.126,0.000,0.328,140.878,0.000,41.038,Yaw
1.517,0.000,0.328,189.733,0.000,41.038,Yaw
1.908,0.000,0.328,238.588,0.000,41.038,Yaw
-1.702,0.000,0.328,-212.832,0.000,41.038,Yaw
-1.311,0.000,0.328,-163.977,0.000,41.038,Yaw
-0.920,0.000,0.328,-115.122,0.000,41.038,Yaw
-0.530,0.000,0.328,-66.267,0.000,41.038,Yaw
-0.139,0.000,0.328,-17.412,0.000,41.038,Yaw
0.251,0.000,0.328,31.450,0.000,41.038,Yaw
0.626,0.000,0.328,78.351,0.000,41.038,Yaw
1.001,0.000,0.328,125.252,0.000,41.038,Yaw
1.392,0.000,0.328,174.107,0.000,41.038,Yaw
1.783,0.000,0.328,222.962,0.000,41.038,Yaw
-1.827,0.000,0.328,-228.458,0.000,41.038,Yaw
-1.436,0.000,0.328,-179.603,0.000,41.038,Yaw
-1.045,0.000,0.328,-130.748,0.000,41.038,Yaw
-0.655,0.000,0.328,-81.893,0.000,41.038,Yaw
-0.264,0.000,0.328,-33.038,0.000,41.038,Yaw
0.127,0.000,0.328,15.824,0.000,41.038,Yaw
0.502,0.000,0.328,62.725,0.000,41.038,Yaw
0.877,0.000,0.328,109.626,0.000,41.038,Yaw
1.267,0.000,0.328,158.481,0.000,41.038,Yaw
1.658,0.000,0.328,207.336,0.000,41.038,Yaw
-1.952,0.000,0.328,-244.084,0.000,41.038,Yaw
-1.561,0.000,0.328,-195.229,0.000,41.038,Yaw
-1.170,0.000,0.328,-146.374,0.000,41.038,Yaw
-0.780,0.000,0.328,-97.519,0.000,41.038,Yaw
-0.389,0.000,0.328,-48.664,0.000,41.038,Yaw
0.002,0.000,0.328,0.198,0.000,41.038,Yaw
0.377,0.000,0.328,47.099,0.000,41.038,Yaw
0.752,0.000,0.328,94.000,0.000,41.038,Yaw
1.127,0.000,0.328,140.901,0.000,41.038,Yaw
1.517,0.000,0.328,189.756,0.000,41.038,Yaw
1.908,0.000,0.328,238.611,0.000,41.038,Yaw
-1.702,0.000,0.328,-212.809,0.000,41.038,Yaw
-1.311,0.000,0.328,-163.954,0.000,41.038,Yaw
-0.920,0.000,0.328,-115.099,0.000,41.038,Yaw
-0.530,0.000,0.328,-66.244,0.000,41.038,Yaw
-0.139,0.000,0.328,-17.389,0.000,41.038,Yaw
0.252,0.000,0.328,31.473,0.000,41.038,Yaw
0.627,0.000,0.328,78.374,0.000,41.038,Yaw
1.002,0.000,0.328,125.275,0.000,41.038,Yaw
1.392,0.000,0.328,174.130,0.000,41.038,Yaw
1.783,0.000,0.328,222.985,0.000,41.038,Yaw
-1.826,0.000,0.328,-228.435,0.000,41.038,Yaw
-1.436,0.000,0.328,-179.580,0.000,41.038,Yaw
-1.045,0.000,0.328,-130.725,0.000,41.038,Yaw
-0.655,0.000,0.328,-81.870,0.000,41.038,Yaw
-0.264,0.000,0.328,-33.015,0.000,41.038,Yaw
0.127,0.000,0.328,15.847,0.000,41.038,Yaw
0.502,0.000,0.328,62.748,0.000,41.038,Yaw
0.877,0.000,0.328,109.649,0.000,41.038,Yaw
1.267,0.000,0.328,158.504,0.000,41.038,Yaw
1.658,0.000,0.328,207.359,0.000,41.038,Yaw
-1.951,0.000,0.328,-244.061,0.000,41.038,Yaw
-1.561,0.000,0.328,-195.206,0.000,41.038,Yaw
-1.170,0.000,0.328,-146.351,0.000,41.038,Yaw
-0.780,0.000,0.328,-97.496,0.000,41.038,Yaw
-0.389,0.000,0.328,-48.641,0.000,41.038,Yaw
0.002,0.000,0.328,0.221,0.000,41.038,Yaw
0.377,0.000,0.328,47.122,0.000,41.038,Yaw
0.752,0.000,0.328,94.023,0.000,41.038,Yaw
1.127,0.000,0.328,140.924,0.000,41.038,Yaw
1.517,0.000,0.328,189.779,0.000,41.038,Yaw
1.908,0.000,0.328,238.634,0.000,41.038,Yaw
-1.701,0.000,0.328,-212.786,0.000,41.038,Yaw
-1.311,0.000,0.328,-163.931,0.000,41.038,Yaw
-0.920,0.000,0.328,-115.076,0.000,41.038,Yaw
-0.529,0.000,0.328,-66.221,0.000,41.038,Yaw
-0.139,0.000,0.328,-17.366,0.000,41.038,Yaw
0.252,0.000,0.328,31.496,0.000,41.038,Yaw
0.627,0.000,0.328,78.397,0.000,41.038,Yaw
1.002,0.000,0.328,125.298,0.000,41.038,Yaw
1.392,0.000,0.328,174.153,0.000,41.038,Yaw
1.783,0.000,0.328,223.008,0.000,41.038,Yaw
-1.826,0.000,0.328,-228.412,0.000,41.038,Yaw
-1.436,0.000,0.328,-179.557,0.000,41.038,Yaw
-1.045,0.000,0.328,-130.702,0.000,41.038,Yaw
-0.654,0.000,0.328,-81.847,0.000,41.038,Yaw
-0.264,0.000,0.328,-32.992,0.000,41.038,Yaw
0.127,0.000,0.328,15.870,0.000,41.038,Yaw
0.502,0.000,0.328,62.771,0.000,41.038,Yaw
0.877,0.000,0.328,109.672,0.000,41.038,Yaw
1.268,0.000,0.328,158.527,0.000,41.038,Yaw
1.658,0.000,0.328,207.382,0.000,41.038,Yaw
-1.951,0.000,0.328,-244.038,0.000,41.038,Yaw
-1.561,0.000,0.328,-195.183,0.000,41.038,Yaw
-1.170,0.000,0.328,-146.328,0.000,41.038,Yaw
-0.779,0.000,0.328,-97.473,0.000,41.038,Yaw
-0.389,0.000,0.328,-48.618,0.000,41.038,Yaw
0.002,0.000,0.328,0.244,0.000,41.038,Yaw
0.377,0.000,0.328,47.145,0.000,41.038,Yaw
0.752,0.000,0.328,94.046,0.000,41.038,Yaw
1.127,0.000,0.328,140.947,0.000,41.038,Yaw
1.518,0.000,0.328,189.802,0.000,41.038,Yaw
1.908,0.000,0.328,238.656,0.000,41.038,Yaw
-1.701,0.000,0.328,-212.763,0.000,41.038,Yaw
-1.311,0.000,0.328,-163.908,0.000,41.038,Yaw
-0.920,0.000,0.328,-115.053,0.000,41.038,Yaw
-0.529,0.000,0.328,-66.198,0.000,41.038,Yaw
-0.139,0.000,0.328,-17.344,0.000,41.038,Yaw
0.252,0.000,0.328,31.519,0.000,41.038,Yaw
0.627,0.000,0.328,78.420,0.000,41.038,Yaw
1.002,0.000,0.328,125.321,0.000,41.038,Yaw
1.393,0.000,0.328,174.176,0.000,41.038,Yaw
1.783,0.000,0.328,223.031,0.000,41.038,Yaw
-1.826,0.000,0.328,-228.389,0.000,41.038,Yaw
-1.435,0.000,0.328,-179.534,0.000,41.038,Yaw
-1.045,0.000,0.328,-130.679,0.000,41.038,Yaw
-0.654,0.000,0.328,-81.824,0.000,41.038,Yaw
-0.264,0.000,0.328,-32.969,0.000,41.038,Yaw
0.127,0.000,0.328,15.893,0.000,41.038,Yaw
0.502,0.000,0.328,62.794,0.000,41.038,Yaw
0.877,0.000,0.328,109.695,0.000,41.038,Yaw
1.268,0.000,0.328,158.550,0.000,41.038,Yaw
1.658,0.000,0.328,207.405,0.000,41.038,Yaw
-1.951,0.000,0.328,-244.015,0.000,41.038,Yaw
-1.560,0.000,0.328,-195.160,0.000,41.038,Yaw
-1.170,0.000,0.328,-146.305,0.000,41.038,Yaw
-0.779,0.000,0.328,-97.450,0.000,41.038,Yaw
-0.389,0.000,0.328,-48.595,0.000,41.038,Yaw
0.002,0.000,0.328,0.267,0.000,41.038,Yaw
0.377,0.000,0.328,47.168,0.000,41.038,Yaw
0.752,0.000,0.328,94.069,0.000,41.038,Yaw
1.127,0.000,0.328,140.969,0.000,41.038,Yaw
1.518,0.000,0.328,189.824,0.000,41.038,Yaw
1.908,0.000,0.328,238.679,0.000,41.038,Yaw
-1.701,0.000,0.328,-212.740,0.000,41.038,Yaw
-1.310,0.000,0.328,-163.885,0.000,41.038,Yaw
-0.920,0.000,0.328,-115.031,0.000,41.038,Yaw
-0.529,0.000,0.328,-66.176,0.000,41.038,Yaw
-0.138,0.000,0.328,-17.321,0.000,41.038,Yaw
0.252,0.000,0.328,31.542,0.000,41.038,Yaw
0.627,0.000,0.328,78.443,0.000,41.038,Yaw
1.002,0.000,0.328,125.344,0.000,41.038,Yaw
1.393,0.000,0.328,174.198,0.000,41.038,Yaw
1.783,0.000,0.328,223.053,0.000,41.038,Yaw
-1.826,0.000,0.328,-228.366,0.000,41.038,Yaw
-1.435,0.000,0.328,-179.511,0.000,41.038,Yaw
-1.045,0.000,0.328,-130.656,0.000,41.038,Yaw
-0.654,0.000,0.328,-81.802,0.000,41.038,Yaw
-0.263,0.000,0.328,-32.947,0.000,41.038,Yaw
0.127,0.000,0.328,15.916,0.000,41.038,Yaw
0.502,0.000,0.328,62.817,0.000,41.038,Yaw
0.877,0.000,0.328,109.718,0.000,41.038,Yaw
1.268,0.000,0.328,158.573,0.000,41.038,Yaw
1.659,0.000,0.328,207.427,0.000,41.038,Yaw
-1.951,0.000,0.328,-243.992,0.000,41.038,Yaw
-1.560,0.000,0.328,-195.137,0.000,41.038,Yaw
-1.170,0.000,0.328,-146.282,0.000,41.038,Yaw
-0.779,0.000,0.328,-97.427,0.000,41.038,Yaw
-0.388,0.000,0.328,-48.573,0.000,41.038,Yaw
0.002,0.000,0.328,0.290,0.000,41.038,Yaw
0.377,0.000,0.328,47.191,0.000,41.038,Yaw
0.752,0.000,0.328,94.092,0.000,41.038,Yaw
1.127,0.000,0.328,140.992,0.000,41.038,Yaw
1.518,0.000,0.328,189.847,0.000,41.038,Yaw
1.909,0.000,0.328,238.702,0.000,41.038,Yaw
-1.701,0.000,0.328,-212.718,0.000,41.038,Yaw
-1.310,0.000,0.328,-163.863,0.000,41.038,Yaw
-0.920,0.000,0.328,-115.008,0.000,41.038,Yaw
-0.529,0.000,0.328,-66.153,0.000,41.038,Yaw
-0.138,0.000,0.328,-17.298,0.000,41.038,Yaw
0.252,0.000,0.328,31.565,0.000,41.038,Yaw
0.627,0.000,0.328,78.466,0.000,41.038,Yaw
1.002,0.000,0.328,125.366,0.000,41.038,Yaw
1.393,0.000,0.328,174.221,0.000,41.038,Yaw
1.784,0.000,0.328,223.076,0.000,41.038,Yaw
-1.826,0.000,0.328,-228.344,0.000,41.038,Yaw
-1.435,0.000,0.328,-179.489,0.000,41.038,Yaw
-1.044,0.000,0.328,-130.634,0.000,41.038,Yaw
-0.654,0.000,0.328,-81.779,0.000,41.038,Yaw
-0.263,0.000,0.328,-32.924,0.000,41.038,Yaw
0.127,0.000,0.328,15.939,0.000,41.038,Yaw
0.502,0.000,0.328,62.840,0.000,41.038,Yaw
0.877,0.000,0.328,109.740,0.000,41.038,Yaw
1.268,0.000,0.328,158.595,0.000,41.038,Yaw
1.659,0.000,0.328,207.450,0.000,41.038,Yaw
-1.951,0.000,0.328,-243.969,0.000,41.038,Yaw
-1.560,0.000,0.328,-195.115,0.000,41.038,Yaw
-1.169,0.000,0.328,-146.260,0.000,41.038,Yaw
-0.779,0.000,0.328,-97.405,0.000,41.038,Yaw
-0.388,0.000,0.328,-48.550,0.000,41.038,Yaw
0.003,0.000,0.328,0.313,0.000,41.038,Yaw
0.378,0.000,0.328,47.214,0.000,41.038,Yaw
0.753,0.000,0.328,94.115,0.000,41.038,Yaw
1.128,0.000,0.328,141.015,0.000,41.038,Yaw
1.518,0.000,0.328,189.870,0.000,41.038,Yaw
1.909,0.000,0.328,238.725,0.000,41.038,Yaw
-1.701,0.000,0.328,-212.695,0.000,41.038,Yaw
-1.310,0.000,0.328,-163.840,0.000,41.038,Yaw
-0.919,0.000,0.328,-114.985,0.000,41.038,Yaw
-0.529,0.000,0.328,-66.130,0.000,41.038,Yaw
-0.138,0.000,0.328,-17.275,0.000,41.038,Yaw
0.253,0.000,0.328,31.588,0.000,41.038,Yaw
0.628,0.000,0.328,78.489,0.000,41.038,Yaw
1.003,0.000,0.328,125.389,0.000,41.038,Yaw
1.393,0.000,0.328,174.244,0.000,41.038,Yaw
1.784,0.000,0.328,223.099,0.000,41.038,Yaw
-1.826,0.000,0.328,-228.321,0.000,41.038,Yaw
-1.435,0.000,0.328,-179.466,0.000,41.038,Yaw
-1.044,0.000,0.328,-130.611,0.000,41.038,Yaw
-0.654,0.000,0.328,-81.756,0.000,41.038,Yaw
-0.263,0.000,0.328,-32.901,0.000,41.038,Yaw
0.128,0.000,0.328,15.962,0.000,41.038,Yaw
0.503,0.000,0.328,62.863,0.000,41.038,Yaw
0.878,0.000,0.328,109.763,0.000,41.038,Yaw
1.268,0.000,0.328,158.618,0.000,41.038,Yaw
1.659,0.000,0.328,207.473,0.000,41.038,Yaw
-1.951,0.000,0.328,-243.947,0.000,41.038,Yaw
-1.560,0.000,0.328,-195.092,0.000,41.038,Yaw
-1.169,0.000,0.328,-146.237,0.000,41.038,Yaw
-0.779,0.000,0.328,-97.382,0.000,41.038,Yaw
-0.388,0.000,0.328,-48.527,0.000,41.038,Yaw
0.003,0.000,0.328,0.336,0.000,41.038,Yaw
0.378,0.000,0.328,47.237,0.000,41.038,Yaw
0.753,0.000,0.328,94.137,0.000,41.038,Yaw
1.128,0.000,0.328,141.038,0.000,41.038,Yaw
1.518,0.000,0.328,189.893,0.000,41.038,Yaw
1.909,0.000,0.328,238.748,0.000,41.038,Yaw
-1.700,0.000,0.328,-212.672,0.000,41.038,Yaw
-1.310,0.000,0.328,-163.817,0.000,41.038,Yaw
-0.919,0.000,0.328,-114.962,0.000,41.038,Yaw
-0.529,0.000,0.328,-66.107,0.000,41.038,Yaw
-0.138,0.000,0.328,-17.252,0.000,41.038,Yaw
0.253,0.000,0.328,31.611,0.000,41.038,Yaw
0.628,0.000,0.328,78.511,0.000,41.038,Yaw
1.003,0.000,0.328,125.412,0.000,41.038,Yaw
1.393,0.000,0.328,174.267,0.000,41.038,Yaw
1.784,0.000,0.328,223.122,0.000,41.038,Yaw
-1.825,0.000,0.328,-228.298,0.000,41.038,Yaw
-1.435,0.000,0.328,-179.443,0.000,41.038,Yaw
-1.044,0.000,0.328,-130.588,0.000,41.038,Yaw
-0.654,0.000,0.328,-81.733,0.000,41.038,Yaw
-0.263,0.000,0.328,-32.878,0.000,41.038,Yaw
0.128,0.000,0.328,15.985,0.000,41.038,Yaw
0.503,0.000,0.328,62.885,0.000,41.038,Yaw
0.878,0.000,0.328,109.786,0.000,41.038,Yaw
1.268,0.000,0.328,158.641,0.000,41.038,Yaw
1.659,0.000,0.328,207.496,0.000,41.038,Yaw
-1.950,0.000,0.328,-243.924,0.000,41.038,Yaw
-1.560,0.000,0.328,-195.069,0.000,41.038,Yaw
-1.169,0.000,0.328,-146.214,0.000,41.038,Yaw
-0.778,0.000,0.328,-97.359,0.000,41.038,Yaw
-0.388,0.000,0.328,-48.504,0.000,41.038,Yaw
0.003,0.000,0.328,0.359,0.000,41.038,Yaw
0.378,0.000,0.328,47.260,0.000,41.038,Yaw
0.753,0.000,0.328,94.160,0.000,41.038,Yaw
1.128,0.000,0.328,141.061,0.000,41.038,Yaw
1.518,0.000,0.328,189.916,0.000,41.038,Yaw
1.909,0.000,0.328,238.771,0.000,41.038,Yaw
-1.700,0.000,0.328,-212.649,0.000,41.038,Yaw
-1.310,0.000,0.328,-163.794,0.000,41.038,Yaw
-0.919,0.000,0.328,-114.939,0.000,41.038,Yaw
-0.528,0.000,0.328,-66.084,0.000,41.038,Yaw
-0.138,0.000,0.328,-17.229,0.000,41.038,Yaw
0.253,0.000,0.328,31.634,0.000,41.038,Yaw
0.628,0.000,0.328,78.534,0.000,41.038,Yaw
1.003,0.000,0.328,125.435,0.000,41.038,Yaw
1.394,0.000,0.328,174.290,0.000,41.038,Yaw
1.784,0.000,0.328,223.145,0.000,41.038,Yaw
-1.825,0.000,0.328,-228.275,0.000,41.038,Yaw
-1.435,0.000,0.328,-179.420,0.000,41.038,Yaw
-1.044,0.000,0.328,-130.565,0.000,41.038,Yaw
-0.653,0.000,0.328,-81.710,0.000,41.038,Yaw
-0.263,0.000,0.328,-32.855,0.000,41.038,Yaw
0.128,0.000,0.328,16.008,0.000,41.038,Yaw
0.503,0.000,0.328,62.908,0.000,41.038,Yaw
0.878,0.000,0.328,109.809,0.000,41.038,Yaw
1.269,0.000,0.328,158.664,0.000,41.038,Yaw
1.659,0.000,0.328,207.519,0.000,41.038,Yaw
-1.950,0.000,0.328,-243.901,0.000,41.038,Yaw
-1.560,0.000,0.328,-195.046,0.000,41.038,Yaw
-1.169,0.000,0.328,-146.191,0.000,41.038,Yaw
-0.778,0.000,0.328,-97.336,0.000,41.038,Yaw
-0.388,0.000,0.328,-48.481,0.000,41.038,Yaw
0.003,0.000,0.328,0.382,0.000,41.038,Yaw
0.378,0.000,0.328,47.282,0.000,41.038,Yaw
0.753,0.000,0.328,94.183,0.000,41.038,Yaw
1.128,0.000,0.328,141.084,0.000,41.038,Yaw
1.519,0.000,0.328,189.939,0.000,41.038,Yaw
1.909,0.000,0.328,238.794,0.000,41.038,Yaw
-1.700,0.000,0.328,-212.626,0.000,41.038,Yaw
-1.309,0.000,0.328,-163.771,0.000,41.038,Yaw
-0.919,0.000,0.328,-114.916,0.000,41.038,Yaw
-0.528,0.000,0.328,-66.061,0.000,41.038,Yaw
-0.138,0.000,0.328,-17.206,0.000,41.038,Yaw
0.253,0.000,0.328,31.656,0.000,41.038,Yaw
0.628,0.000,0.328,78.557,0.000,41.038,Yaw
1.003,0.000,0.328,125.458,0.000,41.038,Yaw
1.394,0.000,0.328,174.313,0.000,41.038,Yaw
1.784,0.000,0.328,223.168,0.000,41.038,Yaw
-1.825,0.000,0.328,-228.252,0.000,41.038,Yaw
-1.434,0.000,0.328,-179.397,0.000,41.038,Yaw
-1.044,0.000,0.328,-130.542,0.000,41.038,Yaw
-0.653,0.000,0.328,-81.687,0.000,41.038,Yaw
-0.263,0.000,0.328,-32.832,0.000,41.038,Yaw
0.128,0.000,0.328,16.031,0.000,41.038,Yaw
0.503,0.000,0.328,62.931,0.000,41.038,Yaw
0.878,0.000,0.328,109.832,0.000,41.038,Yaw
1.269,0.000,0.328,158.687,0.000,41.038,Yaw
1.659,0.000,0.328,207.542,0.000,41.038,Yaw
-1.950,0.000,0.328,-243.878,0.000,41.038,Yaw
-1.559,0.000,0.328,-195.023,0.000,41.038,Yaw
-1.169,0.000,0.328,-146.168,0.000,41.038,Yaw
-0.778,0.000,0.328,-97.313,0.000,41.038,Yaw
-0.387,0.000,0.328,-48.458,0.000,41.038,Yaw
0.003,0.000,0.328,0.405,0.000,41.038,Yaw
0.378,0.000,0.328,47.305,0.000,41.038,Yaw
0.753,0.000,0.328,94.206,0.000,41.038,Yaw
1.128,0.000,0.328,141.107,0.000,41.038,Yaw
1.519,0.000,0.328,189.962,0.000,41.038,Yaw
1.909,0.000,0.328,238.817,0.000,41.038,Yaw
-1.700,0.000,0.328,-212.603,0.000,41.038,Yaw
-1.309,0.000,0.328,-163.748,0.000,41.038,Yaw
-0.919,0.000,0.328,-114.893,0.000,41.038,Yaw
-0.528,0.000,0.328,-66.038,0.000,41.038,Yaw
-0.137,0.000,0.328,-17.183,0.000,41.038,Yaw
0.253,0.000,0.328,31.679,0.000,41.038,Yaw
0.628,0.000,0.328,78.580,0.000,41.038,Yaw
1.003,0.000,0.328,125.481,0.000,41.038,Yaw
1.394,0.000,0.328,174.336,0.000,41.038,Yaw
1.785,0.000,0.328,223.191,0.000,41.038,Yaw
-1.825,0.000,0.328,-228.229,0.000,41.038,Yaw
-1.434,0.000,0.328,-179.374,0.000,41.038,Yaw
-1.044,0.000,0.328,-130.519,0.000,41.038,Yaw
-0.653,0.000,0.328,-81.664,0.000,41.038,Yaw
-0.262,0.000,0.328,-32.809,0.000,41.038,Yaw
0.128,0.000,0.328,16.053,0.000,41.038,Yaw
0.503,0.000,0.328,62.954,0.000,41.038,Yaw
0.878,0.000,0.328,109.855,0.000,41.038,Yaw
1.269,0.000,0.328,158.710,0.000,41.038,Yaw
1.660,0.000,0.328,207.565,0.000,41.038,Yaw
-1.950,0.000,0.328,-243.855,0.000,41.038,Yaw
-1.559,0.000,0.328,-195.000,0.000,41.038,Yaw
-1.169,0.000,0.328,-146.145,0.000,41.038,Yaw
-0.778,0.000,0.328,-97.290,0.000,41.038,Yaw
-0.387,0.000,0.328,-48.435,0.000,41.038,Yaw
0.003,0.000,0.328,0.427,0.000,41.038,Yaw
0.378,0.000,0.328,47.328,0.000,41.038,Yaw
0.753,0.000,0.328,94.229,0.000,41.038,Yaw
1.128,0.000,0.328,141.130,0.000,41.038,Yaw
1.519,0.000,0.328,189.985,0.000,41.038,Yaw
1.910,0.000,0.328,238.840,0.000,41.038,Yaw
-1.700,0.000,0.328,-212.580,0.000,41.038,Yaw
-1.309,0.000,0.328,-163.725,0.000,41.038,Yaw
-0.918,0.000,0.328,-114.870,0.000,41.038,Yaw
-0.528,0.000,0.328,-66.015,0.000,41.038,Yaw
-0.137,0.000,0.328,-17.160,0.000,41.038,Yaw
0.253,0.000,0.328,31.702,0.000,41.038,Yaw
0.628,0.000,0.328,78.603,0.000,41.038,Yaw
1.003,0.000,0.328,125.504,0.000,41.038,Yaw
1.394,0.000,0.328,174.359,0.000,41.038,Yaw
1.785,0.000,0.328,223.214,0.000,41.038,Yaw
-1.825,0.000,0.328,-228.206,0.000,41.038,Yaw
-1.434,0.000,0.328,-179.351,0.000,41.038,Yaw
-1.043,0.000,0.328,-130.496,0.000,41.038,Yaw
-0.653,0.000,0.328,-81.641,0.000,41.038,Yaw
-0.262,0.000,0.328,-32.786,0.000,41.038,Yaw
0.129,0.000,0.328,16.076,0.000,41.038,Yaw
0.504,0.000,0.328,62.977,0.000,41.038,Yaw
0.879,0.000,0.328,109.878,0.000,41.038,Yaw
1.269,0.000,0.328,158.733,0.000,41.038,Yaw
1.660,0.000,0.328,207.588,0.000,41.038,Yaw
-1.950,0.000,0.328,-243.832,0.000,41.038,Yaw
-1.559,0.000,0.328,-194.977,0.000,41.038,Yaw
-1.168,0.000,0.328,-146.122,0.000,41.038,Yaw
-0.778,0.000,0.328,-97.267,0.000,41.038,Yaw
-0.387,0.000,0.328,-48.412,0.000,41.038,Yaw
0.004,0.000,0.328,0.450,0.000,41.038,Yaw
0.379,0.000,0.328,47.351,0.000,41.038,Yaw
0.754,0.000,0.328,94.252,0.000,41.038,Yaw
1.129,0.000,0.328,141.153,0.000,41.038,Yaw
1.519,0.000,0.328,190.008,0.000,41.038,Yaw
1.910,0.000,0.328,238.863,0.000,41.038,Yaw
-1.700,0.000,0.328,-212.557,0.000,41.038,Yaw
-1.309,0.000,0.328,-163.702,0.000,41.038,Yaw
-0.918,0.000,0.328,-114.847,0.000,41.038,Yaw
-0.528,0.000,0.328,-65.992,0.000,41.038,Yaw
-0.137,0.000,0.328,-17.137,0.000,41.038,Yaw
0.254,0.000,0.328,31.725,0.000,41.038,Yaw
0.629,0.000,0.328,78.626,0.000,41.038,Yaw
1.004,0.000,0.328,125.527,0.000,41.038,Yaw
1.394,0.000,0.328,174.382,0.000,41.038,Yaw
1.785,0.000,0.328,223.237,0.000,41.038,Yaw
-1.824,0.000,0.328,-228.183,0.000,41.038,Yaw
-1.434,0.000,0.328,-179.328,0.000,41.038,Yaw
-1.043,0.000,0.328,-130.473,0.000,41.038,Yaw
-0.653,0.000,0.328,-81.618,0.000,41.038,Yaw
-0.262,0.000,0.328,-32.763,0.000,41.038,Yaw
0.129,0.000,0.328,16.099,0.000,41.038,Yaw
0.504,0.000,0.328,63.000,0.000,41.038,Yaw
0.879,0.000,0.328,109.901,0.000,41.038,Yaw
1.269,0.000,0.328,158.756,0.000,41.038,Yaw
1.660,0.000,0.328,207.611,0.000,41.038,Yaw
-1.949,0.000,0.328,-243.809,0.000,41.038,Yaw
-1.559,0.000,0.328,-194.954,0.000,41.038,Yaw
-1.168,0.000,0.328,-146.099,0.000,41.038,Yaw
-0.778,0.000,0.328,-97.244,0.000,41.038,Yaw
-0.387,0.000,0.328,-48.389,0.000,41.038,Yaw
0.004,0.000,0.328,0.473,0.000,41.038,Yaw
0.379,0.000,0.328,47.374,0.000,41.038,Yaw
0.754,0.000,0.328,94.275,0.000,41.038,Yaw
1.129,0.000,0.328,141.176,0.000,41.038,Yaw
1.519,0.000,0.328,190.031,0.000,41.038,Yaw
1.910,0.000,0.328,238.885,0.000,41.038,Yaw
-1.699,0.000,0.328,-212.534,0.000,41.038,Yaw
-1.309,0.000,0.328,-163.679,0.000,41.038,Yaw
-0.918,0.000,0.328,-114.824,0.000,41.038,Yaw
-0.527,0.000,0.328,-65.969,0.000,41.038,Yaw
-0.137,0.000,0.328,-17.115,0.000,41.038,Yaw
0.254,0.000,0.328,31.748,0.000,41.038,Yaw
0.629,0.000,0.328,78.649,0.000,41.038,Yaw
1.004,0.000,0.328,125.550,0.000,41.038,Yaw
1.394,0.000,0.328,174.405,0.000,41.038,Yaw
1.785,0.000,0.328,223.260,0.000,41.038,Yaw
-1.824,0.000,0.328,-228.160,0.000,41.038,Yaw
-1.434,0.000,0.328,-179.305,0.000,41.038,Yaw
-1.043,0.000,0.328,-130.450,0.000,41.038,Yaw
-0.652,0.000,0.328,-81.595,0.000,41.038,Yaw
-0.262,0.000,0.328,-32.740,0.000,41.038,Yaw
0.129,0.000,0.328,16.122,0.000,41.038,Yaw
0.504,0.000,0.328,63.023,0.000,41.038,Yaw
0.879,0.000,0.328,109.924,0.000,41.038,Yaw
1.270,0.000,0.328,158.779,0.000,41.038,Yaw
1.660,0.000,0.328,207.634,0.000,41.038,Yaw
-1.949,0.000,0.328,-243.786,0.000,41.038,Yaw
-1.559,0.000,0.328,-194.931,0.000,41.038,Yaw
-1.168,0.000,0.328,-146.076,0.000,41.038,Yaw
-0.777,0.000,0.328,-97.221,0.000,41.038,Yaw
-0.387,0.000,0.328,-48.366,0.000,41.038,Yaw
0.004,0.000,0.328,0.496,0.000,41.038,Yaw
0.379,0.000,0.328,47.397,0.000,41.038,Yaw
0.754,0.000,0.328,94.298,0.000,41.038,Yaw
1.129,0.000,0.328,141.198,0.000,41.038,Yaw
1.520,0.000,0.328,190.053,0.000,41.038,Yaw
1.910,0.000,0.328,238.908,0.000,41.038,Yaw
-1.699,0.000,0.328,-212.511,0.000,41.038,Yaw
-1.309,0.000,0.328,-163.656,0.000,41.038,Yaw
-0.918,0.000,0.328,-114.802,0.000,41.038,Yaw
-0.527,0.000,0.328,-65.947,0.000,41.038,Yaw
-0.137,0.000,0.328,-17.092,0.000,41.038,Yaw
0.254,0.000,0.328,31.771,0.000,41.038,Yaw
0.629,0.000,0.328,78.672,0.000,41.038,Yaw
1.004,0.000,0.328,125.573,0.000,41.038,Yaw
1.395,0.000,0.328,174.427,0.000,41.038,Yaw
1.785,0.000,0.328,223.282,0.000,41.038,Yaw
-1.824,0.000,0.328,-228.137,0.000,41.038,Yaw
-1.433,0.000,0.328,-179.282,0.000,41.038,Yaw
-1.043,0.000,0.328,-130.427,0.000,41.038,Yaw
-0.652,0.000,0.328,-81.573,0.000,41.038,Yaw
-0.262,0.000,0.328,-32.718,0.000,41.038,Yaw
0.129,0.000,0.328,16.145,0.000,41.038,Yaw
0.504,0.000,0.328,63.046,0.000,41.038,Yaw
0.879,0.000,0.328,109.947,0.000,41.038,Yaw
1.270,0.000,0.328,158.802,0.000,41.038,Yaw
1.660,0.000,0.328,207.656,0.000,41.038,Yaw
-1.949,0.000,0.328,-243.763,0.000,41.038,Yaw
-1.558,0.000,0.328,-194.908,0.000,41.038,Yaw
-1.168,0.000,0.328,-146.053,0.000,41.038,Yaw
-0.777,0.000,0.328,-97.198,0.000,41.038,Yaw
-0.387,0.000,0.328,-48.344,0.000,41.038,Yaw
0.004,0.000,0.328,0.519,0.000,41.038,Yaw
0.379,0.000,0.328,47.420,0.000,41.038,Yaw
0.754,0.000,0.328,94.321,0.000,41.038,Yaw
1.129,0.000,0.328,141.221,0.000,41.038,Yaw
1.520,0.000,0.328,190.076,0.000,41.038,Yaw
1.910,0.000,0.328,238.931,0.000,41.038,Yaw
-1.699,0.000,0.328,-212.489,0.000,41.038,Yaw
-1.308,0.000,0.328,-163.634,0.000,41.038,Yaw
-0.918,0.000,0.328,-114.779,0.000,41.038,Yaw
-0.527,0.000,0.328,-65.924,0.000,41.038,Yaw
-0.136,0.000,0.328,-17.069,0.000,41.038,Yaw
0.254,0.000,0.328,31.794,0.000,41.038,Yaw
0.629,0.000,0.328,78.695,0.000,41.038,Yaw
1.004,0.000,0.328,125.595,0.000,41.038,Yaw
1.395,0.000,0.328,174.450,0.000,41.038,Yaw
1.785,0.000,0.328,223.305,0.000,41.038,Yaw
-1.824,0.000,0.328,-228.115,0.000,41.038,Yaw
-1.433,0.000,0.328,-179.260,0.000,41.038,Yaw
-1.043,0.000,0.328,-130.405,0.000,41.038,Yaw
-0.652,0.000,0.328,-81.550,0.000,41.038,Yaw
-0.261,0.000,0.328,-32.695,0.000,41.038,Yaw
0.129,0.000,0.328,16.168,0.000,41.038,Yaw
0.504,0.000,0.328,63.069,0.000,41.038,Yaw
0.879,0.000,0.328,109.969,0.000,41.038,Yaw
1.270,0.000,0.328,158.824,0.000,41.038,Yaw
1.661,0.000,0.328,207.679,0.000,41.038,Yaw
-1.949,0.000,0.328,-243.740,0.000,41.038,Yaw
-1.558,0.000,0.328,-194.885,0.000,41.038,Yaw
-1.168,0.000,0.328,-146.031,0.000,41.038,Yaw
-0.777,0.000,0.328,-97.176,0.000,41.038,Yaw
-0.386,0.000,0.328,-48.321,0.000,41.038,Yaw
0.004,0.000,0.328,0.542,0.000,41.038,Yaw
0.379,0.000,0.328,47.443,0.000,41.038,Yaw
0.754,0.000,0.328,94.344,0.000,41.038,Yaw
1.129,0.000,0.328,141.244,0.000,41.038,Yaw
1.520,0.000,0.328,190.099,0.000,41.038,Yaw
1.911,0.000,0.328,238.954,0.000,41.038,Yaw
-1.699,0.000,0.328,-212.466,0.000,41.038,Yaw
-1.308,0.000,0.328,-163.611,0.000,41.038,Yaw
-0.918,0.000,0.328,-114.756,0.000,41.038,Yaw
-0.527,0.000,0.328,-65.901,0.000,41.038,Yaw
-0.136,0.000,0.328,-17.046,0.000,41.038,Yaw
0.254,0.000,0.328,31.817,0.000,41.038,Yaw
0.629,0.000,0.328,78.718,0.000,41.038,Yaw
1.004,0.000,0.328,125.618,0.000,41.038,Yaw
1.395,0.000,0.328,174.473,0.000,41.038,Yaw
1.786,0.000,0.328,223.328,0.000,41.038,Yaw
-1.824,0.000,0.328,-228.092,0.000,41.038,Yaw
-1.433,0.000,0.328,-179.237,0.000,41.038,Yaw
-1.042,0.000,0.328,-130.382,0.000,41.038,Yaw
-0.652,0.000,0.328,-81.527,0.000,41.038,Yaw
-0.261,0.000,0.328,-32.672,0.000,41.038,Yaw
0.129,0.000,0.328,16.191,0.000,41.038,Yaw
0.504,0.000,0.328,63.092,0.000,41.038,Yaw
0.879,0.000,0.328,109.992,0.000,41.038,Yaw
1.270,0.000,0.328,158.847,0.000,41.038,Yaw
1.661,0.000,0.328,207.702,0.000,41.038,Yaw
-1.949,0.000,0.328,-243.718,0.000,41.038,Yaw
-1.558,0.000,0.328,-194.863,0.000,41.038,Yaw
-1.167,0.000,0.328,-146.008,0.000,41.038,Yaw
-0.777,0.000,0.328,-97.153,0.000,41.038,Yaw
-0.386,0.000,0.328,-48.298,0.000,41.038,Yaw
0.005,0.000,0.328,0.565,0.000,41.038,Yaw
0.380,0.000,0.328,47.466,0.000,41.038,Yaw
0.755,0.000,0.328,94.366,0.000,41.038,Yaw
1.130,0.000,0.328,141.267,0.000,41.038,Yaw
1.520,0.000,0.328,190.122,0.000,41.038,Yaw
1.911,0.000,0.328,238.977,0.000,41.038,Yaw
-1.699,0.000,0.328,-212.443,0.000,41.038,Yaw
-1.308,0.000,0.328,-163.588,0.000,41.038,Yaw
-0.917,0.000,0.328,-114.733,0.000,41.038,Yaw
-0.527,0.000,0.328,-65.878,0.000,41.038,Yaw
-0.136,0.000,0.328,-17.023,0.000,41.038,Yaw
0.255,0.000,0.328,31.840,0.000,41.038,Yaw
0.630,0.000,0.328,78.740,0.000,41.038,Yaw
1.005,0.000,0.328,125.641,0.000,41.038,Yaw
0.000,0.000,-0.359,0.000,0.000,-44.924,Yaw
-0.312,0.000,0.328,-39.061,0.000,41.038,Yaw
0.078,0.000,0.328,9.802,0.000,41.038,Yaw
0.453,0.000,0.328,56.702,0.000,41.038,Yaw
0.828,0.000,0.328,103.603,0.000,41.038,Yaw
1.219,0.000,0.328,152.458,0.000,41.038,Yaw
1.610,0.000,0.328,201.313,0.000,41.038,Yaw
-2.000,0.000,0.328,-250.107,0.000,41.038,Yaw
-1.609,0.000,0.328,-201.252,0.000,41.038,Yaw
-1.219,0.000,0.328,-152.397,0.000,41.038,Yaw
-0.828,0.000,0.328,-103.542,0.000,41.038,Yaw
-0.437,0.000,0.328,-54.687,0.000,41.038,Yaw
-0.047,0.000,0.328,-5.832,0.000,41.038,Yaw
0.344,0.000,0.328,43.031,0.000,41.038,Yaw
0.719,0.000,0.328,89.931,0.000,41.038,Yaw
1.094,0.000,0.328,136.832,0.000,41.038,Yaw
1.485,0.000,0.328,185.687,0.000,41.038,Yaw
1.875,0.000,0.328,234.542,0.000,41.038,Yaw
-1.734,0.000,0.328,-216.878,0.000,41.038,Yaw
-1.343,0.000,0.328,-168.023,0.000,41.038,Yaw
-0.953,0.000,0.328,-119.168,0.000,41.038,Yaw
-0.562,0.000,0.328,-70.313,0.000,41.038,Yaw
-0.172,0.000,0.328,-21.458,0.000,41.038,Yaw
0.219,0.000,0.328,27.405,0.000,41.038,Yaw
0.594,0.000,0.328,74.305,0.000,41.038,Yaw
0.969,0.000,0.328,121.206,0.000,41.038,Yaw
1.360,0.000,0.328,170.061,0.000,41.038,Yaw
1.750,0.000,0.328,218.916,0.000,41.038,Yaw
-1.859,0.000,0.328,-232.504,0.000,41.038,Yaw
-1.468,0.000,0.328,-183.649,0.000,41.038,Yaw
-1.078,0.000,0.328,-134.794,0.000,41.038,Yaw
-0.687,0.000,0.328,-85.939,0.000,41.038,Yaw
-0.297,0.000,0.328,-37.084,0.000,41.038,Yaw
0.094,0.000,0.328,11.779,0.000,41.038,Yaw
0.469,0.000,0.328,58.679,0.000,41.038,Yaw
0.844,0.000,0.328,105.580,0.000,41.038,Yaw
1.235,0.000,0.328,154.435,0.000,41.038,Yaw
1.625,0.000,0.328,203.290,0.000,41.038,Yaw
-1.984,0.000,0.328,-248.130,0.000,41.038,Yaw
-1.593,0.000,0.328,-199.275,0.000,41.038,Yaw
-1.203,0.000,0.328,-150.420,0.000,41.038,Yaw
-0.812,0.000,0.328,-101.565,0.000,41.038,Yaw
-0.421,0.000,0.328,-52.710,0.000,41.038,Yaw
-0.031,0.000,0.328,-3.855,0.000,41.038,Yaw
0.360,0.000,0.328,45.008,0.000,41.038,Yaw
0.735,0.000,0.328,91.908,0.000,41.038,Yaw
1.110,0.000,0.328,138.809,0.000,41.038,Yaw
1.500,0.000,0.328,187.664,0.000,41.038,Yaw
1.891,0.000,0.328,236.519,0.000,41.038,Yaw
-1.718,0.000,0.328,-214.901,0.000,41.038,Yaw
-1.328,0.000,0.328,-166.046,0.000,41.038,Yaw
-0.937,0.000,0.328,-117.191,0.000,41.038,Yaw
-0.546,0.000,0.328,-68.336,0.000,41.038,Yaw
-0.156,0.000,0.328,-19.481,0.000,41.038,Yaw
0.235,0.000,0.328,29.382,0.000,41.038,Yaw
0.610,0.000,0.328,76.282,0.000,41.038,Yaw
0.985,0.000,0.328,123.183,0.000,41.038,Yaw
1.376,0.000,0.328,172.038,0.000,41.038,Yaw
1.766,0.000,0.328,220.893,0.000,41.038,Yaw
-1.843,0.000,0.328,-230.527,0.000,41.038,Yaw
-1.453,0.000,0.328,-181.672,0.000,41.038,Yaw
-1.062,0.000,0.328,-132.817,0.000,41.038,Yaw
-0.671,0.000,0.328,-83.962,0.000,41.038,Yaw
-0.281,0.000,0.328,-35.107,0.000,41.038,Yaw
0.110,0.000,0.328,13.756,0.000,41.038,Yaw
0.485,0.000,0.328,60.656,0.000,41.038,Yaw
0.860,0.000,0.328,107.557,0.000,41.038,Yaw
1.251,0.000,0.328,156.412,0.000,41.038,Yaw
1.641,0.000,0.328,205.267,0.000,41.038,Yaw
-1.968,0.000,0.328,-246.153,0.000,41.038,Yaw
-1.578,0.000,0.328,-197.298,0.000,41.038,Yaw
-1.187,0.000,0.328,-148.443,0.000,41.038,Yaw
-0.796,0.000,0.328,-99.588,0.000,41.038,Yaw
-0.406,0.000,0.328,-50.733,0.000,41.038,Yaw
-0.015,0.000,0.328,-1.878,0.000,41.038,Yaw
0.376,0.000,0.328,46.985,0.000,41.038,Yaw
0.751,0.000,0.328,93.885,0.000,41.038,Yaw
1.126,0.000,0.328,140.786,0.000,41.038,Yaw
1.516,0.000,0.328,189.641,0.000,41.038,Yaw
1.907,0.000,0.328,238.496,0.000,41.038,Yaw
-1.702,0.000,0.328,-212.924,0.000,41.038,Yaw
-1.312,0.000,0.328,-164.069,0.000,41.038,Yaw
-0.921,0.000,0.328,-115.214,0.000,41.038,Yaw
-0.531,0.000,0.328,-66.359,0.000,41.038,Yaw
-0.140,0.000,0.328,-17.504,0.000,41.038,Yaw
0.251,0.000,0.328,31.359,0.000,41.038,Yaw
0.626,0.000,0.328,78.260,0.000,41.038,Yaw
1.001,0.000,0.328,125.160,0.000,41.038,Yaw
1.391,0.000,0.328,174.015,0.000,41.038,Yaw
1.782,0.000,0.328,222.870,0.000,41.038,Yaw
-1.827,0.000,0.328,-228.550,0.000,41.038,Yaw
-1.437,0.000,0.328,-179.695,0.000,41.038,Yaw
-1.046,0.000,0.328,-130.840,0.000,41.038,Yaw
-0.656,0.000,0.328,-81.985,0.000,41.038,Yaw
-0.265,0.000,0.328,-33.130,0.000,41.038,Yaw
0.126,0.000,0.328,15.733,0.000,41.038,Yaw
0.501,0.000,0.328,62.634,0.000,41.038,Yaw
0.876,0.000,0.328,109.534,0.000,41.038,Yaw
1.266,0.000,0.328,158.389,0.000,41.038,Yaw
1.657,0.000,0.328,207.244,0.000,41.038,Yaw
-1.952,0.000,0.328,-244.176,0.000,41.038,Yaw
-1.562,0.000,0.328,-195.321,0.000,41.038,Yaw
-1.171,0.000,0.328,-146.466,0.000,41.038,Yaw
-0.780,0.000,0.328,-97.611,0.000,41.038,Yaw
-0.390,0.000,0.328,-48.756,0.000,41.038,Yaw
0.001,0.000,0.328,0.107,0.000,41.038,Yaw
0.376,0.000,0.328,47.008,0.000,41.038,Yaw
0.751,0.000,0.328,93.908,0.000,41.038,Yaw
1.126,0.000,0.328,140.809,0.000,41.038,Yaw
1.516,0.000,0.328,189.664,0.000,41.038,Yaw
1.907,0.000,0.328,238.519,0.000,41.038,Yaw
-1.702,0.000,0.328,-212.901,0.000,41.038,Yaw
-1.312,0.000,0.328,-164.046,0.000,41.038,Yaw
-0.921,0.000,0.328,-115.191,0.000,41.038,Yaw
-0.530,0.000,0.328,-66.336,0.000,41.038,Yaw
-0.140,0.000,0.328,-17.481,0.000,41.038,Yaw
0.251,0.000,0.328,31.382,0.000,41.038,Yaw
0.626,0.000,0.328,78.282,0.000,41.038,Yaw
1.001,0.000,0.328,125.183,0.000,41.038,Yaw
1.392,0.000,0.328,174.038,0.000,41.038,Yaw
1.782,0.000,0.328,222.893,0.000,41.038,Yaw
-1.827,0.000,0.328,-228.527,0.000,41.038,Yaw
-1.437,0.000,0.328,-179.672,0.000,41.038,Yaw
-1.046,0.000,0.328,-130.817,0.000,41.038,Yaw
-0.655,0.000,0.328,-81.962,0.000,41.038,Yaw
-0.265,0.000,0.328,-33.107,0.000,41.038,Yaw
0.126,0.000,0.328,15.756,0.000,41.038,Yaw
0.501,0.000,0.328,62.656,0.000,41.038,Yaw
0.876,0.000,0.328,109.557,0.000,41.038,Yaw
1.267,0.000,0.328,158.412,0.000,41.038,Yaw
1.657,0.000,0.328,207.267,0.000,41.038,Yaw
-1.952,0.000,0.328,-244.153,0.000,41.038,Yaw
-1.562,0.000,0.328,-195.298,0.000,41.038,Yaw
-1.171,0.000,0.328,-146.443,0.000,41.038,Yaw
-0.780,0.000,0.328,-97.588,0.000,41.038,Yaw
-0.390,0.000,0.328,-48.733,0.000,41.038,Yaw
0.001,0.000,0.328,0.130,0.000,41.038,Yaw
0.376,0.000,0.328,47.031,0.000,41.038,Yaw
0.751,0.000,0.328,93.931,0.000,41.038,Yaw
1.126,0.000,0.328,140.832,0.000,41.038,Yaw
1.517,0.000,0.328,189.687,0.000,41.038,Yaw
1.907,0.000,0.328,238.542,0.000,41.038,Yaw
-1.702,0.000,0.328,-212.878,0.000,41.038,Yaw
-1.311,0.000,0.328,-164.023,0.000,41.038,Yaw
-0.921,0.000,0.328,-115.168,0.000,41.038,Yaw
-0.530,0.000,0.328,-66.313,0.000,41.038,Yaw
-0.140,0.000,0.328,-17.458,0.000,41.038,Yaw
0.251,0.000,0.328,31.405,0.000,41.038,Yaw
0.626,0.000,0.328,78.305,0.000,41.038,Yaw
1.001,0.000,0.328,125.206,0.000,41.038,Yaw
1.392,0.000,0.328,174.061,0.000,41.038,Yaw
1.782,0.000,0.328,222.916,0.000,41.038,Yaw
-1.827,0.000,0.328,-228.504,0.000,41.038,Yaw
-1.436,0.000,0.328,-179.649,0.000,41.038,Yaw
-1.046,0.000,0.328,-130.794,0.000,41.038,Yaw
-0.655,0.000,0.328,-81.939,0.000,41.038,Yaw
-0.265,0.000,0.328,-33.084,0.000,41.038,Yaw
0.126,0.000,0.328,15.779,0.000,41.038,Yaw
0.501,0.000,0.328,62.679,0.000,41.038,Yaw
0.876,0.000,0.328,109.580,0.000,41.038,Yaw
1.267,0.000,0.328,158.435,0.000,41.038,Yaw
1.657,0.000,0.328,207.290,0.000,41.038,Yaw
-1.952,0.000,0.328,-244.130,0.000,41.038,Yaw
-1.561,0.000,0.328,-195.275,0.000,41.038,Yaw
-1.171,0.000,0.328,-146.420,0.000,41.038,Yaw
-0.780,0.000,0.328,-97.565,0.000,41.038,Yaw
-0.389,0.000,0.328,-48.710,0.000,41.038,Yaw
0.001,0.000,0.328,0.153,0.000,41.038,Yaw
0.376,0.000,0.328,47.053,0.000,41.038,Yaw
0.751,0.000,0.328,93.954,0.000,41.038,Yaw
1.126,0.000,0.328,140.855,0.000,41.038,Yaw
1.517,0.000,0.328,189.710,0.000,41.038,Yaw
1.907,0.000,0.328,238.565,0.000,41.038,Yaw
-1.702,0.000,0.328,-212.855,0.000,41.038,Yaw
-1.311,0.000,0.328,-164.000,0.000,41.038,Yaw
-0.921,0.000,0.328,-115.145,0.000,41.038,Yaw
-0.530,0.000,0.328,-66.290,0.000,41.038,Yaw
-0.139,0.000,0.328,-17.435,0.000,41.038,Yaw
0.251,0.000,0.328,31.427,0.000,41.038,Yaw
0.626,0.000,0.328,78.328,0.000,41.038,Yaw
1.001,0.000,0.328,125.229,0.000,41.038,Yaw
1.392,0.000,0.328,174.084,0.000,41.038,Yaw
1.783,0.000,0.328,222.939,0.000,41.038,Yaw
-1.827,0.000,0.328,-228.481,0.000,41.038,Yaw
-1.436,0.000,0.328,-179.626,0.000,41.038,Yaw
-1.046,0.000,0.328,-130.771,0.000,41.038,Yaw
-0.655,0.000,0.328,-81.916,0.000,41.038,Yaw
-0.264,0.000,0.328,-33.061,0.000,41.038,Yaw
0.126,0.000,0.328,15.802,0.000,41.038,Yaw
0.501,0.000,0.328,62.702,0.000,41.038,Yaw
0.876,0.000,0.328,109.603,0.000,41.038,Yaw
1.267,0.000,0.328,158.458,0.000,41.038,Yaw
1.658,0.000,0.328,207.313,0.000,41.038,Yaw
-1.952,0.000,0.328,-244.107,0.000,41.038,Yaw
-1.561,0.000,0.328,-195.252,0.000,41.038,Yaw
-1.171,0.000,0.328,-146.397,0.000,41.038,Yaw
-0.780,0.000,0.328,-97.542,0.000,41.038,Yaw
-0.389,0.000,0.328,-48.687,0.000,41.038,Yaw
0.001,0.000,0.328,0.176,0.000,41.038,Yaw
0.376,0.000,0.328,47.076,0.000,41.038,Yaw
0.751,0.000,0.328,93.977,0.000,41.038,Yaw
1.126,0.000,0.328,140.878,0.000,41.038,Yaw
1.517,0.000,0.328,189.733,0.000,41.038,Yaw
1.908,0.000,0.328,238.588,0.000,41.038,Yaw
-1.702,0.000,0.328,-212.832,0.000,41.038,Yaw
-1.311,0.000,0.328,-163.977,0.000,41.038,Yaw
-0.920,0.000,0.328,-115.122,0.000,41.038,Yaw
-0.530,0.000,0.328,-66.267,0.000,41.038,Yaw
-0.139,0.000,0.328,-17.412,0.000,41.038,Yaw
0.251,0.000,0.328,31.450,0.000,41.038,Yaw
0.626,0.000,0.328,78.351,0.000,41.038,Yaw
1.001,0.000,0.328,125.252,0.000,41.038,Yaw
1.392,0.000,0.328,174.107,0.000,41.038,Yaw
1.783,0.000,0.328,222.962,0.000,41.038,Yaw
-1.827,0.000,0.328,-228.458,0.000,41.038,Yaw
-1.436,0.000,0.328,-179.603,0.000,41.038,Yaw
-1.045,0.000,0.328,-130.748,0.000,41.038,Yaw
-0.655,0.000,0.328,-81.893,0.000,41.038,Yaw
-0.264,0.000,0.328,-33.038,0.000,41.038,Yaw
0.127,0.000,0.328,15.824,0.000,41.038,Yaw
0.502,0.000,0.328,62.725,0.000,41.038,Yaw
0.877,0.000,0.328,109.626,0.000,41.038,Yaw
1.267,0.000,0.328,158.481,0.000,41.038,Yaw
1.658,0.000,0.328,207.336,0.000,41.038,Yaw
-1.952,0.000,0.328,-244.084,0.000,41.038,Yaw
-1.561,0.000,0.328,-195.229,0.000,41.038,Yaw
-1.170,0.000,0.328,-146.374,0.000,41.038,Yaw
-0.780,0.000,0.328,-97.519,0.000,41.038,Yaw
-0.389,0.000,0.328,-48.664,0.000,41.038,Yaw
0.002,0.000,0.328,0.198,0.000,41.038,Yaw
0.377,0.000,0.328,47.099,0.000,41.038,Yaw
0.752,0.000,0.328,94.000,0.000,41.038,Yaw
1.127,0.000,0.328,140.901,0.000,41.038,Yaw
1.517,0.000,0.328,189.756,0.000,41.038,Yaw
1.908,0.000,0.328,238.611,0.000,41.038,Yaw
-1.702,0.000,0.328,-212.809,0.000,41.038,Yaw
-1.311,0.000,0.328,-163.954,0.000,41.038,Yaw
-0.920,0.000,0.328,-115.099,0.000,41.038,Yaw
-0.530,0.000,0.328,-66.244,0.000,41.038,Yaw
-0.139,0.000,0.328,-17.389,0.000,41.038,Yaw
0.252,0.000,0.328,31.473,0.000,41.038,Yaw
0.627,0.000,0.328,78.374,0.000,41.038,Yaw
1.002,0.000,0.328,125.275,0.000,41.038,Yaw
1.392,0.000,0.328,174.130,0.000,41.038,Yaw
1.783,0.000,0.328,222.985,0.000,41.038,Yaw
-1.826,0.000,0.328,-228.435,0.000,41.038,Yaw
-1.436,0.000,0.328,-179.580,0.000,41.038,Yaw
-1.045,0.000,0.328,-130.725,0.000,41.038,Yaw
-0.655,0.000,0.328,-81.870,0.000,41.038,Yaw
-0.264,0.000,0.328,-33.015,0.000,41.038,Yaw
0.127,0.000,0.328,15.847,0.000,41.038,Yaw
0.502,0.000,0.328,62.748,0.000,41.038,Yaw
0.877,0.000,0.328,109.649,0.000,41.038,Yaw
1.267,0.000,0.328,158.504,0.000,41.038,Yaw
1.658,0.000,0.328,207.359,0.000,41.038,Yaw
-1.951,0.000,0.328,-244.061,0.000,41.038,Yaw
-1.561,0.000,0.328,-195.206,0.000,41.038,Yaw
-1.170,0.000,0.328,-146.351,0.000,41.038,Yaw
-0.780,0.000,0.328,-97.496,0.000,41.038,Yaw
-0.389,0.000,0.328,-48.641,0.000,41.038,Yaw
0.002,0.000,0.328,0.221,0.000,41.038,Yaw
0.377,0.000,0.328,47.122,0.000,41.038,Yaw
0.752,0.000,0.328,94.023,0.000,41.038,Yaw
1.127,0.000,0.328,140.924,0.000,41.038,Yaw
1.517,0.000,0.328,189.779,0.000,41.038,Yaw
1.908,0.000,0.328,238.634,0.000,41.038,Yaw
-1.701,0.000,0.328,-212.786,0.000,41.038,Yaw
-1.311,0.000,0.328,-163.931,0.000,41.038,Yaw
-0.920,0.000,0.328,-115.076,0.000,41.038,Yaw
-0.529,0.000,0.328,-66.221,0.000,41.038,Yaw
-0.139,0.000,0.328,-17.366,0.000,41.038,Yaw
0.252,0.000,0.328,31.496,0.000,41.038,Yaw
0.627,0.000,0.328,78.397,0.000,41.038,Yaw
1.002,0.000,0.328,125.298,0.000,41.038,Yaw
1.392,0.000,0.328,174.153,0.000,41.038,Yaw
1.783,0.000,0.328,223.008,0.000,41.038,Yaw
-1.826,0.000,0.328,-228.412,0.000,41.038,Yaw
-1.436,0.000,0.328,-179.557,0.000,41.038,Yaw
-1.045,0.000,0.328,-130.702,0.000,41.038,Yaw
-0.654,0.000,0.328,-81.847,0.000,41.038,Yaw
-0.264,0.000,0.328,-32.992,0.000,41.038,Yaw
0.127,0.000,0.328,15.870,0.000,41.038,Yaw
0.502,0.000,0.328,62.771,0.000,41.038,Yaw
0.877,0.000,0.328,109.672,0.000,41.038,Yaw
1.268,0.000,0.328,158.527,0.000,41.038,Yaw
1.658,0.000,0.328,207.382,0.000,41.038,Yaw
-1.951,0.000,0.328,-244.038,0.000,41.038,Yaw
-1.561,0.000,0.328,-195.183,0.000,41.038,Yaw
-1.170,0.000,0.328,-146.328,0.000,41.038,Yaw
-0.779,0.000,0.328,-97.473,0.000,41.038,Yaw
-0.389,0.000,0.328,-48.618,0.000,41.038,Yaw
0.002,0.000,0.328,0.244,0.000,41.038,Yaw
0.377,0.000,0.328,47.145,0.000,41.038,Yaw
0.752,0.000,0.328,94.046,0.000,41.038,Yaw
1.127,0.000,0.328,140.947,0.000,41.038,Yaw
1.518,0.000,0.328,189.802,0.000,41.038,Yaw
1.908,0.000,0.328,238.656,0.000,41.038,Yaw
-1.701,0.000,0.328,-212.763,0.000,41.038,Yaw
-1.311,0.000,0.328,-163.908,0.000,41.038,Yaw
-0.920,0.000,0.328,-115.053,0.000,41.038,Yaw
-0.529,0.000,0.328,-66.198,0.000,41.038,Yaw
-0.139,0.000,0.328,-17.344,0.000,41.038,Yaw
0.252,0.000,0.328,31.519,0.000,41.038,Yaw
0.627,0.000,0.328,78.420,0.000,41.038,Yaw
1.002,0.000,0.328,125.321,0.000,41.038,Yaw
1.393,0.000,0.328,174.176,0.000,41.038,Yaw
1.783,0.000,0.328,223.031,0.000,41.038,Yaw
-1.826,0.000,0.328,-228.389,0.000,41.038,Yaw
-1.435,0.000,0.328,-179.534,0.000,41.038,Yaw
-1.045,0.000,0.328,-130.679,0.000,41.038,Yaw
-0.654,0.000,0.328,-81.824,0.000,41.038,Yaw
-0.264,0.000,0.328,-32.969,0.000,41.038,Yaw
0.127,0.000,0.328,15.893,0.000,41.038,Yaw
0.502,0.000,0.328,62.794,0.000,41.038,Yaw
0.877,0.000,0.328,109.695,0.000,41.038,Yaw
1.268,0.000,0.328,158.550,0.000,41.038,Yaw
1.658,0.000,0.328,207.405,0.000,41.038,Yaw
-1.951,0.000,0.328,-244.015,0.000,41.038,Yaw
-1.560,0.000,0.328,-195.160,0.000,41.038,Yaw
-1.170,0.000,0.328,-146.305,0.000,41.038,Yaw
-0.779,0.000,0.328,-97.450,0.000,41.038,Yaw
-0.389,0.000,0.328,-48.595,0.000,41.038,Yaw
0.002,0.000,0.328,0.267,0.000,41.038,Yaw
0.377,0.000,0.328,47.168,0.000,41.038,Yaw
0.752,0.000,0.328,94.069,0.000,41.038,Yaw
1.127,0.000,0.328,140.969,0.000,41.038,Yaw
1.518,0.000,0.328,189.824,0.000,41.038,Yaw
1.908,0.000,0.328,238.679,0.000,41.038,Yaw
-1.701,0.000,0.328,-212.740,0.000,41.038,Yaw
-1.310,0.000,0.328,-163.885,0.000,41.038,Yaw
-0.920,0.000,0.328,-115.031,0.000,41.038,Yaw
-0.529,0.000,0.328,-66.176,0.000,41.038,Yaw
-0.138,0.000,0.328,-17.321,0.000,41.038,Yaw
0.252,0.000,0.328,31.542,0.000,41.038,Yaw
0.627,0.000,0.328,78.443,0.000,41.038,Yaw
1.002,0.000,0.328,125.344,0.000,41.038,Yaw
1.393,0.000,0.328,174.198,0.000,41.038,Yaw
1.783,0.000,0.328,223.053,0.000,41.038,Yaw
-1.826,0.000,0.328,-228.366,0.000,41.038,Yaw
-1.435,0.000,0.328,-179.511,0.000,41.038,Yaw
-1.045,0.000,0.328,-130.656,0.000,41.038,Yaw
-0.654,0.000,0.328,-81.802,0.000,41.038,Yaw
-0.263,0.000,0.328,-32.947,0.000,41.038,Yaw
0.127,0.000,0.328,15.916,0.000,41.038,Yaw
0.502,0.000,0.328,62.817,0.000,41.038,Yaw
0.877,0.000,0.328,109.718,0.000,41.038,Yaw
1.268,0.000,0.328,158.573,0.000,41.038,Yaw
1.659,0.000,0.328,207.427,0.000,41.038,Yaw
-1.951,0.000,0.328,-243.992,0.000,41.038,Yaw
-1.560,0.000,0.328,-195.137,0.000,41.038,Yaw
-1.170,0.000,0.328,-146.282,0.000,41.038,Yaw
-0.779,0.000,0.328,-97.427,0.000,41.038,Yaw
-0.388,0.000,0.328,-48.573,0.000,41.038,Yaw
0.002,0.000,0.328,0.290,0.000,41.038,Yaw
0.377,0.000,0.328,47.191,0.000,41.038,Yaw
0.752,0.000,0.328,94.092,0.000,41.038,Yaw
1.127,0.000,0.328,140.992,0.000,41.038,Yaw
1.518,0.000,0.328,189.847,0.000,41.038,Yaw
1.909,0.000,0.328,238.702,0.000,41.038,Yaw
-1.701,0.000,0.328,-212.718,0.000,41.038,Yaw
-1.310,0.000,0.328,-163.863,0.000,41.038,Yaw
-0.920,0.000,0.328,-115.008,0.000,41.038,Yaw
-0.529,0.000,0.328,-66.153,0.000,41.038,Yaw
-0.138,0.000,0.328,-17.298,0.000,41.038,Yaw
0.252,0.000,0.328,31.565,0.000,41.038,Yaw
0.627,0.000,0.328,78.466,0.000,41.038,Yaw
1.002,0.000,0.328,125.366,0.000,41.038,Yaw
1.393,0.000,0.328,174.221,0.000,41.038,Yaw
1.784,0.000,0.328,223.076,0.000,41.038,Yaw
-1.826,0.000,0.328,-228.344,0.000,41.038,Yaw
-1.435,0.000,0.328,-179.489,0.000,41.038,Yaw
-1.044,0.000,0.328,-130.634,0.000,41.038,Yaw
-0.654,0.000,0.328,-81.779,0.000,41.038,Yaw
-0.263,0.000,0.328,-32.924,0.000,41.038,Yaw
0.127,0.000,0.328,15.939,0.000,41.038,Yaw
0.502,0.000,0.328,62.840,0.000,41.038,Yaw
0.877,0.000,0.328,109.740,0.000,41.038,Yaw
1.268,0.000,0.328,158.595,0.000,41.038,Yaw
1.659,0.000,0.328,207.450,0.000,41.038,Yaw
-1.951,0.000,0.328,-243.969,0.000,41.038,Yaw
-1.560,0.000,0.328,-195.115,0.000,41.038,Yaw
-1.169,0.000,0.328,-146.260,0.000,41.038,Yaw
-0.779,0.000,0.328,-97.405,0.000,41.038,Yaw
-0.388,0.000,0.328,-48.550,0.000,41.038,Yaw
0.003,0.000,0.328,0.313,0.000,41.038,Yaw
0.378,0.000,0.328,47.214,0.000,41.038,Yaw
0.753,0.000,0.328,94.115,0.000,41.038,Yaw
1.128,0.000,0.328,141.015,0.000,41.038,Yaw
1.518,0.000,0.328,189.870,0.000,41.038,Yaw
1.909,0.000,0.328,238.725,0.000,41.038,Yaw
-1.701,0.000,0.328,-212.695,0.000,41.038,Yaw
-1.310,0.000,0.328,-163.840,0.000,41.038,Yaw
-0.919,0.000,0.328,-114.985,0.000,41.038,Yaw
-0.529,0.000,0.328,-66.130,0.000,41.038,Yaw
-0.138,0.000,0.328,-17.275,0.000,41.038,Yaw
0.253,0.000,0.328,31.588,0.000,41.038,Yaw
0.628,0.000,0.328,78.489,0.000,41.038,Yaw
1.003,0.000,0.328,125.389,0.000,41.038,Yaw
1.393,0.000,0.328,174.244,0.000,41.038,Yaw
1.784,0.000,0.328,223.099,0.000,41.038,Yaw
-1.826,0.000,0.328,-228.321,0.000,41.038,Yaw
-1.435,0.000,0.328,-179.466,0.000,41.038,Yaw
-1.044,0.000,0.328,-130.611,0.000,41.038,Yaw
-0.654,0.000,0.328,-81.756,0.000,41.038,Yaw
-0.263,0.000,0.328,-32.901,0.000,41.038,Yaw
0.128,0.000,0.328,15.962,0.000,41.038,Yaw
0.503,0.000,0.328,62.863,0.000,41.038,Yaw
0.878,0.000,0.328,109.763,0.000,41.038,Yaw
1.268,0.000,0.328,158.618,0.000,41.038,Yaw
1.659,0.000,0.328,207.473,0.000,41.038,Yaw
-1.951,0.000,0.328,-243.947,0.000,41.038,Yaw
-1.560,0.000,0.328,-195.092,0.000,41.038,Yaw
-1.169,0.000,0.328,-146.237,0.000,41.038,Yaw
-0.779,0.000,0.328,-97.382,0.000,41.038,Yaw
-0.388,0.000,0.328,-48.527,0.000,41.038,Yaw
0.003,0.000,0.328,0.336,0.000,41.038,Yaw
0.378,0.000,0.328,47.237,0.000,41.038,Yaw
0.753,0.000,0.328,94.137,0.000,41.038,Yaw
1.128,0.000,0.328,141.038,0.000,41.038,Yaw
1.518,0.000,0.328,189.893,0.000,41.038,Yaw
1.909,0.000,0.328,238.748,0.000,41.038,Yaw
-1.700,0.000,0.328,-212.672,0.000,41.038,Yaw
-1.310,0.000,0.328,-163.817,0.000,41.038,Yaw
-0.919,0.000,0.328,-114.962,0.000,41.038,Yaw
-0.529,0.000,0.328,-66.107,0.000,41.038,Yaw
-0.138,0.000,0.328,-17.252,0.000,41.038,Yaw
0.253,0.000,0.328,31.611,0.000,41.038,Yaw
0.628,0.000,0.328,78.511,0.000,41.038,Yaw
1.003,0.000,0.328,125.412,0.000,41.038,Yaw
1.393,0.000,0.328,174.267,0.000,41.038,Yaw
1.784,0.000,0.328,223.122,0.000,41.038,Yaw
-1.825,0.000,0.328,-228.298,0.000,41.038,Yaw
-1.435,0.000,0.328,-179.443,0.000,41.038,Yaw
-1.044,0.000,0.328,-130.588,0.000,41.038,Yaw
-0.654,0.000,0.328,-81.733,0.000,41.038,Yaw
-0.263,0.000,0.328,-32.878,0.000,41.038,Yaw
0.128,0.000,0.328,15.985,0.000,41.038,Yaw
0.503,0.000,0.328,62.885,0.000,41.038,Yaw
0.878,0.000,0.328,109.786,0.000,41.038,Yaw
1.268,0.000,0.328,158.641,0.000,41.038,Yaw
1.659,0.000,0.328,207.496,0.000,41.038,Yaw
-1.950,0.000,0.328,-243.924,0.000,41.038,Yaw
-1.560,0.000,0.328,-195.069,0.000,41.038,Yaw
-1.169,0.000,0.328,-146.214,0.000,41.038,Yaw
-0.778,0.000,0.328,-97.359,0.000,41.038,Yaw
-0.388,0.000,0.328,-48.504,0.000,41.038,Yaw
0.003,0.000,0.328,0.359,0.000,41.038,Yaw
0.378,0.000,0.328,47.260,0.000,41.038,Yaw
0.753,0.000,0.328,94.160,0.000,41.038,Yaw
1.128,0.000,0.328,141.061,0.000,41.038,Yaw
1.518,0.000,0.328,189.916,0.000,41.038,Yaw
1.909,0.000,0.328,238.771,0.000,41.038,Yaw
-1.700,0.000,0.328,-212.649,0.000,41.038,Yaw
-1.310,0.000,0.328,-163.794,0.000,41.038,Yaw
-0.919,0.000,0.328,-114.939,0.000,41.038,Yaw
-0.528,0.000,0.328,-66.084,0.000,41.038,Yaw
-0.138,0.000,0.328,-17.229,0.000,41.038,Yaw
0.253,0.000,0.328,31.634,0.000,41.038,Yaw
0.628,0.000,0.328,78.534,0.000,41.038,Yaw
1.003,0.000,0.328,125.435,0.000,41.038,Yaw
1.394,0.000,0.328,174.290,0.000,41.038,Yaw
1.784,0.000,0.328,223.145,0.000,41.038,Yaw
-1.825,0.000,0.328,-228.275,0.000,41.038,Yaw
-1.435,0.000,0.328,-179.420,0.000,41.038,Yaw
-1.044,0.000,0.328,-130.565,0.000,41.038,Yaw
-0.653,0.000,0.328,-81.710,0.000,41.038,Yaw
-0.263,0.000,0.328,-32.855,0.000,41.038,Yaw
0.128,0.000,0.328,16.008,0.000,41.038,Yaw
0.503,0.000,0.328,62.908,0.000,41.038,Yaw
0.878,0.000,0.328,109.809,0.000,41.038,Yaw
1.269,0.000,0.328,158.664,0.000,41.038,Yaw
1.659,0.000,0.328,207.519,0.000,41.038,Yaw
-1.950,0.000,0.328,-243.901,0.000,41.038,Yaw
-1.560,0.000,0.328,-195.046,0.000,41.038,Yaw
-1.169,0.000,0.328,-146.191,0.000,41.038,Yaw
-0.778,0.000,0.328,-97.336,0.000,41.038,Yaw
-0.388,0.000,0.328,-48.481,0.000,41.038,Yaw
0.003,0.000,0.328,0.382,0.000,41.038,Yaw
0.378,0.000,0.328,47.282,0.000,41.038,Yaw
0.753,0.000,0.328,94.183,0.000,41.038,Yaw
1.128,0.000,0.328,141.084,0.000,41.038,Yaw
1.519,0.000,0.328,189.939,0.000,41.038,Yaw
1.909,0.000,0.328,238.794,0.000,41.038,Yaw
-1.700,0.000,0.328,-212.626,0.000,41.038,Yaw
-1.309,0.000,0.328,-163.771,0.000,41.038,Yaw
-0.919,0.000,0.328,-114.916,0.000,41.038,Yaw
-0.528,0.000,0.328,-66.061,0.000,41.038,Yaw
-0.138,0.000,0.328,-17.206,0.000,41.038,Yaw
0.253,0.000,0.328,31.656,0.000,41.038,Yaw
0.628,0.000,0.328,78.557,0.000,41.038,Yaw
1.003,0.000,0.328,125.458,0.000,41.038,Yaw
1.394,0.000,0.328,174.313,0.000,41.038,Yaw
1.784,0.000,0.328,223.168,0.000,41.038,Yaw
-1.825,0.000,0.328,-228.252,0.000,41.038,Yaw
-1.434,0.000,0.328,-179.397,0.000,41.038,Yaw
-1.044,0.000,0.328,-130.542,0.000,41.038,Yaw
-0.653,0.000,0.328,-81.687,0.000,41.038,Yaw
-0.263,0.000,0.328,-32.832,0.000,41.038,Yaw
0.128,0.000,0.328,16.031,0.000,41.038,Yaw
0.503,0.000,0.328,62.931,0.000,41.038,Yaw
0.878,0.000,0.328,109.832,0.000,41.038,Yaw
1.269,0.000,0.328,158.687,0.000,41.038,Yaw
1.659,0.000,0.328,207.542,0.000,41.038,Yaw
-1.950,0.000,0.328,-243.878,0.000,41.038,Yaw
-1.559,0.000,0.328,-195.023,0.000,41.038,Yaw
-1.169,0.000,0.328,-146.168,0.000,41.038,Yaw
-0.778,0.000,0.328,-97.313,0.000,41.038,Yaw
-0.387,0.000,0.328,-48.458,0.000,41.038,Yaw
0.003,0.000,0.328,0.405,0.000,41.038,Yaw
0.378,0.000,0.328,47.305,0.000,41.038,Yaw
0.753,0.000,0.328,94.206,0.000,41.038,Yaw
1.128,0.000,0.328,141.107,0.000,41.038,Yaw
1.519,0.000,0.328,189.962,0.000,41.038,Yaw
1.909,0.000,0.328,238.817,0.000,41.038,Yaw
-1.700,0.000,0.328,-212.603,0.000,41.038,Yaw
-1.309,0.000,0.328,-163.748,0.000,41.038,Yaw
-0.919,0.000,0.328,-114.893,0.000,41.038,Yaw
-0.528,0.000,0.328,-66.038,0.000,41.038,Yaw
-0.137,0.000,0.328,-17.183,0.000,41.038,Yaw
0.253,0.000,0.328,31.679,0.000,41.038,Yaw
0.628,0.000,0.328,78.580,0.000,41.038,Yaw
1.003,0.000,0.328,125.481,0.000,41.038,Yaw
1.394,0.000,0.328,174.336,0.000,41.038,Yaw
1.785,0.000,0.328,223.191,0.000,41.038,Yaw
-1.825,0.000,0.328,-228.229,0.000,41.038,Yaw
-1.434,0.000,0.328,-179.374,0.000,41.038,Yaw
-1.044,0.000,0.328,-130.519,0.000,41.038,Yaw
-0.653,0.000,0.328,-81.664,0.000,41.038,Yaw
-0.262,0.000,0.328,-32.809,0.000,41.038,Yaw
0.128,0.000,0.328,16.053,0.000,41.038,Yaw
0.503,0.000,0.328,62.954,0.000,41.038,Yaw
0.878,0.000,0.328,109.855,0.000,41.038,Yaw
1.269,0.000,0.328,158.710,0.000,41.038,Yaw
1.660,0.000,0.328,207.565,0.000,41.038,Yaw
-1.950,0.000,0.328,-243.855,0.000,41.038,Yaw
-1.559,0.000,0.328,-195.000,0.000,41.038,Yaw
-1.169,0.000,0.328,-146.145,0.000,41.038,Yaw
-0.778,0.000,0.328,-97.290,0.000,41.038,Yaw
-0.387,0.000,0.328,-48.435,0.000,41.038,Yaw
0.003,0.000,0.328,0.427,0.000,41.038,Yaw
0.378,0.000,0.328,47.328,0.000,41.038,Yaw
0.753,0.000,0.328,94.229,0.000,41.038,Yaw
1.128,0.000,0.328,141.130,0.000,41.038,Yaw
1.519,0.000,0.328,189.985,0.000,41.038,Yaw
1.910,0.000,0.328,238.840,0.000,41.038,Yaw
-1.700,0.000,0.328,-212.580,0.000,41.038,Yaw
-1.309,0.000,0.328,-163.725,0.000,41.038,Yaw
-0.918,0.000,0.328,-114.870,0.000,41.038,Yaw
-0.528,0.000,0.328,-66.015,0.000,41.038,Yaw
-0.137,0.000,0.328,-17.160,0.000,41.038,Yaw
0.253,0.000,0.328,31.702,0.000,41.038,Yaw
0.628,0.000,0.328,78.603,0.000,41.038,Yaw
1.003,0.000,0.328,125.504,0.000,41.038,Yaw
1.394,0.000,0.328,174.359,0.000,41.038,Yaw
1.785,0.000,0.328,223.214,0.000,41.038,Yaw
-1.825,0.000,0.328,-228.206,0.000,41.038,Yaw
-1.434,0.000,0.328,-179.351,0.000,41.038,Yaw
-1.043,0.000,0.328,-130.496,0.000,41.038,Yaw
-0.653,0.000,0.328,-81.641,0.000,41.038,Yaw
-0.262,0.000,0.328,-32.786,0.000,41.038,Yaw
0.129,0.000,0.328,16.076,0.000,41.038,Yaw
0.504,0.000,0.328,62.977,0.000,41.038,Yaw
0.879,0.000,0.328,109.878,0.000,41.038,Yaw
1.269,0.000,0.328,158.733,0.000,41.038,Yaw
1.660,0.000,0.328,207.588,0.000,41.038,Yaw
-1.950,0.000,0.328,-243.832,0.000,41.038,Yaw
-1.559,0.000,0.328,-194.977,0.000,41.038,Yaw
-1.168,0.000,0.328,-146.122,0.000,41.038,Yaw
-0.778,0.000,0.328,-97.267,0.000,41.038,Yaw
-0.387,0.000,0.328,-48.412,0.000,41.038,Yaw
0.004,0.000,0.328,0.450,0.000,41.038,Yaw
0.379,0.000,0.328,47.351,0.000,41.038,Yaw
0.754,0.000,0.328,94.252,0.000,41.038,Yaw
1.129,0.000,0.328,141.153,0.000,41.038,Yaw
1.519,0.000,0.328,190.008,0.000,41.038,Yaw
1.910,0.000,0.328,238.863,0.000,41.038,Yaw
-1.700,0.000,0.328,-212.557,0.000,41.038,Yaw
-1.309,0.000,0.328,-163.702,0.000,41.038,Yaw
-0.918,0.000,0.328,-114.847,0.000,41.038,Yaw
-0.528,0.000,0.328,-65.992,0.000,41.038,Yaw
-0.137,0.000,0.328,-17.137,0.000,41.038,Yaw
0.254,0.000,0.328,31.725,0.000,41.038,Yaw
0.629,0.000,0.328,78.626,0.000,41.038,Yaw
1.004,0.000,0.328,125.527,0.000,41.038,Yaw
1.394,0.000,0.328,174.382,0.000,41.038,Yaw
1.785,0.000,0.328,223.237,0.000,41.038,Yaw
-1.824,0.000,0.328,-228.183,0.000,41.038,Yaw
-1.434,0.000,0.328,-179.328,0.000,41.038,Yaw
-1.043,0.000,0.328,-130.473,0.000,41.038,Yaw
-0.653,0.000,0.328,-81.618,0.000,41.038,Yaw
-0.262,0.000,0.328,-32.763,0.000,41.038,Yaw
0.129,0.000,0.328,16.099,0.000,41.038,Yaw
0.504,0.000,0.328,63.000,0.000,41.038,Yaw
0.879,0.000,0.328,109.901,0.000,41.038,Yaw
1.269,0.000,0.328,158.756,0.000,41.038,Yaw
1.660,0.000,0.328,207.611,0.000,41.038,Yaw
-1.949,0.000,0.328,-243.809,0.000,41.038,Yaw
-1.559,0.000,0.328,-194.954,0.000,41.038,Yaw
-1.168,0.000,0.328,-146.099,0.000,41.038,Yaw
-0.778,0.000,0.328,-97.244,0.000,41.038,Yaw
-0.387,0.000,0.328,-48.389,0.000,41.038,Yaw
0.004,0.000,0.328,0.473,0.000,41.038,Yaw
0.379,0.000,0.328,47.374,0.000,41.038,Yaw
0.754,0.000,0.328,94.275,0.000,41.038,Yaw
1.129,0.000,0.328,141.176,0.000,41.038,Yaw
1.519,0.000,0.328,190.031,0.000,41.038,Yaw
1.910,0.000,0.328,238.885,0.000,41.038,Yaw
-1.699,0.000,0.328,-212.534,0.000,41.038,Yaw
-1.309,0.000,0.328,-163.679,0.000,41.038,Yaw
-0.918,0.000,0.328,-114.824,0.000,41.038,Yaw
-0.527,0.000,0.328,-65.969,0.000,41.038,Yaw
-0.137,0.000,0.328,-17.115,0.000,41.038,Yaw
0.254,0.000,0.328,31.748,0.000,41.038,Yaw
0.629,0.000,0.328,78.649,0.000,41.038,Yaw
1.004,0.000,0.328,125.550,0.000,41.038,Yaw
1.394,0.000,0.328,174.405,0.000,41.038,Yaw
1.785,0.000,0.328,223.260,0.000,41.038,Yaw
-1.824,0.000,0.328,-228.160,0.000,41.038,Yaw
-1.434,0.000,0.328,-179.305,0.000,41.038,Yaw
-1.043,0.000,0.328,-130.450,0.000,41.038,Yaw
-0.652,0.000,0.328,-81.595,0.000,41.038,Yaw
-0.262,0.000,0.328,-32.740,0.000,41.038,Yaw
0.129,0.000,0.328,16.122,0.000,41.038,Yaw
0.504,0.000,0.328,63.023,0.000,41.038,Yaw
0.879,0.000,0.328,109.924,0.000,41.038,Yaw
1.270,0.000,0.328,158.779,0.000,41.038,Yaw
1.660,0.000,0.328,207.634,0.000,41.038,Yaw
-1.949,0.000,0.328,-243.786,0.000,41.038,Yaw
-1.559,0.000,0.328,-194.931,0.000,41.038,Yaw
-1.168,0.000,0.328,-146.076,0.000,41.038,Yaw
-0.777,0.000,0.328,-97.221,0.000,41.038,Yaw
-0.387,0.000,0.328,-48.366,0.000,41.038,Yaw
0.004,0.000,0.328,0.496,0.000,41.038,Yaw
0.379,0.000,0.328,47.397,0.000,41.038,Yaw
0.754,0.000,0.328,94.298,0.000,41.038,Yaw
1.129,0.000,0.328,141.198,0.000,41.038,Yaw
1.520,0.000,0.328,190.053,0.000,41.038,Yaw
1.910,0.000,0.328,238.908,0.000,41.038,Yaw
-1.699,0.000,0.328,-212.511,0.000,41.038,Yaw
-1.309,0.000,0.328,-163.656,0.000,41.038,Yaw
-0.918,0.000,0.328,-114.802,0.000,41.038,Yaw
-0.527,0.000,0.328,-65.947,0.000,41.038,Yaw
-0.137,0.000,0.328,-17.092,0.000,41.038,Yaw
0.254,0.000,0.328,31.771,0.000,41.038,Yaw
0.629,0.000,0.328,78.672,0.000,41.038,Yaw
1.004,0.000,0.328,125.573,0.000,41.038,Yaw
1.395,0.000,0.328,174.427,0.000,41.038,Yaw
1.785,0.000,0.328,223.282,0.000,41.038,Yaw
-1.824,0.000,0.328,-228.137,0.000,41.038,Yaw
-1.433,0.000,0.328,-179.282,0.000,41.038,Yaw
-1.043,0.000,0.328,-130.427,0.000,41.038,Yaw
-0.652,0.000,0.328,-81.573,0.000,41.038,Yaw
-0.262,0.000,0.328,-32.718,0.000,41.038,Yaw
0.129,0.000,0.328,16.145,0.000,41.038,Yaw
0.504,0.000,0.328,63.046,0.000,41.038,Yaw
0.879,0.000,0.328,109.947,0.000,41.038,Yaw
1.270,0.000,0.328,158.802,0.000,41.038,Yaw
1.660,0.000,0.328,207.656,0.000,41.038,Yaw
-1.949,0.000,0.328,-243.763,0.000,41.038,Yaw
-1.558,0.000,0.328,-194.908,0.000,41.038,Yaw
-1.168,0.000,0.328,-146.053,0.000,41.038,Yaw
-0.777,0.000,0.328,-97.198,0.000,41.038,Yaw
-0.387,0.000,0.328,-48.344,0.000,41.038,Yaw
0.004,0.000,0.328,0.519,0.000,41.038,Yaw
0.379,0.000,0.328,47.420,0.000,41.038,Yaw
0.754,0.000,0.328,94.321,0.000,41.038,Yaw
1.129,0.000,0.328,141.221,0.000,41.038,Yaw
1.520,0.000,0.328,190.076,0.000,41.038,Yaw
1.910,0.000,0.328,238.931,0.000,41.038,Yaw
-1.699,0.000,0.328,-212.489,0.000,41.038,Yaw
-1.308,0.000,0.328,-163.634,0.000,41.038,Yaw
-0.918,0.000,0.328,-114.779,0.000,41.038,Yaw
-0.527,0.000,0.328,-65.924,0.000,41.038,Yaw
-0.136,0.000,0.328,-17.069,0.000,41.038,Yaw
0.254,0.000,0.328,31.794,0.000,41.038,Yaw
0.629,0.000,0.328,78.695,0.000,41.038,Yaw
1.004,0.000,0.328,125.595,0.000,41.038,Yaw
1.395,0.000,0.328,174.450,0.000,41.038,Yaw
1.785,0.000,0.328,223.305,0.000,41.038,Yaw
-1.824,0.000,0.328,-228.115,0.000,41.038,Yaw
-1.433,0.000,0.328,-179.260,0.000,41.038,Yaw
-1.043,0.000,0.328,-130.405,0.000,41.038,Yaw
-0.652,0.000,0.328,-81.550,0.000,41.038,Yaw
-0.261,0.000,0.328,-32.695,0.000,41.038,Yaw
0.129,0.000,0.328,16.168,0.000,41.038,Yaw
0.504,0.000,0.328,63.069,0.000,41.038,Yaw
0.879,0.000,0.328,109.969,0.000,41.038,Yaw
1.270,0.000,0.328,158.824,0.000,41.038,Yaw
1.661,0.000,0.328,207.679,0.000,41.038,Yaw
-1.949,0.000,0.328,-243.740,0.000,41.038,Yaw
-1.558,0.000,0.328,-194.885,0.000,41.038,Yaw
-1.168,0.000,0.328,-146.031,0.000,41.038,Yaw
-0.777,0.000,0.328,-97.176,0.000,41.038,Yaw
-0.386,0.000,0.328,-48.321,0.000,41.038,Yaw
0.004,0.000,0.328,0.542,0.000,41.038,Yaw
0.379,0.000,0.328,47.443,0.000,41.038,Yaw
0.754,0.000,0.328,94.344,0.000,41.038,Yaw
1.129,0.000,0.328,141.244,0.000,41.038,Yaw
1.520,0.000,0.328,190.099,0.000,41.038,Yaw
1.911,0.000,0.328,238.954,0.000,41.038,Yaw
-1.699,0.000,0.328,-212.466,0.000,41.038,Yaw
-1.308,0.000,0.328,-163.611,0.000,41.038,Yaw
-0.918,0.000,0.328,-114.756,0.000,41.038,Yaw
-0.527,0.000,0.328,-65.901,0.000,41.038,Yaw
-0.136,0.000,0.328,-17.046,0.000,41.038,Yaw
0.254,0.000,0.328,31.817,0.000,41.038,Yaw
0.629,0.000,0.328,78.718,0.000,41.038,Yaw
1.004,0.000,0.328,125.618,0.000,41.038,Yaw
1.395,0.000,0.328,174.473,0.000,41.038,Yaw
1.786,0.000,0.328,223.328,0.000,41.038,Yaw
-1.824,0.000,0.328,-228.092,0.000,41.038,Yaw
-1.433,0.000,0.328,-179.237,0.000,41.038,Yaw
-1.042,0.000,0.328,-130.382,0.000,41.038,Yaw
-0.652,0.000,0.328,-81.527,0.000,41.038,Yaw
-0.261,0.000,0.328,-32.672,0.000,41.038,Yaw
0.129,0.000,0.328,16.191,0.000,41.038,Yaw
0.504,0.000,0.328,63.092,0.000,41.038,Yaw
0.879,0.000,0.328,109.992,0.000,41.038,Yaw
1.270,0.000,0.328,158.847,0.000,41.038,Yaw
1.661,0.000,0.328,207.702,0.000,41.038,Yaw
-1.949,0.000,0.328,-243.718,0.000,41.038,Yaw
-1.558,0.000,0.328,-194.863,0.000,41.038,Yaw
-1.167,0.000,0.328,-146.008,0.000,41.038,Yaw
-0.777,0.000,0.328,-97.153,0.000,41.038,Yaw
-0.386,0.000,0.328,-48.298,0.000,41.038,Yaw
0.005,0.000,0.328,0.565,0.000,41.038,Yaw
0.380,0.000,0.328,47.466,0.000,41.038,Yaw
0.755,0.000,0.328,94.366,0.000,41.038,Yaw
1.130,0.000,0.328,141.267,0.000,41.038,Yaw
1.520,0.000,0.328,190.122,0.000,41.038,Yaw
1.911,0.000,0.328,238.977,0.000,41.038,Yaw
-1.699,0.000,0.328,-212.443,0.000,41.038,Yaw
-1.308,0.000,0.328,-163.588,0.000,41.038,Yaw
-0.917,0.000,0.328,-114.733,0.000,41.038,Yaw
-0.527,0.000,0.328,-65.878,0.000,41.038,Yaw
-0.136,0.000,0.328,-17.023,0.000,41.038,Yaw
0.255,0.000,0.328,31.840,0.000,41.038,Yaw
0.630,0.000,0.328,78.740,0.000,41.038,Yaw
1.005,0.000,0.328,125.641,0.000,41.038,Yaw
1.395,0.000,0.328,174.496,0.000,41.038,Yaw
1.786,0.000,0.328,223.351,0.000,41.038,Yaw
-1.824,0.000,0.328,-228.069,0.000,41.038,Yaw
-1.433,0.000,0.328,-179.214,0.000,41.038,Yaw
-1.042,0.000,0.328,-130.359,0.000,41.038,Yaw
-0.652,0.000,0.328,-81.504,0.000,41.038,Yaw
-0.261,0.000,0.328,-32.649,0.000,41.038,Yaw
0.130,0.000,0.328,16.214,0.000,41.038,Yaw
0.505,0.000,0.328,63.115,0.000,41.038,Yaw
0.880,0.000,0.328,110.015,0.000,41.038,Yaw
1.270,0.000,0.328,158.870,0.000,41.038,Yaw
1.661,0.000,0.328,207.725,0.000,41.038,Yaw
-1.948,0.000,0.328,-243.695,0.000,41.038,Yaw
-1.558,0.000,0.328,-194.840,0.000,41.038,Yaw
-1.167,0.000,0.328,-145.985,0.000,41.038,Yaw
-0.777,0.000,0.328,-97.130,0.000,41.038,Yaw
-0.386,0.000,0.328,-48.275,0.000,41.038,Yaw
0.005,0.000,0.328,0.588,0.000,41.038,Yaw
0.380,0.000,0.328,47.489,0.000,41.038,Yaw
0.755,0.000,0.328,94.389,0.000,41.038,Yaw
1.130,0.000,0.328,141.290,0.000,41.038,Yaw
1.520,0.000,0.328,190.145,0.000,41.038,Yaw
1.911,0.000,0.328,239.000,0.000,41.038,Yaw
-1.698,0.000,0.328,-212.420,0.000,41.038,Yaw
-1.308,0.000,0.328,-163.565,0.000,41.038,Yaw
-0.917,0.000,0.328,-114.710,0.000,41.038,Yaw
-0.527,0.000,0.328,-65.855,0.000,41.038,Yaw
-0.136,0.000,0.328,-17.000,0.000,41.038,Yaw
0.255,0.000,0.328,31.863,0.000,41.038,Yaw
0.630,0.000,0.328,78.763,0.000,41.038,Yaw
1.005,0.000,0.328,125.664,0.000,41.038,Yaw
1.395,0.000,0.328,174.519,0.000,41.038,Yaw
1.786,0.000,0.328,223.374,0.000,41.038,Yaw
-1.823,0.000,0.328,-228.046,0.000,41.038,Yaw
-1.433,0.000,0.328,-179.191,0.000,41.038,Yaw
-1.042,0.000,0.328,-130.336,0.000,41.038,Yaw
-0.651,0.000,0.328,-81.481,0.000,41.038,Yaw
-0.261,0.000,0.328,-32.626,0.000,41.038,Yaw
0.130,0.000,0.328,16.237,0.000,41.038,Yaw
0.505,0.000,0.328,63.137,0.000,41.038,Yaw
0.880,0.000,0.328,110.038,0.000,41.038,Yaw
1.270,0.000,0.328,158.893,0.000,41.038,Yaw
1.661,0.000,0.328,207.748,0.000,41.038,Yaw
-1.948,0.000,0.328,-243.672,0.000,41.038,Yaw
-1.558,0.000,0.328,-194.817,0.000,41.038,Yaw
-1.167,0.000,0.328,-145.962,0.000,41.038,Yaw
-0.776,0.000,0.328,-97.107,0.000,41.038,Yaw
-0.386,0.000,0.328,-48.252,0.000,41.038,Yaw
0.005,0.000,0.328,0.611,0.000,41.038,Yaw
0.380,0.000,0.328,47.511,0.000,41.038,Yaw
0.755,0.000,0.328,94.412,0.000,41.038,Yaw
1.130,0.000,0.328,141.313,0.000,41.038,Yaw
1.521,0.000,0.328,190.168,0.000,41.038,Yaw
1.911,0.000,0.328,239.023,0.000,41.038,Yaw
-1.698,0.000,0.328,-212.397,0.000,41.038,Yaw
-1.308,0.000,0.328,-163.542,0.000,41.038,Yaw
-0.917,0.000,0.328,-114.687,0.000,41.038,Yaw
-0.526,0.000,0.328,-65.832,0.000,41.038,Yaw
-0.136,0.000,0.328,-16.977,0.000,41.038,Yaw
0.255,0.000,0.328,31.885,0.000,41.038,Yaw
0.630,0.000,0.328,78.786,0.000,41.038,Yaw
1.005,0.000,0.328,125.687,0.000,41.038,Yaw
1.396,0.000,0.328,174.542,0.000,41.038,Yaw
1.786,0.000,0.328,223.397,0.000,41.038,Yaw
-1.823,0.000,0.328,-228.023,0.000,41.038,Yaw
-1.433,0.000,0.328,-179.168,0.000,41.038,Yaw
-1.042,0.000,0.328,-130.313,0.000,41.038,Yaw
-0.651,0.000,0.328,-81.458,0.000,41.038,Yaw
-0.261,0.000,0.328,-32.603,0.000,41.038,Yaw
0.130,0.000,0.328,16.260,0.000,41.038,Yaw
0.505,0.000,0.328,63.160,0.000,41.038,Yaw
0.880,0.000,0.328,110.061,0.000,41.038,Yaw
1.271,0.000,0.328,158.916,0.000,41.038,Yaw
1.661,0.000,0.328,207.771,0.000,41.038,Yaw
-1.948,0.000,0.328,-243.649,0.000,41.038,Yaw
-1.557,0.000,0.328,-194.794,0.000,41.038,Yaw
-1.167,0.000,0.328,-145.939,0.000,41.038,Yaw
-0.776,0.000,0.328,-97.084,0.000,41.038,Yaw
-0.386,0.000,0.328,-48.229,0.000,41.038,Yaw
0.005,0.000,0.328,0.634,0.000,41.038,Yaw
0.380,0.000,0.328,47.534,0.000,41.038,Yaw
0.755,0.000,0.328,94.435,0.000,41.038,Yaw
1.130,0.000,0.328,141.336,0.000,41.038,Yaw
1.521,0.000,0.328,190.191,0.000,41.038,Yaw
1.911,0.000,0.328,239.046,0.000,41.038,Yaw
-1.698,0.000,0.328,-212.374,0.000,41.038,Yaw
-1.307,0.000,0.328,-163.519,0.000,41.038,Yaw
-0.917,0.000,0.328,-114.664,0.000,41.038,Yaw
-0.526,0.000,0.328,-65.809,0.000,41.038,Yaw
-0.136,0.000,0.328,-16.954,0.000,41.038,Yaw
0.255,0.000,0.328,31.908,0.000,41.038,Yaw
0.630,0.000,0.328,78.809,0.000,41.038,Yaw
1.005,0.000,0.328,125.710,0.000,41.038,Yaw
1.396,0.000,0.328,174.565,0.000,41.038,Yaw
1.786,0.000,0.328,223.420,0.000,41.038,Yaw
-1.823,0.000,0.328,-228.000,0.000,41.038,Yaw
-1.432,0.000,0.328,-179.145,0.000,41.038,Yaw
-1.042,0.000,0.328,-130.290,0.000,41.038,Yaw
-0.651,0.000,0.328,-81.435,0.000,41.038,Yaw
-0.260,0.000,0.328,-32.580,0.000,41.038,Yaw
0.130,0.000,0.328,16.282,0.000,41.038,Yaw
0.505,0.000,0.328,63.183,0.000,41.038,Yaw
0.880,0.000,0.328,110.084,0.000,41.038,Yaw
1.271,0.000,0.328,158.939,0.000,41.038,Yaw
1.661,0.000,0.328,207.794,0.000,41.038,Yaw
-1.948,0.000,0.328,-243.626,0.000,41.038,Yaw
-1.557,0.000,0.328,-194.771,0.000,41.038,Yaw
-1.167,0.000,0.328,-145.916,0.000,41.038,Yaw
-0.776,0.000,0.328,-97.061,0.000,41.038,Yaw
-0.385,0.000,0.328,-48.206,0.000,41.038,Yaw
0.005,0.000,0.328,0.656,0.000,41.038,Yaw
0.380,0.000,0.328,47.557,0.000,41.038,Yaw
0.755,0.000,0.328,94.458,0.000,41.038,Yaw
1.130,0.000,0.328,141.359,0.000,41.038,Yaw
1.521,0.000,0.328,190.214,0.000,41.038,Yaw
1.911,0.000,0.328,239.069,0.000,41.038,Yaw
-1.698,0.000,0.328,-212.351,0.000,41.038,Yaw
-1.307,0.000,0.328,-163.496,0.000,41.038,Yaw
-0.917,0.000,0.328,-114.641,0.000,41.038,Yaw
-0.526,0.000,0.328,-65.786,0.000,41.038,Yaw
-0.135,0.000,0.328,-16.931,0.000,41.038,Yaw
0.255,0.000,0.328,31.931,0.000,41.038,Yaw
0.630,0.000,0.328,78.832,0.000,41.038,Yaw
1.005,0.000,0.328,125.733,0.000,41.038,Yaw
1.396,0.000,0.328,174.588,0.000,41.038,Yaw
1.787,0.000,0.328,223.443,0.000,41.038,Yaw
-1.823,0.000,0.328,-227.977,0.000,41.038,Yaw
-1.432,0.000,0.328,-179.122,0.000,41.038,Yaw
-1.042,0.000,0.328,-130.267,0.000,41.038,Yaw
-0.651,0.000,0.328,-81.412,0.000,41.038,Yaw
-0.260,0.000,0.328,-32.557,0.000,41.038,Yaw
0.130,0.000,0.328,16.305,0.000,41.038,Yaw
0.505,0.000,0.328,63.206,0.000,41.038,Yaw
0.880,0.000,0.328,110.107,0.000,41.038,Yaw
1.271,0.000,0.328,158.962,0.000,41.038,Yaw
1.662,0.000,0.328,207.817,0.000,41.038,Yaw
-1.948,0.000,0.328,-243.603,0.000,41.038,Yaw
-1.557,0.000,0.328,-194.748,0.000,41.038,Yaw
-1.167,0.000,0.328,-145.893,0.000,41.038,Yaw
-0.776,0.000,0.328,-97.038,0.000,41.038,Yaw
-0.385,0.000,0.328,-48.183,0.000,41.038,Yaw
0.005,0.000,0.328,0.679,0.000,41.038,Yaw
0.380,0.000,0.328,47.580,0.000,41.038,Yaw
0.755,0.000,0.328,94.481,0.000,41.038,Yaw
1.130,0.000,0.328,141.382,0.000,41.038,Yaw
1.521,0.000,0.328,190.237,0.000,41.038,Yaw
1.912,0.000,0.328,239.092,0.000,41.038,Yaw
-1.698,0.000,0.328,-212.328,0.000,41.038,Yaw
-1.307,0.000,0.328,-163.473,0.000,41.038,Yaw
-0.916,0.000,0.328,-114.618,0.000,41.038,Yaw
-0.526,0.000,0.328,-65.763,0.000,41.038,Yaw
-0.135,0.000,0.328,-16.908,0.000,41.038,Yaw
0.255,0.000,0.328,31.954,0.000,41.038,Yaw
0.630,0.000,0.328,78.855,0.000,41.038,Yaw
1.005,0.000,0.328,125.756,0.000,41.038,Yaw
1.396,0.000,0.328,174.611,0.000,41.038,Yaw
1.787,0.000,0.328,223.466,0.000,41.038,Yaw
-1.823,0.000,0.328,-227.954,0.000,41.038,Yaw
-1.432,0.000,0.328,-179.099,0.000,41.038,Yaw
-1.041,0.000,0.328,-130.244,0.000,41.038,Yaw
-0.651,0.000,0.328,-81.389,0.000,41.038,Yaw
-0.260,0.000,0.328,-32.534,0.000,41.038,Yaw
0.131,0.000,0.328,16.328,0.000,41.038,Yaw
0.506,0.000,0.328,63.229,0.000,41.038,Yaw
0.881,0.000,0.328,110.130,0.000,41.038,Yaw
1.271,0.000,0.328,158.985,0.000,41.038,Yaw
1.662,0.000,0.328,207.840,0.000,41.038,Yaw
-1.948,0.000,0.328,-243.580,0.000,41.038,Yaw
-1.557,0.000,0.328,-194.725,0.000,41.038,Yaw
-1.166,0.000,0.328,-145.870,0.000,41.038,Yaw
-0.776,0.000,0.328,-97.015,0.000,41.038,Yaw
-0.385,0.000,0.328,-48.160,0.000,41.038,Yaw
0.006,0.000,0.328,0.702,0.000,41.038,Yaw
0.381,0.000,0.328,47.603,0.000,41.038,Yaw
0.756,0.000,0.328,94.504,0.000,41.038,Yaw
1.131,0.000,0.328,141.405,0.000,41.038,Yaw
1.521,0.000,0.328,190.260,0.000,41.038,Yaw
1.912,0.000,0.328,239.115,0.000,41.038,Yaw
-1.698,0.000,0.328,-212.305,0.000,41.038,Yaw
-1.307,0.000,0.328,-163.450,0.000,41.038,Yaw
-0.916,0.000,0.328,-114.595,0.000,41.038,Yaw
-0.526,0.000,0.328,-65.740,0.000,41.038,Yaw
-0.135,0.000,0.328,-16.885,0.000,41.038,Yaw
0.256,0.000,0.328,31.977,0.000,41.038,Yaw
0.631,0.000,0.328,78.878,0.000,41.038,Yaw
1.006,0.000,0.328,125.779,0.000,41.038,Yaw
1.396,0.000,0.328,174.634,0.000,41.038,Yaw
1.787,0.000,0.328,223.489,0.000,41.038,Yaw
-1.822,0.000,0.328,-227.931,0.000,41.038,Yaw
-1.432,0.000,0.328,-179.076,0.000,41.038,Yaw
-1.041,0.000,0.328,-130.221,0.000,41.038,Yaw
-0.651,0.000,0.328,-81.366,0.000,41.038,Yaw
-0.260,0.000,0.328,-32.511,0.000,41.038,Yaw
0.131,0.000,0.328,16.351,0.000,41.038,Yaw
0.506,0.000,0.328,63.252,0.000,41.038,Yaw
0.881,0.000,0.328,110.153,0.000,41.038,Yaw
1.271,0.000,0.328,159.008,0.000,41.038,Yaw
1.662,0.000,0.328,207.863,0.000,41.038,Yaw
-1.947,0.000,0.328,-243.557,0.000,41.038,Yaw
-1.557,0.000,0.328,-194.702,0.000,41.038,Yaw
-1.166,0.000,0.328,-145.847,0.000,41.038,Yaw
-0.776,0.000,0.328,-96.992,0.000,41.038,Yaw
-0.385,0.000,0.328,-48.137,0.000,41.038,Yaw
0.006,0.000,0.328,0.725,0.000,41.038,Yaw
0.381,0.000,0.328,47.626,0.000,41.038,Yaw
0.756,0.000,0.328,94.527,0.000,41.038,Yaw
1.131,0.000,0.328,141.427,0.000,41.038,Yaw
1.521,0.000,0.328,190.282,0.000,41.038,Yaw
1.912,0.000,0.328,239.137,0.000,41.038,Yaw
-1.697,0.000,0.328,-212.282,0.000,41.038,Yaw
-1.307,0.000,0.328,-163.427,0.000,41.038,Yaw
-0.916,0.000,0.328,-114.573,0.000,41.038,Yaw
-0.525,0.000,0.328,-65.718,0.000,41.038,Yaw
-0.135,0.000,0.328,-16.863,0.000,41.038,Yaw
0.256,0.000,0.328,32.000,0.000,41.038,Yaw
0.631,0.000,0.328,78.901,0.000,41.038,Yaw
1.006,0.000,0.328,125.802,0.000,41.038,Yaw
1.396,0.000,0.328,174.656,0.000,41.038,Yaw
1.787,0.000,0.328,223.511,0.000,41.038,Yaw
-1.822,0.000,0.328,-227.908,0.000,41.038,Yaw
-1.432,0.000,0.328,-179.053,0.000,41.038,Yaw
-1.041,0.000,0.328,-130.198,0.000,41.038,Yaw
-0.650,0.000,0.328,-81.344,0.000,41.038,Yaw
-0.260,0.000,0.328,-32.489,0.000,41.038,Yaw
0.131,0.000,0.328,16.374,0.000,41.038,Yaw
0.506,0.000,0.328,63.275,0.000,41.038,Yaw
0.881,0.000,0.328,110.176,0.000,41.038,Yaw
1.272,0.000,0.328,159.031,0.000,41.038,Yaw
1.662,0.000,0.328,207.885,0.000,41.038,Yaw
-1.947,0.000,0.328,-243.534,0.000,41.038,Yaw
-1.557,0.000,0.328,-194.679,0.000,41.038,Yaw
-1.166,0.000,0.328,-145.824,0.000,41.038,Yaw
-0.775,0.000,0.328,-96.969,0.000,41.038,Yaw
-0.385,0.000,0.328,-48.115,0.000,41.038,Yaw
0.006,0.000,0.328,0.748,0.000,41.038,Yaw
0.381,0.000,0.328,47.649,0.000,41.038,Yaw
0.756,0.000,0.328,94.550,0.000,41.038,Yaw
1.131,0.000,0.328,141.450,0.000,41.038,Yaw
1.522,0.000,0.328,190.305,0.000,41.038,Yaw
1.912,0.000,0.328,239.160,0.000,41.038,Yaw
-1.697,0.000,0.328,-212.260,0.000,41.038,Yaw
-1.307,0.000,0.328,-163.405,0.000,41.038,Yaw
-0.916,0.000,0.328,-114.550,0.000,41.038,Yaw
-0.525,0.000,0.328,-65.695,0.000,41.038,Yaw
-0.135,0.000,0.328,-16.840,0.000,41.038,Yaw
0.256,0.000,0.328,32.023,0.000,41.038,Yaw
0.631,0.000,0.328,78.924,0.000,41.038,Yaw
1.006,0.000,0.328,125.824,0.000,41.038,Yaw
1.397,0.000,0.328,174.679,0.000,41.038,Yaw
1.787,0.000,0.328,223.534,0.000,41.038,Yaw
-1.822,0.000,0.328,-227.885,0.000,41.038,Yaw
-1.431,0.000,0.328,-179.031,0.000,41.038,Yaw
-1.041,0.000,0.328,-130.176,0.000,41.038,Yaw
-0.650,0.000,0.328,-81.321,0.000,41.038,Yaw
-0.260,0.000,0.328,-32.466,0.000,41.038,Yaw
0.131,0.000,0.328,16.397,0.000,41.038,Yaw
0.506,0.000,0.328,63.298,0.000,41.038,Yaw
0.881,0.000,0.328,110.198,0.000,41.038,Yaw
1.272,0.000,0.328,159.053,0.000,41.038,Yaw
1.662,0.000,0.328,207.908,0.000,41.038,Yaw
-1.947,0.000,0.328,-243.511,0.000,41.038,Yaw
-1.556,0.000,0.328,-194.656,0.000,41.038,Yaw
-1.166,0.000,0.328,-145.802,0.000,41.038,Yaw
-0.775,0.000,0.328,-96.947,0.000,41.038,Yaw
-0.385,0.000,0.328,-48.092,0.000,41.038,Yaw
0.006,0.000,0.328,0.771,0.000,41.038,Yaw
0.381,0.000,0.328,47.672,0.000,41.038,Yaw
0.756,0.000,0.328,94.573,0.000,41.038,Yaw
1.131,0.000,0.328,141.473,0.000,41.038,Yaw
1.522,0.000,0.328,190.328,0.000,41.038,Yaw
1.912,0.000,0.328,239.183,0.000,41.038,Yaw
-1.697,0.000,0.328,-212.237,0.000,41.038,Yaw
-1.306,0.000,0.328,-163.382,0.000,41.038,Yaw
-0.916,0.000,0.328,-114.527,0.000,41.038,Yaw
-0.525,0.000,0.328,-65.672,0.000,41.038,Yaw
-0.134,0.000,0.328,-16.817,0.000,41.038,Yaw
0.256,0.000,0.328,32.046,0.000,41.038,Yaw
0.631,0.000,0.328,78.947,0.000,41.038,Yaw
1.006,0.000,0.328,125.847,0.000,41.038,Yaw
1.397,0.000,0.328,174.702,0.000,41.038,Yaw
1.787,0.000,0.328,223.557,0.000,41.038,Yaw
-1.822,0.000,0.328,-227.863,0.000,41.038,Yaw
-1.431,0.000,0.328,-179.008,0.000,41.038,Yaw
-1.041,0.000,0.328,-130.153,0.000,41.038,Yaw
-0.650,0.000,0.328,-81.298,0.000,41.038,Yaw
-0.259,0.000,0.328,-32.443,0.000,41.038,Yaw
0.131,0.000,0.328,16.420,0.000,41.038,Yaw
0.506,0.000,0.328,63.321,0.000,41.038,Yaw
0.881,0.000,0.328,110.221,0.000,41.038,Yaw
1.272,0.000,0.328,159.076,0.000,41.038,Yaw
1.663,0.000,0.328,207.931,0.000,41.038,Yaw
-1.947,0.000,0.328,-243.489,0.000,41.038,Yaw
-1.556,0.000,0.328,-194.634,0.000,41.038,Yaw
-1.166,0.000,0.328,-145.779,0.000,41.038,Yaw
-0.775,0.000,0.328,-96.924,0.000,41.038,Yaw
-0.384,0.000,0.328,-48.069,0.000,41.038,Yaw
0.006,0.000,0.328,0.794,0.000,41.038,Yaw
0.381,0.000,0.328,47.695,0.000,41.038,Yaw
0.756,0.000,0.328,94.595,0.000,41.038,Yaw
1.131,0.000,0.328,141.496,0.000,41.038,Yaw
1.522,0.000,0.328,190.351,0.000,41.038,Yaw
1.913,0.000,0.328,239.206,0.000,41.038,Yaw
-1.697,0.000,0.328,-212.214,0.000,41.038,Yaw
-1.306,0.000,0.328,-163.359,0.000,41.038,Yaw
-0.916,0.000,0.328,-114.504,0.000,41.038,Yaw
-0.525,0.000,0.328,-65.649,0.000,41.038,Yaw
-0.134,0.000,0.328,-16.794,0.000,41.038,Yaw
0.256,0.000,0.328,32.069,0.000,41.038,Yaw
0.631,0.000,0.328,78.969,0.000,41.038,Yaw
1.006,0.000,0.328,125.870,0.000,41.038,Yaw
1.397,0.000,0.328,174.725,0.000,41.038,Yaw
1.788,0.000,0.328,223.580,0.000,41.038,Yaw
-1.822,0.000,0.328,-227.840,0.000,41.038,Yaw
-1.431,0.000,0.328,-178.985,0.000,41.038,Yaw
-1.040,0.000,0.328,-130.130,0.000,41.038,Yaw
-0.650,0.000,0.328,-81.275,0.000,41.038,Yaw
-0.259,0.000,0.328,-32.420,0.000,41.038,Yaw
0.131,0.000,0.328,16.443,0.000,41.038,Yaw
0.506,0.000,0.328,63.344,0.000,41.038,Yaw
0.881,0.000,0.328,110.244,0.000,41.038,Yaw
1.272,0.000,0.328,159.099,0.000,41.038,Yaw
1.663,0.000,0.328,207.954,0.000,41.038,Yaw
-1.947,0.000,0.328,-243.466,0.000,41.038,Yaw
-1.556,0.000,0.328,-194.611,0.000,41.038,Yaw
-1.165,0.000,0.328,-145.756,0.000,41.038,Yaw
-0.775,0.000,0.328,-96.901,0.000,41.038,Yaw
-0.384,0.000,0.328,-48.046,0.000,41.038,Yaw
0.007,0.000,0.328,0.817,0.000,41.038,Yaw
0.382,0.000,0.328,47.718,0.000,41.038,Yaw
0.757,0.000,0.328,94.618,0.000,41.038,Yaw
1.132,0.000,0.328,141.519,0.000,41.038,Yaw
1.522,0.000,0.328,190.374,0.000,41.038,Yaw
1.913,0.000,0.328,239.229,0.000,41.038,Yaw
-1.697,0.000,0.328,-212.191,0.000,41.038,Yaw
-1.306,0.000,0.328,-163.336,0.000,41.038,Yaw
-0.915,0.000,0.328,-114.481,0.000,41.038,Yaw
-0.525,0.000,0.328,-65.626,0.000,41.038,Yaw
-0.134,0.000,0.328,-16.771,0.000,41.038,Yaw
0.257,0.000,0.328,32.092,0.000,41.038,Yaw
0.632,0.000,0.328,78.992,0.000,41.038,Yaw
1.007,0.000,0.328,125.893,0.000,41.038,Yaw
1.397,0.000,0.328,174.748,0.000,41.038,Yaw
1.788,0.000,0.328,223.603,0.000,41.038,Yaw
-1.822,0.000,0.328,-227.817,0.000,41.038,Yaw
-1.431,0.000,0.328,-178.962,0.000,41.038,Yaw
-1.040,0.000,0.328,-130.107,0.000,41.038,Yaw
-0.650,0.000,0.328,-81.252,0.000,41.038,Yaw
-0.259,0.000,0.328,-32.397,0.000,41.038,Yaw
0.132,0.000,0.328,16.466,0.000,41.038,Yaw
0.507,0.000,0.328,63.366,0.000,41.038,Yaw
0.882,0.000,0.328,110.267,0.000,41.038,Yaw
1.272,0.000,0.328,159.122,0.000,41.038,Yaw
1.663,0.000,0.328,207.977,0.000,41.038,Yaw
-1.946,0.000,0.328,-243.443,0.000,41.038,Yaw
-1.556,0.000,0.328,-194.588,0.000,41.038,Yaw
-1.165,0.000,0.328,-145.733,0.000,41.038,Yaw
-0.775,0.000,0.328,-96.878,0.000,41.038,Yaw
-0.384,0.000,0.328,-48.023,0.000,41.038,Yaw
0.007,0.000,0.328,0.840,0.000,41.038,Yaw
0.382,0.000,0.328,47.740,0.000,41.038,Yaw
0.757,0.000,0.328,94.641,0.000,41.038,Yaw
1.132,0.000,0.328,141.542,0.000,41.038,Yaw
1.522,0.000,0.328,190.397,0.000,41.038,Yaw
1.913,0.000,0.328,239.252,0.000,41.038,Yaw
-1.696,0.000,0.328,-212.168,0.000,41.038,Yaw
-1.306,0.000,0.328,-163.313,0.000,41.038,Yaw
-0.915,0.000,0.328,-114.458,0.000,41.038,Yaw
-0.525,0.000,0.328,-65.603,0.000,41.038,Yaw
-0.134,0.000,0.328,-16.748,0.000,41.038,Yaw
0.257,0.000,0.328,32.115,0.000,41.038,Yaw
0.632,0.000,0.328,79.015,0.000,41.038,Yaw
1.007,0.000,0.328,125.916,0.000,41.038,Yaw
1.397,0.000,0.328,174.771,0.000,41.038,Yaw
1.788,0.000,0.328,223.626,0.000,41.038,Yaw
-1.821,0.000,0.328,-227.794,0.000,41.038,Yaw
-1.431,0.000,0.328,-178.939,0.000,41.038,Yaw
-1.040,0.000,0.328,-130.084,0.000,41.038,Yaw
-0.649,0.000,0.328,-81.229,0.000,41.038,Yaw
-0.259,0.000,0.328,-32.374,0.000,41.038,Yaw
0.132,0.000,0.328,16.489,0.000,41.038,Yaw
0.507,0.000,0.328,63.389,0.000,41.038,Yaw
0.882,0.000,0.328,110.290,0.000,41.038,Yaw
1.272,0.000,0.328,159.145,0.000,41.038,Yaw
1.663,0.000,0.328,208.000,0.000,41.038,Yaw
-1.946,0.000,0.328,-243.420,0.000,41.038,Yaw
-1.556,0.000,0.328,-194.565,0.000,41.038,Yaw
-1.165,0.000,0.328,-145.710,0.000,41.038,Yaw
-0.774,0.000,0.328,-96.855,0.000,41.038,Yaw
-0.384,0.000,0.328,-48.000,0.000,41.038,Yaw
0.007,0.000,0.328,0.863,0.000,41.038,Yaw
0.382,0.000,0.328,47.763,0.000,41.038,Yaw
0.757,0.000,0.328,94.664,0.000,41.038,Yaw
1.132,0.000,0.328,141.565,0.000,41.038,Yaw
1.523,0.000,0.328,190.420,0.000,41.038,Yaw
1.913,0.000,0.328,239.275,0.000,41.038,Yaw
-1.696,0.000,0.328,-212.145,0.000,41.038,Yaw
-1.306,0.000,0.328,-163.290,0.000,41.038,Yaw
-0.915,0.000,0.328,-114.435,0.000,41.038,Yaw
-0.524,0.000,0.328,-65.580,0.000,41.038,Yaw
-0.134,0.000,0.328,-16.725,0.000,41.038,Yaw
0.257,0.000,0.328,32.137,0.000,41.038,Yaw
0.632,0.000,0.328,79.038,0.000,41.038,Yaw
1.007,0.000,0.328,125.939,0.000,41.038,Yaw
1.398,0.000,0.328,174.794,0.000,41.038,Yaw
1.788,0.000,0.328,223.649,0.000,41.038,Yaw
-1.821,0.000,0.328,-227.771,0.000,41.038,Yaw
-1.431,0.000,0.328,-178.916,0.000,41.038,Yaw
-1.040,0.000,0.328,-130.061,0.000,41.038,Yaw
-0.649,0.000,0.328,-81.206,0.000,41.038,Yaw
-0.259,0.000,0.328,-32.351,0.000,41.038,Yaw
0.132,0.000,0.328,16.511,0.000,41.038,Yaw
0.507,0.000,0.328,63.412,0.000,41.038,Yaw
0.882,0.000,0.328,110.313,0.000,41.038,Yaw
1.273,0.000,0.328,159.168,0.000,41.038,Yaw
1.663,0.000,0.328,208.023,0.000,41.038,Yaw
-1.946,0.000,0.328,-243.397,0.000,41.038,Yaw
-1.555,0.000,0.328,-194.542,0.000,41.038,Yaw
-1.165,0.000,0.328,-145.687,0.000,41.038,Yaw
-0.774,0.000,0.328,-96.832,0.000,41.038,Yaw
-0.384,0.000,0.328,-47.977,0.000,41.038,Yaw
0.007,0.000,0.328,0.885,0.000,41.038,Yaw
-1.300,0.000,0.328,-162.603,0.000,41.038,Shake
-0.909,0.000,0.328,-113.748,0.000,41.038,Shake
-0.519,0.000,0.328,-64.893,0.000,41.038,Shake
-0.128,0.000,0.328,-16.038,0.000,41.038,Shake
0.262,0.000,0.328,32.824,0.000,41.038,Shake
0.637,0.000,0.328,79.725,0.000,41.038,Shake
1.012,0.000,0.328,126.626,0.000,41.038,Shake
1.403,0.000,0.328,175.481,0.000,41.038,Shake
1.794,0.000,0.328,224.336,0.000,41.038,Shake
-1.816,0.000,0.328,-227.084,0.000,41.038,Shake
-1.425,0.000,0.328,-178.229,0.000,41.038,Shake
-1.034,0.000,0.328,-129.374,0.000,41.038,Shake
-0.644,0.000,0.328,-80.519,0.000,41.038,Shake
-0.253,0.000,0.328,-31.664,0.000,41.038,Shake
0.138,0.000,0.328,17.198,0.000,41.038,Shake
0.513,0.000,0.328,64.099,0.000,41.038,Shake
0.888,0.000,0.328,111.000,0.000,41.038,Shake
1.278,0.000,0.328,159.855,0.000,41.038,Shake
1.669,0.000,0.328,208.710,0.000,41.038,Shake
-1.941,0.000,0.328,-242.710,0.000,41.038,Shake
-1.550,0.000,0.328,-193.855,0.000,41.038,Shake
-1.159,0.000,0.328,-145.000,0.000,41.038,Shake
-0.769,0.000,0.328,-96.145,0.000,41.038,Shake
-0.378,0.000,0.328,-47.290,0.000,41.038,Shake
0.013,0.000,0.328,1.573,0.000,41.038,Shake
0.388,0.000,0.328,48.473,0.000,41.038,Shake
0.763,0.000,0.328,95.374,0.000,41.038,Shake
1.138,0.000,0.328,142.275,0.000,41.038,Shake
1.528,0.000,0.328,191.130,0.000,41.038,Shake
1.919,0.000,0.328,239.985,0.000,41.038,Shake
-1.691,0.000,0.328,-211.435,0.000,41.038,Shake
-1.300,0.000,0.328,-162.580,0.000,41.038,Shake
-0.909,0.000,0.328,-113.725,0.000,41.038,Shake
-0.519,0.000,0.328,-64.870,0.000,41.038,Shake
-0.128,0.000,0.328,-16.015,0.000,41.038,Shake
0.263,0.000,0.328,32.847,0.000,41.038,Shake
0.638,0.000,0.328,79.748,0.000,41.038,Shake
1.013,0.000,0.328,126.649,0.000,41.038,Shake
1.403,0.000,0.328,175.504,0.000,41.038,Shake
1.794,0.000,0.328,224.359,0.000,41.038,Shake
-1.815,0.000,0.328,-227.061,0.000,41.038,Shake
-1.425,0.000,0.328,-178.206,0.000,41.038,Shake
-1.034,0.000,0.328,-129.351,0.000,41.038,Shake
-0.644,0.000,0.328,-80.496,0.000,41.038,Shake
-0.253,0.000,0.328,-31.641,0.000,41.038,Shake
0.138,0.000,0.328,17.221,0.000,41.038,Shake
0.513,0.000,0.328,64.122,0.000,41.038,Shake
0.888,0.000,0.328,111.023,0.000,41.038,Shake
1.278,0.000,0.328,159.878,0.000,41.038,Shake
1.669,0.000,0.328,208.733,0.000,41.038,Shake
-1.940,0.000,0.328,-242.687,0.000,41.038,Shake
-1.550,0.000,0.328,-193.832,0.000,41.038,Shake
-1.159,0.000,0.328,-144.977,0.000,41.038,Shake
-0.769,0.000,0.328,-96.122,0.000,41.038,Shake
-0.378,0.000,0.328,-47.267,0.000,41.038,Shake
0.013,0.000,0.328,1.595,0.000,41.038,Shake
0.388,0.000,0.328,48.496,0.000,41.038,Shake
0.763,0.000,0.328,95.397,0.000,41.038,Shake
1.138,0.000,0.328,142.298,0.000,41.038,Shake
1.528,0.000,0.328,191.153,0.000,41.038,Shake
1.919,0.000,0.328,240.008,0.000,41.038,Shake
-1.690,0.000,0.328,-211.412,0.000,41.038,Shake
-1.300,0.000,0.328,-162.557,0.000,41.038,Shake
-0.909,0.000,0.328,-113.702,0.000,41.038,Shake
-0.518,0.000,0.328,-64.847,0.000,41.038,Shake
-0.128,0.000,0.328,-15.992,0.000,41.038,Shake
0.263,0.000,0.328,32.870,0.000,41.038,Shake
0.638,0.000,0.328,79.771,0.000,41.038,Shake
1.013,0.000,0.328,126.672,0.000,41.038,Shake
1.403,0.000,0.328,175.527,0.000,41.038,Shake
1.794,0.000,0.328,224.382,0.000,41.038,Shake
-1.815,0.000,0.328,-227.038,0.000,41.038,Shake
-1.425,0.000,0.328,-178.183,0.000,41.038,Shake
-1.034,0.000,0.328,-129.328,0.000,41.038,Shake
-0.643,0.000,0.328,-80.473,0.000,41.038,Shake
-0.253,0.000,0.328,-31.618,0.000,41.038,Shake
0.138,0.000,0.328,17.244,0.000,41.038,Shake
0.513,0.000,0.328,64.145,0.000,41.038,Shake
0.888,0.000,0.328,111.046,0.000,41.038,Shake
1.279,0.000,0.328,159.901,0.000,41.038,Shake
1.669,0.000,0.328,208.756,0.000,41.038,Shake
-1.940,0.000,0.328,-242.664,0.000,41.038,Shake
-1.550,0.000,0.328,-193.809,0.000,41.038,Shake
-1.159,0.000,0.328,-144.954,0.000,41.038,Shake
-0.768,0.000,0.328,-96.099,0.000,41.038,Shake
-0.378,0.000,0.328,-47.244,0.000,41.038,Shake
0.013,0.000,0.328,1.618,0.000,41.038,Shake
0.388,0.000,0.328,48.519,0.000,41.038,Shake
0.763,0.000,0.328,95.420,0.000,41.038,Shake
1.138,0.000,0.328,142.321,0.000,41.038,Shake
1.529,0.000,0.328,191.176,0.000,41.038,Shake
1.919,0.000,0.328,240.031,0.000,41.038,Shake
-1.690,0.000,0.328,-211.389,0.000,41.038,Shake
-1.300,0.000,0.328,-162.534,0.000,41.038,Shake
-0.909,0.000,0.328,-113.679,0.000,41.038,Shake
-0.518,0.000,0.328,-64.824,0.000,41.038,Shake
-0.128,0.000,0.328,-15.969,0.000,41.038,Shake
0.263,0.000,0.328,32.893,0.000,41.038,Shake
0.638,0.000,0.328,79.794,0.000,41.038,Shake
1.013,0.000,0.328,126.695,0.000,41.038,Shake
1.404,0.000,0.328,175.550,0.000,41.038,Shake
1.794,0.000,0.328,224.405,0.000,41.038,Shake
-1.815,0.000,0.328,-227.015,0.000,41.038,Shake
-1.424,0.000,0.328,-178.160,0.000,41.038,Shake
-1.034,0.000,0.328,-129.305,0.000,41.038,Shake
-0.643,0.000,0.328,-80.450,0.000,41.038,Shake
-0.253,0.000,0.328,-31.595,0.000,41.038,Shake
0.138,0.000,0.328,17.267,0.000,41.038,Shake
0.513,0.000,0.328,64.168,0.000,41.038,Shake
0.888,0.000,0.328,111.069,0.000,41.038,Shake
1.279,0.000,0.328,159.924,0.000,41.038,Shake
1.669,0.000,0.328,208.779,0.000,41.038,Shake
-1.940,0.000,0.328,-242.641,0.000,41.038,Shake
-1.549,0.000,0.328,-193.786,0.000,41.038,Shake
-1.159,0.000,0.328,-144.931,0.000,41.038,Shake
-0.768,0.000,0.328,-96.076,0.000,41.038,Shake
-0.378,0.000,0.328,-47.221,0.000,41.038,Shake
0.013,0.000,0.328,1.641,0.000,41.038,Shake
0.388,0.000,0.328,48.542,0.000,41.038,Shake
0.763,0.000,0.328,95.443,0.000,41.038,Shake
1.138,0.000,0.328,142.344,0.000,41.038,Shake
1.529,0.000,0.328,191.198,0.000,41.038,Shake
1.919,0.000,0.328,240.053,0.000,41.038,Shake
-1.690,0.000,0.328,-211.366,0.000,41.038,Shake
-1.299,0.000,0.328,-162.511,0.000,41.038,Shake
-0.909,0.000,0.328,-113.656,0.000,41.038,Shake
-0.518,0.000,0.328,-64.802,0.000,41.038,Shake
-0.128,0.000,0.328,-15.947,0.000,41.038,Shake
0.263,0.000,0.328,32.916,0.000,41.038,Shake
0.638,0.000,0.328,79.817,0.000,41.038,Shake
1.013,0.000,0.328,126.718,0.000,41.038,Shake
1.404,0.000,0.328,175.573,0.000,41.038,Shake
1.794,0.000,0.328,224.427,0.000,41.038,Shake
-1.815,0.000,0.328,-226.992,0.000,41.038,Shake
-1.424,0.000,0.328,-178.137,0.000,41.038,Shake
-1.034,0.000,0.328,-129.282,0.000,41.038,Shake
-0.643,0.000,0.328,-80.427,0.000,41.038,Shake
-0.252,0.000,0.328,-31.573,0.000,41.038,Shake
0.138,0.000,0.328,17.290,0.000,41.038,Shake
0.513,0.000,0.328,64.191,0.000,41.038,Shake
0.888,0.000,0.328,111.092,0.000,41.038,Shake
1.279,0.000,0.328,159.947,0.000,41.038,Shake
1.669,0.000,0.328,208.802,0.000,41.038,Shake
-1.940,0.000,0.328,-242.618,0.000,41.038,Shake
-1.549,0.000,0.328,-193.763,0.000,41.038,Shake
-1.159,0.000,0.328,-144.908,0.000,41.038,Shake
-0.768,0.000,0.328,-96.053,0.000,41.038,Shake
-0.377,0.000,0.328,-47.198,0.000,41.038,Shake
0.013,0.000,0.328,1.664,0.000,41.038,Shake
0.388,0.000,0.328,48.565,0.000,41.038,Shake
0.763,0.000,0.328,95.466,0.000,41.038,Shake
1.138,0.000,0.328,142.366,0.000,41.038,Shake
1.529,0.000,0.328,191.221,0.000,41.038,Shake
1.920,0.000,0.328,240.076,0.000,41.038,Shake
-1.690,0.000,0.328,-211.344,0.000,41.038,Shake
-1.299,0.000,0.328,-162.489,0.000,41.038,Shake
-0.909,0.000,0.328,-113.634,0.000,41.038,Shake
-0.518,0.000,0.328,-64.779,0.000,41.038,Shake
-0.127,0.000,0.328,-15.924,0.000,41.038,Shake
0.263,0.000,0.328,32.939,0.000,41.038,Shake
0.638,0.000,0.328,79.840,0.000,41.038,Shake
1.013,0.000,0.328,126.740,0.000,41.038,Shake
1.404,0.000,0.328,175.595,0.000,41.038,Shake
1.795,0.000,0.328,224.450,0.000,41.038,Shake
-1.815,0.000,0.328,-226.969,0.000,41.038,Shake
-1.424,0.000,0.328,-178.115,0.000,41.038,Shake
-1.034,0.000,0.328,-129.260,0.000,41.038,Shake
-0.643,0.000,0.328,-80.405,0.000,41.038,Shake
-0.252,0.000,0.328,-31.550,0.000,41.038,Shake
0.138,0.000,0.328,17.313,0.000,41.038,Shake
0.513,0.000,0.328,64.214,0.000,41.038,Shake
0.888,0.000,0.328,111.115,0.000,41.038,Shake
1.279,0.000,0.328,159.969,0.000,41.038,Shake
1.670,0.000,0.328,208.824,0.000,41.038,Shake
-1.940,0.000,0.328,-242.595,0.000,41.038,Shake
-1.549,0.000,0.328,-193.740,0.000,41.038,Shake
-1.158,0.000,0.328,-144.885,0.000,41.038,Shake
-0.768,0.000,0.328,-96.031,0.000,41.038,Shake
-0.377,0.000,0.328,-47.176,0.000,41.038,Shake
0.013,0.000,0.328,1.687,0.000,41.038,Shake
0.388,0.000,0.328,48.588,0.000,41.038,Shake
0.763,0.000,0.328,95.489,0.000,41.038,Shake
1.138,0.000,0.328,142.389,0.000,41.038,Shake
1.529,0.000,0.328,191.244,0.000,41.038,Shake
1.920,0.000,0.328,240.099,0.000,41.038,Shake
-1.690,0.000,0.328,-211.321,0.000,41.038,Shake
-1.299,0.000,0.328,-162.466,0.000,41.038,Shake
-0.908,0.000,0.328,-113.611,0.000,41.038,Shake
-0.518,0.000,0.328,-64.756,0.000,41.038,Shake
-0.127,0.000,0.328,-15.901,0.000,41.038,Shake
0.264,0.000,0.328,32.962,0.000,41.038,Shake
0.639,0.000,0.328,79.863,0.000,41.038,Shake
1.014,0.000,0.328,126.763,0.000,41.038,Shake
1.404,0.000,0.328,175.618,0.000,41.038,Shake
1.795,0.000,0.328,224.473,0.000,41.038,Shake
-1.815,0.000,0.328,-226.947,0.000,41.038,Shake
-1.424,0.000,0.328,-178.092,0.000,41.038,Shake
-1.033,0.000,0.328,-129.237,0.000,41.038,Shake
-0.643,0.000,0.328,-80.382,0.000,41.038,Shake
-0.252,0.000,0.328,-31.527,0.000,41.038,Shake
0.139,0.000,0.328,17.336,0.000,41.038,Shake
0.514,0.000,0.328,64.237,0.000,41.038,Shake
0.889,0.000,0.328,111.137,0.000,41.038,Shake
1.279,0.000,0.328,159.992,0.000,41.038,Shake
1.670,0.000,0.328,208.847,0.000,41.038,Shake
-1.940,0.000,0.328,-242.573,0.000,41.038,Shake
-1.549,0.000,0.328,-193.718,0.000,41.038,Shake
-1.158,0.000,0.328,-144.863,0.000,41.038,Shake
-0.768,0.000,0.328,-96.008,0.000,41.038,Shake
-0.377,0.000,0.328,-47.153,0.000,41.038,Shake
0.014,0.000,0.328,1.710,0.000,41.038,Shake
0.389,0.000,0.328,48.611,0.000,41.038,Shake
0.764,0.000,0.328,95.511,0.000,41.038,Shake
1.139,0.000,0.328,142.412,0.000,41.038,Shake
1.529,0.000,0.328,191.267,0.000,41.038,Shake
1.920,0.000,0.328,240.122,0.000,41.038,Shake
-1.689,0.000,0.328,-211.298,0.000,41.038,Shake
-1.299,0.000,0.328,-162.443,0.000,41.038,Shake
-0.908,0.000,0.328,-113.588,0.000,41.038,Shake
-0.518,0.000,0.328,-64.733,0.000,41.038,Shake
-0.127,0.000,0.328,-15.878,0.000,41.038,Shake
0.264,0.000,0.328,32.985,0.000,41.038,Shake
0.639,0.000,0.328,79.885,0.000,41.038,Shake
1.014,0.000,0.328,126.786,0.000,41.038,Shake
1.404,0.000,0.328,175.641,0.000,41.038,Shake
1.795,0.000,0.328,224.496,0.000,41.038,Shake
-1.814,0.000,0.328,-226.924,0.000,41.038,Shake
-1.424,0.000,0.328,-178.069,0.000,41.038,Shake
-1.033,0.000,0.328,-129.214,0.000,41.038,Shake
-0.643,0.000,0.328,-80.359,0.000,41.038,Shake
-0.252,0.000,0.328,-31.504,0.000,41.038,Shake
0.139,0.000,0.328,17.359,0.000,41.038,Shake
0.514,0.000,0.328,64.260,0.000,41.038,Shake
0.889,0.000,0.328,111.160,0.000,41.038,Shake
1.279,0.000,0.328,160.015,0.000,41.038,Shake
1.670,0.000,0.328,208.870,0.000,41.038,Shake
-1.939,0.000,0.328,-242.550,0.000,41.038,Shake
-1.549,0.000,0.328,-193.695,0.000,41.038,Shake
-1.158,0.000,0.328,-144.840,0.000,41.038,Shake
-0.767,0.000,0.328,-95.985,0.000,41.038,Shake
-0.377,0.000,0.328,-47.130,0.000,41.038,Shake
0.014,0.000,0.328,1.733,0.000,41.038,Shake
0.389,0.000,0.328,48.634,0.000,41.038,Shake
0.764,0.000,0.328,95.534,0.000,41.038,Shake
1.139,0.000,0.328,142.435,0.000,41.038,Shake
1.529,0.000,0.328,191.290,0.000,41.038,Shake
1.920,0.000,0.328,240.145,0.000,41.038,Shake
-1.689,0.000,0.328,-211.275,0.000,41.038,Shake
-1.299,0.000,0.328,-162.420,0.000,41.038,Shake
-0.908,0.000,0.328,-113.565,0.000,41.038,Shake
-0.517,0.000,0.328,-64.710,0.000,41.038,Shake
-0.127,0.000,0.328,-15.855,0.000,41.038,Shake
0.264,0.000,0.328,33.008,0.000,41.038,Shake
0.639,0.000,0.328,79.908,0.000,41.038,Shake
1.014,0.000,0.328,126.809,0.000,41.038,Shake
1.405,0.000,0.328,175.664,0.000,41.038,Shake
1.795,0.000,0.328,224.519,0.000,41.038,Shake
-1.814,0.000,0.328,-226.901,0.000,41.038,Shake
-1.424,0.000,0.328,-178.046,0.000,41.038,Shake
-1.033,0.000,0.328,-129.191,0.000,41.038,Shake
-0.642,0.000,0.328,-80.336,0.000,41.038,Shake
-0.252,0.000,0.328,-31.481,0.000,41.038,Shake
0.139,0.000,0.328,17.382,0.000,41.038,Shake
0.514,0.000,0.328,64.282,0.000,41.038,Shake
0.889,0.000,0.328,111.183,0.000,41.038,Shake
1.280,0.000,0.328,160.038,0.000,41.038,Shake
1.670,0.000,0.328,208.893,0.000,41.038,Shake
-1.939,0.000,0.328,-242.527,0.000,41.038,Shake
-1.549,0.000,0.328,-193.672,0.000,41.038,Shake
-1.158,0.000,0.328,-144.817,0.000,41.038,Shake
-0.767,0.000,0.328,-95.962,0.000,41.038,Shake
-0.377,0.000,0.328,-47.107,0.000,41.038,Shake
0.014,0.000,0.328,1.756,0.000,41.038,Shake
0.389,0.000,0.328,48.656,0.000,41.038,Shake
0.764,0.000,0.328,95.557,0.000,41.038,Shake
1.139,0.000,0.328,142.458,0.000,41.038,Shake
1.530,0.000,0.328,191.313,0.000,41.038,Shake
1.920,0.000,0.328,240.168,0.000,41.038,Shake
-1.689,0.000,0.328,-211.252,0.000,41.038,Shake
-1.298,0.000,0.328,-162.397,0.000,41.038,Shake
-0.908,0.000,0.328,-113.542,0.000,41.038,Shake
-0.517,0.000,0.328,-64.687,0.000,41.038,Shake
-0.127,0.000,0.328,-15.832,0.000,41.038,Shake
0.264,0.000,0.328,33.031,0.000,41.038,Shake
0.639,0.000,0.328,79.931,0.000,41.038,Shake
1.014,0.000,0.328,126.832,0.000,41.038,Shake
1.405,0.000,0.328,175.687,0.000,41.038,Shake
1.795,0.000,0.328,224.542,0.000,41.038,Shake
-1.814,0.000,0.328,-226.878,0.000,41.038,Shake
-1.423,0.000,0.328,-178.023,0.000,41.038,Shake
-1.033,0.000,0.328,-129.168,0.000,41.038,Shake
-0.642,0.000,0.328,-80.313,0.000,41.038,Shake
-0.252,0.000,0.328,-31.458,0.000,41.038,Shake
0.139,0.000,0.328,17.405,0.000,41.038,Shake
0.514,0.000,0.328,64.305,0.000,41.038,Shake
0.889,0.000,0.328,111.206,0.000,41.038,Shake
1.280,0.000,0.328,160.061,0.000,41.038,Shake
1.670,0.000,0.328,208.916,0.000,41.038,Shake
-1.939,0.000,0.328,-242.504,0.000,41.038,Shake
-1.548,0.000,0.328,-193.649,0.000,41.038,Shake
-1.158,0.000,0.328,-144.794,0.000,41.038,Shake
-0.767,0.000,0.328,-95.939,0.000,41.038,Shake
-0.376,0.000,0.328,-47.084,0.000,41.038,Shake
0.014,0.000,0.328,1.779,0.000,41.038,Shake
0.389,0.000,0.328,48.679,0.000,41.038,Shake
0.764,0.000,0.328,95.580,0.000,41.038,Shake
1.139,0.000,0.328,142.481,0.000,41.038,Shake
1.530,0.000,0.328,191.336,0.000,41.038,Shake
1.920,0.000,0.328,240.191,0.000,41.038,Shake
-1.689,0.000,0.328,-211.229,0.000,41.038,Shake
-1.298,0.000,0.328,-162.374,0.000,41.038,Shake
-0.908,0.000,0.328,-113.519,0.000,41.038,Shake
-0.517,0.000,0.328,-64.664,0.000,41.038,Shake
-0.126,0.000,0.328,-15.809,0.000,41.038,Shake
0.264,0.000,0.328,33.053,0.000,41.038,Shake
0.639,0.000,0.328,79.954,0.000,41.038,Shake
1.014,0.000,0.328,126.855,0.000,41.038,Shake
1.405,0.000,0.328,175.710,0.000,41.038,Shake
1.796,0.000,0.328,224.565,0.000,41.038,Shake
-1.814,0.000,0.328,-226.855,0.000,41.038,Shake
-1.423,0.000,0.328,-178.000,0.000,41.038,Shake
-1.033,0.000,0.328,-129.145,0.000,41.038,Shake
-0.642,0.000,0.328,-80.290,0.000,41.038,Shake
-0.251,0.000,0.328,-31.435,0.000,41.038,Shake
0.139,0.000,0.328,17.427,0.000,41.038,Shake
0.514,0.000,0.328,64.328,0.000,41.038,Shake
0.889,0.000,0.328,111.229,0.000,41.038,Shake
1.280,0.000,0.328,160.084,0.000,41.038,Shake
1.671,0.000,0.328,208.939,0.000,41.038,Shake
-1.939,0.000,0.328,-242.481,0.000,41.038,Shake
-1.548,0.000,0.328,-193.626,0.000,41.038,Shake
-1.158,0.000,0.328,-144.771,0.000,41.038,Shake
-0.767,0.000,0.328,-95.916,0.000,41.038,Shake
-0.376,0.000,0.328,-47.061,0.000,41.038,Shake
0.014,0.000,0.328,1.802,0.000,41.038,Shake
0.389,0.000,0.328,48.702,0.000,41.038,Shake
0.764,0.000,0.328,95.603,0.000,41.038,Shake
1.139,0.000,0.328,142.504,0.000,41.038,Shake
1.530,0.000,0.328,191.359,0.000,41.038,Shake
1.921,0.000,0.328,240.214,0.000,41.038,Shake
-1.689,0.000,0.328,-211.206,0.000,41.038,Shake
-1.298,0.000,0.328,-162.351,0.000,41.038,Shake
-0.907,0.000,0.328,-113.496,0.000,41.038,Shake
-0.517,0.000,0.328,-64.641,0.000,41.038,Shake
-0.126,0.000,0.328,-15.786,0.000,41.038,Shake
0.264,0.000,0.328,33.076,0.000,41.038,Shake
0.639,0.000,0.328,79.977,0.000,41.038,Shake
1.014,0.000,0.328,126.878,0.000,41.038,Shake
1.405,0.000,0.328,175.733,0.000,41.038,Shake
1.796,0.000,0.328,224.588,0.000,41.038,Shake
-1.814,0.000,0.328,-226.832,0.000,41.038,Shake
-1.423,0.000,0.328,-177.977,0.000,41.038,Shake
-1.032,0.000,0.328,-129.122,0.000,41.038,Shake
-0.642,0.000,0.328,-80.267,0.000,41.038,Shake
-0.251,0.000,0.328,-31.412,0.000,41.038,Shake
0.140,0.000,0.328,17.450,0.000,41.038,Shake
0.515,0.000,0.328,64.351,0.000,41.038,Shake
0.890,0.000,0.328,111.252,0.000,41.038,Shake
1.280,0.000,0.328,160.107,0.000,41.038,Shake
1.671,0.000,0.328,208.962,0.000,41.038,Shake
-1.939,0.000,0.328,-242.458,0.000,41.038,Shake
-1.548,0.000,0.328,-193.603,0.000,41.038,Shake
-1.157,0.000,0.328,-144.748,0.000,41.038,Shake
-0.767,0.000,0.328,-95.893,0.000,41.038,Shake
-0.376,0.000,0.328,-47.038,0.000,41.038,Shake
0.015,0.000,0.328,1.824,0.000,41.038,Shake
0.390,0.000,0.328,48.725,0.000,41.038,Shake
0.765,0.000,0.328,95.626,0.000,41.038,Shake
1.140,0.000,0.328,142.527,0.000,41.038,Shake
1.530,0.000,0.328,191.382,0.000,41.038,Shake
1.921,0.000,0.328,240.237,0.000,41.038,Shake
-1.689,0.000,0.328,-211.183,0.000,41.038,Shake
-1.298,0.000,0.328,-162.328,0.000,41.038,Shake
-0.907,0.000,0.328,-113.473,0.000,41.038,Shake
-0.517,0.000,0.328,-64.618,0.000,41.038,Shake
-0.126,0.000,0.328,-15.763,0.000,41.038,Shake
0.265,0.000,0.328,33.099,0.000,41.038,Shake
0.640,0.000,0.328,80.000,0.000,41.038,Shake
1.015,0.000,0.328,126.901,0.000,41.038,Shake
1.405,0.000,0.328,175.756,0.000,41.038,Shake
1.796,0.000,0.328,224.611,0.000,41.038,Shake
-1.813,0.000,0.328,-226.809,0.000,41.038,Shake
-1.423,0.000,0.328,-177.954,0.000,41.038,Shake
-1.032,0.000,0.328,-129.099,0.000,41.038,Shake
-0.642,0.000,0.328,-80.244,0.000,41.038,Shake
-0.251,0.000,0.328,-31.389,0.000,41.038,Shake
0.140,0.000,0.328,17.473,0.000,41.038,Shake
0.515,0.000,0.328,64.374,0.000,41.038,Shake
0.890,0.000,0.328,111.275,0.000,41.038,Shake
1.280,0.000,0.328,160.130,0.000,41.038,Shake
1.671,0.000,0.328,208.985,0.000,41.038,Shake
-1.938,0.000,0.328,-242.435,0.000,41.038,Shake
-1.548,0.000,0.328,-193.580,0.000,41.038,Shake
-1.157,0.000,0.328,-144.725,0.000,41.038,Shake
-0.767,0.000,0.328,-95.870,0.000,41.038,Shake
-0.376,0.000,0.328,-47.015,0.000,41.038,Shake
0.015,0.000,0.328,1.847,0.000,41.038,Shake
0.390,0.000,0.328,48.748,0.000,41.038,Shake
0.765,0.000,0.328,95.649,0.000,41.038,Shake
1.140,0.000,0.328,142.550,0.000,41.038,Shake
1.530,0.000,0.328,191.405,0.000,41.038,Shake
1.921,0.000,0.328,240.260,0.000,41.038,Shake
-1.688,0.000,0.328,-211.160,0.000,41.038,Shake
-1.298,0.000,0.328,-162.305,0.000,41.038,Shake
-0.907,0.000,0.328,-113.450,0.000,41.038,Shake
-0.516,0.000,0.328,-64.595,0.000,41.038,Shake
-0.126,0.000,0.328,-15.740,0.000,41.038,Shake
0.265,0.000,0.328,33.122,0.000,41.038,Shake
0.640,0.000,0.328,80.023,0.000,41.038,Shake
1.015,0.000,0.328,126.924,0.000,41.038,Shake
1.405,0.000,0.328,175.779,0.000,41.038,Shake
1.796,0.000,0.328,224.634,0.000,41.038,Shake
-1.813,0.000,0.328,-226.786,0.000,41.038,Shake
-1.423,0.000,0.328,-177.931,0.000,41.038,Shake
-1.032,0.000,0.328,-129.076,0.000,41.038,Shake
-0.641,0.000,0.328,-80.221,0.000,41.038,Shake
-0.251,0.000,0.328,-31.366,0.000,41.038,Shake
0.140,0.000,0.328,17.496,0.000,41.038,Shake
0.515,0.000,0.328,64.397,0.000,41.038,Shake
0.890,0.000,0.328,111.298,0.000,41.038,Shake
1.281,0.000,0.328,160.153,0.000,41.038,Shake
1.671,0.000,0.328,209.008,0.000,41.038,Shake
-1.938,0.000,0.328,-242.412,0.000,41.038,Shake
-1.548,0.000,0.328,-193.557,0.000,41.038,Shake
-1.157,0.000,0.328,-144.702,0.000,41.038,Shake
-0.766,0.000,0.328,-95.847,0.000,41.038,Shake
-0.376,0.000,0.328,-46.992,0.000,41.038,Shake
0.015,0.000,0.328,1.870,0.000,41.038,Shake
0.390,0.000,0.328,48.771,0.000,41.038,Shake
0.765,0.000,0.328,95.672,0.000,41.038,Shake
1.140,0.000,0.328,142.573,0.000,41.038,Shake
1.531,0.000,0.328,191.427,0.000,41.038,Shake
1.921,0.000,0.328,240.282,0.000,41.038,Shake
-1.688,0.000,0.328,-211.137,0.000,41.038,Shake
-1.298,0.000,0.328,-162.282,0.000,41.038,Shake
-0.907,0.000,0.328,-113.427,0.000,41.038,Shake
-0.516,0.000,0.328,-64.573,0.000,41.038,Shake
-0.126,0.000,0.328,-15.718,0.000,41.038,Shake
0.265,0.000,0.328,33.145,0.000,41.038,Shake
0.640,0.000,0.328,80.046,0.000,41.038,Shake
1.015,0.000,0.328,126.947,0.000,41.038,Shake
1.406,0.000,0.328,175.802,0.000,41.038,Shake
1.796,0.000,0.328,224.656,0.000,41.038,Shake
-1.813,0.000,0.328,-226.763,0.000,41.038,Shake
-1.422,0.000,0.328,-177.908,0.000,41.038,Shake
-1.032,0.000,0.328,-129.053,0.000,41.038,Shake
-0.641,0.000,0.328,-80.198,0.000,41.038,Shake
-0.251,0.000,0.328,-31.344,0.000,41.038,Shake
0.140,0.000,0.328,17.519,0.000,41.038,Shake
0.515,0.000,0.328,64.420,0.000,41.038,Shake
0.890,0.000,0.328,111.321,0.000,41.038,Shake
1.281,0.000,0.328,160.176,0.000,41.038,Shake
1.671,0.000,0.328,209.031,0.000,41.038,Shake
-1.938,0.000,0.328,-242.389,0.000,41.038,Shake
-1.547,0.000,0.328,-193.534,0.000,41.038,Shake
-1.157,0.000,0.328,-144.679,0.000,41.038,Shake
-0.766,0.000,0.328,-95.824,0.000,41.038,Shake
-0.376,0.000,0.328,-46.969,0.000,41.038,Shake
0.015,0.000,0.328,1.893,0.000,41.038,Shake
0.390,0.000,0.328,48.794,0.000,41.038,Shake
0.765,0.000,0.328,95.695,0.000,41.038,Shake
1.140,0.000,0.328,142.595,0.000,41.038,Shake
1.531,0.000,0.328,191.450,0.000,41.038,Shake
1.921,0.000,0.328,240.305,0.000,41.038,Shake
-1.688,0.000,0.328,-211.115,0.000,41.038,Shake
-1.297,0.000,0.328,-162.260,0.000,41.038,Shake
-0.907,0.000,0.328,-113.405,0.000,41.038,Shake
-0.516,0.000,0.328,-64.550,0.000,41.038,Shake
-0.125,0.000,0.328,-15.695,0.000,41.038,Shake
0.265,0.000,0.328,33.168,0.000,41.038,Shake
0.640,0.000,0.328,80.069,0.000,41.038,Shake
1.015,0.000,0.328,126.969,0.000,41.038,Shake
1.406,0.000,0.328,175.824,0.000,41.038,Shake
1.796,0.000,0.328,224.679,0.000,41.038,Shake
-1.813,0.000,0.328,-226.740,0.000,41.038,Shake
-1.422,0.000,0.328,-177.885,0.000,41.038,Shake
-1.032,0.000,0.328,-129.031,0.000,41.038,Shake
-0.641,0.000,0.328,-80.176,0.000,41.038,Shake
-0.250,0.000,0.328,-31.321,0.000,41.038,Shake
0.140,0.000,0.328,17.542,0.000,41.038,Shake
0.515,0.000,0.328,64.443,0.000,41.038,Shake
0.890,0.000,0.328,111.344,0.000,41.038,Shake
1.281,0.000,0.328,160.198,0.000,41.038,Shake
1.672,0.000,0.328,209.053,0.000,41.038,Shake
-1.938,0.000,0.328,-242.366,0.000,41.038,Shake
-1.547,0.000,0.328,-193.511,0.000,41.038,Shake
-1.157,0.000,0.328,-144.656,0.000,41.038,Shake
-0.766,0.000,0.328,-95.802,0.000,41.038,Shake
-0.375,0.000,0.328,-46.947,0.000,41.038,Shake
0.015,0.000,0.328,1.916,0.000,41.038,Shake
0.390,0.000,0.328,48.817,0.000,41.038,Shake
0.765,0.000,0.328,95.718,0.000,41.038,Shake
1.140,0.000,0.328,142.618,0.000,41.038,Shake
1.531,0.000,0.328,191.473,0.000,41.038,Shake
1.922,0.000,0.328,240.328,0.000,41.038,Shake
-1.688,0.000,0.328,-211.092,0.000,41.038,Shake
-1.297,0.000,0.328,-162.237,0.000,41.038,Shake
-0.907,0.000,0.328,-113.382,0.000,41.038,Shake
-0.516,0.000,0.328,-64.527,0.000,41.038,Shake
-0.125,0.000,0.328,-15.672,0.000,41.038,Shake
0.265,0.000,0.328,33.191,0.000,41.038,Shake
0.640,0.000,0.328,80.092,0.000,41.038,Shake
1.015,0.000,0.328,126.992,0.000,41.038,Shake
1.406,0.000,0.328,175.847,0.000,41.038,Shake
1.797,0.000,0.328,224.702,0.000,41.038,Shake
-1.813,0.000,0.328,-226.718,0.000,41.038,Shake
-1.422,0.000,0.328,-177.863,0.000,41.038,Shake
-1.031,0.000,0.328,-129.008,0.000,41.038,Shake
-0.641,0.000,0.328,-80.153,0.000,41.038,Shake
-0.250,0.000,0.328,-31.298,0.000,41.038,Shake
0.140,0.000,0.328,17.565,0.000,41.038,Shake
0.515,0.000,0.328,64.466,0.000,41.038,Shake
0.890,0.000,0.328,111.366,0.000,41.038,Shake
1.281,0.000,0.328,160.221,0.000,41.038,Shake
1.672,0.000,0.328,209.076,0.000,41.038,Shake
-1.938,0.000,0.328,-242.344,0.000,41.038,Shake
-1.547,0.000,0.328,-193.489,0.000,41.038,Shake
-1.156,0.000,0.328,-144.634,0.000,41.038,Shake
-0.766,0.000,0.328,-95.779,0.000,41.038,Shake
-0.375,0.000,0.328,-46.924,0.000,41.038,Shake
0.016,0.000,0.328,1.939,0.000,41.038,Shake
0.391,0.000,0.328,48.840,0.000,41.038,Shake
0.766,0.000,0.328,95.740,0.000,41.038,Shake
1.141,0.000,0.328,142.641,0.000,41.038,Shake
1.531,0.000,0.328,191.496,0.000,41.038,Shake
1.922,0.000,0.328,240.351,0.000,41.038,Shake
-1.688,0.000,0.328,-211.069,0.000,41.038,Shake
-1.297,0.000,0.328,-162.214,0.000,41.038,Shake
-0.906,0.000,0.328,-113.359,0.000,41.038,Shake
-0.516,0.000,0.328,-64.504,0.000,41.038,Shake
-0.125,0.000,0.328,-15.649,0.000,41.038,Shake
0.266,0.000,0.328,33.214,0.000,41.038,Shake
0.641,0.000,0.328,80.115,0.000,41.038,Shake
1.016,0.000,0.328,127.015,0.000,41.038,Shake
1.406,0.000,0.328,175.870,0.000,41.038,Shake
1.797,0.000,0.328,224.725,0.000,41.038,Shake
-1.813,0.000,0.328,-226.695,0.000,41.038,Shake
-1.422,0.000,0.328,-177.840,0.000,41.038,Shake
-1.031,0.000,0.328,-128.985,0.000,41.038,Shake
-0.641,0.000,0.328,-80.130,0.000,41.038,Shake
-0.250,0.000,0.328,-31.275,0.000,41.038,Shake
0.125,0.016,0.328,15.634,1.954,41.038,Shake
0.500,0.016,0.328,62.534,1.954,41.038,Shake
0.875,0.016,0.328,109.435,1.954,41.038,Shake
1.266,0.016,0.328,158.290,1.954,41.038,Shake
1.656,0.016,0.328,207.145,1.954,41.038,Shake
-1.953,0.016,0.328,-244.275,1.954,41.038,Shake
-1.562,0.016,0.328,-195.420,1.954,41.038,Shake
-1.172,0.016,0.328,-146.565,1.954,41.038,Shake
-0.781,0.016,0.328,-97.710,1.954,41.038,Shake
-0.391,0.016,0.328,-48.855,1.954,41.038,Shake
0.000,0.016,0.328,0.008,1.954,41.038,Shake
0.375,0.016,0.328,46.908,1.954,41.038,Shake
0.750,0.016,0.328,93.809,1.954,41.038,Shake
1.125,0.016,0.328,140.710,1.954,41.038,Shake
1.516,0.016,0.328,189.565,1.954,41.038,Shake
1.906,0.016,0.328,238.420,1.954,41.038,Shake
-1.703,0.016,0.328,-213.000,1.954,41.038,Shake
-1.312,0.016,0.328,-164.145,1.954,41.038,Shake
-0.922,0.016,0.328,-115.290,1.954,41.038,Shake
-0.531,0.016,0.328,-66.435,1.954,41.038,Shake
-0.141,0.016,0.328,-17.580,1.954,41.038,Shake
0.250,0.016,0.328,31.282,1.954,41.038,Shake
0.625,0.016,0.328,78.183,1.954,41.038,Shake
1.000,0.016,0.328,125.084,1.954,41.038,Shake
1.391,0.016,0.328,173.939,1.954,41.038,Shake
1.781,0.016,0.328,222.794,1.954,41.038,Shake
-1.828,0.016,0.328,-228.626,1.954,41.038,Shake
-1.437,0.016,0.328,-179.771,1.954,41.038,Shake
-1.047,0.016,0.328,-130.916,1.954,41.038,Shake
-0.656,0.016,0.328,-82.061,1.954,41.038,Shake
-0.266,0.016,0.328,-33.206,1.954,41.038,Shake
0.125,0.016,0.328,15.656,1.954,41.038,Shake
0.500,0.016,0.328,62.557,1.954,41.038,Shake
0.875,0.016,0.328,109.458,1.954,41.038,Shake
1.266,0.016,0.328,158.313,1.954,41.038,Shake
1.656,0.016,0.328,207.168,1.954,41.038,Shake
-1.953,0.016,0.328,-244.252,1.954,41.038,Shake
-1.562,0.016,0.328,-195.397,1.954,41.038,Shake
-1.172,0.016,0.328,-146.542,1.954,41.038,Shake
-0.781,0.016,0.328,-97.687,1.954,41.038,Shake
-0.390,0.016,0.328,-48.832,1.954,41.038,Shake
0.000,0.016,0.328,0.031,1.954,41.038,Shake
0.375,0.016,0.328,46.931,1.954,41.038,Shake
0.750,0.016,0.328,93.832,1.954,41.038,Shake
1.125,0.016,0.328,140.733,1.954,41.038,Shake
1.516,0.016,0.328,189.588,1.954,41.038,Shake
1.906,0.016,0.328,238.443,1.954,41.038,Shake
-1.703,0.016,0.328,-212.977,1.954,41.038,Shake
-1.312,0.016,0.328,-164.122,1.954,41.038,Shake
-0.922,0.016,0.328,-115.267,1.954,41.038,Shake
-0.531,0.016,0.328,-66.412,1.954,41.038,Shake
-0.140,0.016,0.328,-17.557,1.954,41.038,Shake
0.250,0.016,0.328,31.305,1.954,41.038,Shake
0.625,0.016,0.328,78.206,1.954,41.038,Shake
1.000,0.016,0.328,125.107,1.954,41.038,Shake
1.391,0.016,0.328,173.962,1.954,41.038,Shake
1.782,0.016,0.328,222.817,1.954,41.038,Shake
-1.828,0.016,0.328,-228.603,1.954,41.038,Shake
-1.437,0.016,0.328,-179.748,1.954,41.038,Shake
-1.047,0.016,0.328,-130.893,1.954,41.038,Shake
-0.656,0.016,0.328,-82.038,1.954,41.038,Shake
-0.265,0.016,0.328,-33.183,1.954,41.038,Shake
0.125,0.016,0.328,15.679,1.954,41.038,Shake
0.500,0.016,0.328,62.580,1.954,41.038,Shake
0.875,0.016,0.328,109.481,1.954,41.038,Shake
1.266,0.016,0.328,158.336,1.954,41.038,Shake
1.657,0.016,0.328,207.191,1.954,41.038,Shake
-1.953,0.016,0.328,-244.229,1.954,41.038,Shake
-1.562,0.016,0.328,-195.374,1.954,41.038,Shake
-1.172,0.016,0.328,-146.519,1.954,41.038,Shake
-0.781,0.016,0.328,-97.664,1.954,41.038,Shake
-0.390,0.016,0.328,-48.809,1.954,41.038,Shake
0.000,0.016,0.328,0.053,1.954,41.038,Shake
0.375,0.016,0.328,46.954,1.954,41.038,Shake
0.750,0.016,0.328,93.855,1.954,41.038,Shake
1.125,0.016,0.328,140.756,1.954,41.038,Shake
1.516,0.016,0.328,189.611,1.954,41.038,Shake
1.907,0.016,0.328,238.466,1.954,41.038,Shake
-1.703,0.016,0.328,-212.954,1.954,41.038,Shake
-1.312,0.016,0.328,-164.099,1.954,41.038,Shake
-0.921,0.016,0.328,-115.244,1.954,41.038,Shake
-0.531,0.016,0.328,-66.389,1.954,41.038,Shake
-0.140,0.016,0.328,-17.534,1.954,41.038,Shake
0.250,0.016,0.328,31.328,1.954,41.038,Shake
0.641,0.016,0.328,80.183,1.954,41.038,Shake
1.016,0.016,0.328,127.084,1.954,41.038,Shake
1.407,0.016,0.328,175.939,1.954,41.038,Shake
1.797,0.016,0.328,224.794,1.954,41.038,Shake
-1.812,0.016,0.328,-226.626,1.954,41.038,Shake
-1.421,0.016,0.328,-177.771,1.954,41.038,Shake
-1.031,0.016,0.328,-128.916,1.954,41.038,Shake
-0.640,0.016,0.328,-80.061,1.954,41.038,Shake
-0.250,0.016,0.328,-31.206,1.954,41.038,Shake
0.141,0.016,0.328,17.656,1.954,41.038,Shake
0.516,0.016,0.328,64.557,1.954,41.038,Shake
0.891,0.016,0.328,111.458,1.954,41.038,Shake
1.282,0.016,0.328,160.313,1.954,41.038,Shake
1.672,0.016,0.328,209.168,1.954,41.038,Shake
-1.937,0.016,0.328,-242.252,1.954,41.038,Shake
-1.546,0.016,0.328,-193.397,1.954,41.038,Shake
-1.156,0.016,0.328,-144.542,1.954,41.038,Shake
-0.765,0.016,0.328,-95.687,1.954,41.038,Shake
-0.374,0.016,0.328,-46.832,1.954,41.038,Shake
0.016,0.016,0.328,2.031,1.954,41.038,Shake
0.391,0.016,0.328,48.931,1.954,41.038,Shake
0.766,0.016,0.328,95.832,1.954,41.038,Shake
1.141,0.016,0.328,142.733,1.954,41.038,Shake
1.532,0.016,0.328,191.588,1.954,41.038,Shake
1.922,0.016,0.328,240.443,1.954,41.038,Shake
-1.687,0.016,0.328,-210.977,1.954,41.038,Shake
-1.296,0.016,0.328,-162.122,1.954,41.038,Shake
-0.906,0.016,0.328,-113.267,1.954,41.038,Shake
-0.515,0.016,0.328,-64.412,1.954,41.038,Shake
-0.124,0.016,0.328,-15.557,1.954,41.038,Shake
0.266,0.016,0.328,33.305,1.954,41.038,Shake
0.641,0.016,0.328,80.206,1.954,41.038,Shake
1.016,0.016,0.328,127.107,1.954,41.038,Shake
1.407,0.016,0.328,175.962,1.954,41.038,Shake
1.798,0.016,0.328,224.817,1.954,41.038,Shake
-1.812,0.016,0.328,-226.603,1.954,41.038,Shake
-1.421,0.016,0.328,-177.748,1.954,41.038,Shake
-1.031,0.016,0.328,-128.893,1.954,41.038,Shake
-0.640,0.016,0.328,-80.038,1.954,41.038,Shake
-0.249,0.016,0.328,-31.183,1.954,41.038,Shake
0.141,0.016,0.328,17.679,1.954,41.038,Shake
0.516,0.016,0.328,64.580,1.954,41.038,Shake
0.891,0.016,0.328,111.481,1.954,41.038,Shake
1.282,0.016,0.328,160.336,1.954,41.038,Shake
1.673,0.016,0.328,209.191,1.954,41.038,Shake
-1.937,0.016,0.328,-242.229,1.954,41.038,Shake
-1.546,0.016,0.328,-193.374,1.954,41.038,Shake
-1.156,0.016,0.328,-144.519,1.954,41.038,Shake
-0.765,0.016,0.328,-95.664,1.954,41.038,Shake
-0.374,0.016,0.328,-46.809,1.954,41.038,Shake
0.016,0.016,0.328,2.053,1.954,41.038,Shake
0.391,0.016,0.328,48.954,1.954,41.038,Shake
0.766,0.016,0.328,95.855,1.954,41.038,Shake
1.141,0.016,0.328,142.756,1.954,41.038,Shake
1.532,0.016,0.328,191.611,1.954,41.038,Shake
1.923,0.016,0.328,240.466,1.954,41.038,Shake
-1.687,0.016,0.328,-210.954,1.954,41.038,Shake
-1.296,0.016,0.328,-162.099,1.954,41.038,Shake
-0.905,0.016,0.328,-113.244,1.954,41.038,Shake
-0.515,0.016,0.328,-64.389,1.954,41.038,Shake
-0.124,0.016,0.328,-15.534,1.954,41.038,Shake
0.266,0.016,0.328,33.328,1.954,41.038,Shake
0.641,0.016,0.328,80.229,1.954,41.038,Shake
1.016,0.016,0.328,127.130,1.954,41.038,Shake
1.407,0.016,0.328,175.985,1.954,41.038,Shake
1.798,0.016,0.328,224.840,1.954,41.038,Shake
-1.812,0.016,0.328,-226.580,1.954,41.038,Shake
-1.421,0.016,0.328,-177.725,1.954,41.038,Shake
-1.030,0.016,0.328,-128.870,1.954,41.038,Shake
-0.640,0.016,0.328,-80.015,1.954,41.038,Shake
-0.249,0.016,0.328,-31.160,1.954,41.038,Shake
0.142,0.016,0.328,17.702,1.954,41.038,Shake
0.517,0.016,0.328,64.603,1.954,41.038,Shake
0.892,0.016,0.328,111.504,1.954,41.038,Shake
1.282,0.016,0.328,160.359,1.954,41.038,Shake
1.673,0.016,0.328,209.214,1.954,41.038,Shake
-1.937,0.016,0.328,-242.206,1.954,41.038,Shake
-1.546,0.016,0.328,-193.351,1.954,41.038,Shake
-1.155,0.016,0.328,-144.496,1.954,41.038,Shake
-0.765,0.016,0.328,-95.641,1.954,41.038,Shake
-0.374,0.016,0.328,-46.786,1.954,41.038,Shake
0.017,0.016,0.328,2.076,1.954,41.038,Shake
0.392,0.016,0.328,48.977,1.954,41.038,Shake
0.767,0.016,0.328,95.878,1.954,41.038,Shake
1.142,0.016,0.328,142.779,1.954,41.038,Shake
1.532,0.016,0.328,191.634,1.954,41.038,Shake
1.923,0.016,0.328,240.489,1.954,41.038,Shake
-1.687,0.016,0.328,-210.931,1.954,41.038,Shake
-1.296,0.016,0.328,-162.076,1.954,41.038,Shake
-0.905,0.016,0.328,-113.221,1.954,41.038,Shake
-0.515,0.016,0.328,-64.366,1.954,41.038,Shake
-0.124,0.016,0.328,-15.511,1.954,41.038,Shake
0.267,0.016,0.328,33.351,1.954,41.038,Shake
0.642,0.016,0.328,80.252,1.954,41.038,Shake
1.017,0.016,0.328,127.153,1.954,41.038,Shake
1.407,0.016,0.328,176.008,1.954,41.038,Shake
1.798,0.016,0.328,224.863,1.954,41.038,Shake
-1.811,0.016,0.328,-226.557,1.954,41.038,Shake
-1.421,0.016,0.328,-177.702,1.954,41.038,Shake
-1.030,0.016,0.328,-128.847,1.954,41.038,Shake
-0.640,0.016,0.328,-79.992,1.954,41.038,Shake
-0.249,0.016,0.328,-31.137,1.954,41.038,Shake
0.142,0.016,0.328,17.725,1.954,41.038,Shake
0.517,0.016,0.328,64.626,1.954,41.038,Shake
0.892,0.016,0.328,111.527,1.954,41.038,Shake
1.282,0.016,0.328,160.382,1.954,41.038,Shake
1.673,0.016,0.328,209.237,1.954,41.038,Shake
-1.936,0.016,0.328,-242.183,1.954,41.038,Shake
-1.546,0.016,0.328,-193.328,1.954,41.038,Shake
-1.155,0.016,0.328,-144.473,1.954,41.038,Shake
-0.765,0.016,0.328,-95.618,1.954,41.038,Shake
-0.374,0.016,0.328,-46.763,1.954,41.038,Shake
0.017,0.016,0.328,2.099,1.954,41.038,Shake
0.392,0.016,0.328,49.000,1.954,41.038,Shake
0.767,0.016,0.328,95.901,1.954,41.038,Shake
1.142,0.016,0.328,142.802,1.954,41.038,Shake
1.532,0.016,0.328,191.656,1.954,41.038,Shake
1.923,0.016,0.328,240.511,1.954,41.038,Shake
-1.686,0.016,0.328,-210.908,1.954,41.038,Shake
-1.296,0.016,0.328,-162.053,1.954,41.038,Shake
-0.905,0.016,0.328,-113.198,1.954,41.038,Shake
-0.514,0.016,0.328,-64.344,1.954,41.038,Shake
-0.124,0.016,0.328,-15.489,1.954,41.038,Shake
0.267,0.016,0.328,33.374,1.954,41.038,Shake
0.642,0.016,0.328,80.275,1.954,41.038,Shake
1.017,0.016,0.328,127.176,1.954,41.038,Shake
1.407,0.016,0.328,176.031,1.954,41.038,Shake
1.798,0.016,0.328,224.885,1.954,41.038,Shake
-1.811,0.016,0.328,-226.534,1.954,41.038,Shake
-1.421,0.016,0.328,-177.679,1.954,41.038,Shake
-1.030,0.016,0.328,-128.824,1.954,41.038,Shake
-0.639,0.016,0.328,-79.969,1.954,41.038,Shake
-0.249,0.016,0.328,-31.115,1.954,41.038,Shake
0.142,0.016,0.328,17.748,1.954,41.038,Shake
0.517,0.016,0.328,64.649,1.954,41.038,Shake
0.892,0.016,0.328,111.550,1.954,41.038,Shake
1.283,0.016,0.328,160.405,1.954,41.038,Shake
1.673,0.016,0.328,209.260,1.954,41.038,Shake
-1.936,0.016,0.328,-242.160,1.954,41.038,Shake
-1.546,0.016,0.328,-193.305,1.954,41.038,Shake
-1.155,0.016,0.328,-144.450,1.954,41.038,Shake
-0.764,0.016,0.328,-95.595,1.954,41.038,Shake
-0.374,0.016,0.328,-46.740,1.954,41.038,Shake
0.017,0.016,0.328,2.122,1.954,41.038,Shake
0.392,0.016,0.328,49.023,1.954,41.038,Shake
0.767,0.016,0.328,95.924,1.954,41.038,Shake
1.142,0.016,0.328,142.824,1.954,41.038,Shake
1.533,0.016,0.328,191.679,1.954,41.038,Shake
1.923,0.016,0.328,240.534,1.954,41.038,Shake
-1.686,0.016,0.328,-210.885,1.954,41.038,Shake
-1.296,0.016,0.328,-162.031,1.954,41.038,Shake
-0.905,0.016,0.328,-113.176,1.954,41.038,Shake
-0.514,0.016,0.328,-64.321,1.954,41.038,Shake
-0.124,0.016,0.328,-15.466,1.954,41.038,Shake
0.267,0.016,0.328,33.397,1.954,41.038,Shake
0.642,0.016,0.328,80.298,1.954,41.038,Shake
1.017,0.016,0.328,127.198,1.954,41.038,Shake
1.408,0.016,0.328,176.053,1.954,41.038,Shake
1.798,0.016,0.328,224.908,1.954,41.038,Shake
-1.811,0.016,0.328,-226.511,1.954,41.038,Shake
-1.420,0.016,0.328,-177.656,1.954,41.038,Shake
-1.030,0.016,0.328,-128.802,1.954,41.038,Shake
-0.639,0.016,0.328,-79.947,1.954,41.038,Shake
-0.249,0.016,0.328,-31.092,1.954,41.038,Shake
0.142,0.016,0.328,17.771,1.954,41.038,Shake
0.517,0.016,0.328,64.672,1.954,41.038,Shake
0.892,0.016,0.328,111.573,1.954,41.038,Shake
1.283,0.016,0.328,160.427,1.954,41.038,Shake
1.673,0.016,0.328,209.282,1.954,41.038,Shake
-1.936,0.016,0.328,-242.137,1.954,41.038,Shake
-1.545,0.016,0.328,-193.282,1.954,41.038,Shake
-1.155,0.016,0.328,-144.427,1.954,41.038,Shake
-0.764,0.016,0.328,-95.573,1.954,41.038,Shake
-0.374,0.016,0.328,-46.718,1.954,41.038,Shake
0.017,0.016,0.328,2.145,1.954,41.038,Shake
0.392,0.016,0.328,49.046,1.954,41.038,Shake
0.767,0.016,0.328,95.947,1.954,41.038,Shake
1.142,0.016,0.328,142.847,1.954,41.038,Shake
1.533,0.016,0.328,191.702,1.954,41.038,Shake
1.923,0.016,0.328,240.557,1.954,41.038,Shake
-1.686,0.016,0.328,-210.863,1.954,41.038,Shake
-1.295,0.016,0.328,-162.008,1.954,41.038,Shake
-0.905,0.016,0.328,-113.153,1.954,41.038,Shake
-0.514,0.016,0.328,-64.298,1.954,41.038,Shake
-0.123,0.016,0.328,-15.443,1.954,41.038,Shake
0.267,0.016,0.328,33.420,1.954,41.038,Shake
0.642,0.016,0.328,80.321,1.954,41.038,Shake
1.017,0.016,0.328,127.221,1.954,41.038,Shake
1.408,0.016,0.328,176.076,1.954,41.038,Shake
1.798,0.016,0.328,224.931,1.954,41.038,Shake
-1.811,0.016,0.328,-226.489,1.954,41.038,Shake
-1.420,0.016,0.328,-177.634,1.954,41.038,Shake
-1.030,0.016,0.328,-128.779,1.954,41.038,Shake
-0.639,0.016,0.328,-79.924,1.954,41.038,Shake
-0.248,0.016,0.328,-31.069,1.954,41.038,Shake
0.142,0.016,0.328,17.794,1.954,41.038,Shake
0.517,0.016,0.328,64.695,1.954,41.038,Shake
0.892,0.016,0.328,111.595,1.954,41.038,Shake
1.283,0.016,0.328,160.450,1.954,41.038,Shake
1.674,0.016,0.328,209.305,1.954,41.038,Shake
-1.936,0.016,0.328,-242.115,1.954,41.038,Shake
-1.545,0.016,0.328,-193.260,1.954,41.038,Shake
-1.155,0.016,0.328,-144.405,1.954,41.038,Shake
-0.764,0.016,0.328,-95.550,1.954,41.038,Shake
-0.373,0.016,0.328,-46.695,1.954,41.038,Shake
0.017,0.016,0.328,2.168,1.954,41.038,Shake
0.392,0.016,0.328,49.069,1.954,41.038,Shake
0.767,0.016,0.328,95.969,1.954,41.038,Shake
1.142,0.016,0.328,142.870,1.954,41.038,Shake
1.533,0.016,0.328,191.725,1.954,41.038,Shake
1.924,0.016,0.328,240.580,1.954,41.038,Shake
-1.686,0.016,0.328,-210.840,1.954,41.038,Shake
-1.295,0.016,0.328,-161.985,1.954,41.038,Shake
-0.905,0.016,0.328,-113.130,1.954,41.038,Shake
-0.514,0.016,0.328,-64.275,1.954,41.038,Shake
-0.123,0.016,0.328,-15.420,1.954,41.038,Shake
0.267,0.016,0.328,33.443,1.954,41.038,Shake
0.642,0.016,0.328,80.344,1.954,41.038,Shake
1.017,0.016,0.328,127.244,1.954,41.038,Shake
1.408,0.016,0.328,176.099,1.954,41.038,Shake
1.799,0.016,0.328,224.954,1.954,41.038,Shake
-1.811,0.016,0.328,-226.466,1.954,41.038,Shake
-1.420,0.016,0.328,-177.611,1.954,41.038,Shake
-1.029,0.016,0.328,-128.756,1.954,41.038,Shake
-0.639,0.016,0.328,-79.901,1.954,41.038,Shake
-0.248,0.016,0.328,-31.046,1.954,41.038,Shake
0.142,0.016,0.328,17.817,1.954,41.038,Shake
0.517,0.016,0.328,64.718,1.954,41.038,Shake
0.892,0.016,0.328,111.618,1.954,41.038,Shake
1.283,0.016,0.328,160.473,1.954,41.038,Shake
1.674,0.016,0.328,209.328,1.954,41.038,Shake
-1.936,0.016,0.328,-242.092,1.954,41.038,Shake
-1.545,0.016,0.328,-193.237,1.954,41.038,Shake
-1.154,0.016,0.328,-144.382,1.954,41.038,Shake
-0.764,0.016,0.328,-95.527,1.954,41.038,Shake
-0.373,0.016,0.328,-46.672,1.954,41.038,Shake
0.018,0.016,0.328,2.191,1.954,41.038,Shake
0.393,0.016,0.328,49.092,1.954,41.038,Shake
0.768,0.016,0.328,95.992,1.954,41.038,Shake
1.143,0.016,0.328,142.893,1.954,41.038,Shake
1.533,0.016,0.328,191.748,1.954,41.038,Shake
1.924,0.016,0.328,240.603,1.954,41.038,Shake
-1.686,0.016,0.328,-210.817,1.954,41.038,Shake
-1.295,0.016,0.328,-161.962,1.954,41.038,Shake
-0.904,0.016,0.328,-113.107,1.954,41.038,Shake
-0.514,0.016,0.328,-64.252,1.954,41.038,Shake
-0.123,0.016,0.328,-15.397,1.954,41.038,Shake
0.268,0.016,0.328,33.466,1.954,41.038,Shake
0.643,0.016,0.328,80.366,1.954,41.038,Shake
1.018,0.016,0.328,127.267,1.954,41.038,Shake
1.408,0.016,0.328,176.122,1.954,41.038,Shake
1.799,0.016,0.328,224.977,1.954,41.038,Shake
-1.811,0.016,0.328,-226.443,1.954,41.038,Shake
-1.420,0.016,0.328,-177.588,1.954,41.038,Shake
-1.029,0.016,0.328,-128.733,1.954,41.038,Shake
-0.639,0.016,0.328,-79.878,1.954,41.038,Shake
-0.248,0.016,0.328,-31.023,1.954,41.038,Shake
0.143,0.016,0.328,17.840,1.954,41.038,Shake
0.518,0.016,0.328,64.740,1.954,41.038,Shake
0.893,0.016,0.328,111.641,1.954,41.038,Shake
1.283,0.016,0.328,160.496,1.954,41.038,Shake
1.674,0.016,0.328,209.351,1.954,41.038,Shake
-1.935,0.016,0.328,-242.069,1.954,41.038,Shake
-1.545,0.016,0.328,-193.214,1.954,41.038,Shake
-1.154,0.016,0.328,-144.359,1.954,41.038,Shake
-0.764,0.016,0.328,-95.504,1.954,41.038,Shake
-0.373,0.016,0.328,-46.649,1.954,41.038,Shake
0.018,0.016,0.328,2.214,1.954,41.038,Shake
0.393,0.016,0.328,49.115,1.954,41.038,Shake
0.768,0.016,0.328,96.015,1.954,41.038,Shake
1.143,0.016,0.328,142.916,1.954,41.038,Shake
1.533,0.016,0.328,191.771,1.954,41.038,Shake
1.924,0.016,0.328,240.626,1.954,41.038,Shake
-1.685,0.016,0.328,-210.794,1.954,41.038,Shake
-1.295,0.016,0.328,-161.939,1.954,41.038,Shake
-0.904,0.016,0.328,-113.084,1.954,41.038,Shake
-0.514,0.016,0.328,-64.229,1.954,41.038,Shake
-0.123,0.016,0.328,-15.374,1.954,41.038,Shake
0.268,0.016,0.328,33.489,1.954,41.038,Shake
0.643,0.016,0.328,80.389,1.954,41.038,Shake
1.018,0.016,0.328,127.290,1.954,41.038,Shake
1.408,0.016,0.328,176.145,1.954,41.038,Shake
1.799,0.016,0.328,225.000,1.954,41.038,Shake
-1.810,0.016,0.328,-226.420,1.954,41.038,Shake
-1.420,0.016,0.328,-177.565,1.954,41.038,Shake
-1.029,0.016,0.328,-128.710,1.954,41.038,Shake
-0.638,0.016,0.328,-79.855,1.954,41.038,Shake
-0.248,0.016,0.328,-31.000,1.954,41.038,Shake
0.143,0.016,0.328,17.863,1.954,41.038,Shake
0.518,0.016,0.328,64.763,1.954,41.038,Shake
0.893,0.016,0.328,111.664,1.954,41.038,Shake
1.283,0.016,0.328,160.519,1.954,41.038,Shake
1.674,0.016,0.328,209.374,1.954,41.038,Shake
-1.935,0.016,0.328,-242.046,1.954,41.038,Shake
-1.545,0.016,0.328,-193.191,1.954,41.038,Shake
-1.154,0.016,0.328,-144.336,1.954,41.038,Shake
-0.763,0.016,0.328,-95.481,1.954,41.038,Shake
-0.373,0.016,0.328,-46.626,1.954,41.038,Shake
0.018,0.016,0.328,2.237,1.954,41.038,Shake
0.393,0.016,0.328,49.137,1.954,41.038,Shake
0.768,0.016,0.328,96.038,1.954,41.038,Shake
1.143,0.016,0.328,142.939,1.954,41.038,Shake
1.534,0.016,0.328,191.794,1.954,41.038,Shake
1.924,0.016,0.328,240.649,1.954,41.038,Shake
-1.685,0.016,0.328,-210.771,1.954,41.038,Shake
-1.295,0.016,0.328,-161.916,1.954,41.038,Shake
-0.904,0.016,0.328,-113.061,1.954,41.038,Shake
-0.513,0.016,0.328,-64.206,1.954,41.038,Shake
-0.123,0.016,0.328,-15.351,1.954,41.038,Shake
0.268,0.016,0.328,33.511,1.954,41.038,Shake
0.643,0.016,0.328,80.412,1.954,41.038,Shake
1.018,0.016,0.328,127.313,1.954,41.038,Shake
1.409,0.016,0.328,176.168,1.954,41.038,Shake
1.799,0.016,0.328,225.023,1.954,41.038,Shake
-1.810,0.016,0.328,-226.397,1.954,41.038,Shake
-1.420,0.016,0.328,-177.542,1.954,41.038,Shake
-1.029,0.016,0.328,-128.687,1.954,41.038,Shake
-0.638,0.016,0.328,-79.832,1.954,41.038,Shake
-0.248,0.016,0.328,-30.977,1.954,41.038,Shake
0.143,0.016,0.328,17.885,1.954,41.038,Shake
0.518,0.016,0.328,64.786,1.954,41.038,Shake
0.893,0.016,0.328,111.687,1.954,41.038,Shake
1.284,0.016,0.328,160.542,1.954,41.038,Shake
1.674,0.016,0.328,209.397,1.954,41.038,Shake
-1.935,0.016,0.328,-242.023,1.954,41.038,Shake
-1.544,0.016,0.328,-193.168,1.954,41.038,Shake
-1.154,0.016,0.328,-144.313,1.954,41.038,Shake
-0.763,0.016,0.328,-95.458,1.954,41.038,Shake
-0.373,0.016,0.328,-46.603,1.954,41.038,Shake
0.018,0.016,0.328,2.260,1.954,41.038,Shake
0.393,0.016,0.328,49.160,1.954,41.038,Shake
0.768,0.016,0.328,96.061,1.954,41.038,Shake
1.143,0.016,0.328,142.962,1.954,41.038,Shake
1.534,0.016,0.328,191.817,1.954,41.038,Shake
1.924,0.016,0.328,240.672,1.954,41.038,Shake
-1.685,0.016,0.328,-210.748,1.954,41.038,Shake
-1.294,0.016,0.328,-161.893,1.954,41.038,Shake
-0.904,0.016,0.328,-113.038,1.954,41.038,Shake
-0.513,0.016,0.328,-64.183,1.954,41.038,Shake
-0.123,0.016,0.328,-15.328,1.954,41.038,Shake
0.268,0.016,0.328,33.534,1.954,41.038,Shake
0.643,0.016,0.328,80.435,1.954,41.038,Shake
1.018,0.016,0.328,127.336,1.954,41.038,Shake
1.409,0.016,0.328,176.191,1.954,41.038,Shake
1.799,0.016,0.328,225.046,1.954,41.038,Shake
-1.810,0.016,0.328,-226.374,1.954,41.038,Shake
-1.419,0.016,0.328,-177.519,1.954,41.038,Shake
-1.029,0.016,0.328,-128.664,1.954,41.038,Shake
-0.638,0.016,0.328,-79.809,1.954,41.038,Shake
-0.247,0.016,0.328,-30.954,1.954,41.038,Shake
0.143,0.016,0.328,17.908,1.954,41.038,Shake
0.518,0.016,0.328,64.809,1.954,41.038,Shake
0.893,0.016,0.328,111.710,1.954,41.038,Shake
1.284,0.016,0.328,160.565,1.954,41.038,Shake
1.674,0.016,0.328,209.420,1.954,41.038,Shake
-1.935,0.016,0.328,-242.000,1.954,41.038,Shake
-1.544,0.016,0.328,-193.145,1.954,41.038,Shake
-1.154,0.016,0.328,-144.290,1.954,41.038,Shake
-0.763,0.016,0.328,-95.435,1.954,41.038,Shake
-0.372,0.016,0.328,-46.580,1.954,41.038,Shake
0.018,0.016,0.328,2.282,1.954,41.038,Shake
0.393,0.016,0.328,49.183,1.954,41.038,Shake
0.768,0.016,0.328,96.084,1.954,41.038,Shake
1.143,0.016,0.328,142.985,1.954,41.038,Shake
1.534,0.016,0.328,191.840,1.954,41.038,Shake
1.924,0.016,0.328,240.695,1.954,41.038,Shake
-1.685,0.016,0.328,-210.725,1.954,41.038,Shake
-1.294,0.016,0.328,-161.870,1.954,41.038,Shake
-0.904,0.016,0.328,-113.015,1.954,41.038,Shake
-0.513,0.016,0.328,-64.160,1.954,41.038,Shake
-0.122,0.016,0.328,-15.305,1.954,41.038,Shake
0.268,0.016,0.328,33.557,1.954,41.038,Shake
0.643,0.016,0.328,80.458,1.954,41.038,Shake
1.018,0.016,0.328,127.359,1.954,41.038,Shake
1.409,0.016,0.328,176.214,1.954,41.038,Shake
1.800,0.016,0.328,225.069,1.954,41.038,Shake
-1.810,0.016,0.328,-226.351,1.954,41.038,Shake
-1.419,0.016,0.328,-177.496,1.954,41.038,Shake
-1.029,0.016,0.328,-128.641,1.954,41.038,Shake
-0.638,0.016,0.328,-79.786,1.954,41.038,Shake
-0.247,0.016,0.328,-30.931,1.954,41.038,Shake
0.143,0.016,0.328,17.931,1.954,41.038,Shake
0.518,0.016,0.328,64.832,1.954,41.038,Shake
0.893,0.016,0.328,111.733,1.954,41.038,Shake
1.284,0.016,0.328,160.588,1.954,41.038,Shake
1.675,0.016,0.328,209.443,1.954,41.038,Shake
-1.935,0.016,0.328,-241.977,1.954,41.038,Shake
-1.544,0.016,0.328,-193.122,1.954,41.038,Shake
-1.154,0.016,0.328,-144.267,1.954,41.038,Shake
-0.763,0.016,0.328,-95.412,1.954,41.038,Shake
-0.372,0.016,0.328,-46.557,1.954,41.038,Shake
0.018,0.016,0.328,2.305,1.954,41.038,Shake
0.393,0.016,0.328,49.206,1.954,41.038,Shake
0.768,0.016,0.328,96.107,1.954,41.038,Shake
1.143,0.016,0.328,143.008,1.954,41.038,Shake
1.534,0.016,0.328,191.863,1.954,41.038,Shake
1.925,0.016,0.328,240.718,1.954,41.038,Shake
-1.685,0.016,0.328,-210.702,1.954,41.038,Shake
-1.294,0.016,0.328,-161.847,1.954,41.038,Shake
-0.903,0.016,0.328,-112.992,1.954,41.038,Shake
-0.513,0.016,0.328,-64.137,1.954,41.038,Shake
-0.122,0.016,0.328,-15.282,1.954,41.038,Shake
0.268,0.016,0.328,33.580,1.954,41.038,Shake
0.643,0.016,0.328,80.481,1.954,41.038,Shake
1.018,0.016,0.328,127.382,1.954,41.038,Shake
1.409,0.016,0.328,176.237,1.954,41.038,Shake
1.800,0.016,0.328,225.092,1.954,41.038,Shake
-1.810,0.016,0.328,-226.328,1.954,41.038,Shake
-1.419,0.016,0.328,-177.473,1.954,41.038,Shake
-1.028,0.016,0.328,-128.618,1.954,41.038,Shake
-0.638,0.016,0.328,-79.763,1.954,41.038,Shake
-0.247,0.016,0.328,-30.908,1.954,41.038,Shake
0.144,0.016,0.328,17.954,1.954,41.038,Shake
0.519,0.016,0.328,64.855,1.954,41.038,Shake
0.894,0.016,0.328,111.756,1.954,41.038,Shake
1.284,0.016,0.328,160.611,1.954,41.038,Shake
1.675,0.016,0.328,209.466,1.954,41.038,Shake
-1.935,0.016,0.328,-241.954,1.954,41.038,Shake
-1.544,0.016,0.328,-193.099,1.954,41.038,Shake
-1.153,0.016,0.328,-144.244,1.954,41.038,Shake
-0.763,0.016,0.328,-95.389,1.954,41.038,Shake
-0.372,0.016,0.328,-46.534,1.954,41.038,Shake
0.019,0.016,0.328,2.328,1.954,41.038,Shake
0.394,0.016,0.328,49.229,1.954,41.038,Shake
0.769,0.016,0.328,96.130,1.954,41.038,Shake
1.144,0.016,0.328,143.031,1.954,41.038,Shake
1.534,0.016,0.328,191.885,1.954,41.038,Shake
1.925,0.016,0.328,240.740,1.954,41.038,Shake
-1.685,0.016,0.328,-210.679,1.954,41.038,Shake
-1.294,0.016,0.328,-161.824,1.954,41.038,Shake
-0.903,0.016,0.328,-112.969,1.954,41.038,Shake
-0.513,0.016,0.328,-64.115,1.954,41.038,Shake
-0.122,0.016,0.328,-15.260,1.954,41.038,Shake
0.269,0.016,0.328,33.603,1.954,41.038,Shake
0.644,0.016,0.328,80.504,1.954,41.038,Shake
1.019,0.016,0.328,127.405,1.954,41.038,Shake
1.409,0.016,0.328,176.260,1.954,41.038,Shake
1.800,0.016,0.328,225.115,1.954,41.038,Shake
-1.809,0.016,0.328,-226.305,1.954,41.038,Shake
-1.419,0.016,0.328,-177.450,1.954,41.038,Shake
-1.028,0.016,0.328,-128.595,1.954,41.038,Shake
-0.638,0.016,0.328,-79.740,1.954,41.038,Shake
-0.247,0.016,0.328,-30.885,1.954,41.038,Shake
0.144,0.016,0.328,17.977,1.954,41.038,Shake
0.519,0.016,0.328,64.878,1.954,41.038,Shake
0.894,0.016,0.328,111.779,1.954,41.038,Shake
1.284,0.016,0.328,160.634,1.954,41.038,Shake
1.675,0.016,0.328,209.489,1.954,41.038,Shake
-1.934,0.016,0.328,-241.931,1.954,41.038,Shake
-1.544,0.016,0.328,-193.076,1.954,41.038,Shake
-1.153,0.016,0.328,-144.221,1.954,41.038,Shake
-0.763,0.016,0.328,-95.366,1.954,41.038,Shake
-0.372,0.016,0.328,-46.511,1.954,41.038,Shake
0.019,0.016,0.328,2.351,1.954,41.038,Shake
0.394,0.016,0.328,49.252,1.954,41.038,Shake
0.769,0.016,0.328,96.153,1.954,41.038,Shake
1.144,0.016,0.328,143.053,1.954,41.038,Shake
1.534,0.016,0.328,191.908,1.954,41.038,Shake
1.925,0.016,0.328,240.763,1.954,41.038,Shake
-1.684,0.016,0.328,-210.656,1.954,41.038,Shake
-1.294,0.016,0.328,-161.802,1.954,41.038,Shake
-0.903,0.016,0.328,-112.947,1.954,41.038,Shake
-0.512,0.016,0.328,-64.092,1.954,41.038,Shake
-0.122,0.016,0.328,-15.237,1.954,41.038,Shake
0.269,0.016,0.328,33.626,1.954,41.038,Shake
0.644,0.016,0.328,80.527,1.954,41.038,Shake
1.019,0.016,0.328,127.427,1.954,41.038,Shake
1.409,0.016,0.328,176.282,1.954,41.038,Shake
1.800,0.016,0.328,225.137,1.954,41.038,Shake
-1.809,0.016,0.328,-226.282,1.954,41.038,Shake
-1.419,0.016,0.328,-177.427,1.954,41.038,Shake
-1.028,0.016,0.328,-128.573,1.954,41.038,Shake
-0.637,0.016,0.328,-79.718,1.954,41.038,Shake
-0.247,0.016,0.328,-30.863,1.954,41.038,Shake
0.144,0.016,0.328,18.000,1.954,41.038,Shake
0.519,0.016,0.328,64.901,1.954,41.038,Shake
0.894,0.016,0.328,111.802,1.954,41.038,Shake
1.285,0.016,0.328,160.656,1.954,41.038,Shake
1.675,0.016,0.328,209.511,1.954,41.038,Shake
-1.934,0.016,0.328,-241.908,1.954,41.038,Shake
-1.544,0.016,0.328,-193.053,1.954,41.038,Shake
-1.153,0.016,0.328,-144.198,1.954,41.038,Shake
-0.762,0.016,0.328,-95.344,1.954,41.038,Shake
-0.372,0.016,0.328,-46.489,1.954,41.038,Shake
0.019,0.016,0.328,2.374,1.954,41.038,Shake
0.394,0.016,0.328,49.275,1.954,41.038,Shake
0.769,0.016,0.328,96.176,1.954,41.038,Shake
1.144,0.016,0.328,143.076,1.954,41.038,Shake
1.535,0.016,0.328,191.931,1.954,41.038,Shake
1.925,0.016,0.328,240.786,1.954,41.038,Shake
-1.684,0.016,0.328,-210.634,1.954,41.038,Shake
-1.294,0.016,0.328,-161.779,1.954,41.038,Shake
-0.903,0.016,0.328,-112.924,1.954,41.038,Shake
-0.512,0.016,0.328,-64.069,1.954,41.038,Shake
-0.122,0.016,0.328,-15.214,1.954,41.038,Shake
0.269,0.016,0.328,33.649,1.954,41.038,Shake
0.644,0.016,0.328,80.550,1.954,41.038,Shake
1.019,0.016,0.328,127.450,1.954,41.038,Shake
1.410,0.016,0.328,176.305,1.954,41.038,Shake
1.800,0.016,0.328,225.160,1.954,41.038,Shake
-1.809,0.016,0.328,-226.260,1.954,41.038,Shake
-1.418,0.016,0.328,-177.405,1.954,41.038,Shake
-1.028,0.016,0.328,-128.550,1.954,41.038,Shake
-0.637,0.016,0.328,-79.695,1.954,41.038,Shake
-0.247,0.016,0.328,-30.840,1.954,41.038,Shake
0.144,0.016,0.328,18.023,1.954,41.038,Shake
0.519,0.016,0.328,64.924,1.954,41.038,Shake
0.894,0.016,0.328,111.824,1.954,41.038,Shake
1.285,0.016,0.328,160.679,1.954,41.038,Shake
1.675,0.016,0.328,209.534,1.954,41.038,Shake
-1.934,0.016,0.328,-241.885,1.954,41.038,Shake
-1.543,0.016,0.328,-193.031,1.954,41.038,Shake
-1.153,0.016,0.328,-144.176,1.954,41.038,Shake
-0.762,0.016,0.328,-95.321,1.954,41.038,Shake
-0.372,0.016,0.328,-46.466,1.954,41.038,Shake
0.019,0.016,0.328,2.397,1.954,41.038,Shake
0.394,0.016,0.328,49.298,1.954,41.038,Shake
0.769,0.016,0.328,96.198,1.954,41.038,Shake
1.144,0.016,0.328,143.099,1.954,41.038,Shake
1.535,0.016,0.328,191.954,1.954,41.038,Shake
1.925,0.016,0.328,240.809,1.954,41.038,Shake
-1.684,0.016,0.328,-210.611,1.954,41.038,Shake
-1.293,0.016,0.328,-161.756,1.954,41.038,Shake
-0.903,0.016,0.328,-112.901,1.954,41.038,Shake
-0.512,0.016,0.328,-64.046,1.954,41.038,Shake
-0.121,0.016,0.328,-15.191,1.954,41.038,Shake
0.269,0.016,0.328,33.672,1.954,41.038,Shake
0.644,0.016,0.328,80.573,1.954,41.038,Shake
1.019,0.016,0.328,127.473,1.954,41.038,Shake
1.410,0.016,0.328,176.328,1.954,41.038,Shake
1.800,0.016,0.328,225.183,1.954,41.038,Shake
-1.809,0.016,0.328,-226.237,1.954,41.038,Shake
-1.418,0.016,0.328,-177.382,1.954,41.038,Shake
-1.028,0.016,0.328,-128.527,1.954,41.038,Shake
-0.637,0.016,0.328,-79.672,1.954,41.038,Shake
-0.246,0.016,0.328,-30.817,1.954,41.038,Shake
0.144,0.016,0.328,18.046,1.954,41.038,Shake
0.519,0.016,0.328,64.947,1.954,41.038,Shake
0.894,0.016,0.328,111.847,1.954,41.038,Shake
1.285,0.016,0.328,160.702,1.954,41.038,Shake
1.676,0.016,0.328,209.557,1.954,41.038,Shake
-1.934,0.016,0.328,-241.863,1.954,41.038,Shake
-1.543,0.016,0.328,-193.008,1.954,41.038,Shake
-1.153,0.016,0.328,-144.153,1.954,41.038,Shake
-0.762,0.016,0.328,-95.298,1.954,41.038,Shake
-0.371,0.016,0.328,-46.443,1.954,41.038,Shake
0.019,0.016,0.328,2.420,1.954,41.038,Shake
0.394,0.016,0.328,49.321,1.954,41.038,Shake
0.769,0.016,0.328,96.221,1.954,41.038,Shake
1.144,0.016,0.328,143.122,1.954,41.038,Shake
1.535,0.016,0.328,191.977,1.954,41.038,Shake
1.926,0.016,0.328,240.832,1.954,41.038,Shake
-1.684,0.016,0.328,-210.588,1.954,41.038,Shake
-1.293,0.016,0.328,-161.733,1.954,41.038,Shake
-0.903,0.016,0.328,-112.878,1.954,41.038,Shake
-0.512,0.016,0.328,-64.023,1.954,41.038,Shake
-0.121,0.016,0.328,-15.168,1.954,41.038,Shake
0.269,0.016,0.328,33.695,1.954,41.038,Shake
0.644,0.016,0.328,80.595,1.954,41.038,Shake
1.019,0.016,0.328,127.496,1.954,41.038,Shake
1.410,0.016,0.328,176.351,1.954,41.038,Shake
1.801,0.016,0.328,225.206,1.954,41.038,Shake
-1.809,0.016,0.328,-226.214,1.954,41.038,Shake
-1.418,0.016,0.328,-177.359,1.954,41.038,Shake
-1.027,0.016,0.328,-128.504,1.954,41.038,Shake
-0.637,0.016,0.328,-79.649,1.954,41.038,Shake
-0.246,0.016,0.328,-30.794,1.954,41.038,Shake
0.144,0.016,0.328,18.069,1.954,41.038,Shake
0.519,0.016,0.328,64.969,1.954,41.038,Shake
0.894,0.016,0.328,111.870,1.954,41.038,Shake
1.285,0.016,0.328,160.725,1.954,41.038,Shake
1.676,0.016,0.328,209.580,1.954,41.038,Shake
-1.934,0.016,0.328,-241.840,1.954,41.038,Shake
-1.543,0.016,0.328,-192.985,1.954,41.038,Shake
-1.152,0.016,0.328,-144.130,1.954,41.038,Shake
-0.762,0.016,0.328,-95.275,1.954,41.038,Shake
-0.371,0.016,0.328,-46.420,1.954,41.038,Shake
0.020,0.016,0.328,2.443,1.954,41.038,Shake
0.395,0.016,0.328,49.344,1.954,41.038,Shake
0.770,0.016,0.328,96.244,1.954,41.038,Shake
1.145,0.016,0.328,143.145,1.954,41.038,Shake
1.535,0.016,0.328,192.000,1.954,41.038,Shake
1.926,0.016,0.328,240.855,1.954,41.038,Shake
-1.684,0.016,0.328,-210.565,1.954,41.038,Shake
-1.293,0.016,0.328,-161.710,1.954,41.038,Shake
-0.902,0.016,0.328,-112.855,1.954,41.038,Shake
-0.512,0.016,0.328,-64.000,1.954,41.038,Shake
-0.121,0.016,0.328,-15.145,1.954,41.038,Shake
0.270,0.016,0.328,33.718,1.954,41.038,Shake
0.645,0.016,0.328,80.618,1.954,41.038,Shake
1.020,0.016,0.328,127.519,1.954,41.038,Shake
1.410,0.016,0.328,176.374,1.954,41.038,Shake
1.801,0.016,0.328,225.229,1.954,41.038,Shake
-1.809,0.016,0.328,-226.191,1.954,41.038,Shake
-1.418,0.016,0.328,-177.336,1.954,41.038,Shake
-1.027,0.016,0.328,-128.481,1.954,41.038,Shake
-0.637,0.016,0.328,-79.626,1.954,41.038,Shake
-0.246,0.016,0.328,-30.771,1.954,41.038,Shake
0.145,0.016,0.328,18.092,1.954,41.038,Shake
0.520,0.016,0.328,64.992,1.954,41.038,Shake
0.895,0.016,0.328,111.893,1.954,41.038,Shake
1.285,0.016,0.328,160.748,1.954,41.038,Shake
1.676,0.016,0.328,209.603,1.954,41.038,Shake
-1.933,0.016,0.328,-241.817,1.954,41.038,Shake
-1.543,0.016,0.328,-192.962,1.954,41.038,Shake
-1.152,0.016,0.328,-144.107,1.954,41.038,Shake
-0.762,0.016,0.328,-95.252,1.954,41.038,Shake
-0.371,0.016,0.328,-46.397,1.954,41.038,Shake
0.020,0.016,0.328,2.466,1.954,41.038,Shake
0.395,0.016,0.328,49.366,1.954,41.038,Shake
0.770,0.016,0.328,96.267,1.954,41.038,Shake
1.145,0.016,0.328,143.168,1.954,41.038,Shake
1.535,0.016,0.328,192.023,1.954,41.038,Shake
1.926,0.016,0.328,240.878,1.954,41.038,Shake
-1.683,0.016,0.328,-210.542,1.954,41.038,Shake
-1.293,0.016,0.328,-161.687,1.954,41.038,Shake
-0.902,0.016,0.328,-112.832,1.954,41.038,Shake
-0.512,0.016,0.328,-63.977,1.954,41.038,Shake
-0.121,0.016,0.328,-15.122,1.954,41.038,Shake
0.270,0.016,0.328,33.740,1.954,41.038,Shake
0.645,0.016,0.328,80.641,1.954,41.038,Shake
1.020,0.016,0.328,127.542,1.954,41.038,Shake
1.410,0.016,0.328,176.397,1.954,41.038,Shake
1.801,0.016,0.328,225.252,1.954,41.038,Shake
-1.808,0.016,0.328,-226.168,1.954,41.038,Shake
-1.418,0.016,0.328,-177.313,1.954,41.038,Shake
-1.027,0.016,0.328,-128.458,1.954,41.038,Shake
-0.636,0.016,0.328,-79.603,1.954,41.038,Shake
-0.246,0.016,0.328,-30.748,1.954,41.038,Shake
0.145,0.016,0.328,18.115,1.954,41.038,Shake
0.520,0.016,0.328,65.015,1.954,41.038,Shake
0.895,0.016,0.328,111.916,1.954,41.038,Shake
1.285,0.016,0.328,160.771,1.954,41.038,Shake
1.676,0.016,0.328,209.626,1.954,41.038,Shake
-1.933,0.016,0.328,-241.794,1.954,41.038,Shake
-1.543,0.016,0.328,-192.939,1.954,41.038,Shake
-1.152,0.016,0.328,-144.084,1.954,41.038,Shake
-0.761,0.016,0.328,-95.229,1.954,41.038,Shake
-0.371,0.016,0.328,-46.374,1.954,41.038,Shake
0.020,0.016,0.328,2.489,1.954,41.038,Shake
0.395,0.016,0.328,49.389,1.954,41.038,Shake
0.770,0.016,0.328,96.290,1.954,41.038,Shake
1.145,0.016,0.328,143.191,1.954,41.038,Shake
1.536,0.016,0.328,192.046,1.954,41.038,Shake
1.926,0.016,0.328,240.901,1.954,41.038,Shake
-1.683,0.016,0.328,-210.519,1.954,41.038,Shake
-1.293,0.016,0.328,-161.664,1.954,41.038,Shake
-0.902,0.016,0.328,-112.809,1.954,41.038,Shake
-0.511,0.016,0.328,-63.954,1.954,41.038,Shake
-0.121,0.016,0.328,-15.099,1.954,41.038,Shake
0.270,0.016,0.328,33.763,1.954,41.038,Shake
0.645,0.016,0.328,80.664,1.954,41.038,Shake
1.020,0.016,0.328,127.565,1.954,41.038,Shake
1.411,0.016,0.328,176.420,1.954,41.038,Shake
1.801,0.016,0.328,225.275,1.954,41.038,Shake
-1.808,0.016,0.328,-226.145,1.954,41.038,Shake
-1.418,0.016,0.328,-177.290,1.954,41.038,Shake
-1.027,0.016,0.328,-128.435,1.954,41.038,Shake
-0.636,0.016,0.328,-79.580,1.954,41.038,Shake
-0.246,0.016,0.328,-30.725,1.954,41.038,Shake
0.145,0.016,0.328,18.137,1.954,41.038,Shake
0.520,0.016,0.328,65.038,1.954,41.038,Shake
0.895,0.016,0.328,111.939,1.954,41.038,Shake
1.286,0.016,0.328,160.794,1.954,41.038,Shake
1.676,0.016,0.328,209.649,1.954,41.038,Shake
-1.933,0.016,0.328,-241.771,1.954,41.038,Shake
-1.542,0.016,0.328,-192.916,1.954,41.038,Shake
-1.152,0.016,0.328,-144.061,1.954,41.038,Shake
-0.761,0.016,0.328,-95.206,1.954,41.038,Shake
-0.371,0.016,0.328,-46.351,1.954,41.038,Shake
0.020,0.016,0.328,2.511,1.954,41.038,Shake
0.395,0.016,0.328,49.412,1.954,41.038,Shake
0.770,0.016,0.328,96.313,1.954,41.038,Shake
1.145,0.016,0.328,143.214,1.954,41.038,Shake
1.536,0.016,0.328,192.069,1.954,41.038,Shake
1.926,0.016,0.328,240.924,1.954,41.038,Shake
-1.683,0.016,0.328,-210.496,1.954,41.038,Shake
-1.292,0.016,0.328,-161.641,1.954,41.038,Shake
-0.902,0.016,0.328,-112.786,1.954,41.038,Shake
-0.511,0.016,0.328,-63.931,1.954,41.038,Shake
-0.121,0.016,0.328,-15.076,1.954,41.038,Shake
0.270,0.016,0.328,33.786,1.954,41.038,Shake
0.645,0.016,0.328,80.687,1.954,41.038,Shake
1.020,0.016,0.328,127.588,1.954,41.038,Shake
1.411,0.016,0.328,176.443,1.954,41.038,Shake
1.801,0.016,0.328,225.298,1.954,41.038,Shake
-1.808,0.016,0.328,-226.122,1.954,41.038,Shake
-1.417,0.016,0.328,-177.267,1.954,41.038,Shake
-1.027,0.016,0.328,-128.412,1.954,41.038,Shake
-0.636,0.016,0.328,-79.557,1.954,41.038,Shake
-0.245,0.016,0.328,-30.702,1.954,41.038,Shake
0.145,0.016,0.328,18.160,1.954,41.038,Shake
0.520,0.016,0.328,65.061,1.954,41.038,Shake
0.895,0.016,0.328,111.962,1.954,41.038,Shake
1.286,0.016,0.328,160.817,1.954,41.038,Shake
1.676,0.016,0.328,209.672,1.954,41.038,Shake
-1.933,0.016,0.328,-241.748,1.954,41.038,Shake
-1.542,0.016,0.328,-192.893,1.954,41.038,Shake
-1.152,0.016,0.328,-144.038,1.954,41.038,Shake
-0.761,0.016,0.328,-95.183,1.954,41.038,Shake
-0.370,0.016,0.328,-46.328,1.954,41.038,Shake
0.020,0.016,0.328,2.534,1.954,41.038,Shake
0.395,0.016,0.328,49.435,1.954,41.038,Shake
0.770,0.016,0.328,96.336,1.954,41.038,Shake
1.145,0.016,0.328,143.237,1.954,41.038,Shake
1.536,0.016,0.328,192.092,1.954,41.038,Shake
1.927,0.016,0.328,240.947,1.954,41.038,Shake
-1.683,0.016,0.328,-210.473,1.954,41.038,Shake
-1.292,0.016,0.328,-161.618,1.954,41.038,Shake
-0.902,0.016,0.328,-112.763,1.954,41.038,Shake
-0.511,0.016,0.328,-63.908,1.954,41.038,Shake
-0.120,0.016,0.328,-15.053,1.954,41.038,Shake
0.270,0.016,0.328,33.809,1.954,41.038,Shake
0.645,0.016,0.328,80.710,1.954,41.038,Shake
1.020,0.016,0.328,127.611,1.954,41.038,Shake
1.411,0.016,0.328,176.466,1.954,41.038,Shake
1.802,0.016,0.328,225.321,1.954,41.038,Shake
-1.808,0.016,0.328,-226.099,1.954,41.038,Shake
-1.417,0.016,0.328,-177.244,1.954,41.038,Shake
-1.027,0.016,0.328,-128.389,1.954,41.038,Shake
-0.636,0.016,0.328,-79.534,1.954,41.038,Shake
-0.245,0.016,0.328,-30.679,1.954,41.038,Shake
0.145,0.016,0.328,18.183,1.954,41.038,Shake
0.520,0.016,0.328,65.084,1.954,41.038,Shake
0.895,0.016,0.328,111.985,1.954,41.038,Shake
1.286,0.016,0.328,160.840,1.954,41.038,Shake
1.677,0.016,0.328,209.695,1.954,41.038,Shake
-1.933,0.016,0.328,-241.725,1.954,41.038,Shake
-1.542,0.016,0.328,-192.870,1.954,41.038,Shake
-1.151,0.016,0.328,-144.015,1.954,41.038,Shake
-0.761,0.016,0.328,-95.160,1.954,41.038,Shake
-0.370,0.016,0.328,-46.305,1.954,41.038,Shake
0.020,0.016,0.328,2.557,1.954,41.038,Shake
0.395,0.016,0.328,49.458,1.954,41.038,Shake
0.770,0.016,0.328,96.359,1.954,41.038,Shake
1.145,0.016,0.328,143.260,1.954,41.038,Shake
1.536,0.016,0.328,192.115,1.954,41.038,Shake
1.927,0.016,0.328,240.969,1.954,41.038,Shake
-1.683,0.016,0.328,-210.450,1.954,41.038,Shake
-1.292,0.016,0.328,-161.595,1.954,41.038,Shake
-0.901,0.016,0.328,-112.740,1.954,41.038,Shake
-0.511,0.016,0.328,-63.885,1.954,41.038,Shake
-0.120,0.016,0.328,-15.031,1.954,41.038,Shake
0.271,0.016,0.328,33.832,1.954,41.038,Shake
0.646,0.016,0.328,80.733,1.954,41.038,Shake
1.021,0.016,0.328,127.634,1.954,41.038,Shake
1.411,0.016,0.328,176.489,1.954,41.038,Shake
1.802,0.016,0.328,225.344,1.954,41.038,Shake
-1.808,0.016,0.328,-226.076,1.954,41.038,Shake
-1.417,0.016,0.328,-177.221,1.954,41.038,Shake
-1.026,0.016,0.328,-128.366,1.954,41.038,Shake
-0.636,0.016,0.328,-79.511,1.954,41.038,Shake
-0.245,0.016,0.328,-30.656,1.954,41.038,Shake
0.146,0.016,0.328,18.206,1.954,41.038,Shake
0.521,0.016,0.328,65.107,1.954,41.038,Shake
0.896,0.016,0.328,112.008,1.954,41.038,Shake
1.286,0.016,0.328,160.863,1.954,41.038,Shake
1.677,0.016,0.328,209.718,1.954,41.038,Shake
-1.933,0.016,0.328,-241.702,1.954,41.038,Shake
-1.542,0.016,0.328,-192.847,1.954,41.038,Shake
-1.151,0.016,0.328,-143.992,1.954,41.038,Shake
-0.761,0.016,0.328,-95.137,1.954,41.038,Shake
-0.370,0.016,0.328,-46.282,1.954,41.038,Shake
0.021,0.016,0.328,2.580,1.954,41.038,Shake
0.396,0.016,0.328,49.481,1.954,41.038,Shake
0.771,0.016,0.328,96.382,1.954,41.038,Shake
1.146,0.016,0.328,143.282,1.954,41.038,Shake
1.536,0.016,0.328,192.137,1.954,41.038,Shake
1.927,0.016,0.328,240.992,1.954,41.038,Shake
-1.682,0.016,0.328,-210.427,1.954,41.038,Shake
-1.292,0.016,0.328,-161.573,1.954,41.038,Shake
-0.901,0.016,0.328,-112.718,1.954,41.038,Shake
-0.511,0.016,0.328,-63.863,1.954,41.038,Shake
-0.120,0.016,0.328,-15.008,1.954,41.038,Shake
0.271,0.016,0.328,33.855,1.954,41.038,Shake
0.646,0.016,0.328,80.756,1.954,41.038,Shake
1.021,0.016,0.328,127.656,1.954,41.038,Shake
1.411,0.016,0.328,176.511,1.954,41.038,Shake
1.802,0.016,0.328,225.366,1.954,41.038,Shake
-1.807,0.016,0.328,-226.053,1.954,41.038,Shake
-1.417,0.016,0.328,-177.198,1.954,41.038,Shake
-1.026,0.016,0.328,-128.344,1.954,41.038,Shake
-0.636,0.016,0.328,-79.489,1.954,41.038,Shake
-0.245,0.016,0.328,-30.634,1.954,41.038,Shake
0.146,0.016,0.328,18.229,1.954,41.038,Shake
0.521,0.016,0.328,65.130,1.954,41.038,Shake
0.896,0.016,0.328,112.031,1.954,41.038,Shake
1.286,0.016,0.328,160.885,1.954,41.038,Shake
1.677,0.016,0.328,209.740,1.954,41.038,Shake
-1.932,0.016,0.328,-241.679,1.954,41.038,Shake
-1.542,0.016,0.328,-192.824,1.954,41.038,Shake
-1.151,0.016,0.328,-143.969,1.954,41.038,Shake
-0.760,0.016,0.328,-95.115,1.954,41.038,Shake
-0.370,0.016,0.328,-46.260,1.954,41.038,Shake
0.021,0.016,0.328,2.603,1.954,41.038,Shake
0.396,0.016,0.328,49.504,1.954,41.038,Shake
0.771,0.016,0.328,96.405,1.954,41.038,Shake
1.146,0.016,0.328,143.305,1.954,41.038,Shake
1.536,0.016,0.328,192.160,1.954,41.038,Shake
1.927,0.016,0.328,241.015,1.954,41.038,Shake
-1.682,0.016,0.328,-210.405,1.954,41.038,Shake
-1.292,0.016,0.328,-161.550,1.954,41.038,Shake
-0.901,0.016,0.328,-112.695,1.954,41.038,Shake
-0.510,0.016,0.328,-63.840,1.954,41.038,Shake
-0.120,0.016,0.328,-14.985,1.954,41.038,Shake
0.271,0.016,0.328,33.878,1.954,41.038,Shake
0.646,0.016,0.328,80.779,1.954,41.038,Shake
1.021,0.016,0.328,127.679,1.954,41.038,Shake
1.411,0.016,0.328,176.534,1.954,41.038,Shake
1.802,0.016,0.328,225.389,1.954,41.038,Shake
-1.807,0.016,0.328,-226.031,1.954,41.038,Shake
-1.417,0.016,0.328,-177.176,1.954,41.038,Shake
-1.026,0.016,0.328,-128.321,1.954,41.038,Shake
-0.635,0.016,0.328,-79.466,1.954,41.038,Shake
-0.245,0.016,0.328,-30.611,1.954,41.038,Shake
0.146,0.016,0.328,18.252,1.954,41.038,Shake
0.521,0.016,0.328,65.153,1.954,41.038,Shake
0.896,0.016,0.328,112.053,1.954,41.038,Shake
1.287,0.016,0.328,160.908,1.954,41.038,Shake
1.677,0.016,0.328,209.763,1.954,41.038,Shake
-1.932,0.016,0.328,-241.656,1.954,41.038,Shake
-1.542,0.016,0.328,-192.802,1.954,41.038,Shake
-1.151,0.016,0.328,-143.947,1.954,41.038,Shake
-0.760,0.016,0.328,-95.092,1.954,41.038,Shake
-0.370,0.016,0.328,-46.237,1.954,41.038,Shake
0.021,0.016,0.328,2.626,1.954,41.038,Shake
0.396,0.016,0.328,49.527,1.954,41.038,Shake
0.771,0.016,0.328,96.427,1.954,41.038,Shake
1.146,0.016,0.328,143.328,1.954,41.038,Shake
1.537,0.016,0.328,192.183,1.954,41.038,Shake
1.927,0.016,0.328,241.038,1.954,41.038,Shake
-1.682,0.016,0.328,-210.382,1.954,41.038,Shake
-1.292,0.016,0.328,-161.527,1.954,41.038,Shake
-0.901,0.016,0.328,-112.672,1.954,41.038,Shake
-0.510,0.016,0.328,-63.817,1.954,41.038,Shake
-0.120,0.016,0.328,-14.962,1.954,41.038,Shake
0.271,0.016,0.328,33.901,1.954,41.038,Shake
0.646,0.016,0.328,80.802,1.954,41.038,Shake
1.021,0.016,0.328,127.702,1.954,41.038,Shake
1.412,0.016,0.328,176.557,1.954,41.038,Shake
1.802,0.016,0.328,225.412,1.954,41.038,Shake
-1.807,0.016,0.328,-226.008,1.954,41.038,Shake
-1.416,0.016,0.328,-177.153,1.954,41.038,Shake
-1.026,0.016,0.328,-128.298,1.954,41.038,Shake
-0.635,0.016,0.328,-79.443,1.954,41.038,Shake
-0.245,0.016,0.328,-30.588,1.954,41.038,Shake
0.146,0.016,0.328,18.275,1.954,41.038,Shake
0.521,0.016,0.328,65.176,1.954,41.038,Shake
0.896,0.016,0.328,112.076,1.954,41.038,Shake
1.287,0.016,0.328,160.931,1.954,41.038,Shake
1.677,0.016,0.328,209.786,1.954,41.038,Shake
-1.932,0.016,0.328,-241.634,1.954,41.038,Shake
-1.541,0.016,0.328,-192.779,1.954,41.038,Shake
-1.151,0.016,0.328,-143.924,1.954,41.038,Shake
-0.760,0.016,0.328,-95.069,1.954,41.038,Shake
-0.370,0.016,0.328,-46.214,1.954,41.038,Shake
0.021,0.016,0.328,2.649,1.954,41.038,Shake
0.396,0.016,0.328,49.550,1.954,41.038,Shake
0.771,0.016,0.328,96.450,1.954,41.038,Shake
1.146,0.016,0.328,143.351,1.954,41.038,Shake
1.537,0.016,0.328,192.206,1.954,41.038,Shake
1.927,0.016,0.328,241.061,1.954,41.038,Shake
-1.682,0.016,0.328,-210.359,1.954,41.038,Shake
-1.291,0.016,0.328,-161.504,1.954,41.038,Shake
-0.901,0.016,0.328,-112.649,1.954,41.038,Shake
-0.510,0.016,0.328,-63.794,1.954,41.038,Shake
-0.119,0.016,0.328,-14.939,1.954,41.038,Shake
0.271,0.016,0.328,33.924,1.954,41.038,Shake
0.646,0.016,0.328,80.824,1.954,41.038,Shake
1.021,0.016,0.328,127.725,1.954,41.038,Shake
1.412,0.016,0.328,176.580,1.954,41.038,Shake
1.802,0.016,0.328,225.435,1.954,41.038,Shake
-1.807,0.016,0.328,-225.985,1.954,41.038,Shake
-1.416,0.016,0.328,-177.130,1.954,41.038,Shake
-1.026,0.016,0.328,-128.275,1.954,41.038,Shake
-0.635,0.016,0.328,-79.420,1.954,41.038,Shake
-0.244,0.016,0.328,-30.565,1.954,41.038,Shake
0.146,0.016,0.328,18.298,1.954,41.038,Shake
0.521,0.016,0.328,65.198,1.954,41.038,Shake
0.896,0.016,0.328,112.099,1.954,41.038,Shake
1.287,0.016,0.328,160.954,1.954,41.038,Shake
1.678,0.016,0.328,209.809,1.954,41.038,Shake
-1.932,0.016,0.328,-241.611,1.954,41.038,Shake
-1.541,0.016,0.328,-192.756,1.954,41.038,Shake
-1.151,0.016,0.328,-143.901,1.954,41.038,Shake
-0.760,0.016,0.328,-95.046,1.954,41.038,Shake
-0.369,0.016,0.328,-46.191,1.954,41.038,Shake
0.021,0.016,0.328,2.672,1.954,41.038,Shake
0.396,0.016,0.328,49.573,1.954,41.038,Shake
0.771,0.016,0.328,96.473,1.954,41.038,Shake
1.146,0.016,0.328,143.374,1.954,41.038,Shake
1.537,0.016,0.328,192.229,1.954,41.038,Shake
1.928,0.016,0.328,241.084,1.954,41.038,Shake
-1.682,0.016,0.328,-210.336,1.954,41.038,Shake
-1.291,0.016,0.328,-161.481,1.954,41.038,Shake
-0.901,0.016,0.328,-112.626,1.954,41.038,Shake
-0.510,0.016,0.328,-63.771,1.954,41.038,Shake
-0.119,0.016,0.328,-14.916,1.954,41.038,Shake
0.271,0.016,0.328,33.947,1.954,41.038,Shake
0.646,0.016,0.328,80.847,1.954,41.038,Shake
1.021,0.016,0.328,127.748,1.954,41.038,Shake
1.412,0.016,0.328,176.603,1.954,41.038,Shake
1.803,0.016,0.328,225.458,1.954,41.038,Shake
-1.807,0.016,0.328,-225.962,1.954,41.038,Shake
-1.416,0.016,0.328,-177.107,1.954,41.038,Shake
-1.025,0.016,0.328,-128.252,1.954,41.038,Shake
-0.635,0.016,0.328,-79.397,1.954,41.038,Shake
-0.244,0.016,0.328,-30.542,1.954,41.038,Shake
0.146,0.016,0.328,18.321,1.954,41.038,Shake
0.521,0.016,0.328,65.221,1.954,41.038,Shake
0.896,0.016,0.328,112.122,1.954,41.038,Shake
1.287,0.016,0.328,160.977,1.954,41.038,Shake
1.678,0.016,0.328,209.832,1.954,41.038,Shake
-1.932,0.016,0.328,-241.588,1.954,41.038,Shake
-1.541,0.016,0.328,-192.733,1.954,41.038,Shake
-1.150,0.016,0.328,-143.878,1.954,41.038,Shake
-0.760,0.016,0.328,-95.023,1.954,41.038,Shake
-0.369,0.016,0.328,-46.168,1.954,41.038,Shake
0.022,0.016,0.328,2.695,1.954,41.038,Shake
0.397,0.016,0.328,49.595,1.954,41.038,Shake
0.772,0.016,0.328,96.496,1.954,41.038,Shake
1.147,0.016,0.328,143.397,1.954,41.038,Shake
1.537,0.016,0.328,192.252,1.954,41.038,Shake
1.928,0.016,0.328,241.107,1.954,41.038,Shake
-1.682,0.016,0.328,-210.313,1.954,41.038,Shake
-1.291,0.016,0.328,-161.458,1.954,41.038,Shake
-0.900,0.016,0.328,-112.603,1.954,41.038,Shake
-0.510,0.016,0.328,-63.748,1.954,41.038,Shake
-0.119,0.016,0.328,-14.893,1.954,41.038,Shake
0.272,0.016,0.328,33.969,1.954,41.038,Shake
0.647,0.016,0.328,80.870,1.954,41.038,Shake
1.022,0.016,0.328,127.771,1.954,41.038,Shake
1.412,0.016,0.328,176.626,1.954,41.038,Shake
1.803,0.016,0.328,225.481,1.954,41.038,Shake
-1.807,0.016,0.328,-225.939,1.954,41.038,Shake
-1.416,0.016,0.328,-177.084,1.954,41.038,Shake
-1.025,0.016,0.328,-128.229,1.954,41.038,Shake
-0.635,0.016,0.328,-79.374,1.954,41.038,Shake
-0.244,0.016,0.328,-30.519,1.954,41.038,Shake
0.147,0.016,0.328,18.344,1.954,41.038,Shake
0.522,0.016,0.328,65.244,1.954,41.038,Shake
0.897,0.016,0.328,112.145,1.954,41.038,Shake
1.287,0.016,0.328,161.000,1.954,41.038,Shake
1.678,0.016,0.328,209.855,1.954,41.038,Shake
-1.931,0.016,0.328,-241.565,1.954,41.038,Shake
-1.541,0.016,0.328,-192.710,1.954,41.038,Shake
-1.150,0.016,0.328,-143.855,1.954,41.038,Shake
-0.760,0.016,0.328,-95.000,1.954,41.038,Shake
-0.369,0.016,0.328,-46.145,1.954,41.038,Shake
0.022,0.016,0.328,2.718,1.954,41.038,Shake
0.397,0.016,0.328,49.618,1.954,41.038,Shake
0.772,0.016,0.328,96.519,1.954,41.038,Shake
1.147,0.016,0.328,143.420,1.954,41.038,Shake
1.537,0.016,0.328,192.275,1.954,41.038,Shake
1.928,0.016,0.328,241.130,1.954,41.038,Shake
-1.681,0.016,0.328,-210.290,1.954,41.038,Shake
-1.291,0.016,0.328,-161.435,1.954,41.038,Shake
-0.900,0.016,0.328,-112.580,1.954,41.038,Shake
-0.510,0.016,0.328,-63.725,1.954,41.038,Shake
-0.119,0.016,0.328,-14.870,1.954,41.038,Shake
0.272,0.016,0.328,33.992,1.954,41.038,Shake
0.647,0.016,0.328,80.893,1.954,41.038,Shake
1.022,0.016,0.328,127.794,1.954,41.038,Shake
1.412,0.016,0.328,176.649,1.954,41.038,Shake
1.803,0.016,0.328,225.504,1.954,41.038,Shake
-1.806,0.016,0.328,-225.916,1.954,41.038,Shake
-1.416,0.016,0.328,-177.061,1.954,41.038,Shake
-1.025,0.016,0.328,-128.206,1.954,41.038,Shake
-0.634,0.016,0.328,-79.351,1.954,41.038,Shake
-0.244,0.016,0.328,-30.496,1.954,41.038,Shake
0.147,0.016,0.328,18.366,1.954,41.038,Shake
0.522,0.016,0.328,65.267,1.954,41.038,Shake
0.897,0.016,0.328,112.168,1.954,41.038,Shake
1.287,0.016,0.328,161.023,1.954,41.038,Shake
1.678,0.016,0.328,209.878,1.954,41.038,Shake
-1.931,0.016,0.328,-241.542,1.954,41.038,Shake
-1.541,0.016,0.328,-192.687,1.954,41.038,Shake
-1.150,0.016,0.328,-143.832,1.954,41.038,Shake
-0.759,0.016,0.328,-94.977,1.954,41.038,Shake
-0.369,0.016,0.328,-46.122,1.954,41.038,Shake
0.022,0.016,0.328,2.740,1.954,41.038,Shake
0.397,0.016,0.328,49.641,1.954,41.038,Shake
0.772,0.016,0.328,96.542,1.954,41.038,Shake
1.147,0.016,0.328,143.443,1.954,41.038,Shake
1.538,0.016,0.328,192.298,1.954,41.038,Shake
1.928,0.016,0.328,241.153,1.954,41.038,Shake
-1.681,0.016,0.328,-210.267,1.954,41.038,Shake
-1.291,0.016,0.328,-161.412,1.954,41.038,Shake
-0.900,0.016,0.328,-112.557,1.954,41.038,Shake
-0.509,0.016,0.328,-63.702,1.954,41.038,Shake
-0.119,0.016,0.328,-14.847,1.954,41.038,Shake
0.272,0.016,0.328,34.015,1.954,41.038,Shake
0.647,0.016,0.328,80.916,1.954,41.038,Shake
1.022,0.016,0.328,127.817,1.954,41.038,Shake
1.413,0.016,0.328,176.672,1.954,41.038,Shake
1.803,0.016,0.328,225.527,1.954,41.038,Shake
-1.806,0.016,0.328,-225.893,1.954,41.038,Shake
-1.416,0.016,0.328,-177.038,1.954,41.038,Shake
-1.025,0.016,0.328,-128.183,1.954,41.038,Shake
-0.634,0.016,0.328,-79.328,1.954,41.038,Shake
-0.244,0.016,0.328,-30.473,1.954,41.038,Shake
0.147,0.016,0.328,18.389,1.954,41.038,Shake
0.522,0.016,0.328,65.290,1.954,41.038,Shake
0.897,0.016,0.328,112.191,1.954,41.038,Shake
1.288,0.016,0.328,161.046,1.954,41.038,Shake
1.678,0.016,0.328,209.901,1.954,41.038,Shake
-1.931,0.016,0.328,-241.519,1.954,41.038,Shake
-1.540,0.016,0.328,-192.664,1.954,41.038,Shake
-1.150,0.016,0.328,-143.809,1.954,41.038,Shake
-0.759,0.016,0.328,-94.954,1.954,41.038,Shake
-0.369,0.016,0.328,-46.099,1.954,41.038,Shake
0.022,0.016,0.328,2.763,1.954,41.038,Shake
0.397,0.016,0.328,49.664,1.954,41.038,Shake
0.772,0.016,0.328,96.565,1.954,41.038,Shake
1.147,0.016,0.328,143.466,1.954,41.038,Shake
1.538,0.016,0.328,192.321,1.954,41.038,Shake
1.928,0.016,0.328,241.176,1.954,41.038,Shake
-1.681,0.016,0.328,-210.244,1.954,41.038,Shake
-1.290,0.016,0.328,-161.389,1.954,41.038,Shake
-0.900,0.016,0.328,-112.534,1.954,41.038,Shake
-0.509,0.016,0.328,-63.679,1.954,41.038,Shake
-0.119,0.016,0.328,-14.824,1.954,41.038,Shake
0.272,0.016,0.328,34.038,1.954,41.038,Shake
0.647,0.016,0.328,80.939,1.954,41.038,Shake
1.022,0.016,0.328,127.840,1.954,41.038,Shake
1.413,0.016,0.328,176.695,1.954,41.038,Shake
1.803,0.016,0.328,225.550,1.954,41.038,Shake
-1.806,0.016,0.328,-225.870,1.954,41.038,Shake
-1.415,0.016,0.328,-177.015,1.954,41.038,Shake
-1.025,0.016,0.328,-128.160,1.954,41.038,Shake
-0.634,0.016,0.328,-79.305,1.954,41.038,Shake
-0.243,0.016,0.328,-30.450,1.954,41.038,Shake
0.147,0.016,0.328,18.412,1.954,41.038,Shake
0.522,0.016,0.328,65.313,1.954,41.038,Shake
0.897,0.016,0.328,112.214,1.954,41.038,Shake
1.288,0.016,0.328,161.069,1.954,41.038,Shake
1.678,0.016,0.328,209.924,1.954,41.038,Shake
-1.931,0.016,0.328,-241.496,1.954,41.038,Shake
-1.540,0.016,0.328,-192.641,1.954,41.038,Shake
-1.150,0.016,0.328,-143.786,1.954,41.038,Shake
-0.759,0.016,0.328,-94.931,1.954,41.038,Shake
-0.368,0.016,0.328,-46.076,1.954,41.038,Shake
0.022,0.016,0.328,2.786,1.954,41.038,Shake
0.397,0.016,0.328,49.687,1.954,41.038,Shake
0.772,0.016,0.328,96.588,1.954,41.038,Shake
1.147,0.016,0.328,143.489,1.954,41.038,Shake
1.538,0.016,0.328,192.344,1.954,41.038,Shake
1.929,0.016,0.328,241.198,1.954,41.038,Shake
-1.681,0.016,0.328,-210.221,1.954,41.038,Shake
-1.290,0.016,0.328,-161.366,1.954,41.038,Shake
-0.900,0.016,0.328,-112.511,1.954,41.038,Shake
-0.509,0.016,0.328,-63.656,1.954,41.038,Shake
-0.118,0.016,0.328,-14.802,1.954,41.038,Shake
0.272,0.016,0.328,34.061,1.954,41.038,Shake
0.647,0.016,0.328,80.962,1.954,41.038,Shake
1.022,0.016,0.328,127.863,1.954,41.038,Shake
1.413,0.016,0.328,176.718,1.954,41.038,Shake
1.804,0.016,0.328,225.573,1.954,41.038,Shake
-1.806,0.016,0.328,-225.847,1.954,41.038,Shake
-1.415,0.016,0.328,-176.992,1.954,41.038,Shake
-1.025,0.016,0.328,-128.137,1.954,41.038,Shake
-0.634,0.016,0.328,-79.282,1.954,41.038,Shake
-0.243,0.016,0.328,-30.427,1.954,41.038,Shake
0.147,0.016,0.328,18.435,1.954,41.038,Shake
0.522,0.016,0.328,65.336,1.954,41.038,Shake
0.897,0.016,0.328,112.237,1.954,41.038,Shake
1.288,0.016,0.328,161.092,1.954,41.038,Shake
1.679,0.016,0.328,209.947,1.954,41.038,Shake
-1.931,0.016,0.328,-241.473,1.954,41.038,Shake
-1.540,0.016,0.328,-192.618,1.954,41.038,Shake
-1.149,0.016,0.328,-143.763,1.954,41.038,Shake
-0.759,0.016,0.328,-94.908,1.954,41.038,Shake
-0.368,0.016,0.328,-46.053,1.954,41.038,Shake
0.022,0.016,0.328,2.809,1.954,41.038,Shake
0.397,0.016,0.328,49.710,1.954,41.038,Shake
0.772,0.016,0.328,96.611,1.954,41.038,Shake
1.147,0.016,0.328,143.511,1.954,41.038,Shake
1.538,0.016,0.328,192.366,1.954,41.038,Shake
1.929,0.016,0.328,241.221,1.954,41.038,Shake
-1.681,0.016,0.328,-210.198,1.954,41.038,Shake
-1.290,0.016,0.328,-161.344,1.954,41.038,Shake
-0.899,0.016,0.328,-112.489,1.954,41.038,Shake
-0.509,0.016,0.328,-63.634,1.954,41.038,Shake
-0.118,0.016,0.328,-14.779,1.954,41.038,Shake
0.273,0.016,0.328,34.084,1.954,41.038,Shake
0.648,0.016,0.328,80.985,1.954,41.038,Shake
1.023,0.016,0.328,127.885,1.954,41.038,Shake
1.413,0.016,0.328,176.740,1.954,41.038,Shake
1.804,0.016,0.328,225.595,1.954,41.038,Shake
-1.806,0.016,0.328,-225.824,1.954,41.038,Shake
-1.415,0.016,0.328,-176.969,1.954,41.038,Shake
-1.024,0.016,0.328,-128.115,1.954,41.038,Shake
-0.634,0.016,0.328,-79.260,1.954,41.038,Shake
-0.243,0.016,0.328,-30.405,1.954,41.038,Shake
0.148,0.016,0.328,18.458,1.954,41.038,Shake
0.523,0.016,0.328,65.359,1.954,41.038,Shake
0.898,0.016,0.328,112.260,1.954,41.038,Shake
1.288,0.016,0.328,161.115,1.954,41.038,Shake
1.679,0.016,0.328,209.969,1.954,41.038,Shake
-1.931,0.016,0.328,-241.450,1.954,41.038,Shake
-1.540,0.016,0.328,-192.595,1.954,41.038,Shake
-1.149,0.016,0.328,-143.740,1.954,41.038,Shake
-0.759,0.016,0.328,-94.885,1.954,41.038,Shake
-0.368,0.016,0.328,-46.031,1.954,41.038,Shake
0.023,0.016,0.328,2.832,1.954,41.038,Shake
0.398,0.016,0.328,49.733,1.954,41.038,Shake
0.773,0.016,0.328,96.634,1.954,41.038,Shake
1.148,0.016,0.328,143.534,1.954,41.038,Shake
1.538,0.016,0.328,192.389,1.954,41.038,Shake
1.929,0.016,0.328,241.244,1.954,41.038,Shake
-1.680,0.016,0.328,-210.176,1.954,41.038,Shake
-1.290,0.016,0.328,-161.321,1.954,41.038,Shake
-0.899,0.016,0.328,-112.466,1.954,41.038,Shake
-0.509,0.016,0.328,-63.611,1.954,41.038,Shake
-0.118,0.016,0.328,-14.756,1.954,41.038,Shake
0.273,0.016,0.328,34.107,1.954,41.038,Shake
0.648,0.016,0.328,81.008,1.954,41.038,Shake
1.023,0.016,0.328,127.908,1.954,41.038,Shake
1.413,0.016,0.328,176.763,1.954,41.038,Shake
1.804,0.016,0.328,225.618,1.954,41.038,Shake
-1.805,0.016,0.328,-225.802,1.954,41.038,Shake
-1.415,0.016,0.328,-176.947,1.954,41.038,Shake
-1.024,0.016,0.328,-128.092,1.954,41.038,Shake
-0.634,0.016,0.328,-79.237,1.954,41.038,Shake
-0.243,0.016,0.328,-30.382,1.954,41.038,Shake
0.148,0.016,0.328,18.481,1.954,41.038,Shake
0.523,0.016,0.328,65.382,1.954,41.038,Shake
0.898,0.016,0.328,112.282,1.954,41.038,Shake
1.288,0.016,0.328,161.137,1.954,41.038,Shake
1.679,0.016,0.328,209.992,1.954,41.038,Shake
-1.930,0.016,0.328,-241.427,1.954,41.038,Shake
-1.540,0.016,0.328,-192.573,1.954,41.038,Shake
-1.149,0.016,0.328,-143.718,1.954,41.038,Shake
-0.758,0.016,0.328,-94.863,1.954,41.038,Shake
-0.368,0.016,0.328,-46.008,1.954,41.038,Shake
0.023,0.016,0.328,2.855,1.954,41.038,Shake
0.398,0.016,0.328,49.756,1.954,41.038,Shake
0.773,0.016,0.328,96.656,1.954,41.038,Shake
1.148,0.016,0.328,143.557,1.954,41.038,Shake
1.538,0.016,0.328,192.412,1.954,41.038,Shake
1.929,0.016,0.328,241.267,1.954,41.038,Shake
-1.680,0.016,0.328,-210.153,1.954,41.038,Shake
-1.290,0.016,0.328,-161.298,1.954,41.038,Shake
-0.899,0.016,0.328,-112.443,1.954,41.038,Shake
-0.508,0.016,0.328,-63.588,1.954,41.038,Shake
-0.118,0.016,0.328,-14.733,1.954,41.038,Shake
0.273,0.016,0.328,34.130,1.954,41.038,Shake
0.648,0.016,0.328,81.031,1.954,41.038,Shake
1.023,0.016,0.328,127.931,1.954,41.038,Shake
1.414,0.016,0.328,176.786,1.954,41.038,Shake
1.804,0.016,0.328,225.641,1.954,41.038,Shake
-1.805,0.016,0.328,-225.779,1.954,41.038,Shake
-1.415,0.016,0.328,-176.924,1.954,41.038,Shake
-1.024,0.016,0.328,-128.069,1.954,41.038,Shake
-0.633,0.016,0.328,-79.214,1.954,41.038,Shake
-0.243,0.016,0.328,-30.359,1.954,41.038,Shake
0.148,0.016,0.328,18.504,1.954,41.038,Shake
0.523,0.016,0.328,65.405,1.954,41.038,Shake
0.898,0.016,0.328,112.305,1.954,41.038,Shake
1.289,0.016,0.328,161.160,1.954,41.038,Shake
1.679,0.016,0.328,210.015,1.954,41.038,Shake
-1.930,0.016,0.328,-241.405,1.954,41.038,Shake
-1.540,0.016,0.328,-192.550,1.954,41.038,Shake
-1.149,0.016,0.328,-143.695,1.954,41.038,Shake
-0.758,0.016,0.328,-94.840,1.954,41.038,Shake
-0.368,0.016,0.328,-45.985,1.954,41.038,Shake
0.023,0.016,0.328,2.878,1.954,41.038,Shake
0.398,0.016,0.328,49.779,1.954,41.038,Shake
0.773,0.016,0.328,96.679,1.954,41.038,Shake
1.148,0.016,0.328,143.580,1.954,41.038,Shake
1.539,0.016,0.328,192.435,1.954,41.038,Shake
1.929,0.016,0.328,241.290,1.954,41.038,Shake
-1.680,0.016,0.328,-210.130,1.954,41.038,Shake
-1.289,0.016,0.328,-161.275,1.954,41.038,Shake
-0.899,0.016,0.328,-112.420,1.954,41.038,Shake
-0.508,0.016,0.328,-63.565,1.954,41.038,Shake
-0.118,0.016,0.328,-14.710,1.954,41.038,Shake
0.273,0.016,0.328,34.153,1.954,41.038,Shake
0.648,0.016,0.328,81.053,1.954,41.038,Shake
1.023,0.016,0.328,127.954,1.954,41.038,Shake
1.414,0.016,0.328,176.809,1.954,41.038,Shake
1.804,0.016,0.328,225.664,1.954,41.038,Shake
-1.805,0.016,0.328,-225.756,1.954,41.038,Shake
-1.414,0.016,0.328,-176.901,1.954,41.038,Shake
-1.024,0.016,0.328,-128.046,1.954,41.038,Shake
-0.633,0.016,0.328,-79.191,1.954,41.038,Shake
-0.243,0.016,0.328,-30.336,1.954,41.038,Shake
0.148,0.016,0.328,18.527,1.954,41.038,Shake
0.523,0.016,0.328,65.427,1.954,41.038,Shake
0.898,0.016,0.328,112.328,1.954,41.038,Shake
1.289,0.016,0.328,161.183,1.954,41.038,Shake
1.679,0.016,0.328,210.038,1.954,41.038,Shake
-1.930,0.016,0.328,-241.382,1.954,41.038,Shake
-1.539,0.016,0.328,-192.527,1.954,41.038,Shake
-1.149,0.016,0.328,-143.672,1.954,41.038,Shake
-0.758,0.016,0.328,-94.817,1.954,41.038,Shake
-0.367,0.016,0.328,-45.962,1.954,41.038,Shake
0.023,0.016,0.328,2.901,1.954,41.038,Shake
0.398,0.016,0.328,49.802,1.954,41.038,Shake
0.773,0.016,0.328,96.702,1.954,41.038,Shake
1.148,0.016,0.328,143.603,1.954,41.038,Shake
1.539,0.016,0.328,192.458,1.954,41.038,Shake
1.929,0.016,0.328,241.313,1.954,41.038,Shake
-1.680,0.016,0.328,-210.107,1.954,41.038,Shake
-1.289,0.016,0.328,-161.252,1.954,41.038,Shake
-0.899,0.016,0.328,-112.397,1.954,41.038,Shake
-0.508,0.016,0.328,-63.542,1.954,41.038,Shake
-0.117,0.016,0.328,-14.687,1.954,41.038,Shake
0.273,0.016,0.328,34.176,1.954,41.038,Shake
0.648,0.016,0.328,81.076,1.954,41.038,Shake
1.023,0.016,0.328,127.977,1.954,41.038,Shake
1.414,0.016,0.328,176.832,1.954,41.038,Shake
1.805,0.016,0.328,225.687,1.954,41.038,Shake
-1.805,0.016,0.328,-225.733,1.954,41.038,Shake
-1.414,0.016,0.328,-176.878,1.954,41.038,Shake
-1.024,0.016,0.328,-128.023,1.954,41.038,Shake
-0.633,0.016,0.328,-79.168,1.954,41.038,Shake
-0.242,0.016,0.328,-30.313,1.954,41.038,Shake
0.148,0.016,0.328,18.550,1.954,41.038,Shake
0.523,0.016,0.328,65.450,1.954,41.038,Shake
0.898,0.016,0.328,112.351,1.954,41.038,Shake
1.289,0.016,0.328,161.206,1.954,41.038,Shake
1.680,0.016,0.328,210.061,1.954,41.038,Shake
-1.930,0.016,0.328,-241.359,1.954,41.038,Shake
-1.539,0.016,0.328,-192.504,1.954,41.038,Shake
-1.149,0.016,0.328,-143.649,1.954,41.038,Shake
-0.758,0.016,0.328,-94.794,1.954,41.038,Shake
-0.367,0.016,0.328,-45.939,1.954,41.038,Shake
0.023,0.016,0.328,2.924,1.954,41.038,Shake
0.398,0.016,0.328,49.824,1.954,41.038,Shake
0.773,0.016,0.328,96.725,1.954,41.038,Shake
1.148,0.016,0.328,143.626,1.954,41.038,Shake
1.539,0.016,0.328,192.481,1.954,41.038,Shake
1.930,0.016,0.328,241.336,1.954,41.038,Shake
-1.680,0.016,0.328,-210.084,1.954,41.038,Shake
-1.289,0.016,0.328,-161.229,1.954,41.038,Shake
-0.898,0.016,0.328,-112.374,1.954,41.038,Shake
-0.508,0.016,0.328,-63.519,1.954,41.038,Shake
-0.117,0.016,0.328,-14.664,1.954,41.038,Shake
0.273,0.016,0.328,34.198,1.954,41.038,Shake
0.648,0.016,0.328,81.099,1.954,41.038,Shake
1.023,0.016,0.328,128.000,1.954,41.038,Shake
1.414,0.016,0.328,176.855,1.954,41.038,Shake
1.805,0.016,0.328,225.710,1.954,41.038,Shake
-1.805,0.016,0.328,-225.710,1.954,41.038,Shake
-1.414,0.016,0.328,-176.855,1.954,41.038,Shake
-1.023,0.016,0.328,-128.000,1.954,41.038,Shake
-0.633,0.016,0.328,-79.145,1.954,41.038,Shake
-0.242,0.016,0.328,-30.290,1.954,41.038,Shake
0.148,0.016,0.328,18.573,1.954,41.038,Shake
0.523,0.016,0.328,65.473,1.954,41.038,Shake
0.898,0.016,0.328,112.374,1.954,41.038,Shake
1.289,0.016,0.328,161.229,1.954,41.038,Shake
1.680,0.016,0.328,210.084,1.954,41.038,Shake
-1.930,0.016,0.328,-241.336,1.954,41.038,Shake
-1.539,0.016,0.328,-192.481,1.954,41.038,Shake
-1.148,0.016,0.328,-143.626,1.954,41.038,Shake
-0.758,0.016,0.328,-94.771,1.954,41.038,Shake
-0.367,0.016,0.328,-45.916,1.954,41.038,Shake
0.024,0.016,0.328,2.947,1.954,41.038,Shake
0.399,0.016,0.328,49.847,1.954,41.038,Shake
0.774,0.016,0.328,96.748,1.954,41.038,Shake
1.149,0.016,0.328,143.649,1.954,41.038,Shake
1.539,0.016,0.328,192.504,1.954,41.038,Shake
1.930,0.016,0.328,241.359,1.954,41.038,Shake
-1.680,0.016,0.328,-210.061,1.954,41.038,Shake
-1.289,0.016,0.328,-161.206,1.954,41.038,Shake
-0.898,0.016,0.328,-112.351,1.954,41.038,Shake
-0.508,0.016,0.328,-63.496,1.954,41.038,Shake
-0.117,0.016,0.328,-14.641,1.954,41.038,Shake
0.274,0.016,0.328,34.221,1.954,41.038,Shake
0.649,0.016,0.328,81.122,1.954,41.038,Shake
1.024,0.016,0.328,128.023,1.954,41.038,Shake
1.414,0.016,0.328,176.878,1.954,41.038,Shake
1.805,0.016,0.328,225.733,1.954,41.038,Shake
-1.805,0.016,0.328,-225.687,1.954,41.038,Shake
-1.414,0.016,0.328,-176.832,1.954,41.038,Shake
-1.023,0.016,0.328,-127.977,1.954,41.038,Shake
-0.633,0.016,0.328,-79.122,1.954,41.038,Shake
-0.242,0.016,0.328,-30.267,1.954,41.038,Shake
0.149,0.016,0.328,18.595,1.954,41.038,Shake
0.524,0.016,0.328,65.496,1.954,41.038,Shake
0.899,0.016,0.328,112.397,1.954,41.038,Shake
1.289,0.016,0.328,161.252,1.954,41.038,Shake
1.680,0.016,0.328,210.107,1.954,41.038,Shake
-1.929,0.016,0.328,-241.313,1.954,41.038,Shake
-1.539,0.016,0.328,-192.458,1.954,41.038,Shake
-1.148,0.016,0.328,-143.603,1.954,41.038,Shake
-0.758,0.016,0.328,-94.748,1.954,41.038,Shake
-0.367,0.016,0.328,-45.893,1.954,41.038,Shake
0.024,0.016,0.328,2.969,1.954,41.038,Shake
0.399,0.016,0.328,49.870,1.954,41.038,Shake
0.774,0.016,0.328,96.771,1.954,41.038,Shake
1.149,0.016,0.328,143.672,1.954,41.038,Shake
1.539,0.016,0.328,192.527,1.954,41.038,Shake
1.930,0.016,0.328,241.382,1.954,41.038,Shake
-1.679,0.016,0.328,-210.038,1.954,41.038,Shake
-1.289,0.016,0.328,-161.183,1.954,41.038,Shake
-0.898,0.016,0.328,-112.328,1.954,41.038,Shake
-0.508,0.016,0.328,-63.473,1.954,41.038,Shake
-0.117,0.016,0.328,-14.618,1.954,41.038,Shake
0.274,0.016,0.328,34.244,1.954,41.038,Shake
0.649,0.016,0.328,81.145,1.954,41.038,Shake
1.024,0.016,0.328,128.046,1.954,41.038,Shake
1.414,0.016,0.328,176.901,1.954,41.038,Shake
1.805,0.016,0.328,225.756,1.954,41.038,Shake
-1.804,0.016,0.328,-225.664,1.954,41.038,Shake
-1.414,0.016,0.328,-176.809,1.954,41.038,Shake
-1.023,0.016,0.328,-127.954,1.954,41.038,Shake
-0.632,0.016,0.328,-79.099,1.954,41.038,Shake
-0.242,0.016,0.328,-30.244,1.954,41.038,Shake
0.149,0.016,0.328,18.618,1.954,41.038,Shake
0.524,0.016,0.328,65.519,1.954,41.038,Shake
0.899,0.016,0.328,112.420,1.954,41.038,Shake
1.289,0.016,0.328,161.275,1.954,41.038,Shake
1.680,0.016,0.328,210.130,1.954,41.038,Shake
-1.929,0.016,0.328,-241.290,1.954,41.038,Shake
-1.539,0.016,0.328,-192.435,1.954,41.038,Shake
-1.148,0.016,0.328,-143.580,1.954,41.038,Shake
-0.757,0.016,0.328,-94.725,1.954,41.038,Shake
-0.367,0.016,0.328,-45.870,1.954,41.038,Shake
0.024,0.016,0.328,2.992,1.954,41.038,Shake
0.399,0.016,0.328,49.893,1.954,41.038,Shake
0.774,0.016,0.328,96.794,1.954,41.038,Shake
1.149,0.016,0.328,143.695,1.954,41.038,Shake
1.540,0.016,0.328,192.550,1.954,41.038,Shake
1.930,0.016,0.328,241.405,1.954,41.038,Shake
-1.679,0.016,0.328,-210.015,1.954,41.038,Shake
-1.289,0.016,0.328,-161.160,1.954,41.038,Shake
-0.898,0.016,0.328,-112.305,1.954,41.038,Shake
-0.507,0.016,0.328,-63.450,1.954,41.038,Shake
-0.117,0.016,0.328,-14.595,1.954,41.038,Shake
0.274,0.016,0.328,34.267,1.954,41.038,Shake
0.649,0.016,0.328,81.168,1.954,41.038,Shake
1.024,0.016,0.328,128.069,1.954,41.038,Shake
1.415,0.016,0.328,176.924,1.954,41.038,Shake
1.805,0.016,0.328,225.779,1.954,41.038,Shake
-1.804,0.016,0.328,-225.641,1.954,41.038,Shake
-1.414,0.016,0.328,-176.786,1.954,41.038,Shake
-1.023,0.016,0.328,-127.931,1.954,41.038,Shake
-0.632,0.016,0.328,-79.076,1.954,41.038,Shake
-0.242,0.016,0.328,-30.221,1.954,41.038,Shake
0.149,0.016,0.328,18.641,1.954,41.038,Shake
0.524,0.016,0.328,65.542,1.954,41.038,Shake
0.899,0.016,0.328,112.443,1.954,41.038,Shake
1.290,0.016,0.328,161.298,1.954,41.038,Shake
1.680,0.016,0.328,210.153,1.954,41.038,Shake
-1.929,0.016,0.328,-241.267,1.954,41.038,Shake
-1.538,0.016,0.328,-192.412,1.954,41.038,Shake
-1.148,0.016,0.328,-143.557,1.954,41.038,Shake
-0.757,0.016,0.328,-94.702,1.954,41.038,Shake
-0.367,0.016,0.328,-45.847,1.954,41.038,Shake
0.024,0.016,0.328,3.015,1.954,41.038,Shake
0.399,0.016,0.328,49.916,1.954,41.038,Shake
0.774,0.016,0.328,96.817,1.954,41.038,Shake
1.149,0.016,0.328,143.718,1.954,41.038,Shake
1.540,0.016,0.328,192.573,1.954,41.038,Shake
1.930,0.016,0.328,241.427,1.954,41.038,Shake
-1.679,0.016,0.328,-209.992,1.954,41.038,Shake
-1.288,0.016,0.328,-161.137,1.954,41.038,Shake
-0.898,0.016,0.328,-112.282,1.954,41.038,Shake
-0.507,0.016,0.328,-63.427,1.954,41.038,Shake
-0.117,0.016,0.328,-14.573,1.954,41.038,Shake
0.274,0.016,0.328,34.290,1.954,41.038,Shake
0.649,0.016,0.328,81.191,1.954,41.038,Shake
1.024,0.016,0.328,128.092,1.954,41.038,Shake
1.415,0.016,0.328,176.947,1.954,41.038,Shake
1.805,0.016,0.328,225.802,1.954,41.038,Shake
-1.804,0.016,0.328,-225.618,1.954,41.038,Shake
-1.413,0.016,0.328,-176.763,1.954,41.038,Shake
-1.023,0.016,0.328,-127.908,1.954,41.038,Shake
-0.632,0.016,0.328,-79.053,1.954,41.038,Shake
-0.241,0.016,0.328,-30.198,1.954,41.038,Shake
0.149,0.016,0.328,18.664,1.954,41.038,Shake
0.524,0.016,0.328,65.565,1.954,41.038,Shake
0.899,0.016,0.328,112.466,1.954,41.038,Shake
1.290,0.016,0.328,161.321,1.954,41.038,Shake
1.680,0.016,0.328,210.176,1.954,41.038,Shake
-1.929,0.016,0.328,-241.244,1.954,41.038,Shake
-1.538,0.016,0.328,-192.389,1.954,41.038,Shake
-1.148,0.016,0.328,-143.534,1.954,41.038,Shake
-0.757,0.016,0.328,-94.679,1.954,41.038,Shake
-0.366,0.016,0.328,-45.824,1.954,41.038,Shake
0.024,0.016,0.328,3.038,1.954,41.038,Shake
0.399,0.016,0.328,49.939,1.954,41.038,Shake
0.774,0.016,0.328,96.840,1.954,41.038,Shake
1.149,0.016,0.328,143.740,1.954,41.038,Shake
1.540,0.016,0.328,192.595,1.954,41.038,Shake
1.931,0.016,0.328,241.450,1.954,41.038,Shake
-1.679,0.016,0.328,-209.969,1.954,41.038,Shake
-1.288,0.016,0.328,-161.115,1.954,41.038,Shake
-0.898,0.016,0.328,-112.260,1.954,41.038,Shake
-0.507,0.016,0.328,-63.405,1.954,41.038,Shake
-0.116,0.016,0.328,-14.550,1.954,41.038,Shake
0.274,0.016,0.328,34.313,1.954,41.038,Shake
0.649,0.016,0.328,81.214,1.954,41.038,Shake
1.024,0.016,0.328,128.115,1.954,41.038,Shake
1.415,0.016,0.328,176.969,1.954,41.038,Shake
1.806,0.016,0.328,225.824,1.954,41.038,Shake
-1.804,0.016,0.328,-225.595,1.954,41.038,Shake
-1.413,0.016,0.328,-176.740,1.954,41.038,Shake
-1.023,0.016,0.328,-127.885,1.954,41.038,Shake
-0.632,0.016,0.328,-79.031,1.954,41.038,Shake
-0.241,0.016,0.328,-30.176,1.954,41.038,Shake
0.149,0.016,0.328,18.687,1.954,41.038,Shake
0.524,0.016,0.328,65.588,1.954,41.038,Shake
0.899,0.016,0.328,112.489,1.954,41.038,Shake
1.290,0.016,0.328,161.344,1.954,41.038,Shake
1.681,0.016,0.328,210.198,1.954,41.038,Shake
-1.929,0.016,0.328,-241.221,1.954,41.038,Shake
-1.538,0.016,0.328,-192.366,1.954,41.038,Shake
-1.147,0.016,0.328,-143.511,1.954,41.038,Shake
-0.757,0.016,0.328,-94.656,1.954,41.038,Shake
-0.366,0.016,0.328,-45.802,1.954,41.038,Shake
0.024,0.016,0.328,3.061,1.954,41.038,Shake
0.399,0.016,0.328,49.962,1.954,41.038,Shake
0.774,0.016,0.328,96.863,1.954,41.038,Shake
1.149,0.016,0.328,143.763,1.954,41.038,Shake
1.540,0.016,0.328,192.618,1.954,41.038,Shake
1.931,0.016,0.328,241.473,1.954,41.038,Shake
-1.679,0.016,0.328,-209.947,1.954,41.038,Shake
-1.288,0.016,0.328,-161.092,1.954,41.038,Shake
-0.897,0.016,0.328,-112.237,1.954,41.038,Shake
-0.507,0.016,0.328,-63.382,1.954,41.038,Shake
-0.116,0.016,0.328,-14.527,1.954,41.038,Shake
0.275,0.016,0.328,34.336,1.954,41.038,Shake
0.650,0.016,0.328,81.237,1.954,41.038,Shake
1.025,0.016,0.328,128.137,1.954,41.038,Shake
1.415,0.016,0.328,176.992,1.954,41.038,Shake
1.806,0.016,0.328,225.847,1.954,41.038,Shake
-1.804,0.016,0.328,-225.573,1.954,41.038,Shake
-1.413,0.016,0.328,-176.718,1.954,41.038,Shake
-1.022,0.016,0.328,-127.863,1.954,41.038,Shake
-0.632,0.016,0.328,-79.008,1.954,41.038,Shake
-0.241,0.016,0.328,-30.153,1.954,41.038,Shake
0.150,0.016,0.328,18.710,1.954,41.038,Shake
0.525,0.016,0.328,65.611,1.954,41.038,Shake
0.900,0.016,0.328,112.511,1.954,41.038,Shake
1.290,0.016,0.328,161.366,1.954,41.038,Shake
1.681,0.016,0.328,210.221,1.954,41.038,Shake
-1.929,0.016,0.328,-241.198,1.954,41.038,Shake
-1.538,0.016,0.328,-192.344,1.954,41.038,Shake
-1.147,0.016,0.328,-143.489,1.954,41.038,Shake
-0.757,0.016,0.328,-94.634,1.954,41.038,Shake
-0.366,0.016,0.328,-45.779,1.954,41.038,Shake
0.025,0.016,0.328,3.084,1.954,41.038,Shake
0.400,0.016,0.328,49.985,1.954,41.038,Shake
0.775,0.016,0.328,96.885,1.954,41.038,Shake
1.150,0.016,0.328,143.786,1.954,41.038,Shake
1.540,0.016,0.328,192.641,1.954,41.038,Shake
1.931,0.016,0.328,241.496,1.954,41.038,Shake
-1.678,0.016,0.328,-209.924,1.954,41.038,Shake
-1.288,0.016,0.328,-161.069,1.954,41.038,Shake
-0.897,0.016,0.328,-112.214,1.954,41.038,Shake
-0.507,0.016,0.328,-63.359,1.954,41.038,Shake
-0.116,0.016,0.328,-14.504,1.954,41.038,Shake
0.275,0.016,0.328,34.359,1.954,41.038,Shake
0.650,0.016,0.328,81.260,1.954,41.038,Shake
1.025,0.016,0.328,128.160,1.954,41.038,Shake
1.415,0.016,0.328,177.015,1.954,41.038,Shake
1.806,0.016,0.328,225.870,1.954,41.038,Shake
-1.803,0.016,0.328,-225.550,1.954,41.038,Shake
-1.413,0.016,0.328,-176.695,1.954,41.038,Shake
-1.022,0.016,0.328,-127.840,1.954,41.038,Shake
-0.632,0.016,0.328,-78.985,1.954,41.038,Shake
-0.241,0.016,0.328,-30.130,1.954,41.038,Shake
0.150,0.016,0.328,18.733,1.954,41.038,Shake
0.525,0.016,0.328,65.634,1.954,41.038,Shake
0.900,0.016,0.328,112.534,1.954,41.038,Shake
1.290,0.016,0.328,161.389,1.954,41.038,Shake
1.681,0.016,0.328,210.244,1.954,41.038,Shake
-1.928,0.016,0.328,-241.176,1.954,41.038,Shake
-1.538,0.016,0.328,-192.321,1.954,41.038,Shake
-1.147,0.016,0.328,-143.466,1.954,41.038,Shake
-0.756,0.016,0.328,-94.611,1.954,41.038,Shake
-0.366,0.016,0.328,-45.756,1.954,41.038,Shake
0.025,0.016,0.328,3.107,1.954,41.038,Shake
0.400,0.016,0.328,50.008,1.954,41.038,Shake
0.775,0.016,0.328,96.908,1.954,41.038,Shake
1.150,0.016,0.328,143.809,1.954,41.038,Shake
1.540,0.016,0.328,192.664,1.954,41.038,Shake
1.931,0.016,0.328,241.519,1.954,41.038,Shake
-1.678,0.016,0.328,-209.901,1.954,41.038,Shake
-1.288,0.016,0.328,-161.046,1.954,41.038,Shake
-0.897,0.016,0.328,-112.191,1.954,41.038,Shake
-0.506,0.016,0.328,-63.336,1.954,41.038,Shake
-0.116,0.016,0.328,-14.481,1.954,41.038,Shake
0.275,0.016,0.328,34.382,1.954,41.038,Shake
0.650,0.016,0.328,81.282,1.954,41.038,Shake
1.025,0.016,0.328,128.183,1.954,41.038,Shake
1.416,0.016,0.328,177.038,1.954,41.038,Shake
1.806,0.016,0.328,225.893,1.954,41.038,Shake
-1.803,0.016,0.328,-225.527,1.954,41.038,Shake
-1.413,0.016,0.328,-176.672,1.954,41.038,Shake
-1.022,0.016,0.328,-127.817,1.954,41.038,Shake
-0.631,0.016,0.328,-78.962,1.954,41.038,Shake
-0.241,0.016,0.328,-30.107,1.954,41.038,Shake
0.150,0.016,0.328,18.756,1.954,41.038,Shake
0.525,0.016,0.328,65.656,1.954,41.038,Shake
0.900,0.016,0.328,112.557,1.954,41.038,Shake
1.291,0.016,0.328,161.412,1.954,41.038,Shake
1.681,0.016,0.328,210.267,1.954,41.038,Shake
-1.928,0.016,0.328,-241.153,1.954,41.038,Shake
-1.538,0.016,0.328,-192.298,1.954,41.038,Shake
-1.147,0.016,0.328,-143.443,1.954,41.038,Shake
-0.756,0.016,0.328,-94.588,1.954,41.038,Shake
-0.366,0.016,0.328,-45.733,1.954,41.038,Shake
0.025,0.016,0.328,3.130,1.954,41.038,Shake
0.400,0.016,0.328,50.031,1.954,41.038,Shake
0.775,0.016,0.328,96.931,1.954,41.038,Shake
1.150,0.016,0.328,143.832,1.954,41.038,Shake
1.541,0.016,0.328,192.687,1.954,41.038,Shake
1.931,0.016,0.328,241.542,1.954,41.038,Shake
-1.678,0.016,0.328,-209.878,1.954,41.038,Shake
-1.287,0.016,0.328,-161.023,1.954,41.038,Shake
-0.897,0.016,0.328,-112.168,1.954,41.038,Shake
-0.506,0.016,0.328,-63.313,1.954,41.038,Shake
-0.116,0.016,0.328,-14.458,1.954,41.038,Shake
0.275,0.016,0.328,34.405,1.954,41.038,Shake
0.650,0.016,0.328,81.305,1.954,41.038,Shake
1.025,0.016,0.328,128.206,1.954,41.038,Shake
1.416,0.016,0.328,177.061,1.954,41.038,Shake
1.806,0.016,0.328,225.916,1.954,41.038,Shake
-1.803,0.016,0.328,-225.504,1.954,41.038,Shake
-1.412,0.016,0.328,-176.649,1.954,41.038,Shake
-1.022,0.016,0.328,-127.794,1.954,41.038,Shake
-0.631,0.016,0.328,-78.939,1.954,41.038,Shake
-0.241,0.016,0.328,-30.084,1.954,41.038,Shake
0.150,0.016,0.328,18.779,1.954,41.038,Shake
0.525,0.016,0.328,65.679,1.954,41.038,Shake
0.900,0.016,0.328,112.580,1.954,41.038,Shake
1.291,0.016,0.328,161.435,1.954,41.038,Shake
1.681,0.016,0.328,210.290,1.954,41.038,Shake
-1.928,0.016,0.328,-241.130,1.954,41.038,Shake
-1.537,0.016,0.328,-192.275,1.954,41.038,Shake
-1.147,0.016,0.328,-143.420,1.954,41.038,Shake
-0.756,0.016,0.328,-94.565,1.954,41.038,Shake
-0.365,0.016,0.328,-45.710,1.954,41.038,Shake
0.025,0.016,0.328,3.153,1.954,41.038,Shake
0.400,0.016,0.328,50.053,1.954,41.038,Shake
0.775,0.016,0.328,96.954,1.954,41.038,Shake
1.150,0.016,0.328,143.855,1.954,41.038,Shake
1.541,0.016,0.328,192.710,1.954,41.038,Shake
1.931,0.016,0.328,241.565,1.954,41.038,Shake
-1.678,0.016,0.328,-209.855,1.954,41.038,Shake
-1.287,0.016,0.328,-161.000,1.954,41.038,Shake
-0.897,0.016,0.328,-112.145,1.954,41.038,Shake
-0.506,0.016,0.328,-63.290,1.954,41.038,Shake
-0.115,0.016,0.328,-14.435,1.954,41.038,Shake
0.275,0.016,0.328,34.427,1.954,41.038,Shake
0.650,0.016,0.328,81.328,1.954,41.038,Shake
1.025,0.016,0.328,128.229,1.954,41.038,Shake
1.416,0.016,0.328,177.084,1.954,41.038,Shake
1.807,0.016,0.328,225.939,1.954,41.038,Shake
-1.803,0.016,0.328,-225.481,1.954,41.038,Shake
-1.412,0.016,0.328,-176.626,1.954,41.038,Shake
-1.022,0.016,0.328,-127.771,1.954,41.038,Shake
-0.631,0.016,0.328,-78.916,1.954,41.038,Shake
-0.240,0.016,0.328,-30.061,1.954,41.038,Shake
0.150,0.016,0.328,18.802,1.954,41.038,Shake
0.525,0.016,0.328,65.702,1.954,41.038,Shake
0.900,0.016,0.328,112.603,1.954,41.038,Shake
1.291,0.016,0.328,161.458,1.954,41.038,Shake
1.682,0.016,0.328,210.313,1.954,41.038,Shake
-1.928,0.016,0.328,-241.107,1.954,41.038,Shake
-1.537,0.016,0.328,-192.252,1.954,41.038,Shake
-1.147,0.016,0.328,-143.397,1.954,41.038,Shake
-0.756,0.016,0.328,-94.542,1.954,41.038,Shake
-0.365,0.016,0.328,-45.687,1.954,41.038,Shake
0.025,0.016,0.328,3.176,1.954,41.038,Shake
0.400,0.016,0.328,50.076,1.954,41.038,Shake
0.775,0.016,0.328,96.977,1.954,41.038,Shake
1.150,0.016,0.328,143.878,1.954,41.038,Shake
1.541,0.016,0.328,192.733,1.954,41.038,Shake
1.932,0.016,0.328,241.588,1.954,41.038,Shake
-1.678,0.016,0.328,-209.832,1.954,41.038,Shake
-1.287,0.016,0.328,-160.977,1.954,41.038,Shake
-0.896,0.016,0.328,-112.122,1.954,41.038,Shake
-0.506,0.016,0.328,-63.267,1.954,41.038,Shake
-0.115,0.016,0.328,-14.412,1.954,41.038,Shake
0.275,0.016,0.328,34.450,1.954,41.038,Shake
0.650,0.016,0.328,81.351,1.954,41.038,Shake
1.025,0.016,0.328,128.252,1.954,41.038,Shake
1.416,0.016,0.328,177.107,1.954,41.038,Shake
1.807,0.016,0.328,225.962,1.954,41.038,Shake
-1.803,0.016,0.328,-225.458,1.954,41.038,Shake
-1.412,0.016,0.328,-176.603,1.954,41.038,Shake
-1.021,0.016,0.328,-127.748,1.954,41.038,Shake
-0.631,0.016,0.328,-78.893,1.954,41.038,Shake
-0.240,0.016,0.328,-30.038,1.954,41.038,Shake
0.151,0.016,0.328,18.824,1.954,41.038,Shake
0.526,0.016,0.328,65.725,1.954,41.038,Shake
0.901,0.016,0.328,112.626,1.954,41.038,Shake
1.291,0.016,0.328,161.481,1.954,41.038,Shake
1.682,0.016,0.328,210.336,1.954,41.038,Shake
-1.928,0.016,0.328,-241.084,1.954,41.038,Shake
-1.537,0.016,0.328,-192.229,1.954,41.038,Shake
-1.146,0.016,0.328,-143.374,1.954,41.038,Shake
-0.756,0.016,0.328,-94.519,1.954,41.038,Shake
-0.365,0.016,0.328,-45.664,1.954,41.038,Shake
0.026,0.016,0.328,3.198,1.954,41.038,Shake
0.401,0.016,0.328,50.099,1.954,41.038,Shake
0.776,0.016,0.328,97.000,1.954,41.038,Shake
1.151,0.016,0.328,143.901,1.954,41.038,Shake
1.541,0.016,0.328,192.756,1.954,41.038,Shake
1.932,0.016,0.328,241.611,1.954,41.038,Shake
-1.678,0.016,0.328,-209.809,1.954,41.038,Shake
-1.287,0.016,0.328,-160.954,1.954,41.038,Shake
-0.896,0.016,0.328,-112.099,1.954,41.038,Shake
-0.506,0.016,0.328,-63.244,1.954,41.038,Shake
-0.115,0.016,0.328,-14.389,1.954,41.038,Shake
0.276,0.016,0.328,34.473,1.954,41.038,Shake
0.651,0.016,0.328,81.374,1.954,41.038,Shake
1.026,0.016,0.328,128.275,1.954,41.038,Shake
1.416,0.016,0.328,177.130,1.954,41.038,Shake
1.807,0.016,0.328,225.985,1.954,41.038,Shake
-1.802,0.016,0.328,-225.435,1.954,41.038,Shake
-1.412,0.016,0.328,-176.580,1.954,41.038,Shake
-1.021,0.016,0.328,-127.725,1.954,41.038,Shake
-0.631,0.016,0.328,-78.870,1.954,41.038,Shake
-0.240,0.016,0.328,-30.015,1.954,41.038,Shake
0.151,0.016,0.328,18.847,1.954,41.038,Shake
0.526,0.016,0.328,65.748,1.954,41.038,Shake
0.901,0.016,0.328,112.649,1.954,41.038,Shake
1.291,0.016,0.328,161.504,1.954,41.038,Shake
1.682,0.016,0.328,210.359,1.954,41.038,Shake
-1.927,0.016,0.328,-241.061,1.954,41.038,Shake
-1.537,0.016,0.328,-192.206,1.954,41.038,Shake
-1.146,0.016,0.328,-143.351,1.954,41.038,Shake
-0.756,0.016,0.328,-94.496,1.954,41.038,Shake
-0.365,0.016,0.328,-45.641,1.954,41.038,Shake
0.026,0.016,0.328,3.221,1.954,41.038,Shake
0.401,0.016,0.328,50.122,1.954,41.038,Shake
0.776,0.016,0.328,97.023,1.954,41.038,Shake
1.151,0.016,0.328,143.924,1.954,41.038,Shake
1.541,0.016,0.328,192.779,1.954,41.038,Shake
1.932,0.016,0.328,241.634,1.954,41.038,Shake
-1.677,0.016,0.328,-209.786,1.954,41.038,Shake
-1.287,0.016,0.328,-160.931,1.954,41.038,Shake
-0.896,0.016,0.328,-112.076,1.954,41.038,Shake
-0.505,0.016,0.328,-63.221,1.954,41.038,Shake
-0.115,0.016,0.328,-14.366,1.954,41.038,Shake
0.276,0.016,0.328,34.496,1.954,41.038,Shake
0.651,0.016,0.328,81.397,1.954,41.038,Shake
1.026,0.016,0.328,128.298,1.954,41.038,Shake
1.416,0.016,0.328,177.153,1.954,41.038,Shake
1.807,0.016,0.328,226.008,1.954,41.038,Shake
-1.802,0.016,0.328,-225.412,1.954,41.038,Shake
-1.412,0.016,0.328,-176.557,1.954,41.038,Shake
-1.021,0.016,0.328,-127.702,1.954,41.038,Shake
-0.630,0.016,0.328,-78.847,1.954,41.038,Shake
-0.240,0.016,0.328,-29.992,1.954,41.038,Shake
0.151,0.016,0.328,18.870,1.954,41.038,Shake
0.526,0.016,0.328,65.771,1.954,41.038,Shake
0.901,0.016,0.328,112.672,1.954,41.038,Shake
1.292,0.016,0.328,161.527,1.954,41.038,Shake
1.682,0.016,0.328,210.382,1.954,41.038,Shake
-1.927,0.016,0.328,-241.038,1.954,41.038,Shake
-1.537,0.016,0.328,-192.183,1.954,41.038,Shake
-1.146,0.016,0.328,-143.328,1.954,41.038,Shake
-0.755,0.016,0.328,-94.473,1.954,41.038,Shake
-0.365,0.016,0.328,-45.618,1.954,41.038,Shake
0.026,0.016,0.328,3.244,1.954,41.038,Shake
0.401,0.016,0.328,50.145,1.954,41.038,Shake
0.776,0.016,0.328,97.046,1.954,41.038,Shake
1.151,0.016,0.328,143.947,1.954,41.038,Shake
1.542,0.016,0.328,192.802,1.954,41.038,Shake
1.932,0.016,0.328,241.656,1.954,41.038,Shake
-1.677,0.016,0.328,-209.763,1.954,41.038,Shake
-1.287,0.016,0.328,-160.908,1.954,41.038,Shake
-0.896,0.016,0.328,-112.053,1.954,41.038,Shake
-0.505,0.016,0.328,-63.198,1.954,41.038,Shake
-0.115,0.016,0.328,-14.344,1.954,41.038,Shake
0.276,0.016,0.328,34.519,1.954,41.038,Shake
0.651,0.016,0.328,81.420,1.954,41.038,Shake
1.026,0.016,0.328,128.321,1.954,41.038,Shake
1.417,0.016,0.328,177.176,1.954,41.038,Shake
1.807,0.016,0.328,226.031,1.954,41.038,Shake
-1.802,0.016,0.328,-225.389,1.954,41.038,Shake
-1.411,0.016,0.328,-176.534,1.954,41.038,Shake
-1.021,0.016,0.328,-127.679,1.954,41.038,Shake
-0.630,0.016,0.328,-78.824,1.954,41.038,Shake
-0.240,0.016,0.328,-29.969,1.954,41.038,Shake
0.151,0.016,0.328,18.893,1.954,41.038,Shake
0.526,0.016,0.328,65.794,1.954,41.038,Shake
0.901,0.016,0.328,112.695,1.954,41.038,Shake
1.292,0.016,0.328,161.550,1.954,41.038,Shake
1.682,0.016,0.328,210.405,1.954,41.038,Shake
-1.927,0.016,0.328,-241.015,1.954,41.038,Shake
-1.536,0.016,0.328,-192.160,1.954,41.038,Shake
-1.146,0.016,0.328,-143.305,1.954,41.038,Shake
-0.755,0.016,0.328,-94.450,1.954,41.038,Shake
-0.365,0.016,0.328,-45.595,1.954,41.038,Shake
0.026,0.016,0.328,3.267,1.954,41.038,Shake
0.401,0.016,0.328,50.168,1.954,41.038,Shake
0.776,0.016,0.328,97.069,1.954,41.038,Shake
1.151,0.016,0.328,143.969,1.954,41.038,Shake
1.542,0.016,0.328,192.824,1.954,41.038,Shake
1.932,0.016,0.328,241.679,1.954,41.038,Shake
-1.677,0.016,0.328,-209.740,1.954,41.038,Shake
-1.286,0.016,0.328,-160.885,1.954,41.038,Shake
-0.896,0.016,0.328,-112.031,1.954,41.038,Shake
-0.505,0.016,0.328,-63.176,1.954,41.038,Shake
-0.115,0.016,0.328,-14.321,1.954,41.038,Shake
0.276,0.016,0.328,34.542,1.954,41.038,Shake
0.651,0.016,0.328,81.443,1.954,41.038,Shake
1.026,0.016,0.328,128.344,1.954,41.038,Shake
1.417,0.016,0.328,177.198,1.954,41.038,Shake
1.807,0.016,0.328,226.053,1.954,41.038,Shake
-1.802,0.016,0.328,-225.366,1.954,41.038,Shake
-1.411,0.016,0.328,-176.511,1.954,41.038,Shake
-1.021,0.016,0.328,-127.656,1.954,41.038,Shake
-0.630,0.016,0.328,-78.802,1.954,41.038,Shake
-0.239,0.016,0.328,-29.947,1.954,41.038,Shake
0.151,0.016,0.328,18.916,1.954,41.038,Shake
0.526,0.016,0.328,65.817,1.954,41.038,Shake
0.901,0.016,0.328,112.718,1.954,41.038,Shake
1.292,0.016,0.328,161.573,1.954,41.038,Shake
1.682,0.016,0.328,210.427,1.954,41.038,Shake
-1.927,0.016,0.328,-240.992,1.954,41.038,Shake
-1.536,0.016,0.328,-192.137,1.954,41.038,Shake
-1.146,0.016,0.328,-143.282,1.954,41.038,Shake
-0.755,0.016,0.328,-94.427,1.954,41.038,Shake
-0.364,0.016,0.328,-45.573,1.954,41.038,Shake
0.026,0.016,0.328,3.290,1.954,41.038,Shake
0.401,0.016,0.328,50.191,1.954,41.038,Shake
0.776,0.016,0.328,97.092,1.954,41.038,Shake
1.151,0.016,0.328,143.992,1.954,41.038,Shake
1.542,0.016,0.328,192.847,1.954,41.038,Shake
1.933,0.016,0.328,241.702,1.954,41.038,Shake
-1.677,0.016,0.328,-209.718,1.954,41.038,Shake
-1.286,0.016,0.328,-160.863,1.954,41.038,Shake
-0.896,0.016,0.328,-112.008,1.954,41.038,Shake
-0.505,0.016,0.328,-63.153,1.954,41.038,Shake
-0.114,0.016,0.328,-14.298,1.954,41.038,Shake
0.276,0.016,0.328,34.565,1.954,41.038,Shake
0.651,0.016,0.328,81.466,1.954,41.038,Shake
1.026,0.016,0.328,128.366,1.954,41.038,Shake
1.417,0.016,0.328,177.221,1.954,41.038,Shake
1.808,0.016,0.328,226.076,1.954,41.038,Shake
-1.802,0.016,0.328,-225.344,1.954,41.038,Shake
-1.411,0.016,0.328,-176.489,1.954,41.038,Shake
-1.021,0.016,0.328,-127.634,1.954,41.038,Shake
-0.630,0.016,0.328,-78.779,1.954,41.038,Shake
-0.239,0.016,0.328,-29.924,1.954,41.038,Shake
0.151,0.016,0.328,18.939,1.954,41.038,Shake
0.526,0.016,0.328,65.840,1.954,41.038,Shake
0.901,0.016,0.328,112.740,1.954,41.038,Shake
1.292,0.016,0.328,161.595,1.954,41.038,Shake
1.683,0.016,0.328,210.450,1.954,41.038,Shake
-1.927,0.016,0.328,-240.969,1.954,41.038,Shake
-1.536,0.016,0.328,-192.115,1.954,41.038,Shake
-1.145,0.016,0.328,-143.260,1.954,41.038,Shake
-0.755,0.016,0.328,-94.405,1.954,41.038,Shake
-0.364,0.016,0.328,-45.550,1.954,41.038,Shake
0.026,0.016,0.328,3.313,1.954,41.038,Shake
0.401,0.016,0.328,50.214,1.954,41.038,Shake
0.776,0.016,0.328,97.115,1.954,41.038,Shake
1.151,0.016,0.328,144.015,1.954,41.038,Shake
1.542,0.016,0.328,192.870,1.954,41.038,Shake
1.933,0.016,0.328,241.725,1.954,41.038,Shake
-1.677,0.016,0.328,-209.695,1.954,41.038,Shake
-1.286,0.016,0.328,-160.840,1.954,41.038,Shake
-0.895,0.016,0.328,-111.985,1.954,41.038,Shake
-0.505,0.016,0.328,-63.130,1.954,41.038,Shake
-0.114,0.016,0.328,-14.275,1.954,41.038,Shake
0.277,0.016,0.328,34.588,1.954,41.038,Shake
0.652,0.016,0.328,81.489,1.954,41.038,Shake
1.027,0.016,0.328,128.389,1.954,41.038,Shake
1.417,0.016,0.328,177.244,1.954,41.038,Shake
1.808,0.016,0.328,226.099,1.954,41.038,Shake
-1.802,0.016,0.328,-225.321,1.954,41.038,Shake
-1.411,0.016,0.328,-176.466,1.954,41.038,Shake
-1.020,0.016,0.328,-127.611,1.954,41.038,Shake
-0.630,0.016,0.328,-78.756,1.954,41.038,Shake
-0.239,0.016,0.328,-29.901,1.954,41.038,Shake
0.152,0.016,0.328,18.962,1.954,41.038,Shake
0.527,0.016,0.328,65.863,1.954,41.038,Shake
0.902,0.016,0.328,112.763,1.954,41.038,Shake
1.292,0.016,0.328,161.618,1.954,41.038,Shake
1.683,0.016,0.328,210.473,1.954,41.038,Shake
-1.927,0.016,0.328,-240.947,1.954,41.038,Shake
-1.536,0.016,0.328,-192.092,1.954,41.038,Shake
-1.145,0.016,0.328,-143.237,1.954,41.038,Shake
-0.755,0.016,0.328,-94.382,1.954,41.038,Shake
-0.364,0.016,0.328,-45.527,1.954,41.038,Shake
0.027,0.016,0.328,3.336,1.954,41.038,Shake
0.402,0.016,0.328,50.237,1.954,41.038,Shake
0.777,0.016,0.328,97.137,1.954,41.038,Shake
1.152,0.016,0.328,144.038,1.954,41.038,Shake
1.542,0.016,0.328,192.893,1.954,41.038,Shake
1.933,0.016,0.328,241.748,1.954,41.038,Shake
-1.676,0.016,0.328,-209.672,1.954,41.038,Shake
-1.286,0.016,0.328,-160.817,1.954,41.038,Shake
-0.895,0.016,0.328,-111.962,1.954,41.038,Shake
-0.505,0.016,0.328,-63.107,1.954,41.038,Shake
-0.114,0.016,0.328,-14.252,1.954,41.038,Shake
0.277,0.016,0.328,34.611,1.954,41.038,Shake
0.652,0.016,0.328,81.511,1.954,41.038,Shake
1.027,0.016,0.328,128.412,1.954,41.038,Shake
1.417,0.016,0.328,177.267,1.954,41.038,Shake
1.808,0.016,0.328,226.122,1.954,41.038,Shake
-1.801,0.016,0.328,-225.298,1.954,41.038,Shake
-1.411,0.016,0.328,-176.443,1.954,41.038,Shake
-1.020,0.016,0.328,-127.588,1.954,41.038,Shake
-0.630,0.016,0.328,-78.733,1.954,41.038,Shake
-0.239,0.016,0.328,-29.878,1.954,41.038,Shake
0.152,0.016,0.328,18.985,1.954,41.038,Shake
0.527,0.016,0.328,65.885,1.954,41.038,Shake
0.902,0.016,0.328,112.786,1.954,41.038,Shake
1.292,0.016,0.328,161.641,1.954,41.038,Shake
1.683,0.016,0.328,210.496,1.954,41.038,Shake
-1.926,0.016,0.328,-240.924,1.954,41.038,Shake
-1.536,0.016,0.328,-192.069,1.954,41.038,Shake
-1.145,0.016,0.328,-143.214,1.954,41.038,Shake
-0.754,0.016,0.328,-94.359,1.954,41.038,Shake
-0.364,0.016,0.328,-45.504,1.954,41.038,Shake
0.027,0.016,0.328,3.359,1.954,41.038,Shake
0.402,0.016,0.328,50.260,1.954,41.038,Shake
0.777,0.016,0.328,97.160,1.954,41.038,Shake
1.152,0.016,0.328,144.061,1.954,41.038,Shake
1.542,0.016,0.328,192.916,1.954,41.038,Shake
1.933,0.016,0.328,241.771,1.954,41.038,Shake
-1.676,0.016,0.328,-209.649,1.954,41.038,Shake
-1.286,0.016,0.328,-160.794,1.954,41.038,Shake
-0.895,0.016,0.328,-111.939,1.954,41.038,Shake
-0.504,0.016,0.328,-63.084,1.954,41.038,Shake
-0.114,0.016,0.328,-14.229,1.954,41.038,Shake
0.277,0.016,0.328,34.634,1.954,41.038,Shake
0.652,0.016,0.328,81.534,1.954,41.038,Shake
1.027,0.016,0.328,128.435,1.954,41.038,Shake
1.418,0.016,0.328,177.290,1.954,41.038,Shake
1.808,0.016,0.328,226.145,1.954,41.038,Shake
-1.801,0.016,0.328,-225.275,1.954,41.038,Shake
-1.411,0.016,0.328,-176.420,1.954,41.038,Shake
-1.020,0.016,0.328,-127.565,1.954,41.038,Shake
-0.629,0.016,0.328,-78.710,1.954,41.038,Shake
-0.239,0.016,0.328,-29.855,1.954,41.038,Shake
0.152,0.016,0.328,19.008,1.954,41.038,Shake
0.527,0.016,0.328,65.908,1.954,41.038,Shake
0.902,0.016,0.328,112.809,1.954,41.038,Shake
1.293,0.016,0.328,161.664,1.954,41.038,Shake
1.683,0.016,0.328,210.519,1.954,41.038,Shake
-1.926,0.016,0.328,-240.901,1.954,41.038,Shake
-1.536,0.016,0.328,-192.046,1.954,41.038,Shake
-1.145,0.016,0.328,-143.191,1.954,41.038,Shake
-0.754,0.016,0.328,-94.336,1.954,41.038,Shake
-0.364,0.016,0.328,-45.481,1.954,41.038,Shake
0.027,0.016,0.328,3.382,1.954,41.038,Shake
0.402,0.016,0.328,50.282,1.954,41.038,Shake
0.777,0.016,0.328,97.183,1.954,41.038,Shake
1.152,0.016,0.328,144.084,1.954,41.038,Shake
1.543,0.016,0.328,192.939,1.954,41.038,Shake
1.933,0.016,0.328,241.794,1.954,41.038,Shake
-1.676,0.016,0.328,-209.626,1.954,41.038,Shake
-1.285,0.016,0.328,-160.771,1.954,41.038,Shake
-0.895,0.016,0.328,-111.916,1.954,41.038,Shake
-0.504,0.016,0.328,-63.061,1.954,41.038,Shake
-0.114,0.016,0.328,-14.206,1.954,41.038,Shake
0.277,0.016,0.328,34.656,1.954,41.038,Shake
0.652,0.016,0.328,81.557,1.954,41.038,Shake
1.027,0.016,0.328,128.458,1.954,41.038,Shake
1.418,0.016,0.328,177.313,1.954,41.038,Shake
1.808,0.016,0.328,226.168,1.954,41.038,Shake
-1.801,0.016,0.328,-225.252,1.954,41.038,Shake
-1.410,0.016,0.328,-176.397,1.954,41.038,Shake
-1.020,0.016,0.328,-127.542,1.954,41.038,Shake
-0.629,0.016,0.328,-78.687,1.954,41.038,Shake
-0.239,0.016,0.328,-29.832,1.954,41.038,Shake
0.152,0.016,0.328,19.031,1.954,41.038,Shake
0.527,0.016,0.328,65.931,1.954,41.038,Shake
0.902,0.016,0.328,112.832,1.954,41.038,Shake
1.293,0.016,0.328,161.687,1.954,41.038,Shake
1.683,0.016,0.328,210.542,1.954,41.038,Shake
-1.926,0.016,0.328,-240.878,1.954,41.038,Shake
-1.535,0.016,0.328,-192.023,1.954,41.038,Shake
-1.145,0.016,0.328,-143.168,1.954,41.038,Shake
-0.754,0.016,0.328,-94.313,1.954,41.038,Shake
-0.363,0.016,0.328,-45.458,1.954,41.038,Shake
0.027,0.016,0.328,3.405,1.954,41.038,Shake
0.402,0.016,0.328,50.305,1.954,41.038,Shake
0.777,0.016,0.328,97.206,1.954,41.038,Shake
1.152,0.016,0.328,144.107,1.954,41.038,Shake
1.543,0.016,0.328,192.962,1.954,41.038,Shake
1.933,0.016,0.328,241.817,1.954,41.038,Shake
-1.676,0.016,0.328,-209.603,1.954,41.038,Shake
-1.285,0.016,0.328,-160.748,1.954,41.038,Shake
-0.895,0.016,0.328,-111.893,1.954,41.038,Shake
-0.504,0.016,0.328,-63.038,1.954,41.038,Shake
-0.113,0.016,0.328,-14.183,1.954,41.038,Shake
0.277,0.016,0.328,34.679,1.954,41.038,Shake
0.652,0.016,0.328,81.580,1.954,41.038,Shake
1.027,0.016,0.328,128.481,1.954,41.038,Shake
1.418,0.016,0.328,177.336,1.954,41.038,Shake
1.809,0.016,0.328,226.191,1.954,41.038,Shake
-1.801,0.016,0.328,-225.229,1.954,41.038,Shake
-1.410,0.016,0.328,-176.374,1.954,41.038,Shake
-1.020,0.016,0.328,-127.519,1.954,41.038,Shake
-0.629,0.016,0.328,-78.664,1.954,41.038,Shake
-0.238,0.016,0.328,-29.809,1.954,41.038,Shake
0.152,0.016,0.328,19.053,1.954,41.038,Shake
0.527,0.016,0.328,65.954,1.954,41.038,Shake
0.902,0.016,0.328,112.855,1.954,41.038,Shake
1.293,0.016,0.328,161.710,1.954,41.038,Shake
1.684,0.016,0.328,210.565,1.954,41.038,Shake
-1.926,0.016,0.328,-240.855,1.954,41.038,Shake
-1.535,0.016,0.328,-192.000,1.954,41.038,Shake
-1.145,0.016,0.328,-143.145,1.954,41.038,Shake
-0.754,0.016,0.328,-94.290,1.954,41.038,Shake
-0.363,0.016,0.328,-45.435,1.954,41.038,Shake
0.027,0.016,0.328,3.427,1.954,41.038,Shake
0.402,0.016,0.328,50.328,1.954,41.038,Shake
0.777,0.016,0.328,97.229,1.954,41.038,Shake
1.152,0.016,0.328,144.130,1.954,41.038,Shake
1.543,0.016,0.328,192.985,1.954,41.038,Shake
1.934,0.016,0.328,241.840,1.954,41.038,Shake
-1.676,0.016,0.328,-209.580,1.954,41.038,Shake
-1.285,0.016,0.328,-160.725,1.954,41.038,Shake
-0.894,0.016,0.328,-111.870,1.954,41.038,Shake
-0.504,0.016,0.328,-63.015,1.954,41.038,Shake
-0.113,0.016,0.328,-14.160,1.954,41.038,Shake
0.277,0.016,0.328,34.702,1.954,41.038,Shake
0.652,0.016,0.328,81.603,1.954,41.038,Shake
1.027,0.016,0.328,128.504,1.954,41.038,Shake
1.418,0.016,0.328,177.359,1.954,41.038,Shake
1.809,0.016,0.328,226.214,1.954,41.038,Shake
-1.801,0.016,0.328,-225.206,1.954,41.038,Shake
-1.410,0.016,0.328,-176.351,1.954,41.038,Shake
-1.019,0.016,0.328,-127.496,1.954,41.038,Shake
-0.629,0.016,0.328,-78.641,1.954,41.038,Shake
-0.238,0.016,0.328,-29.786,1.954,41.038,Shake
0.153,0.016,0.328,19.076,1.954,41.038,Shake
0.528,0.016,0.328,65.977,1.954,41.038,Shake
0.903,0.016,0.328,112.878,1.954,41.038,Shake
1.293,0.016,0.328,161.733,1.954,41.038,Shake
1.684,0.016,0.328,210.588,1.954,41.038,Shake
-1.926,0.016,0.328,-240.832,1.954,41.038,Shake
-1.535,0.016,0.328,-191.977,1.954,41.038,Shake
-1.144,0.016,0.328,-143.122,1.954,41.038,Shake
-0.754,0.016,0.328,-94.267,1.954,41.038,Shake
-0.363,0.016,0.328,-45.412,1.954,41.038,Shake
0.028,0.016,0.328,3.450,1.954,41.038,Shake
0.403,0.016,0.328,50.351,1.954,41.038,Shake
0.778,0.016,0.328,97.252,1.954,41.038,Shake
1.153,0.016,0.328,144.153,1.954,41.038,Shake
1.543,0.016,0.328,193.008,1.954,41.038,Shake
1.934,0.016,0.328,241.863,1.954,41.038,Shake
-1.676,0.016,0.328,-209.557,1.954,41.038,Shake
-1.285,0.016,0.328,-160.702,1.954,41.038,Shake
-0.894,0.016,0.328,-111.847,1.954,41.038,Shake
-0.504,0.016,0.328,-62.992,1.954,41.038,Shake
-0.113,0.016,0.328,-14.137,1.954,41.038,Shake
0.278,0.016,0.328,34.725,1.954,41.038,Shake
0.653,0.016,0.328,81.626,1.954,41.038,Shake
1.028,0.016,0.328,128.527,1.954,41.038,Shake
1.418,0.016,0.328,177.382,1.954,41.038,Shake
1.809,0.016,0.328,226.237,1.954,41.038,Shake
-1.800,0.016,0.328,-225.183,1.954,41.038,Shake
-1.410,0.016,0.328,-176.328,1.954,41.038,Shake
-1.019,0.016,0.328,-127.473,1.954,41.038,Shake
-0.629,0.016,0.328,-78.618,1.954,41.038,Shake
-0.238,0.016,0.328,-29.763,1.954,41.038,Shake
0.153,0.016,0.328,19.099,1.954,41.038,Shake
0.528,0.016,0.328,66.000,1.954,41.038,Shake
0.903,0.016,0.328,112.901,1.954,41.038,Shake
1.293,0.016,0.328,161.756,1.954,41.038,Shake
1.684,0.016,0.328,210.611,1.954,41.038,Shake
-1.925,0.016,0.328,-240.809,1.954,41.038,Shake
-1.535,0.016,0.328,-191.954,1.954,41.038,Shake
-1.144,0.016,0.328,-143.099,1.954,41.038,Shake
-0.754,0.016,0.328,-94.244,1.954,41.038,Shake
-0.363,0.016,0.328,-45.389,1.954,41.038,Shake
0.028,0.016,0.328,3.473,1.954,41.038,Shake
0.403,0.016,0.328,50.374,1.954,41.038,Shake
0.778,0.016,0.328,97.275,1.954,41.038,Shake
1.153,0.016,0.328,144.176,1.954,41.038,Shake
1.543,0.016,0.328,193.031,1.954,41.038,Shake
1.934,0.016,0.328,241.885,1.954,41.038,Shake
-1.675,0.016,0.328,-209.534,1.954,41.038,Shake
-1.285,0.016,0.328,-160.679,1.954,41.038,Shake
-0.894,0.016,0.328,-111.824,1.954,41.038,Shake
-0.503,0.016,0.328,-62.969,1.954,41.038,Shake
-0.113,0.016,0.328,-14.115,1.954,41.038,Shake
0.278,0.016,0.328,34.748,1.954,41.038,Shake
0.653,0.016,0.328,81.649,1.954,41.038,Shake
1.028,0.016,0.328,128.550,1.954,41.038,Shake
1.418,0.016,0.328,177.405,1.954,41.038,Shake
1.809,0.016,0.328,226.260,1.954,41.038,Shake
-1.800,0.016,0.328,-225.160,1.954,41.038,Shake
-1.410,0.016,0.328,-176.305,1.954,41.038,Shake
-1.019,0.016,0.328,-127.450,1.954,41.038,Shake
-0.628,0.016,0.328,-78.595,1.954,41.038,Shake
-0.238,0.016,0.328,-29.740,1.954,41.038,Shake
0.153,0.016,0.328,19.122,1.954,41.038,Shake
0.528,0.016,0.328,66.023,1.954,41.038,Shake
0.903,0.016,0.328,112.924,1.954,41.038,Shake
1.294,0.016,0.328,161.779,1.954,41.038,Shake
1.684,0.016,0.328,210.634,1.954,41.038,Shake
-1.925,0.016,0.328,-240.786,1.954,41.038,Shake
-1.535,0.016,0.328,-191.931,1.954,41.038,Shake
-1.144,0.016,0.328,-143.076,1.954,41.038,Shake
-0.753,0.016,0.328,-94.221,1.954,41.038,Shake
-0.363,0.016,0.328,-45.366,1.954,41.038,Shake
0.028,0.016,0.328,3.496,1.954,41.038,Shake
0.403,0.016,0.328,50.397,1.954,41.038,Shake
0.778,0.016,0.328,97.298,1.954,41.038,Shake
1.153,0.016,0.328,144.198,1.954,41.038,Shake
1.544,0.016,0.328,193.053,1.954,41.038,Shake
1.934,0.016,0.328,241.908,1.954,41.038,Shake
-1.675,0.016,0.328,-209.511,1.954,41.038,Shake
-1.285,0.016,0.328,-160.656,1.954,41.038,Shake
-0.894,0.016,0.328,-111.802,1.954,41.038,Shake
-0.503,0.016,0.328,-62.947,1.954,41.038,Shake
-0.113,0.016,0.328,-14.092,1.954,41.038,Shake
0.278,0.016,0.328,34.771,1.954,41.038,Shake
0.653,0.016,0.328,81.672,1.954,41.038,Shake
1.028,0.016,0.328,128.573,1.954,41.038,Shake
1.419,0.016,0.328,177.427,1.954,41.038,Shake
1.809,0.016,0.328,226.282,1.954,41.038,Shake
-1.800,0.016,0.328,-225.137,1.954,41.038,Shake
-1.409,0.016,0.328,-176.282,1.954,41.038,Shake
-1.019,0.016,0.328,-127.427,1.954,41.038,Shake
-0.628,0.016,0.328,-78.573,1.954,41.038,Shake
-0.238,0.016,0.328,-29.718,1.954,41.038,Shake
0.153,0.016,0.328,19.145,1.954,41.038,Shake
0.528,0.016,0.328,66.046,1.954,41.038,Shake
0.903,0.016,0.328,112.947,1.954,41.038,Shake
1.294,0.016,0.328,161.802,1.954,41.038,Shake
1.684,0.016,0.328,210.656,1.954,41.038,Shake
-1.925,0.016,0.328,-240.763,1.954,41.038,Shake
-1.534,0.016,0.328,-191.908,1.954,41.038,Shake
-1.144,0.016,0.328,-143.053,1.954,41.038,Shake
-0.753,0.016,0.328,-94.198,1.954,41.038,Shake
-0.363,0.016,0.328,-45.344,1.954,41.038,Shake
0.028,0.016,0.328,3.519,1.954,41.038,Shake
0.403,0.016,0.328,50.420,1.954,41.038,Shake
0.778,0.016,0.328,97.321,1.954,41.038,Shake
1.153,0.016,0.328,144.221,1.954,41.038,Shake
1.544,0.016,0.328,193.076,1.954,41.038,Shake
1.934,0.016,0.328,241.931,1.954,41.038,Shake
-1.675,0.016,0.328,-209.489,1.954,41.038,Shake
-1.284,0.016,0.328,-160.634,1.954,41.038,Shake
-0.894,0.016,0.328,-111.779,1.954,41.038,Shake
-0.503,0.016,0.328,-62.924,1.954,41.038,Shake
-0.112,0.016,0.328,-14.069,1.954,41.038,Shake
0.278,0.016,0.328,34.794,1.954,41.038,Shake
0.653,0.016,0.328,81.695,1.954,41.038,Shake
1.028,0.016,0.328,128.595,1.954,41.038,Shake
1.419,0.016,0.328,177.450,1.954,41.038,Shake
1.809,0.016,0.328,226.305,1.954,41.038,Shake
-1.800,0.016,0.328,-225.115,1.954,41.038,Shake
-1.409,0.016,0.328,-176.260,1.954,41.038,Shake
-1.019,0.016,0.328,-127.405,1.954,41.038,Shake
-0.628,0.016,0.328,-78.550,1.954,41.038,Shake
-0.237,0.016,0.328,-29.695,1.954,41.038,Shake
0.153,0.016,0.328,19.168,1.954,41.038,Shake
0.528,0.016,0.328,66.069,1.954,41.038,Shake
0.903,0.016,0.328,112.969,1.954,41.038,Shake
1.294,0.016,0.328,161.824,1.954,41.038,Shake
1.685,0.016,0.328,210.679,1.954,41.038,Shake
-1.925,0.016,0.328,-240.740,1.954,41.038,Shake
-1.534,0.016,0.328,-191.885,1.954,41.038,Shake
-1.144,0.016,0.328,-143.031,1.954,41.038,Shake
-0.753,0.016,0.328,-94.176,1.954,41.038,Shake
-0.362,0.016,0.328,-45.321,1.954,41.038,Shake
0.028,0.016,0.328,3.542,1.954,41.038,Shake
0.403,0.016,0.328,50.443,1.954,41.038,Shake
0.778,0.016,0.328,97.344,1.954,41.038,Shake
1.153,0.016,0.328,144.244,1.954,41.038,Shake
1.544,0.016,0.328,193.099,1.954,41.038,Shake
1.935,0.016,0.328,241.954,1.954,41.038,Shake
-1.675,0.016,0.328,-209.466,1.954,41.038,Shake
-1.284,0.016,0.328,-160.611,1.954,41.038,Shake
-0.894,0.016,0.328,-111.756,1.954,41.038,Shake
-0.503,0.016,0.328,-62.901,1.954,41.038,Shake
-0.112,0.016,0.328,-14.046,1.954,41.038,Shake
0.278,0.016,0.328,34.817,1.954,41.038,Shake
0.653,0.016,0.328,81.718,1.954,41.038,Shake
1.028,0.016,0.328,128.618,1.954,41.038,Shake
1.419,0.016,0.328,177.473,1.954,41.038,Shake
1.810,0.016,0.328,226.328,1.954,41.038,Shake
-1.800,0.016,0.328,-225.092,1.954,41.038,Shake
-1.409,0.016,0.328,-176.237,1.954,41.038,Shake
-1.018,0.016,0.328,-127.382,1.954,41.038,Shake
-0.628,0.016,0.328,-78.527,1.954,41.038,Shake
-0.237,0.016,0.328,-29.672,1.954,41.038,Shake
0.153,0.016,0.328,19.191,1.954,41.038,Shake
0.528,0.016,0.328,66.092,1.954,41.038,Shake
0.903,0.016,0.328,112.992,1.954,41.038,Shake
1.294,0.016,0.328,161.847,1.954,41.038,Shake
1.685,0.016,0.328,210.702,1.954,41.038,Shake
-1.925,0.016,0.328,-240.718,1.954,41.038,Shake
-1.534,0.016,0.328,-191.863,1.954,41.038,Shake
-1.143,0.016,0.328,-143.008,1.954,41.038,Shake
-0.753,0.016,0.328,-94.153,1.954,41.038,Shake
-0.362,0.016,0.328,-45.298,1.954,41.038,Shake
0.029,0.016,0.328,3.565,1.954,41.038,Shake
0.404,0.016,0.328,50.466,1.954,41.038,Shake
0.779,0.016,0.328,97.366,1.954,41.038,Shake
1.154,0.016,0.328,144.267,1.954,41.038,Shake
1.544,0.016,0.328,193.122,1.954,41.038,Shake
1.935,0.016,0.328,241.977,1.954,41.038,Shake
-1.675,0.016,0.328,-209.443,1.954,41.038,Shake
-1.284,0.016,0.328,-160.588,1.954,41.038,Shake
-0.893,0.016,0.328,-111.733,1.954,41.038,Shake
-0.503,0.016,0.328,-62.878,1.954,41.038,Shake
-0.112,0.016,0.328,-14.023,1.954,41.038,Shake
0.279,0.016,0.328,34.840,1.954,41.038,Shake
0.654,0.016,0.328,81.740,1.954,41.038,Shake
1.029,0.016,0.328,128.641,1.954,41.038,Shake
1.419,0.016,0.328,177.496,1.954,41.038,Shake
1.810,0.016,0.328,226.351,1.954,41.038,Shake
-1.800,0.016,0.328,-225.069,1.954,41.038,Shake
-1.409,0.016,0.328,-176.214,1.954,41.038,Shake
-1.018,0.016,0.328,-127.359,1.954,41.038,Shake
-0.628,0.016,0.328,-78.504,1.954,41.038,Shake
-0.237,0.016,0.328,-29.649,1.954,41.038,Shake
0.154,0.016,0.328,19.214,1.954,41.038,Shake
0.529,0.016,0.328,66.115,1.954,41.038,Shake
0.904,0.016,0.328,113.015,1.954,41.038,Shake
1.294,0.016,0.328,161.870,1.954,41.038,Shake
1.685,0.016,0.328,210.725,1.954,41.038,Shake
-1.924,0.016,0.328,-240.695,1.954,41.038,Shake
-1.534,0.016,0.328,-191.840,1.954,41.038,Shake
-1.143,0.016,0.328,-142.985,1.954,41.038,Shake
-0.753,0.016,0.328,-94.130,1.954,41.038,Shake
-0.362,0.016,0.328,-45.275,1.954,41.038,Shake
0.029,0.016,0.328,3.588,1.954,41.038,Shake
0.404,0.016,0.328,50.489,1.954,41.038,Shake
0.779,0.016,0.328,97.389,1.954,41.038,Shake
1.154,0.016,0.328,144.290,1.954,41.038,Shake
1.544,0.016,0.328,193.145,1.954,41.038,Shake
1.935,0.016,0.328,242.000,1.954,41.038,Shake
-1.674,0.016,0.328,-209.420,1.954,41.038,Shake
-1.284,0.016,0.328,-160.565,1.954,41.038,Shake
-0.893,0.016,0.328,-111.710,1.954,41.038,Shake
-0.503,0.016,0.328,-62.855,1.954,41.038,Shake
-0.112,0.016,0.328,-14.000,1.954,41.038,Shake
0.279,0.016,0.328,34.863,1.954,41.038,Shake
0.654,0.016,0.328,81.763,1.954,41.038,Shake
1.029,0.016,0.328,128.664,1.954,41.038,Shake
1.419,0.016,0.328,177.519,1.954,41.038,Shake
1.810,0.016,0.328,226.374,1.954,41.038,Shake
-1.799,0.016,0.328,-225.046,1.954,41.038,Shake
-1.409,0.016,0.328,-176.191,1.954,41.038,Shake
-1.018,0.016,0.328,-127.336,1.954,41.038,Shake
-0.628,0.016,0.328,-78.481,1.954,41.038,Shake
-0.237,0.016,0.328,-29.626,1.954,41.038,Shake
0.154,0.016,0.328,19.237,1.954,41.038,Shake
0.529,0.016,0.328,66.137,1.954,41.038,Shake
0.904,0.016,0.328,113.038,1.954,41.038,Shake
1.294,0.016,0.328,161.893,1.954,41.038,Shake
1.685,0.016,0.328,210.748,1.954,41.038,Shake
-1.924,0.016,0.328,-240.672,1.954,41.038,Shake
-1.534,0.016,0.328,-191.817,1.954,41.038,Shake
-1.143,0.016,0.328,-142.962,1.954,41.038,Shake
-0.752,0.016,0.328,-94.107,1.954,41.038,Shake
-0.362,0.016,0.328,-45.252,1.954,41.038,Shake
0.029,0.016,0.328,3.611,1.954,41.038,Shake
0.404,0.016,0.328,50.511,1.954,41.038,Shake
0.779,0.016,0.328,97.412,1.954,41.038,Shake
1.154,0.016,0.328,144.313,1.954,41.038,Shake
1.544,0.016,0.328,193.168,1.954,41.038,Shake
1.935,0.016,0.328,242.023,1.954,41.038,Shake
-1.674,0.016,0.328,-209.397,1.954,41.038,Shake
-1.284,0.016,0.328,-160.542,1.954,41.038,Shake
-0.893,0.016,0.328,-111.687,1.954,41.038,Shake
-0.502,0.016,0.328,-62.832,1.954,41.038,Shake
-0.112,0.016,0.328,-13.977,1.954,41.038,Shake
0.279,0.016,0.328,34.885,1.954,41.038,Shake
0.654,0.016,0.328,81.786,1.954,41.038,Shake
1.029,0.016,0.328,128.687,1.954,41.038,Shake
1.420,0.016,0.328,177.542,1.954,41.038,Shake
1.810,0.016,0.328,226.397,1.954,41.038,Shake
-1.799,0.016,0.328,-225.023,1.954,41.038,Shake
-1.409,0.016,0.328,-176.168,1.954,41.038,Shake
-1.018,0.016,0.328,-127.313,1.954,41.038,Shake
-0.627,0.016,0.328,-78.458,1.954,41.038,Shake
-0.237,0.016,0.328,-29.603,1.954,41.038,Shake
0.154,0.016,0.328,19.260,1.954,41.038,Shake
0.529,0.016,0.328,66.160,1.954,41.038,Shake
0.904,0.016,0.328,113.061,1.954,41.038,Shake
1.295,0.016,0.328,161.916,1.954,41.038,Shake
1.685,0.016,0.328,210.771,1.954,41.038,Shake
-1.924,0.016,0.328,-240.649,1.954,41.038,Shake
-1.534,0.016,0.328,-191.794,1.954,41.038,Shake
-1.143,0.016,0.328,-142.939,1.954,41.038,Shake
-0.752,0.016,0.328,-94.084,1.954,41.038,Shake
-0.362,0.016,0.328,-45.229,1.954,41.038,Shake
0.029,0.016,0.328,3.634,1.954,41.038,Shake
0.404,0.016,0.328,50.534,1.954,41.038,Shake
0.779,0.016,0.328,97.435,1.954,41.038,Shake
1.154,0.016,0.328,144.336,1.954,41.038,Shake
1.545,0.016,0.328,193.191,1.954,41.038,Shake
1.935,0.016,0.328,242.046,1.954,41.038,Shake
-1.674,0.016,0.328,-209.374,1.954,41.038,Shake
-1.283,0.016,0.328,-160.519,1.954,41.038,Shake
-0.893,0.016,0.328,-111.664,1.954,41.038,Shake
-0.502,0.016,0.328,-62.809,1.954,41.038,Shake
-0.112,0.016,0.328,-13.954,1.954,41.038,Shake
0.279,0.016,0.328,34.908,1.954,41.038,Shake
0.654,0.016,0.328,81.809,1.954,41.038,Shake
1.029,0.016,0.328,128.710,1.954,41.038,Shake
1.420,0.016,0.328,177.565,1.954,41.038,Shake
1.810,0.016,0.328,226.420,1.954,41.038,Shake
-1.799,0.016,0.328,-225.000,1.954,41.038,Shake
-1.408,0.016,0.328,-176.145,1.954,41.038,Shake
-1.018,0.016,0.328,-127.290,1.954,41.038,Shake
-0.627,0.016,0.328,-78.435,1.954,41.038,Shake
-0.237,0.016,0.328,-29.580,1.954,41.038,Shake
0.154,0.016,0.328,19.282,1.954,41.038,Shake
0.529,0.016,0.328,66.183,1.954,41.038,Shake
0.904,0.016,0.328,113.084,1.954,41.038,Shake
1.295,0.016,0.328,161.939,1.954,41.038,Shake
1.685,0.016,0.328,210.794,1.954,41.038,Shake
-1.924,0.016,0.328,-240.626,1.954,41.038,Shake
-1.533,0.016,0.328,-191.771,1.954,41.038,Shake
-1.143,0.016,0.328,-142.916,1.954,41.038,Shake
-0.752,0.016,0.328,-94.061,1.954,41.038,Shake
-0.361,0.016,0.328,-45.206,1.954,41.038,Shake
0.029,0.016,0.328,3.656,1.954,41.038,Shake
0.404,0.016,0.328,50.557,1.954,41.038,Shake
0.779,0.016,0.328,97.458,1.954,41.038,Shake
1.154,0.016,0.328,144.359,1.954,41.038,Shake
1.545,0.016,0.328,193.214,1.954,41.038,Shake
1.935,0.016,0.328,242.069,1.954,41.038,Shake
-1.674,0.016,0.328,-209.351,1.954,41.038,Shake
-1.283,0.016,0.328,-160.496,1.954,41.038,Shake
-0.893,0.016,0.328,-111.641,1.954,41.038,Shake
-0.502,0.016,0.328,-62.786,1.954,41.038,Shake
-0.111,0.016,0.328,-13.931,1.954,41.038,Shake
0.279,0.016,0.328,34.931,1.954,41.038,Shake
0.654,0.016,0.328,81.832,1.954,41.038,Shake
1.029,0.016,0.328,128.733,1.954,41.038,Shake
1.420,0.016,0.328,177.588,1.954,41.038,Shake
1.811,0.016,0.328,226.443,1.954,41.038,Shake
-1.799,0.016,0.328,-224.977,1.954,41.038,Shake
-1.408,0.016,0.328,-176.122,1.954,41.038,Shake
-1.018,0.016,0.328,-127.267,1.954,41.038,Shake
-0.627,0.016,0.328,-78.412,1.954,41.038,Shake
-0.236,0.016,0.328,-29.557,1.954,41.038,Shake
0.154,0.016,0.328,19.305,1.954,41.038,Shake
0.529,0.016,0.328,66.206,1.954,41.038,Shake
0.904,0.016,0.328,113.107,1.954,41.038,Shake
1.295,0.016,0.328,161.962,1.954,41.038,Shake
1.686,0.016,0.328,210.817,1.954,41.038,Shake
-1.924,0.016,0.328,-240.603,1.954,41.038,Shake
-1.533,0.016,0.328,-191.748,1.954,41.038,Shake
-1.143,0.016,0.328,-142.893,1.954,41.038,Shake
-0.752,0.016,0.328,-94.038,1.954,41.038,Shake
-0.361,0.016,0.328,-45.183,1.954,41.038,Shake
0.029,0.016,0.328,3.679,1.954,41.038,Shake
0.404,0.016,0.328,50.580,1.954,41.038,Shake
0.779,0.016,0.328,97.481,1.954,41.038,Shake
1.154,0.016,0.328,144.382,1.954,41.038,Shake
1.545,0.016,0.328,193.237,1.954,41.038,Shake
1.936,0.016,0.328,242.092,1.954,41.038,Shake
-1.674,0.016,0.328,-209.328,1.954,41.038,Shake
-1.283,0.016,0.328,-160.473,1.954,41.038,Shake
-0.892,0.016,0.328,-111.618,1.954,41.038,Shake
-0.502,0.016,0.328,-62.763,1.954,41.038,Shake
-0.111,0.016,0.328,-13.908,1.954,41.038,Shake
0.279,0.016,0.328,34.954,1.954,41.038,Shake
0.654,0.016,0.328,81.855,1.954,41.038,Shake
1.029,0.016,0.328,128.756,1.954,41.038,Shake
1.420,0.016,0.328,177.611,1.954,41.038,Shake
1.811,0.016,0.328,226.466,1.954,41.038,Shake
-1.799,0.016,0.328,-224.954,1.954,41.038,Shake
-1.408,0.016,0.328,-176.099,1.954,41.038,Shake
-1.017,0.016,0.328,-127.244,1.954,41.038,Shake
-0.627,0.016,0.328,-78.389,1.954,41.038,Shake
-0.236,0.016,0.328,-29.534,1.954,41.038,Shake
0.155,0.016,0.328,19.328,1.954,41.038,Shake
0.530,0.016,0.328,66.229,1.954,41.038,Shake
0.905,0.016,0.328,113.130,1.954,41.038,Shake
1.295,0.016,0.328,161.985,1.954,41.038,Shake
1.686,0.016,0.328,210.840,1.954,41.038,Shake
-1.924,0.016,0.328,-240.580,1.954,41.038,Shake
-1.533,0.016,0.328,-191.725,1.954,41.038,Shake
-1.142,0.016,0.328,-142.870,1.954,41.038,Shake
-0.752,0.016,0.328,-94.015,1.954,41.038,Shake
-0.361,0.016,0.328,-45.160,1.954,41.038,Shake
0.030,0.016,0.328,3.702,1.954,41.038,Shake
0.405,0.016,0.328,50.603,1.954,41.038,Shake
0.780,0.016,0.328,97.504,1.954,41.038,Shake
1.155,0.016,0.328,144.405,1.954,41.038,Shake
1.545,0.016,0.328,193.260,1.954,41.038,Shake
1.936,0.016,0.328,242.115,1.954,41.038,Shake
-1.674,0.016,0.328,-209.305,1.954,41.038,Shake
-1.283,0.016,0.328,-160.450,1.954,41.038,Shake
-0.892,0.016,0.328,-111.595,1.954,41.038,Shake
-0.502,0.016,0.328,-62.740,1.954,41.038,Shake
-0.111,0.016,0.328,-13.885,1.954,41.038,Shake
0.280,0.016,0.328,34.977,1.954,41.038,Shake
0.655,0.016,0.328,81.878,1.954,41.038,Shake
1.030,0.016,0.328,128.779,1.954,41.038,Shake
1.420,0.016,0.328,177.634,1.954,41.038,Shake
1.811,0.016,0.328,226.489,1.954,41.038,Shake
-1.798,0.016,0.328,-224.931,1.954,41.038,Shake
-1.408,0.016,0.328,-176.076,1.954,41.038,Shake
-1.017,0.016,0.328,-127.221,1.954,41.038,Shake
-0.627,0.016,0.328,-78.366,1.954,41.038,Shake
-0.236,0.016,0.328,-29.511,1.954,41.038,Shake
0.155,0.016,0.328,19.351,1.954,41.038,Shake
0.530,0.016,0.328,66.252,1.954,41.038,Shake
0.905,0.016,0.328,113.153,1.954,41.038,Shake
1.295,0.016,0.328,162.008,1.954,41.038,Shake
1.686,0.016,0.328,210.863,1.954,41.038,Shake
-1.923,0.016,0.328,-240.557,1.954,41.038,Shake
-1.533,0.016,0.328,-191.702,1.954,41.038,Shake
-1.142,0.016,0.328,-142.847,1.954,41.038,Shake
-0.752,0.016,0.328,-93.992,1.954,41.038,Shake
-0.361,0.016,0.328,-45.137,1.954,41.038,Shake
0.030,0.016,0.328,3.725,1.954,41.038,Shake
0.405,0.016,0.328,50.626,1.954,41.038,Shake
0.780,0.016,0.328,97.527,1.954,41.038,Shake
1.155,0.016,0.328,144.427,1.954,41.038,Shake
1.545,0.016,0.328,193.282,1.954,41.038,Shake
1.936,0.016,0.328,242.137,1.954,41.038,Shake
-1.673,0.016,0.328,-209.282,1.954,41.038,Shake
-1.283,0.016,0.328,-160.427,1.954,41.038,Shake
-0.892,0.016,0.328,-111.573,1.954,41.038,Shake
-0.501,0.016,0.328,-62.718,1.954,41.038,Shake
-0.111,0.016,0.328,-13.863,1.954,41.038,Shake
0.280,0.016,0.328,35.000,1.954,41.038,Shake
0.655,0.016,0.328,81.901,1.954,41.038,Shake
1.030,0.016,0.328,128.802,1.954,41.038,Shake
1.420,0.016,0.328,177.656,1.954,41.038,Shake
1.811,0.016,0.328,226.511,1.954,41.038,Shake
-1.798,0.016,0.328,-224.908,1.954,41.038,Shake
-1.408,0.016,0.328,-176.053,1.954,41.038,Shake
-1.017,0.016,0.328,-127.198,1.954,41.038,Shake
-0.626,0.016,0.328,-78.344,1.954,41.038,Shake
-0.236,0.016,0.328,-29.489,1.954,41.038,Shake
0.155,0.016,0.328,19.374,1.954,41.038,Shake
0.530,0.016,0.328,66.275,1.954,41.038,Shake
0.905,0.016,0.328,113.176,1.954,41.038,Shake
1.296,0.016,0.328,162.031,1.954,41.038,Shake
1.686,0.016,0.328,210.885,1.954,41.038,Shake
-1.923,0.016,0.328,-240.534,1.954,41.038,Shake
-1.533,0.016,0.328,-191.679,1.954,41.038,Shake
-1.142,0.016,0.328,-142.824,1.954,41.038,Shake
-0.751,0.016,0.328,-93.969,1.954,41.038,Shake
-0.361,0.016,0.328,-45.115,1.954,41.038,Shake
0.030,0.016,0.328,3.748,1.954,41.038,Shake
0.405,0.016,0.328,50.649,1.954,41.038,Shake
0.780,0.016,0.328,97.550,1.954,41.038,Shake
1.155,0.016,0.328,144.450,1.954,41.038,Shake
1.546,0.016,0.328,193.305,1.954,41.038,Shake
1.936,0.016,0.328,242.160,1.954,41.038,Shake
-1.673,0.016,0.328,-209.260,1.954,41.038,Shake
-1.283,0.016,0.328,-160.405,1.954,41.038,Shake
-0.892,0.016,0.328,-111.550,1.954,41.038,Shake
-0.501,0.016,0.328,-62.695,1.954,41.038,Shake
-0.111,0.016,0.328,-13.840,1.954,41.038,Shake
0.280,0.016,0.328,35.023,1.954,41.038,Shake
0.655,0.016,0.328,81.924,1.954,41.038,Shake
1.030,0.016,0.328,128.824,1.954,41.038,Shake
1.421,0.016,0.328,177.679,1.954,41.038,Shake
1.811,0.016,0.328,226.534,1.954,41.038,Shake
-1.798,0.016,0.328,-224.885,1.954,41.038,Shake
-1.407,0.016,0.328,-176.031,1.954,41.038,Shake
-1.017,0.016,0.328,-127.176,1.954,41.038,Shake
-0.626,0.016,0.328,-78.321,1.954,41.038,Shake
-0.236,0.016,0.328,-29.466,1.954,41.038,Shake
0.155,0.016,0.328,19.397,1.954,41.038,Shake
0.530,0.016,0.328,66.298,1.954,41.038,Shake
0.905,0.016,0.328,113.198,1.954,41.038,Shake
1.296,0.016,0.328,162.053,1.954,41.038,Shake
1.686,0.016,0.328,210.908,1.954,41.038,Shake
-1.923,0.016,0.328,-240.511,1.954,41.038,Shake
-1.532,0.016,0.328,-191.656,1.954,41.038,Shake
-1.142,0.016,0.328,-142.802,1.954,41.038,Shake
-0.751,0.016,0.328,-93.947,1.954,41.038,Shake
-0.361,0.016,0.328,-45.092,1.954,41.038,Shake
